date,post_time,race_id,race_no,racecourse,race_name,race_class,distance,track_type,track_condition,field_size,horse_number,horse_name,jockey,popularity,odds_5m,odds_1m,odds_drop_pct,drift_5_1,inc_share_5_1,pool_1m_oku,p,implied_prob,edge_ratio,ev,ev_rank,finish_position,hit,won,final_odds,payout_win,stake_flat,return_flat,pnl_flat,bankroll_flat,stake_kelly,return_kelly,pnl_kelly,bankroll_kelly
2024-01-06,09:50,202408010101,01,京都,3歳未勝利,未勝利,1800,ダート,良,16,11,カレンワッツアップ,古川吉洋,13.0,82.2,70.6,-14.11,-0.1521,0.01298,5.37,0.01738,0.01133,1.534,1.2269,1.0,11,不的中,0,70.6,0.0,1000.0,0.0,-1000.0,299000.0,100.0,0.0,-100.0,299900.0
2024-01-06,12:55,202406010106,06,中山,4歳以上1勝クラス,1勝クラス,2400,ダート,良,16,2,トゥザヒロイン,杉原誠人,9.0,62.2,56.5,-9.16,-0.0961,0.01558,5.68,0.02323,0.01416,1.64,1.3123,1.0,3,不的中,0,56.5,0.0,1000.0,0.0,-1000.0,298000.0,200.0,0.0,-200.0,299700.0
2024-01-06,13:25,202406010107,07,中山,3歳1勝クラス,1勝クラス,1200,芝,良,13,1,オンザヴィーナス,ピーヒュ,6.0,34.8,21.3,-38.79,-0.4909,0.04658,6.76,0.08023,0.03756,2.136,1.7088,1.0,6,不的中,0,21.3,0.0,1000.0,0.0,-1000.0,297000.0,1100.0,0.0,-1100.0,298600.0
2024-01-06,14:00,202406010108,08,中山,4歳以上1勝クラス,1勝クラス,1800,ダート,良,16,1,ミツカネヴィーナス,津村明秀,7.0,17.4,13.9,-20.11,-0.2246,0.06483,5.77,0.09729,0.05755,1.69,1.3524,1.0,9,不的中,0,13.7,0.0,1000.0,0.0,-1000.0,296000.0,900.0,0.0,-900.0,297700.0
2024-01-06,14:25,202408010109,09,京都,門松ステークス(3勝),3勝クラス,1400,ダート,良,12,2,メイショウヒューマ,藤岡康太,9.0,39.1,32.4,-17.14,-0.188,0.03117,9.19,0.04484,0.02469,1.816,1.4528,1.0,5,不的中,0,32.4,0.0,1000.0,0.0,-1000.0,295000.0,500.0,0.0,-500.0,297200.0
2024-01-06,15:35,202408010111,11,京都,第62回スポニチ賞京都金杯(GIII),G3,1600,芝,良,18,12,ビューティフルデイ,西村淳也,14.0,103.7,84.3,-18.71,-0.2071,0.01469,32.29,0.02488,0.00949,2.622,2.0973,1.0,15,不的中,0,81.9,0.0,1000.0,0.0,-1000.0,294000.0,400.0,0.0,-400.0,295200.0
2024-01-06,15:35,202408010111,11,京都,第62回スポニチ賞京都金杯(GIII),G3,1600,芝,良,18,9,セルバーグ,松山弘平,11.0,31.9,20.7,-35.11,-0.4325,0.07888,32.29,0.09693,0.03865,2.508,2.0064,2.0,13,不的中,0,20.6,0.0,1000.0,0.0,-1000.0,293000.0,1600.0,0.0,-1600.0,295200.0
2024-01-06,16:10,202408010112,12,京都,4歳以上1勝クラス,1勝クラス,1800,芝,良,17,10,トリオンファルマン,角田大和,12.0,77.2,56.2,-27.2,-0.3175,0.01903,13.09,0.02599,0.01423,1.825,1.4604,1.0,6,不的中,0,53.8,0.0,1000.0,0.0,-1000.0,292000.0,300.0,0.0,-300.0,294400.0
2024-01-06,16:10,202408010112,12,京都,4歳以上1勝クラス,1勝クラス,1800,芝,良,17,3,ジーニアスバローズ,菱田裕二,6.0,37.4,20.9,-44.12,-0.5819,0.05979,13.09,0.0618,0.03828,1.615,1.2917,2.0,10,不的中,0,19.0,0.0,1000.0,0.0,-1000.0,291000.0,500.0,0.0,-500.0,294400.0
2024-01-06,16:25,202406010112,12,中山,4歳以上2勝クラス,2勝クラス,1800,ダート,良,16,1,セラフィナイト,荻野極,5.0,18.0,15.1,-16.11,-0.1757,0.0614,15.38,0.08973,0.05298,1.694,1.355,1.0,11,不的中,0,15.1,0.0,1000.0,0.0,-1000.0,290000.0,800.0,0.0,-800.0,293600.0
2024-01-07,10:20,202408010202,02,京都,3歳新馬,新馬,1800,ダート,良,15,14,アマンディーヌ,吉田隼人,10.0,52.1,45.0,-13.63,-0.1465,0.01938,4.94,0.0285,0.01778,1.603,1.2826,1.0,8,不的中,0,42.4,0.0,1000.0,0.0,-1000.0,289000.0,200.0,0.0,-200.0,293400.0
2024-01-07,10:50,202408010203,03,京都,3歳未勝利,未勝利,1400,ダート,良,16,14,ダイキリ,田口貫太,10.0,90.4,85.2,-5.75,-0.0592,0.00939,6.71,0.01433,0.00939,1.526,1.2206,1.0,15,不的中,0,85.2,0.0,1000.0,0.0,-1000.0,288000.0,100.0,0.0,-100.0,293300.0
2024-01-07,11:05,202406010203,03,中山,3歳未勝利,未勝利,1800,ダート,良,16,16,グレック,内田博幸,11.0,158.2,96.8,-38.81,-0.4912,0.01055,5.37,0.01765,0.00826,2.136,1.7085,1.0,12,不的中,0,96.8,0.0,1000.0,0.0,-1000.0,287000.0,300.0,0.0,-300.0,293000.0
2024-01-07,11:20,202408010204,04,京都,4歳以上1勝クラス,1勝クラス,1200,ダート,良,16,5,アインシュペンナー,鮫島克駿,6.0,20.3,14.6,-28.08,-0.3296,0.06807,6.33,0.10525,0.05479,1.921,1.5367,1.0,11,不的中,0,15.4,0.0,1000.0,0.0,-1000.0,286000.0,1200.0,0.0,-1200.0,291800.0
2024-01-07,12:10,202408010205,05,京都,3歳未勝利,未勝利,1600,芝,良,18,14,グランエシェゾー,Ｍ．デム,8.0,50.2,35.2,-29.88,-0.355,0.03068,8.11,0.03417,0.02273,1.504,1.2029,1.0,3,不的中,0,35.2,0.0,1000.0,0.0,-1000.0,285000.0,200.0,0.0,-200.0,291600.0
2024-01-07,13:25,202406010207,07,中山,3歳1勝クラス,1勝クラス,1800,ダート,良,13,4,サンダーアラート,内田博幸,6.0,20.3,19.2,-5.42,-0.0557,0.04253,7.77,0.08287,0.04167,1.989,1.5911,1.0,9,不的中,0,19.2,0.0,1000.0,0.0,-1000.0,284000.0,1000.0,0.0,-1000.0,290300.0
2024-01-07,13:25,202406010207,07,中山,3歳1勝クラス,1勝クラス,1800,ダート,良,13,8,ブレードサクセス,丹内祐次,12.0,79.6,56.8,-28.64,-0.3375,0.01665,7.77,0.02525,0.01408,1.793,1.4341,2.0,7,不的中,0,56.8,0.0,1000.0,0.0,-1000.0,283000.0,300.0,0.0,-300.0,290300.0
2024-01-07,13:50,202408010208,08,京都,4歳以上2勝クラス,2勝クラス,1400,ダート,良,16,7,カッティングジェム,菱田裕二,11.0,99.6,45.8,-54.02,-0.7769,0.03006,8.36,0.03866,0.01747,2.213,1.7705,1.0,3,不的中,0,45.8,0.0,1000.0,0.0,-1000.0,282000.0,500.0,0.0,-500.0,289300.0
2024-01-07,13:50,202408010208,08,京都,4歳以上2勝クラス,2勝クラス,1400,ダート,良,16,4,アドバンスドリーム,松若風馬,10.0,135.8,44.3,-67.38,-1.1202,0.03431,8.36,0.03866,0.01806,2.141,1.7125,2.0,7,不的中,0,44.3,0.0,1000.0,0.0,-1000.0,281000.0,500.0,0.0,-500.0,289300.0
2024-01-07,14:01,202406010208,08,中山,4歳以上1勝クラス,1勝クラス,1800,ダート,良,16,16,キープブライトン,田辺裕信,7.0,29.2,21.0,-28.08,-0.3296,0.04496,7.58,0.08435,0.0381,2.214,1.7712,1.0,6,不的中,0,21.0,0.0,1000.0,0.0,-1000.0,280000.0,1200.0,0.0,-1200.0,287800.0
2024-01-07,14:01,202406010208,08,中山,4歳以上1勝クラス,1勝クラス,1800,ダート,良,16,9,トゥルース,斎藤新,13.0,73.8,57.6,-21.95,-0.2478,0.01583,7.58,0.02525,0.01389,1.818,1.4543,2.0,9,不的中,0,57.6,0.0,1000.0,0.0,-1000.0,279000.0,300.0,0.0,-300.0,287800.0
2024-01-07,14:35,202406010209,09,中山,初日の出賞(2勝),2勝クラス,2000,芝,良,17,16,マイネルニコラス,柴田大知,6.0,18.2,14.3,-21.43,-0.2412,0.06686,8.55,0.09729,0.05594,1.739,1.3913,1.0,9,不的中,0,14.3,0.0,1000.0,0.0,-1000.0,278000.0,900.0,0.0,-900.0,286900.0
2024-01-07,15:01,202408010210,10,京都,新春ステークス(3勝),3勝クラス,1400,芝,良,13,3,ショウリュウレーヴ,団野大成,6.0,14.8,11.0,-25.68,-0.2967,0.10865,9.04,0.12937,0.07273,1.779,1.4231,1.0,12,不的中,0,10.4,0.0,1000.0,0.0,-1000.0,277000.0,1300.0,0.0,-1300.0,285600.0
2024-01-07,15:10,202406010210,10,中山,ポルックスステークス(OP),オープン,1800,ダート,良,16,10,ペイシャエス,菅原明良,5.0,16.1,12.9,-19.88,-0.2216,0.07349,10.82,0.09729,0.06202,1.569,1.2551,1.0,6,不的中,0,12.7,0.0,1000.0,0.0,-1000.0,276000.0,700.0,0.0,-700.0,284900.0
2024-01-07,15:35,202408010211,11,京都,すばるステークス(L),リステッド,1400,ダート,良,15,5,クインズメリッサ,藤懸貴志,11.0,118.8,93.1,-21.63,-0.2438,0.01243,17.53,0.0191,0.00859,2.223,1.7783,1.0,6,不的中,0,93.1,0.0,1000.0,0.0,-1000.0,275000.0,300.0,0.0,-300.0,284400.0
2024-01-07,15:35,202408010211,11,京都,すばるステークス(L),リステッド,1400,ダート,良,15,8,メイショウテンスイ,松若風馬,13.0,152.2,123.1,-19.12,-0.2122,0.00904,17.53,0.01399,0.0065,2.153,1.7222,2.0,15,不的中,0,123.1,0.0,1000.0,0.0,-1000.0,274000.0,200.0,0.0,-200.0,284400.0
2024-01-07,16:10,202408010212,12,京都,4歳以上2勝クラス,2勝クラス,1200,芝,良,12,6,ベンガン,戸崎圭太,8.0,23.4,18.0,-23.08,-0.2624,0.05838,13.72,0.07923,0.04444,1.783,1.4261,1.0,4,不的中,0,13.2,0.0,1000.0,0.0,-1000.0,273000.0,800.0,0.0,-800.0,282700.0
2024-01-07,16:10,202408010212,12,京都,4歳以上2勝クラス,2勝クラス,1200,芝,良,12,1,バレリーナ,モリス,7.0,14.6,12.2,-16.44,-0.1796,0.07996,13.72,0.10331,0.06557,1.575,1.2604,2.0,11,不的中,0,12.5,0.0,1000.0,0.0,-1000.0,272000.0,700.0,0.0,-700.0,282700.0
2024-01-07,16:10,202408010212,12,京都,4歳以上2勝クラス,2勝クラス,1200,芝,良,12,11,キタノエクスプレス,国分優作,10.0,70.7,64.7,-8.49,-0.0887,0.01368,13.72,0.01912,0.01236,1.547,1.2372,3.0,2,不的中,0,55.3,0.0,1000.0,0.0,-1000.0,271000.0,200.0,0.0,-200.0,282700.0
2024-01-07,16:25,202406010212,12,中山,4歳以上2勝クラス,2勝クラス,1200,ダート,良,16,12,ナイトアクアリウム,石橋脩,4.0,18.7,11.6,-37.97,-0.4775,0.09426,16.28,0.11971,0.06897,1.736,1.3887,1.0,12,不的中,0,11.6,0.0,1000.0,0.0,-1000.0,270000.0,1100.0,0.0,-1100.0,281300.0
2024-01-07,16:25,202406010212,12,中山,4歳以上2勝クラス,2勝クラス,1200,ダート,良,16,6,ドンレパルス,菅原明良,11.0,46.1,32.3,-29.93,-0.3557,0.03174,16.28,0.03958,0.02477,1.598,1.2785,2.0,4,不的中,0,32.3,0.0,1000.0,0.0,-1000.0,269000.0,300.0,0.0,-300.0,281300.0
2024-01-08,10:20,202408010302,02,京都,3歳未勝利,未勝利,1800,ダート,良,16,9,ポルラノーチェ,モリス,6.0,18.8,15.0,-20.21,-0.2258,0.06135,4.87,0.09923,0.05333,1.861,1.4885,1.0,16,不的中,0,12.5,0.0,1000.0,0.0,-1000.0,268000.0,1000.0,0.0,-1000.0,280300.0
2024-01-08,10:50,202408010303,03,京都,3歳新馬,新馬,1200,ダート,良,16,9,パワーマックィーン,酒井学,12.0,76.0,72.0,-5.26,-0.0541,0.01151,5.09,0.01693,0.01111,1.524,1.219,1.0,6,不的中,0,74.5,0.0,1000.0,0.0,-1000.0,267000.0,100.0,0.0,-100.0,279600.0
2024-01-08,10:50,202408010303,03,京都,3歳新馬,新馬,1200,ダート,良,16,14,ハリウッドブルース,水口優也,5.0,14.9,11.5,-22.82,-0.259,0.08304,5.09,0.10525,0.06957,1.513,1.2104,2.0,8,不的中,0,9.3,0.0,1000.0,0.0,-1000.0,266000.0,600.0,0.0,-600.0,279600.0
2024-01-08,12:25,202406010305,05,中山,3歳新馬,新馬,1600,芝,良,16,13,テイクノーティス,嶋田純次,11.0,77.2,64.7,-16.19,-0.1766,0.01415,6.42,0.02729,0.01236,2.207,1.7658,1.0,7,不的中,0,56.4,0.0,1000.0,0.0,-1000.0,265000.0,400.0,0.0,-400.0,279200.0
2024-01-08,12:40,202408010306,06,京都,3歳未勝利,未勝利,2200,芝,良,18,5,アルヒジュル,ルメート,7.0,36.8,28.7,-22.01,-0.2486,0.03393,7.08,0.048,0.02787,1.722,1.3775,1.0,13,不的中,0,26.5,0.0,1000.0,0.0,-1000.0,264000.0,400.0,0.0,-400.0,278800.0
2024-01-08,13:15,202408010307,07,京都,4歳以上1勝クラス,1勝クラス,1800,ダート,良,15,3,タガノエヴリン,角田大河,13.0,184.6,114.8,-37.81,-0.475,0.01003,6.76,0.02719,0.00697,3.902,3.1219,1.0,15,不的中,0,114.8,0.0,1000.0,0.0,-1000.0,263000.0,600.0,0.0,-600.0,277600.0
2024-01-08,13:15,202408010307,07,京都,4歳以上1勝クラス,1勝クラス,1800,ダート,良,15,7,ポジティブガール,西塚洸二,14.0,174.8,135.2,-22.65,-0.2569,0.00741,6.76,0.01605,0.00592,2.712,2.17,2.0,6,不的中,0,135.2,0.0,1000.0,0.0,-1000.0,262000.0,300.0,0.0,-300.0,277600.0
2024-01-08,13:15,202408010307,07,京都,4歳以上1勝クラス,1勝クラス,1800,ダート,良,15,1,ナウズザタイム,北村友一,10.0,116.7,62.6,-46.36,-0.6228,0.01972,6.76,0.02525,0.01278,1.976,1.5805,3.0,11,不的中,0,62.6,0.0,1000.0,0.0,-1000.0,261000.0,300.0,0.0,-300.0,277600.0
2024-01-08,13:50,202408010308,08,京都,4歳以上1勝クラス,1勝クラス,1400,ダート,良,16,12,コマンダンテ,角田大河,14.0,254.6,132.6,-47.92,-0.6524,0.01022,8.26,0.01625,0.00603,2.693,2.1542,1.0,9,不的中,0,119.3,0.0,1000.0,0.0,-1000.0,260000.0,300.0,0.0,-300.0,276500.0
2024-01-08,13:50,202408010308,08,京都,4歳以上1勝クラス,1勝クラス,1400,ダート,良,16,4,ウェザーコック,菱田裕二,11.0,107.2,55.5,-48.23,-0.6583,0.0245,8.26,0.03417,0.01441,2.371,1.8965,2.0,8,不的中,0,50.5,0.0,1000.0,0.0,-1000.0,259000.0,500.0,0.0,-500.0,276500.0
2024-01-08,13:50,202408010308,08,京都,4歳以上1勝クラス,1勝クラス,1400,ダート,良,16,14,トーホウキザン,永島まな,13.0,87.1,66.1,-24.11,-0.2759,0.01613,8.26,0.02553,0.0121,2.11,1.6877,3.0,5,不的中,0,66.8,0.0,1000.0,0.0,-1000.0,258000.0,300.0,0.0,-300.0,276500.0
2024-01-08,14:25,202408010309,09,京都,蹴上特別(2勝),2勝クラス,1800,ダート,良,15,14,メイショウシナノ,小沢大仁,13.0,140.6,104.4,-25.75,-0.2977,0.01116,8.86,0.01765,0.00766,2.303,1.8427,1.0,12,不的中,0,98.6,0.0,1000.0,0.0,-1000.0,257000.0,300.0,0.0,-300.0,275400.0
2024-01-08,14:25,202408010309,09,京都,蹴上特別(2勝),2勝クラス,1800,ダート,良,15,1,マリアナトレンチ,松山弘平,4.0,13.4,11.1,-17.16,-0.1883,0.09324,8.86,0.11319,0.07207,1.57,1.2564,2.0,5,不的中,0,9.8,0.0,1000.0,0.0,-1000.0,256000.0,800.0,0.0,-800.0,275400.0
2024-01-08,14:35,202406010309,09,中山,成田特別(2勝),2勝クラス,2400,ダート,良,16,14,クリーンドリーム,松岡正海,11.0,67.6,59.2,-12.43,-0.1327,0.01452,8.36,0.02599,0.01351,1.923,1.5383,1.0,6,不的中,0,59.2,0.0,1000.0,0.0,-1000.0,255000.0,300.0,0.0,-300.0,275100.0
2024-01-08,15:01,202408010310,10,京都,寿ステークス(3勝),3勝クラス,2000,芝,良,12,6,ポッドボレット,西村淳也,10.0,53.0,34.9,-34.15,-0.4178,0.03592,12.05,0.06143,0.02292,2.68,2.144,1.0,4,不的中,0,34.9,0.0,1000.0,0.0,-1000.0,254000.0,1000.0,0.0,-1000.0,305450.0
2024-01-08,15:01,202408010310,10,京都,寿ステークス(3勝),3勝クラス,2000,芝,良,12,4,デビットバローズ,岩田望来,8.0,36.8,21.9,-40.49,-0.519,0.06131,12.05,0.09729,0.03653,2.663,2.1307,2.0,1,的中,1,21.9,2190.0,1000.0,21900.0,20900.0,274900.0,1500.0,32850.0,31350.0,305450.0
2024-01-08,15:35,202408010311,11,京都,第58回日刊スポシンザン記念(GIII),G3,1600,芝,良,18,18,メイショウサチダケ,和田竜二,13.0,78.6,70.1,-10.81,-0.1144,0.01408,44.68,0.01765,0.01141,1.547,1.2373,1.0,16,不的中,0,70.1,0.0,1000.0,0.0,-1000.0,273900.0,200.0,0.0,-200.0,305250.0
2024-01-13,09:50,202410010101,01,小倉,3歳未勝利,未勝利,1700,ダート,良,14,10,アーベントイアー,丹内祐次,11.0,135.3,120.9,-10.64,-0.1125,0.00732,3.52,0.01073,0.00662,1.622,1.2973,1.0,10,不的中,0,128.4,0.0,1000.0,0.0,-1000.0,272900.0,100.0,0.0,-100.0,305150.0
2024-01-13,10:01,202408010401,01,京都,3歳未勝利,未勝利,1200,ダート,良,16,3,ドナミント,和田竜二,7.0,22.6,20.3,-10.18,-0.1073,0.04255,3.36,0.0919,0.03941,2.332,1.8657,1.0,4,不的中,0,18.0,0.0,1000.0,0.0,-1000.0,271900.0,1400.0,0.0,-1400.0,303750.0
2024-01-13,10:20,202410010102,02,小倉,3歳未勝利,未勝利,2000,芝,良,12,7,サンウリエル,古川吉洋,5.0,22.8,14.7,-35.53,-0.4389,0.06912,3.97,0.09729,0.05442,1.788,1.4302,1.0,3,不的中,0,14.1,0.0,1000.0,0.0,-1000.0,270900.0,1000.0,0.0,-1000.0,302750.0
2024-01-13,10:40,202406010402,02,中山,3歳未勝利,未勝利,1800,ダート,良,16,3,タンゴノアール,内田博幸,8.0,95.6,61.0,-36.19,-0.4493,0.01614,4.35,0.02285,0.01311,1.742,1.3936,1.0,4,不的中,0,59.0,0.0,1000.0,0.0,-1000.0,269900.0,200.0,0.0,-200.0,302550.0
2024-01-13,12:45,202410010106,06,小倉,4歳以上1勝クラス,1勝クラス,2600,芝,良,16,16,ペリプルス,松岡正海,12.0,126.3,97.0,-23.2,-0.2639,0.01021,3.85,0.02393,0.00825,2.901,2.3211,1.0,13,不的中,0,87.3,0.0,1000.0,0.0,-1000.0,268900.0,500.0,0.0,-500.0,300250.0
2024-01-13,12:45,202410010106,06,小倉,4歳以上1勝クラス,1勝クラス,2600,芝,良,16,9,コスモダークナイト,富田暁,13.0,183.1,143.5,-21.63,-0.2437,0.00682,3.85,0.0146,0.00557,2.619,2.0949,2.0,12,不的中,0,147.2,0.0,1000.0,0.0,-1000.0,267900.0,300.0,0.0,-300.0,300250.0
2024-01-13,12:45,202410010106,06,小倉,4歳以上1勝クラス,1勝クラス,2600,芝,良,16,3,タイセイアーサー,斎藤新,6.0,34.7,19.2,-44.67,-0.5918,0.06059,3.85,0.09729,0.04167,2.335,1.868,3.0,14,不的中,0,17.0,0.0,1000.0,0.0,-1000.0,266900.0,1500.0,0.0,-1500.0,300250.0
2024-01-13,14:15,202410010109,09,小倉,響灘特別(2勝),2勝クラス,1700,ダート,良,16,12,ランスオブサターン,丹内祐次,4.0,15.6,13.4,-14.1,-0.152,0.06233,4.59,0.09729,0.0597,1.63,1.3037,1.0,8,不的中,0,13.4,0.0,1000.0,0.0,-1000.0,265900.0,800.0,0.0,-800.0,299450.0
2024-01-13,14:35,202406010409,09,中山,菜の花賞(1勝),1勝クラス,1600,芝,良,12,3,ウインディオーネ,キングス,6.0,15.7,13.4,-14.65,-0.1584,0.06408,8.53,0.09729,0.0597,1.63,1.3037,1.0,3,不的中,0,12.4,0.0,1000.0,0.0,-1000.0,264900.0,800.0,0.0,-800.0,297950.0
2024-01-13,14:35,202406010409,09,中山,菜の花賞(1勝),1勝クラス,1600,芝,良,12,2,ルクスノア,津村明秀,5.0,14.1,11.9,-15.6,-0.1696,0.07263,8.53,0.10525,0.06723,1.566,1.2525,2.0,4,不的中,0,11.6,0.0,1000.0,0.0,-1000.0,263900.0,700.0,0.0,-700.0,297950.0
2024-01-13,14:50,202410010110,10,小倉,小郡特別(2勝),2勝クラス,1200,芝,良,11,10,ナリタローゼ,菱田裕二,8.0,17.0,14.4,-15.29,-0.166,0.06406,4.61,0.09693,0.05556,1.745,1.3958,1.0,9,不的中,0,14.4,0.0,1000.0,0.0,-1000.0,262900.0,900.0,0.0,-900.0,297050.0
2024-01-13,16:01,202410010112,12,小倉,4歳以上1勝クラス,1勝クラス,1200,芝,良,18,15,キャニオニング,小林美駒,14.0,82.7,71.6,-13.42,-0.1441,0.01217,6.4,0.02525,0.01117,2.259,1.8076,1.0,1,的中,1,73.2,7320.0,1000.0,73200.0,72200.0,335100.0,400.0,29280.0,28880.0,325930.0
2024-01-13,16:10,202408010412,12,京都,4歳以上1勝クラス,1勝クラス,1600,芝,良,18,8,ホウオウスミヨシ,角田大河,10.0,37.4,28.2,-24.6,-0.2823,0.03267,8.02,0.04296,0.02837,1.514,1.2114,1.0,12,不的中,0,27.8,0.0,1000.0,0.0,-1000.0,334100.0,300.0,0.0,-300.0,325630.0
2024-01-14,11:40,202406010504,04,中山,3歳新馬,新馬,1800,ダート,稍重,16,8,エラトステネス,杉原誠人,10.0,60.0,52.1,-13.17,-0.1412,0.01651,4.78,0.0233,0.01536,1.517,1.2138,1.0,12,不的中,0,52.5,0.0,1000.0,0.0,-1000.0,333100.0,200.0,0.0,-200.0,325430.0
2024-01-14,13:00,202406010506,06,中山,4歳以上1勝クラス,1勝クラス,1200,ダート,稍重,16,11,オーロラアーク,石橋脩,10.0,64.4,45.4,-29.5,-0.3496,0.01951,5.79,0.02729,0.01762,1.549,1.2391,1.0,8,不的中,0,34.3,0.0,1000.0,0.0,-1000.0,332100.0,200.0,0.0,-200.0,324530.0
2024-01-14,13:00,202406010506,06,中山,4歳以上1勝クラス,1勝クラス,1200,ダート,稍重,16,13,ピカリエ,伊藤工真,5.0,14.9,12.5,-16.11,-0.1756,0.06568,5.79,0.09729,0.064,1.52,1.2161,2.0,2,不的中,0,12.7,0.0,1000.0,0.0,-1000.0,331100.0,700.0,0.0,-700.0,324530.0
2024-01-14,13:20,202408010507,07,京都,4歳以上1勝クラス,1勝クラス,1800,ダート,良,15,8,ヒロノオオゾラ,和田竜二,5.0,14.3,11.6,-18.88,-0.2093,0.07677,5.55,0.12535,0.06897,1.818,1.454,1.0,2,不的中,0,10.3,0.0,1000.0,0.0,-1000.0,330100.0,1400.0,0.0,-1400.0,323130.0
2024-01-14,13:50,202408010508,08,京都,4歳以上2勝クラス,2勝クラス,1200,ダート,良,13,5,カンパニョーラ,角田大河,8.0,85.3,60.7,-28.84,-0.3402,0.01566,4.73,0.03115,0.01318,2.364,1.8909,1.0,4,不的中,0,61.7,0.0,1000.0,0.0,-1000.0,329100.0,500.0,0.0,-500.0,322630.0
2024-01-14,14:25,202408010509,09,京都,逢坂山特別(2勝),2勝クラス,1800,芝,良,11,2,ショウナンアデイブ,池添謙一,6.0,16.5,14.2,-13.94,-0.1501,0.06142,6.77,0.09729,0.05634,1.727,1.3815,1.0,2,不的中,0,13.6,0.0,1000.0,0.0,-1000.0,328100.0,1000.0,0.0,-1000.0,321630.0
2024-01-14,14:35,202406010509,09,中山,サンライズステークス(3勝),3勝クラス,1200,芝,良,14,13,センタースリール,木幡巧也,12.0,77.1,54.4,-29.44,-0.3487,0.01789,7.52,0.02699,0.01471,1.836,1.4685,1.0,14,不的中,0,54.4,0.0,1000.0,0.0,-1000.0,327100.0,300.0,0.0,-300.0,321330.0
2024-01-14,15:01,202408010510,10,京都,雅ステークス(3勝),3勝クラス,1800,ダート,良,13,11,プリモスペランツァ,田辺裕信,9.0,157.6,106.7,-32.3,-0.39,0.01322,9.74,0.01765,0.0075,2.354,1.8833,1.0,11,不的中,0,87.0,0.0,1000.0,0.0,-1000.0,326100.0,300.0,0.0,-300.0,320430.0
2024-01-14,15:01,202408010510,10,京都,雅ステークス(3勝),3勝クラス,1800,ダート,良,13,8,クレメダンジュ,和田竜二,7.0,90.6,70.9,-21.74,-0.2452,0.01724,9.74,0.0261,0.01128,2.313,1.8507,2.0,3,不的中,0,71.6,0.0,1000.0,0.0,-1000.0,325100.0,400.0,0.0,-400.0,320430.0
2024-01-14,15:01,202408010510,10,京都,雅ステークス(3勝),3勝クラス,1800,ダート,良,13,1,メンアットワーク,団野大成,11.0,166.5,130.8,-21.44,-0.2413,0.0093,9.74,0.01358,0.00612,2.22,1.7756,3.0,12,不的中,0,132.2,0.0,1000.0,0.0,-1000.0,324100.0,200.0,0.0,-200.0,320430.0
2024-01-14,15:10,202406010510,10,中山,ジャニュアリーS(OP),オープン,1200,ダート,良,14,14,コパノマーキュリー,松岡正海,13.0,97.3,92.0,-5.45,-0.056,0.00892,7.16,0.01305,0.0087,1.501,1.2006,1.0,12,不的中,0,90.7,0.0,1000.0,0.0,-1000.0,323100.0,100.0,0.0,-100.0,320330.0
2024-01-14,15:25,202410010211,11,小倉,門司ステークス(OP),オープン,1700,ダート,良,16,1,ライラボンド,佐々木大,10.0,38.6,35.7,-7.51,-0.0781,0.02476,8.84,0.04054,0.02241,1.809,1.4474,1.0,11,不的中,0,34.7,0.0,1000.0,0.0,-1000.0,322100.0,500.0,0.0,-500.0,319230.0
2024-01-14,15:25,202410010211,11,小倉,門司ステークス(OP),オープン,1700,ダート,良,16,14,ブリッツファング,亀田温心,6.0,17.5,12.4,-29.14,-0.3445,0.09174,8.84,0.09729,0.06452,1.508,1.2064,2.0,9,不的中,0,10.8,0.0,1000.0,0.0,-1000.0,321100.0,600.0,0.0,-600.0,319230.0
2024-01-14,15:35,202408010511,11,京都,第71回日経新春杯(GII),G2,2400,芝,良,14,6,ディアスティマ,北村友一,8.0,35.0,30.1,-14.0,-0.1508,0.03614,33.72,0.04054,0.02658,1.525,1.2204,1.0,14,不的中,0,28.5,0.0,1000.0,0.0,-1000.0,320100.0,300.0,0.0,-300.0,318930.0
2024-01-14,16:01,202410010212,12,小倉,4歳以上1勝クラス,1勝クラス,1200,芝,良,17,8,マキアージュ,小沢大仁,6.0,14.1,13.0,-7.8,-0.0812,0.06383,6.64,0.09251,0.06154,1.503,1.2027,1.0,4,不的中,0,12.4,0.0,1000.0,0.0,-1000.0,319100.0,600.0,0.0,-600.0,318330.0
2024-01-14,16:10,202408010512,12,京都,4歳以上2勝クラス,2勝クラス,1400,芝,良,10,9,ペイシャフラワー,団野大成,6.0,22.4,21.0,-6.25,-0.0645,0.03897,9.32,0.08565,0.0381,2.248,1.7987,1.0,4,不的中,0,14.5,0.0,1000.0,0.0,-1000.0,318100.0,1300.0,0.0,-1300.0,317030.0
2024-01-20,10:40,202406010602,02,中山,3歳未勝利,未勝利,1800,ダート,良,16,10,グリマルディ,杉原誠人,8.0,76.3,36.5,-52.16,-0.7374,0.02769,5.15,0.03601,0.02192,1.643,1.3142,1.0,11,不的中,0,36.5,0.0,1000.0,0.0,-1000.0,317100.0,300.0,0.0,-300.0,315930.0
2024-01-20,10:40,202406010602,02,中山,3歳未勝利,未勝利,1800,ダート,良,16,1,マルチライセンス,ピーヒュ,4.0,14.8,12.0,-18.92,-0.2097,0.07203,5.15,0.10525,0.06667,1.579,1.263,2.0,4,不的中,0,12.0,0.0,1000.0,0.0,-1000.0,316100.0,800.0,0.0,-800.0,315930.0
2024-01-20,12:20,202408010605,05,京都,3歳新馬,新馬,2000,芝,重,13,2,ヤマトフェイス,モリス,8.0,27.1,20.0,-26.2,-0.3038,0.04951,5.0,0.07001,0.04,1.75,1.4001,1.0,6,不的中,0,20.1,0.0,1000.0,0.0,-1000.0,315100.0,700.0,0.0,-700.0,314530.0
2024-01-20,12:20,202408010605,05,京都,3歳新馬,新馬,2000,芝,重,13,1,シルキーガール,岩田康誠,7.0,16.5,12.6,-23.64,-0.2697,0.07708,5.0,0.09841,0.06349,1.55,1.24,2.0,3,不的中,0,12.6,0.0,1000.0,0.0,-1000.0,314100.0,700.0,0.0,-700.0,314530.0
2024-01-20,12:30,202406010605,05,中山,3歳未勝利,未勝利,1600,芝,良,16,16,ガジュノリ,石川裕紀,7.0,15.7,13.7,-12.74,-0.1363,0.06311,5.73,0.09729,0.05839,1.666,1.3329,1.0,1,的中,1,13.7,1370.0,1000.0,13700.0,12700.0,326800.0,900.0,12330.0,11430.0,325960.0
2024-01-20,13:35,202406010607,07,中山,3歳1勝クラス,1勝クラス,1200,ダート,良,10,6,ベルウッドワン,田辺裕信,5.0,13.9,12.9,-7.19,-0.0747,0.06292,6.15,0.09729,0.06202,1.569,1.2551,1.0,5,不的中,0,13.3,0.0,1000.0,0.0,-1000.0,325800.0,700.0,0.0,-700.0,325260.0
2024-01-20,13:55,202408010608,08,京都,4歳以上2勝クラス,2勝クラス,1400,ダート,稍重,13,5,スピリットワールド,角田大河,6.0,17.3,14.3,-17.34,-0.1904,0.06266,6.67,0.08937,0.05594,1.597,1.278,1.0,11,不的中,0,13.7,0.0,1000.0,0.0,-1000.0,324800.0,700.0,0.0,-700.0,324560.0
2024-01-20,14:05,202406010608,08,中山,4歳以上1勝クラス,1勝クラス,1800,ダート,良,15,15,ヴァンナチュール,津村明秀,12.0,92.6,75.6,-18.36,-0.2028,0.01157,5.61,0.02512,0.01058,2.374,1.8989,1.0,11,不的中,0,75.6,0.0,1000.0,0.0,-1000.0,323800.0,400.0,0.0,-400.0,324160.0
2024-01-20,15:35,202408010611,11,京都,石清水ステークス(3勝),3勝クラス,1600,芝,重,16,16,スミ,角田大河,9.0,63.6,46.4,-27.04,-0.3153,0.02333,12.36,0.02729,0.01724,1.583,1.2664,1.0,3,不的中,0,42.4,0.0,1000.0,0.0,-1000.0,322800.0,200.0,0.0,-200.0,323960.0
2024-01-20,16:01,202410010312,12,小倉,4歳以上1勝クラス,1勝クラス,1200,芝,稍重,17,10,レガーミ,富田暁,10.0,85.4,33.0,-61.36,-0.9508,0.03438,6.7,0.06838,0.02424,2.821,2.2565,1.0,11,不的中,0,33.0,0.0,1000.0,0.0,-1000.0,321800.0,1300.0,0.0,-1300.0,322260.0
2024-01-20,16:01,202410010312,12,小倉,4歳以上1勝クラス,1勝クラス,1200,芝,稍重,17,6,シュライエン,鮫島克駿,9.0,33.0,26.0,-21.21,-0.2384,0.03505,6.7,0.048,0.03077,1.56,1.2479,2.0,6,不的中,0,26.0,0.0,1000.0,0.0,-1000.0,320800.0,400.0,0.0,-400.0,322260.0
2024-01-21,11:40,202406010704,04,中山,4歳以上1勝クラス,1勝クラス,1200,ダート,不良,16,15,セイゲン,三浦皇成,13.0,148.2,105.1,-29.08,-0.3437,0.00876,6.45,0.01613,0.00761,2.12,1.6956,1.0,6,不的中,0,105.1,0.0,1000.0,0.0,-1000.0,319800.0,300.0,0.0,-300.0,321960.0
2024-01-21,12:10,202410010405,05,小倉,3歳新馬,新馬,1200,芝,重,18,18,エイシンゾディアク,荻野琢真,12.0,83.1,62.8,-24.43,-0.2801,0.01626,3.74,0.02699,0.01274,2.119,1.6953,1.0,17,不的中,0,62.8,0.0,1000.0,0.0,-1000.0,318800.0,400.0,0.0,-400.0,321560.0
2024-01-21,12:20,202408010705,05,京都,3歳新馬,新馬,1600,芝,不良,17,6,ワンダーカモン,川又賢治,5.0,21.9,14.3,-34.7,-0.4262,0.07085,5.03,0.09729,0.05594,1.739,1.3913,1.0,2,不的中,0,14.3,0.0,1000.0,0.0,-1000.0,317800.0,1000.0,0.0,-1000.0,320560.0
2024-01-21,13:20,202408010707,07,京都,4歳以上1勝クラス,1勝クラス,2200,芝,重,17,12,ディープマインド,角田大河,8.0,57.3,47.3,-17.45,-0.1918,0.01851,6.1,0.02656,0.01691,1.57,1.2561,1.0,14,不的中,0,47.3,0.0,1000.0,0.0,-1000.0,316800.0,200.0,0.0,-200.0,320360.0
2024-01-21,14:01,202406010708,08,中山,4歳以上2勝クラス,2勝クラス,1200,ダート,不良,15,5,バルミュゼット,木幡巧也,11.0,45.5,37.0,-18.68,-0.2068,0.02459,8.55,0.04916,0.02162,2.273,1.8188,1.0,8,不的中,0,37.0,0.0,1000.0,0.0,-1000.0,315800.0,800.0,0.0,-800.0,318760.0
2024-01-21,14:01,202406010708,08,中山,4歳以上2勝クラス,2勝クラス,1200,ダート,不良,15,14,アラゴナイト,柴田善臣,14.0,86.7,53.6,-38.18,-0.4809,0.0192,8.55,0.03122,0.01493,2.092,1.6734,2.0,6,不的中,0,53.6,0.0,1000.0,0.0,-1000.0,314800.0,500.0,0.0,-500.0,318760.0
2024-01-21,14:01,202406010708,08,中山,4歳以上2勝クラス,2勝クラス,1200,ダート,不良,15,11,アポロプラネット,大野拓弥,13.0,94.9,52.0,-45.21,-0.6016,0.02061,8.55,0.02703,0.01538,1.757,1.4056,3.0,2,不的中,0,52.0,0.0,1000.0,0.0,-1000.0,313800.0,300.0,0.0,-300.0,318760.0
2024-01-21,14:15,202410010409,09,小倉,八幡特別(1勝),1勝クラス,1200,芝,稍重,15,2,ヘレンキムゼー,荻野極,12.0,63.7,43.5,-31.71,-0.3814,0.02437,5.04,0.03381,0.01839,1.839,1.4709,1.0,14,不的中,0,43.6,0.0,1000.0,0.0,-1000.0,312800.0,400.0,0.0,-400.0,318360.0
2024-01-21,14:35,202406010709,09,中山,若竹賞(1勝),1勝クラス,1800,芝,不良,11,4,ルカランフィースト,横山武史,4.0,19.6,14.7,-25.0,-0.2877,0.06365,8.71,0.09729,0.05442,1.788,1.4302,1.0,1,的中,1,14.7,1470.0,1000.0,14700.0,13700.0,326500.0,1000.0,14700.0,13700.0,332060.0
2024-01-21,14:50,202410010410,10,小倉,海の中道特別(2勝),2勝クラス,2600,芝,稍重,12,10,サンデージャック,水口優也,11.0,94.8,85.4,-9.92,-0.1044,0.00993,5.21,0.01611,0.00937,1.72,1.376,1.0,7,不的中,0,85.4,0.0,1000.0,0.0,-1000.0,325500.0,200.0,0.0,-200.0,331860.0
2024-01-21,15:10,202406010710,10,中山,アレキサンドライトS(3勝),3勝クラス,1800,ダート,不良,16,13,ヴァーンフリート,キングス,7.0,15.5,13.7,-11.61,-0.1234,0.06293,9.86,0.09729,0.05839,1.666,1.3329,1.0,12,不的中,0,13.7,0.0,1000.0,0.0,-1000.0,324500.0,900.0,0.0,-900.0,330960.0
2024-01-27,10:55,202408020103,03,京都,3歳未勝利,未勝利,1400,ダート,良,15,7,タイセイアルテミス,和田竜二,10.0,33.0,30.4,-7.88,-0.0821,0.02751,3.64,0.04479,0.02632,1.702,1.3616,1.0,10,不的中,0,28.5,0.0,1000.0,0.0,-1000.0,323500.0,500.0,0.0,-500.0,330460.0
2024-01-27,14:25,202408020109,09,京都,4歳以上2勝クラス,2勝クラス,1200,ダート,良,16,11,エティエンヌ,松山弘平,5.0,18.2,14.4,-20.88,-0.2342,0.06312,5.83,0.08973,0.05556,1.615,1.2921,1.0,1,的中,1,14.4,1440.0,1000.0,14400.0,13400.0,336900.0,800.0,11520.0,10720.0,341180.0
2024-01-27,15:10,202405010110,10,東京,クロッカスステークス(L),リステッド,1400,芝,良,10,5,ジャスパーノワール,田辺裕信,5.0,18.7,12.2,-34.76,-0.4271,0.09085,12.71,0.10113,0.06557,1.542,1.2338,1.0,8,不的中,0,10.6,0.0,1000.0,0.0,-1000.0,335900.0,800.0,0.0,-800.0,340380.0
2024-01-27,16:01,202410010512,12,小倉,4歳以上1勝クラス,1勝クラス,1200,芝,良,18,10,ミネヒメ,黛弘人,7.0,20.2,15.2,-24.75,-0.2844,0.06046,5.99,0.08973,0.05263,1.705,1.3639,1.0,14,不的中,0,15.2,0.0,1000.0,0.0,-1000.0,334900.0,900.0,0.0,-900.0,339180.0
2024-01-27,16:01,202410010512,12,小倉,4歳以上1勝クラス,1勝クラス,1200,芝,良,18,17,エリカフェリーチェ,藤岡康太,15.0,80.0,53.7,-32.88,-0.3986,0.01788,5.99,0.02525,0.0149,1.695,1.3558,2.0,7,不的中,0,53.7,0.0,1000.0,0.0,-1000.0,333900.0,300.0,0.0,-300.0,339180.0
2024-01-27,16:10,202408020112,12,京都,4歳以上1勝クラス,1勝クラス,1400,芝,良,18,18,ランスオブサウンド,角田大河,9.0,24.6,20.0,-18.7,-0.207,0.04533,6.94,0.07239,0.04,1.81,1.4478,1.0,18,不的中,0,19.4,0.0,1000.0,0.0,-1000.0,332900.0,800.0,0.0,-800.0,338380.0
2024-01-28,10:30,202408020202,02,京都,3歳未勝利,未勝利,1800,ダート,良,11,11,アンダーザバンブー,横山典弘,4.0,16.1,13.2,-18.01,-0.1986,0.06843,5.0,0.09729,0.06061,1.605,1.2843,1.0,1,的中,1,13.4,1340.0,1000.0,13400.0,12400.0,345300.0,800.0,10720.0,9920.0,348300.0
2024-01-28,11:30,202408020204,04,京都,3歳1勝クラス,1勝クラス,1400,ダート,良,13,11,ブループリマドンナ,古川吉洋,11.0,88.6,51.9,-41.42,-0.5348,0.01916,5.36,0.02656,0.01541,1.723,1.3782,1.0,11,不的中,0,51.9,0.0,1000.0,0.0,-1000.0,344300.0,300.0,0.0,-300.0,348000.0
2024-01-28,11:40,202405010204,04,東京,4歳以上1勝クラス,1勝クラス,2100,ダート,良,14,2,シゲルカミカゼ,大野拓弥,5.0,16.4,13.0,-20.73,-0.2323,0.06988,6.0,0.09729,0.06154,1.581,1.2648,1.0,2,不的中,0,13.0,0.0,1000.0,0.0,-1000.0,343300.0,800.0,0.0,-800.0,347200.0
2024-01-28,12:10,202410010605,05,小倉,3歳新馬,新馬,1200,芝,良,14,9,シュトローム,佐々木大,7.0,14.3,12.8,-10.49,-0.1108,0.06924,3.62,0.09729,0.0625,1.557,1.2453,1.0,4,不的中,0,12.6,0.0,1000.0,0.0,-1000.0,342300.0,800.0,0.0,-800.0,346400.0
2024-01-28,12:20,202408020205,05,京都,3歳新馬,新馬,2000,芝,良,13,8,ゴトク,和田竜二,6.0,20.5,14.9,-27.32,-0.3191,0.06588,5.95,0.09729,0.05369,1.812,1.4496,1.0,3,不的中,0,14.9,0.0,1000.0,0.0,-1000.0,341300.0,1200.0,0.0,-1200.0,344400.0
2024-01-28,12:20,202408020205,05,京都,3歳新馬,新馬,2000,芝,良,13,5,バンデルアース,坂井瑠星,5.0,13.6,11.1,-18.38,-0.2031,0.083,5.95,0.109,0.07207,1.512,1.2099,2.0,6,不的中,0,11.1,0.0,1000.0,0.0,-1000.0,340300.0,800.0,0.0,-800.0,344400.0
2024-01-28,13:00,202405010206,06,東京,3歳未勝利,未勝利,1600,芝,良,16,13,マイネルコンポート,野中悠太,9.0,58.6,45.9,-21.67,-0.2443,0.01946,7.87,0.02729,0.01743,1.566,1.2527,1.0,6,不的中,0,46.0,0.0,1000.0,0.0,-1000.0,339300.0,200.0,0.0,-200.0,344000.0
2024-01-28,13:00,202405010206,06,東京,3歳未勝利,未勝利,1600,芝,良,16,4,クーアフュルスト,ピーヒュ,8.0,52.4,44.5,-15.08,-0.1634,0.01939,7.87,0.02729,0.01798,1.518,1.2145,2.0,12,不的中,0,44.5,0.0,1000.0,0.0,-1000.0,338300.0,200.0,0.0,-200.0,344000.0
2024-01-28,13:10,202410010607,07,小倉,4歳以上1勝クラス,1勝クラス,1700,ダート,良,14,12,ヴィラーゴスリーブ,西塚洸二,4.0,28.4,12.4,-56.34,-0.8287,0.0779,4.34,0.10035,0.06452,1.555,1.2444,1.0,9,不的中,0,12.4,0.0,1000.0,0.0,-1000.0,337300.0,800.0,0.0,-800.0,343200.0
2024-01-28,13:20,202408020207,07,京都,4歳以上1勝クラス,1勝クラス,1800,ダート,良,10,1,フェニックスループ,富田暁,8.0,49.7,47.0,-5.43,-0.0559,0.01712,5.45,0.02729,0.01702,1.603,1.2827,1.0,9,不的中,0,48.5,0.0,1000.0,0.0,-1000.0,336300.0,300.0,0.0,-300.0,342900.0
2024-01-28,14:15,202410010609,09,小倉,くすのき賞(1勝),1勝クラス,1700,ダート,良,10,9,タケノシンセイ,泉谷楓真,9.0,107.0,51.5,-51.87,-0.7312,0.02127,5.47,0.02729,0.01553,1.757,1.4056,1.0,5,不的中,0,51.5,0.0,1000.0,0.0,-1000.0,335300.0,300.0,0.0,-300.0,342600.0
2024-01-28,15:01,202408020210,10,京都,八坂ステークス(3勝),3勝クラス,2200,芝,良,12,3,マイネルエンペラー,坂井瑠星,8.0,23.1,18.2,-21.21,-0.2384,0.0525,10.02,0.08435,0.04396,1.919,1.5351,1.0,4,不的中,0,18.2,0.0,1000.0,0.0,-1000.0,334300.0,1100.0,0.0,-1100.0,341200.0
2024-01-28,15:01,202408020210,10,京都,八坂ステークス(3勝),3勝クラス,2200,芝,良,12,5,アスクドゥポルテ,角田大河,10.0,45.4,40.0,-11.89,-0.1266,0.02214,10.02,0.03168,0.02,1.584,1.267,2.0,5,不的中,0,40.0,0.0,1000.0,0.0,-1000.0,333300.0,300.0,0.0,-300.0,341200.0
2024-01-28,15:25,202410010611,11,小倉,巌流島ステークス(3勝),3勝クラス,1200,芝,稍重,18,16,シゲルカチョウ,西塚洸二,13.0,49.6,44.8,-9.68,-0.1018,0.02031,7.36,0.02729,0.01786,1.528,1.2227,1.0,8,不的中,0,30.3,0.0,1000.0,0.0,-1000.0,332300.0,200.0,0.0,-200.0,341000.0
2024-01-28,15:35,202408020211,11,京都,第29回シルクロードS(GIII),G3,1200,芝,良,18,18,ショウナンハクラク,浜中俊,11.0,89.8,70.0,-22.05,-0.2491,0.01753,30.93,0.02525,0.01143,2.209,1.7674,1.0,5,不的中,0,70.0,0.0,1000.0,0.0,-1000.0,331300.0,400.0,0.0,-400.0,340600.0
2024-01-28,15:45,202405010211,11,東京,第38回根岸ステークス(GIII),G3,1400,ダート,良,16,16,アームズレイン,松若風馬,6.0,17.6,14.1,-19.89,-0.2217,0.07517,41.52,0.09729,0.05674,1.715,1.3718,1.0,2,不的中,0,14.1,0.0,1000.0,0.0,-1000.0,330300.0,1000.0,0.0,-1000.0,339600.0
2024-01-28,16:10,202408020212,12,京都,4歳以上2勝クラス,2勝クラス,1600,芝,良,9,2,メイショウラナキラ,角田大河,6.0,14.5,11.2,-22.76,-0.2582,0.07969,8.82,0.10776,0.07143,1.509,1.2069,1.0,7,不的中,0,11.2,0.0,1000.0,0.0,-1000.0,329300.0,700.0,0.0,-700.0,338900.0
2024-02-03,09:50,202410010701,01,小倉,3歳未勝利,未勝利,1700,ダート,良,16,11,ザロック,石田拓郎,9.0,65.3,40.6,-37.83,-0.4752,0.02832,3.25,0.03548,0.0197,1.801,1.4406,1.0,2,不的中,0,40.6,0.0,1000.0,0.0,-1000.0,328300.0,400.0,0.0,-400.0,338500.0
2024-02-03,10:20,202410010702,02,小倉,3歳未勝利,未勝利,2000,芝,良,14,7,ジュリアスローズ,松本大輝,12.0,118.0,93.4,-20.85,-0.2338,0.00934,3.26,0.018,0.00857,2.102,1.6813,1.0,3,不的中,0,93.4,0.0,1000.0,0.0,-1000.0,327300.0,300.0,0.0,-300.0,338200.0
2024-02-03,11:15,202405010303,03,東京,3歳未勝利,未勝利,1600,ダート,良,16,16,マイネルスピカ,キングス,9.0,73.8,52.5,-28.86,-0.3405,0.02306,6.36,0.02656,0.01524,1.743,1.3942,1.0,14,不的中,0,52.5,0.0,1000.0,0.0,-1000.0,326300.0,300.0,0.0,-300.0,337900.0
2024-02-03,12:20,202408020305,05,京都,3歳未勝利,未勝利,1600,芝,良,16,6,オメガインペリアル,Ｍ．デム,8.0,22.1,19.1,-13.57,-0.1459,0.04591,6.3,0.06644,0.04188,1.586,1.2689,1.0,8,不的中,0,19.1,0.0,1000.0,0.0,-1000.0,325300.0,600.0,0.0,-600.0,337300.0
2024-02-03,12:30,202405010305,05,東京,3歳新馬,新馬,1600,芝,良,16,14,ウインセレーネ,小林勝太,8.0,93.1,76.3,-18.05,-0.199,0.01153,6.74,0.01738,0.01048,1.657,1.3259,1.0,4,不的中,0,76.3,0.0,1000.0,0.0,-1000.0,324300.0,200.0,0.0,-200.0,337100.0
2024-02-03,12:45,202410010706,06,小倉,3歳未勝利,未勝利,1800,芝,良,12,5,エウロス,黛弘人,8.0,74.8,51.6,-31.02,-0.3713,0.02045,4.06,0.02656,0.0155,1.713,1.3703,1.0,6,不的中,0,51.6,0.0,1000.0,0.0,-1000.0,323300.0,300.0,0.0,-300.0,336800.0
2024-02-03,14:05,202405010308,08,東京,4歳以上1勝クラス,1勝クラス,1600,ダート,良,16,15,スイッチオン,石橋脩,10.0,55.7,45.3,-18.67,-0.2067,0.02005,6.18,0.0283,0.01766,1.603,1.2821,1.0,9,不的中,0,45.3,0.0,1000.0,0.0,-1000.0,322300.0,300.0,0.0,-300.0,336500.0
2024-02-03,14:25,202408020309,09,京都,橿原ステークス(3勝),3勝クラス,1200,ダート,良,16,1,テイエムランウェイ,Ｍ．デム,11.0,94.5,68.2,-27.83,-0.3262,0.01426,7.42,0.0248,0.01173,2.114,1.6911,1.0,6,不的中,0,68.2,0.0,1000.0,0.0,-1000.0,321300.0,400.0,0.0,-400.0,336100.0
2024-02-03,14:50,202410010710,10,小倉,有田特別(2勝),2勝クラス,1000,ダート,良,14,2,デルマシルフ,松若風馬,10.0,37.5,32.1,-14.4,-0.1555,0.02816,5.01,0.04642,0.02492,1.863,1.4901,1.0,2,不的中,0,33.5,0.0,1000.0,0.0,-1000.0,320300.0,600.0,0.0,-600.0,342790.0
2024-02-03,14:50,202410010710,10,小倉,有田特別(2勝),2勝クラス,1000,ダート,良,14,6,ユウグロスファクタ,松本大輝,6.0,14.0,10.3,-26.43,-0.3069,0.09659,5.01,0.12022,0.07767,1.548,1.2382,2.0,1,的中,1,9.1,910.0,1000.0,9100.0,8100.0,328400.0,900.0,8190.0,7290.0,342790.0
2024-02-03,15:01,202408020310,10,京都,エルフィンステークス(L),リステッド,1600,芝,良,11,8,マーシーラン,河原田菜,6.0,31.0,19.9,-35.81,-0.4433,0.05892,12.02,0.08471,0.0402,2.107,1.6857,1.0,6,不的中,0,18.9,0.0,1000.0,0.0,-1000.0,327400.0,1300.0,0.0,-1300.0,341490.0
2024-02-03,15:10,202405010310,10,東京,テレビ山梨杯(2勝),2勝クラス,1400,芝,良,15,5,レッドアヴァンティ,大野拓弥,5.0,37.9,22.1,-41.69,-0.5394,0.04854,7.54,0.05528,0.0362,1.527,1.2216,1.0,3,不的中,0,21.2,0.0,1000.0,0.0,-1000.0,326400.0,400.0,0.0,-400.0,341090.0
2024-02-03,15:25,202410010711,11,小倉,別府特別(2勝),2勝クラス,1800,芝,稍重,11,10,ヴァモスロード,丸山元気,3.0,16.5,13.2,-20.0,-0.2231,0.07139,7.54,0.09729,0.06061,1.605,1.2843,1.0,1,的中,1,11.4,1140.0,1000.0,11400.0,10400.0,336800.0,800.0,9120.0,8320.0,349410.0
2024-02-03,16:25,202405010312,12,東京,4歳以上2勝クラス,2勝クラス,1600,ダート,良,16,14,フィフティシェビー,石川裕紀,7.0,48.6,29.5,-39.3,-0.4992,0.03691,13.62,0.05528,0.02712,2.038,1.6307,1.0,9,不的中,0,27.3,0.0,1000.0,0.0,-1000.0,335800.0,800.0,0.0,-800.0,348410.0
2024-02-03,16:25,202405010312,12,東京,4歳以上2勝クラス,2勝クラス,1600,ダート,良,16,9,ロードレイライン,木幡巧也,10.0,100.9,81.1,-19.62,-0.2184,0.01151,13.62,0.01765,0.00986,1.789,1.4314,2.0,16,不的中,0,81.0,0.0,1000.0,0.0,-1000.0,334800.0,200.0,0.0,-200.0,348410.0
2024-02-04,10:50,202410010803,03,小倉,4歳以上1勝クラス,1勝クラス,1000,ダート,重,14,12,サンマルセレッソ,丸山元気,12.0,97.3,83.3,-14.39,-0.1554,0.01005,4.59,0.0182,0.0096,1.895,1.5157,1.0,10,不的中,0,83.3,0.0,1000.0,0.0,-1000.0,333800.0,300.0,0.0,-300.0,347010.0
2024-02-04,10:50,202410010803,03,小倉,4歳以上1勝クラス,1勝クラス,1000,ダート,重,14,4,ザアトム,松本大輝,5.0,18.4,14.2,-22.83,-0.2591,0.06116,4.59,0.09729,0.05634,1.727,1.3815,2.0,6,不的中,0,14.2,0.0,1000.0,0.0,-1000.0,332800.0,1100.0,0.0,-1100.0,347010.0
2024-02-04,11:40,202405010404,04,東京,4歳以上1勝クラス,1勝クラス,1600,ダート,良,15,11,マーゴットレーヴ,田辺裕信,7.0,18.7,14.4,-22.99,-0.2613,0.0625,6.86,0.09729,0.05556,1.751,1.401,1.0,9,不的中,0,14.4,0.0,1000.0,0.0,-1000.0,331800.0,1100.0,0.0,-1100.0,345710.0
2024-02-04,11:40,202405010404,04,東京,4歳以上1勝クラス,1勝クラス,1600,ダート,良,15,14,シルヴァティカ,菅原明良,12.0,50.3,44.2,-12.13,-0.1293,0.01927,6.86,0.02729,0.0181,1.508,1.2063,2.0,10,不的中,0,44.2,0.0,1000.0,0.0,-1000.0,330800.0,200.0,0.0,-200.0,345710.0
2024-02-04,12:30,202405010405,05,東京,3歳新馬,新馬,1800,芝,良,16,9,アミアン,杉原誠人,11.0,99.6,93.4,-6.22,-0.0643,0.00887,6.34,0.01613,0.00857,1.884,1.5069,1.0,8,不的中,0,87.4,0.0,1000.0,0.0,-1000.0,329800.0,200.0,0.0,-200.0,345510.0
2024-02-04,13:10,202410010807,07,小倉,3歳未勝利,未勝利,2000,芝,重,10,8,マルカフェリス,小沢大仁,6.0,20.9,15.8,-24.4,-0.2797,0.05512,4.74,0.08471,0.05063,1.673,1.3384,1.0,9,不的中,0,15.4,0.0,1000.0,0.0,-1000.0,328800.0,800.0,0.0,-800.0,344710.0
2024-02-04,13:20,202408020407,07,京都,4歳以上1勝クラス,1勝クラス,1800,ダート,良,10,5,スマートビクター,ルメート,5.0,19.6,12.5,-36.22,-0.4498,0.07514,4.46,0.10035,0.064,1.568,1.2544,1.0,2,不的中,0,12.6,0.0,1000.0,0.0,-1000.0,327800.0,800.0,0.0,-800.0,343910.0
2024-02-04,14:50,202410010810,10,小倉,由布院特別(2勝),2勝クラス,1700,ダート,重,16,12,アレクサ,秋山稔樹,13.0,54.0,40.0,-25.93,-0.3001,0.02478,5.75,0.03518,0.02,1.759,1.4071,1.0,7,不的中,0,40.0,0.0,1000.0,0.0,-1000.0,326800.0,400.0,0.0,-400.0,341910.0
2024-02-04,14:50,202410010810,10,小倉,由布院特別(2勝),2勝クラス,1700,ダート,重,16,10,タガノカンデラ,藤岡康太,5.0,16.1,14.3,-11.18,-0.1186,0.06147,5.75,0.09729,0.05594,1.739,1.3913,2.0,14,不的中,0,14.3,0.0,1000.0,0.0,-1000.0,325800.0,1100.0,0.0,-1100.0,341910.0
2024-02-04,14:50,202410010810,10,小倉,由布院特別(2勝),2勝クラス,1700,ダート,重,16,9,シンリミテス,古川吉洋,9.0,67.9,22.6,-66.72,-1.1001,0.05758,5.75,0.05769,0.0354,1.63,1.3037,3.0,12,不的中,0,22.6,0.0,1000.0,0.0,-1000.0,324800.0,500.0,0.0,-500.0,341910.0
2024-02-04,15:35,202408020411,11,京都,第64回きさらぎ賞(GIII),G3,1800,芝,良,12,2,インザモーメント,鮫島克駿,6.0,27.4,17.6,-35.77,-0.4426,0.07705,34.27,0.09729,0.04545,2.14,1.7123,1.0,4,不的中,0,17.6,0.0,1000.0,0.0,-1000.0,323800.0,1500.0,0.0,-1500.0,340410.0
2024-02-04,16:01,202410010812,12,小倉,4歳以上1勝クラス,1勝クラス,1200,芝,重,14,3,ニシノタマユラ,河原田菜,11.0,83.3,70.4,-15.49,-0.1683,0.01219,8.86,0.02438,0.01136,2.146,1.7164,1.0,7,不的中,0,70.4,0.0,1000.0,0.0,-1000.0,322800.0,400.0,0.0,-400.0,338210.0
2024-02-04,16:01,202410010812,12,小倉,4歳以上1勝クラス,1勝クラス,1200,芝,重,14,13,マイレーヌ,小林美駒,5.0,18.2,11.7,-35.71,-0.4418,0.08106,8.86,0.11178,0.06838,1.635,1.3078,2.0,2,不的中,0,11.7,0.0,1000.0,0.0,-1000.0,321800.0,1000.0,0.0,-1000.0,338210.0
2024-02-04,16:01,202410010812,12,小倉,4歳以上1勝クラス,1勝クラス,1200,芝,重,14,2,トリップトゥムーン,菱田裕二,7.0,19.1,13.1,-31.41,-0.3771,0.07093,8.86,0.09729,0.06107,1.593,1.2745,3.0,6,不的中,0,13.1,0.0,1000.0,0.0,-1000.0,320800.0,800.0,0.0,-800.0,338210.0
2024-02-10,11:30,202408020504,04,京都,3歳新馬,新馬,1200,ダート,良,16,4,ハイケンス,松若風馬,6.0,13.7,12.9,-5.84,-0.0602,0.0643,4.2,0.09729,0.06202,1.569,1.2551,1.0,6,不的中,0,13.1,0.0,1000.0,0.0,-1000.0,319800.0,800.0,0.0,-800.0,337410.0
2024-02-10,11:40,202405010504,04,東京,4歳以上1勝クラス,1勝クラス,2100,ダート,稍重,12,2,ベルウッドグラス,木幡巧也,6.0,25.3,20.3,-19.76,-0.2202,0.04397,6.66,0.07001,0.03941,1.776,1.4211,1.0,4,不的中,0,20.3,0.0,1000.0,0.0,-1000.0,318800.0,800.0,0.0,-800.0,336610.0
2024-02-10,12:30,202405010505,05,東京,3歳未勝利,未勝利,1400,芝,良,16,9,ヤプシ,木幡巧也,11.0,97.2,70.7,-27.26,-0.3183,0.01296,5.61,0.0191,0.01132,1.688,1.3505,1.0,12,不的中,0,70.7,0.0,1000.0,0.0,-1000.0,317800.0,200.0,0.0,-200.0,336410.0
2024-02-10,12:45,202410020106,06,小倉,3歳未勝利,未勝利,1800,芝,良,12,10,モンディーン,西塚洸二,8.0,33.4,22.1,-33.83,-0.413,0.0496,3.43,0.09841,0.0362,2.719,2.1749,1.0,1,的中,1,18.7,1870.0,1000.0,18700.0,17700.0,335500.0,1900.0,35530.0,33630.0,370040.0
2024-02-10,13:05,202405010506,06,東京,3歳未勝利,未勝利,1800,芝,良,16,3,クラペ,ピーヒュ,8.0,32.5,26.6,-18.15,-0.2003,0.03395,6.31,0.06576,0.03008,2.187,1.7492,1.0,12,不的中,0,26.6,0.0,1000.0,0.0,-1000.0,334500.0,1100.0,0.0,-1100.0,368940.0
2024-02-10,13:25,202408020507,07,京都,4歳以上1勝クラス,1勝クラス,1900,ダート,良,7,2,ドンアチェカ,岩田望来,5.0,21.1,11.4,-45.97,-0.6157,0.08452,4.93,0.11162,0.07018,1.591,1.2725,1.0,2,不的中,0,11.4,0.0,1000.0,0.0,-1000.0,333500.0,1000.0,0.0,-1000.0,367940.0
2024-02-10,14:15,202410020109,09,小倉,帆柱山特別(1勝),1勝クラス,2600,芝,良,8,1,アレナリア,藤岡康太,6.0,13.8,12.4,-10.14,-0.107,0.06715,3.08,0.09729,0.06452,1.508,1.2064,1.0,6,不的中,0,12.2,0.0,1000.0,0.0,-1000.0,332500.0,700.0,0.0,-700.0,367240.0
2024-02-10,15:10,202405010510,10,東京,雲雀ステークス(3勝),3勝クラス,1400,芝,良,16,10,ヤマニンデンファレ,大野拓弥,11.0,130.0,84.1,-35.31,-0.4355,0.01171,9.62,0.02438,0.00951,2.563,2.0505,1.0,3,不的中,0,84.1,0.0,1000.0,0.0,-1000.0,331500.0,500.0,0.0,-500.0,366440.0
2024-02-10,15:10,202405010510,10,東京,雲雀ステークス(3勝),3勝クラス,1400,芝,良,16,13,タイセイシェダル,津村明秀,10.0,64.9,54.2,-16.49,-0.1802,0.01619,9.62,0.02525,0.01476,1.711,1.3685,2.0,16,不的中,0,54.2,0.0,1000.0,0.0,-1000.0,330500.0,300.0,0.0,-300.0,366440.0
2024-02-10,15:35,202408020511,11,京都,洛陽ステークス(L),リステッド,1600,芝,良,18,17,アナゴサン,団野大成,7.0,29.6,20.4,-31.08,-0.3722,0.05313,13.05,0.06537,0.03922,1.667,1.3336,1.0,6,不的中,0,20.4,0.0,1000.0,0.0,-1000.0,329500.0,700.0,0.0,-700.0,365740.0
2024-02-10,16:25,202405010512,12,東京,4歳以上2勝クラス,2勝クラス,1600,ダート,稍重,15,6,マイネルサハラ,津村明秀,12.0,114.3,99.6,-12.86,-0.1377,0.0089,13.0,0.01243,0.00803,1.548,1.2383,1.0,15,不的中,0,99.5,0.0,1000.0,0.0,-1000.0,328500.0,100.0,0.0,-100.0,365640.0
2024-02-11,10:01,202408020601,01,京都,3歳未勝利,未勝利,1800,ダート,良,12,4,エスカルチャ,西村淳也,4.0,14.1,13.2,-6.38,-0.066,0.06147,4.29,0.09729,0.06061,1.605,1.2843,1.0,12,不的中,0,13.4,0.0,1000.0,0.0,-1000.0,327500.0,900.0,0.0,-900.0,364740.0
2024-02-11,10:20,202410020202,02,小倉,3歳未勝利,未勝利,1200,芝,良,18,17,ゴーインマイウェイ,菊沢一樹,7.0,15.0,14.2,-5.33,-0.0548,0.05732,3.66,0.08749,0.05634,1.553,1.2424,1.0,4,不的中,0,12.8,0.0,1000.0,0.0,-1000.0,326500.0,700.0,0.0,-700.0,364040.0
2024-02-11,11:30,202408020604,04,京都,3歳1勝クラス,1勝クラス,1400,ダート,良,9,4,モズパシュート,高倉稜,6.0,34.9,24.3,-30.37,-0.362,0.03816,5.42,0.08302,0.03292,2.522,2.0174,1.0,5,不的中,0,24.3,0.0,1000.0,0.0,-1000.0,325500.0,1600.0,0.0,-1600.0,362440.0
2024-02-11,12:40,202410020206,06,小倉,3歳未勝利,未勝利,1200,芝,良,18,14,リオサラ,西塚洸二,8.0,32.0,26.4,-17.5,-0.1924,0.03249,4.21,0.05492,0.0303,1.812,1.4499,1.0,9,不的中,0,21.3,0.0,1000.0,0.0,-1000.0,324500.0,700.0,0.0,-700.0,361740.0
2024-02-11,14:25,202408020609,09,京都,春日特別(2勝),2勝クラス,1800,芝,良,9,5,カイザー,松若風馬,9.0,96.0,68.6,-28.54,-0.3361,0.01419,6.81,0.02599,0.01166,2.228,1.7826,1.0,9,不的中,0,69.8,0.0,1000.0,0.0,-1000.0,323500.0,500.0,0.0,-500.0,361240.0
2024-02-11,14:35,202405010609,09,東京,初音ステークス(3勝),3勝クラス,1800,芝,良,13,5,コンクシェル,岩田望来,5.0,18.0,14.7,-18.33,-0.2025,0.06442,7.89,0.09729,0.05442,1.788,1.4302,1.0,1,的中,1,14.6,1460.0,1000.0,14600.0,13600.0,337100.0,1200.0,17520.0,16320.0,377560.0
2024-02-11,15:01,202408020610,10,京都,北山ステークス(3勝),3勝クラス,1800,ダート,良,15,13,ロッキーサンダー,角田大河,13.0,137.7,113.0,-17.94,-0.1977,0.00823,8.29,0.01243,0.00708,1.756,1.4049,1.0,5,不的中,0,105.1,0.0,1000.0,0.0,-1000.0,336100.0,200.0,0.0,-200.0,377360.0
2024-02-11,15:10,202405010610,10,東京,バレンタインS(OP),オープン,1400,ダート,稍重,16,16,メイショウテンスイ,大野拓弥,11.0,133.9,112.3,-16.13,-0.1759,0.00745,10.39,0.01433,0.00712,2.011,1.6089,1.0,11,不的中,0,112.3,0.0,1000.0,0.0,-1000.0,335100.0,300.0,0.0,-300.0,376660.0
2024-02-11,15:10,202405010610,10,東京,バレンタインS(OP),オープン,1400,ダート,稍重,16,13,サクセスローレル,松岡正海,10.0,34.4,24.5,-28.78,-0.3394,0.03807,10.39,0.05065,0.03265,1.551,1.2408,2.0,5,不的中,0,24.5,0.0,1000.0,0.0,-1000.0,334100.0,400.0,0.0,-400.0,376660.0
2024-02-11,16:10,202408020612,12,京都,4歳以上2勝クラス,2勝クラス,1200,ダート,良,16,16,ワーズワース,横山和生,9.0,33.5,29.2,-12.84,-0.1374,0.02912,10.32,0.0499,0.0274,1.822,1.4572,1.0,5,不的中,0,27.0,0.0,1000.0,0.0,-1000.0,333100.0,700.0,0.0,-700.0,375960.0
2024-02-17,09:50,202410020301,01,小倉,3歳未勝利,未勝利,1700,ダート,良,16,8,ミランカ,川端海翼,5.0,21.9,19.4,-11.42,-0.1212,0.04574,3.38,0.08916,0.04124,2.162,1.7297,1.0,5,不的中,0,19.4,0.0,1000.0,0.0,-1000.0,332100.0,1500.0,0.0,-1500.0,374260.0
2024-02-17,09:50,202410020301,01,小倉,3歳未勝利,未勝利,1700,ダート,良,16,4,サンセットブライト,横山琉人,8.0,81.5,71.5,-12.27,-0.1309,0.01253,3.38,0.01738,0.01119,1.553,1.2425,2.0,3,不的中,0,71.5,0.0,1000.0,0.0,-1000.0,331100.0,200.0,0.0,-200.0,374260.0
2024-02-17,10:40,202405010702,02,東京,3歳1勝クラス,1勝クラス,1400,ダート,良,16,2,エフエイト,吉田豊,12.0,103.7,62.1,-40.12,-0.5128,0.01622,5.6,0.02656,0.01288,2.061,1.6491,1.0,5,不的中,0,50.8,0.0,1000.0,0.0,-1000.0,330100.0,400.0,0.0,-400.0,373860.0
2024-02-17,11:40,202405010704,04,東京,3歳新馬,新馬,1600,ダート,良,16,2,シークレットマター,杉原誠人,7.0,15.0,13.1,-12.67,-0.1354,0.06584,5.1,0.09729,0.06107,1.593,1.2745,1.0,1,的中,1,13.1,1310.0,1000.0,13100.0,12100.0,342200.0,900.0,11790.0,10890.0,384750.0
2024-02-17,12:30,202405010705,05,東京,3歳未勝利,未勝利,2400,芝,良,18,9,クリフハンガー,菱田裕二,10.0,62.0,57.7,-6.94,-0.0719,0.01462,5.78,0.02092,0.01386,1.509,1.207,1.0,3,不的中,0,57.7,0.0,1000.0,0.0,-1000.0,341200.0,200.0,0.0,-200.0,384550.0
2024-02-17,13:05,202405010706,06,東京,3歳未勝利,未勝利,1600,芝,良,16,2,シュネルラウフェン,ピーヒュ,4.0,17.9,14.6,-18.44,-0.2038,0.06518,6.39,0.08445,0.05479,1.541,1.2329,1.0,1,的中,1,14.6,1460.0,1000.0,14600.0,13600.0,354800.0,700.0,10220.0,9520.0,394070.0
2024-02-17,13:25,202408020707,07,京都,4歳以上1勝クラス,1勝クラス,1800,ダート,稍重,11,6,シュピカ,武豊,6.0,15.9,12.6,-20.75,-0.2326,0.07043,4.25,0.09841,0.06349,1.55,1.24,1.0,7,不的中,0,12.6,0.0,1000.0,0.0,-1000.0,353800.0,900.0,0.0,-900.0,393170.0
2024-02-17,14:05,202405010708,08,東京,4歳以上2勝クラス,2勝クラス,1800,芝,良,11,1,エコルフリューゲル,原優介,8.0,99.0,61.1,-38.28,-0.4826,0.01826,6.97,0.03064,0.01309,2.34,1.872,1.0,11,不的中,0,61.1,0.0,1000.0,0.0,-1000.0,352800.0,600.0,0.0,-600.0,391870.0
2024-02-17,14:05,202405010708,08,東京,4歳以上2勝クラス,2勝クラス,1800,芝,良,11,3,ヴィルトブリーゼ,三浦皇成,6.0,51.1,31.9,-37.57,-0.4712,0.0348,6.97,0.04651,0.02508,1.854,1.4835,2.0,5,不的中,0,31.9,0.0,1000.0,0.0,-1000.0,351800.0,700.0,0.0,-700.0,391870.0
2024-02-17,14:50,202410020310,10,小倉,皿倉山特別(2勝),2勝クラス,2600,芝,良,16,1,タガノバルコス,斎藤新,11.0,84.5,60.3,-28.64,-0.3374,0.01728,4.48,0.02128,0.01327,1.604,1.2829,1.0,2,不的中,0,46.9,0.0,1000.0,0.0,-1000.0,350800.0,200.0,0.0,-200.0,391670.0
2024-02-17,15:25,202410020311,11,小倉,小倉城ステークス(3勝),3勝クラス,1700,ダート,良,16,7,ロードバルドル,勝浦正樹,15.0,114.3,102.9,-9.97,-0.1051,0.0085,6.73,0.01422,0.00777,1.828,1.4628,1.0,7,不的中,0,98.6,0.0,1000.0,0.0,-1000.0,349800.0,200.0,0.0,-200.0,391470.0
2024-02-17,15:35,202408020711,11,京都,第59回京都牝馬ステークス(GIII),G3,1400,芝,良,18,8,スマートリアン,角田大河,14.0,129.8,112.0,-13.71,-0.1475,0.0093,22.16,0.01358,0.00714,1.901,1.5204,1.0,4,不的中,0,106.5,0.0,1000.0,0.0,-1000.0,348800.0,200.0,0.0,-200.0,390870.0
2024-02-17,15:35,202408020711,11,京都,第59回京都牝馬ステークス(GIII),G3,1400,芝,良,18,2,アルーリングウェイ,Ｍ．デム,13.0,95.2,87.2,-8.4,-0.0878,0.01092,22.16,0.01433,0.00917,1.562,1.2493,2.0,15,不的中,0,87.8,0.0,1000.0,0.0,-1000.0,347800.0,200.0,0.0,-200.0,390870.0
2024-02-17,15:35,202408020711,11,京都,第59回京都牝馬ステークス(GIII),G3,1400,芝,良,18,6,シングザットソング,鮫島克駿,11.0,70.9,58.2,-17.91,-0.1974,0.01912,22.16,0.02105,0.01375,1.532,1.2252,3.0,5,不的中,0,59.1,0.0,1000.0,0.0,-1000.0,346800.0,200.0,0.0,-200.0,390870.0
2024-02-17,16:10,202408020712,12,京都,4歳以上2勝クラス,2勝クラス,1400,ダート,稍重,16,2,ダブルジョーク,横山典弘,9.0,42.3,32.5,-23.17,-0.2635,0.02808,7.92,0.04296,0.02462,1.745,1.3962,1.0,5,不的中,0,32.5,0.0,1000.0,0.0,-1000.0,345800.0,500.0,0.0,-500.0,390370.0
2024-02-17,16:25,202405010712,12,東京,4歳以上1勝クラス,1勝クラス,1600,ダート,良,16,9,スノーホルンロード,菱田裕二,6.0,23.1,14.7,-36.36,-0.452,0.07694,11.62,0.09729,0.05442,1.788,1.4302,1.0,7,不的中,0,12.2,0.0,1000.0,0.0,-1000.0,344800.0,1300.0,0.0,-1300.0,389070.0
2024-02-18,10:05,202405010801,01,東京,3歳未勝利,未勝利,1400,ダート,良,16,14,エンツォ,田辺裕信,8.0,49.4,36.6,-25.91,-0.2999,0.02648,6.53,0.03334,0.02186,1.526,1.2204,1.0,13,不的中,0,36.6,0.0,1000.0,0.0,-1000.0,343800.0,300.0,0.0,-300.0,388770.0
2024-02-18,10:25,202408020802,02,京都,3歳未勝利,未勝利,1200,ダート,稍重,15,15,エクステンシヴリー,ルメート,4.0,27.7,15.7,-43.32,-0.5678,0.06535,4.56,0.09729,0.05096,1.909,1.5275,1.0,5,不的中,0,15.7,0.0,1000.0,0.0,-1000.0,342800.0,1400.0,0.0,-1400.0,387370.0
2024-02-18,10:45,202410020403,03,小倉,4歳以上1勝クラス,1勝クラス,1000,ダート,良,14,9,シックザイン,勝浦正樹,11.0,100.4,68.6,-31.67,-0.3809,0.01304,4.02,0.02599,0.01166,2.228,1.7826,1.0,4,不的中,0,68.6,0.0,1000.0,0.0,-1000.0,341800.0,500.0,0.0,-500.0,386870.0
2024-02-18,10:55,202408020803,03,京都,3歳未勝利,未勝利,1900,ダート,稍重,15,3,マジカルレイズ,藤懸貴志,12.0,82.5,62.0,-24.85,-0.2857,0.01451,4.62,0.02192,0.0129,1.699,1.359,1.0,6,不的中,0,62.0,0.0,1000.0,0.0,-1000.0,340800.0,300.0,0.0,-300.0,385670.0
2024-02-18,10:55,202408020803,03,京都,3歳未勝利,未勝利,1900,ダート,稍重,15,5,マジックブルー,国分優作,8.0,18.3,15.0,-18.03,-0.1989,0.05811,4.62,0.0875,0.05333,1.641,1.3125,2.0,5,不的中,0,15.0,0.0,1000.0,0.0,-1000.0,339800.0,900.0,0.0,-900.0,385670.0
2024-02-18,12:25,202405010805,05,東京,3歳1勝クラス,1勝クラス,1600,芝,良,12,9,ユキノロイヤル,石橋脩,7.0,51.7,28.3,-45.26,-0.6026,0.03601,6.84,0.04296,0.02827,1.52,1.2157,1.0,10,不的中,0,28.3,0.0,1000.0,0.0,-1000.0,338800.0,400.0,0.0,-400.0,385270.0
2024-02-18,12:55,202405010806,06,東京,4歳以上1勝クラス,1勝クラス,1800,芝,良,16,6,レシプロシティ,岩田望来,6.0,17.6,14.4,-18.18,-0.2007,0.06151,7.89,0.09729,0.05556,1.751,1.401,1.0,6,不的中,0,14.4,0.0,1000.0,0.0,-1000.0,337800.0,1200.0,0.0,-1200.0,383070.0
2024-02-18,12:55,202405010806,06,東京,4歳以上1勝クラス,1勝クラス,1800,芝,良,16,13,ゴールドシーン,戸崎圭太,5.0,16.7,13.2,-20.96,-0.2352,0.06827,7.89,0.09841,0.06061,1.624,1.299,2.0,5,不的中,0,13.2,0.0,1000.0,0.0,-1000.0,336800.0,1000.0,0.0,-1000.0,383070.0
2024-02-18,13:25,202405010807,07,東京,4歳以上2勝クラス,2勝クラス,2100,ダート,良,16,16,ペイシャモノノフ,小林勝太,10.0,109.6,83.5,-23.81,-0.272,0.01114,8.57,0.0191,0.00958,1.994,1.595,1.0,5,不的中,0,83.5,0.0,1000.0,0.0,-1000.0,335800.0,300.0,0.0,-300.0,382470.0
2024-02-18,13:25,202405010807,07,東京,4歳以上2勝クラス,2勝クラス,2100,ダート,良,16,15,クリーンドリーム,岩田望来,8.0,88.6,46.9,-47.07,-0.6361,0.02249,8.57,0.02656,0.01706,1.557,1.2455,2.0,14,不的中,0,46.9,0.0,1000.0,0.0,-1000.0,334800.0,300.0,0.0,-300.0,382470.0
2024-02-18,14:25,202405010809,09,東京,ヒヤシンスステークス(L),リステッド,1600,ダート,良,11,3,バナマンテソーロ,松山弘平,9.0,59.0,48.5,-17.8,-0.196,0.01854,10.81,0.02729,0.01649,1.655,1.3237,1.0,9,不的中,0,48.4,0.0,1000.0,0.0,-1000.0,333800.0,300.0,0.0,-300.0,382170.0
2024-02-18,14:40,202410020410,10,小倉,唐戸特別(2勝),2勝クラス,1200,芝,良,18,7,イイヒニナル,鷲頭虎太,13.0,69.7,65.4,-6.17,-0.0637,0.01315,4.97,0.02237,0.01223,1.829,1.4631,1.0,17,不的中,0,65.4,0.0,1000.0,0.0,-1000.0,332800.0,300.0,0.0,-300.0,381870.0
2024-02-18,15:20,202410020411,11,小倉,第58回小倉大賞典(GIII),G3,1800,芝,良,16,9,セルバーグ,今村聖奈,10.0,35.5,18.8,-47.04,-0.6357,0.0717,15.49,0.09729,0.04255,2.286,1.8291,1.0,3,不的中,0,18.8,0.0,1000.0,0.0,-1000.0,331800.0,1800.0,0.0,-1800.0,380070.0
2024-02-18,16:10,202410020412,12,小倉,4歳以上1勝クラス,1勝クラス,1200,芝,良,18,11,ルールザウイングス,富田暁,17.0,77.8,68.1,-12.47,-0.1332,0.01436,7.55,0.02525,0.01175,2.149,1.7194,1.0,9,不的中,0,69.7,0.0,1000.0,0.0,-1000.0,330800.0,500.0,0.0,-500.0,378270.0
2024-02-18,16:10,202410020412,12,小倉,4歳以上1勝クラス,1勝クラス,1200,芝,良,18,1,デイトンウェイ,西塚洸二,8.0,24.8,16.3,-34.27,-0.4197,0.08244,7.55,0.09288,0.04908,1.892,1.5139,2.0,11,不的中,0,15.3,0.0,1000.0,0.0,-1000.0,329800.0,1300.0,0.0,-1300.0,378270.0
2024-02-24,09:50,202410020501,01,小倉,3歳未勝利,未勝利,1700,ダート,重,16,6,バッジオブオナー,藤岡佑介,3.0,24.1,16.4,-31.95,-0.3849,0.06292,3.68,0.09288,0.04878,1.904,1.5232,1.0,13,不的中,0,12.3,0.0,1000.0,0.0,-1000.0,328800.0,1300.0,0.0,-1300.0,376970.0
2024-02-24,10:15,202410020502,02,小倉,3歳未勝利,未勝利,1200,芝,重,18,16,ハクサンクリスタル,和田竜二,9.0,49.8,46.1,-7.43,-0.0772,0.01756,3.6,0.02729,0.01735,1.573,1.2582,1.0,7,不的中,0,46.2,0.0,1000.0,0.0,-1000.0,327800.0,300.0,0.0,-300.0,376670.0
2024-02-24,10:45,202410020503,03,小倉,3歳未勝利,未勝利,1000,ダート,重,14,8,サンプルメリア,川端海翼,7.0,18.6,14.0,-24.73,-0.2841,0.06265,4.4,0.09729,0.05714,1.703,1.3621,1.0,8,不的中,0,14.0,0.0,1000.0,0.0,-1000.0,326800.0,1100.0,0.0,-1100.0,375570.0
2024-02-24,12:05,202410020505,05,小倉,3歳未勝利,未勝利,2000,芝,重,18,5,エクセルゴールド,丹内祐次,6.0,16.3,13.6,-16.56,-0.1811,0.07234,4.37,0.08937,0.05882,1.519,1.2154,1.0,7,不的中,0,12.4,0.0,1000.0,0.0,-1000.0,325800.0,700.0,0.0,-700.0,374870.0
2024-02-24,12:15,202409010105,05,阪神,3歳未勝利,未勝利,2000,芝,稍重,13,2,アスクカムオンモア,北村友一,7.0,16.7,13.6,-18.56,-0.2053,0.06753,6.83,0.09729,0.05882,1.654,1.3232,1.0,6,不的中,0,13.7,0.0,1000.0,0.0,-1000.0,324800.0,1000.0,0.0,-1000.0,372970.0
2024-02-24,12:15,202409010105,05,阪神,3歳未勝利,未勝利,2000,芝,稍重,13,11,シンクグッド,ルメート,5.0,22.5,13.2,-41.33,-0.5333,0.08146,6.83,0.09729,0.06061,1.605,1.2843,2.0,10,不的中,0,13.3,0.0,1000.0,0.0,-1000.0,323800.0,900.0,0.0,-900.0,372970.0
2024-02-24,12:25,202406020105,05,中山,3歳未勝利,未勝利,2000,芝,稍重,16,16,ヒラボクヒーロー,大野拓弥,7.0,33.2,20.3,-38.86,-0.4919,0.04915,5.16,0.0919,0.03941,2.332,1.8657,1.0,12,不的中,0,20.3,0.0,1000.0,0.0,-1000.0,322800.0,1700.0,0.0,-1700.0,371270.0
2024-02-24,12:55,202406020106,06,中山,3歳未勝利,未勝利,1800,ダート,稍重,16,5,トーセンレスター,横山和生,3.0,15.3,12.4,-18.95,-0.2102,0.07543,5.34,0.10035,0.06452,1.555,1.2444,1.0,1,的中,1,12.4,1240.0,1000.0,12400.0,11400.0,334200.0,800.0,9920.0,9120.0,380390.0
2024-02-24,14:01,202406020108,08,中山,4歳以上1勝クラス,1勝クラス,1800,ダート,稍重,12,5,ブライテストドーン,戸崎圭太,5.0,15.7,13.1,-16.56,-0.181,0.06935,6.52,0.09288,0.06107,1.521,1.2167,1.0,5,不的中,0,13.1,0.0,1000.0,0.0,-1000.0,333200.0,700.0,0.0,-700.0,379690.0
2024-02-24,14:25,202409010109,09,阪神,すみれステークス(L),リステッド,2200,芝,良,10,5,カーメルタザイト,北村友一,8.0,22.3,15.0,-32.74,-0.3965,0.07109,10.19,0.10525,0.05333,1.973,1.5788,1.0,5,不的中,0,15.0,0.0,1000.0,0.0,-1000.0,332200.0,1600.0,0.0,-1600.0,378090.0
2024-02-24,15:01,202409010110,10,阪神,伊丹ステークス(3勝),3勝クラス,1800,ダート,稍重,13,8,アスクビックスター,古川奈穂,9.0,55.4,52.1,-5.96,-0.0614,0.01618,8.36,0.02512,0.01536,1.636,1.3087,1.0,11,不的中,0,47.5,0.0,1000.0,0.0,-1000.0,331200.0,300.0,0.0,-300.0,377790.0
2024-02-24,15:35,202409010111,11,阪神,仁川ステークス(L),リステッド,2000,ダート,稍重,16,9,ラインオブソウル,松若風馬,11.0,69.5,41.8,-39.86,-0.5084,0.02928,16.31,0.04296,0.01914,2.245,1.7957,1.0,12,不的中,0,37.3,0.0,1000.0,0.0,-1000.0,330200.0,800.0,0.0,-800.0,375490.0
2024-02-24,15:35,202409010111,11,阪神,仁川ステークス(L),リステッド,2000,ダート,稍重,16,15,ビヨンドザファザー,Ｍ．デム,7.0,21.6,16.2,-25.0,-0.2877,0.06548,16.31,0.09729,0.04938,1.97,1.5761,2.0,10,不的中,0,15.8,0.0,1000.0,0.0,-1000.0,329200.0,1500.0,0.0,-1500.0,375490.0
2024-02-24,16:01,202410020512,12,小倉,4歳以上1勝クラス,1勝クラス,1200,芝,稍重,18,10,ミネヒメ,水沼元輝,11.0,55.5,46.6,-16.04,-0.1748,0.01879,6.65,0.0261,0.01717,1.521,1.2164,1.0,5,不的中,0,42.0,0.0,1000.0,0.0,-1000.0,328200.0,200.0,0.0,-200.0,374890.0
2024-02-24,16:01,202410020512,12,小倉,4歳以上1勝クラス,1勝クラス,1200,芝,稍重,18,7,カフェクロニクル,菱田裕二,7.0,31.5,23.2,-26.35,-0.3058,0.0405,6.65,0.05222,0.03448,1.514,1.2115,2.0,3,不的中,0,17.4,0.0,1000.0,0.0,-1000.0,327200.0,400.0,0.0,-400.0,374890.0
2024-02-24,16:25,202406020112,12,中山,4歳以上2勝クラス,2勝クラス,1200,ダート,稍重,16,3,クリーデンス,戸崎圭太,12.0,35.7,31.2,-12.61,-0.1347,0.02924,12.14,0.0472,0.02564,1.841,1.4728,1.0,14,不的中,0,31.5,0.0,1000.0,0.0,-1000.0,326200.0,600.0,0.0,-600.0,372890.0
2024-02-24,16:25,202406020112,12,中山,4歳以上2勝クラス,2勝クラス,1200,ダート,稍重,16,8,ビターゼノビア,大野拓弥,10.0,38.3,26.5,-30.81,-0.3683,0.04085,12.14,0.0553,0.03019,1.832,1.4654,2.0,16,不的中,0,26.4,0.0,1000.0,0.0,-1000.0,325200.0,700.0,0.0,-700.0,372890.0
2024-02-24,16:25,202406020112,12,中山,4歳以上2勝クラス,2勝クラス,1200,ダート,稍重,16,10,カンザシ,キング,6.0,15.5,12.4,-20.0,-0.2231,0.07915,12.14,0.09729,0.06452,1.508,1.2064,3.0,3,不的中,0,12.5,0.0,1000.0,0.0,-1000.0,324200.0,700.0,0.0,-700.0,372890.0
2024-02-25,09:50,202410020601,01,小倉,3歳未勝利,未勝利,1700,ダート,重,16,15,タイセイガスト,富田暁,11.0,118.7,88.3,-25.61,-0.2959,0.01141,3.74,0.02105,0.00906,2.324,1.8589,1.0,11,不的中,0,88.8,0.0,1000.0,0.0,-1000.0,323200.0,400.0,0.0,-400.0,370990.0
2024-02-25,09:50,202410020601,01,小倉,3歳未勝利,未勝利,1700,ダート,重,16,2,アルピニスト,秋山稔樹,10.0,71.6,35.7,-50.14,-0.6959,0.03381,3.74,0.04054,0.02241,1.809,1.4474,2.0,7,不的中,0,31.8,0.0,1000.0,0.0,-1000.0,322200.0,500.0,0.0,-500.0,370990.0
2024-02-25,09:50,202410020601,01,小倉,3歳未勝利,未勝利,1700,ダート,重,16,13,パレスパートナー,小林美駒,5.0,16.1,13.4,-16.77,-0.1836,0.06979,3.74,0.09729,0.0597,1.63,1.3037,3.0,2,不的中,0,12.9,0.0,1000.0,0.0,-1000.0,321200.0,1000.0,0.0,-1000.0,370990.0
2024-02-25,10:50,202410020603,03,小倉,4歳以上1勝クラス,1勝クラス,1000,ダート,重,14,6,ニルアドミラリ,丸山元気,5.0,21.6,15.2,-29.63,-0.3514,0.06094,5.09,0.09729,0.05263,1.849,1.4788,1.0,2,不的中,0,15.3,0.0,1000.0,0.0,-1000.0,320200.0,1300.0,0.0,-1300.0,369690.0
2024-02-25,11:00,202409010203,03,阪神,3歳未勝利,未勝利,2000,ダート,不良,11,9,ケイアイアンタレス,和田竜二,5.0,14.2,13.1,-7.75,-0.0806,0.06341,4.01,0.09729,0.06107,1.593,1.2745,1.0,5,不的中,0,13.2,0.0,1000.0,0.0,-1000.0,319200.0,900.0,0.0,-900.0,368790.0
2024-02-25,12:20,202409010205,05,阪神,3歳1勝クラス,1勝クラス,1200,ダート,不良,10,5,エコロエイト,松山弘平,5.0,22.2,14.9,-32.88,-0.3987,0.06424,6.5,0.09729,0.05369,1.812,1.4496,1.0,8,不的中,0,14.9,0.0,1000.0,0.0,-1000.0,318200.0,1200.0,0.0,-1200.0,367590.0
2024-02-25,12:30,202406020205,05,中山,3歳未勝利,未勝利,1600,芝,稍重,16,9,ビルカバンバ,杉原誠人,11.0,106.0,76.3,-28.02,-0.3288,0.01214,6.12,0.01765,0.01048,1.683,1.3467,1.0,10,不的中,0,76.3,0.0,1000.0,0.0,-1000.0,317200.0,200.0,0.0,-200.0,367390.0
2024-02-25,13:10,202410020607,07,小倉,4歳以上1勝クラス,1勝クラス,2600,芝,稍重,13,2,ティータイム,西塚洸二,9.0,40.9,31.8,-22.25,-0.2517,0.02748,3.43,0.0382,0.02516,1.518,1.2147,1.0,5,不的中,0,26.1,0.0,1000.0,0.0,-1000.0,316200.0,300.0,0.0,-300.0,367090.0
2024-02-25,14:25,202409010209,09,阪神,松籟ステークス(3勝),3勝クラス,3000,芝,重,12,10,アスティ,松若風馬,11.0,90.3,59.5,-34.11,-0.4172,0.01652,6.21,0.02656,0.01345,1.975,1.5801,1.0,5,不的中,0,59.5,0.0,1000.0,0.0,-1000.0,315200.0,400.0,0.0,-400.0,366690.0
2024-02-25,14:35,202406020209,09,中山,デイジー賞(1勝),1勝クラス,1800,芝,稍重,13,11,テリオスルル,菅原明良,6.0,15.0,10.5,-30.0,-0.3567,0.0929,9.15,0.1162,0.07619,1.525,1.22,1.0,7,不的中,0,10.5,0.0,1000.0,0.0,-1000.0,314200.0,900.0,0.0,-900.0,365790.0
2024-02-25,15:25,202410020611,11,小倉,下関ステークス(3勝),3勝クラス,1200,芝,稍重,17,11,エコロレジーナ,菊沢一樹,7.0,30.8,13.9,-54.87,-0.7956,0.10291,8.62,0.09841,0.05755,1.71,1.3679,1.0,2,不的中,0,13.7,0.0,1000.0,0.0,-1000.0,313200.0,1100.0,0.0,-1100.0,364690.0
2024-02-25,15:35,202409010211,11,阪神,第68回阪急杯(GIII),G3,1400,芝,重,18,14,エンペザー,高倉稜,13.0,192.6,110.0,-42.89,-0.5601,0.01402,24.42,0.02525,0.00727,3.472,2.7773,1.0,16,不的中,0,109.9,0.0,1000.0,0.0,-1000.0,312200.0,600.0,0.0,-600.0,364090.0
2024-02-25,15:45,202406020211,11,中山,第98回中山記念(GII),G2,1800,芝,稍重,16,1,レッドモンレーヴ,横山和生,8.0,25.8,19.1,-25.97,-0.3007,0.06172,47.7,0.09923,0.04188,2.369,1.8954,1.0,15,不的中,0,17.2,0.0,1000.0,0.0,-1000.0,311200.0,1900.0,0.0,-1900.0,383330.0
2024-02-25,15:45,202406020211,11,中山,第98回中山記念(GII),G2,1800,芝,稍重,16,8,マテンロウスカイ,横山典弘,7.0,22.2,16.1,-27.48,-0.3213,0.07464,47.7,0.09729,0.04969,1.958,1.5664,2.0,1,的中,1,16.1,1610.0,1000.0,16100.0,15100.0,326300.0,1400.0,22540.0,21140.0,383330.0
2024-02-25,16:01,202410020612,12,小倉,4歳以上1勝クラス,1勝クラス,1800,芝,稍重,10,1,クインズステラ,藤岡佑介,6.0,14.5,13.4,-7.59,-0.0789,0.06093,7.45,0.09729,0.0597,1.63,1.3037,1.0,3,不的中,0,13.4,0.0,1000.0,0.0,-1000.0,325300.0,1000.0,0.0,-1000.0,382330.0
2024-03-02,10:10,202406020301,01,中山,3歳未勝利,未勝利,1200,ダート,重,16,10,チェルシー,吉田豊,4.0,16.9,14.4,-14.79,-0.1601,0.06456,5.28,0.09415,0.05556,1.695,1.3557,1.0,5,不的中,0,14.4,0.0,1000.0,0.0,-1000.0,324300.0,1100.0,0.0,-1100.0,381230.0
2024-03-02,10:40,202406020302,02,中山,3歳未勝利,未勝利,1800,ダート,重,16,4,ザロック,石神深道,4.0,15.9,14.0,-11.95,-0.1273,0.06012,4.8,0.091,0.05714,1.593,1.274,1.0,7,不的中,0,13.9,0.0,1000.0,0.0,-1000.0,323300.0,900.0,0.0,-900.0,380330.0
2024-03-02,11:00,202409010303,03,阪神,3歳未勝利,未勝利,1800,ダート,重,14,8,ミレフォス,古川奈穂,5.0,15.6,13.3,-14.74,-0.1595,0.06443,5.49,0.09288,0.06015,1.544,1.2353,1.0,8,不的中,0,13.3,0.0,1000.0,0.0,-1000.0,322300.0,800.0,0.0,-800.0,379530.0
2024-03-02,11:30,202409010304,04,阪神,3歳未勝利,未勝利,1800,芝,稍重,18,1,デファイ,団野大成,9.0,96.1,52.5,-45.37,-0.6046,0.02238,6.3,0.02729,0.01524,1.791,1.4328,1.0,4,不的中,0,52.5,0.0,1000.0,0.0,-1000.0,321300.0,400.0,0.0,-400.0,379130.0
2024-03-02,12:45,202410020706,06,小倉,3歳未勝利,未勝利,2000,芝,稍重,15,9,マイネルコモドーア,富田暁,11.0,107.6,99.8,-7.25,-0.0753,0.00852,3.9,0.01391,0.00802,1.735,1.3884,1.0,7,不的中,0,99.8,0.0,1000.0,0.0,-1000.0,320300.0,200.0,0.0,-200.0,378930.0
2024-03-02,13:55,202409010308,08,阪神,4歳以上1勝クラス,1勝クラス,1400,ダート,稍重,14,9,グローリーカフェ,今村聖奈,10.0,63.7,53.7,-15.7,-0.1708,0.01641,4.19,0.0248,0.0149,1.664,1.3316,1.0,7,不的中,0,38.9,0.0,1000.0,0.0,-1000.0,319300.0,300.0,0.0,-300.0,378630.0
2024-03-02,14:05,202406020308,08,中山,4歳以上1勝クラス,1勝クラス,1600,芝,稍重,16,3,スウィーヴェモワ,大野拓弥,5.0,13.4,12.5,-6.72,-0.0695,0.06744,5.53,0.09729,0.064,1.52,1.2161,1.0,10,不的中,0,13.0,0.0,1000.0,0.0,-1000.0,318300.0,800.0,0.0,-800.0,377230.0
2024-03-02,14:05,202406020308,08,中山,4歳以上1勝クラス,1勝クラス,1600,芝,稍重,16,14,シルバージュエリー,杉原誠人,6.0,15.7,14.8,-5.73,-0.059,0.05651,5.53,0.08124,0.05405,1.503,1.2023,2.0,6,不的中,0,15.4,0.0,1000.0,0.0,-1000.0,317300.0,600.0,0.0,-600.0,377230.0
2024-03-02,14:50,202410020710,10,小倉,高千穂特別(1勝),1勝クラス,1800,芝,稍重,13,10,カシノインディード,川又賢治,13.0,115.8,98.4,-15.03,-0.1628,0.00933,4.23,0.01391,0.00813,1.711,1.3689,1.0,12,不的中,0,102.3,0.0,1000.0,0.0,-1000.0,316300.0,200.0,0.0,-200.0,376730.0
2024-03-02,14:50,202410020710,10,小倉,高千穂特別(1勝),1勝クラス,1800,芝,稍重,13,6,ニホンピロマリブ,吉田隼人,10.0,62.9,48.2,-23.37,-0.2662,0.02045,4.23,0.02656,0.0166,1.6,1.28,2.0,10,不的中,0,47.9,0.0,1000.0,0.0,-1000.0,315300.0,300.0,0.0,-300.0,376730.0
2024-03-02,15:01,202409010310,10,阪神,なにわステークス(3勝),3勝クラス,1200,ダート,稍重,16,10,テイエムランウェイ,田辺裕信,7.0,49.5,29.1,-41.21,-0.5312,0.04019,6.92,0.05258,0.02749,1.912,1.53,1.0,8,不的中,0,25.5,0.0,1000.0,0.0,-1000.0,314300.0,800.0,0.0,-800.0,375930.0
2024-03-02,15:25,202410020711,11,小倉,早鞆特別(2勝),2勝クラス,1700,ダート,稍重,16,5,ミエノナイスガイ,菱田裕二,14.0,117.3,85.5,-27.11,-0.3162,0.01225,6.51,0.02438,0.00936,2.606,2.0846,1.0,9,不的中,0,79.9,0.0,1000.0,0.0,-1000.0,313300.0,500.0,0.0,-500.0,375230.0
2024-03-02,15:25,202410020711,11,小倉,早鞆特別(2勝),2勝クラス,1700,ダート,稍重,16,3,ミヤビクライ,長岡禎仁,12.0,49.8,46.1,-7.43,-0.0772,0.01877,6.51,0.02656,0.01735,1.53,1.2242,2.0,14,不的中,0,43.0,0.0,1000.0,0.0,-1000.0,312300.0,200.0,0.0,-200.0,375230.0
2024-03-02,15:35,202409010311,11,阪神,第31回チューリップ賞(GII),G2,1600,芝,稍重,16,4,ワイドラトゥール,北村友一,7.0,21.6,13.1,-39.35,-0.5001,0.10582,27.94,0.09841,0.06107,1.611,1.2892,1.0,13,不的中,0,13.0,0.0,1000.0,0.0,-1000.0,311300.0,900.0,0.0,-900.0,374330.0
2024-03-02,16:10,202409010312,12,阪神,4歳以上2勝クラス,2勝クラス,1400,芝,稍重,13,12,カールスモーキー,西村淳也,7.0,56.7,48.3,-14.81,-0.1603,0.01822,8.65,0.02729,0.01656,1.648,1.3182,1.0,11,不的中,0,48.9,0.0,1000.0,0.0,-1000.0,310300.0,300.0,0.0,-300.0,374030.0
2024-03-02,16:25,202406020312,12,中山,4歳以上2勝クラス,2勝クラス,1800,ダート,重,13,12,バンブーグローブ,Ｍ．デム,6.0,24.0,15.3,-36.25,-0.4502,0.07152,11.8,0.09841,0.05229,1.882,1.5057,1.0,4,不的中,0,15.0,0.0,1000.0,0.0,-1000.0,309300.0,1400.0,0.0,-1400.0,372630.0
2024-03-03,10:01,202409010401,01,阪神,3歳未勝利,未勝利,1200,ダート,稍重,16,10,エイシンボーノ,小崎綾也,12.0,167.5,111.0,-33.73,-0.4115,0.00943,4.04,0.01433,0.00721,1.988,1.5903,1.0,12,不的中,0,104.1,0.0,1000.0,0.0,-1000.0,308300.0,200.0,0.0,-200.0,372430.0
2024-03-03,11:00,202409010403,03,阪神,3歳未勝利,未勝利,1400,ダート,稍重,16,5,セザンステート,鮫島良太,14.0,137.7,115.9,-15.83,-0.1723,0.00769,4.61,0.0138,0.0069,2.0,1.5996,1.0,14,不的中,0,115.6,0.0,1000.0,0.0,-1000.0,307300.0,200.0,0.0,-200.0,372230.0
2024-03-03,11:10,202406020403,03,中山,3歳未勝利,未勝利,1800,ダート,稍重,16,13,ウインクリード,松岡正海,7.0,19.0,17.0,-10.53,-0.1112,0.05041,6.27,0.08302,0.04706,1.764,1.4113,1.0,13,不的中,0,16.4,0.0,1000.0,0.0,-1000.0,306300.0,1000.0,0.0,-1000.0,371230.0
2024-03-03,11:40,202406020404,04,中山,3歳1勝クラス,1勝クラス,1200,ダート,稍重,16,9,エスカル,横山和生,7.0,14.9,13.6,-8.72,-0.0913,0.06051,7.48,0.10035,0.05882,1.706,1.3648,1.0,3,不的中,0,13.5,0.0,1000.0,0.0,-1000.0,305300.0,1100.0,0.0,-1100.0,370130.0
2024-03-03,13:40,202410020808,08,小倉,4歳以上1勝クラス,1勝クラス,1700,ダート,稍重,11,10,タガノチョコラータ,柴田裕一,7.0,22.6,13.3,-41.15,-0.5302,0.06899,4.24,0.10829,0.06015,1.8,1.4402,1.0,2,不的中,0,11.1,0.0,1000.0,0.0,-1000.0,304300.0,1400.0,0.0,-1400.0,368730.0
2024-03-03,14:50,202410020810,10,小倉,西日本新聞杯(2勝),2勝クラス,1200,芝,稍重,18,12,メイショウフンケイ,小沢大仁,11.0,56.8,34.2,-39.79,-0.5073,0.03171,5.57,0.06151,0.02339,2.63,2.1038,1.0,1,的中,1,34.2,3420.0,1000.0,34200.0,33200.0,337500.0,1300.0,44460.0,43160.0,410590.0
2024-03-03,14:50,202410020810,10,小倉,西日本新聞杯(2勝),2勝クラス,1200,芝,稍重,18,2,ナバロン,丸山元気,9.0,42.8,27.3,-36.21,-0.4497,0.03878,5.57,0.06838,0.0293,2.333,1.8668,2.0,15,不的中,0,27.3,0.0,1000.0,0.0,-1000.0,336500.0,1300.0,0.0,-1300.0,410590.0
2024-03-03,15:01,202409010410,10,阪神,戎橋ステークス(3勝),3勝クラス,1400,芝,良,14,4,ブラックシールド,ムルザバ,9.0,40.2,31.2,-22.39,-0.2534,0.03005,8.3,0.04414,0.02564,1.721,1.3772,1.0,10,不的中,0,31.3,0.0,1000.0,0.0,-1000.0,335500.0,600.0,0.0,-600.0,409590.0
2024-03-03,15:01,202409010410,10,阪神,戎橋ステークス(3勝),3勝クラス,1400,芝,良,14,3,ミツルハピネス,荻野極,10.0,35.8,31.9,-10.89,-0.1153,0.02697,8.3,0.04054,0.02508,1.617,1.2934,2.0,5,不的中,0,31.8,0.0,1000.0,0.0,-1000.0,334500.0,400.0,0.0,-400.0,409590.0
2024-03-03,15:10,202406020410,10,中山,総武ステークス(OP),オープン,1800,ダート,稍重,15,10,サトノロイヤル,石橋脩,11.0,104.2,72.2,-30.71,-0.3669,0.01417,10.97,0.0215,0.01108,1.941,1.5526,1.0,8,不的中,0,70.8,0.0,1000.0,0.0,-1000.0,333500.0,400.0,0.0,-400.0,408090.0
2024-03-03,15:10,202406020410,10,中山,総武ステークス(OP),オープン,1800,ダート,稍重,15,5,パワーブローキング,大野拓弥,12.0,104.2,98.7,-5.28,-0.0542,0.00834,10.97,0.01358,0.00811,1.675,1.3399,2.0,10,不的中,0,96.6,0.0,1000.0,0.0,-1000.0,332500.0,200.0,0.0,-200.0,408090.0
2024-03-03,15:10,202406020410,10,中山,総武ステークス(OP),オープン,1800,ダート,稍重,15,8,キタノヴィジョン,原優介,7.0,18.0,14.5,-19.44,-0.2162,0.06445,10.97,0.08937,0.05517,1.62,1.2958,3.0,3,不的中,0,13.1,0.0,1000.0,0.0,-1000.0,331500.0,900.0,0.0,-900.0,408090.0
2024-03-03,15:25,202410020811,11,小倉,関門橋ステークス(3勝),3勝クラス,2000,芝,稍重,14,10,ヒヅルジョウ,菱田裕二,14.0,103.9,77.8,-25.12,-0.2893,0.01399,8.83,0.02243,0.01028,2.181,1.7451,1.0,12,不的中,0,69.4,0.0,1000.0,0.0,-1000.0,330500.0,400.0,0.0,-400.0,406590.0
2024-03-03,15:25,202410020811,11,小倉,関門橋ステークス(3勝),3勝クラス,2000,芝,稍重,14,11,ウィズユアドリーム,吉田隼人,5.0,18.6,14.8,-20.43,-0.2285,0.06979,8.83,0.09137,0.05405,1.69,1.3522,2.0,14,不的中,0,14.2,0.0,1000.0,0.0,-1000.0,329500.0,1100.0,0.0,-1100.0,406590.0
2024-03-03,15:35,202409010411,11,阪神,大阪城ステークス(L),リステッド,1800,芝,良,15,5,ショウナンマグマ,団野大成,7.0,21.1,15.7,-25.59,-0.2956,0.06761,14.43,0.09729,0.05096,1.909,1.5275,1.0,3,不的中,0,15.7,0.0,1000.0,0.0,-1000.0,328500.0,1500.0,0.0,-1500.0,404890.0
2024-03-03,15:35,202409010411,11,阪神,大阪城ステークス(L),リステッド,1800,芝,良,15,3,パクスオトマニカ,角田大河,10.0,55.1,50.7,-7.99,-0.0832,0.01731,14.43,0.02401,0.01578,1.522,1.2174,2.0,13,不的中,0,50.7,0.0,1000.0,0.0,-1000.0,327500.0,200.0,0.0,-200.0,404890.0
2024-03-09,09:50,202407010101,01,中京,3歳未勝利,未勝利,1400,ダート,稍重,16,13,ビロウィダダ,荻野極,11.0,130.5,99.3,-23.91,-0.2732,0.01092,3.47,0.02105,0.00806,2.613,2.0905,1.0,8,不的中,0,92.4,0.0,1000.0,0.0,-1000.0,326500.0,500.0,0.0,-500.0,404390.0
2024-03-09,10:05,202406020501,01,中山,3歳未勝利,未勝利,1800,ダート,重,14,9,リアルアメリカン,北村宏司,8.0,20.6,15.1,-26.7,-0.3106,0.06362,4.73,0.10035,0.05298,1.894,1.5153,1.0,5,不的中,0,15.1,0.0,1000.0,0.0,-1000.0,325500.0,1500.0,0.0,-1500.0,402890.0
2024-03-09,10:15,202407010102,02,中京,3歳未勝利,未勝利,1400,芝,良,18,9,コワン,西塚洸二,12.0,67.9,60.7,-10.6,-0.1121,0.01341,3.19,0.02438,0.01318,1.85,1.4799,1.0,15,不的中,0,61.0,0.0,1000.0,0.0,-1000.0,324500.0,400.0,0.0,-400.0,402490.0
2024-03-09,10:25,202409010502,02,阪神,3歳未勝利,未勝利,1800,ダート,良,12,3,ファッシネイトパイ,国分優作,9.0,90.2,69.7,-22.73,-0.2578,0.01283,3.83,0.02599,0.01148,2.264,1.8112,1.0,4,不的中,0,69.7,0.0,1000.0,0.0,-1000.0,323500.0,500.0,0.0,-500.0,401190.0
2024-03-09,10:25,202409010502,02,阪神,3歳未勝利,未勝利,1800,ダート,良,12,8,カレンワッツアップ,古川吉洋,5.0,13.1,12.2,-6.87,-0.0712,0.06652,3.83,0.09841,0.06557,1.501,1.2006,2.0,3,不的中,0,12.2,0.0,1000.0,0.0,-1000.0,322500.0,800.0,0.0,-800.0,401190.0
2024-03-09,10:55,202409010503,03,阪神,3歳未勝利,未勝利,1400,ダート,良,16,2,アクロポリス,鮫島克駿,3.0,14.8,13.6,-8.11,-0.0846,0.0616,3.76,0.08836,0.05882,1.502,1.2016,1.0,8,不的中,0,13.6,0.0,1000.0,0.0,-1000.0,321500.0,700.0,0.0,-700.0,400490.0
2024-03-09,11:25,202409010504,04,阪神,3歳未勝利,未勝利,2000,芝,良,13,1,オランジェロ,松山弘平,6.0,21.2,14.4,-32.08,-0.3868,0.06545,4.57,0.09729,0.05556,1.751,1.401,1.0,9,不的中,0,14.4,0.0,1000.0,0.0,-1000.0,320500.0,1200.0,0.0,-1200.0,399290.0
2024-03-09,12:05,202407010105,05,中京,3歳未勝利,未勝利,1600,芝,良,15,5,マイネルコンポート,丸山元気,6.0,31.0,19.9,-35.81,-0.4433,0.05855,4.46,0.08151,0.0402,2.027,1.622,1.0,7,不的中,0,19.9,0.0,1000.0,0.0,-1000.0,319500.0,1400.0,0.0,-1400.0,397890.0
2024-03-09,12:15,202409010505,05,阪神,3歳未勝利,未勝利,1600,芝,良,15,3,ビッグポケット,酒井学,8.0,70.4,54.4,-22.73,-0.2578,0.01722,6.21,0.02296,0.01471,1.562,1.2493,1.0,13,不的中,0,54.4,0.0,1000.0,0.0,-1000.0,318500.0,200.0,0.0,-200.0,397690.0
2024-03-09,14:15,202407010109,09,中京,伊良湖特別(2勝),2勝クラス,1200,ダート,良,16,12,アイファースキャン,丸山元気,13.0,80.8,60.2,-25.5,-0.2943,0.01648,4.59,0.01997,0.01329,1.503,1.2021,1.0,5,不的中,0,60.3,0.0,1000.0,0.0,-1000.0,317500.0,200.0,0.0,-200.0,397490.0
2024-03-09,14:35,202406020509,09,中山,鎌ケ谷特別(2勝),2勝クラス,1800,ダート,重,16,8,ピオノノ,横山和生,12.0,85.6,71.9,-16.0,-0.1744,0.01228,6.02,0.01754,0.01113,1.576,1.261,1.0,12,不的中,0,71.9,0.0,1000.0,0.0,-1000.0,316500.0,200.0,0.0,-200.0,397290.0
2024-03-09,15:01,202409010510,10,阪神,難波ステークス(3勝),3勝クラス,1800,芝,良,10,1,ポッドボレット,武豊,4.0,15.3,12.6,-17.65,-0.1942,0.07758,7.92,0.09729,0.06349,1.532,1.2259,1.0,9,不的中,0,12.6,0.0,1000.0,0.0,-1000.0,315500.0,800.0,0.0,-800.0,396490.0
2024-03-09,15:25,202407010111,11,中京,中京スポーツ杯(3勝),3勝クラス,1400,ダート,良,12,6,メイショウヒューマ,角田大和,11.0,76.2,36.4,-52.23,-0.7388,0.03306,8.39,0.0382,0.02198,1.738,1.3904,1.0,4,不的中,0,35.5,0.0,1000.0,0.0,-1000.0,314500.0,500.0,0.0,-500.0,395090.0
2024-03-09,15:25,202407010111,11,中京,中京スポーツ杯(3勝),3勝クラス,1400,ダート,良,12,10,ラヴケリー,亀田温心,5.0,15.1,12.8,-15.23,-0.1652,0.07139,8.39,0.09729,0.0625,1.557,1.2453,2.0,8,不的中,0,13.0,0.0,1000.0,0.0,-1000.0,313500.0,900.0,0.0,-900.0,395090.0
2024-03-09,15:35,202409010511,11,阪神,コーラルステークス(L),リステッド,1400,ダート,良,16,11,オマツリオトコ,池添謙一,15.0,95.0,68.4,-28.0,-0.3285,0.01531,14.6,0.02488,0.0117,2.127,1.7018,1.0,14,不的中,0,68.4,0.0,1000.0,0.0,-1000.0,312500.0,500.0,0.0,-500.0,393790.0
2024-03-09,15:35,202409010511,11,阪神,コーラルステークス(L),リステッド,1400,ダート,良,16,7,パラシュラーマ,松若風馬,6.0,18.2,12.6,-30.77,-0.3677,0.08507,14.6,0.09729,0.06349,1.532,1.2259,2.0,3,不的中,0,12.6,0.0,1000.0,0.0,-1000.0,311500.0,800.0,0.0,-800.0,393790.0
2024-03-09,16:01,202407010112,12,中京,4歳以上1勝クラス,1勝クラス,1400,芝,良,18,9,サザーランド,川端海翼,7.0,23.3,12.5,-46.35,-0.6227,0.08237,6.11,0.09841,0.064,1.538,1.2301,1.0,16,不的中,0,12.5,0.0,1000.0,0.0,-1000.0,310500.0,800.0,0.0,-800.0,392990.0
2024-03-10,10:40,202406020602,02,中山,3歳未勝利,未勝利,1200,ダート,稍重,16,12,ビジューレイ,小林勝太,9.0,118.7,99.4,-16.26,-0.1774,0.00864,4.61,0.01433,0.00805,1.78,1.4241,1.0,15,不的中,0,98.2,0.0,1000.0,0.0,-1000.0,309500.0,200.0,0.0,-200.0,392790.0
2024-03-10,11:35,202409010604,04,阪神,3歳未勝利,未勝利,2000,芝,良,10,4,セブンオーシャン,団野大成,7.0,105.0,96.6,-8.0,-0.0834,0.00963,6.05,0.01946,0.00828,2.35,1.8802,1.0,7,不的中,0,96.6,0.0,1000.0,0.0,-1000.0,308500.0,400.0,0.0,-400.0,391190.0
2024-03-10,11:35,202409010604,04,阪神,3歳未勝利,未勝利,2000,芝,良,10,9,ソルアマゾン,酒井学,5.0,19.0,15.8,-16.84,-0.1844,0.06703,6.05,0.09137,0.05063,1.804,1.4436,2.0,9,不的中,0,15.8,0.0,1000.0,0.0,-1000.0,307500.0,1200.0,0.0,-1200.0,391190.0
2024-03-10,12:30,202406020605,05,中山,3歳未勝利,未勝利,2000,芝,稍重,18,15,スカイライト,永野猛蔵,7.0,21.5,18.8,-12.56,-0.1342,0.04598,5.41,0.06838,0.04255,1.607,1.2855,1.0,16,不的中,0,18.8,0.0,1000.0,0.0,-1000.0,306500.0,700.0,0.0,-700.0,390490.0
2024-03-10,12:40,202407010206,06,中京,4歳以上1勝クラス,1勝クラス,1800,ダート,良,10,9,ムガ,菅原明良,5.0,14.1,12.2,-13.48,-0.1447,0.06854,3.91,0.09841,0.06557,1.501,1.2006,1.0,10,不的中,0,12.2,0.0,1000.0,0.0,-1000.0,305500.0,700.0,0.0,-700.0,389790.0
2024-03-10,12:50,202409010606,06,阪神,3歳1勝クラス,1勝クラス,1400,ダート,良,14,13,モズパシュート,亀田温心,7.0,65.3,45.5,-30.32,-0.3613,0.02088,6.97,0.02729,0.01758,1.552,1.2418,1.0,5,不的中,0,45.5,0.0,1000.0,0.0,-1000.0,304500.0,300.0,0.0,-300.0,389490.0
2024-03-10,13:00,202406020606,06,中山,3歳1勝クラス,1勝クラス,1800,ダート,稍重,16,1,メイプルタピット,丸田恭介,5.0,14.7,13.0,-11.56,-0.1229,0.06476,6.93,0.10035,0.06154,1.631,1.3046,1.0,2,不的中,0,13.0,0.0,1000.0,0.0,-1000.0,303500.0,1000.0,0.0,-1000.0,388490.0
2024-03-10,13:10,202407010207,07,中京,4歳以上1勝クラス,1勝クラス,1600,芝,良,10,7,シルバースペード,秋山稔樹,10.0,71.1,54.6,-23.21,-0.2641,0.01577,6.89,0.0283,0.01465,1.932,1.5453,1.0,8,不的中,0,54.6,0.0,1000.0,0.0,-1000.0,302500.0,400.0,0.0,-400.0,387090.0
2024-03-10,13:10,202407010207,07,中京,4歳以上1勝クラス,1勝クラス,1600,芝,良,10,2,アクートゥス,西塚洸二,4.0,17.4,13.4,-22.99,-0.2612,0.06419,6.89,0.09729,0.0597,1.63,1.3037,2.0,5,不的中,0,13.4,0.0,1000.0,0.0,-1000.0,301500.0,1000.0,0.0,-1000.0,387090.0
2024-03-10,13:50,202409010608,08,阪神,4歳以上1勝クラス,1勝クラス,1200,ダート,良,16,13,タイセイランナー,菱田裕二,10.0,84.2,48.4,-42.52,-0.5537,0.02106,5.75,0.02729,0.01653,1.651,1.3209,1.0,9,不的中,0,48.4,0.0,1000.0,0.0,-1000.0,300500.0,300.0,0.0,-300.0,386790.0
2024-03-10,14:15,202407010209,09,中京,岡崎特別(2勝),2勝クラス,1400,芝,良,11,10,ベジェサ,北村友一,10.0,59.4,51.6,-13.13,-0.1408,0.01713,4.82,0.02703,0.0155,1.743,1.3948,1.0,2,不的中,0,39.2,0.0,1000.0,0.0,-1000.0,299500.0,400.0,0.0,-400.0,386390.0
2024-03-10,14:25,202409010609,09,阪神,天神橋特別(2勝),2勝クラス,1600,芝,良,10,5,トーアライデン,亀田温心,7.0,27.9,13.9,-50.18,-0.6967,0.07889,7.39,0.10927,0.05755,1.899,1.5189,1.0,5,不的中,0,13.9,0.0,1000.0,0.0,-1000.0,298500.0,1600.0,0.0,-1600.0,383990.0
2024-03-10,14:25,202409010609,09,阪神,天神橋特別(2勝),2勝クラス,1600,芝,良,10,6,ヒルノショパン,古川吉洋,6.0,17.1,12.6,-26.32,-0.3054,0.07551,7.39,0.09729,0.06349,1.532,1.2259,2.0,6,不的中,0,12.7,0.0,1000.0,0.0,-1000.0,297500.0,800.0,0.0,-800.0,383990.0
2024-03-10,15:01,202409010610,10,阪神,オークランドTRT(3勝),3勝クラス,2000,ダート,良,16,10,フジマサインパクト,西村淳也,10.0,75.0,53.2,-29.07,-0.3434,0.01938,8.33,0.02599,0.01504,1.728,1.3824,1.0,11,不的中,0,53.2,0.0,1000.0,0.0,-1000.0,296500.0,300.0,0.0,-300.0,383690.0
2024-03-10,15:10,202406020610,10,中山,東風ステークス(L),リステッド,1600,芝,良,14,14,ノースザワールド,横山和生,8.0,23.1,18.6,-19.48,-0.2167,0.05026,8.37,0.08338,0.04301,1.939,1.551,1.0,2,不的中,0,18.6,0.0,1000.0,0.0,-1000.0,295500.0,1300.0,0.0,-1300.0,382390.0
2024-03-10,16:01,202407010212,12,中京,4歳以上1勝クラス,1勝クラス,1400,ダート,良,16,7,セミマル,三浦皇成,6.0,21.5,19.1,-11.16,-0.1184,0.04581,8.35,0.06862,0.04188,1.638,1.3106,1.0,4,不的中,0,19.4,0.0,1000.0,0.0,-1000.0,294500.0,700.0,0.0,-700.0,381690.0
2024-03-10,16:10,202409010612,12,阪神,4歳以上2勝クラス,2勝クラス,1200,ダート,良,13,4,タカラマドンナ,鷲頭虎太,8.0,38.0,30.6,-19.47,-0.2166,0.02894,10.25,0.04401,0.02614,1.683,1.3466,1.0,8,不的中,0,27.0,0.0,1000.0,0.0,-1000.0,293500.0,500.0,0.0,-500.0,381190.0
2024-03-10,16:25,202406020612,12,中山,4歳以上1勝クラス,1勝クラス,1200,ダート,稍重,16,9,ブリングライト,土田真翔,9.0,41.2,31.9,-22.57,-0.2558,0.03037,13.53,0.0382,0.02508,1.523,1.2185,1.0,12,不的中,0,26.7,0.0,1000.0,0.0,-1000.0,292500.0,300.0,0.0,-300.0,380890.0
2024-03-16,10:05,202406020701,01,中山,3歳未勝利,未勝利,1200,ダート,稍重,16,5,オオゾラヒバリ,長浜鴻緒,4.0,15.2,13.0,-14.47,-0.1563,0.07021,5.75,0.09729,0.06154,1.581,1.2648,1.0,3,不的中,0,12.7,0.0,1000.0,0.0,-1000.0,291500.0,900.0,0.0,-900.0,379990.0
2024-03-16,10:35,202406020702,02,中山,3歳未勝利,未勝利,1800,ダート,稍重,16,10,ユアグローリー,丹内祐次,9.0,76.3,49.9,-34.6,-0.4247,0.02206,3.39,0.02525,0.01603,1.575,1.2599,1.0,7,不的中,0,42.1,0.0,1000.0,0.0,-1000.0,290500.0,300.0,0.0,-300.0,379690.0
2024-03-16,12:55,202406020706,06,中山,3歳1勝クラス,1勝クラス,1600,芝,良,9,4,エコロライジン,菅原明良,7.0,23.2,18.7,-19.4,-0.2156,0.04845,5.62,0.08749,0.04278,2.045,1.6361,1.0,7,不的中,0,18.5,0.0,1000.0,0.0,-1000.0,289500.0,1400.0,0.0,-1400.0,378290.0
2024-03-16,13:50,202409010708,08,阪神,4歳以上2勝クラス,2勝クラス,1800,ダート,良,15,14,スカンジナビア,酒井学,8.0,55.2,48.6,-11.96,-0.1273,0.01758,5.42,0.0261,0.01646,1.586,1.2686,1.0,3,不的中,0,37.7,0.0,1000.0,0.0,-1000.0,288500.0,300.0,0.0,-300.0,377290.0
2024-03-16,13:50,202409010708,08,阪神,4歳以上2勝クラス,2勝クラス,1800,ダート,良,15,1,テレパシー,菱田裕二,5.0,20.7,17.0,-17.87,-0.1969,0.05219,5.42,0.07381,0.04706,1.568,1.2547,2.0,9,不的中,0,15.7,0.0,1000.0,0.0,-1000.0,287500.0,700.0,0.0,-700.0,377290.0
2024-03-16,15:01,202409010710,10,阪神,淀屋橋ステークス(3勝),3勝クラス,1200,芝,良,16,12,ハギノメーテル,和田竜二,13.0,92.7,69.7,-24.81,-0.2852,0.01347,6.39,0.02105,0.01148,1.834,1.4673,1.0,11,不的中,0,69.6,0.0,1000.0,0.0,-1000.0,286500.0,300.0,0.0,-300.0,376990.0
2024-03-16,15:25,202407010311,11,中京,第38回中スポ賞ファルコンS(GIII),G3,1400,芝,良,17,12,エンヤラヴフェイス,菊沢一樹,13.0,94.6,71.1,-24.84,-0.2856,0.01737,22.98,0.02285,0.01125,2.03,1.6243,1.0,8,不的中,0,71.2,0.0,1000.0,0.0,-1000.0,285500.0,400.0,0.0,-400.0,375390.0
2024-03-16,15:25,202407010311,11,中京,第38回中スポ賞ファルコンS(GIII),G3,1400,芝,良,17,14,アンクルクロス,長岡禎仁,15.0,127.8,114.6,-10.33,-0.109,0.00856,22.98,0.01358,0.00698,1.945,1.5557,2.0,6,不的中,0,114.6,0.0,1000.0,0.0,-1000.0,284500.0,200.0,0.0,-200.0,375390.0
2024-03-16,15:25,202407010311,11,中京,第38回中スポ賞ファルコンS(GIII),G3,1400,芝,良,17,11,ナムラアトム,浜中俊,6.0,15.3,13.5,-11.76,-0.1252,0.07454,22.98,0.09729,0.05926,1.642,1.3134,3.0,4,不的中,0,13.5,0.0,1000.0,0.0,-1000.0,283500.0,1000.0,0.0,-1000.0,375390.0
2024-03-16,15:45,202406020711,11,中山,第38回フラワーカップ(GIII),G3,1800,芝,良,12,11,テリオスルル,松岡正海,11.0,77.6,61.5,-20.75,-0.2325,0.017,21.48,0.02525,0.01301,1.941,1.5528,1.0,11,不的中,0,56.5,0.0,1000.0,0.0,-1000.0,282500.0,400.0,0.0,-400.0,374990.0
2024-03-16,16:01,202407010312,12,中京,4歳以上1勝クラス,1勝クラス,1400,ダート,良,16,8,モズアンタレス,今村聖奈,4.0,19.5,12.6,-35.38,-0.4367,0.07393,5.96,0.11319,0.06349,1.783,1.4262,1.0,6,不的中,0,12.6,0.0,1000.0,0.0,-1000.0,281500.0,1400.0,0.0,-1400.0,373590.0
2024-03-16,16:10,202409010712,12,阪神,4歳以上1勝クラス,1勝クラス,1400,ダート,良,14,11,ウェザーコック,菱田裕二,9.0,59.0,27.6,-53.22,-0.7597,0.03567,7.12,0.04839,0.02899,1.669,1.3354,1.0,7,不的中,0,27.6,0.0,1000.0,0.0,-1000.0,280500.0,500.0,0.0,-500.0,373090.0
2024-03-16,16:25,202406020712,12,中山,4歳以上2勝クラス,2勝クラス,1200,ダート,良,16,16,キャプテンローレル,小林勝太,10.0,43.4,35.7,-17.74,-0.1953,0.02648,12.5,0.04296,0.02241,1.917,1.5336,1.0,6,不的中,0,35.0,0.0,1000.0,0.0,-1000.0,279500.0,600.0,0.0,-600.0,372490.0
2024-03-17,10:10,202406020801,01,中山,3歳未勝利,未勝利,1800,ダート,良,16,4,プラチナバンド,大野拓弥,5.0,18.4,15.1,-17.93,-0.1977,0.06231,4.97,0.09729,0.05298,1.836,1.4691,1.0,6,不的中,0,15.1,0.0,1000.0,0.0,-1000.0,278500.0,1300.0,0.0,-1300.0,371190.0
2024-03-17,10:20,202407010402,02,中京,3歳未勝利,未勝利,1400,ダート,良,16,13,オールドマイン,鮫島克駿,5.0,13.7,13.0,-5.11,-0.0524,0.06182,4.18,0.09693,0.06154,1.575,1.2601,1.0,11,不的中,0,13.1,0.0,1000.0,0.0,-1000.0,277500.0,900.0,0.0,-900.0,370290.0
2024-03-17,10:50,202407010403,03,中京,3歳未勝利,未勝利,2000,芝,良,18,16,ニホンピロマリンバ,吉田隼人,9.0,50.2,46.9,-6.57,-0.068,0.01733,3.83,0.02619,0.01706,1.535,1.2282,1.0,9,不的中,0,46.9,0.0,1000.0,0.0,-1000.0,276500.0,200.0,0.0,-200.0,370090.0
2024-03-17,11:00,202409010803,03,阪神,3歳未勝利,未勝利,1800,ダート,良,11,8,ザロック,菅原明良,5.0,13.9,12.7,-8.63,-0.0903,0.06458,4.72,0.09729,0.06299,1.545,1.2356,1.0,3,不的中,0,12.7,0.0,1000.0,0.0,-1000.0,275500.0,800.0,0.0,-800.0,369290.0
2024-03-17,13:00,202406020806,06,中山,4歳以上1勝クラス,1勝クラス,2000,芝,良,13,5,マーベラスムーン,永野猛蔵,11.0,164.3,100.9,-38.59,-0.4876,0.00947,5.01,0.01433,0.00793,1.807,1.4456,1.0,12,不的中,0,101.6,0.0,1000.0,0.0,-1000.0,274500.0,200.0,0.0,-200.0,369090.0
2024-03-17,13:30,202406020807,07,中山,4歳以上1勝クラス,1勝クラス,1200,ダート,良,16,15,キングダラス,戸崎圭太,6.0,14.8,13.8,-6.76,-0.07,0.06133,5.58,0.09251,0.05797,1.596,1.2767,1.0,16,不的中,0,13.9,0.0,1000.0,0.0,-1000.0,273500.0,800.0,0.0,-800.0,368290.0
2024-03-17,14:15,202407010409,09,中京,フローラルウォーク賞(1勝),1勝クラス,1600,芝,良,10,6,リメリック,斎藤新,9.0,77.5,61.4,-20.77,-0.2329,0.01587,5.72,0.02525,0.01303,1.938,1.5503,1.0,6,不的中,0,61.4,0.0,1000.0,0.0,-1000.0,272500.0,400.0,0.0,-400.0,367890.0
2024-03-17,14:35,202406020809,09,中山,スピカステークス(3勝),3勝クラス,1800,芝,良,16,15,ハウゼ,田辺裕信,11.0,44.1,31.1,-29.48,-0.3493,0.03274,8.28,0.03958,0.02572,1.539,1.231,1.0,6,不的中,0,31.1,0.0,1000.0,0.0,-1000.0,271500.0,300.0,0.0,-300.0,367590.0
2024-03-17,15:35,202409010811,11,阪神,第72回阪神大賞典(GII),G2,3000,芝,稍重,15,15,ショウナンバシット,Ｍ．デム,11.0,75.6,66.6,-11.9,-0.1268,0.01463,38.25,0.0191,0.01201,1.59,1.2722,1.0,10,不的中,0,67.5,0.0,1000.0,0.0,-1000.0,270500.0,200.0,0.0,-200.0,367390.0
2024-03-17,16:10,202409010812,12,阪神,4歳以上2勝クラス,2勝クラス,1400,ダート,稍重,14,9,アウグスト,菅原明良,4.0,18.7,14.4,-22.99,-0.2613,0.06284,10.05,0.09729,0.05556,1.751,1.401,1.0,5,不的中,0,14.4,0.0,1000.0,0.0,-1000.0,269500.0,1100.0,0.0,-1100.0,366290.0
2024-03-23,09:50,202407010501,01,中京,3歳未勝利,未勝利,1800,ダート,稍重,16,3,マダムカリーニョ,丸山元気,9.0,67.3,60.4,-10.25,-0.1082,0.01489,3.2,0.02703,0.01325,2.041,1.6327,1.0,11,不的中,0,61.2,0.0,1000.0,0.0,-1000.0,268500.0,400.0,0.0,-400.0,365890.0
2024-03-23,10:20,202407010502,02,中京,3歳未勝利,未勝利,1400,芝,重,18,2,エコロアモーレ,菱田裕二,7.0,23.6,14.6,-38.14,-0.4802,0.06521,4.26,0.09729,0.05479,1.776,1.4205,1.0,4,不的中,0,14.4,0.0,1000.0,0.0,-1000.0,267500.0,1200.0,0.0,-1200.0,364690.0
2024-03-23,11:40,202406030104,04,中山,3歳未勝利,未勝利,1600,芝,良,16,4,ノーブルウィスパー,田辺裕信,7.0,24.2,22.3,-7.85,-0.0818,0.03785,5.19,0.05666,0.03587,1.579,1.2636,1.0,7,不的中,0,22.3,0.0,1000.0,0.0,-1000.0,266500.0,500.0,0.0,-500.0,364190.0
2024-03-23,12:30,202406030105,05,中山,3歳1勝クラス,1勝クラス,1200,芝,良,10,5,クールベイビー,原優介,4.0,19.6,13.3,-32.14,-0.3878,0.07428,4.97,0.09729,0.06015,1.617,1.294,1.0,5,不的中,0,13.3,0.0,1000.0,0.0,-1000.0,265500.0,900.0,0.0,-900.0,363290.0
2024-03-23,12:50,202409020106,06,阪神,3歳未勝利,未勝利,2000,芝,重,12,1,ライフセービング,藤岡康太,4.0,16.6,12.6,-24.1,-0.2757,0.07076,5.09,0.10826,0.06349,1.705,1.3641,1.0,3,不的中,0,11.4,0.0,1000.0,0.0,-1000.0,264500.0,1200.0,0.0,-1200.0,361290.0
2024-03-23,12:50,202409020106,06,阪神,3歳未勝利,未勝利,2000,芝,重,12,8,ソウルプラウド,田口貫太,5.0,14.8,12.9,-12.84,-0.1374,0.06507,5.09,0.09729,0.06202,1.569,1.2551,2.0,7,不的中,0,13.3,0.0,1000.0,0.0,-1000.0,263500.0,800.0,0.0,-800.0,361290.0
2024-03-23,13:30,202406030107,07,中山,4歳以上1勝クラス,1勝クラス,1800,ダート,良,16,11,ランスノーブル,田辺裕信,4.0,15.9,11.4,-28.3,-0.3327,0.07998,5.8,0.10903,0.07018,1.554,1.243,1.0,2,不的中,0,11.4,0.0,1000.0,0.0,-1000.0,262500.0,900.0,0.0,-900.0,360390.0
2024-03-23,14:15,202407010509,09,中京,金山特別(1勝),1勝クラス,2000,芝,重,8,5,キャリーハピネス,丸山元気,4.0,16.8,12.2,-27.38,-0.3199,0.08144,4.47,0.11076,0.06557,1.689,1.3513,1.0,3,不的中,0,10.5,0.0,1000.0,0.0,-1000.0,261500.0,1200.0,0.0,-1200.0,359190.0
2024-03-23,15:25,202407010511,11,中京,伊勢ステークス(3勝),3勝クラス,1900,ダート,重,16,6,タイセイエピソード,亀田温心,7.0,30.5,21.2,-30.49,-0.3637,0.04951,7.93,0.06838,0.03774,1.812,1.4497,1.0,6,不的中,0,18.7,0.0,1000.0,0.0,-1000.0,260500.0,800.0,0.0,-800.0,358390.0
2024-03-23,16:10,202409020112,12,阪神,4歳以上1勝クラス,1勝クラス,1200,ダート,不良,12,10,テイエムルンバ,鷲頭虎太,9.0,44.7,33.7,-24.61,-0.2825,0.02632,6.87,0.04054,0.02374,1.708,1.3663,1.0,2,不的中,0,33.7,0.0,1000.0,0.0,-1000.0,259500.0,500.0,0.0,-500.0,357890.0
2024-03-24,10:25,202406030202,02,中山,3歳未勝利,未勝利,1200,ダート,良,16,6,ミッキーイーグル,永野猛蔵,9.0,66.8,53.7,-19.61,-0.2183,0.01621,4.34,0.02525,0.0149,1.695,1.3558,1.0,6,不的中,0,53.7,0.0,1000.0,0.0,-1000.0,258500.0,300.0,0.0,-300.0,357590.0
2024-03-24,10:45,202409020203,03,阪神,3歳未勝利,未勝利,1800,ダート,不良,15,13,ファッシネイトパイ,国分優作,7.0,26.5,20.8,-21.51,-0.2422,0.0402,3.53,0.07076,0.03846,1.84,1.4717,1.0,6,不的中,0,20.7,0.0,1000.0,0.0,-1000.0,257500.0,900.0,0.0,-900.0,356690.0
2024-03-24,11:15,202409020204,04,阪神,3歳未勝利,未勝利,1200,ダート,不良,16,2,カネトシショウカ,川又賢治,10.0,74.0,67.2,-9.19,-0.0964,0.01239,3.5,0.0191,0.0119,1.605,1.2836,1.0,3,不的中,0,65.7,0.0,1000.0,0.0,-1000.0,256500.0,200.0,0.0,-200.0,356490.0
2024-03-24,12:15,202406030205,05,中山,3歳未勝利,未勝利,1800,芝,良,16,9,ロンギングガバーナ,横山武史,6.0,15.2,13.5,-11.18,-0.1186,0.06201,4.19,0.09277,0.05926,1.565,1.2524,1.0,9,不的中,0,13.5,0.0,1000.0,0.0,-1000.0,255500.0,800.0,0.0,-800.0,355690.0
2024-03-24,12:25,202407010605,05,中京,4歳以上1勝クラス,1勝クラス,1600,芝,重,13,11,シャイニースイフト,吉田豊,8.0,24.7,21.6,-12.55,-0.1341,0.03922,4.28,0.05666,0.03704,1.53,1.2239,1.0,7,不的中,0,21.3,0.0,1000.0,0.0,-1000.0,254500.0,400.0,0.0,-400.0,355290.0
2024-03-24,12:45,202406030206,06,中山,3歳1勝クラス,1勝クラス,1200,ダート,良,15,9,カルフ,内田博幸,7.0,21.0,15.5,-26.19,-0.3037,0.05909,4.93,0.09227,0.05161,1.788,1.4302,1.0,5,不的中,0,15.5,0.0,1000.0,0.0,-1000.0,253500.0,1100.0,0.0,-1100.0,354190.0
2024-03-24,12:55,202407010606,06,中京,4歳以上1勝クラス,1勝クラス,1800,ダート,重,11,5,グロリアスヒーロー,菅原明良,5.0,20.7,12.4,-40.1,-0.5124,0.07894,4.63,0.09729,0.06452,1.508,1.2064,1.0,4,不的中,0,12.1,0.0,1000.0,0.0,-1000.0,252500.0,700.0,0.0,-700.0,353490.0
2024-03-24,13:05,202409020207,07,阪神,4歳以上1勝クラス,1勝クラス,1400,芝,重,14,1,プリンスノット,西塚洸二,10.0,55.2,39.1,-29.17,-0.3448,0.02343,3.32,0.03646,0.02046,1.782,1.4257,1.0,8,不的中,0,30.0,0.0,1000.0,0.0,-1000.0,251500.0,400.0,0.0,-400.0,352190.0
2024-03-24,13:05,202409020207,07,阪神,4歳以上1勝クラス,1勝クラス,1400,芝,重,14,10,シグルドリーヴァ,小沢大仁,6.0,14.3,12.8,-10.49,-0.1108,0.06562,3.32,0.09923,0.0625,1.588,1.2702,2.0,7,不的中,0,12.4,0.0,1000.0,0.0,-1000.0,250500.0,900.0,0.0,-900.0,352190.0
2024-03-24,13:15,202406030207,07,中山,4歳以上1勝クラス,1勝クラス,1800,ダート,良,15,6,ベイビールビオ,杉原誠人,4.0,19.6,13.9,-29.08,-0.3436,0.07276,5.39,0.09578,0.05755,1.664,1.3313,1.0,8,不的中,0,13.6,0.0,1000.0,0.0,-1000.0,249500.0,1000.0,0.0,-1000.0,351190.0
2024-03-24,14:05,202409020209,09,阪神,四国新聞杯(2勝),2勝クラス,2000,芝,重,10,9,プリマヴィータ,幸英明,9.0,71.2,63.1,-11.38,-0.1208,0.0133,4.54,0.02438,0.01268,1.923,1.5385,1.0,9,不的中,0,64.3,0.0,1000.0,0.0,-1000.0,248500.0,400.0,0.0,-400.0,350790.0
2024-03-24,15:01,202407010610,10,中京,ロードカナロアC(2勝),2勝クラス,1800,ダート,重,16,14,フミヤングフェイス,松本大輝,6.0,18.3,14.9,-18.58,-0.2055,0.06483,6.66,0.09415,0.05369,1.753,1.4028,1.0,4,不的中,0,14.9,0.0,1000.0,0.0,-1000.0,247500.0,1100.0,0.0,-1100.0,349690.0
2024-03-24,16:10,202406030212,12,中山,4歳以上2勝クラス,2勝クラス,1200,芝,良,13,10,ステイトダイアデム,石川裕紀,10.0,46.9,39.5,-15.78,-0.1717,0.02257,8.56,0.03115,0.02025,1.538,1.2305,1.0,2,不的中,0,37.5,0.0,1000.0,0.0,-1000.0,246500.0,300.0,0.0,-300.0,349390.0
2024-03-30,10:05,202406030301,01,中山,3歳未勝利,未勝利,1800,ダート,重,16,3,アイヲコメテ,丸田恭介,11.0,148.9,137.1,-7.92,-0.0826,0.00625,6.33,0.01563,0.00584,2.679,2.1435,1.0,11,不的中,0,137.0,0.0,1000.0,0.0,-1000.0,245500.0,300.0,0.0,-300.0,349090.0
2024-03-30,10:20,202409020302,02,阪神,3歳未勝利,未勝利,1200,ダート,稍重,16,12,ペレグリン,幸英明,9.0,56.2,48.0,-14.59,-0.1577,0.01816,4.09,0.02729,0.01667,1.638,1.31,1.0,2,不的中,0,48.0,0.0,1000.0,0.0,-1000.0,244500.0,300.0,0.0,-300.0,347990.0
2024-03-30,10:20,202409020302,02,阪神,3歳未勝利,未勝利,1200,ダート,稍重,16,1,ヨシノヤッタルデー,柴田裕一,6.0,21.8,12.8,-41.28,-0.5325,0.07938,4.09,0.09729,0.0625,1.557,1.2453,2.0,6,不的中,0,12.8,0.0,1000.0,0.0,-1000.0,243500.0,800.0,0.0,-800.0,347990.0
2024-03-30,10:50,202409020303,03,阪神,3歳未勝利,未勝利,1800,芝,良,18,17,ベイステート,吉村誠之,8.0,30.6,19.2,-37.25,-0.4661,0.0557,5.06,0.07238,0.04167,1.737,1.3897,1.0,3,不的中,0,19.2,0.0,1000.0,0.0,-1000.0,242500.0,800.0,0.0,-800.0,346490.0
2024-03-30,10:50,202409020303,03,阪神,3歳未勝利,未勝利,1800,芝,良,18,10,レイナドラーダ,西村淳也,6.0,14.0,12.9,-7.86,-0.0818,0.0661,5.06,0.09378,0.06202,1.512,1.2098,2.0,12,不的中,0,12.9,0.0,1000.0,0.0,-1000.0,241500.0,700.0,0.0,-700.0,346490.0
2024-03-30,11:05,202406030303,03,中山,3歳未勝利,未勝利,1800,ダート,重,14,11,レオボヌール,松岡正海,6.0,67.6,47.3,-30.03,-0.3571,0.02106,5.78,0.02656,0.01691,1.57,1.2561,1.0,3,不的中,0,47.3,0.0,1000.0,0.0,-1000.0,240500.0,200.0,0.0,-200.0,346290.0
2024-03-30,13:15,202409020307,07,阪神,4歳以上1勝クラス,1勝クラス,1400,ダート,稍重,16,11,ウォーターリーダー,中井裕二,10.0,61.8,46.9,-24.11,-0.2759,0.0228,5.25,0.02619,0.01706,1.535,1.2282,1.0,11,不的中,0,41.5,0.0,1000.0,0.0,-1000.0,239500.0,200.0,0.0,-200.0,346090.0
2024-03-30,14:25,202409020309,09,阪神,アザレア賞(1勝),1勝クラス,2400,芝,良,7,4,ミッドナイトホーク,藤岡康太,5.0,25.5,19.0,-25.49,-0.2942,0.06128,6.41,0.10927,0.04211,2.595,2.0762,1.0,6,不的中,0,19.0,0.0,1000.0,0.0,-1000.0,238500.0,2100.0,0.0,-2100.0,343990.0
2024-03-30,15:01,202409020310,10,阪神,ラジオ関西賞仲春特別(2勝),2勝クラス,1200,芝,良,15,8,ガリレイ,角田大河,9.0,27.9,19.9,-28.67,-0.3379,0.05633,7.5,0.06838,0.0402,1.701,1.3608,1.0,2,不的中,0,19.9,0.0,1000.0,0.0,-1000.0,237500.0,700.0,0.0,-700.0,342390.0
2024-03-30,15:01,202409020310,10,阪神,ラジオ関西賞仲春特別(2勝),2勝クラス,1200,芝,良,15,12,メイショウピース,松山弘平,7.0,14.9,11.7,-21.48,-0.2418,0.08872,7.5,0.10776,0.06838,1.576,1.2607,2.0,10,不的中,0,11.7,0.0,1000.0,0.0,-1000.0,236500.0,900.0,0.0,-900.0,342390.0
2024-03-30,15:35,202409020311,11,阪神,ポラリスステークス(OP),オープン,1400,ダート,稍重,15,8,アルムブラーヴ,丸山元気,9.0,60.4,45.2,-25.17,-0.2899,0.02571,11.78,0.02729,0.0177,1.542,1.2336,1.0,6,不的中,0,43.2,0.0,1000.0,0.0,-1000.0,235500.0,200.0,0.0,-200.0,342190.0
2024-03-30,16:10,202409020312,12,阪神,4歳以上2勝クラス,2勝クラス,1800,ダート,稍重,15,6,テイエムシニスター,柴田裕一,12.0,57.5,46.7,-18.78,-0.208,0.02041,9.93,0.02729,0.01713,1.593,1.2746,1.0,15,不的中,0,46.7,0.0,1000.0,0.0,-1000.0,234500.0,300.0,0.0,-300.0,340790.0
2024-03-30,16:10,202409020312,12,阪神,4歳以上2勝クラス,2勝クラス,1800,ダート,稍重,15,9,ワンダースティング,高倉稜,4.0,15.4,10.5,-31.82,-0.383,0.10131,9.93,0.12099,0.07619,1.588,1.2704,2.0,3,不的中,0,10.5,0.0,1000.0,0.0,-1000.0,233500.0,1000.0,0.0,-1000.0,340790.0
2024-03-30,16:10,202409020312,12,阪神,4歳以上2勝クラス,2勝クラス,1800,ダート,稍重,15,15,ファイヴレター,藤岡康太,14.0,106.5,85.4,-19.81,-0.2208,0.01126,9.93,0.01433,0.00937,1.529,1.2235,3.0,9,不的中,0,85.4,0.0,1000.0,0.0,-1000.0,232500.0,100.0,0.0,-100.0,340790.0
2024-03-30,16:25,202406030312,12,中山,4歳以上1勝クラス,1勝クラス,1200,ダート,重,16,9,ダイチラファール,柴田大知,5.0,25.5,18.6,-27.06,-0.3155,0.06027,9.11,0.06746,0.04301,1.568,1.2547,1.0,3,不的中,0,14.4,0.0,1000.0,0.0,-1000.0,231500.0,500.0,0.0,-500.0,339690.0
2024-03-30,16:25,202406030312,12,中山,4歳以上1勝クラス,1勝クラス,1200,ダート,重,16,5,ハッピーパンニャ,石川裕紀,6.0,15.7,14.4,-8.28,-0.0864,0.0635,9.11,0.08435,0.05556,1.518,1.2146,2.0,10,不的中,0,14.8,0.0,1000.0,0.0,-1000.0,230500.0,600.0,0.0,-600.0,339690.0
2024-03-31,10:05,202409020401,01,阪神,3歳未勝利,未勝利,1800,ダート,良,13,10,アルピニスト,秋山稔樹,5.0,16.2,12.4,-23.46,-0.2673,0.08003,5.12,0.09729,0.06452,1.508,1.2064,1.0,2,不的中,0,10.4,0.0,1000.0,0.0,-1000.0,229500.0,700.0,0.0,-700.0,338990.0
2024-03-31,12:25,202409020405,05,阪神,3歳1勝クラス,1勝クラス,1600,芝,良,9,3,リラボニート,浜中俊,6.0,18.9,15.4,-18.52,-0.2048,0.06097,6.31,0.10035,0.05195,1.932,1.5454,1.0,4,不的中,0,14.8,0.0,1000.0,0.0,-1000.0,228500.0,1300.0,0.0,-1300.0,337690.0
2024-03-31,12:40,202406030406,06,中山,3歳1勝クラス,1勝クラス,1600,芝,良,11,4,ケイケイ,大野拓弥,7.0,22.3,16.9,-24.22,-0.2773,0.05647,6.34,0.08471,0.04734,1.789,1.4316,1.0,1,的中,1,16.9,1690.0,1000.0,16900.0,15900.0,244400.0,1000.0,16900.0,15900.0,353590.0
2024-03-31,12:55,202409020406,06,阪神,4歳以上1勝クラス,1勝クラス,1800,ダート,良,11,10,ベファーナ,川須栄彦,6.0,17.9,14.4,-19.55,-0.2176,0.06826,6.45,0.09729,0.05556,1.751,1.401,1.0,6,不的中,0,14.4,0.0,1000.0,0.0,-1000.0,243400.0,1100.0,0.0,-1100.0,352490.0
2024-03-31,13:40,202406030408,08,中山,4歳以上1勝クラス,1勝クラス,1600,芝,良,13,7,マジカルワード,柴田善臣,10.0,120.7,106.8,-11.52,-0.1224,0.0081,5.87,0.01391,0.00749,1.857,1.4857,1.0,4,不的中,0,102.3,0.0,1000.0,0.0,-1000.0,242400.0,200.0,0.0,-200.0,351190.0
2024-03-31,13:40,202406030408,08,中山,4歳以上1勝クラス,1勝クラス,1600,芝,良,13,9,ヴァンガーズハート,石川裕紀,7.0,15.9,13.8,-13.21,-0.1417,0.06343,5.87,0.10035,0.05797,1.731,1.3849,2.0,3,不的中,0,13.8,0.0,1000.0,0.0,-1000.0,241400.0,1100.0,0.0,-1100.0,351190.0
2024-03-31,13:55,202409020408,08,阪神,4歳以上2勝クラス,2勝クラス,2000,芝,良,15,5,ミヤビ,吉田隼人,7.0,14.8,12.9,-12.84,-0.1374,0.06901,7.03,0.09415,0.06202,1.518,1.2145,1.0,3,不的中,0,12.9,0.0,1000.0,0.0,-1000.0,240400.0,700.0,0.0,-700.0,350490.0
2024-03-31,14:50,202406030410,10,中山,アリエスステークス(3勝),3勝クラス,1800,ダート,良,16,14,スノーグレース,武藤雅,13.0,65.4,50.8,-22.32,-0.2526,0.02155,9.06,0.02525,0.01575,1.603,1.2826,1.0,8,不的中,0,47.3,0.0,1000.0,0.0,-1000.0,239400.0,200.0,0.0,-200.0,349390.0
2024-03-31,14:50,202406030410,10,中山,アリエスステークス(3勝),3勝クラス,1800,ダート,良,16,3,マナウス,丸山元気,15.0,128.1,106.4,-16.94,-0.1856,0.00961,9.06,0.01202,0.00752,1.598,1.2786,2.0,12,不的中,0,104.0,0.0,1000.0,0.0,-1000.0,238400.0,100.0,0.0,-100.0,349390.0
2024-03-31,14:50,202406030410,10,中山,アリエスステークス(3勝),3勝クラス,1800,ダート,良,16,9,メイショウオーロラ,柴田善臣,3.0,17.6,12.6,-28.41,-0.3342,0.09333,9.06,0.10035,0.06349,1.581,1.2645,3.0,16,不的中,0,12.5,0.0,1000.0,0.0,-1000.0,237400.0,800.0,0.0,-800.0,349390.0
2024-03-31,15:30,202406030411,11,中山,美浦ステークス(3勝),3勝クラス,2000,芝,良,15,2,ルドヴィクス,田辺裕信,12.0,55.9,48.3,-13.6,-0.1461,0.02051,11.19,0.02729,0.01656,1.648,1.3182,1.0,4,不的中,0,44.1,0.0,1000.0,0.0,-1000.0,236400.0,300.0,0.0,-300.0,349090.0
2024-03-31,16:10,202406030412,12,中山,4歳以上2勝クラス,2勝クラス,1200,ダート,良,16,16,アイファースキャン,丸山元気,5.0,22.6,15.1,-33.19,-0.4033,0.07418,12.67,0.09729,0.05298,1.836,1.4691,1.0,15,不的中,0,14.9,0.0,1000.0,0.0,-1000.0,235400.0,1200.0,0.0,-1200.0,347890.0
2024-04-06,13:15,202403010107,07,福島,3歳未勝利,未勝利,2600,芝,良,16,8,アニマシオン,荻野極,10.0,55.9,45.3,-18.96,-0.2103,0.01936,3.34,0.03192,0.01766,1.807,1.4459,1.0,7,不的中,0,39.0,0.0,1000.0,0.0,-1000.0,234400.0,400.0,0.0,-400.0,347490.0
2024-04-06,14:15,202403010109,09,福島,ひめさゆり賞(1勝),1勝クラス,2000,芝,良,13,6,キャントウェイト,丹内祐次,6.0,27.5,22.1,-19.64,-0.2186,0.04302,3.44,0.05792,0.0362,1.6,1.2801,1.0,2,不的中,0,17.3,0.0,1000.0,0.0,-1000.0,233400.0,500.0,0.0,-500.0,346990.0
2024-04-06,15:01,202409020510,10,阪神,大阪ーハンブルクC(OP),オープン,2600,芝,良,14,4,シホノスペランツァ,岩田望来,6.0,17.5,11.8,-32.57,-0.3941,0.08832,7.53,0.10432,0.0678,1.539,1.231,1.0,8,不的中,0,11.8,0.0,1000.0,0.0,-1000.0,232400.0,800.0,0.0,-800.0,346190.0
2024-04-06,15:10,202406030510,10,中山,船橋ステークス(3勝),3勝クラス,1200,芝,稍重,15,7,ドグマ,浜中俊,9.0,29.0,18.1,-37.59,-0.4714,0.05852,6.54,0.07894,0.0442,1.786,1.4288,1.0,2,不的中,0,18.1,0.0,1000.0,0.0,-1000.0,231400.0,900.0,0.0,-900.0,345290.0
2024-04-06,15:25,202403010111,11,福島,吾妻小富士ステークス(OP),オープン,1700,ダート,良,15,5,ライラボンド,斎藤新,11.0,64.8,32.1,-50.46,-0.7024,0.03838,6.93,0.04184,0.02492,1.679,1.343,1.0,2,不的中,0,32.1,0.0,1000.0,0.0,-1000.0,230400.0,400.0,0.0,-400.0,344890.0
2024-04-06,15:45,202406030511,11,中山,第42回ニュージーランドT(GII),G2,1600,芝,稍重,16,6,エンヤラヴフェイス,北村宏司,8.0,65.4,33.0,-49.54,-0.684,0.03926,25.79,0.04412,0.02424,1.82,1.4561,1.0,9,不的中,0,33.0,0.0,1000.0,0.0,-1000.0,229400.0,500.0,0.0,-500.0,344390.0
2024-04-06,16:25,202406030512,12,中山,4歳以上1勝クラス,1勝クラス,1200,ダート,稍重,16,5,ツインクルトーズ,石橋脩,6.0,24.7,17.4,-29.55,-0.3503,0.06112,9.59,0.0822,0.04598,1.788,1.4302,1.0,16,不的中,0,14.4,0.0,1000.0,0.0,-1000.0,228400.0,1000.0,0.0,-1000.0,343390.0
2024-04-07,10:45,202403010203,03,福島,4歳以上1勝クラス,1勝クラス,1700,ダート,良,15,2,タガノチョコラータ,柴田裕一,6.0,20.4,14.7,-27.94,-0.3277,0.06309,4.17,0.0822,0.05442,1.51,1.2083,1.0,4,不的中,0,14.7,0.0,1000.0,0.0,-1000.0,227400.0,600.0,0.0,-600.0,342790.0
2024-04-07,12:45,202406030606,06,中山,3歳1勝クラス,1勝クラス,1800,ダート,重,16,3,クラウンシエンタ,吉田豊,12.0,128.1,84.9,-33.72,-0.4113,0.0114,6.12,0.01597,0.00942,1.695,1.3559,1.0,5,不的中,0,84.8,0.0,1000.0,0.0,-1000.0,226400.0,200.0,0.0,-200.0,342590.0
2024-04-07,13:25,202409020607,07,阪神,4歳以上2勝クラス,2勝クラス,1600,芝,良,9,4,ウインエーデル,Ｍ．デム,7.0,21.9,17.4,-20.55,-0.23,0.05292,6.8,0.08285,0.04598,1.802,1.4416,1.0,3,不的中,0,17.4,0.0,1000.0,0.0,-1000.0,225400.0,1000.0,0.0,-1000.0,341490.0
2024-04-07,13:25,202409020607,07,阪神,4歳以上2勝クラス,2勝クラス,1600,芝,良,9,9,ダノンソフィア,北村宏司,9.0,101.7,89.0,-12.49,-0.1334,0.00976,6.8,0.0138,0.00899,1.536,1.2286,2.0,9,不的中,0,89.0,0.0,1000.0,0.0,-1000.0,224400.0,100.0,0.0,-100.0,341490.0
2024-04-07,13:45,202406030608,08,中山,4歳以上1勝クラス,1勝クラス,1800,芝,重,8,7,ルークスヘリオス,木幡巧也,7.0,30.7,19.3,-37.13,-0.4642,0.04868,4.48,0.07022,0.04145,1.694,1.3552,1.0,5,不的中,0,19.3,0.0,1000.0,0.0,-1000.0,223400.0,700.0,0.0,-700.0,339990.0
2024-04-07,13:45,202406030608,08,中山,4歳以上1勝クラス,1勝クラス,1800,芝,重,8,3,マイバラード,原優介,6.0,16.6,11.7,-29.52,-0.3498,0.07769,4.48,0.10536,0.06838,1.541,1.2327,2.0,8,不的中,0,11.7,0.0,1000.0,0.0,-1000.0,222400.0,800.0,0.0,-800.0,339990.0
2024-04-07,14:05,202403010209,09,福島,喜多方特別(2勝),2勝クラス,1700,ダート,良,13,10,タマモベローナ,角田大和,9.0,24.1,22.0,-8.71,-0.0912,0.03752,3.93,0.06504,0.03636,1.789,1.4309,1.0,13,不的中,0,22.0,0.0,1000.0,0.0,-1000.0,221400.0,700.0,0.0,-700.0,339290.0
2024-04-07,14:15,202406030609,09,中山,印西特別(2勝),2勝クラス,2400,ダート,重,13,11,コルサファターレ,三浦皇成,8.0,30.7,20.4,-33.55,-0.4087,0.04658,5.56,0.07477,0.03922,1.907,1.5254,1.0,2,不的中,0,20.4,0.0,1000.0,0.0,-1000.0,220400.0,1000.0,0.0,-1000.0,338290.0
2024-04-07,14:40,202403010210,10,福島,やまびこステークス(3勝),3勝クラス,1150,ダート,良,16,16,ラインガルーダ,斎藤新,8.0,48.0,22.8,-52.5,-0.7444,0.05312,5.2,0.07894,0.03509,2.25,1.7998,1.0,5,不的中,0,22.8,0.0,1000.0,0.0,-1000.0,219400.0,1300.0,0.0,-1300.0,336990.0
2024-04-07,15:01,202409020610,10,阪神,ダイワスカーレットC(3勝),3勝クラス,2000,芝,良,16,1,バールデュヴァン,角田大河,8.0,38.8,21.9,-43.56,-0.5719,0.05323,10.23,0.06617,0.03653,1.811,1.4491,1.0,9,不的中,0,21.9,0.0,1000.0,0.0,-1000.0,218400.0,800.0,0.0,-800.0,335590.0
2024-04-07,15:01,202409020610,10,阪神,ダイワスカーレットC(3勝),3勝クラス,2000,芝,良,16,16,アスクオンディープ,松山弘平,6.0,20.0,14.8,-26.0,-0.3011,0.06971,10.23,0.08285,0.05405,1.533,1.2262,2.0,12,不的中,0,14.8,0.0,1000.0,0.0,-1000.0,217400.0,600.0,0.0,-600.0,335590.0
2024-04-07,15:40,202409020611,11,阪神,第84回桜花賞(GI),G1,1600,芝,良,18,3,イフェイオン,西村淳也,8.0,35.8,31.1,-13.13,-0.1407,0.03755,96.82,0.03876,0.02572,1.507,1.2054,1.0,11,不的中,0,31.1,0.0,1000.0,0.0,-1000.0,216400.0,300.0,0.0,-300.0,335290.0
2024-04-07,16:10,202406030612,12,中山,4歳以上1勝クラス,1勝クラス,1800,ダート,重,13,9,チェリーロシアン,小林凌大,8.0,21.1,19.0,-9.95,-0.1048,0.04395,7.9,0.07276,0.04211,1.728,1.3824,1.0,8,不的中,0,19.0,0.0,1000.0,0.0,-1000.0,215400.0,800.0,0.0,-800.0,334490.0
2024-04-13,10:15,202403010302,02,福島,3歳未勝利,未勝利,1200,芝,良,16,15,タカイチミッキー,菊沢一樹,10.0,146.7,104.6,-28.7,-0.3382,0.00874,2.78,0.01408,0.00765,1.842,1.4733,1.0,7,不的中,0,106.8,0.0,1000.0,0.0,-1000.0,214400.0,200.0,0.0,-200.0,334290.0
2024-04-13,11:35,202406030704,04,中山,3歳未勝利,未勝利,1800,ダート,良,12,8,カラーオブワンダー,松岡正海,9.0,110.3,99.6,-9.7,-0.102,0.00823,4.59,0.01278,0.00803,1.591,1.2731,1.0,7,不的中,0,89.0,0.0,1000.0,0.0,-1000.0,213400.0,100.0,0.0,-100.0,334190.0
2024-04-13,13:05,202403010307,07,福島,4歳以上1勝クラス,1勝クラス,1150,ダート,良,16,7,オリビアジュテーム,菊沢一樹,10.0,55.4,26.0,-53.07,-0.7565,0.03826,2.94,0.05691,0.03077,1.85,1.4796,1.0,4,不的中,0,26.0,0.0,1000.0,0.0,-1000.0,212400.0,700.0,0.0,-700.0,333290.0
2024-04-13,13:05,202403010307,07,福島,4歳以上1勝クラス,1勝クラス,1150,ダート,良,16,1,ビナカントー,小沢大仁,13.0,89.2,66.7,-25.22,-0.2907,0.0133,2.94,0.01806,0.01199,1.506,1.2046,2.0,8,不的中,0,66.7,0.0,1000.0,0.0,-1000.0,211400.0,200.0,0.0,-200.0,333290.0
2024-04-13,14:05,202403010309,09,福島,雪うさぎ賞(1勝),1勝クラス,1200,芝,良,16,2,ハピアーザンエバー,国分恭介,11.0,29.4,27.7,-5.78,-0.0596,0.02961,3.53,0.04709,0.02888,1.63,1.3044,1.0,5,不的中,0,24.4,0.0,1000.0,0.0,-1000.0,210400.0,400.0,0.0,-400.0,332890.0
2024-04-13,14:50,202409020710,10,阪神,天満橋ステークス(3勝),3勝クラス,1400,ダート,良,15,4,ロードラディウス,松山弘平,7.0,23.1,18.3,-20.78,-0.2329,0.05285,7.55,0.06981,0.04372,1.597,1.2775,1.0,1,的中,1,18.1,1810.0,1000.0,18100.0,17100.0,227500.0,600.0,10860.0,10260.0,343150.0
2024-04-13,15:20,202403010311,11,福島,ラジオ福島賞(2勝),2勝クラス,1150,ダート,良,16,14,メイショウツワブキ,太宰啓介,15.0,144.1,115.2,-20.06,-0.2238,0.00899,6.26,0.01281,0.00694,1.845,1.4758,1.0,13,不的中,0,107.1,0.0,1000.0,0.0,-1000.0,226500.0,200.0,0.0,-200.0,342250.0
2024-04-13,15:20,202403010311,11,福島,ラジオ福島賞(2勝),2勝クラス,1150,ダート,良,16,1,クインズプリーズ,藤懸貴志,5.0,19.0,15.5,-18.42,-0.2036,0.06551,6.26,0.08138,0.05161,1.577,1.2613,2.0,8,不的中,0,15.8,0.0,1000.0,0.0,-1000.0,225500.0,700.0,0.0,-700.0,342250.0
2024-04-13,15:30,202409020711,11,阪神,第33回アーリントンカップ(GIII),G3,1600,芝,良,16,8,タイキヴァンクール,幸英明,12.0,99.5,87.7,-11.86,-0.1262,0.01082,24.16,0.01408,0.00912,1.544,1.2352,1.0,7,不的中,0,87.1,0.0,1000.0,0.0,-1000.0,224500.0,100.0,0.0,-100.0,342150.0
2024-04-13,16:25,202406030712,12,中山,袖ケ浦特別(2勝),2勝クラス,1200,ダート,良,15,11,ドンレパルス,三浦皇成,6.0,30.9,19.9,-35.6,-0.44,0.05638,12.7,0.07894,0.0402,1.964,1.5709,1.0,2,不的中,0,18.7,0.0,1000.0,0.0,-1000.0,223500.0,1100.0,0.0,-1100.0,340950.0
2024-04-13,16:25,202406030712,12,中山,袖ケ浦特別(2勝),2勝クラス,1200,ダート,良,15,14,ターニングアップ,嶋田純次,12.0,104.5,86.9,-16.84,-0.1844,0.01092,12.7,0.01408,0.00921,1.53,1.224,2.0,4,不的中,0,86.9,0.0,1000.0,0.0,-1000.0,222500.0,100.0,0.0,-100.0,340950.0
2024-04-14,09:50,202403010401,01,福島,3歳未勝利,未勝利,1150,ダート,良,16,16,アナスタシス,河原田菜,7.0,29.6,19.0,-35.81,-0.4433,0.05707,3.15,0.07477,0.04211,1.776,1.4207,1.0,2,不的中,0,16.0,0.0,1000.0,0.0,-1000.0,221500.0,800.0,0.0,-800.0,340150.0
2024-04-14,10:05,202406030801,01,中山,3歳未勝利,未勝利,1800,ダート,良,16,12,メイショウコオロギ,Ｍ．デム,6.0,28.5,19.1,-32.98,-0.4002,0.05304,5.36,0.06766,0.04188,1.615,1.2923,1.0,2,不的中,0,16.7,0.0,1000.0,0.0,-1000.0,220500.0,600.0,0.0,-600.0,339550.0
2024-04-14,10:20,202409020802,02,阪神,3歳未勝利,未勝利,1400,ダート,良,15,15,カセノラオー,川須栄彦,8.0,55.0,33.7,-38.73,-0.4898,0.03165,3.16,0.04135,0.02374,1.742,1.3935,1.0,6,不的中,0,33.7,0.0,1000.0,0.0,-1000.0,219500.0,500.0,0.0,-500.0,339050.0
2024-04-14,12:55,202406030806,06,中山,4歳以上1勝クラス,1勝クラス,1800,ダート,良,15,6,クールシェルタ,吉田豊,9.0,130.7,87.3,-33.21,-0.4036,0.01131,5.0,0.01408,0.00916,1.537,1.2296,1.0,7,不的中,0,81.2,0.0,1000.0,0.0,-1000.0,218500.0,100.0,0.0,-100.0,338950.0
2024-04-14,13:15,202409020807,07,阪神,4歳以上1勝クラス,1勝クラス,1600,芝,良,17,14,ウォーターリーダー,中井裕二,11.0,96.8,82.0,-15.29,-0.1659,0.01052,4.58,0.01756,0.00976,1.799,1.4396,1.0,15,不的中,0,82.0,0.0,1000.0,0.0,-1000.0,217500.0,200.0,0.0,-200.0,338750.0
2024-04-14,14:15,202409020809,09,阪神,三木特別(2勝),2勝クラス,1400,芝,良,17,2,シモズル,泉谷楓真,13.0,71.9,27.9,-61.2,-0.9466,0.04089,5.05,0.07705,0.02867,2.687,2.1496,1.0,16,不的中,0,27.9,0.0,1000.0,0.0,-1000.0,216500.0,1500.0,0.0,-1500.0,337050.0
2024-04-14,14:15,202409020809,09,阪神,三木特別(2勝),2勝クラス,1400,芝,良,17,6,チャーミングアクト,小崎綾也,16.0,88.7,70.3,-20.74,-0.2325,0.01299,5.05,0.01924,0.01138,1.69,1.3524,2.0,12,不的中,0,70.4,0.0,1000.0,0.0,-1000.0,215500.0,200.0,0.0,-200.0,337050.0
2024-04-14,15:01,202406030810,10,中山,ドゥラメンテC(3勝),3勝クラス,2500,芝,良,14,2,ダノングロワール,Ｍ．デム,6.0,21.7,12.6,-41.94,-0.5436,0.09301,8.78,0.14173,0.06349,2.232,1.7858,1.0,3,不的中,0,12.6,0.0,1000.0,0.0,-1000.0,214500.0,2300.0,0.0,-2300.0,333450.0
2024-04-14,15:01,202406030810,10,中山,ドゥラメンテC(3勝),3勝クラス,2500,芝,良,14,5,ロードプレジール,西村淳也,10.0,38.7,28.3,-26.87,-0.313,0.03728,8.78,0.04843,0.02827,1.713,1.3706,2.0,8,不的中,0,28.4,0.0,1000.0,0.0,-1000.0,213500.0,500.0,0.0,-500.0,333450.0
2024-04-14,15:01,202406030810,10,中山,ドゥラメンテC(3勝),3勝クラス,2500,芝,良,14,6,ホウオウエクレール,戸崎圭太,7.0,23.6,16.4,-30.51,-0.364,0.06605,8.78,0.08285,0.04878,1.698,1.3587,3.0,14,不的中,0,16.4,0.0,1000.0,0.0,-1000.0,212500.0,800.0,0.0,-800.0,333450.0
2024-04-14,15:20,202403010411,11,福島,福島民報杯(L),リステッド,2000,芝,良,16,3,ショウナンマグマ,松本大輝,8.0,21.2,17.8,-16.04,-0.1748,0.06091,7.29,0.07191,0.04494,1.6,1.28,1.0,4,不的中,0,15.1,0.0,1000.0,0.0,-1000.0,211500.0,600.0,0.0,-600.0,332850.0
2024-04-14,15:40,202406030811,11,中山,第84回皐月賞(GI),G1,2000,芝,良,18,1,サンライズジパング,菅原明良,10.0,37.9,28.1,-25.86,-0.2992,0.05213,125.14,0.04778,0.02847,1.678,1.3426,1.0,9,不的中,0,27.5,0.0,1000.0,0.0,-1000.0,210500.0,500.0,0.0,-500.0,332350.0
2024-04-14,16:10,202409020812,12,阪神,4歳以上2勝クラス,2勝クラス,1400,ダート,良,15,14,ケイアイオメガ,丸山元気,8.0,25.3,21.2,-16.21,-0.1768,0.04015,9.65,0.06522,0.03774,1.728,1.3826,1.0,8,不的中,0,21.2,0.0,1000.0,0.0,-1000.0,209500.0,700.0,0.0,-700.0,331650.0
2024-04-20,11:40,202405020104,04,東京,3歳未勝利,未勝利,2000,芝,良,18,18,パルファンソオン,永野猛蔵,10.0,188.8,91.9,-51.32,-0.72,0.01118,5.21,0.01408,0.00871,1.618,1.2944,1.0,6,不的中,0,91.9,0.0,1000.0,0.0,-1000.0,208500.0,200.0,0.0,-200.0,331450.0
2024-04-20,13:25,202408030107,07,京都,4歳以上1勝クラス,1勝クラス,1400,ダート,良,14,14,ハクアイアテナ,今村聖奈,11.0,25.4,22.0,-13.39,-0.1437,0.03896,4.3,0.05714,0.03636,1.571,1.2571,1.0,12,不的中,0,20.6,0.0,1000.0,0.0,-1000.0,207500.0,500.0,0.0,-500.0,330950.0
2024-04-20,14:15,202403010509,09,福島,浄土平特別(1勝),1勝クラス,1200,芝,良,14,9,ライブリームーラン,菱田裕二,7.0,37.9,18.4,-51.45,-0.7226,0.05842,4.03,0.0759,0.04348,1.746,1.3965,1.0,8,不的中,0,18.4,0.0,1000.0,0.0,-1000.0,206500.0,800.0,0.0,-800.0,330150.0
2024-04-20,15:01,202408030110,10,京都,観月橋ステークス(3勝),3勝クラス,1900,ダート,良,12,6,クレメダンジュ,和田竜二,8.0,29.8,25.3,-15.1,-0.1637,0.03742,6.57,0.05895,0.03162,1.864,1.4913,1.0,3,不的中,0,25.8,0.0,1000.0,0.0,-1000.0,205500.0,700.0,0.0,-700.0,329450.0
2024-04-20,15:10,202405020110,10,東京,湘南ステークス(3勝),3勝クラス,1400,芝,良,18,2,ベガリス,藤懸貴志,5.0,23.3,13.8,-40.77,-0.5238,0.07756,8.81,0.10364,0.05797,1.788,1.4303,1.0,3,不的中,0,13.8,0.0,1000.0,0.0,-1000.0,204500.0,1200.0,0.0,-1200.0,328250.0
2024-04-20,15:25,202403010511,11,福島,第21回福島牝馬ステークス(GIII),G3,1800,芝,良,16,14,フィールシンパシー,横山琉人,8.0,20.5,14.9,-27.32,-0.3191,0.08333,19.29,0.0817,0.05369,1.522,1.2174,1.0,2,不的中,0,14.9,0.0,1000.0,0.0,-1000.0,203500.0,600.0,0.0,-600.0,327650.0
2024-04-20,16:25,202405020112,12,東京,4歳以上2勝クラス,2勝クラス,1400,ダート,良,16,3,マホロバ,丸山元気,7.0,34.2,25.6,-25.15,-0.2896,0.03744,11.77,0.06128,0.03125,1.961,1.5687,1.0,8,不的中,0,25.6,0.0,1000.0,0.0,-1000.0,202500.0,800.0,0.0,-800.0,326850.0
2024-04-21,10:20,202403010602,02,福島,3歳未勝利,未勝利,1200,芝,良,16,11,ダイメイイチョウ,角田大和,6.0,39.1,20.4,-47.83,-0.6506,0.04857,4.53,0.07014,0.03922,1.789,1.4309,1.0,7,不的中,0,19.2,0.0,1000.0,0.0,-1000.0,201500.0,800.0,0.0,-800.0,326050.0
2024-04-21,12:10,202403010605,05,福島,3歳未勝利,未勝利,1800,芝,良,16,11,シュタイフブリーゼ,丸山元気,8.0,54.3,32.4,-40.33,-0.5164,0.03798,3.81,0.04957,0.02469,2.008,1.606,1.0,13,不的中,0,27.7,0.0,1000.0,0.0,-1000.0,200500.0,700.0,0.0,-700.0,337870.0
2024-04-21,12:10,202403010605,05,福島,3歳未勝利,未勝利,1800,芝,良,16,15,デアパーディタ,小林美駒,10.0,46.3,32.4,-30.02,-0.357,0.03455,3.81,0.04092,0.02469,1.657,1.3259,2.0,1,的中,1,32.3,3230.0,1000.0,32300.0,31300.0,231800.0,400.0,12920.0,12520.0,337870.0
2024-04-21,13:30,202405020207,07,東京,4歳以上1勝クラス,1勝クラス,1600,ダート,良,12,8,シルバーニース,大野拓弥,10.0,64.4,41.3,-35.87,-0.4443,0.02244,5.47,0.02985,0.01937,1.541,1.2328,1.0,7,不的中,0,36.6,0.0,1000.0,0.0,-1000.0,230800.0,200.0,0.0,-200.0,337670.0
2024-04-21,15:35,202408030211,11,京都,第55回読売マイラーズカップ(GII),G2,1600,芝,稍重,17,2,スパイダーゴールド,西村淳也,14.0,206.3,123.0,-40.38,-0.5171,0.01159,31.75,0.01408,0.0065,2.166,1.7324,1.0,16,不的中,0,123.0,0.0,1000.0,0.0,-1000.0,229800.0,300.0,0.0,-300.0,337370.0
2024-04-21,16:25,202405020212,12,東京,4歳以上2勝クラス,2勝クラス,1600,ダート,良,13,3,エイトワン,松岡正海,8.0,108.4,83.9,-22.6,-0.2562,0.0123,15.24,0.01756,0.00954,1.841,1.4729,1.0,7,不的中,0,83.9,0.0,1000.0,0.0,-1000.0,228800.0,200.0,0.0,-200.0,337170.0
2024-04-27,13:20,202404010107,07,新潟,4歳以上1勝クラス,1勝クラス,1800,ダート,良,8,1,フクノエヴリー,小林勝太,5.0,17.9,15.2,-15.08,-0.1635,0.0586,3.46,0.0822,0.05263,1.562,1.2494,1.0,5,不的中,0,15.2,0.0,1000.0,0.0,-1000.0,227800.0,600.0,0.0,-600.0,336570.0
2024-04-27,14:05,202405020308,08,東京,4歳以上1勝クラス,1勝クラス,1400,ダート,稍重,15,3,グローリーカフェ,長浜鴻緒,6.0,21.5,14.8,-31.16,-0.3734,0.06579,6.04,0.08285,0.05405,1.533,1.2262,1.0,10,不的中,0,14.8,0.0,1000.0,0.0,-1000.0,226800.0,600.0,0.0,-600.0,335970.0
2024-04-27,15:25,202404010111,11,新潟,三条ステークス(3勝),3勝クラス,1800,ダート,良,13,5,スマートムーラン,荻野極,13.0,159.8,118.4,-25.91,-0.2999,0.00852,7.12,0.01408,0.00676,2.085,1.6677,1.0,7,不的中,0,118.4,0.0,1000.0,0.0,-1000.0,225800.0,200.0,0.0,-200.0,334470.0
2024-04-27,15:25,202404010111,11,新潟,三条ステークス(3勝),3勝クラス,1800,ダート,良,13,12,レリジールダモーレ,横山琉人,10.0,41.2,26.8,-34.95,-0.43,0.04048,7.12,0.05931,0.02985,1.987,1.5894,2.0,6,不的中,0,26.8,0.0,1000.0,0.0,-1000.0,224800.0,800.0,0.0,-800.0,334470.0
2024-04-27,15:25,202404010111,11,新潟,三条ステークス(3勝),3勝クラス,1800,ダート,良,13,8,プメハナ,西塚洸二,9.0,27.2,21.5,-20.96,-0.2352,0.04495,7.12,0.05971,0.03721,1.605,1.2838,3.0,5,不的中,0,21.5,0.0,1000.0,0.0,-1000.0,223800.0,500.0,0.0,-500.0,334470.0
2024-04-28,09:50,202404010201,01,新潟,3歳未勝利,未勝利,1200,ダート,良,15,6,ブリリアントスピカ,小牧太,6.0,47.7,21.9,-54.09,-0.7784,0.05784,3.0,0.07157,0.03653,1.959,1.5674,1.0,9,不的中,0,21.9,0.0,1000.0,0.0,-1000.0,222800.0,1000.0,0.0,-1000.0,333470.0
2024-04-28,10:45,202404010203,03,新潟,3歳未勝利,未勝利,1800,ダート,良,15,6,イマジンレノン,角田大和,8.0,45.3,30.6,-32.45,-0.3923,0.02931,3.79,0.04002,0.02614,1.531,1.2245,1.0,7,不的中,0,29.8,0.0,1000.0,0.0,-1000.0,221800.0,300.0,0.0,-300.0,333170.0
2024-04-28,11:25,202405020404,04,東京,3歳未勝利,未勝利,1400,芝,良,18,13,ベルウッドボヌール,木幡巧也,10.0,53.7,32.9,-38.73,-0.4899,0.03456,4.09,0.04251,0.02432,1.748,1.3985,1.0,3,不的中,0,32.9,0.0,1000.0,0.0,-1000.0,220800.0,500.0,0.0,-500.0,332670.0
2024-04-28,12:35,202404010206,06,新潟,4歳以上1勝クラス,1勝クラス,1800,ダート,良,10,2,サンマルリアン,小林勝太,5.0,23.9,20.1,-15.9,-0.1732,0.04177,3.24,0.06257,0.0398,1.572,1.2576,1.0,7,不的中,0,20.1,0.0,1000.0,0.0,-1000.0,219800.0,500.0,0.0,-500.0,332170.0
2024-04-28,13:55,202408030408,08,京都,糺の森特別(2勝),2勝クラス,1800,芝,良,12,9,コイニョウボウ,幸英明,7.0,30.6,22.3,-27.12,-0.3164,0.04245,6.87,0.07226,0.03587,2.014,1.6113,1.0,7,不的中,0,20.5,0.0,1000.0,0.0,-1000.0,218800.0,1000.0,0.0,-1000.0,340070.0
2024-04-28,13:55,202408030408,08,京都,糺の森特別(2勝),2勝クラス,1800,芝,良,12,2,サラサハウプリティ,菱田裕二,8.0,34.6,22.6,-34.68,-0.4259,0.04386,6.87,0.07058,0.0354,1.994,1.5952,2.0,9,不的中,0,21.6,0.0,1000.0,0.0,-1000.0,217800.0,1000.0,0.0,-1000.0,340070.0
2024-04-28,13:55,202408030408,08,京都,糺の森特別(2勝),2勝クラス,1800,芝,良,12,3,ロマンシングブルー,団野大成,6.0,25.7,18.5,-28.02,-0.3287,0.05145,6.87,0.07022,0.04324,1.624,1.299,3.0,1,的中,1,17.5,1750.0,1000.0,17500.0,16500.0,234300.0,600.0,10500.0,9900.0,340070.0
2024-04-28,14:15,202405020409,09,東京,陣馬特別(2勝),2勝クラス,2400,芝,良,8,4,セラフィナイト,北村宏司,5.0,20.7,13.6,-34.3,-0.4201,0.07091,6.0,0.10421,0.05882,1.772,1.4172,1.0,4,不的中,0,12.6,0.0,1000.0,0.0,-1000.0,233300.0,1200.0,0.0,-1200.0,338870.0
2024-04-28,14:40,202404010210,10,新潟,邁進特別(2勝),2勝クラス,1000,芝,良,16,15,セイウンハルカニ,松本大輝,10.0,31.2,27.9,-10.58,-0.1118,0.03221,6.33,0.05964,0.02867,2.08,1.6638,1.0,3,不的中,0,27.9,0.0,1000.0,0.0,-1000.0,232300.0,900.0,0.0,-900.0,337970.0
2024-04-28,14:50,202405020410,10,東京,ブリリアントS(L),リステッド,2100,ダート,良,16,15,リチュアル,大野拓弥,8.0,28.8,16.4,-43.06,-0.5631,0.06774,8.41,0.08285,0.04878,1.698,1.3587,1.0,2,不的中,0,16.4,0.0,1000.0,0.0,-1000.0,231300.0,800.0,0.0,-800.0,337170.0
2024-04-28,15:01,202408030410,10,京都,ライスシャワーC(3勝),3勝クラス,1200,芝,良,18,6,スリーアイランド,池添謙一,9.0,41.1,28.0,-31.87,-0.3838,0.03912,10.36,0.0759,0.02857,2.656,2.1252,1.0,16,不的中,0,27.3,0.0,1000.0,0.0,-1000.0,230300.0,1500.0,0.0,-1500.0,334670.0
2024-04-28,15:01,202408030410,10,京都,ライスシャワーC(3勝),3勝クラス,1200,芝,良,18,1,タツダイヤモンド,和田竜二,6.0,22.3,13.8,-38.12,-0.4799,0.08299,10.36,0.09824,0.05797,1.695,1.3557,2.0,4,不的中,0,13.2,0.0,1000.0,0.0,-1000.0,229300.0,1000.0,0.0,-1000.0,334670.0
2024-04-28,15:20,202404010211,11,新潟,谷川岳ステークス(L),リステッド,1600,芝,良,15,14,ホウオウノーサイド,武藤雅,14.0,74.0,64.9,-12.3,-0.1312,0.01465,8.82,0.01924,0.01233,1.561,1.2485,1.0,9,不的中,0,64.7,0.0,1000.0,0.0,-1000.0,228300.0,200.0,0.0,-200.0,334470.0
2024-04-28,15:30,202405020411,11,東京,スイートピーS(L),リステッド,1800,芝,良,13,3,クインズスピカ,大野拓弥,10.0,100.8,85.4,-15.28,-0.1658,0.01128,11.71,0.01408,0.00937,1.504,1.2029,1.0,5,不的中,0,78.1,0.0,1000.0,0.0,-1000.0,227300.0,100.0,0.0,-100.0,334370.0
2024-04-28,16:10,202405020412,12,東京,4歳以上2勝クラス,2勝クラス,1400,ダート,良,16,12,フミバレンタイン,柴田善臣,11.0,59.3,54.1,-8.77,-0.0918,0.0155,10.44,0.02239,0.01479,1.514,1.2114,1.0,8,不的中,0,51.5,0.0,1000.0,0.0,-1000.0,226300.0,200.0,0.0,-200.0,334170.0
2024-05-04,14:25,202408030509,09,京都,鴨川特別(2勝),2勝クラス,2000,芝,良,8,4,トーアライデン,鮫島克駿,4.0,31.5,21.6,-31.43,-0.3773,0.04451,4.87,0.08105,0.03704,2.188,1.7507,1.0,3,不的中,0,13.5,0.0,1000.0,0.0,-1000.0,225300.0,1300.0,0.0,-1300.0,332870.0
2024-05-04,15:05,202408030510,10,京都,平城京ステークス(OP),オープン,1800,ダート,良,16,6,カフジオクタゴン,藤岡佑介,9.0,37.0,25.8,-30.27,-0.3605,0.04936,7.64,0.07549,0.03101,2.434,1.9475,1.0,8,不的中,0,25.8,0.0,1000.0,0.0,-1000.0,224300.0,1300.0,0.0,-1300.0,331570.0
2024-05-04,15:35,202408030511,11,京都,第72回京都新聞杯(GII),G2,2200,芝,良,15,1,ジューンテイク,藤岡佑介,8.0,28.4,18.2,-35.92,-0.445,0.07005,25.65,0.08285,0.04396,1.885,1.5079,1.0,1,的中,1,17.7,1770.0,1000.0,17700.0,16700.0,241000.0,1000.0,17700.0,16700.0,346970.0
2024-05-04,15:35,202408030511,11,京都,第72回京都新聞杯(GII),G2,2200,芝,良,15,14,アドマイヤテラ,Ｍ．デム,6.0,15.5,11.8,-23.87,-0.2727,0.0944,25.65,0.11974,0.0678,1.766,1.413,2.0,4,不的中,0,11.6,0.0,1000.0,0.0,-1000.0,240000.0,1300.0,0.0,-1300.0,346970.0
2024-05-04,16:01,202404010312,12,新潟,4歳以上1勝クラス,1勝クラス,1000,芝,良,16,7,エリカソレイユ,斎藤新,11.0,49.3,38.1,-22.72,-0.2577,0.02455,6.09,0.05324,0.021,2.535,2.0283,1.0,16,不的中,0,38.1,0.0,1000.0,0.0,-1000.0,239000.0,1000.0,0.0,-1000.0,345970.0
2024-05-05,10:25,202408030602,02,京都,3歳未勝利,未勝利,1400,ダート,良,16,11,カフジニホニウム,古川奈穂,8.0,22.7,21.2,-6.61,-0.0684,0.03866,3.74,0.05787,0.03774,1.534,1.2269,1.0,4,不的中,0,21.2,0.0,1000.0,0.0,-1000.0,238000.0,400.0,0.0,-400.0,345570.0
2024-05-05,10:45,202404010403,03,新潟,3歳未勝利,未勝利,1800,ダート,良,15,4,タロサンダー,秋山稔樹,8.0,49.8,36.1,-27.51,-0.3217,0.02534,3.28,0.06128,0.02216,2.765,2.2122,1.0,2,不的中,0,31.0,0.0,1000.0,0.0,-1000.0,237000.0,1200.0,0.0,-1200.0,343770.0
2024-05-05,10:45,202404010403,03,新潟,3歳未勝利,未勝利,1800,ダート,良,15,13,テクノドラゴン,井上敏樹,11.0,62.5,45.5,-27.2,-0.3175,0.02008,3.28,0.0366,0.01758,2.082,1.6655,2.0,3,不的中,0,44.0,0.0,1000.0,0.0,-1000.0,236000.0,600.0,0.0,-600.0,343770.0
2024-05-05,11:05,202405020603,03,東京,3歳未勝利,未勝利,2300,芝,良,14,6,ボクラヲツナグモノ,永野猛蔵,6.0,21.7,19.0,-12.44,-0.1329,0.04523,5.04,0.07477,0.04211,1.776,1.4207,1.0,3,不的中,0,19.0,0.0,1000.0,0.0,-1000.0,235000.0,900.0,0.0,-900.0,342870.0
2024-05-05,12:35,202404010406,06,新潟,4歳以上1勝クラス,1勝クラス,1800,ダート,良,15,3,テンカオーライ,荻野極,9.0,84.0,64.2,-23.57,-0.2688,0.01354,3.26,0.01924,0.01246,1.544,1.235,1.0,6,不的中,0,52.3,0.0,1000.0,0.0,-1000.0,234000.0,200.0,0.0,-200.0,342670.0
2024-05-05,12:45,202408030606,06,京都,3歳1勝クラス,1勝クラス,1800,ダート,良,16,15,ペイシャコパ,高杉吏麒,14.0,207.0,144.1,-30.39,-0.3622,0.00659,4.73,0.01078,0.00555,1.943,1.5541,1.0,12,不的中,0,144.2,0.0,1000.0,0.0,-1000.0,233000.0,200.0,0.0,-200.0,341770.0
2024-05-05,12:45,202408030606,06,京都,3歳1勝クラス,1勝クラス,1800,ダート,良,16,7,バスタードサフラン,酒井学,8.0,33.6,19.4,-42.26,-0.5493,0.05205,4.73,0.06939,0.04124,1.683,1.3462,2.0,2,不的中,0,19.4,0.0,1000.0,0.0,-1000.0,232000.0,700.0,0.0,-700.0,341770.0
2024-05-05,13:05,202404010407,07,新潟,4歳以上1勝クラス,1勝クラス,1400,芝,良,16,1,ハレアカラフラ,松岡正海,8.0,30.6,26.0,-15.03,-0.1629,0.03268,3.48,0.04774,0.03077,1.552,1.2413,1.0,4,不的中,0,25.4,0.0,1000.0,0.0,-1000.0,231000.0,400.0,0.0,-400.0,341370.0
2024-05-05,14:25,202405020609,09,東京,分倍河原ステークス(3勝),3勝クラス,1600,芝,良,12,7,ラケマーダ,岩田望来,6.0,34.8,17.1,-50.86,-0.7105,0.06663,7.02,0.08285,0.04678,1.771,1.4167,1.0,1,的中,1,14.7,1470.0,1000.0,14700.0,13700.0,244700.0,900.0,13230.0,12330.0,353700.0
2024-05-05,14:40,202404010410,10,新潟,駿風ステークス(3勝),3勝クラス,1000,芝,良,16,13,ヴァリアント,斎藤新,9.0,25.2,23.2,-7.94,-0.0827,0.03743,5.48,0.0759,0.03448,2.201,1.7609,1.0,11,不的中,0,23.0,0.0,1000.0,0.0,-1000.0,243700.0,1300.0,0.0,-1300.0,351700.0
2024-05-05,14:40,202404010410,10,新潟,駿風ステークス(3勝),3勝クラス,1000,芝,良,16,12,タリア,丹内祐次,7.0,19.8,15.7,-20.71,-0.232,0.06315,5.48,0.0822,0.05096,1.613,1.2905,2.0,6,不的中,0,15.6,0.0,1000.0,0.0,-1000.0,242700.0,700.0,0.0,-700.0,351700.0
2024-05-05,15:01,202405020610,10,東京,キングカメハメハC(3勝),3勝クラス,1600,ダート,良,16,13,イチネンエーグミ,オシェア,9.0,35.9,28.0,-22.01,-0.2485,0.03872,8.75,0.07175,0.02857,2.511,2.0091,1.0,11,不的中,0,21.9,0.0,1000.0,0.0,-1000.0,241700.0,1400.0,0.0,-1400.0,349400.0
2024-05-05,15:01,202405020610,10,東京,キングカメハメハC(3勝),3勝クラス,1600,ダート,良,16,14,サトノフウジン,モレイラ,7.0,22.7,20.2,-11.01,-0.1167,0.04818,8.75,0.07381,0.0396,1.864,1.4909,2.0,8,不的中,0,19.5,0.0,1000.0,0.0,-1000.0,240700.0,900.0,0.0,-900.0,349400.0
2024-05-05,15:40,202405020611,11,東京,第29回NHKマイルカップ(GI),G1,1600,芝,良,18,1,ダノンマッキンリー,北村友一,8.0,33.8,25.1,-25.74,-0.2976,0.05991,93.24,0.06271,0.03187,1.967,1.574,1.0,13,不的中,0,24.2,0.0,1000.0,0.0,-1000.0,239700.0,900.0,0.0,-900.0,348500.0
2024-05-05,16:10,202408030612,12,京都,4歳以上1勝クラス,1勝クラス,1400,ダート,良,16,10,レゾルシオン,川又賢治,11.0,66.1,56.5,-14.52,-0.1569,0.01537,8.55,0.02219,0.01416,1.567,1.2536,1.0,3,不的中,0,55.6,0.0,1000.0,0.0,-1000.0,238700.0,200.0,0.0,-200.0,348300.0
2024-05-05,16:25,202405020612,12,東京,日吉特別(2勝),2勝クラス,1300,ダート,良,16,11,ミルトハンター,岩田康誠,6.0,17.2,13.2,-23.26,-0.2647,0.07432,16.9,0.09797,0.06061,1.616,1.2932,1.0,5,不的中,0,13.2,0.0,1000.0,0.0,-1000.0,237700.0,900.0,0.0,-900.0,346700.0
2024-05-05,16:25,202405020612,12,東京,日吉特別(2勝),2勝クラス,1300,ダート,良,16,12,ヤングワールド,三浦皇成,7.0,22.8,15.0,-34.21,-0.4187,0.07151,16.9,0.08285,0.05333,1.553,1.2427,2.0,14,不的中,0,15.0,0.0,1000.0,0.0,-1000.0,236700.0,700.0,0.0,-700.0,346700.0
2024-05-11,10:15,202404010502,02,新潟,3歳未勝利,未勝利,1800,ダート,良,15,5,トゥラッタッタ,小沢大仁,9.0,38.9,35.0,-10.03,-0.1056,0.02413,3.11,0.0463,0.02286,2.026,1.6206,1.0,3,不的中,0,34.3,0.0,1000.0,0.0,-1000.0,235700.0,700.0,0.0,-700.0,346000.0
2024-05-11,11:15,202404010504,04,新潟,3歳未勝利,未勝利,1800,ダート,良,15,4,ウェルキン,石田拓郎,10.0,112.7,91.9,-18.46,-0.204,0.00947,2.67,0.01762,0.00871,2.024,1.6192,1.0,8,不的中,0,91.8,0.0,1000.0,0.0,-1000.0,234700.0,300.0,0.0,-300.0,345700.0
2024-05-11,14:15,202404010509,09,新潟,はやぶさ賞(1勝),1勝クラス,1000,芝,良,12,11,ニシノルミリオン,武藤雅,7.0,24.8,22.2,-10.48,-0.1108,0.03988,4.7,0.06037,0.03604,1.675,1.3402,1.0,4,不的中,0,20.4,0.0,1000.0,0.0,-1000.0,233700.0,600.0,0.0,-600.0,345100.0
2024-05-11,15:01,202408030710,10,京都,上賀茂ステークス(3勝),3勝クラス,1800,ダート,良,16,1,マリアナトレンチ,松若風馬,9.0,35.7,32.9,-7.84,-0.0817,0.0261,5.99,0.04061,0.02432,1.67,1.3359,1.0,3,不的中,0,34.0,0.0,1000.0,0.0,-1000.0,232700.0,400.0,0.0,-400.0,344700.0
2024-05-12,09:55,202408030801,01,京都,3歳未勝利,未勝利,1200,ダート,良,16,15,ファストフライト,川須栄彦,8.0,42.8,23.9,-44.16,-0.5827,0.05094,2.29,0.05895,0.03347,1.761,1.4088,1.0,6,不的中,0,17.3,0.0,1000.0,0.0,-1000.0,231700.0,700.0,0.0,-700.0,344000.0
2024-05-12,10:50,202408030803,03,京都,3歳未勝利,未勝利,1200,芝,良,18,6,メイショウロージー,柴田裕一,5.0,24.7,20.3,-17.81,-0.1962,0.045,3.7,0.06981,0.03941,1.771,1.4171,1.0,12,不的中,0,16.1,0.0,1000.0,0.0,-1000.0,230700.0,800.0,0.0,-800.0,343200.0
2024-05-12,13:35,202404010608,08,新潟,4歳以上1勝クラス,1勝クラス,1200,ダート,良,14,7,ラヴァグロウ,永島まな,6.0,29.5,21.8,-26.1,-0.3025,0.03956,3.38,0.06589,0.0367,1.795,1.4364,1.0,8,不的中,0,16.4,0.0,1000.0,0.0,-1000.0,229700.0,800.0,0.0,-800.0,342400.0
2024-05-12,13:45,202408030808,08,京都,4歳以上1勝クラス,1勝クラス,1200,ダート,良,12,4,ライズンシャイン,柴田裕一,11.0,32.8,22.7,-30.79,-0.3681,0.04148,4.5,0.07894,0.03524,2.24,1.7919,1.0,3,不的中,0,19.8,0.0,1000.0,0.0,-1000.0,228700.0,1300.0,0.0,-1300.0,339600.0
2024-05-12,13:45,202408030808,08,京都,4歳以上1勝クラス,1勝クラス,1200,ダート,良,12,7,エントラップメント,小沢大仁,8.0,46.2,21.2,-54.11,-0.779,0.04956,4.5,0.07198,0.03774,1.908,1.526,2.0,8,不的中,0,15.3,0.0,1000.0,0.0,-1000.0,227700.0,900.0,0.0,-900.0,339600.0
2024-05-12,13:45,202408030808,08,京都,4歳以上1勝クラス,1勝クラス,1200,ダート,良,12,8,ラートリー,水口優也,10.0,22.9,15.5,-32.31,-0.3903,0.06121,4.5,0.08023,0.05161,1.554,1.2436,3.0,9,不的中,0,16.0,0.0,1000.0,0.0,-1000.0,226700.0,600.0,0.0,-600.0,339600.0
2024-05-12,14:40,202404010610,10,新潟,中ノ岳特別(2勝),2勝クラス,1800,ダート,良,14,9,フォーランマリア,角田大和,11.0,42.1,36.8,-12.59,-0.1345,0.02389,4.62,0.04939,0.02174,2.272,1.8177,1.0,14,不的中,0,33.6,0.0,1000.0,0.0,-1000.0,225700.0,800.0,0.0,-800.0,337900.0
2024-05-12,14:40,202404010610,10,新潟,中ノ岳特別(2勝),2勝クラス,1800,ダート,良,14,5,サイモンソーラン,菊沢一樹,7.0,20.6,19.2,-6.8,-0.0704,0.04365,4.62,0.0759,0.04167,1.822,1.4573,2.0,9,不的中,0,16.7,0.0,1000.0,0.0,-1000.0,224700.0,900.0,0.0,-900.0,337900.0
2024-05-12,14:50,202408030810,10,京都,錦ステークス(3勝),3勝クラス,1600,芝,良,14,4,ソレイユヴィータ,北村友一,3.0,15.6,10.3,-33.97,-0.4151,0.09913,6.07,0.12098,0.07767,1.558,1.2461,1.0,7,不的中,0,7.5,0.0,1000.0,0.0,-1000.0,223700.0,900.0,0.0,-900.0,337000.0
2024-05-12,16:10,202408030812,12,京都,4歳以上2勝クラス,2勝クラス,1800,ダート,良,14,4,アッチャゴーラ,小崎綾也,9.0,44.0,25.8,-41.36,-0.5338,0.03795,8.6,0.07549,0.03101,2.434,1.9475,1.0,7,不的中,0,22.1,0.0,1000.0,0.0,-1000.0,222700.0,1300.0,0.0,-1300.0,335700.0
2024-05-12,16:25,202405020812,12,東京,BSイレブン賞(3勝),3勝クラス,1400,ダート,良,16,7,キャンディドライヴ,北村宏司,9.0,23.7,22.3,-5.91,-0.0609,0.03818,19.6,0.05595,0.03587,1.56,1.2477,1.0,13,不的中,0,22.3,0.0,1000.0,0.0,-1000.0,221700.0,400.0,0.0,-400.0,335300.0
2024-05-18,13:45,202404010708,08,新潟,4歳以上1勝クラス,1勝クラス,1800,ダート,良,15,2,ヤエベニシダレ,柴田裕一,10.0,56.3,43.5,-22.74,-0.2579,0.02007,3.15,0.0381,0.01839,2.071,1.6572,1.0,10,不的中,0,43.1,0.0,1000.0,0.0,-1000.0,220700.0,600.0,0.0,-600.0,334700.0
2024-05-18,14:05,202405020908,08,東京,4歳以上1勝クラス,1勝クラス,1400,ダート,良,16,9,トルズイーガー,永野猛蔵,10.0,52.3,28.7,-45.12,-0.6001,0.03595,5.22,0.0546,0.02787,1.959,1.567,1.0,9,不的中,0,28.7,0.0,1000.0,0.0,-1000.0,219700.0,700.0,0.0,-700.0,332900.0
2024-05-18,14:05,202405020908,08,東京,4歳以上1勝クラス,1勝クラス,1400,ダート,良,16,2,ニシノシークレット,田辺裕信,8.0,37.9,18.9,-50.13,-0.6958,0.05602,5.22,0.0822,0.04233,1.942,1.5535,2.0,15,不的中,0,18.9,0.0,1000.0,0.0,-1000.0,218700.0,1100.0,0.0,-1100.0,332900.0
2024-05-18,15:25,202404010711,11,新潟,大日岳特別(2勝),2勝クラス,1200,芝,良,16,4,カイカノキセキ,小沢大仁,9.0,23.6,19.4,-17.8,-0.196,0.0491,5.81,0.08203,0.04124,1.989,1.5913,1.0,10,不的中,0,19.4,0.0,1000.0,0.0,-1000.0,217700.0,1100.0,0.0,-1100.0,331800.0
2024-05-18,15:35,202408030911,11,京都,第31回平安ステークス(GIII),G3,1900,ダート,良,16,3,メイプルリッジ,西村淳也,7.0,23.7,16.1,-32.07,-0.3867,0.07769,20.03,0.0822,0.04969,1.654,1.3234,1.0,5,不的中,0,16.1,0.0,1000.0,0.0,-1000.0,216700.0,800.0,0.0,-800.0,331000.0
2024-05-18,15:45,202405020911,11,東京,メイステークス(OP),オープン,1800,芝,良,16,10,グリューネグリーン,田辺裕信,8.0,26.4,23.7,-10.23,-0.1079,0.03619,13.62,0.06428,0.03376,1.904,1.5233,1.0,7,不的中,0,23.7,0.0,1000.0,0.0,-1000.0,215700.0,800.0,0.0,-800.0,330200.0
2024-05-18,16:10,202408030912,12,京都,オーストラリアT(2勝),2勝クラス,1400,ダート,良,16,9,ギーロカスタル,和田竜二,14.0,100.6,71.9,-28.53,-0.3359,0.01314,7.84,0.0188,0.01113,1.689,1.3514,1.0,9,不的中,0,71.9,0.0,1000.0,0.0,-1000.0,214700.0,200.0,0.0,-200.0,329200.0
2024-05-18,16:10,202408030912,12,京都,オーストラリアT(2勝),2勝クラス,1400,ダート,良,16,13,スピリットワールド,幸英明,7.0,28.2,13.5,-52.13,-0.7366,0.07913,7.84,0.09503,0.05926,1.604,1.2829,2.0,7,不的中,0,13.5,0.0,1000.0,0.0,-1000.0,213700.0,800.0,0.0,-800.0,329200.0
2024-05-19,09:55,202408031001,01,京都,3歳未勝利,未勝利,1400,ダート,良,14,2,メイショウカンムリ,富田暁,9.0,88.4,76.8,-13.12,-0.1407,0.01169,2.92,0.01806,0.01042,1.734,1.387,1.0,11,不的中,0,78.6,0.0,1000.0,0.0,-1000.0,212700.0,200.0,0.0,-200.0,329000.0
2024-05-19,12:40,202408031006,06,京都,3歳1勝クラス,1勝クラス,1800,ダート,良,14,5,デトネイション,浜中俊,6.0,21.4,17.4,-18.69,-0.2069,0.05053,4.17,0.07894,0.04598,1.717,1.3735,1.0,1,的中,1,12.6,1260.0,1000.0,12600.0,11600.0,224300.0,800.0,10080.0,9280.0,338280.0
2024-05-19,13:00,202404010807,07,新潟,4歳以上1勝クラス,1勝クラス,1200,ダート,良,15,5,モネ,石橋脩,8.0,27.8,18.6,-33.09,-0.4019,0.04938,2.87,0.07157,0.04301,1.664,1.3312,1.0,2,不的中,0,17.3,0.0,1000.0,0.0,-1000.0,223300.0,700.0,0.0,-700.0,337580.0
2024-05-19,13:30,202404010808,08,新潟,4歳以上1勝クラス,1勝クラス,1400,芝,良,16,9,デイトナモード,菊沢一樹,10.0,57.7,26.4,-54.25,-0.7819,0.03879,3.67,0.05724,0.0303,1.889,1.5111,1.0,12,不的中,0,24.3,0.0,1000.0,0.0,-1000.0,222300.0,700.0,0.0,-700.0,336880.0
2024-05-19,14:05,202404010809,09,新潟,石打特別(1勝),1勝クラス,1800,芝,良,14,6,インペリアルコート,荻野極,10.0,65.4,34.4,-47.4,-0.6425,0.03692,3.73,0.0528,0.02326,2.27,1.8163,1.0,14,不的中,0,27.8,0.0,1000.0,0.0,-1000.0,221300.0,900.0,0.0,-900.0,335980.0
2024-05-19,15:20,202404010811,11,新潟,韋駄天ステークス(OP),オープン,1000,芝,良,16,7,アビッグチア,柴田善臣,5.0,22.2,14.7,-33.78,-0.4122,0.09301,8.6,0.09633,0.05442,1.77,1.4161,1.0,13,不的中,0,12.7,0.0,1000.0,0.0,-1000.0,220300.0,1100.0,0.0,-1100.0,334880.0
2024-05-19,15:30,202408031011,11,京都,高瀬川ステークス(3勝),3勝クラス,1400,ダート,良,16,4,イチネンエーグミ,松若風馬,7.0,25.0,19.8,-20.8,-0.2332,0.05025,8.08,0.0822,0.0404,2.034,1.6275,1.0,3,不的中,0,19.6,0.0,1000.0,0.0,-1000.0,219300.0,1200.0,0.0,-1200.0,333680.0
2024-05-19,15:40,202405021011,11,東京,第85回優駿牝馬(GI),G1,2400,芝,良,18,2,クイーンズウォーク,川田将雅,5.0,13.2,11.5,-12.88,-0.1379,0.10531,93.68,0.11133,0.06957,1.6,1.2803,1.0,4,不的中,0,11.5,0.0,1000.0,0.0,-1000.0,218300.0,900.0,0.0,-900.0,332780.0
2024-05-19,16:30,202405021012,12,東京,三峰山特別(2勝),2勝クラス,1600,ダート,良,15,9,グレノークス,三浦皇成,9.0,44.7,18.8,-57.94,-0.8661,0.1059,16.83,0.10779,0.04255,2.533,2.0265,1.0,5,不的中,0,18.2,0.0,1000.0,0.0,-1000.0,217300.0,2000.0,0.0,-2000.0,330780.0
2024-05-25,10:50,202408031103,03,京都,3歳未勝利,未勝利,1400,ダート,良,16,15,エクステンシヴリー,西村淳也,8.0,28.9,16.0,-44.64,-0.5913,0.06601,4.78,0.0822,0.05,1.644,1.3152,1.0,3,不的中,0,16.0,0.0,1000.0,0.0,-1000.0,216300.0,700.0,0.0,-700.0,330080.0
2024-05-25,11:05,202405021103,03,東京,3歳未勝利,未勝利,1400,芝,良,18,13,ピーエムドレミ,佐々木大,7.0,23.1,20.5,-11.26,-0.1194,0.04285,5.27,0.06743,0.03902,1.728,1.3823,1.0,11,不的中,0,20.5,0.0,1000.0,0.0,-1000.0,215300.0,700.0,0.0,-700.0,329380.0
2024-05-25,11:20,202408031104,04,京都,3歳未勝利,未勝利,2200,芝,良,12,7,ヤマニンステラータ,古川吉洋,7.0,18.5,17.0,-8.11,-0.0846,0.04899,5.75,0.07788,0.04706,1.655,1.324,1.0,4,不的中,0,17.0,0.0,1000.0,0.0,-1000.0,214300.0,700.0,0.0,-700.0,328680.0
2024-05-25,12:25,202405021105,05,東京,3歳未勝利,未勝利,2000,芝,良,11,5,ビーンスターク,小林勝太,5.0,25.5,19.3,-24.31,-0.2786,0.05437,5.32,0.06845,0.04145,1.651,1.3211,1.0,4,不的中,0,19.3,0.0,1000.0,0.0,-1000.0,213300.0,600.0,0.0,-600.0,328080.0
2024-05-25,12:55,202405021106,06,東京,3歳1勝クラス,1勝クラス,1600,ダート,良,13,13,ドレシャス,石橋脩,9.0,38.4,29.2,-23.96,-0.2739,0.03366,7.04,0.04971,0.0274,1.814,1.4515,1.0,9,不的中,0,29.2,0.0,1000.0,0.0,-1000.0,212300.0,600.0,0.0,-600.0,327480.0
2024-05-25,13:15,202408031107,07,京都,4歳以上1勝クラス,1勝クラス,1800,ダート,良,11,10,ウォーターリーダー,中井裕二,11.0,87.4,39.1,-55.26,-0.8044,0.03442,5.94,0.04002,0.02046,1.956,1.5646,1.0,2,不的中,0,39.2,0.0,1000.0,0.0,-1000.0,211300.0,500.0,0.0,-500.0,326980.0
2024-05-25,13:50,202408031108,08,京都,4歳以上2勝クラス,2勝クラス,2000,芝,良,10,5,ヴィゴラスダンサー,岩田望来,8.0,34.0,27.7,-18.53,-0.2049,0.03698,6.12,0.06671,0.02888,2.31,1.848,1.0,8,不的中,0,27.7,0.0,1000.0,0.0,-1000.0,210300.0,1100.0,0.0,-1100.0,325880.0
2024-05-25,14:01,202405021108,08,東京,4歳以上1勝クラス,1勝クラス,1600,ダート,良,15,13,ブルーゴールド,長浜鴻緒,9.0,48.9,23.6,-51.74,-0.7285,0.04532,5.72,0.05989,0.0339,1.767,1.4134,1.0,5,不的中,0,23.6,0.0,1000.0,0.0,-1000.0,209300.0,600.0,0.0,-600.0,325280.0
2024-05-25,14:25,202408031109,09,京都,鳳雛ステークス(L),リステッド,1800,ダート,良,11,2,ノットイナフ,幸英明,7.0,23.1,20.6,-10.82,-0.1145,0.04582,8.51,0.08138,0.03883,2.095,1.6763,1.0,7,不的中,0,20.6,0.0,1000.0,0.0,-1000.0,208300.0,1200.0,0.0,-1200.0,324080.0
2024-05-25,15:01,202408031110,10,京都,桃山ステークス(3勝),3勝クラス,1900,ダート,良,16,14,カネトシブルーム,岩田康誠,6.0,25.7,14.3,-44.36,-0.5862,0.09362,8.86,0.10827,0.05594,1.935,1.5482,1.0,3,不的中,0,14.3,0.0,1000.0,0.0,-1000.0,207300.0,1400.0,0.0,-1400.0,322080.0
2024-05-25,15:01,202408031110,10,京都,桃山ステークス(3勝),3勝クラス,1900,ダート,良,16,2,ゴールドバランサー,田辺裕信,8.0,20.3,15.4,-24.14,-0.2763,0.07059,8.86,0.0822,0.05195,1.582,1.2658,2.0,2,不的中,0,15.4,0.0,1000.0,0.0,-1000.0,206300.0,600.0,0.0,-600.0,322080.0
2024-05-25,15:10,202405021110,10,東京,葉山特別(2勝),2勝クラス,1600,芝,良,14,3,グラニット,佐々木大,5.0,26.6,20.0,-24.81,-0.2852,0.0465,9.07,0.07269,0.04,1.817,1.4538,1.0,7,不的中,0,20.0,0.0,1000.0,0.0,-1000.0,205300.0,800.0,0.0,-800.0,321280.0
2024-05-26,09:40,202405021201,01,東京,3歳未勝利,未勝利,1600,ダート,良,16,16,ミドリタツ,Ｍ．デム,10.0,108.6,85.3,-21.45,-0.2415,0.0112,4.86,0.01408,0.00938,1.502,1.2014,1.0,9,不的中,0,85.0,0.0,1000.0,0.0,-1000.0,204300.0,100.0,0.0,-100.0,321180.0
2024-05-26,12:10,202405021205,05,東京,3歳1勝クラス,1勝クラス,1400,ダート,良,16,11,タイセイレスポンス,横山典弘,7.0,30.0,17.1,-43.0,-0.5621,0.07654,8.41,0.10112,0.04678,2.161,1.7291,1.0,2,不的中,0,17.0,0.0,1000.0,0.0,-1000.0,203300.0,1500.0,0.0,-1500.0,319680.0
2024-05-26,12:55,202408031206,06,京都,3歳1勝クラス,1勝クラス,1400,ダート,良,12,4,アスタールテニウム,柴田裕一,8.0,35.9,25.4,-29.25,-0.346,0.03819,6.45,0.05595,0.0315,1.776,1.4211,1.0,11,不的中,0,25.4,0.0,1000.0,0.0,-1000.0,202300.0,600.0,0.0,-600.0,319080.0
2024-05-26,13:25,202408031207,07,京都,4歳以上1勝クラス,1勝クラス,1800,芝,良,10,1,トラストエムシー,田口貫太,5.0,19.1,15.9,-16.75,-0.1834,0.0561,6.15,0.0822,0.05031,1.634,1.3069,1.0,9,不的中,0,15.9,0.0,1000.0,0.0,-1000.0,201300.0,700.0,0.0,-700.0,317980.0
2024-05-26,13:25,202408031207,07,京都,4歳以上1勝クラス,1勝クラス,1800,芝,良,10,7,コントリビューター,西塚洸二,7.0,36.1,31.0,-14.13,-0.1523,0.02822,6.15,0.04176,0.02581,1.618,1.2944,2.0,5,不的中,0,31.0,0.0,1000.0,0.0,-1000.0,200300.0,400.0,0.0,-400.0,317980.0
2024-05-26,13:45,202405021208,08,東京,青嵐賞(2勝),2勝クラス,2400,芝,良,11,9,キャリーハピネス,鮫島克駿,5.0,27.4,11.9,-56.57,-0.834,0.11722,9.82,0.15303,0.06723,2.276,1.8211,1.0,9,不的中,0,11.9,0.0,1000.0,0.0,-1000.0,199300.0,2400.0,0.0,-2400.0,314780.0
2024-05-26,13:45,202405021208,08,東京,青嵐賞(2勝),2勝クラス,2400,芝,良,11,8,ホウオウプレミア,岩田康誠,7.0,28.7,16.4,-42.86,-0.5596,0.07615,9.82,0.08285,0.04878,1.698,1.3587,2.0,5,不的中,0,16.4,0.0,1000.0,0.0,-1000.0,198300.0,800.0,0.0,-800.0,314780.0
2024-05-26,14:20,202405021209,09,東京,むらさき賞(3勝),3勝クラス,1800,芝,良,10,9,ロジレット,永野猛蔵,9.0,88.5,69.0,-22.03,-0.2489,0.01502,10.99,0.01749,0.01159,1.508,1.2066,1.0,6,不的中,0,69.0,0.0,1000.0,0.0,-1000.0,197300.0,100.0,0.0,-100.0,314680.0
2024-05-26,14:55,202405021210,10,東京,ディープインパクトC(3勝),3勝クラス,1600,ダート,良,16,16,ロードバルドル,田辺裕信,13.0,238.4,118.8,-50.17,-0.6965,0.01254,14.31,0.01408,0.00673,2.092,1.6733,1.0,10,不的中,0,118.5,0.0,1000.0,0.0,-1000.0,196300.0,200.0,0.0,-200.0,314480.0
2024-05-26,15:15,202408031210,10,京都,安土城ステークス(L),リステッド,1400,芝,良,18,2,サブライムアンセム,西塚洸二,9.0,26.0,24.2,-6.92,-0.0717,0.03684,10.43,0.05223,0.03306,1.58,1.2639,1.0,8,不的中,0,24.2,0.0,1000.0,0.0,-1000.0,195300.0,400.0,0.0,-400.0,314080.0
2024-05-26,15:40,202405021211,11,東京,第91回東京優駿(GI),G1,2400,芝,良,18,7,ミスタージーティー,藤岡佑介,13.0,145.7,94.6,-35.07,-0.4319,0.02735,211.74,0.01924,0.00846,2.275,1.8198,1.0,16,不的中,0,94.6,0.0,1000.0,0.0,-1000.0,194300.0,300.0,0.0,-300.0,313580.0
2024-05-26,15:40,202405021211,11,東京,第91回東京優駿(GI),G1,2400,芝,良,18,3,ジューンテイク,岩田望来,14.0,126.5,109.4,-13.52,-0.1452,0.0131,211.74,0.01253,0.00731,1.714,1.3709,2.0,10,不的中,0,109.4,0.0,1000.0,0.0,-1000.0,193300.0,200.0,0.0,-200.0,313580.0
2024-05-26,17:00,202405021212,12,東京,第138回目黒記念(GII),G2,2500,芝,良,13,12,ケイアイサンデラ,藤懸貴志,7.0,19.1,15.9,-16.75,-0.1834,0.0692,41.51,0.07779,0.05031,1.546,1.2369,1.0,9,不的中,0,15.9,0.0,1000.0,0.0,-1000.0,192300.0,500.0,0.0,-500.0,312680.0
2024-05-26,17:00,202405021212,12,東京,第138回目黒記念(GII),G2,2500,芝,良,13,10,ナイトインロンドン,鮫島克駿,8.0,24.7,21.7,-12.15,-0.1295,0.0469,41.51,0.05699,0.03687,1.546,1.2367,2.0,11,不的中,0,21.7,0.0,1000.0,0.0,-1000.0,191300.0,400.0,0.0,-400.0,312680.0
2024-06-01,09:50,202408040101,01,京都,3歳未勝利,未勝利,1400,ダート,稍重,16,13,タガノハスビナー,河原田菜,6.0,24.3,19.3,-20.58,-0.2304,0.05183,5.04,0.07022,0.04145,1.694,1.3552,1.0,10,不的中,0,18.8,0.0,1000.0,0.0,-1000.0,190300.0,700.0,0.0,-700.0,311980.0
2024-06-01,10:40,202405030102,02,東京,3歳未勝利,未勝利,1400,ダート,重,16,12,ハナチルサト,長浜鴻緒,6.0,17.3,14.6,-15.61,-0.1697,0.06396,5.28,0.08993,0.05479,1.641,1.313,1.0,7,不的中,0,13.1,0.0,1000.0,0.0,-1000.0,189300.0,800.0,0.0,-800.0,311180.0
2024-06-01,10:55,202408040103,03,京都,3歳未勝利,未勝利,1200,ダート,稍重,16,4,ヨシノヤッタルデー,角田大河,10.0,106.3,73.9,-30.48,-0.3636,0.01357,5.46,0.01924,0.01083,1.777,1.4216,1.0,9,不的中,0,73.2,0.0,1000.0,0.0,-1000.0,188300.0,200.0,0.0,-200.0,310980.0
2024-06-01,13:00,202405030106,06,東京,3歳未勝利,未勝利,1300,ダート,重,16,6,スクラマサクス,田辺裕信,13.0,162.5,89.7,-44.8,-0.5942,0.01326,6.84,0.01408,0.00892,1.579,1.2634,1.0,15,不的中,0,89.7,0.0,1000.0,0.0,-1000.0,187300.0,100.0,0.0,-100.0,310880.0
2024-06-01,13:50,202408040108,08,京都,聖護院特別(2勝),2勝クラス,1800,芝,良,7,6,エバーシャドネー,武豊,5.0,14.1,11.0,-21.99,-0.2483,0.08779,6.55,0.12075,0.07273,1.66,1.3283,1.0,6,不的中,0,11.1,0.0,1000.0,0.0,-1000.0,186300.0,1100.0,0.0,-1100.0,309280.0
2024-06-01,13:50,202408040108,08,京都,聖護院特別(2勝),2勝クラス,1800,芝,良,7,4,エルディアブロ,藤岡佑介,6.0,19.4,14.5,-25.26,-0.2911,0.06854,6.55,0.08285,0.05517,1.502,1.2013,2.0,5,不的中,0,13.0,0.0,1000.0,0.0,-1000.0,185300.0,500.0,0.0,-500.0,309280.0
2024-06-01,14:25,202408040109,09,京都,3歳以上1勝クラス,1勝クラス,1200,ダート,稍重,16,16,エコロエイト,田口貫太,11.0,53.3,40.4,-24.2,-0.2771,0.02814,6.44,0.05131,0.0198,2.591,2.0731,1.0,6,不的中,0,40.3,0.0,1000.0,0.0,-1000.0,184300.0,900.0,0.0,-900.0,308380.0
2024-06-01,15:01,202408040110,10,京都,若狭湾特別(2勝),2勝クラス,1800,ダート,稍重,10,8,メイショウシナノ,田口貫太,6.0,18.2,10.9,-40.11,-0.5127,0.11253,7.75,0.12932,0.07339,1.762,1.4095,1.0,1,的中,1,10.9,1090.0,1000.0,10900.0,9900.0,194200.0,1300.0,14170.0,12870.0,321250.0
2024-06-01,15:45,202405030111,11,東京,アハルテケステークス(OP),オープン,1600,ダート,重,15,11,ビヨンドザファザー,北村友一,7.0,23.9,19.1,-20.08,-0.2242,0.04786,15.69,0.07276,0.04188,1.737,1.3897,1.0,1,的中,1,19.1,1910.0,1000.0,19100.0,18100.0,212300.0,700.0,13370.0,12670.0,333920.0
2024-06-01,16:15,202408040112,12,京都,3歳以上2勝クラス,2勝クラス,1200,ダート,稍重,14,12,ギーロカスタル,和田竜二,8.0,31.4,20.1,-35.99,-0.4461,0.06532,11.11,0.0822,0.0398,2.065,1.6522,1.0,2,不的中,0,20.1,0.0,1000.0,0.0,-1000.0,211300.0,1200.0,0.0,-1200.0,331720.0
2024-06-01,16:15,202408040112,12,京都,3歳以上2勝クラス,2勝クラス,1200,ダート,稍重,14,7,スピリットワールド,角田大河,6.0,37.4,17.6,-52.94,-0.7538,0.08848,11.11,0.08285,0.04545,1.823,1.4582,2.0,5,不的中,0,17.6,0.0,1000.0,0.0,-1000.0,210300.0,1000.0,0.0,-1000.0,331720.0
2024-06-02,11:05,202405030203,03,東京,3歳未勝利,未勝利,1400,芝,稍重,18,11,グレンノアラシ,丹内祐次,4.0,30.6,17.5,-42.81,-0.5588,0.0654,6.91,0.08285,0.04571,1.812,1.4499,1.0,9,不的中,0,17.5,0.0,1000.0,0.0,-1000.0,209300.0,1000.0,0.0,-1000.0,330720.0
2024-06-02,14:15,202408040209,09,京都,祇園特別(2勝),2勝クラス,1200,芝,良,14,4,ワンダーキサラ,太宰啓介,10.0,103.8,58.2,-43.93,-0.5786,0.02177,8.86,0.02281,0.01375,1.659,1.3276,1.0,3,不的中,0,58.2,0.0,1000.0,0.0,-1000.0,208300.0,200.0,0.0,-200.0,330520.0
2024-06-02,15:01,202405030210,10,東京,タイキシャトルC(3勝),3勝クラス,1400,ダート,重,16,16,ニシノカシミヤ,永野猛蔵,9.0,34.0,23.5,-30.88,-0.3694,0.04738,12.7,0.06804,0.03404,1.999,1.5989,1.0,3,不的中,0,23.5,0.0,1000.0,0.0,-1000.0,207300.0,900.0,0.0,-900.0,328620.0
2024-06-02,15:01,202405030210,10,東京,タイキシャトルC(3勝),3勝クラス,1400,ダート,重,16,8,レッドラパルマ,マクドナ,8.0,31.4,20.8,-33.76,-0.4119,0.05471,12.7,0.0747,0.03846,1.942,1.5538,2.0,5,不的中,0,20.8,0.0,1000.0,0.0,-1000.0,206300.0,1000.0,0.0,-1000.0,328620.0
2024-06-02,15:30,202408040211,11,京都,松風月ステークス(OP),オープン,1200,ダート,稍重,16,9,イスラアネーロ,池添謙一,8.0,32.3,22.7,-29.72,-0.3527,0.06122,11.66,0.08138,0.03524,2.309,1.8472,1.0,11,不的中,0,22.7,0.0,1000.0,0.0,-1000.0,205300.0,1300.0,0.0,-1300.0,326920.0
2024-06-02,15:30,202408040211,11,京都,松風月ステークス(OP),オープン,1200,ダート,稍重,16,13,ロードエクレール,藤岡佑介,9.0,33.4,24.4,-26.95,-0.314,0.05472,11.66,0.05225,0.03279,1.594,1.2748,2.0,4,不的中,0,24.4,0.0,1000.0,0.0,-1000.0,204300.0,400.0,0.0,-400.0,326920.0
2024-06-02,15:40,202405030211,11,東京,第74回安田記念(GI),G1,1600,芝,稍重,18,11,ウインカーネリアン,三浦皇成,9.0,21.9,18.9,-13.7,-0.1473,0.06398,114.91,0.07667,0.04233,1.811,1.449,1.0,14,不的中,0,18.9,0.0,1000.0,0.0,-1000.0,203300.0,900.0,0.0,-900.0,326020.0
2024-06-02,16:30,202405030212,12,東京,小金井特別(2勝),2勝クラス,1400,ダート,重,16,6,キョウエイカンフ,横山和生,10.0,42.4,29.6,-30.19,-0.3594,0.03556,18.69,0.06112,0.02703,2.262,1.8092,1.0,8,不的中,0,29.6,0.0,1000.0,0.0,-1000.0,202300.0,1000.0,0.0,-1000.0,334620.0
2024-06-02,16:30,202405030212,12,東京,小金井特別(2勝),2勝クラス,1400,ダート,重,16,14,ジャスリー,丹内祐次,9.0,27.7,25.0,-9.75,-0.1026,0.03514,18.69,0.0498,0.032,1.556,1.245,2.0,1,的中,1,25.0,2500.0,1000.0,25000.0,24000.0,226300.0,400.0,10000.0,9600.0,334620.0
2024-06-08,10:25,202402010102,02,函館,3歳未勝利,未勝利,1700,ダート,良,14,7,ローマンレイク,北村友一,6.0,26.5,23.9,-9.81,-0.1033,0.03794,3.23,0.0576,0.03347,1.721,1.3766,1.0,5,不的中,0,19.7,0.0,1000.0,0.0,-1000.0,225300.0,600.0,0.0,-600.0,334020.0
2024-06-08,10:35,202408040302,02,京都,3歳未勝利,未勝利,1200,ダート,良,16,3,プルーフリーダー,松若風馬,7.0,43.0,30.8,-28.37,-0.3337,0.03098,3.36,0.04208,0.02597,1.62,1.2962,1.0,10,不的中,0,25.6,0.0,1000.0,0.0,-1000.0,224300.0,400.0,0.0,-400.0,333620.0
2024-06-08,11:05,202408040303,03,京都,3歳未勝利,未勝利,1800,ダート,良,16,9,パワーマックィーン,酒井学,7.0,25.8,19.2,-25.58,-0.2955,0.04789,3.9,0.07721,0.04167,1.853,1.4824,1.0,5,不的中,0,19.2,0.0,1000.0,0.0,-1000.0,223300.0,900.0,0.0,-900.0,332720.0
2024-06-08,11:25,202402010104,04,函館,3歳未勝利,未勝利,1800,芝,良,16,1,マイネルバーテクス,富田暁,10.0,34.2,29.4,-14.04,-0.1512,0.02877,3.41,0.04692,0.02721,1.724,1.3795,1.0,4,不的中,0,28.0,0.0,1000.0,0.0,-1000.0,222300.0,500.0,0.0,-500.0,332220.0
2024-06-08,12:45,202402010106,06,函館,3歳未勝利,未勝利,1700,ダート,良,14,13,ララモンストル,菱田裕二,7.0,30.1,26.1,-13.29,-0.1426,0.03231,4.07,0.06707,0.03065,2.188,1.7506,1.0,11,不的中,0,26.1,0.0,1000.0,0.0,-1000.0,221300.0,1000.0,0.0,-1000.0,331220.0
2024-06-08,14:50,202402010110,10,函館,松前特別(2勝),2勝クラス,1800,芝,良,16,7,クレバーテースト,浜中俊,6.0,19.4,17.7,-8.76,-0.0917,0.04932,5.6,0.0715,0.0452,1.582,1.2655,1.0,16,不的中,0,16.3,0.0,1000.0,0.0,-1000.0,220300.0,600.0,0.0,-600.0,330320.0
2024-06-08,14:50,202402010110,10,函館,松前特別(2勝),2勝クラス,1800,芝,良,16,3,ウィステリアリヴァ,横山武史,7.0,29.9,24.9,-16.72,-0.183,0.03784,5.6,0.04843,0.03213,1.507,1.206,2.0,3,不的中,0,19.5,0.0,1000.0,0.0,-1000.0,219300.0,300.0,0.0,-300.0,330320.0
2024-06-08,15:01,202408040310,10,京都,長浜特別(2勝),2勝クラス,1400,ダート,良,11,3,エアメテオラ,松山弘平,6.0,22.7,16.6,-26.87,-0.313,0.06174,7.47,0.08285,0.04819,1.719,1.3753,1.0,9,不的中,0,14.5,0.0,1000.0,0.0,-1000.0,218300.0,800.0,0.0,-800.0,329520.0
2024-06-08,15:10,202405030310,10,東京,青梅特別(2勝),2勝クラス,1600,ダート,良,15,4,アッチャゴーラ,小崎綾也,5.0,49.5,21.8,-55.96,-0.8201,0.05143,7.52,0.0619,0.0367,1.687,1.3494,1.0,5,不的中,0,21.8,0.0,1000.0,0.0,-1000.0,217300.0,600.0,0.0,-600.0,328920.0
2024-06-08,15:25,202402010111,11,函館,函館日刊スポーツ杯(2勝),2勝クラス,1200,芝,良,16,9,ディオアステリア,小林勝太,7.0,19.2,15.8,-17.71,-0.1949,0.06091,8.77,0.07779,0.05063,1.536,1.2291,1.0,10,不的中,0,15.0,0.0,1000.0,0.0,-1000.0,216300.0,600.0,0.0,-600.0,328320.0
2024-06-08,16:30,202405030312,12,東京,3歳以上1勝クラス,1勝クラス,1400,ダート,良,16,10,ユニヴェール,菅原明良,6.0,16.6,14.6,-12.05,-0.1284,0.06217,11.41,0.09354,0.05479,1.707,1.3657,1.0,3,不的中,0,14.6,0.0,1000.0,0.0,-1000.0,215300.0,900.0,0.0,-900.0,327420.0
2024-06-09,11:05,202408040403,03,京都,3歳未勝利,未勝利,1800,ダート,稍重,16,6,ミグラテール,吉村誠之,5.0,27.0,16.2,-40.0,-0.5108,0.06081,5.3,0.0822,0.04938,1.664,1.3316,1.0,8,不的中,0,13.8,0.0,1000.0,0.0,-1000.0,214300.0,800.0,0.0,-800.0,326620.0
2024-06-09,12:55,202408040406,06,京都,3歳未勝利,未勝利,1800,芝,稍重,18,9,コレギウム,吉村誠之,6.0,25.3,16.9,-33.2,-0.4035,0.05734,5.53,0.07477,0.04734,1.58,1.2637,1.0,14,不的中,0,16.9,0.0,1000.0,0.0,-1000.0,213300.0,600.0,0.0,-600.0,325420.0
2024-06-09,12:55,202408040406,06,京都,3歳未勝利,未勝利,1800,芝,稍重,18,6,ルクスデルフィー,西村淳也,5.0,21.8,14.9,-31.65,-0.3805,0.0645,5.53,0.0822,0.05369,1.531,1.2247,2.0,18,不的中,0,14.9,0.0,1000.0,0.0,-1000.0,212300.0,600.0,0.0,-600.0,325420.0
2024-06-09,14:05,202405030408,08,東京,3歳以上1勝クラス,1勝クラス,2000,芝,良,11,8,ブラックヴァール,吉田豊,4.0,23.7,16.0,-32.49,-0.3929,0.06396,6.18,0.08285,0.05,1.657,1.3256,1.0,3,不的中,0,16.0,0.0,1000.0,0.0,-1000.0,211300.0,800.0,0.0,-800.0,324620.0
2024-06-09,15:45,202405030411,11,東京,第41回エプソムカップ(GIII),G3,1800,芝,良,18,10,シルトホルン,吉田豊,7.0,15.0,12.0,-20.0,-0.2231,0.09286,40.07,0.13123,0.06667,1.968,1.5747,1.0,3,不的中,0,12.0,0.0,1000.0,0.0,-1000.0,210300.0,1700.0,0.0,-1700.0,322920.0
2024-06-09,16:15,202408040412,12,京都,3歳以上1勝クラス,1勝クラス,1200,芝,稍重,13,8,セレッソデアモール,川須栄彦,9.0,42.3,27.7,-34.52,-0.4234,0.03486,9.73,0.047,0.02888,1.627,1.3018,1.0,7,不的中,0,27.7,0.0,1000.0,0.0,-1000.0,209300.0,400.0,0.0,-400.0,322520.0
2024-06-15,11:45,202405030504,04,東京,3歳未勝利,未勝利,1400,芝,良,16,15,ルージュラフェリア,北村宏司,6.0,21.6,14.8,-31.48,-0.3781,0.06937,5.6,0.09354,0.05405,1.731,1.3844,1.0,5,不的中,0,15.2,0.0,1000.0,0.0,-1000.0,208300.0,900.0,0.0,-900.0,321620.0
2024-06-15,12:55,202408040506,06,京都,3歳未勝利,未勝利,1900,ダート,良,16,9,アミュニション,長岡禎仁,6.0,18.3,16.8,-8.2,-0.0855,0.04958,5.11,0.07157,0.04762,1.503,1.2024,1.0,5,不的中,0,15.1,0.0,1000.0,0.0,-1000.0,207300.0,500.0,0.0,-500.0,321120.0
2024-06-15,13:45,202402010308,08,函館,3歳以上1勝クラス,1勝クラス,1000,ダート,良,12,7,ジェニファー,角田大河,5.0,26.8,19.8,-26.12,-0.3027,0.04489,3.67,0.07175,0.0404,1.776,1.4207,1.0,6,不的中,0,19.5,0.0,1000.0,0.0,-1000.0,206300.0,800.0,0.0,-800.0,319920.0
2024-06-15,13:45,202402010308,08,函館,3歳以上1勝クラス,1勝クラス,1000,ダート,良,12,2,アップフルーク,小林勝太,6.0,26.7,21.2,-20.6,-0.2307,0.04094,3.67,0.05791,0.03774,1.535,1.2278,2.0,11,不的中,0,20.8,0.0,1000.0,0.0,-1000.0,205300.0,400.0,0.0,-400.0,319920.0
2024-06-15,14:05,202405030508,08,東京,3歳以上1勝クラス,1勝クラス,2400,芝,良,9,5,モスクロッサー,オシェア,4.0,20.4,13.8,-32.35,-0.3909,0.07355,7.39,0.12789,0.05797,2.206,1.7648,1.0,7,不的中,0,12.9,0.0,1000.0,0.0,-1000.0,204300.0,2000.0,0.0,-2000.0,317120.0
2024-06-15,14:05,202405030508,08,東京,3歳以上1勝クラス,1勝クラス,2400,芝,良,9,2,バードウォッチャー,北村宏司,5.0,23.7,15.3,-35.44,-0.4376,0.06773,7.39,0.08736,0.05229,1.671,1.3366,2.0,4,不的中,0,14.2,0.0,1000.0,0.0,-1000.0,203300.0,800.0,0.0,-800.0,317120.0
2024-06-15,15:25,202402010311,11,函館,STV杯(2勝),2勝クラス,1200,芝,良,12,1,ニシノレバンテ,永野猛蔵,8.0,30.3,25.8,-14.85,-0.1608,0.03575,8.35,0.04774,0.03101,1.54,1.2318,1.0,10,不的中,0,23.9,0.0,1000.0,0.0,-1000.0,202300.0,300.0,0.0,-300.0,316820.0
2024-06-15,16:05,202402010312,12,函館,3歳以上1勝クラス,1勝クラス,1700,ダート,良,14,2,ガウラスパーク,池添謙一,7.0,34.8,28.6,-17.82,-0.1962,0.03436,6.89,0.05003,0.02797,1.789,1.4308,1.0,8,不的中,0,22.0,0.0,1000.0,0.0,-1000.0,201300.0,500.0,0.0,-500.0,316320.0
2024-06-16,10:25,202402010402,02,函館,3歳未勝利,未勝利,1200,芝,良,16,4,テリオスソラ,鮫島克駿,6.0,32.3,13.6,-57.89,-0.865,0.0905,4.88,0.0971,0.05882,1.651,1.3205,1.0,3,不的中,0,13.6,0.0,1000.0,0.0,-1000.0,200300.0,900.0,0.0,-900.0,315420.0
2024-06-16,11:35,202408040604,04,京都,3歳未勝利,未勝利,2000,芝,稍重,16,13,プリメイラ,横山典弘,5.0,21.4,16.6,-22.43,-0.254,0.05262,4.49,0.07276,0.04819,1.51,1.2078,1.0,10,不的中,0,13.4,0.0,1000.0,0.0,-1000.0,199300.0,500.0,0.0,-500.0,314920.0
2024-06-16,12:55,202408040606,06,京都,3歳以上1勝クラス,1勝クラス,1400,ダート,良,16,11,ブリーズオンチーク,北村友一,6.0,18.7,14.9,-20.32,-0.2272,0.0613,6.79,0.08285,0.05369,1.543,1.2345,1.0,1,的中,1,14.0,1400.0,1000.0,14000.0,13000.0,212300.0,600.0,8400.0,7800.0,322720.0
2024-06-16,15:01,202408040610,10,京都,天橋立ステークス(3勝),3勝クラス,1800,ダート,良,16,3,キュールエフウジン,荻野極,6.0,45.9,21.5,-53.16,-0.7584,0.05435,8.2,0.0757,0.03721,2.034,1.6275,1.0,15,不的中,0,21.5,0.0,1000.0,0.0,-1000.0,211300.0,1000.0,0.0,-1000.0,321720.0
2024-06-16,15:25,202402010411,11,函館,UHB杯(3勝),3勝クラス,1200,芝,良,16,4,アドヴァイス,松岡正海,11.0,39.8,29.3,-26.38,-0.3063,0.03769,9.27,0.09694,0.0273,3.55,2.8404,1.0,4,不的中,0,23.6,0.0,1000.0,0.0,-1000.0,210300.0,2100.0,0.0,-2100.0,319620.0
2024-06-16,15:35,202408040611,11,京都,第29回マーメイドステークス(GIII),G3,2000,芝,良,16,11,インザオベーション,荻野極,12.0,37.7,29.8,-20.95,-0.2352,0.03953,40.9,0.05054,0.02685,1.883,1.5061,1.0,11,不的中,0,29.8,0.0,1000.0,0.0,-1000.0,209300.0,600.0,0.0,-600.0,319020.0
2024-06-22,09:55,202408040701,01,京都,2歳未勝利,未勝利,1600,芝,良,7,5,ゼンダンハヤブサ,団野大成,2.0,22.1,17.5,-20.81,-0.2334,0.07422,11.73,0.07981,0.04571,1.746,1.3967,1.0,2,不的中,0,17.1,0.0,1000.0,0.0,-1000.0,208300.0,800.0,0.0,-800.0,318220.0
2024-06-22,10:15,202402010502,02,函館,3歳未勝利,未勝利,1700,ダート,良,12,5,パレスパートナー,小林美駒,7.0,29.5,26.3,-10.85,-0.1148,0.03151,3.25,0.04825,0.03042,1.586,1.2691,1.0,5,不的中,0,21.5,0.0,1000.0,0.0,-1000.0,207300.0,400.0,0.0,-400.0,317820.0
2024-06-22,10:35,202405030702,02,東京,3歳未勝利,未勝利,2100,ダート,重,16,14,ライトピラー,田辺裕信,5.0,26.8,18.0,-32.84,-0.398,0.05436,4.65,0.06812,0.04444,1.533,1.2261,1.0,10,不的中,0,18.4,0.0,1000.0,0.0,-1000.0,206300.0,500.0,0.0,-500.0,317320.0
2024-06-22,11:25,202408040704,04,京都,3歳未勝利,未勝利,1900,ダート,重,16,8,テクノドラゴン,小牧太,7.0,35.9,31.3,-12.81,-0.1371,0.02687,4.32,0.05721,0.02556,2.238,1.7907,1.0,10,不的中,0,21.7,0.0,1000.0,0.0,-1000.0,205300.0,900.0,0.0,-900.0,316420.0
2024-06-22,13:40,202402010508,08,函館,3歳以上1勝クラス,1勝クラス,1000,ダート,良,12,4,グランヒマラヤ,大野拓弥,5.0,16.4,10.3,-37.2,-0.4651,0.11225,5.23,0.1322,0.07767,1.702,1.3617,1.0,9,不的中,0,10.3,0.0,1000.0,0.0,-1000.0,204300.0,1300.0,0.0,-1300.0,315120.0
2024-06-22,14:40,202405030709,09,東京,清里特別(2勝),2勝クラス,1400,ダート,重,16,12,ルクスメテオール,田辺裕信,10.0,43.0,32.4,-24.65,-0.283,0.03774,9.06,0.05931,0.02469,2.402,1.9217,1.0,14,不的中,0,33.4,0.0,1000.0,0.0,-1000.0,203300.0,1000.0,0.0,-1000.0,313320.0
2024-06-22,14:40,202405030709,09,東京,清里特別(2勝),2勝クラス,1400,ダート,重,16,14,ミルトハンター,三浦皇成,8.0,40.7,32.0,-21.38,-0.2405,0.03639,9.06,0.04774,0.025,1.91,1.5278,2.0,15,不的中,0,27.4,0.0,1000.0,0.0,-1000.0,202300.0,600.0,0.0,-600.0,313320.0
2024-06-22,14:40,202405030709,09,東京,清里特別(2勝),2勝クラス,1400,ダート,重,16,16,ミラキュラスライト,津村明秀,13.0,129.6,107.6,-16.98,-0.186,0.0101,9.06,0.01408,0.00743,1.894,1.5155,3.0,7,不的中,0,100.0,0.0,1000.0,0.0,-1000.0,201300.0,200.0,0.0,-200.0,313320.0
2024-06-22,15:10,202405030710,10,東京,日野特別(2勝),2勝クラス,1600,ダート,重,16,3,ラタフォレスト,津村明秀,2.0,16.0,10.4,-35.0,-0.4308,0.109,11.87,0.12085,0.07692,1.571,1.2569,1.0,2,不的中,0,10.2,0.0,1000.0,0.0,-1000.0,200300.0,900.0,0.0,-900.0,312420.0
2024-06-22,15:45,202405030711,11,東京,江の島ステークス(3勝),3勝クラス,1800,芝,良,14,8,デコラシオン,菅原明良,4.0,19.8,10.5,-46.97,-0.6343,0.10706,16.8,0.12098,0.07619,1.588,1.2703,1.0,4,不的中,0,8.8,0.0,1000.0,0.0,-1000.0,199300.0,900.0,0.0,-900.0,311520.0
2024-06-23,10:35,202408040802,02,京都,3歳未勝利,未勝利,1800,ダート,不良,16,10,パワーマックィーン,酒井学,5.0,22.6,20.0,-11.5,-0.1222,0.04146,5.67,0.07317,0.04,1.829,1.4635,1.0,6,不的中,0,17.1,0.0,1000.0,0.0,-1000.0,198300.0,800.0,0.0,-800.0,310720.0
2024-06-23,11:05,202408040803,03,京都,3歳未勝利,未勝利,1200,ダート,不良,15,6,ファイヤーウィップ,森裕太朗,5.0,13.9,10.8,-22.3,-0.2523,0.09828,4.93,0.15773,0.07407,2.129,1.7034,1.0,10,不的中,0,9.4,0.0,1000.0,0.0,-1000.0,197300.0,2300.0,0.0,-2300.0,307620.0
2024-06-23,11:05,202408040803,03,京都,3歳未勝利,未勝利,1200,ダート,不良,15,11,メイショウオオコ,団野大成,6.0,24.8,18.0,-27.42,-0.3205,0.062,4.93,0.07834,0.04444,1.763,1.41,2.0,4,不的中,0,18.1,0.0,1000.0,0.0,-1000.0,196300.0,800.0,0.0,-800.0,307620.0
2024-06-23,11:35,202408040804,04,京都,3歳未勝利,未勝利,1600,芝,重,18,15,ウインステファノス,和田竜二,7.0,29.4,16.1,-45.24,-0.6022,0.07044,4.57,0.0822,0.04969,1.654,1.3234,1.0,4,不的中,0,16.1,0.0,1000.0,0.0,-1000.0,195300.0,700.0,0.0,-700.0,306220.0
2024-06-23,11:35,202408040804,04,京都,3歳未勝利,未勝利,1600,芝,重,18,13,アンクローシュ,吉村誠之,6.0,19.1,15.9,-16.75,-0.1834,0.05778,4.57,0.0822,0.05031,1.634,1.3069,2.0,9,不的中,0,15.9,0.0,1000.0,0.0,-1000.0,194300.0,700.0,0.0,-700.0,306220.0
2024-06-23,12:45,202405030806,06,東京,3歳未勝利,未勝利,1400,ダート,重,16,2,プエルトガレラ,木幡巧也,6.0,20.4,16.9,-17.16,-0.1882,0.05157,5.22,0.0759,0.04734,1.603,1.2827,1.0,8,不的中,0,16.9,0.0,1000.0,0.0,-1000.0,193300.0,600.0,0.0,-600.0,305620.0
2024-06-23,14:05,202402010609,09,函館,洞爺湖特別(2勝),2勝クラス,2000,芝,良,9,9,ソリダリティ,北村友一,5.0,24.8,14.0,-43.55,-0.5718,0.06619,5.12,0.09354,0.05714,1.637,1.3096,1.0,4,不的中,0,14.0,0.0,1000.0,0.0,-1000.0,192300.0,800.0,0.0,-800.0,304820.0
2024-06-23,15:20,202402010611,11,函館,大沼ステークス(L),リステッド,1700,ダート,良,14,3,サヴァ,岩田康誠,7.0,20.6,17.8,-13.59,-0.1461,0.05465,9.2,0.07014,0.04494,1.561,1.2486,1.0,1,的中,1,17.8,1780.0,1000.0,17800.0,16800.0,209100.0,500.0,8900.0,8400.0,312920.0
2024-06-23,15:20,202402010611,11,函館,大沼ステークス(L),リステッド,1700,ダート,良,14,6,メイショウユズルハ,浜中俊,9.0,35.4,27.9,-21.19,-0.2381,0.03851,9.2,0.04342,0.02867,1.514,1.2114,2.0,8,不的中,0,27.9,0.0,1000.0,0.0,-1000.0,208100.0,300.0,0.0,-300.0,312920.0
2024-06-23,15:30,202405030811,11,東京,パラダイスステークス(L),リステッド,1400,芝,稍重,16,10,フリームファクシ,横山典弘,8.0,31.2,19.1,-38.78,-0.4907,0.06246,12.79,0.08285,0.04188,1.978,1.5824,1.0,3,不的中,0,16.5,0.0,1000.0,0.0,-1000.0,207100.0,1100.0,0.0,-1100.0,311820.0
2024-06-23,16:15,202405030812,12,東京,3歳以上1勝クラス,1勝クラス,1400,ダート,重,16,14,キタノソワレ,小沢大仁,6.0,16.2,12.5,-22.84,-0.2593,0.07292,13.16,0.14692,0.064,2.296,1.8365,1.0,8,不的中,0,12.5,0.0,1000.0,0.0,-1000.0,206100.0,2300.0,0.0,-2300.0,309520.0
2024-06-23,16:30,202408040812,12,京都,リボン賞(2勝),2勝クラス,1200,ダート,不良,16,14,サイレンスタイム,幸英明,8.0,77.3,29.1,-62.35,-0.977,0.04781,24.75,0.07372,0.02749,2.682,2.1453,1.0,9,不的中,0,29.1,0.0,1000.0,0.0,-1000.0,205100.0,1300.0,0.0,-1300.0,307220.0
2024-06-23,16:30,202408040812,12,京都,リボン賞(2勝),2勝クラス,1200,ダート,不良,16,7,ギーロカスタル,和田竜二,10.0,36.4,32.7,-10.16,-0.1072,0.02711,24.75,0.05581,0.02446,2.281,1.8251,2.0,10,不的中,0,32.7,0.0,1000.0,0.0,-1000.0,204100.0,900.0,0.0,-900.0,307220.0
2024-06-23,16:30,202408040812,12,京都,リボン賞(2勝),2勝クラス,1200,ダート,不良,16,16,プレシオーソ,岩田望来,14.0,160.1,121.3,-24.23,-0.2775,0.00843,24.75,0.0105,0.0066,1.593,1.2742,3.0,5,不的中,0,121.3,0.0,1000.0,0.0,-1000.0,203100.0,100.0,0.0,-100.0,307220.0
2024-06-29,13:15,202402010707,07,函館,3歳以上1勝クラス,1勝クラス,2000,芝,良,11,3,テリオスルル,古川吉洋,6.0,31.2,17.1,-45.19,-0.6013,0.05657,6.12,0.0822,0.04678,1.757,1.4056,1.0,8,不的中,0,17.1,0.0,1000.0,0.0,-1000.0,202100.0,800.0,0.0,-800.0,306420.0
2024-06-29,13:35,202403020107,07,福島,3歳未勝利,未勝利,1800,芝,良,16,5,ラディアントホース,木幡巧也,12.0,120.9,92.2,-23.74,-0.271,0.01018,5.74,0.01408,0.00868,1.623,1.2986,1.0,8,不的中,0,92.2,0.0,1000.0,0.0,-1000.0,201100.0,200.0,0.0,-200.0,306220.0
2024-06-29,13:55,202410030108,08,小倉,3歳以上1勝クラス,1勝クラス,1800,芝,良,12,9,ダンスフェイマス,河原田菜,8.0,101.7,88.5,-12.98,-0.139,0.01007,6.44,0.01408,0.00904,1.558,1.2465,1.0,12,不的中,0,88.5,0.0,1000.0,0.0,-1000.0,200100.0,100.0,0.0,-100.0,306120.0
2024-06-29,15:25,202402010711,11,函館,TVh杯(3勝),3勝クラス,1200,芝,良,16,13,タリア,北村友一,14.0,121.2,92.1,-24.01,-0.2746,0.01078,11.5,0.01408,0.00869,1.622,1.2972,1.0,11,不的中,0,89.5,0.0,1000.0,0.0,-1000.0,199100.0,100.0,0.0,-100.0,305720.0
2024-06-29,15:25,202402010711,11,函館,TVh杯(3勝),3勝クラス,1200,芝,良,16,8,スリーアイランド,浜中俊,9.0,30.0,26.3,-12.33,-0.1316,0.03387,11.5,0.04587,0.03042,1.508,1.2065,2.0,8,不的中,0,21.6,0.0,1000.0,0.0,-1000.0,198100.0,300.0,0.0,-300.0,305720.0
2024-06-29,16:05,202402010712,12,函館,3歳以上1勝クラス,1勝クラス,1700,ダート,良,12,6,モデルハント,角田大河,7.0,33.5,27.1,-19.1,-0.212,0.03638,8.03,0.06406,0.02952,2.17,1.7361,1.0,5,不的中,0,18.0,0.0,1000.0,0.0,-1000.0,197100.0,900.0,0.0,-900.0,304820.0
2024-06-30,10:25,202402010802,02,函館,3歳未勝利,未勝利,1700,ダート,良,14,12,プルーヴンウィナー,佐々木大,7.0,22.9,16.9,-26.2,-0.3038,0.05859,4.49,0.07388,0.04734,1.561,1.2487,1.0,1,的中,1,15.6,1560.0,1000.0,15600.0,14600.0,211700.0,500.0,7800.0,7300.0,311620.0
2024-06-30,10:25,202402010802,02,函館,3歳未勝利,未勝利,1700,ダート,良,14,8,ビーラヴゼアー,鮫島克駿,5.0,19.5,13.9,-28.72,-0.3385,0.07266,4.49,0.08637,0.05755,1.501,1.2006,2.0,14,不的中,0,12.3,0.0,1000.0,0.0,-1000.0,210700.0,500.0,0.0,-500.0,311620.0
2024-06-30,10:35,202410030202,02,小倉,3歳未勝利,未勝利,1200,芝,稍重,18,10,ハクサンクリスタル,小崎綾也,8.0,29.8,24.2,-18.79,-0.2082,0.03631,4.92,0.05258,0.03306,1.591,1.2726,1.0,16,不的中,0,21.6,0.0,1000.0,0.0,-1000.0,209700.0,400.0,0.0,-400.0,311220.0
2024-06-30,11:25,202402010804,04,函館,3歳未勝利,未勝利,1700,ダート,良,12,2,キモンキャリントン,高杉吏麒,5.0,31.2,28.6,-8.33,-0.087,0.02858,4.95,0.04843,0.02797,1.731,1.3852,1.0,5,不的中,0,24.6,0.0,1000.0,0.0,-1000.0,208700.0,500.0,0.0,-500.0,310720.0
2024-06-30,11:35,202410030204,04,小倉,3歳未勝利,未勝利,2000,芝,稍重,18,10,アルヒジュル,団野大成,11.0,130.9,95.5,-27.04,-0.3153,0.01068,6.15,0.01278,0.00838,1.526,1.2207,1.0,14,不的中,0,95.6,0.0,1000.0,0.0,-1000.0,207700.0,100.0,0.0,-100.0,310620.0
2024-06-30,14:50,202402010810,10,函館,立待岬特別(2勝),2勝クラス,1200,芝,良,16,16,トゥーテイルズ,佐々木大,13.0,49.5,42.2,-14.75,-0.1596,0.0208,5.77,0.04683,0.01896,2.47,1.9762,1.0,15,不的中,0,42.2,0.0,1000.0,0.0,-1000.0,206700.0,800.0,0.0,-800.0,308920.0
2024-06-30,14:50,202402010810,10,函館,立待岬特別(2勝),2勝クラス,1200,芝,良,16,3,スムースベルベット,黛弘人,10.0,24.0,19.1,-20.42,-0.2284,0.04836,5.77,0.07779,0.04188,1.857,1.4858,2.0,5,不的中,0,19.1,0.0,1000.0,0.0,-1000.0,205700.0,900.0,0.0,-900.0,308920.0
2024-06-30,15:25,202402010811,11,函館,巴賞(OP),オープン,1800,芝,良,16,10,グリューネグリーン,浜中俊,7.0,21.7,19.3,-11.06,-0.1172,0.04749,11.27,0.0715,0.04145,1.725,1.3799,1.0,10,不的中,0,18.9,0.0,1000.0,0.0,-1000.0,204700.0,700.0,0.0,-700.0,308220.0
2024-06-30,16:30,202403020212,12,福島,3歳以上1勝クラス,1勝クラス,1200,芝,良,16,4,スマートメイプル,藤田菜七,12.0,94.9,81.2,-14.44,-0.1559,0.01104,18.04,0.01924,0.00985,1.953,1.562,1.0,13,不的中,0,81.1,0.0,1000.0,0.0,-1000.0,203700.0,300.0,0.0,-300.0,307920.0
2024-07-06,11:45,202403020304,04,福島,3歳未勝利,未勝利,2000,芝,良,16,8,リリエンフェルト,石川裕紀,6.0,15.7,13.7,-12.74,-0.1363,0.06405,5.56,0.08918,0.05839,1.527,1.2218,1.0,9,不的中,0,13.7,0.0,1000.0,0.0,-1000.0,202700.0,600.0,0.0,-600.0,307320.0
2024-07-06,13:25,202410030307,07,小倉,3歳未勝利,未勝利,1700,ダート,良,16,6,ボックスオフィス,和田竜二,10.0,42.0,36.5,-13.1,-0.1404,0.02415,5.27,0.0416,0.02192,1.898,1.5186,1.0,12,不的中,0,32.7,0.0,1000.0,0.0,-1000.0,201700.0,500.0,0.0,-500.0,306820.0
2024-07-06,13:55,202410030308,08,小倉,3歳以上1勝クラス,1勝クラス,1800,芝,良,16,8,イリスレーン,団野大成,13.0,38.3,28.0,-26.89,-0.3132,0.03417,5.55,0.04293,0.02857,1.503,1.2021,1.0,8,不的中,0,28.0,0.0,1000.0,0.0,-1000.0,200700.0,300.0,0.0,-300.0,306520.0
2024-07-06,14:36,202403020309,09,福島,大郷特別(1勝),1勝クラス,1200,芝,良,9,6,ニシノタマユラ,内田博幸,8.0,48.0,44.1,-8.12,-0.0847,0.01853,6.51,0.03215,0.01814,1.772,1.4179,1.0,9,不的中,0,44.0,0.0,1000.0,0.0,-1000.0,199700.0,300.0,0.0,-300.0,306220.0
2024-07-06,14:50,202402010910,10,函館,潮騒特別(2勝),2勝クラス,1200,芝,良,10,4,イイヒニナル,角田大河,6.0,20.8,17.2,-17.31,-0.19,0.05333,5.66,0.07567,0.04651,1.627,1.3015,1.0,5,不的中,0,17.2,0.0,1000.0,0.0,-1000.0,198700.0,600.0,0.0,-600.0,305620.0
2024-07-06,15:45,202403020311,11,福島,鶴ヶ城ステークス(3勝),3勝クラス,1700,ダート,良,15,6,イーサンバーニング,田辺裕信,7.0,27.9,11.3,-59.5,-0.9038,0.10139,13.03,0.11923,0.0708,1.684,1.3473,1.0,11,不的中,0,11.3,0.0,1000.0,0.0,-1000.0,197700.0,1100.0,0.0,-1100.0,304520.0
2024-07-06,16:30,202403020312,12,福島,3歳以上1勝クラス,1勝クラス,1150,ダート,良,16,10,ハクサンアイ,石田拓郎,7.0,17.2,14.6,-15.12,-0.1639,0.06446,10.53,0.08825,0.05479,1.611,1.2885,1.0,2,不的中,0,15.0,0.0,1000.0,0.0,-1000.0,196700.0,700.0,0.0,-700.0,303820.0
2024-07-07,10:25,202402011002,02,函館,3歳未勝利,未勝利,1700,ダート,重,12,1,モッドフレイム,佐々木大,4.0,19.5,10.6,-45.64,-0.6096,0.11089,4.66,0.12462,0.07547,1.651,1.3209,1.0,3,不的中,0,10.8,0.0,1000.0,0.0,-1000.0,195700.0,1100.0,0.0,-1100.0,302720.0
2024-07-07,12:45,202402011006,06,函館,3歳未勝利,未勝利,2000,芝,稍重,12,8,モカラルビー,藤岡佑介,6.0,18.0,15.6,-13.33,-0.1431,0.05365,3.77,0.07799,0.05128,1.521,1.2166,1.0,2,不的中,0,11.3,0.0,1000.0,0.0,-1000.0,194700.0,500.0,0.0,-500.0,302220.0
2024-07-07,13:25,202410030407,07,小倉,3歳未勝利,未勝利,1800,芝,良,16,10,ショウナンダダン,和田竜二,6.0,25.2,15.3,-39.29,-0.499,0.06345,5.68,0.09087,0.05229,1.738,1.3903,1.0,13,不的中,0,13.9,0.0,1000.0,0.0,-1000.0,193700.0,900.0,0.0,-900.0,301320.0
2024-07-07,13:35,202403020407,07,福島,3歳未勝利,未勝利,1200,芝,良,16,14,イェルマーク,丸山元気,4.0,18.9,13.6,-28.04,-0.3291,0.06847,5.89,0.09954,0.05882,1.692,1.3537,1.0,3,不的中,0,11.8,0.0,1000.0,0.0,-1000.0,192700.0,900.0,0.0,-900.0,300420.0
2024-07-07,15:25,202402011011,11,函館,五稜郭ステークス(3勝),3勝クラス,1800,芝,稍重,14,1,フェアエールング,角田大河,7.0,24.2,19.8,-18.18,-0.2007,0.04993,9.0,0.07439,0.0404,1.841,1.473,1.0,10,不的中,0,17.6,0.0,1000.0,0.0,-1000.0,191700.0,800.0,0.0,-800.0,299620.0
2024-07-07,15:35,202410030411,11,小倉,第29回プロキオンステークス(GIII),G3,1700,ダート,良,16,1,マリオロード,松山弘平,12.0,129.2,98.7,-23.61,-0.2693,0.01228,34.85,0.01603,0.00811,1.978,1.582,1.0,3,不的中,0,99.1,0.0,1000.0,0.0,-1000.0,190700.0,200.0,0.0,-200.0,299420.0
2024-07-13,10:35,202410030502,02,小倉,3歳未勝利,未勝利,1800,芝,良,16,10,モルツシャン,団野大成,5.0,22.2,14.1,-36.49,-0.4539,0.0752,3.64,0.08707,0.05674,1.535,1.2276,1.0,11,不的中,0,13.1,0.0,1000.0,0.0,-1000.0,189700.0,600.0,0.0,-600.0,298820.0
2024-07-13,11:05,202410030503,03,小倉,3歳未勝利,未勝利,1200,芝,良,18,18,ブーケドボワ,国分優作,11.0,61.5,53.6,-12.85,-0.1375,0.01586,4.45,0.02472,0.01493,1.656,1.325,1.0,12,不的中,0,53.6,0.0,1000.0,0.0,-1000.0,188700.0,200.0,0.0,-200.0,298620.0
2024-07-13,12:45,202402011106,06,函館,3歳未勝利,未勝利,1700,ダート,良,14,14,サイモンプレジール,永野猛蔵,7.0,17.1,13.9,-18.71,-0.2072,0.06121,4.41,0.09169,0.05755,1.593,1.2745,1.0,8,不的中,0,14.0,0.0,1000.0,0.0,-1000.0,187700.0,700.0,0.0,-700.0,297920.0
2024-07-13,13:55,202410030508,08,小倉,3歳以上1勝クラス,1勝クラス,2000,芝,良,14,8,グラヴィテ,秋山稔樹,10.0,87.0,72.7,-16.44,-0.1796,0.01216,5.32,0.01668,0.011,1.516,1.213,1.0,5,不的中,0,72.2,0.0,1000.0,0.0,-1000.0,186700.0,100.0,0.0,-100.0,297820.0
2024-07-13,15:45,202403020511,11,福島,安達太良ステークス(OP),オープン,1150,ダート,稍重,13,10,イスラアネーロ,石橋脩,5.0,16.7,13.7,-17.96,-0.198,0.06409,13.03,0.09287,0.05839,1.59,1.2724,1.0,5,不的中,0,13.7,0.0,1000.0,0.0,-1000.0,185700.0,700.0,0.0,-700.0,297120.0
2024-07-13,16:05,202402011112,12,函館,3歳以上1勝クラス,1勝クラス,1200,芝,良,13,12,インクルードダイヤ,富田暁,9.0,31.6,30.0,-5.06,-0.052,0.0285,7.59,0.04329,0.02667,1.623,1.2987,1.0,11,不的中,0,27.5,0.0,1000.0,0.0,-1000.0,184700.0,400.0,0.0,-400.0,296720.0
2024-07-13,16:30,202403020512,12,福島,3歳以上1勝クラス,1勝クラス,1200,芝,良,16,1,オンザヴィーナス,杉原誠人,6.0,20.3,15.7,-22.66,-0.257,0.06154,12.23,0.08918,0.05096,1.75,1.4002,1.0,2,不的中,0,15.7,0.0,1000.0,0.0,-1000.0,183700.0,900.0,0.0,-900.0,295620.0
2024-07-13,16:30,202403020512,12,福島,3歳以上1勝クラス,1勝クラス,1200,芝,良,16,6,アイムファイン,小林脩斗,12.0,103.8,89.4,-13.87,-0.1493,0.01,12.23,0.01464,0.00895,1.636,1.309,2.0,5,不的中,0,89.3,0.0,1000.0,0.0,-1000.0,182700.0,200.0,0.0,-200.0,295620.0
2024-07-14,13:55,202403020608,08,福島,3歳以上1勝クラス,1勝クラス,1800,芝,良,16,8,ユイアングレイス,藤田菜七,6.0,18.7,15.3,-18.18,-0.2007,0.05725,5.01,0.08224,0.05229,1.573,1.2583,1.0,9,不的中,0,15.3,0.0,1000.0,0.0,-1000.0,181700.0,600.0,0.0,-600.0,295020.0
2024-07-14,14:05,202402011208,08,函館,3歳以上1勝クラス,1勝クラス,1200,芝,良,15,2,マンダリンボレロ,水口優也,12.0,96.8,74.2,-23.35,-0.2659,0.01216,4.81,0.01618,0.01078,1.501,1.2006,1.0,13,不的中,0,56.3,0.0,1000.0,0.0,-1000.0,180700.0,100.0,0.0,-100.0,294920.0
2024-07-14,14:26,202403020609,09,福島,横手特別(2勝),2勝クラス,1700,ダート,稍重,12,8,エスティメート,杉原誠人,5.0,20.0,15.9,-20.5,-0.2294,0.05664,6.24,0.08825,0.05031,1.754,1.4032,1.0,6,不的中,0,15.0,0.0,1000.0,0.0,-1000.0,179700.0,800.0,0.0,-800.0,294120.0
2024-07-14,14:50,202410030610,10,小倉,西部日刊スポーツ杯(2勝),2勝クラス,1700,ダート,不良,15,10,テレパシー,団野大成,5.0,26.5,10.7,-59.62,-0.9069,0.11372,7.42,0.13135,0.07477,1.757,1.4054,1.0,11,不的中,0,10.7,0.0,1000.0,0.0,-1000.0,178700.0,1300.0,0.0,-1300.0,292820.0
2024-07-14,15:11,202402011210,10,函館,駒場特別(2勝),2勝クラス,1700,ダート,良,14,3,タケルペガサス,岩田康誠,9.0,24.1,18.9,-21.58,-0.243,0.0475,6.99,0.06828,0.04233,1.613,1.2905,1.0,14,不的中,0,18.9,0.0,1000.0,0.0,-1000.0,177700.0,500.0,0.0,-500.0,292320.0
2024-07-14,15:35,202403020611,11,福島,福島テレビオープン(OP),オープン,1200,芝,良,16,1,デュガ,丸山元気,6.0,22.9,15.9,-30.57,-0.3648,0.06435,11.11,0.09287,0.05031,1.846,1.4767,1.0,3,不的中,0,15.1,0.0,1000.0,0.0,-1000.0,176700.0,1000.0,0.0,-1000.0,291320.0
2024-07-20,10:25,202401010102,02,札幌,3歳未勝利,未勝利,1000,ダート,良,12,10,ゴールドタリスマン,武藤雅,10.0,92.1,85.9,-6.73,-0.0697,0.01007,3.83,0.01709,0.00931,1.835,1.4679,1.0,5,不的中,0,90.0,0.0,1000.0,0.0,-1000.0,175700.0,200.0,0.0,-200.0,290420.0
2024-07-20,10:25,202401010102,02,札幌,3歳未勝利,未勝利,1000,ダート,良,12,4,スリーボビー,永野猛蔵,7.0,21.5,16.2,-24.65,-0.283,0.06532,3.83,0.08224,0.04938,1.665,1.3323,2.0,7,不的中,0,14.1,0.0,1000.0,0.0,-1000.0,174700.0,700.0,0.0,-700.0,290420.0
2024-07-20,10:35,202410030702,02,小倉,3歳未勝利,未勝利,1800,芝,稍重,16,12,ナムライリス,柴田裕一,4.0,23.2,15.6,-32.76,-0.3969,0.06252,5.04,0.09493,0.05128,1.851,1.4809,1.0,1,的中,1,15.6,1560.0,1000.0,15600.0,14600.0,189300.0,1000.0,15600.0,14600.0,305020.0
2024-07-20,13:15,202401010107,07,札幌,3歳以上1勝クラス,1勝クラス,1200,芝,良,11,9,セイウンティーダ,丹内祐次,9.0,34.4,22.7,-34.01,-0.4157,0.04241,4.16,0.05962,0.03524,1.692,1.3535,1.0,11,不的中,0,22.8,0.0,1000.0,0.0,-1000.0,188300.0,500.0,0.0,-500.0,304220.0
2024-07-20,13:15,202401010107,07,札幌,3歳以上1勝クラス,1勝クラス,1200,芝,良,11,10,アポロルタ,小林勝太,10.0,43.8,35.5,-18.95,-0.2101,0.025,4.16,0.03744,0.02254,1.661,1.3289,2.0,4,不的中,0,29.2,0.0,1000.0,0.0,-1000.0,187300.0,300.0,0.0,-300.0,304220.0
2024-07-20,13:45,202401010108,08,札幌,3歳以上1勝クラス,1勝クラス,1700,ダート,良,9,5,ドレミファニー,横山和生,6.0,24.5,18.9,-22.86,-0.2595,0.04642,3.95,0.07266,0.04233,1.717,1.3733,1.0,5,不的中,0,18.8,0.0,1000.0,0.0,-1000.0,186300.0,700.0,0.0,-700.0,303520.0
2024-07-20,13:55,202410030708,08,小倉,3歳以上1勝クラス,1勝クラス,1700,ダート,重,15,10,タケノシンセイ,泉谷楓真,8.0,56.6,42.5,-24.91,-0.2865,0.02212,4.67,0.02859,0.01882,1.519,1.2149,1.0,9,不的中,0,29.8,0.0,1000.0,0.0,-1000.0,185300.0,200.0,0.0,-200.0,303320.0
2024-07-20,15:11,202403020710,10,福島,白河特別(2勝),2勝クラス,1800,芝,良,16,10,ピンキープロミス,木幡巧也,5.0,16.5,14.1,-14.55,-0.1572,0.06139,7.75,0.088,0.05674,1.551,1.2408,1.0,8,不的中,0,14.1,0.0,1000.0,0.0,-1000.0,184300.0,600.0,0.0,-600.0,302720.0
2024-07-21,10:01,202410030801,01,小倉,2歳未勝利,未勝利,1800,芝,良,9,9,スマートエクシード,柴田裕一,7.0,87.8,77.5,-11.73,-0.1248,0.01169,4.95,0.01603,0.01032,1.553,1.2422,1.0,8,不的中,0,77.5,0.0,1000.0,0.0,-1000.0,183300.0,100.0,0.0,-100.0,302620.0
2024-07-21,13:55,202410030808,08,小倉,3歳以上1勝クラス,1勝クラス,1000,ダート,稍重,12,2,アマルナ,西塚洸二,4.0,21.7,12.0,-44.7,-0.5924,0.08195,6.14,0.11409,0.06667,1.711,1.3691,1.0,1,的中,1,12.0,1200.0,1000.0,12000.0,11000.0,194300.0,1100.0,13200.0,12100.0,314720.0
2024-07-21,16:05,202401010212,12,札幌,3歳以上1勝クラス,1勝クラス,1500,芝,良,14,8,スイーツバイキング,浜中俊,12.0,56.0,38.7,-30.89,-0.3695,0.02784,8.73,0.03507,0.02067,1.696,1.3572,1.0,6,不的中,0,33.5,0.0,1000.0,0.0,-1000.0,193300.0,300.0,0.0,-300.0,314020.0
2024-07-21,16:05,202401010212,12,札幌,3歳以上1勝クラス,1勝クラス,1500,芝,良,14,6,シタン,川端海翼,7.0,30.5,25.4,-16.72,-0.183,0.0373,8.73,0.05118,0.0315,1.625,1.3,2.0,11,不的中,0,23.6,0.0,1000.0,0.0,-1000.0,192300.0,400.0,0.0,-400.0,314020.0
2024-07-21,16:30,202403020812,12,福島,3歳以上1勝クラス,1勝クラス,2600,芝,良,12,9,ラムゼイテソーロ,木幡巧也,7.0,24.9,15.2,-38.96,-0.4936,0.07367,13.87,0.10596,0.05263,2.013,1.6107,1.0,5,不的中,0,15.2,0.0,1000.0,0.0,-1000.0,191300.0,1400.0,0.0,-1400.0,312520.0
2024-07-21,16:30,202403020812,12,福島,3歳以上1勝クラス,1勝クラス,2600,芝,良,12,3,ユイアングレイス,石川裕紀,9.0,97.8,72.6,-25.77,-0.298,0.01393,13.87,0.01668,0.01102,1.514,1.2111,2.0,9,不的中,0,72.7,0.0,1000.0,0.0,-1000.0,190300.0,100.0,0.0,-100.0,312520.0
2024-07-27,09:35,202404020101,01,新潟,2歳未勝利,未勝利,1800,芝,良,6,6,メルキオル,川田将雅,3.0,18.4,16.7,-9.24,-0.0969,0.06125,9.9,0.0795,0.0479,1.66,1.3276,1.0,5,不的中,0,16.7,0.0,1000.0,0.0,-1000.0,189300.0,700.0,0.0,-700.0,311820.0
2024-07-27,10:20,202401010302,02,札幌,3歳未勝利,未勝利,1700,ダート,良,14,9,カネコメファミリー,菱田裕二,5.0,14.8,11.2,-24.32,-0.2787,0.08853,6.27,0.11566,0.07143,1.619,1.2954,1.0,7,不的中,0,11.2,0.0,1000.0,0.0,-1000.0,188300.0,1000.0,0.0,-1000.0,310820.0
2024-07-27,15:01,202401010310,10,札幌,摩周湖特別(2勝),2勝クラス,1500,芝,良,14,7,エマヌエーレ,池添謙一,8.0,19.2,13.9,-27.6,-0.323,0.08196,7.13,0.09791,0.05755,1.701,1.3609,1.0,1,的中,1,13.9,1390.0,1000.0,13900.0,12900.0,201200.0,900.0,12510.0,11610.0,322430.0
2024-07-27,15:35,202401010311,11,札幌,STV賞(3勝),3勝クラス,2000,芝,良,14,4,カネフラ,藤岡佑介,8.0,25.0,16.9,-32.4,-0.3916,0.07455,11.69,0.08918,0.04734,1.884,1.5072,1.0,6,不的中,0,16.9,0.0,1000.0,0.0,-1000.0,200200.0,1100.0,0.0,-1100.0,321330.0
2024-07-27,16:20,202404020108,08,新潟,3歳以上1勝クラス,1勝クラス,1800,ダート,良,15,13,バナマンテソーロ,木幡巧也,3.0,18.8,15.0,-20.21,-0.2258,0.06154,9.62,0.09673,0.05333,1.814,1.451,1.0,4,不的中,0,15.0,0.0,1000.0,0.0,-1000.0,199200.0,1100.0,0.0,-1100.0,319830.0
2024-07-27,16:20,202404020108,08,新潟,3歳以上1勝クラス,1勝クラス,1800,ダート,良,15,6,ハンデンカイザー,野中悠太,5.0,36.5,19.2,-47.4,-0.6424,0.05753,9.62,0.06297,0.04167,1.511,1.2091,2.0,5,不的中,0,19.2,0.0,1000.0,0.0,-1000.0,198200.0,400.0,0.0,-400.0,319830.0
2024-07-27,18:00,202404020111,11,新潟,3歳以上1勝クラス,1勝クラス,1000,芝,良,18,3,アイノセンシ,石橋脩,15.0,136.0,90.9,-33.16,-0.4029,0.01462,9.94,0.01653,0.0088,1.878,1.5025,1.0,6,不的中,0,90.9,0.0,1000.0,0.0,-1000.0,197200.0,200.0,0.0,-200.0,318130.0
2024-07-27,18:00,202404020111,11,新潟,3歳以上1勝クラス,1勝クラス,1000,芝,良,18,13,オコジュ,内田博幸,6.0,15.1,11.7,-22.52,-0.2551,0.09875,9.94,0.11137,0.06838,1.629,1.303,2.0,5,不的中,0,11.7,0.0,1000.0,0.0,-1000.0,196200.0,1000.0,0.0,-1000.0,318130.0
2024-07-27,18:00,202404020111,11,新潟,3歳以上1勝クラス,1勝クラス,1000,芝,良,18,14,マルモリディライト,柴田大知,9.0,28.6,21.7,-24.13,-0.2761,0.05446,9.94,0.05826,0.03687,1.58,1.2643,3.0,3,不的中,0,21.7,0.0,1000.0,0.0,-1000.0,195200.0,500.0,0.0,-500.0,318130.0
2024-07-27,18:25,202404020112,12,新潟,出雲崎特別(2勝),2勝クラス,1200,ダート,良,15,14,ヒビキ,和田竜二,8.0,19.1,12.0,-37.17,-0.4648,0.09567,11.18,0.11923,0.06667,1.788,1.4308,1.0,4,不的中,0,12.0,0.0,1000.0,0.0,-1000.0,194200.0,1300.0,0.0,-1300.0,316830.0
2024-07-28,15:01,202401010410,10,札幌,ポプラステークス(3勝),3勝クラス,1700,ダート,重,10,6,ヴァンドゥラン,佐々木大,6.0,18.7,13.4,-28.34,-0.3333,0.08348,8.89,0.09304,0.0597,1.558,1.2468,1.0,4,不的中,0,12.8,0.0,1000.0,0.0,-1000.0,193200.0,700.0,0.0,-700.0,316130.0
2024-07-28,15:45,202404020207,07,新潟,第24回アイビスサマーD(GIII),G3,1000,芝,良,18,17,テイエムスパーダ,酒井学,8.0,19.0,16.0,-15.79,-0.1719,0.06186,37.68,0.0795,0.05,1.59,1.272,1.0,3,不的中,0,16.0,0.0,1000.0,0.0,-1000.0,192200.0,600.0,0.0,-600.0,315530.0
2024-07-28,17:20,202404020210,10,新潟,3歳未勝利,未勝利,2200,芝,良,17,6,メイショウガイフウ,柴田裕一,9.0,105.2,83.2,-20.91,-0.2346,0.01203,8.86,0.01618,0.00962,1.683,1.3463,1.0,12,不的中,0,83.5,0.0,1000.0,0.0,-1000.0,191200.0,200.0,0.0,-200.0,315330.0
2024-07-28,18:25,202404020212,12,新潟,麒麟山特別(2勝),2勝クラス,1800,ダート,稍重,15,2,フォーランマリア,横山琉人,14.0,134.9,114.0,-15.49,-0.1683,0.00912,16.84,0.01277,0.00702,1.819,1.4554,1.0,7,不的中,0,114.0,0.0,1000.0,0.0,-1000.0,190200.0,200.0,0.0,-200.0,315130.0
2024-08-03,13:15,202401010507,07,札幌,3歳以上1勝クラス,1勝クラス,1000,ダート,良,11,7,トリオーレ,横山和生,7.0,43.0,29.5,-31.4,-0.3768,0.03847,6.98,0.04329,0.02712,1.596,1.2771,1.0,8,不的中,0,29.5,0.0,1000.0,0.0,-1000.0,189200.0,400.0,0.0,-400.0,314730.0
2024-08-03,14:25,202401010509,09,札幌,旭川特別(1勝),1勝クラス,1500,芝,良,14,9,テリオスルル,古川吉洋,7.0,23.7,22.2,-6.33,-0.0654,0.0398,7.67,0.05566,0.03604,1.545,1.2357,1.0,5,不的中,0,18.3,0.0,1000.0,0.0,-1000.0,188200.0,400.0,0.0,-400.0,314330.0
2024-08-03,15:01,202401010510,10,札幌,苫小牧特別(2勝),2勝クラス,1700,ダート,良,14,11,タガノチョコラータ,浜中俊,8.0,19.4,14.9,-23.2,-0.2639,0.07483,6.66,0.08918,0.05369,1.661,1.3288,1.0,12,不的中,0,14.9,0.0,1000.0,0.0,-1000.0,187200.0,800.0,0.0,-800.0,313230.0
2024-08-03,15:01,202401010510,10,札幌,苫小牧特別(2勝),2勝クラス,1700,ダート,良,14,6,ティアップリオン,菱田裕二,9.0,51.6,28.5,-44.77,-0.5936,0.04948,6.66,0.04329,0.02807,1.542,1.2338,2.0,8,不的中,0,28.5,0.0,1000.0,0.0,-1000.0,186200.0,300.0,0.0,-300.0,313230.0
2024-08-03,15:10,202404020306,06,新潟,柳都ステークス(3勝),3勝クラス,1800,ダート,良,15,11,セブンスレター,吉田豊,12.0,111.1,91.2,-17.91,-0.1974,0.00993,6.88,0.01603,0.00877,1.827,1.4618,1.0,4,不的中,0,91.2,0.0,1000.0,0.0,-1000.0,185200.0,200.0,0.0,-200.0,313030.0
2024-08-04,10:20,202401010602,02,札幌,3歳未勝利,未勝利,1000,ダート,稍重,12,2,ケイアイカペラ,小崎綾也,8.0,65.3,29.0,-55.59,-0.8117,0.04316,5.17,0.04329,0.02759,1.569,1.2555,1.0,5,不的中,0,29.0,0.0,1000.0,0.0,-1000.0,184200.0,300.0,0.0,-300.0,312030.0
2024-08-04,10:20,202401010602,02,札幌,3歳未勝利,未勝利,1000,ダート,稍重,12,5,ココモローズ,長浜鴻緒,5.0,15.5,10.2,-34.19,-0.4185,0.10512,5.17,0.11788,0.07843,1.503,1.2024,2.0,4,不的中,0,10.2,0.0,1000.0,0.0,-1000.0,183200.0,700.0,0.0,-700.0,312030.0
2024-08-04,11:05,202404020404,04,新潟,3歳未勝利,未勝利,1800,ダート,良,15,5,パワーマックィーン,幸英明,5.0,21.3,15.7,-26.29,-0.305,0.06225,5.37,0.09568,0.05096,1.878,1.5022,1.0,14,不的中,0,15.7,0.0,1000.0,0.0,-1000.0,182200.0,1100.0,0.0,-1100.0,310930.0
2024-08-04,12:40,202401010606,06,札幌,3歳未勝利,未勝利,2600,芝,稍重,14,10,レイフロレット,岩田康誠,6.0,17.9,14.9,-16.76,-0.1834,0.0667,5.73,0.08499,0.05369,1.583,1.2663,1.0,6,不的中,0,11.0,0.0,1000.0,0.0,-1000.0,181200.0,600.0,0.0,-600.0,310330.0
2024-08-04,15:01,202401010610,10,札幌,札幌スポニチ賞(2勝),2勝クラス,1200,芝,稍重,16,10,マルプリ,斎藤新,14.0,67.3,59.4,-11.74,-0.1249,0.01617,8.57,0.0226,0.01347,1.678,1.3423,1.0,2,不的中,0,59.4,0.0,1000.0,0.0,-1000.0,180200.0,200.0,0.0,-200.0,310130.0
2024-08-04,16:50,202404020409,09,新潟,3歳未勝利,未勝利,1200,ダート,良,15,4,ヴァルタリ,吉村誠之,14.0,130.9,104.1,-20.47,-0.2291,0.00998,8.12,0.01464,0.00768,1.905,1.5242,1.0,5,不的中,0,104.1,0.0,1000.0,0.0,-1000.0,179200.0,200.0,0.0,-200.0,309930.0
2024-08-04,17:20,202404020410,10,新潟,3歳以上1勝クラス,1勝クラス,1600,芝,良,18,9,アイキャンドウイッ,荻野極,13.0,102.3,88.3,-13.69,-0.1472,0.01084,11.37,0.01464,0.00906,1.616,1.2929,1.0,11,不的中,0,88.3,0.0,1000.0,0.0,-1000.0,178200.0,200.0,0.0,-200.0,309730.0
2024-08-10,13:55,202407020108,08,中京,3歳以上1勝クラス,1勝クラス,1800,ダート,良,15,13,ジョータルマエ,鮫島良太,5.0,15.5,13.9,-10.32,-0.109,0.06111,5.3,0.08707,0.05755,1.513,1.2102,1.0,2,不的中,0,13.4,0.0,1000.0,0.0,-1000.0,177200.0,600.0,0.0,-600.0,309130.0
2024-08-10,14:50,202401020110,10,札幌,日高特別(2勝),2勝クラス,1500,芝,良,12,4,ピースキーパー,横山和生,11.0,126.9,98.7,-22.22,-0.2513,0.00988,5.41,0.01529,0.00811,1.886,1.5088,1.0,11,不的中,0,105.5,0.0,1000.0,0.0,-1000.0,176200.0,200.0,0.0,-200.0,308930.0
2024-08-10,15:11,202404030110,10,新潟,新発田城特別(2勝),2勝クラス,1400,芝,良,14,14,サクセスアイ,菊沢一樹,6.0,21.9,15.6,-28.77,-0.3392,0.06199,7.74,0.09456,0.05128,1.844,1.4751,1.0,1,的中,1,15.7,1570.0,1000.0,15700.0,14700.0,190900.0,1100.0,17270.0,16170.0,325100.0
2024-08-10,15:25,202401020111,11,札幌,報知杯大雪ハンデ(3勝),3勝クラス,1700,ダート,良,14,1,ゴッドブルービー,浜中俊,3.0,13.0,10.5,-19.23,-0.2136,0.09317,9.84,0.11923,0.07619,1.565,1.2519,1.0,2,不的中,0,10.5,0.0,1000.0,0.0,-1000.0,189900.0,900.0,0.0,-900.0,324200.0
2024-08-10,16:15,202407020112,12,中京,3歳以上1勝クラス,1勝クラス,1400,ダート,良,16,9,ハクサンツキミテイ,小崎綾也,15.0,118.1,106.2,-10.08,-0.1062,0.00787,6.42,0.01306,0.00753,1.734,1.3869,1.0,15,不的中,0,98.7,0.0,1000.0,0.0,-1000.0,188900.0,200.0,0.0,-200.0,324000.0
2024-08-10,16:30,202404030112,12,新潟,3歳以上1勝クラス,1勝クラス,1400,芝,良,18,4,グランドハーバー,北村友一,7.0,14.6,11.4,-21.92,-0.2474,0.08478,11.02,0.10928,0.07018,1.557,1.2458,1.0,7,不的中,0,9.9,0.0,1000.0,0.0,-1000.0,187900.0,800.0,0.0,-800.0,323200.0
2024-08-11,09:50,202401020201,01,札幌,2歳未勝利,未勝利,1200,芝,良,7,7,エイシンパンタレイ,菱田裕二,3.0,14.6,10.9,-25.34,-0.2923,0.08706,2.96,0.1103,0.07339,1.503,1.2022,1.0,2,不的中,0,8.0,0.0,1000.0,0.0,-1000.0,186900.0,700.0,0.0,-700.0,322500.0
2024-08-11,12:25,202407020205,05,中京,2歳新馬,新馬,2000,芝,良,9,5,バルティカ,浜中俊,4.0,20.8,14.7,-29.33,-0.3471,0.0641,6.11,0.09087,0.05442,1.67,1.3358,1.0,5,不的中,0,14.7,0.0,1000.0,0.0,-1000.0,185900.0,800.0,0.0,-800.0,321700.0
2024-08-11,14:15,202401020209,09,札幌,桑園特別(2勝),2勝クラス,1000,ダート,良,12,9,アマルナ,菱田裕二,6.0,22.1,15.1,-31.67,-0.3809,0.06803,4.48,0.09568,0.05298,1.806,1.4448,1.0,2,不的中,0,12.3,0.0,1000.0,0.0,-1000.0,184900.0,1100.0,0.0,-1100.0,320600.0
2024-08-11,14:40,202404030209,09,新潟,三面川特別(2勝),2勝クラス,1800,芝,良,13,6,ヴィゴラスダンサー,津村明秀,8.0,54.1,23.8,-56.01,-0.8211,0.06467,7.57,0.10325,0.03361,3.072,2.4574,1.0,4,不的中,0,23.9,0.0,1000.0,0.0,-1000.0,183900.0,2100.0,0.0,-2100.0,318500.0
2024-08-11,15:25,202401020211,11,札幌,UHB賞(OP),オープン,1200,芝,良,16,13,キミワクイーン,横山武史,4.0,13.9,10.3,-25.9,-0.2997,0.10629,10.98,0.11923,0.07767,1.535,1.2281,1.0,2,不的中,0,10.3,0.0,1000.0,0.0,-1000.0,182900.0,800.0,0.0,-800.0,317700.0
2024-08-11,15:45,202404030211,11,新潟,第59回関屋記念(GIII),G3,1600,芝,良,18,2,ダディーズビビッド,丸山元気,15.0,134.2,95.0,-29.21,-0.3455,0.0126,35.72,0.01618,0.00842,1.922,1.5372,1.0,15,不的中,0,95.0,0.0,1000.0,0.0,-1000.0,181900.0,200.0,0.0,-200.0,317300.0
2024-08-11,15:45,202404030211,11,新潟,第59回関屋記念(GIII),G3,1600,芝,良,18,18,ラインベック,荻野極,14.0,93.4,79.5,-14.88,-0.1611,0.01258,35.72,0.01668,0.01006,1.658,1.3262,2.0,7,不的中,0,79.5,0.0,1000.0,0.0,-1000.0,180900.0,200.0,0.0,-200.0,317300.0
2024-08-17,10:45,202404030302,02,新潟,3歳未勝利,未勝利,1800,ダート,良,14,14,グアラニア,菊沢一樹,5.0,19.2,15.2,-20.83,-0.2336,0.06269,3.92,0.08224,0.05263,1.563,1.25,1.0,9,不的中,0,15.2,0.0,1000.0,0.0,-1000.0,179900.0,600.0,0.0,-600.0,316700.0
2024-08-17,10:55,202401020303,03,札幌,3歳未勝利,未勝利,1200,芝,良,16,14,シーメジャー,斎藤新,7.0,16.3,13.8,-15.34,-0.1665,0.0625,4.09,0.09087,0.05797,1.567,1.254,1.0,7,不的中,0,13.8,0.0,1000.0,0.0,-1000.0,178900.0,700.0,0.0,-700.0,316000.0
2024-08-17,13:35,202404030307,07,新潟,3歳未勝利,未勝利,1600,芝,良,18,7,メイパワー,石神深道,5.0,28.3,17.1,-39.58,-0.5038,0.05691,6.09,0.07086,0.04678,1.515,1.2117,1.0,5,不的中,0,17.1,0.0,1000.0,0.0,-1000.0,177900.0,500.0,0.0,-500.0,315500.0
2024-08-17,14:05,202404030308,08,新潟,3歳以上1勝クラス,1勝クラス,2400,芝,良,12,8,ハイラント,杉原誠人,3.0,17.2,13.7,-20.35,-0.2275,0.06637,5.02,0.08825,0.05839,1.511,1.209,1.0,6,不的中,0,13.7,0.0,1000.0,0.0,-1000.0,176900.0,600.0,0.0,-600.0,314900.0
2024-08-17,15:25,202401020311,11,札幌,札幌日刊スポーツ杯(2勝),2勝クラス,2600,芝,良,14,2,フェミナフォルテ,小林勝太,6.0,29.6,16.3,-44.93,-0.5966,0.07074,11.11,0.10219,0.04908,2.082,1.6657,1.0,1,的中,1,16.3,1630.0,1000.0,16300.0,15300.0,192200.0,1400.0,22820.0,21420.0,336320.0
2024-08-17,15:45,202404030311,11,新潟,日本海ステークス(3勝),3勝クラス,2200,芝,良,9,1,ナイトインロンドン,田辺裕信,5.0,17.0,14.1,-17.06,-0.187,0.06462,14.24,0.09287,0.05674,1.637,1.3095,1.0,2,不的中,0,14.1,0.0,1000.0,0.0,-1000.0,191200.0,800.0,0.0,-800.0,335520.0
2024-08-17,16:30,202404030312,12,新潟,3歳以上1勝クラス,1勝クラス,1800,芝,良,18,4,アリーチェ,菊沢一樹,15.0,212.2,141.7,-33.22,-0.4038,0.00768,11.45,0.01306,0.00565,2.313,1.8505,1.0,11,不的中,0,147.6,0.0,1000.0,0.0,-1000.0,190200.0,300.0,0.0,-300.0,335220.0
2024-08-18,10:25,202407020402,02,中京,3歳未勝利,未勝利,1800,ダート,良,13,8,レグノ,橋木太希,10.0,158.8,146.1,-8.0,-0.0834,0.00582,4.24,0.00977,0.00548,1.784,1.427,1.0,8,不的中,0,151.8,0.0,1000.0,0.0,-1000.0,189200.0,100.0,0.0,-100.0,335120.0
2024-08-18,10:55,202407020403,03,中京,2歳未勝利,未勝利,2000,芝,良,6,4,ウインポセイドン,和田竜二,4.0,21.1,12.6,-40.28,-0.5156,0.07766,5.51,0.11305,0.06349,1.78,1.4244,1.0,3,不的中,0,11.8,0.0,1000.0,0.0,-1000.0,188200.0,1300.0,0.0,-1300.0,333820.0
2024-08-18,11:05,202404030403,03,新潟,3歳未勝利,未勝利,1800,ダート,良,15,2,コルヴィル,松本大輝,12.0,118.1,109.3,-7.45,-0.0774,0.00754,4.57,0.01306,0.00732,1.784,1.4274,1.0,11,不的中,0,109.6,0.0,1000.0,0.0,-1000.0,187200.0,200.0,0.0,-200.0,333620.0
2024-08-18,11:35,202404030404,04,新潟,3歳未勝利,未勝利,1400,芝,良,18,2,ランデヴーローズ,Ｍ．デム,13.0,115.2,83.9,-27.17,-0.317,0.01086,5.16,0.01464,0.00954,1.536,1.2284,1.0,18,不的中,0,85.5,0.0,1000.0,0.0,-1000.0,186200.0,100.0,0.0,-100.0,333520.0
2024-08-18,13:05,202401020406,06,札幌,3歳以上1勝クラス,1勝クラス,2400,ダート,良,12,8,アルデドゥオーモ,佐々木大,6.0,50.0,22.2,-55.6,-0.8119,0.04704,4.5,0.05826,0.03604,1.617,1.2935,1.0,10,不的中,0,17.9,0.0,1000.0,0.0,-1000.0,185200.0,500.0,0.0,-500.0,333020.0
2024-08-18,14:36,202401020409,09,札幌,大通公園特別(2勝),2勝クラス,1700,ダート,良,14,10,キョウエイゲイル,石川倭,5.0,20.7,14.3,-30.92,-0.3699,0.06848,6.0,0.09568,0.05594,1.71,1.3682,1.0,5,不的中,0,10.5,0.0,1000.0,0.0,-1000.0,184200.0,1000.0,0.0,-1000.0,332020.0
2024-08-18,14:50,202407020410,10,中京,中京スポニチ賞(2勝),2勝クラス,1400,芝,良,16,12,ベレザニーニャ,藤懸貴志,12.0,91.4,78.1,-14.55,-0.1573,0.01177,6.77,0.01538,0.01024,1.502,1.2015,1.0,10,不的中,0,75.2,0.0,1000.0,0.0,-1000.0,183200.0,100.0,0.0,-100.0,331920.0
2024-08-24,10:30,202401020502,02,札幌,2歳未勝利,未勝利,1800,芝,良,9,2,ローレルオーブ,ホー,5.0,17.0,11.8,-30.59,-0.3651,0.07771,4.07,0.11131,0.0678,1.642,1.3135,1.0,1,的中,1,11.8,1180.0,1000.0,11800.0,10800.0,194000.0,1000.0,11800.0,10800.0,342720.0
2024-08-24,13:20,202401020507,07,札幌,3歳以上1勝クラス,1勝クラス,1800,芝,良,14,14,ナンヨーアゼリア,長浜鴻緒,9.0,40.3,32.9,-18.36,-0.2029,0.02731,3.99,0.0416,0.02432,1.711,1.3688,1.0,6,不的中,0,32.9,0.0,1000.0,0.0,-1000.0,193000.0,400.0,0.0,-400.0,342320.0
2024-08-24,13:51,202401020508,08,札幌,3歳以上1勝クラス,1勝クラス,1700,ダート,良,12,2,ソーニャシュニク,ティータ,4.0,17.7,14.0,-20.9,-0.2345,0.07025,3.76,0.08707,0.05714,1.524,1.2189,1.0,11,不的中,0,14.0,0.0,1000.0,0.0,-1000.0,192000.0,600.0,0.0,-600.0,341720.0
2024-08-24,14:01,202404030508,08,新潟,3歳以上1勝クラス,1勝クラス,1800,ダート,良,15,5,ターコイズデュー,柴田大知,12.0,55.7,45.0,-19.21,-0.2133,0.01934,4.73,0.0316,0.01778,1.777,1.4218,1.0,13,不的中,0,45.0,0.0,1000.0,0.0,-1000.0,191000.0,400.0,0.0,-400.0,340720.0
2024-08-24,14:01,202404030508,08,新潟,3歳以上1勝クラス,1勝クラス,1800,ダート,良,15,1,フイノマジワリ,木幡初也,6.0,16.1,13.3,-17.39,-0.1911,0.06491,4.73,0.09081,0.06015,1.51,1.2077,2.0,2,不的中,0,13.3,0.0,1000.0,0.0,-1000.0,190000.0,600.0,0.0,-600.0,340720.0
2024-08-24,14:26,202401020509,09,札幌,ルスツ特別(1勝),1勝クラス,2600,芝,良,14,1,ギンレイ,荻野琢真,9.0,137.1,117.3,-14.44,-0.156,0.00742,5.74,0.01306,0.00682,1.915,1.5319,1.0,10,不的中,0,105.2,0.0,1000.0,0.0,-1000.0,189000.0,200.0,0.0,-200.0,340520.0
2024-08-24,15:01,202401020510,10,札幌,オールスターJ第1戦(2勝),2勝クラス,1200,芝,良,14,10,カイカノキセキ,松山弘平,4.0,15.3,10.9,-28.76,-0.3391,0.09437,6.73,0.12888,0.07339,1.756,1.4048,1.0,6,不的中,0,10.9,0.0,1000.0,0.0,-1000.0,188000.0,1400.0,0.0,-1400.0,337420.0
2024-08-24,15:01,202401020510,10,札幌,オールスターJ第1戦(2勝),2勝クラス,1200,芝,良,14,12,オックスリップ,坂井瑠星,6.0,17.0,13.6,-20.0,-0.2231,0.07052,6.73,0.09568,0.05882,1.627,1.3013,2.0,3,不的中,0,13.6,0.0,1000.0,0.0,-1000.0,187000.0,900.0,0.0,-900.0,337420.0
2024-08-24,15:01,202401020510,10,札幌,オールスターJ第1戦(2勝),2勝クラス,1200,芝,良,14,8,グランツベリー,ホー,7.0,18.7,13.9,-25.67,-0.2966,0.07224,6.73,0.09199,0.05755,1.598,1.2787,3.0,5,不的中,0,13.9,0.0,1000.0,0.0,-1000.0,186000.0,800.0,0.0,-800.0,337420.0
2024-08-24,16:05,202407020512,12,中京,3歳以上1勝クラス,1勝クラス,1400,芝,良,18,7,コト,角田大和,9.0,20.0,16.5,-17.5,-0.1924,0.05771,8.42,0.07505,0.04848,1.548,1.2384,1.0,4,不的中,0,16.5,0.0,1000.0,0.0,-1000.0,185000.0,600.0,0.0,-600.0,336120.0
2024-08-24,16:05,202407020512,12,中京,3歳以上1勝クラス,1勝クラス,1400,芝,良,18,2,ビーグラッド,池添謙一,5.0,17.5,12.0,-31.43,-0.3773,0.08938,8.42,0.1016,0.06667,1.524,1.2192,2.0,3,不的中,0,12.0,0.0,1000.0,0.0,-1000.0,184000.0,700.0,0.0,-700.0,336120.0
2024-08-24,16:30,202404030512,12,新潟,3歳以上1勝クラス,1勝クラス,1200,ダート,良,15,6,ニシノシークレット,江田照男,13.0,132.3,92.5,-30.08,-0.3579,0.01124,11.76,0.01603,0.00865,1.853,1.4827,1.0,10,不的中,0,92.5,0.0,1000.0,0.0,-1000.0,183000.0,200.0,0.0,-200.0,335920.0
2024-08-25,10:25,202407020602,02,中京,3歳未勝利,未勝利,1800,ダート,良,16,6,スカイイズユアーズ,角田大和,7.0,32.9,15.9,-51.67,-0.7272,0.07249,4.6,0.09963,0.05031,1.98,1.5841,1.0,16,不的中,0,15.9,0.0,1000.0,0.0,-1000.0,182000.0,1400.0,0.0,-1400.0,334520.0
2024-08-25,11:05,202401020603,03,札幌,3歳未勝利,未勝利,1000,ダート,良,12,9,マオノボルケーノ,長浜鴻緒,11.0,52.5,37.0,-29.52,-0.3499,0.02489,5.78,0.03386,0.02162,1.566,1.2526,1.0,6,不的中,0,37.0,0.0,1000.0,0.0,-1000.0,181000.0,300.0,0.0,-300.0,334220.0
2024-08-25,11:25,202407020604,04,中京,3歳未勝利,未勝利,1400,芝,良,17,17,ベイステート,吉村誠之,6.0,24.8,18.1,-27.02,-0.3149,0.04835,5.21,0.08224,0.0442,1.861,1.4885,1.0,15,不的中,0,18.1,0.0,1000.0,0.0,-1000.0,180000.0,1000.0,0.0,-1000.0,333220.0
2024-08-25,12:45,202407020606,06,中京,3歳以上1勝クラス,1勝クラス,1400,ダート,良,16,14,キスオンザチーク,小崎綾也,11.0,86.9,40.8,-53.05,-0.7561,0.02509,5.31,0.03473,0.01961,1.771,1.4172,1.0,5,不的中,0,40.8,0.0,1000.0,0.0,-1000.0,179000.0,400.0,0.0,-400.0,340080.0
2024-08-25,12:45,202407020606,06,中京,3歳以上1勝クラス,1勝クラス,1400,ダート,良,16,9,ブループリマドンナ,酒井学,6.0,18.8,13.1,-30.32,-0.3612,0.07076,5.31,0.09199,0.06107,1.506,1.2051,2.0,1,的中,1,13.1,1310.0,1000.0,13100.0,12100.0,191100.0,600.0,7860.0,7260.0,340080.0
2024-08-25,13:25,202401020607,07,札幌,3歳以上1勝クラス,1勝クラス,1000,ダート,良,12,4,ホーリーブライト,川又賢治,6.0,37.2,16.7,-55.11,-0.8009,0.05838,5.79,0.08825,0.0479,1.842,1.4738,1.0,2,不的中,0,16.7,0.0,1000.0,0.0,-1000.0,190100.0,1100.0,0.0,-1100.0,338980.0
2024-08-25,15:25,202407020611,11,中京,名鉄杯(OP),オープン,1800,ダート,良,13,8,ロードヴァレンチ,川須栄彦,5.0,20.4,15.2,-25.49,-0.2942,0.06809,9.49,0.10103,0.05263,1.919,1.5356,1.0,11,不的中,0,15.0,0.0,1000.0,0.0,-1000.0,189100.0,1300.0,0.0,-1300.0,337680.0
2024-08-25,15:35,202401020611,11,札幌,第19回キーンランドカップ(GIII),G3,1200,芝,良,16,15,オタルエバー,松山弘平,13.0,97.2,90.9,-6.48,-0.067,0.00994,37.9,0.01538,0.0088,1.748,1.3984,1.0,15,不的中,0,91.7,0.0,1000.0,0.0,-1000.0,188100.0,200.0,0.0,-200.0,337480.0
2024-08-31,09:50,202401020701,01,札幌,2歳未勝利,未勝利,1200,芝,重,13,8,オイランブチ,長浜鴻緒,4.0,22.5,14.2,-36.89,-0.4603,0.07351,3.51,0.09568,0.05634,1.698,1.3587,1.0,1,的中,1,9.6,960.0,1000.0,9600.0,8600.0,196700.0,1000.0,9600.0,8600.0,346080.0
2024-08-31,10:01,202407020701,01,中京,2歳未勝利,未勝利,1800,ダート,不良,11,9,タイセイアビリティ,吉村誠之,6.0,29.1,14.0,-51.89,-0.7317,0.07568,4.33,0.09585,0.05714,1.677,1.3419,1.0,4,不的中,0,14.0,0.0,1000.0,0.0,-1000.0,195700.0,1000.0,0.0,-1000.0,345080.0
2024-08-31,13:30,202407020707,07,中京,3歳未勝利,未勝利,1600,芝,不良,16,3,テイケイモハラ,幸英明,6.0,21.4,12.8,-40.19,-0.5139,0.0966,6.51,0.11172,0.0625,1.788,1.43,1.0,9,不的中,0,11.2,0.0,1000.0,0.0,-1000.0,194700.0,1300.0,0.0,-1300.0,343780.0
2024-08-31,14:36,202404030709,09,新潟,瓢湖特別(1勝),1勝クラス,2200,芝,稍重,14,4,アレナリア,三浦皇成,4.0,19.2,12.3,-35.94,-0.4453,0.0953,5.39,0.1016,0.06504,1.562,1.2497,1.0,3,不的中,0,11.8,0.0,1000.0,0.0,-1000.0,193700.0,800.0,0.0,-800.0,342980.0
2024-08-31,16:05,202401020712,12,札幌,マレーシアカップ(2勝),2勝クラス,1200,芝,重,16,11,ケイアイオメガ,荻野琢真,13.0,73.4,46.0,-37.33,-0.4673,0.02486,8.46,0.03128,0.01739,1.799,1.4389,1.0,11,不的中,0,46.1,0.0,1000.0,0.0,-1000.0,192700.0,400.0,0.0,-400.0,342280.0
2024-08-31,16:05,202401020712,12,札幌,マレーシアカップ(2勝),2勝クラス,1200,芝,重,16,7,スイミーユニバンス,池添謙一,10.0,53.7,37.6,-29.98,-0.3564,0.02855,8.46,0.03485,0.02128,1.638,1.3102,2.0,2,不的中,0,37.7,0.0,1000.0,0.0,-1000.0,191700.0,300.0,0.0,-300.0,342280.0
2024-08-31,16:30,202404030712,12,新潟,3歳以上1勝クラス,1勝クラス,1600,芝,稍重,17,6,ヴェルトラウム,石橋脩,6.0,24.9,14.2,-42.97,-0.5616,0.07613,11.58,0.09791,0.05634,1.738,1.3903,1.0,8,不的中,0,14.2,0.0,1000.0,0.0,-1000.0,190700.0,1100.0,0.0,-1100.0,341180.0
2024-09-01,11:25,202401020804,04,札幌,3歳未勝利,未勝利,1200,芝,稍重,16,6,ラントゥリーダンス,川端海翼,14.0,109.2,86.3,-20.97,-0.2354,0.01026,5.26,0.01538,0.00927,1.66,1.3276,1.0,11,不的中,0,86.8,0.0,1000.0,0.0,-1000.0,189700.0,200.0,0.0,-200.0,340980.0
2024-09-01,12:15,202401020805,05,札幌,3歳未勝利,未勝利,1700,ダート,重,14,14,アンバサダー,川又賢治,13.0,57.2,48.0,-16.08,-0.1754,0.01909,5.08,0.02616,0.01667,1.57,1.2558,1.0,9,不的中,0,46.1,0.0,1000.0,0.0,-1000.0,188700.0,200.0,0.0,-200.0,340480.0
2024-09-01,12:15,202401020805,05,札幌,3歳未勝利,未勝利,1700,ダート,重,14,3,エルキーオ,大野拓弥,11.0,39.2,29.3,-25.26,-0.2911,0.03371,5.08,0.04155,0.0273,1.522,1.2175,2.0,14,不的中,0,29.1,0.0,1000.0,0.0,-1000.0,187700.0,300.0,0.0,-300.0,340480.0
2024-09-01,13:05,202404030806,06,新潟,2歳新馬,新馬,1400,芝,良,16,15,ランヴェルセ,武藤雅,5.0,22.5,15.9,-29.33,-0.3472,0.06619,5.19,0.09287,0.05031,1.846,1.4767,1.0,4,不的中,0,15.8,0.0,1000.0,0.0,-1000.0,186700.0,1100.0,0.0,-1100.0,339380.0
2024-09-01,14:05,202404030808,08,新潟,3歳以上1勝クラス,1勝クラス,1800,ダート,良,12,12,タリスマン,伊藤工真,4.0,33.5,16.9,-49.55,-0.6842,0.06823,6.21,0.09585,0.04734,2.025,1.6199,1.0,3,不的中,0,14.4,0.0,1000.0,0.0,-1000.0,185700.0,1400.0,0.0,-1400.0,353620.0
2024-09-01,14:05,202404030808,08,新潟,3歳以上1勝クラス,1勝クラス,1800,ダート,良,12,10,ノーブルラン,石田拓郎,10.0,109.4,78.8,-27.97,-0.3281,0.01243,6.21,0.01618,0.01015,1.594,1.2751,2.0,1,的中,1,79.2,7920.0,1000.0,79200.0,78200.0,263900.0,200.0,15840.0,15640.0,353620.0
2024-09-07,10:25,202407030102,02,中京,2歳未勝利,未勝利,1800,ダート,良,8,7,カルドゥッチョ,高杉吏麒,6.0,104.4,91.4,-12.45,-0.133,0.01006,5.19,0.01464,0.00875,1.673,1.3383,1.0,7,不的中,0,92.9,0.0,1000.0,0.0,-1000.0,262900.0,200.0,0.0,-200.0,353420.0
2024-09-07,10:40,202406040102,02,中山,2歳未勝利,未勝利,1600,芝,良,12,5,サーマル,吉田豊,10.0,73.8,38.8,-47.43,-0.6429,0.03326,4.91,0.03507,0.02062,1.701,1.3607,1.0,5,不的中,0,38.7,0.0,1000.0,0.0,-1000.0,261900.0,400.0,0.0,-400.0,352620.0
2024-09-07,10:40,202406040102,02,中山,2歳未勝利,未勝利,1600,芝,良,12,2,ドルビナ,佐藤翔馬,7.0,24.7,20.3,-17.81,-0.1962,0.04794,4.91,0.05962,0.03941,1.513,1.2104,2.0,3,不的中,0,20.3,0.0,1000.0,0.0,-1000.0,260900.0,400.0,0.0,-400.0,352620.0
2024-09-07,11:25,202407030104,04,中京,2歳新馬,新馬,1800,ダート,良,10,2,チュウワチーフ,北村友一,4.0,13.7,11.0,-19.71,-0.2195,0.07771,4.91,0.1135,0.07273,1.561,1.2485,1.0,2,不的中,0,11.0,0.0,1000.0,0.0,-1000.0,259900.0,900.0,0.0,-900.0,351720.0
2024-09-07,14:01,202406040108,08,中山,3歳以上1勝クラス,1勝クラス,1800,ダート,良,15,2,ウンガイソウテン,横山武史,5.0,17.1,10.9,-36.26,-0.4503,0.09379,7.34,0.11538,0.07339,1.572,1.2577,1.0,1,的中,1,10.2,1020.0,1000.0,10200.0,9200.0,269100.0,1000.0,10200.0,9200.0,360920.0
2024-09-07,15:01,202407030110,10,中京,ムーンライトハンデ(3勝),3勝クラス,2200,芝,良,16,2,ウィズユアドリーム,北村友一,10.0,50.9,35.0,-31.24,-0.3745,0.03564,7.75,0.03507,0.02286,1.534,1.2274,1.0,16,不的中,0,34.6,0.0,1000.0,0.0,-1000.0,268100.0,300.0,0.0,-300.0,360620.0
2024-09-08,11:10,202406040203,03,中山,2歳新馬,新馬,1800,ダート,良,16,14,ブラーブデシジョン,木幡巧也,6.0,21.7,11.9,-45.16,-0.6008,0.09635,5.95,0.1016,0.06723,1.511,1.209,1.0,2,不的中,0,11.9,0.0,1000.0,0.0,-1000.0,267100.0,700.0,0.0,-700.0,359920.0
2024-09-08,13:30,202406040207,07,中山,3歳以上1勝クラス,1勝クラス,1600,芝,良,16,9,セレンディピティ,菊沢一樹,6.0,18.2,13.5,-25.82,-0.2987,0.07525,8.35,0.09568,0.05926,1.615,1.2917,1.0,10,不的中,0,13.5,0.0,1000.0,0.0,-1000.0,266100.0,900.0,0.0,-900.0,359020.0
2024-09-08,15:01,202407030210,10,中京,浜松ステークス(3勝),3勝クラス,1200,ダート,良,16,5,ミラバーグマン,杉原誠人,9.0,34.4,26.9,-21.8,-0.2459,0.04171,8.61,0.0545,0.02974,1.832,1.4659,1.0,5,不的中,0,26.9,0.0,1000.0,0.0,-1000.0,265100.0,700.0,0.0,-700.0,358320.0
2024-09-08,15:10,202406040210,10,中山,セプテンバーS(3勝),3勝クラス,1200,芝,良,10,6,ブルースピリット,田辺裕信,6.0,20.4,11.4,-44.12,-0.5819,0.09406,8.37,0.12976,0.07018,1.849,1.4792,1.0,2,不的中,0,11.3,0.0,1000.0,0.0,-1000.0,264100.0,1700.0,0.0,-1700.0,356020.0
2024-09-08,15:10,202406040210,10,中山,セプテンバーS(3勝),3勝クラス,1200,芝,良,10,3,タリア,原優介,10.0,28.0,23.4,-16.43,-0.1795,0.03837,8.37,0.0568,0.03419,1.661,1.3291,2.0,7,不的中,0,20.7,0.0,1000.0,0.0,-1000.0,263100.0,600.0,0.0,-600.0,356020.0
2024-09-08,15:45,202406040211,11,中山,第69回京成杯オータムハンデ(GIII),G3,1600,芝,良,16,5,ショウナンマグマ,吉田豊,11.0,134.4,93.0,-30.8,-0.3682,0.01282,33.77,0.01603,0.0086,1.863,1.4907,1.0,12,不的中,0,93.0,0.0,1000.0,0.0,-1000.0,262100.0,200.0,0.0,-200.0,354820.0
2024-09-08,15:45,202406040211,11,中山,第69回京成杯オータムハンデ(GIII),G3,1600,芝,良,16,6,エエヤン,田辺裕信,5.0,18.7,14.9,-20.32,-0.2272,0.06936,33.77,0.09287,0.05369,1.73,1.3838,2.0,11,不的中,0,14.9,0.0,1000.0,0.0,-1000.0,261100.0,1000.0,0.0,-1000.0,354820.0
2024-09-14,10:05,202406040301,01,中山,2歳未勝利,未勝利,1200,ダート,良,14,11,サードウインド,丹内祐次,5.0,19.4,12.7,-34.54,-0.4237,0.09377,4.59,0.10694,0.06299,1.698,1.3582,1.0,7,不的中,0,12.2,0.0,1000.0,0.0,-1000.0,260100.0,1100.0,0.0,-1100.0,353720.0
2024-09-14,10:35,202406040302,02,中山,2歳未勝利,未勝利,1800,ダート,良,12,11,マーレリアン,丸山元気,5.0,14.4,10.6,-26.39,-0.3064,0.09618,4.91,0.11943,0.07547,1.583,1.266,1.0,12,不的中,0,10.5,0.0,1000.0,0.0,-1000.0,259100.0,1000.0,0.0,-1000.0,352720.0
2024-09-14,10:50,202407030303,03,中京,2歳未勝利,未勝利,1600,芝,良,15,9,ギザキズラヴ,北村友一,6.0,20.9,15.2,-27.27,-0.3185,0.06641,5.63,0.088,0.05263,1.672,1.3376,1.0,9,不的中,0,14.3,0.0,1000.0,0.0,-1000.0,258100.0,900.0,0.0,-900.0,351820.0
2024-09-14,12:10,202407030305,05,中京,2歳新馬,新馬,1400,芝,良,11,4,エスペシャリー,藤岡佑介,7.0,21.3,15.3,-28.17,-0.3309,0.07075,5.76,0.1016,0.05229,1.943,1.5545,1.0,5,不的中,0,15.3,0.0,1000.0,0.0,-1000.0,257100.0,1400.0,0.0,-1400.0,350420.0
2024-09-14,13:15,202407030307,07,中京,3歳以上1勝クラス,1勝クラス,1200,ダート,良,15,7,アマミツツキ,柴田裕一,13.0,111.2,49.5,-55.49,-0.8094,0.02801,5.51,0.03485,0.01616,2.156,1.7249,1.0,11,不的中,0,45.5,0.0,1000.0,0.0,-1000.0,256100.0,600.0,0.0,-600.0,349320.0
2024-09-14,13:15,202407030307,07,中京,3歳以上1勝クラス,1勝クラス,1200,ダート,良,15,11,ニュージェネラル,高倉稜,15.0,154.0,96.8,-37.14,-0.4643,0.01232,5.51,0.01618,0.00826,1.958,1.5663,2.0,15,不的中,0,101.0,0.0,1000.0,0.0,-1000.0,255100.0,300.0,0.0,-300.0,349320.0
2024-09-14,13:15,202407030307,07,中京,3歳以上1勝クラス,1勝クラス,1200,ダート,良,15,6,エリカソレイユ,小沢大仁,14.0,121.7,88.8,-27.03,-0.3152,0.01222,5.51,0.01668,0.00901,1.852,1.4814,3.0,13,不的中,0,92.9,0.0,1000.0,0.0,-1000.0,254100.0,200.0,0.0,-200.0,349320.0
2024-09-14,14:01,202406040308,08,中山,3歳以上1勝クラス,1勝クラス,1800,ダート,良,15,11,タイセイアディクト,石橋脩,5.0,16.2,10.1,-37.65,-0.4725,0.10583,4.93,0.11923,0.07921,1.505,1.2042,1.0,4,不的中,0,9.2,0.0,1000.0,0.0,-1000.0,253100.0,800.0,0.0,-800.0,348520.0
2024-09-14,16:30,202406040312,12,中山,3歳以上1勝クラス,1勝クラス,1800,芝,良,15,3,グローリーアテイン,佐々木大,7.0,19.9,18.4,-7.54,-0.0784,0.04867,11.31,0.06845,0.04348,1.574,1.2595,1.0,14,不的中,0,18.4,0.0,1000.0,0.0,-1000.0,252100.0,600.0,0.0,-600.0,347920.0
2024-09-15,10:05,202406040401,01,中山,2歳未勝利,未勝利,1200,ダート,良,12,3,リュウノワールド,吉田豊,10.0,128.1,94.6,-26.15,-0.3032,0.01133,6.63,0.01668,0.00846,1.973,1.5781,1.0,8,不的中,0,85.1,0.0,1000.0,0.0,-1000.0,251100.0,300.0,0.0,-300.0,347620.0
2024-09-15,15:01,202407030410,10,中京,納屋橋ステークス(3勝),3勝クラス,1600,芝,稍重,16,4,サクセスアイ,池添謙一,5.0,16.2,12.1,-25.31,-0.2918,0.0957,9.26,0.1167,0.06612,1.765,1.4121,1.0,2,不的中,0,12.1,0.0,1000.0,0.0,-1000.0,250100.0,1300.0,0.0,-1300.0,361800.0
2024-09-15,15:01,202407030410,10,中京,納屋橋ステークス(3勝),3勝クラス,1600,芝,稍重,16,2,ペイシャフラワー,永島まな,12.0,53.1,39.8,-25.05,-0.2883,0.029,9.26,0.03507,0.0201,1.745,1.3958,2.0,1,的中,1,39.7,3970.0,1000.0,39700.0,38700.0,288800.0,400.0,15880.0,15480.0,361800.0
2024-09-15,16:30,202406040412,12,中山,3歳以上1勝クラス,1勝クラス,1200,芝,良,16,8,シルバージュエリー,荻野極,7.0,20.9,18.4,-11.96,-0.1274,0.04987,13.46,0.08254,0.04348,1.898,1.5186,1.0,6,不的中,0,18.4,0.0,1000.0,0.0,-1000.0,287800.0,1100.0,0.0,-1100.0,360300.0
2024-09-15,16:30,202406040412,12,中山,3歳以上1勝クラス,1勝クラス,1200,芝,良,16,7,キョウエイカンセ,原優介,10.0,56.2,44.7,-20.46,-0.2289,0.02258,13.46,0.02962,0.0179,1.655,1.3242,2.0,9,不的中,0,44.4,0.0,1000.0,0.0,-1000.0,286800.0,300.0,0.0,-300.0,360300.0
2024-09-15,16:30,202406040412,12,中山,3歳以上1勝クラス,1勝クラス,1200,芝,良,16,16,アシセバイラ,石神深道,14.0,93.3,82.7,-11.36,-0.1206,0.01102,13.46,0.01464,0.00967,1.514,1.2109,3.0,16,不的中,0,82.8,0.0,1000.0,0.0,-1000.0,285800.0,100.0,0.0,-100.0,360300.0
2024-09-16,10:25,202407030502,02,中京,2歳未勝利,未勝利,1800,ダート,稍重,10,8,ヤングアメリカンズ,小沢大仁,5.0,26.0,17.9,-31.15,-0.3733,0.06354,4.79,0.08918,0.04469,1.995,1.5964,1.0,6,不的中,0,14.8,0.0,1000.0,0.0,-1000.0,284800.0,1300.0,0.0,-1300.0,359000.0
2024-09-16,10:40,202406040502,02,中山,2歳未勝利,未勝利,1600,芝,良,14,11,アンティジャミーラ,岩田康誠,6.0,23.0,14.1,-38.7,-0.4893,0.0764,6.39,0.09954,0.05674,1.754,1.4035,1.0,6,不的中,0,14.1,0.0,1000.0,0.0,-1000.0,283800.0,1200.0,0.0,-1200.0,357800.0
2024-09-16,13:00,202406040506,06,中山,2歳新馬,新馬,1800,芝,良,11,4,ミライヘノハナ,北村宏司,4.0,21.6,14.9,-31.02,-0.3713,0.07881,6.34,0.09879,0.05369,1.84,1.472,1.0,2,不的中,0,14.9,0.0,1000.0,0.0,-1000.0,282800.0,1300.0,0.0,-1300.0,356500.0
2024-09-16,13:15,202407030507,07,中京,3歳以上1勝クラス,1勝クラス,1800,ダート,稍重,11,7,カツラノキサノキ,岩田望来,8.0,26.9,24.4,-9.29,-0.0975,0.03659,5.76,0.06687,0.03279,2.039,1.6315,1.0,6,不的中,0,21.3,0.0,1000.0,0.0,-1000.0,281800.0,1000.0,0.0,-1000.0,355500.0
2024-09-16,13:50,202407030508,08,中京,3歳以上1勝クラス,1勝クラス,1400,芝,良,18,1,デアデルマーレ,団野大成,10.0,44.6,27.5,-38.34,-0.4835,0.04533,6.6,0.07629,0.02909,2.622,2.0979,1.0,4,不的中,0,27.5,0.0,1000.0,0.0,-1000.0,280800.0,1500.0,0.0,-1500.0,354000.0
2024-09-16,14:00,202406040508,08,中山,3歳以上1勝クラス,1勝クラス,2400,ダート,良,12,5,マコタイガ,横山和生,6.0,19.4,12.8,-34.02,-0.4158,0.0789,5.81,0.09585,0.0625,1.534,1.2269,1.0,2,不的中,0,12.8,0.0,1000.0,0.0,-1000.0,279800.0,700.0,0.0,-700.0,353300.0
2024-09-16,15:35,202407030511,11,中京,JRA70THアニバ(3勝),3勝クラス,1800,ダート,良,16,3,ゴッドブルービー,浜中俊,5.0,17.3,10.5,-39.31,-0.4993,0.13812,12.98,0.13413,0.07619,1.761,1.4084,1.0,8,不的中,0,10.5,0.0,1000.0,0.0,-1000.0,278800.0,1600.0,0.0,-1600.0,350200.0
2024-09-16,15:35,202407030511,11,中京,JRA70THアニバ(3勝),3勝クラス,1800,ダート,良,16,16,サイモンザナドゥ,岩田望来,4.0,15.3,10.2,-33.33,-0.4055,0.13318,12.98,0.13573,0.07843,1.731,1.3844,2.0,4,不的中,0,10.2,0.0,1000.0,0.0,-1000.0,277800.0,1500.0,0.0,-1500.0,350200.0
2024-09-16,15:45,202406040511,11,中山,第78回朝日セントライト記念(GII),G2,2200,芝,良,14,2,タガノデュード,丹内祐次,10.0,89.7,84.5,-5.8,-0.0597,0.01075,41.02,0.01538,0.00947,1.625,1.2999,1.0,9,不的中,0,84.5,0.0,1000.0,0.0,-1000.0,276800.0,200.0,0.0,-200.0,350000.0
2024-09-21,10:35,202406040602,02,中山,2歳未勝利,未勝利,1600,芝,良,13,12,オーシンブーケ,斎藤新,8.0,107.6,83.6,-22.3,-0.2524,0.01438,5.63,0.01668,0.00957,1.743,1.3946,1.0,5,不的中,0,83.1,0.0,1000.0,0.0,-1000.0,275800.0,200.0,0.0,-200.0,348600.0
2024-09-21,10:35,202406040602,02,中山,2歳未勝利,未勝利,1600,芝,良,13,6,アクアジェット,津村明秀,3.0,12.4,10.8,-12.9,-0.1382,0.09776,5.63,0.12129,0.07407,1.637,1.3099,2.0,6,不的中,0,10.8,0.0,1000.0,0.0,-1000.0,274800.0,1200.0,0.0,-1200.0,348600.0
2024-09-21,10:50,202407030603,03,中京,2歳未勝利,未勝利,1400,ダート,良,16,10,アンノドミニ,吉村誠之,11.0,156.0,123.4,-20.9,-0.2344,0.00772,5.53,0.01306,0.00648,2.014,1.6115,1.0,5,不的中,0,109.0,0.0,1000.0,0.0,-1000.0,273800.0,200.0,0.0,-200.0,348400.0
2024-09-21,12:10,202407030605,05,中京,2歳新馬,新馬,1600,芝,良,14,2,サラダ,富田暁,8.0,29.5,16.1,-45.42,-0.6056,0.07946,5.24,0.09673,0.04969,1.947,1.5574,1.0,8,不的中,0,16.1,0.0,1000.0,0.0,-1000.0,272800.0,1300.0,0.0,-1300.0,346800.0
2024-09-21,12:10,202407030605,05,中京,2歳新馬,新馬,1600,芝,良,14,14,コンセントレイト,幸英明,10.0,57.9,34.8,-39.9,-0.5091,0.03505,5.24,0.03507,0.02299,1.526,1.2204,2.0,4,不的中,0,34.8,0.0,1000.0,0.0,-1000.0,271800.0,300.0,0.0,-300.0,346800.0
2024-09-21,12:25,202406040605,05,中山,2歳新馬,新馬,1600,芝,良,16,12,トープ,菊沢一樹,11.0,100.4,79.0,-21.31,-0.2397,0.01266,6.2,0.01668,0.01013,1.647,1.3179,1.0,15,不的中,0,79.0,0.0,1000.0,0.0,-1000.0,270800.0,200.0,0.0,-200.0,354360.0
2024-09-21,12:25,202406040605,05,中山,2歳新馬,新馬,1600,芝,良,16,4,キュクロープス,斎藤新,4.0,17.8,10.7,-39.89,-0.509,0.11028,6.2,0.11372,0.07477,1.521,1.2168,2.0,1,的中,1,10.7,1070.0,1000.0,10700.0,9700.0,280500.0,800.0,8560.0,7760.0,354360.0
2024-09-21,13:15,202407030607,07,中京,3歳以上1勝クラス,1勝クラス,2000,芝,良,16,12,キュクヌス,松山弘平,5.0,18.1,10.8,-40.33,-0.5164,0.11097,6.5,0.1151,0.07407,1.554,1.2431,1.0,8,不的中,0,10.1,0.0,1000.0,0.0,-1000.0,279500.0,900.0,0.0,-900.0,353460.0
2024-09-21,14:35,202406040609,09,中山,カンナステークス(OP),オープン,1200,芝,良,8,3,モジャーリオ,斎藤新,3.0,16.5,11.4,-30.91,-0.3697,0.10221,6.25,0.11923,0.07018,1.699,1.3592,1.0,4,不的中,0,11.4,0.0,1000.0,0.0,-1000.0,278500.0,1300.0,0.0,-1300.0,352160.0
2024-09-21,15:01,202407030610,10,中京,賢島特別(2勝),2勝クラス,1200,芝,良,16,14,レーヴジーニアル,横山典弘,6.0,18.2,12.3,-32.42,-0.3918,0.10475,9.46,0.11923,0.06504,1.833,1.4666,1.0,16,不的中,0,12.2,0.0,1000.0,0.0,-1000.0,277500.0,1500.0,0.0,-1500.0,350660.0
2024-09-22,10:55,202407030703,03,中京,2歳未勝利,未勝利,1400,芝,良,18,6,イリフィ,鮫島克駿,11.0,55.8,37.4,-32.97,-0.4001,0.02811,5.83,0.03408,0.02139,1.593,1.2745,1.0,4,不的中,0,37.4,0.0,1000.0,0.0,-1000.0,276500.0,300.0,0.0,-300.0,350360.0
2024-09-22,13:00,202406040706,06,中山,3歳以上1勝クラス,1勝クラス,1800,ダート,良,12,10,ダイヤモンドナイツ,吉田豊,7.0,32.3,25.1,-22.29,-0.2522,0.0439,5.76,0.0554,0.03187,1.738,1.3904,1.0,1,的中,1,24.9,2490.0,1000.0,24900.0,23900.0,300400.0,600.0,14940.0,14340.0,364200.0
2024-09-22,13:00,202406040706,06,中山,3歳以上1勝クラス,1勝クラス,1800,ダート,良,12,8,ベイビールビオ,菅原明良,5.0,18.4,17.4,-5.43,-0.0559,0.05208,5.76,0.07086,0.04598,1.541,1.2329,2.0,7,不的中,0,16.9,0.0,1000.0,0.0,-1000.0,299400.0,500.0,0.0,-500.0,364200.0
2024-09-22,13:30,202406040707,07,中山,3歳以上1勝クラス,1勝クラス,1600,芝,良,16,7,マンウォル,菊沢一樹,8.0,37.1,26.4,-28.84,-0.3403,0.03993,7.26,0.05275,0.0303,1.741,1.3927,1.0,1,的中,1,22.5,2250.0,1000.0,22500.0,21500.0,320900.0,600.0,13500.0,12900.0,376900.0
2024-09-22,13:30,202406040707,07,中山,3歳以上1勝クラス,1勝クラス,1600,芝,良,16,2,イヴニングスター,松岡正海,13.0,69.5,60.3,-13.24,-0.142,0.0152,7.26,0.02172,0.01327,1.637,1.3095,2.0,14,不的中,0,58.9,0.0,1000.0,0.0,-1000.0,319900.0,200.0,0.0,-200.0,376900.0
2024-09-22,14:25,202407030709,09,中京,夕月特別(2勝),2勝クラス,2000,芝,稍重,11,8,リラボニート,浜中俊,4.0,19.1,15.3,-19.9,-0.2218,0.06368,7.86,0.09673,0.05229,1.85,1.48,1.0,4,不的中,0,15.3,0.0,1000.0,0.0,-1000.0,318900.0,1300.0,0.0,-1300.0,375600.0
2024-09-22,15:01,202407030710,10,中京,志摩ステークス(3勝),3勝クラス,1200,芝,稍重,17,3,ツインクルトーズ,古川吉洋,5.0,22.5,15.2,-32.44,-0.3922,0.08683,10.52,0.09287,0.05263,1.765,1.4117,1.0,3,不的中,0,15.2,0.0,1000.0,0.0,-1000.0,317900.0,1100.0,0.0,-1100.0,374300.0
2024-09-22,15:01,202407030710,10,中京,志摩ステークス(3勝),3勝クラス,1200,芝,稍重,17,1,ヒルノローザンヌ,西村淳也,14.0,101.1,87.1,-13.85,-0.1491,0.01187,10.52,0.01603,0.00918,1.745,1.3961,2.0,15,不的中,0,87.1,0.0,1000.0,0.0,-1000.0,316900.0,200.0,0.0,-200.0,374300.0
2024-09-22,15:35,202407030711,11,中京,第72回神戸新聞杯(GII),G2,2200,芝,稍重,15,3,ゴージョニーゴー,横山和生,11.0,64.6,40.8,-36.84,-0.4595,0.03901,36.25,0.0416,0.01961,2.122,1.6975,1.0,13,不的中,0,40.8,0.0,1000.0,0.0,-1000.0,315900.0,700.0,0.0,-700.0,373000.0
2024-09-22,15:35,202407030711,11,中京,第72回神戸新聞杯(GII),G2,2200,芝,稍重,15,10,ミスタージーティー,北村友一,8.0,19.2,16.5,-14.06,-0.1515,0.06588,36.25,0.07563,0.04848,1.56,1.2479,2.0,10,不的中,0,16.5,0.0,1000.0,0.0,-1000.0,314900.0,600.0,0.0,-600.0,373000.0
2024-09-22,16:30,202406040712,12,中山,3歳以上2勝クラス,2勝クラス,1200,ダート,良,15,12,ルクスメテオール,団野大成,4.0,17.5,15.3,-12.57,-0.1343,0.06999,14.75,0.09287,0.05229,1.776,1.421,1.0,2,不的中,0,14.7,0.0,1000.0,0.0,-1000.0,313900.0,1100.0,0.0,-1100.0,371900.0
2024-09-28,12:15,202407030805,05,中京,2歳新馬,新馬,2000,芝,良,17,17,ロケベンドラ,北村友一,5.0,19.7,11.8,-40.1,-0.5125,0.09996,5.3,0.10219,0.0678,1.507,1.2058,1.0,1,的中,1,11.8,1180.0,1000.0,11800.0,10800.0,324700.0,800.0,9440.0,8640.0,380540.0
2024-09-28,12:30,202406040805,05,中山,2歳新馬,新馬,1600,芝,良,16,2,カリーン,大野拓弥,6.0,21.7,16.4,-24.42,-0.28,0.0636,5.54,0.08918,0.04878,1.828,1.4626,1.0,5,不的中,0,16.2,0.0,1000.0,0.0,-1000.0,323700.0,1200.0,0.0,-1200.0,379340.0
2024-09-28,13:50,202407030808,08,中京,3歳以上2勝クラス,2勝クラス,1600,芝,良,13,8,スズカダブル,西村淳也,6.0,19.6,14.1,-28.06,-0.3294,0.0785,5.65,0.09568,0.05674,1.686,1.3491,1.0,1,的中,1,12.7,1270.0,1000.0,12700.0,11700.0,335400.0,1100.0,13970.0,12870.0,392210.0
2024-09-28,14:25,202407030809,09,中京,ヤマボウシ賞(1勝),1勝クラス,1400,ダート,良,10,3,コスモストーム,秋山稔樹,7.0,33.2,19.8,-40.36,-0.5169,0.06582,8.44,0.09087,0.0404,2.249,1.7992,1.0,7,不的中,0,19.7,0.0,1000.0,0.0,-1000.0,334400.0,1700.0,0.0,-1700.0,390510.0
2024-09-28,15:01,202407030810,10,中京,高山ステークス(3勝),3勝クラス,2000,芝,良,13,2,フェステスバント,藤岡佑介,7.0,37.0,21.5,-41.89,-0.5429,0.05841,8.58,0.0804,0.03721,2.161,1.7287,1.0,6,不的中,0,21.5,0.0,1000.0,0.0,-1000.0,333400.0,1400.0,0.0,-1400.0,389110.0
2024-09-28,16:10,202407030812,12,中京,3歳以上1勝クラス,1勝クラス,1400,ダート,良,11,10,エフエイト,秋山稔樹,2.0,15.2,12.1,-20.39,-0.2281,0.08656,7.17,0.10488,0.06612,1.586,1.2691,1.0,2,不的中,0,10.2,0.0,1000.0,0.0,-1000.0,332400.0,1000.0,0.0,-1000.0,388110.0
2024-09-28,16:30,202406040812,12,中山,3歳以上2勝クラス,2勝クラス,1200,ダート,良,16,16,ムーム,小林勝太,7.0,33.5,18.9,-43.58,-0.5724,0.07768,13.31,0.08918,0.04233,2.107,1.6856,1.0,6,不的中,0,18.9,0.0,1000.0,0.0,-1000.0,331400.0,1500.0,0.0,-1500.0,386610.0
2024-09-29,11:05,202406040903,03,中山,2歳新馬,新馬,1200,芝,良,16,14,タイニービキニ,松山弘平,7.0,22.8,18.3,-19.74,-0.2199,0.05413,5.32,0.07799,0.04372,1.784,1.4272,1.0,3,不的中,0,17.8,0.0,1000.0,0.0,-1000.0,330400.0,1000.0,0.0,-1000.0,385610.0
2024-09-29,12:40,202407030906,06,中京,3歳以上1勝クラス,1勝クラス,1400,ダート,重,16,3,シグルドリーヴァ,吉村誠之,6.0,16.4,10.5,-35.98,-0.4459,0.09444,4.87,0.11654,0.07619,1.53,1.2236,1.0,4,不的中,0,10.5,0.0,1000.0,0.0,-1000.0,329400.0,1000.0,0.0,-1000.0,384610.0
2024-09-29,15:40,202406040911,11,中山,第58回スプリンターズS(GI),G1,1200,芝,良,16,1,オオバンブルマイ,武豊,8.0,19.1,16.9,-11.52,-0.1224,0.0657,96.74,0.08139,0.04734,1.719,1.3756,1.0,11,不的中,0,17.1,0.0,1000.0,0.0,-1000.0,328400.0,1000.0,0.0,-1000.0,383610.0
2024-10-05,10:35,202408050102,02,京都,2歳未勝利,未勝利,1800,ダート,稍重,10,4,ランワールドワン,国分優作,10.0,73.6,60.7,-17.53,-0.1927,0.01422,3.54,0.02468,0.01318,1.873,1.4983,1.0,9,不的中,0,59.3,0.0,1000.0,0.0,-1000.0,327400.0,400.0,0.0,-400.0,383210.0
2024-10-05,12:15,202404040105,05,新潟,2歳新馬,新馬,1400,芝,良,18,12,リアルサファリ,小崎綾也,6.0,19.7,12.2,-38.07,-0.4792,0.10123,3.38,0.10095,0.06557,1.54,1.2316,1.0,6,不的中,0,12.2,0.0,1000.0,0.0,-1000.0,326400.0,800.0,0.0,-800.0,382410.0
2024-10-05,13:25,202408050107,07,京都,3歳以上1勝クラス,1勝クラス,1800,ダート,稍重,10,4,キタノハヤブサ,吉村誠之,7.0,19.3,17.3,-10.36,-0.1094,0.04828,4.23,0.0871,0.04624,1.883,1.5068,1.0,6,不的中,0,17.3,0.0,1000.0,0.0,-1000.0,325400.0,1200.0,0.0,-1200.0,381210.0
2024-10-05,14:05,202405040108,08,東京,3歳以上1勝クラス,1勝クラス,1800,芝,稍重,11,4,ミエノジュピター,松山弘平,5.0,17.6,13.5,-23.3,-0.2652,0.0666,6.26,0.1105,0.05926,1.865,1.4918,1.0,6,不的中,0,13.5,0.0,1000.0,0.0,-1000.0,324400.0,1500.0,0.0,-1500.0,379710.0
2024-10-05,15:25,202404040111,11,新潟,鳥屋野特別(2勝),2勝クラス,1800,ダート,稍重,13,13,スナークレジスト,荻野極,12.0,69.1,53.7,-22.29,-0.2521,0.01715,5.59,0.02981,0.0149,2.001,1.6006,1.0,12,不的中,0,53.7,0.0,1000.0,0.0,-1000.0,323400.0,500.0,0.0,-500.0,379210.0
2024-10-05,16:01,202404040112,12,新潟,3歳以上1勝クラス,1勝クラス,1000,芝,良,18,3,ディージェーサン,小林勝太,14.0,62.2,58.5,-5.95,-0.0613,0.01408,6.69,0.03957,0.01368,2.894,2.3149,1.0,4,不的中,0,58.5,0.0,1000.0,0.0,-1000.0,322400.0,900.0,0.0,-900.0,378310.0
2024-10-05,16:10,202408050112,12,京都,3歳以上2勝クラス,2勝クラス,1800,ダート,稍重,14,13,キョウエイゲイル,高倉稜,5.0,25.2,18.5,-26.59,-0.3091,0.05273,6.82,0.09547,0.04324,2.208,1.7661,1.0,5,不的中,0,18.5,0.0,1000.0,0.0,-1000.0,321400.0,1700.0,0.0,-1700.0,376610.0
2024-10-06,09:50,202404040201,01,新潟,2歳未勝利,未勝利,1200,ダート,稍重,14,10,ナックオリオン,佐藤翔馬,5.0,16.4,14.2,-13.41,-0.144,0.06306,3.2,0.09765,0.05634,1.733,1.3867,1.0,4,不的中,0,14.2,0.0,1000.0,0.0,-1000.0,320400.0,1200.0,0.0,-1200.0,375410.0
2024-10-06,10:01,202408050201,01,京都,2歳未勝利,未勝利,1400,ダート,良,11,3,マテンロウコマンド,横山武史,3.0,30.7,19.2,-37.46,-0.4694,0.06736,7.58,0.07865,0.04167,1.888,1.5101,1.0,4,不的中,0,19.2,0.0,1000.0,0.0,-1000.0,319400.0,1100.0,0.0,-1100.0,374310.0
2024-10-06,10:40,202405040202,02,東京,2歳未勝利,未勝利,2000,芝,良,7,3,ヴォンフレ,松岡正海,3.0,25.5,12.2,-52.16,-0.7372,0.09613,4.72,0.13565,0.06557,2.069,1.6549,1.0,3,不的中,0,11.2,0.0,1000.0,0.0,-1000.0,318400.0,2200.0,0.0,-2200.0,372110.0
2024-10-06,11:10,202405040203,03,東京,2歳新馬,新馬,1600,ダート,重,16,16,フォアファン,原田和真,12.0,150.6,122.7,-18.53,-0.2049,0.00746,4.47,0.01073,0.00652,1.645,1.316,1.0,11,不的中,0,122.7,0.0,1000.0,0.0,-1000.0,317400.0,100.0,0.0,-100.0,372010.0
2024-10-06,12:10,202404040205,05,新潟,2歳新馬,新馬,1200,ダート,良,15,5,アイアンソリッド,西塚洸二,12.0,68.0,59.0,-13.24,-0.142,0.01532,2.99,0.02841,0.01356,2.095,1.6761,1.0,4,不的中,0,57.7,0.0,1000.0,0.0,-1000.0,316400.0,500.0,0.0,-500.0,371510.0
2024-10-06,14:01,202405040208,08,東京,3歳以上2勝クラス,2勝クラス,1400,芝,良,13,7,ハクサンバード,小崎綾也,8.0,47.2,34.4,-27.12,-0.3163,0.02652,6.38,0.03497,0.02326,1.504,1.2029,1.0,3,不的中,0,34.7,0.0,1000.0,0.0,-1000.0,315400.0,300.0,0.0,-300.0,371210.0
2024-10-06,14:50,202404040210,10,新潟,寺泊特別(2勝),2勝クラス,1600,芝,良,8,4,フィールザオーラ,黛弘人,6.0,18.3,15.3,-16.39,-0.179,0.05789,4.0,0.13448,0.05229,2.572,2.0575,1.0,6,不的中,0,11.5,0.0,1000.0,0.0,-1000.0,314400.0,2800.0,0.0,-2800.0,368410.0
2024-10-06,15:10,202405040210,10,東京,グリーンチャンネルC(L),リステッド,1600,ダート,重,16,1,ゼットリアン,大野拓弥,13.0,69.2,61.8,-10.69,-0.1131,0.01386,11.13,0.02468,0.01294,1.907,1.5255,1.0,4,不的中,0,61.7,0.0,1000.0,0.0,-1000.0,313400.0,400.0,0.0,-400.0,367010.0
2024-10-06,15:10,202405040210,10,東京,グリーンチャンネルC(L),リステッド,1600,ダート,重,16,7,レオノーレ,三浦皇成,12.0,84.4,59.3,-29.74,-0.353,0.01643,11.13,0.02563,0.01349,1.9,1.5198,2.0,8,不的中,0,59.3,0.0,1000.0,0.0,-1000.0,312400.0,400.0,0.0,-400.0,367010.0
2024-10-06,15:10,202405040210,10,東京,グリーンチャンネルC(L),リステッド,1600,ダート,重,16,14,テーオーリカード,鮫島克駿,8.0,34.9,18.8,-46.13,-0.6186,0.0572,11.13,0.06797,0.04255,1.597,1.2778,3.0,16,不的中,0,18.8,0.0,1000.0,0.0,-1000.0,311400.0,600.0,0.0,-600.0,367010.0
2024-10-06,15:25,202404040211,11,新潟,トルマリンステークス(3勝),3勝クラス,1800,ダート,良,13,11,ガウラ,泉谷楓真,13.0,75.8,65.1,-14.12,-0.1522,0.01431,6.06,0.02468,0.01229,2.009,1.607,1.0,12,不的中,0,60.8,0.0,1000.0,0.0,-1000.0,310400.0,400.0,0.0,-400.0,366610.0
2024-10-06,16:01,202404040212,12,新潟,3歳以上1勝クラス,1勝クラス,1200,ダート,良,15,15,ランウインディ,柴田裕一,10.0,66.1,39.3,-40.54,-0.5199,0.02442,6.37,0.03493,0.02036,1.716,1.3727,1.0,3,不的中,0,36.8,0.0,1000.0,0.0,-1000.0,309400.0,400.0,0.0,-400.0,366210.0
2024-10-12,10:40,202408050302,02,京都,2歳未勝利,未勝利,1800,ダート,良,11,6,ロングロングロング,角田大和,10.0,116.3,106.1,-8.77,-0.0918,0.00877,4.75,0.01395,0.00754,1.85,1.4804,1.0,8,不的中,0,106.1,0.0,1000.0,0.0,-1000.0,308400.0,200.0,0.0,-200.0,366010.0
2024-10-12,11:10,202408050303,03,京都,2歳未勝利,未勝利,1600,芝,良,16,5,ヨドギミ,藤懸貴志,14.0,104.6,91.0,-13.0,-0.1393,0.00989,5.21,0.01395,0.00879,1.587,1.2697,1.0,12,不的中,0,89.7,0.0,1000.0,0.0,-1000.0,307400.0,200.0,0.0,-200.0,365810.0
2024-10-12,12:45,202404040306,06,新潟,2歳未勝利,未勝利,2000,芝,良,14,3,コスモサンビタリア,斎藤新,10.0,76.7,61.2,-20.21,-0.2258,0.01518,3.8,0.02624,0.01307,2.007,1.6056,1.0,11,不的中,0,61.2,0.0,1000.0,0.0,-1000.0,306400.0,400.0,0.0,-400.0,365210.0
2024-10-12,12:45,202404040306,06,新潟,2歳未勝利,未勝利,2000,芝,良,14,13,ワンハート,小崎綾也,11.0,95.2,68.7,-27.84,-0.3262,0.01427,3.8,0.01749,0.01164,1.502,1.2013,2.0,4,不的中,0,68.7,0.0,1000.0,0.0,-1000.0,305400.0,200.0,0.0,-200.0,365210.0
2024-10-12,13:00,202408050306,06,京都,3歳以上1勝クラス,1勝クラス,1800,ダート,良,13,9,ラッキーマリリン,田口貫太,6.0,22.9,17.9,-21.83,-0.2463,0.05069,5.83,0.08248,0.04469,1.845,1.4764,1.0,3,不的中,0,17.9,0.0,1000.0,0.0,-1000.0,304400.0,1100.0,0.0,-1100.0,363910.0
2024-10-12,13:00,202408050306,06,京都,3歳以上1勝クラス,1勝クラス,1800,ダート,良,13,5,ペイシャコパ,中井裕二,10.0,187.6,101.8,-45.74,-0.6113,0.01024,5.83,0.01395,0.00786,1.775,1.4204,2.0,12,不的中,0,101.8,0.0,1000.0,0.0,-1000.0,303400.0,200.0,0.0,-200.0,363910.0
2024-10-12,14:25,202404040309,09,新潟,朝日岳特別(1勝),1勝クラス,1200,芝,良,18,9,イナフセド,秋山稔樹,6.0,34.1,16.0,-53.08,-0.7567,0.10025,6.04,0.1105,0.05,2.21,1.768,1.0,5,不的中,0,16.0,0.0,1000.0,0.0,-1000.0,302400.0,1900.0,0.0,-1900.0,362010.0
2024-10-12,15:45,202408050311,11,京都,大阪スポーツ杯(OP),オープン,1800,ダート,良,16,11,デリカダ,三浦皇成,5.0,22.2,16.4,-26.13,-0.3028,0.06433,15.96,0.10206,0.04878,2.092,1.6738,1.0,1,的中,1,16.4,1640.0,1000.0,16400.0,15400.0,317800.0,1600.0,26240.0,24640.0,386650.0
2024-10-13,11:35,202408050404,04,京都,2歳新馬,新馬,1200,芝,良,16,9,コルネイユドール,岩田望来,5.0,15.2,13.2,-13.16,-0.1411,0.06843,5.32,0.09765,0.06061,1.611,1.289,1.0,2,不的中,0,13.2,0.0,1000.0,0.0,-1000.0,316800.0,1000.0,0.0,-1000.0,385650.0
2024-10-13,12:25,202408050405,05,京都,2歳新馬,新馬,1800,芝,良,11,9,タイキフェニックス,荻野琢真,10.0,61.9,55.6,-10.18,-0.1073,0.01588,5.11,0.02541,0.01439,1.766,1.4128,1.0,9,不的中,0,55.6,0.0,1000.0,0.0,-1000.0,315800.0,300.0,0.0,-300.0,385350.0
2024-10-13,14:25,202408050409,09,京都,3歳以上1勝クラス,1勝クラス,1200,ダート,良,14,10,タガノヒナタ,小沢大仁,8.0,37.3,22.8,-38.87,-0.4922,0.04576,7.06,0.06797,0.03509,1.937,1.5496,1.0,10,不的中,0,22.8,0.0,1000.0,0.0,-1000.0,314800.0,1000.0,0.0,-1000.0,384050.0
2024-10-13,14:25,202408050409,09,京都,3歳以上1勝クラス,1勝クラス,1200,ダート,良,14,12,ドレシャス,橋木太希,10.0,57.7,47.8,-17.16,-0.1882,0.01887,7.06,0.0266,0.01674,1.589,1.2715,2.0,8,不的中,0,47.8,0.0,1000.0,0.0,-1000.0,313800.0,300.0,0.0,-300.0,384050.0
2024-10-13,14:50,202405040310,10,東京,テレビ静岡賞(3勝),3勝クラス,1400,ダート,良,16,16,コンクイスタ,北村宏司,8.0,20.1,15.2,-24.38,-0.2794,0.0739,8.91,0.10206,0.05263,1.939,1.5514,1.0,3,不的中,0,15.1,0.0,1000.0,0.0,-1000.0,312800.0,1500.0,0.0,-1500.0,382550.0
2024-10-13,15:01,202408050410,10,京都,アカイトリノムスメC(3勝),3勝クラス,1800,ダート,良,13,13,ダンテバローズ,岩田望来,6.0,15.8,11.7,-25.95,-0.3004,0.08952,10.38,0.12697,0.06838,1.857,1.4855,1.0,1,的中,1,11.7,1170.0,1000.0,11700.0,10700.0,323500.0,1800.0,21060.0,19260.0,401810.0
2024-10-13,15:30,202405040311,11,東京,オクトーバーS(L),リステッド,2000,芝,良,16,12,シーズンリッチ,菅原明良,12.0,59.4,50.6,-14.81,-0.1603,0.0219,11.71,0.02744,0.01581,1.735,1.3883,1.0,10,不的中,0,49.1,0.0,1000.0,0.0,-1000.0,322500.0,400.0,0.0,-400.0,401210.0
2024-10-13,15:30,202405040311,11,東京,オクトーバーS(L),リステッド,2000,芝,良,16,13,ノースザワールド,田辺裕信,11.0,50.6,47.6,-5.93,-0.0611,0.01934,11.71,0.02576,0.01681,1.533,1.2263,2.0,14,不的中,0,47.7,0.0,1000.0,0.0,-1000.0,321500.0,200.0,0.0,-200.0,401210.0
2024-10-13,15:40,202408050411,11,京都,第29回秋華賞(GI),G1,2000,芝,良,15,4,タガノエルピーダ,団野大成,7.0,21.7,18.4,-15.21,-0.165,0.06648,86.75,0.09765,0.04348,2.246,1.7968,1.0,7,不的中,0,18.1,0.0,1000.0,0.0,-1000.0,320500.0,1900.0,0.0,-1900.0,399310.0
2024-10-14,10:20,202404040402,02,新潟,2歳未勝利,未勝利,1400,芝,良,18,5,ハイタッチマドンナ,大江原比,8.0,26.0,22.5,-13.46,-0.1446,0.03929,4.51,0.0557,0.03556,1.567,1.2533,1.0,4,不的中,0,23.7,0.0,1000.0,0.0,-1000.0,319500.0,500.0,0.0,-500.0,398810.0
2024-10-14,10:50,202404040403,03,新潟,2歳未勝利,未勝利,1200,芝,良,15,3,スネーフリンガ,国分恭介,7.0,25.4,16.3,-35.83,-0.4436,0.06374,4.36,0.0917,0.04908,1.868,1.4947,1.0,5,不的中,0,15.2,0.0,1000.0,0.0,-1000.0,318500.0,1300.0,0.0,-1300.0,397510.0
2024-10-14,11:05,202405040403,03,東京,2歳未勝利,未勝利,1600,ダート,良,12,8,テンペストーソ,Ｍ．デム,8.0,81.3,66.9,-17.71,-0.1949,0.01504,6.41,0.02541,0.01196,2.125,1.7,1.0,2,不的中,0,59.8,0.0,1000.0,0.0,-1000.0,317500.0,500.0,0.0,-500.0,396810.0
2024-10-14,11:05,202405040403,03,東京,2歳未勝利,未勝利,1600,ダート,良,12,2,アレスグート,木幡巧也,9.0,125.6,87.0,-30.73,-0.3672,0.01353,6.41,0.01571,0.0092,1.709,1.3671,2.0,3,不的中,0,87.3,0.0,1000.0,0.0,-1000.0,316500.0,200.0,0.0,-200.0,396810.0
2024-10-14,12:25,202405040405,05,東京,2歳新馬,新馬,1800,芝,良,11,9,レペンテ,柴田大知,4.0,23.0,14.2,-38.26,-0.4823,0.07897,7.47,0.12021,0.05634,2.134,1.707,1.0,5,不的中,0,14.2,0.0,1000.0,0.0,-1000.0,315500.0,2200.0,0.0,-2200.0,394610.0
2024-10-14,14:00,202405040408,08,東京,3歳以上1勝クラス,1勝クラス,1600,芝,良,17,15,エガオニナッテ,小沢大仁,10.0,122.5,99.6,-18.69,-0.2069,0.01007,7.5,0.01303,0.00803,1.622,1.2978,1.0,4,不的中,0,99.8,0.0,1000.0,0.0,-1000.0,314500.0,200.0,0.0,-200.0,394410.0
2024-10-14,14:25,202404040409,09,新潟,稲光特別(1勝),1勝クラス,1000,芝,良,17,10,ラブリプリンチャン,西塚洸二,16.0,140.4,115.4,-17.81,-0.1961,0.0089,6.0,0.01191,0.00693,1.718,1.3744,1.0,2,不的中,0,116.2,0.0,1000.0,0.0,-1000.0,313500.0,200.0,0.0,-200.0,394210.0
2024-10-14,15:01,202404040410,10,新潟,菅名岳特別(2勝),2勝クラス,1800,ダート,良,10,4,プレイサーゴールド,田口貫太,4.0,15.0,12.2,-18.67,-0.2066,0.08693,6.23,0.12121,0.06557,1.848,1.4788,1.0,3,不的中,0,9.6,0.0,1000.0,0.0,-1000.0,312500.0,1700.0,0.0,-1700.0,392510.0
2024-10-14,15:10,202405040410,10,東京,白秋ステークス(3勝),3勝クラス,1400,芝,良,14,14,ユリーシャ,北村友一,11.0,64.3,55.8,-13.22,-0.1418,0.01637,10.44,0.02541,0.01434,1.772,1.4179,1.0,14,不的中,0,55.9,0.0,1000.0,0.0,-1000.0,311500.0,300.0,0.0,-300.0,392210.0
2024-10-14,15:45,202405040411,11,東京,第72回アイルランド府中牝馬(GII),G2,1800,芝,良,15,13,モズゴールドバレル,シュタル,14.0,158.3,107.7,-31.96,-0.3851,0.01307,36.71,0.01395,0.00743,1.878,1.5027,1.0,14,不的中,0,107.7,0.0,1000.0,0.0,-1000.0,310500.0,200.0,0.0,-200.0,392010.0
2024-10-19,10:15,202405040501,01,東京,2歳未勝利,未勝利,1400,ダート,良,15,8,フォースミラクル,鮫島克駿,6.0,21.4,16.4,-23.36,-0.2661,0.06438,5.43,0.08598,0.04878,1.763,1.4101,1.0,3,不的中,0,16.4,0.0,1000.0,0.0,-1000.0,309500.0,1100.0,0.0,-1100.0,390710.0
2024-10-19,10:15,202405040501,01,東京,2歳未勝利,未勝利,1400,ダート,良,15,13,ショウナンカチドキ,柴田善臣,10.0,78.2,62.1,-20.59,-0.2305,0.01648,5.43,0.01973,0.01288,1.531,1.225,2.0,4,不的中,0,62.1,0.0,1000.0,0.0,-1000.0,308500.0,200.0,0.0,-200.0,390710.0
2024-10-19,12:15,202404040505,05,新潟,2歳未勝利,未勝利,1000,芝,良,14,12,エーデルムート,石神深道,5.0,14.5,13.2,-8.97,-0.0939,0.06425,3.42,0.12485,0.06061,2.06,1.6481,1.0,11,不的中,0,12.0,0.0,1000.0,0.0,-1000.0,307500.0,2100.0,0.0,-2100.0,388610.0
2024-10-19,13:40,202405040507,07,東京,3歳以上1勝クラス,1勝クラス,1600,ダート,良,13,5,プチボヌール,北村宏司,10.0,155.4,133.4,-14.16,-0.1527,0.00716,5.64,0.01172,0.006,1.955,1.5638,1.0,8,不的中,0,127.8,0.0,1000.0,0.0,-1000.0,306500.0,200.0,0.0,-200.0,388410.0
2024-10-19,13:55,202408050508,08,京都,3歳以上1勝クラス,1勝クラス,1400,ダート,稍重,15,11,アシャカブラン,幸英明,8.0,28.2,22.6,-19.86,-0.2214,0.03868,4.55,0.08168,0.0354,2.308,1.846,1.0,4,不的中,0,22.6,0.0,1000.0,0.0,-1000.0,305500.0,1600.0,0.0,-1600.0,386810.0
2024-10-19,15:01,202408050510,10,京都,宝ケ池特別(2勝),2勝クラス,1600,芝,稍重,9,8,ベレザニーニャ,藤懸貴志,5.0,20.4,15.4,-24.51,-0.2812,0.06231,5.0,0.08458,0.05195,1.628,1.3026,1.0,5,不的中,0,15.4,0.0,1000.0,0.0,-1000.0,304500.0,900.0,0.0,-900.0,385910.0
2024-10-19,15:10,202405040510,10,東京,神無月ステークス(3勝),3勝クラス,2100,ダート,良,15,11,ペイシャモノノフ,池添謙一,7.0,49.9,19.6,-60.72,-0.9345,0.0611,7.66,0.07323,0.04082,1.794,1.4354,1.0,10,不的中,0,19.6,0.0,1000.0,0.0,-1000.0,303500.0,1000.0,0.0,-1000.0,384910.0
2024-10-19,15:45,202405040511,11,東京,第27回富士ステークス(GII),G2,1600,芝,良,17,17,バルサムノート,松岡正海,14.0,155.2,144.2,-7.09,-0.0735,0.0062,29.25,0.00889,0.00555,1.602,1.2817,1.0,5,不的中,0,144.2,0.0,1000.0,0.0,-1000.0,302500.0,100.0,0.0,-100.0,384610.0
2024-10-19,15:45,202405040511,11,東京,第27回富士ステークス(GII),G2,1600,芝,良,17,1,バスラットレオン,吉田豊,12.0,63.3,57.4,-9.32,-0.0978,0.01617,29.25,0.02208,0.01394,1.584,1.2674,2.0,17,不的中,0,57.4,0.0,1000.0,0.0,-1000.0,301500.0,200.0,0.0,-200.0,384610.0
2024-10-19,16:01,202404040512,12,新潟,3歳以上1勝クラス,1勝クラス,1200,ダート,稍重,12,6,アイスリンディ,亀田温心,8.0,28.2,26.8,-4.96,-0.0509,0.03039,5.22,0.04725,0.02985,1.583,1.2662,1.0,4,不的中,0,21.9,0.0,1000.0,0.0,-1000.0,300500.0,400.0,0.0,-400.0,384210.0
2024-10-20,13:05,202404040607,07,新潟,3歳以上1勝クラス,1勝クラス,2000,芝,良,15,5,テリオスルル,古川吉洋,6.0,22.2,18.3,-17.57,-0.1932,0.04784,4.08,0.09046,0.04372,2.069,1.6555,1.0,12,不的中,0,17.2,0.0,1000.0,0.0,-1000.0,299500.0,1500.0,0.0,-1500.0,382710.0
2024-10-20,13:45,202405040608,08,東京,3歳以上1勝クラス,1勝クラス,1600,ダート,良,12,2,セブンマイスター,北村宏司,4.0,14.9,12.6,-15.44,-0.1677,0.06914,5.2,0.10095,0.06349,1.59,1.272,1.0,3,不的中,0,8.8,0.0,1000.0,0.0,-1000.0,298500.0,900.0,0.0,-900.0,381810.0
2024-10-20,14:05,202404040609,09,新潟,十日町特別(1勝),1勝クラス,1400,芝,良,18,18,マサノカナリア,西塚洸二,6.0,35.6,13.0,-63.48,-1.0074,0.08438,5.48,0.10206,0.06154,1.659,1.3268,1.0,18,不的中,0,13.0,0.0,1000.0,0.0,-1000.0,297500.0,1100.0,0.0,-1100.0,380710.0
2024-10-20,15:20,202404040611,11,新潟,新潟牝馬ステークス(L),リステッド,2200,芝,良,13,8,エープラス,石橋脩,7.0,21.9,16.4,-25.11,-0.2892,0.06893,8.3,0.10369,0.04878,2.126,1.7006,1.0,8,不的中,0,16.4,0.0,1000.0,0.0,-1000.0,296500.0,1800.0,0.0,-1800.0,377710.0
2024-10-20,15:20,202404040611,11,新潟,新潟牝馬ステークス(L),リステッド,2200,芝,良,13,1,エリカヴィータ,丸山元気,6.0,14.1,12.1,-14.18,-0.153,0.0815,8.3,0.11079,0.06612,1.676,1.3406,2.0,6,不的中,0,12.1,0.0,1000.0,0.0,-1000.0,295500.0,1200.0,0.0,-1200.0,377710.0
2024-10-20,15:30,202405040611,11,東京,ブラジルカップ(L),リステッド,2100,ダート,良,13,12,グロリアムンディ,北村宏司,8.0,28.0,18.1,-35.36,-0.4363,0.06089,9.67,0.10369,0.0442,2.346,1.8768,1.0,1,的中,1,18.1,1810.0,1000.0,18100.0,17100.0,312600.0,2000.0,36200.0,34200.0,411910.0
2024-10-20,15:40,202408050611,11,京都,第85回菊花賞(GI),G1,3000,芝,良,18,12,シュバルツクーゲル,松山弘平,14.0,122.9,99.1,-19.37,-0.2152,0.01446,111.55,0.01395,0.00807,1.728,1.3827,1.0,7,不的中,0,99.1,0.0,1000.0,0.0,-1000.0,311600.0,200.0,0.0,-200.0,411710.0
2024-10-26,10:15,202405040701,01,東京,2歳未勝利,未勝利,1600,ダート,良,12,4,ペンテリコン,津村明秀,6.0,35.6,16.7,-53.09,-0.7569,0.08352,5.22,0.08167,0.0479,1.705,1.3639,1.0,6,不的中,0,16.7,0.0,1000.0,0.0,-1000.0,310600.0,1000.0,0.0,-1000.0,410710.0
2024-10-26,10:25,202404040702,02,新潟,2歳未勝利,未勝利,1800,ダート,良,12,3,アライアンスデイ,菊沢一樹,7.0,28.5,19.0,-33.33,-0.4055,0.04641,3.34,0.06987,0.04211,1.659,1.3275,1.0,7,不的中,0,19.0,0.0,1000.0,0.0,-1000.0,309600.0,800.0,0.0,-800.0,409910.0
2024-10-26,11:15,202405040703,03,東京,2歳未勝利,未勝利,1600,ダート,良,16,14,ニシノケンタマン,内田博幸,8.0,61.2,58.2,-4.9,-0.0503,0.01429,5.55,0.02249,0.01375,1.636,1.309,1.0,6,不的中,0,58.7,0.0,1000.0,0.0,-1000.0,308600.0,300.0,0.0,-300.0,409610.0
2024-10-26,12:15,202404040705,05,新潟,2歳新馬,新馬,1200,ダート,良,15,4,スパルタンキング,武藤雅,8.0,18.6,15.3,-17.74,-0.1953,0.06252,3.22,0.08167,0.05229,1.562,1.2495,1.0,3,不的中,0,15.3,0.0,1000.0,0.0,-1000.0,307600.0,800.0,0.0,-800.0,408810.0
2024-10-26,12:55,202408050706,06,京都,3歳以上1勝クラス,1勝クラス,1800,ダート,良,8,2,ケイアイアルタイル,藤懸貴志,4.0,14.9,14.1,-5.37,-0.0552,0.05666,4.41,0.14103,0.05674,2.486,1.9886,1.0,7,不的中,0,14.1,0.0,1000.0,0.0,-1000.0,306600.0,3100.0,0.0,-3100.0,405710.0
2024-10-26,14:50,202404040710,10,新潟,直江津特別(2勝),2勝クラス,1800,ダート,良,14,4,サイモンソーラン,Ｍ．デム,7.0,19.3,15.1,-21.76,-0.2454,0.06608,4.29,0.10536,0.05298,1.989,1.591,1.0,12,不的中,0,12.5,0.0,1000.0,0.0,-1000.0,305600.0,1800.0,0.0,-1800.0,403910.0
2024-10-26,15:01,202408050710,10,京都,ハロウィンステークス(3勝),3勝クラス,1900,ダート,良,9,8,キュールエフウジン,藤岡佑介,5.0,14.9,11.0,-26.17,-0.3035,0.08583,5.73,0.14103,0.07273,1.939,1.5514,1.0,2,不的中,0,10.9,0.0,1000.0,0.0,-1000.0,304600.0,2300.0,0.0,-2300.0,400310.0
2024-10-26,15:01,202408050710,10,京都,ハロウィンステークス(3勝),3勝クラス,1900,ダート,良,9,1,マリアナトレンチ,鮫島克駿,6.0,17.7,13.5,-23.73,-0.2709,0.06891,5.73,0.10349,0.05926,1.746,1.3971,2.0,4,不的中,0,13.5,0.0,1000.0,0.0,-1000.0,303600.0,1300.0,0.0,-1300.0,400310.0
2024-10-26,15:25,202404040711,11,新潟,魚沼ステークス(3勝),3勝クラス,2000,芝,良,10,1,インスタキング,佐々木大,5.0,18.8,14.2,-24.47,-0.2806,0.07079,6.55,0.10908,0.05634,1.936,1.5489,1.0,6,不的中,0,14.2,0.0,1000.0,0.0,-1000.0,302600.0,1700.0,0.0,-1700.0,398610.0
2024-10-26,15:35,202408050711,11,京都,第67回MBS賞スワンS(GII),G2,1400,芝,良,17,17,ダノンマッキンリー,松山弘平,5.0,14.0,11.3,-19.29,-0.2143,0.09547,21.76,0.13058,0.0708,1.844,1.4756,1.0,1,的中,1,10.9,1090.0,1000.0,10900.0,9900.0,312500.0,1900.0,20710.0,18810.0,417420.0
2024-10-27,09:50,202404040801,01,新潟,2歳未勝利,未勝利,1800,芝,良,18,17,メイショウゴールド,小沢大仁,9.0,50.2,38.8,-22.71,-0.2576,0.02721,3.46,0.03659,0.02062,1.774,1.4196,1.0,12,不的中,0,33.0,0.0,1000.0,0.0,-1000.0,311500.0,500.0,0.0,-500.0,416920.0
2024-10-27,11:00,202405040803,03,東京,2歳未勝利,未勝利,1400,芝,良,11,7,ガジュノリホワイト,佐々木大,5.0,27.3,17.7,-35.16,-0.4333,0.05598,5.87,0.08412,0.0452,1.861,1.4889,1.0,3,不的中,0,17.7,0.0,1000.0,0.0,-1000.0,310500.0,1300.0,0.0,-1300.0,415620.0
2024-10-27,12:20,202405040805,05,東京,2歳新馬,新馬,2000,芝,良,15,15,マテンロウムーブ,横山典弘,5.0,19.9,14.6,-26.63,-0.3097,0.06625,7.05,0.08965,0.05479,1.636,1.309,1.0,3,不的中,0,14.6,0.0,1000.0,0.0,-1000.0,309500.0,1000.0,0.0,-1000.0,414620.0
2024-10-27,12:40,202408050806,06,京都,3歳以上1勝クラス,1勝クラス,1400,ダート,良,15,6,アナスタシス,高杉吏麒,5.0,22.5,10.2,-54.67,-0.7911,0.10199,4.57,0.14479,0.07843,1.846,1.4769,1.0,1,的中,1,10.2,1020.0,1000.0,10200.0,9200.0,318700.0,2200.0,22440.0,20240.0,434660.0
2024-10-27,12:40,202408050806,06,京都,3歳以上1勝クラス,1勝クラス,1400,ダート,良,15,7,ドナアフロディテ,田口貫太,11.0,71.8,66.7,-7.1,-0.0737,0.01237,4.57,0.01922,0.01199,1.602,1.2817,2.0,5,不的中,0,66.7,0.0,1000.0,0.0,-1000.0,317700.0,200.0,0.0,-200.0,434660.0
2024-10-27,12:50,202405040806,06,東京,3歳以上1勝クラス,1勝クラス,1400,芝,良,18,7,テンプーシャオン,松山弘平,13.0,80.6,61.9,-23.2,-0.264,0.01475,7.06,0.02645,0.01292,2.047,1.6375,1.0,16,不的中,0,61.9,0.0,1000.0,0.0,-1000.0,316700.0,500.0,0.0,-500.0,434160.0
2024-10-27,13:40,202408050808,08,京都,3歳以上1勝クラス,1勝クラス,1200,ダート,良,15,10,シリウス,高杉吏麒,7.0,18.6,14.3,-23.12,-0.2629,0.06251,5.45,0.09592,0.05594,1.715,1.3717,1.0,7,不的中,0,11.8,0.0,1000.0,0.0,-1000.0,315700.0,1300.0,0.0,-1300.0,432860.0
2024-10-27,14:25,202405040809,09,東京,国立特別(2勝),2勝クラス,1600,芝,良,9,9,コスモスプモーニ,木幡巧也,7.0,65.2,52.5,-19.48,-0.2166,0.01747,8.98,0.02516,0.01524,1.651,1.3208,1.0,9,不的中,0,43.7,0.0,1000.0,0.0,-1000.0,314700.0,300.0,0.0,-300.0,432560.0
2024-10-27,15:20,202404040811,11,新潟,ルミエールオータムD(L),リステッド,1000,芝,良,17,5,ミルトクレイモー,小沢大仁,7.0,20.2,16.3,-19.31,-0.2145,0.06546,9.84,0.10369,0.04908,2.113,1.6902,1.0,7,不的中,0,16.3,0.0,1000.0,0.0,-1000.0,313700.0,2000.0,0.0,-2000.0,430060.0
2024-10-27,15:20,202404040811,11,新潟,ルミエールオータムD(L),リステッド,1000,芝,良,17,15,ラウラーナ,小林脩斗,10.0,49.7,46.0,-7.44,-0.0774,0.01966,9.84,0.02743,0.01739,1.577,1.2616,2.0,15,不的中,0,46.0,0.0,1000.0,0.0,-1000.0,312700.0,300.0,0.0,-300.0,430060.0
2024-10-27,15:20,202404040811,11,新潟,ルミエールオータムD(L),リステッド,1000,芝,良,17,9,リバーラ,菊沢一樹,15.0,109.1,93.5,-14.3,-0.1543,0.01068,9.84,0.01306,0.00856,1.526,1.2209,3.0,10,不的中,0,93.5,0.0,1000.0,0.0,-1000.0,311700.0,200.0,0.0,-200.0,430060.0
2024-10-27,15:30,202408050811,11,京都,カシオペアステークス(L),リステッド,1800,芝,良,18,14,ラケマーダ,高杉吏麒,13.0,90.9,76.2,-16.17,-0.1764,0.01266,10.15,0.01725,0.0105,1.644,1.3148,1.0,8,不的中,0,63.5,0.0,1000.0,0.0,-1000.0,310700.0,200.0,0.0,-200.0,429860.0
2024-10-27,15:40,202405040811,11,東京,第170回天皇賞(秋)(GI),G1,2000,芝,良,15,1,ベラジオオペラ,横山和生,4.0,16.6,13.3,-19.88,-0.2216,0.11123,162.72,0.14103,0.06015,2.345,1.8757,1.0,6,不的中,0,13.3,0.0,1000.0,0.0,-1000.0,309700.0,3100.0,0.0,-3100.0,426360.0
2024-10-27,15:40,202405040811,11,東京,第170回天皇賞(秋)(GI),G1,2000,芝,良,15,9,ホウオウビスケッツ,岩田望来,8.0,63.9,48.1,-24.73,-0.284,0.03437,162.72,0.02841,0.01663,1.708,1.3665,2.0,3,不的中,0,48.1,0.0,1000.0,0.0,-1000.0,308700.0,400.0,0.0,-400.0,426360.0
2024-10-27,16:25,202405040812,12,東京,ペルセウスステークス(OP),オープン,1400,ダート,良,16,14,タガノクリステル,横山武史,13.0,125.4,70.1,-44.1,-0.5816,0.01821,22.17,0.02639,0.01141,2.313,1.8502,1.0,6,不的中,0,63.1,0.0,1000.0,0.0,-1000.0,307700.0,600.0,0.0,-600.0,424060.0
2024-10-27,16:25,202405040812,12,東京,ペルセウスステークス(OP),オープン,1400,ダート,良,16,1,ベルダーイメル,柴田善臣,12.0,72.8,59.3,-18.54,-0.2051,0.01671,22.17,0.02576,0.01349,1.91,1.5277,2.0,8,不的中,0,55.2,0.0,1000.0,0.0,-1000.0,306700.0,400.0,0.0,-400.0,424060.0
2024-10-27,16:25,202405040812,12,東京,ペルセウスステークス(OP),オープン,1400,ダート,良,16,15,フルム,水口優也,6.0,19.5,15.6,-20.0,-0.2231,0.06457,22.17,0.09185,0.05128,1.791,1.4329,3.0,3,不的中,0,13.6,0.0,1000.0,0.0,-1000.0,305700.0,1300.0,0.0,-1300.0,424060.0
2024-11-02,10:05,202408060101,01,京都,2歳未勝利,未勝利,1800,ダート,不良,7,2,ナリタボニー,鷲頭虎太,5.0,62.4,47.0,-24.68,-0.2834,0.02054,3.88,0.02639,0.01702,1.551,1.2405,1.0,7,不的中,0,46.2,0.0,1000.0,0.0,-1000.0,304700.0,300.0,0.0,-300.0,423760.0
2024-11-02,10:15,202403030102,02,福島,2歳未勝利,未勝利,1200,芝,稍重,16,7,プリヤンカー,横山琉人,9.0,46.5,25.3,-45.59,-0.6086,0.03814,3.22,0.0476,0.03162,1.505,1.2043,1.0,5,不的中,0,25.3,0.0,1000.0,0.0,-1000.0,303700.0,400.0,0.0,-400.0,423360.0
2024-11-02,12:05,202403030105,05,福島,2歳新馬,新馬,1200,芝,稍重,16,5,マロンカラノテガミ,河原田菜,5.0,16.9,13.7,-18.93,-0.2099,0.07142,2.9,0.09238,0.05839,1.582,1.2656,1.0,6,不的中,0,13.7,0.0,1000.0,0.0,-1000.0,302700.0,900.0,0.0,-900.0,422460.0
2024-11-02,14:31,202405050109,09,東京,神奈川新聞杯(2勝),2勝クラス,2100,ダート,重,16,7,シゲルカミカゼ,大野拓弥,5.0,19.4,11.7,-39.69,-0.5057,0.09936,6.77,0.12113,0.06838,1.772,1.4173,1.0,9,不的中,0,11.7,0.0,1000.0,0.0,-1000.0,301700.0,1700.0,0.0,-1700.0,420760.0
2024-11-02,16:01,202403030112,12,福島,3歳以上1勝クラス,1勝クラス,1200,芝,重,16,1,ルンナノオクリモノ,古川吉洋,11.0,72.0,56.9,-20.97,-0.2354,0.01606,5.77,0.03277,0.01406,2.331,1.8648,1.0,10,不的中,0,33.7,0.0,1000.0,0.0,-1000.0,300700.0,700.0,0.0,-700.0,420060.0
2024-11-03,09:50,202403030201,01,福島,2歳未勝利,未勝利,1150,ダート,不良,16,4,レーヴレジェンド,菊沢一樹,7.0,22.8,11.7,-48.68,-0.6672,0.09847,3.43,0.10887,0.06838,1.592,1.2738,1.0,3,不的中,0,11.7,0.0,1000.0,0.0,-1000.0,299700.0,1100.0,0.0,-1100.0,418960.0
2024-11-03,11:00,202405050203,03,東京,2歳未勝利,未勝利,2000,芝,良,9,9,ガンバルマン,原優介,4.0,13.7,12.9,-5.84,-0.0602,0.06249,4.6,0.10206,0.06202,1.646,1.3166,1.0,2,不的中,0,12.9,0.0,1000.0,0.0,-1000.0,298700.0,1200.0,0.0,-1200.0,417760.0
2024-11-03,13:05,202408060206,06,京都,3歳以上1勝クラス,1勝クラス,1800,ダート,重,9,2,オーロヴェール,浜中俊,4.0,12.0,10.8,-10.0,-0.1054,0.08114,4.67,0.14103,0.07407,1.904,1.5231,1.0,8,不的中,0,10.9,0.0,1000.0,0.0,-1000.0,297700.0,2300.0,0.0,-2300.0,415460.0
2024-11-03,13:15,202403030207,07,福島,3歳以上1勝クラス,1勝クラス,2600,芝,稍重,14,8,ルージュクライト,今村聖奈,10.0,26.4,24.3,-7.95,-0.0829,0.03394,4.06,0.07715,0.03292,2.344,1.8748,1.0,1,的中,1,23.9,2390.0,1000.0,23900.0,22900.0,320600.0,1600.0,38240.0,36640.0,449300.0
2024-11-03,13:15,202403030207,07,福島,3歳以上1勝クラス,1勝クラス,2600,芝,稍重,14,5,トレポンティ,高杉吏麒,7.0,16.3,11.3,-30.67,-0.3664,0.08103,4.06,0.13742,0.0708,1.941,1.5528,2.0,4,不的中,0,10.8,0.0,1000.0,0.0,-1000.0,319600.0,2300.0,0.0,-2300.0,449300.0
2024-11-03,13:15,202403030207,07,福島,3歳以上1勝クラス,1勝クラス,2600,芝,稍重,14,9,ヘルツアス,国分恭介,13.0,70.6,46.4,-34.28,-0.4197,0.02004,4.06,0.03171,0.01724,1.839,1.4712,3.0,10,不的中,0,44.8,0.0,1000.0,0.0,-1000.0,318600.0,500.0,0.0,-500.0,449300.0
2024-11-03,13:35,202408060207,07,京都,3歳以上2勝クラス,2勝クラス,1200,ダート,重,12,6,メイショウオトギ,吉村誠之,8.0,70.3,60.4,-14.08,-0.1518,0.01391,4.97,0.02189,0.01325,1.653,1.3223,1.0,3,不的中,0,60.4,0.0,1000.0,0.0,-1000.0,317600.0,300.0,0.0,-300.0,449000.0
2024-11-03,15:25,202403030211,11,福島,みちのくステークス(OP),オープン,1200,芝,稍重,16,1,メイクアスナッチ,横山琉人,13.0,74.5,65.4,-12.21,-0.1303,0.01433,8.53,0.02015,0.01223,1.647,1.3176,1.0,10,不的中,0,64.6,0.0,1000.0,0.0,-1000.0,316600.0,300.0,0.0,-300.0,448700.0
2024-11-03,16:01,202403030212,12,福島,3歳以上1勝クラス,1勝クラス,1150,ダート,重,11,7,スターチスブーケ,河原田菜,5.0,19.6,16.2,-17.35,-0.1905,0.05309,5.96,0.09547,0.04938,1.933,1.5466,1.0,9,不的中,0,17.0,0.0,1000.0,0.0,-1000.0,315600.0,1700.0,0.0,-1700.0,446500.0
2024-11-03,16:01,202403030212,12,福島,3歳以上1勝クラス,1勝クラス,1150,ダート,重,11,5,ジェイエルバルカー,小林凌大,10.0,73.2,36.3,-50.41,-0.7014,0.02949,5.96,0.03756,0.02204,1.704,1.3635,2.0,8,不的中,0,28.1,0.0,1000.0,0.0,-1000.0,314600.0,500.0,0.0,-500.0,446500.0
2024-11-09,09:55,202405050301,01,東京,2歳未勝利,未勝利,1600,ダート,良,16,2,ラブリーウィザード,西村淳也,4.0,24.3,12.0,-50.62,-0.7056,0.09918,3.35,0.11891,0.06667,1.784,1.4269,1.0,9,不的中,0,12.0,0.0,1000.0,0.0,-1000.0,313600.0,1800.0,0.0,-1800.0,443800.0
2024-11-09,09:55,202405050301,01,東京,2歳未勝利,未勝利,1600,ダート,良,16,5,ポリアンセモス,岩田康誠,6.0,24.5,18.1,-26.12,-0.3028,0.05482,3.35,0.07224,0.0442,1.634,1.3075,2.0,3,不的中,0,18.1,0.0,1000.0,0.0,-1000.0,312600.0,900.0,0.0,-900.0,443800.0
2024-11-09,10:05,202408060301,01,京都,2歳未勝利,未勝利,1200,ダート,良,13,11,シャンパンゴールド,今村聖奈,6.0,26.4,16.7,-36.74,-0.458,0.05927,4.67,0.08703,0.0479,1.817,1.4533,1.0,10,不的中,0,16.7,0.0,1000.0,0.0,-1000.0,311600.0,1300.0,0.0,-1300.0,442500.0
2024-11-09,10:35,202408060302,02,京都,2歳未勝利,未勝利,1800,ダート,良,14,6,エンジョイドライブ,古川吉洋,7.0,40.3,22.9,-43.18,-0.5652,0.04452,3.81,0.0574,0.03493,1.643,1.3144,1.0,3,不的中,0,22.9,0.0,1000.0,0.0,-1000.0,310600.0,700.0,0.0,-700.0,441800.0
2024-11-09,10:45,202403030303,03,福島,2歳未勝利,未勝利,1200,芝,良,16,10,ヒルノガリシア,亀田温心,8.0,48.3,23.9,-50.52,-0.7036,0.04106,2.66,0.0507,0.03347,1.515,1.2117,1.0,8,不的中,0,22.7,0.0,1000.0,0.0,-1000.0,309600.0,500.0,0.0,-500.0,441300.0
2024-11-09,11:05,202408060303,03,京都,2歳未勝利,未勝利,2000,芝,良,11,5,ロードステイタス,国分優作,7.0,52.6,45.4,-13.69,-0.1472,0.01885,4.53,0.03111,0.01762,1.765,1.4123,1.0,3,不的中,0,45.4,0.0,1000.0,0.0,-1000.0,308600.0,500.0,0.0,-500.0,440800.0
2024-11-09,11:15,202403030304,04,福島,3歳以上1勝クラス,1勝クラス,2400,ダート,良,11,5,エアロソニック,菊沢一樹,6.0,11.1,10.4,-6.31,-0.0651,0.0797,2.43,0.12224,0.07692,1.589,1.2713,1.0,4,不的中,0,10.5,0.0,1000.0,0.0,-1000.0,307600.0,1300.0,0.0,-1300.0,439500.0
2024-11-09,12:35,202403030306,06,福島,3歳以上1勝クラス,1勝クラス,1200,芝,良,16,8,イスラアズール,石神深道,13.0,87.5,73.4,-16.11,-0.1757,0.01177,3.1,0.02618,0.0109,2.402,1.9217,1.0,15,不的中,0,73.3,0.0,1000.0,0.0,-1000.0,306600.0,600.0,0.0,-600.0,437200.0
2024-11-09,12:35,202403030306,06,福島,3歳以上1勝クラス,1勝クラス,1200,芝,良,16,6,ミエノブラボー,石田拓郎,7.0,12.6,10.4,-17.46,-0.1919,0.08361,3.1,0.13058,0.07692,1.698,1.358,2.0,8,不的中,0,10.4,0.0,1000.0,0.0,-1000.0,305600.0,1700.0,0.0,-1700.0,437200.0
2024-11-09,14:25,202405050309,09,東京,オキザリス賞(1勝),1勝クラス,1400,ダート,良,16,14,プロミストジーン,マーカン,5.0,14.4,12.6,-12.5,-0.1335,0.07594,7.92,0.10206,0.06349,1.608,1.286,1.0,1,的中,1,12.6,1260.0,1000.0,12600.0,11600.0,317200.0,1100.0,13860.0,12760.0,449960.0
2024-11-09,14:35,202408060309,09,京都,修学院ステークス(3勝),3勝クラス,2000,芝,良,14,3,バールデュヴァン,田口貫太,4.0,17.3,11.6,-32.95,-0.3997,0.08508,7.18,0.12113,0.06897,1.756,1.4051,1.0,11,不的中,0,9.3,0.0,1000.0,0.0,-1000.0,316200.0,1800.0,0.0,-1800.0,448160.0
2024-11-09,15:01,202405050310,10,東京,奥多摩ステークス(3勝),3勝クラス,1400,芝,良,14,6,ベガリス,藤懸貴志,8.0,48.8,32.7,-32.99,-0.4004,0.03869,9.28,0.04055,0.02446,1.657,1.3258,1.0,3,不的中,0,32.4,0.0,1000.0,0.0,-1000.0,315200.0,500.0,0.0,-500.0,447260.0
2024-11-09,15:01,202405050310,10,東京,奥多摩ステークス(3勝),3勝クラス,1400,芝,良,14,13,キャプテンシー,西村淳也,8.0,45.6,35.5,-22.15,-0.2504,0.03131,9.28,0.03601,0.02254,1.598,1.2782,2.0,6,不的中,0,32.4,0.0,1000.0,0.0,-1000.0,314200.0,400.0,0.0,-400.0,447260.0
2024-11-09,15:10,202408060310,10,京都,室町ステークス(OP),オープン,1200,ダート,良,16,7,イスラアネーロ,川又賢治,12.0,67.3,60.8,-9.66,-0.1016,0.01417,7.22,0.02468,0.01316,1.876,1.5008,1.0,1,的中,1,59.2,5920.0,1000.0,59200.0,58200.0,372400.0,400.0,23680.0,23280.0,470540.0
2024-11-09,15:20,202403030311,11,福島,奥羽ステークス(3勝),3勝クラス,1700,ダート,良,15,10,エスティメート,嶋田純次,12.0,85.8,69.1,-19.46,-0.2165,0.01327,4.94,0.0249,0.01158,2.151,1.7208,1.0,10,不的中,0,68.5,0.0,1000.0,0.0,-1000.0,371400.0,500.0,0.0,-500.0,470040.0
2024-11-10,09:50,202403030401,01,福島,3歳以上1勝クラス,1勝クラス,1700,ダート,良,15,4,デイズオブドリーム,丹内祐次,11.0,94.8,71.0,-25.11,-0.2891,0.01448,3.56,0.02541,0.01127,2.255,1.8041,1.0,14,不的中,0,71.0,0.0,1000.0,0.0,-1000.0,370400.0,600.0,0.0,-600.0,469040.0
2024-11-10,09:50,202403030401,01,福島,3歳以上1勝クラス,1勝クラス,1700,ダート,良,15,8,ミレニアムヒロイン,幸英明,9.0,46.1,42.9,-6.94,-0.0719,0.01997,3.56,0.02972,0.01865,1.593,1.2748,2.0,2,不的中,0,42.9,0.0,1000.0,0.0,-1000.0,369400.0,400.0,0.0,-400.0,469040.0
2024-11-10,10:15,202403030402,02,福島,2歳未勝利,未勝利,2000,芝,良,16,4,アルカナエ,荻野極,9.0,101.5,95.5,-5.91,-0.0609,0.00833,3.41,0.01303,0.00838,1.555,1.2443,1.0,16,不的中,0,86.3,0.0,1000.0,0.0,-1000.0,368400.0,200.0,0.0,-200.0,468840.0
2024-11-10,10:45,202403030403,03,福島,3歳以上1勝クラス,1勝クラス,1700,ダート,良,15,8,マシュー,小林美駒,6.0,57.2,45.8,-19.93,-0.2223,0.02173,4.26,0.02661,0.01747,1.523,1.2188,1.0,6,不的中,0,45.8,0.0,1000.0,0.0,-1000.0,367400.0,300.0,0.0,-300.0,468540.0
2024-11-10,12:35,202403030406,06,福島,2歳新馬,新馬,1700,ダート,良,15,7,トンヤイビーン,永島まな,6.0,13.2,12.5,-5.3,-0.0545,0.06738,3.36,0.10206,0.064,1.595,1.2758,1.0,10,不的中,0,12.5,0.0,1000.0,0.0,-1000.0,366400.0,1200.0,0.0,-1200.0,467340.0
2024-11-10,12:45,202405050406,06,東京,3歳以上1勝クラス,1勝クラス,1600,ダート,良,16,4,マスグラバイト,菅原明良,13.0,68.5,57.1,-16.64,-0.182,0.0158,4.58,0.02468,0.01401,1.762,1.4095,1.0,3,不的中,0,57.0,0.0,1000.0,0.0,-1000.0,365400.0,400.0,0.0,-400.0,466940.0
2024-11-10,14:40,202403030410,10,福島,福島放送賞(2勝),2勝クラス,1700,ダート,良,15,13,トーアライデン,幸英明,8.0,30.7,17.7,-42.35,-0.5507,0.06282,3.83,0.08216,0.0452,1.818,1.4542,1.0,10,不的中,0,14.7,0.0,1000.0,0.0,-1000.0,364400.0,1300.0,0.0,-1300.0,465240.0
2024-11-10,14:40,202403030410,10,福島,福島放送賞(2勝),2勝クラス,1700,ダート,良,15,14,アイファーグローブ,秋山稔樹,13.0,47.4,36.0,-24.05,-0.2751,0.02705,3.83,0.03497,0.02222,1.574,1.2588,2.0,8,不的中,0,28.4,0.0,1000.0,0.0,-1000.0,363400.0,400.0,0.0,-400.0,465240.0
2024-11-10,14:50,202405050410,10,東京,ユートピアステークス(3勝),3勝クラス,1800,芝,良,13,7,フェステスバント,シュタル,6.0,20.5,14.7,-28.29,-0.3326,0.06471,7.67,0.14159,0.05442,2.602,2.0813,1.0,3,不的中,0,14.7,0.0,1000.0,0.0,-1000.0,362400.0,3700.0,0.0,-3700.0,461540.0
2024-11-10,15:30,202405050411,11,東京,オーロカップ(L),リステッド,1400,芝,良,18,12,オーキッドロマンス,内田博幸,6.0,15.4,10.9,-29.22,-0.3456,0.09646,11.9,0.14479,0.07339,1.973,1.5783,1.0,15,不的中,0,10.9,0.0,1000.0,0.0,-1000.0,361400.0,2700.0,0.0,-2700.0,458840.0
2024-11-10,15:40,202408060411,11,京都,第49回エリザベス女王杯(GI),G1,2200,芝,良,17,17,コスタボニータ,松山弘平,14.0,68.7,54.4,-20.82,-0.2334,0.0298,85.37,0.02639,0.01471,1.795,1.4358,1.0,9,不的中,0,54.4,0.0,1000.0,0.0,-1000.0,360400.0,400.0,0.0,-400.0,458440.0
2024-11-16,10:05,202408060501,01,京都,2歳未勝利,未勝利,1200,ダート,良,16,16,ルブリアン,渡辺竜也,8.0,59.7,54.1,-9.38,-0.0985,0.01556,3.53,0.02468,0.01479,1.669,1.3354,1.0,12,不的中,0,43.3,0.0,1000.0,0.0,-1000.0,359400.0,300.0,0.0,-300.0,458140.0
2024-11-16,11:25,202405050504,04,東京,2歳新馬,新馬,1400,芝,良,11,1,ジェンダアネモス,木幡巧也,5.0,12.6,10.7,-15.08,-0.1635,0.08185,3.69,0.1225,0.07477,1.638,1.3107,1.0,4,不的中,0,10.8,0.0,1000.0,0.0,-1000.0,358400.0,1500.0,0.0,-1500.0,456640.0
2024-11-16,12:25,202408060505,05,京都,2歳新馬,新馬,1400,芝,良,14,14,デリュージョン,浜中俊,6.0,20.0,13.5,-32.5,-0.393,0.07165,3.95,0.09178,0.05926,1.549,1.2391,1.0,2,不的中,0,11.4,0.0,1000.0,0.0,-1000.0,357400.0,900.0,0.0,-900.0,455740.0
2024-11-16,13:30,202408060507,07,京都,3歳以上1勝クラス,1勝クラス,1400,ダート,良,16,2,イエスウィズキャン,川須栄彦,14.0,148.2,137.1,-7.49,-0.0779,0.00602,4.66,0.01173,0.00584,2.01,1.6082,1.0,11,不的中,0,116.4,0.0,1000.0,0.0,-1000.0,356400.0,300.0,0.0,-300.0,455440.0
2024-11-16,16:05,202405050512,12,東京,3歳以上1勝クラス,1勝クラス,1600,芝,良,18,16,パストラーレ,横山武史,6.0,15.9,10.6,-33.33,-0.4055,0.094,9.01,0.13058,0.07547,1.73,1.3842,1.0,6,不的中,0,10.2,0.0,1000.0,0.0,-1000.0,355400.0,1900.0,0.0,-1900.0,453540.0
2024-11-17,12:05,202403030605,05,福島,2歳新馬,新馬,1800,芝,良,14,14,コパカバーナ,小沢大仁,13.0,61.3,50.0,-18.43,-0.2038,0.02008,2.9,0.03109,0.016,1.943,1.5544,1.0,7,不的中,0,48.3,0.0,1000.0,0.0,-1000.0,354400.0,600.0,0.0,-600.0,452940.0
2024-11-17,13:05,202403030607,07,福島,3歳以上1勝クラス,1勝クラス,1150,ダート,良,16,2,ベリーベリーベリー,小林美駒,5.0,16.1,13.0,-19.25,-0.2139,0.06629,3.58,0.1053,0.06154,1.711,1.3689,1.0,3,不的中,0,10.8,0.0,1000.0,0.0,-1000.0,353400.0,1400.0,0.0,-1400.0,451540.0
2024-11-17,13:25,202408060607,07,京都,3歳以上1勝クラス,1勝クラス,1800,ダート,良,15,1,カネトシゴウト,田口貫太,6.0,20.4,17.8,-12.75,-0.1363,0.0481,5.33,0.07224,0.04494,1.607,1.2858,1.0,2,不的中,0,17.3,0.0,1000.0,0.0,-1000.0,352400.0,800.0,0.0,-800.0,450740.0
2024-11-17,13:35,202403030608,08,福島,3歳以上1勝クラス,1勝クラス,2000,芝,良,16,15,エイシンポリシー,斎藤新,13.0,76.4,63.9,-16.36,-0.1787,0.01368,3.48,0.02445,0.01252,1.953,1.5625,1.0,8,不的中,0,48.0,0.0,1000.0,0.0,-1000.0,351400.0,500.0,0.0,-500.0,450240.0
2024-11-17,13:55,202408060608,08,京都,3歳以上2勝クラス,2勝クラス,1200,ダート,良,16,16,ランウインディ,柴田裕一,10.0,62.0,54.4,-12.26,-0.1308,0.01583,6.04,0.0249,0.01471,1.693,1.3547,1.0,11,不的中,0,49.6,0.0,1000.0,0.0,-1000.0,350400.0,300.0,0.0,-300.0,449940.0
2024-11-17,15:01,202408060610,10,京都,グランアレグリアC(3勝),3勝クラス,1400,ダート,良,15,1,フォーチュンテラー,西村淳也,11.0,55.2,39.8,-27.9,-0.3271,0.02766,9.84,0.0343,0.0201,1.707,1.3653,1.0,9,不的中,0,38.5,0.0,1000.0,0.0,-1000.0,349400.0,500.0,0.0,-500.0,449140.0
2024-11-17,15:01,202408060610,10,京都,グランアレグリアC(3勝),3勝クラス,1400,ダート,良,15,9,インヒズアイズ,津村明秀,10.0,70.5,45.4,-35.6,-0.4401,0.02579,9.84,0.02744,0.01762,1.557,1.2456,2.0,10,不的中,0,38.4,0.0,1000.0,0.0,-1000.0,348400.0,300.0,0.0,-300.0,449140.0
2024-11-17,15:20,202403030611,11,福島,福島民友カップ(L),リステッド,1700,ダート,良,15,15,サンライズアリオン,荻野極,5.0,14.5,10.7,-26.21,-0.3039,0.10639,7.63,0.14479,0.07477,1.937,1.5493,1.0,2,不的中,0,10.5,0.0,1000.0,0.0,-1000.0,347400.0,2600.0,0.0,-2600.0,446240.0
2024-11-17,15:20,202403030611,11,福島,福島民友カップ(L),リステッド,1700,ダート,良,15,3,スマートサニー,泉谷楓真,12.0,57.9,46.3,-20.03,-0.2236,0.02285,7.63,0.02744,0.01728,1.588,1.2703,2.0,5,不的中,0,43.2,0.0,1000.0,0.0,-1000.0,346400.0,300.0,0.0,-300.0,446240.0
2024-11-17,15:55,202403030612,12,福島,3歳以上1勝クラス,1勝クラス,1200,芝,良,16,13,アートフォーム,小崎綾也,12.0,66.6,53.6,-19.52,-0.2172,0.01576,6.27,0.02541,0.01493,1.702,1.362,1.0,10,不的中,0,41.3,0.0,1000.0,0.0,-1000.0,345400.0,400.0,0.0,-400.0,445840.0
2024-11-23,10:20,202405050702,02,東京,2歳未勝利,未勝利,1400,芝,良,18,8,タベザカリ,丹内祐次,8.0,61.4,58.1,-5.37,-0.0552,0.01414,5.69,0.02468,0.01377,1.793,1.4342,1.0,8,不的中,0,58.5,0.0,1000.0,0.0,-1000.0,344400.0,400.0,0.0,-400.0,445440.0
2024-11-23,12:40,202405050706,06,東京,3歳以上1勝クラス,1勝クラス,1600,ダート,稍重,16,10,ハンデンカイザー,野中悠太,5.0,43.4,15.9,-63.36,-1.0041,0.0824,6.73,0.10095,0.05031,2.006,1.6051,1.0,12,不的中,0,14.8,0.0,1000.0,0.0,-1000.0,343400.0,1900.0,0.0,-1900.0,443540.0
2024-11-23,13:10,202405050707,07,東京,3歳以上1勝クラス,1勝クラス,2400,芝,良,12,8,コンテソレーラ,石川裕紀,6.0,29.1,21.5,-26.12,-0.3027,0.04538,6.38,0.12731,0.03721,3.421,2.7371,1.0,5,不的中,0,19.0,0.0,1000.0,0.0,-1000.0,342400.0,3800.0,0.0,-3800.0,439740.0
2024-11-23,13:25,202408060707,07,京都,3歳以上1勝クラス,1勝クラス,1200,ダート,良,16,6,サンダーバース,高杉吏麒,9.0,58.6,55.4,-5.46,-0.0562,0.01495,5.7,0.02445,0.01444,1.693,1.3547,1.0,4,不的中,0,55.4,0.0,1000.0,0.0,-1000.0,341400.0,300.0,0.0,-300.0,439440.0
2024-11-23,14:15,202405050709,09,東京,カトレアステークス(OP),オープン,1600,ダート,稍重,16,15,タガノバビロン,マーカン,5.0,13.9,10.9,-21.58,-0.2431,0.09525,12.01,0.11068,0.07339,1.508,1.2064,1.0,6,不的中,0,10.7,0.0,1000.0,0.0,-1000.0,340400.0,1000.0,0.0,-1000.0,438440.0
2024-11-23,15:25,202405050711,11,東京,キャピタルステークス(L),リステッド,1600,芝,良,18,4,ドーブネ,菱田裕二,7.0,24.8,19.3,-22.18,-0.2507,0.06008,16.68,0.07323,0.04145,1.767,1.4134,1.0,17,不的中,0,19.3,0.0,1000.0,0.0,-1000.0,339400.0,1000.0,0.0,-1000.0,437440.0
2024-11-23,16:15,202408060712,12,京都,3歳以上2勝クラス,2勝クラス,1200,芝,良,16,10,エイムインライフ,酒井学,9.0,23.6,18.7,-20.76,-0.2327,0.04984,11.85,0.06797,0.04278,1.589,1.271,1.0,9,不的中,0,19.1,0.0,1000.0,0.0,-1000.0,338400.0,700.0,0.0,-700.0,436740.0
2024-11-24,09:40,202408060801,01,京都,2歳未勝利,未勝利,1200,ダート,良,16,11,レーンアジリティ,高杉吏麒,8.0,29.7,19.1,-35.69,-0.4415,0.05204,4.09,0.11286,0.04188,2.695,2.1557,1.0,1,的中,1,19.1,1910.0,1000.0,19100.0,18100.0,356500.0,2800.0,53480.0,50680.0,487420.0
2024-11-24,10:10,202408060802,02,京都,2歳未勝利,未勝利,1800,ダート,良,13,8,マルカベント,小沢大仁,5.0,21.5,11.9,-44.65,-0.5915,0.08868,4.95,0.14479,0.06723,2.154,1.723,1.0,11,不的中,0,11.9,0.0,1000.0,0.0,-1000.0,355500.0,3300.0,0.0,-3300.0,484120.0
2024-11-24,10:25,202405050803,03,東京,2歳未勝利,未勝利,1600,ダート,良,16,14,ジーティーパリス,横山武史,7.0,22.8,13.5,-40.79,-0.5241,0.08098,5.87,0.09406,0.05926,1.587,1.2699,1.0,10,不的中,0,13.5,0.0,1000.0,0.0,-1000.0,354500.0,1100.0,0.0,-1100.0,483020.0
2024-11-24,10:55,202405050804,04,東京,2歳未勝利,未勝利,2000,芝,良,12,5,ホウオウスターツ,北村宏司,8.0,128.3,120.6,-6.0,-0.0619,0.00683,5.87,0.01255,0.00663,1.892,1.5138,1.0,4,不的中,0,120.6,0.0,1000.0,0.0,-1000.0,353500.0,300.0,0.0,-300.0,482720.0
2024-11-24,11:25,202405050805,05,東京,2歳新馬,新馬,1600,ダート,良,16,14,ミュージックマン,杉原誠人,13.0,134.7,109.8,-18.49,-0.2044,0.00857,4.97,0.01304,0.00729,1.79,1.4321,1.0,7,不的中,0,109.8,0.0,1000.0,0.0,-1000.0,352500.0,200.0,0.0,-200.0,482520.0
2024-11-24,11:40,202408060805,05,京都,3歳以上1勝クラス,1勝クラス,1800,ダート,良,15,10,サンライズウェーヴ,高杉吏麒,10.0,47.5,41.3,-13.05,-0.1399,0.02126,5.01,0.03601,0.01937,1.859,1.487,1.0,10,不的中,0,41.3,0.0,1000.0,0.0,-1000.0,351500.0,600.0,0.0,-600.0,481920.0
2024-11-24,12:45,202405050807,07,東京,3歳以上1勝クラス,1勝クラス,1400,ダート,良,16,16,サルモン,石橋脩,8.0,28.5,19.1,-32.98,-0.4002,0.05472,6.46,0.07062,0.04188,1.686,1.3488,1.0,7,不的中,0,17.4,0.0,1000.0,0.0,-1000.0,350500.0,1000.0,0.0,-1000.0,480920.0
2024-11-24,13:01,202408060807,07,京都,3歳以上1勝クラス,1勝クラス,1800,芝,良,18,15,ホウオウセイメイ,吉村誠之,5.0,13.7,10.6,-22.63,-0.2565,0.09191,6.3,0.13542,0.07547,1.794,1.4355,1.0,6,不的中,0,9.5,0.0,1000.0,0.0,-1000.0,349500.0,2200.0,0.0,-2200.0,476920.0
2024-11-24,13:01,202408060807,07,京都,3歳以上1勝クラス,1勝クラス,1800,芝,良,18,13,クスクス,荻野極,11.0,47.2,41.8,-11.44,-0.1215,0.02117,6.3,0.0324,0.01914,1.693,1.3542,2.0,12,不的中,0,29.0,0.0,1000.0,0.0,-1000.0,348500.0,500.0,0.0,-500.0,476920.0
2024-11-24,13:01,202408060807,07,京都,3歳以上1勝クラス,1勝クラス,1800,芝,良,18,17,タマモランプ,池添謙一,8.0,17.4,13.6,-21.84,-0.2464,0.07118,6.3,0.09765,0.05882,1.66,1.3281,3.0,10,不的中,0,12.5,0.0,1000.0,0.0,-1000.0,347500.0,1300.0,0.0,-1300.0,476920.0
2024-11-24,13:30,202408060808,08,京都,3歳以上2勝クラス,2勝クラス,1400,ダート,良,16,15,ルアル,西塚洸二,11.0,60.5,56.2,-7.11,-0.0737,0.01484,5.92,0.0249,0.01423,1.749,1.3995,1.0,14,不的中,0,56.1,0.0,1000.0,0.0,-1000.0,346500.0,400.0,0.0,-400.0,476520.0
2024-11-24,14:05,202408060809,09,京都,花園ステークス(3勝),3勝クラス,1800,ダート,良,13,5,インヒズアイズ,ドイル,6.0,21.5,17.9,-16.74,-0.1833,0.05163,6.4,0.07009,0.04469,1.568,1.2546,1.0,13,不的中,0,16.1,0.0,1000.0,0.0,-1000.0,345500.0,800.0,0.0,-800.0,475720.0
2024-11-24,14:25,202405050810,10,東京,アプローズ賞(2勝),2勝クラス,1400,ダート,良,16,9,アッチャゴーラ,小崎綾也,5.0,18.8,10.0,-46.81,-0.6313,0.13349,9.62,0.12022,0.08,1.503,1.2022,1.0,3,不的中,0,9.7,0.0,1000.0,0.0,-1000.0,344500.0,1100.0,0.0,-1100.0,474620.0
2024-11-24,15:01,202405050811,11,東京,アーモンドアイC(3勝),3勝クラス,2000,芝,良,15,14,ウインオーディン,ビュイッ,4.0,14.6,10.9,-25.34,-0.2923,0.10548,14.72,0.13742,0.07339,1.872,1.4979,1.0,3,不的中,0,10.7,0.0,1000.0,0.0,-1000.0,343500.0,2400.0,0.0,-2400.0,472220.0
2024-11-24,15:40,202405050812,12,東京,第44回ジャパンカップ(GI),G1,2400,芝,良,14,13,ファンタスティックムーン,ピーヒュ,12.0,101.8,89.5,-12.08,-0.1288,0.01487,167.48,0.01395,0.00894,1.561,1.2487,1.0,11,不的中,0,89.5,0.0,1000.0,0.0,-1000.0,342500.0,200.0,0.0,-200.0,472020.0
2024-11-24,16:15,202408060812,12,京都,第69回京阪杯(GIII),G3,1200,芝,良,18,15,チェイスザドリーム,西村淳也,9.0,29.8,19.2,-35.57,-0.4396,0.07139,30.77,0.10206,0.04167,2.45,1.9596,1.0,15,不的中,0,19.2,0.0,1000.0,0.0,-1000.0,341500.0,2500.0,0.0,-2500.0,469520.0
2024-11-30,09:55,202408070101,01,京都,2歳未勝利,未勝利,1800,ダート,稍重,14,13,バレオリア,団野大成,5.0,27.7,15.7,-43.32,-0.5678,0.07576,4.04,0.12475,0.05096,2.448,1.9585,1.0,4,不的中,0,15.8,0.0,1000.0,0.0,-1000.0,340500.0,3100.0,0.0,-3100.0,466420.0
2024-11-30,10:15,202407040102,02,中京,3歳以上1勝クラス,1勝クラス,1200,ダート,良,16,14,イリュージョン,横山和生,11.0,53.8,41.8,-22.3,-0.2524,0.0209,3.21,0.03497,0.01914,1.827,1.4616,1.0,3,不的中,0,40.4,0.0,1000.0,0.0,-1000.0,339500.0,600.0,0.0,-600.0,465820.0
2024-11-30,10:25,202408070102,02,京都,2歳未勝利,未勝利,1400,ダート,稍重,13,9,マッハレイジング,岩田望来,9.0,47.4,35.0,-26.16,-0.3033,0.02652,4.71,0.03497,0.02286,1.53,1.2239,1.0,7,不的中,0,34.3,0.0,1000.0,0.0,-1000.0,338500.0,400.0,0.0,-400.0,465420.0
2024-11-30,10:45,202407040103,03,中京,3歳以上1勝クラス,1勝クラス,1800,ダート,良,13,2,グレイスオブゴッド,川須栄彦,10.0,74.0,45.1,-39.05,-0.4952,0.02052,2.96,0.02743,0.01774,1.546,1.2369,1.0,12,不的中,0,36.8,0.0,1000.0,0.0,-1000.0,337500.0,300.0,0.0,-300.0,465120.0
2024-11-30,10:55,202408070103,03,京都,2歳未勝利,未勝利,1800,ダート,稍重,11,6,イエローブリック,団野大成,6.0,61.6,56.7,-7.95,-0.0829,0.01409,5.76,0.02541,0.01411,1.801,1.4408,1.0,5,不的中,0,53.5,0.0,1000.0,0.0,-1000.0,336500.0,400.0,0.0,-400.0,464720.0
2024-11-30,11:35,202406050104,04,中山,2歳未勝利,未勝利,1800,ダート,稍重,15,3,ギンガエクスプレス,西村淳也,9.0,63.9,53.8,-15.81,-0.172,0.0165,5.04,0.02563,0.01487,1.724,1.3788,1.0,13,不的中,0,53.6,0.0,1000.0,0.0,-1000.0,335500.0,400.0,0.0,-400.0,464320.0
2024-11-30,13:25,202406050107,07,中山,3歳以上1勝クラス,1勝クラス,1200,ダート,稍重,16,16,ラヴァグロウ,木幡巧也,11.0,55.6,44.1,-20.68,-0.2317,0.02053,4.98,0.02896,0.01814,1.596,1.2772,1.0,12,不的中,0,42.2,0.0,1000.0,0.0,-1000.0,334500.0,300.0,0.0,-300.0,464020.0
2024-11-30,15:01,202408070110,10,京都,姫路ステークス(3勝),3勝クラス,1200,ダート,稍重,16,7,コパノハンプトン,秋山稔樹,11.0,80.2,58.9,-26.56,-0.3087,0.01629,6.54,0.02478,0.01358,1.824,1.4595,1.0,8,不的中,0,59.0,0.0,1000.0,0.0,-1000.0,333500.0,400.0,0.0,-400.0,463620.0
2024-11-30,15:35,202408070111,11,京都,第75回チャレンジカップ(GIII),G3,2000,芝,良,15,7,マイネルモーント,田口貫太,12.0,76.6,58.5,-23.63,-0.2696,0.02002,22.42,0.02541,0.01368,1.858,1.4865,1.0,6,不的中,0,43.6,0.0,1000.0,0.0,-1000.0,332500.0,400.0,0.0,-400.0,463220.0
2024-11-30,16:20,202406050112,12,中山,3歳以上2勝クラス,2勝クラス,1200,芝,良,15,2,クリスアーサー,河原田菜,6.0,16.5,11.8,-28.48,-0.3353,0.07756,11.27,0.11617,0.0678,1.714,1.3709,1.0,7,不的中,0,12.0,0.0,1000.0,0.0,-1000.0,331500.0,1600.0,0.0,-1600.0,461620.0
2024-12-01,09:50,202408070201,01,京都,2歳未勝利,未勝利,1200,ダート,良,15,7,アイファーモービル,藤懸貴志,11.0,81.7,67.7,-17.14,-0.188,0.0134,3.79,0.02468,0.01182,2.089,1.6711,1.0,6,不的中,0,67.7,0.0,1000.0,0.0,-1000.0,330500.0,500.0,0.0,-500.0,459920.0
2024-12-01,09:50,202408070201,01,京都,2歳未勝利,未勝利,1200,ダート,良,15,11,ロイヤルイブキ,小沢大仁,8.0,23.1,17.5,-24.24,-0.2776,0.05455,3.79,0.08084,0.04571,1.768,1.4146,2.0,2,不的中,0,17.5,0.0,1000.0,0.0,-1000.0,329500.0,1200.0,0.0,-1200.0,459920.0
2024-12-01,12:25,202406050205,05,中山,2歳新馬,新馬,2000,芝,良,18,11,ウアーシュプルング,石川裕紀,5.0,15.1,13.4,-11.26,-0.1194,0.06366,5.11,0.12041,0.0597,2.017,1.6135,1.0,4,不的中,0,13.4,0.0,1000.0,0.0,-1000.0,328500.0,2300.0,0.0,-2300.0,457620.0
2024-12-01,13:05,202408070207,07,京都,3歳以上1勝クラス,1勝クラス,1200,ダート,良,14,12,モイラ,田口貫太,10.0,23.0,19.2,-16.52,-0.1806,0.04458,5.51,0.09185,0.04167,2.205,1.7636,1.0,1,的中,1,17.4,1740.0,1000.0,17400.0,16400.0,344900.0,2000.0,34800.0,32800.0,490420.0
2024-12-01,13:35,202408070208,08,京都,3歳以上2勝クラス,2勝クラス,1400,ダート,良,16,15,ケンキョ,酒井学,7.0,15.3,11.9,-22.22,-0.2513,0.07434,4.83,0.10536,0.06723,1.567,1.2538,1.0,9,不的中,0,11.9,0.0,1000.0,0.0,-1000.0,343900.0,1200.0,0.0,-1200.0,489220.0
2024-12-01,13:45,202407040208,08,中京,3歳以上1勝クラス,1勝クラス,1400,芝,良,18,3,ソルトクィーン,藤岡佑介,7.0,20.1,13.5,-32.84,-0.398,0.06991,5.96,0.09765,0.05926,1.648,1.3183,1.0,2,不的中,0,13.5,0.0,1000.0,0.0,-1000.0,342900.0,1300.0,0.0,-1300.0,487920.0
2024-12-01,13:55,202406050208,08,中山,3歳以上2勝クラス,2勝クラス,2500,芝,良,11,8,ボーンイングランデ,池添謙一,10.0,70.2,57.9,-17.52,-0.1926,0.01493,6.65,0.02343,0.01382,1.696,1.3568,1.0,6,不的中,0,57.9,0.0,1000.0,0.0,-1000.0,341900.0,400.0,0.0,-400.0,487520.0
2024-12-01,15:20,202408070211,11,京都,ギャラクシーS(OP),オープン,1400,ダート,良,16,6,ロードヴァレンチ,吉田隼人,10.0,53.5,40.8,-23.74,-0.271,0.0247,10.05,0.03067,0.01961,1.564,1.2514,1.0,5,不的中,0,40.8,0.0,1000.0,0.0,-1000.0,340900.0,400.0,0.0,-400.0,487120.0
2024-12-01,15:45,202406050211,11,中山,ラピスラズリS(L),リステッド,1200,芝,良,16,5,エエヤン,菅原明良,6.0,21.0,15.2,-27.62,-0.3232,0.06453,14.84,0.10206,0.05263,1.939,1.5514,1.0,11,不的中,0,14.0,0.0,1000.0,0.0,-1000.0,339900.0,1900.0,0.0,-1900.0,485220.0
2024-12-07,09:50,202407040301,01,中京,2歳未勝利,未勝利,1800,ダート,良,10,6,ジーナアクトレス,川端海翼,6.0,65.2,59.0,-9.51,-0.0999,0.01621,5.35,0.02541,0.01356,1.874,1.4992,1.0,10,不的中,0,52.1,0.0,1000.0,0.0,-1000.0,338900.0,500.0,0.0,-500.0,484720.0
2024-12-07,11:00,202408070303,03,京都,2歳未勝利,未勝利,1200,ダート,良,14,12,コパノハーン,秋山稔樹,10.0,207.8,144.9,-30.27,-0.3605,0.00616,5.1,0.00991,0.00552,1.795,1.4357,1.0,13,不的中,0,144.9,0.0,1000.0,0.0,-1000.0,337900.0,200.0,0.0,-200.0,484520.0
2024-12-07,11:10,202406050303,03,中山,2歳未勝利,未勝利,2000,芝,良,15,5,シャインフリーリー,嶋田純次,13.0,223.6,105.8,-52.68,-0.7483,0.00962,4.17,0.01306,0.00756,1.727,1.3816,1.0,12,不的中,0,105.8,0.0,1000.0,0.0,-1000.0,336900.0,200.0,0.0,-200.0,484320.0
2024-12-07,11:40,202406050304,04,中山,2歳未勝利,未勝利,1800,ダート,良,12,8,ロンパイア,戸崎圭太,5.0,14.9,12.6,-15.44,-0.1677,0.06934,5.32,0.10304,0.06349,1.623,1.2983,1.0,3,不的中,0,12.7,0.0,1000.0,0.0,-1000.0,335900.0,1300.0,0.0,-1300.0,483020.0
2024-12-07,14:01,202406050308,08,中山,3歳以上1勝クラス,1勝クラス,1800,ダート,良,16,16,ホウオウベルクソン,丸田恭介,4.0,19.7,13.4,-31.98,-0.3854,0.07571,6.19,0.09178,0.0597,1.537,1.2299,1.0,11,不的中,0,12.0,0.0,1000.0,0.0,-1000.0,334900.0,900.0,0.0,-900.0,482120.0
2024-12-07,14:15,202407040309,09,中京,つわぶき賞(1勝),1勝クラス,1400,芝,良,12,8,サンナイアガラ,松本大輝,12.0,71.0,53.2,-25.07,-0.2886,0.01828,5.87,0.02541,0.01504,1.69,1.3518,1.0,12,不的中,0,43.4,0.0,1000.0,0.0,-1000.0,333900.0,400.0,0.0,-400.0,481720.0
2024-12-07,14:50,202407040310,10,中京,鳴海特別(2勝),2勝クラス,1800,ダート,良,16,8,アルベリック,柴田裕一,8.0,40.9,33.8,-17.36,-0.1907,0.02704,6.61,0.03601,0.02367,1.521,1.217,1.0,9,不的中,0,33.8,0.0,1000.0,0.0,-1000.0,332900.0,400.0,0.0,-400.0,481320.0
2024-12-07,15:01,202408070310,10,京都,花見小路特別(2勝),2勝クラス,1900,ダート,良,14,6,タイガースパーク,田口貫太,5.0,30.1,18.4,-38.87,-0.4922,0.05733,6.62,0.08042,0.04348,1.85,1.4797,1.0,14,不的中,0,18.4,0.0,1000.0,0.0,-1000.0,331900.0,1400.0,0.0,-1400.0,479920.0
2024-12-07,16:01,202407040312,12,中京,3歳以上1勝クラス,1勝クラス,1200,芝,良,18,7,ダイヤモンドフジ,国分恭介,6.0,36.0,23.1,-35.83,-0.4437,0.04416,6.84,0.05233,0.03463,1.511,1.2088,1.0,16,不的中,0,16.4,0.0,1000.0,0.0,-1000.0,330900.0,500.0,0.0,-500.0,479420.0
2024-12-07,16:10,202408070312,12,京都,3歳以上2勝クラス,2勝クラス,2400,芝,良,10,2,マイノワール,北村友一,6.0,28.4,19.3,-32.04,-0.3863,0.04913,7.46,0.06782,0.04145,1.636,1.3089,1.0,4,不的中,0,15.8,0.0,1000.0,0.0,-1000.0,329900.0,900.0,0.0,-900.0,478520.0
2024-12-08,10:25,202407040402,02,中京,2歳未勝利,未勝利,1800,ダート,良,16,11,アルヴェッター,長浜鴻緒,7.0,28.6,19.4,-32.17,-0.3881,0.0465,3.61,0.08598,0.04124,2.085,1.6681,1.0,8,不的中,0,19.4,0.0,1000.0,0.0,-1000.0,328900.0,1800.0,0.0,-1800.0,476720.0
2024-12-08,11:05,202408070403,03,京都,2歳未勝利,未勝利,1600,芝,良,10,4,リアルフォルゴーレ,田口貫太,6.0,42.2,39.9,-5.45,-0.056,0.02154,7.31,0.03324,0.02005,1.658,1.3263,1.0,3,不的中,0,41.0,0.0,1000.0,0.0,-1000.0,327900.0,400.0,0.0,-400.0,476320.0
2024-12-08,11:35,202408070404,04,京都,2歳新馬,新馬,1400,ダート,良,16,2,エスシーレベッカ,荻野琢真,11.0,62.1,56.6,-8.86,-0.0927,0.01472,4.59,0.02189,0.01413,1.549,1.2391,1.0,10,不的中,0,52.1,0.0,1000.0,0.0,-1000.0,326900.0,300.0,0.0,-300.0,476020.0
2024-12-08,12:45,202407040406,06,中京,3歳以上1勝クラス,1勝クラス,1800,ダート,良,11,10,ルフトクス,亀田温心,5.0,14.3,12.2,-14.69,-0.1588,0.06919,3.8,0.10304,0.06557,1.571,1.2571,1.0,2,不的中,0,12.2,0.0,1000.0,0.0,-1000.0,325900.0,1100.0,0.0,-1100.0,474920.0
2024-12-08,13:25,202408070407,07,京都,3歳以上1勝クラス,1勝クラス,1800,ダート,良,10,2,ショーケン,国分恭介,5.0,17.4,12.2,-29.89,-0.355,0.07534,5.79,0.14103,0.06557,2.151,1.7206,1.0,5,不的中,0,12.4,0.0,1000.0,0.0,-1000.0,324900.0,3100.0,0.0,-3100.0,471820.0
2024-12-08,13:55,202408070408,08,京都,3歳以上2勝クラス,2勝クラス,1200,ダート,良,15,13,マリブパイン,鷲頭虎太,8.0,67.6,64.2,-5.03,-0.0516,0.01277,6.49,0.02538,0.01246,2.036,1.6292,1.0,6,不的中,0,33.4,0.0,1000.0,0.0,-1000.0,323900.0,500.0,0.0,-500.0,471320.0
2024-12-08,14:40,202406050410,10,中山,師走ステークス(L),リステッド,1800,ダート,良,16,9,アクションプラン,内田博幸,6.0,14.3,11.9,-16.78,-0.1837,0.08137,7.84,0.10699,0.06723,1.591,1.2732,1.0,3,不的中,0,12.6,0.0,1000.0,0.0,-1000.0,322900.0,1200.0,0.0,-1200.0,470120.0
2024-12-08,15:40,202408070411,11,京都,第76回阪神ジュベナイルF(GI),G1,1600,芝,良,18,2,テリオスララ,Ｍ．デム,7.0,20.2,16.5,-18.32,-0.2023,0.07584,79.95,0.09765,0.04848,2.014,1.6113,1.0,3,不的中,0,16.3,0.0,1000.0,0.0,-1000.0,321900.0,1900.0,0.0,-1900.0,466020.0
2024-12-08,15:40,202408070411,11,京都,第76回阪神ジュベナイルF(GI),G1,1600,芝,良,18,7,ミストレス,坂井瑠星,6.0,15.3,12.2,-20.26,-0.2264,0.10641,79.95,0.11532,0.06557,1.759,1.407,2.0,8,不的中,0,11.9,0.0,1000.0,0.0,-1000.0,320900.0,1800.0,0.0,-1800.0,466020.0
2024-12-08,15:40,202408070411,11,京都,第76回阪神ジュベナイルF(GI),G1,1600,芝,良,18,15,リリーフィールド,武豊,12.0,46.0,36.4,-20.87,-0.2341,0.03606,79.95,0.03497,0.02198,1.591,1.2728,3.0,12,不的中,0,36.1,0.0,1000.0,0.0,-1000.0,319900.0,400.0,0.0,-400.0,466020.0
2024-12-08,16:25,202408070412,12,京都,鹿ケ谷特別(2勝),2勝クラス,1200,芝,良,11,10,キングクー,岩田望来,7.0,26.8,12.5,-53.36,-0.7627,0.10344,15.91,0.12585,0.064,1.966,1.5732,1.0,10,不的中,0,12.5,0.0,1000.0,0.0,-1000.0,318900.0,2400.0,0.0,-2400.0,463620.0
2024-12-14,12:40,202407040506,06,中京,3歳以上1勝クラス,1勝クラス,1400,ダート,良,16,16,モアリジット,杉原誠人,7.0,22.7,18.1,-20.26,-0.2265,0.04782,3.8,0.13138,0.0442,2.972,2.378,1.0,9,不的中,0,15.0,0.0,1000.0,0.0,-1000.0,317900.0,3800.0,0.0,-3800.0,459820.0
2024-12-14,12:50,202408070506,06,京都,2歳新馬,新馬,1200,ダート,良,14,9,モズボーン,坂井瑠星,5.0,17.3,13.5,-21.97,-0.248,0.06789,3.84,0.09463,0.05926,1.597,1.2776,1.0,6,不的中,0,14.2,0.0,1000.0,0.0,-1000.0,316900.0,1100.0,0.0,-1100.0,457720.0
2024-12-14,12:50,202408070506,06,京都,2歳新馬,新馬,1200,ダート,良,14,13,ベルトネ,Ｍ．デム,3.0,17.2,12.8,-25.58,-0.2955,0.07333,3.84,0.09757,0.0625,1.561,1.2489,2.0,2,不的中,0,11.4,0.0,1000.0,0.0,-1000.0,315900.0,1000.0,0.0,-1000.0,457720.0
2024-12-14,14:50,202407040510,10,中京,ヤングJSFR中京2(2勝),2勝クラス,1400,ダート,良,16,3,アイファースキャン,望月洵輝,15.0,114.4,107.5,-6.03,-0.0622,0.0079,5.29,0.01366,0.00744,1.835,1.4681,1.0,1,的中,1,99.0,9900.0,1000.0,99000.0,98000.0,413900.0,300.0,29700.0,29400.0,487120.0
2024-12-14,15:25,202407040511,11,中京,尾頭橋ステークス(3勝),3勝クラス,1800,ダート,良,13,13,ハッスルダンク,杉原誠人,10.0,56.9,44.8,-21.27,-0.2391,0.0213,8.21,0.04184,0.01786,2.343,1.8744,1.0,9,不的中,0,42.2,0.0,1000.0,0.0,-1000.0,412900.0,1000.0,0.0,-1000.0,486120.0
2024-12-14,15:35,202408070511,11,京都,タンザナイトS(OP),オープン,1200,芝,良,16,11,シロン,松山弘平,6.0,16.9,11.4,-32.54,-0.3937,0.09747,13.53,0.14479,0.07018,2.063,1.6506,1.0,4,不的中,0,11.4,0.0,1000.0,0.0,-1000.0,411900.0,3100.0,0.0,-3100.0,483020.0
2024-12-14,15:45,202406050511,11,中山,第10回ターコイズステークス(GIII),G3,1600,芝,良,16,12,ビヨンドザヴァレー,菱田裕二,6.0,14.3,10.5,-26.57,-0.3089,0.10653,28.82,0.14103,0.07619,1.851,1.4808,1.0,2,不的中,0,10.5,0.0,1000.0,0.0,-1000.0,410900.0,2500.0,0.0,-2500.0,480320.0
2024-12-14,15:45,202406050511,11,中山,第10回ターコイズステークス(GIII),G3,1600,芝,良,16,1,モズゴールドバレル,丹内祐次,15.0,127.5,113.9,-10.67,-0.1128,0.0081,28.82,0.01172,0.00702,1.669,1.3352,2.0,4,不的中,0,113.9,0.0,1000.0,0.0,-1000.0,409900.0,200.0,0.0,-200.0,480320.0
2024-12-14,16:10,202408070512,12,京都,3歳以上2勝クラス,2勝クラス,1600,芝,良,14,7,メタルスピード,岩田望来,6.0,13.1,11.8,-9.92,-0.1045,0.07208,9.13,0.10206,0.0678,1.505,1.2044,1.0,4,不的中,0,12.4,0.0,1000.0,0.0,-1000.0,408900.0,1000.0,0.0,-1000.0,479320.0
2024-12-14,16:20,202406050512,12,中山,3歳以上2勝クラス,2勝クラス,1200,ダート,良,16,9,メイデンタワー,丹内祐次,6.0,14.8,13.5,-8.78,-0.0919,0.06089,11.75,0.10237,0.05926,1.728,1.3821,1.0,5,不的中,0,13.4,0.0,1000.0,0.0,-1000.0,407900.0,1500.0,0.0,-1500.0,477820.0
2024-12-15,10:15,202407040602,02,中京,3歳以上1勝クラス,1勝クラス,1200,ダート,良,16,10,マーゴットファブ,西村淳也,6.0,22.8,18.7,-17.98,-0.1982,0.04534,3.94,0.07277,0.04278,1.701,1.3608,1.0,6,不的中,0,18.7,0.0,1000.0,0.0,-1000.0,406900.0,1000.0,0.0,-1000.0,475520.0
2024-12-15,10:15,202407040602,02,中京,3歳以上1勝クラス,1勝クラス,1200,ダート,良,16,15,タガノヒナタ,小沢大仁,5.0,16.8,11.6,-30.95,-0.3704,0.07625,3.94,0.10926,0.06897,1.584,1.2674,2.0,12,不的中,0,11.6,0.0,1000.0,0.0,-1000.0,405900.0,1300.0,0.0,-1300.0,475520.0
2024-12-15,10:25,202406050602,02,中山,2歳未勝利,未勝利,1800,ダート,良,16,16,デルマアポロニア,松岡正海,6.0,14.3,11.1,-22.38,-0.2533,0.08072,5.0,0.11068,0.07207,1.536,1.2286,1.0,2,不的中,0,11.1,0.0,1000.0,0.0,-1000.0,404900.0,1100.0,0.0,-1100.0,474420.0
2024-12-15,10:45,202407040603,03,中京,3歳以上1勝クラス,1勝クラス,1800,ダート,良,16,9,ガウラスパーク,石田拓郎,8.0,78.1,49.2,-37.0,-0.4621,0.01853,4.95,0.02588,0.01626,1.592,1.2735,1.0,9,不的中,0,47.7,0.0,1000.0,0.0,-1000.0,403900.0,300.0,0.0,-300.0,474120.0
2024-12-15,13:15,202406050607,07,中山,2歳未勝利,未勝利,2000,芝,良,18,12,アレグランサ,横山武史,6.0,17.0,12.9,-24.12,-0.276,0.07166,6.97,0.09633,0.06202,1.553,1.2427,1.0,3,不的中,0,12.9,0.0,1000.0,0.0,-1000.0,402900.0,1000.0,0.0,-1000.0,472620.0
2024-12-15,13:15,202406050607,07,中山,2歳未勝利,未勝利,2000,芝,良,18,2,レッドキリアン,横山和生,7.0,28.5,21.0,-26.32,-0.3054,0.04459,6.97,0.0574,0.0381,1.507,1.2054,2.0,18,不的中,0,21.0,0.0,1000.0,0.0,-1000.0,401900.0,500.0,0.0,-500.0,472620.0
2024-12-15,14:15,202406050609,09,中山,香取特別(2勝),2勝クラス,2400,ダート,良,14,5,インペリアルライン,丹内祐次,6.0,17.6,15.9,-9.66,-0.1016,0.0527,7.32,0.09633,0.05031,1.915,1.5317,1.0,3,不的中,0,14.6,0.0,1000.0,0.0,-1000.0,400900.0,1700.0,0.0,-1700.0,470920.0
2024-12-15,14:50,202406050610,10,中山,北総ステークス(3勝),3勝クラス,1800,ダート,良,16,9,ヨリノサファイヤ,長浜鴻緒,12.0,141.3,124.5,-11.89,-0.1266,0.00692,8.01,0.00983,0.00643,1.53,1.2243,1.0,11,不的中,0,118.2,0.0,1000.0,0.0,-1000.0,399900.0,100.0,0.0,-100.0,470820.0
2024-12-15,16:20,202408070612,12,京都,東山ステークス(3勝),3勝クラス,1400,芝,良,18,18,マイシンフォニー,藤岡佑介,9.0,53.7,46.1,-14.15,-0.1526,0.01936,18.14,0.0261,0.01735,1.504,1.2033,1.0,14,不的中,0,42.7,0.0,1000.0,0.0,-1000.0,398900.0,300.0,0.0,-300.0,470520.0
2024-12-21,10:05,202406050701,01,中山,2歳未勝利,未勝利,1200,ダート,良,16,14,レトロブーム,武藤雅,9.0,129.3,112.8,-12.76,-0.1365,0.00815,7.8,0.01203,0.00709,1.696,1.3565,1.0,10,不的中,0,112.8,0.0,1000.0,0.0,-1000.0,397900.0,200.0,0.0,-200.0,470320.0
2024-12-21,11:20,202408070704,04,京都,2歳未勝利,未勝利,2000,芝,良,16,6,ディープサミット,古川吉洋,5.0,20.8,15.2,-26.92,-0.3137,0.06377,8.27,0.08965,0.05263,1.703,1.3627,1.0,3,不的中,0,15.2,0.0,1000.0,0.0,-1000.0,396900.0,1300.0,0.0,-1300.0,469020.0
2024-12-21,12:40,202408070706,06,京都,2歳新馬,新馬,1400,ダート,良,16,13,ファイブエム,岩田望来,5.0,14.8,13.4,-9.46,-0.0994,0.0639,6.93,0.09765,0.0597,1.636,1.3086,1.0,11,不的中,0,13.4,0.0,1000.0,0.0,-1000.0,395900.0,1200.0,0.0,-1200.0,467820.0
2024-12-21,13:10,202408070707,07,京都,3歳以上1勝クラス,1勝クラス,1800,ダート,良,15,12,ロスティチェーレ,北村友一,5.0,19.1,14.2,-25.65,-0.2964,0.06908,7.18,0.09295,0.05634,1.65,1.3199,1.0,3,不的中,0,14.2,0.0,1000.0,0.0,-1000.0,394900.0,1200.0,0.0,-1200.0,466620.0
2024-12-21,14:15,202408070709,09,京都,万両賞(1勝),1勝クラス,1400,芝,良,12,12,ヒラボクカレラ,ムーア,6.0,23.2,14.7,-36.64,-0.4563,0.0814,10.3,0.12805,0.05442,2.353,1.8823,1.0,9,不的中,0,14.1,0.0,1000.0,0.0,-1000.0,393900.0,3100.0,0.0,-3100.0,463520.0
2024-12-21,14:55,202408070710,10,京都,御陵ステークス(3勝),3勝クラス,1800,ダート,良,16,13,マーブルロック,田口貫太,11.0,61.4,47.7,-22.31,-0.2525,0.02464,11.17,0.02687,0.01677,1.602,1.2815,1.0,2,不的中,0,46.4,0.0,1000.0,0.0,-1000.0,392900.0,300.0,0.0,-300.0,463220.0
2024-12-21,16:25,202406050712,12,中山,クリスマスカップ(2勝),2勝クラス,1200,芝,良,16,10,ペイシャカレン,江田照男,14.0,107.4,97.3,-9.4,-0.0988,0.00901,15.43,0.01234,0.00822,1.501,1.2011,1.0,10,不的中,0,97.5,0.0,1000.0,0.0,-1000.0,391900.0,100.0,0.0,-100.0,463120.0
2024-12-22,10:20,202406050802,02,中山,2歳未勝利,未勝利,1800,ダート,良,16,6,ロジアヴァンセ,野中悠太,11.0,86.4,70.9,-17.94,-0.1977,0.01307,7.47,0.01777,0.01128,1.574,1.2596,1.0,6,不的中,0,70.9,0.0,1000.0,0.0,-1000.0,390900.0,200.0,0.0,-200.0,462620.0
2024-12-22,10:20,202406050802,02,中山,2歳未勝利,未勝利,1800,ダート,良,16,8,シュヴァルノワール,北村宏司,9.0,46.5,34.7,-25.38,-0.2927,0.02823,7.47,0.03497,0.02305,1.517,1.2134,2.0,5,不的中,0,34.7,0.0,1000.0,0.0,-1000.0,389900.0,300.0,0.0,-300.0,462620.0
2024-12-22,10:50,202406050803,03,中山,2歳未勝利,未勝利,1200,芝,良,16,10,アンダーザライト,丸山元気,7.0,31.2,22.0,-29.49,-0.3494,0.04562,8.36,0.0745,0.03636,2.049,1.639,1.0,8,不的中,0,22.0,0.0,1000.0,0.0,-1000.0,388900.0,1500.0,0.0,-1500.0,459320.0
2024-12-22,10:50,202406050803,03,中山,2歳未勝利,未勝利,1200,芝,良,16,1,ソレイケギンチャン,小林美駒,11.0,58.7,52.3,-10.9,-0.1154,0.01666,8.36,0.0249,0.0153,1.628,1.3024,2.0,11,不的中,0,52.3,0.0,1000.0,0.0,-1000.0,387900.0,300.0,0.0,-300.0,459320.0
2024-12-22,10:50,202406050803,03,中山,2歳未勝利,未勝利,1200,芝,良,16,6,ベルリネッタ,菅原明良,6.0,14.3,10.3,-27.97,-0.3281,0.0964,8.36,0.126,0.07767,1.622,1.2978,3.0,3,不的中,0,10.3,0.0,1000.0,0.0,-1000.0,386900.0,1500.0,0.0,-1500.0,459320.0
2024-12-22,12:40,202406050806,06,中山,2歳新馬,新馬,1600,芝,良,15,15,リッキースタイル,横山琉人,9.0,55.5,51.7,-6.85,-0.0709,0.01629,8.7,0.02445,0.01547,1.58,1.2642,1.0,6,不的中,0,51.7,0.0,1000.0,0.0,-1000.0,385900.0,300.0,0.0,-300.0,459020.0
2024-12-22,14:00,202408070809,09,京都,クリスマスエルフ賞(2勝),2勝クラス,1800,ダート,良,16,6,アルベリック,柴田裕一,7.0,46.2,19.0,-58.87,-0.8885,0.07541,10.0,0.10216,0.04211,2.426,1.9411,1.0,13,不的中,0,19.0,0.0,1000.0,0.0,-1000.0,384900.0,2400.0,0.0,-2400.0,456220.0
2024-12-22,14:00,202408070809,09,京都,クリスマスエルフ賞(2勝),2勝クラス,1800,ダート,良,16,1,リミットバスター,佐々木大,14.0,72.0,50.4,-30.0,-0.3567,0.02224,10.0,0.02674,0.01587,1.685,1.3479,2.0,12,不的中,0,50.4,0.0,1000.0,0.0,-1000.0,383900.0,400.0,0.0,-400.0,456220.0
2024-12-22,14:15,202406050809,09,中山,グッドラックハンデ(2勝),2勝クラス,2500,芝,良,16,7,カナオールウェイズ,Ｃ．デム,7.0,30.2,18.5,-38.74,-0.4901,0.06383,12.57,0.10369,0.04324,2.398,1.9183,1.0,13,不的中,0,18.5,0.0,1000.0,0.0,-1000.0,382900.0,2400.0,0.0,-2400.0,453820.0
2024-12-22,14:50,202406050810,10,中山,オルフェーヴルC(2勝),2勝クラス,1600,芝,良,16,3,ウインレイアー,ドイル,7.0,18.2,13.6,-25.27,-0.2914,0.07794,14.83,0.09765,0.05882,1.66,1.3281,1.0,2,不的中,0,13.6,0.0,1000.0,0.0,-1000.0,381900.0,1200.0,0.0,-1200.0,452620.0
2024-12-22,15:15,202408070811,11,京都,りんくうステークス(OP),オープン,1200,ダート,良,16,13,カルネアサーダ,川須栄彦,15.0,66.3,60.5,-8.75,-0.0915,0.01562,14.76,0.02416,0.01322,1.827,1.4616,1.0,15,不的中,0,60.7,0.0,1000.0,0.0,-1000.0,380900.0,400.0,0.0,-400.0,452220.0
2024-12-22,16:25,202406050812,12,中山,フェアウェルS(3勝),3勝クラス,1200,ダート,良,16,7,ホウオウフウジン,鮫島克駿,13.0,105.2,84.0,-20.15,-0.225,0.01245,30.79,0.01615,0.00952,1.695,1.3562,1.0,9,不的中,0,76.8,0.0,1000.0,0.0,-1000.0,379900.0,200.0,0.0,-200.0,452020.0
2024-12-28,09:50,202408070901,01,京都,2歳未勝利,未勝利,1400,ダート,良,16,9,ダイシンリンク,川端海翼,4.0,18.7,13.7,-26.74,-0.3111,0.0755,6.45,0.09765,0.05839,1.672,1.3378,1.0,1,的中,1,13.7,1370.0,1000.0,13700.0,12700.0,392600.0,1300.0,17810.0,16510.0,468530.0
2024-12-28,10:20,202408070902,02,京都,2歳未勝利,未勝利,1800,ダート,良,16,4,ピストルスター,長岡禎仁,8.0,24.9,17.8,-28.51,-0.3357,0.05524,6.33,0.07033,0.04494,1.565,1.252,1.0,7,不的中,0,17.8,0.0,1000.0,0.0,-1000.0,391600.0,800.0,0.0,-800.0,467730.0
2024-12-28,10:50,202408070903,03,京都,2歳未勝利,未勝利,2000,芝,良,16,13,プレデスティナーレ,亀田温心,13.0,141.5,125.2,-11.52,-0.1224,0.0069,6.97,0.01072,0.00639,1.677,1.3418,1.0,8,不的中,0,125.2,0.0,1000.0,0.0,-1000.0,390600.0,200.0,0.0,-200.0,466630.0
2024-12-28,10:50,202408070903,03,京都,2歳未勝利,未勝利,2000,芝,良,16,12,ハルフロンティア,吉村誠之,6.0,20.5,12.3,-40.0,-0.5108,0.08446,6.97,0.09765,0.06504,1.501,1.2011,2.0,11,不的中,0,12.3,0.0,1000.0,0.0,-1000.0,389600.0,900.0,0.0,-900.0,466630.0
2024-12-28,11:05,202406050903,03,中山,2歳未勝利,未勝利,1600,芝,良,16,5,ブラヴォケラトプス,佐々木大,6.0,17.7,13.9,-21.47,-0.2417,0.06696,8.76,0.10369,0.05755,1.802,1.4413,1.0,5,不的中,0,13.9,0.0,1000.0,0.0,-1000.0,388600.0,1600.0,0.0,-1600.0,465030.0
2024-12-28,13:10,202408070907,07,京都,3歳以上1勝クラス,1勝クラス,1800,芝,良,18,5,バガン,田口貫太,12.0,70.3,36.8,-47.65,-0.6473,0.01524,8.28,0.03529,0.02174,1.623,1.2986,1.0,3,不的中,0,37.4,0.0,1000.0,0.0,-1000.0,387600.0,400.0,0.0,-400.0,464630.0
2024-12-28,13:25,202406050907,07,中山,3歳以上1勝クラス,1勝クラス,1800,芝,良,16,2,シャンパンマーク,坂井瑠星,5.0,16.8,14.2,-15.48,-0.1681,0.0648,9.11,0.09765,0.05634,1.733,1.3867,1.0,13,不的中,0,14.1,0.0,1000.0,0.0,-1000.0,386600.0,1400.0,0.0,-1400.0,463230.0
2024-12-28,13:55,202406050908,08,中山,3歳以上1勝クラス,1勝クラス,1200,ダート,良,16,3,ソーニャシュニク,今村聖奈,8.0,27.6,22.1,-19.93,-0.2222,0.04189,7.92,0.06727,0.0362,1.858,1.4866,1.0,2,不的中,0,20.6,0.0,1000.0,0.0,-1000.0,385600.0,1100.0,0.0,-1100.0,462130.0
2024-12-28,14:15,202408070909,09,京都,春待月賞(2勝),2勝クラス,1400,ダート,良,16,2,サラサハウプリティ,菱田裕二,13.0,121.2,96.9,-20.05,-0.2238,0.01045,10.24,0.01303,0.00826,1.578,1.2626,1.0,10,不的中,0,96.5,0.0,1000.0,0.0,-1000.0,384600.0,200.0,0.0,-200.0,461930.0
2024-12-28,14:50,202408070910,10,京都,フォーチュンカップ(2勝),2勝クラス,2000,芝,良,16,4,ウン,川須栄彦,12.0,104.1,60.6,-41.79,-0.5411,0.02042,10.49,0.02674,0.0132,2.026,1.6207,1.0,10,不的中,0,60.6,0.0,1000.0,0.0,-1000.0,383600.0,500.0,0.0,-500.0,459730.0
2024-12-28,14:50,202408070910,10,京都,フォーチュンカップ(2勝),2勝クラス,2000,芝,良,16,14,トーアライデン,幸英明,6.0,21.4,10.9,-49.07,-0.6746,0.12057,10.49,0.12489,0.07339,1.702,1.3614,2.0,5,不的中,0,10.9,0.0,1000.0,0.0,-1000.0,382600.0,1700.0,0.0,-1700.0,459730.0
2024-12-28,15:30,202408070911,11,京都,ベテルギウスS(L),リステッド,1800,ダート,良,16,12,サンライズアリオン,荻野極,4.0,17.8,11.9,-33.15,-0.4027,0.11309,19.76,0.10908,0.06723,1.623,1.298,1.0,13,不的中,0,11.8,0.0,1000.0,0.0,-1000.0,381600.0,1300.0,0.0,-1300.0,457630.0
2024-12-28,15:30,202408070911,11,京都,ベテルギウスS(L),リステッド,1800,ダート,良,16,11,デリカダ,太宰啓介,6.0,18.8,16.2,-13.83,-0.1488,0.06367,19.76,0.07646,0.04938,1.548,1.2386,2.0,12,不的中,0,16.2,0.0,1000.0,0.0,-1000.0,380600.0,800.0,0.0,-800.0,457630.0
2024-12-28,16:25,202406050912,12,中山,2024ファイナルS(3勝),3勝クラス,1600,芝,良,16,5,オーサムストローク,北村友一,11.0,69.3,61.8,-10.82,-0.1145,0.01581,31.83,0.01996,0.01294,1.542,1.2335,1.0,14,不的中,0,57.3,0.0,1000.0,0.0,-1000.0,379600.0,200.0,0.0,-200.0,457430.0
2025-01-05,13:10,202507010107,07,中京,3歳1勝クラス,1勝クラス,2000,芝,良,9,1,フォーキャンドルズ,横山典弘,6.0,25.1,19.1,-23.9,-0.2732,0.04968,9.01,0.07438,0.04188,1.776,1.4207,1.0,8,不的中,0,19.1,0.0,1000.0,0.0,-1000.0,378600.0,1100.0,0.0,-1100.0,455530.0
2025-01-05,13:10,202507010107,07,中京,3歳1勝クラス,1勝クラス,2000,芝,良,9,6,ノラリクラリ,高杉吏麒,5.0,23.3,17.0,-27.04,-0.3152,0.05712,9.01,0.07438,0.04706,1.581,1.2645,2.0,5,不的中,0,14.6,0.0,1000.0,0.0,-1000.0,377600.0,800.0,0.0,-800.0,455530.0
2025-01-05,13:25,202506010107,07,中山,4歳以上1勝クラス,1勝クラス,1800,ダート,良,16,16,アンブロジアーナ,長浜鴻緒,9.0,50.2,31.4,-37.45,-0.4692,0.03275,6.61,0.04165,0.02548,1.635,1.3077,1.0,1,的中,1,30.8,3080.0,1000.0,30800.0,29800.0,407400.0,500.0,15400.0,14900.0,470430.0
2025-01-05,14:35,202506010109,09,中山,招福ステークス(3勝),3勝クラス,1800,ダート,良,16,15,ピュアキアン,吉田豊,5.0,24.2,14.0,-42.15,-0.5473,0.08361,11.31,0.09236,0.05714,1.616,1.2931,1.0,1,的中,1,13.8,1380.0,1000.0,13800.0,12800.0,420200.0,1100.0,15180.0,14080.0,484510.0
2025-01-05,15:45,202506010111,11,中山,第74回日刊スポ賞中山金杯(GIII),G3,2000,芝,良,18,4,ジェイパームス,佐々木大,11.0,35.5,30.0,-15.49,-0.1683,0.03687,54.53,0.04634,0.02667,1.738,1.3903,1.0,14,不的中,0,29.8,0.0,1000.0,0.0,-1000.0,419200.0,700.0,0.0,-700.0,483510.0
2025-01-05,15:45,202506010111,11,中山,第74回日刊スポ賞中山金杯(GIII),G3,2000,芝,良,18,6,カラテ,杉原誠人,13.0,78.9,64.9,-17.74,-0.1953,0.01774,54.53,0.0205,0.01233,1.663,1.3301,2.0,13,不的中,0,64.8,0.0,1000.0,0.0,-1000.0,418200.0,300.0,0.0,-300.0,483510.0
2025-01-06,09:50,202507010201,01,中京,3歳未勝利,未勝利,1800,ダート,良,16,5,コトリノサエズリ,小崎綾也,15.0,161.1,76.7,-52.39,-0.7421,0.01671,2.74,0.02235,0.01043,2.143,1.7145,1.0,6,不的中,0,76.7,0.0,1000.0,0.0,-1000.0,417200.0,500.0,0.0,-500.0,481910.0
2025-01-06,09:50,202507010201,01,中京,3歳未勝利,未勝利,1800,ダート,良,16,14,ファンシーデイ,吉村誠之,8.0,38.0,25.6,-32.63,-0.395,0.04282,2.74,0.05901,0.03125,1.888,1.5108,2.0,12,不的中,0,25.6,0.0,1000.0,0.0,-1000.0,416200.0,1100.0,0.0,-1100.0,481910.0
2025-01-06,10:05,202506010201,01,中山,3歳未勝利,未勝利,1200,ダート,良,16,16,イズルード,丸山元気,7.0,25.4,18.0,-29.13,-0.3444,0.06175,4.5,0.06742,0.04444,1.517,1.2136,1.0,2,不的中,0,18.2,0.0,1000.0,0.0,-1000.0,415200.0,700.0,0.0,-700.0,481210.0
2025-01-06,11:05,202506010203,03,中山,3歳未勝利,未勝利,1800,ダート,良,16,8,ローズマイスター,原優介,7.0,34.4,26.2,-23.84,-0.2723,0.03665,4.7,0.04683,0.03053,1.534,1.227,1.0,6,不的中,0,26.2,0.0,1000.0,0.0,-1000.0,414200.0,500.0,0.0,-500.0,480710.0
2025-01-06,11:35,202506010204,04,中山,4歳以上1勝クラス,1勝クラス,1200,ダート,良,16,12,トライデント,石田拓郎,13.0,180.6,95.3,-47.23,-0.6393,0.01156,5.29,0.0244,0.00839,2.907,2.3256,1.0,9,不的中,0,95.3,0.0,1000.0,0.0,-1000.0,413200.0,700.0,0.0,-700.0,477810.0
2025-01-06,11:35,202506010204,04,中山,4歳以上1勝クラス,1勝クラス,1200,ダート,良,16,10,グッドヴァイブス,菅原明良,10.0,35.8,21.6,-39.66,-0.5053,0.04876,5.29,0.088,0.03704,2.376,1.9008,2.0,4,不的中,0,21.6,0.0,1000.0,0.0,-1000.0,412200.0,2200.0,0.0,-2200.0,477810.0
2025-01-06,12:10,202507010205,05,中京,3歳未勝利,未勝利,2000,芝,良,18,10,メイショウキンタイ,角田大和,10.0,39.7,28.0,-29.47,-0.3491,0.03851,5.97,0.05364,0.02857,1.877,1.5018,1.0,2,不的中,0,28.0,0.0,1000.0,0.0,-1000.0,411200.0,900.0,0.0,-900.0,476910.0
2025-01-06,12:25,202506010205,05,中山,3歳新馬,新馬,1600,芝,良,16,2,ワキノグラス,丹内祐次,5.0,22.3,15.7,-29.6,-0.3509,0.06256,4.88,0.08378,0.05096,1.644,1.3153,1.0,10,不的中,0,15.7,0.0,1000.0,0.0,-1000.0,410200.0,1100.0,0.0,-1100.0,475810.0
2025-01-06,14:20,202507010209,09,中京,天竜川特別(2勝),2勝クラス,1800,ダート,良,16,6,ウイニンググレイス,鮫島良太,8.0,25.5,19.2,-24.71,-0.2838,0.05574,6.22,0.0634,0.04167,1.521,1.2172,1.0,11,不的中,0,19.3,0.0,1000.0,0.0,-1000.0,409200.0,600.0,0.0,-600.0,475210.0
2025-01-06,15:30,202507010211,11,中京,万葉ステークス(OP),オープン,3000,芝,稍重,17,10,クールミラボー,武豊,8.0,34.3,25.9,-24.49,-0.2809,0.04193,15.59,0.04745,0.03089,1.536,1.2289,1.0,8,不的中,0,25.9,0.0,1000.0,0.0,-1000.0,408200.0,500.0,0.0,-500.0,474710.0
2025-01-11,09:50,202507010301,01,中京,3歳未勝利,未勝利,1800,ダート,良,16,3,ワイドデコラシオン,田口貫太,9.0,45.3,26.5,-41.5,-0.5362,0.0426,4.59,0.04683,0.03019,1.551,1.241,1.0,7,不的中,0,26.5,0.0,1000.0,0.0,-1000.0,407200.0,500.0,0.0,-500.0,474210.0
2025-01-11,10:20,202507010302,02,中京,3歳未勝利,未勝利,1200,ダート,良,16,12,ヤマニンレセディ,菱田裕二,11.0,87.3,77.5,-11.23,-0.1191,0.01126,4.67,0.02041,0.01032,1.977,1.582,1.0,6,不的中,0,71.0,0.0,1000.0,0.0,-1000.0,406200.0,400.0,0.0,-400.0,473810.0
2025-01-11,11:20,202507010304,04,中京,4歳以上1勝クラス,1勝クラス,1400,ダート,良,16,11,マルモリキング,田口貫太,10.0,49.4,28.7,-41.9,-0.5431,0.03684,5.3,0.08436,0.02787,3.026,2.4211,1.0,5,不的中,0,24.1,0.0,1000.0,0.0,-1000.0,405200.0,2500.0,0.0,-2500.0,471310.0
2025-01-11,12:10,202507010305,05,中京,3歳未勝利,未勝利,2200,芝,良,18,5,マイネルビスマルク,川須栄彦,10.0,60.8,28.7,-52.8,-0.7507,0.04831,5.52,0.0566,0.02787,2.03,1.6243,1.0,9,不的中,0,28.7,0.0,1000.0,0.0,-1000.0,404200.0,1100.0,0.0,-1100.0,468410.0
2025-01-11,12:10,202507010305,05,中京,3歳未勝利,未勝利,2200,芝,良,18,6,ホウオウアーネスト,松本大輝,14.0,157.5,92.2,-41.46,-0.5355,0.01366,5.52,0.01632,0.00868,1.881,1.5049,2.0,10,不的中,0,92.1,0.0,1000.0,0.0,-1000.0,403200.0,300.0,0.0,-300.0,468410.0
2025-01-11,12:10,202507010305,05,中京,3歳未勝利,未勝利,2200,芝,良,18,7,ウィットビーアビー,田口貫太,7.0,25.8,15.6,-39.53,-0.5031,0.07933,5.52,0.09236,0.05128,1.801,1.4408,3.0,14,不的中,0,15.6,0.0,1000.0,0.0,-1000.0,402200.0,1500.0,0.0,-1500.0,468410.0
2025-01-11,12:25,202506010305,05,中山,3歳新馬,新馬,2000,芝,良,18,13,カリータフェリス,木幡巧也,5.0,29.7,16.0,-46.13,-0.6186,0.07237,5.88,0.09236,0.05,1.847,1.4778,1.0,10,不的中,0,15.2,0.0,1000.0,0.0,-1000.0,401200.0,1500.0,0.0,-1500.0,466910.0
2025-01-11,13:25,202506010307,07,中山,3歳未勝利,未勝利,1600,芝,良,16,8,エターナルライズ,菅原明良,12.0,47.9,37.1,-22.55,-0.2555,0.02609,6.27,0.03433,0.02156,1.592,1.2736,1.0,16,不的中,0,37.0,0.0,1000.0,0.0,-1000.0,400200.0,400.0,0.0,-400.0,466510.0
2025-01-12,13:45,202507010408,08,中京,4歳以上1勝クラス,1勝クラス,1200,ダート,良,16,16,ナンヨークリスタル,鮫島克駿,8.0,24.7,18.6,-24.7,-0.2836,0.05493,7.54,0.08436,0.04301,1.961,1.5691,1.0,7,不的中,0,17.4,0.0,1000.0,0.0,-1000.0,399200.0,1600.0,0.0,-1600.0,464310.0
2025-01-12,13:45,202507010408,08,中京,4歳以上1勝クラス,1勝クラス,1200,ダート,良,16,2,タガノヒナタ,河原田菜,11.0,105.0,63.7,-39.33,-0.4998,0.0182,7.54,0.02396,0.01256,1.908,1.5262,2.0,10,不的中,0,60.5,0.0,1000.0,0.0,-1000.0,398200.0,400.0,0.0,-400.0,464310.0
2025-01-12,13:45,202507010408,08,中京,4歳以上1勝クラス,1勝クラス,1200,ダート,良,16,10,ダディーズアイル,浜中俊,12.0,71.4,61.4,-14.01,-0.1509,0.01501,7.54,0.0205,0.01303,1.573,1.2584,3.0,13,不的中,0,62.1,0.0,1000.0,0.0,-1000.0,397200.0,200.0,0.0,-200.0,464310.0
2025-01-12,14:01,202506010408,08,中山,4歳以上1勝クラス,1勝クラス,1800,ダート,良,16,11,イデアユウシン,北村宏司,11.0,48.9,38.6,-21.06,-0.2365,0.02578,7.2,0.03345,0.02073,1.614,1.2912,1.0,3,不的中,0,31.9,0.0,1000.0,0.0,-1000.0,396200.0,400.0,0.0,-400.0,463910.0
2025-01-12,15:45,202506010411,11,中山,第41回フェアリーステークス(GIII),G3,1600,芝,良,16,4,ネーブルオレンジ,丹内祐次,12.0,71.6,64.3,-10.2,-0.1075,0.01572,47.76,0.01929,0.01244,1.551,1.2405,1.0,13,不的中,0,62.8,0.0,1000.0,0.0,-1000.0,395200.0,200.0,0.0,-200.0,463710.0
2025-01-12,16:25,202506010412,12,中山,4歳以上2勝クラス,2勝クラス,1200,ダート,良,16,12,ホウオウプレミア,マーカン,6.0,18.2,15.1,-17.03,-0.1867,0.06228,15.96,0.09523,0.05298,1.797,1.4379,1.0,4,不的中,0,15.1,0.0,1000.0,0.0,-1000.0,394200.0,1500.0,0.0,-1500.0,462210.0
2025-01-13,09:50,202507010501,01,中京,3歳未勝利,未勝利,1800,ダート,良,16,11,マーゴットレジーナ,角田大和,10.0,33.3,26.4,-20.72,-0.2322,0.0374,3.49,0.04926,0.0303,1.626,1.3005,1.0,1,的中,1,27.0,2700.0,1000.0,27000.0,26000.0,420200.0,600.0,16200.0,15600.0,477810.0
2025-01-13,12:40,202507010506,06,中京,4歳以上1勝クラス,1勝クラス,1400,ダート,良,16,7,クインズシャウラ,河原田菜,10.0,38.7,33.5,-13.44,-0.1443,0.02651,4.9,0.03594,0.02388,1.505,1.2041,1.0,10,不的中,0,34.7,0.0,1000.0,0.0,-1000.0,419200.0,400.0,0.0,-400.0,477410.0
2025-01-13,12:55,202506010506,06,中山,3歳未勝利,未勝利,2200,芝,良,17,16,クラレット,北村宏司,8.0,47.3,32.1,-32.14,-0.3877,0.03168,6.32,0.03804,0.02492,1.526,1.221,1.0,8,不的中,0,32.1,0.0,1000.0,0.0,-1000.0,418200.0,400.0,0.0,-400.0,477010.0
2025-01-13,14:20,202507010509,09,中京,鳥羽特別(2勝),2勝クラス,1400,ダート,良,16,14,キタノズエッジ,池添謙一,10.0,37.1,27.0,-27.22,-0.3178,0.03909,8.11,0.05302,0.02963,1.789,1.4315,1.0,10,不的中,0,27.0,0.0,1000.0,0.0,-1000.0,417200.0,800.0,0.0,-800.0,475310.0
2025-01-13,14:20,202507010509,09,中京,鳥羽特別(2勝),2勝クラス,1400,ダート,良,16,12,ハリウッドブルース,北村友一,7.0,24.4,14.9,-38.93,-0.4932,0.07844,8.11,0.08378,0.05369,1.56,1.2483,2.0,6,不的中,0,14.9,0.0,1000.0,0.0,-1000.0,416200.0,900.0,0.0,-900.0,475310.0
2025-01-13,14:35,202506010509,09,中山,成田特別(2勝),2勝クラス,2400,ダート,良,16,16,アトラクティーボ,武藤雅,9.0,50.1,32.9,-34.33,-0.4205,0.03265,7.84,0.04136,0.02432,1.701,1.3609,1.0,8,不的中,0,29.1,0.0,1000.0,0.0,-1000.0,415200.0,600.0,0.0,-600.0,474710.0
2025-01-13,14:55,202507010510,10,中京,雅ステークス(3勝),3勝クラス,1800,ダート,良,16,12,ネッケツシャチョウ,荻野琢真,7.0,21.9,17.5,-20.09,-0.2243,0.05511,9.72,0.07266,0.04571,1.589,1.2715,1.0,4,不的中,0,17.5,0.0,1000.0,0.0,-1000.0,414200.0,800.0,0.0,-800.0,473910.0
2025-01-13,15:10,202506010510,10,中山,初春ステークス(3勝),3勝クラス,1200,ダート,良,16,15,エレガントムーン,ドイル,14.0,77.8,60.1,-22.75,-0.2581,0.0154,12.3,0.02396,0.01331,1.8,1.4399,1.0,2,不的中,0,60.1,0.0,1000.0,0.0,-1000.0,413200.0,400.0,0.0,-400.0,473510.0
2025-01-13,16:10,202507010512,12,中京,4歳以上2勝クラス,2勝クラス,1200,芝,良,14,2,ニフェーデービル,永島まな,13.0,81.2,70.2,-13.55,-0.1456,0.01354,10.72,0.0205,0.0114,1.798,1.4388,1.0,8,不的中,0,57.9,0.0,1000.0,0.0,-1000.0,412200.0,400.0,0.0,-400.0,473110.0
2025-01-13,16:25,202506010512,12,中山,4歳以上1勝クラス,1勝クラス,1600,芝,良,16,6,ベストオブユー,長浜鴻緒,7.0,23.7,16.7,-29.54,-0.3501,0.06397,15.01,0.09058,0.0479,1.891,1.5127,1.0,5,不的中,0,13.7,0.0,1000.0,0.0,-1000.0,411200.0,1600.0,0.0,-1600.0,470810.0
2025-01-13,16:25,202506010512,12,中山,4歳以上1勝クラス,1勝クラス,1600,芝,良,16,1,ジャグアール,石橋脩,9.0,25.4,21.1,-16.93,-0.1855,0.04507,15.01,0.06068,0.03791,1.6,1.2803,2.0,12,不的中,0,18.9,0.0,1000.0,0.0,-1000.0,410200.0,700.0,0.0,-700.0,470810.0
2025-01-18,12:10,202507010605,05,中京,3歳未勝利,未勝利,2000,芝,良,18,12,ノボリディアマン,中井裕二,13.0,129.1,97.6,-24.4,-0.2797,0.01096,5.8,0.01468,0.0082,1.791,1.433,1.0,13,不的中,0,97.3,0.0,1000.0,0.0,-1000.0,409200.0,300.0,0.0,-300.0,470510.0
2025-01-18,12:55,202506010606,06,中山,4歳以上1勝クラス,1勝クラス,1200,ダート,良,16,16,グラニットピーク,黛弘人,8.0,51.0,40.7,-20.2,-0.2256,0.02311,6.11,0.0354,0.01966,1.801,1.4406,1.0,5,不的中,0,39.8,0.0,1000.0,0.0,-1000.0,408200.0,600.0,0.0,-600.0,469910.0
2025-01-18,14:20,202507010609,09,中京,濃尾特別(2勝),2勝クラス,1800,ダート,良,16,2,タイガースパーク,田口貫太,10.0,147.2,82.3,-44.09,-0.5814,0.01535,7.36,0.01468,0.00972,1.51,1.2083,1.0,8,不的中,0,54.9,0.0,1000.0,0.0,-1000.0,407200.0,200.0,0.0,-200.0,469710.0
2025-01-18,15:10,202506010610,10,中山,アレキサンドライトS(3勝),3勝クラス,1800,ダート,良,16,13,フランスゴデイナ,田辺裕信,8.0,40.7,21.8,-46.44,-0.6243,0.05375,9.29,0.06742,0.0367,1.837,1.4698,1.0,16,不的中,0,21.2,0.0,1000.0,0.0,-1000.0,406200.0,1100.0,0.0,-1100.0,468610.0
2025-01-18,15:30,202507010611,11,中京,遠江ステークス(3勝),3勝クラス,1400,ダート,良,16,14,カズゴルティス,西村淳也,7.0,22.8,17.7,-22.37,-0.2532,0.06053,13.28,0.09523,0.0452,2.107,1.6855,1.0,8,不的中,0,16.4,0.0,1000.0,0.0,-1000.0,405200.0,2000.0,0.0,-2000.0,466610.0
2025-01-18,15:45,202506010611,11,中山,カーバンクルS(OP),オープン,1200,芝,良,16,7,エエヤン,丸田恭介,9.0,40.8,35.3,-13.48,-0.1448,0.02855,16.93,0.03594,0.02266,1.586,1.2688,1.0,15,不的中,0,31.6,0.0,1000.0,0.0,-1000.0,404200.0,400.0,0.0,-400.0,466210.0
2025-01-19,10:20,202507010702,02,中京,3歳未勝利,未勝利,1800,ダート,良,13,7,ソングコレクター,鮫島克駿,5.0,27.8,20.1,-27.7,-0.3243,0.04795,5.7,0.08814,0.0398,2.215,1.7716,1.0,2,不的中,0,14.5,0.0,1000.0,0.0,-1000.0,403200.0,1900.0,0.0,-1900.0,464310.0
2025-01-19,11:05,202506010703,03,中山,3歳未勝利,未勝利,1800,ダート,良,16,7,ダブルメッセージ,石神深道,12.0,78.3,42.6,-45.59,-0.6087,0.02575,4.97,0.04471,0.01878,2.381,1.9045,1.0,3,不的中,0,43.4,0.0,1000.0,0.0,-1000.0,402200.0,1100.0,0.0,-1100.0,461410.0
2025-01-19,11:05,202506010703,03,中山,3歳未勝利,未勝利,1800,ダート,良,16,9,ラブリーウィザード,長浜鴻緒,9.0,35.3,30.4,-13.88,-0.1494,0.02908,4.97,0.04988,0.02632,1.895,1.5163,2.0,14,不的中,0,31.1,0.0,1000.0,0.0,-1000.0,401200.0,900.0,0.0,-900.0,461410.0
2025-01-19,11:05,202506010703,03,中山,3歳未勝利,未勝利,1800,ダート,良,16,14,ノメンターノ,野中悠太,7.0,22.7,18.7,-17.62,-0.1938,0.04862,4.97,0.07118,0.04278,1.664,1.3311,3.0,4,不的中,0,18.1,0.0,1000.0,0.0,-1000.0,400200.0,900.0,0.0,-900.0,461410.0
2025-01-19,12:10,202507010705,05,中京,3歳新馬,新馬,2000,芝,良,18,11,ヴァンガルダ,団野大成,10.0,53.5,38.7,-27.66,-0.3238,0.0295,5.32,0.03882,0.02067,1.878,1.5024,1.0,2,不的中,0,38.7,0.0,1000.0,0.0,-1000.0,399200.0,700.0,0.0,-700.0,460710.0
2025-01-19,12:25,202506010705,05,中山,3歳新馬,新馬,1600,芝,良,16,5,スタークルージング,木幡育也,5.0,14.6,13.7,-6.16,-0.0636,0.0612,6.0,0.09236,0.05839,1.582,1.2653,1.0,12,不的中,0,13.7,0.0,1000.0,0.0,-1000.0,398200.0,1000.0,0.0,-1000.0,459710.0
2025-01-19,13:45,202507010708,08,中京,4歳以上1勝クラス,1勝クラス,1400,ダート,良,16,1,マテンロウミラクル,柴田裕一,10.0,127.2,56.2,-55.82,-0.8168,0.02413,7.16,0.02396,0.01423,1.683,1.3465,1.0,2,不的中,0,56.2,0.0,1000.0,0.0,-1000.0,397200.0,300.0,0.0,-300.0,459410.0
2025-01-19,14:01,202506010708,08,中山,4歳以上2勝クラス,2勝クラス,1800,芝,良,14,5,ウインアクトゥール,横山和生,12.0,44.4,35.6,-19.82,-0.2209,0.0279,7.85,0.03594,0.02247,1.599,1.2795,1.0,5,不的中,0,35.6,0.0,1000.0,0.0,-1000.0,396200.0,400.0,0.0,-400.0,459010.0
2025-01-19,15:45,202506010711,11,中山,第65回京成杯(GIII),G3,2000,芝,良,14,1,タイセイリコルド,石橋脩,6.0,20.4,15.5,-24.02,-0.2747,0.075,41.59,0.10641,0.05161,2.062,1.6493,1.0,13,不的中,0,15.0,0.0,1000.0,0.0,-1000.0,395200.0,2100.0,0.0,-2100.0,456510.0
2025-01-19,15:45,202506010711,11,中山,第65回京成杯(GIII),G3,2000,芝,良,14,3,ミニトランザット,田辺裕信,9.0,40.5,29.5,-27.16,-0.3169,0.041,41.59,0.04188,0.02712,1.544,1.2354,2.0,3,不的中,0,29.6,0.0,1000.0,0.0,-1000.0,394200.0,400.0,0.0,-400.0,456510.0
2025-01-19,16:25,202506010712,12,中山,3歳未勝利,未勝利,1600,芝,良,16,11,ガンビーチ,岩部純二,11.0,72.6,67.1,-7.58,-0.0788,0.01275,17.89,0.01886,0.01192,1.581,1.2652,1.0,2,不的中,0,63.7,0.0,1000.0,0.0,-1000.0,393200.0,200.0,0.0,-200.0,456310.0
2025-01-25,11:05,202507010803,03,中京,3歳未勝利,未勝利,1400,ダート,良,16,2,リアルクィーン,菱田裕二,9.0,78.6,61.5,-21.76,-0.2453,0.01705,5.26,0.0244,0.01301,1.876,1.5008,1.0,3,不的中,0,56.5,0.0,1000.0,0.0,-1000.0,392200.0,400.0,0.0,-400.0,455910.0
2025-01-25,11:40,202506010804,04,中山,3歳新馬,新馬,1800,ダート,良,16,16,アルバーチョ,野中悠太,13.0,73.2,53.8,-26.5,-0.3079,0.019,3.13,0.0244,0.01487,1.641,1.3129,1.0,14,不的中,0,45.7,0.0,1000.0,0.0,-1000.0,391200.0,300.0,0.0,-300.0,455610.0
2025-01-25,13:15,202510010107,07,小倉,4歳以上1勝クラス,1勝クラス,2600,芝,良,16,6,サングラデーション,津村明秀,8.0,36.5,23.0,-36.99,-0.4618,0.04087,4.21,0.05442,0.03478,1.564,1.2516,1.0,9,不的中,0,18.9,0.0,1000.0,0.0,-1000.0,390200.0,600.0,0.0,-600.0,455010.0
2025-01-25,13:35,202506010807,07,中山,4歳以上1勝クラス,1勝クラス,1200,ダート,良,16,11,イモータルフェイム,石川裕紀,9.0,30.0,25.6,-14.67,-0.1586,0.03355,6.1,0.04926,0.03125,1.576,1.2611,1.0,15,不的中,0,25.9,0.0,1000.0,0.0,-1000.0,389200.0,500.0,0.0,-500.0,454510.0
2025-01-25,14:50,202510010110,10,小倉,企救丘特別(2勝),2勝クラス,1700,ダート,良,16,4,ワーズワース,北村友一,9.0,37.9,28.3,-25.33,-0.2921,0.03314,6.0,0.05157,0.02827,1.824,1.4594,1.0,10,不的中,0,28.3,0.0,1000.0,0.0,-1000.0,388200.0,800.0,0.0,-800.0,452810.0
2025-01-25,14:50,202510010110,10,小倉,企救丘特別(2勝),2勝クラス,1700,ダート,良,16,10,ウィズザドリーム,斎藤新,5.0,24.7,14.8,-40.08,-0.5122,0.06955,6.0,0.08554,0.05405,1.582,1.266,2.0,13,不的中,0,14.8,0.0,1000.0,0.0,-1000.0,387200.0,900.0,0.0,-900.0,452810.0
2025-01-25,15:25,202510010111,11,小倉,第1回小倉牝馬ステークス(GIII),G3,2000,芝,良,18,6,キミノナハマリア,鮫島克駿,6.0,18.4,15.0,-18.48,-0.2043,0.06947,27.21,0.09236,0.05333,1.732,1.3854,1.0,7,不的中,0,14.3,0.0,1000.0,0.0,-1000.0,386200.0,1300.0,0.0,-1300.0,451510.0
2025-01-25,15:45,202506010811,11,中山,初富士ステークス(3勝),3勝クラス,2000,芝,良,17,8,インスタキング,北村宏司,12.0,88.2,65.2,-26.08,-0.3021,0.01501,14.34,0.01877,0.01227,1.53,1.224,1.0,5,不的中,0,47.8,0.0,1000.0,0.0,-1000.0,385200.0,200.0,0.0,-200.0,450510.0
2025-01-25,15:45,202506010811,11,中山,初富士ステークス(3勝),3勝クラス,2000,芝,良,17,12,モズロックンロール,大野拓弥,4.0,14.7,13.0,-11.56,-0.1229,0.06732,14.34,0.09236,0.06154,1.501,1.2007,2.0,10,不的中,0,11.1,0.0,1000.0,0.0,-1000.0,384200.0,800.0,0.0,-800.0,450510.0
2025-01-25,16:05,202510010112,12,小倉,4歳以上1勝クラス,1勝クラス,1800,芝,良,16,4,ヴィスマール,北村友一,5.0,17.2,13.1,-23.84,-0.2723,0.0831,10.04,0.11416,0.06107,1.869,1.4955,1.0,5,不的中,0,10.2,0.0,1000.0,0.0,-1000.0,383200.0,1900.0,0.0,-1900.0,448610.0
2025-01-26,10:05,202506010901,01,中山,3歳未勝利,未勝利,1200,ダート,良,16,10,ウインレアリゼ,三浦皇成,4.0,22.6,15.8,-30.09,-0.3579,0.06156,5.06,0.08378,0.05063,1.655,1.3237,1.0,4,不的中,0,16.1,0.0,1000.0,0.0,-1000.0,382200.0,1000.0,0.0,-1000.0,447610.0
2025-01-26,10:30,202507010902,02,中京,3歳未勝利,未勝利,1400,ダート,良,16,1,ソルレーヴ,菱田裕二,8.0,41.4,19.3,-53.38,-0.7632,0.0657,6.51,0.09523,0.04145,2.297,1.8379,1.0,9,不的中,0,18.5,0.0,1000.0,0.0,-1000.0,381200.0,2100.0,0.0,-2100.0,445510.0
2025-01-26,12:05,202510010205,05,小倉,3歳新馬,新馬,1200,芝,良,18,14,ボルセーナ,石神深道,8.0,33.8,23.9,-29.29,-0.3466,0.045,4.07,0.05364,0.03347,1.602,1.2819,1.0,7,不的中,0,23.9,0.0,1000.0,0.0,-1000.0,380200.0,600.0,0.0,-600.0,444910.0
2025-01-26,13:05,202510010207,07,小倉,3歳未勝利,未勝利,1800,芝,良,14,14,ウインリベラシオン,長岡禎仁,8.0,26.1,19.0,-27.2,-0.3175,0.04557,4.2,0.06742,0.04211,1.601,1.281,1.0,2,不的中,0,19.0,0.0,1000.0,0.0,-1000.0,379200.0,700.0,0.0,-700.0,444210.0
2025-01-26,15:15,202510010211,11,小倉,壇之浦ステークス(3勝),3勝クラス,1800,芝,良,12,9,ストロングウィル,池添謙一,7.0,33.3,25.6,-23.12,-0.263,0.0383,11.9,0.05059,0.03125,1.619,1.295,1.0,6,不的中,0,25.9,0.0,1000.0,0.0,-1000.0,378200.0,600.0,0.0,-600.0,443610.0
2025-01-26,16:01,202510010212,12,小倉,4歳以上1勝クラス,1勝クラス,1700,ダート,良,11,9,ピカレスクノベル,秋山稔樹,9.0,47.2,34.0,-27.97,-0.328,0.02621,7.36,0.03925,0.02353,1.668,1.3346,1.0,8,不的中,0,34.0,0.0,1000.0,0.0,-1000.0,377200.0,500.0,0.0,-500.0,443110.0
2025-02-01,14:50,202510010310,10,小倉,有田特別(2勝),2勝クラス,1000,ダート,重,14,10,サイレンスゴールド,秋山稔樹,2.0,15.1,10.8,-28.48,-0.3351,0.09496,5.82,0.11752,0.07407,1.587,1.2692,1.0,5,不的中,0,8.2,0.0,1000.0,0.0,-1000.0,376200.0,1300.0,0.0,-1300.0,441810.0
2025-02-01,15:01,202508010110,10,京都,許波多特別(2勝),2勝クラス,2400,芝,良,10,8,リミットバスター,ルメート,8.0,34.5,23.7,-31.3,-0.3755,0.04265,6.1,0.05935,0.03376,1.758,1.4066,1.0,3,不的中,0,16.2,0.0,1000.0,0.0,-1000.0,375200.0,800.0,0.0,-800.0,441010.0
2025-02-01,16:01,202510010312,12,小倉,4歳以上1勝クラス,1勝クラス,1200,芝,重,18,9,ラブカムーン,河原田菜,6.0,22.3,14.9,-33.18,-0.4032,0.06657,6.01,0.08814,0.05369,1.642,1.3133,1.0,4,不的中,0,14.9,0.0,1000.0,0.0,-1000.0,374200.0,1000.0,0.0,-1000.0,439410.0
2025-02-01,16:01,202510010312,12,小倉,4歳以上1勝クラス,1勝クラス,1200,芝,重,18,10,ノースディーバ,斎藤新,8.0,25.8,23.1,-10.47,-0.1105,0.03714,6.01,0.05442,0.03463,1.571,1.257,2.0,15,不的中,0,20.2,0.0,1000.0,0.0,-1000.0,373200.0,600.0,0.0,-600.0,439410.0
2025-02-01,16:25,202505010112,12,東京,4歳以上1勝クラス,1勝クラス,1800,芝,良,16,12,ファイナルヒート,内田博幸,4.0,15.1,11.0,-27.15,-0.3168,0.09427,13.22,0.11737,0.07273,1.614,1.2911,1.0,10,不的中,0,10.9,0.0,1000.0,0.0,-1000.0,372200.0,1300.0,0.0,-1300.0,438110.0
2025-02-02,10:15,202510010402,02,小倉,3歳未勝利,未勝利,1200,芝,重,16,4,レイチェルバローズ,河原田菜,7.0,26.0,22.0,-15.38,-0.1671,0.03923,4.02,0.05935,0.03636,1.632,1.3057,1.0,7,不的中,0,19.9,0.0,1000.0,0.0,-1000.0,371200.0,700.0,0.0,-700.0,437410.0
2025-02-02,14:40,202510010410,10,小倉,周防灘特別(2勝),2勝クラス,1200,芝,稍重,18,10,メイショウミリオレ,川須栄彦,7.0,25.7,16.2,-36.96,-0.4615,0.06689,5.95,0.14495,0.04938,2.935,2.3482,1.0,9,不的中,0,16.2,0.0,1000.0,0.0,-1000.0,370200.0,3900.0,0.0,-3900.0,433510.0
2025-02-02,15:30,202508010211,11,京都,第30回シルクロードS(GIII),G3,1200,芝,稍重,17,10,ジャングロ,中井裕二,15.0,188.0,129.1,-31.33,-0.3759,0.00643,35.9,0.0117,0.0062,1.888,1.5105,1.0,11,不的中,0,129.1,0.0,1000.0,0.0,-1000.0,369200.0,200.0,0.0,-200.0,432610.0
2025-02-02,15:30,202508010211,11,京都,第30回シルクロードS(GIII),G3,1200,芝,稍重,17,14,グランテスト,団野大成,10.0,55.4,30.5,-44.95,-0.5969,0.03224,35.9,0.04243,0.02623,1.618,1.2941,2.0,2,不的中,0,30.5,0.0,1000.0,0.0,-1000.0,368200.0,500.0,0.0,-500.0,432610.0
2025-02-02,15:30,202508010211,11,京都,第30回シルクロードS(GIII),G3,1200,芝,稍重,17,17,プルパレイ,高杉吏麒,14.0,136.9,121.4,-11.32,-0.1202,0.00499,35.9,0.01055,0.00659,1.601,1.281,3.0,6,不的中,0,121.4,0.0,1000.0,0.0,-1000.0,367200.0,200.0,0.0,-200.0,432610.0
2025-02-02,15:45,202505010211,11,東京,第39回根岸ステークス(GIII),G3,1400,ダート,稍重,16,12,サトノルフィアン,横山典弘,10.0,53.4,26.8,-49.81,-0.6894,0.05542,44.23,0.05442,0.02985,1.823,1.4584,1.0,10,不的中,0,26.8,0.0,1000.0,0.0,-1000.0,366200.0,800.0,0.0,-800.0,431810.0
2025-02-08,09:50,202510010501,01,小倉,3歳未勝利,未勝利,1700,ダート,稍重,16,7,アニュスノーバス,秋山稔樹,13.0,105.0,80.2,-23.62,-0.2694,0.01259,4.17,0.01782,0.00998,1.787,1.4294,1.0,14,不的中,0,75.1,0.0,1000.0,0.0,-1000.0,365200.0,300.0,0.0,-300.0,431210.0
2025-02-08,09:50,202510010501,01,小倉,3歳未勝利,未勝利,1700,ダート,稍重,16,14,サンライズジュピタ,松若風馬,12.0,62.5,52.5,-16.0,-0.1744,0.01788,4.17,0.02396,0.01524,1.572,1.2578,2.0,11,不的中,0,49.8,0.0,1000.0,0.0,-1000.0,364200.0,300.0,0.0,-300.0,431210.0
2025-02-08,10:40,202505010302,02,東京,3歳未勝利,未勝利,1300,ダート,良,16,10,クリーンリーチ,松岡正海,8.0,32.1,25.5,-20.56,-0.2302,0.03829,4.96,0.04988,0.03137,1.59,1.2719,1.0,5,不的中,0,22.6,0.0,1000.0,0.0,-1000.0,363200.0,500.0,0.0,-500.0,439670.0
2025-02-08,10:40,202505010302,02,東京,3歳未勝利,未勝利,1300,ダート,良,16,15,エポカスピーガ,横山琉人,6.0,15.9,13.2,-16.98,-0.1861,0.07142,4.96,0.09236,0.06061,1.524,1.2192,2.0,1,的中,1,12.2,1220.0,1000.0,12200.0,11200.0,374400.0,800.0,9760.0,8960.0,439670.0
2025-02-08,13:35,202505010307,07,東京,3歳1勝クラス,1勝クラス,1400,ダート,良,14,10,サウンドバッハ,長浜鴻緒,9.0,52.0,31.6,-39.23,-0.4981,0.03639,7.89,0.07756,0.02532,3.064,2.4509,1.0,10,不的中,0,30.0,0.0,1000.0,0.0,-1000.0,373400.0,2100.0,0.0,-2100.0,437570.0
2025-02-08,14:35,202505010309,09,東京,春菜賞(1勝),1勝クラス,1400,芝,良,16,2,キョウエイボニータ,松岡正海,6.0,15.8,13.0,-17.72,-0.1951,0.07405,9.08,0.09703,0.06154,1.577,1.2614,1.0,1,的中,1,11.8,1180.0,1000.0,11800.0,10800.0,384200.0,1000.0,11800.0,10800.0,448370.0
2025-02-08,14:50,202510010510,10,小倉,RKB賞(2勝),2勝クラス,2000,芝,稍重,16,1,トーアライデン,秋山稔樹,6.0,25.6,14.6,-42.97,-0.5616,0.07314,6.5,0.09236,0.05479,1.686,1.3485,1.0,8,不的中,0,14.1,0.0,1000.0,0.0,-1000.0,383200.0,1200.0,0.0,-1200.0,446570.0
2025-02-08,14:50,202510010510,10,小倉,RKB賞(2勝),2勝クラス,2000,芝,稍重,16,8,サダムオプシス,永島まな,8.0,35.0,27.8,-20.57,-0.2303,0.03325,6.5,0.04683,0.02878,1.627,1.3019,2.0,13,不的中,0,25.0,0.0,1000.0,0.0,-1000.0,382200.0,600.0,0.0,-600.0,446570.0
2025-02-08,15:10,202505010310,10,東京,テレビ山梨杯(2勝),2勝クラス,1400,芝,良,13,5,ロジカルワーズ,嶋田純次,6.0,28.3,17.5,-38.16,-0.4807,0.06867,10.15,0.08732,0.04571,1.91,1.5281,1.0,2,不的中,0,15.8,0.0,1000.0,0.0,-1000.0,381200.0,1500.0,0.0,-1500.0,460040.0
2025-02-08,15:10,202505010310,10,東京,テレビ山梨杯(2勝),2勝クラス,1400,芝,良,13,4,コスモアディラート,石川裕紀,10.0,105.0,52.6,-49.9,-0.6912,0.02534,10.15,0.0244,0.01521,1.605,1.2836,2.0,1,的中,1,50.9,5090.0,1000.0,50900.0,49900.0,431100.0,300.0,15270.0,14970.0,460040.0
2025-02-08,15:25,202510010511,11,小倉,豊前ステークス(3勝),3勝クラス,1700,ダート,稍重,15,8,ヴィンテージボンド,杉原誠人,9.0,32.8,25.5,-22.26,-0.2518,0.03723,11.2,0.0566,0.03137,1.804,1.4432,1.0,9,不的中,0,24.8,0.0,1000.0,0.0,-1000.0,430100.0,900.0,0.0,-900.0,459140.0
2025-02-08,15:45,202505010311,11,東京,早春ステークス(3勝),3勝クラス,2400,芝,良,14,4,マイネルカンパーナ,津村明秀,9.0,88.7,66.4,-25.14,-0.2896,0.01769,19.56,0.02396,0.01205,1.989,1.5908,1.0,1,的中,1,65.8,6580.0,1000.0,65800.0,64800.0,494900.0,500.0,32900.0,32400.0,491540.0
2025-02-08,16:25,202505010312,12,東京,4歳以上1勝クラス,1勝クラス,1300,ダート,良,16,11,ノアスペシャル,横山琉人,12.0,56.6,44.3,-21.73,-0.245,0.02413,12.15,0.02855,0.01806,1.581,1.2647,1.0,10,不的中,0,44.3,0.0,1000.0,0.0,-1000.0,493900.0,400.0,0.0,-400.0,491140.0
2025-02-09,09:45,202510010601,01,小倉,3歳未勝利,未勝利,1700,ダート,稍重,16,8,ケングロリア,橋木太希,9.0,84.3,64.6,-23.37,-0.2662,0.01473,2.86,0.0244,0.01238,1.971,1.5765,1.0,2,不的中,0,42.2,0.0,1000.0,0.0,-1000.0,492900.0,500.0,0.0,-500.0,490640.0
2025-02-09,10:15,202510010602,02,小倉,3歳未勝利,未勝利,1800,芝,稍重,16,11,ミセスリリー,大野拓弥,12.0,92.2,63.3,-31.34,-0.3761,0.0145,3.31,0.02751,0.01264,2.177,1.7416,1.0,9,不的中,0,57.1,0.0,1000.0,0.0,-1000.0,491900.0,600.0,0.0,-600.0,490040.0
2025-02-09,10:35,202505010402,02,東京,3歳未勝利,未勝利,2100,ダート,良,16,15,マイネルジーニアス,野中悠太,6.0,21.6,15.3,-29.17,-0.3448,0.0606,5.32,0.09236,0.05229,1.766,1.4131,1.0,8,不的中,0,14.7,0.0,1000.0,0.0,-1000.0,490900.0,1500.0,0.0,-1500.0,488540.0
2025-02-09,12:55,202505010406,06,東京,3歳未勝利,未勝利,1600,芝,良,16,2,セットオンユー,野中悠太,9.0,111.0,54.8,-50.63,-0.7058,0.01964,7.02,0.02396,0.0146,1.641,1.3129,1.0,11,不的中,0,56.3,0.0,1000.0,0.0,-1000.0,489900.0,300.0,0.0,-300.0,488240.0
2025-02-09,15:45,202505010411,11,東京,第75回東京新聞杯(GIII),G3,1600,芝,良,16,16,セオ,横山和生,8.0,35.2,27.4,-22.16,-0.2505,0.04261,54.2,0.04683,0.0292,1.604,1.2831,1.0,6,不的中,0,27.6,0.0,1000.0,0.0,-1000.0,488900.0,600.0,0.0,-600.0,487640.0
2025-02-09,16:01,202510010612,12,小倉,4歳以上1勝クラス,1勝クラス,1200,芝,稍重,18,18,ブラヴィーノ,永島まな,12.0,53.3,46.7,-12.38,-0.1322,0.01737,6.36,0.03667,0.01713,2.141,1.7124,1.0,10,不的中,0,46.8,0.0,1000.0,0.0,-1000.0,487900.0,800.0,0.0,-800.0,486840.0
2025-02-09,16:25,202505010412,12,東京,4歳以上1勝クラス,1勝クラス,1600,ダート,良,16,9,フィリップ,木幡巧也,10.0,66.9,56.9,-14.95,-0.1619,0.01617,15.19,0.02553,0.01406,1.816,1.4524,1.0,5,不的中,0,57.8,0.0,1000.0,0.0,-1000.0,486900.0,400.0,0.0,-400.0,486440.0
2025-02-10,12:20,202508010305,05,京都,3歳未勝利,未勝利,1600,芝,良,18,3,クリフウォーク,北村友一,7.0,28.2,18.9,-32.98,-0.4002,0.0615,6.86,0.06943,0.04233,1.64,1.3122,1.0,15,不的中,0,18.9,0.0,1000.0,0.0,-1000.0,485900.0,900.0,0.0,-900.0,484840.0
2025-02-10,12:20,202508010305,05,京都,3歳未勝利,未勝利,1600,芝,良,18,16,ヴァイスクレー,西村淳也,6.0,23.8,17.2,-27.73,-0.3248,0.06424,6.86,0.07118,0.04651,1.53,1.2243,2.0,7,不的中,0,17.2,0.0,1000.0,0.0,-1000.0,484900.0,700.0,0.0,-700.0,484840.0
2025-02-10,13:25,202508010307,07,京都,4歳以上1勝クラス,1勝クラス,1400,ダート,良,15,12,チェイスザウェイ,田辺裕信,11.0,74.7,51.8,-30.66,-0.3661,0.02124,5.96,0.02396,0.01544,1.551,1.241,1.0,3,不的中,0,51.8,0.0,1000.0,0.0,-1000.0,483900.0,300.0,0.0,-300.0,484540.0
2025-02-10,13:55,202508010308,08,京都,4歳以上2勝クラス,2勝クラス,1800,芝,良,8,5,ハイディージェン,和田竜二,7.0,23.3,15.9,-31.76,-0.3821,0.07153,6.1,0.10354,0.05031,2.058,1.6463,1.0,8,不的中,0,15.9,0.0,1000.0,0.0,-1000.0,482900.0,2200.0,0.0,-2200.0,481840.0
2025-02-10,13:55,202508010308,08,京都,4歳以上2勝クラス,2勝クラス,1800,芝,良,8,2,パンデアスカル,幸英明,8.0,52.1,44.0,-15.55,-0.169,0.02196,6.1,0.0308,0.01818,1.694,1.3551,2.0,4,不的中,0,44.0,0.0,1000.0,0.0,-1000.0,481900.0,500.0,0.0,-500.0,481840.0
2025-02-10,14:25,202508010309,09,京都,橿原ステークス(3勝),3勝クラス,1200,ダート,良,13,2,ジュストコル,Ｍ．デム,6.0,20.7,16.8,-18.84,-0.2088,0.0598,7.9,0.08378,0.04762,1.759,1.4075,1.0,11,不的中,0,16.6,0.0,1000.0,0.0,-1000.0,480900.0,1300.0,0.0,-1300.0,480540.0
2025-02-10,16:10,202508010312,12,京都,4歳以上1勝クラス,1勝クラス,1200,ダート,良,16,11,エブライト,長岡禎仁,7.0,23.1,16.3,-29.44,-0.3487,0.07499,13.28,0.07883,0.04908,1.606,1.2849,1.0,3,不的中,0,16.3,0.0,1000.0,0.0,-1000.0,479900.0,900.0,0.0,-900.0,479640.0
2025-02-15,09:50,202510010701,01,小倉,3歳未勝利,未勝利,1700,ダート,良,14,12,カフジアッサム,小沢大仁,9.0,73.8,60.0,-18.7,-0.207,0.01608,3.13,0.0244,0.01333,1.83,1.4642,1.0,12,不的中,0,60.0,0.0,1000.0,0.0,-1000.0,478900.0,400.0,0.0,-400.0,478840.0
2025-02-15,09:50,202510010701,01,小倉,3歳未勝利,未勝利,1700,ダート,良,14,3,リネンドライブ,秋山稔樹,8.0,84.4,54.2,-35.78,-0.4429,0.02069,3.13,0.02553,0.01476,1.729,1.3835,2.0,5,不的中,0,54.2,0.0,1000.0,0.0,-1000.0,477900.0,400.0,0.0,-400.0,478840.0
2025-02-15,10:20,202510010702,02,小倉,3歳未勝利,未勝利,1200,芝,良,18,15,ダブルシルバー,藤岡佑介,6.0,22.5,14.9,-33.78,-0.4122,0.06235,3.93,0.08127,0.05369,1.514,1.2109,1.0,6,不的中,0,14.9,0.0,1000.0,0.0,-1000.0,476900.0,800.0,0.0,-800.0,478040.0
2025-02-15,13:30,202505010507,07,東京,3歳1勝クラス,1勝クラス,1400,芝,良,12,11,エンドレスサマー,江田照男,9.0,22.3,16.8,-24.66,-0.2832,0.05458,7.14,0.07756,0.04762,1.629,1.303,1.0,8,不的中,0,16.8,0.0,1000.0,0.0,-1000.0,475900.0,1000.0,0.0,-1000.0,477040.0
2025-02-15,13:50,202508010508,08,京都,4歳以上1勝クラス,1勝クラス,1900,ダート,良,12,4,ブルーワール,吉村誠之,5.0,22.6,20.6,-8.85,-0.0927,0.04021,4.46,0.06207,0.03883,1.598,1.2786,1.0,5,不的中,0,20.7,0.0,1000.0,0.0,-1000.0,474900.0,700.0,0.0,-700.0,476340.0
2025-02-15,15:10,202505010510,10,東京,銀蹄ステークス(3勝),3勝クラス,1400,ダート,良,16,15,アッチャゴーラ,小崎綾也,4.0,25.9,11.2,-56.76,-0.8383,0.10776,8.92,0.11074,0.07143,1.55,1.2403,1.0,4,不的中,0,11.2,0.0,1000.0,0.0,-1000.0,473900.0,1200.0,0.0,-1200.0,475140.0
2025-02-15,15:25,202510010711,11,小倉,下関ステークス(3勝),3勝クラス,1200,芝,良,18,4,エマヌエーレ,荻野極,6.0,18.4,14.5,-21.2,-0.2382,0.0683,7.11,0.09652,0.05517,1.75,1.3996,1.0,2,不的中,0,14.5,0.0,1000.0,0.0,-1000.0,472900.0,1500.0,0.0,-1500.0,473640.0
2025-02-15,16:25,202505010512,12,東京,4歳以上1勝クラス,1勝クラス,1600,芝,良,16,16,シルバースペード,キング,9.0,29.4,24.5,-16.67,-0.1823,0.03811,11.39,0.05302,0.03265,1.624,1.299,1.0,8,不的中,0,21.2,0.0,1000.0,0.0,-1000.0,471900.0,700.0,0.0,-700.0,472940.0
2025-02-16,10:45,202510010803,03,小倉,4歳以上1勝クラス,1勝クラス,1000,ダート,良,14,11,パトジュニア,国分恭介,13.0,168.6,126.8,-24.79,-0.2849,0.00717,4.42,0.01061,0.00631,1.681,1.3451,1.0,9,不的中,0,120.6,0.0,1000.0,0.0,-1000.0,470900.0,200.0,0.0,-200.0,472740.0
2025-02-16,12:15,202508010605,05,京都,3歳未勝利,未勝利,2000,芝,稍重,14,4,サダルメリク,幸英明,8.0,64.6,54.6,-15.48,-0.1682,0.01769,4.86,0.02396,0.01465,1.635,1.3081,1.0,5,不的中,0,50.1,0.0,1000.0,0.0,-1000.0,469900.0,300.0,0.0,-300.0,472440.0
2025-02-16,12:35,202510010806,06,小倉,4歳以上1勝クラス,1勝クラス,1800,芝,良,16,4,クイーンズワーフ,菊沢一樹,8.0,25.3,22.9,-9.49,-0.0997,0.0362,4.0,0.06448,0.03493,1.846,1.4767,1.0,4,不的中,0,24.0,0.0,1000.0,0.0,-1000.0,468900.0,1100.0,0.0,-1100.0,471340.0
2025-02-16,13:45,202508010608,08,京都,4歳以上1勝クラス,1勝クラス,1600,芝,稍重,18,16,サンライズプルート,松若風馬,6.0,20.1,15.1,-24.88,-0.286,0.06112,6.03,0.09236,0.05298,1.743,1.3947,1.0,13,不的中,0,13.8,0.0,1000.0,0.0,-1000.0,467900.0,1400.0,0.0,-1400.0,469940.0
2025-02-16,14:25,202505010609,09,東京,雲雀ステークス(3勝),3勝クラス,1600,芝,良,16,15,プッシュオン,武豊,6.0,19.8,15.9,-19.7,-0.2194,0.05812,9.15,0.07756,0.05031,1.542,1.2332,1.0,4,不的中,0,13.2,0.0,1000.0,0.0,-1000.0,466900.0,800.0,0.0,-800.0,469140.0
2025-02-16,15:01,202505010610,10,東京,バレンタインS(OP),オープン,1400,ダート,良,16,16,ロードヴァレンチ,木幡巧也,8.0,60.6,33.7,-44.39,-0.5868,0.03297,11.02,0.03594,0.02374,1.514,1.2113,1.0,6,不的中,0,33.7,0.0,1000.0,0.0,-1000.0,465900.0,400.0,0.0,-400.0,468740.0
2025-02-22,09:50,202510010901,01,小倉,3歳未勝利,未勝利,1700,ダート,良,16,13,インナモラート,西塚洸二,12.0,81.0,52.2,-35.56,-0.4394,0.02081,3.45,0.03073,0.01533,2.005,1.6044,1.0,9,不的中,0,52.2,0.0,1000.0,0.0,-1000.0,464900.0,600.0,0.0,-600.0,468140.0
2025-02-22,12:30,202505010705,05,東京,3歳未勝利,未勝利,2400,芝,良,18,11,フーイナム,松岡正海,10.0,100.9,92.6,-8.23,-0.0858,0.00886,5.25,0.01477,0.00864,1.709,1.3675,1.0,9,不的中,0,92.7,0.0,1000.0,0.0,-1000.0,463900.0,200.0,0.0,-200.0,467940.0
2025-02-22,13:35,202505010707,07,東京,4歳以上1勝クラス,1勝クラス,1400,ダート,良,16,10,トルズイーガー,長浜鴻緒,8.0,52.7,36.9,-29.98,-0.3564,0.02522,6.59,0.03604,0.02168,1.662,1.3298,1.0,8,不的中,0,36.9,0.0,1000.0,0.0,-1000.0,462900.0,500.0,0.0,-500.0,467440.0
2025-02-22,14:15,202510010909,09,小倉,秋吉台特別(1勝),1勝クラス,1200,芝,良,18,11,ワンリオン,国分恭介,15.0,59.4,54.0,-9.09,-0.0953,0.01545,4.38,0.02553,0.01481,1.723,1.3784,1.0,8,不的中,0,49.3,0.0,1000.0,0.0,-1000.0,461900.0,400.0,0.0,-400.0,467040.0
2025-02-22,14:25,202508010709,09,京都,つばき賞(1勝),1勝クラス,1800,芝,良,8,1,ローランドバローズ,岩田康誠,6.0,14.3,13.1,-8.39,-0.0876,0.06536,6.5,0.10132,0.06107,1.659,1.3272,1.0,2,不的中,0,11.7,0.0,1000.0,0.0,-1000.0,460900.0,1300.0,0.0,-1300.0,465740.0
2025-02-22,14:35,202505010709,09,東京,フリージア賞(1勝),1勝クラス,2000,芝,良,9,9,エルムラント,北村宏司,5.0,28.2,16.7,-40.78,-0.5239,0.06208,8.32,0.08622,0.0479,1.8,1.4398,1.0,8,不的中,0,14.6,0.0,1000.0,0.0,-1000.0,459900.0,1400.0,0.0,-1400.0,464340.0
2025-02-22,15:01,202508010710,10,京都,河原町ステークス(3勝),3勝クラス,1400,ダート,良,16,14,テイエムランウェイ,鮫島良太,12.0,72.7,61.1,-15.96,-0.1738,0.01438,7.33,0.02396,0.01309,1.83,1.4639,1.0,8,不的中,0,61.1,0.0,1000.0,0.0,-1000.0,458900.0,400.0,0.0,-400.0,463940.0
2025-02-23,10:05,202505010801,01,東京,3歳未勝利,未勝利,1400,ダート,良,16,13,ロンデシャッセ,鮫島克駿,9.0,27.1,21.6,-20.3,-0.2268,0.04153,5.45,0.05931,0.03704,1.601,1.2812,1.0,9,不的中,0,21.6,0.0,1000.0,0.0,-1000.0,457900.0,700.0,0.0,-700.0,463240.0
2025-02-23,14:40,202510011010,10,小倉,和布刈特別(2勝),2勝クラス,1700,ダート,良,14,9,アセレラシオン,大野拓弥,8.0,14.7,12.0,-18.37,-0.2029,0.07896,4.91,0.1424,0.06667,2.136,1.7088,1.0,3,不的中,0,12.0,0.0,1000.0,0.0,-1000.0,456900.0,3000.0,0.0,-3000.0,460240.0
2025-02-23,15:20,202510011011,11,小倉,第59回小倉大賞典(GIII),G3,1800,芝,良,14,8,ラケマーダ,秋山稔樹,12.0,62.1,44.5,-28.34,-0.3333,0.03042,16.91,0.03536,0.01798,1.967,1.5737,1.0,3,不的中,0,32.0,0.0,1000.0,0.0,-1000.0,455900.0,700.0,0.0,-700.0,459040.0
2025-02-23,15:20,202510011011,11,小倉,第59回小倉大賞典(GIII),G3,1800,芝,良,14,12,セルバーグ,和田竜二,11.0,43.6,34.1,-21.79,-0.2458,0.03596,16.91,0.03977,0.02346,1.695,1.3562,2.0,4,不的中,0,26.6,0.0,1000.0,0.0,-1000.0,454900.0,500.0,0.0,-500.0,459040.0
2025-02-23,16:01,202510011012,12,小倉,4歳以上1勝クラス,1勝クラス,1200,芝,良,18,4,メラヴィリオーザ,杉原誠人,12.0,36.5,33.8,-7.4,-0.0769,0.02467,7.8,0.04471,0.02367,1.889,1.5111,1.0,7,不的中,0,33.8,0.0,1000.0,0.0,-1000.0,453900.0,800.0,0.0,-800.0,457440.0
2025-02-23,16:01,202510011012,12,小倉,4歳以上1勝クラス,1勝クラス,1200,芝,良,18,13,ポマール,酒井学,15.0,126.6,120.1,-5.13,-0.0527,0.00684,7.8,0.01241,0.00666,1.863,1.49,2.0,18,不的中,0,120.1,0.0,1000.0,0.0,-1000.0,452900.0,200.0,0.0,-200.0,457440.0
2025-02-23,16:01,202510011012,12,小倉,4歳以上1勝クラス,1勝クラス,1200,芝,良,18,14,ジャンヌローサ,菊沢一樹,11.0,53.7,33.5,-37.62,-0.4719,0.02987,7.8,0.04248,0.02388,1.779,1.4232,3.0,6,不的中,0,33.5,0.0,1000.0,0.0,-1000.0,451900.0,600.0,0.0,-600.0,457440.0
2025-02-23,16:10,202508010812,12,京都,4歳以上2勝クラス,2勝クラス,1400,ダート,良,12,8,トモジャケーヤ,西塚洸二,7.0,22.7,20.6,-9.25,-0.0971,0.04066,9.28,0.06266,0.03883,1.613,1.2908,1.0,10,不的中,0,20.6,0.0,1000.0,0.0,-1000.0,450900.0,700.0,0.0,-700.0,456740.0
2025-03-01,09:50,202510011101,01,小倉,3歳未勝利,未勝利,1800,芝,良,16,1,コンスピラシー,石神深道,7.0,22.8,17.7,-22.37,-0.2532,0.05896,3.36,0.08319,0.0452,1.841,1.4725,1.0,3,不的中,0,17.7,0.0,1000.0,0.0,-1000.0,449900.0,1300.0,0.0,-1300.0,455440.0
2025-03-01,10:01,202509010101,01,阪神,3歳未勝利,未勝利,1800,ダート,良,12,4,ヴァリラプトル,吉村誠之,9.0,75.7,59.7,-21.14,-0.2374,0.01569,3.65,0.02191,0.0134,1.635,1.3079,1.0,9,不的中,0,46.2,0.0,1000.0,0.0,-1000.0,448900.0,300.0,0.0,-300.0,454240.0
2025-03-01,10:01,202509010101,01,阪神,3歳未勝利,未勝利,1800,ダート,良,12,10,ライラックデューン,田口貫太,4.0,15.9,12.4,-22.01,-0.2486,0.07607,3.65,0.09875,0.06452,1.531,1.2245,2.0,4,不的中,0,8.4,0.0,1000.0,0.0,-1000.0,447900.0,900.0,0.0,-900.0,454240.0
2025-03-01,11:40,202506020104,04,中山,4歳以上1勝クラス,1勝クラス,1800,ダート,良,13,10,スパークタイムリー,横山琉人,7.0,48.5,37.2,-23.3,-0.2653,0.02388,5.69,0.03418,0.02151,1.589,1.2714,1.0,7,不的中,0,37.2,0.0,1000.0,0.0,-1000.0,446900.0,400.0,0.0,-400.0,453840.0
2025-03-01,12:30,202506020105,05,中山,3歳未勝利,未勝利,2000,芝,良,18,2,サンタアナウインド,北村宏司,12.0,76.9,55.7,-27.57,-0.3225,0.01664,6.33,0.02396,0.01436,1.668,1.3345,1.0,11,不的中,0,55.6,0.0,1000.0,0.0,-1000.0,445900.0,300.0,0.0,-300.0,453240.0
2025-03-01,12:30,202506020105,05,中山,3歳未勝利,未勝利,2000,芝,良,18,1,ジェノヴィーノ,大野拓弥,13.0,60.6,56.4,-6.93,-0.0718,0.01451,6.33,0.02255,0.01418,1.589,1.2716,2.0,9,不的中,0,56.4,0.0,1000.0,0.0,-1000.0,444900.0,300.0,0.0,-300.0,453240.0
2025-03-01,12:50,202510011106,06,小倉,3歳未勝利,未勝利,2000,芝,良,18,5,ジョインザフレイ,松本大輝,13.0,74.8,69.3,-7.35,-0.0764,0.01258,4.86,0.02396,0.01154,2.075,1.6603,1.0,8,不的中,0,69.3,0.0,1000.0,0.0,-1000.0,443900.0,500.0,0.0,-500.0,452240.0
2025-03-01,12:50,202510011106,06,小倉,3歳未勝利,未勝利,2000,芝,良,18,16,クラシカルカイザー,小林美駒,11.0,57.0,38.3,-32.81,-0.3976,0.02982,4.86,0.03536,0.02089,1.693,1.3544,2.0,2,不的中,0,38.3,0.0,1000.0,0.0,-1000.0,442900.0,500.0,0.0,-500.0,452240.0
2025-03-01,13:05,202506020106,06,中山,3歳未勝利,未勝利,1800,芝,良,16,5,ヤマニンエイドロン,大野拓弥,9.0,63.1,59.5,-5.71,-0.0587,0.01359,6.26,0.02151,0.01345,1.6,1.28,1.0,3,不的中,0,59.5,0.0,1000.0,0.0,-1000.0,441900.0,300.0,0.0,-300.0,451940.0
2025-03-01,14:05,202506020108,08,中山,4歳以上1勝クラス,1勝クラス,1200,ダート,良,16,14,アツキヤマト,小林凌大,11.0,66.8,50.4,-24.55,-0.2817,0.01789,5.66,0.02396,0.01587,1.509,1.2075,1.0,8,不的中,0,50.4,0.0,1000.0,0.0,-1000.0,440900.0,200.0,0.0,-200.0,451740.0
2025-03-01,14:50,202510011110,10,小倉,西日本新聞杯(2勝),2勝クラス,1200,芝,良,18,9,イグニション,荻野極,9.0,49.0,28.8,-41.22,-0.5314,0.0389,5.58,0.04988,0.02778,1.796,1.4365,1.0,10,不的中,0,28.8,0.0,1000.0,0.0,-1000.0,439900.0,800.0,0.0,-800.0,450940.0
2025-03-01,15:10,202506020110,10,中山,春風ステークス(3勝),3勝クラス,1200,ダート,良,16,4,アルムラトゥール,石川裕紀,11.0,56.1,30.1,-46.35,-0.6226,0.03723,8.02,0.05364,0.02658,2.018,1.6145,1.0,10,不的中,0,30.1,0.0,1000.0,0.0,-1000.0,438900.0,1000.0,0.0,-1000.0,449940.0
2025-03-01,15:45,202506020111,11,中山,第20回オーシャンステークス(GIII),G3,1200,芝,良,15,1,レッドモンレーヴ,田辺裕信,8.0,28.4,12.3,-56.69,-0.8368,0.11929,30.47,0.12872,0.06504,1.979,1.5832,1.0,7,不的中,0,12.3,0.0,1000.0,0.0,-1000.0,437900.0,2400.0,0.0,-2400.0,447540.0
2025-03-01,16:01,202510011112,12,小倉,4歳以上1勝クラス,1勝クラス,1200,芝,良,18,14,グランルーチェ,川端海翼,13.0,79.0,54.7,-30.76,-0.3676,0.0174,6.06,0.0244,0.01463,1.669,1.3349,1.0,18,不的中,0,54.7,0.0,1000.0,0.0,-1000.0,436900.0,300.0,0.0,-300.0,446940.0
2025-03-01,16:01,202510011112,12,小倉,4歳以上1勝クラス,1勝クラス,1200,芝,良,18,4,シュブロンレーヴル,川又賢治,12.0,63.8,52.5,-17.71,-0.1949,0.01683,6.06,0.02396,0.01524,1.572,1.2578,2.0,6,不的中,0,52.5,0.0,1000.0,0.0,-1000.0,435900.0,300.0,0.0,-300.0,446940.0
2025-03-02,10:05,202506020201,01,中山,3歳未勝利,未勝利,1200,ダート,良,16,6,タブロー,内田博幸,12.0,146.2,124.7,-14.71,-0.1591,0.0071,5.56,0.01468,0.00642,2.289,1.8308,1.0,5,不的中,0,124.7,0.0,1000.0,0.0,-1000.0,434900.0,400.0,0.0,-400.0,446540.0
2025-03-02,12:05,202510011205,05,小倉,3歳未勝利,未勝利,1800,芝,重,16,8,クリノクーチャン,河原田菜,9.0,53.1,36.7,-30.89,-0.3694,0.029,4.07,0.03555,0.0218,1.631,1.3046,1.0,13,不的中,0,34.4,0.0,1000.0,0.0,-1000.0,433900.0,400.0,0.0,-400.0,446140.0
2025-03-02,12:45,202509010206,06,阪神,3歳未勝利,未勝利,2000,芝,良,16,2,ジョイエッロ,田口貫太,7.0,22.3,15.2,-31.84,-0.3833,0.06054,5.64,0.08176,0.05263,1.553,1.2428,1.0,1,的中,1,14.9,1490.0,1000.0,14900.0,13900.0,447800.0,800.0,11920.0,11120.0,457260.0
2025-03-02,12:55,202506020206,06,中山,3歳1勝クラス,1勝クラス,1800,ダート,良,16,16,スマートシーカー,津村明秀,6.0,31.2,14.5,-53.53,-0.7663,0.07024,7.64,0.09236,0.05517,1.674,1.3392,1.0,4,不的中,0,14.5,0.0,1000.0,0.0,-1000.0,446800.0,1200.0,0.0,-1200.0,456060.0
2025-03-02,13:05,202510011207,07,小倉,4歳以上1勝クラス,1勝クラス,1200,芝,重,18,17,シンドリームシン,吉田隼人,7.0,19.3,14.6,-24.35,-0.2791,0.05928,4.6,0.11535,0.05479,2.105,1.6842,1.0,13,不的中,0,13.7,0.0,1000.0,0.0,-1000.0,445800.0,2300.0,0.0,-2300.0,453760.0
2025-03-02,13:55,202506020208,08,中山,4歳以上1勝クラス,1勝クラス,1800,ダート,良,16,16,アイウィル,菅原明良,6.0,18.8,14.4,-23.4,-0.2666,0.06221,6.54,0.09058,0.05556,1.63,1.3043,1.0,8,不的中,0,11.7,0.0,1000.0,0.0,-1000.0,444800.0,1100.0,0.0,-1100.0,452660.0
2025-03-02,15:30,202509010211,11,阪神,第32回チューリップ賞(GII),G2,1600,芝,良,14,6,プリンセッサ,和田竜二,13.0,119.1,100.0,-16.04,-0.1748,0.01123,34.06,0.01468,0.008,1.835,1.4682,1.0,8,不的中,0,100.9,0.0,1000.0,0.0,-1000.0,443800.0,300.0,0.0,-300.0,452360.0
2025-03-02,15:45,202506020211,11,中山,第99回中山記念(GII),G2,1800,芝,良,16,16,クルゼイロドスル,荻野極,9.0,100.7,48.2,-52.14,-0.7368,0.03832,50.45,0.03548,0.0166,2.138,1.7103,1.0,5,不的中,0,48.2,0.0,1000.0,0.0,-1000.0,442800.0,700.0,0.0,-700.0,451660.0
2025-03-08,13:45,202509010308,08,阪神,4歳以上1勝クラス,1勝クラス,1200,ダート,良,16,12,イエスウィズキャン,和田竜二,9.0,44.9,27.5,-38.75,-0.4903,0.04385,5.98,0.05532,0.02909,1.902,1.5214,1.0,8,不的中,0,27.1,0.0,1000.0,0.0,-1000.0,441800.0,900.0,0.0,-900.0,473080.0
2025-03-08,13:45,202509010308,08,阪神,4歳以上1勝クラス,1勝クラス,1200,ダート,良,16,10,プロテア,秋山稔樹,10.0,85.1,30.3,-64.39,-1.0327,0.04876,5.98,0.04877,0.0264,1.847,1.4778,2.0,1,的中,1,28.9,2890.0,1000.0,28900.0,27900.0,469700.0,800.0,23120.0,22320.0,473080.0
2025-03-08,14:20,202509010309,09,阪神,千里山特別(2勝),2勝クラス,2000,芝,良,12,7,サダムオプシス,和田竜二,6.0,36.9,16.5,-55.28,-0.8049,0.08103,6.85,0.09058,0.04848,1.868,1.4945,1.0,5,不的中,0,16.5,0.0,1000.0,0.0,-1000.0,468700.0,1600.0,0.0,-1600.0,471480.0
2025-03-08,15:30,202509010311,11,阪神,第59回フィリーズレビュー(GII),G2,1400,芝,良,18,9,キャッスルレイク,高杉吏麒,12.0,83.5,64.6,-22.63,-0.2566,0.01887,21.47,0.01938,0.01238,1.565,1.2519,1.0,15,不的中,0,59.2,0.0,1000.0,0.0,-1000.0,467700.0,200.0,0.0,-200.0,471280.0
2025-03-08,15:45,202506020311,11,中山,第43回中山牝馬ステークス(GIII),G3,1800,芝,良,14,3,コンクシェル,横山武史,10.0,37.5,25.1,-33.07,-0.4015,0.05237,29.52,0.05157,0.03187,1.618,1.2943,1.0,13,不的中,0,25.1,0.0,1000.0,0.0,-1000.0,466700.0,600.0,0.0,-600.0,470680.0
2025-03-08,16:25,202506020312,12,中山,4歳以上1勝クラス,1勝クラス,1600,芝,良,16,14,シークレットイスラ,原優介,10.0,82.0,60.4,-26.34,-0.3057,0.01699,12.95,0.0205,0.01325,1.547,1.2379,1.0,16,不的中,0,60.4,0.0,1000.0,0.0,-1000.0,465700.0,200.0,0.0,-200.0,470480.0
2025-03-09,10:05,202506020401,01,中山,3歳未勝利,未勝利,1800,ダート,重,16,14,ノーブルノワール,幸英明,5.0,36.3,27.3,-24.79,-0.2849,0.0366,5.21,0.04599,0.0293,1.569,1.2556,1.0,1,的中,1,24.5,2450.0,1000.0,24500.0,23500.0,489200.0,500.0,12250.0,11750.0,482230.0
2025-03-09,11:20,202509010404,04,阪神,3歳1勝クラス,1勝クラス,1400,ダート,良,16,7,ビーコ,木幡初也,10.0,39.5,36.7,-7.09,-0.0735,0.02268,6.69,0.03667,0.0218,1.682,1.3457,1.0,6,不的中,0,36.7,0.0,1000.0,0.0,-1000.0,488200.0,500.0,0.0,-500.0,481730.0
2025-03-09,12:55,202506020406,06,中山,3歳1勝クラス,1勝クラス,1200,ダート,重,16,13,ダイシンリンク,菅原明良,5.0,14.5,12.8,-11.72,-0.1247,0.06794,7.28,0.11229,0.0625,1.797,1.4373,1.0,4,不的中,0,12.2,0.0,1000.0,0.0,-1000.0,487200.0,1800.0,0.0,-1800.0,479930.0
2025-03-09,13:45,202509010408,08,阪神,4歳以上2勝クラス,2勝クラス,1800,ダート,良,12,1,ルフトクス,北村友一,9.0,23.9,22.2,-7.11,-0.0738,0.03745,6.72,0.05994,0.03604,1.663,1.3307,1.0,2,不的中,0,22.2,0.0,1000.0,0.0,-1000.0,486200.0,800.0,0.0,-800.0,479130.0
2025-03-09,14:01,202506020408,08,中山,4歳以上2勝クラス,2勝クラス,1600,芝,稍重,16,2,コスモスプモーニ,木幡巧也,12.0,60.8,43.9,-27.8,-0.3257,0.02244,7.79,0.03703,0.01822,2.032,1.6255,1.0,5,不的中,0,43.9,0.0,1000.0,0.0,-1000.0,485200.0,700.0,0.0,-700.0,478130.0
2025-03-09,14:01,202506020408,08,中山,4歳以上2勝クラス,2勝クラス,1600,芝,稍重,16,3,レッドバレンティア,佐々木大,11.0,44.8,42.6,-4.91,-0.0504,0.01937,7.79,0.02855,0.01878,1.52,1.2162,2.0,11,不的中,0,42.6,0.0,1000.0,0.0,-1000.0,484200.0,300.0,0.0,-300.0,478130.0
2025-03-09,14:20,202509010409,09,阪神,アルメリア賞(1勝),1勝クラス,1800,芝,良,8,5,ジュンライデン,シュタル,7.0,21.2,14.5,-31.6,-0.3799,0.07387,7.41,0.11044,0.05517,2.002,1.6014,1.0,5,不的中,0,14.5,0.0,1000.0,0.0,-1000.0,483200.0,2200.0,0.0,-2200.0,475930.0
2025-03-09,15:10,202506020410,10,中山,総武ステークス(OP),オープン,1800,ダート,重,16,7,ホールシバン,秋山稔樹,3.0,17.3,14.0,-19.08,-0.2116,0.07185,11.81,0.09058,0.05714,1.585,1.2681,1.0,5,不的中,0,13.3,0.0,1000.0,0.0,-1000.0,482200.0,1000.0,0.0,-1000.0,474930.0
2025-03-15,10:25,202509010502,02,阪神,3歳未勝利,未勝利,1200,ダート,良,16,16,エコセーズ,鮫島良太,15.0,148.7,141.3,-4.98,-0.051,0.00579,3.78,0.01468,0.00566,2.593,2.0746,1.0,9,不的中,0,141.3,0.0,1000.0,0.0,-1000.0,481200.0,400.0,0.0,-400.0,474530.0
2025-03-15,12:25,202506020505,05,中山,3歳未勝利,未勝利,2200,芝,良,18,15,ミクニインスパイア,丹内祐次,7.0,34.8,26.7,-23.28,-0.265,0.0338,5.65,0.05059,0.02996,1.688,1.3507,1.0,3,不的中,0,26.8,0.0,1000.0,0.0,-1000.0,480200.0,700.0,0.0,-700.0,473830.0
2025-03-15,12:35,202507020106,06,中京,3歳1勝クラス,1勝クラス,1800,ダート,良,13,2,オリーブグリーン,吉田隼人,5.0,19.2,14.4,-25.0,-0.2877,0.06127,3.74,0.09652,0.05556,1.737,1.39,1.0,4,不的中,0,9.4,0.0,1000.0,0.0,-1000.0,479200.0,1400.0,0.0,-1400.0,472430.0
2025-03-15,13:05,202507020107,07,中京,4歳以上1勝クラス,1勝クラス,1400,ダート,良,15,10,フイノマジワリ,木幡初也,9.0,37.5,30.5,-18.67,-0.2066,0.02781,3.05,0.03966,0.02623,1.512,1.2096,1.0,9,不的中,0,30.5,0.0,1000.0,0.0,-1000.0,478200.0,400.0,0.0,-400.0,472030.0
2025-03-15,13:40,202507020108,08,中京,4歳以上1勝クラス,1勝クラス,2200,芝,良,18,15,ジャスティンライズ,斎藤新,5.0,55.3,32.2,-41.77,-0.5408,0.03348,3.95,0.04189,0.02484,1.686,1.3488,1.0,14,不的中,0,23.9,0.0,1000.0,0.0,-1000.0,477200.0,600.0,0.0,-600.0,471430.0
2025-03-15,14:35,202506020509,09,中山,阿見特別(2勝),2勝クラス,2400,ダート,稍重,14,5,トクシースタローン,内田博幸,8.0,20.6,15.0,-27.18,-0.3172,0.06994,5.6,0.09236,0.05333,1.732,1.3854,1.0,3,不的中,0,13.7,0.0,1000.0,0.0,-1000.0,476200.0,1300.0,0.0,-1300.0,470130.0
2025-03-15,16:01,202507020112,12,中京,4歳以上1勝クラス,1勝クラス,1400,芝,良,18,5,サリュエ,西塚洸二,7.0,25.3,21.3,-15.81,-0.1721,0.04183,6.15,0.05994,0.03756,1.596,1.2768,1.0,10,不的中,0,14.5,0.0,1000.0,0.0,-1000.0,475200.0,700.0,0.0,-700.0,469430.0
2025-03-15,16:25,202506020512,12,中山,4歳以上2勝クラス,2勝クラス,1200,芝,良,16,8,ニジュウダンサー,菊沢一樹,7.0,28.9,14.4,-50.17,-0.6966,0.08065,11.39,0.09982,0.05556,1.797,1.4373,1.0,5,不的中,0,14.4,0.0,1000.0,0.0,-1000.0,474200.0,1600.0,0.0,-1600.0,466330.0
2025-03-15,16:25,202506020512,12,中山,4歳以上2勝クラス,2勝クラス,1200,芝,良,16,1,ピコアーガイル,北村宏司,5.0,18.7,10.4,-44.39,-0.5867,0.10746,11.39,0.11743,0.07692,1.527,1.2213,2.0,3,不的中,0,10.4,0.0,1000.0,0.0,-1000.0,473200.0,1200.0,0.0,-1200.0,466330.0
2025-03-15,16:25,202506020512,12,中山,4歳以上2勝クラス,2勝クラス,1200,芝,良,16,4,ヨール,嶋田純次,10.0,47.8,37.3,-21.97,-0.248,0.02542,11.39,0.03219,0.02145,1.501,1.2007,3.0,8,不的中,0,37.3,0.0,1000.0,0.0,-1000.0,472200.0,300.0,0.0,-300.0,466330.0
2025-03-16,10:05,202506020601,01,中山,3歳未勝利,未勝利,1800,ダート,不良,16,8,ルージュメアート,吉田豊,6.0,19.1,12.4,-35.08,-0.432,0.08174,4.98,0.1074,0.06452,1.665,1.3317,1.0,3,不的中,0,12.4,0.0,1000.0,0.0,-1000.0,471200.0,1400.0,0.0,-1400.0,464930.0
2025-03-16,10:35,202506020602,02,中山,3歳未勝利,未勝利,1200,ダート,不良,16,8,グリームスター,北村宏司,8.0,85.7,69.2,-19.25,-0.2139,0.01296,5.22,0.02396,0.01156,2.072,1.6579,1.0,5,不的中,0,69.2,0.0,1000.0,0.0,-1000.0,470200.0,500.0,0.0,-500.0,464430.0
2025-03-16,14:30,202506020609,09,中山,房総特別(2勝),2勝クラス,1800,芝,重,16,4,ラーンザロープス,津村明秀,5.0,18.3,11.0,-39.89,-0.509,0.12924,7.78,0.11632,0.07273,1.599,1.2796,1.0,2,不的中,0,9.0,0.0,1000.0,0.0,-1000.0,469200.0,1300.0,0.0,-1300.0,463130.0
2025-03-16,16:01,202507020212,12,中京,4歳以上1勝クラス,1勝クラス,1400,ダート,重,16,5,グラティアスミノル,秋山稔樹,9.0,56.7,52.8,-6.88,-0.0713,0.0157,7.98,0.0244,0.01515,1.611,1.2885,1.0,5,不的中,0,47.4,0.0,1000.0,0.0,-1000.0,468200.0,300.0,0.0,-300.0,462830.0
2025-03-22,10:25,202509010702,02,阪神,3歳未勝利,未勝利,1800,ダート,良,9,6,ヤマニンヒストリア,鷲頭虎太,8.0,86.9,73.2,-15.77,-0.1716,0.01164,3.62,0.021,0.01093,1.922,1.5374,1.0,7,不的中,0,73.2,0.0,1000.0,0.0,-1000.0,467200.0,400.0,0.0,-400.0,462430.0
2025-03-22,12:25,202506020705,05,中山,3歳1勝クラス,1勝クラス,1600,芝,良,10,2,ドゥカート,北村宏司,4.0,25.0,10.5,-58.0,-0.8675,0.09699,5.48,0.12181,0.07619,1.599,1.279,1.0,5,不的中,0,10.5,0.0,1000.0,0.0,-1000.0,466200.0,1400.0,0.0,-1400.0,461030.0
2025-03-22,12:55,202506020706,06,中山,4歳以上1勝クラス,1勝クラス,1200,ダート,稍重,16,15,マーゴットファブ,菊沢一樹,6.0,24.9,14.6,-41.37,-0.5338,0.06514,5.43,0.09939,0.05479,1.814,1.4511,1.0,14,不的中,0,14.6,0.0,1000.0,0.0,-1000.0,465200.0,1600.0,0.0,-1600.0,459430.0
2025-03-22,14:25,202509010709,09,阪神,立雲峡ステークス(3勝),3勝クラス,1400,芝,良,18,4,ダークエクリプス,松若風馬,12.0,53.9,47.3,-12.24,-0.1306,0.01832,5.44,0.02553,0.01691,1.509,1.2074,1.0,6,不的中,0,45.2,0.0,1000.0,0.0,-1000.0,464200.0,300.0,0.0,-300.0,459130.0
2025-03-23,09:45,202507020401,01,中京,3歳未勝利,未勝利,1200,ダート,良,16,16,ヒロスズラン,田山旺佑,7.0,45.0,33.4,-25.78,-0.2981,0.03096,3.1,0.03667,0.02395,1.531,1.2247,1.0,9,不的中,0,32.2,0.0,1000.0,0.0,-1000.0,463200.0,400.0,0.0,-400.0,458730.0
2025-03-23,10:25,202509010802,02,阪神,3歳未勝利,未勝利,1200,ダート,良,16,12,ミキノバカラ,田口貫太,7.0,28.0,21.6,-22.86,-0.2595,0.04094,3.98,0.05808,0.03704,1.568,1.2545,1.0,6,不的中,0,21.9,0.0,1000.0,0.0,-1000.0,462200.0,600.0,0.0,-600.0,458130.0
2025-03-23,13:35,202507020408,08,中京,4歳以上1勝クラス,1勝クラス,1400,ダート,良,16,11,グランレザンドール,秋山稔樹,11.0,74.0,62.5,-15.54,-0.1689,0.01346,3.54,0.02396,0.0128,1.872,1.4974,1.0,13,不的中,0,53.0,0.0,1000.0,0.0,-1000.0,461200.0,400.0,0.0,-400.0,457730.0
2025-03-23,13:45,202509010808,08,阪神,4歳以上1勝クラス,1勝クラス,1800,ダート,良,14,5,ブルーワール,松若風馬,8.0,31.3,23.8,-23.96,-0.2739,0.03853,5.71,0.05364,0.03361,1.596,1.2766,1.0,5,不的中,0,23.6,0.0,1000.0,0.0,-1000.0,460200.0,600.0,0.0,-600.0,457130.0
2025-03-23,14:15,202509010809,09,阪神,讃岐特別(2勝),2勝クラス,1400,芝,良,13,2,ディアサクセサー,藤岡佑介,8.0,28.5,25.3,-11.23,-0.1191,0.03345,6.56,0.05935,0.03162,1.877,1.5016,1.0,12,不的中,0,25.4,0.0,1000.0,0.0,-1000.0,459200.0,1000.0,0.0,-1000.0,456130.0
2025-03-23,14:40,202507020410,10,中京,弥富特別(2勝),2勝クラス,1900,ダート,良,16,1,プルナチャンドラ,秋山稔樹,7.0,21.1,14.7,-30.33,-0.3614,0.0703,5.48,0.08319,0.05442,1.529,1.2229,1.0,11,不的中,0,14.7,0.0,1000.0,0.0,-1000.0,458200.0,800.0,0.0,-800.0,455330.0
2025-03-23,15:15,202507020411,11,中京,第62回愛知杯(GIII),G3,1400,芝,良,18,18,ナナオ,小沢大仁,12.0,57.7,50.6,-12.31,-0.1313,0.02016,22.57,0.02396,0.01581,1.515,1.2123,1.0,8,不的中,0,41.4,0.0,1000.0,0.0,-1000.0,457200.0,200.0,0.0,-200.0,455130.0
2025-03-23,15:45,202506020811,11,中山,千葉ステークス(OP),オープン,1200,ダート,良,16,11,バトルクライ,菊沢一樹,5.0,18.1,13.8,-23.76,-0.2712,0.06858,18.23,0.09236,0.05797,1.593,1.2746,1.0,3,不的中,0,13.8,0.0,1000.0,0.0,-1000.0,456200.0,1000.0,0.0,-1000.0,454130.0
2025-03-29,10:15,202507020502,02,中京,3歳未勝利,未勝利,1900,ダート,稍重,13,12,メイショウキタダケ,永島まな,10.0,67.7,63.6,-6.06,-0.0625,0.0129,2.92,0.01983,0.01258,1.577,1.2613,1.0,9,不的中,0,61.0,0.0,1000.0,0.0,-1000.0,455200.0,200.0,0.0,-200.0,453930.0
2025-03-29,14:15,202507020509,09,中京,矢作川特別(2勝),2勝クラス,1800,ダート,稍重,13,2,エンツォウーノ,松本大輝,7.0,19.8,12.0,-39.39,-0.5008,0.08736,4.35,0.11978,0.06667,1.797,1.4374,1.0,9,不的中,0,11.7,0.0,1000.0,0.0,-1000.0,454200.0,1900.0,0.0,-1900.0,452030.0
2025-03-29,14:25,202509020109,09,阪神,君子蘭賞(1勝),1勝クラス,1800,芝,良,14,12,ケリフレッドアスク,西塚洸二,5.0,17.2,13.0,-24.42,-0.28,0.07239,6.34,0.09236,0.06154,1.501,1.2007,1.0,2,不的中,0,10.7,0.0,1000.0,0.0,-1000.0,453200.0,800.0,0.0,-800.0,451230.0
2025-03-30,10:25,202506030202,02,中山,3歳未勝利,未勝利,1200,ダート,稍重,16,12,ラナイ,水沼元輝,8.0,51.3,46.7,-8.97,-0.0939,0.01796,4.58,0.02723,0.01713,1.59,1.2717,1.0,7,不的中,0,46.7,0.0,1000.0,0.0,-1000.0,452200.0,300.0,0.0,-300.0,450930.0
2025-03-30,12:05,202509020205,05,阪神,3歳未勝利,未勝利,1600,芝,良,18,13,ワンコールアウェイ,酒井学,6.0,40.0,25.5,-36.25,-0.4502,0.03955,5.03,0.04926,0.03137,1.57,1.2562,1.0,6,不的中,0,22.5,0.0,1000.0,0.0,-1000.0,451200.0,500.0,0.0,-500.0,450430.0
2025-03-30,14:50,202506030210,10,中山,船橋ステークス(3勝),3勝クラス,1200,芝,良,16,3,コスモアディラート,津村明秀,10.0,43.1,32.3,-25.06,-0.2885,0.02849,7.9,0.03761,0.02477,1.518,1.2147,1.0,7,不的中,0,32.3,0.0,1000.0,0.0,-1000.0,450200.0,400.0,0.0,-400.0,450030.0
2025-03-30,15:05,202507020610,10,中京,伊勢ステークス(3勝),3勝クラス,1900,ダート,良,16,16,ヴィンテージボンド,シュタル,9.0,62.8,36.5,-41.88,-0.5426,0.0333,8.12,0.0333,0.02192,1.519,1.2153,1.0,15,不的中,0,36.5,0.0,1000.0,0.0,-1000.0,449200.0,300.0,0.0,-300.0,449730.0
2025-04-05,09:50,202509020301,01,阪神,3歳未勝利,未勝利,1800,ダート,良,16,4,タマモマサユメ,田口貫太,6.0,51.8,31.1,-39.96,-0.5102,0.03723,4.09,0.04577,0.02572,1.779,1.4234,1.0,3,不的中,0,31.1,0.0,1000.0,0.0,-1000.0,448200.0,700.0,0.0,-700.0,449030.0
2025-04-05,10:05,202506030301,01,中山,3歳未勝利,未勝利,1800,ダート,重,15,4,アイスリーディング,石田拓郎,7.0,39.2,17.6,-55.1,-0.8008,0.07792,4.84,0.1013,0.04545,2.229,1.7828,1.0,8,不的中,0,17.6,0.0,1000.0,0.0,-1000.0,447200.0,2200.0,0.0,-2200.0,446830.0
2025-04-05,10:50,202509020303,03,阪神,3歳未勝利,未勝利,1800,ダート,良,16,5,アスクガンバーレ,岩田康誠,7.0,19.6,14.3,-27.04,-0.3153,0.06736,4.16,0.09632,0.05594,1.722,1.3774,1.0,5,不的中,0,14.3,0.0,1000.0,0.0,-1000.0,446200.0,1300.0,0.0,-1300.0,445530.0
2025-04-05,11:20,202509020304,04,阪神,3歳未勝利,未勝利,1400,芝,良,18,1,カフジウヴァ,橋木太希,13.0,107.4,96.3,-10.34,-0.1091,0.00869,5.08,0.01423,0.00831,1.713,1.3704,1.0,11,不的中,0,96.3,0.0,1000.0,0.0,-1000.0,445200.0,200.0,0.0,-200.0,445330.0
2025-04-05,12:10,202509020305,05,阪神,3歳未勝利,未勝利,1800,芝,良,17,2,オルミラベル,北村友一,8.0,56.3,37.5,-33.39,-0.4064,0.03217,5.98,0.03874,0.02133,1.816,1.4528,1.0,8,不的中,0,37.5,0.0,1000.0,0.0,-1000.0,444200.0,600.0,0.0,-600.0,444730.0
2025-04-05,13:10,202509020307,07,阪神,4歳以上1勝クラス,1勝クラス,1400,ダート,良,16,12,ラピダリア,西塚洸二,12.0,154.9,90.3,-41.7,-0.5396,0.01171,5.27,0.01911,0.00886,2.157,1.7257,1.0,3,不的中,0,70.8,0.0,1000.0,0.0,-1000.0,443200.0,400.0,0.0,-400.0,444330.0
2025-04-05,13:25,202506030307,07,中山,4歳以上1勝クラス,1勝クラス,1800,ダート,稍重,11,5,マリンバンカー,岩部純二,9.0,81.8,31.3,-61.74,-0.9607,0.03874,5.34,0.05132,0.02556,2.008,1.6062,1.0,3,不的中,0,25.3,0.0,1000.0,0.0,-1000.0,442200.0,900.0,0.0,-900.0,443430.0
2025-04-05,14:20,202509020309,09,阪神,アザレア賞(1勝),1勝クラス,2400,芝,良,9,5,リアンベーレ,浜中俊,4.0,14.8,11.4,-22.97,-0.261,0.08752,8.1,0.11395,0.07018,1.624,1.299,1.0,6,不的中,0,11.4,0.0,1000.0,0.0,-1000.0,441200.0,1300.0,0.0,-1300.0,442130.0
2025-04-05,16:30,202506030312,12,中山,4歳以上1勝クラス,1勝クラス,1200,ダート,稍重,16,12,セッカチドラゴン,斎藤新,7.0,43.6,28.1,-35.55,-0.4393,0.04058,12.54,0.04724,0.02847,1.659,1.3275,1.0,10,不的中,0,28.1,0.0,1000.0,0.0,-1000.0,440200.0,600.0,0.0,-600.0,441530.0
2025-04-06,10:05,202509020401,01,阪神,3歳未勝利,未勝利,1200,ダート,良,16,7,アツィオーネ,橋木太希,10.0,111.7,59.9,-46.37,-0.6231,0.01887,5.39,0.0223,0.01336,1.67,1.3359,1.0,9,不的中,0,59.9,0.0,1000.0,0.0,-1000.0,439200.0,300.0,0.0,-300.0,441230.0
2025-04-06,11:35,202509020404,04,阪神,3歳未勝利,未勝利,2400,芝,良,14,14,ハギノデュエット,柴田裕一,12.0,135.6,123.2,-9.14,-0.0959,0.00699,5.48,0.01407,0.00649,2.167,1.7339,1.0,9,不的中,0,121.3,0.0,1000.0,0.0,-1000.0,438200.0,300.0,0.0,-300.0,440930.0
2025-04-06,13:25,202509020407,07,阪神,4歳以上2勝クラス,2勝クラス,1800,ダート,良,10,5,ショウサンキズナ,酒井学,8.0,71.7,60.9,-15.06,-0.1633,0.01537,5.46,0.0223,0.01314,1.698,1.3582,1.0,5,不的中,0,36.8,0.0,1000.0,0.0,-1000.0,437200.0,300.0,0.0,-300.0,440630.0
2025-04-06,13:55,202509020408,08,阪神,4歳以上2勝クラス,2勝クラス,1200,芝,良,10,2,ワイワイレジェンド,古川奈穂,8.0,55.1,46.9,-14.88,-0.1611,0.01904,6.85,0.0284,0.01706,1.665,1.332,1.0,8,不的中,0,46.9,0.0,1000.0,0.0,-1000.0,436200.0,400.0,0.0,-400.0,440230.0
2025-04-06,14:15,202506030409,09,中山,安房特別(2勝),2勝クラス,2500,芝,良,12,6,ボクラヲツナグモノ,荻野極,6.0,39.6,18.1,-54.29,-0.7829,0.07405,6.3,0.10439,0.0442,2.362,1.8895,1.0,3,不的中,0,18.1,0.0,1000.0,0.0,-1000.0,435200.0,2300.0,0.0,-2300.0,437930.0
2025-04-06,14:25,202509020409,09,阪神,バイオレットS(OP),オープン,1400,ダート,良,15,13,ヤマニンチェルキ,酒井学,4.0,24.5,11.7,-52.24,-0.7391,0.10002,9.9,0.1054,0.06838,1.541,1.2332,1.0,1,的中,1,10.8,1080.0,1000.0,10800.0,9800.0,445000.0,1000.0,10800.0,9800.0,447730.0
2025-04-06,15:30,202506030411,11,中山,美浦ステークス(3勝),3勝クラス,2000,芝,良,16,15,シュタールヴィント,内田博幸,9.0,45.6,31.3,-31.36,-0.3763,0.04239,10.25,0.05093,0.02556,1.993,1.5941,1.0,15,不的中,0,31.3,0.0,1000.0,0.0,-1000.0,444000.0,900.0,0.0,-900.0,445530.0
2025-04-06,15:30,202506030411,11,中山,美浦ステークス(3勝),3勝クラス,2000,芝,良,16,12,パワーホール,丸山元気,5.0,18.3,13.8,-24.59,-0.2822,0.08763,10.25,0.09806,0.05797,1.692,1.3533,2.0,11,不的中,0,13.8,0.0,1000.0,0.0,-1000.0,443000.0,1300.0,0.0,-1300.0,445530.0
2025-04-06,16:30,202509020412,12,阪神,陽春ステークス(3勝),3勝クラス,1200,ダート,良,11,10,テイエムランウェイ,鮫島良太,7.0,43.8,17.6,-59.82,-0.9117,0.07693,17.81,0.09806,0.04545,2.157,1.7259,1.0,7,不的中,0,17.6,0.0,1000.0,0.0,-1000.0,442000.0,2000.0,0.0,-2000.0,443530.0
2025-04-12,09:45,202503010101,01,福島,3歳未勝利,未勝利,1700,ダート,良,15,15,セラード,石田拓郎,11.0,73.6,68.4,-7.07,-0.0733,0.0127,2.95,0.02149,0.0117,1.837,1.4698,1.0,11,不的中,0,79.2,0.0,1000.0,0.0,-1000.0,441000.0,400.0,0.0,-400.0,443130.0
2025-04-12,09:55,202509020501,01,阪神,3歳未勝利,未勝利,1800,ダート,良,16,8,ブルーアロマ,太宰啓介,11.0,82.5,72.2,-12.48,-0.1334,0.01229,3.34,0.0223,0.01108,2.013,1.6102,1.0,10,不的中,0,60.1,0.0,1000.0,0.0,-1000.0,440000.0,400.0,0.0,-400.0,442730.0
2025-04-12,10:35,202506030502,02,中山,3歳未勝利,未勝利,1200,ダート,稍重,16,14,レクエルド,丸田恭介,10.0,80.3,68.0,-15.32,-0.1663,0.01225,4.12,0.0183,0.01176,1.555,1.2442,1.0,6,不的中,0,60.5,0.0,1000.0,0.0,-1000.0,439000.0,200.0,0.0,-200.0,442530.0
2025-04-12,10:55,202509020503,03,阪神,3歳未勝利,未勝利,1800,ダート,良,16,16,ポセイドンバローズ,西村淳也,4.0,30.8,13.6,-55.84,-0.8174,0.08965,4.33,0.09632,0.05882,1.637,1.31,1.0,14,不的中,0,12.8,0.0,1000.0,0.0,-1000.0,438000.0,1100.0,0.0,-1100.0,441430.0
2025-04-12,12:45,202509020506,06,阪神,3歳1勝クラス,1勝クラス,1200,芝,良,11,5,アオイレーギーナ,幸英明,7.0,18.0,16.5,-8.33,-0.087,0.04982,5.21,0.08194,0.04848,1.69,1.352,1.0,6,不的中,0,16.5,0.0,1000.0,0.0,-1000.0,437000.0,1100.0,0.0,-1100.0,440330.0
2025-04-12,13:05,202503010107,07,福島,4歳以上1勝クラス,1勝クラス,1700,ダート,良,15,15,タガノエクレール,菊沢一樹,5.0,24.4,14.9,-38.93,-0.4932,0.06171,3.68,0.1013,0.05369,1.887,1.5093,1.0,11,不的中,0,14.2,0.0,1000.0,0.0,-1000.0,436000.0,1700.0,0.0,-1700.0,438630.0
2025-04-12,14:40,202503010110,10,福島,喜多方特別(2勝),2勝クラス,1150,ダート,良,16,14,ブレーザー,荻野極,6.0,26.8,17.4,-35.07,-0.4319,0.06141,4.66,0.1046,0.04598,2.275,1.82,1.0,1,的中,1,14.8,1480.0,1000.0,14800.0,13800.0,449800.0,2200.0,32560.0,30360.0,468990.0
2025-04-12,15:30,202509020511,11,阪神,第68回サンスポ杯阪神牝馬S(GII),G2,1600,芝,良,14,8,キミノナハマリア,Ｍ．デム,12.0,104.4,94.3,-9.67,-0.1017,0.00981,24.83,0.01346,0.00848,1.587,1.2695,1.0,11,不的中,0,87.6,0.0,1000.0,0.0,-1000.0,448800.0,200.0,0.0,-200.0,468790.0
2025-04-12,16:30,202506030512,12,中山,4歳以上2勝クラス,2勝クラス,1200,ダート,良,16,6,フレイミングパイ,北村宏司,6.0,35.9,18.7,-47.91,-0.6522,0.06709,12.06,0.1013,0.04278,2.368,1.8942,1.0,2,不的中,0,15.6,0.0,1000.0,0.0,-1000.0,447800.0,2400.0,0.0,-2400.0,466090.0
2025-04-12,16:30,202506030512,12,中山,4歳以上2勝クラス,2勝クラス,1200,ダート,良,16,2,モイラ,舟山瑠泉,15.0,118.4,109.0,-7.94,-0.0827,0.00785,12.06,0.01346,0.00734,1.834,1.4674,2.0,13,不的中,0,88.6,0.0,1000.0,0.0,-1000.0,446800.0,300.0,0.0,-300.0,466090.0
2025-04-13,09:55,202506030601,01,中山,3歳未勝利,未勝利,1200,ダート,良,15,12,アルマリカシバ,大野拓弥,6.0,33.2,16.0,-51.81,-0.73,0.07785,2.89,0.1013,0.05,2.026,1.6207,1.0,4,不的中,0,16.0,0.0,1000.0,0.0,-1000.0,445800.0,2000.0,0.0,-2000.0,462690.0
2025-04-13,09:55,202506030601,01,中山,3歳未勝利,未勝利,1200,ダート,良,15,1,トキメキジニア,丸田恭介,4.0,27.5,13.6,-50.55,-0.7041,0.09078,2.89,0.1013,0.05882,1.722,1.3776,2.0,6,不的中,0,13.6,0.0,1000.0,0.0,-1000.0,444800.0,1400.0,0.0,-1400.0,462690.0
2025-04-13,10:05,202509020601,01,阪神,3歳未勝利,未勝利,1400,ダート,良,16,16,アイブリンク,松若風馬,6.0,43.8,27.3,-37.67,-0.4727,0.03876,5.22,0.04735,0.0293,1.616,1.2925,1.0,4,不的中,0,17.9,0.0,1000.0,0.0,-1000.0,443800.0,600.0,0.0,-600.0,462090.0
2025-04-13,10:55,202506030603,03,中山,3歳未勝利,未勝利,1200,ダート,良,16,7,イモルテル,石橋脩,5.0,30.3,15.9,-47.52,-0.6448,0.06225,5.63,0.08949,0.05031,1.779,1.423,1.0,5,不的中,0,15.9,0.0,1000.0,0.0,-1000.0,442800.0,1400.0,0.0,-1400.0,460690.0
2025-04-13,11:05,202509020603,03,阪神,3歳未勝利,未勝利,1200,ダート,良,16,8,ソイジャガー,川須栄彦,11.0,75.4,70.9,-5.97,-0.0615,0.01157,5.04,0.01727,0.01128,1.53,1.2243,1.0,10,不的中,0,70.9,0.0,1000.0,0.0,-1000.0,441800.0,200.0,0.0,-200.0,460490.0
2025-04-13,12:35,202503010206,06,福島,4歳以上1勝クラス,1勝クラス,1200,芝,良,16,1,ソアラ,橋木太希,8.0,32.8,24.5,-25.3,-0.2918,0.03564,4.07,0.05093,0.03265,1.56,1.2477,1.0,6,不的中,0,20.3,0.0,1000.0,0.0,-1000.0,440800.0,500.0,0.0,-500.0,459990.0
2025-04-13,14:15,202506030609,09,中山,印西特別(2勝),2勝クラス,2400,ダート,良,11,9,シゲルカミカゼ,大野拓弥,7.0,37.4,23.7,-36.63,-0.4562,0.04084,5.33,0.05132,0.03376,1.52,1.2162,1.0,3,不的中,0,15.8,0.0,1000.0,0.0,-1000.0,439800.0,500.0,0.0,-500.0,459490.0
2025-04-13,14:40,202503010210,10,福島,やまびこステークス(3勝),3勝クラス,1150,ダート,良,16,6,グランフォーブル,丸山元気,6.0,64.1,23.7,-63.03,-0.995,0.05846,6.0,0.05267,0.03376,1.56,1.2483,1.0,15,不的中,0,19.6,0.0,1000.0,0.0,-1000.0,438800.0,600.0,0.0,-600.0,458490.0
2025-04-13,14:40,202503010210,10,福島,やまびこステークス(3勝),3勝クラス,1150,ダート,良,16,12,カフジエニアゴン,国分恭介,7.0,39.5,30.9,-21.77,-0.2455,0.03255,6.0,0.03988,0.02589,1.54,1.2323,2.0,3,不的中,0,25.5,0.0,1000.0,0.0,-1000.0,437800.0,400.0,0.0,-400.0,458490.0
2025-04-13,15:20,202503010211,11,福島,福島民報杯(L),リステッド,2000,芝,良,15,7,コレペティトール,柴田裕一,15.0,89.5,73.4,-17.99,-0.1983,0.01435,7.6,0.01996,0.0109,1.831,1.4651,1.0,8,不的中,0,65.7,0.0,1000.0,0.0,-1000.0,436800.0,300.0,0.0,-300.0,458190.0
2025-04-13,15:40,202509020611,11,阪神,第85回桜花賞(GI),G1,1600,芝,稍重,18,4,ショウナンザナドゥ,池添謙一,6.0,27.3,21.1,-22.71,-0.2576,0.06607,101.99,0.05789,0.03791,1.527,1.2215,1.0,10,不的中,0,21.1,0.0,1000.0,0.0,-1000.0,435800.0,600.0,0.0,-600.0,457590.0
2025-04-13,16:01,202503010212,12,福島,4歳以上1勝クラス,1勝クラス,1700,ダート,良,15,5,ディーエスソフィア,高杉吏麒,8.0,33.8,27.6,-18.34,-0.2026,0.03269,6.57,0.04421,0.02899,1.525,1.2202,1.0,11,不的中,0,23.0,0.0,1000.0,0.0,-1000.0,434800.0,400.0,0.0,-400.0,457190.0
2025-04-13,16:30,202509020612,12,阪神,梅田ステークス(3勝),3勝クラス,1800,ダート,稍重,16,11,アルムラトゥール,団野大成,7.0,50.4,36.5,-27.58,-0.3227,0.03267,16.49,0.04157,0.02192,1.897,1.5172,1.0,14,不的中,0,18.1,0.0,1000.0,0.0,-1000.0,433800.0,700.0,0.0,-700.0,456490.0
2025-04-19,09:50,202503010301,01,福島,3歳未勝利,未勝利,1150,ダート,良,16,7,タイセイウーノ,松本大輝,8.0,110.4,32.5,-70.56,-1.2229,0.04413,3.29,0.05132,0.02462,2.085,1.6678,1.0,10,不的中,0,32.5,0.0,1000.0,0.0,-1000.0,432800.0,1000.0,0.0,-1000.0,454690.0
2025-04-19,09:50,202503010301,01,福島,3歳未勝利,未勝利,1150,ダート,良,16,9,マサハヤモーブ,小沢大仁,7.0,40.0,28.9,-27.75,-0.325,0.03635,3.29,0.05056,0.02768,1.827,1.4613,2.0,13,不的中,0,28.9,0.0,1000.0,0.0,-1000.0,431800.0,800.0,0.0,-800.0,454690.0
2025-04-19,09:55,202509020701,01,阪神,3歳未勝利,未勝利,1800,ダート,良,16,1,ゼットヒーロ,吉村誠之,8.0,44.4,29.7,-33.11,-0.4021,0.03664,3.43,0.05095,0.02694,1.892,1.5133,1.0,10,不的中,0,29.7,0.0,1000.0,0.0,-1000.0,430800.0,900.0,0.0,-900.0,452590.0
2025-04-19,09:55,202509020701,01,阪神,3歳未勝利,未勝利,1800,ダート,良,16,4,アイドルアイズ,田山旺佑,12.0,131.2,110.0,-16.16,-0.1762,0.00848,3.43,0.01346,0.00727,1.851,1.4808,2.0,6,不的中,0,110.0,0.0,1000.0,0.0,-1000.0,429800.0,300.0,0.0,-300.0,452590.0
2025-04-19,09:55,202509020701,01,阪神,3歳未勝利,未勝利,1800,ダート,良,16,16,トップレディー,酒井学,4.0,24.0,12.9,-46.25,-0.6208,0.0937,3.43,0.09498,0.06202,1.532,1.2253,3.0,13,不的中,0,12.9,0.0,1000.0,0.0,-1000.0,428800.0,900.0,0.0,-900.0,452590.0
2025-04-19,10:15,202503010302,02,福島,3歳未勝利,未勝利,1200,芝,良,16,15,マーレリアン,小林脩斗,9.0,80.7,65.6,-18.71,-0.2072,0.01306,3.32,0.0223,0.0122,1.829,1.463,1.0,9,不的中,0,65.6,0.0,1000.0,0.0,-1000.0,427800.0,400.0,0.0,-400.0,452190.0
2025-04-19,10:25,202509020702,02,阪神,3歳未勝利,未勝利,1200,ダート,良,16,13,スマートエレーヌ,川又賢治,9.0,67.0,55.2,-17.61,-0.1937,0.01597,4.02,0.0223,0.01449,1.539,1.2311,1.0,8,不的中,0,55.2,0.0,1000.0,0.0,-1000.0,426800.0,200.0,0.0,-200.0,451990.0
2025-04-19,12:05,202503010305,05,福島,3歳未勝利,未勝利,1800,芝,良,16,3,グラスダイヤモンド,的場勇人,12.0,140.2,99.8,-28.82,-0.3399,0.0107,3.91,0.01677,0.00802,2.092,1.6734,1.0,14,不的中,0,99.5,0.0,1000.0,0.0,-1000.0,425800.0,400.0,0.0,-400.0,451590.0
2025-04-19,12:35,202503010306,06,福島,3歳未勝利,未勝利,1200,芝,良,16,6,ゼンダンスバシリ,鮫島良太,9.0,55.3,27.9,-49.55,-0.6841,0.03397,3.61,0.05132,0.02867,1.79,1.4317,1.0,8,不的中,0,27.9,0.0,1000.0,0.0,-1000.0,424800.0,800.0,0.0,-800.0,450790.0
2025-04-19,14:05,202503010309,09,福島,ひめさゆり賞(1勝),1勝クラス,2000,芝,良,10,6,ジェットブレード,丸山元気,4.0,18.3,13.4,-26.78,-0.3116,0.07103,3.92,0.09806,0.0597,1.643,1.3141,1.0,3,不的中,0,13.4,0.0,1000.0,0.0,-1000.0,423800.0,1200.0,0.0,-1200.0,449590.0
2025-04-19,14:15,202509020709,09,阪神,吹田特別(2勝),2勝クラス,1400,ダート,良,16,8,タイガースパーク,田口貫太,10.0,55.0,31.0,-43.64,-0.5733,0.0317,6.3,0.0469,0.02581,1.817,1.4538,1.0,2,不的中,0,31.0,0.0,1000.0,0.0,-1000.0,422800.0,700.0,0.0,-700.0,448890.0
2025-04-19,14:40,202503010310,10,福島,桑折特別(1勝),1勝クラス,2000,芝,良,16,5,トリオンファルマン,角田大和,9.0,28.1,19.0,-32.38,-0.3913,0.05359,4.86,0.09978,0.04211,2.37,1.8959,1.0,13,不的中,0,19.0,0.0,1000.0,0.0,-1000.0,421800.0,2300.0,0.0,-2300.0,446190.0
2025-04-19,14:40,202503010310,10,福島,桑折特別(1勝),1勝クラス,2000,芝,良,16,15,メアヴィア,横山琉人,13.0,96.6,65.2,-32.51,-0.3931,0.01563,4.86,0.0223,0.01227,1.818,1.4541,2.0,7,不的中,0,65.2,0.0,1000.0,0.0,-1000.0,420800.0,400.0,0.0,-400.0,446190.0
2025-04-19,15:20,202503010311,11,福島,ラジオ福島賞(2勝),2勝クラス,1700,ダート,良,15,2,スペンサーバローズ,荻野極,6.0,15.9,13.3,-16.35,-0.1786,0.0728,6.61,0.1013,0.06015,1.684,1.3472,1.0,8,不的中,0,13.4,0.0,1000.0,0.0,-1000.0,419800.0,1300.0,0.0,-1300.0,444290.0
2025-04-19,15:20,202503010311,11,福島,ラジオ福島賞(2勝),2勝クラス,1700,ダート,良,15,4,アイファーグローブ,秋山稔樹,9.0,40.8,24.7,-39.46,-0.5019,0.04921,6.61,0.05319,0.03239,1.642,1.3138,2.0,2,不的中,0,21.3,0.0,1000.0,0.0,-1000.0,418800.0,600.0,0.0,-600.0,444290.0
2025-04-19,15:30,202509020711,11,阪神,第30回アンタレスステークス(GIII),G3,1800,ダート,良,13,7,タイトニット,坂井瑠星,10.0,53.4,39.9,-25.28,-0.2914,0.0295,23.05,0.03413,0.02005,1.702,1.362,1.0,2,不的中,0,39.4,0.0,1000.0,0.0,-1000.0,417800.0,500.0,0.0,-500.0,443790.0
2025-04-19,16:01,202503010312,12,福島,4歳以上1勝クラス,1勝クラス,1200,芝,良,16,8,ビアフォーナウ,亀田温心,14.0,118.7,95.9,-19.21,-0.2133,0.00984,5.83,0.01346,0.00834,1.614,1.291,1.0,3,不的中,0,98.1,0.0,1000.0,0.0,-1000.0,416800.0,200.0,0.0,-200.0,443590.0
2025-04-19,16:10,202509020712,12,阪神,4歳以上1勝クラス,1勝クラス,1400,ダート,良,16,1,ガウラスパーク,田山旺佑,12.0,101.5,80.3,-20.89,-0.2343,0.01165,9.08,0.0223,0.00996,2.239,1.7909,1.0,9,不的中,0,67.8,0.0,1000.0,0.0,-1000.0,415800.0,500.0,0.0,-500.0,443090.0
2025-04-19,16:30,202506030712,12,中山,葛飾特別(2勝),2勝クラス,1200,ダート,良,16,10,メラーキ,松岡正海,11.0,139.9,128.7,-8.01,-0.0834,0.00696,13.66,0.01346,0.00622,2.166,1.7326,1.0,9,不的中,0,88.1,0.0,1000.0,0.0,-1000.0,414800.0,300.0,0.0,-300.0,442790.0
2025-04-20,09:55,202509020801,01,阪神,3歳未勝利,未勝利,1400,ダート,良,16,5,トリプレーテ,横山典弘,6.0,13.0,12.0,-7.69,-0.08,0.0706,2.99,0.1,0.06667,1.5,1.2,1.0,3,不的中,0,11.6,0.0,1000.0,0.0,-1000.0,413800.0,900.0,0.0,-900.0,441890.0
2025-04-20,10:55,202509020803,03,阪神,3歳未勝利,未勝利,1800,ダート,良,16,10,ケンエージェント,高杉吏麒,10.0,56.6,42.7,-24.56,-0.2818,0.02054,4.47,0.02896,0.01874,1.546,1.2364,1.0,2,不的中,0,42.7,0.0,1000.0,0.0,-1000.0,412800.0,300.0,0.0,-300.0,441390.0
2025-04-20,10:55,202509020803,03,阪神,3歳未勝利,未勝利,1800,ダート,良,16,6,ディオスパーダ,柴田裕一,11.0,83.5,55.1,-34.01,-0.4157,0.01653,4.47,0.0223,0.01452,1.536,1.2289,2.0,7,不的中,0,55.1,0.0,1000.0,0.0,-1000.0,411800.0,200.0,0.0,-200.0,441390.0
2025-04-20,11:35,202506030804,04,中山,3歳未勝利,未勝利,2000,芝,良,16,6,テンミラージュ,津村明秀,9.0,77.7,35.9,-53.8,-0.7721,0.02961,5.53,0.04038,0.02228,1.812,1.4495,1.0,3,不的中,0,35.9,0.0,1000.0,0.0,-1000.0,410800.0,600.0,0.0,-600.0,440790.0
2025-04-20,12:15,202509020805,05,阪神,3歳未勝利,未勝利,1800,芝,良,18,4,アンビアンス,吉村誠之,11.0,73.4,65.5,-10.76,-0.1139,0.01297,4.69,0.0223,0.01221,1.826,1.4608,1.0,13,不的中,0,65.5,0.0,1000.0,0.0,-1000.0,409800.0,400.0,0.0,-400.0,440390.0
2025-04-20,12:55,202506030806,06,中山,3歳1勝クラス,1勝クラス,1800,ダート,良,15,12,ブレトワルダ,岩田望来,9.0,77.9,63.6,-18.36,-0.2028,0.01418,8.25,0.0223,0.01258,1.773,1.4184,1.0,6,不的中,0,41.3,0.0,1000.0,0.0,-1000.0,408800.0,300.0,0.0,-300.0,440090.0
2025-04-20,13:30,202506030807,07,中山,4歳以上1勝クラス,1勝クラス,1200,ダート,良,16,5,ゴールデンシーカー,内田博幸,11.0,79.5,62.3,-21.64,-0.2438,0.01599,6.1,0.0223,0.01284,1.737,1.3894,1.0,15,不的中,0,63.8,0.0,1000.0,0.0,-1000.0,407800.0,300.0,0.0,-300.0,439790.0
2025-04-20,13:35,202503010408,08,福島,4歳以上1勝クラス,1勝クラス,1700,ダート,良,15,6,ヤマカツレオン,川端海翼,8.0,36.5,27.0,-26.03,-0.3015,0.03424,2.4,0.05132,0.02963,1.732,1.3855,1.0,11,不的中,0,19.8,0.0,1000.0,0.0,-1000.0,406800.0,700.0,0.0,-700.0,439090.0
2025-04-20,13:45,202509020808,08,阪神,4歳以上1勝クラス,1勝クラス,1800,ダート,良,13,2,リアルペガサス,田口貫太,6.0,53.0,26.3,-50.38,-0.7007,0.03819,4.68,0.05132,0.03042,1.687,1.3496,1.0,6,不的中,0,16.1,0.0,1000.0,0.0,-1000.0,405800.0,700.0,0.0,-700.0,438390.0
2025-04-20,13:55,202506030808,08,中山,利根川特別(2勝),2勝クラス,1800,ダート,良,16,16,レオスパーク,木幡巧也,13.0,136.9,112.6,-17.75,-0.1954,0.00783,6.85,0.01358,0.0071,1.911,1.5287,1.0,11,不的中,0,103.1,0.0,1000.0,0.0,-1000.0,404800.0,300.0,0.0,-300.0,438090.0
2025-04-20,15:40,202506030811,11,中山,第85回皐月賞(GI),G1,2000,芝,良,18,4,ジュタ,坂井瑠星,15.0,133.7,110.1,-17.65,-0.1942,0.01204,144.34,0.01785,0.00727,2.457,1.9652,1.0,12,不的中,0,110.1,0.0,1000.0,0.0,-1000.0,403800.0,400.0,0.0,-400.0,436390.0
2025-04-20,15:40,202506030811,11,中山,第85回皐月賞(GI),G1,2000,芝,良,18,6,マスカレードボール,横山武史,4.0,16.7,13.7,-17.96,-0.198,0.09744,144.34,0.1,0.05839,1.713,1.37,2.0,3,不的中,0,13.7,0.0,1000.0,0.0,-1000.0,402800.0,1300.0,0.0,-1300.0,436390.0
2025-04-26,10:01,202508020101,01,京都,3歳未勝利,未勝利,1400,ダート,良,16,5,ジェバーダ,北村友一,3.0,20.8,13.6,-34.62,-0.4249,0.07551,5.84,0.1013,0.05882,1.722,1.3776,1.0,5,不的中,0,10.2,0.0,1000.0,0.0,-1000.0,401800.0,1400.0,0.0,-1400.0,434990.0
2025-04-26,11:00,202508020103,03,京都,3歳未勝利,未勝利,1200,芝,良,18,7,オーウェンズバレー,藤岡佑介,10.0,91.3,73.1,-19.93,-0.2223,0.01179,5.03,0.0223,0.01094,2.038,1.6303,1.0,14,不的中,0,48.0,0.0,1000.0,0.0,-1000.0,400800.0,400.0,0.0,-400.0,434590.0
2025-04-26,11:10,202505020103,03,東京,3歳未勝利,未勝利,2100,ダート,稍重,16,2,タケルサバイバル,シュタル,11.0,104.1,79.9,-23.25,-0.2646,0.01169,5.05,0.0223,0.01001,2.227,1.7819,1.0,3,不的中,0,74.9,0.0,1000.0,0.0,-1000.0,399800.0,500.0,0.0,-500.0,433690.0
2025-04-26,11:10,202505020103,03,東京,3歳未勝利,未勝利,2100,ダート,稍重,16,14,マオノギミック,菅原明良,9.0,93.1,69.6,-25.24,-0.2909,0.0136,5.05,0.0223,0.01149,1.94,1.5522,2.0,14,不的中,0,68.1,0.0,1000.0,0.0,-1000.0,398800.0,400.0,0.0,-400.0,433690.0
2025-04-26,14:15,202503010509,09,福島,雪うさぎ賞(1勝),1勝クラス,1200,芝,良,16,5,ブルーサンセット,荻野極,9.0,40.9,30.9,-24.45,-0.2804,0.03187,5.97,0.04224,0.02589,1.632,1.3053,1.0,5,不的中,0,26.2,0.0,1000.0,0.0,-1000.0,397800.0,500.0,0.0,-500.0,433190.0
2025-04-26,15:25,202503010511,11,福島,福島中央テレビ杯(2勝),2勝クラス,1200,芝,良,16,12,ゴルトリッチ,菊沢一樹,7.0,27.6,17.7,-35.87,-0.4443,0.0641,7.59,0.1013,0.0452,2.241,1.7929,1.0,7,不的中,0,13.0,0.0,1000.0,0.0,-1000.0,396800.0,2100.0,0.0,-2100.0,429990.0
2025-04-26,15:25,202503010511,11,福島,福島中央テレビ杯(2勝),2勝クラス,1200,芝,良,16,13,イグニション,荻野極,11.0,51.9,31.1,-40.08,-0.5121,0.03777,7.59,0.05567,0.02572,2.164,1.7313,2.0,3,不的中,0,22.2,0.0,1000.0,0.0,-1000.0,395800.0,1100.0,0.0,-1100.0,429990.0
2025-04-26,15:45,202505020111,11,東京,第32回テレビ東京杯青葉賞(GII),G2,2400,芝,良,13,5,ホウオウアートマン,戸崎圭太,8.0,114.8,84.5,-26.39,-0.3064,0.01478,34.5,0.01677,0.00947,1.771,1.4168,1.0,6,不的中,0,56.3,0.0,1000.0,0.0,-1000.0,394800.0,300.0,0.0,-300.0,429490.0
2025-04-26,15:45,202505020111,11,東京,第32回テレビ東京杯青葉賞(GII),G2,2400,芝,良,13,6,ヤマニンブークリエ,津村明秀,10.0,91.8,79.4,-13.51,-0.1451,0.01296,34.5,0.01678,0.01008,1.665,1.3321,2.0,8,不的中,0,74.1,0.0,1000.0,0.0,-1000.0,393800.0,200.0,0.0,-200.0,429490.0
2025-04-27,10:01,202508020201,01,京都,3歳未勝利,未勝利,1200,ダート,良,16,9,ペプチドクレマチス,岩田望来,8.0,35.6,23.7,-33.43,-0.4069,0.03641,4.23,0.05265,0.03376,1.56,1.2478,1.0,1,的中,1,23.7,2370.0,1000.0,23700.0,22700.0,416500.0,500.0,11850.0,11350.0,440840.0
2025-04-27,11:20,202503010604,04,福島,3歳未勝利,未勝利,1200,芝,良,16,9,キャナルクルーズ,嶋田純次,4.0,14.6,12.4,-15.07,-0.1633,0.0673,4.27,0.1,0.06452,1.55,1.24,1.0,6,不的中,0,11.2,0.0,1000.0,0.0,-1000.0,415500.0,1000.0,0.0,-1000.0,439840.0
2025-04-27,12:40,202503010606,06,福島,4歳以上1勝クラス,1勝クラス,1700,ダート,良,14,9,ヴェラグエリエロ,遠藤汰月,12.0,159.5,127.6,-20.0,-0.2231,0.00673,3.41,0.01346,0.00627,2.147,1.7178,1.0,11,不的中,0,127.2,0.0,1000.0,0.0,-1000.0,414500.0,300.0,0.0,-300.0,439540.0
2025-04-27,14:35,202505020209,09,東京,湘南ステークス(3勝),3勝クラス,1400,芝,良,15,2,ドーバーホーク,北村宏司,12.0,97.7,64.3,-34.19,-0.4183,0.01489,9.0,0.02149,0.01244,1.727,1.3817,1.0,10,不的中,0,64.3,0.0,1000.0,0.0,-1000.0,413500.0,300.0,0.0,-300.0,438040.0
2025-04-27,14:35,202505020209,09,東京,湘南ステークス(3勝),3勝クラス,1400,芝,良,15,4,メイショウフンケイ,酒井学,6.0,19.7,13.6,-30.96,-0.3705,0.06918,9.0,0.09806,0.05882,1.667,1.3337,2.0,8,不的中,0,13.6,0.0,1000.0,0.0,-1000.0,412500.0,1200.0,0.0,-1200.0,438040.0
2025-04-27,15:25,202503010611,11,福島,モルガナイトS(OP),オープン,1200,芝,良,16,15,セットアップ,内田博幸,14.0,138.1,107.6,-22.09,-0.2496,0.00967,10.72,0.01346,0.00743,1.811,1.4485,1.0,10,不的中,0,89.2,0.0,1000.0,0.0,-1000.0,411500.0,200.0,0.0,-200.0,437840.0
2025-04-27,15:45,202505020211,11,東京,第60回サンスポ賞フローラS(GII),G2,2000,芝,良,18,1,タガノアビー,藤岡佑介,12.0,134.3,109.6,-18.39,-0.2032,0.00961,41.92,0.01358,0.0073,1.86,1.4879,1.0,5,不的中,0,80.9,0.0,1000.0,0.0,-1000.0,410500.0,200.0,0.0,-200.0,437640.0
2025-04-27,16:30,202505020212,12,東京,4歳以上2勝クラス,2勝クラス,1400,ダート,稍重,16,11,ローリーグローリー,藤岡佑介,11.0,85.1,47.6,-44.07,-0.581,0.02719,18.71,0.04175,0.01681,2.484,1.9872,1.0,7,不的中,0,47.6,0.0,1000.0,0.0,-1000.0,409500.0,1000.0,0.0,-1000.0,435940.0
2025-04-27,16:30,202505020212,12,東京,4歳以上2勝クラス,2勝クラス,1400,ダート,稍重,16,6,ホウオウプレミア,横山和生,10.0,56.2,37.8,-32.74,-0.3966,0.0308,18.71,0.03988,0.02116,1.884,1.5075,2.0,2,不的中,0,36.9,0.0,1000.0,0.0,-1000.0,408500.0,700.0,0.0,-700.0,435940.0
2025-05-03,10:15,202505020301,01,東京,3歳未勝利,未勝利,1400,ダート,不良,16,7,マグノリアロード,木幡巧也,13.0,159.8,144.9,-9.32,-0.0979,0.00619,5.12,0.01346,0.00552,2.438,1.9507,1.0,10,不的中,0,146.0,0.0,1000.0,0.0,-1000.0,407500.0,300.0,0.0,-300.0,435240.0
2025-05-03,10:15,202505020301,01,東京,3歳未勝利,未勝利,1400,ダート,不良,16,5,プルプレア,大野拓弥,10.0,152.6,71.7,-53.01,-0.7553,0.01885,5.12,0.0223,0.01116,1.999,1.5991,2.0,13,不的中,0,52.1,0.0,1000.0,0.0,-1000.0,406500.0,400.0,0.0,-400.0,435240.0
2025-05-03,10:25,202504010102,02,新潟,3歳未勝利,未勝利,1800,ダート,稍重,15,3,ゼットヒーロ,斎藤新,9.0,50.0,30.7,-38.6,-0.4878,0.03012,2.85,0.04304,0.02606,1.652,1.3213,1.0,9,不的中,0,27.9,0.0,1000.0,0.0,-1000.0,405500.0,500.0,0.0,-500.0,434740.0
2025-05-03,11:15,202505020303,03,東京,3歳未勝利,未勝利,2100,ダート,不良,14,6,ヤマニンエボルブ,伊藤工真,14.0,170.8,149.8,-12.3,-0.1312,0.00564,4.84,0.01346,0.00534,2.521,2.0166,1.0,6,不的中,0,146.1,0.0,1000.0,0.0,-1000.0,404500.0,300.0,0.0,-300.0,434440.0
2025-05-03,12:15,202504010105,05,新潟,3歳未勝利,未勝利,1400,芝,良,16,14,ルブリアン,柴田裕一,7.0,39.2,23.9,-39.03,-0.4948,0.04931,3.98,0.05132,0.03347,1.533,1.2265,1.0,14,不的中,0,16.8,0.0,1000.0,0.0,-1000.0,403500.0,500.0,0.0,-500.0,433940.0
2025-05-03,14:35,202505020309,09,東京,是政ステークス(3勝),3勝クラス,2100,ダート,重,16,8,ワンパット,幸英明,6.0,27.7,15.5,-44.04,-0.5806,0.07096,8.31,0.09344,0.05161,1.81,1.4483,1.0,11,不的中,0,14.8,0.0,1000.0,0.0,-1000.0,402500.0,1400.0,0.0,-1400.0,432240.0
2025-05-03,14:35,202505020309,09,東京,是政ステークス(3勝),3勝クラス,2100,ダート,重,16,5,アームブランシュ,吉田豊,12.0,66.8,63.2,-5.39,-0.0554,0.01327,8.31,0.02149,0.01266,1.698,1.3581,2.0,10,不的中,0,62.2,0.0,1000.0,0.0,-1000.0,401500.0,300.0,0.0,-300.0,432240.0
2025-05-03,15:25,202504010111,11,新潟,三条ステークス(3勝),3勝クラス,1800,ダート,稍重,15,11,メイショウオーロラ,古川吉洋,9.0,38.1,23.0,-39.63,-0.5047,0.04874,7.37,0.05243,0.03478,1.507,1.206,1.0,15,不的中,0,21.2,0.0,1000.0,0.0,-1000.0,400500.0,500.0,0.0,-500.0,431740.0
2025-05-03,15:45,202505020311,11,東京,第70回京王杯スプリングC(GII),G2,1400,芝,良,12,5,アサカラキング,横山和生,5.0,16.0,12.3,-23.12,-0.263,0.08667,28.51,0.09978,0.06504,1.534,1.2273,1.0,9,不的中,0,9.7,0.0,1000.0,0.0,-1000.0,399500.0,900.0,0.0,-900.0,430840.0
2025-05-03,16:10,202508020312,12,京都,4歳以上2勝クラス,2勝クラス,1200,ダート,稍重,16,16,プロテア,森田誠也,9.0,47.6,34.2,-28.15,-0.3306,0.02745,8.46,0.03633,0.02339,1.553,1.2425,1.0,3,不的中,0,24.0,0.0,1000.0,0.0,-1000.0,398500.0,400.0,0.0,-400.0,429440.0
2025-05-03,16:10,202508020312,12,京都,4歳以上2勝クラス,2勝クラス,1200,ダート,稍重,16,6,ビバップ,吉村誠之,6.0,16.3,12.2,-25.15,-0.2897,0.07568,8.46,0.1013,0.06557,1.545,1.2358,2.0,8,不的中,0,12.2,0.0,1000.0,0.0,-1000.0,397500.0,1000.0,0.0,-1000.0,429440.0
2025-05-04,10:05,202508020401,01,京都,3歳未勝利,未勝利,1200,ダート,稍重,16,13,ノヴァエスペランサ,池添謙一,9.0,78.5,71.7,-8.66,-0.0906,0.01253,4.47,0.01845,0.01116,1.654,1.3232,1.0,13,不的中,0,56.3,0.0,1000.0,0.0,-1000.0,396500.0,200.0,0.0,-200.0,429240.0
2025-05-04,12:05,202504010205,05,新潟,3歳未勝利,未勝利,2000,芝,稍重,16,6,エットトゥカム,黛弘人,10.0,89.0,73.8,-17.08,-0.1873,0.01319,3.68,0.0223,0.01084,2.057,1.6459,1.0,4,不的中,0,78.0,0.0,1000.0,0.0,-1000.0,395500.0,400.0,0.0,-400.0,428840.0
2025-05-04,12:55,202508020406,06,京都,4歳以上1勝クラス,1勝クラス,1800,ダート,良,7,4,ニホンピロマリンバ,森田誠也,4.0,26.7,11.2,-58.05,-0.8687,0.08877,3.6,0.11395,0.07143,1.595,1.2762,1.0,7,不的中,0,11.2,0.0,1000.0,0.0,-1000.0,394500.0,1200.0,0.0,-1200.0,427640.0
2025-05-04,13:15,202505020407,07,東京,4歳以上1勝クラス,1勝クラス,2100,ダート,稍重,10,8,ブレイヴアロウ,木幡巧也,8.0,50.4,29.8,-40.87,-0.5255,0.03695,5.53,0.04958,0.02685,1.847,1.4774,1.0,2,不的中,0,26.4,0.0,1000.0,0.0,-1000.0,393500.0,800.0,0.0,-800.0,426840.0
2025-05-04,14:05,202504010209,09,新潟,咲花特別(2勝),2勝クラス,1800,ダート,稍重,15,3,エンセリオ,西塚洸二,9.0,50.0,32.3,-35.4,-0.437,0.03014,4.52,0.04372,0.02477,1.765,1.412,1.0,4,不的中,0,30.3,0.0,1000.0,0.0,-1000.0,392500.0,600.0,0.0,-600.0,425940.0
2025-05-04,14:05,202504010209,09,新潟,咲花特別(2勝),2勝クラス,1800,ダート,稍重,15,15,メイショウコボケ,松本大輝,13.0,66.9,57.1,-14.65,-0.1584,0.01566,4.52,0.0223,0.01401,1.592,1.2735,2.0,10,不的中,0,53.8,0.0,1000.0,0.0,-1000.0,391500.0,300.0,0.0,-300.0,425940.0
2025-05-04,14:40,202504010210,10,新潟,邁進特別(2勝),2勝クラス,1000,芝,良,16,7,クオレス,武藤雅,10.0,73.6,43.9,-40.35,-0.5167,0.02677,6.16,0.03802,0.01822,2.086,1.669,1.0,4,不的中,0,40.3,0.0,1000.0,0.0,-1000.0,390500.0,700.0,0.0,-700.0,424340.0
2025-05-04,14:40,202504010210,10,新潟,邁進特別(2勝),2勝クラス,1000,芝,良,16,15,スクルプトーリス,亀田温心,6.0,33.7,19.4,-42.43,-0.5522,0.06148,6.16,0.07048,0.04124,1.709,1.3673,2.0,5,不的中,0,16.0,0.0,1000.0,0.0,-1000.0,389500.0,900.0,0.0,-900.0,424340.0
2025-05-04,14:50,202505020410,10,東京,ブリリアントS(L),リステッド,2100,ダート,稍重,16,10,トウセツ,Ｍ．デム,13.0,116.0,62.2,-46.38,-0.6232,0.01917,9.65,0.0223,0.01286,1.734,1.3872,1.0,13,不的中,0,58.9,0.0,1000.0,0.0,-1000.0,388500.0,300.0,0.0,-300.0,424040.0
2025-05-04,15:20,202504010211,11,新潟,越後ステークス(OP),オープン,1200,ダート,稍重,15,15,ゼットレヨン,酒井学,14.0,100.7,83.8,-16.78,-0.1837,0.01259,9.0,0.01785,0.00955,1.87,1.4958,1.0,10,不的中,0,79.0,0.0,1000.0,0.0,-1000.0,387500.0,300.0,0.0,-300.0,422040.0
2025-05-04,15:20,202504010211,11,新潟,越後ステークス(OP),オープン,1200,ダート,稍重,15,8,レディフォース,長岡禎仁,10.0,36.9,25.5,-30.89,-0.3695,0.04852,9.0,0.05267,0.03137,1.679,1.3431,2.0,3,不的中,0,23.0,0.0,1000.0,0.0,-1000.0,386500.0,600.0,0.0,-600.0,422040.0
2025-05-04,15:20,202504010211,11,新潟,越後ステークス(OP),オープン,1200,ダート,稍重,15,11,シアージスト,小崎綾也,5.0,25.5,13.8,-45.88,-0.614,0.10366,9.0,0.09498,0.05797,1.638,1.3108,3.0,7,不的中,0,13.1,0.0,1000.0,0.0,-1000.0,385500.0,1100.0,0.0,-1100.0,422040.0
2025-05-04,15:40,202508020411,11,京都,第171回天皇賞(春)(GI),G1,3200,芝,良,15,7,プラダリア,松山弘平,10.0,86.5,57.3,-33.76,-0.4118,0.03512,123.51,0.04493,0.01396,3.218,2.5745,1.0,10,不的中,0,57.0,0.0,1000.0,0.0,-1000.0,384500.0,1200.0,0.0,-1200.0,420840.0
2025-05-04,16:10,202505020412,12,東京,4歳以上2勝クラス,2勝クラス,1300,ダート,稍重,16,14,ピックアップライン,木幡巧也,6.0,17.4,12.9,-25.86,-0.2992,0.07386,12.39,0.1013,0.06202,1.633,1.3067,1.0,2,不的中,0,12.1,0.0,1000.0,0.0,-1000.0,383500.0,1100.0,0.0,-1100.0,419740.0
2025-05-04,16:30,202508020412,12,京都,巨椋池ステークス(3勝),3勝クラス,1200,ダート,良,16,12,カフジエニアゴン,和田竜二,9.0,37.2,30.6,-17.74,-0.1953,0.03451,19.46,0.04735,0.02614,1.811,1.4488,1.0,2,不的中,0,30.7,0.0,1000.0,0.0,-1000.0,382500.0,700.0,0.0,-700.0,419040.0
2025-05-10,12:15,202504010305,05,新潟,3歳未勝利,未勝利,1600,芝,稍重,15,9,プレミアブルー,舟山瑠泉,11.0,118.1,111.1,-5.93,-0.0611,0.00757,3.52,0.01346,0.0072,1.87,1.4956,1.0,6,不的中,0,93.8,0.0,1000.0,0.0,-1000.0,381500.0,200.0,0.0,-200.0,418840.0
2025-05-10,14:35,202505020509,09,東京,分倍河原ステークス(3勝),3勝クラス,1600,芝,稍重,15,15,パワーホール,田辺裕信,8.0,22.5,16.0,-28.89,-0.3409,0.06212,8.11,0.1013,0.05,2.026,1.6207,1.0,2,不的中,0,16.4,0.0,1000.0,0.0,-1000.0,380500.0,1800.0,0.0,-1800.0,417040.0
2025-05-10,16:01,202504010312,12,新潟,4歳以上1勝クラス,1勝クラス,1200,ダート,稍重,14,10,クインズシャウラ,鷲頭虎太,7.0,32.4,12.9,-60.19,-0.9209,0.07915,6.91,0.1013,0.06202,1.633,1.3067,1.0,3,不的中,0,12.9,0.0,1000.0,0.0,-1000.0,379500.0,1100.0,0.0,-1100.0,414940.0
2025-05-10,16:01,202504010312,12,新潟,4歳以上1勝クラス,1勝クラス,1200,ダート,稍重,14,6,アイスリンディ,亀田温心,6.0,15.3,12.1,-20.92,-0.2346,0.07207,6.91,0.1046,0.06612,1.582,1.2656,2.0,10,不的中,0,12.1,0.0,1000.0,0.0,-1000.0,378500.0,1000.0,0.0,-1000.0,414940.0
2025-05-11,11:25,202508020604,04,京都,3歳未勝利,未勝利,1600,芝,良,16,14,ソルレーヴ,秋山稔樹,11.0,135.8,116.0,-14.58,-0.1576,0.00743,4.11,0.01346,0.0069,1.952,1.5616,1.0,9,不的中,0,102.7,0.0,1000.0,0.0,-1000.0,377500.0,300.0,0.0,-300.0,414640.0
2025-05-11,12:25,202505020605,05,東京,3歳1勝クラス,1勝クラス,2100,ダート,稍重,16,4,ソクヅモドラドラ,石橋脩,14.0,125.5,104.2,-16.97,-0.186,0.00797,6.35,0.01346,0.00768,1.753,1.4028,1.0,7,不的中,0,91.7,0.0,1000.0,0.0,-1000.0,376500.0,200.0,0.0,-200.0,413840.0
2025-05-11,12:25,202505020605,05,東京,3歳1勝クラス,1勝クラス,2100,ダート,稍重,16,15,ファイアトリック,田辺裕信,11.0,39.1,26.5,-32.23,-0.389,0.03477,6.35,0.05093,0.03019,1.687,1.3496,2.0,5,不的中,0,24.0,0.0,1000.0,0.0,-1000.0,375500.0,600.0,0.0,-600.0,413840.0
2025-05-11,12:45,202508020606,06,京都,3歳1勝クラス,1勝クラス,1800,ダート,稍重,11,3,ヴァンアグレアブル,藤岡佑介,4.0,23.5,14.9,-36.6,-0.4556,0.06603,4.87,0.1013,0.05369,1.887,1.5093,1.0,3,不的中,0,13.3,0.0,1000.0,0.0,-1000.0,374500.0,1600.0,0.0,-1600.0,412240.0
2025-05-11,14:40,202504010410,10,新潟,五泉特別(2勝),2勝クラス,1800,ダート,稍重,15,13,アルベリック,柴田裕一,7.0,29.8,22.6,-24.16,-0.2766,0.04248,4.92,0.07289,0.0354,2.059,1.6474,1.0,10,不的中,0,18.0,0.0,1000.0,0.0,-1000.0,373500.0,1300.0,0.0,-1300.0,410940.0
2025-05-11,15:30,202508020611,11,京都,平城京ステークス(OP),オープン,1800,ダート,稍重,16,13,タイセイドレフォン,田口貫太,10.0,47.2,31.9,-32.42,-0.3918,0.03271,9.97,0.05093,0.02508,2.031,1.6246,1.0,4,不的中,0,31.9,0.0,1000.0,0.0,-1000.0,372500.0,900.0,0.0,-900.0,409340.0
2025-05-11,15:30,202508020611,11,京都,平城京ステークス(OP),オープン,1800,ダート,稍重,16,6,オーロイプラータ,和田竜二,12.0,70.9,36.9,-47.95,-0.6531,0.03154,9.97,0.04224,0.02168,1.948,1.5587,2.0,13,不的中,0,36.9,0.0,1000.0,0.0,-1000.0,371500.0,700.0,0.0,-700.0,409340.0
2025-05-11,16:30,202505020612,12,東京,立夏ステークス(3勝),3勝クラス,1600,ダート,稍重,16,6,サンライズグルーヴ,菅原明良,10.0,85.5,58.5,-31.58,-0.3795,0.02033,20.0,0.02122,0.01368,1.552,1.2415,1.0,12,不的中,0,57.6,0.0,1000.0,0.0,-1000.0,370500.0,200.0,0.0,-200.0,408340.0
2025-05-11,16:30,202505020612,12,東京,立夏ステークス(3勝),3勝クラス,1600,ダート,稍重,16,12,ゴッドブルービー,浜中俊,6.0,20.5,12.1,-40.98,-0.5272,0.10789,20.0,0.09955,0.06612,1.506,1.2046,2.0,9,不的中,0,12.1,0.0,1000.0,0.0,-1000.0,369500.0,800.0,0.0,-800.0,408340.0
2025-05-17,09:55,202508020701,01,京都,3歳未勝利,未勝利,1800,ダート,不良,11,3,アインホルン,森田誠也,10.0,134.8,122.3,-9.27,-0.0973,0.00648,2.5,0.01726,0.00654,2.638,2.1106,1.0,4,不的中,0,122.3,0.0,1000.0,0.0,-1000.0,368500.0,400.0,0.0,-400.0,407940.0
2025-05-17,12:05,202504010505,05,新潟,3歳未勝利,未勝利,2000,芝,稍重,16,15,ベリーズブルー,長浜鴻緒,15.0,132.9,102.9,-22.57,-0.2558,0.00982,3.59,0.01346,0.00777,1.732,1.3853,1.0,9,不的中,0,102.9,0.0,1000.0,0.0,-1000.0,367500.0,200.0,0.0,-200.0,407440.0
2025-05-17,12:05,202504010505,05,新潟,3歳未勝利,未勝利,2000,芝,稍重,16,1,アレグランサ,大野拓弥,13.0,70.7,65.1,-7.92,-0.0825,0.01324,3.59,0.02041,0.01229,1.661,1.3286,2.0,16,不的中,0,65.2,0.0,1000.0,0.0,-1000.0,366500.0,300.0,0.0,-300.0,407440.0
2025-05-17,13:40,202504010508,08,新潟,4歳以上1勝クラス,1勝クラス,1400,芝,稍重,16,14,マルカシャルマン,長浜鴻緒,13.0,75.1,59.3,-21.04,-0.2362,0.01655,5.08,0.0223,0.01349,1.653,1.3225,1.0,4,不的中,0,59.3,0.0,1000.0,0.0,-1000.0,365500.0,300.0,0.0,-300.0,406040.0
2025-05-17,13:40,202504010508,08,新潟,4歳以上1勝クラス,1勝クラス,1400,芝,稍重,16,12,シトラール,丸山元気,7.0,15.1,11.7,-22.52,-0.2551,0.08501,5.08,0.1046,0.06838,1.53,1.2238,2.0,5,不的中,0,11.7,0.0,1000.0,0.0,-1000.0,364500.0,900.0,0.0,-900.0,406040.0
2025-05-17,13:40,202504010508,08,新潟,4歳以上1勝クラス,1勝クラス,1400,芝,稍重,16,3,マジカルワード,大野拓弥,12.0,82.9,54.7,-34.02,-0.4158,0.02003,5.08,0.0223,0.01463,1.525,1.2199,3.0,13,不的中,0,54.7,0.0,1000.0,0.0,-1000.0,363500.0,200.0,0.0,-200.0,406040.0
2025-05-17,14:50,202504010510,10,新潟,中ノ岳特別(2勝),2勝クラス,1800,ダート,稍重,11,4,サパテアール,丹内祐次,4.0,15.8,13.0,-17.72,-0.1951,0.07161,4.62,0.1013,0.06154,1.646,1.3168,1.0,3,不的中,0,11.6,0.0,1000.0,0.0,-1000.0,362500.0,1100.0,0.0,-1100.0,404940.0
2025-05-17,16:01,202504010512,12,新潟,4歳以上1勝クラス,1勝クラス,1200,ダート,稍重,15,14,マイネルサンテ,石神深道,12.0,61.5,35.6,-42.11,-0.5467,0.02914,6.72,0.03801,0.02247,1.692,1.3533,1.0,12,不的中,0,31.5,0.0,1000.0,0.0,-1000.0,361500.0,500.0,0.0,-500.0,404440.0
2025-05-17,16:30,202505020712,12,東京,4歳以上1勝クラス,1勝クラス,1600,ダート,不良,14,1,カルネヴァーレ,内田博幸,6.0,14.4,13.5,-6.25,-0.0645,0.06342,10.94,0.09655,0.05926,1.629,1.3034,1.0,11,不的中,0,13.5,0.0,1000.0,0.0,-1000.0,360500.0,1000.0,0.0,-1000.0,403440.0
2025-05-18,09:50,202504010601,01,新潟,3歳未勝利,未勝利,1200,芝,稍重,16,13,ショウナンバシリス,大野拓弥,5.0,44.1,25.5,-42.18,-0.5478,0.04879,3.05,0.05267,0.03137,1.679,1.3431,1.0,4,不的中,0,13.2,0.0,1000.0,0.0,-1000.0,359500.0,600.0,0.0,-600.0,402840.0
2025-05-18,10:50,202508020803,03,京都,3歳未勝利,未勝利,1200,芝,稍重,16,10,ナリタボニー,鷲頭虎太,12.0,119.6,85.3,-28.68,-0.338,0.01062,4.2,0.02122,0.00938,2.263,1.8102,1.0,3,不的中,0,80.9,0.0,1000.0,0.0,-1000.0,358500.0,400.0,0.0,-400.0,402440.0
2025-05-18,11:00,202505020803,03,東京,3歳未勝利,未勝利,2100,ダート,重,14,4,ヤマニンエボルブ,伊藤工真,4.0,21.9,13.2,-39.73,-0.5063,0.07567,4.37,0.1013,0.06061,1.671,1.3371,1.0,3,不的中,0,9.5,0.0,1000.0,0.0,-1000.0,357500.0,1200.0,0.0,-1200.0,400540.0
2025-05-18,11:00,202505020803,03,東京,3歳未勝利,未勝利,2100,ダート,重,14,6,タガノアニマシオン,城戸義政,7.0,20.5,13.9,-32.2,-0.3885,0.06895,4.37,0.08798,0.05755,1.529,1.2229,2.0,8,不的中,0,14.4,0.0,1000.0,0.0,-1000.0,356500.0,700.0,0.0,-700.0,400540.0
2025-05-18,12:35,202504010606,06,新潟,3歳未勝利,未勝利,1800,ダート,良,14,11,メイショウバンデ,藤懸貴志,9.0,41.4,31.3,-24.4,-0.2797,0.03186,3.79,0.04107,0.02556,1.607,1.2856,1.0,5,不的中,0,31.3,0.0,1000.0,0.0,-1000.0,355500.0,400.0,0.0,-400.0,400140.0
2025-05-18,12:55,202505020806,06,東京,3歳1勝クラス,1勝クラス,1600,ダート,重,16,12,オーケーマヒナ,石川裕紀,11.0,120.5,87.5,-27.39,-0.32,0.01176,7.68,0.0223,0.00914,2.439,1.9514,1.0,8,不的中,0,87.5,0.0,1000.0,0.0,-1000.0,354500.0,500.0,0.0,-500.0,399140.0
2025-05-18,12:55,202505020806,06,東京,3歳1勝クラス,1勝クラス,1600,ダート,重,16,3,レインボーラッキー,斎藤新,13.0,144.0,124.4,-13.61,-0.1463,0.00728,7.68,0.01346,0.00643,2.093,1.6747,2.0,10,不的中,0,124.2,0.0,1000.0,0.0,-1000.0,353500.0,300.0,0.0,-300.0,399140.0
2025-05-18,12:55,202505020806,06,東京,3歳1勝クラス,1勝クラス,1600,ダート,重,16,11,ダカラフェスティヴ,菱田裕二,9.0,75.5,55.7,-26.23,-0.3042,0.01828,7.68,0.0223,0.01436,1.553,1.2422,3.0,4,不的中,0,55.7,0.0,1000.0,0.0,-1000.0,352500.0,200.0,0.0,-200.0,399140.0
2025-05-18,14:40,202504010610,10,新潟,信濃川特別(2勝),2勝クラス,2000,芝,良,10,9,ミスティア,武藤雅,7.0,20.1,12.5,-37.81,-0.475,0.08376,4.81,0.1013,0.064,1.583,1.2662,1.0,5,不的中,0,11.2,0.0,1000.0,0.0,-1000.0,351500.0,1000.0,0.0,-1000.0,398140.0
2025-05-18,15:01,202505020810,10,東京,青梅特別(2勝),2勝クラス,1600,ダート,重,16,1,ウィズザドリーム,斎藤新,5.0,15.5,12.4,-20.0,-0.2231,0.0745,6.69,0.1013,0.06452,1.57,1.2561,1.0,2,不的中,0,12.4,0.0,1000.0,0.0,-1000.0,350500.0,900.0,0.0,-900.0,397240.0
2025-05-18,15:40,202505020811,11,東京,第20回ヴィクトリアマイル(GI),G1,1600,芝,良,18,9,アドマイヤマツリ,田辺裕信,6.0,19.9,16.7,-16.08,-0.1753,0.07497,98.18,0.08704,0.0479,1.817,1.4536,1.0,7,不的中,0,16.7,0.0,1000.0,0.0,-1000.0,349500.0,1200.0,0.0,-1200.0,395840.0
2025-05-18,15:40,202505020811,11,東京,第20回ヴィクトリアマイル(GI),G1,1600,芝,良,18,7,ワイドラトゥール,北村友一,13.0,69.0,56.6,-17.97,-0.1981,0.02308,98.18,0.02149,0.01413,1.52,1.2163,2.0,11,不的中,0,56.6,0.0,1000.0,0.0,-1000.0,348500.0,200.0,0.0,-200.0,395840.0
2025-05-24,10:01,202508020901,01,京都,3歳未勝利,未勝利,1200,ダート,良,16,4,スマートフランキー,太宰啓介,8.0,44.2,29.1,-34.16,-0.418,0.03856,4.45,0.05132,0.02749,1.867,1.4933,1.0,9,不的中,0,29.1,0.0,1000.0,0.0,-1000.0,347500.0,700.0,0.0,-700.0,395140.0
2025-05-24,10:25,202504010702,02,新潟,3歳未勝利,未勝利,1800,ダート,良,15,13,コスモサンビタリア,丸山元気,5.0,18.8,12.4,-34.04,-0.4162,0.07384,3.89,0.1013,0.06452,1.57,1.2561,1.0,5,不的中,0,12.4,0.0,1000.0,0.0,-1000.0,346500.0,900.0,0.0,-900.0,394240.0
2025-05-24,10:45,202505020902,02,東京,3歳未勝利,未勝利,1400,ダート,良,16,10,スマートアシェル,津村明秀,11.0,150.8,141.7,-6.03,-0.0622,0.00577,4.81,0.01346,0.00565,2.384,1.9076,1.0,10,不的中,0,141.6,0.0,1000.0,0.0,-1000.0,345500.0,300.0,0.0,-300.0,393940.0
2025-05-24,11:05,202508020903,03,京都,3歳未勝利,未勝利,1400,芝,良,18,15,ギフテッドアベリア,幸英明,14.0,99.0,93.4,-5.66,-0.0582,0.00865,4.93,0.01346,0.00857,1.572,1.2574,1.0,7,不的中,0,93.4,0.0,1000.0,0.0,-1000.0,344500.0,200.0,0.0,-200.0,393740.0
2025-05-24,11:15,202505020903,03,東京,3歳未勝利,未勝利,2100,ダート,良,16,5,チェインズモーカー,小林凌大,8.0,80.0,62.0,-22.5,-0.2549,0.0147,3.78,0.0223,0.0129,1.728,1.3827,1.0,7,不的中,0,34.5,0.0,1000.0,0.0,-1000.0,343500.0,300.0,0.0,-300.0,393440.0
2025-05-24,12:15,202504010705,05,新潟,3歳未勝利,未勝利,1800,芝,良,16,9,スマイルデイズ,横山琉人,9.0,35.3,26.8,-24.08,-0.2755,0.03616,3.45,0.05132,0.02985,1.719,1.3753,1.0,11,不的中,0,26.8,0.0,1000.0,0.0,-1000.0,342500.0,600.0,0.0,-600.0,392840.0
2025-05-24,12:45,202504010706,06,新潟,3歳未勝利,未勝利,1800,ダート,良,15,2,タナハシ,菊沢一樹,8.0,18.0,12.4,-31.11,-0.3727,0.07148,3.16,0.1046,0.06452,1.621,1.297,1.0,7,不的中,0,12.4,0.0,1000.0,0.0,-1000.0,341500.0,1100.0,0.0,-1100.0,391740.0
2025-05-24,13:15,202504010707,07,新潟,3歳未勝利,未勝利,1400,芝,良,16,12,ダンツトラバース,松本大輝,13.0,97.8,79.6,-18.61,-0.2059,0.01073,3.72,0.0223,0.01005,2.219,1.7753,1.0,16,不的中,0,79.6,0.0,1000.0,0.0,-1000.0,340500.0,400.0,0.0,-400.0,391340.0
2025-05-24,13:45,202504010708,08,新潟,4歳以上1勝クラス,1勝クラス,1800,ダート,良,15,11,コーリンカルベラ,秋山稔樹,9.0,61.0,30.9,-49.34,-0.6801,0.029,3.74,0.04107,0.02589,1.586,1.2691,1.0,8,不的中,0,30.9,0.0,1000.0,0.0,-1000.0,339500.0,400.0,0.0,-400.0,390940.0
2025-05-24,13:55,202508020908,08,京都,4歳以上1勝クラス,1勝クラス,1800,ダート,稍重,16,3,ニホンピロマリンバ,田山旺佑,15.0,86.3,69.6,-19.35,-0.2151,0.01254,4.68,0.01845,0.01149,1.606,1.2844,1.0,13,不的中,0,69.6,0.0,1000.0,0.0,-1000.0,338500.0,200.0,0.0,-200.0,390740.0
2025-05-24,15:25,202504010711,11,新潟,大日岳特別(2勝),2勝クラス,1200,芝,良,16,13,テーオースパロー,国分恭介,9.0,42.8,30.0,-29.91,-0.3553,0.03448,7.61,0.04913,0.02667,1.842,1.4739,1.0,8,不的中,0,28.9,0.0,1000.0,0.0,-1000.0,337500.0,700.0,0.0,-700.0,390040.0
2025-05-24,16:30,202505020912,12,東京,4歳以上2勝クラス,2勝クラス,1600,ダート,良,14,8,パンテレリア,伊藤工真,14.0,145.8,76.4,-47.6,-0.6463,0.01748,13.86,0.01801,0.01047,1.72,1.3757,1.0,13,不的中,0,76.4,0.0,1000.0,0.0,-1000.0,336500.0,200.0,0.0,-200.0,389840.0
2025-05-25,11:20,202508021004,04,京都,3歳未勝利,未勝利,1600,芝,重,18,16,アユツリムスメ,高杉吏麒,9.0,75.2,58.4,-22.34,-0.2528,0.01545,4.4,0.0223,0.0137,1.628,1.3024,1.0,11,不的中,0,55.7,0.0,1000.0,0.0,-1000.0,335500.0,300.0,0.0,-300.0,389540.0
2025-05-25,11:30,202505021004,04,東京,3歳未勝利,未勝利,1600,芝,稍重,18,5,ハニードレス,石橋脩,3.0,13.9,12.7,-8.63,-0.0903,0.06432,6.92,0.09677,0.06299,1.536,1.229,1.0,6,不的中,0,10.6,0.0,1000.0,0.0,-1000.0,334500.0,800.0,0.0,-800.0,388740.0
2025-05-25,13:50,202505021008,08,東京,三峰山特別(2勝),2勝クラス,1600,ダート,不良,16,3,エンセリオ,岩田望来,5.0,22.4,14.5,-35.27,-0.4349,0.06627,8.29,0.09632,0.05517,1.746,1.3967,1.0,1,的中,1,13.6,1360.0,1000.0,13600.0,12600.0,347100.0,1200.0,16320.0,15120.0,403860.0
2025-05-25,14:05,202504010809,09,新潟,二王子特別(1勝),1勝クラス,1800,芝,稍重,16,13,シェアホルダーズ,斎藤新,10.0,32.0,27.0,-15.62,-0.1699,0.03344,4.66,0.05132,0.02963,1.732,1.3855,1.0,10,不的中,0,24.2,0.0,1000.0,0.0,-1000.0,346100.0,600.0,0.0,-600.0,403260.0
2025-05-25,14:50,202508021010,10,京都,高瀬川ステークス(3勝),3勝クラス,1400,ダート,重,16,9,アンシール,酒井学,8.0,23.4,15.9,-32.05,-0.3864,0.06214,7.14,0.09806,0.05031,1.949,1.5592,1.0,11,不的中,0,14.9,0.0,1000.0,0.0,-1000.0,345100.0,1600.0,0.0,-1600.0,401660.0
2025-05-31,09:50,202508021101,01,京都,3歳未勝利,未勝利,1800,ダート,良,16,10,ゴーオンパーパス,吉村誠之,4.0,17.8,12.4,-30.34,-0.3615,0.0833,5.0,0.09806,0.06452,1.52,1.216,1.0,14,不的中,0,12.4,0.0,1000.0,0.0,-1000.0,344100.0,800.0,0.0,-800.0,400860.0
2025-05-31,10:05,202505021101,01,東京,3歳未勝利,未勝利,1400,ダート,不良,16,16,ヒソカ,佐藤翔馬,11.0,87.2,68.6,-21.33,-0.2399,0.01375,5.84,0.01866,0.01166,1.6,1.2803,1.0,7,不的中,0,68.6,0.0,1000.0,0.0,-1000.0,343100.0,200.0,0.0,-200.0,400660.0
2025-05-31,10:20,202508021102,02,京都,3歳未勝利,未勝利,1400,ダート,良,16,14,クリノクーチャン,河原田菜,11.0,93.5,83.0,-11.23,-0.1191,0.01047,5.61,0.01557,0.00964,1.616,1.2925,1.0,8,不的中,0,83.0,0.0,1000.0,0.0,-1000.0,342100.0,200.0,0.0,-200.0,400460.0
2025-05-31,11:05,202505021103,03,東京,3歳未勝利,未勝利,1400,芝,稍重,18,17,サマーツアー,嶋田純次,9.0,104.2,95.3,-8.54,-0.0893,0.00884,6.59,0.01412,0.00839,1.682,1.3453,1.0,9,不的中,0,95.4,0.0,1000.0,0.0,-1000.0,341100.0,200.0,0.0,-200.0,400260.0
2025-05-31,11:20,202508021104,04,京都,3歳未勝利,未勝利,1400,芝,良,18,18,ソルレーヴ,秋山稔樹,11.0,108.6,55.9,-48.53,-0.6641,0.01888,5.88,0.0223,0.01431,1.558,1.2467,1.0,2,不的中,0,56.0,0.0,1000.0,0.0,-1000.0,340100.0,200.0,0.0,-200.0,400060.0
2025-05-31,12:10,202508021105,05,京都,3歳未勝利,未勝利,1800,芝,良,18,16,ドゥラルーナ,浜中俊,10.0,33.6,26.0,-22.62,-0.2564,0.03844,5.07,0.05132,0.03077,1.668,1.3342,1.0,7,不的中,0,26.0,0.0,1000.0,0.0,-1000.0,339100.0,600.0,0.0,-600.0,410960.0
2025-05-31,12:10,202508021105,05,京都,3歳未勝利,未勝利,1800,芝,良,18,15,オリバナム,団野大成,6.0,31.6,12.5,-60.44,-0.9274,0.10843,5.07,0.1013,0.064,1.583,1.2662,2.0,1,的中,1,12.5,1250.0,1000.0,12500.0,11500.0,350600.0,1000.0,12500.0,11500.0,410960.0
2025-05-31,12:25,202505021105,05,東京,3歳未勝利,未勝利,2000,芝,稍重,16,7,エレガントプルーフ,木幡巧也,11.0,171.1,120.7,-29.46,-0.3489,0.0086,6.0,0.01346,0.00663,2.031,1.6249,1.0,12,不的中,0,118.9,0.0,1000.0,0.0,-1000.0,349600.0,300.0,0.0,-300.0,410660.0
2025-05-31,13:50,202508021108,08,京都,4歳以上1勝クラス,1勝クラス,1600,芝,良,18,18,クスクス,池添謙一,8.0,39.5,25.0,-36.71,-0.4574,0.04732,7.33,0.05095,0.032,1.592,1.2738,1.0,1,的中,1,18.5,1850.0,1000.0,18500.0,17500.0,367100.0,500.0,9250.0,8750.0,419410.0
2025-05-31,15:35,202508021111,11,京都,第8回葵ステークス(GIII),G3,1200,芝,良,16,16,ドラゴンウェルズ,北村友一,11.0,33.5,22.7,-32.24,-0.3892,0.05967,23.99,0.05547,0.03524,1.574,1.2591,1.0,16,不的中,0,22.7,0.0,1000.0,0.0,-1000.0,366100.0,600.0,0.0,-600.0,418810.0
2025-05-31,15:40,202505021110,10,東京,葉山特別(2勝),2勝クラス,1600,芝,重,16,10,ウインアイオライト,横山和生,5.0,14.0,12.6,-10.0,-0.1054,0.07604,8.55,0.1013,0.06349,1.595,1.2763,1.0,1,的中,1,12.6,1260.0,1000.0,12600.0,11600.0,377700.0,1000.0,12600.0,11600.0,430410.0
2025-05-31,16:10,202505021111,11,東京,アハルテケステークス(OP),オープン,1600,ダート,不良,16,16,カズプレスト,津村明秀,7.0,20.7,15.7,-24.15,-0.2765,0.07494,15.8,0.1013,0.05096,1.988,1.5903,1.0,11,不的中,0,15.7,0.0,1000.0,0.0,-1000.0,376700.0,1800.0,0.0,-1800.0,428610.0
2025-05-31,16:40,202505021112,12,東京,4歳以上2勝クラス,2勝クラス,2100,ダート,不良,15,9,タナサンブラック,三浦皇成,7.0,22.8,14.6,-35.96,-0.4457,0.08656,13.91,0.10439,0.05479,1.905,1.5241,1.0,6,不的中,0,14.6,0.0,1000.0,0.0,-1000.0,375700.0,1700.0,0.0,-1700.0,425910.0
2025-05-31,16:40,202505021112,12,東京,4歳以上2勝クラス,2勝クラス,2100,ダート,不良,15,12,ホウオウベルクソン,ディー,5.0,17.4,12.3,-29.31,-0.3469,0.09556,13.91,0.1013,0.06504,1.557,1.2459,2.0,15,不的中,0,12.4,0.0,1000.0,0.0,-1000.0,374700.0,1000.0,0.0,-1000.0,425910.0
2025-06-01,12:40,202505021206,06,東京,4歳以上1勝クラス,1勝クラス,1800,芝,稍重,16,6,イージーブリージー,北村友一,6.0,26.5,13.1,-50.57,-0.7045,0.08657,7.72,0.09806,0.06107,1.606,1.2846,1.0,4,不的中,0,13.1,0.0,1000.0,0.0,-1000.0,373700.0,1100.0,0.0,-1100.0,424810.0
2025-06-01,13:45,202505021208,08,東京,青嵐賞(2勝),2勝クラス,2400,芝,稍重,16,1,プリズマジコ,秋山稔樹,9.0,42.9,29.3,-31.7,-0.3813,0.03807,11.4,0.04877,0.0273,1.786,1.4288,1.0,3,不的中,0,29.0,0.0,1000.0,0.0,-1000.0,372700.0,700.0,0.0,-700.0,423810.0
2025-06-01,13:45,202505021208,08,東京,青嵐賞(2勝),2勝クラス,2400,芝,稍重,16,2,ヴァイザーバルコ,松岡正海,11.0,81.4,63.1,-22.48,-0.2547,0.01615,11.4,0.0223,0.01268,1.759,1.4073,2.0,10,不的中,0,62.0,0.0,1000.0,0.0,-1000.0,371700.0,300.0,0.0,-300.0,423810.0
2025-06-01,14:00,202508021208,08,京都,4歳以上2勝クラス,2勝クラス,1200,ダート,良,16,12,ミライテーラー,中井裕二,11.0,29.6,25.3,-14.53,-0.157,0.03511,6.45,0.05093,0.03162,1.611,1.2885,1.0,5,不的中,0,22.5,0.0,1000.0,0.0,-1000.0,370700.0,600.0,0.0,-600.0,423210.0
2025-06-01,14:35,202508021209,09,京都,與杼特別(2勝),2勝クラス,1800,ダート,良,14,2,ノボリクレバー,吉村誠之,8.0,22.3,16.2,-27.35,-0.3196,0.06097,7.3,0.1013,0.04938,2.051,1.641,1.0,2,不的中,0,16.5,0.0,1000.0,0.0,-1000.0,369700.0,1800.0,0.0,-1800.0,419910.0
2025-06-01,14:35,202508021209,09,京都,與杼特別(2勝),2勝クラス,1800,ダート,良,14,7,リジン,菱田裕二,6.0,22.2,15.1,-31.98,-0.3854,0.06758,7.3,0.09806,0.05298,1.851,1.4808,2.0,9,不的中,0,13.3,0.0,1000.0,0.0,-1000.0,368700.0,1500.0,0.0,-1500.0,419910.0
2025-06-01,14:55,202505021210,10,東京,むらさき賞(3勝),3勝クラス,1800,芝,良,18,11,ニューステソーロ,菅原明良,7.0,42.2,19.4,-54.03,-0.7771,0.07922,11.4,0.09806,0.04124,2.378,1.9024,1.0,4,不的中,0,17.5,0.0,1000.0,0.0,-1000.0,367700.0,2100.0,0.0,-2100.0,416810.0
2025-06-01,14:55,202505021210,10,東京,むらさき賞(3勝),3勝クラス,1800,芝,良,18,14,アンリーロード,北村友一,9.0,36.2,28.2,-22.1,-0.2497,0.03901,11.4,0.05132,0.02837,1.809,1.4471,2.0,11,不的中,0,23.9,0.0,1000.0,0.0,-1000.0,366700.0,700.0,0.0,-700.0,416810.0
2025-06-01,14:55,202505021210,10,東京,むらさき賞(3勝),3勝クラス,1800,芝,良,18,6,マイネルニコラス,丹内祐次,12.0,73.8,58.2,-21.14,-0.2375,0.01868,11.4,0.0223,0.01375,1.622,1.298,3.0,15,不的中,0,42.0,0.0,1000.0,0.0,-1000.0,365700.0,300.0,0.0,-300.0,416810.0
2025-06-01,15:15,202508021210,10,京都,安土城ステークス(L),リステッド,1400,芝,良,16,2,タイセイブリリオ,西塚洸二,16.0,149.0,123.2,-17.32,-0.1901,0.00826,10.78,0.01346,0.00649,2.073,1.6585,1.0,13,不的中,0,123.3,0.0,1000.0,0.0,-1000.0,364700.0,300.0,0.0,-300.0,416510.0
2025-06-01,15:40,202505021211,11,東京,第92回東京優駿(GI),G1,2400,芝,良,18,10,トッピボーン,岩田望来,12.0,108.2,85.6,-20.89,-0.2343,0.0203,224.43,0.01774,0.00935,1.898,1.5183,1.0,13,不的中,0,84.4,0.0,1000.0,0.0,-1000.0,363700.0,300.0,0.0,-300.0,413710.0
2025-06-01,15:40,202505021211,11,東京,第92回東京優駿(GI),G1,2400,芝,良,18,2,ショウヘイ,ルメール,6.0,15.9,14.5,-8.81,-0.0922,0.08403,224.43,0.09806,0.05517,1.777,1.4219,2.0,3,不的中,0,14.4,0.0,1000.0,0.0,-1000.0,362700.0,1400.0,0.0,-1400.0,413710.0
2025-06-01,15:40,202505021211,11,東京,第92回東京優駿(GI),G1,2400,芝,良,18,18,サトノシャイニング,武豊,5.0,14.1,12.4,-12.06,-0.1285,0.10953,224.43,0.10439,0.06452,1.618,1.2945,3.0,4,不的中,0,12.3,0.0,1000.0,0.0,-1000.0,361700.0,1100.0,0.0,-1100.0,413710.0
2025-06-01,17:00,202505021212,12,東京,第139回目黒記念(GII),G2,2500,芝,良,18,9,ホーエリート,戸崎圭太,6.0,23.2,17.2,-25.86,-0.2992,0.0735,45.14,0.08002,0.04651,1.721,1.3764,1.0,2,不的中,0,17.2,0.0,1000.0,0.0,-1000.0,360700.0,1000.0,0.0,-1000.0,412710.0
2025-06-07,09:50,202509030101,01,阪神,3歳未勝利,未勝利,1400,ダート,良,15,12,アニュレス,森田誠也,10.0,129.8,91.5,-29.51,-0.3497,0.01255,4.76,0.0223,0.00874,2.551,2.0407,1.0,11,不的中,0,91.5,0.0,1000.0,0.0,-1000.0,359700.0,500.0,0.0,-500.0,411910.0
2025-06-07,09:50,202509030101,01,阪神,3歳未勝利,未勝利,1400,ダート,良,15,10,モンサンヴデット,今村聖奈,13.0,142.1,126.4,-11.05,-0.1171,0.0074,4.76,0.01346,0.00633,2.127,1.7016,2.0,4,不的中,0,126.4,0.0,1000.0,0.0,-1000.0,358700.0,300.0,0.0,-300.0,411910.0
2025-06-07,10:40,202505030102,02,東京,3歳未勝利,未勝利,1400,ダート,良,16,15,シアワセデスカ,長浜鴻緒,10.0,113.0,102.9,-8.94,-0.0936,0.00841,6.0,0.01346,0.00777,1.732,1.3853,1.0,12,不的中,0,102.9,0.0,1000.0,0.0,-1000.0,357700.0,200.0,0.0,-200.0,411710.0
2025-06-07,10:55,202509030103,03,阪神,3歳未勝利,未勝利,1200,芝,良,16,6,パープルパライソ,川又賢治,6.0,18.1,14.9,-17.68,-0.1946,0.06141,4.82,0.09655,0.05369,1.798,1.4386,1.0,5,不的中,0,14.9,0.0,1000.0,0.0,-1000.0,356700.0,1300.0,0.0,-1300.0,410410.0
2025-06-07,11:10,202505030103,03,東京,3歳未勝利,未勝利,1600,ダート,良,16,2,ミヤビアミーラ,石田拓郎,11.0,146.9,139.3,-5.17,-0.0531,0.006,5.29,0.01346,0.00574,2.344,1.8753,1.0,10,不的中,0,139.3,0.0,1000.0,0.0,-1000.0,355700.0,300.0,0.0,-300.0,410110.0
2025-06-07,11:40,202505030104,04,東京,3歳未勝利,未勝利,2000,芝,良,14,7,バッキンガムパレス,大野拓弥,4.0,36.8,17.3,-52.99,-0.7548,0.07187,5.94,0.0882,0.04624,1.907,1.5258,1.0,2,不的中,0,17.3,0.0,1000.0,0.0,-1000.0,354700.0,1400.0,0.0,-1400.0,408710.0
2025-06-07,14:25,202509030109,09,阪神,城崎特別(1勝),1勝クラス,1800,芝,良,10,1,リカントロポ,松若風馬,7.0,37.5,15.9,-57.6,-0.858,0.08678,7.78,0.08049,0.05031,1.6,1.2797,1.0,7,不的中,0,15.9,0.0,1000.0,0.0,-1000.0,353700.0,800.0,0.0,-800.0,407910.0
2025-06-08,10:05,202505030201,01,東京,3歳未勝利,未勝利,1600,ダート,良,16,11,スイートロータス,田辺裕信,7.0,33.8,24.0,-28.99,-0.3424,0.04333,6.06,0.05132,0.03333,1.539,1.2316,1.0,6,不的中,0,21.9,0.0,1000.0,0.0,-1000.0,352700.0,500.0,0.0,-500.0,407410.0
2025-06-08,10:25,202509030202,02,阪神,3歳未勝利,未勝利,1800,ダート,良,14,5,ダイメイハッピー,田山旺佑,10.0,81.3,66.6,-18.08,-0.1994,0.0151,4.65,0.02062,0.01201,1.716,1.3731,1.0,8,不的中,0,64.7,0.0,1000.0,0.0,-1000.0,351700.0,300.0,0.0,-300.0,407110.0
2025-06-08,10:35,202505030202,02,東京,3歳未勝利,未勝利,2100,ダート,良,16,7,マイネルジーニアス,木幡巧也,9.0,62.2,31.6,-49.2,-0.6772,0.0332,5.14,0.04873,0.02532,1.925,1.5398,1.0,15,不的中,0,27.5,0.0,1000.0,0.0,-1000.0,350700.0,800.0,0.0,-800.0,406310.0
2025-06-08,11:05,202505030203,03,東京,3歳未勝利,未勝利,1800,芝,良,18,15,バイオマックス,佐々木大,8.0,145.7,91.7,-37.06,-0.463,0.01127,5.77,0.01515,0.00872,1.736,1.3889,1.0,13,不的中,0,90.5,0.0,1000.0,0.0,-1000.0,349700.0,200.0,0.0,-200.0,406110.0
2025-06-08,12:40,202509030206,06,阪神,3歳未勝利,未勝利,1800,芝,良,18,9,ジュヌフィーユ,田口貫太,9.0,57.4,30.0,-47.74,-0.6488,0.03663,4.99,0.05132,0.02667,1.924,1.5395,1.0,2,不的中,0,25.9,0.0,1000.0,0.0,-1000.0,348700.0,800.0,0.0,-800.0,405310.0
2025-06-08,13:10,202509030207,07,阪神,3歳未勝利,未勝利,1600,芝,良,18,14,ロードジェネシス,川須栄彦,10.0,68.4,58.0,-15.2,-0.1649,0.01541,5.04,0.0223,0.01379,1.617,1.2935,1.0,10,不的中,0,58.4,0.0,1000.0,0.0,-1000.0,347700.0,300.0,0.0,-300.0,405010.0
2025-06-08,15:01,202505030210,10,東京,八王子特別(2勝),2勝クラス,1400,ダート,良,16,16,ジャスパーバローズ,浜中俊,4.0,20.9,11.9,-43.06,-0.5632,0.09077,9.51,0.1013,0.06723,1.507,1.2054,1.0,11,不的中,0,11.6,0.0,1000.0,0.0,-1000.0,346700.0,800.0,0.0,-800.0,404210.0
2025-06-08,16:15,202509030212,12,阪神,3歳以上1勝クラス,1勝クラス,1400,芝,良,16,7,ローガンパス,荻野極,14.0,150.3,124.7,-17.03,-0.1867,0.00821,13.15,0.01346,0.00642,2.098,1.6787,1.0,14,不的中,0,111.7,0.0,1000.0,0.0,-1000.0,345700.0,300.0,0.0,-300.0,403610.0
2025-06-08,16:15,202509030212,12,阪神,3歳以上1勝クラス,1勝クラス,1400,芝,良,16,9,レイザリオ,鮫島克駿,10.0,82.9,59.4,-28.35,-0.3333,0.01976,13.15,0.0223,0.01347,1.656,1.3248,2.0,7,不的中,0,42.5,0.0,1000.0,0.0,-1000.0,344700.0,300.0,0.0,-300.0,403610.0
2025-06-14,11:25,202502010104,04,函館,3歳未勝利,未勝利,1800,芝,良,15,5,メルヘンライズ,横山武史,6.0,18.9,15.4,-18.52,-0.2048,0.06169,5.81,0.0882,0.05195,1.698,1.3583,1.0,9,不的中,0,14.2,0.0,1000.0,0.0,-1000.0,343700.0,1100.0,0.0,-1100.0,402510.0
2025-06-14,12:55,202509030306,06,阪神,3歳未勝利,未勝利,1800,芝,稍重,18,10,サトノアベリア,団野大成,11.0,96.9,61.2,-36.84,-0.4595,0.01534,4.62,0.0223,0.01307,1.706,1.3649,1.0,4,不的中,0,61.2,0.0,1000.0,0.0,-1000.0,342700.0,300.0,0.0,-300.0,402210.0
2025-06-14,14:15,202502010109,09,函館,奥尻特別(1勝),1勝クラス,2000,芝,良,12,9,ルシタニア,浜中俊,7.0,54.9,31.8,-42.08,-0.546,0.02836,5.24,0.03988,0.02516,1.585,1.2682,1.0,11,不的中,0,31.8,0.0,1000.0,0.0,-1000.0,341700.0,400.0,0.0,-400.0,401810.0
2025-06-14,14:35,202505030309,09,東京,日野特別(2勝),2勝クラス,2100,ダート,良,16,6,タッチャブル,長岡禎仁,13.0,155.4,125.7,-19.11,-0.2121,0.00711,7.18,0.01346,0.00636,2.115,1.6922,1.0,10,不的中,0,125.5,0.0,1000.0,0.0,-1000.0,340700.0,300.0,0.0,-300.0,401210.0
2025-06-14,14:35,202505030309,09,東京,日野特別(2勝),2勝クラス,2100,ダート,良,16,15,クールブロン,荻野極,11.0,95.5,79.6,-16.65,-0.1821,0.01108,7.18,0.01953,0.01005,1.944,1.555,2.0,14,不的中,0,79.5,0.0,1000.0,0.0,-1000.0,339700.0,300.0,0.0,-300.0,401210.0
2025-06-14,15:10,202505030310,10,東京,夏至ステークス(3勝),3勝クラス,1600,ダート,良,16,15,アルムラトゥール,菊沢一樹,12.0,93.0,47.7,-48.71,-0.6677,0.02224,7.8,0.0302,0.01677,1.801,1.4406,1.0,1,的中,1,47.7,4770.0,1000.0,47700.0,46700.0,386400.0,400.0,19080.0,18680.0,419890.0
2025-06-14,15:25,202502010111,11,函館,第32回函館スプリントS(GIII),G3,1200,芝,良,16,10,ジョーメッドヴィン,横山和生,12.0,129.2,94.2,-27.09,-0.3159,0.01273,26.99,0.02062,0.00849,2.428,1.9421,1.0,7,不的中,0,94.3,0.0,1000.0,0.0,-1000.0,385400.0,500.0,0.0,-500.0,419390.0
2025-06-14,16:05,202502010112,12,函館,3歳以上1勝クラス,1勝クラス,1700,ダート,良,14,2,グロリアスヒーロー,舟山瑠泉,10.0,132.7,92.3,-30.44,-0.363,0.01096,8.27,0.01909,0.00867,2.202,1.7617,1.0,4,不的中,0,69.2,0.0,1000.0,0.0,-1000.0,384400.0,400.0,0.0,-400.0,418990.0
2025-06-14,16:30,202505030312,12,東京,3歳以上1勝クラス,1勝クラス,1400,ダート,良,16,1,ビーコ,木幡初也,9.0,55.7,35.6,-36.09,-0.4476,0.0291,13.63,0.03413,0.02247,1.519,1.2152,1.0,12,不的中,0,35.6,0.0,1000.0,0.0,-1000.0,383400.0,300.0,0.0,-300.0,418690.0
2025-06-15,12:35,202502010206,06,函館,3歳未勝利,未勝利,2000,芝,良,13,6,ウィスパーボイス,森田誠也,10.0,139.1,81.0,-41.77,-0.5407,0.01219,3.76,0.02094,0.00988,2.121,1.6965,1.0,8,不的中,0,81.0,0.0,1000.0,0.0,-1000.0,382400.0,400.0,0.0,-400.0,418290.0
2025-06-15,12:45,202505030406,06,東京,3歳以上1勝クラス,1勝クラス,2100,ダート,重,16,13,タケルゴールド,津村明秀,10.0,39.6,28.1,-29.04,-0.3431,0.03249,6.32,0.04484,0.02847,1.575,1.26,1.0,5,不的中,0,28.1,0.0,1000.0,0.0,-1000.0,381400.0,500.0,0.0,-500.0,417790.0
2025-06-15,13:15,202505030407,07,東京,3歳以上1勝クラス,1勝クラス,2000,芝,稍重,14,7,ダンツファイター,三浦皇成,5.0,32.8,18.4,-43.9,-0.5781,0.05496,6.52,0.08837,0.04348,2.033,1.6261,1.0,1,的中,1,18.4,1840.0,1000.0,18400.0,17400.0,398800.0,1600.0,29440.0,27840.0,445630.0
2025-06-15,13:25,202509030407,07,阪神,3歳以上1勝クラス,1勝クラス,2000,芝,稍重,10,8,オーサムユニバンス,和田竜二,9.0,152.7,134.9,-11.66,-0.1239,0.0061,5.82,0.01346,0.00593,2.27,1.816,1.0,4,不的中,0,134.8,0.0,1000.0,0.0,-1000.0,397800.0,300.0,0.0,-300.0,445330.0
2025-06-15,13:35,202502010208,08,函館,3歳以上1勝クラス,1勝クラス,1200,芝,良,13,4,クインズスピカ,舟山瑠泉,9.0,51.2,28.4,-44.53,-0.5894,0.03318,4.71,0.04742,0.02817,1.684,1.3468,1.0,3,不的中,0,28.4,0.0,1000.0,0.0,-1000.0,396800.0,600.0,0.0,-600.0,444230.0
2025-06-15,13:35,202502010208,08,函館,3歳以上1勝クラス,1勝クラス,1200,芝,良,13,10,デアデルマーレ,長浜鴻緒,10.0,39.2,28.9,-26.28,-0.3048,0.03048,4.71,0.04372,0.02768,1.579,1.2634,2.0,9,不的中,0,28.9,0.0,1000.0,0.0,-1000.0,395800.0,500.0,0.0,-500.0,444230.0
2025-06-15,14:05,202502010209,09,函館,八雲特別(1勝),1勝クラス,1800,芝,良,13,4,ウィズマスタング,斎藤新,10.0,52.3,28.7,-45.12,-0.6001,0.03228,5.08,0.05093,0.02787,1.827,1.4616,1.0,4,不的中,0,28.8,0.0,1000.0,0.0,-1000.0,394800.0,800.0,0.0,-800.0,443430.0
2025-06-15,14:40,202502010210,10,函館,津軽海峡特別(2勝),2勝クラス,1700,ダート,良,14,4,ウォーターハウス,鷲頭虎太,13.0,59.9,35.5,-40.73,-0.5231,0.03022,4.65,0.05132,0.02254,2.277,1.8217,1.0,13,不的中,0,35.5,0.0,1000.0,0.0,-1000.0,393800.0,1100.0,0.0,-1100.0,441730.0
2025-06-15,14:40,202502010210,10,函館,津軽海峡特別(2勝),2勝クラス,1700,ダート,良,14,7,ヒルノデプラーツ,松若風馬,11.0,35.7,27.0,-24.37,-0.2793,0.03558,4.65,0.04996,0.02963,1.686,1.3491,2.0,6,不的中,0,27.0,0.0,1000.0,0.0,-1000.0,392800.0,600.0,0.0,-600.0,441730.0
2025-06-15,14:50,202505030410,10,東京,江の島ステークス(3勝),3勝クラス,2400,芝,稍重,15,14,シリアルノヴェル,木幡巧也,13.0,96.1,72.7,-24.35,-0.279,0.01306,8.36,0.01845,0.011,1.677,1.3416,1.0,6,不的中,0,72.7,0.0,1000.0,0.0,-1000.0,391800.0,300.0,0.0,-300.0,441430.0
2025-06-15,15:01,202509030410,10,阪神,花のみちステークス(3勝),3勝クラス,1600,芝,稍重,18,2,カズゴルティス,鮫島克駿,14.0,86.7,72.4,-16.49,-0.1802,0.01256,9.92,0.01845,0.01105,1.67,1.3361,1.0,18,不的中,0,72.4,0.0,1000.0,0.0,-1000.0,390800.0,300.0,0.0,-300.0,441130.0
2025-06-15,15:40,202509030411,11,阪神,第66回宝塚記念(GI),G1,2200,芝,稍重,17,3,ローシャムパーク,菱田裕二,9.0,33.4,29.2,-12.57,-0.1344,0.03947,147.37,0.04175,0.0274,1.524,1.219,1.0,15,不的中,0,28.0,0.0,1000.0,0.0,-1000.0,389800.0,400.0,0.0,-400.0,440730.0
2025-06-21,09:50,202502010301,01,函館,3歳未勝利,未勝利,1200,芝,良,16,10,ルブリアン,鷲頭虎太,9.0,45.8,36.4,-20.52,-0.2297,0.02688,3.61,0.03519,0.02198,1.601,1.2809,1.0,3,不的中,0,36.4,0.0,1000.0,0.0,-1000.0,388800.0,400.0,0.0,-400.0,440330.0
2025-06-21,11:05,202509030503,03,阪神,3歳未勝利,未勝利,1200,ダート,良,16,8,ステラノヴァ,高杉吏麒,7.0,27.4,15.2,-44.53,-0.5892,0.06587,4.44,0.1013,0.05263,1.925,1.5397,1.0,3,不的中,0,15.2,0.0,1000.0,0.0,-1000.0,387800.0,1700.0,0.0,-1700.0,438630.0
2025-06-21,13:05,202505030506,06,東京,2歳新馬,新馬,1400,ダート,良,16,11,ピコオーバル,津村明秀,7.0,62.4,58.0,-7.05,-0.0731,0.01473,6.64,0.02122,0.01379,1.539,1.2309,1.0,9,不的中,0,38.3,0.0,1000.0,0.0,-1000.0,386800.0,200.0,0.0,-200.0,438430.0
2025-06-21,14:50,202502010310,10,函館,駒ケ岳特別(1勝),1勝クラス,2600,芝,良,8,1,ペリプルス,柴田大知,8.0,31.8,19.1,-39.94,-0.5098,0.05615,4.27,0.08194,0.04188,1.956,1.5651,1.0,3,不的中,0,19.1,0.0,1000.0,0.0,-1000.0,385800.0,1400.0,0.0,-1400.0,437030.0
2025-06-21,15:45,202505030511,11,東京,スレイプニルS(OP),オープン,2100,ダート,良,11,6,ゼットリアン,三浦皇成,7.0,22.6,15.2,-32.74,-0.3967,0.06872,17.77,0.09806,0.05263,1.863,1.4906,1.0,3,不的中,0,15.2,0.0,1000.0,0.0,-1000.0,384800.0,1600.0,0.0,-1600.0,435430.0
2025-06-21,16:15,202509030512,12,阪神,3歳以上1勝クラス,1勝クラス,1600,芝,良,14,5,リカントロポ,田口貫太,6.0,30.2,13.0,-56.95,-0.8429,0.09002,10.74,0.1013,0.06154,1.646,1.3168,1.0,1,的中,1,13.0,1300.0,1000.0,13000.0,12000.0,396800.0,1200.0,15600.0,14400.0,449830.0
2025-06-22,10:01,202509030601,01,阪神,3歳未勝利,未勝利,1400,ダート,良,16,14,ワンダーヴァッフェ,藤懸貴志,10.0,70.5,60.3,-14.47,-0.1563,0.01433,5.63,0.0223,0.01327,1.681,1.3448,1.0,10,不的中,0,60.3,0.0,1000.0,0.0,-1000.0,395800.0,300.0,0.0,-300.0,449530.0
2025-06-22,11:05,202509030603,03,阪神,3歳未勝利,未勝利,1600,芝,良,18,6,ギザキズラヴ,西塚洸二,8.0,35.6,26.6,-25.28,-0.2914,0.03467,4.6,0.05056,0.03008,1.681,1.345,1.0,7,不的中,0,22.3,0.0,1000.0,0.0,-1000.0,394800.0,700.0,0.0,-700.0,448830.0
2025-06-22,11:30,202502010404,04,函館,3歳未勝利,未勝利,1800,芝,重,16,9,ベルサ,上里直汰,9.0,44.2,34.2,-22.62,-0.2565,0.02865,4.71,0.04739,0.02339,2.026,1.6208,1.0,12,不的中,0,31.5,0.0,1000.0,0.0,-1000.0,393800.0,900.0,0.0,-900.0,447930.0
2025-06-22,14:50,202502010410,10,函館,檜山特別(2勝),2勝クラス,1700,ダート,重,14,3,グレイスオブゴッド,国分恭介,12.0,168.4,128.4,-23.75,-0.2712,0.00758,5.92,0.01423,0.00623,2.284,1.8272,1.0,9,不的中,0,112.1,0.0,1000.0,0.0,-1000.0,392800.0,300.0,0.0,-300.0,447630.0
2025-06-22,15:01,202509030610,10,阪神,姫路ステークス(3勝),3勝クラス,1800,ダート,良,16,2,メイショウコガシラ,角田大和,9.0,101.4,93.8,-7.5,-0.0779,0.00906,10.05,0.01346,0.00853,1.578,1.2628,1.0,12,不的中,0,93.8,0.0,1000.0,0.0,-1000.0,391800.0,200.0,0.0,-200.0,447430.0
2025-06-22,15:10,202505030610,10,東京,多摩川ステークス(3勝),3勝クラス,1400,芝,良,16,16,スマートワイス,田辺裕信,4.0,22.3,14.8,-33.63,-0.41,0.06678,10.98,0.09806,0.05405,1.814,1.4514,1.0,2,不的中,0,14.9,0.0,1000.0,0.0,-1000.0,390800.0,1500.0,0.0,-1500.0,445930.0
2025-06-22,15:25,202502010411,11,函館,UHB杯(3勝),3勝クラス,1200,芝,重,15,12,ルーフ,北村友一,10.0,76.8,46.6,-39.32,-0.4996,0.02616,10.09,0.03984,0.01717,2.321,1.8566,1.0,8,不的中,0,31.9,0.0,1000.0,0.0,-1000.0,389800.0,900.0,0.0,-900.0,444830.0
2025-06-22,15:25,202502010411,11,函館,UHB杯(3勝),3勝クラス,1200,芝,重,15,1,ビルカール,武藤雅,13.0,76.3,65.4,-14.29,-0.1542,0.01452,10.09,0.01906,0.01223,1.558,1.2464,2.0,14,不的中,0,49.3,0.0,1000.0,0.0,-1000.0,388800.0,200.0,0.0,-200.0,444830.0
2025-06-22,16:05,202502010412,12,函館,3歳以上1勝クラス,1勝クラス,1700,ダート,重,12,12,リュミナーズ,松岡正海,6.0,18.4,13.8,-25.0,-0.2877,0.07299,7.89,0.1013,0.05797,1.747,1.3979,1.0,7,不的中,0,12.5,0.0,1000.0,0.0,-1000.0,387800.0,1400.0,0.0,-1400.0,442530.0
2025-06-22,16:05,202502010412,12,函館,3歳以上1勝クラス,1勝クラス,1700,ダート,重,12,6,コルヴィル,黛弘人,5.0,14.5,11.9,-17.93,-0.1976,0.07929,7.89,0.1013,0.06723,1.507,1.2054,2.0,10,不的中,0,9.9,0.0,1000.0,0.0,-1000.0,386800.0,900.0,0.0,-900.0,442530.0
2025-06-28,09:50,202502010501,01,函館,3歳未勝利,未勝利,1200,芝,稍重,15,12,エファセデリエール,鷲頭虎太,11.0,70.3,60.1,-14.51,-0.1568,0.01526,4.06,0.0223,0.01331,1.675,1.3404,1.0,7,不的中,0,60.1,0.0,1000.0,0.0,-1000.0,385800.0,300.0,0.0,-300.0,441730.0
2025-06-28,09:50,202502010501,01,函館,3歳未勝利,未勝利,1200,芝,稍重,15,7,ブラックティンカー,吉田隼人,9.0,27.5,25.1,-8.73,-0.0913,0.0346,4.06,0.04962,0.03187,1.557,1.2456,2.0,6,不的中,0,25.1,0.0,1000.0,0.0,-1000.0,384800.0,500.0,0.0,-500.0,441730.0
2025-06-28,11:05,202510020103,03,小倉,3歳未勝利,未勝利,1700,ダート,良,16,3,アイドルアイズ,小崎綾也,7.0,66.2,44.7,-32.48,-0.3927,0.02182,4.25,0.0302,0.0179,1.688,1.35,1.0,3,不的中,0,26.0,0.0,1000.0,0.0,-1000.0,383800.0,400.0,0.0,-400.0,441330.0
2025-06-28,11:15,202503020103,03,福島,3歳未勝利,未勝利,1700,ダート,良,15,10,ヤマニンエボルブ,伊藤工真,5.0,17.8,13.3,-25.28,-0.2914,0.06529,4.98,0.1013,0.06015,1.684,1.3472,1.0,3,不的中,0,13.3,0.0,1000.0,0.0,-1000.0,382800.0,1300.0,0.0,-1300.0,440030.0
2025-06-28,11:25,202502010504,04,函館,3歳未勝利,未勝利,2000,芝,稍重,13,6,ペールノエル,丹内祐次,6.0,21.5,17.1,-20.47,-0.229,0.05063,5.03,0.1013,0.04678,2.165,1.7322,1.0,5,不的中,0,17.1,0.0,1000.0,0.0,-1000.0,381800.0,2100.0,0.0,-2100.0,436930.0
2025-06-28,11:25,202502010504,04,函館,3歳未勝利,未勝利,2000,芝,稍重,13,12,ピティロディア,横山武史,5.0,17.4,12.4,-28.74,-0.3388,0.07205,5.03,0.1013,0.06452,1.57,1.2561,2.0,2,不的中,0,12.4,0.0,1000.0,0.0,-1000.0,380800.0,1000.0,0.0,-1000.0,436930.0
2025-06-28,13:45,202502010508,08,函館,3歳以上1勝クラス,1勝クラス,1000,ダート,稍重,12,6,アースミューズ,松岡正海,12.0,79.6,63.1,-20.73,-0.2323,0.01394,4.22,0.0223,0.01268,1.759,1.4073,1.0,6,不的中,0,55.7,0.0,1000.0,0.0,-1000.0,379800.0,300.0,0.0,-300.0,436630.0
2025-06-28,14:35,202503020109,09,福島,松島特別(2勝),2勝クラス,2000,芝,良,8,1,レミージュ,石橋脩,5.0,17.5,12.3,-29.71,-0.3526,0.08467,5.8,0.1013,0.06504,1.557,1.2459,1.0,1,的中,1,12.3,1230.0,1000.0,12300.0,11300.0,391100.0,1000.0,12300.0,11300.0,447930.0
2025-06-28,15:25,202502010511,11,函館,青函ステークス(OP),オープン,1200,芝,良,16,5,イフェイオン,北村友一,7.0,15.5,12.4,-20.0,-0.2231,0.07918,12.49,0.1013,0.06452,1.57,1.2561,1.0,15,不的中,0,12.4,0.0,1000.0,0.0,-1000.0,390100.0,1100.0,0.0,-1100.0,445930.0
2025-06-28,15:25,202502010511,11,函館,青函ステークス(OP),オープン,1200,芝,良,16,2,ウインモナーク,松岡正海,8.0,16.0,13.4,-16.25,-0.1773,0.07065,12.49,0.09175,0.0597,1.537,1.2295,2.0,13,不的中,0,13.4,0.0,1000.0,0.0,-1000.0,389100.0,900.0,0.0,-900.0,445930.0
2025-06-28,15:40,202510020111,11,小倉,博多ステークス(3勝),3勝クラス,1700,ダート,良,16,8,ジュタロウ,川須栄彦,14.0,94.1,75.2,-20.09,-0.2242,0.01362,11.3,0.01801,0.01064,1.693,1.3541,1.0,13,不的中,0,75.2,0.0,1000.0,0.0,-1000.0,388100.0,300.0,0.0,-300.0,445030.0
2025-06-28,15:40,202510020111,11,小倉,博多ステークス(3勝),3勝クラス,1700,ダート,良,16,13,ダブルジョーク,長岡禎仁,9.0,39.6,25.6,-35.35,-0.4362,0.04656,11.3,0.05095,0.03125,1.63,1.3044,2.0,7,不的中,0,25.6,0.0,1000.0,0.0,-1000.0,387100.0,600.0,0.0,-600.0,445030.0
2025-06-28,16:05,202502010512,12,函館,3歳以上1勝クラス,1勝クラス,1700,ダート,稍重,14,14,ルシタニア,菱田裕二,8.0,18.6,15.0,-19.35,-0.2151,0.06317,8.19,0.09955,0.05333,1.867,1.4933,1.0,7,不的中,0,15.0,0.0,1000.0,0.0,-1000.0,386100.0,1600.0,0.0,-1600.0,442430.0
2025-06-28,16:05,202502010512,12,函館,3歳以上1勝クラス,1勝クラス,1700,ダート,稍重,14,9,メイショウアイナ,鮫島克駿,9.0,26.5,15.6,-41.13,-0.5299,0.07133,8.19,0.08486,0.05128,1.655,1.3238,2.0,10,不的中,0,15.6,0.0,1000.0,0.0,-1000.0,385100.0,1000.0,0.0,-1000.0,442430.0
2025-06-29,10:10,202503020201,01,福島,3歳未勝利,未勝利,1700,ダート,良,15,6,インマイハート,武藤雅,11.0,185.3,148.7,-19.75,-0.22,0.0063,4.61,0.01346,0.00538,2.502,2.0018,1.0,11,不的中,0,141.3,0.0,1000.0,0.0,-1000.0,384100.0,400.0,0.0,-400.0,442030.0
2025-06-29,11:05,202510020203,03,小倉,3歳未勝利,未勝利,2600,芝,良,16,8,ルークピオーネ,小崎綾也,12.0,110.5,72.1,-34.75,-0.427,0.01282,3.88,0.02149,0.0111,1.937,1.5493,1.0,14,不的中,0,72.1,0.0,1000.0,0.0,-1000.0,383100.0,400.0,0.0,-400.0,441630.0
2025-06-29,12:15,202502010605,05,函館,2歳新馬,新馬,1200,芝,良,12,6,スカイピア,三浦皇成,5.0,17.0,13.0,-23.53,-0.2683,0.07972,4.72,0.09806,0.06154,1.594,1.2748,1.0,8,不的中,0,12.8,0.0,1000.0,0.0,-1000.0,382100.0,1100.0,0.0,-1100.0,440530.0
2025-06-29,12:45,202502010606,06,函館,3歳未勝利,未勝利,1800,芝,良,16,1,ココモナカ,鮫島克駿,10.0,72.7,33.9,-53.37,-0.7629,0.03001,4.07,0.04107,0.0236,1.74,1.3924,1.0,6,不的中,0,32.9,0.0,1000.0,0.0,-1000.0,381100.0,600.0,0.0,-600.0,439530.0
2025-06-29,12:45,202502010606,06,函館,3歳未勝利,未勝利,1800,芝,良,16,2,セレニティ,古川奈穂,11.0,50.1,34.1,-31.94,-0.3847,0.02718,4.07,0.03633,0.02346,1.549,1.2389,2.0,4,不的中,0,33.2,0.0,1000.0,0.0,-1000.0,380100.0,400.0,0.0,-400.0,439530.0
2025-06-29,13:15,202502010607,07,函館,3歳以上1勝クラス,1勝クラス,1200,芝,良,11,5,グランテレーズ,鮫島克駿,5.0,17.2,16.2,-5.81,-0.0599,0.05058,4.3,0.08685,0.04938,1.759,1.4069,1.0,5,不的中,0,16.2,0.0,1000.0,0.0,-1000.0,379100.0,1200.0,0.0,-1200.0,438330.0
2025-06-29,14:50,202502010610,10,函館,渡島特別(2勝),2勝クラス,1700,ダート,良,11,2,グレイスオブゴッド,古川吉洋,5.0,27.8,12.4,-55.4,-0.8073,0.09042,5.12,0.1046,0.06452,1.621,1.297,1.0,4,不的中,0,12.4,0.0,1000.0,0.0,-1000.0,378100.0,1200.0,0.0,-1200.0,437130.0
2025-06-29,15:25,202502010611,11,函館,第61回函館記念(GIII),G3,2000,芝,良,14,12,マイネルメモリー,菱田裕二,14.0,77.3,73.5,-4.92,-0.0504,0.01209,31.83,0.02042,0.01088,1.876,1.5006,1.0,3,不的中,0,73.5,0.0,1000.0,0.0,-1000.0,377100.0,400.0,0.0,-400.0,436730.0
2025-06-29,16:05,202502010612,12,函館,湯の川温泉特別(2勝),2勝クラス,1200,芝,良,14,12,トウカイファクター,木幡巧也,11.0,50.5,34.2,-32.28,-0.3897,0.03008,9.43,0.05056,0.02339,2.162,1.7293,1.0,1,的中,1,34.2,3420.0,1000.0,34200.0,33200.0,410300.0,1000.0,34200.0,33200.0,469930.0
2025-07-05,10:45,202503020302,02,福島,3歳未勝利,未勝利,1700,ダート,稍重,15,13,ホウオウスターツ,丸田恭介,9.0,41.3,27.2,-34.14,-0.4176,0.03419,4.33,0.04741,0.02941,1.612,1.2895,1.0,10,不的中,0,27.2,0.0,1000.0,0.0,-1000.0,409300.0,600.0,0.0,-600.0,469330.0
2025-07-05,11:05,202510020303,03,小倉,3歳未勝利,未勝利,1200,芝,良,18,18,トロピカルレイン,幸英明,10.0,104.8,80.3,-23.38,-0.2663,0.01135,5.24,0.01574,0.00996,1.58,1.2637,1.0,12,不的中,0,63.9,0.0,1000.0,0.0,-1000.0,408300.0,200.0,0.0,-200.0,469130.0
2025-07-05,15:35,202510020311,11,小倉,マレーシアカップ(3勝),3勝クラス,1800,芝,良,11,1,ドットクルー,高杉吏麒,7.0,34.0,15.0,-55.88,-0.8183,0.07493,11.26,0.08963,0.05333,1.68,1.3444,1.0,6,不的中,0,15.0,0.0,1000.0,0.0,-1000.0,407300.0,1200.0,0.0,-1200.0,467930.0
2025-07-05,16:05,202502010712,12,函館,3歳以上1勝クラス,1勝クラス,1700,ダート,重,13,5,オカメノコイ,鷲頭虎太,7.0,32.7,21.3,-34.86,-0.4287,0.05194,7.21,0.07345,0.03756,1.956,1.5644,1.0,2,不的中,0,13.2,0.0,1000.0,0.0,-1000.0,406300.0,1400.0,0.0,-1400.0,466530.0
2025-07-06,11:25,202502010804,04,函館,3歳未勝利,未勝利,1200,芝,稍重,15,8,ブラックティンカー,吉田隼人,10.0,57.4,42.4,-26.13,-0.3029,0.02124,5.31,0.03169,0.01887,1.68,1.3438,1.0,3,不的中,0,42.5,0.0,1000.0,0.0,-1000.0,405300.0,400.0,0.0,-400.0,466130.0
2025-07-06,15:35,202510020411,11,小倉,第60回TV西日本北九州記念(GIII),G3,1200,芝,良,18,12,スリーアイランド,田口貫太,16.0,80.3,48.9,-39.1,-0.496,0.0297,39.91,0.04557,0.01636,2.785,2.2284,1.0,8,不的中,0,48.9,0.0,1000.0,0.0,-1000.0,404300.0,1200.0,0.0,-1200.0,464930.0
2025-07-06,15:45,202503020411,11,福島,ジュライステークス(OP),オープン,1700,ダート,良,15,8,ヒューゴ,石川裕紀,14.0,82.4,73.8,-10.44,-0.1102,0.01135,16.12,0.0235,0.01084,2.168,1.7347,1.0,9,不的中,0,73.8,0.0,1000.0,0.0,-1000.0,403300.0,500.0,0.0,-500.0,463830.0
2025-07-06,15:45,202503020411,11,福島,ジュライステークス(OP),オープン,1700,ダート,良,15,5,タマモロック,菊沢一樹,9.0,42.3,30.5,-27.9,-0.3271,0.02984,16.12,0.04511,0.02623,1.72,1.3758,2.0,10,不的中,0,30.5,0.0,1000.0,0.0,-1000.0,402300.0,600.0,0.0,-600.0,463830.0
2025-07-06,16:30,202503020412,12,福島,3歳以上1勝クラス,1勝クラス,1150,ダート,良,15,2,アドバンテスロード,横山琉人,9.0,60.2,44.7,-25.75,-0.2977,0.02129,15.84,0.03481,0.0179,1.945,1.5558,1.0,11,不的中,0,41.5,0.0,1000.0,0.0,-1000.0,401300.0,600.0,0.0,-600.0,463230.0
2025-07-12,09:50,202502010901,01,函館,3歳未勝利,未勝利,1200,芝,良,14,11,ワンダーアンジェ,和田陽希,8.0,59.8,54.3,-9.2,-0.0965,0.01548,4.4,0.02355,0.01473,1.598,1.2785,1.0,6,不的中,0,50.0,0.0,1000.0,0.0,-1000.0,400300.0,300.0,0.0,-300.0,462930.0
2025-07-12,11:25,202502010904,04,函館,3歳未勝利,未勝利,1700,ダート,良,14,12,オドラニャソンソン,舟山瑠泉,11.0,115.0,94.9,-17.48,-0.1921,0.00978,4.69,0.02508,0.00843,2.975,2.3801,1.0,10,不的中,0,95.0,0.0,1000.0,0.0,-1000.0,399300.0,700.0,0.0,-700.0,460230.0
2025-07-12,11:25,202502010904,04,函館,3歳未勝利,未勝利,1700,ダート,良,14,13,メイショウナナコ,丹内祐次,7.0,23.3,17.1,-26.61,-0.3094,0.05855,4.69,0.09826,0.04678,2.1,1.6803,2.0,4,不的中,0,17.1,0.0,1000.0,0.0,-1000.0,398300.0,2000.0,0.0,-2000.0,460230.0
2025-07-12,12:45,202502010906,06,函館,3歳未勝利,未勝利,2600,芝,良,16,4,エコログロス,嶋田純次,14.0,109.1,76.8,-29.61,-0.3511,0.01216,3.87,0.02625,0.01042,2.52,2.0164,1.0,4,不的中,0,58.9,0.0,1000.0,0.0,-1000.0,397300.0,700.0,0.0,-700.0,459530.0
2025-07-12,13:25,202510020507,07,小倉,3歳未勝利,未勝利,2000,芝,良,18,5,ヒルノカーディフ,太宰啓介,14.0,166.2,98.6,-40.67,-0.5221,0.00973,4.98,0.0171,0.00811,2.107,1.6858,1.0,8,不的中,0,98.6,0.0,1000.0,0.0,-1000.0,396300.0,400.0,0.0,-400.0,458830.0
2025-07-12,13:25,202510020507,07,小倉,3歳未勝利,未勝利,2000,芝,良,18,13,セルマン,亀田温心,13.0,118.3,90.1,-23.84,-0.2723,0.00985,4.98,0.01743,0.00888,1.963,1.5704,2.0,16,不的中,0,90.1,0.0,1000.0,0.0,-1000.0,395300.0,300.0,0.0,-300.0,458830.0
2025-07-12,13:35,202503020507,07,福島,3歳以上1勝クラス,1勝クラス,2000,芝,良,15,10,ボナーテソーロ,木幡巧也,11.0,142.2,132.1,-7.1,-0.0737,0.00612,5.69,0.01273,0.00606,2.102,1.6814,1.0,2,不的中,0,132.0,0.0,1000.0,0.0,-1000.0,394300.0,300.0,0.0,-300.0,458030.0
2025-07-12,13:35,202503020507,07,福島,3歳以上1勝クラス,1勝クラス,2000,芝,良,15,6,ヴァンナチュール,杉原誠人,10.0,66.4,61.5,-7.38,-0.0767,0.01317,5.69,0.02625,0.01301,2.018,1.6147,2.0,10,不的中,0,61.5,0.0,1000.0,0.0,-1000.0,393300.0,500.0,0.0,-500.0,458030.0
2025-07-12,13:55,202510020508,08,小倉,3歳以上1勝クラス,1勝クラス,1700,ダート,良,16,13,ゴールドダイアー,藤懸貴志,10.0,35.0,30.5,-12.86,-0.1376,0.02805,6.65,0.04172,0.02623,1.591,1.2726,1.0,9,不的中,0,30.5,0.0,1000.0,0.0,-1000.0,392300.0,500.0,0.0,-500.0,457530.0
2025-07-12,14:25,202510020509,09,小倉,英彦山特別(1勝),1勝クラス,2600,芝,良,11,6,ティータイム,酒井学,8.0,37.3,28.2,-24.4,-0.2797,0.03289,5.55,0.0447,0.02837,1.576,1.2605,1.0,6,不的中,0,28.2,0.0,1000.0,0.0,-1000.0,391300.0,500.0,0.0,-500.0,457030.0
2025-07-12,14:35,202503020509,09,福島,信夫山特別(2勝),2勝クラス,2600,芝,良,12,9,アルベリック,国分恭介,11.0,69.5,41.1,-40.86,-0.5253,0.02358,5.51,0.03081,0.01946,1.583,1.2663,1.0,6,不的中,0,41.1,0.0,1000.0,0.0,-1000.0,390300.0,400.0,0.0,-400.0,456630.0
2025-07-12,15:25,202502010911,11,函館,五稜郭ステークス(3勝),3勝クラス,1800,芝,良,14,1,ショーモン,北村友一,10.0,65.7,47.5,-27.7,-0.3244,0.02177,11.29,0.02751,0.01684,1.634,1.3068,1.0,11,不的中,0,47.6,0.0,1000.0,0.0,-1000.0,389300.0,400.0,0.0,-400.0,456230.0
2025-07-12,16:15,202510020512,12,小倉,3歳以上1勝クラス,1勝クラス,1200,芝,良,17,8,ベネメレンティ,田口貫太,13.0,84.5,75.9,-10.18,-0.1073,0.01126,9.05,0.02124,0.01054,2.015,1.6123,1.0,10,不的中,0,75.9,0.0,1000.0,0.0,-1000.0,388300.0,400.0,0.0,-400.0,454330.0
2025-07-12,16:15,202510020512,12,小倉,3歳以上1勝クラス,1勝クラス,1200,芝,良,17,9,ジェニファー,田山旺佑,11.0,101.3,45.9,-54.69,-0.7916,0.02362,9.05,0.03186,0.01743,1.828,1.4624,2.0,2,不的中,0,45.9,0.0,1000.0,0.0,-1000.0,387300.0,500.0,0.0,-500.0,454330.0
2025-07-12,16:15,202510020512,12,小倉,3歳以上1勝クラス,1勝クラス,1200,芝,良,17,13,ビーグラッド,菱田裕二,6.0,29.1,15.2,-47.77,-0.6494,0.06898,9.05,0.08475,0.05263,1.61,1.2882,3.0,6,不的中,0,15.2,0.0,1000.0,0.0,-1000.0,386300.0,1000.0,0.0,-1000.0,454330.0
2025-07-12,16:30,202503020512,12,福島,3歳以上1勝クラス,1勝クラス,1700,ダート,良,15,2,ディズレーリ,内田博幸,10.0,48.1,34.1,-29.11,-0.344,0.02882,11.91,0.04598,0.02346,1.96,1.568,1.0,10,不的中,0,34.1,0.0,1000.0,0.0,-1000.0,385300.0,800.0,0.0,-800.0,453530.0
2025-07-13,09:50,202502011001,01,函館,2歳未勝利,未勝利,1000,ダート,良,12,12,トーセンクリステル,池添謙一,7.0,35.4,24.8,-29.94,-0.3559,0.03813,4.47,0.04885,0.03226,1.514,1.2115,1.0,7,不的中,0,24.8,0.0,1000.0,0.0,-1000.0,384300.0,500.0,0.0,-500.0,453030.0
2025-07-13,10:35,202510020602,02,小倉,3歳未勝利,未勝利,1200,芝,良,18,1,ノボリリア,高杉吏麒,12.0,71.3,52.1,-26.93,-0.3137,0.01768,4.7,0.02625,0.01536,1.71,1.3679,1.0,1,的中,1,52.1,5210.0,1000.0,52100.0,51100.0,435400.0,400.0,20840.0,20440.0,472670.0
2025-07-13,10:35,202510020602,02,小倉,3歳未勝利,未勝利,1200,芝,良,18,8,ヤマニンレセディ,角田大和,7.0,22.5,14.5,-35.56,-0.4394,0.06633,4.7,0.08475,0.05517,1.536,1.2289,2.0,4,不的中,0,14.5,0.0,1000.0,0.0,-1000.0,434400.0,800.0,0.0,-800.0,472670.0
2025-07-13,10:45,202503020602,02,福島,3歳未勝利,未勝利,1700,ダート,良,15,10,ファリードゥーン,菅原明良,11.0,82.3,71.6,-13.0,-0.1393,0.01199,5.36,0.02426,0.01117,2.171,1.7368,1.0,4,不的中,0,71.6,0.0,1000.0,0.0,-1000.0,433400.0,500.0,0.0,-500.0,472170.0
2025-07-13,11:25,202502011004,04,函館,3歳未勝利,未勝利,1700,ダート,良,13,2,セイスイミリオン,松岡正海,8.0,57.6,27.5,-52.26,-0.7393,0.03602,4.07,0.04511,0.02909,1.551,1.2406,1.0,2,不的中,0,27.5,0.0,1000.0,0.0,-1000.0,432400.0,500.0,0.0,-500.0,471670.0
2025-07-13,13:55,202510020608,08,小倉,3歳以上1勝クラス,1勝クラス,1800,芝,良,16,16,フェアリーブルー,松若風馬,9.0,32.2,29.8,-7.45,-0.0775,0.02727,5.2,0.04409,0.02685,1.642,1.3139,1.0,16,不的中,0,23.2,0.0,1000.0,0.0,-1000.0,431400.0,600.0,0.0,-600.0,471070.0
2025-07-13,14:05,202503020608,08,福島,3歳以上1勝クラス,1勝クラス,1150,ダート,良,15,9,キングヴァージル,荻野極,10.0,66.4,57.9,-12.8,-0.137,0.01462,5.78,0.02625,0.01382,1.9,1.5201,1.0,8,不的中,0,50.5,0.0,1000.0,0.0,-1000.0,430400.0,500.0,0.0,-500.0,470570.0
2025-07-13,15:01,202510020610,10,小倉,西部スポニチ賞(2勝),2勝クラス,2000,芝,良,9,2,リカントロポ,田口貫太,7.0,23.2,11.8,-49.14,-0.6761,0.09397,6.89,0.10548,0.0678,1.556,1.2446,1.0,9,不的中,0,11.8,0.0,1000.0,0.0,-1000.0,429400.0,1100.0,0.0,-1100.0,469470.0
2025-07-19,10:25,202502011102,02,函館,3歳未勝利,未勝利,1000,ダート,良,12,11,ブラックエンパイア,荻野琢真,12.0,173.7,128.8,-25.85,-0.2991,0.00765,4.0,0.01574,0.00621,2.534,2.027,1.0,8,不的中,0,120.5,0.0,1000.0,0.0,-1000.0,428400.0,400.0,0.0,-400.0,469070.0
2025-07-19,11:25,202502011104,04,函館,3歳未勝利,未勝利,1200,芝,良,15,7,テーオーシュターデ,橋木太希,11.0,75.0,59.7,-20.4,-0.2282,0.01453,3.96,0.02751,0.0134,2.053,1.6424,1.0,5,不的中,0,59.7,0.0,1000.0,0.0,-1000.0,427400.0,600.0,0.0,-600.0,468470.0
2025-07-19,11:35,202510020704,04,小倉,3歳未勝利,未勝利,1800,芝,稍重,16,7,ノボリディアマン,中井裕二,10.0,79.7,57.1,-28.36,-0.3335,0.01571,4.29,0.02789,0.01401,1.991,1.5926,1.0,10,不的中,0,57.1,0.0,1000.0,0.0,-1000.0,426400.0,500.0,0.0,-500.0,467770.0
2025-07-19,11:35,202510020704,04,小倉,3歳未勝利,未勝利,1800,芝,稍重,16,16,マットーネロッソ,田山旺佑,14.0,90.5,82.9,-8.4,-0.0877,0.00992,4.29,0.01574,0.00965,1.631,1.3047,2.0,11,不的中,0,82.9,0.0,1000.0,0.0,-1000.0,425400.0,200.0,0.0,-200.0,467770.0
2025-07-19,12:55,202510020706,06,小倉,3歳未勝利,未勝利,1700,ダート,重,16,2,ダシータピット,河原田菜,7.0,45.0,32.9,-26.89,-0.3132,0.02757,4.87,0.04424,0.02432,1.819,1.4554,1.0,8,不的中,0,20.5,0.0,1000.0,0.0,-1000.0,424400.0,700.0,0.0,-700.0,467070.0
2025-07-19,14:05,202503020708,08,福島,3歳未勝利,未勝利,2000,芝,良,16,1,ピュルテ,嶋田純次,13.0,68.8,37.4,-45.64,-0.6095,0.02652,5.29,0.04511,0.02139,2.109,1.6872,1.0,8,不的中,0,37.4,0.0,1000.0,0.0,-1000.0,423400.0,900.0,0.0,-900.0,464970.0
2025-07-19,14:05,202503020708,08,福島,3歳未勝利,未勝利,2000,芝,良,16,2,エットトゥカム,丸田恭介,11.0,41.6,28.9,-30.53,-0.3643,0.03201,5.29,0.04601,0.02768,1.662,1.3298,2.0,10,不的中,0,28.9,0.0,1000.0,0.0,-1000.0,422400.0,600.0,0.0,-600.0,464970.0
2025-07-19,14:05,202503020708,08,福島,3歳未勝利,未勝利,2000,芝,良,16,16,ヴィルナタール,石川裕紀,9.0,33.1,24.2,-26.89,-0.3132,0.03757,5.29,0.05312,0.03306,1.607,1.2855,3.0,6,不的中,0,24.2,0.0,1000.0,0.0,-1000.0,421400.0,600.0,0.0,-600.0,464970.0
2025-07-19,15:25,202502011111,11,函館,マリーンステークス(OP),オープン,1700,ダート,良,14,1,カンピオーネ,浜中俊,9.0,43.1,28.4,-34.11,-0.4171,0.03892,10.92,0.05121,0.02817,1.818,1.4543,1.0,8,不的中,0,28.4,0.0,1000.0,0.0,-1000.0,420400.0,800.0,0.0,-800.0,464170.0
2025-07-19,16:05,202502011112,12,函館,3歳以上1勝クラス,1勝クラス,1200,芝,良,16,1,ランスオブサウンド,斎藤新,11.0,35.6,31.0,-12.92,-0.1384,0.02906,8.07,0.04424,0.02581,1.714,1.3713,1.0,5,不的中,0,31.0,0.0,1000.0,0.0,-1000.0,419400.0,600.0,0.0,-600.0,463070.0
2025-07-19,16:05,202502011112,12,函館,3歳以上1勝クラス,1勝クラス,1200,芝,良,16,11,オベイユアマスター,丹内祐次,9.0,29.7,28.2,-5.05,-0.0518,0.02983,8.07,0.04468,0.02837,1.575,1.2599,2.0,14,不的中,0,28.2,0.0,1000.0,0.0,-1000.0,418400.0,500.0,0.0,-500.0,463070.0
2025-07-20,10:25,202502011202,02,函館,3歳未勝利,未勝利,1700,ダート,良,13,8,ビービープリメーロ,落合玄太,11.0,71.5,53.7,-24.9,-0.2863,0.0177,4.02,0.0288,0.0149,1.933,1.5463,1.0,9,不的中,0,53.7,0.0,1000.0,0.0,-1000.0,417400.0,500.0,0.0,-500.0,462570.0
2025-07-20,10:55,202502011203,03,函館,3歳未勝利,未勝利,1800,芝,良,14,1,フェアリーグレン,松本大輝,12.0,60.1,44.6,-25.79,-0.2983,0.01963,3.82,0.03295,0.01794,1.837,1.4694,1.0,2,不的中,0,40.2,0.0,1000.0,0.0,-1000.0,416400.0,500.0,0.0,-500.0,462070.0
2025-07-20,11:05,202510020803,03,小倉,3歳未勝利,未勝利,1700,ダート,稍重,16,7,アイブリンク,松若風馬,9.0,50.6,33.1,-34.58,-0.4244,0.02801,5.04,0.04601,0.02417,1.904,1.523,1.0,4,不的中,0,28.7,0.0,1000.0,0.0,-1000.0,415400.0,800.0,0.0,-800.0,461270.0
2025-07-20,12:55,202510020806,06,小倉,3歳以上1勝クラス,1勝クラス,1000,ダート,良,9,6,トモジャアルマンド,国分優作,8.0,61.2,43.4,-29.08,-0.3437,0.02083,5.18,0.02905,0.01843,1.576,1.2606,1.0,7,不的中,0,36.5,0.0,1000.0,0.0,-1000.0,414400.0,300.0,0.0,-300.0,460970.0
2025-07-20,15:01,202510020810,10,小倉,宮崎ステークス(3勝),3勝クラス,1700,ダート,良,13,1,グラスシフォン,加藤聡一,11.0,53.3,44.8,-15.95,-0.1737,0.02043,6.47,0.03568,0.01786,1.998,1.5983,1.0,7,不的中,0,33.0,0.0,1000.0,0.0,-1000.0,413400.0,700.0,0.0,-700.0,460270.0
2025-07-20,15:35,202510020811,11,小倉,第61回小倉記念(GIII),G3,2000,芝,良,16,10,ナムラエイハブ,松山弘平,8.0,19.5,14.9,-23.59,-0.2691,0.07429,37.15,0.08561,0.05369,1.594,1.2756,1.0,8,不的中,0,14.9,0.0,1000.0,0.0,-1000.0,412400.0,1000.0,0.0,-1000.0,459270.0
2025-07-20,16:05,202502011212,12,函館,3歳以上1勝クラス,1勝クラス,1700,ダート,良,13,10,スマートカイロス,黛弘人,8.0,20.7,15.0,-27.54,-0.3221,0.07058,9.26,0.08326,0.05333,1.561,1.2489,1.0,7,不的中,0,13.1,0.0,1000.0,0.0,-1000.0,411400.0,900.0,0.0,-900.0,458370.0
2025-07-26,13:20,202501010107,07,札幌,3歳以上1勝クラス,1勝クラス,1200,芝,良,8,2,メラヴィリオーザ,黛弘人,7.0,40.6,26.0,-35.96,-0.4457,0.03899,4.59,0.07106,0.03077,2.31,1.8476,1.0,6,不的中,0,20.2,0.0,1000.0,0.0,-1000.0,410400.0,1600.0,0.0,-1600.0,456770.0
2025-07-26,14:20,202501010109,09,札幌,3歳以上1勝クラス,1勝クラス,1700,ダート,良,13,5,ユウェンタース,鮫島克駿,8.0,34.1,32.3,-5.28,-0.0542,0.02566,5.55,0.03863,0.02477,1.56,1.2477,1.0,8,不的中,0,30.0,0.0,1000.0,0.0,-1000.0,409400.0,400.0,0.0,-400.0,456370.0
2025-07-26,16:20,202504020108,08,新潟,閃光特別(1勝),1勝クラス,1000,芝,良,14,8,マジカルガール,川端海翼,11.0,54.7,47.3,-13.53,-0.1454,0.01809,8.29,0.02625,0.01691,1.552,1.2418,1.0,5,不的中,0,47.4,0.0,1000.0,0.0,-1000.0,408400.0,300.0,0.0,-300.0,456070.0
2025-07-26,17:15,202507030110,10,中京,3歳以上1勝クラス,1勝クラス,1800,ダート,良,11,11,ポイントネモ,菱田裕二,10.0,38.4,31.6,-17.71,-0.1949,0.03011,6.61,0.03899,0.02532,1.54,1.2322,1.0,2,不的中,0,29.9,0.0,1000.0,0.0,-1000.0,407400.0,400.0,0.0,-400.0,455370.0
2025-07-26,17:15,202507030110,10,中京,3歳以上1勝クラス,1勝クラス,1800,ダート,良,11,2,ウインドワンピース,藤懸貴志,11.0,48.6,45.2,-7.0,-0.0725,0.01907,6.61,0.02718,0.0177,1.535,1.2284,2.0,7,不的中,0,45.6,0.0,1000.0,0.0,-1000.0,406400.0,300.0,0.0,-300.0,455370.0
2025-07-26,17:45,202507030111,11,中京,3歳未勝利,未勝利,2000,芝,良,14,5,イダイ,田山旺佑,8.0,50.5,37.5,-25.74,-0.2976,0.02676,7.08,0.03899,0.02133,1.828,1.4623,1.0,10,不的中,0,37.5,0.0,1000.0,0.0,-1000.0,405400.0,600.0,0.0,-600.0,454770.0
2025-07-27,10:10,202507030202,02,中京,3歳未勝利,未勝利,1800,ダート,良,16,8,ポジティビティ,酒井学,13.0,97.5,67.4,-30.87,-0.3692,0.01487,4.66,0.03117,0.01187,2.626,2.1006,1.0,13,不的中,0,67.4,0.0,1000.0,0.0,-1000.0,404400.0,800.0,0.0,-800.0,452870.0
2025-07-27,10:10,202507030202,02,中京,3歳未勝利,未勝利,1800,ダート,良,16,10,ブレスドナイル,亀田温心,10.0,70.8,41.7,-41.1,-0.5294,0.02566,4.66,0.04598,0.01918,2.397,1.9175,2.0,5,不的中,0,41.7,0.0,1000.0,0.0,-1000.0,403400.0,1100.0,0.0,-1100.0,452870.0
2025-07-27,10:50,202504020203,03,新潟,2歳新馬,新馬,1600,芝,良,9,8,ディールメーカー,横山琉人,5.0,41.2,33.3,-19.17,-0.2129,0.02715,6.11,0.04136,0.02402,1.722,1.3772,1.0,2,不的中,0,33.3,0.0,1000.0,0.0,-1000.0,402400.0,600.0,0.0,-600.0,452270.0
2025-07-27,11:10,202507030204,04,中京,3歳未勝利,未勝利,1200,ダート,良,16,14,スマートフランキー,太宰啓介,10.0,32.5,29.6,-8.92,-0.0935,0.02764,4.56,0.05217,0.02703,1.93,1.5442,1.0,4,不的中,0,29.6,0.0,1000.0,0.0,-1000.0,401400.0,900.0,0.0,-900.0,451370.0
2025-07-27,13:20,202501010207,07,札幌,3歳以上1勝クラス,1勝クラス,1700,ダート,不良,13,10,ドレミファニー,古川吉洋,10.0,35.8,29.2,-18.44,-0.2038,0.03292,5.99,0.04557,0.0274,1.663,1.3307,1.0,7,不的中,0,27.8,0.0,1000.0,0.0,-1000.0,400400.0,600.0,0.0,-600.0,450770.0
2025-07-27,15:45,202504020207,07,新潟,第60回関屋記念(GIII),G3,1600,芝,良,18,10,トランキリテ,荻野極,11.0,47.8,39.1,-18.2,-0.2009,0.02603,38.49,0.03132,0.02046,1.531,1.2246,1.0,4,不的中,0,39.1,0.0,1000.0,0.0,-1000.0,399400.0,300.0,0.0,-300.0,450470.0
2025-07-27,16:01,202501010212,12,札幌,羊ヶ丘特別(2勝),2勝クラス,1500,芝,稍重,8,4,ルージュイストリア,舟山瑠泉,6.0,16.5,14.3,-13.33,-0.1431,0.05944,6.1,0.09198,0.05594,1.644,1.3153,1.0,6,不的中,0,14.3,0.0,1000.0,0.0,-1000.0,398400.0,1100.0,0.0,-1100.0,449370.0
2025-07-27,16:25,202504020208,08,新潟,出雲崎特別(2勝),2勝クラス,1200,ダート,良,15,7,アルジェンタージョ,木幡巧也,6.0,23.1,17.0,-26.41,-0.3066,0.06296,11.72,0.0871,0.04706,1.851,1.4807,1.0,4,不的中,0,13.6,0.0,1000.0,0.0,-1000.0,397400.0,1400.0,0.0,-1400.0,446970.0
2025-07-27,16:25,202504020208,08,新潟,出雲崎特別(2勝),2勝クラス,1200,ダート,良,15,12,ダズリングダンス,川須栄彦,5.0,22.5,11.2,-50.22,-0.6976,0.11718,11.72,0.10766,0.07143,1.507,1.2057,2.0,2,不的中,0,10.9,0.0,1000.0,0.0,-1000.0,396400.0,1000.0,0.0,-1000.0,446970.0
2025-07-27,18:25,202504020212,12,新潟,3歳以上1勝クラス,1勝クラス,1400,芝,良,16,6,マジカルワード,嶋田純次,15.0,139.4,128.4,-7.89,-0.0822,0.00653,13.14,0.01427,0.00623,2.29,1.8318,1.0,10,不的中,0,129.1,0.0,1000.0,0.0,-1000.0,395400.0,300.0,0.0,-300.0,446170.0
2025-07-27,18:25,202504020212,12,新潟,3歳以上1勝クラス,1勝クラス,1400,芝,良,16,10,クレオズニードル,大野拓弥,9.0,51.3,37.0,-27.88,-0.3268,0.02605,13.14,0.03613,0.02162,1.671,1.3368,2.0,2,不的中,0,24.8,0.0,1000.0,0.0,-1000.0,394400.0,500.0,0.0,-500.0,446170.0
2025-08-02,09:55,202501010301,01,札幌,2歳未勝利,未勝利,1800,芝,良,8,3,アイムスティルミー,嶋田純次,4.0,69.7,40.3,-42.18,-0.5478,0.02749,3.22,0.04298,0.01985,2.165,1.7323,1.0,3,不的中,0,37.2,0.0,1000.0,0.0,-1000.0,393400.0,900.0,0.0,-900.0,445270.0
2025-08-02,11:00,202501010303,03,札幌,3歳未勝利,未勝利,1700,ダート,良,14,9,シャドーストライク,舟山瑠泉,9.0,32.2,28.9,-10.25,-0.1081,0.0285,4.83,0.04424,0.02768,1.598,1.2785,1.0,5,不的中,0,28.9,0.0,1000.0,0.0,-1000.0,392400.0,500.0,0.0,-500.0,444770.0
2025-08-02,11:30,202501010304,04,札幌,3歳未勝利,未勝利,2000,芝,良,16,6,カリータフェリス,舟山瑠泉,11.0,60.2,40.3,-33.06,-0.4013,0.02298,5.76,0.02993,0.01985,1.508,1.2061,1.0,12,不的中,0,40.3,0.0,1000.0,0.0,-1000.0,391400.0,300.0,0.0,-300.0,444470.0
2025-08-02,15:25,202501010311,11,札幌,STV賞(3勝),3勝クラス,2000,芝,良,16,14,フェステスバント,古川吉洋,10.0,48.0,28.7,-40.21,-0.5143,0.04007,11.79,0.05182,0.02787,1.859,1.4871,1.0,11,不的中,0,28.5,0.0,1000.0,0.0,-1000.0,390400.0,800.0,0.0,-800.0,443170.0
2025-08-02,15:25,202501010311,11,札幌,STV賞(3勝),3勝クラス,2000,芝,良,16,16,フェミナフォルテ,横山琉人,13.0,57.3,44.0,-23.21,-0.2641,0.02279,11.79,0.03287,0.01818,1.808,1.4464,2.0,8,不的中,0,43.8,0.0,1000.0,0.0,-1000.0,389400.0,500.0,0.0,-500.0,443170.0
2025-08-02,17:45,202507030311,11,中京,3歳以上1勝クラス,1勝クラス,2000,芝,良,13,4,マドモアゼルアスク,バデル,6.0,14.7,12.3,-16.33,-0.1782,0.07651,7.54,0.10137,0.06504,1.559,1.2468,1.0,9,不的中,0,12.3,0.0,1000.0,0.0,-1000.0,388400.0,1000.0,0.0,-1000.0,442170.0
2025-08-03,09:55,202501010401,01,札幌,2歳未勝利,未勝利,1000,ダート,良,12,10,プレザントトーン,森田誠也,9.0,52.9,37.3,-29.49,-0.3494,0.02483,5.33,0.03901,0.02145,1.819,1.455,1.0,8,不的中,0,37.3,0.0,1000.0,0.0,-1000.0,387400.0,600.0,0.0,-600.0,441570.0
2025-08-03,10:10,202507030402,02,中京,2歳新馬,新馬,1800,ダート,良,15,9,スナークホクサイ,小崎綾也,11.0,59.7,35.4,-40.7,-0.5226,0.03232,4.45,0.04557,0.0226,2.016,1.6132,1.0,15,不的中,0,35.4,0.0,1000.0,0.0,-1000.0,386400.0,800.0,0.0,-800.0,440770.0
2025-08-03,16:45,202507030409,09,中京,3歳未勝利,未勝利,2000,芝,良,18,1,カーリンハート,角田大和,11.0,66.9,54.9,-17.94,-0.1977,0.01405,9.29,0.03581,0.01457,2.457,1.9659,1.0,14,不的中,0,52.6,0.0,1000.0,0.0,-1000.0,385400.0,800.0,0.0,-800.0,439970.0
2025-08-03,18:15,202507030412,12,中京,3歳以上1勝クラス,1勝クラス,1400,芝,良,18,4,レイザリオ,田口貫太,11.0,38.7,30.5,-21.19,-0.2381,0.03199,10.31,0.04557,0.02623,1.737,1.3899,1.0,14,不的中,0,29.3,0.0,1000.0,0.0,-1000.0,384400.0,600.0,0.0,-600.0,439370.0
2025-08-09,12:20,202501010505,05,札幌,2歳新馬,新馬,1800,芝,稍重,12,5,カデナボニータ,斎藤新,9.0,59.8,50.6,-15.38,-0.1671,0.01521,6.16,0.02388,0.01581,1.51,1.2083,1.0,5,不的中,0,50.9,0.0,1000.0,0.0,-1000.0,383400.0,200.0,0.0,-200.0,439170.0
2025-08-09,13:50,202501010508,08,札幌,3歳以上1勝クラス,1勝クラス,1700,ダート,重,11,1,エンプレスフレーム,原田和真,9.0,60.7,35.4,-41.68,-0.5392,0.03267,5.82,0.04598,0.0226,2.035,1.6278,1.0,2,不的中,0,29.4,0.0,1000.0,0.0,-1000.0,382400.0,900.0,0.0,-900.0,438270.0
2025-08-09,14:50,202501010510,10,札幌,藻岩山特別(2勝),2勝クラス,2000,芝,稍重,11,5,カテリーナ,浜中俊,3.0,15.8,10.0,-36.71,-0.4574,0.11786,6.29,0.12395,0.08,1.549,1.2395,1.0,2,不的中,0,8.6,0.0,1000.0,0.0,-1000.0,381400.0,1200.0,0.0,-1200.0,437070.0
2025-08-09,15:25,202501010511,11,札幌,第30回エルムステークス(GIII),G3,1700,ダート,稍重,14,2,ミッキーヌチバナ,鮫島克駿,10.0,54.5,41.8,-23.3,-0.2653,0.02622,21.85,0.03116,0.01914,1.628,1.3025,1.0,3,不的中,0,41.8,0.0,1000.0,0.0,-1000.0,380400.0,400.0,0.0,-400.0,436670.0
2025-08-09,15:35,202507030507,07,中京,三河ステークス(3勝),3勝クラス,1800,ダート,良,16,11,メイショウコガシラ,中井裕二,12.0,73.5,46.6,-36.6,-0.4557,0.02046,8.86,0.03454,0.01717,2.012,1.6097,1.0,8,不的中,0,46.6,0.0,1000.0,0.0,-1000.0,379400.0,600.0,0.0,-600.0,436070.0
2025-08-09,16:01,202501010512,12,札幌,厚岸特別(1勝),1勝クラス,1500,芝,良,11,6,クイーンズデイ,池添謙一,8.0,48.5,41.3,-14.85,-0.1607,0.02123,8.41,0.03197,0.01937,1.651,1.3204,1.0,9,不的中,0,39.9,0.0,1000.0,0.0,-1000.0,378400.0,400.0,0.0,-400.0,435670.0
2025-08-09,17:45,202507030511,11,中京,3歳未勝利,未勝利,1400,芝,良,18,2,シーザサンライズ,国分恭介,15.0,127.8,83.6,-34.59,-0.4244,0.0124,5.94,0.02567,0.00957,2.682,2.1457,1.0,11,不的中,0,75.1,0.0,1000.0,0.0,-1000.0,377400.0,700.0,0.0,-700.0,434170.0
2025-08-09,17:45,202507030511,11,中京,3歳未勝利,未勝利,1400,芝,良,18,4,トウカイディアマン,長岡禎仁,17.0,133.6,108.1,-19.09,-0.2118,0.00857,5.94,0.01574,0.0074,2.127,1.7012,2.0,13,不的中,0,108.4,0.0,1000.0,0.0,-1000.0,376400.0,300.0,0.0,-300.0,434170.0
2025-08-09,17:45,202507030511,11,中京,3歳未勝利,未勝利,1400,芝,良,18,16,ドライヴサンライズ,小沢大仁,10.0,36.0,30.1,-16.39,-0.179,0.03015,5.94,0.04424,0.02658,1.664,1.3315,3.0,10,不的中,0,30.0,0.0,1000.0,0.0,-1000.0,375400.0,500.0,0.0,-500.0,434170.0
2025-08-09,17:55,202504020511,11,新潟,3歳未勝利,未勝利,1000,芝,良,18,7,スカイダイバー,石橋脩,10.0,49.1,43.1,-12.22,-0.1303,0.01992,7.72,0.04136,0.01856,2.228,1.7826,1.0,4,不的中,0,39.0,0.0,1000.0,0.0,-1000.0,374400.0,900.0,0.0,-900.0,432870.0
2025-08-09,17:55,202504020511,11,新潟,3歳未勝利,未勝利,1000,芝,良,18,4,チャンキーバングル,津村明秀,13.0,76.8,50.3,-34.51,-0.4232,0.0194,7.72,0.02803,0.0159,1.762,1.4097,2.0,9,不的中,0,43.9,0.0,1000.0,0.0,-1000.0,373400.0,400.0,0.0,-400.0,432870.0
2025-08-10,09:45,202504020601,01,新潟,2歳未勝利,未勝利,1400,芝,稍重,18,9,フィールドアピール,高杉吏麒,8.0,46.3,29.0,-37.37,-0.4678,0.03499,4.28,0.04885,0.02759,1.771,1.4167,1.0,7,不的中,0,29.0,0.0,1000.0,0.0,-1000.0,372400.0,700.0,0.0,-700.0,432170.0
2025-08-10,09:55,202501010601,01,札幌,2歳未勝利,未勝利,1700,ダート,稍重,14,12,ニミッツハイウェイ,和田陽希,11.0,172.8,145.0,-16.09,-0.1754,0.006,5.48,0.01574,0.00552,2.852,2.282,1.0,8,不的中,0,145.0,0.0,1000.0,0.0,-1000.0,371400.0,400.0,0.0,-400.0,431070.0
2025-08-10,09:55,202501010601,01,札幌,2歳未勝利,未勝利,1700,ダート,稍重,14,7,ハグレジョー,池添謙一,7.0,73.3,39.4,-46.25,-0.6208,0.02562,5.48,0.03382,0.0203,1.666,1.3325,2.0,3,不的中,0,39.4,0.0,1000.0,0.0,-1000.0,370400.0,400.0,0.0,-400.0,431070.0
2025-08-10,09:55,202501010601,01,札幌,2歳未勝利,未勝利,1700,ダート,稍重,14,10,レイサンソク,鮫島克駿,8.0,54.6,46.9,-14.1,-0.152,0.01836,5.48,0.02625,0.01706,1.539,1.2313,3.0,7,不的中,0,46.9,0.0,1000.0,0.0,-1000.0,369400.0,300.0,0.0,-300.0,431070.0
2025-08-10,10:10,202507030602,02,中京,3歳未勝利,未勝利,1800,ダート,良,15,2,ソコトラ,小沢大仁,11.0,105.1,74.0,-29.59,-0.3508,0.01317,4.04,0.02659,0.01081,2.46,1.9676,1.0,6,不的中,0,74.0,0.0,1000.0,0.0,-1000.0,368400.0,600.0,0.0,-600.0,430470.0
2025-08-10,10:30,202501010602,02,札幌,3歳未勝利,未勝利,1000,ダート,稍重,12,3,ファンシーデイ,鷲頭虎太,11.0,162.5,138.7,-14.65,-0.1584,0.00613,4.37,0.01191,0.00577,2.065,1.6517,1.0,7,不的中,0,138.8,0.0,1000.0,0.0,-1000.0,367400.0,300.0,0.0,-300.0,443220.0
2025-08-10,10:30,202501010602,02,札幌,3歳未勝利,未勝利,1000,ダート,稍重,12,12,タイセイルヴァン,丹内祐次,7.0,18.7,16.6,-11.23,-0.1191,0.05041,4.37,0.09198,0.04819,1.909,1.5268,2.0,4,不的中,0,16.6,0.0,1000.0,0.0,-1000.0,366400.0,1500.0,0.0,-1500.0,443220.0
2025-08-10,10:30,202501010602,02,札幌,3歳未勝利,未勝利,1000,ダート,稍重,12,5,メイショウハボマイ,松本大輝,10.0,35.7,30.1,-15.69,-0.1706,0.02839,4.37,0.04424,0.02658,1.664,1.3315,3.0,1,的中,1,30.1,3010.0,1000.0,30100.0,29100.0,395500.0,500.0,15050.0,14550.0,443220.0
2025-08-10,11:00,202501010603,03,札幌,3歳未勝利,未勝利,2000,芝,良,16,8,ユナホークパワー,橋木太希,14.0,151.5,124.5,-17.82,-0.1963,0.00695,4.66,0.01595,0.00643,2.483,1.9864,1.0,4,不的中,0,124.5,0.0,1000.0,0.0,-1000.0,394500.0,400.0,0.0,-400.0,442820.0
2025-08-10,11:30,202501010604,04,札幌,3歳未勝利,未勝利,1700,ダート,稍重,14,8,ゴールドブリーダー,横山和生,7.0,35.1,25.6,-27.07,-0.3156,0.03436,5.13,0.0473,0.03125,1.514,1.211,1.0,8,不的中,0,25.6,0.0,1000.0,0.0,-1000.0,393500.0,400.0,0.0,-400.0,442420.0
2025-08-10,13:20,202501010607,07,札幌,3歳以上1勝クラス,1勝クラス,1200,芝,良,15,1,ホウオウドルーリー,古川吉洋,9.0,35.6,20.2,-43.26,-0.5667,0.05793,6.1,0.07219,0.0396,1.823,1.4583,1.0,15,不的中,0,20.2,0.0,1000.0,0.0,-1000.0,392500.0,1100.0,0.0,-1100.0,440920.0
2025-08-10,13:20,202501010607,07,札幌,3歳以上1勝クラス,1勝クラス,1200,芝,良,15,11,ドレミファニー,松岡正海,10.0,29.1,24.7,-15.12,-0.1639,0.03779,6.1,0.04885,0.03239,1.508,1.2067,2.0,9,不的中,0,24.7,0.0,1000.0,0.0,-1000.0,391500.0,400.0,0.0,-400.0,440920.0
2025-08-10,13:50,202501010608,08,札幌,3歳以上1勝クラス,1勝クラス,1700,ダート,稍重,9,5,メイショウマジック,古川吉洋,8.0,23.9,20.3,-15.06,-0.1633,0.04453,5.96,0.06214,0.03941,1.577,1.2615,1.0,4,不的中,0,20.3,0.0,1000.0,0.0,-1000.0,390500.0,600.0,0.0,-600.0,440320.0
2025-08-10,15:25,202501010611,11,札幌,UHB賞(OP),オープン,1200,芝,良,16,10,レッドヒルシューズ,藤岡佑介,11.0,36.4,30.4,-16.48,-0.1801,0.03042,10.21,0.04047,0.02632,1.538,1.2303,1.0,2,不的中,0,30.4,0.0,1000.0,0.0,-1000.0,389500.0,400.0,0.0,-400.0,439920.0
2025-08-10,15:35,202507030607,07,中京,第61回CBC賞(GIII),G3,1200,芝,良,18,2,テイエムリステット,川須栄彦,16.0,136.3,61.5,-54.88,-0.7958,0.02618,29.44,0.03391,0.01301,2.606,2.0852,1.0,14,不的中,0,61.5,0.0,1000.0,0.0,-1000.0,388500.0,800.0,0.0,-800.0,437220.0
2025-08-10,15:35,202507030607,07,中京,第61回CBC賞(GIII),G3,1200,芝,良,18,6,ワイドラトゥール,西塚洸二,8.0,27.6,18.0,-34.78,-0.4274,0.07246,29.44,0.08121,0.04444,1.827,1.4618,2.0,10,不的中,0,18.0,0.0,1000.0,0.0,-1000.0,387500.0,1200.0,0.0,-1200.0,437220.0
2025-08-10,15:35,202507030607,07,中京,第61回CBC賞(GIII),G3,1200,芝,良,18,1,バルサムノート,北村友一,11.0,40.1,25.7,-35.91,-0.4449,0.05142,29.44,0.05245,0.03113,1.685,1.3479,3.0,16,不的中,0,25.7,0.0,1000.0,0.0,-1000.0,386500.0,700.0,0.0,-700.0,437220.0
2025-08-10,15:45,202504020607,07,新潟,第17回レパードステークス(GIII),G3,1800,ダート,不良,15,7,チュウジョウ,丸山元気,14.0,132.0,71.4,-45.91,-0.6145,0.01689,32.21,0.02474,0.0112,2.208,1.7668,1.0,8,不的中,0,71.5,0.0,1000.0,0.0,-1000.0,385500.0,500.0,0.0,-500.0,435520.0
2025-08-10,15:45,202504020607,07,新潟,第17回レパードステークス(GIII),G3,1800,ダート,不良,15,5,シンビリーブ,菅原明良,8.0,44.0,27.7,-37.05,-0.4628,0.04065,32.21,0.05121,0.02888,1.773,1.4185,2.0,13,不的中,0,27.7,0.0,1000.0,0.0,-1000.0,384500.0,700.0,0.0,-700.0,435520.0
2025-08-10,15:45,202504020607,07,新潟,第17回レパードステークス(GIII),G3,1800,ダート,不良,15,11,ヒルノハンブルク,石橋脩,11.0,40.7,35.5,-12.78,-0.1367,0.02553,32.21,0.03899,0.02254,1.73,1.3843,3.0,3,不的中,0,35.5,0.0,1000.0,0.0,-1000.0,383500.0,500.0,0.0,-500.0,435520.0
2025-08-10,16:20,202504020608,08,新潟,驀進特別(2勝),2勝クラス,1000,芝,重,18,8,ホークレア,大野拓弥,12.0,103.6,78.1,-24.61,-0.2825,0.01147,10.83,0.01901,0.01024,1.855,1.4843,1.0,12,不的中,0,78.1,0.0,1000.0,0.0,-1000.0,382500.0,300.0,0.0,-300.0,435220.0
2025-08-10,16:45,202507030609,09,中京,3歳未勝利,未勝利,2000,芝,良,14,6,モルゲンゾンネ,国分優作,13.0,113.5,101.0,-11.01,-0.1167,0.00882,7.06,0.01635,0.00792,2.064,1.6516,1.0,9,不的中,0,101.0,0.0,1000.0,0.0,-1000.0,381500.0,300.0,0.0,-300.0,434920.0
2025-08-10,17:15,202507030610,10,中京,3歳以上1勝クラス,1勝クラス,1900,ダート,良,13,11,ピカレスクノベル,秋山稔樹,12.0,155.4,115.3,-25.8,-0.2985,0.00844,7.28,0.01574,0.00694,2.268,1.8146,1.0,13,不的中,0,115.3,0.0,1000.0,0.0,-1000.0,380500.0,400.0,0.0,-400.0,434520.0
2025-08-10,17:25,202504020610,10,新潟,3歳以上1勝クラス,1勝クラス,1800,ダート,不良,15,14,タリスマン,伊藤工真,15.0,136.1,113.0,-16.97,-0.186,0.00767,9.2,0.01574,0.00708,2.223,1.7784,1.0,5,不的中,0,113.0,0.0,1000.0,0.0,-1000.0,379500.0,400.0,0.0,-400.0,433220.0
2025-08-10,17:25,202504020610,10,新潟,3歳以上1勝クラス,1勝クラス,1800,ダート,不良,15,8,タイセイデクスター,谷原柚希,12.0,93.8,54.3,-42.11,-0.5466,0.01798,9.2,0.02625,0.01473,1.782,1.4256,2.0,12,不的中,0,54.3,0.0,1000.0,0.0,-1000.0,378500.0,400.0,0.0,-400.0,433220.0
2025-08-10,17:25,202504020610,10,新潟,3歳以上1勝クラス,1勝クラス,1800,ダート,不良,15,10,マウントバーノン,武藤雅,9.0,47.7,28.7,-39.83,-0.508,0.03367,9.2,0.04473,0.02787,1.605,1.2837,3.0,7,不的中,0,28.7,0.0,1000.0,0.0,-1000.0,377500.0,500.0,0.0,-500.0,433220.0
2025-08-10,17:45,202507030611,11,中京,3歳未勝利,未勝利,1600,芝,良,16,15,ミュトスオード,小沢大仁,7.0,39.3,28.7,-26.97,-0.3143,0.0351,7.42,0.04741,0.02787,1.701,1.3607,1.0,11,不的中,0,23.2,0.0,1000.0,0.0,-1000.0,376500.0,600.0,0.0,-600.0,432620.0
2025-08-10,17:55,202504020611,11,新潟,3歳以上1勝クラス,1勝クラス,2000,芝,重,14,6,ケイツールピア,遠藤汰月,11.0,95.6,55.7,-41.74,-0.5402,0.01868,6.55,0.02625,0.01436,1.828,1.4624,1.0,7,不的中,0,55.7,0.0,1000.0,0.0,-1000.0,375500.0,400.0,0.0,-400.0,432220.0
2025-08-10,18:25,202504020612,12,新潟,3歳以上1勝クラス,1勝クラス,1400,芝,重,18,10,ダノンゴーイチ,菊沢一樹,11.0,38.8,30.4,-21.65,-0.244,0.02979,12.08,0.0487,0.02632,1.851,1.4805,1.0,18,不的中,0,30.4,0.0,1000.0,0.0,-1000.0,374500.0,800.0,0.0,-800.0,430820.0
2025-08-10,18:25,202504020612,12,新潟,3歳以上1勝クラス,1勝クラス,1400,芝,重,18,8,デイジー,江田照男,14.0,41.6,34.8,-16.35,-0.1785,0.02522,12.08,0.04136,0.02299,1.799,1.4393,2.0,6,不的中,0,34.8,0.0,1000.0,0.0,-1000.0,373500.0,600.0,0.0,-600.0,430820.0
2025-08-16,09:35,202507030701,01,中京,2歳未勝利,未勝利,1200,ダート,良,9,8,サンブル,田山旺佑,8.0,114.6,93.6,-18.32,-0.2024,0.00974,3.59,0.01574,0.00855,1.841,1.473,1.0,3,不的中,0,95.3,0.0,1000.0,0.0,-1000.0,372500.0,300.0,0.0,-300.0,430520.0
2025-08-16,10:15,202504020702,02,新潟,3歳未勝利,未勝利,2400,芝,良,18,3,イルジーリオ,柴田大知,11.0,75.7,61.1,-19.29,-0.2143,0.01449,3.44,0.02659,0.01309,2.031,1.6246,1.0,15,不的中,0,58.1,0.0,1000.0,0.0,-1000.0,371500.0,500.0,0.0,-500.0,430020.0
2025-08-16,11:25,202501010704,04,札幌,3歳未勝利,未勝利,1500,芝,良,14,8,スタークルージング,舟山瑠泉,12.0,97.3,69.2,-28.88,-0.3408,0.01367,5.25,0.02659,0.01156,2.3,1.84,1.0,9,不的中,0,64.7,0.0,1000.0,0.0,-1000.0,370500.0,600.0,0.0,-600.0,429420.0
2025-08-16,11:40,202507030705,05,中京,3歳未勝利,未勝利,1400,ダート,良,16,9,ヤングソルジャー,角田大和,9.0,45.9,36.8,-19.83,-0.221,0.02686,5.42,0.04424,0.02174,2.035,1.6279,1.0,15,不的中,0,36.0,0.0,1000.0,0.0,-1000.0,369500.0,800.0,0.0,-800.0,428620.0
2025-08-16,12:15,202501010705,05,札幌,2歳新馬,新馬,1200,芝,良,11,8,グリーンスリーヴス,柴田裕一,7.0,52.7,33.6,-36.24,-0.4501,0.03425,5.37,0.04511,0.02381,1.895,1.5156,1.0,9,不的中,0,33.7,0.0,1000.0,0.0,-1000.0,368500.0,700.0,0.0,-700.0,427920.0
2025-08-16,12:45,202501010706,06,札幌,3歳未勝利,未勝利,1700,ダート,良,14,6,ピンクパラダイス,荻野琢真,8.0,58.9,40.3,-31.58,-0.3795,0.02773,5.79,0.03544,0.01985,1.785,1.4284,1.0,5,不的中,0,38.4,0.0,1000.0,0.0,-1000.0,367500.0,500.0,0.0,-500.0,427020.0
2025-08-16,12:45,202501010706,06,札幌,3歳未勝利,未勝利,1700,ダート,良,14,8,スマートテンペスト,鷲頭虎太,7.0,33.6,29.7,-11.61,-0.1234,0.03089,5.79,0.04047,0.02694,1.503,1.202,2.0,9,不的中,0,27.2,0.0,1000.0,0.0,-1000.0,366500.0,400.0,0.0,-400.0,427020.0
2025-08-16,13:45,202501010708,08,札幌,3歳以上1勝クラス,1勝クラス,1700,ダート,良,14,14,ファイヤーウィップ,松本大輝,12.0,126.6,81.2,-35.86,-0.4441,0.01397,6.04,0.0223,0.00985,2.263,1.8107,1.0,5,不的中,0,82.8,0.0,1000.0,0.0,-1000.0,365500.0,500.0,0.0,-500.0,425620.0
2025-08-16,13:45,202501010708,08,札幌,3歳以上1勝クラス,1勝クラス,1700,ダート,良,14,9,マタミカンサン,浜中俊,9.0,63.8,36.9,-42.16,-0.5475,0.03233,6.04,0.04598,0.02168,2.121,1.6968,2.0,2,不的中,0,34.0,0.0,1000.0,0.0,-1000.0,364500.0,900.0,0.0,-900.0,425620.0
2025-08-16,15:25,202501010711,11,札幌,報知杯大雪ハンデ(3勝),3勝クラス,1700,ダート,良,14,4,ハッスルダンク,斎藤新,12.0,101.7,42.3,-58.41,-0.8772,0.03303,9.42,0.04741,0.01891,2.507,2.0054,1.0,5,不的中,0,42.3,0.0,1000.0,0.0,-1000.0,363500.0,1100.0,0.0,-1100.0,424520.0
2025-08-16,15:35,202507030707,07,中京,高山ステークス(3勝),3勝クラス,2000,芝,良,9,2,ハギノアルデバラン,小沢大仁,6.0,21.2,14.4,-32.08,-0.3868,0.0659,8.7,0.08936,0.05556,1.609,1.2868,1.0,5,不的中,0,14.4,0.0,1000.0,0.0,-1000.0,362500.0,1000.0,0.0,-1000.0,423520.0
2025-08-16,16:45,202507030709,09,中京,3歳以上1勝クラス,1勝クラス,1200,ダート,良,16,2,フェニーチェドーロ,菱田裕二,9.0,68.8,44.5,-35.32,-0.4357,0.02727,7.84,0.04187,0.01798,2.329,1.8633,1.0,7,不的中,0,44.5,0.0,1000.0,0.0,-1000.0,361500.0,900.0,0.0,-900.0,422120.0
2025-08-16,16:45,202507030709,09,中京,3歳以上1勝クラス,1勝クラス,1200,ダート,良,16,16,レーンアジリティ,川須栄彦,10.0,81.6,72.0,-11.76,-0.1252,0.01303,7.84,0.02456,0.01111,2.21,1.7684,2.0,16,不的中,0,72.0,0.0,1000.0,0.0,-1000.0,360500.0,500.0,0.0,-500.0,422120.0
2025-08-16,17:30,202504020710,10,新潟,3歳未勝利,未勝利,1800,ダート,良,15,7,サカイシューター,木幡育也,14.0,195.7,149.2,-23.76,-0.2713,0.00696,5.72,0.0176,0.00536,3.282,2.6259,1.0,6,不的中,0,150.6,0.0,1000.0,0.0,-1000.0,359500.0,500.0,0.0,-500.0,421420.0
2025-08-16,17:30,202504020710,10,新潟,3歳未勝利,未勝利,1800,ダート,良,15,11,ベニハンマード,野中悠太,13.0,83.3,76.9,-7.68,-0.0799,0.0114,5.72,0.01574,0.0104,1.513,1.2102,2.0,15,不的中,0,77.7,0.0,1000.0,0.0,-1000.0,358500.0,200.0,0.0,-200.0,421420.0
2025-08-16,17:45,202507030711,11,中京,3歳未勝利,未勝利,1400,芝,良,17,13,プラウドメアリー,西塚洸二,15.0,102.3,79.1,-22.68,-0.2572,0.01169,7.88,0.02355,0.01011,2.328,1.8624,1.0,9,不的中,0,80.1,0.0,1000.0,0.0,-1000.0,357500.0,500.0,0.0,-500.0,420920.0
2025-08-16,18:15,202507030712,12,中京,3歳以上1勝クラス,1勝クラス,1600,芝,良,10,2,ランスオブプライム,田山旺佑,9.0,63.6,47.1,-25.94,-0.3003,0.02176,6.62,0.02803,0.01699,1.65,1.32,1.0,8,不的中,0,47.9,0.0,1000.0,0.0,-1000.0,356500.0,300.0,0.0,-300.0,420620.0
2025-08-17,10:10,202507030802,02,中京,2歳新馬,新馬,1400,ダート,良,16,7,ミヤラティーニ,秋山稔樹,9.0,63.1,49.8,-21.08,-0.2367,0.01976,3.78,0.02751,0.01606,1.713,1.3701,1.0,8,不的中,0,42.5,0.0,1000.0,0.0,-1000.0,355500.0,400.0,0.0,-400.0,420220.0
2025-08-17,10:30,202501010802,02,札幌,3歳未勝利,未勝利,2400,ダート,良,12,9,トモジャイブ,古川吉洋,7.0,59.8,52.0,-13.04,-0.1398,0.01623,3.83,0.02633,0.01538,1.711,1.369,1.0,4,不的中,0,46.2,0.0,1000.0,0.0,-1000.0,354500.0,400.0,0.0,-400.0,419820.0
2025-08-17,11:00,202501010803,03,札幌,3歳未勝利,未勝利,2000,芝,良,16,16,コスタヴェルデ,舟山瑠泉,10.0,66.4,56.1,-15.51,-0.1686,0.01528,4.59,0.02751,0.01426,1.929,1.5434,1.0,15,不的中,0,48.6,0.0,1000.0,0.0,-1000.0,353500.0,500.0,0.0,-500.0,419320.0
2025-08-17,11:40,202507030805,05,中京,3歳未勝利,未勝利,1800,ダート,良,16,6,アイブリンク,松若風馬,10.0,53.7,37.6,-29.98,-0.3564,0.02348,5.55,0.04187,0.02128,1.968,1.5744,1.0,1,的中,1,37.6,3760.0,1000.0,37600.0,36600.0,390100.0,700.0,26320.0,25620.0,444940.0
2025-08-17,12:50,202501010806,06,札幌,3歳以上1勝クラス,1勝クラス,1000,ダート,稍重,12,8,イノキ,木幡巧也,6.0,30.9,14.6,-52.75,-0.7497,0.08006,5.45,0.09198,0.05479,1.679,1.3429,1.0,5,不的中,0,14.6,0.0,1000.0,0.0,-1000.0,389100.0,1200.0,0.0,-1200.0,443740.0
2025-08-17,13:25,202501010807,07,札幌,3歳以上1勝クラス,1勝クラス,1500,芝,稍重,14,4,ルージュマローネ,横山和生,9.0,41.2,36.7,-10.92,-0.1157,0.02504,6.4,0.03774,0.0218,1.731,1.3851,1.0,9,不的中,0,36.7,0.0,1000.0,0.0,-1000.0,388100.0,500.0,0.0,-500.0,443240.0
2025-08-17,14:01,202501010808,08,札幌,3歳以上1勝クラス,1勝クラス,1700,ダート,稍重,13,8,ユウェンタース,斎藤新,9.0,63.3,48.2,-23.85,-0.2725,0.02104,6.43,0.03488,0.0166,2.101,1.6811,1.0,5,不的中,0,37.9,0.0,1000.0,0.0,-1000.0,387100.0,700.0,0.0,-700.0,442540.0
2025-08-17,14:50,202507030806,06,中京,大垣特別(2勝),2勝クラス,1400,ダート,良,16,16,ミッドナイトラスタ,田山旺佑,11.0,86.1,76.3,-11.38,-0.1208,0.01127,6.56,0.02351,0.01048,2.242,1.7938,1.0,15,不的中,0,76.3,0.0,1000.0,0.0,-1000.0,386100.0,500.0,0.0,-500.0,441440.0
2025-08-17,14:50,202507030806,06,中京,大垣特別(2勝),2勝クラス,1400,ダート,良,16,3,アイファーバトル,藤懸貴志,10.0,79.0,62.5,-20.89,-0.2343,0.01466,6.56,0.02751,0.0128,2.149,1.7195,2.0,5,不的中,0,62.5,0.0,1000.0,0.0,-1000.0,385100.0,600.0,0.0,-600.0,441440.0
2025-08-17,15:10,202501010810,10,札幌,大通公園特別(2勝),2勝クラス,1000,ダート,稍重,11,9,ヒロノゴウカイ,松岡正海,11.0,119.7,105.9,-11.53,-0.1225,0.00789,6.82,0.01427,0.00755,1.888,1.5108,1.0,9,不的中,0,105.9,0.0,1000.0,0.0,-1000.0,384100.0,300.0,0.0,-300.0,441140.0
2025-08-17,15:45,202501010811,11,札幌,第61回札幌記念(GII),G2,2000,芝,稍重,16,6,ケイアイセナ,吉田隼人,12.0,83.5,67.9,-18.68,-0.2068,0.0159,45.31,0.0199,0.01178,1.689,1.3511,1.0,4,不的中,0,61.6,0.0,1000.0,0.0,-1000.0,383100.0,300.0,0.0,-300.0,440840.0
2025-08-17,17:15,202507030810,10,中京,3歳以上1勝クラス,1勝クラス,1400,ダート,良,16,10,アイスリンディ,亀田温心,12.0,79.7,71.0,-10.92,-0.1156,0.01216,8.36,0.02426,0.01127,2.153,1.7222,1.0,11,不的中,0,70.2,0.0,1000.0,0.0,-1000.0,382100.0,500.0,0.0,-500.0,440340.0
2025-08-17,17:25,202504020810,10,新潟,3歳以上1勝クラス,1勝クラス,1800,ダート,良,10,10,コーリンカルベラ,吉田豊,6.0,61.0,30.6,-49.84,-0.6899,0.02911,6.77,0.0456,0.02614,1.744,1.3954,1.0,3,不的中,0,30.6,0.0,1000.0,0.0,-1000.0,381100.0,600.0,0.0,-600.0,439740.0
2025-08-17,18:15,202507030812,12,中京,3歳以上1勝クラス,1勝クラス,1200,芝,良,18,5,ハッピーサプライズ,中井裕二,14.0,157.8,136.2,-13.69,-0.1472,0.00679,10.08,0.01569,0.00587,2.672,2.1374,1.0,16,不的中,0,135.4,0.0,1000.0,0.0,-1000.0,380100.0,400.0,0.0,-400.0,438640.0
2025-08-17,18:15,202507030812,12,中京,3歳以上1勝クラス,1勝クラス,1200,芝,良,18,6,ビーアイフォルテ,国分恭介,9.0,47.0,27.8,-40.85,-0.5251,0.04215,10.08,0.05014,0.02878,1.742,1.394,2.0,17,不的中,0,27.8,0.0,1000.0,0.0,-1000.0,379100.0,700.0,0.0,-700.0,438640.0
2025-08-23,10:25,202507040102,02,中京,3歳未勝利,未勝利,1800,ダート,良,16,2,タガノアニマシオン,松山弘平,7.0,33.6,27.2,-19.05,-0.2113,0.03421,3.85,0.04424,0.02941,1.504,1.2032,1.0,1,的中,1,27.2,2720.0,1000.0,27200.0,26200.0,405300.0,400.0,10880.0,10480.0,449120.0
2025-08-23,10:35,202501020102,02,札幌,3歳未勝利,未勝利,1000,ダート,重,12,10,ブギウギウギ,横山和生,7.0,33.7,15.6,-53.71,-0.7702,0.07806,3.23,0.09198,0.05128,1.794,1.4349,1.0,12,不的中,0,15.6,0.0,1000.0,0.0,-1000.0,404300.0,1400.0,0.0,-1400.0,447720.0
2025-08-23,10:45,202504030102,02,新潟,3歳未勝利,未勝利,1800,ダート,良,14,12,セラドピラール,丸山元気,8.0,26.2,17.1,-34.73,-0.4267,0.05465,4.81,0.0785,0.04678,1.678,1.3423,1.0,2,不的中,0,17.1,0.0,1000.0,0.0,-1000.0,403300.0,1000.0,0.0,-1000.0,446720.0
2025-08-23,11:05,202501020103,03,札幌,3歳未勝利,未勝利,2000,芝,稍重,16,9,ガジュノリホワイト,小林美駒,8.0,23.0,20.3,-11.74,-0.1249,0.04149,3.92,0.08475,0.03941,2.151,1.7204,1.0,13,不的中,0,20.6,0.0,1000.0,0.0,-1000.0,402300.0,1700.0,0.0,-1700.0,444620.0
2025-08-23,11:05,202501020103,03,札幌,3歳未勝利,未勝利,2000,芝,稍重,16,15,ココモナカ,本田正重,12.0,80.2,72.5,-9.6,-0.1009,0.0115,3.92,0.02222,0.01103,2.013,1.6108,2.0,9,不的中,0,51.7,0.0,1000.0,0.0,-1000.0,401300.0,400.0,0.0,-400.0,444620.0
2025-08-23,13:05,202504030106,06,新潟,3歳未勝利,未勝利,1200,ダート,良,15,1,サンマルレーヴ,岩部純二,11.0,78.9,53.3,-32.45,-0.3922,0.01831,3.27,0.03363,0.01501,2.24,1.7922,1.0,9,不的中,0,53.3,0.0,1000.0,0.0,-1000.0,400300.0,700.0,0.0,-700.0,443920.0
2025-08-23,15:25,202507040111,11,中京,伊賀ステークス(3勝),3勝クラス,1400,ダート,良,16,1,アロットドリーム,太宰啓介,12.0,68.3,54.9,-19.62,-0.2184,0.0187,10.13,0.02426,0.01457,1.665,1.3317,1.0,15,不的中,0,52.5,0.0,1000.0,0.0,-1000.0,399300.0,300.0,0.0,-300.0,443620.0
2025-08-24,10:25,202507040202,02,中京,3歳未勝利,未勝利,1900,ダート,良,16,10,ダンスデュヴァン,田山旺佑,12.0,121.6,87.9,-27.71,-0.3245,0.01148,4.46,0.02045,0.0091,2.247,1.7977,1.0,13,不的中,0,87.2,0.0,1000.0,0.0,-1000.0,398300.0,500.0,0.0,-500.0,443120.0
2025-08-24,11:15,202504030203,03,新潟,3歳未勝利,未勝利,2000,芝,良,17,13,ヴェネチアンレース,武藤雅,8.0,32.9,27.5,-16.41,-0.1793,0.03101,4.29,0.04514,0.02909,1.552,1.2413,1.0,12,不的中,0,28.1,0.0,1000.0,0.0,-1000.0,397300.0,500.0,0.0,-500.0,442620.0
2025-08-24,11:35,202501020204,04,札幌,3歳未勝利,未勝利,2600,芝,良,14,1,スペースリーガ,黛弘人,11.0,96.5,77.9,-19.27,-0.2141,0.01112,4.97,0.02351,0.01027,2.289,1.8312,1.0,6,不的中,0,70.5,0.0,1000.0,0.0,-1000.0,396300.0,500.0,0.0,-500.0,442120.0
2025-08-24,12:45,202507040206,06,中京,3歳未勝利,未勝利,1400,芝,良,17,13,エイシンマイア,富田暁,10.0,53.3,32.0,-39.96,-0.5102,0.02902,4.41,0.04557,0.025,1.823,1.4582,1.0,9,不的中,0,32.1,0.0,1000.0,0.0,-1000.0,395300.0,700.0,0.0,-700.0,441420.0
2025-08-24,12:55,202501020206,06,札幌,3歳未勝利,未勝利,1200,芝,良,16,6,フィヤール,舟山瑠泉,11.0,52.4,35.0,-33.21,-0.4036,0.02645,4.99,0.04511,0.02286,1.973,1.5788,1.0,6,不的中,0,34.9,0.0,1000.0,0.0,-1000.0,394300.0,800.0,0.0,-800.0,440120.0
2025-08-24,12:55,202501020206,06,札幌,3歳未勝利,未勝利,1200,芝,良,16,10,テーオーシュターデ,橋木太希,10.0,37.7,32.0,-15.12,-0.1639,0.02659,4.99,0.04172,0.025,1.669,1.3352,2.0,10,不的中,0,32.0,0.0,1000.0,0.0,-1000.0,393300.0,500.0,0.0,-500.0,440120.0
2025-08-24,13:15,202507040207,07,中京,3歳以上1勝クラス,1勝クラス,1800,ダート,良,7,3,パワーアイガー,河原田菜,7.0,63.2,49.3,-21.99,-0.2484,0.01832,3.75,0.02905,0.01623,1.79,1.4319,1.0,7,不的中,0,49.2,0.0,1000.0,0.0,-1000.0,392300.0,400.0,0.0,-400.0,439720.0
2025-08-24,14:35,202504030209,09,新潟,長岡ステークス(3勝),3勝クラス,1600,芝,良,18,1,ショーマンフリート,嶋田純次,15.0,82.8,54.7,-33.94,-0.4146,0.01775,8.41,0.02751,0.01463,1.881,1.5049,1.0,13,不的中,0,54.7,0.0,1000.0,0.0,-1000.0,391300.0,500.0,0.0,-500.0,439220.0
2025-08-24,16:15,202501020212,12,札幌,オールスターJ第4戦(2勝),2勝クラス,1800,芝,良,14,6,ミヤビブレイブ,戸崎圭太,10.0,31.9,28.6,-10.34,-0.1092,0.03006,10.89,0.04424,0.02797,1.581,1.2652,1.0,14,不的中,0,28.6,0.0,1000.0,0.0,-1000.0,390300.0,500.0,0.0,-500.0,438720.0
2025-08-24,16:30,202504030212,12,新潟,3歳以上1勝クラス,1勝クラス,1200,ダート,良,15,14,ノーブルミステリー,上里直汰,11.0,56.2,44.8,-20.28,-0.2267,0.02012,13.96,0.04062,0.01786,2.275,1.8197,1.0,11,不的中,0,44.0,0.0,1000.0,0.0,-1000.0,389300.0,900.0,0.0,-900.0,437820.0
2025-08-30,09:50,202501020301,01,札幌,2歳未勝利,未勝利,1500,芝,稍重,8,4,コマチチャン,斎藤新,5.0,13.3,10.3,-22.56,-0.2556,0.09166,3.59,0.11908,0.07767,1.533,1.2265,1.0,4,不的中,0,10.3,0.0,1000.0,0.0,-1000.0,388300.0,1100.0,0.0,-1100.0,436720.0
2025-08-30,10:35,202507040302,02,中京,2歳未勝利,未勝利,1800,ダート,良,14,13,マルーンドライブ,田口貫太,12.0,91.5,71.4,-21.97,-0.248,0.01232,4.71,0.0199,0.0112,1.776,1.4207,1.0,6,不的中,0,71.5,0.0,1000.0,0.0,-1000.0,387300.0,300.0,0.0,-300.0,436120.0
2025-08-30,10:35,202507040302,02,中京,2歳未勝利,未勝利,1800,ダート,良,14,6,シャローファースト,岩田康誠,11.0,87.2,65.2,-25.23,-0.2907,0.01371,4.71,0.0199,0.01227,1.622,1.2977,2.0,7,不的中,0,65.2,0.0,1000.0,0.0,-1000.0,386300.0,300.0,0.0,-300.0,436120.0
2025-08-30,10:45,202504030302,02,新潟,2歳未勝利,未勝利,1800,ダート,良,15,15,コウソクルリアン,武藤雅,9.0,71.3,57.3,-19.64,-0.2186,0.01476,4.99,0.02546,0.01396,1.823,1.4586,1.0,3,不的中,0,57.3,0.0,1000.0,0.0,-1000.0,385300.0,400.0,0.0,-400.0,435720.0
2025-08-30,11:05,202507040303,03,中京,3歳未勝利,未勝利,2200,芝,良,15,4,タイキフィアリーベ,西塚洸二,9.0,52.5,34.5,-34.29,-0.4199,0.02636,4.28,0.04468,0.02319,1.927,1.5414,1.0,7,不的中,0,34.5,0.0,1000.0,0.0,-1000.0,384300.0,800.0,0.0,-800.0,434920.0
2025-08-30,12:35,202504030305,05,新潟,2歳新馬,新馬,1400,芝,良,18,17,サラサチャチャチャ,柴田大知,10.0,85.5,80.6,-5.73,-0.059,0.01059,6.46,0.01574,0.00993,1.586,1.2685,1.0,15,不的中,0,80.7,0.0,1000.0,0.0,-1000.0,383300.0,200.0,0.0,-200.0,434720.0
2025-08-30,12:45,202501020306,06,札幌,3歳未勝利,未勝利,2000,芝,稍重,16,13,シカレ,鷲頭虎太,8.0,38.1,26.8,-29.66,-0.3518,0.03347,3.66,0.04514,0.02985,1.512,1.2098,1.0,14,不的中,0,26.8,0.0,1000.0,0.0,-1000.0,382300.0,400.0,0.0,-400.0,434320.0
2025-08-30,13:15,202501020307,07,札幌,3歳以上1勝クラス,1勝クラス,1000,ダート,重,12,10,ペレグリン,浜中俊,6.0,22.0,13.1,-40.45,-0.5184,0.06876,5.39,0.09198,0.06107,1.506,1.2049,1.0,3,不的中,0,13.1,0.0,1000.0,0.0,-1000.0,381300.0,800.0,0.0,-800.0,433520.0
2025-08-30,13:35,202504030307,07,新潟,3歳未勝利,未勝利,1400,芝,良,18,12,レイククイ,木幡巧也,11.0,103.8,95.2,-8.29,-0.0865,0.00856,6.25,0.01496,0.0084,1.781,1.4245,1.0,10,不的中,0,95.2,0.0,1000.0,0.0,-1000.0,380300.0,200.0,0.0,-200.0,433320.0
2025-08-30,14:50,202501020310,10,札幌,千歳特別(2勝),2勝クラス,1700,ダート,重,14,8,サンドブラスト,丹内祐次,7.0,24.8,16.3,-34.27,-0.4197,0.06405,6.95,0.08972,0.04908,1.828,1.4624,1.0,9,不的中,0,16.3,0.0,1000.0,0.0,-1000.0,379300.0,1400.0,0.0,-1400.0,431920.0
2025-08-30,15:10,202504030310,10,新潟,赤倉特別(2勝),2勝クラス,1800,芝,良,13,1,グレイトクラウン,木幡巧也,10.0,69.2,57.7,-16.62,-0.1817,0.01509,7.83,0.02546,0.01386,1.836,1.4688,1.0,7,不的中,0,57.8,0.0,1000.0,0.0,-1000.0,378300.0,400.0,0.0,-400.0,431520.0
2025-08-30,16:05,202501020312,12,札幌,3歳以上1勝クラス,1勝クラス,1200,芝,稍重,16,16,ムチャスグラシアス,佐々木大,8.0,29.4,18.0,-38.78,-0.4906,0.06096,7.75,0.08365,0.04444,1.882,1.5056,1.0,1,的中,1,18.0,1800.0,1000.0,18000.0,17000.0,395300.0,1300.0,23400.0,22100.0,453020.0
2025-08-30,16:05,202501020312,12,札幌,3歳以上1勝クラス,1勝クラス,1200,芝,稍重,16,8,クイーンズデイ,池添謙一,9.0,53.0,27.0,-49.06,-0.6745,0.04387,7.75,0.05014,0.02963,1.692,1.3539,2.0,8,不的中,0,27.0,0.0,1000.0,0.0,-1000.0,394300.0,600.0,0.0,-600.0,453020.0
2025-08-30,16:15,202507040312,12,中京,3歳以上1勝クラス,1勝クラス,1400,ダート,良,12,8,サマーナイト,小沢大仁,10.0,70.0,66.3,-5.29,-0.0543,0.01229,8.7,0.02426,0.01207,2.01,1.6082,1.0,7,不的中,0,66.3,0.0,1000.0,0.0,-1000.0,393300.0,500.0,0.0,-500.0,452520.0
2025-08-31,10:01,202507040401,01,中京,2歳未勝利,未勝利,1400,芝,良,13,3,クリノアトレ,富田暁,11.0,106.9,88.6,-17.12,-0.1878,0.0102,4.16,0.0171,0.00903,1.894,1.5149,1.0,13,不的中,0,88.6,0.0,1000.0,0.0,-1000.0,392300.0,300.0,0.0,-300.0,452220.0
2025-08-31,10:45,202504030402,02,新潟,3歳未勝利,未勝利,1800,ダート,良,15,15,サカイシューター,木幡育也,9.0,59.4,31.8,-46.46,-0.6248,0.03016,4.24,0.04424,0.02516,1.758,1.4067,1.0,13,不的中,0,31.8,0.0,1000.0,0.0,-1000.0,391300.0,600.0,0.0,-600.0,451420.0
2025-08-31,10:45,202504030402,02,新潟,3歳未勝利,未勝利,1800,ダート,良,15,4,インティパイロ,吉田豊,13.0,83.1,76.4,-8.06,-0.0841,0.01071,4.24,0.01574,0.01047,1.503,1.2024,2.0,10,不的中,0,76.4,0.0,1000.0,0.0,-1000.0,390300.0,200.0,0.0,-200.0,451420.0
2025-08-31,11:45,202504030404,04,新潟,3歳未勝利,未勝利,2200,芝,良,18,5,ラッキーロジータ,横山琉人,11.0,70.0,42.7,-39.0,-0.4943,0.02247,5.74,0.03253,0.01874,1.737,1.3892,1.0,14,不的中,0,42.7,0.0,1000.0,0.0,-1000.0,389300.0,500.0,0.0,-500.0,450920.0
2025-08-31,14:50,202501020410,10,札幌,HBC賞(2勝),2勝クラス,1200,芝,稍重,16,9,シャイニースイフト,黛弘人,15.0,137.1,114.7,-16.34,-0.1784,0.00803,7.23,0.01574,0.00697,2.256,1.8051,1.0,11,不的中,0,114.6,0.0,1000.0,0.0,-1000.0,388300.0,400.0,0.0,-400.0,450520.0
2025-09-06,09:50,202501020501,01,札幌,2歳未勝利,未勝利,1700,ダート,良,10,8,テンバコウクウ,松岡正海,8.0,66.3,45.4,-31.52,-0.3787,0.02109,3.09,0.03065,0.01762,1.739,1.3913,1.0,8,不的中,0,45.4,0.0,1000.0,0.0,-1000.0,387300.0,400.0,0.0,-400.0,449720.0
2025-09-06,09:50,202501020501,01,札幌,2歳未勝利,未勝利,1700,ダート,良,10,10,タイガーゲイト,松本大輝,7.0,57.2,40.5,-29.2,-0.3453,0.02334,3.09,0.03295,0.01975,1.668,1.3343,2.0,4,不的中,0,40.5,0.0,1000.0,0.0,-1000.0,386300.0,400.0,0.0,-400.0,449720.0
2025-09-06,10:01,202509040101,01,阪神,2歳未勝利,未勝利,1400,ダート,重,9,9,ジャストアダッシュ,西塚洸二,6.0,44.9,25.5,-43.21,-0.5658,0.0418,4.25,0.04741,0.03137,1.511,1.209,1.0,7,不的中,0,25.5,0.0,1000.0,0.0,-1000.0,385300.0,400.0,0.0,-400.0,449320.0
2025-09-06,11:35,202509040104,04,阪神,3歳未勝利,未勝利,1600,芝,良,18,5,ダークホース,高倉稜,13.0,64.3,52.7,-18.04,-0.1989,0.01651,4.49,0.02625,0.01518,1.73,1.3836,1.0,7,不的中,0,52.7,0.0,1000.0,0.0,-1000.0,384300.0,400.0,0.0,-400.0,448920.0
2025-09-06,12:35,202506040105,05,中山,2歳新馬,新馬,1200,芝,良,16,12,イーリスアスター,木幡巧也,10.0,51.2,42.7,-16.6,-0.1815,0.02038,4.66,0.02882,0.01874,1.538,1.2305,1.0,6,不的中,0,43.3,0.0,1000.0,0.0,-1000.0,383300.0,300.0,0.0,-300.0,448620.0
2025-09-06,12:45,202501020506,06,札幌,3歳未勝利,未勝利,1700,ダート,良,14,3,グランシャット,舟山瑠泉,10.0,62.8,58.4,-7.01,-0.0726,0.01417,3.96,0.02474,0.0137,1.806,1.4451,1.0,7,不的中,0,58.7,0.0,1000.0,0.0,-1000.0,382300.0,400.0,0.0,-400.0,447920.0
2025-09-06,12:45,202501020506,06,札幌,3歳未勝利,未勝利,1700,ダート,良,14,4,トモジャイブ,古川吉洋,9.0,61.7,46.2,-25.12,-0.2893,0.0195,3.96,0.02625,0.01732,1.516,1.213,2.0,11,不的中,0,35.4,0.0,1000.0,0.0,-1000.0,381300.0,300.0,0.0,-300.0,447920.0
2025-09-06,12:55,202509040106,06,阪神,2歳新馬,新馬,1400,ダート,稍重,13,5,トーアウィリアム,酒井学,10.0,88.2,82.4,-6.58,-0.068,0.0096,6.09,0.01574,0.00971,1.621,1.2968,1.0,6,不的中,0,82.4,0.0,1000.0,0.0,-1000.0,380300.0,200.0,0.0,-200.0,447720.0
2025-09-06,13:15,202501020507,07,札幌,3歳以上1勝クラス,1勝クラス,1500,芝,良,14,9,バレル,鷲頭虎太,13.0,80.2,68.7,-14.34,-0.1548,0.0128,4.41,0.022,0.01164,1.889,1.5114,1.0,13,不的中,0,68.7,0.0,1000.0,0.0,-1000.0,379300.0,400.0,0.0,-400.0,447320.0
2025-09-06,14:35,202506040109,09,中山,古作特別(1勝),1勝クラス,1800,芝,良,11,7,トレベルオール,大野拓弥,8.0,45.2,30.5,-32.52,-0.3934,0.03014,5.16,0.04468,0.02623,1.703,1.3627,1.0,5,不的中,0,24.4,0.0,1000.0,0.0,-1000.0,378300.0,600.0,0.0,-600.0,446720.0
2025-09-06,15:45,202506040111,11,中山,第70回京成杯オータムハンデ(GIII),G3,1600,芝,良,16,2,アスコルティアーモ,津村明秀,10.0,31.0,18.2,-41.29,-0.5326,0.07026,23.84,0.07917,0.04396,1.801,1.4409,1.0,8,不的中,0,18.2,0.0,1000.0,0.0,-1000.0,377300.0,1200.0,0.0,-1200.0,472070.0
2025-09-06,15:45,202506040111,11,中山,第70回京成杯オータムハンデ(GIII),G3,1600,芝,良,16,1,ホウオウラスカーズ,木幡巧也,13.0,107.3,89.5,-16.59,-0.1814,0.011,23.84,0.01574,0.00894,1.761,1.4085,2.0,1,的中,1,89.5,8950.0,1000.0,89500.0,88500.0,465800.0,300.0,26850.0,26550.0,472070.0
2025-09-06,16:15,202509040112,12,阪神,3歳以上1勝クラス,1勝クラス,1400,ダート,稍重,13,8,アスタールテニウム,田山旺佑,8.0,62.4,58.1,-6.89,-0.0714,0.01421,7.16,0.02075,0.01377,1.507,1.2058,1.0,3,不的中,0,55.0,0.0,1000.0,0.0,-1000.0,464800.0,200.0,0.0,-200.0,471870.0
2025-09-07,10:01,202509040201,01,阪神,2歳未勝利,未勝利,1800,ダート,良,7,7,ハイラブレジェンド,城戸義政,7.0,63.6,49.3,-22.48,-0.2547,0.01868,3.42,0.02625,0.01623,1.618,1.2944,1.0,6,不的中,0,49.3,0.0,1000.0,0.0,-1000.0,463800.0,300.0,0.0,-300.0,471570.0
2025-09-07,12:15,202501020605,05,札幌,3歳未勝利,未勝利,1700,ダート,稍重,14,14,ボールドハーテッド,和田陽希,8.0,43.9,32.4,-26.2,-0.3038,0.0311,3.98,0.04424,0.02469,1.792,1.4333,1.0,10,不的中,0,32.8,0.0,1000.0,0.0,-1000.0,462800.0,700.0,0.0,-700.0,470670.0
2025-09-07,12:15,202501020605,05,札幌,3歳未勝利,未勝利,1700,ダート,稍重,14,7,エンドレスバンカー,松本大輝,10.0,97.7,84.6,-13.41,-0.144,0.01065,3.98,0.01569,0.00946,1.66,1.3277,2.0,12,不的中,0,85.2,0.0,1000.0,0.0,-1000.0,461800.0,200.0,0.0,-200.0,470670.0
2025-09-07,13:05,202506040206,06,中山,2歳新馬,新馬,1800,ダート,良,16,3,カーボフリオ,木幡巧也,9.0,29.1,27.0,-7.22,-0.0749,0.03064,4.54,0.04511,0.02963,1.522,1.2179,1.0,4,不的中,0,25.6,0.0,1000.0,0.0,-1000.0,460800.0,400.0,0.0,-400.0,470270.0
2025-09-07,13:45,202501020608,08,札幌,3歳以上1勝クラス,1勝クラス,1200,芝,稍重,16,16,ジャグアール,原田和真,11.0,64.9,59.4,-8.47,-0.0886,0.01379,4.79,0.02885,0.01347,2.142,1.7137,1.0,12,不的中,0,61.5,0.0,1000.0,0.0,-1000.0,459800.0,600.0,0.0,-600.0,469670.0
2025-09-07,16:15,202509040212,12,阪神,3歳以上2勝クラス,2勝クラス,1400,ダート,良,12,9,ダイシンリンク,中井裕二,6.0,31.1,16.3,-47.59,-0.646,0.06252,11.13,0.08963,0.04908,1.826,1.4609,1.0,4,不的中,0,14.8,0.0,1000.0,0.0,-1000.0,458800.0,1500.0,0.0,-1500.0,467870.0
2025-09-07,16:15,202509040212,12,阪神,3歳以上2勝クラス,2勝クラス,1400,ダート,良,12,7,アイファーバトル,藤懸貴志,11.0,52.8,46.6,-11.74,-0.1249,0.0181,11.13,0.02625,0.01717,1.529,1.2235,2.0,8,不的中,0,44.8,0.0,1000.0,0.0,-1000.0,457800.0,300.0,0.0,-300.0,467870.0
2025-09-13,09:45,202506040301,01,中山,2歳未勝利,未勝利,1800,ダート,不良,11,7,ドナソール,木幡巧也,10.0,65.0,59.2,-8.92,-0.0935,0.01447,3.34,0.03014,0.01351,2.23,1.7843,1.0,4,不的中,0,59.2,0.0,1000.0,0.0,-1000.0,456800.0,700.0,0.0,-700.0,466570.0
2025-09-13,09:45,202506040301,01,中山,2歳未勝利,未勝利,1800,ダート,不良,11,5,リワードシュテルン,舟山瑠泉,6.0,61.2,25.1,-58.99,-0.8913,0.04725,3.34,0.05184,0.03187,1.626,1.3012,2.0,6,不的中,0,25.1,0.0,1000.0,0.0,-1000.0,455800.0,600.0,0.0,-600.0,466570.0
2025-09-13,10:15,202506040302,02,中山,2歳未勝利,未勝利,1600,芝,稍重,11,1,マーゴットブロー,荻野極,7.0,35.0,14.1,-59.71,-0.9092,0.08187,3.88,0.09198,0.05674,1.621,1.2969,1.0,1,的中,1,14.1,1410.0,1000.0,14100.0,13100.0,468900.0,1100.0,15510.0,14410.0,480980.0
2025-09-13,11:35,202509040304,04,阪神,3歳未勝利,未勝利,1800,ダート,良,16,12,エールラヴィクトワ,中井裕二,10.0,54.8,37.4,-31.75,-0.382,0.02691,4.99,0.04511,0.02139,2.109,1.6871,1.0,4,不的中,0,37.4,0.0,1000.0,0.0,-1000.0,467900.0,1000.0,0.0,-1000.0,479980.0
2025-09-13,12:55,202509040306,06,阪神,2歳新馬,新馬,1400,ダート,良,13,9,ガーリッシュ,和田竜二,9.0,37.5,32.9,-12.27,-0.1309,0.02712,5.71,0.04284,0.02432,1.762,1.4093,1.0,4,不的中,0,32.9,0.0,1000.0,0.0,-1000.0,466900.0,700.0,0.0,-700.0,479280.0
2025-09-13,13:45,202506040308,08,中山,3歳以上1勝クラス,1勝クラス,1200,ダート,不良,16,12,タッカー,丹内祐次,11.0,88.5,78.9,-10.85,-0.1148,0.01154,5.91,0.01737,0.01014,1.713,1.3702,1.0,15,不的中,0,79.3,0.0,1000.0,0.0,-1000.0,465900.0,300.0,0.0,-300.0,478980.0
2025-09-13,15:05,202509040310,10,阪神,鳥取特別(2勝),2勝クラス,1800,ダート,良,9,2,ラヴオントップ,亀田温心,8.0,29.7,27.7,-6.73,-0.0697,0.03147,7.23,0.04468,0.02888,1.547,1.2376,1.0,8,不的中,0,27.7,0.0,1000.0,0.0,-1000.0,464900.0,500.0,0.0,-500.0,478480.0
2025-09-13,15:30,202506040311,11,中山,初風ステークス(3勝),3勝クラス,1200,ダート,重,10,10,グランフォーブル,菊沢一樹,8.0,27.7,16.2,-41.52,-0.5364,0.07387,10.62,0.09198,0.04938,1.863,1.49,1.0,8,不的中,0,16.2,0.0,1000.0,0.0,-1000.0,463900.0,1600.0,0.0,-1600.0,476880.0
2025-09-13,15:45,202509040311,11,阪神,第76回チャレンジカップ(GIII),G3,2000,芝,良,15,8,ドクタードリトル,松山弘平,11.0,36.8,32.1,-12.77,-0.1366,0.03234,26.27,0.04424,0.02492,1.775,1.42,1.0,13,不的中,0,32.1,0.0,1000.0,0.0,-1000.0,462900.0,700.0,0.0,-700.0,476180.0
2025-09-13,16:30,202509040312,12,阪神,3歳以上1勝クラス,1勝クラス,1800,ダート,良,14,12,イエローブリック,吉村誠之,10.0,108.5,66.7,-38.53,-0.4865,0.01716,11.25,0.0199,0.01199,1.659,1.3272,1.0,12,不的中,0,66.7,0.0,1000.0,0.0,-1000.0,461900.0,300.0,0.0,-300.0,474980.0
2025-09-13,16:30,202509040312,12,阪神,3歳以上1勝クラス,1勝クラス,1800,ダート,良,14,2,ヴェーヌドール,田口貫太,5.0,20.2,13.3,-34.16,-0.4179,0.08292,11.25,0.09198,0.06015,1.529,1.2233,2.0,4,不的中,0,13.3,0.0,1000.0,0.0,-1000.0,460900.0,900.0,0.0,-900.0,474980.0
2025-09-14,10:01,202509040401,01,阪神,2歳未勝利,未勝利,1400,ダート,良,13,2,レザーアンドレース,吉村誠之,9.0,81.6,64.9,-20.47,-0.229,0.01528,4.28,0.02267,0.01233,1.839,1.471,1.0,11,不的中,0,50.6,0.0,1000.0,0.0,-1000.0,459900.0,400.0,0.0,-400.0,474580.0
2025-09-14,10:50,202506040403,03,中山,2歳未勝利,未勝利,1200,ダート,稍重,15,7,サトミノアカリ,小林美駒,8.0,18.5,14.8,-20.0,-0.2231,0.06181,5.54,0.08477,0.05405,1.568,1.2546,1.0,3,不的中,0,15.0,0.0,1000.0,0.0,-1000.0,458900.0,900.0,0.0,-900.0,473680.0
2025-09-14,11:05,202509040403,03,阪神,3歳未勝利,未勝利,1800,ダート,良,16,13,モズシューター,和田竜二,11.0,113.2,84.5,-25.35,-0.2924,0.01144,5.15,0.02505,0.00947,2.646,2.1171,1.0,12,不的中,0,76.2,0.0,1000.0,0.0,-1000.0,457900.0,700.0,0.0,-700.0,497760.0
2025-09-14,11:05,202509040403,03,阪神,3歳未勝利,未勝利,1800,ダート,良,16,3,ミライエイゴウ,田山旺佑,8.0,69.8,36.4,-47.85,-0.6511,0.03206,5.15,0.04047,0.02198,1.841,1.4732,2.0,1,的中,1,36.4,3640.0,1000.0,36400.0,35400.0,493300.0,700.0,25480.0,24780.0,497760.0
2025-09-14,11:35,202509040404,04,阪神,3歳未勝利,未勝利,1200,ダート,良,16,11,テイエムタワードン,川須栄彦,9.0,35.6,27.1,-23.88,-0.2728,0.03494,6.89,0.04601,0.02952,1.559,1.247,1.0,4,不的中,0,25.1,0.0,1000.0,0.0,-1000.0,492300.0,500.0,0.0,-500.0,497260.0
2025-09-14,12:10,202506040405,05,中山,2歳新馬,新馬,1800,芝,良,10,5,センジュキヨマル,丸田恭介,8.0,69.0,64.3,-6.81,-0.0705,0.01319,4.56,0.02505,0.01244,2.014,1.611,1.0,9,不的中,0,64.3,0.0,1000.0,0.0,-1000.0,491300.0,500.0,0.0,-500.0,496760.0
2025-09-14,12:40,202506040406,06,中山,3歳未勝利,未勝利,1800,ダート,稍重,16,7,ドラゴンバスター,杉原誠人,8.0,42.5,30.8,-27.53,-0.322,0.03033,5.17,0.04424,0.02597,1.703,1.3625,1.0,4,不的中,0,30.8,0.0,1000.0,0.0,-1000.0,490300.0,700.0,0.0,-700.0,496060.0
2025-09-14,13:10,202506040407,07,中山,3歳未勝利,未勝利,2000,芝,良,18,8,レガーロカリーノ,舟山瑠泉,15.0,99.7,84.3,-15.45,-0.1678,0.01071,5.4,0.01856,0.00949,1.956,1.5649,1.0,15,不的中,0,81.4,0.0,1000.0,0.0,-1000.0,489300.0,400.0,0.0,-400.0,495660.0
2025-09-14,13:55,202509040408,08,阪神,3歳以上1勝クラス,1勝クラス,2000,ダート,良,13,5,ヤングアメリカンズ,渡辺竜也,9.0,126.6,93.8,-25.91,-0.2999,0.01096,6.52,0.01574,0.00853,1.845,1.4762,1.0,8,不的中,0,76.6,0.0,1000.0,0.0,-1000.0,488300.0,300.0,0.0,-300.0,495360.0
2025-09-14,14:50,202506040410,10,中山,レインボーステークス(3勝),3勝クラス,2000,芝,良,14,11,フェミナフォルテ,横山琉人,12.0,57.8,37.9,-34.43,-0.422,0.02994,7.64,0.04511,0.02111,2.137,1.7096,1.0,5,不的中,0,37.2,0.0,1000.0,0.0,-1000.0,487300.0,1000.0,0.0,-1000.0,492660.0
2025-09-14,14:50,202506040410,10,中山,レインボーステークス(3勝),3勝クラス,2000,芝,良,14,2,ミカッテヨンデイイ,小林脩斗,9.0,47.6,33.8,-28.99,-0.3424,0.03196,7.64,0.04708,0.02367,1.989,1.5913,2.0,3,不的中,0,28.3,0.0,1000.0,0.0,-1000.0,486300.0,900.0,0.0,-900.0,492660.0
2025-09-14,14:50,202506040410,10,中山,レインボーステークス(3勝),3勝クラス,2000,芝,良,14,3,ホークフィールド,石川裕紀,11.0,48.9,34.0,-30.47,-0.3634,0.03221,7.64,0.0447,0.02353,1.9,1.5198,3.0,14,不的中,0,34.1,0.0,1000.0,0.0,-1000.0,485300.0,800.0,0.0,-800.0,492660.0
2025-09-14,15:05,202509040410,10,阪神,仲秋ステークス(3勝),3勝クラス,1600,芝,良,11,6,サクセスアイ,松若風馬,7.0,56.1,28.6,-49.02,-0.6737,0.04078,10.53,0.05597,0.02797,2.001,1.6007,1.0,8,不的中,0,28.6,0.0,1000.0,0.0,-1000.0,484300.0,1100.0,0.0,-1100.0,490460.0
2025-09-14,15:05,202509040410,10,阪神,仲秋ステークス(3勝),3勝クラス,1600,芝,良,11,3,プッシュオン,武豊,6.0,14.3,13.5,-5.59,-0.0576,0.06139,10.53,0.09423,0.05926,1.59,1.272,2.0,5,不的中,0,13.5,0.0,1000.0,0.0,-1000.0,483300.0,1100.0,0.0,-1100.0,490460.0
2025-09-14,15:30,202506040411,11,中山,ラジオ日本賞(OP),オープン,1200,ダート,稍重,16,5,ジョーローリット,内田博幸,14.0,66.9,54.2,-18.98,-0.2105,0.01918,13.06,0.02273,0.01476,1.54,1.2317,1.0,2,不的中,0,54.9,0.0,1000.0,0.0,-1000.0,482300.0,300.0,0.0,-300.0,490160.0
2025-09-14,15:45,202509040411,11,阪神,第43回関西TVローズS(GII),G2,1800,芝,良,18,13,アイサンサン,田山旺佑,14.0,130.9,90.8,-30.63,-0.3658,0.01327,47.74,0.0199,0.00881,2.258,1.8067,1.0,12,不的中,0,91.1,0.0,1000.0,0.0,-1000.0,481300.0,500.0,0.0,-500.0,488960.0
2025-09-14,15:45,202509040411,11,阪神,第43回関西TVローズS(GII),G2,1800,芝,良,18,6,ヴーレヴー,浜中俊,12.0,111.2,64.2,-42.27,-0.5493,0.0221,47.74,0.02302,0.01246,1.847,1.4776,2.0,6,不的中,0,64.3,0.0,1000.0,0.0,-1000.0,480300.0,400.0,0.0,-400.0,488960.0
2025-09-14,15:45,202509040411,11,阪神,第43回関西TVローズS(GII),G2,1800,芝,良,18,12,マトラコーニッシュ,池添謙一,13.0,99.7,81.0,-18.76,-0.2077,0.01219,47.74,0.01821,0.00988,1.843,1.4748,3.0,7,不的中,0,81.5,0.0,1000.0,0.0,-1000.0,479300.0,300.0,0.0,-300.0,488960.0
2025-09-15,10:00,202506040501,01,中山,2歳未勝利,未勝利,1200,ダート,良,16,11,タマコロリン,荻野極,8.0,63.9,33.1,-48.2,-0.6578,0.03631,4.98,0.04409,0.02417,1.824,1.4594,1.0,11,不的中,0,33.1,0.0,1000.0,0.0,-1000.0,478300.0,700.0,0.0,-700.0,488260.0
2025-09-15,10:35,202506040502,02,中山,2歳未勝利,未勝利,1800,芝,良,10,10,ファインブライト,杉原誠人,9.0,110.7,75.0,-32.25,-0.3893,0.01455,5.05,0.022,0.01067,2.062,1.65,1.0,7,不的中,0,75.0,0.0,1000.0,0.0,-1000.0,477300.0,500.0,0.0,-500.0,487360.0
2025-09-15,10:35,202506040502,02,中山,2歳未勝利,未勝利,1800,芝,良,10,9,ホッカイダイオー,野中悠太,8.0,59.3,51.3,-13.49,-0.1449,0.01805,5.05,0.02659,0.01559,1.705,1.3641,2.0,10,不的中,0,51.3,0.0,1000.0,0.0,-1000.0,476300.0,400.0,0.0,-400.0,487360.0
2025-09-15,11:20,202509040504,04,阪神,3歳未勝利,未勝利,1800,ダート,良,16,2,リトルガールブルー,中井裕二,10.0,79.7,55.9,-29.86,-0.3547,0.01739,5.06,0.02659,0.01431,1.858,1.4864,1.0,6,不的中,0,55.9,0.0,1000.0,0.0,-1000.0,475300.0,500.0,0.0,-500.0,486860.0
2025-09-15,12:40,202509040506,06,阪神,3歳未勝利,未勝利,2200,芝,良,18,10,ボナペティアスク,松若風馬,14.0,139.9,104.4,-25.38,-0.2927,0.00894,4.97,0.02111,0.00766,2.755,2.2036,1.0,3,不的中,0,104.4,0.0,1000.0,0.0,-1000.0,474300.0,600.0,0.0,-600.0,483860.0
2025-09-15,12:40,202509040506,06,阪神,3歳未勝利,未勝利,2200,芝,良,18,15,ファムゲリエール,河原田菜,9.0,31.9,22.1,-30.72,-0.367,0.04374,4.97,0.0798,0.0362,2.204,1.7636,2.0,7,不的中,0,22.2,0.0,1000.0,0.0,-1000.0,473300.0,1800.0,0.0,-1800.0,483860.0
2025-09-15,12:40,202509040506,06,阪神,3歳未勝利,未勝利,2200,芝,良,18,12,マットーネロッソ,川須栄彦,10.0,46.8,29.9,-36.11,-0.448,0.03345,4.97,0.04511,0.02676,1.686,1.3487,3.0,5,不的中,0,29.9,0.0,1000.0,0.0,-1000.0,472300.0,600.0,0.0,-600.0,483860.0
2025-09-15,13:40,202509040508,08,阪神,3歳以上1勝クラス,1勝クラス,1800,芝,良,8,6,タールベルク,団野大成,6.0,63.1,53.0,-16.01,-0.1744,0.01639,5.85,0.02751,0.01509,1.823,1.4581,1.0,6,不的中,0,54.8,0.0,1000.0,0.0,-1000.0,471300.0,500.0,0.0,-500.0,483360.0
2025-09-15,14:15,202509040509,09,阪神,新涼特別(2勝),2勝クラス,1200,ダート,良,13,9,ランウインディ,国分優作,10.0,65.5,58.5,-10.69,-0.113,0.01473,7.55,0.0219,0.01368,1.602,1.2812,1.0,5,不的中,0,54.6,0.0,1000.0,0.0,-1000.0,470300.0,300.0,0.0,-300.0,483060.0
2025-09-15,15:05,202506040510,10,中山,Mディープインパクト(2勝),2勝クラス,1800,芝,良,9,3,ウインルピナス,松岡正海,7.0,71.5,40.6,-43.22,-0.5659,0.03164,8.36,0.04601,0.0197,2.335,1.8682,1.0,4,不的中,0,38.8,0.0,1000.0,0.0,-1000.0,469300.0,1100.0,0.0,-1100.0,481960.0
2025-09-15,15:30,202509040511,11,阪神,JRAアニバーサリー(3勝),3勝クラス,1800,ダート,良,14,4,バスタードサフラン,酒井学,5.0,13.9,10.9,-21.58,-0.2431,0.09887,10.91,0.11403,0.07339,1.554,1.2429,1.0,1,的中,1,11.1,1110.0,1000.0,11100.0,10100.0,479400.0,1200.0,13320.0,12120.0,494080.0
2025-09-15,16:10,202509040512,12,阪神,3歳以上1勝クラス,1勝クラス,1400,ダート,良,15,15,ウォーターパラディ,菱田裕二,10.0,36.8,30.1,-18.21,-0.201,0.03271,12.36,0.0456,0.02658,1.716,1.3726,1.0,2,不的中,0,30.1,0.0,1000.0,0.0,-1000.0,478400.0,700.0,0.0,-700.0,493380.0
2025-09-15,16:30,202506040512,12,中山,3歳以上1勝クラス,1勝クラス,1200,ダート,良,16,16,レインボーラッキー,斎藤新,6.0,29.7,13.7,-53.87,-0.7738,0.08889,18.37,0.09198,0.05839,1.575,1.2601,1.0,9,不的中,0,13.7,0.0,1000.0,0.0,-1000.0,477400.0,1100.0,0.0,-1100.0,492280.0
2025-09-20,10:00,202506040601,01,中山,2歳未勝利,未勝利,1800,ダート,重,13,9,マツリダシリウス,武藤雅,9.0,61.9,55.4,-10.5,-0.1109,0.01591,3.88,0.02625,0.01444,1.818,1.4545,1.0,5,不的中,0,55.4,0.0,1000.0,0.0,-1000.0,476400.0,500.0,0.0,-500.0,491780.0
2025-09-20,10:30,202506040602,02,中山,2歳未勝利,未勝利,2000,芝,良,14,7,アルデキングダム,江田照男,9.0,143.8,110.8,-22.95,-0.2607,0.00838,5.27,0.02031,0.00722,2.813,2.2505,1.0,2,不的中,0,110.8,0.0,1000.0,0.0,-1000.0,475400.0,600.0,0.0,-600.0,491180.0
2025-09-20,11:00,202506040603,03,中山,3歳以上1勝クラス,1勝クラス,1200,ダート,重,16,7,ジェイエルトランス,石田拓郎,14.0,156.3,125.2,-19.9,-0.2219,0.00776,5.35,0.01574,0.00639,2.463,1.9704,1.0,9,不的中,0,125.2,0.0,1000.0,0.0,-1000.0,474400.0,400.0,0.0,-400.0,489480.0
2025-09-20,11:00,202506040603,03,中山,3歳以上1勝クラス,1勝クラス,1200,ダート,重,16,10,グルーヴィーオン,原優介,11.0,63.9,41.3,-35.37,-0.4365,0.02667,5.35,0.04172,0.01937,2.154,1.7232,2.0,7,不的中,0,41.3,0.0,1000.0,0.0,-1000.0,473400.0,900.0,0.0,-900.0,489480.0
2025-09-20,11:00,202506040603,03,中山,3歳以上1勝クラス,1勝クラス,1200,ダート,重,16,14,エベリンテソーロ,木幡巧也,12.0,84.6,57.6,-31.91,-0.3844,0.01862,5.35,0.02391,0.01389,1.722,1.3773,3.0,6,不的中,0,57.6,0.0,1000.0,0.0,-1000.0,472400.0,400.0,0.0,-400.0,489480.0
2025-09-20,12:10,202509040605,05,阪神,2歳新馬,新馬,1600,芝,良,14,2,ハクサンテドリガワ,小崎綾也,9.0,68.3,53.3,-21.96,-0.248,0.01931,5.13,0.02376,0.01501,1.583,1.2665,1.0,6,不的中,0,53.3,0.0,1000.0,0.0,-1000.0,471400.0,300.0,0.0,-300.0,489180.0
2025-09-20,12:40,202509040606,06,阪神,3歳以上1勝クラス,1勝クラス,1800,ダート,良,16,3,ゴールドダイアー,和田竜二,5.0,58.0,23.2,-60.0,-0.9163,0.05228,5.26,0.06082,0.03448,1.764,1.4111,1.0,4,不的中,0,23.2,0.0,1000.0,0.0,-1000.0,470400.0,1000.0,0.0,-1000.0,488180.0
2025-09-20,13:25,202506040607,07,中山,3歳以上1勝クラス,1勝クラス,2000,芝,良,18,4,セザンワールド,遠藤汰月,9.0,41.5,32.8,-20.96,-0.2353,0.02852,5.47,0.04496,0.02439,1.843,1.4747,1.0,16,不的中,0,32.8,0.0,1000.0,0.0,-1000.0,469400.0,800.0,0.0,-800.0,487380.0
2025-09-20,13:55,202506040608,08,中山,3歳以上1勝クラス,1勝クラス,1200,ダート,重,16,8,ゲクウ,原優介,10.0,147.6,103.6,-29.81,-0.354,0.00951,7.11,0.02111,0.00772,2.733,2.1868,1.0,7,不的中,0,88.6,0.0,1000.0,0.0,-1000.0,468400.0,600.0,0.0,-600.0,486380.0
2025-09-20,13:55,202506040608,08,中山,3歳以上1勝クラス,1勝クラス,1200,ダート,重,16,7,ノアスペシャル,木幡巧也,9.0,79.8,50.7,-36.47,-0.4536,0.02029,7.11,0.02659,0.01578,1.685,1.3481,2.0,6,不的中,0,43.4,0.0,1000.0,0.0,-1000.0,467400.0,400.0,0.0,-400.0,486380.0
2025-09-20,14:31,202506040609,09,中山,カンナステークス(OP),オープン,1200,芝,良,13,3,セイウンアインス,武藤雅,11.0,82.8,59.6,-28.02,-0.3288,0.01736,8.54,0.0292,0.01342,2.176,1.7405,1.0,6,不的中,0,59.7,0.0,1000.0,0.0,-1000.0,466400.0,700.0,0.0,-700.0,508000.0
2025-09-20,14:31,202506040609,09,中山,カンナステークス(OP),オープン,1200,芝,良,13,6,ウチュウノセカイ,原優介,9.0,41.2,28.9,-29.85,-0.3546,0.03633,8.54,0.04885,0.02768,1.765,1.4118,2.0,1,的中,1,28.9,2890.0,1000.0,28900.0,27900.0,494300.0,800.0,23120.0,22320.0,508000.0
2025-09-20,16:10,202509040612,12,阪神,3歳以上2勝クラス,2勝クラス,1800,ダート,良,16,8,ケイアイメキラ,荻野琢真,10.0,89.8,70.6,-21.38,-0.2406,0.01481,8.79,0.01961,0.01133,1.731,1.3847,1.0,11,不的中,0,63.6,0.0,1000.0,0.0,-1000.0,493300.0,300.0,0.0,-300.0,507700.0
2025-09-20,16:30,202506040612,12,中山,3歳以上2勝クラス,2勝クラス,1200,ダート,重,16,16,ヘルメース,佐藤翔馬,9.0,81.2,47.5,-41.5,-0.5362,0.02504,12.28,0.03132,0.01684,1.86,1.4877,1.0,8,不的中,0,47.5,0.0,1000.0,0.0,-1000.0,492300.0,600.0,0.0,-600.0,506800.0
2025-09-20,16:30,202506040612,12,中山,3歳以上2勝クラス,2勝クラス,1200,ダート,重,16,14,ミヤビクライ,柴田善臣,12.0,74.2,64.8,-12.67,-0.1355,0.01392,12.28,0.02075,0.01235,1.681,1.3449,2.0,7,不的中,0,64.8,0.0,1000.0,0.0,-1000.0,491300.0,300.0,0.0,-300.0,506800.0
2025-09-21,10:35,202506040702,02,中山,2歳未勝利,未勝利,1200,ダート,稍重,16,10,セントリアン,野中悠太,11.0,82.8,74.9,-9.54,-0.1003,0.01176,4.39,0.02137,0.01068,2.0,1.6004,1.0,2,不的中,0,70.8,0.0,1000.0,0.0,-1000.0,490300.0,500.0,0.0,-500.0,516750.0
2025-09-21,10:35,202506040702,02,中山,2歳未勝利,未勝利,1200,ダート,稍重,16,11,ニシノランペイジ,内田博幸,10.0,52.8,49.5,-6.25,-0.0645,0.01715,4.39,0.02659,0.01616,1.645,1.3162,2.0,7,不的中,0,39.4,0.0,1000.0,0.0,-1000.0,489300.0,400.0,0.0,-400.0,516750.0
2025-09-21,10:35,202506040702,02,中山,2歳未勝利,未勝利,1200,ダート,稍重,16,3,マーシャルアン,上里直汰,9.0,34.8,25.2,-27.59,-0.3228,0.04198,4.39,0.0487,0.03175,1.534,1.2273,3.0,1,的中,1,22.7,2270.0,1000.0,22700.0,21700.0,511000.0,500.0,11350.0,10850.0,516750.0
2025-09-21,10:50,202509040703,03,阪神,2歳未勝利,未勝利,1800,ダート,良,11,2,バンブトンコール,亀田温心,7.0,46.9,28.4,-39.45,-0.5016,0.03776,6.47,0.06733,0.02817,2.39,1.9123,1.0,11,不的中,0,28.4,0.0,1000.0,0.0,-1000.0,510000.0,1800.0,0.0,-1800.0,514250.0
2025-09-21,10:50,202509040703,03,阪神,2歳未勝利,未勝利,1800,ダート,良,11,9,ココラッシー,和田竜二,8.0,47.2,36.5,-22.67,-0.2571,0.02622,6.47,0.03488,0.02192,1.591,1.273,2.0,6,不的中,0,36.5,0.0,1000.0,0.0,-1000.0,509000.0,400.0,0.0,-400.0,514250.0
2025-09-21,10:50,202509040703,03,阪神,2歳未勝利,未勝利,1800,ダート,良,11,5,ケイアイアマゾン,川須栄彦,9.0,58.0,49.4,-14.83,-0.1605,0.01828,6.47,0.02546,0.01619,1.572,1.2575,3.0,7,不的中,0,49.4,0.0,1000.0,0.0,-1000.0,508000.0,300.0,0.0,-300.0,514250.0
2025-09-21,13:40,202509040708,08,阪神,3歳以上1勝クラス,1勝クラス,1800,ダート,良,13,11,サラサラヘアー,鷲頭虎太,11.0,130.6,112.8,-13.63,-0.1465,0.00772,5.61,0.02186,0.00709,3.082,2.4654,1.0,11,不的中,0,112.8,0.0,1000.0,0.0,-1000.0,507000.0,700.0,0.0,-700.0,513250.0
2025-09-21,13:40,202509040708,08,阪神,3歳以上1勝クラス,1勝クラス,1800,ダート,良,13,4,コンテナライン,吉村誠之,9.0,105.7,89.9,-14.95,-0.1619,0.00979,5.61,0.01574,0.0089,1.769,1.4148,2.0,5,不的中,0,89.9,0.0,1000.0,0.0,-1000.0,506000.0,300.0,0.0,-300.0,513250.0
2025-09-21,13:55,202506040708,08,中山,3歳以上1勝クラス,1勝クラス,1200,芝,良,16,8,ナリノエンブレム,鮫島克駿,10.0,49.9,24.8,-50.3,-0.6992,0.04338,7.99,0.09198,0.03226,2.851,2.2811,1.0,12,不的中,0,24.8,0.0,1000.0,0.0,-1000.0,505000.0,2800.0,0.0,-2800.0,508250.0
2025-09-21,13:55,202506040708,08,中山,3歳以上1勝クラス,1勝クラス,1200,芝,良,16,7,オンザヴィーナス,杉原誠人,12.0,63.7,29.5,-53.69,-0.7698,0.0371,7.99,0.05311,0.02712,1.958,1.5666,2.0,4,不的中,0,29.5,0.0,1000.0,0.0,-1000.0,504000.0,1100.0,0.0,-1100.0,508250.0
2025-09-21,13:55,202506040708,08,中山,3歳以上1勝クラス,1勝クラス,1200,芝,良,16,6,アストラッド,佐々木大,11.0,53.7,26.6,-50.47,-0.7025,0.04048,7.99,0.05759,0.03008,1.915,1.532,3.0,14,不的中,0,26.6,0.0,1000.0,0.0,-1000.0,503000.0,1100.0,0.0,-1100.0,508250.0
2025-09-21,14:15,202509040709,09,阪神,北摂特別(2勝),2勝クラス,1200,芝,良,10,4,ルソレイユ,亀田温心,7.0,68.1,43.7,-35.83,-0.4436,0.02672,6.86,0.04284,0.01831,2.34,1.872,1.0,2,不的中,0,43.7,0.0,1000.0,0.0,-1000.0,502000.0,1100.0,0.0,-1100.0,506750.0
2025-09-21,14:15,202509040709,09,阪神,北摂特別(2勝),2勝クラス,1200,芝,良,10,7,ズバットマサムネ,川又賢治,8.0,58.9,44.1,-25.13,-0.2894,0.02386,6.86,0.0294,0.01814,1.621,1.2965,2.0,6,不的中,0,44.1,0.0,1000.0,0.0,-1000.0,501000.0,400.0,0.0,-400.0,506750.0
2025-09-21,14:30,202506040709,09,中山,木更津特別(2勝),2勝クラス,1600,芝,良,9,7,グレイトクラウン,木幡巧也,9.0,101.3,81.9,-19.15,-0.2126,0.01238,8.12,0.0199,0.00977,2.037,1.6296,1.0,7,不的中,0,81.9,0.0,1000.0,0.0,-1000.0,500000.0,400.0,0.0,-400.0,506350.0
2025-09-21,14:50,202509040710,10,阪神,ムーンライトハンデ(3勝),3勝クラス,2200,芝,良,9,4,シャンデルナゴル,富田暁,9.0,65.7,55.8,-15.07,-0.1633,0.01725,8.21,0.02659,0.01434,1.855,1.4837,1.0,9,不的中,0,54.4,0.0,1000.0,0.0,-1000.0,499000.0,500.0,0.0,-500.0,505850.0
2025-09-21,16:30,202506040712,12,中山,3歳以上2勝クラス,2勝クラス,1800,ダート,良,16,13,サンセットブライト,横山琉人,8.0,34.4,29.2,-15.12,-0.1639,0.03176,17.12,0.0456,0.0274,1.664,1.3316,1.0,1,的中,1,29.2,2920.0,1000.0,29200.0,28200.0,527200.0,600.0,17520.0,16920.0,522770.0
2025-09-27,10:01,202509040801,01,阪神,2歳未勝利,未勝利,1400,ダート,良,15,7,コパノルーカス,和田陽希,12.0,103.8,72.9,-29.77,-0.3534,0.01374,5.0,0.02412,0.01097,2.198,1.7585,1.0,8,不的中,0,72.9,0.0,1000.0,0.0,-1000.0,526200.0,600.0,0.0,-600.0,520470.0
2025-09-27,10:01,202509040801,01,阪神,2歳未勝利,未勝利,1400,ダート,良,15,12,テイエムパイロダン,酒井学,7.0,25.6,16.7,-34.77,-0.4272,0.06206,5.0,0.08972,0.0479,1.873,1.4983,2.0,9,不的中,0,16.7,0.0,1000.0,0.0,-1000.0,525200.0,1700.0,0.0,-1700.0,520470.0
2025-09-27,10:20,202506040802,02,中山,2歳未勝利,未勝利,1600,芝,良,16,7,ウインマニフィーク,丹内祐次,8.0,53.8,34.5,-35.87,-0.4443,0.03214,5.83,0.04424,0.02319,1.908,1.5262,1.0,8,不的中,0,31.2,0.0,1000.0,0.0,-1000.0,524200.0,900.0,0.0,-900.0,519570.0
2025-09-27,13:40,202506040808,08,中山,3歳以上1勝クラス,1勝クラス,1200,ダート,良,16,13,セッカチドラゴン,菊沢一樹,11.0,127.5,106.8,-16.24,-0.1772,0.00841,6.44,0.01574,0.00749,2.101,1.6808,1.0,9,不的中,0,107.4,0.0,1000.0,0.0,-1000.0,523200.0,400.0,0.0,-400.0,519170.0
2025-09-27,15:05,202509040810,10,阪神,道頓堀ステークス(3勝),3勝クラス,1200,芝,良,16,16,ジャスパーノワール,中井裕二,11.0,61.6,46.9,-23.86,-0.2726,0.02026,9.83,0.02932,0.01706,1.719,1.3752,1.0,10,不的中,0,46.9,0.0,1000.0,0.0,-1000.0,522200.0,500.0,0.0,-500.0,518670.0
2025-09-27,15:30,202506040811,11,中山,秋風ステークス(3勝),3勝クラス,1600,芝,良,16,4,トーセンエスクード,三浦皇成,12.0,49.8,29.9,-39.96,-0.5102,0.04137,14.64,0.05311,0.02676,1.985,1.5879,1.0,3,不的中,0,29.9,0.0,1000.0,0.0,-1000.0,521200.0,1100.0,0.0,-1100.0,533290.0
2025-09-27,15:30,202506040811,11,中山,秋風ステークス(3勝),3勝クラス,1600,芝,良,16,6,ポルカリズム,津村明秀,13.0,43.4,35.3,-18.66,-0.2066,0.02823,14.64,0.04468,0.02266,1.971,1.5771,2.0,4,不的中,0,35.3,0.0,1000.0,0.0,-1000.0,520200.0,900.0,0.0,-900.0,533290.0
2025-09-27,15:30,202506040811,11,中山,秋風ステークス(3勝),3勝クラス,1600,芝,良,16,16,ピースワンデュック,柴田善臣,11.0,31.6,28.7,-9.18,-0.0963,0.03098,14.64,0.0447,0.02787,1.604,1.2829,3.0,1,的中,1,28.7,2870.0,1000.0,28700.0,27700.0,547900.0,600.0,17220.0,16620.0,533290.0
2025-09-27,16:30,202509040812,12,阪神,3歳以上2勝クラス,2勝クラス,1200,ダート,良,16,15,ゼンノツキヨミ,秋山稔樹,12.0,115.9,72.8,-37.19,-0.465,0.01601,11.51,0.01821,0.01099,1.658,1.326,1.0,6,不的中,0,68.3,0.0,1000.0,0.0,-1000.0,546900.0,300.0,0.0,-300.0,532990.0
2025-09-28,10:20,202509040902,02,阪神,2歳未勝利,未勝利,1400,芝,良,14,5,ミトノリン,斎藤新,12.0,129.5,87.2,-32.66,-0.3955,0.0117,5.35,0.03014,0.00917,3.285,2.6282,1.0,5,不的中,0,87.2,0.0,1000.0,0.0,-1000.0,545900.0,1100.0,0.0,-1100.0,531590.0
2025-09-28,10:20,202509040902,02,阪神,2歳未勝利,未勝利,1400,芝,良,14,2,カッサンドラ,秋山稔樹,10.0,97.9,63.5,-35.14,-0.4329,0.01636,5.35,0.0199,0.0126,1.58,1.2639,2.0,8,不的中,0,63.5,0.0,1000.0,0.0,-1000.0,544900.0,300.0,0.0,-300.0,531590.0
2025-09-28,10:35,202506040902,02,中山,2歳未勝利,未勝利,1200,芝,良,16,7,ハッピーラッキー,丸田恭介,11.0,98.1,73.7,-24.87,-0.286,0.01331,7.21,0.02305,0.01085,2.123,1.6985,1.0,2,不的中,0,73.7,0.0,1000.0,0.0,-1000.0,543900.0,600.0,0.0,-600.0,529590.0
2025-09-28,10:35,202506040902,02,中山,2歳未勝利,未勝利,1200,芝,良,16,1,リーデレクオーレ,柴田大知,7.0,54.7,34.2,-37.48,-0.4696,0.03154,7.21,0.04557,0.02339,1.948,1.5585,2.0,7,不的中,0,34.2,0.0,1000.0,0.0,-1000.0,542900.0,900.0,0.0,-900.0,529590.0
2025-09-28,10:35,202506040902,02,中山,2歳未勝利,未勝利,1200,芝,良,16,14,フォーエバーラブ,丹内祐次,10.0,141.0,57.5,-59.22,-0.897,0.02169,7.21,0.02659,0.01391,1.911,1.5289,3.0,15,不的中,0,57.5,0.0,1000.0,0.0,-1000.0,541900.0,500.0,0.0,-500.0,529590.0
2025-09-28,13:10,202509040907,07,阪神,3歳以上1勝クラス,1勝クラス,1400,ダート,良,16,5,エナジーガンツ,酒井学,10.0,34.1,31.5,-7.62,-0.0793,0.02636,6.15,0.04511,0.0254,1.776,1.4209,1.0,2,不的中,0,31.5,0.0,1000.0,0.0,-1000.0,540900.0,800.0,0.0,-800.0,528790.0
2025-09-28,13:55,202506040908,08,中山,3歳以上2勝クラス,2勝クラス,1800,ダート,良,16,14,ユイノマチブセ,木幡初也,8.0,39.6,30.0,-24.24,-0.2776,0.0328,7.08,0.0456,0.02667,1.71,1.368,1.0,12,不的中,0,25.2,0.0,1000.0,0.0,-1000.0,539900.0,700.0,0.0,-700.0,528090.0
2025-09-28,14:10,202509040909,09,阪神,兵庫特別(2勝),2勝クラス,2400,芝,良,12,11,ショウナンハウル,菱田裕二,9.0,102.2,89.1,-12.82,-0.1372,0.00948,5.66,0.01569,0.00898,1.748,1.3983,1.0,11,不的中,0,89.9,0.0,1000.0,0.0,-1000.0,538900.0,300.0,0.0,-300.0,527790.0
2025-09-28,14:45,202509040910,10,阪神,堺ステークス(3勝),3勝クラス,1800,ダート,良,16,4,トウカイポワール,亀田温心,10.0,46.9,36.6,-21.96,-0.248,0.02683,7.58,0.04511,0.02186,2.064,1.651,1.0,5,不的中,0,32.0,0.0,1000.0,0.0,-1000.0,537900.0,1000.0,0.0,-1000.0,526790.0
2025-09-28,15:01,202506040910,10,中山,茨城新聞杯(2勝),2勝クラス,2000,芝,良,13,7,ドゥカート,津村明秀,6.0,22.9,16.8,-26.64,-0.3098,0.06214,9.81,0.08326,0.04762,1.748,1.3987,1.0,2,不的中,0,16.1,0.0,1000.0,0.0,-1000.0,536900.0,1400.0,0.0,-1400.0,525390.0
2025-10-04,10:05,202505040101,01,東京,2歳未勝利,未勝利,1600,ダート,良,16,9,レーヴドクロンヌ,長浜鴻緒,9.0,138.1,103.6,-24.98,-0.2874,0.00958,5.27,0.01611,0.00772,2.086,1.6689,1.0,12,不的中,0,101.4,0.0,1000.0,0.0,-1000.0,535900.0,400.0,0.0,-400.0,524990.0
2025-10-04,11:05,202505040103,03,東京,2歳新馬,新馬,1400,芝,良,18,18,ディサイドオンミー,松岡正海,10.0,49.3,38.0,-22.92,-0.2603,0.02468,4.67,0.03437,0.02105,1.633,1.3061,1.0,4,不的中,0,37.3,0.0,1000.0,0.0,-1000.0,534900.0,500.0,0.0,-500.0,524190.0
2025-10-04,11:05,202505040103,03,東京,2歳新馬,新馬,1400,芝,良,18,3,エフティヴェント,伊藤工真,11.0,60.7,57.6,-5.11,-0.0524,0.01419,4.67,0.0218,0.01389,1.569,1.2555,2.0,7,不的中,0,56.7,0.0,1000.0,0.0,-1000.0,533900.0,300.0,0.0,-300.0,524190.0
2025-10-04,12:25,202505040105,05,東京,2歳新馬,新馬,1800,芝,良,17,9,ファムクラジューズ,石神深道,11.0,71.1,54.7,-23.07,-0.2622,0.01822,5.11,0.03649,0.01463,2.495,1.9958,1.0,7,不的中,0,54.7,0.0,1000.0,0.0,-1000.0,532900.0,1000.0,0.0,-1000.0,523190.0
2025-10-04,12:40,202508030106,06,京都,3歳以上1勝クラス,1勝クラス,1400,ダート,不良,16,12,ファイヤーウィップ,松本大輝,15.0,156.8,140.9,-10.14,-0.1069,0.00605,5.75,0.01706,0.00568,3.005,2.4038,1.0,13,不的中,0,140.9,0.0,1000.0,0.0,-1000.0,531900.0,600.0,0.0,-600.0,522590.0
2025-10-04,12:55,202505040106,06,東京,3歳以上1勝クラス,1勝クラス,1400,ダート,良,16,11,デルマムーン,荻野極,9.0,81.4,36.9,-54.67,-0.7912,0.03147,6.28,0.05011,0.02168,2.311,1.8491,1.0,14,不的中,0,34.8,0.0,1000.0,0.0,-1000.0,530900.0,1300.0,0.0,-1300.0,521290.0
2025-10-04,13:10,202508030107,07,京都,3歳以上1勝クラス,1勝クラス,1200,芝,重,18,11,ウォーターエルピス,西村淳也,9.0,31.5,27.9,-11.43,-0.1214,0.03108,5.22,0.04361,0.02867,1.521,1.2168,1.0,13,不的中,0,26.8,0.0,1000.0,0.0,-1000.0,529900.0,500.0,0.0,-500.0,520790.0
2025-10-04,13:40,202508030108,08,京都,3歳以上2勝クラス,2勝クラス,2000,芝,重,12,3,バルティカ,小沢大仁,10.0,88.8,75.4,-15.09,-0.1636,0.01197,7.52,0.019,0.01061,1.791,1.4329,1.0,5,不的中,0,72.8,0.0,1000.0,0.0,-1000.0,528900.0,400.0,0.0,-400.0,518290.0
2025-10-04,13:40,202508030108,08,京都,3歳以上2勝クラス,2勝クラス,2000,芝,重,12,12,マトラコーニッシュ,団野大成,4.0,14.1,10.9,-22.7,-0.2574,0.08813,7.52,0.12746,0.07339,1.737,1.3893,2.0,2,不的中,0,11.0,0.0,1000.0,0.0,-1000.0,527900.0,2100.0,0.0,-2100.0,518290.0
2025-10-04,15:30,202508030111,11,京都,オパールステークス(L),リステッド,1200,芝,重,18,9,ジョーメッドヴィン,岩田望来,10.0,35.0,30.2,-13.71,-0.1475,0.03302,13.85,0.04282,0.02649,1.616,1.2931,1.0,4,不的中,0,29.2,0.0,1000.0,0.0,-1000.0,526900.0,600.0,0.0,-600.0,517290.0
2025-10-04,15:30,202508030111,11,京都,オパールステークス(L),リステッド,1200,芝,重,18,16,ミルトクレイモー,菱田裕二,13.0,38.4,35.5,-7.55,-0.0785,0.02555,13.85,0.03447,0.02254,1.53,1.2236,2.0,16,不的中,0,36.0,0.0,1000.0,0.0,-1000.0,525900.0,400.0,0.0,-400.0,517290.0
2025-10-04,15:45,202505040111,11,東京,グリーンチャンネルC(L),リステッド,1600,ダート,良,16,2,テイエムリステット,太宰啓介,15.0,131.9,95.7,-27.45,-0.3208,0.01123,19.24,0.01706,0.00836,2.041,1.6327,1.0,13,不的中,0,85.1,0.0,1000.0,0.0,-1000.0,524900.0,400.0,0.0,-400.0,516590.0
2025-10-04,15:45,202505040111,11,東京,グリーンチャンネルC(L),リステッド,1600,ダート,良,16,8,サトノルフィアン,津村明秀,13.0,80.0,62.2,-22.25,-0.2517,0.01643,19.24,0.02105,0.01286,1.637,1.3096,2.0,8,不的中,0,55.1,0.0,1000.0,0.0,-1000.0,523900.0,300.0,0.0,-300.0,516590.0
2025-10-05,09:50,202508030201,01,京都,2歳未勝利,未勝利,1400,ダート,重,16,8,カセノコンコルド,柴田裕一,12.0,136.9,86.3,-36.96,-0.4614,0.01317,4.16,0.01786,0.00927,1.927,1.5414,1.0,10,不的中,0,87.4,0.0,1000.0,0.0,-1000.0,522900.0,400.0,0.0,-400.0,515890.0
2025-10-05,09:50,202508030201,01,京都,2歳未勝利,未勝利,1400,ダート,重,16,12,ブラッドムーン,田山旺佑,10.0,61.5,58.1,-5.53,-0.0569,0.01471,4.16,0.0218,0.01377,1.583,1.2664,2.0,15,不的中,0,50.7,0.0,1000.0,0.0,-1000.0,521900.0,300.0,0.0,-300.0,515890.0
2025-10-05,10:05,202505040201,01,東京,2歳未勝利,未勝利,1400,ダート,良,16,11,ワールドブレイヴ,丸山元気,11.0,156.8,141.3,-9.89,-0.1041,0.00623,6.24,0.01729,0.00566,3.053,2.4427,1.0,7,不的中,0,141.3,0.0,1000.0,0.0,-1000.0,520900.0,600.0,0.0,-600.0,515290.0
2025-10-05,11:05,202505040203,03,東京,2歳未勝利,未勝利,1400,芝,良,17,3,セイウンシシマイ,佐藤翔馬,15.0,111.1,81.8,-26.37,-0.3062,0.01164,5.23,0.0272,0.00978,2.782,2.2253,1.0,5,不的中,0,81.8,0.0,1000.0,0.0,-1000.0,519900.0,800.0,0.0,-800.0,514490.0
2025-10-05,12:10,202508030205,05,京都,2歳新馬,新馬,1800,芝,稍重,13,2,グッデイ,秋山稔樹,13.0,112.6,105.1,-6.66,-0.0689,0.00821,5.7,0.01349,0.00761,1.772,1.4178,1.0,8,不的中,0,105.1,0.0,1000.0,0.0,-1000.0,518900.0,300.0,0.0,-300.0,514190.0
2025-10-05,14:50,202508030210,10,京都,藤森ステークス(OP),オープン,1200,ダート,重,16,10,ロードラディウス,松若風馬,12.0,82.2,60.7,-26.16,-0.3032,0.01658,12.04,0.0212,0.01318,1.609,1.2869,1.0,9,不的中,0,60.7,0.0,1000.0,0.0,-1000.0,517900.0,300.0,0.0,-300.0,513890.0
2025-10-11,10:20,202508030302,02,京都,2歳未勝利,未勝利,1800,ダート,良,8,8,コパノルーカス,和田陽希,7.0,109.0,100.8,-7.52,-0.0782,0.00825,5.0,0.01349,0.00794,1.7,1.3598,1.0,5,不的中,0,100.8,0.0,1000.0,0.0,-1000.0,516900.0,200.0,0.0,-200.0,513690.0
2025-10-11,11:05,202505040303,03,東京,2歳未勝利,未勝利,1800,芝,良,10,4,ゴールドパレード,横山琉人,8.0,110.3,99.3,-9.97,-0.1051,0.00844,5.42,0.01657,0.00806,2.056,1.645,1.0,5,不的中,0,99.3,0.0,1000.0,0.0,-1000.0,515900.0,400.0,0.0,-400.0,513290.0
2025-10-11,12:10,202508030305,05,京都,2歳新馬,新馬,1400,芝,良,18,7,マティンデ,松若風馬,9.0,36.7,29.5,-19.62,-0.2184,0.03403,4.86,0.04299,0.02712,1.585,1.2682,1.0,6,不的中,0,29.5,0.0,1000.0,0.0,-1000.0,514900.0,500.0,0.0,-500.0,512390.0
2025-10-11,12:10,202508030305,05,京都,2歳新馬,新馬,1400,芝,良,18,1,テイエムアイラン,酒井学,10.0,35.8,29.6,-17.32,-0.1902,0.03309,4.86,0.04058,0.02703,1.501,1.2011,2.0,4,不的中,0,29.6,0.0,1000.0,0.0,-1000.0,513900.0,400.0,0.0,-400.0,512390.0
2025-10-11,12:55,202505040306,06,東京,2歳新馬,新馬,1600,ダート,稍重,16,1,タイセイギガース,大野拓弥,12.0,67.3,63.5,-5.65,-0.0581,0.01333,4.8,0.01906,0.0126,1.513,1.2102,1.0,15,不的中,0,63.5,0.0,1000.0,0.0,-1000.0,512900.0,200.0,0.0,-200.0,512190.0
2025-10-11,13:25,202505040307,07,東京,3歳以上1勝クラス,1勝クラス,2000,芝,良,10,3,メアヴィア,丹内祐次,7.0,58.4,46.0,-21.23,-0.2387,0.02073,6.75,0.03482,0.01739,2.002,1.6016,1.0,3,不的中,0,46.0,0.0,1000.0,0.0,-1000.0,511900.0,700.0,0.0,-700.0,511490.0
2025-10-11,14:31,202505040309,09,東京,陣馬特別(2勝),2勝クラス,2400,芝,良,10,5,ゴージョニーゴー,横山和生,5.0,14.6,10.5,-28.08,-0.3296,0.09815,6.72,0.12056,0.07619,1.582,1.2659,1.0,9,不的中,0,10.1,0.0,1000.0,0.0,-1000.0,510900.0,1500.0,0.0,-1500.0,509990.0
2025-10-11,15:05,202505040310,10,東京,東村山特別(2勝),2勝クラス,2100,ダート,稍重,16,6,キョウキランブ,舟山瑠泉,5.0,25.1,13.2,-47.41,-0.6427,0.09223,9.54,0.10198,0.06061,1.683,1.3462,1.0,2,不的中,0,12.9,0.0,1000.0,0.0,-1000.0,509900.0,1500.0,0.0,-1500.0,508490.0
2025-10-11,15:30,202508030311,11,京都,御陵ステークス(3勝),3勝クラス,1900,ダート,良,16,5,シンビリーブ,松若風馬,6.0,21.7,16.5,-23.96,-0.274,0.06495,12.64,0.08626,0.04848,1.779,1.4232,1.0,2,不的中,0,16.5,0.0,1000.0,0.0,-1000.0,508900.0,1400.0,0.0,-1400.0,507090.0
2025-10-12,10:05,202505040401,01,東京,2歳未勝利,未勝利,1600,ダート,良,16,2,セイウンリメンバー,長浜鴻緒,6.0,21.8,14.0,-35.78,-0.4429,0.07752,5.36,0.09618,0.05714,1.683,1.3466,1.0,8,不的中,0,14.0,0.0,1000.0,0.0,-1000.0,507900.0,1400.0,0.0,-1400.0,505690.0
2025-10-12,10:35,202505040402,02,東京,2歳未勝利,未勝利,1600,芝,良,10,5,サザンテイオー,長浜鴻緒,7.0,50.3,36.2,-28.03,-0.3289,0.02684,5.51,0.04299,0.0221,1.945,1.5563,1.0,3,不的中,0,36.3,0.0,1000.0,0.0,-1000.0,506900.0,800.0,0.0,-800.0,503890.0
2025-10-12,10:35,202505040402,02,東京,2歳未勝利,未勝利,1600,芝,良,10,1,テンユウ,横山和生,6.0,17.1,12.7,-25.73,-0.2975,0.07515,5.51,0.09618,0.06299,1.527,1.2215,2.0,2,不的中,0,12.8,0.0,1000.0,0.0,-1000.0,505900.0,1000.0,0.0,-1000.0,503890.0
2025-10-12,13:10,202508030407,07,京都,3歳以上1勝クラス,1勝クラス,2400,芝,良,13,5,ランツフート,松本大輝,9.0,55.5,33.6,-39.46,-0.5019,0.03285,5.05,0.05867,0.02381,2.464,1.9712,1.0,1,的中,1,23.9,2390.0,1000.0,23900.0,22900.0,528800.0,1600.0,38240.0,36640.0,540230.0
2025-10-12,13:10,202508030407,07,京都,3歳以上1勝クラス,1勝クラス,2400,芝,良,13,13,ボナペティアスク,和田陽希,11.0,57.1,52.0,-8.93,-0.0936,0.01676,5.05,0.0239,0.01538,1.554,1.2431,2.0,13,不的中,0,45.8,0.0,1000.0,0.0,-1000.0,527800.0,300.0,0.0,-300.0,540230.0
2025-10-12,13:25,202505040407,07,東京,3歳以上1勝クラス,1勝クラス,1600,ダート,良,16,8,プルシャプラ,石橋脩,9.0,51.4,25.1,-51.17,-0.7168,0.044,7.42,0.06697,0.03187,2.101,1.6811,1.0,10,不的中,0,23.6,0.0,1000.0,0.0,-1000.0,526800.0,1600.0,0.0,-1600.0,538130.0
2025-10-12,13:25,202505040407,07,東京,3歳以上1勝クラス,1勝クラス,1600,ダート,良,16,12,ジェシーテソーロ,木幡巧也,12.0,82.0,57.4,-30.0,-0.3567,0.01699,7.42,0.02576,0.01394,1.848,1.4784,2.0,2,不的中,0,56.5,0.0,1000.0,0.0,-1000.0,525800.0,500.0,0.0,-500.0,538130.0
2025-10-12,13:40,202508030408,08,京都,3歳以上2勝クラス,2勝クラス,1800,ダート,良,14,10,プウスカンドゥール,中井裕二,11.0,144.6,115.5,-20.12,-0.2247,0.00823,6.39,0.01789,0.00693,2.583,2.0666,1.0,12,不的中,0,96.0,0.0,1000.0,0.0,-1000.0,524800.0,600.0,0.0,-600.0,537530.0
2025-10-12,14:15,202508030409,09,京都,円山特別(2勝),2勝クラス,1200,ダート,良,14,12,ランウインディ,国分優作,7.0,42.6,30.4,-28.64,-0.3374,0.03467,7.25,0.04411,0.02632,1.676,1.341,1.0,4,不的中,0,26.4,0.0,1000.0,0.0,-1000.0,523800.0,700.0,0.0,-700.0,536830.0
2025-10-12,14:50,202508030410,10,京都,三年坂ステークス(3勝),3勝クラス,1600,芝,良,13,10,ミエスペランサ,団野大成,7.0,21.1,16.5,-21.8,-0.2459,0.06347,7.89,0.09485,0.04848,1.956,1.565,1.0,5,不的中,0,15.3,0.0,1000.0,0.0,-1000.0,522800.0,2000.0,0.0,-2000.0,534830.0
2025-10-12,15:05,202505040410,10,東京,テレビ静岡賞(3勝),3勝クラス,1400,ダート,良,16,5,アンシール,石橋脩,6.0,36.4,16.4,-54.95,-0.7973,0.07627,9.57,0.08716,0.04878,1.787,1.4294,1.0,3,不的中,0,13.6,0.0,1000.0,0.0,-1000.0,521800.0,1500.0,0.0,-1500.0,533330.0
2025-10-12,15:45,202505040411,11,東京,第1回アイルランドT(GII),G2,1800,芝,良,16,5,リラボニート,横山武史,9.0,51.1,29.3,-42.66,-0.5562,0.06032,43.96,0.08364,0.0273,3.063,2.4508,1.0,8,不的中,0,29.3,0.0,1000.0,0.0,-1000.0,520800.0,2800.0,0.0,-2800.0,530030.0
2025-10-12,15:45,202505040411,11,東京,第1回アイルランドT(GII),G2,1800,芝,良,16,4,フィールシンパシー,横山琉人,15.0,137.0,115.7,-15.55,-0.169,0.00985,43.96,0.01783,0.00691,2.579,2.0629,2.0,11,不的中,0,115.7,0.0,1000.0,0.0,-1000.0,519800.0,500.0,0.0,-500.0,530030.0
2025-10-12,16:25,202505040412,12,東京,3歳以上2勝クラス,2勝クラス,1300,ダート,良,16,4,プレイテシア,菅原明良,9.0,62.6,57.3,-8.47,-0.0885,0.01501,13.25,0.0334,0.01396,2.392,1.9136,1.0,10,不的中,0,52.0,0.0,1000.0,0.0,-1000.0,518800.0,900.0,0.0,-900.0,529130.0
2025-10-13,09:50,202505040501,01,東京,2歳未勝利,未勝利,1600,ダート,良,15,14,アーティラリー,菊沢一樹,7.0,47.3,30.4,-35.73,-0.4421,0.03347,4.35,0.0442,0.02632,1.679,1.3436,1.0,3,不的中,0,29.8,0.0,1000.0,0.0,-1000.0,517800.0,700.0,0.0,-700.0,528430.0
2025-10-13,10:25,202505040502,02,東京,2歳未勝利,未勝利,1400,ダート,良,13,5,フレンチブラッサム,野中悠太,8.0,75.7,34.4,-54.56,-0.7887,0.04285,5.36,0.04361,0.02326,1.875,1.5003,1.0,5,不的中,0,33.7,0.0,1000.0,0.0,-1000.0,516800.0,800.0,0.0,-800.0,527630.0
2025-10-13,10:35,202508030502,02,京都,2歳未勝利,未勝利,1600,芝,良,10,6,リトゥリア,北村友一,5.0,22.9,17.7,-22.71,-0.2576,0.0516,4.6,0.07334,0.0452,1.623,1.2981,1.0,4,不的中,0,17.3,0.0,1000.0,0.0,-1000.0,515800.0,1000.0,0.0,-1000.0,526630.0
2025-10-13,11:35,202508030504,04,京都,3歳以上1勝クラス,1勝クラス,1800,ダート,良,13,7,レイフロレット,鷲頭虎太,9.0,49.0,35.8,-26.94,-0.3139,0.028,6.36,0.05741,0.02235,2.569,2.0553,1.0,4,不的中,0,31.8,0.0,1000.0,0.0,-1000.0,514800.0,1600.0,0.0,-1600.0,525030.0
2025-10-13,12:25,202508030505,05,京都,2歳新馬,新馬,1800,芝,良,11,9,シャリキモン,松若風馬,8.0,21.4,12.9,-39.72,-0.5062,0.08884,5.51,0.09618,0.06202,1.551,1.2408,1.0,5,不的中,0,12.6,0.0,1000.0,0.0,-1000.0,513800.0,1100.0,0.0,-1100.0,523930.0
2025-10-13,12:40,202505040506,06,東京,2歳新馬,新馬,1600,芝,良,17,16,エルミー,西村淳也,9.0,44.8,34.2,-23.66,-0.27,0.02768,5.38,0.04097,0.02339,1.752,1.4012,1.0,7,不的中,0,30.5,0.0,1000.0,0.0,-1000.0,512800.0,700.0,0.0,-700.0,523230.0
2025-10-13,15:05,202508030510,10,京都,堀川特別(2勝),2勝クラス,1800,芝,良,10,9,アラタマフェーヴル,国分優作,8.0,99.1,83.4,-15.84,-0.1725,0.01043,7.95,0.01657,0.00959,1.727,1.3816,1.0,8,不的中,0,69.6,0.0,1000.0,0.0,-1000.0,511800.0,300.0,0.0,-300.0,522930.0
2025-10-13,15:30,202505040511,11,東京,オクトーバーS(L),リステッド,2000,芝,良,18,14,エープラス,横山琉人,14.0,69.5,51.1,-26.47,-0.3075,0.02268,15.57,0.031,0.01566,1.98,1.584,1.0,13,不的中,0,51.1,0.0,1000.0,0.0,-1000.0,510800.0,700.0,0.0,-700.0,519530.0
2025-10-13,15:30,202505040511,11,東京,オクトーバーS(L),リステッド,2000,芝,良,18,5,グランドカリナン,丸山元気,12.0,46.1,37.6,-18.44,-0.2038,0.02793,15.57,0.04007,0.02128,1.883,1.5065,2.0,14,不的中,0,37.6,0.0,1000.0,0.0,-1000.0,509800.0,800.0,0.0,-800.0,519530.0
2025-10-13,15:30,202505040511,11,東京,オクトーバーS(L),リステッド,2000,芝,良,18,18,ウエストナウ,三浦皇成,8.0,24.7,14.1,-42.91,-0.5606,0.09803,15.57,0.10457,0.05674,1.843,1.4744,3.0,18,不的中,0,14.1,0.0,1000.0,0.0,-1000.0,508800.0,1900.0,0.0,-1900.0,519530.0
2025-10-13,16:25,202508030512,12,京都,3歳以上1勝クラス,1勝クラス,1200,ダート,良,16,5,ミルミナーヴァ,菱田裕二,9.0,33.5,24.3,-27.46,-0.3211,0.04062,14.57,0.05404,0.03292,1.641,1.3132,1.0,12,不的中,0,24.3,0.0,1000.0,0.0,-1000.0,507800.0,700.0,0.0,-700.0,530790.0
2025-10-13,16:25,202508030512,12,京都,3歳以上1勝クラス,1勝クラス,1200,ダート,良,16,13,セールヴォラン,松若風馬,5.0,13.4,10.1,-24.63,-0.2827,0.09579,14.57,0.12056,0.07921,1.522,1.2177,2.0,1,的中,1,10.2,1020.0,1000.0,10200.0,9200.0,517000.0,1300.0,13260.0,11960.0,530790.0
2025-10-18,10:25,202508030602,02,京都,2歳未勝利,未勝利,1800,ダート,稍重,10,8,カセノコンコルド,和田竜二,9.0,70.3,63.8,-9.25,-0.097,0.01311,3.11,0.02146,0.01254,1.712,1.3692,1.0,8,不的中,0,68.7,0.0,1000.0,0.0,-1000.0,516000.0,400.0,0.0,-400.0,530390.0
2025-10-18,10:55,202508030603,03,京都,2歳未勝利,未勝利,1600,芝,良,7,1,ツーエムボヌール,城戸義政,7.0,61.5,48.5,-21.14,-0.2375,0.01778,3.29,0.0284,0.01649,1.722,1.3774,1.0,6,不的中,0,51.8,0.0,1000.0,0.0,-1000.0,515000.0,500.0,0.0,-500.0,529890.0
2025-10-18,13:05,202504040107,07,新潟,3歳以上1勝クラス,1勝クラス,1800,芝,良,18,10,ポタリング,江田照男,7.0,28.5,18.2,-36.14,-0.4485,0.0522,3.31,0.06698,0.04396,1.524,1.2191,1.0,13,不的中,0,19.2,0.0,1000.0,0.0,-1000.0,514000.0,700.0,0.0,-700.0,529190.0
2025-10-18,15:01,202505040610,10,東京,伊勢佐木ステークス(3勝),3勝クラス,2100,ダート,良,16,1,ワンパット,団野大成,11.0,61.9,40.8,-34.09,-0.4168,0.02615,7.15,0.04308,0.01961,2.197,1.7575,1.0,4,不的中,0,39.4,0.0,1000.0,0.0,-1000.0,513000.0,1100.0,0.0,-1100.0,526690.0
2025-10-18,15:01,202505040610,10,東京,伊勢佐木ステークス(3勝),3勝クラス,2100,ダート,良,16,16,オンザライン,小崎綾也,12.0,63.5,59.1,-6.93,-0.0718,0.01446,7.15,0.02105,0.01354,1.555,1.2443,2.0,7,不的中,0,47.1,0.0,1000.0,0.0,-1000.0,512000.0,300.0,0.0,-300.0,526690.0
2025-10-18,15:01,202505040610,10,東京,伊勢佐木ステークス(3勝),3勝クラス,2100,ダート,良,16,3,アスクデビューモア,戸崎圭太,7.0,16.5,13.2,-20.0,-0.2231,0.07249,7.15,0.09422,0.06061,1.555,1.2438,3.0,5,不的中,0,13.2,0.0,1000.0,0.0,-1000.0,511000.0,1100.0,0.0,-1100.0,526690.0
2025-10-18,16:10,202508030612,12,京都,3歳以上1勝クラス,1勝クラス,1400,芝,良,15,7,アーデルリーベ,古川吉洋,9.0,35.1,28.2,-19.66,-0.2189,0.03098,6.08,0.05895,0.02837,2.078,1.6623,1.0,14,不的中,0,21.4,0.0,1000.0,0.0,-1000.0,510000.0,1300.0,0.0,-1300.0,525390.0
2025-10-19,09:45,202504040201,01,新潟,2歳未勝利,未勝利,2000,芝,稍重,12,10,グッドホース,泉谷楓真,7.0,49.1,30.4,-38.09,-0.4794,0.03707,2.58,0.07483,0.02632,2.843,2.2747,1.0,9,不的中,0,30.4,0.0,1000.0,0.0,-1000.0,509000.0,2300.0,0.0,-2300.0,523090.0
2025-10-19,10:10,202504040202,02,新潟,2歳未勝利,未勝利,1200,ダート,重,15,11,マジンタクシー,長岡禎仁,10.0,73.3,68.1,-7.09,-0.0736,0.01183,3.71,0.01855,0.01175,1.579,1.2629,1.0,7,不的中,0,68.1,0.0,1000.0,0.0,-1000.0,508000.0,300.0,0.0,-300.0,522790.0
2025-10-19,10:50,202505040703,03,東京,2歳未勝利,未勝利,1400,芝,良,13,11,ザバルガド,長浜鴻緒,7.0,68.7,25.4,-63.03,-0.995,0.03929,3.98,0.05546,0.0315,1.761,1.4087,1.0,1,的中,1,23.4,2340.0,1000.0,23400.0,22400.0,530400.0,900.0,21060.0,20160.0,542950.0
2025-10-19,12:10,202505040705,05,東京,2歳新馬,新馬,1800,芝,良,18,14,セイントクーヤ,木幡巧也,9.0,36.1,28.1,-22.16,-0.2505,0.03377,4.24,0.04887,0.02847,1.717,1.3733,1.0,8,不的中,0,26.8,0.0,1000.0,0.0,-1000.0,529400.0,800.0,0.0,-800.0,542150.0
2025-10-19,12:30,202504040206,06,新潟,3歳以上1勝クラス,1勝クラス,1800,ダート,重,15,9,チュウワダイオウ,鷲頭虎太,11.0,46.3,38.2,-17.49,-0.1923,0.02264,3.67,0.03422,0.02094,1.634,1.3074,1.0,4,不的中,0,38.2,0.0,1000.0,0.0,-1000.0,528400.0,500.0,0.0,-500.0,541650.0
2025-10-19,13:00,202504040207,07,新潟,3歳以上1勝クラス,1勝クラス,1600,芝,稍重,18,13,チャージドアップ,石神深道,14.0,122.6,82.9,-32.38,-0.3913,0.01094,3.99,0.01933,0.00965,2.003,1.6028,1.0,15,不的中,0,82.9,0.0,1000.0,0.0,-1000.0,527400.0,400.0,0.0,-400.0,540350.0
2025-10-19,13:00,202504040207,07,新潟,3歳以上1勝クラス,1勝クラス,1600,芝,稍重,18,18,ゴッドヴァレー,小沢大仁,8.0,26.5,22.4,-15.47,-0.1681,0.03778,3.99,0.06049,0.03571,1.694,1.355,2.0,11,不的中,0,22.4,0.0,1000.0,0.0,-1000.0,526400.0,900.0,0.0,-900.0,540350.0
2025-10-19,13:40,202505040708,08,東京,3歳以上1勝クラス,1勝クラス,1400,ダート,良,15,4,レゼールドラペ,大野拓弥,8.0,52.2,47.7,-8.62,-0.0902,0.01729,5.5,0.0304,0.01677,1.813,1.4502,1.0,13,不的中,0,48.7,0.0,1000.0,0.0,-1000.0,525400.0,600.0,0.0,-600.0,539750.0
2025-10-19,14:05,202504040209,09,新潟,松浜特別(1勝),1勝クラス,2000,芝,稍重,15,13,パナランギン,長岡禎仁,12.0,109.1,71.7,-34.28,-0.4198,0.01431,4.2,0.02884,0.01116,2.585,2.0677,1.0,5,不的中,0,71.7,0.0,1000.0,0.0,-1000.0,524400.0,900.0,0.0,-900.0,538350.0
2025-10-19,14:05,202504040209,09,新潟,松浜特別(1勝),1勝クラス,2000,芝,稍重,15,8,サングラデーション,杉原誠人,10.0,32.1,29.4,-8.41,-0.0879,0.02898,4.2,0.04258,0.02721,1.565,1.2518,2.0,10,不的中,0,29.4,0.0,1000.0,0.0,-1000.0,523400.0,500.0,0.0,-500.0,538350.0
2025-10-19,14:50,202505040710,10,東京,西湖特別(2勝),2勝クラス,1600,ダート,良,13,9,キングツェッペリン,津村明秀,7.0,38.2,15.5,-59.42,-0.902,0.07194,6.42,0.09372,0.05161,1.816,1.4527,1.0,10,不的中,0,15.5,0.0,1000.0,0.0,-1000.0,522400.0,1700.0,0.0,-1700.0,535250.0
2025-10-19,14:50,202505040710,10,東京,西湖特別(2勝),2勝クラス,1600,ダート,良,13,12,ケイアイメキラ,柴田善臣,11.0,81.0,60.7,-25.06,-0.2885,0.01527,6.42,0.02364,0.01318,1.794,1.4352,2.0,5,不的中,0,60.7,0.0,1000.0,0.0,-1000.0,521400.0,400.0,0.0,-400.0,535250.0
2025-10-19,14:50,202505040710,10,東京,西湖特別(2勝),2勝クラス,1600,ダート,良,13,10,アイオリア,横山和生,4.0,18.2,12.5,-31.32,-0.3757,0.0769,6.42,0.09618,0.064,1.503,1.2023,3.0,7,不的中,0,12.5,0.0,1000.0,0.0,-1000.0,520400.0,1000.0,0.0,-1000.0,535250.0
2025-10-19,15:15,202504040211,11,新潟,新潟牝馬ステークス(L),リステッド,2200,芝,良,14,3,エリダヌス,横山琉人,9.0,35.7,27.6,-22.69,-0.2573,0.03771,8.92,0.04806,0.02899,1.658,1.3263,1.0,8,不的中,0,27.2,0.0,1000.0,0.0,-1000.0,519400.0,700.0,0.0,-700.0,534550.0
2025-10-19,15:25,202505040711,11,東京,ブラジルカップ(L),リステッド,2100,ダート,良,12,2,アピーリングルック,大野拓弥,9.0,36.5,28.9,-20.82,-0.2335,0.03278,8.89,0.04306,0.02768,1.555,1.2444,1.0,1,的中,1,28.9,2890.0,1000.0,28900.0,27900.0,547300.0,500.0,14450.0,13950.0,548500.0
2025-10-19,15:40,202508030711,11,京都,第30回秋華賞(GI),G1,2000,芝,良,18,2,ルージュソリテール,北村友一,12.0,57.9,44.3,-23.49,-0.2677,0.0332,91.75,0.04353,0.01806,2.41,1.9284,1.0,8,不的中,0,43.2,0.0,1000.0,0.0,-1000.0,546300.0,1200.0,0.0,-1200.0,546500.0
2025-10-19,15:40,202508030711,11,京都,第30回秋華賞(GI),G1,2000,芝,良,18,12,ヴーレヴー,菱田裕二,16.0,132.1,121.4,-8.1,-0.0845,0.0086,91.75,0.01506,0.00659,2.286,1.8287,2.0,12,不的中,0,122.6,0.0,1000.0,0.0,-1000.0,545300.0,400.0,0.0,-400.0,546500.0
2025-10-19,15:40,202508030711,11,京都,第30回秋華賞(GI),G1,2000,芝,良,18,4,レーゼドラマ,藤岡佑介,15.0,115.4,80.1,-30.59,-0.3651,0.02082,91.75,0.01877,0.00999,1.879,1.5031,3.0,17,不的中,0,78.0,0.0,1000.0,0.0,-1000.0,544300.0,400.0,0.0,-400.0,546500.0
2025-10-25,09:55,202508030801,01,京都,2歳未勝利,未勝利,1400,ダート,良,14,1,トワイライトビュー,田山旺佑,8.0,33.9,25.2,-25.66,-0.2966,0.03802,4.25,0.04939,0.03175,1.556,1.2445,1.0,5,不的中,0,25.2,0.0,1000.0,0.0,-1000.0,543300.0,600.0,0.0,-600.0,545000.0
2025-10-25,09:55,202508030801,01,京都,2歳未勝利,未勝利,1400,ダート,良,14,9,ジャストアダッシュ,松若風馬,6.0,24.6,16.3,-33.74,-0.4116,0.06195,4.25,0.07548,0.04908,1.538,1.2304,2.0,2,不的中,0,16.3,0.0,1000.0,0.0,-1000.0,542300.0,900.0,0.0,-900.0,545000.0
2025-10-25,10:15,202504040302,02,新潟,2歳未勝利,未勝利,1200,ダート,良,15,2,マーゴットオネイロ,斎藤新,7.0,22.5,13.2,-41.33,-0.5333,0.0686,4.1,0.09219,0.06061,1.521,1.2169,1.0,10,不的中,0,13.2,0.0,1000.0,0.0,-1000.0,541300.0,1000.0,0.0,-1000.0,544000.0
2025-10-25,13:05,202504040307,07,新潟,3歳以上1勝クラス,1勝クラス,1200,ダート,良,14,13,ブリッツアロング,丸山元気,10.0,51.7,45.5,-11.99,-0.1277,0.01823,3.8,0.03228,0.01758,1.836,1.4688,1.0,13,不的中,0,45.5,0.0,1000.0,0.0,-1000.0,540300.0,600.0,0.0,-600.0,543400.0
2025-10-25,13:15,202508030807,07,京都,3歳以上1勝クラス,1勝クラス,1800,ダート,良,11,7,リアルペガサス,田口貫太,7.0,39.1,27.5,-29.67,-0.3519,0.03295,4.89,0.05587,0.02909,1.92,1.5363,1.0,6,不的中,0,27.5,0.0,1000.0,0.0,-1000.0,539300.0,1100.0,0.0,-1100.0,542300.0
2025-10-25,13:25,202505040807,07,東京,3歳以上1勝クラス,1勝クラス,1400,ダート,稍重,16,2,キカオクベシ,長浜鴻緒,10.0,63.6,58.3,-8.33,-0.087,0.01429,6.94,0.02611,0.01372,1.903,1.5221,1.0,9,不的中,0,58.3,0.0,1000.0,0.0,-1000.0,538300.0,500.0,0.0,-500.0,541800.0
2025-10-25,14:05,202504040309,09,新潟,稲光特別(1勝),1勝クラス,1000,芝,良,18,9,スペルキャスター,小林凌大,8.0,42.7,31.3,-26.7,-0.3106,0.02838,5.11,0.04282,0.02556,1.675,1.3402,1.0,1,的中,1,31.2,3120.0,1000.0,31200.0,30200.0,568500.0,700.0,21840.0,21140.0,561640.0
2025-10-25,14:05,202504040309,09,新潟,稲光特別(1勝),1勝クラス,1000,芝,良,18,18,スターチスブーケ,丸山元気,7.0,21.1,13.7,-35.07,-0.4319,0.06713,5.11,0.09485,0.05839,1.624,1.2994,2.0,12,不的中,0,13.7,0.0,1000.0,0.0,-1000.0,567500.0,1300.0,0.0,-1300.0,561640.0
2025-10-25,14:40,202504040310,10,新潟,菅名岳特別(2勝),2勝クラス,1800,ダート,良,15,12,ユメハハテシナク,小林脩斗,11.0,92.2,75.5,-18.11,-0.1998,0.01206,5.59,0.02042,0.0106,1.927,1.5414,1.0,14,不的中,0,75.7,0.0,1000.0,0.0,-1000.0,566500.0,500.0,0.0,-500.0,561140.0
2025-10-25,15:15,202504040311,11,新潟,魚沼ステークス(3勝),3勝クラス,2000,芝,良,18,14,ナヴォーナ,川端海翼,15.0,64.7,45.8,-29.21,-0.3455,0.02322,8.19,0.03906,0.01747,2.236,1.7888,1.0,14,不的中,0,45.6,0.0,1000.0,0.0,-1000.0,565500.0,1000.0,0.0,-1000.0,559640.0
2025-10-25,15:15,202504040311,11,新潟,魚沼ステークス(3勝),3勝クラス,2000,芝,良,18,10,マイネルエニグマ,国分優作,16.0,89.0,78.3,-12.02,-0.1281,0.01159,8.19,0.02105,0.01022,2.061,1.6486,2.0,4,不的中,0,75.2,0.0,1000.0,0.0,-1000.0,564500.0,500.0,0.0,-500.0,559640.0
2025-10-25,15:45,202505040811,11,東京,第14回アルテミスステークス(GIII),G3,1600,芝,稍重,10,2,ドナルンバ,石橋脩,7.0,35.7,19.6,-45.1,-0.5996,0.0802,30.24,0.09171,0.04082,2.247,1.7974,1.0,10,不的中,0,19.6,0.0,1000.0,0.0,-1000.0,563500.0,2400.0,0.0,-2400.0,557240.0
2025-10-25,16:01,202504040312,12,新潟,3歳以上1勝クラス,1勝クラス,1400,芝,良,17,9,サニーサルサ,斎藤新,10.0,43.9,36.3,-17.31,-0.1901,0.0243,7.27,0.03926,0.02204,1.781,1.4251,1.0,13,不的中,0,36.3,0.0,1000.0,0.0,-1000.0,562500.0,700.0,0.0,-700.0,556540.0
2025-10-25,16:25,202505040812,12,東京,3歳以上2勝クラス,2勝クラス,1400,ダート,稍重,13,4,バイファーザベスト,和田竜二,9.0,61.3,50.1,-18.27,-0.2018,0.01865,12.29,0.02513,0.01597,1.574,1.259,1.0,12,不的中,0,50.1,0.0,1000.0,0.0,-1000.0,561500.0,300.0,0.0,-300.0,556240.0
2025-10-26,09:45,202504040401,01,新潟,2歳未勝利,未勝利,1800,ダート,良,13,13,ブリスフルイヤー,石田拓郎,10.0,99.4,58.3,-41.35,-0.5336,0.01846,2.74,0.03364,0.01372,2.451,1.9611,1.0,6,不的中,0,58.3,0.0,1000.0,0.0,-1000.0,560500.0,1000.0,0.0,-1000.0,555240.0
2025-10-26,09:50,202505040901,01,東京,2歳未勝利,未勝利,1400,ダート,不良,14,5,アイアンナックル,小林凌大,6.0,32.3,16.7,-48.3,-0.6597,0.0734,3.22,0.07346,0.0479,1.534,1.2269,1.0,3,不的中,0,16.7,0.0,1000.0,0.0,-1000.0,559500.0,900.0,0.0,-900.0,553440.0
2025-10-26,09:50,202505040901,01,東京,2歳未勝利,未勝利,1400,ダート,不良,14,7,マイネルオランチア,原優介,5.0,23.7,15.4,-35.02,-0.4311,0.07212,3.22,0.07957,0.05195,1.532,1.2255,2.0,8,不的中,0,15.4,0.0,1000.0,0.0,-1000.0,558500.0,900.0,0.0,-900.0,553440.0
2025-10-26,13:10,202505040907,07,東京,3歳以上1勝クラス,1勝クラス,1600,ダート,不良,13,8,ベルメサイア,大野拓弥,8.0,59.2,27.0,-54.39,-0.7851,0.03762,6.45,0.06257,0.02963,2.112,1.6894,1.0,3,不的中,0,27.0,0.0,1000.0,0.0,-1000.0,557500.0,1500.0,0.0,-1500.0,551340.0
2025-10-26,13:10,202505040907,07,東京,3歳以上1勝クラス,1勝クラス,1600,ダート,不良,13,7,コルヴィル,北村宏司,9.0,40.9,29.0,-29.1,-0.3438,0.03149,6.45,0.04361,0.02759,1.581,1.2648,2.0,11,不的中,0,29.0,0.0,1000.0,0.0,-1000.0,556500.0,600.0,0.0,-600.0,551340.0
2025-10-26,14:05,202504040409,09,新潟,柏崎特別(1勝),1勝クラス,1600,芝,稍重,14,1,パルメリータ,富田暁,13.0,49.0,44.9,-8.37,-0.0874,0.01901,5.02,0.04188,0.01782,2.351,1.8805,1.0,13,不的中,0,42.6,0.0,1000.0,0.0,-1000.0,555500.0,1200.0,0.0,-1200.0,547440.0
2025-10-26,14:05,202504040409,09,新潟,柏崎特別(1勝),1勝クラス,1600,芝,稍重,14,7,オベイユアマスター,古川吉洋,8.0,19.2,18.2,-5.21,-0.0535,0.04569,5.02,0.09219,0.04396,2.097,1.6778,2.0,6,不的中,0,18.7,0.0,1000.0,0.0,-1000.0,554500.0,2200.0,0.0,-2200.0,547440.0
2025-10-26,14:05,202504040409,09,新潟,柏崎特別(1勝),1勝クラス,1600,芝,稍重,14,14,ヤコブセン,斎藤新,9.0,30.7,29.1,-5.21,-0.0535,0.02858,5.02,0.04299,0.02749,1.564,1.251,3.0,8,不的中,0,19.6,0.0,1000.0,0.0,-1000.0,553500.0,500.0,0.0,-500.0,547440.0
2025-10-26,14:40,202504040410,10,新潟,村上特別(2勝),2勝クラス,2000,芝,稍重,16,15,アルファヒディ,富田暁,11.0,70.1,48.5,-30.81,-0.3684,0.02046,5.7,0.03447,0.01649,2.09,1.6717,1.0,16,不的中,0,43.0,0.0,1000.0,0.0,-1000.0,552500.0,800.0,0.0,-800.0,546240.0
2025-10-26,14:40,202504040410,10,新潟,村上特別(2勝),2勝クラス,2000,芝,稍重,16,14,ドゥレイクパセージ,鮫島克駿,9.0,43.6,40.8,-6.42,-0.0664,0.02054,5.7,0.03075,0.01961,1.568,1.2548,2.0,15,不的中,0,38.5,0.0,1000.0,0.0,-1000.0,551500.0,400.0,0.0,-400.0,546240.0
2025-10-26,15:15,202504040411,11,新潟,ルミエールオータムD(L),リステッド,1000,芝,稍重,17,9,シロン,横山琉人,7.0,24.8,19.8,-20.16,-0.2252,0.04781,9.54,0.06905,0.0404,1.709,1.3672,1.0,10,不的中,0,19.8,0.0,1000.0,0.0,-1000.0,550500.0,1100.0,0.0,-1100.0,545140.0
2025-10-26,15:40,202508030911,11,京都,第86回菊花賞(GI),G1,3000,芝,稍重,18,1,コーチェラバレー,西村淳也,15.0,152.8,107.0,-29.97,-0.3563,0.01515,112.19,0.02146,0.00748,2.87,2.2963,1.0,7,不的中,0,107.0,0.0,1000.0,0.0,-1000.0,549500.0,700.0,0.0,-700.0,542140.0
2025-10-26,15:40,202508030911,11,京都,第86回菊花賞(GI),G1,3000,芝,稍重,18,10,ジーティーアダマン,北村友一,14.0,95.9,85.2,-11.16,-0.1183,0.01286,112.19,0.01906,0.00939,2.03,1.6238,2.0,18,不的中,0,85.2,0.0,1000.0,0.0,-1000.0,548500.0,500.0,0.0,-500.0,542140.0
2025-10-26,15:40,202508030911,11,京都,第86回菊花賞(GI),G1,3000,芝,稍重,18,6,ミラージュナイト,藤岡佑介,8.0,19.6,15.2,-22.45,-0.2542,0.09282,112.19,0.09527,0.05263,1.81,1.4482,3.0,6,不的中,0,15.2,0.0,1000.0,0.0,-1000.0,547500.0,1800.0,0.0,-1800.0,542140.0
2025-10-26,16:30,202508030912,12,京都,嵯峨野特別(2勝),2勝クラス,1400,ダート,重,16,11,テーオールビー,長岡禎仁,10.0,58.3,50.2,-13.89,-0.1496,0.02079,20.95,0.03091,0.01594,1.94,1.5518,1.0,5,不的中,0,50.2,0.0,1000.0,0.0,-1000.0,546500.0,700.0,0.0,-700.0,541440.0
2025-11-01,10:35,202508031002,02,京都,2歳未勝利,未勝利,1200,芝,稍重,12,4,ユナダイヤ,菱田裕二,9.0,120.1,108.1,-9.99,-0.1053,0.00816,4.57,0.01519,0.0074,2.053,1.6424,1.0,6,不的中,0,91.7,0.0,1000.0,0.0,-1000.0,545500.0,400.0,0.0,-400.0,541040.0
2025-11-01,11:20,202505041004,04,東京,2歳新馬,新馬,1400,ダート,不良,16,2,ハクサンレイホウ,武藤雅,12.0,102.1,94.5,-7.44,-0.0774,0.00901,4.65,0.01527,0.00847,1.804,1.4435,1.0,14,不的中,0,94.0,0.0,1000.0,0.0,-1000.0,544500.0,300.0,0.0,-300.0,540740.0
2025-11-01,13:10,202505041007,07,東京,3歳以上1勝クラス,1勝クラス,2100,ダート,重,16,6,ファミーユウルーズ,武藤雅,15.0,105.5,98.9,-6.26,-0.0646,0.00844,6.07,0.01945,0.00809,2.405,1.9236,1.0,11,不的中,0,98.9,0.0,1000.0,0.0,-1000.0,543500.0,600.0,0.0,-600.0,567830.0
2025-11-01,13:10,202505041007,07,東京,3歳以上1勝クラス,1勝クラス,2100,ダート,重,16,12,ロングウェイホーム,荻野極,9.0,27.3,16.1,-41.03,-0.5281,0.06662,6.07,0.09422,0.04969,1.896,1.517,2.0,1,的中,1,16.1,1610.0,1000.0,16100.0,15100.0,558600.0,1900.0,30590.0,28690.0,567830.0
2025-11-01,13:10,202505041007,07,東京,3歳以上1勝クラス,1勝クラス,2100,ダート,重,16,7,トレインザマインド,横山琉人,10.0,53.9,26.7,-50.46,-0.7025,0.04259,6.07,0.05489,0.02996,1.832,1.4654,3.0,5,不的中,0,26.7,0.0,1000.0,0.0,-1000.0,557600.0,1000.0,0.0,-1000.0,567830.0
2025-11-01,13:55,202508031008,08,京都,3歳以上2勝クラス,2勝クラス,1800,ダート,重,15,9,ブレイゼスト,鮫島克駿,10.0,38.0,24.1,-36.58,-0.4554,0.0434,6.14,0.08626,0.0332,2.598,2.0788,1.0,2,不的中,0,24.1,0.0,1000.0,0.0,-1000.0,556600.0,2700.0,0.0,-2700.0,564530.0
2025-11-01,13:55,202508031008,08,京都,3歳以上2勝クラス,2勝クラス,1800,ダート,重,15,7,アルベリック,柴田裕一,12.0,66.0,51.5,-21.97,-0.2481,0.01839,6.14,0.02958,0.01553,1.904,1.5233,2.0,7,不的中,0,51.5,0.0,1000.0,0.0,-1000.0,555600.0,600.0,0.0,-600.0,564530.0
2025-11-01,14:50,202505041010,10,東京,紅葉ステークス(3勝),3勝クラス,1600,芝,良,12,9,キュクヌス,横山武史,6.0,34.1,18.1,-46.92,-0.6334,0.07286,11.78,0.09233,0.0442,2.089,1.6711,1.0,2,不的中,0,18.1,0.0,1000.0,0.0,-1000.0,554600.0,2300.0,0.0,-2300.0,562230.0
2025-11-01,15:05,202508031010,10,京都,ハロウィンステークス(3勝),3勝クラス,1800,ダート,重,14,14,オンザライン,小崎綾也,8.0,69.9,54.0,-22.75,-0.2581,0.01557,7.57,0.03902,0.01481,2.634,2.1069,1.0,3,不的中,0,44.3,0.0,1000.0,0.0,-1000.0,553600.0,1200.0,0.0,-1200.0,561030.0
2025-11-01,15:30,202505041011,11,東京,ペルセウスステークス(OP),オープン,1600,ダート,重,16,14,アスクドゥラメンテ,内田博幸,15.0,123.2,108.0,-12.34,-0.1317,0.00887,15.66,0.01729,0.00741,2.334,1.867,1.0,9,不的中,0,109.0,0.0,1000.0,0.0,-1000.0,552600.0,500.0,0.0,-500.0,556030.0
2025-11-01,15:30,202505041011,11,東京,ペルセウスステークス(OP),オープン,1600,ダート,重,16,3,サルヴァトーレ,荻野極,10.0,35.2,18.7,-46.88,-0.6325,0.07516,15.66,0.09556,0.04278,2.234,1.787,2.0,2,不的中,0,18.2,0.0,1000.0,0.0,-1000.0,551600.0,2500.0,0.0,-2500.0,556030.0
2025-11-01,15:30,202505041011,11,東京,ペルセウスステークス(OP),オープン,1600,ダート,重,16,9,ショウナンライシン,柴田善臣,9.0,30.6,17.8,-41.83,-0.5418,0.07529,15.66,0.08864,0.04494,1.972,1.5778,3.0,5,不的中,0,18.0,0.0,1000.0,0.0,-1000.0,550600.0,2000.0,0.0,-2000.0,556030.0
2025-11-02,09:45,202508031101,01,京都,2歳未勝利,未勝利,1800,ダート,稍重,15,13,キングスペード,森田誠也,11.0,75.4,64.6,-14.32,-0.1546,0.0138,4.41,0.02105,0.01238,1.7,1.3601,1.0,5,不的中,0,57.8,0.0,1000.0,0.0,-1000.0,549600.0,400.0,0.0,-400.0,555630.0
2025-11-02,15:25,202508031111,11,京都,まほろばステークス(L),リステッド,1600,芝,良,15,4,バルサムノート,小沢大仁,13.0,96.5,63.5,-34.2,-0.4185,0.02513,10.79,0.03875,0.0126,3.076,2.4605,1.0,13,不的中,0,63.4,0.0,1000.0,0.0,-1000.0,548600.0,1300.0,0.0,-1300.0,554330.0
2025-11-02,15:40,202505041111,11,東京,第172回天皇賞(秋)(GI),G1,2000,芝,良,14,1,コスモキュランダ,津村明秀,14.0,130.7,117.0,-10.48,-0.1107,0.01009,148.87,0.01349,0.00684,1.973,1.5784,1.0,12,不的中,0,117.0,0.0,1000.0,0.0,-1000.0,547600.0,300.0,0.0,-300.0,551630.0
2025-11-02,15:40,202505041111,11,東京,第172回天皇賞(秋)(GI),G1,2000,芝,良,14,8,ホウオウビスケッツ,岩田康誠,7.0,19.8,14.6,-26.26,-0.3047,0.12082,148.87,0.10158,0.05479,1.854,1.4831,2.0,13,不的中,0,14.6,0.0,1000.0,0.0,-1000.0,546600.0,2000.0,0.0,-2000.0,551630.0
2025-11-02,15:40,202505041111,11,東京,第172回天皇賞(秋)(GI),G1,2000,芝,良,14,10,エコロヴァルツ,三浦皇成,13.0,95.7,89.4,-6.58,-0.0681,0.01159,148.87,0.01657,0.00895,1.851,1.481,3.0,11,不的中,0,89.4,0.0,1000.0,0.0,-1000.0,545600.0,400.0,0.0,-400.0,551630.0
2025-11-02,16:05,202508031112,12,京都,3歳以上2勝クラス,2勝クラス,1400,芝,良,12,10,ハワイアンタイム,太宰啓介,10.0,51.3,42.0,-18.13,-0.2,0.02175,11.53,0.04353,0.01905,2.285,1.8282,1.0,1,的中,1,27.8,2780.0,1000.0,27800.0,26800.0,572400.0,1200.0,33360.0,32160.0,583790.0
2025-11-08,09:55,202505050101,01,東京,2歳未勝利,未勝利,1300,ダート,良,16,14,マジンタクシー,長岡禎仁,9.0,129.4,117.3,-9.35,-0.0982,0.00706,4.48,0.01457,0.00682,2.137,1.7093,1.0,8,不的中,0,117.3,0.0,1000.0,0.0,-1000.0,571400.0,400.0,0.0,-400.0,583390.0
2025-11-08,10:35,202508040102,02,京都,2歳未勝利,未勝利,1400,芝,良,15,9,イズントイット,幸英明,9.0,85.9,71.9,-16.3,-0.1779,0.01214,4.98,0.01851,0.01113,1.664,1.3312,1.0,9,不的中,0,71.9,0.0,1000.0,0.0,-1000.0,570400.0,300.0,0.0,-300.0,583090.0
2025-11-08,11:15,202503030104,04,福島,3歳以上1勝クラス,1勝クラス,1150,ダート,良,16,8,アイスリンディ,亀田温心,9.0,61.7,35.2,-42.95,-0.5612,0.02697,4.06,0.04314,0.02273,1.898,1.5186,1.0,7,不的中,0,29.3,0.0,1000.0,0.0,-1000.0,569400.0,900.0,0.0,-900.0,581490.0
2025-11-08,11:15,202503030104,04,福島,3歳以上1勝クラス,1勝クラス,1150,ダート,良,16,6,フクチャンヒメ,小崎綾也,10.0,39.3,31.5,-19.85,-0.2212,0.02748,4.06,0.04234,0.0254,1.667,1.3336,2.0,14,不的中,0,29.9,0.0,1000.0,0.0,-1000.0,568400.0,700.0,0.0,-700.0,581490.0
2025-11-08,11:35,202508040104,04,京都,2歳未勝利,未勝利,1800,ダート,良,12,4,サラサダンディー,菱田裕二,9.0,139.2,110.4,-20.69,-0.2318,0.00828,4.39,0.01761,0.00725,2.43,1.9443,1.0,7,不的中,0,110.4,0.0,1000.0,0.0,-1000.0,567400.0,600.0,0.0,-600.0,580090.0
2025-11-08,11:35,202508040104,04,京都,2歳未勝利,未勝利,1800,ダート,良,12,5,エクストラプッシュ,鮫島克駿,5.0,69.6,30.4,-56.32,-0.8283,0.03671,4.39,0.04595,0.02632,1.746,1.3968,2.0,4,不的中,0,30.4,0.0,1000.0,0.0,-1000.0,566400.0,800.0,0.0,-800.0,580090.0
2025-11-08,12:45,202505050106,06,東京,2歳新馬,新馬,1400,芝,良,13,11,ジーティージェミル,遠藤汰月,8.0,31.3,28.1,-10.22,-0.1078,0.02965,4.21,0.04294,0.02847,1.508,1.2067,1.0,6,不的中,0,28.1,0.0,1000.0,0.0,-1000.0,565400.0,500.0,0.0,-500.0,579590.0
2025-11-08,13:05,202503030107,07,福島,3歳以上1勝クラス,1勝クラス,1200,芝,良,16,11,ダガーリング,石神深道,13.0,124.3,101.8,-18.1,-0.1997,0.00845,4.08,0.01657,0.00786,2.108,1.6864,1.0,2,不的中,0,101.8,0.0,1000.0,0.0,-1000.0,564400.0,400.0,0.0,-400.0,579190.0
2025-11-08,13:25,202508040107,07,京都,3歳以上1勝クラス,1勝クラス,1400,ダート,良,16,11,ゴーオンパーパス,田山旺佑,7.0,106.8,37.6,-64.79,-1.044,0.0284,5.19,0.04346,0.02128,2.043,1.6342,1.0,11,不的中,0,37.6,0.0,1000.0,0.0,-1000.0,563400.0,1100.0,0.0,-1100.0,578090.0
2025-11-08,13:40,202503030108,08,福島,3歳以上1勝クラス,1勝クラス,1150,ダート,良,16,5,キャンドルマス,小崎綾也,5.0,19.9,14.4,-27.64,-0.3235,0.07418,3.79,0.09926,0.05556,1.787,1.4293,1.0,4,不的中,0,14.4,0.0,1000.0,0.0,-1000.0,562400.0,1900.0,0.0,-1900.0,576190.0
2025-11-08,14:15,202503030109,09,福島,三春駒特別(1勝),1勝クラス,2000,芝,良,16,6,ピティロディア,上里直汰,14.0,129.5,110.3,-14.83,-0.1605,0.00788,4.56,0.01349,0.00725,1.86,1.488,1.0,12,不的中,0,110.3,0.0,1000.0,0.0,-1000.0,561400.0,300.0,0.0,-300.0,575890.0
2025-11-08,14:50,202503030110,10,福島,飯坂温泉特別(2勝),2勝クラス,1200,芝,良,16,11,スペルキャスター,小林凌大,14.0,70.9,60.5,-14.67,-0.1586,0.01477,5.54,0.0282,0.01322,2.133,1.7062,1.0,9,不的中,0,60.5,0.0,1000.0,0.0,-1000.0,560400.0,700.0,0.0,-700.0,575190.0
2025-11-08,15:25,202503030111,11,福島,キビタキステークス(3勝),3勝クラス,1200,芝,良,16,2,ロードトレイル,角田大和,12.0,51.1,37.1,-27.4,-0.3202,0.02702,8.33,0.0442,0.02156,2.05,1.6397,1.0,3,不的中,0,37.1,0.0,1000.0,0.0,-1000.0,559400.0,1100.0,0.0,-1100.0,573190.0
2025-11-08,15:25,202503030111,11,福島,キビタキステークス(3勝),3勝クラス,1200,芝,良,16,8,ナムラローズマリー,藤懸貴志,10.0,27.7,21.9,-20.94,-0.2349,0.04355,8.33,0.06049,0.03653,1.656,1.3248,2.0,5,不的中,0,21.9,0.0,1000.0,0.0,-1000.0,558400.0,900.0,0.0,-900.0,573190.0
2025-11-08,15:45,202508040111,11,京都,室町ステークス(OP),オープン,1200,ダート,良,16,8,ロードエクレール,鮫島克駿,14.0,79.8,72.9,-8.65,-0.0904,0.01148,12.67,0.01783,0.01097,1.625,1.2998,1.0,15,不的中,0,72.9,0.0,1000.0,0.0,-1000.0,557400.0,300.0,0.0,-300.0,572890.0
2025-11-08,16:01,202503030112,12,福島,3歳以上1勝クラス,1勝クラス,1700,ダート,良,15,15,ウィテカービート,丸山元気,11.0,62.7,45.8,-26.95,-0.3141,0.02058,6.07,0.0409,0.01747,2.341,1.8731,1.0,15,不的中,0,37.9,0.0,1000.0,0.0,-1000.0,556400.0,1200.0,0.0,-1200.0,571690.0
2025-11-08,16:10,202505050112,12,東京,3歳以上1勝クラス,1勝クラス,1600,芝,良,14,7,ルクスフレンジー,横山和生,7.0,26.0,14.5,-44.23,-0.5839,0.07355,10.07,0.08691,0.05517,1.575,1.2602,1.0,11,不的中,0,14.5,0.0,1000.0,0.0,-1000.0,555400.0,1200.0,0.0,-1200.0,570490.0
2025-11-08,16:25,202508040112,12,京都,3歳以上1勝クラス,1勝クラス,2000,芝,良,14,11,ラミントン,西村淳也,6.0,23.8,17.5,-26.47,-0.3075,0.05749,10.94,0.07631,0.04571,1.669,1.3354,1.0,8,不的中,0,17.5,0.0,1000.0,0.0,-1000.0,554400.0,1200.0,0.0,-1200.0,569290.0
2025-11-09,09:45,202503030201,01,福島,2歳未勝利,未勝利,1150,ダート,良,16,11,イーガービーバー,石神深道,13.0,181.2,135.2,-25.39,-0.2928,0.007,2.93,0.01678,0.00592,2.836,2.2685,1.0,7,不的中,0,135.2,0.0,1000.0,0.0,-1000.0,553400.0,600.0,0.0,-600.0,566290.0
2025-11-09,09:45,202503030201,01,福島,2歳未勝利,未勝利,1150,ダート,良,16,4,タマコロリン,舟山瑠泉,9.0,91.4,37.7,-58.75,-0.8856,0.03067,2.93,0.05042,0.02122,2.376,1.9007,2.0,10,不的中,0,37.7,0.0,1000.0,0.0,-1000.0,552400.0,1400.0,0.0,-1400.0,566290.0
2025-11-09,09:45,202503030201,01,福島,2歳未勝利,未勝利,1150,ダート,良,16,14,ドリームガッサン,上里直汰,10.0,70.1,54.4,-22.4,-0.2536,0.01705,2.93,0.03457,0.01471,2.351,1.8808,3.0,8,不的中,0,54.4,0.0,1000.0,0.0,-1000.0,551400.0,1000.0,0.0,-1000.0,566290.0
2025-11-09,10:05,202508040201,01,京都,2歳未勝利,未勝利,1400,ダート,稍重,16,5,タイセイグローバル,団野大成,10.0,96.3,73.2,-23.99,-0.2743,0.01245,5.16,0.01909,0.01093,1.747,1.3974,1.0,8,不的中,0,73.2,0.0,1000.0,0.0,-1000.0,550400.0,400.0,0.0,-400.0,564990.0
2025-11-09,10:05,202508040201,01,京都,2歳未勝利,未勝利,1400,ダート,稍重,16,6,エコロボルト,西村淳也,6.0,40.0,18.9,-52.75,-0.7497,0.05628,5.16,0.06694,0.04233,1.581,1.2651,2.0,15,不的中,0,18.9,0.0,1000.0,0.0,-1000.0,549400.0,900.0,0.0,-900.0,564990.0
2025-11-09,13:01,202508040206,06,京都,3歳以上1勝クラス,1勝クラス,1800,ダート,重,16,4,サンディエゴ,三浦皇成,14.0,93.6,78.4,-16.24,-0.1772,0.01156,6.14,0.01757,0.0102,1.722,1.3774,1.0,12,不的中,0,78.4,0.0,1000.0,0.0,-1000.0,548400.0,300.0,0.0,-300.0,563690.0
2025-11-09,13:01,202508040206,06,京都,3歳以上1勝クラス,1勝クラス,1800,ダート,重,16,11,サイモンシュバリエ,岩田康誠,9.0,57.4,28.7,-50.0,-0.6931,0.03943,6.14,0.04537,0.02787,1.627,1.302,2.0,11,不的中,0,28.7,0.0,1000.0,0.0,-1000.0,547400.0,700.0,0.0,-700.0,563690.0
2025-11-09,13:01,202508040206,06,京都,3歳以上1勝クラス,1勝クラス,1800,ダート,重,16,13,ロードシュヴァリエ,長岡禎仁,11.0,92.0,58.7,-36.2,-0.4493,0.01771,6.14,0.02068,0.01363,1.517,1.2137,3.0,10,不的中,0,58.7,0.0,1000.0,0.0,-1000.0,546400.0,300.0,0.0,-300.0,563690.0
2025-11-09,13:40,202503030208,08,福島,3歳以上1勝クラス,1勝クラス,2600,芝,良,16,10,バーケンヘッド,石神深道,13.0,97.3,57.1,-41.32,-0.533,0.0162,4.33,0.0328,0.01401,2.341,1.873,1.0,1,的中,1,57.1,5710.0,1000.0,57100.0,56100.0,602500.0,900.0,51390.0,50490.0,614180.0
2025-11-09,14:01,202508040208,08,京都,3歳以上2勝クラス,2勝クラス,1800,ダート,重,16,1,メイショウリリー,団野大成,9.0,42.1,28.1,-33.25,-0.4043,0.03377,7.11,0.05587,0.02847,1.962,1.5698,1.0,16,不的中,0,28.2,0.0,1000.0,0.0,-1000.0,601500.0,1300.0,0.0,-1300.0,612880.0
2025-11-09,14:10,202503030209,09,福島,二本松特別(1勝),1勝クラス,1800,芝,良,16,14,リオンプライム,国分恭介,5.0,17.2,13.0,-24.42,-0.28,0.06772,3.77,0.09485,0.06154,1.541,1.233,1.0,7,不的中,0,11.5,0.0,1000.0,0.0,-1000.0,600500.0,1200.0,0.0,-1200.0,611380.0
2025-11-09,14:10,202503030209,09,福島,二本松特別(1勝),1勝クラス,1800,芝,良,16,3,ラッキーダンス,石田拓郎,14.0,63.4,56.8,-10.41,-0.1099,0.0146,3.77,0.02146,0.01408,1.524,1.219,2.0,9,不的中,0,57.1,0.0,1000.0,0.0,-1000.0,599500.0,300.0,0.0,-300.0,611380.0
2025-11-09,14:20,202505050209,09,東京,オキザリス賞(1勝),1勝クラス,1400,ダート,稍重,16,3,ジェイエルキャリア,吉田豊,10.0,203.1,145.0,-28.61,-0.337,0.00699,10.49,0.01789,0.00552,3.243,2.5944,1.0,12,不的中,0,140.6,0.0,1000.0,0.0,-1000.0,598500.0,700.0,0.0,-700.0,610680.0
2025-11-09,14:55,202505050210,10,東京,イクイノックスM(3勝),3勝クラス,2000,芝,良,12,8,マイネルブリックス,松岡正海,8.0,51.1,37.2,-27.2,-0.3175,0.02779,7.63,0.0352,0.02151,1.637,1.3095,1.0,5,不的中,0,37.2,0.0,1000.0,0.0,-1000.0,597500.0,600.0,0.0,-600.0,608780.0
2025-11-09,14:55,202505050210,10,東京,イクイノックスM(3勝),3勝クラス,2000,芝,良,12,11,モズロックンロール,菅原明良,5.0,16.5,11.1,-32.73,-0.3964,0.09836,7.63,0.10888,0.07207,1.511,1.2085,2.0,9,不的中,0,11.1,0.0,1000.0,0.0,-1000.0,596500.0,1300.0,0.0,-1300.0,608780.0
2025-11-09,15:20,202503030211,11,福島,みちのくステークス(OP),オープン,1200,芝,良,16,1,バンデルオーラ,国分恭介,4.0,19.2,10.6,-44.79,-0.5941,0.11888,8.31,0.11774,0.07547,1.56,1.248,1.0,9,不的中,0,10.6,0.0,1000.0,0.0,-1000.0,595500.0,1600.0,0.0,-1600.0,607180.0
2025-11-09,15:30,202505050211,11,東京,第63回アルゼンチン共和国杯(GII),G2,2500,芝,良,18,3,ローシャムパーク,プーシャ,5.0,16.5,11.4,-30.91,-0.3697,0.11091,38.18,0.11019,0.07018,1.57,1.2562,1.0,12,不的中,0,11.4,0.0,1000.0,0.0,-1000.0,594500.0,1500.0,0.0,-1500.0,604280.0
2025-11-09,15:30,202505050211,11,東京,第63回アルゼンチン共和国杯(GII),G2,2500,芝,良,18,14,ボルドグフーシュ,横山武史,4.0,14.1,10.9,-22.7,-0.2574,0.1043,38.18,0.1124,0.07339,1.531,1.2251,2.0,11,不的中,0,10.9,0.0,1000.0,0.0,-1000.0,593500.0,1400.0,0.0,-1400.0,604280.0
2025-11-09,16:01,202503030212,12,福島,3歳以上1勝クラス,1勝クラス,1200,芝,良,16,3,グランルーチェ,藤懸貴志,14.0,82.9,77.7,-6.27,-0.0648,0.01063,6.89,0.0212,0.0103,2.059,1.6473,1.0,4,不的中,0,77.7,0.0,1000.0,0.0,-1000.0,592500.0,600.0,0.0,-600.0,603680.0
2025-11-09,16:10,202505050212,12,東京,3歳以上2勝クラス,2勝クラス,1400,芝,良,18,17,アニトラ,津村明秀,8.0,59.7,36.1,-39.53,-0.503,0.02802,13.47,0.04595,0.02216,2.073,1.6587,1.0,5,不的中,0,36.1,0.0,1000.0,0.0,-1000.0,591500.0,1200.0,0.0,-1200.0,602180.0
2025-11-09,16:10,202505050212,12,東京,3歳以上2勝クラス,2勝クラス,1400,芝,良,18,16,キープサインオン,鮫島克駿,10.0,83.5,55.5,-33.53,-0.4085,0.01762,13.47,0.0218,0.01441,1.512,1.2097,2.0,16,不的中,0,55.5,0.0,1000.0,0.0,-1000.0,590500.0,300.0,0.0,-300.0,602180.0
2025-11-09,16:25,202508040212,12,京都,3歳以上1勝クラス,1勝クラス,1400,芝,重,17,11,ベルファスト,松若風馬,11.0,42.4,36.3,-14.39,-0.1553,0.02456,15.48,0.04067,0.02204,1.845,1.4763,1.0,8,不的中,0,36.3,0.0,1000.0,0.0,-1000.0,589500.0,900.0,0.0,-900.0,600880.0
2025-11-09,16:25,202508040212,12,京都,3歳以上1勝クラス,1勝クラス,1400,芝,重,17,9,アクルクス,田山旺佑,12.0,49.7,46.4,-6.64,-0.0687,0.01812,15.48,0.02779,0.01724,1.612,1.2896,2.0,16,不的中,0,46.4,0.0,1000.0,0.0,-1000.0,588500.0,400.0,0.0,-400.0,600880.0
2025-11-15,09:45,202503030301,01,福島,2歳未勝利,未勝利,1700,ダート,良,15,9,ヒリュウ,中井裕二,11.0,76.5,56.8,-25.75,-0.2978,0.01688,2.7,0.02679,0.01408,1.902,1.5218,1.0,14,不的中,0,56.8,0.0,1000.0,0.0,-1000.0,587500.0,600.0,0.0,-600.0,600280.0
2025-11-15,12:45,202505050306,06,東京,2歳新馬,新馬,1600,芝,良,14,3,ワイルドミュール,松山弘平,4.0,16.9,13.0,-23.08,-0.2624,0.07136,5.13,0.0931,0.06154,1.513,1.2103,1.0,5,不的中,0,13.0,0.0,1000.0,0.0,-1000.0,586500.0,1100.0,0.0,-1100.0,599180.0
2025-11-15,13:40,202503030308,08,福島,3歳以上1勝クラス,1勝クラス,2600,芝,良,16,10,ロードアフェット,菊沢一樹,12.0,95.8,67.6,-29.44,-0.3487,0.01499,4.73,0.02856,0.01183,2.414,1.9309,1.0,7,不的中,0,67.6,0.0,1000.0,0.0,-1000.0,585500.0,900.0,0.0,-900.0,598280.0
2025-11-15,14:25,202505050309,09,東京,三浦特別(2勝),2勝クラス,1600,ダート,良,16,1,アラナコア,菱田裕二,4.0,15.1,10.4,-31.13,-0.3729,0.09646,6.8,0.12643,0.07692,1.644,1.3149,1.0,6,不的中,0,10.4,0.0,1000.0,0.0,-1000.0,584500.0,2100.0,0.0,-2100.0,596180.0
2025-11-15,14:35,202508040309,09,京都,深草特別(2勝),2勝クラス,1200,ダート,良,15,10,フレイミングパイ,池添謙一,10.0,72.1,44.8,-37.86,-0.4758,0.02076,6.77,0.02925,0.01786,1.638,1.3105,1.0,4,不的中,0,44.8,0.0,1000.0,0.0,-1000.0,583500.0,500.0,0.0,-500.0,595680.0
2025-11-15,14:50,202503030310,10,福島,西郷特別(2勝),2勝クラス,1700,ダート,良,15,4,フラッシング,国分恭介,12.0,87.3,77.6,-11.11,-0.1178,0.01146,5.33,0.02902,0.01031,2.815,2.2518,1.0,6,不的中,0,75.8,0.0,1000.0,0.0,-1000.0,582500.0,1000.0,0.0,-1000.0,593880.0
2025-11-15,14:50,202503030310,10,福島,西郷特別(2勝),2勝クラス,1700,ダート,良,15,11,ナチュラルリバー,富田暁,11.0,61.3,50.1,-18.27,-0.2018,0.01898,5.33,0.03158,0.01597,1.978,1.5824,2.0,8,不的中,0,51.1,0.0,1000.0,0.0,-1000.0,581500.0,800.0,0.0,-800.0,593880.0
2025-11-15,15:25,202503030311,11,福島,フルーツラインカップ(3勝),3勝クラス,1150,ダート,良,16,10,メイショウカゼマチ,中井裕二,12.0,104.1,83.6,-19.69,-0.2193,0.01165,8.03,0.01783,0.00957,1.863,1.4905,1.0,1,的中,1,83.6,8360.0,1000.0,83600.0,82600.0,664100.0,400.0,33440.0,33040.0,626920.0
2025-11-15,15:35,202505050311,11,東京,第30回武蔵野ステークス(GIII),G3,1600,ダート,良,16,9,マテンロウコマンド,松山弘平,9.0,35.5,28.5,-19.72,-0.2196,0.03716,27.11,0.04361,0.02807,1.554,1.243,1.0,10,不的中,0,28.5,0.0,1000.0,0.0,-1000.0,663100.0,600.0,0.0,-600.0,626320.0
2025-11-15,16:01,202503030312,12,福島,3歳以上1勝クラス,1勝クラス,1200,芝,良,16,6,レザンクレール,川端海翼,15.0,68.6,64.9,-5.39,-0.0554,0.01274,5.85,0.03449,0.01233,2.798,2.2387,1.0,11,不的中,0,64.9,0.0,1000.0,0.0,-1000.0,662100.0,1300.0,0.0,-1300.0,625020.0
2025-11-15,16:10,202505050312,12,東京,3歳以上2勝クラス,2勝クラス,1600,芝,良,13,10,ホウオウシェリー,菅原明良,8.0,44.3,32.2,-27.31,-0.319,0.02952,9.92,0.04087,0.02484,1.645,1.3161,1.0,3,不的中,0,32.2,0.0,1000.0,0.0,-1000.0,661100.0,700.0,0.0,-700.0,624320.0
2025-11-16,09:50,202505050401,01,東京,2歳未勝利,未勝利,1400,ダート,良,16,1,マイネルオランチア,プーシャ,7.0,33.6,26.7,-20.54,-0.2299,0.03368,3.32,0.0463,0.02996,1.545,1.2363,1.0,4,不的中,0,26.7,0.0,1000.0,0.0,-1000.0,660100.0,600.0,0.0,-600.0,623720.0
2025-11-16,10:01,202508040401,01,京都,2歳未勝利,未勝利,1400,ダート,良,14,5,ミスヘンリー,幸英明,11.0,122.4,91.9,-24.92,-0.2866,0.01043,5.25,0.0171,0.00871,1.965,1.5717,1.0,8,不的中,0,91.9,0.0,1000.0,0.0,-1000.0,659100.0,400.0,0.0,-400.0,623320.0
2025-11-16,10:30,202508040402,02,京都,2歳未勝利,未勝利,1200,ダート,良,15,12,エナジーアユ,丹内祐次,11.0,86.1,78.5,-8.83,-0.0924,0.0104,4.45,0.01678,0.01019,1.646,1.3171,1.0,11,不的中,0,78.5,0.0,1000.0,0.0,-1000.0,658100.0,300.0,0.0,-300.0,623020.0
2025-11-16,10:40,202503030403,03,福島,3歳以上1勝クラス,1勝クラス,1700,ダート,良,15,5,コトブキヘスペラス,江田照男,13.0,117.8,103.9,-11.8,-0.1256,0.00794,4.79,0.01765,0.0077,2.292,1.8333,1.0,9,不的中,0,103.9,0.0,1000.0,0.0,-1000.0,657100.0,600.0,0.0,-600.0,619620.0
2025-11-16,10:40,202503030403,03,福島,3歳以上1勝クラス,1勝クラス,1700,ダート,良,15,11,メイショウオグマ,国分恭介,10.0,46.0,25.9,-43.7,-0.5744,0.03583,4.79,0.05867,0.03089,1.899,1.5195,2.0,3,不的中,0,25.9,0.0,1000.0,0.0,-1000.0,656100.0,1300.0,0.0,-1300.0,619620.0
2025-11-16,10:40,202503030403,03,福島,3歳以上1勝クラス,1勝クラス,1700,ダート,良,15,6,ウインイメル,黛弘人,6.0,24.1,13.4,-44.4,-0.587,0.06943,4.79,0.09618,0.0597,1.611,1.2889,3.0,11,不的中,0,13.4,0.0,1000.0,0.0,-1000.0,655100.0,1500.0,0.0,-1500.0,619620.0
2025-11-16,12:45,202505050406,06,東京,3歳以上1勝クラス,1勝クラス,1600,ダート,良,16,6,ベイビールビオ,杉原誠人,13.0,158.7,146.8,-7.5,-0.0779,0.00568,4.32,0.01657,0.00545,3.04,2.4319,1.0,7,不的中,0,152.4,0.0,1000.0,0.0,-1000.0,654100.0,700.0,0.0,-700.0,618920.0
2025-11-16,13:55,202508040408,08,京都,3歳以上2勝クラス,2勝クラス,1400,芝,良,15,3,オンザブルースカイ,菱田裕二,14.0,131.4,115.6,-12.02,-0.1281,0.00715,6.72,0.0159,0.00692,2.297,1.8376,1.0,2,不的中,0,116.1,0.0,1000.0,0.0,-1000.0,653100.0,500.0,0.0,-500.0,618420.0
2025-11-16,14:15,202505050409,09,東京,銀嶺ステークス(3勝),3勝クラス,1400,ダート,良,14,6,フラムリンガム,木幡巧也,9.0,75.3,63.0,-16.33,-0.1783,0.01367,7.54,0.0212,0.0127,1.67,1.3356,1.0,12,不的中,0,63.0,0.0,1000.0,0.0,-1000.0,652100.0,400.0,0.0,-400.0,618020.0
2025-11-16,14:25,202508040409,09,京都,黄菊賞(1勝),1勝クラス,2000,芝,良,8,2,ノチェセラーダ,Ｃ．デム,6.0,22.3,15.3,-31.39,-0.3767,0.06277,9.49,0.09485,0.05229,1.814,1.4512,1.0,1,的中,1,15.3,1530.0,1000.0,15300.0,14300.0,666400.0,2000.0,30600.0,28600.0,646620.0
2025-11-16,15:25,202505050411,11,東京,オーロカップ(L),リステッド,1400,芝,良,18,18,レイベリング,三浦皇成,13.0,35.9,28.4,-20.89,-0.2343,0.03419,10.94,0.04361,0.02817,1.548,1.2386,1.0,5,不的中,0,28.3,0.0,1000.0,0.0,-1000.0,665400.0,600.0,0.0,-600.0,646020.0
2025-11-16,15:40,202508040411,11,京都,第50回エリザベス女王杯(GI),G1,2200,芝,良,16,14,ケリフレッドアスク,岩田康誠,16.0,153.1,143.6,-6.21,-0.0641,0.00687,105.85,0.01506,0.00557,2.704,2.1631,1.0,14,不的中,0,145.6,0.0,1000.0,0.0,-1000.0,664400.0,600.0,0.0,-600.0,641520.0
2025-11-16,15:40,202508040411,11,京都,第50回エリザベス女王杯(GI),G1,2200,芝,良,16,1,パラディレーヌ,岩田望来,4.0,13.8,10.2,-26.09,-0.3023,0.15492,105.85,0.15151,0.07843,1.932,1.5454,2.0,2,不的中,0,10.0,0.0,1000.0,0.0,-1000.0,663400.0,3900.0,0.0,-3900.0,641520.0
2025-11-16,16:25,202508040412,12,京都,ドンカスターカップ(3勝),3勝クラス,1800,芝,良,12,2,ノーブルスカイ,鮫島克駿,9.0,52.5,39.6,-24.57,-0.282,0.02526,17.66,0.03603,0.0202,1.784,1.4269,1.0,5,不的中,0,38.9,0.0,1000.0,0.0,-1000.0,662400.0,800.0,0.0,-800.0,640720.0
2025-11-22,09:45,202503030501,01,福島,2歳未勝利,未勝利,1700,ダート,良,14,10,セレーノ,永島まな,10.0,63.3,55.3,-12.64,-0.1351,0.01593,3.85,0.02224,0.01447,1.537,1.2297,1.0,2,不的中,0,55.4,0.0,1000.0,0.0,-1000.0,661400.0,300.0,0.0,-300.0,640420.0
2025-11-22,10:15,202503030502,02,福島,3歳以上1勝クラス,1勝クラス,1150,ダート,良,16,5,ビーアイフォルテ,鮫島克駿,12.0,70.1,62.2,-11.27,-0.1196,0.01376,4.97,0.0269,0.01286,2.091,1.673,1.0,1,的中,1,63.5,6350.0,1000.0,63500.0,62500.0,723900.0,800.0,50800.0,50000.0,688320.0
2025-11-22,10:15,202503030502,02,福島,3歳以上1勝クラス,1勝クラス,1150,ダート,良,16,3,キャリーグレイス,菊沢一樹,8.0,66.4,35.9,-45.93,-0.615,0.02894,4.97,0.04595,0.02228,2.062,1.6495,2.0,5,不的中,0,32.6,0.0,1000.0,0.0,-1000.0,722900.0,1200.0,0.0,-1200.0,688320.0
2025-11-22,10:15,202503030502,02,福島,3歳以上1勝クラス,1勝クラス,1150,ダート,良,16,15,タマモブラウンタイ,角田大和,7.0,39.7,22.5,-43.32,-0.5678,0.04556,4.97,0.05712,0.03556,1.607,1.2853,3.0,15,不的中,0,22.3,0.0,1000.0,0.0,-1000.0,721900.0,900.0,0.0,-900.0,688320.0
2025-11-22,10:30,202508040502,02,京都,2歳未勝利,未勝利,1800,ダート,良,15,15,メイショウナナシロ,田口貫太,8.0,116.1,103.0,-11.28,-0.1197,0.0091,7.11,0.01618,0.00777,2.083,1.6667,1.0,3,不的中,0,103.0,0.0,1000.0,0.0,-1000.0,720900.0,500.0,0.0,-500.0,687320.0
2025-11-22,10:30,202508040502,02,京都,2歳未勝利,未勝利,1800,ダート,良,15,11,ダノンシーホーク,小崎綾也,6.0,69.0,55.1,-20.14,-0.225,0.0185,7.11,0.0239,0.01452,1.646,1.3172,2.0,9,不的中,0,55.1,0.0,1000.0,0.0,-1000.0,719900.0,500.0,0.0,-500.0,687320.0
2025-11-22,11:00,202508040503,03,京都,2歳未勝利,未勝利,1200,芝,良,18,9,ウイッチボニータ,菱田裕二,10.0,105.1,65.2,-37.96,-0.4775,0.01644,5.3,0.02105,0.01227,1.716,1.3728,1.0,14,不的中,0,65.2,0.0,1000.0,0.0,-1000.0,718900.0,400.0,0.0,-400.0,686920.0
2025-11-22,12:40,202503030506,06,福島,3歳以上1勝クラス,1勝クラス,1700,ダート,良,15,11,スマートクラビ,西塚洸二,10.0,70.7,58.0,-17.96,-0.198,0.01585,5.43,0.02262,0.01379,1.64,1.3117,1.0,6,不的中,0,58.0,0.0,1000.0,0.0,-1000.0,717900.0,400.0,0.0,-400.0,686520.0
2025-11-22,13:25,202508040507,07,京都,3歳以上1勝クラス,1勝クラス,1800,ダート,良,16,7,バレンシア,高杉吏麒,7.0,41.6,29.4,-29.33,-0.3471,0.03361,6.74,0.04413,0.02721,1.622,1.2974,1.0,6,不的中,0,29.4,0.0,1000.0,0.0,-1000.0,716900.0,800.0,0.0,-800.0,685720.0
2025-11-22,13:40,202503030508,08,福島,3歳以上1勝クラス,1勝クラス,2000,芝,良,16,15,ディバイングレース,津村明秀,13.0,98.5,92.9,-5.69,-0.0585,0.0089,6.71,0.01594,0.00861,1.852,1.4812,1.0,9,不的中,0,93.0,0.0,1000.0,0.0,-1000.0,715900.0,400.0,0.0,-400.0,685320.0
2025-11-22,13:55,202508040508,08,京都,3歳以上2勝クラス,2勝クラス,1400,ダート,良,16,14,ジョヴィアン,坂井瑠星,7.0,20.3,18.7,-7.88,-0.0821,0.04556,6.63,0.07333,0.04278,1.714,1.3713,1.0,8,不的中,0,18.7,0.0,1000.0,0.0,-1000.0,714900.0,1500.0,0.0,-1500.0,683820.0
2025-11-22,15:01,202508040510,10,京都,比叡ステークス(3勝),3勝クラス,2400,芝,良,16,9,タイセイフェリーク,団野大成,12.0,80.0,53.3,-33.38,-0.4061,0.02031,9.29,0.03287,0.01501,2.19,1.7517,1.0,8,不的中,0,53.3,0.0,1000.0,0.0,-1000.0,713900.0,1000.0,0.0,-1000.0,682820.0
2025-11-23,10:35,202508040602,02,京都,2歳未勝利,未勝利,1800,ダート,良,13,8,ナブッコ,柴田裕一,9.0,50.8,46.0,-9.45,-0.0993,0.01852,4.61,0.03643,0.01739,2.095,1.6758,1.0,7,不的中,0,36.0,0.0,1000.0,0.0,-1000.0,712900.0,1100.0,0.0,-1100.0,681720.0
2025-11-23,10:50,202505050503,03,東京,2歳未勝利,未勝利,1600,芝,良,18,9,ルクリーシア,舟山瑠泉,9.0,100.4,72.2,-28.09,-0.3297,0.01035,5.72,0.02195,0.01108,1.981,1.5851,1.0,12,不的中,0,72.4,0.0,1000.0,0.0,-1000.0,711900.0,600.0,0.0,-600.0,680620.0
2025-11-23,10:50,202505050503,03,東京,2歳未勝利,未勝利,1600,芝,良,18,15,シャルムグリーン,津村明秀,8.0,58.4,41.9,-28.25,-0.332,0.01785,5.72,0.03042,0.01909,1.593,1.2747,2.0,4,不的中,0,42.1,0.0,1000.0,0.0,-1000.0,710900.0,500.0,0.0,-500.0,680620.0
2025-11-23,13:10,202505050507,07,東京,3歳以上1勝クラス,1勝クラス,2100,ダート,良,16,9,ヴェラグエリエロ,石田拓郎,11.0,42.2,30.7,-27.25,-0.3182,0.03108,5.2,0.0463,0.02606,1.777,1.4215,1.0,3,不的中,0,25.8,0.0,1000.0,0.0,-1000.0,709900.0,1000.0,0.0,-1000.0,679620.0
2025-11-23,15:01,202508040610,10,京都,Lトレーナーカップ(3勝),3勝クラス,1400,ダート,良,16,16,ライジン,池添謙一,14.0,86.5,60.7,-29.83,-0.3542,0.01721,10.8,0.03628,0.01318,2.753,2.2024,1.0,14,不的中,0,60.7,0.0,1000.0,0.0,-1000.0,708900.0,1400.0,0.0,-1400.0,678220.0
2025-11-23,15:25,202505050511,11,東京,霜月ステークス(OP),オープン,1400,ダート,良,16,3,ロジアデレード,柴田善臣,5.0,34.7,17.4,-49.86,-0.6903,0.08136,12.83,0.09485,0.04598,2.063,1.6503,1.0,3,不的中,0,17.4,0.0,1000.0,0.0,-1000.0,707900.0,2700.0,0.0,-2700.0,675520.0
2025-11-23,15:40,202508040611,11,京都,第42回マイルチャンピオンS(GI),G1,1600,芝,良,18,1,トウシンマカオ,団野大成,11.0,98.0,58.9,-39.9,-0.5091,0.0394,111.27,0.04246,0.01358,3.126,2.501,1.0,11,不的中,0,58.9,0.0,1000.0,0.0,-1000.0,706900.0,1800.0,0.0,-1800.0,673720.0
2025-11-24,10:15,202503030602,02,福島,3歳以上1勝クラス,1勝クラス,1700,ダート,良,15,2,ノーブルアクト,水沼元輝,7.0,20.9,14.8,-29.19,-0.3451,0.06371,5.15,0.09331,0.05405,1.726,1.381,1.0,10,不的中,0,14.8,0.0,1000.0,0.0,-1000.0,705900.0,1900.0,0.0,-1900.0,671820.0
2025-11-24,10:30,202505050602,02,東京,2歳未勝利,未勝利,1400,芝,良,18,10,シェーロドラート,津村明秀,4.0,16.7,13.0,-22.16,-0.2505,0.07455,6.81,0.09556,0.06154,1.553,1.2423,1.0,4,不的中,0,13.0,0.0,1000.0,0.0,-1000.0,704900.0,1400.0,0.0,-1400.0,670420.0
2025-11-24,10:45,202503030603,03,福島,3歳以上1勝クラス,1勝クラス,1700,ダート,良,15,10,テーオーノーベル,柴田裕一,12.0,77.4,69.5,-10.21,-0.1077,0.01233,5.8,0.02242,0.01151,1.948,1.5584,1.0,5,不的中,0,69.5,0.0,1000.0,0.0,-1000.0,703900.0,600.0,0.0,-600.0,668520.0
2025-11-24,10:45,202503030603,03,福島,3歳以上1勝クラス,1勝クラス,1700,ダート,良,15,8,グロリアスヒーロー,石田拓郎,13.0,128.7,98.9,-23.15,-0.2634,0.0095,5.8,0.0146,0.00809,1.804,1.4435,2.0,12,不的中,0,98.9,0.0,1000.0,0.0,-1000.0,702900.0,400.0,0.0,-400.0,668520.0
2025-11-24,10:45,202503030603,03,福島,3歳以上1勝クラス,1勝クラス,1700,ダート,良,15,4,レイザリオ,斎藤新,8.0,46.3,20.7,-55.29,-0.805,0.05527,5.8,0.06049,0.03865,1.565,1.2522,3.0,3,不的中,0,20.7,0.0,1000.0,0.0,-1000.0,701900.0,900.0,0.0,-900.0,668520.0
2025-11-24,11:00,202505050603,03,東京,2歳未勝利,未勝利,2000,芝,良,16,10,モデレートゲイル,吉田豊,7.0,56.8,48.9,-13.91,-0.1498,0.01887,6.27,0.02884,0.01636,1.763,1.4102,1.0,5,不的中,0,48.9,0.0,1000.0,0.0,-1000.0,700900.0,600.0,0.0,-600.0,667920.0
2025-11-24,12:20,202505050605,05,東京,3歳以上1勝クラス,1勝クラス,1400,ダート,良,16,9,リッキースタイル,菅原明良,12.0,174.2,130.1,-25.32,-0.2919,0.00762,6.21,0.01499,0.00615,2.438,1.9506,1.0,4,不的中,0,129.8,0.0,1000.0,0.0,-1000.0,699900.0,500.0,0.0,-500.0,667420.0
2025-11-24,12:35,202503030606,06,福島,2歳未勝利,未勝利,1200,芝,良,16,12,キトゥンズシルバー,高杉吏麒,10.0,57.5,34.2,-40.52,-0.5196,0.03033,5.38,0.06257,0.02339,2.675,2.1398,1.0,10,不的中,0,24.5,0.0,1000.0,0.0,-1000.0,698900.0,2300.0,0.0,-2300.0,665120.0
2025-11-24,13:35,202503030608,08,福島,3歳以上1勝クラス,1勝クラス,1200,芝,良,16,13,カフジキアッキエレ,国分恭介,8.0,42.3,30.8,-27.19,-0.3173,0.03262,5.89,0.0442,0.02597,1.702,1.3612,1.0,11,不的中,0,26.1,0.0,1000.0,0.0,-1000.0,697900.0,900.0,0.0,-900.0,664220.0
2025-11-24,14:20,202505050609,09,東京,南武特別(2勝),2勝クラス,2400,芝,良,12,9,エーオーキング,佐々木大,10.0,113.0,106.8,-5.49,-0.0564,0.0078,8.89,0.01657,0.00749,2.212,1.7693,1.0,9,不的中,0,106.9,0.0,1000.0,0.0,-1000.0,696900.0,500.0,0.0,-500.0,663720.0
2025-11-24,14:40,202503030610,10,福島,五色沼特別(2勝),2勝クラス,1800,芝,良,16,4,レッセパッセ,丹内祐次,11.0,48.2,40.3,-16.39,-0.179,0.02347,8.38,0.03366,0.01985,1.696,1.3567,1.0,10,不的中,0,40.3,0.0,1000.0,0.0,-1000.0,695900.0,700.0,0.0,-700.0,663020.0
2025-11-24,14:55,202505050610,10,東京,晩秋ステークス(3勝),3勝クラス,2100,ダート,良,16,14,フラッパールック,北村宏司,12.0,211.6,130.8,-38.19,-0.481,0.00921,8.72,0.01662,0.00612,2.717,2.1735,1.0,8,不的中,0,130.8,0.0,1000.0,0.0,-1000.0,694900.0,600.0,0.0,-600.0,662420.0
2025-11-24,15:15,202503030611,11,福島,奥羽ステークス(3勝),3勝クラス,1700,ダート,良,15,9,スリリングチェイス,亀田温心,10.0,54.4,39.3,-27.76,-0.3251,0.02726,10.81,0.03926,0.02036,1.929,1.5429,1.0,9,不的中,0,41.1,0.0,1000.0,0.0,-1000.0,693900.0,1000.0,0.0,-1000.0,691240.0
2025-11-24,15:15,202503030611,11,福島,奥羽ステークス(3勝),3勝クラス,1700,ダート,良,15,13,シェットランド,吉田隼人,12.0,64.1,59.1,-7.8,-0.0812,0.01485,10.81,0.0256,0.01354,1.891,1.5131,2.0,1,的中,1,50.7,5070.0,1000.0,50700.0,49700.0,743600.0,600.0,30420.0,29820.0,691240.0
2025-11-24,15:55,202503030612,12,福島,3歳以上1勝クラス,1勝クラス,2000,芝,良,16,1,ヴィヴィッシモ,亀田温心,11.0,69.8,35.7,-48.85,-0.6705,0.03466,11.46,0.04595,0.02241,2.05,1.6403,1.0,9,不的中,0,35.7,0.0,1000.0,0.0,-1000.0,742600.0,1300.0,0.0,-1300.0,689940.0
2025-11-29,10:20,202505050702,02,東京,2歳未勝利,未勝利,1400,芝,良,18,12,スピットブレイク,横山武史,10.0,70.3,65.4,-6.97,-0.0722,0.01292,6.08,0.02105,0.01223,1.721,1.377,1.0,4,不的中,0,55.7,0.0,1000.0,0.0,-1000.0,741600.0,500.0,0.0,-500.0,710630.0
2025-11-29,10:20,202505050702,02,東京,2歳未勝利,未勝利,1400,芝,良,18,13,アグネスクレスト,柴田善臣,6.0,29.7,19.1,-35.69,-0.4415,0.05495,6.08,0.06905,0.04188,1.649,1.3189,2.0,1,的中,1,17.3,1730.0,1000.0,17300.0,16300.0,757900.0,1300.0,22490.0,21190.0,710630.0
2025-11-29,11:05,202508040703,03,京都,2歳未勝利,未勝利,1600,芝,良,14,5,ノービレ,長岡禎仁,10.0,73.1,60.7,-16.96,-0.1859,0.01493,6.49,0.02856,0.01318,2.167,1.7338,1.0,13,不的中,0,48.9,0.0,1000.0,0.0,-1000.0,756900.0,900.0,0.0,-900.0,709730.0
2025-11-29,13:10,202505050707,07,東京,3歳以上1勝クラス,1勝クラス,2400,芝,良,16,2,ペプチドモガミ,北村宏司,10.0,113.9,85.6,-24.85,-0.2856,0.01125,7.03,0.02042,0.00935,2.185,1.7476,1.0,11,不的中,0,68.1,0.0,1000.0,0.0,-1000.0,755900.0,700.0,0.0,-700.0,709030.0
2025-11-29,13:55,202508040708,08,京都,3歳以上2勝クラス,2勝クラス,1200,ダート,良,16,16,ゼンノツキヨミ,高杉吏麒,9.0,54.0,40.2,-25.56,-0.2951,0.02355,6.04,0.03836,0.0199,1.928,1.542,1.0,9,不的中,0,31.3,0.0,1000.0,0.0,-1000.0,754900.0,1000.0,0.0,-1000.0,708030.0
2025-11-29,14:10,202505050709,09,東京,カトレアステークス(OP),オープン,1600,ダート,良,12,11,ドンエレクトス,菅原明良,11.0,146.9,134.6,-8.37,-0.0874,0.00646,12.36,0.0159,0.00594,2.675,2.1397,1.0,2,不的中,0,133.2,0.0,1000.0,0.0,-1000.0,753900.0,700.0,0.0,-700.0,707330.0
2025-11-29,15:25,202505050711,11,東京,キャピタルステークス(L),リステッド,1600,芝,良,18,14,ホウオウプロサンゲ,佐々木大,14.0,145.8,123.5,-15.29,-0.166,0.00841,17.68,0.01439,0.00648,2.222,1.7776,1.0,16,不的中,0,121.7,0.0,1000.0,0.0,-1000.0,752900.0,500.0,0.0,-500.0,706830.0
2025-11-30,09:31,202505050801,01,東京,2歳未勝利,未勝利,1400,ダート,良,16,4,ニシノゲッパク,今村聖奈,9.0,39.3,25.8,-34.35,-0.4209,0.04058,5.31,0.0553,0.03101,1.783,1.4267,1.0,14,不的中,0,25.8,0.0,1000.0,0.0,-1000.0,751900.0,1300.0,0.0,-1300.0,705530.0
2025-11-30,11:10,202508040804,04,京都,3歳以上1勝クラス,1勝クラス,1400,ダート,良,16,9,バレル,松若風馬,11.0,104.1,85.5,-17.87,-0.1968,0.01051,6.53,0.0159,0.00936,1.699,1.3591,1.0,13,不的中,0,85.5,0.0,1000.0,0.0,-1000.0,750900.0,300.0,0.0,-300.0,705230.0
2025-11-30,11:25,202505050805,05,東京,2歳新馬,新馬,1600,ダート,良,16,13,ノーブルクラウド,横山琉人,13.0,110.3,93.3,-15.41,-0.1674,0.0094,5.87,0.02154,0.00857,2.512,2.0093,1.0,5,不的中,0,93.8,0.0,1000.0,0.0,-1000.0,749900.0,800.0,0.0,-800.0,703730.0
2025-11-30,11:25,202505050805,05,東京,2歳新馬,新馬,1600,ダート,良,16,11,ケファロニア,北村宏司,9.0,42.2,38.9,-7.82,-0.0814,0.02143,5.87,0.03447,0.02057,1.676,1.3408,2.0,14,不的中,0,37.3,0.0,1000.0,0.0,-1000.0,748900.0,700.0,0.0,-700.0,703730.0
2025-11-30,12:45,202505050807,07,東京,3歳以上1勝クラス,1勝クラス,1400,ダート,良,16,10,ジェイエルバース,小林凌大,10.0,73.8,69.3,-6.1,-0.0629,0.01193,7.25,0.01786,0.01154,1.547,1.2377,1.0,12,不的中,0,69.3,0.0,1000.0,0.0,-1000.0,747900.0,300.0,0.0,-300.0,703430.0
2025-11-30,13:15,202505050808,08,東京,ベゴニア賞(1勝),1勝クラス,1600,芝,良,8,3,コルテオソレイユ,マーカン,5.0,18.4,14.5,-21.2,-0.2382,0.06223,9.29,0.09485,0.05517,1.719,1.3753,1.0,2,不的中,0,14.9,0.0,1000.0,0.0,-1000.0,746900.0,2000.0,0.0,-2000.0,701430.0
2025-11-30,14:25,202505050810,10,東京,アプローズ賞(2勝),2勝クラス,1400,ダート,良,16,8,シホノペルフェット,Ｃ．デム,5.0,20.7,12.5,-39.61,-0.5044,0.09736,12.01,0.1037,0.064,1.62,1.2962,1.0,12,不的中,0,12.5,0.0,1000.0,0.0,-1000.0,745900.0,1900.0,0.0,-1900.0,698930.0
2025-11-30,14:25,202505050810,10,東京,アプローズ賞(2勝),2勝クラス,1400,ダート,良,16,12,ジューンポンポン,岩田康誠,9.0,33.9,27.9,-17.7,-0.1948,0.0353,12.01,0.04314,0.02867,1.505,1.2037,2.0,3,不的中,0,27.9,0.0,1000.0,0.0,-1000.0,744900.0,600.0,0.0,-600.0,698930.0
2025-11-30,15:15,202508040811,11,京都,オータムリーフS(OP),オープン,1400,ダート,良,16,15,ロードフロンティア,鮫島克駿,10.0,57.5,48.4,-15.83,-0.1723,0.0185,11.89,0.03302,0.01653,1.998,1.5982,1.0,8,不的中,0,48.3,0.0,1000.0,0.0,-1000.0,743900.0,900.0,0.0,-900.0,698030.0
2025-11-30,16:15,202508040812,12,京都,第70回京阪杯(GIII),G3,1200,芝,良,18,9,カルチャーデイ,横山典弘,10.0,36.7,25.0,-31.88,-0.3839,0.04846,39.56,0.06477,0.032,2.024,1.6193,1.0,16,不的中,0,23.3,0.0,1000.0,0.0,-1000.0,742900.0,1900.0,0.0,-1900.0,696130.0
2025-12-06,09:55,202509050101,01,阪神,2歳未勝利,未勝利,1200,ダート,良,16,15,アズライトアスール,和田竜二,12.0,131.6,119.2,-9.42,-0.099,0.00715,3.9,0.01524,0.00671,2.271,1.8168,1.0,12,不的中,0,119.2,0.0,1000.0,0.0,-1000.0,741900.0,500.0,0.0,-500.0,695630.0
2025-12-06,10:05,202506050101,01,中山,2歳未勝利,未勝利,1200,ダート,良,15,13,コウユーニポポニコ,木幡初也,9.0,97.1,77.0,-20.7,-0.2319,0.01146,5.85,0.01815,0.01039,1.747,1.3978,1.0,3,不的中,0,77.0,0.0,1000.0,0.0,-1000.0,740900.0,400.0,0.0,-400.0,695230.0
2025-12-06,11:05,202506050103,03,中山,2歳未勝利,未勝利,1600,芝,良,15,7,ガミーヌ,丹内祐次,9.0,86.2,68.7,-20.3,-0.2269,0.01311,5.51,0.01855,0.01164,1.593,1.274,1.0,8,不的中,0,68.7,0.0,1000.0,0.0,-1000.0,739900.0,300.0,0.0,-300.0,694930.0
2025-12-06,12:35,202507050106,06,中京,3歳以上1勝クラス,1勝クラス,1900,ダート,良,16,12,コウジョリョウゾク,森田誠也,10.0,84.6,79.3,-6.26,-0.0647,0.01031,4.15,0.01657,0.01009,1.642,1.3137,1.0,7,不的中,0,79.0,0.0,1000.0,0.0,-1000.0,738900.0,300.0,0.0,-300.0,694630.0
2025-12-06,13:15,202509050107,07,阪神,3歳以上1勝クラス,1勝クラス,1800,ダート,良,14,6,モズプリヴェール,松山弘平,6.0,15.3,13.1,-14.38,-0.1552,0.06526,4.6,0.0931,0.06107,1.524,1.2196,1.0,9,不的中,0,13.6,0.0,1000.0,0.0,-1000.0,737900.0,1300.0,0.0,-1300.0,693330.0
2025-12-06,13:40,202507050108,08,中京,3歳以上1勝クラス,1勝クラス,2000,芝,良,18,15,メイショウビストロ,小沢大仁,8.0,21.2,17.0,-19.81,-0.2208,0.05424,4.55,0.08864,0.04706,1.884,1.5069,1.0,10,不的中,0,17.5,0.0,1000.0,0.0,-1000.0,736900.0,2200.0,0.0,-2200.0,691130.0
2025-12-06,14:35,202506050109,09,中山,葉牡丹賞(1勝),1勝クラス,2000,芝,良,11,3,ステラスペース,木幡巧也,8.0,51.3,40.1,-21.83,-0.2463,0.02328,9.24,0.03364,0.01995,1.686,1.3489,1.0,7,不的中,0,32.6,0.0,1000.0,0.0,-1000.0,735900.0,700.0,0.0,-700.0,690430.0
2025-12-06,15:10,202506050110,10,中山,鹿島特別(2勝),2勝クラス,1800,ダート,良,12,7,マンダリンボレロ,松岡正海,6.0,16.3,13.5,-17.18,-0.1885,0.06458,6.9,0.09485,0.05926,1.601,1.2804,1.0,10,不的中,0,13.7,0.0,1000.0,0.0,-1000.0,734900.0,1600.0,0.0,-1600.0,688830.0
2025-12-06,15:35,202509050111,11,阪神,第78回鳴尾記念(GIII),G3,1800,芝,良,14,12,ニホンピロキーフ,田口貫太,10.0,68.6,38.4,-44.02,-0.5802,0.03358,21.14,0.0442,0.02083,2.121,1.6971,1.0,5,不的中,0,36.3,0.0,1000.0,0.0,-1000.0,733900.0,1300.0,0.0,-1300.0,687530.0
2025-12-06,16:01,202507050112,12,中京,3歳以上1勝クラス,1勝クラス,1600,芝,良,16,8,ジャンヌローサ,鷲頭虎太,9.0,49.0,44.4,-9.39,-0.0986,0.01868,5.83,0.03447,0.01802,1.913,1.5304,1.0,4,不的中,0,34.5,0.0,1000.0,0.0,-1000.0,732900.0,900.0,0.0,-900.0,686630.0
2025-12-06,16:10,202509050112,12,阪神,3歳以上1勝クラス,1勝クラス,1600,芝,良,15,14,ロジカルワーズ,北村友一,5.0,18.7,13.0,-30.48,-0.3636,0.07096,8.58,0.09485,0.06154,1.541,1.233,1.0,5,不的中,0,12.3,0.0,1000.0,0.0,-1000.0,731900.0,1400.0,0.0,-1400.0,685230.0
2025-12-07,10:05,202507050201,01,中京,2歳未勝利,未勝利,1800,ダート,良,13,8,マイカラー,長岡禎仁,7.0,85.7,43.2,-49.59,-0.685,0.02635,6.29,0.03679,0.01852,1.987,1.5893,1.0,5,不的中,0,43.2,0.0,1000.0,0.0,-1000.0,730900.0,1000.0,0.0,-1000.0,683130.0
2025-12-07,10:05,202507050201,01,中京,2歳未勝利,未勝利,1800,ダート,良,13,7,レイサンソク,ジェルー,6.0,56.8,33.8,-40.49,-0.5191,0.03181,6.29,0.0442,0.02367,1.867,1.4938,2.0,2,不的中,0,33.8,0.0,1000.0,0.0,-1000.0,729900.0,1100.0,0.0,-1100.0,683130.0
2025-12-07,10:15,202509050202,02,阪神,2歳未勝利,未勝利,1400,ダート,良,16,14,ハクアイタワー,和田竜二,11.0,100.3,80.4,-19.84,-0.2212,0.01072,4.89,0.0159,0.00995,1.598,1.2781,1.0,8,不的中,0,80.4,0.0,1000.0,0.0,-1000.0,728900.0,300.0,0.0,-300.0,682830.0
2025-12-07,12:55,202507050206,06,中京,3歳以上1勝クラス,1勝クラス,1400,ダート,良,16,5,インディゴ,岩田望来,10.0,73.6,62.7,-14.81,-0.1603,0.01387,5.77,0.02027,0.01276,1.589,1.2709,1.0,3,不的中,0,56.1,0.0,1000.0,0.0,-1000.0,727900.0,300.0,0.0,-300.0,682530.0
2025-12-07,14:25,202507050209,09,中京,犬山特別(2勝),2勝クラス,1800,ダート,良,16,11,サラサハウプリティ,柴田裕一,11.0,60.1,53.3,-11.31,-0.1201,0.01574,6.31,0.03523,0.01501,2.347,1.8775,1.0,9,不的中,0,55.3,0.0,1000.0,0.0,-1000.0,726900.0,1200.0,0.0,-1200.0,679430.0
2025-12-07,14:25,202507050209,09,中京,犬山特別(2勝),2勝クラス,1800,ダート,良,16,15,ユウェンタース,藤岡佑介,9.0,50.2,29.0,-42.23,-0.5487,0.03336,6.31,0.06049,0.02759,2.193,1.7543,2.0,4,不的中,0,24.6,0.0,1000.0,0.0,-1000.0,725900.0,1900.0,0.0,-1900.0,679430.0
2025-12-07,14:40,202509050210,10,阪神,元町ステークス(3勝),3勝クラス,1800,芝,良,18,5,ブリックワーク,西塚洸二,14.0,68.2,51.6,-24.34,-0.2789,0.01864,7.71,0.03926,0.0155,2.532,2.0258,1.0,14,不的中,0,41.4,0.0,1000.0,0.0,-1000.0,724900.0,1400.0,0.0,-1400.0,677530.0
2025-12-07,14:40,202509050210,10,阪神,元町ステークス(3勝),3勝クラス,1800,芝,良,18,7,ノーブルスカイ,松若風馬,12.0,42.6,36.5,-14.32,-0.1545,0.02438,7.71,0.03447,0.02192,1.573,1.2581,2.0,5,不的中,0,35.6,0.0,1000.0,0.0,-1000.0,723900.0,500.0,0.0,-500.0,677530.0
2025-12-07,15:01,202507050210,10,中京,志摩特別(2勝),2勝クラス,1600,芝,良,13,7,ホウオウシェリー,坂井瑠星,7.0,16.9,13.1,-22.49,-0.2547,0.07017,7.69,0.09485,0.06107,1.553,1.2425,1.0,4,不的中,0,13.1,0.0,1000.0,0.0,-1000.0,722900.0,1400.0,0.0,-1400.0,676130.0
2025-12-07,15:25,202506050211,11,中山,ラピスラズリS(L),リステッド,1200,芝,良,16,2,サフランヒーロー,丸田恭介,13.0,89.2,73.1,-18.05,-0.1991,0.01274,10.45,0.02105,0.01094,1.924,1.5391,1.0,15,不的中,0,58.8,0.0,1000.0,0.0,-1000.0,721900.0,600.0,0.0,-600.0,675030.0
2025-12-07,15:25,202506050211,11,中山,ラピスラズリS(L),リステッド,1200,芝,良,16,16,ジョーメッドヴィン,北村宏司,10.0,62.2,48.6,-21.86,-0.2467,0.01979,10.45,0.02774,0.01646,1.685,1.3481,2.0,9,不的中,0,36.9,0.0,1000.0,0.0,-1000.0,720900.0,500.0,0.0,-500.0,675030.0
2025-12-07,16:01,202509050212,12,阪神,3歳以上2勝クラス,2勝クラス,1400,芝,良,17,3,ビップジーニー,松若風馬,15.0,67.5,62.9,-6.81,-0.0706,0.01317,8.8,0.02617,0.01272,2.058,1.6462,1.0,2,不的中,0,57.6,0.0,1000.0,0.0,-1000.0,719900.0,800.0,0.0,-800.0,674230.0
2025-12-07,16:10,202506050212,12,中山,3歳以上1勝クラス,1勝クラス,1800,ダート,良,16,16,ローズマイスター,小林美駒,4.0,21.0,13.8,-34.29,-0.4199,0.06967,10.99,0.09839,0.05797,1.697,1.3577,1.0,7,不的中,0,13.7,0.0,1000.0,0.0,-1000.0,718900.0,1900.0,0.0,-1900.0,672330.0
2025-12-13,13:55,202507050308,08,中京,3歳以上1勝クラス,1勝クラス,1400,ダート,良,16,14,ハイクライテリア,小沢大仁,9.0,34.0,30.6,-10.0,-0.1054,0.02717,5.03,0.04353,0.02614,1.665,1.332,1.0,11,不的中,0,30.9,0.0,1000.0,0.0,-1000.0,717900.0,800.0,0.0,-800.0,671530.0
2025-12-13,15:45,202507050311,11,中京,第61回中日新聞杯(GIII),G3,2000,芝,良,18,16,グーデンドラーク,亀田温心,15.0,201.5,114.6,-43.13,-0.5643,0.0126,27.76,0.0212,0.00698,3.037,2.4296,1.0,16,不的中,0,114.6,0.0,1000.0,0.0,-1000.0,716900.0,900.0,0.0,-900.0,670630.0
2025-12-13,16:25,202507050312,12,中京,3歳以上1勝クラス,1勝クラス,1200,芝,良,18,8,グランテレーズ,小沢大仁,11.0,49.3,38.6,-21.7,-0.2447,0.02538,10.97,0.04314,0.02073,2.082,1.6653,1.0,4,不的中,0,40.4,0.0,1000.0,0.0,-1000.0,715900.0,1200.0,0.0,-1200.0,669430.0
2025-12-14,10:35,202509050402,02,阪神,2歳未勝利,未勝利,1400,ダート,稍重,16,4,ココラッシー,渡辺竜也,12.0,181.7,113.7,-37.42,-0.4688,0.00859,6.36,0.01789,0.00704,2.543,2.0344,1.0,3,不的中,0,113.7,0.0,1000.0,0.0,-1000.0,714900.0,700.0,0.0,-700.0,667730.0
2025-12-14,10:35,202509050402,02,阪神,2歳未勝利,未勝利,1400,ダート,稍重,16,3,ショウナンアワード,池添謙一,14.0,130.6,123.6,-5.36,-0.0551,0.00654,6.36,0.01367,0.00647,2.112,1.6894,2.0,11,不的中,0,123.6,0.0,1000.0,0.0,-1000.0,713900.0,400.0,0.0,-400.0,667730.0
2025-12-14,10:35,202509050402,02,阪神,2歳未勝利,未勝利,1400,ダート,稍重,16,16,セルシャーム,菱田裕二,7.0,41.0,30.4,-25.85,-0.2991,0.03013,6.36,0.04032,0.02632,1.532,1.2256,3.0,10,不的中,0,30.4,0.0,1000.0,0.0,-1000.0,712900.0,600.0,0.0,-600.0,667730.0
2025-12-14,13:15,202507050407,07,中京,3歳以上1勝クラス,1勝クラス,1800,ダート,稍重,15,12,コウジョリョウゾク,橋木太希,8.0,35.5,28.9,-18.59,-0.2057,0.02879,4.52,0.04361,0.02768,1.576,1.2604,1.0,1,的中,1,19.4,1940.0,1000.0,19400.0,18400.0,731300.0,700.0,13580.0,12880.0,680610.0
2025-12-14,15:15,202506050411,11,中山,第18回カペラステークス(GIII),G3,1200,ダート,稍重,16,13,エコロアゼル,団野大成,6.0,21.3,15.0,-29.58,-0.3507,0.07596,23.63,0.09485,0.05333,1.778,1.4227,1.0,3,不的中,0,15.0,0.0,1000.0,0.0,-1000.0,730300.0,2100.0,0.0,-2100.0,678510.0
2025-12-14,16:01,202506050412,12,中山,3歳以上1勝クラス,1勝クラス,1800,芝,稍重,16,4,ラファヴォリット,北村宏司,8.0,38.3,27.1,-29.24,-0.3459,0.03629,9.87,0.07836,0.02952,2.654,2.1236,1.0,4,不的中,0,27.1,0.0,1000.0,0.0,-1000.0,729300.0,3000.0,0.0,-3000.0,675510.0
2025-12-14,16:10,202507050412,12,中京,3歳以上1勝クラス,1勝クラス,1600,芝,稍重,16,16,カイトグート,丸山元気,12.0,58.6,40.0,-31.74,-0.3819,0.02247,9.22,0.03523,0.02,1.761,1.409,1.0,6,不的中,0,40.0,0.0,1000.0,0.0,-1000.0,728300.0,800.0,0.0,-800.0,673610.0
2025-12-14,16:10,202507050412,12,中京,3歳以上1勝クラス,1勝クラス,1600,芝,稍重,16,5,レッドレナート,嶋田純次,6.0,22.3,17.0,-23.77,-0.2714,0.05137,9.22,0.07401,0.04706,1.573,1.2582,2.0,4,不的中,0,17.0,0.0,1000.0,0.0,-1000.0,727300.0,1100.0,0.0,-1100.0,673610.0
2025-12-20,09:45,202507050501,01,中京,2歳未勝利,未勝利,1200,ダート,稍重,16,10,マーゴットオネイロ,秋山稔樹,8.0,28.2,15.6,-44.68,-0.5921,0.06965,3.55,0.09485,0.05128,1.85,1.4796,1.0,6,不的中,0,15.6,0.0,1000.0,0.0,-1000.0,726300.0,2300.0,0.0,-2300.0,670410.0
2025-12-20,09:45,202507050501,01,中京,2歳未勝利,未勝利,1200,ダート,稍重,16,3,ルヴレアール,川端海翼,10.0,52.9,44.1,-16.64,-0.1819,0.02058,3.55,0.031,0.01814,1.709,1.367,2.0,16,不的中,0,44.1,0.0,1000.0,0.0,-1000.0,725300.0,600.0,0.0,-600.0,670410.0
2025-12-20,09:45,202507050501,01,中京,2歳未勝利,未勝利,1200,ダート,稍重,16,15,ケイアイブラック,城戸義政,12.0,82.0,73.6,-10.24,-0.1081,0.01178,3.55,0.01757,0.01087,1.616,1.2931,3.0,5,不的中,0,73.6,0.0,1000.0,0.0,-1000.0,724300.0,300.0,0.0,-300.0,670410.0
2025-12-20,09:55,202509050501,01,阪神,2歳未勝利,未勝利,1400,ダート,良,16,5,ゴールデンバランス,松山弘平,6.0,15.2,13.8,-9.21,-0.0966,0.06066,5.09,0.08967,0.05797,1.547,1.2374,1.0,1,的中,1,13.8,1380.0,1000.0,13800.0,12800.0,737100.0,1300.0,17940.0,16640.0,687050.0
2025-12-20,10:55,202509050503,03,阪神,2歳未勝利,未勝利,1600,芝,良,18,10,ペントハウス,池添謙一,10.0,64.4,58.6,-9.01,-0.0944,0.01434,6.48,0.02548,0.01365,1.867,1.4932,1.0,15,不的中,0,58.6,0.0,1000.0,0.0,-1000.0,736100.0,600.0,0.0,-600.0,686450.0
2025-12-20,11:05,202506050503,03,中山,2歳未勝利,未勝利,1800,芝,良,16,7,ドッグウッド,マーカン,9.0,71.5,62.1,-13.15,-0.141,0.01425,5.77,0.03219,0.01288,2.499,1.9989,1.0,3,不的中,0,62.1,0.0,1000.0,0.0,-1000.0,735100.0,1200.0,0.0,-1200.0,685250.0
2025-12-20,12:25,202506050505,05,中山,2歳新馬,新馬,2000,芝,良,17,1,マナイアカラニ,菊沢一樹,9.0,60.4,56.4,-6.62,-0.0685,0.01452,6.34,0.0239,0.01418,1.685,1.3482,1.0,5,不的中,0,56.4,0.0,1000.0,0.0,-1000.0,734100.0,500.0,0.0,-500.0,684750.0
2025-12-20,12:55,202506050506,06,中山,2歳新馬,新馬,1800,芝,良,16,7,リュクスパトロール,西村淳也,9.0,91.6,72.4,-20.96,-0.2352,0.01243,5.94,0.02042,0.01105,1.848,1.4781,1.0,1,的中,1,72.4,7240.0,1000.0,72400.0,71400.0,805500.0,500.0,36200.0,35700.0,720450.0
2025-12-20,13:25,202506050507,07,中山,2歳未勝利,未勝利,1800,ダート,良,16,16,コレクト,佐々木大,6.0,21.3,14.8,-30.52,-0.3641,0.06227,5.63,0.09485,0.05405,1.755,1.4037,1.0,16,不的中,0,14.8,0.0,1000.0,0.0,-1000.0,804500.0,2200.0,0.0,-2200.0,717550.0
2025-12-20,13:25,202506050507,07,中山,2歳未勝利,未勝利,1800,ダート,良,16,11,ロケットパンチ,柴田善臣,9.0,35.8,29.7,-17.04,-0.1868,0.02921,5.63,0.04246,0.02694,1.576,1.2611,2.0,3,不的中,0,29.7,0.0,1000.0,0.0,-1000.0,803500.0,700.0,0.0,-700.0,717550.0
2025-12-20,13:45,202509050508,08,阪神,3歳以上1勝クラス,1勝クラス,1200,ダート,良,13,12,ミルミナーヴァ,和田陽希,8.0,39.2,34.1,-13.01,-0.1394,0.02583,5.18,0.03775,0.02346,1.609,1.2872,1.0,3,不的中,0,32.4,0.0,1000.0,0.0,-1000.0,802500.0,700.0,0.0,-700.0,716850.0
2025-12-20,13:55,202506050508,08,中山,3歳以上1勝クラス,1勝クラス,1200,ダート,良,16,6,スペルビア,上里直汰,11.0,129.9,108.1,-16.78,-0.1837,0.00801,7.35,0.01502,0.0074,2.029,1.6232,1.0,8,不的中,0,108.1,0.0,1000.0,0.0,-1000.0,801500.0,500.0,0.0,-500.0,715750.0
2025-12-20,13:55,202506050508,08,中山,3歳以上1勝クラス,1勝クラス,1200,ダート,良,16,15,ジェイエルバース,長浜鴻緒,10.0,58.6,50.9,-13.14,-0.1409,0.01665,7.35,0.02742,0.01572,1.745,1.3958,2.0,15,不的中,0,50.9,0.0,1000.0,0.0,-1000.0,800500.0,600.0,0.0,-600.0,715750.0
2025-12-20,15:30,202509050511,11,阪神,タンザナイトS(OP),オープン,1200,芝,良,16,8,ミルトクレイモー,吉村誠之,10.0,57.0,45.5,-20.18,-0.2253,0.02063,13.56,0.03048,0.01758,1.734,1.3869,1.0,10,不的中,0,35.0,0.0,1000.0,0.0,-1000.0,799500.0,700.0,0.0,-700.0,715050.0
2025-12-20,15:45,202506050511,11,中山,第11回ターコイズステークス(GIII),G3,1600,芝,良,16,14,フィールシンパシー,菅原明良,14.0,82.6,72.3,-12.47,-0.1332,0.01353,29.05,0.02042,0.01107,1.845,1.4761,1.0,5,不的中,0,72.2,0.0,1000.0,0.0,-1000.0,798500.0,500.0,0.0,-500.0,714250.0
2025-12-20,15:45,202506050511,11,中山,第11回ターコイズステークス(GIII),G3,1600,芝,良,16,13,ソーダズリング,横山武史,13.0,69.8,57.2,-18.05,-0.1991,0.01858,29.05,0.02146,0.01399,1.534,1.2276,2.0,14,不的中,0,59.7,0.0,1000.0,0.0,-1000.0,797500.0,300.0,0.0,-300.0,714250.0
2025-12-20,16:01,202507050512,12,中京,3歳以上1勝クラス,1勝クラス,1400,芝,稍重,18,7,キトンインザスカイ,吉田隼人,9.0,26.0,19.0,-26.92,-0.3137,0.04787,8.46,0.09485,0.04211,2.253,1.8021,1.0,9,不的中,0,16.4,0.0,1000.0,0.0,-1000.0,796500.0,3200.0,0.0,-3200.0,709750.0
2025-12-20,16:01,202507050512,12,中京,3歳以上1勝クラス,1勝クラス,1400,芝,稍重,18,13,ルパヴィヨン,横山琉人,6.0,19.3,12.8,-33.68,-0.4107,0.07335,8.46,0.09485,0.0625,1.518,1.214,2.0,10,不的中,0,13.2,0.0,1000.0,0.0,-1000.0,795500.0,1300.0,0.0,-1300.0,709750.0
2025-12-20,16:10,202509050512,12,阪神,3歳以上2勝クラス,2勝クラス,1200,芝,良,16,11,スペルキャスター,鷲頭虎太,10.0,78.1,65.2,-16.52,-0.1805,0.0133,8.1,0.02068,0.01227,1.685,1.3481,1.0,8,不的中,0,54.4,0.0,1000.0,0.0,-1000.0,794500.0,400.0,0.0,-400.0,709350.0
2025-12-21,09:45,202507050601,01,中京,2歳未勝利,未勝利,1800,ダート,稍重,16,10,タガノアイゼン,国分優作,10.0,102.5,70.3,-31.41,-0.3771,0.01395,3.55,0.02042,0.01138,1.794,1.4352,1.0,14,不的中,0,63.0,0.0,1000.0,0.0,-1000.0,793500.0,500.0,0.0,-500.0,708850.0
2025-12-21,09:55,202506050601,01,中山,2歳未勝利,未勝利,1200,ダート,不良,16,16,ウルヴァリン,長浜鴻緒,8.0,52.0,34.3,-34.04,-0.4161,0.02743,4.75,0.04299,0.02332,1.843,1.4746,1.0,12,不的中,0,29.7,0.0,1000.0,0.0,-1000.0,792500.0,1100.0,0.0,-1100.0,707750.0
2025-12-21,10:25,202506050602,02,中山,2歳未勝利,未勝利,1800,ダート,不良,16,6,ベルウッドピース,丹内祐次,6.0,24.9,22.6,-9.24,-0.0969,0.03579,5.5,0.05532,0.0354,1.563,1.2503,1.0,2,不的中,0,22.6,0.0,1000.0,0.0,-1000.0,791500.0,900.0,0.0,-900.0,706850.0
2025-12-21,13:25,202509050607,07,阪神,3歳以上1勝クラス,1勝クラス,2200,芝,重,18,4,メイショウキンタイ,和田陽希,8.0,32.2,29.0,-9.94,-0.1047,0.02923,7.34,0.04308,0.02759,1.561,1.2492,1.0,11,不的中,0,22.7,0.0,1000.0,0.0,-1000.0,790500.0,700.0,0.0,-700.0,706150.0
2025-12-21,13:45,202506050608,08,中山,3歳以上1勝クラス,1勝クラス,1800,ダート,重,16,9,マリンバンカー,岩部純二,13.0,76.8,70.7,-7.94,-0.0828,0.01176,7.35,0.01789,0.01132,1.581,1.265,1.0,9,不的中,0,52.4,0.0,1000.0,0.0,-1000.0,789500.0,300.0,0.0,-300.0,705850.0
2025-12-21,14:40,202507050610,10,中京,名古屋日刊スポーツ杯(2勝),2勝クラス,2000,芝,稍重,10,6,ショウナンバルドル,丸山元気,6.0,30.0,13.9,-53.67,-0.7693,0.08566,6.78,0.10124,0.05755,1.759,1.4073,1.0,3,不的中,0,11.5,0.0,1000.0,0.0,-1000.0,788500.0,2300.0,0.0,-2300.0,703550.0
2025-12-21,14:50,202506050610,10,中山,北総ステークス(3勝),3勝クラス,1800,ダート,重,15,5,ラフエイジアン,北村宏司,10.0,64.6,60.3,-6.66,-0.0689,0.01372,9.23,0.0334,0.01327,2.517,2.0137,1.0,4,不的中,0,59.8,0.0,1000.0,0.0,-1000.0,787500.0,1300.0,0.0,-1300.0,702250.0
2025-12-21,16:01,202507050612,12,中京,尾張特別(2勝),2勝クラス,1400,芝,稍重,18,7,タイキヴァンクール,小崎綾也,13.0,53.4,39.0,-26.97,-0.3142,0.02416,10.4,0.0352,0.02051,1.716,1.3728,1.0,3,不的中,0,34.7,0.0,1000.0,0.0,-1000.0,786500.0,700.0,0.0,-700.0,699450.0
2025-12-21,16:01,202507050612,12,中京,尾張特別(2勝),2勝クラス,1400,芝,稍重,18,10,バンブルビー,石田拓郎,7.0,18.4,12.8,-30.43,-0.3629,0.07507,10.4,0.10516,0.0625,1.683,1.3461,2.0,9,不的中,0,12.6,0.0,1000.0,0.0,-1000.0,785500.0,2100.0,0.0,-2100.0,699450.0
2025-12-27,09:45,202509050701,01,阪神,2歳未勝利,未勝利,1200,ダート,稍重,15,1,ザキノフレンズ,富田暁,11.0,133.7,91.2,-31.79,-0.3825,0.01093,4.33,0.01657,0.00877,1.889,1.5108,1.0,15,不的中,0,91.2,0.0,1000.0,0.0,-1000.0,784500.0,400.0,0.0,-400.0,698350.0
2025-12-27,09:45,202509050701,01,阪神,2歳未勝利,未勝利,1200,ダート,稍重,15,14,イーグルチョイス,ジェルー,8.0,52.5,28.9,-44.95,-0.597,0.0376,4.33,0.0442,0.02768,1.597,1.2773,2.0,14,不的中,0,28.9,0.0,1000.0,0.0,-1000.0,783500.0,700.0,0.0,-700.0,698350.0
2025-12-27,10:00,202506050701,01,中山,2歳未勝利,未勝利,1200,ダート,稍重,15,3,ドレドレ,津村明秀,10.0,55.9,46.7,-16.46,-0.1798,0.02026,6.5,0.02881,0.01713,1.682,1.3457,1.0,6,不的中,0,46.7,0.0,1000.0,0.0,-1000.0,782500.0,600.0,0.0,-600.0,697750.0
2025-12-27,11:30,202506050704,04,中山,2歳未勝利,未勝利,2000,芝,良,18,3,シルバーゴールド,吉田豊,9.0,42.3,40.1,-5.2,-0.0534,0.0203,9.54,0.03422,0.01995,1.716,1.3724,1.0,2,不的中,0,40.1,0.0,1000.0,0.0,-1000.0,781500.0,700.0,0.0,-700.0,697050.0
2025-12-27,12:05,202509050705,05,阪神,2歳新馬,新馬,2000,芝,良,14,4,ロサルゴサ,森田誠也,10.0,53.7,47.8,-10.99,-0.1164,0.01894,6.8,0.02717,0.01674,1.624,1.299,1.0,7,不的中,0,47.8,0.0,1000.0,0.0,-1000.0,780500.0,500.0,0.0,-500.0,696550.0
2025-12-27,12:20,202506050705,05,中山,2歳新馬,新馬,1600,芝,良,16,10,ラルルジェンヌ,津村明秀,7.0,22.0,16.1,-26.82,-0.3122,0.06036,6.97,0.09246,0.04969,1.861,1.4886,1.0,2,不的中,0,16.1,0.0,1000.0,0.0,-1000.0,779500.0,2300.0,0.0,-2300.0,694250.0
2025-12-27,12:35,202509050706,06,阪神,2歳新馬,新馬,1800,ダート,稍重,11,3,サンセットロード,古川奈穂,8.0,24.8,23.4,-5.65,-0.0581,0.03522,6.4,0.08229,0.03419,2.407,1.9255,1.0,5,不的中,0,23.4,0.0,1000.0,0.0,-1000.0,778500.0,2900.0,0.0,-2900.0,691350.0
2025-12-27,13:20,202506050707,07,中山,3歳以上1勝クラス,1勝クラス,2200,芝,良,18,10,ストラニエーロ,佐々木大,15.0,106.5,67.6,-36.53,-0.4545,0.01491,8.88,0.03422,0.01183,2.892,2.3136,1.0,10,不的中,0,67.6,0.0,1000.0,0.0,-1000.0,777500.0,1400.0,0.0,-1400.0,686550.0
2025-12-27,13:20,202506050707,07,中山,3歳以上1勝クラス,1勝クラス,2200,芝,良,18,8,キョウエイグッド,木幡巧也,13.0,72.2,41.0,-43.21,-0.5659,0.02555,8.88,0.04361,0.01951,2.235,1.7882,2.0,6,不的中,0,41.0,0.0,1000.0,0.0,-1000.0,776500.0,1400.0,0.0,-1400.0,686550.0
2025-12-27,13:20,202506050707,07,中山,3歳以上1勝クラス,1勝クラス,2200,芝,良,18,17,マイネルアレス,石川裕紀,5.0,20.9,14.2,-32.06,-0.3865,0.06914,8.88,0.09618,0.05634,1.707,1.3658,3.0,14,不的中,0,14.2,0.0,1000.0,0.0,-1000.0,775500.0,2000.0,0.0,-2000.0,686550.0
2025-12-27,13:50,202506050708,08,中山,3歳以上1勝クラス,1勝クラス,1800,ダート,稍重,16,8,ノアチュロス,丹内祐次,10.0,69.5,53.9,-22.45,-0.2542,0.01707,9.45,0.03589,0.01484,2.418,1.9346,1.0,11,不的中,0,53.9,0.0,1000.0,0.0,-1000.0,774500.0,1300.0,0.0,-1300.0,685250.0
2025-12-27,15:45,202506050711,11,中山,第42回ホープフルステークス(GI),G1,2000,芝,良,16,16,オルフセン,岩田望来,8.0,33.6,29.8,-11.31,-0.12,0.03595,74.14,0.04314,0.02685,1.607,1.2856,1.0,6,不的中,0,29.9,0.0,1000.0,0.0,-1000.0,773500.0,700.0,0.0,-700.0,684550.0
2025-12-28,09:35,202509050801,01,阪神,2歳未勝利,未勝利,1800,ダート,良,13,6,バンブトンコール,西塚洸二,9.0,59.1,38.0,-35.7,-0.4416,0.02795,4.88,0.03992,0.02105,1.896,1.5171,1.0,6,不的中,0,32.7,0.0,1000.0,0.0,-1000.0,772500.0,1000.0,0.0,-1000.0,683550.0
2025-12-28,09:50,202506050801,01,中山,2歳未勝利,未勝利,1200,ダート,良,16,16,ピュール,木幡巧也,12.0,103.9,93.3,-10.2,-0.1076,0.00907,7.34,0.01678,0.00857,1.957,1.5655,1.0,1,的中,1,96.7,9670.0,1000.0,96700.0,95700.0,868200.0,500.0,48350.0,47850.0,730100.0
2025-12-28,09:50,202506050801,01,中山,2歳未勝利,未勝利,1200,ダート,良,16,15,オテモヤン,遠藤汰月,5.0,18.1,14.0,-22.65,-0.2569,0.06571,7.34,0.08807,0.05714,1.541,1.233,2.0,8,不的中,0,14.1,0.0,1000.0,0.0,-1000.0,867200.0,1300.0,0.0,-1300.0,730100.0
2025-12-28,11:50,202506050805,05,中山,2歳新馬,新馬,1800,ダート,良,16,14,ブレイブシュガー,長浜鴻緒,11.0,72.0,65.0,-9.72,-0.1023,0.01283,9.38,0.01855,0.01231,1.507,1.2054,1.0,9,不的中,0,65.0,0.0,1000.0,0.0,-1000.0,866200.0,300.0,0.0,-300.0,729800.0
2025-12-28,12:25,202509050806,06,阪神,2歳新馬,新馬,1600,芝,良,16,14,リノルアナ,酒井学,7.0,25.2,15.6,-38.1,-0.4796,0.07248,7.86,0.08728,0.05128,1.702,1.3616,1.0,7,不的中,0,15.6,0.0,1000.0,0.0,-1000.0,865200.0,1900.0,0.0,-1900.0,727900.0
2025-12-28,12:55,202509050807,07,阪神,3歳以上1勝クラス,1勝クラス,1400,ダート,良,16,13,ハイクライテリア,国分優作,10.0,88.8,82.8,-6.76,-0.07,0.00986,9.27,0.01566,0.00966,1.621,1.2969,1.0,8,不的中,0,82.8,0.0,1000.0,0.0,-1000.0,864200.0,300.0,0.0,-300.0,727600.0
2025-12-28,13:25,202509050808,08,阪神,3歳以上2勝クラス,2勝クラス,1800,ダート,良,13,6,メイケイロゼッタ,酒井学,9.0,47.3,38.5,-18.6,-0.2059,0.02339,8.6,0.04294,0.02078,2.067,1.6533,1.0,9,不的中,0,38.5,0.0,1000.0,0.0,-1000.0,863200.0,1300.0,0.0,-1300.0,726300.0
2025-12-28,14:00,202509050809,09,阪神,フォーチュンカップ(2勝),2勝クラス,1600,芝,良,12,3,レモンバーム,田山旺佑,11.0,62.9,54.0,-14.15,-0.1526,0.01712,11.11,0.03201,0.01481,2.161,1.7286,1.0,3,不的中,0,54.1,0.0,1000.0,0.0,-1000.0,862200.0,1000.0,0.0,-1000.0,724300.0
2025-12-28,14:00,202509050809,09,阪神,フォーチュンカップ(2勝),2勝クラス,1600,芝,良,12,10,デファイ,斎藤新,10.0,41.4,32.9,-20.53,-0.2298,0.02999,11.11,0.04314,0.02432,1.774,1.4194,2.0,9,不的中,0,32.9,0.0,1000.0,0.0,-1000.0,861200.0,1000.0,0.0,-1000.0,724300.0
2025-12-28,15:15,202509050811,11,阪神,ギャラクシーS(OP),オープン,1400,ダート,良,16,8,スマートサニー,小沢大仁,9.0,35.9,27.5,-23.4,-0.2666,0.04245,16.18,0.0463,0.02909,1.592,1.2733,1.0,6,不的中,0,26.2,0.0,1000.0,0.0,-1000.0,860200.0,800.0,0.0,-800.0,723500.0
2025-12-28,15:40,202506050811,11,中山,第70回有馬記念(GI),G1,2500,芝,良,16,3,ジャスティンパレス,団野大成,5.0,13.8,12.7,-7.97,-0.0831,0.12082,656.2,0.09777,0.06299,1.552,1.2417,1.0,7,不的中,0,12.7,0.0,1000.0,0.0,-1000.0,859200.0,1500.0,0.0,-1500.0,722000.0
2026-01-04,09:50,202608010101,01,京都,3歳未勝利,未勝利,1200,ダート,良,16,12,ジョーヴェスタ,池添謙一,12.0,131.4,121.5,-7.53,-0.0783,0.00703,6.37,0.01347,0.00658,2.045,1.6361,1.0,16,不的中,0,112.7,0.0,1000.0,0.0,-1000.0,858200.0,400.0,0.0,-400.0,721600.0
2026-01-04,10:20,202608010102,02,京都,3歳未勝利,未勝利,1800,ダート,良,16,13,サマーナジュム,松本大輝,12.0,125.1,116.2,-7.11,-0.0738,0.00741,5.39,0.01312,0.00688,1.906,1.5246,1.0,13,不的中,0,107.9,0.0,1000.0,0.0,-1000.0,857200.0,400.0,0.0,-400.0,721200.0
2026-01-04,13:55,202606010108,08,中山,4歳以上1勝クラス,1勝クラス,1200,ダート,稍重,16,12,レインボーラッキー,横山琉人,8.0,29.6,16.2,-45.27,-0.6028,0.06937,7.44,0.0935,0.04938,1.893,1.5146,1.0,3,不的中,0,14.8,0.0,1000.0,0.0,-1000.0,856200.0,2500.0,0.0,-2500.0,718700.0
2026-01-04,15:30,202608010111,11,京都,第64回スポニチ賞京都金杯(GIII),G3,1600,芝,良,18,11,ファーヴェント,松山弘平,5.0,17.1,11.3,-33.92,-0.4143,0.12894,46.08,0.13198,0.0708,1.864,1.4914,1.0,2,不的中,0,11.3,0.0,1000.0,0.0,-1000.0,855200.0,3500.0,0.0,-3500.0,713900.0
2026-01-04,15:30,202608010111,11,京都,第64回スポニチ賞京都金杯(GIII),G3,1600,芝,良,18,16,クルゼイロドスル,武豊,9.0,32.1,25.7,-19.94,-0.2224,0.04594,46.08,0.05623,0.03113,1.806,1.4451,2.0,7,不的中,0,25.7,0.0,1000.0,0.0,-1000.0,854200.0,1300.0,0.0,-1300.0,713900.0
2026-01-04,15:45,202606010111,11,中山,第75回日刊スポ賞中山金杯(GIII),G3,2000,芝,良,14,9,マイネルオーシャン,矢野貴之,8.0,23.1,18.4,-20.35,-0.2275,0.06131,58.89,0.07784,0.04348,1.79,1.4322,1.0,10,不的中,0,18.4,0.0,1000.0,0.0,-1000.0,853200.0,1800.0,0.0,-1800.0,712100.0
2026-01-04,16:25,202606010112,12,中山,4歳以上2勝クラス,2勝クラス,1200,ダート,稍重,16,6,ヒストリアイ,原優介,8.0,30.8,27.8,-9.74,-0.1025,0.03122,19.43,0.04983,0.02878,1.732,1.3853,1.0,12,不的中,0,26.1,0.0,1000.0,0.0,-1000.0,852200.0,1100.0,0.0,-1100.0,711000.0
2026-01-05,10:05,202606010201,01,中山,3歳未勝利,未勝利,1200,ダート,稍重,16,13,オスロクィーン,石神深道,7.0,49.5,28.8,-41.82,-0.5416,0.04091,4.83,0.0593,0.02778,2.135,1.7078,1.0,13,不的中,0,27.4,0.0,1000.0,0.0,-1000.0,851200.0,1900.0,0.0,-1900.0,709100.0
2026-01-05,11:35,202606010204,04,中山,4歳以上1勝クラス,1勝クラス,2400,ダート,稍重,13,4,ファミーユウルーズ,武藤雅,5.0,14.7,13.4,-8.84,-0.0926,0.06384,4.52,0.11439,0.0597,1.916,1.5328,1.0,8,不的中,0,13.4,0.0,1000.0,0.0,-1000.0,850200.0,3100.0,0.0,-3100.0,705200.0
2026-01-05,11:35,202606010204,04,中山,4歳以上1勝クラス,1勝クラス,2400,ダート,稍重,13,7,カイトヴィント,石神深道,11.0,61.6,47.5,-22.89,-0.2599,0.02015,4.52,0.03078,0.01684,1.828,1.4622,2.0,9,不的中,0,47.5,0.0,1000.0,0.0,-1000.0,849200.0,800.0,0.0,-800.0,705200.0
2026-01-05,12:55,202606010206,06,中山,3歳未勝利,未勝利,2000,芝,良,18,6,マーゴットライズ,菊沢一樹,7.0,48.3,27.8,-42.44,-0.5524,0.03686,6.93,0.05592,0.02878,1.943,1.5545,1.0,17,不的中,0,27.8,0.0,1000.0,0.0,-1000.0,848200.0,1500.0,0.0,-1500.0,703200.0
2026-01-05,12:55,202606010206,06,中山,3歳未勝利,未勝利,2000,芝,良,18,7,サトノワーグナー,三浦皇成,9.0,33.6,31.4,-6.55,-0.0677,0.02623,6.93,0.03825,0.02548,1.501,1.201,2.0,3,不的中,0,31.4,0.0,1000.0,0.0,-1000.0,847200.0,500.0,0.0,-500.0,703200.0
2026-01-05,15:45,202606010211,11,中山,サンライズステークス(3勝),3勝クラス,1200,芝,良,14,11,イサチルシーサイド,木幡初也,7.0,27.6,17.4,-36.96,-0.4613,0.06579,18.59,0.08655,0.04598,1.883,1.506,1.0,2,不的中,0,17.4,0.0,1000.0,0.0,-1000.0,846200.0,2200.0,0.0,-2200.0,699800.0
2026-01-05,15:45,202606010211,11,中山,サンライズステークス(3勝),3勝クラス,1200,芝,良,14,7,スコーピオン,武藤雅,14.0,86.8,77.8,-10.37,-0.1095,0.01153,18.59,0.01592,0.01028,1.548,1.2385,2.0,9,不的中,0,77.8,0.0,1000.0,0.0,-1000.0,845200.0,300.0,0.0,-300.0,699800.0
2026-01-05,15:45,202606010211,11,中山,サンライズステークス(3勝),3勝クラス,1200,芝,良,14,9,アシャカタカ,菊沢一樹,8.0,26.2,19.7,-24.81,-0.2851,0.05237,18.59,0.06208,0.04061,1.529,1.2229,3.0,14,不的中,0,19.7,0.0,1000.0,0.0,-1000.0,844200.0,900.0,0.0,-900.0,699800.0
2026-01-10,10:05,202606010301,01,中山,3歳未勝利,未勝利,1200,ダート,良,16,10,フェルアフリーゼ,長浜鴻緒,5.0,44.2,27.8,-37.1,-0.4637,0.0396,6.49,0.05429,0.02878,1.887,1.5093,1.0,3,不的中,0,27.8,0.0,1000.0,0.0,-1000.0,843200.0,1400.0,0.0,-1400.0,698400.0
2026-01-10,10:20,202608010302,02,京都,3歳未勝利,未勝利,1900,ダート,良,14,10,シャローファースト,岩田康誠,6.0,20.9,18.0,-13.88,-0.1494,0.04925,4.58,0.09148,0.04444,2.058,1.6466,1.0,6,不的中,0,15.3,0.0,1000.0,0.0,-1000.0,842200.0,2700.0,0.0,-2700.0,695700.0
2026-01-10,10:35,202606010302,02,中山,3歳未勝利,未勝利,1800,ダート,良,16,6,ビリージェイ,大野拓弥,11.0,112.7,89.4,-20.67,-0.2316,0.01047,4.88,0.01421,0.00895,1.588,1.2704,1.0,9,不的中,0,81.1,0.0,1000.0,0.0,-1000.0,841200.0,300.0,0.0,-300.0,695400.0
2026-01-10,11:05,202606010303,03,中山,3歳未勝利,未勝利,1200,ダート,良,16,8,タイセイエキサイト,菊沢一樹,14.0,133.6,112.2,-16.02,-0.1746,0.00794,6.34,0.01644,0.00713,2.306,1.8444,1.0,9,不的中,0,112.2,0.0,1000.0,0.0,-1000.0,840200.0,600.0,0.0,-600.0,694800.0
2026-01-10,12:10,202608010305,05,京都,3歳未勝利,未勝利,1600,芝,良,18,4,プルーフリーディン,鮫島克駿,13.0,122.2,108.5,-11.21,-0.1189,0.00843,7.85,0.01436,0.00737,1.948,1.5582,1.0,8,不的中,0,116.0,0.0,1000.0,0.0,-1000.0,839200.0,400.0,0.0,-400.0,707480.0
2026-01-10,12:10,202608010305,05,京都,3歳未勝利,未勝利,1600,芝,良,18,6,ダンデノン,北村友一,7.0,35.0,27.8,-20.57,-0.2303,0.03677,7.85,0.04356,0.02878,1.514,1.211,2.0,1,的中,1,22.8,2280.0,1000.0,22800.0,21800.0,861000.0,600.0,13680.0,13080.0,707480.0
2026-01-10,12:40,202608010306,06,京都,3歳未勝利,未勝利,2400,芝,良,18,3,フォーシーファイン,団野大成,8.0,28.3,18.7,-33.92,-0.4143,0.05331,6.32,0.07713,0.04278,1.803,1.4424,1.0,12,不的中,0,17.4,0.0,1000.0,0.0,-1000.0,860000.0,1800.0,0.0,-1800.0,705280.0
2026-01-10,12:40,202608010306,06,京都,3歳未勝利,未勝利,2400,芝,良,18,16,ヒラボクソライア,松若風馬,10.0,44.9,39.4,-12.25,-0.1307,0.02205,6.32,0.03078,0.0203,1.516,1.2129,2.0,10,不的中,0,38.9,0.0,1000.0,0.0,-1000.0,859000.0,400.0,0.0,-400.0,705280.0
2026-01-10,12:55,202606010306,06,中山,4歳以上1勝クラス,1勝クラス,1800,ダート,良,16,3,タリスマン,伊藤工真,15.0,138.3,124.7,-9.83,-0.1035,0.00687,6.26,0.01952,0.00642,3.043,2.4346,1.0,8,不的中,0,130.9,0.0,1000.0,0.0,-1000.0,858000.0,900.0,0.0,-900.0,703380.0
2026-01-10,12:55,202606010306,06,中山,4歳以上1勝クラス,1勝クラス,1800,ダート,良,16,8,ナムラジミー,丸田恭介,13.0,67.2,60.5,-9.97,-0.105,0.01418,6.26,0.02946,0.01322,2.228,1.7821,2.0,7,不的中,0,58.3,0.0,1000.0,0.0,-1000.0,857000.0,1000.0,0.0,-1000.0,703380.0
2026-01-10,14:55,202608010310,10,京都,鹿ケ谷特別(2勝),2勝クラス,1200,芝,良,18,8,ソングオブライフ,菱田裕二,6.0,24.6,16.8,-31.71,-0.3814,0.06968,9.47,0.07857,0.04762,1.65,1.3199,1.0,8,不的中,0,12.2,0.0,1000.0,0.0,-1000.0,856000.0,1500.0,0.0,-1500.0,701880.0
2026-01-10,15:30,202608010311,11,京都,すばるステークス(L),リステッド,1400,ダート,良,16,6,エコロガイア,松本大輝,11.0,96.7,78.3,-19.03,-0.2111,0.01459,16.39,0.01571,0.01022,1.537,1.2299,1.0,6,不的中,0,73.6,0.0,1000.0,0.0,-1000.0,855000.0,300.0,0.0,-300.0,701580.0
2026-01-10,15:45,202606010311,11,中山,迎春ステークス(3勝),3勝クラス,2200,芝,良,17,3,グロッシェン,木幡巧也,12.0,114.9,93.8,-18.36,-0.2029,0.01036,19.9,0.01347,0.00853,1.579,1.2631,1.0,12,不的中,0,74.8,0.0,1000.0,0.0,-1000.0,854000.0,200.0,0.0,-200.0,701380.0
2026-01-10,16:25,202606010312,12,中山,4歳以上1勝クラス,1勝クラス,1200,ダート,良,16,12,プルシャプラ,北村宏司,9.0,49.8,29.1,-41.57,-0.5373,0.03466,14.06,0.05481,0.02749,1.994,1.595,1.0,6,不的中,0,28.8,0.0,1000.0,0.0,-1000.0,853000.0,1500.0,0.0,-1500.0,699880.0
2026-01-11,10:05,202606010401,01,中山,3歳未勝利,未勝利,1200,ダート,良,16,5,タイキプレジール,石橋脩,5.0,26.0,16.4,-36.92,-0.4608,0.06342,6.4,0.07646,0.04878,1.567,1.2539,1.0,5,不的中,0,16.4,0.0,1000.0,0.0,-1000.0,852000.0,1200.0,0.0,-1200.0,698680.0
2026-01-11,10:35,202606010402,02,中山,3歳未勝利,未勝利,1800,ダート,良,16,10,ビーチイン,丹内祐次,11.0,91.5,76.0,-16.94,-0.1856,0.01189,5.97,0.02326,0.01053,2.21,1.7678,1.0,7,不的中,0,76.1,0.0,1000.0,0.0,-1000.0,851000.0,800.0,0.0,-800.0,697880.0
2026-01-11,12:55,202606010406,06,中山,3歳未勝利,未勝利,2200,芝,良,18,9,ゴールドエンバー,木幡初也,13.0,133.6,113.0,-15.42,-0.1675,0.00802,6.21,0.01347,0.00708,1.902,1.5217,1.0,7,不的中,0,113.5,0.0,1000.0,0.0,-1000.0,850000.0,400.0,0.0,-400.0,696880.0
2026-01-11,12:55,202606010406,06,中山,3歳未勝利,未勝利,2200,芝,良,18,10,ワールドブレイヴ,丸山元気,11.0,109.0,85.7,-21.38,-0.2405,0.01109,6.21,0.01571,0.00933,1.683,1.3461,2.0,9,不的中,0,84.4,0.0,1000.0,0.0,-1000.0,849000.0,300.0,0.0,-300.0,696880.0
2026-01-11,12:55,202606010406,06,中山,3歳未勝利,未勝利,2200,芝,良,18,17,アグアフレスカ,北村宏司,10.0,90.8,79.8,-12.11,-0.1291,0.01106,6.21,0.01571,0.01003,1.567,1.2535,3.0,8,不的中,0,79.5,0.0,1000.0,0.0,-1000.0,848000.0,300.0,0.0,-300.0,696880.0
2026-01-11,13:10,202608010407,07,京都,4歳以上1勝クラス,1勝クラス,2000,芝,良,14,13,ニホンピロデヴィン,武豊,6.0,12.3,11.5,-6.5,-0.0673,0.07157,8.23,0.10718,0.06957,1.541,1.2325,1.0,11,不的中,0,11.5,0.0,1000.0,0.0,-1000.0,847000.0,1600.0,0.0,-1600.0,695280.0
2026-01-11,14:50,202608010410,10,京都,新春ステークス(3勝),3勝クラス,1600,芝,良,15,1,ラーンザロープス,菱田裕二,11.0,41.6,35.0,-15.87,-0.1728,0.02753,11.71,0.04339,0.02286,1.898,1.5187,1.0,4,不的中,0,35.0,0.0,1000.0,0.0,-1000.0,846000.0,1100.0,0.0,-1100.0,692280.0
2026-01-11,14:50,202608010410,10,京都,新春ステークス(3勝),3勝クラス,1600,芝,良,15,10,スズカダブル,団野大成,6.0,20.8,15.1,-27.4,-0.3203,0.07216,11.71,0.09165,0.05298,1.73,1.3839,2.0,9,不的中,0,15.1,0.0,1000.0,0.0,-1000.0,845000.0,1900.0,0.0,-1900.0,692280.0
2026-01-11,16:10,202608010412,12,京都,3歳未勝利,未勝利,1800,芝,良,18,7,リン,藤岡佑介,7.0,19.3,14.0,-27.46,-0.321,0.07598,14.5,0.09775,0.05714,1.711,1.3684,1.0,4,不的中,0,14.0,0.0,1000.0,0.0,-1000.0,844000.0,2000.0,0.0,-2000.0,689280.0
2026-01-11,16:10,202608010412,12,京都,3歳未勝利,未勝利,1800,芝,良,18,15,シートゥサミット,坂井瑠星,9.0,30.8,20.4,-33.77,-0.412,0.05517,14.5,0.06208,0.03922,1.583,1.2664,2.0,17,不的中,0,20.4,0.0,1000.0,0.0,-1000.0,843000.0,1000.0,0.0,-1000.0,689280.0
2026-01-11,16:25,202606010412,12,中山,4歳以上2勝クラス,2勝クラス,1200,ダート,良,16,6,エチャケナ,伊藤工真,11.0,69.5,65.5,-5.76,-0.0593,0.0127,17.15,0.02962,0.01221,2.425,1.9402,1.0,5,不的中,0,65.4,0.0,1000.0,0.0,-1000.0,842000.0,1100.0,0.0,-1100.0,713580.0
2026-01-11,16:25,202606010412,12,中山,4歳以上2勝クラス,2勝クラス,1200,ダート,良,16,12,スプランドゥール,石神深道,8.0,42.6,33.5,-21.36,-0.2403,0.0283,17.15,0.04268,0.02388,1.787,1.4299,2.0,1,的中,1,26.4,2640.0,1000.0,26400.0,25400.0,867400.0,1000.0,26400.0,25400.0,713580.0
2026-01-12,10:05,202608010501,01,京都,3歳未勝利,未勝利,1200,ダート,良,16,13,ヤマニンフェイエル,松山弘平,7.0,34.4,27.0,-21.51,-0.2422,0.03558,6.67,0.04766,0.02963,1.609,1.2868,1.0,10,不的中,0,27.0,0.0,1000.0,0.0,-1000.0,866400.0,800.0,0.0,-800.0,712780.0
2026-01-12,10:20,202606010502,02,中山,3歳未勝利,未勝利,1800,ダート,良,16,14,フラクタル,石橋脩,12.0,155.2,145.4,-6.31,-0.0652,0.00571,5.18,0.01592,0.0055,2.893,2.3146,1.0,11,不的中,0,152.4,0.0,1000.0,0.0,-1000.0,865400.0,700.0,0.0,-700.0,712080.0
2026-01-12,10:50,202606010503,03,中山,3歳未勝利,未勝利,1800,ダート,良,16,13,アデルフィー,菊沢一樹,10.0,47.0,33.3,-29.15,-0.3446,0.0279,6.25,0.04544,0.02402,1.891,1.513,1.0,9,不的中,0,30.7,0.0,1000.0,0.0,-1000.0,864400.0,1200.0,0.0,-1200.0,710880.0
2026-01-12,12:25,202608010505,05,京都,3歳新馬,新馬,1600,芝,良,18,17,オースミサイファー,国分恭介,11.0,57.8,45.7,-20.93,-0.2349,0.02103,6.53,0.03078,0.01751,1.758,1.4068,1.0,5,不的中,0,45.7,0.0,1000.0,0.0,-1000.0,863400.0,700.0,0.0,-700.0,710180.0
2026-01-12,12:40,202606010506,06,中山,3歳未勝利,未勝利,2000,芝,良,18,5,ウインベルチェーロ,長浜鴻緒,12.0,66.4,56.2,-15.36,-0.1668,0.01576,7.19,0.02922,0.01423,2.053,1.6424,1.0,13,不的中,0,54.5,0.0,1000.0,0.0,-1000.0,862400.0,900.0,0.0,-900.0,708180.0
2026-01-12,12:40,202606010506,06,中山,3歳未勝利,未勝利,2000,芝,良,18,13,マナイアカラニ,菊沢一樹,7.0,41.5,22.1,-46.75,-0.6301,0.04813,7.19,0.05996,0.0362,1.656,1.3252,2.0,7,不的中,0,20.7,0.0,1000.0,0.0,-1000.0,861400.0,1100.0,0.0,-1100.0,708180.0
2026-01-12,13:10,202606010507,07,中山,4歳以上1勝クラス,1勝クラス,1800,ダート,良,15,3,ノアチュロス,杉原誠人,13.0,230.3,138.6,-39.82,-0.5078,0.00744,6.5,0.01571,0.00577,2.721,2.1771,1.0,5,不的中,0,138.6,0.0,1000.0,0.0,-1000.0,860400.0,700.0,0.0,-700.0,706980.0
2026-01-12,13:10,202606010507,07,中山,4歳以上1勝クラス,1勝クラス,1800,ダート,良,15,13,ライズトゥザトップ,石橋脩,11.0,61.2,57.7,-5.72,-0.0589,0.01428,6.5,0.02353,0.01386,1.697,1.3575,2.0,9,不的中,0,57.7,0.0,1000.0,0.0,-1000.0,859400.0,500.0,0.0,-500.0,706980.0
2026-01-12,13:55,202608010508,08,京都,4歳以上1勝クラス,1勝クラス,1900,ダート,良,15,4,ロードシュヴァリエ,中井裕二,6.0,26.0,20.8,-20.0,-0.2231,0.04374,7.14,0.0666,0.03846,1.732,1.3852,1.0,6,不的中,0,20.8,0.0,1000.0,0.0,-1000.0,858400.0,1400.0,0.0,-1400.0,705580.0
2026-01-12,14:15,202606010509,09,中山,成田特別(2勝),2勝クラス,2400,ダート,良,16,9,インジケーター,北村宏司,12.0,64.6,56.0,-13.31,-0.1429,0.01609,7.69,0.03078,0.01429,2.155,1.7239,1.0,13,不的中,0,56.0,0.0,1000.0,0.0,-1000.0,857400.0,1000.0,0.0,-1000.0,702880.0
2026-01-12,14:15,202606010509,09,中山,成田特別(2勝),2勝クラス,2400,ダート,良,16,14,コスモコンフェルマ,丹内祐次,11.0,60.6,55.2,-8.91,-0.0933,0.01564,7.69,0.02371,0.01449,1.636,1.3087,2.0,11,不的中,0,55.2,0.0,1000.0,0.0,-1000.0,856400.0,500.0,0.0,-500.0,702880.0
2026-01-12,14:15,202606010509,09,中山,成田特別(2勝),2勝クラス,2400,ダート,良,16,12,トクシースタローン,木幡巧也,7.0,17.7,13.7,-22.6,-0.2562,0.0715,7.69,0.08774,0.05839,1.503,1.202,3.0,5,不的中,0,13.7,0.0,1000.0,0.0,-1000.0,855400.0,1200.0,0.0,-1200.0,702880.0
2026-01-12,14:50,202606010510,10,中山,初春ステークス(3勝),3勝クラス,1200,ダート,良,16,9,ビバップ,荻野極,5.0,30.2,18.0,-40.4,-0.5175,0.06801,10.33,0.08063,0.04444,1.814,1.4513,1.0,16,不的中,0,13.6,0.0,1000.0,0.0,-1000.0,854400.0,1900.0,0.0,-1900.0,700980.0
2026-01-12,15:30,202606010511,11,中山,ニューイヤーS(L),リステッド,1600,芝,良,14,3,タシット,三浦皇成,6.0,19.1,14.3,-25.13,-0.2894,0.08054,20.37,0.08808,0.05594,1.574,1.2595,1.0,5,不的中,0,14.3,0.0,1000.0,0.0,-1000.0,853400.0,1400.0,0.0,-1400.0,699580.0
2026-01-12,15:45,202608010511,11,京都,第60回日刊スポシンザン記念(GIII),G3,1600,芝,良,16,8,トミーバローズ,坂井瑠星,10.0,25.7,20.0,-22.18,-0.2508,0.06027,53.55,0.07275,0.04,1.819,1.455,1.0,12,不的中,0,20.0,0.0,1000.0,0.0,-1000.0,852400.0,1700.0,0.0,-1700.0,697880.0
2026-01-12,16:10,202606010512,12,中山,4歳以上1勝クラス,1勝クラス,2000,芝,良,18,2,トレベルオール,大野拓弥,8.0,51.2,25.1,-50.98,-0.7129,0.0531,13.28,0.05882,0.03187,1.846,1.4765,1.0,3,不的中,0,25.1,0.0,1000.0,0.0,-1000.0,851400.0,1400.0,0.0,-1400.0,696480.0
2026-01-12,16:25,202608010512,12,京都,3歳未勝利,未勝利,1400,芝,良,18,17,ワトルツリー,田山旺佑,7.0,34.5,16.9,-51.01,-0.7136,0.06474,20.63,0.0925,0.04734,1.954,1.5632,1.0,10,不的中,0,16.9,0.0,1000.0,0.0,-1000.0,850400.0,2500.0,0.0,-2500.0,692880.0
2026-01-12,16:25,202608010512,12,京都,3歳未勝利,未勝利,1400,芝,良,18,10,サマーバンク,松本大輝,9.0,27.9,19.3,-30.82,-0.3685,0.05056,20.63,0.06545,0.04145,1.579,1.2633,2.0,13,不的中,0,19.3,0.0,1000.0,0.0,-1000.0,849400.0,1100.0,0.0,-1100.0,692880.0
2026-01-17,10:05,202606010601,01,中山,3歳未勝利,未勝利,1200,ダート,良,16,13,ヌクレオチド,柴田善臣,6.0,24.1,15.3,-36.51,-0.4544,0.07785,5.67,0.09775,0.05229,1.869,1.4955,1.0,3,不的中,0,11.9,0.0,1000.0,0.0,-1000.0,848400.0,2500.0,0.0,-2500.0,690380.0
2026-01-17,12:25,202606010605,05,中山,3歳未勝利,未勝利,2000,芝,良,18,7,アニゴザントス,北村宏司,13.0,82.3,77.8,-5.47,-0.0562,0.01076,7.78,0.01592,0.01028,1.548,1.2385,1.0,15,不的中,0,77.8,0.0,1000.0,0.0,-1000.0,847400.0,300.0,0.0,-300.0,690080.0
2026-01-17,12:55,202606010606,06,中山,4歳以上1勝クラス,1勝クラス,1200,ダート,良,16,16,リアルショット,木幡巧也,12.0,76.0,47.1,-38.03,-0.4785,0.02195,5.87,0.03105,0.01699,1.828,1.4626,1.0,14,不的中,0,47.1,0.0,1000.0,0.0,-1000.0,846400.0,700.0,0.0,-700.0,689380.0
2026-01-17,13:40,202608010608,08,京都,4歳以上1勝クラス,1勝クラス,1800,ダート,良,8,3,リアルスター,田口貫太,7.0,29.7,28.0,-5.72,-0.0589,0.02912,6.04,0.04356,0.02857,1.525,1.2197,1.0,8,不的中,0,26.0,0.0,1000.0,0.0,-1000.0,845400.0,600.0,0.0,-600.0,688780.0
2026-01-17,14:50,202608010610,10,京都,紅梅ステークス(L),リステッド,1400,芝,良,9,8,プレセピオ,浜中俊,4.0,19.4,10.2,-47.42,-0.6429,0.13856,13.66,0.12037,0.07843,1.535,1.2278,1.0,8,不的中,0,10.2,0.0,1000.0,0.0,-1000.0,844400.0,1800.0,0.0,-1800.0,686980.0
2026-01-17,16:10,202608010612,12,京都,4歳以上2勝クラス,2勝クラス,1600,芝,良,18,8,カズミクラーシュ,岩田望来,9.0,22.5,21.3,-5.33,-0.0548,0.03983,11.73,0.06208,0.03756,1.653,1.3223,1.0,1,的中,1,21.6,2160.0,1000.0,21600.0,20600.0,865000.0,1100.0,23760.0,22660.0,709040.0
2026-01-17,16:10,202608010612,12,京都,4歳以上2勝クラス,2勝クラス,1600,芝,良,18,17,モアリジット,古川奈穂,11.0,49.2,42.6,-13.41,-0.144,0.02183,11.73,0.03078,0.01878,1.639,1.3114,2.0,2,不的中,0,37.0,0.0,1000.0,0.0,-1000.0,864000.0,600.0,0.0,-600.0,709040.0
2026-01-17,16:25,202606010612,12,中山,4歳以上2勝クラス,2勝クラス,1200,芝,良,16,2,スムースベルベット,嶋田純次,10.0,37.4,23.0,-38.5,-0.4862,0.04516,14.3,0.0593,0.03478,1.705,1.3639,1.0,3,不的中,0,23.0,0.0,1000.0,0.0,-1000.0,863000.0,1200.0,0.0,-1200.0,707840.0
2026-01-18,10:35,202606010702,02,中山,3歳未勝利,未勝利,1800,ダート,良,16,7,サラサチャチャチャ,江田照男,10.0,72.9,51.1,-29.9,-0.3553,0.01891,6.4,0.02951,0.01566,1.885,1.508,1.0,2,不的中,0,51.1,0.0,1000.0,0.0,-1000.0,862000.0,800.0,0.0,-800.0,705340.0
2026-01-18,10:35,202606010702,02,中山,3歳未勝利,未勝利,1800,ダート,良,16,14,レヴェンドール,野中悠太,5.0,18.7,11.6,-37.97,-0.4775,0.08721,6.4,0.10718,0.06897,1.554,1.2432,2.0,6,不的中,0,11.6,0.0,1000.0,0.0,-1000.0,861000.0,1700.0,0.0,-1700.0,705340.0
2026-01-18,10:50,202608010703,03,京都,3歳未勝利,未勝利,1400,ダート,良,16,11,トリーア,鮫島克駿,13.0,155.7,123.9,-20.42,-0.2285,0.00736,5.88,0.01644,0.00646,2.546,2.0367,1.0,10,不的中,0,109.8,0.0,1000.0,0.0,-1000.0,860000.0,600.0,0.0,-600.0,704740.0
2026-01-18,13:55,202606010708,08,中山,4歳以上2勝クラス,2勝クラス,1800,ダート,良,16,16,マフィン,長浜鴻緒,14.0,240.5,137.1,-42.99,-0.562,0.0081,9.31,0.01765,0.00584,3.025,2.4203,1.0,7,不的中,0,137.1,0.0,1000.0,0.0,-1000.0,859000.0,800.0,0.0,-800.0,701740.0
2026-01-18,13:55,202606010708,08,中山,4歳以上2勝クラス,2勝クラス,1800,ダート,良,16,10,イゾラフェリーチェ,三浦皇成,5.0,20.1,13.4,-33.33,-0.4055,0.07757,9.31,0.10308,0.0597,1.727,1.3813,2.0,12,不的中,0,13.4,0.0,1000.0,0.0,-1000.0,858000.0,2200.0,0.0,-2200.0,701740.0
2026-01-18,14:50,202608010710,10,京都,大津特別(2勝),2勝クラス,1800,ダート,良,16,16,メイケイロゼッタ,酒井学,10.0,109.1,82.5,-24.38,-0.2795,0.01244,10.03,0.02297,0.0097,2.369,1.8951,1.0,11,不的中,0,67.0,0.0,1000.0,0.0,-1000.0,857000.0,800.0,0.0,-800.0,700940.0
2026-01-24,10:35,202610010102,02,小倉,3歳未勝利,未勝利,1800,芝,良,16,13,ブリックアブラック,斎藤新,9.0,111.2,76.1,-31.56,-0.3793,0.01186,5.47,0.01644,0.01051,1.564,1.251,1.0,12,不的中,0,76.1,0.0,1000.0,0.0,-1000.0,856000.0,300.0,0.0,-300.0,700640.0
2026-01-24,12:05,202608010805,05,京都,3歳未勝利,未勝利,2200,芝,良,18,16,ヒラボクソライア,角田大和,14.0,164.0,130.9,-20.18,-0.2254,0.00733,5.98,0.01347,0.00611,2.203,1.7627,1.0,12,不的中,0,126.4,0.0,1000.0,0.0,-1000.0,855000.0,500.0,0.0,-500.0,699040.0
2026-01-24,12:05,202608010805,05,京都,3歳未勝利,未勝利,2200,芝,良,18,3,プロスト,田口貫太,11.0,114.2,73.9,-35.29,-0.4352,0.01484,5.98,0.02227,0.01083,2.057,1.6455,2.0,10,不的中,0,71.8,0.0,1000.0,0.0,-1000.0,854000.0,700.0,0.0,-700.0,699040.0
2026-01-24,12:05,202608010805,05,京都,3歳未勝利,未勝利,2200,芝,良,18,6,トゥレネヴェリテ,中井裕二,13.0,135.5,126.3,-6.79,-0.0703,0.00664,5.98,0.01285,0.00633,2.029,1.6235,3.0,13,不的中,0,124.7,0.0,1000.0,0.0,-1000.0,853000.0,400.0,0.0,-400.0,699040.0
2026-01-24,12:15,202606010805,05,中山,3歳未勝利,未勝利,2200,芝,良,18,5,ウェイクフィールド,佐々木大,3.0,13.6,11.3,-16.91,-0.1853,0.08006,4.83,0.11599,0.0708,1.638,1.3107,1.0,6,不的中,0,11.4,0.0,1000.0,0.0,-1000.0,852000.0,2200.0,0.0,-2200.0,696840.0
2026-01-24,12:40,202608010806,06,京都,3歳未勝利,未勝利,1400,芝,良,17,6,アンガーザガール,角田大和,6.0,45.5,25.3,-44.4,-0.5869,0.04612,7.17,0.06686,0.03162,2.115,1.6917,1.0,2,不的中,0,21.0,0.0,1000.0,0.0,-1000.0,851000.0,2000.0,0.0,-2000.0,694540.0
2026-01-24,12:40,202608010806,06,京都,3歳未勝利,未勝利,1400,芝,良,17,9,ライゼシュトゥルム,田口貫太,11.0,97.7,84.8,-13.2,-0.1416,0.01061,7.17,0.01571,0.00943,1.665,1.332,2.0,13,不的中,0,83.1,0.0,1000.0,0.0,-1000.0,850000.0,300.0,0.0,-300.0,694540.0
2026-01-24,13:30,202610010107,07,小倉,4歳以上1勝クラス,1勝クラス,2600,芝,良,15,11,ゴールドジェスター,野中悠太,13.0,93.3,72.9,-21.86,-0.2467,0.01212,5.85,0.03063,0.01097,2.791,2.2332,1.0,14,不的中,0,72.9,0.0,1000.0,0.0,-1000.0,849000.0,1200.0,0.0,-1200.0,692340.0
2026-01-24,13:30,202610010107,07,小倉,4歳以上1勝クラス,1勝クラス,2600,芝,良,15,4,シマサンブラック,丹内祐次,8.0,25.3,21.0,-17.0,-0.1863,0.04105,5.85,0.06044,0.0381,1.586,1.2692,2.0,9,不的中,0,21.0,0.0,1000.0,0.0,-1000.0,848000.0,1000.0,0.0,-1000.0,692340.0
2026-01-24,13:40,202608010808,08,京都,4歳以上2勝クラス,2勝クラス,1200,ダート,良,15,2,モズナイスバディー,角田大和,10.0,48.4,30.8,-36.36,-0.452,0.03199,6.43,0.05882,0.02597,2.265,1.8118,1.0,15,不的中,0,30.8,0.0,1000.0,0.0,-1000.0,847000.0,1900.0,0.0,-1900.0,690440.0
2026-01-24,13:50,202606010808,08,中山,4歳以上1勝クラス,1勝クラス,1800,ダート,良,12,7,テンミラージュ,柴田善臣,9.0,66.4,52.8,-20.48,-0.2292,0.01628,6.11,0.02803,0.01515,1.85,1.4802,1.0,10,不的中,0,52.4,0.0,1000.0,0.0,-1000.0,846000.0,700.0,0.0,-700.0,689740.0
2026-01-24,14:10,202608010809,09,京都,若駒ステークス(L),リステッド,2000,芝,良,13,3,グレーヌドジョワ,田口貫太,13.0,119.0,105.7,-11.18,-0.1185,0.00822,10.63,0.01571,0.00757,2.075,1.6603,1.0,8,不的中,0,105.7,0.0,1000.0,0.0,-1000.0,845000.0,500.0,0.0,-500.0,687940.0
2026-01-24,14:10,202608010809,09,京都,若駒ステークス(L),リステッド,2000,芝,良,13,11,ラージアンサンブル,横山武史,6.0,17.3,12.3,-28.9,-0.3411,0.07997,10.63,0.09775,0.06504,1.503,1.2023,2.0,6,不的中,0,12.3,0.0,1000.0,0.0,-1000.0,844000.0,1300.0,0.0,-1300.0,687940.0
2026-01-24,14:31,202610010109,09,小倉,萌黄賞(1勝),1勝クラス,1200,芝,良,12,12,ルージュサウダージ,斎藤新,5.0,23.2,14.4,-37.93,-0.4769,0.06508,8.09,0.09165,0.05556,1.65,1.3197,1.0,1,的中,1,14.4,1440.0,1000.0,14400.0,13400.0,857400.0,1700.0,24480.0,22780.0,710720.0
2026-01-24,14:45,202608010810,10,京都,下鴨ステークス(3勝),3勝クラス,1900,ダート,良,15,2,マイノワール,武豊,4.0,18.1,14.1,-22.1,-0.2497,0.06928,8.99,0.08825,0.05674,1.555,1.2443,1.0,4,不的中,0,14.4,0.0,1000.0,0.0,-1000.0,856400.0,1400.0,0.0,-1400.0,709320.0
2026-01-24,15:05,202610010110,10,小倉,海の中道特別(2勝),2勝クラス,2600,芝,良,9,8,ブリヤディアマンテ,横山琉人,7.0,28.1,21.3,-24.2,-0.2771,0.04151,6.64,0.05882,0.03756,1.566,1.253,1.0,8,不的中,0,21.3,0.0,1000.0,0.0,-1000.0,855400.0,900.0,0.0,-900.0,708420.0
2026-01-24,15:20,202608010811,11,京都,睦月ステークス(OP),オープン,1600,芝,良,14,2,スズハローム,藤懸貴志,10.0,86.4,79.9,-7.52,-0.0782,0.01081,12.42,0.01571,0.01001,1.569,1.255,1.0,9,不的中,0,82.1,0.0,1000.0,0.0,-1000.0,854400.0,300.0,0.0,-300.0,708120.0
2026-01-24,15:30,202606010811,11,中山,初富士ステークス(3勝),3勝クラス,2000,芝,良,18,4,フレーヴァード,横山和生,8.0,49.5,23.7,-52.12,-0.7365,0.04595,12.47,0.07517,0.03376,2.227,1.7815,1.0,3,不的中,0,22.8,0.0,1000.0,0.0,-1000.0,853400.0,2500.0,0.0,-2500.0,705620.0
2026-01-24,16:25,202610010112,12,小倉,4歳以上1勝クラス,1勝クラス,1700,ダート,良,15,1,ウィズマスタング,国分恭介,10.0,64.2,39.0,-39.25,-0.4984,0.0272,12.27,0.05081,0.02051,2.477,1.9816,1.0,3,不的中,0,37.5,0.0,1000.0,0.0,-1000.0,852400.0,1900.0,0.0,-1900.0,702520.0
2026-01-24,16:25,202610010112,12,小倉,4歳以上1勝クラス,1勝クラス,1700,ダート,良,15,2,タイキジパング,柴田裕一,11.0,78.9,53.1,-32.7,-0.396,0.01913,12.27,0.02922,0.01507,1.94,1.5518,2.0,9,不的中,0,50.9,0.0,1000.0,0.0,-1000.0,851400.0,800.0,0.0,-800.0,702520.0
2026-01-24,16:25,202610010112,12,小倉,4歳以上1勝クラス,1勝クラス,1700,ダート,良,15,10,ユイノコキュウ,長岡禎仁,13.0,124.7,114.6,-8.1,-0.0845,0.00737,12.27,0.01347,0.00698,1.929,1.5432,3.0,14,不的中,0,115.6,0.0,1000.0,0.0,-1000.0,850400.0,400.0,0.0,-400.0,702520.0
2026-01-25,11:20,202608010902,02,京都,3歳未勝利,未勝利,1900,ダート,良,16,3,オーバーランダー,団野大成,11.0,126.3,90.1,-28.66,-0.3377,0.01109,5.15,0.02198,0.00888,2.476,1.9806,1.0,4,不的中,0,66.2,0.0,1000.0,0.0,-1000.0,849400.0,800.0,0.0,-800.0,701720.0
2026-01-25,11:35,202606010904,04,中山,3歳新馬,新馬,1800,ダート,良,16,15,エターナルホープ,長浜鴻緒,14.0,119.6,113.4,-5.18,-0.0532,0.00735,6.24,0.01285,0.00705,1.822,1.4577,1.0,7,不的中,0,113.2,0.0,1000.0,0.0,-1000.0,848400.0,300.0,0.0,-300.0,701120.0
2026-01-25,11:35,202606010904,04,中山,3歳新馬,新馬,1800,ダート,良,16,9,ロイヤルドリーム,木幡巧也,10.0,64.6,59.5,-7.89,-0.0822,0.01434,6.24,0.02099,0.01345,1.561,1.2488,2.0,14,不的中,0,58.7,0.0,1000.0,0.0,-1000.0,847400.0,300.0,0.0,-300.0,701120.0
2026-01-25,12:40,202608010905,05,京都,3歳新馬,新馬,1600,芝,良,18,12,イングラム,泉谷楓真,5.0,13.6,12.6,-7.35,-0.0764,0.06575,4.81,0.09625,0.06349,1.516,1.2127,1.0,13,不的中,0,12.4,0.0,1000.0,0.0,-1000.0,846400.0,1300.0,0.0,-1300.0,699820.0
2026-01-25,12:55,202606010906,06,中山,4歳以上1勝クラス,1勝クラス,1800,ダート,良,15,8,ティアップドライブ,遠藤汰月,8.0,113.5,97.1,-14.45,-0.1561,0.00901,6.83,0.01275,0.00824,1.547,1.2379,1.0,11,不的中,0,62.2,0.0,1000.0,0.0,-1000.0,845400.0,200.0,0.0,-200.0,699620.0
2026-01-25,13:55,202606010908,08,中山,4歳以上2勝クラス,2勝クラス,1200,ダート,良,15,7,キングクー,長浜鴻緒,11.0,144.1,82.5,-42.75,-0.5577,0.01354,10.27,0.0221,0.0097,2.279,1.8232,1.0,5,不的中,0,85.8,0.0,1000.0,0.0,-1000.0,844400.0,800.0,0.0,-800.0,698820.0
2026-01-25,14:50,202608010910,10,京都,山城ステークス(3勝),3勝クラス,1400,芝,良,18,13,グランデサラス,ハマーハ,9.0,29.9,23.3,-22.07,-0.2494,0.03853,8.25,0.05882,0.03433,1.713,1.3706,1.0,9,不的中,0,21.4,0.0,1000.0,0.0,-1000.0,843400.0,1200.0,0.0,-1200.0,697620.0
2026-01-25,15:30,202608010911,11,京都,第31回プロキオンステークス(GII),G2,1800,ダート,良,16,16,サンデーファンデー,角田大和,11.0,59.8,42.5,-28.93,-0.3415,0.03076,31.81,0.05635,0.01882,2.994,2.3949,1.0,2,不的中,0,43.4,0.0,1000.0,0.0,-1000.0,842400.0,2400.0,0.0,-2400.0,695220.0
2026-01-25,16:01,202610010212,12,小倉,4歳以上1勝クラス,1勝クラス,2000,芝,良,14,1,デリシュー,石田拓郎,7.0,29.8,13.5,-54.7,-0.7918,0.0726,7.97,0.09911,0.05926,1.673,1.338,1.0,5,不的中,0,13.5,0.0,1000.0,0.0,-1000.0,841400.0,1900.0,0.0,-1900.0,693320.0
2026-01-25,16:10,202608010912,12,京都,4歳以上1勝クラス,1勝クラス,1800,芝,良,9,1,アスクヴォルテージ,高杉吏麒,7.0,20.0,18.9,-5.5,-0.0566,0.04272,13.45,0.0833,0.04233,1.968,1.5744,1.0,5,不的中,0,18.9,0.0,1000.0,0.0,-1000.0,840400.0,2300.0,0.0,-2300.0,691020.0
2026-01-31,10:35,202605010102,02,東京,4歳以上1勝クラス,1勝クラス,2100,ダート,良,16,6,カイトヴィント,上里直汰,14.0,153.8,134.5,-12.55,-0.1341,0.00628,5.07,0.01436,0.00595,2.415,1.9316,1.0,8,不的中,0,114.5,0.0,1000.0,0.0,-1000.0,839400.0,500.0,0.0,-500.0,717320.0
2026-01-31,10:35,202605010102,02,東京,4歳以上1勝クラス,1勝クラス,2100,ダート,良,16,16,ダブルメッセージ,石川裕紀,11.0,50.7,33.2,-34.52,-0.4234,0.02851,5.07,0.04339,0.0241,1.801,1.4406,2.0,1,的中,1,29.9,2990.0,1000.0,29900.0,28900.0,868300.0,1000.0,29900.0,28900.0,717320.0
2026-01-31,10:35,202605010102,02,東京,4歳以上1勝クラス,1勝クラス,2100,ダート,良,16,2,ヴェラグエリエロ,長浜鴻緒,5.0,25.4,15.6,-38.58,-0.4875,0.0619,5.07,0.092,0.05128,1.794,1.4352,3.0,13,不的中,0,14.6,0.0,1000.0,0.0,-1000.0,867300.0,2100.0,0.0,-2100.0,717320.0
2026-01-31,12:40,202610010306,06,小倉,3歳未勝利,未勝利,1200,芝,良,18,15,コンフィアンサ,西塚洸二,10.0,53.8,26.4,-50.93,-0.7119,0.0402,4.62,0.08315,0.0303,2.744,2.1953,1.0,3,不的中,0,26.4,0.0,1000.0,0.0,-1000.0,866300.0,3400.0,0.0,-3400.0,713920.0
2026-01-31,13:30,202605010107,07,東京,3歳1勝クラス,1勝クラス,1600,ダート,良,16,14,ヴォーカライズ,西村淳也,6.0,18.0,12.9,-28.33,-0.3331,0.07235,9.86,0.09911,0.06202,1.598,1.2785,1.0,3,不的中,0,12.9,0.0,1000.0,0.0,-1000.0,865300.0,1700.0,0.0,-1700.0,712220.0
2026-01-31,13:40,202610010308,08,小倉,4歳以上1勝クラス,1勝クラス,1200,芝,良,18,2,スマッシュアウト,舟山瑠泉,8.0,26.5,23.0,-13.21,-0.1417,0.03635,4.56,0.05996,0.03478,1.724,1.3791,1.0,7,不的中,0,21.5,0.0,1000.0,0.0,-1000.0,864300.0,1300.0,0.0,-1300.0,710920.0
2026-01-31,15:05,202605010110,10,東京,クロッカスステークス(L),リステッド,1400,芝,良,15,8,スミッコディスコ,津村明秀,11.0,63.5,55.3,-12.91,-0.1383,0.01588,13.89,0.02868,0.01447,1.983,1.5862,1.0,6,不的中,0,55.1,0.0,1000.0,0.0,-1000.0,863300.0,800.0,0.0,-800.0,710120.0
2026-01-31,15:20,202610010311,11,小倉,巌流島ステークス(3勝),3勝クラス,1200,芝,良,18,3,デイトナモード,小崎綾也,14.0,58.1,24.9,-57.14,-0.8473,0.05082,11.28,0.09775,0.03213,3.042,2.4339,1.0,1,的中,1,24.9,2490.0,1000.0,24900.0,23900.0,887200.0,4300.0,107070.0,102770.0,811190.0
2026-01-31,15:20,202610010311,11,小倉,巌流島ステークス(3勝),3勝クラス,1200,芝,良,18,12,スコーピオン,角田大和,18.0,72.0,46.7,-35.14,-0.4329,0.02323,11.28,0.03078,0.01713,1.797,1.4376,2.0,16,不的中,0,46.7,0.0,1000.0,0.0,-1000.0,886200.0,700.0,0.0,-700.0,811190.0
2026-01-31,15:20,202610010311,11,小倉,巌流島ステークス(3勝),3勝クラス,1200,芝,良,18,2,ポエットリー,鮫島克駿,9.0,22.0,17.3,-21.36,-0.2403,0.05617,11.28,0.06997,0.04624,1.513,1.2105,3.0,6,不的中,0,17.3,0.0,1000.0,0.0,-1000.0,885200.0,1000.0,0.0,-1000.0,811190.0
2026-01-31,15:30,202608020111,11,京都,舞鶴ステークス(3勝),3勝クラス,1800,ダート,良,13,8,フラッパールック,田口貫太,9.0,60.5,55.4,-8.43,-0.0881,0.01482,12.48,0.02468,0.01444,1.709,1.367,1.0,10,不的中,0,55.5,0.0,1000.0,0.0,-1000.0,884200.0,600.0,0.0,-600.0,810590.0
2026-02-01,09:45,202610010401,01,小倉,3歳未勝利,未勝利,1700,ダート,良,16,10,ダノンシーホーク,小崎綾也,8.0,36.7,24.3,-33.79,-0.4123,0.04133,3.93,0.05631,0.03292,1.71,1.3682,1.0,11,不的中,0,24.3,0.0,1000.0,0.0,-1000.0,883200.0,1300.0,0.0,-1300.0,809290.0
2026-02-01,10:45,202610010403,03,小倉,4歳以上1勝クラス,1勝クラス,1000,ダート,良,14,6,トーアジョウトウ,舟山瑠泉,7.0,31.7,29.8,-5.99,-0.0618,0.02735,4.45,0.04339,0.02685,1.616,1.2931,1.0,1,的中,1,21.6,2160.0,1000.0,21600.0,20600.0,903800.0,900.0,19440.0,18540.0,827830.0
2026-02-01,12:35,202610010406,06,小倉,3歳未勝利,未勝利,2000,芝,良,18,2,トリニタリオ,菊沢一樹,8.0,32.3,28.8,-10.84,-0.1147,0.02909,4.1,0.04268,0.02778,1.537,1.2292,1.0,3,不的中,0,26.6,0.0,1000.0,0.0,-1000.0,902800.0,700.0,0.0,-700.0,827130.0
2026-02-01,14:15,202608020209,09,京都,衣笠特別(2勝),2勝クラス,1800,ダート,良,11,8,ウインアルドーレ,団野大成,7.0,26.6,22.1,-16.92,-0.1853,0.03871,5.84,0.05779,0.0362,1.597,1.2772,1.0,11,不的中,0,22.1,0.0,1000.0,0.0,-1000.0,901800.0,1100.0,0.0,-1100.0,826030.0
2026-02-01,14:25,202605010209,09,東京,セントポーリア賞(1勝),1勝クラス,1800,芝,良,12,7,ニシノエースサマ,ハマーハ,8.0,35.8,25.6,-28.49,-0.3354,0.03725,13.13,0.05486,0.03125,1.756,1.4045,1.0,4,不的中,0,25.6,0.0,1000.0,0.0,-1000.0,900800.0,1400.0,0.0,-1400.0,823330.0
2026-02-01,14:25,202605010209,09,東京,セントポーリア賞(1勝),1勝クラス,1800,芝,良,12,1,ブルースカイブルー,津村明秀,6.0,38.3,20.8,-45.69,-0.6105,0.05055,13.13,0.06223,0.03846,1.618,1.2945,2.0,8,不的中,0,20.8,0.0,1000.0,0.0,-1000.0,899800.0,1300.0,0.0,-1300.0,823330.0
2026-02-01,15:01,202605010210,10,東京,節分ステークス(3勝),3勝クラス,1400,芝,良,15,10,ボーモンド,ハマーハ,9.0,41.1,24.4,-40.63,-0.5214,0.04432,13.73,0.06448,0.03279,1.967,1.5734,1.0,11,不的中,0,24.4,0.0,1000.0,0.0,-1000.0,898800.0,2100.0,0.0,-2100.0,818930.0
2026-02-01,15:01,202605010210,10,東京,節分ステークス(3勝),3勝クラス,1400,芝,良,15,2,バンドシェル,西村淳也,7.0,34.3,23.7,-30.9,-0.3697,0.04277,13.73,0.06295,0.03376,1.865,1.4919,2.0,7,不的中,0,18.8,0.0,1000.0,0.0,-1000.0,897800.0,1800.0,0.0,-1800.0,818930.0
2026-02-01,15:01,202605010210,10,東京,節分ステークス(3勝),3勝クラス,1400,芝,良,15,12,リチャードバローズ,菅原明良,11.0,48.9,46.3,-5.32,-0.0546,0.01805,13.73,0.02674,0.01728,1.547,1.2379,3.0,15,不的中,0,47.1,0.0,1000.0,0.0,-1000.0,896800.0,500.0,0.0,-500.0,818930.0
2026-02-01,15:15,202610010411,11,小倉,門司ステークス(OP),オープン,1700,ダート,良,15,3,クラウンシエンタ,吉田隼人,8.0,18.0,13.5,-25.0,-0.2877,0.07169,10.77,0.09775,0.05926,1.649,1.3196,1.0,3,不的中,0,13.5,0.0,1000.0,0.0,-1000.0,895800.0,2100.0,0.0,-2100.0,816830.0
2026-02-01,15:30,202608020211,11,京都,第31回シルクロードS(GIII),G3,1200,芝,良,18,10,ナムラアトム,菱田裕二,11.0,63.9,47.6,-25.51,-0.2945,0.02657,33.71,0.03078,0.01681,1.832,1.4653,1.0,10,不的中,0,45.9,0.0,1000.0,0.0,-1000.0,894800.0,900.0,0.0,-900.0,850230.0
2026-02-01,15:30,202608020211,11,京都,第31回シルクロードS(GIII),G3,1200,芝,良,18,14,フィオライア,太宰啓介,16.0,93.1,86.0,-7.63,-0.0793,0.01094,33.71,0.01571,0.0093,1.689,1.3508,2.0,1,的中,1,87.5,8750.0,1000.0,87500.0,86500.0,981300.0,400.0,35000.0,34600.0,850230.0
2026-02-01,15:30,202608020211,11,京都,第31回シルクロードS(GIII),G3,1200,芝,良,18,3,アルテヴェローチェ,国分優作,15.0,79.7,74.2,-6.9,-0.0715,0.0125,33.71,0.01665,0.01078,1.544,1.2354,3.0,13,不的中,0,75.1,0.0,1000.0,0.0,-1000.0,980300.0,300.0,0.0,-300.0,850230.0
2026-02-01,15:45,202605010211,11,東京,第40回根岸ステークス(GIII),G3,1400,ダート,良,16,15,サントノーレ,横山典弘,7.0,29.9,19.1,-36.12,-0.4482,0.06777,51.65,0.09775,0.04188,2.334,1.8669,1.0,10,不的中,0,19.1,0.0,1000.0,0.0,-1000.0,979300.0,4100.0,0.0,-4100.0,844030.0
2026-02-01,15:45,202605010211,11,東京,第40回根岸ステークス(GIII),G3,1400,ダート,良,16,6,マテンロウコマンド,松山弘平,9.0,38.0,26.6,-30.0,-0.3567,0.04547,51.65,0.06094,0.03008,2.026,1.621,2.0,11,不的中,0,26.6,0.0,1000.0,0.0,-1000.0,978300.0,2100.0,0.0,-2100.0,844030.0
2026-02-01,16:01,202610010412,12,小倉,4歳以上1勝クラス,1勝クラス,1200,芝,良,18,14,ミエノブラボー,石田拓郎,7.0,19.5,10.8,-44.62,-0.5909,0.09044,9.24,0.11267,0.07407,1.521,1.2168,1.0,5,不的中,0,10.8,0.0,1000.0,0.0,-1000.0,977300.0,1900.0,0.0,-1900.0,840530.0
2026-02-01,16:01,202610010412,12,小倉,4歳以上1勝クラス,1勝クラス,1200,芝,良,18,3,スネーフリンガ,丸山元気,8.0,14.0,11.8,-15.71,-0.171,0.0728,9.24,0.10184,0.0678,1.502,1.2017,2.0,7,不的中,0,11.8,0.0,1000.0,0.0,-1000.0,976300.0,1600.0,0.0,-1600.0,840530.0
2026-02-01,16:25,202605010212,12,東京,3歳未勝利,未勝利,1800,芝,良,16,8,ダイユウアレグロ,岩田康誠,5.0,27.1,13.8,-49.08,-0.6749,0.08168,18.64,0.10532,0.05797,1.817,1.4534,1.0,10,不的中,0,13.8,0.0,1000.0,0.0,-1000.0,975300.0,3000.0,0.0,-3000.0,837530.0
2026-02-07,10:35,202605010302,02,東京,3歳未勝利,未勝利,1300,ダート,良,16,2,フローズンブーケ,杉原誠人,11.0,51.9,35.4,-31.79,-0.3826,0.02674,5.2,0.04356,0.0226,1.928,1.5421,1.0,11,不的中,0,32.0,0.0,1000.0,0.0,-1000.0,974300.0,1400.0,0.0,-1400.0,834330.0
2026-02-07,10:35,202605010302,02,東京,3歳未勝利,未勝利,1300,ダート,良,16,6,アジュアカレンツ,横山和生,5.0,17.1,11.3,-33.92,-0.4143,0.08464,5.2,0.10718,0.0708,1.514,1.2111,2.0,7,不的中,0,10.0,0.0,1000.0,0.0,-1000.0,973300.0,1800.0,0.0,-1800.0,834330.0
2026-02-07,12:15,202608020305,05,京都,3歳未勝利,未勝利,1600,芝,良,14,11,プリュスエクラ,池添謙一,7.0,20.6,13.1,-36.41,-0.4527,0.08122,4.71,0.09625,0.06107,1.576,1.2609,1.0,11,不的中,0,10.2,0.0,1000.0,0.0,-1000.0,972300.0,1800.0,0.0,-1800.0,832530.0
2026-02-07,13:10,202610010507,07,小倉,4歳以上1勝クラス,1勝クラス,2000,芝,稍重,18,2,ワイドリューレント,丸山元気,7.0,47.5,23.5,-50.53,-0.7037,0.04249,3.91,0.0666,0.03404,1.956,1.565,1.0,8,不的中,0,17.9,0.0,1000.0,0.0,-1000.0,971300.0,2100.0,0.0,-2100.0,828830.0
2026-02-07,13:10,202610010507,07,小倉,4歳以上1勝クラス,1勝クラス,2000,芝,稍重,18,1,トーセンリバーブ,吉田隼人,6.0,28.8,17.4,-39.58,-0.5039,0.05483,3.91,0.07517,0.04598,1.635,1.3079,2.0,5,不的中,0,15.1,0.0,1000.0,0.0,-1000.0,970300.0,1600.0,0.0,-1600.0,828830.0
2026-02-07,14:10,202610010509,09,小倉,戸畑特別(1勝),1勝クラス,2000,芝,稍重,13,7,ウインリベラシオン,長岡禎仁,7.0,22.3,13.3,-40.36,-0.5168,0.07537,3.55,0.09775,0.06015,1.625,1.3,1.0,10,不的中,0,13.3,0.0,1000.0,0.0,-1000.0,969300.0,2100.0,0.0,-2100.0,826730.0
2026-02-07,14:20,202608020309,09,京都,橿原ステークス(3勝),3勝クラス,1200,ダート,良,16,5,ライジン,池添謙一,10.0,55.8,34.3,-38.53,-0.4866,0.02834,7.23,0.04356,0.02332,1.868,1.4941,1.0,2,不的中,0,34.3,0.0,1000.0,0.0,-1000.0,968300.0,1300.0,0.0,-1300.0,825430.0
2026-02-07,14:45,202610010510,10,小倉,RKB賞(2勝),2勝クラス,1800,芝,稍重,16,7,キーウェーブ,小崎綾也,12.0,55.5,49.5,-10.81,-0.1144,0.01798,6.68,0.0301,0.01616,1.862,1.4898,1.0,6,不的中,0,49.5,0.0,1000.0,0.0,-1000.0,967300.0,900.0,0.0,-900.0,824530.0
2026-02-07,14:55,202608020310,10,京都,エルフィンステークス(L),リステッド,1600,芝,良,9,6,ベルサンローラン,吉村誠之,7.0,39.6,28.2,-28.79,-0.3395,0.03499,11.34,0.04339,0.02837,1.53,1.2236,1.0,2,不的中,0,28.2,0.0,1000.0,0.0,-1000.0,966300.0,700.0,0.0,-700.0,823830.0
2026-02-07,15:20,202610010511,11,小倉,豊前ステークス(3勝),3勝クラス,1700,ダート,良,16,11,ツークフォーゲル,松本大輝,16.0,79.1,71.5,-9.61,-0.101,0.01258,10.25,0.02388,0.01119,2.135,1.7077,1.0,16,不的中,0,71.5,0.0,1000.0,0.0,-1000.0,965300.0,900.0,0.0,-900.0,820130.0
2026-02-07,15:20,202610010511,11,小倉,豊前ステークス(3勝),3勝クラス,1700,ダート,良,16,10,プルートマスター,松若風馬,10.0,25.0,14.8,-40.8,-0.5242,0.08393,10.25,0.09165,0.05405,1.695,1.3564,2.0,3,不的中,0,14.8,0.0,1000.0,0.0,-1000.0,964300.0,2200.0,0.0,-2200.0,820130.0
2026-02-07,15:20,202610010511,11,小倉,豊前ステークス(3勝),3勝クラス,1700,ダート,良,16,14,ジャスパーバローズ,国分恭介,14.0,52.4,40.4,-22.9,-0.2601,0.02588,10.25,0.03078,0.0198,1.555,1.2436,3.0,15,不的中,0,40.4,0.0,1000.0,0.0,-1000.0,963300.0,600.0,0.0,-600.0,820130.0
2026-02-07,15:30,202608020311,11,京都,アルデバランS(OP),オープン,1900,ダート,良,16,16,ジューンアヲニヨシ,池添謙一,7.0,16.8,13.1,-22.02,-0.2488,0.07365,19.48,0.09286,0.06107,1.521,1.2165,1.0,14,不的中,0,13.1,0.0,1000.0,0.0,-1000.0,962300.0,1500.0,0.0,-1500.0,818630.0
2026-02-07,16:01,202610010512,12,小倉,4歳以上1勝クラス,1勝クラス,1200,芝,稍重,18,11,ライツユーアップ,柴田裕一,11.0,54.3,51.1,-5.89,-0.0607,0.01671,10.54,0.02962,0.01566,1.892,1.5136,1.0,8,不的中,0,37.7,0.0,1000.0,0.0,-1000.0,961300.0,900.0,0.0,-900.0,817730.0
2026-02-07,16:10,202608020312,12,京都,4歳以上1勝クラス,1勝クラス,1200,ダート,良,15,2,エンブレムボム,柴田善臣,12.0,44.9,40.6,-9.58,-0.1007,0.02153,8.79,0.0332,0.0197,1.685,1.3477,1.0,8,不的中,0,34.4,0.0,1000.0,0.0,-1000.0,960300.0,800.0,0.0,-800.0,816930.0
2026-02-08,12:30,202610010603,03,小倉,4歳以上1勝クラス,1勝クラス,1000,ダート,良,14,7,スターチスブーケ,菊沢一樹,10.0,54.2,31.8,-41.33,-0.5332,0.03203,8.48,0.05882,0.02516,2.338,1.8706,1.0,9,不的中,0,31.9,0.0,1000.0,0.0,-1000.0,959300.0,2400.0,0.0,-2400.0,814530.0
2026-02-08,13:25,202610010606,06,小倉,3歳未勝利,未勝利,1800,芝,良,16,4,アスコットダンス,丸山元気,8.0,32.7,22.6,-30.89,-0.3694,0.04832,7.52,0.05734,0.0354,1.62,1.2958,1.0,4,不的中,0,22.6,0.0,1000.0,0.0,-1000.0,958300.0,1200.0,0.0,-1200.0,813330.0
2026-02-08,14:20,202610010608,08,小倉,4歳以上1勝クラス,1勝クラス,1800,芝,良,16,2,モズイージス,柴田裕一,10.0,66.6,53.2,-20.12,-0.2246,0.01771,7.67,0.03078,0.01504,2.047,1.6377,1.0,7,不的中,0,52.6,0.0,1000.0,0.0,-1000.0,957300.0,1000.0,0.0,-1000.0,812330.0
2026-02-08,15:15,202610010610,10,小倉,由布院特別(2勝),2勝クラス,1700,ダート,良,16,14,サンライズシュガー,加藤祥太,7.0,20.9,15.8,-24.4,-0.2797,0.07065,11.65,0.09285,0.05063,1.834,1.4671,1.0,6,不的中,0,15.8,0.0,1000.0,0.0,-1000.0,956300.0,2600.0,0.0,-2600.0,809230.0
2026-02-08,15:15,202610010610,10,小倉,由布院特別(2勝),2勝クラス,1700,ダート,良,16,15,アストラカ,富田暁,9.0,46.3,39.4,-14.9,-0.1614,0.02525,11.65,0.03078,0.0203,1.516,1.2129,2.0,11,不的中,0,37.6,0.0,1000.0,0.0,-1000.0,955300.0,500.0,0.0,-500.0,809230.0
2026-02-08,15:45,202610010611,11,小倉,小倉日経賞(OP),オープン,2000,芝,良,12,1,コスモブッドレア,菊沢一樹,10.0,40.2,33.7,-16.17,-0.1764,0.03024,22.81,0.03571,0.02374,1.504,1.2034,1.0,11,不的中,0,30.0,0.0,1000.0,0.0,-1000.0,954300.0,600.0,0.0,-600.0,808630.0
2026-02-08,16:20,202610010612,12,小倉,4歳以上1勝クラス,1勝クラス,1200,芝,良,18,11,テクノデザイン,松本大輝,12.0,83.5,73.1,-12.46,-0.133,0.01298,16.51,0.01992,0.01094,1.82,1.4562,1.0,14,不的中,0,65.6,0.0,1000.0,0.0,-1000.0,953300.0,600.0,0.0,-600.0,806930.0
2026-02-08,16:20,202610010612,12,小倉,4歳以上1勝クラス,1勝クラス,1200,芝,良,18,7,タマモブラウンタイ,柴田裕一,8.0,42.0,28.7,-31.67,-0.3808,0.04155,16.51,0.04754,0.02787,1.705,1.3643,2.0,3,不的中,0,17.8,0.0,1000.0,0.0,-1000.0,952300.0,1100.0,0.0,-1100.0,806930.0
2026-02-10,14:50,202608020410,10,京都,大和ステークス(OP),オープン,1200,ダート,良,16,11,エートラックス,北村友一,8.0,38.4,20.6,-46.35,-0.6228,0.07365,8.66,0.10445,0.03883,2.69,2.1516,1.0,2,不的中,0,17.7,0.0,1000.0,0.0,-1000.0,951300.0,4800.0,0.0,-4800.0,800930.0
2026-02-10,14:50,202608020410,10,京都,大和ステークス(OP),オープン,1200,ダート,良,16,16,マルモリスペシャル,泉谷楓真,14.0,68.1,59.2,-13.07,-0.1401,0.01693,8.66,0.02639,0.01351,1.953,1.562,2.0,4,不的中,0,48.7,0.0,1000.0,0.0,-1000.0,950300.0,800.0,0.0,-800.0,800930.0
2026-02-10,14:50,202608020410,10,京都,大和ステークス(OP),オープン,1200,ダート,良,16,14,イスラアネーロ,川又賢治,13.0,54.7,48.5,-11.33,-0.1203,0.02011,8.66,0.02513,0.01649,1.524,1.2189,3.0,10,不的中,0,42.1,0.0,1000.0,0.0,-1000.0,949300.0,400.0,0.0,-400.0,800930.0
2026-02-10,15:45,202605010411,11,東京,第76回東京新聞杯(GIII),G3,1600,芝,良,16,3,シリウスコルト,三浦皇成,13.0,45.2,36.9,-18.36,-0.2029,0.03248,31.74,0.04356,0.02168,2.009,1.6074,1.0,5,不的中,0,31.2,0.0,1000.0,0.0,-1000.0,948300.0,1400.0,0.0,-1400.0,799530.0
2026-02-14,10:05,202605010501,01,東京,3歳未勝利,未勝利,1400,ダート,良,16,16,パンパネイラ,吉田豊,12.0,151.3,140.7,-7.01,-0.0726,0.0063,6.7,0.01347,0.00569,2.368,1.8947,1.0,10,不的中,0,140.7,0.0,1000.0,0.0,-1000.0,947300.0,600.0,0.0,-600.0,797430.0
2026-02-14,10:05,202605010501,01,東京,3歳未勝利,未勝利,1400,ダート,良,16,9,エフハリスト,横山和生,8.0,37.9,23.8,-37.2,-0.4653,0.05126,6.7,0.05882,0.03361,1.75,1.4,2.0,8,不的中,0,23.8,0.0,1000.0,0.0,-1000.0,946300.0,1500.0,0.0,-1500.0,797430.0
2026-02-14,10:10,202610010702,02,小倉,3歳未勝利,未勝利,1200,芝,良,18,5,オタルイーグル,亀田温心,8.0,52.6,26.1,-50.38,-0.7008,0.04013,2.27,0.06157,0.03065,2.009,1.607,1.0,4,不的中,0,26.1,0.0,1000.0,0.0,-1000.0,945300.0,2000.0,0.0,-2000.0,791330.0
2026-02-14,10:10,202610010702,02,小倉,3歳未勝利,未勝利,1200,芝,良,18,2,オレンジキャンパス,武藤雅,7.0,39.1,16.0,-59.08,-0.8935,0.06819,2.27,0.0901,0.05,1.802,1.4416,2.0,3,不的中,0,16.0,0.0,1000.0,0.0,-1000.0,944300.0,2400.0,0.0,-2400.0,791330.0
2026-02-14,10:10,202610010702,02,小倉,3歳未勝利,未勝利,1200,芝,良,18,16,ワンダーアスク,川又賢治,6.0,17.4,12.8,-26.44,-0.307,0.07244,2.27,0.09775,0.0625,1.564,1.2511,3.0,9,不的中,0,12.8,0.0,1000.0,0.0,-1000.0,943300.0,1700.0,0.0,-1700.0,791330.0
2026-02-14,10:40,202610010703,03,小倉,3歳未勝利,未勝利,1000,ダート,良,14,8,スイーヴル,長岡禎仁,10.0,31.7,24.4,-23.03,-0.2617,0.03884,2.22,0.05996,0.03279,1.829,1.4631,1.0,3,不的中,0,24.4,0.0,1000.0,0.0,-1000.0,942300.0,1600.0,0.0,-1600.0,789730.0
2026-02-14,12:00,202610010705,05,小倉,3歳未勝利,未勝利,2000,芝,良,18,4,ブライスフェアリー,武藤雅,13.0,115.5,93.1,-19.39,-0.2156,0.01009,4.58,0.01571,0.00859,1.828,1.4624,1.0,12,不的中,0,93.1,0.0,1000.0,0.0,-1000.0,941300.0,400.0,0.0,-400.0,789330.0
2026-02-14,12:30,202610010706,06,小倉,4歳以上1勝クラス,1勝クラス,1200,芝,良,18,17,ベルタソ,田山旺佑,12.0,71.6,56.0,-21.79,-0.2457,0.01668,2.91,0.02877,0.01429,2.014,1.6112,1.0,2,不的中,0,37.6,0.0,1000.0,0.0,-1000.0,940300.0,900.0,0.0,-900.0,788430.0
2026-02-14,15:10,202605010510,10,東京,銀蹄ステークス(3勝),3勝クラス,1400,ダート,良,16,8,マーズオデッセイ,三浦皇成,7.0,14.0,13.3,-5.0,-0.0513,0.06329,10.15,0.09286,0.06015,1.544,1.2351,1.0,5,不的中,0,13.3,0.0,1000.0,0.0,-1000.0,939300.0,1600.0,0.0,-1600.0,786830.0
2026-02-14,15:30,202608020511,11,京都,洛陽ステークス(L),リステッド,1600,芝,良,14,11,スズハローム,藤懸貴志,7.0,23.1,12.9,-44.16,-0.5826,0.08911,11.36,0.09775,0.06202,1.576,1.2609,1.0,1,的中,1,12.0,1200.0,1000.0,12000.0,11000.0,950300.0,1800.0,21600.0,19800.0,805430.0
2026-02-14,15:30,202608020511,11,京都,洛陽ステークス(L),リステッド,1600,芝,良,14,13,ゴートゥファースト,団野大成,9.0,21.1,15.0,-28.91,-0.3412,0.06854,11.36,0.08046,0.05333,1.509,1.2069,2.0,6,不的中,0,14.8,0.0,1000.0,0.0,-1000.0,949300.0,1200.0,0.0,-1200.0,805430.0
2026-02-14,15:45,202605010511,11,東京,第61回デイリー杯クイーンC(GIII),G3,1600,芝,良,16,5,ヒズマスターピース,佐々木大,7.0,21.9,17.7,-19.18,-0.2129,0.06319,37.19,0.07588,0.0452,1.679,1.343,1.0,3,不的中,0,17.7,0.0,1000.0,0.0,-1000.0,948300.0,1700.0,0.0,-1700.0,802030.0
2026-02-14,15:45,202605010511,11,東京,第61回デイリー杯クイーンC(GIII),G3,1600,芝,良,16,16,タイムレスキス,石川裕紀,10.0,40.4,30.5,-24.5,-0.2811,0.03973,37.19,0.04356,0.02623,1.661,1.3286,2.0,12,不的中,0,30.5,0.0,1000.0,0.0,-1000.0,947300.0,900.0,0.0,-900.0,802030.0
2026-02-14,15:45,202605010511,11,東京,第61回デイリー杯クイーンC(GIII),G3,1600,芝,良,16,2,ジッピーチューン,北村友一,11.0,38.2,31.0,-18.85,-0.2088,0.03589,37.19,0.04092,0.02581,1.586,1.2686,3.0,2,不的中,0,31.0,0.0,1000.0,0.0,-1000.0,946300.0,800.0,0.0,-800.0,802030.0
2026-02-14,16:01,202610010712,12,小倉,4歳以上1勝クラス,1勝クラス,1800,芝,良,15,8,ナムラブーニン,吉田隼人,7.0,42.9,20.7,-51.75,-0.7287,0.04939,6.06,0.0874,0.03865,2.262,1.8092,1.0,2,不的中,0,20.7,0.0,1000.0,0.0,-1000.0,945300.0,3300.0,0.0,-3300.0,798730.0
2026-02-14,16:25,202605010512,12,東京,4歳以上1勝クラス,1勝クラス,1600,芝,良,16,3,レッドレナート,長浜鴻緒,8.0,24.3,17.6,-27.57,-0.3226,0.05965,15.86,0.07502,0.04545,1.651,1.3204,1.0,2,不的中,0,17.6,0.0,1000.0,0.0,-1000.0,944300.0,1600.0,0.0,-1600.0,795130.0
2026-02-14,16:25,202605010512,12,東京,4歳以上1勝クラス,1勝クラス,1600,芝,良,16,2,ソニックライン,岩田康誠,7.0,18.0,13.2,-26.67,-0.3102,0.0789,15.86,0.09775,0.06061,1.613,1.2902,2.0,4,不的中,0,13.2,0.0,1000.0,0.0,-1000.0,943300.0,2000.0,0.0,-2000.0,795130.0
2026-02-15,10:05,202605010601,01,東京,3歳未勝利,未勝利,1300,ダート,良,16,6,ニシノトマラナイ,杉原誠人,8.0,68.0,46.5,-31.62,-0.3801,0.021,6.03,0.03585,0.0172,2.084,1.6671,1.0,7,不的中,0,46.5,0.0,1000.0,0.0,-1000.0,942300.0,1200.0,0.0,-1200.0,793930.0
2026-02-15,10:25,202608020602,02,京都,3歳新馬,新馬,1200,ダート,良,12,4,アメリカンパウダー,国分優作,5.0,24.8,16.5,-33.47,-0.4075,0.05361,4.44,0.09911,0.04848,2.044,1.6354,1.0,6,不的中,0,16.5,0.0,1000.0,0.0,-1000.0,941300.0,3300.0,0.0,-3300.0,787630.0
2026-02-15,10:25,202608020602,02,京都,3歳新馬,新馬,1200,ダート,良,12,10,ペイシャプレイ,菱田裕二,6.0,24.4,18.2,-25.41,-0.2932,0.04646,4.44,0.07153,0.04396,1.627,1.3018,2.0,2,不的中,0,18.2,0.0,1000.0,0.0,-1000.0,940300.0,1400.0,0.0,-1400.0,787630.0
2026-02-15,10:25,202608020602,02,京都,3歳新馬,新馬,1200,ダート,良,12,7,シオミン,今村聖奈,4.0,16.1,15.3,-4.97,-0.051,0.04881,4.44,0.08386,0.05229,1.604,1.283,3.0,3,不的中,0,15.3,0.0,1000.0,0.0,-1000.0,939300.0,1600.0,0.0,-1600.0,787630.0
2026-02-15,10:35,202605010602,02,東京,3歳未勝利,未勝利,2100,ダート,良,13,6,クリュメノス,長浜鴻緒,7.0,36.6,23.1,-36.89,-0.4602,0.04,5.14,0.05734,0.03463,1.656,1.3245,1.0,6,不的中,0,22.8,0.0,1000.0,0.0,-1000.0,938300.0,1200.0,0.0,-1200.0,786430.0
2026-02-15,11:35,202605010604,04,東京,3歳1勝クラス,1勝クラス,1600,ダート,良,13,10,バトゥカーダ,松岡正海,8.0,25.9,14.3,-44.79,-0.594,0.06961,7.36,0.0935,0.05594,1.671,1.337,1.0,9,不的中,0,14.3,0.0,1000.0,0.0,-1000.0,937300.0,2000.0,0.0,-2000.0,784430.0
2026-02-15,12:05,202610010805,05,小倉,3歳未勝利,未勝利,1800,芝,稍重,16,9,ルアグロール,小林脩斗,12.0,99.5,82.0,-17.59,-0.1934,0.01129,4.8,0.01644,0.00976,1.685,1.348,1.0,5,不的中,0,82.0,0.0,1000.0,0.0,-1000.0,936300.0,400.0,0.0,-400.0,784030.0
2026-02-15,12:35,202610010806,06,小倉,4歳以上1勝クラス,1勝クラス,2000,芝,稍重,16,12,ピティロディア,菊沢一樹,11.0,62.4,33.7,-45.99,-0.6161,0.02727,3.81,0.05631,0.02374,2.372,1.8975,1.0,6,不的中,0,33.7,0.0,1000.0,0.0,-1000.0,935300.0,2200.0,0.0,-2200.0,781330.0
2026-02-15,12:35,202610010806,06,小倉,4歳以上1勝クラス,1勝クラス,2000,芝,稍重,16,13,ゼットエイト,富田暁,10.0,40.7,33.1,-18.67,-0.2067,0.02545,3.81,0.03628,0.02417,1.501,1.2009,2.0,10,不的中,0,33.1,0.0,1000.0,0.0,-1000.0,934300.0,500.0,0.0,-500.0,781330.0
2026-02-15,12:45,202608020606,06,京都,3歳未勝利,未勝利,1600,芝,良,18,3,ララアルカー,藤岡佑介,8.0,73.4,36.1,-50.82,-0.7096,0.02985,5.84,0.04056,0.02216,1.83,1.4642,1.0,11,不的中,0,36.1,0.0,1000.0,0.0,-1000.0,933300.0,1100.0,0.0,-1100.0,780230.0
2026-02-15,13:05,202610010807,07,小倉,4歳以上1勝クラス,1勝クラス,2600,芝,稍重,14,8,ジーティートシオー,菊沢一樹,10.0,54.5,34.3,-37.06,-0.4631,0.02671,3.97,0.04825,0.02332,2.069,1.655,1.0,7,不的中,0,34.3,0.0,1000.0,0.0,-1000.0,932300.0,1600.0,0.0,-1600.0,778630.0
2026-02-15,14:40,202610010810,10,小倉,大濠特別(2勝),2勝クラス,1200,芝,稍重,18,9,イグニション,松若風馬,7.0,43.1,27.7,-35.73,-0.4421,0.03825,6.77,0.05772,0.02888,1.999,1.5988,1.0,4,不的中,0,19.6,0.0,1000.0,0.0,-1000.0,931300.0,1800.0,0.0,-1800.0,773730.0
2026-02-15,14:40,202610010810,10,小倉,大濠特別(2勝),2勝クラス,1200,芝,稍重,18,11,トウカイエルデ,富田暁,8.0,29.4,19.8,-32.65,-0.3953,0.05237,6.77,0.07713,0.0404,1.909,1.5272,2.0,2,不的中,0,20.0,0.0,1000.0,0.0,-1000.0,930300.0,2200.0,0.0,-2200.0,773730.0
2026-02-15,14:40,202610010810,10,小倉,大濠特別(2勝),2勝クラス,1200,芝,稍重,18,14,マイネルラッシュ,斎藤新,14.0,59.0,49.2,-16.61,-0.1816,0.01868,6.77,0.03078,0.01626,1.893,1.5145,3.0,3,不的中,0,42.4,0.0,1000.0,0.0,-1000.0,929300.0,900.0,0.0,-900.0,773730.0
2026-02-15,15:15,202610010811,11,小倉,北九州短距離S(OP),オープン,1200,芝,稍重,18,6,レッドアヴァンティ,亀田温心,15.0,58.2,53.0,-8.93,-0.0936,0.0166,10.57,0.03063,0.01509,2.029,1.6236,1.0,4,不的中,0,53.0,0.0,1000.0,0.0,-1000.0,928300.0,1000.0,0.0,-1000.0,771630.0
2026-02-15,15:15,202610010811,11,小倉,北九州短距離S(OP),オープン,1200,芝,稍重,18,16,ショウナンハクラク,角田大和,12.0,45.7,33.2,-27.35,-0.3195,0.03174,10.57,0.04356,0.0241,1.808,1.4462,2.0,13,不的中,0,33.2,0.0,1000.0,0.0,-1000.0,927300.0,1100.0,0.0,-1100.0,771630.0
2026-02-15,15:30,202608020611,11,京都,第119回京都記念(GII),G2,2200,芝,良,12,12,ジューンテイク,藤岡佑介,6.0,20.7,15.9,-23.19,-0.2638,0.07617,38.25,0.08808,0.05031,1.751,1.4004,1.0,1,的中,1,15.9,1590.0,1000.0,15900.0,14900.0,942200.0,2100.0,33390.0,31290.0,802920.0
2026-02-15,16:01,202610010812,12,小倉,4歳以上1勝クラス,1勝クラス,1700,ダート,稍重,13,8,スマートクラビ,丹内祐次,7.0,15.4,13.8,-10.39,-0.1097,0.06103,6.2,0.08861,0.05797,1.529,1.2229,1.0,3,不的中,0,10.4,0.0,1000.0,0.0,-1000.0,941200.0,1400.0,0.0,-1400.0,801520.0
2026-02-21,09:55,202609010101,01,阪神,3歳未勝利,未勝利,1200,ダート,良,16,3,オヤツノジカン,藤懸貴志,14.0,96.5,76.2,-21.04,-0.2362,0.0118,3.66,0.01901,0.0105,1.811,1.4489,1.0,6,不的中,0,76.2,0.0,1000.0,0.0,-1000.0,940200.0,500.0,0.0,-500.0,799820.0
2026-02-21,09:55,202609010101,01,阪神,3歳未勝利,未勝利,1200,ダート,良,16,14,マユナイト,幸英明,10.0,34.0,24.2,-28.82,-0.34,0.03878,3.66,0.05486,0.03306,1.66,1.3276,2.0,7,不的中,0,24.2,0.0,1000.0,0.0,-1000.0,939200.0,1200.0,0.0,-1200.0,799820.0
2026-02-21,10:05,202605010701,01,東京,3歳未勝利,未勝利,1400,ダート,良,16,6,コパノキャメロン,武藤雅,6.0,44.4,19.0,-57.21,-0.8488,0.05829,5.78,0.07396,0.04211,1.756,1.4052,1.0,4,不的中,0,19.0,0.0,1000.0,0.0,-1000.0,938200.0,1900.0,0.0,-1900.0,797620.0
2026-02-21,10:05,202605010701,01,東京,3歳未勝利,未勝利,1400,ダート,良,16,10,タマモチョコチップ,原優介,13.0,127.0,93.2,-26.61,-0.3094,0.0101,5.78,0.01347,0.00858,1.569,1.255,2.0,6,不的中,0,93.2,0.0,1000.0,0.0,-1000.0,937200.0,300.0,0.0,-300.0,797620.0
2026-02-21,10:15,202610010902,02,小倉,3歳未勝利,未勝利,1200,芝,良,18,1,ダンツアラーム,丸山元気,7.0,32.7,23.7,-27.52,-0.3219,0.03765,4.02,0.05734,0.03376,1.699,1.3589,1.0,7,不的中,0,23.7,0.0,1000.0,0.0,-1000.0,936200.0,1300.0,0.0,-1300.0,796320.0
2026-02-21,10:25,202609010102,02,阪神,3歳未勝利,未勝利,1800,ダート,良,14,3,マオノムサシ,荻野琢真,5.0,34.2,25.6,-25.15,-0.2896,0.03466,3.89,0.0523,0.03125,1.674,1.339,1.0,3,不的中,0,25.6,0.0,1000.0,0.0,-1000.0,935200.0,1100.0,0.0,-1100.0,794820.0
2026-02-21,10:25,202609010102,02,阪神,3歳未勝利,未勝利,1800,ダート,良,14,13,ルクスディグニティ,岩部純二,9.0,62.4,58.5,-6.25,-0.0645,0.01387,3.89,0.02093,0.01368,1.531,1.2246,2.0,14,不的中,0,58.5,0.0,1000.0,0.0,-1000.0,934200.0,400.0,0.0,-400.0,794820.0
2026-02-21,10:35,202605010702,02,東京,3歳1勝クラス,1勝クラス,1400,ダート,良,16,8,ヴェネチアンキング,田辺裕信,13.0,64.2,58.5,-8.88,-0.093,0.01426,5.9,0.0226,0.01368,1.653,1.3221,1.0,10,不的中,0,58.5,0.0,1000.0,0.0,-1000.0,933200.0,500.0,0.0,-500.0,794320.0
2026-02-21,11:25,202609010104,04,阪神,3歳新馬,新馬,1800,ダート,良,14,2,ムーランラデ,幸英明,7.0,21.1,15.9,-24.64,-0.283,0.05774,4.04,0.09911,0.05031,1.97,1.5759,1.0,12,不的中,0,16.4,0.0,1000.0,0.0,-1000.0,932200.0,3100.0,0.0,-3100.0,790220.0
2026-02-21,11:25,202609010104,04,阪神,3歳新馬,新馬,1800,ダート,良,14,11,タイセイサーブル,鮫島克駿,6.0,32.3,21.0,-34.98,-0.4305,0.04642,4.04,0.05882,0.0381,1.544,1.2353,2.0,6,不的中,0,14.9,0.0,1000.0,0.0,-1000.0,931200.0,1000.0,0.0,-1000.0,790220.0
2026-02-21,13:10,202610010907,07,小倉,4歳以上1勝クラス,1勝クラス,1700,ダート,良,16,10,サマーナイト,小崎綾也,10.0,56.3,32.6,-42.1,-0.5464,0.02819,4.43,0.05532,0.02454,2.254,1.8036,1.0,7,不的中,0,32.6,0.0,1000.0,0.0,-1000.0,930200.0,2100.0,0.0,-2100.0,788120.0
2026-02-21,13:40,202610010908,08,小倉,4歳以上1勝クラス,1勝クラス,1800,芝,良,16,9,モアニ,古川吉洋,9.0,23.4,21.0,-10.26,-0.1082,0.03916,3.61,0.05882,0.0381,1.544,1.2353,1.0,9,不的中,0,21.0,0.0,1000.0,0.0,-1000.0,929200.0,1000.0,0.0,-1000.0,787120.0
2026-02-21,14:20,202609010109,09,阪神,4歳以上1勝クラス,1勝クラス,1600,芝,良,18,12,レッドイステル,菱田裕二,6.0,20.2,17.4,-13.86,-0.1492,0.04858,7.59,0.06911,0.04598,1.503,1.2025,1.0,15,不的中,0,16.8,0.0,1000.0,0.0,-1000.0,928200.0,1000.0,0.0,-1000.0,786120.0
2026-02-21,15:05,202605010710,10,東京,金蹄ステークス(3勝),3勝クラス,2100,ダート,良,16,5,ジャスパーグレイト,戸崎圭太,7.0,24.3,15.4,-36.63,-0.4561,0.06196,9.82,0.09165,0.05195,1.764,1.4114,1.0,5,不的中,0,15.4,0.0,1000.0,0.0,-1000.0,927200.0,2300.0,0.0,-2300.0,783820.0
2026-02-21,15:20,202610010911,11,小倉,小倉城ステークス(3勝),3勝クラス,1700,ダート,良,13,12,アイウィル,丸山元気,9.0,25.8,17.1,-33.72,-0.4113,0.06277,8.12,0.08046,0.04678,1.72,1.3759,1.0,5,不的中,0,16.5,0.0,1000.0,0.0,-1000.0,926200.0,1900.0,0.0,-1900.0,779220.0
2026-02-21,15:20,202610010911,11,小倉,小倉城ステークス(3勝),3勝クラス,1700,ダート,良,13,10,スマートリアファル,西塚洸二,13.0,102.4,84.8,-17.19,-0.1886,0.01107,8.12,0.01571,0.00943,1.665,1.332,2.0,7,不的中,0,88.4,0.0,1000.0,0.0,-1000.0,925200.0,400.0,0.0,-400.0,779220.0
2026-02-21,15:20,202610010911,11,小倉,小倉城ステークス(3勝),3勝クラス,1700,ダート,良,13,4,メイショウミカワ,太宰啓介,7.0,22.2,12.2,-45.05,-0.5987,0.09555,8.12,0.10863,0.06557,1.657,1.3253,3.0,12,不的中,0,10.1,0.0,1000.0,0.0,-1000.0,924200.0,2300.0,0.0,-2300.0,779220.0
2026-02-21,15:30,202609010111,11,阪神,第70回阪急杯(GIII),G3,1400,芝,良,18,15,グロリアラウス,幸英明,10.0,44.9,35.6,-20.71,-0.2321,0.02905,24.32,0.04268,0.02247,1.899,1.5195,1.0,12,不的中,0,35.6,0.0,1000.0,0.0,-1000.0,923200.0,1200.0,0.0,-1200.0,777720.0
2026-02-21,15:30,202609010111,11,阪神,第70回阪急杯(GIII),G3,1400,芝,良,18,17,メイショウソラフネ,高杉吏麒,15.0,85.0,78.8,-7.29,-0.0757,0.01114,24.32,0.01571,0.01015,1.547,1.2377,2.0,18,不的中,0,78.8,0.0,1000.0,0.0,-1000.0,922200.0,300.0,0.0,-300.0,777720.0
2026-02-21,15:45,202605010711,11,東京,第76回ダイヤモンドS(GIII),G3,3400,芝,良,15,11,ローザサンリヴァル,石川裕紀,9.0,27.4,19.7,-28.1,-0.3299,0.06374,28.15,0.0799,0.04061,1.968,1.5741,1.0,10,不的中,0,16.2,0.0,1000.0,0.0,-1000.0,921200.0,2400.0,0.0,-2400.0,775320.0
2026-02-21,16:01,202610010912,12,小倉,4歳以上1勝クラス,1勝クラス,1200,芝,良,18,12,テイクイットオール,丸山元気,11.0,35.0,29.1,-16.86,-0.1846,0.02995,6.78,0.05269,0.02749,1.917,1.5333,1.0,16,不的中,0,29.1,0.0,1000.0,0.0,-1000.0,920200.0,1500.0,0.0,-1500.0,773820.0
2026-02-21,16:10,202609010112,12,阪神,4歳以上2勝クラス,2勝クラス,1800,ダート,良,15,11,コスモコンフェルマ,団野大成,10.0,53.0,48.8,-7.92,-0.0826,0.01538,8.17,0.03105,0.01639,1.894,1.5154,1.0,2,不的中,0,48.8,0.0,1000.0,0.0,-1000.0,919200.0,900.0,0.0,-900.0,770920.0
2026-02-21,16:10,202609010112,12,阪神,4歳以上2勝クラス,2勝クラス,1800,ダート,良,15,14,ミカエルパシャ,北村友一,5.0,17.0,14.6,-14.12,-0.1522,0.05289,8.17,0.09233,0.05479,1.685,1.348,2.0,13,不的中,0,14.6,0.0,1000.0,0.0,-1000.0,918200.0,2000.0,0.0,-2000.0,770920.0
2026-02-21,16:25,202605010712,12,東京,4歳以上1勝クラス,1勝クラス,1600,ダート,良,16,2,レッドベルダンス,長浜鴻緒,13.0,65.0,57.1,-12.15,-0.1296,0.01543,14.23,0.02655,0.01401,1.895,1.5158,1.0,8,不的中,0,57.1,0.0,1000.0,0.0,-1000.0,917200.0,800.0,0.0,-800.0,770120.0
2026-02-22,09:45,202610011001,01,小倉,3歳未勝利,未勝利,1700,ダート,良,12,12,ブルームザスマイル,河原田菜,8.0,84.2,45.6,-45.84,-0.6133,0.02619,3.34,0.04285,0.01754,2.443,1.9541,1.0,3,不的中,0,44.9,0.0,1000.0,0.0,-1000.0,916200.0,1700.0,0.0,-1700.0,766220.0
2026-02-22,09:45,202610011001,01,小倉,3歳未勝利,未勝利,1700,ダート,良,12,6,アクシュラ,小沢大仁,6.0,31.9,21.6,-32.29,-0.3899,0.0499,3.34,0.06208,0.03704,1.676,1.3409,2.0,8,不的中,0,21.3,0.0,1000.0,0.0,-1000.0,915200.0,1300.0,0.0,-1300.0,766220.0
2026-02-22,09:45,202610011001,01,小倉,3歳未勝利,未勝利,1700,ダート,良,12,8,サンタカリス,柴田裕一,5.0,29.1,20.4,-29.9,-0.3552,0.05183,3.34,0.05945,0.03922,1.516,1.2128,3.0,6,不的中,0,20.1,0.0,1000.0,0.0,-1000.0,914200.0,900.0,0.0,-900.0,766220.0
2026-02-22,09:55,202609010201,01,阪神,3歳未勝利,未勝利,1800,ダート,良,10,7,セントポールヒロ,菱田裕二,8.0,107.1,84.0,-21.57,-0.2429,0.01075,3.11,0.01571,0.00952,1.649,1.3194,1.0,6,不的中,0,84.0,0.0,1000.0,0.0,-1000.0,913200.0,300.0,0.0,-300.0,765920.0
2026-02-22,10:05,202605010801,01,東京,3歳未勝利,未勝利,1400,ダート,良,16,8,マクシーン,荻野極,9.0,43.2,30.2,-30.09,-0.358,0.03056,6.53,0.04356,0.02649,1.644,1.3155,1.0,14,不的中,0,26.0,0.0,1000.0,0.0,-1000.0,912200.0,900.0,0.0,-900.0,764820.0
2026-02-22,10:05,202605010801,01,東京,3歳未勝利,未勝利,1400,ダート,良,16,4,ブライトラン,佐藤翔馬,10.0,108.4,91.2,-15.87,-0.1728,0.00941,6.53,0.01336,0.00877,1.523,1.2184,2.0,8,不的中,0,90.5,0.0,1000.0,0.0,-1000.0,911200.0,200.0,0.0,-200.0,764820.0
2026-02-22,11:35,202605010804,04,東京,3歳未勝利,未勝利,1800,芝,良,16,8,ショウナンサイオウ,池添謙一,6.0,20.9,13.6,-34.93,-0.4297,0.06898,8.12,0.09775,0.05882,1.662,1.3293,1.0,3,不的中,0,13.6,0.0,1000.0,0.0,-1000.0,910200.0,2000.0,0.0,-2000.0,762320.0
2026-02-22,11:35,202605010804,04,東京,3歳未勝利,未勝利,1800,芝,良,16,13,サクセスブルー,佐々木大,9.0,78.1,53.5,-31.5,-0.3783,0.01727,8.12,0.02405,0.01495,1.608,1.2866,2.0,7,不的中,0,53.5,0.0,1000.0,0.0,-1000.0,909200.0,500.0,0.0,-500.0,762320.0
2026-02-22,12:05,202610011005,05,小倉,3歳未勝利,未勝利,2000,芝,良,13,7,ココロヅヨサ,浜中俊,10.0,49.7,35.7,-28.17,-0.3309,0.02782,4.79,0.04356,0.02241,1.944,1.5551,1.0,5,不的中,0,35.7,0.0,1000.0,0.0,-1000.0,908200.0,1300.0,0.0,-1300.0,761020.0
2026-02-22,12:35,202610011006,06,小倉,3歳未勝利,未勝利,1800,芝,良,16,3,パノラマステージ,亀田温心,7.0,24.9,22.6,-9.24,-0.0969,0.03646,3.86,0.05477,0.0354,1.547,1.2378,1.0,7,不的中,0,12.3,0.0,1000.0,0.0,-1000.0,907200.0,900.0,0.0,-900.0,760120.0
2026-02-22,13:35,202610011008,08,小倉,4歳以上1勝クラス,1勝クラス,2000,芝,良,14,4,ボナーテソーロ,横山琉人,11.0,54.7,45.7,-16.45,-0.1798,0.01869,3.69,0.03078,0.01751,1.758,1.4068,1.0,10,不的中,0,28.2,0.0,1000.0,0.0,-1000.0,906200.0,700.0,0.0,-700.0,758520.0
2026-02-22,13:35,202610011008,08,小倉,4歳以上1勝クラス,1勝クラス,2000,芝,良,14,1,ピティロディア,菊沢一樹,10.0,32.2,30.6,-4.97,-0.051,0.02654,3.69,0.04356,0.02614,1.666,1.333,2.0,8,不的中,0,28.0,0.0,1000.0,0.0,-1000.0,905200.0,900.0,0.0,-900.0,758520.0
2026-02-22,13:45,202609010208,08,阪神,4歳以上1勝クラス,1勝クラス,1800,ダート,良,15,4,セーデルマンランド,秋山稔樹,10.0,58.1,54.6,-6.02,-0.0621,0.01498,4.89,0.02326,0.01465,1.588,1.27,1.0,13,不的中,0,42.4,0.0,1000.0,0.0,-1000.0,904200.0,400.0,0.0,-400.0,758120.0
2026-02-22,14:25,202605010809,09,東京,ヒヤシンスステークス(L),リステッド,1600,ダート,良,10,3,ラッキーキッド,岩田望来,7.0,37.8,27.0,-28.57,-0.3365,0.03682,10.89,0.0513,0.02963,1.731,1.385,1.0,1,的中,1,23.5,2350.0,1000.0,23500.0,22500.0,926700.0,1200.0,28200.0,27000.0,785120.0
2026-02-22,15:40,202605010811,11,東京,第43回フェブラリーS(GI),G1,1600,ダート,良,16,13,ナチュラルライズ,横山武史,7.0,30.8,21.4,-30.52,-0.3641,0.0756,102.16,0.09148,0.03738,2.447,1.9576,1.0,7,不的中,0,21.4,0.0,1000.0,0.0,-1000.0,925700.0,3700.0,0.0,-3700.0,779220.0
2026-02-22,15:40,202605010811,11,東京,第43回フェブラリーS(GI),G1,1600,ダート,良,16,3,ブライアンセンス,岩田望来,10.0,54.0,40.6,-24.81,-0.2852,0.036,102.16,0.04578,0.0197,2.324,1.8589,2.0,4,不的中,0,40.6,0.0,1000.0,0.0,-1000.0,924700.0,1800.0,0.0,-1800.0,779220.0
2026-02-22,15:40,202605010811,11,東京,第43回フェブラリーS(GI),G1,1600,ダート,良,16,15,ペプチドナイル,富田暁,11.0,62.9,53.6,-14.79,-0.16,0.02214,102.16,0.02296,0.01493,1.538,1.2306,3.0,6,不的中,0,53.6,0.0,1000.0,0.0,-1000.0,923700.0,400.0,0.0,-400.0,779220.0
2026-02-22,16:10,202609010212,12,阪神,4歳以上2勝クラス,2勝クラス,1400,ダート,良,16,7,クリノキングマン,酒井学,7.0,22.5,19.6,-12.89,-0.138,0.04287,9.66,0.06134,0.04082,1.503,1.2022,1.0,7,不的中,0,19.6,0.0,1000.0,0.0,-1000.0,922700.0,900.0,0.0,-900.0,778320.0
2026-02-22,16:30,202605010812,12,東京,大島特別(2勝),2勝クラス,1400,ダート,良,16,1,フィリップ,津村明秀,11.0,51.7,48.8,-5.61,-0.0577,0.01877,19.77,0.02867,0.01639,1.749,1.3993,1.0,8,不的中,0,48.2,0.0,1000.0,0.0,-1000.0,921700.0,700.0,0.0,-700.0,777620.0
2026-02-28,10:15,202610011102,02,小倉,3歳未勝利,未勝利,1200,芝,稍重,18,10,ブレッティレディ,横山琉人,11.0,80.6,56.1,-30.4,-0.3624,0.01614,4.27,0.02803,0.01426,1.966,1.5727,1.0,7,不的中,0,56.1,0.0,1000.0,0.0,-1000.0,920700.0,900.0,0.0,-900.0,775220.0
2026-02-28,10:15,202610011102,02,小倉,3歳未勝利,未勝利,1200,芝,稍重,18,6,コスモファーブロス,小崎綾也,5.0,21.2,17.2,-18.87,-0.2091,0.05023,4.27,0.07239,0.04651,1.556,1.2451,2.0,6,不的中,0,17.2,0.0,1000.0,0.0,-1000.0,919700.0,1200.0,0.0,-1200.0,775220.0
2026-02-28,10:15,202610011102,02,小倉,3歳未勝利,未勝利,1200,芝,稍重,18,9,メモリーデイズ,西塚洸二,14.0,86.2,76.7,-11.02,-0.1168,0.01089,4.27,0.01571,0.01043,1.506,1.2048,3.0,15,不的中,0,76.7,0.0,1000.0,0.0,-1000.0,918700.0,300.0,0.0,-300.0,775220.0
2026-02-28,10:25,202609010302,02,阪神,3歳未勝利,未勝利,1800,ダート,良,14,10,レザーアンドレース,幸英明,7.0,41.8,31.4,-24.88,-0.2861,0.0275,5.34,0.04356,0.02548,1.71,1.3678,1.0,7,不的中,0,31.4,0.0,1000.0,0.0,-1000.0,917700.0,1000.0,0.0,-1000.0,774220.0
2026-02-28,10:55,202609010303,03,阪神,3歳未勝利,未勝利,1200,ダート,良,16,14,ジャスパーレオン,団野大成,7.0,34.5,28.4,-17.68,-0.1946,0.03051,5.65,0.04339,0.02817,1.54,1.2323,1.0,7,不的中,0,28.4,0.0,1000.0,0.0,-1000.0,916700.0,700.0,0.0,-700.0,773520.0
2026-02-28,11:05,202606020103,03,中山,3歳未勝利,未勝利,1200,ダート,重,16,15,マダックス,大野拓弥,7.0,30.2,19.8,-34.44,-0.4222,0.04598,5.83,0.07138,0.0404,1.767,1.4134,1.0,4,不的中,0,19.8,0.0,1000.0,0.0,-1000.0,915700.0,1800.0,0.0,-1800.0,771720.0
2026-02-28,11:25,202609010304,04,阪神,3歳未勝利,未勝利,1800,ダート,良,14,10,ジーティーピカソ,吉村誠之,7.0,23.7,18.2,-23.21,-0.2641,0.04953,5.3,0.06713,0.04396,1.527,1.2217,1.0,3,不的中,0,18.3,0.0,1000.0,0.0,-1000.0,914700.0,1000.0,0.0,-1000.0,770720.0
2026-02-28,13:20,202609010307,07,阪神,4歳以上1勝クラス,1勝クラス,1400,ダート,良,16,16,テーオーノーベル,田山旺佑,11.0,79.9,50.9,-36.3,-0.4509,0.01863,5.69,0.0256,0.01572,1.629,1.303,1.0,10,不的中,0,50.9,0.0,1000.0,0.0,-1000.0,913700.0,500.0,0.0,-500.0,770220.0
2026-02-28,13:30,202606020107,07,中山,4歳以上1勝クラス,1勝クラス,1800,ダート,重,16,10,ソクヅモドラドラ,石橋脩,5.0,31.6,18.8,-40.51,-0.5193,0.05033,6.65,0.07784,0.04255,1.829,1.4634,1.0,6,不的中,0,18.8,0.0,1000.0,0.0,-1000.0,912700.0,2100.0,0.0,-2100.0,766620.0
2026-02-28,13:30,202606020107,07,中山,4歳以上1勝クラス,1勝クラス,1800,ダート,重,16,16,リボルトバレット,遠藤汰月,6.0,35.0,20.5,-41.43,-0.5349,0.04634,6.65,0.06686,0.03902,1.713,1.3707,2.0,4,不的中,0,20.5,0.0,1000.0,0.0,-1000.0,911700.0,1500.0,0.0,-1500.0,766620.0
2026-02-28,13:40,202610011108,08,小倉,4歳以上1勝クラス,1勝クラス,2000,芝,稍重,13,8,ランフォースマイル,小崎綾也,12.0,95.4,80.4,-15.72,-0.1711,0.0105,4.36,0.01571,0.00995,1.579,1.2629,1.0,10,不的中,0,80.4,0.0,1000.0,0.0,-1000.0,910700.0,300.0,0.0,-300.0,766320.0
2026-02-28,13:50,202609010308,08,阪神,4歳以上2勝クラス,2勝クラス,1800,ダート,良,15,14,ユウェンタース,高杉吏麒,10.0,50.5,29.8,-40.99,-0.5275,0.03269,6.07,0.05734,0.02685,2.136,1.7086,1.0,11,不的中,0,29.8,0.0,1000.0,0.0,-1000.0,909700.0,1900.0,0.0,-1900.0,764420.0
2026-02-28,14:01,202606020108,08,中山,4歳以上2勝クラス,2勝クラス,1600,芝,良,13,2,ヴェナートル,佐藤翔馬,10.0,88.7,68.2,-23.11,-0.2628,0.0135,7.24,0.02296,0.01173,1.957,1.5658,1.0,7,不的中,0,68.2,0.0,1000.0,0.0,-1000.0,908700.0,700.0,0.0,-700.0,763720.0
2026-02-28,14:10,202610011109,09,小倉,脊振山特別(1勝),1勝クラス,2600,芝,稍重,16,5,ラブカ,小沢大仁,9.0,31.6,23.0,-27.22,-0.3177,0.03837,4.28,0.06222,0.03478,1.789,1.4311,1.0,12,不的中,0,23.0,0.0,1000.0,0.0,-1000.0,907700.0,1500.0,0.0,-1500.0,762220.0
2026-02-28,14:45,202610011110,10,小倉,早鞆特別(2勝),2勝クラス,1700,ダート,重,16,11,ドッビアーコ,亀田温心,12.0,60.1,33.2,-44.76,-0.5935,0.03178,6.28,0.05882,0.0241,2.441,1.953,1.0,12,不的中,0,33.2,0.0,1000.0,0.0,-1000.0,906700.0,2300.0,0.0,-2300.0,758020.0
2026-02-28,14:45,202610011110,10,小倉,早鞆特別(2勝),2勝クラス,1700,ダート,重,16,2,トーレ,丸山元気,9.0,59.1,27.1,-54.15,-0.7797,0.04094,6.28,0.06059,0.02952,2.052,1.642,2.0,16,不的中,0,27.2,0.0,1000.0,0.0,-1000.0,905700.0,1900.0,0.0,-1900.0,758020.0
2026-02-28,15:05,202606020110,10,中山,春風ステークス(3勝),3勝クラス,1200,ダート,稍重,16,13,エコロエイト,田辺裕信,6.0,28.5,24.0,-15.79,-0.1719,0.0367,9.94,0.05182,0.03333,1.555,1.2436,1.0,2,不的中,0,24.0,0.0,1000.0,0.0,-1000.0,904700.0,900.0,0.0,-900.0,756420.0
2026-02-28,15:05,202606020110,10,中山,春風ステークス(3勝),3勝クラス,1200,ダート,稍重,16,10,ジェネラーレ,大野拓弥,7.0,32.6,25.1,-23.01,-0.2614,0.03684,9.94,0.04825,0.03187,1.514,1.2111,2.0,8,不的中,0,25.1,0.0,1000.0,0.0,-1000.0,903700.0,700.0,0.0,-700.0,756420.0
2026-02-28,15:20,202610011111,11,小倉,別府特別(2勝),2勝クラス,2000,芝,稍重,15,1,オメガインペリアル,松本大輝,12.0,49.3,46.5,-5.68,-0.0585,0.01793,8.0,0.03078,0.0172,1.789,1.4314,1.0,6,不的中,0,46.5,0.0,1000.0,0.0,-1000.0,902700.0,800.0,0.0,-800.0,755620.0
2026-02-28,15:30,202609010311,11,阪神,仁川ステークス(L),リステッド,2000,ダート,良,16,15,ピュアキアン,吉田豊,12.0,67.7,55.7,-17.73,-0.1951,0.01669,14.06,0.02344,0.01436,1.632,1.3057,1.0,14,不的中,0,55.7,0.0,1000.0,0.0,-1000.0,901700.0,500.0,0.0,-500.0,755120.0
2026-02-28,16:01,202610011112,12,小倉,4歳以上1勝クラス,1勝クラス,1200,芝,稍重,18,9,ドライグ,国分恭介,10.0,25.2,20.7,-17.86,-0.1967,0.04231,6.81,0.09165,0.03865,2.371,1.8971,1.0,8,不的中,0,18.6,0.0,1000.0,0.0,-1000.0,900700.0,3500.0,0.0,-3500.0,751620.0
2026-02-28,16:10,202609010312,12,阪神,4歳以上2勝クラス,2勝クラス,1400,芝,良,18,5,キャッスルレイク,田口貫太,8.0,54.8,31.0,-43.43,-0.5697,0.03091,10.88,0.06157,0.02581,2.386,1.9087,1.0,5,不的中,0,31.0,0.0,1000.0,0.0,-1000.0,899700.0,2300.0,0.0,-2300.0,749320.0
2026-03-01,10:25,202609010402,02,阪神,3歳未勝利,未勝利,1400,ダート,良,16,6,デルニエジョイ,田口貫太,6.0,28.3,21.0,-25.8,-0.2983,0.04413,5.53,0.05779,0.0381,1.517,1.2137,1.0,3,不的中,0,19.4,0.0,1000.0,0.0,-1000.0,898700.0,900.0,0.0,-900.0,748420.0
2026-03-01,10:55,202609010403,03,阪神,3歳未勝利,未勝利,2000,ダート,良,12,1,オーバーランダー,団野大成,8.0,46.1,33.7,-26.9,-0.3133,0.02692,5.39,0.04115,0.02374,1.733,1.3868,1.0,10,不的中,0,32.6,0.0,1000.0,0.0,-1000.0,897700.0,900.0,0.0,-900.0,747520.0
2026-03-01,12:05,202610011205,05,小倉,3歳未勝利,未勝利,1200,芝,良,18,17,ロングジーニアス,松若風馬,13.0,105.2,89.7,-14.73,-0.1594,0.01022,4.76,0.01571,0.00892,1.761,1.409,1.0,10,不的中,0,93.9,0.0,1000.0,0.0,-1000.0,896700.0,400.0,0.0,-400.0,747120.0
2026-03-01,13:05,202610011207,07,小倉,4歳以上1勝クラス,1勝クラス,1200,芝,良,18,16,ラブカムーン,富田暁,14.0,74.9,68.0,-9.21,-0.0966,0.01201,5.07,0.02276,0.01176,1.935,1.5476,1.0,8,不的中,0,68.0,0.0,1000.0,0.0,-1000.0,895700.0,700.0,0.0,-700.0,746020.0
2026-03-01,13:05,202610011207,07,小倉,4歳以上1勝クラス,1勝クラス,1200,芝,良,18,10,セントキルダ,松若風馬,13.0,80.6,57.9,-28.16,-0.3308,0.01513,5.07,0.02233,0.01382,1.616,1.2932,2.0,16,不的中,0,58.0,0.0,1000.0,0.0,-1000.0,894700.0,400.0,0.0,-400.0,746020.0
2026-03-01,13:55,202606020208,08,中山,4歳以上1勝クラス,1勝クラス,1200,ダート,稍重,16,11,フクチャンヒメ,上里直汰,12.0,95.2,72.1,-24.26,-0.2779,0.01231,8.12,0.02357,0.0111,2.125,1.6997,1.0,11,不的中,0,66.0,0.0,1000.0,0.0,-1000.0,893700.0,800.0,0.0,-800.0,745220.0
2026-03-01,14:40,202610011210,10,小倉,西日本新聞杯(2勝),2勝クラス,1200,芝,良,18,7,ディアドコス,松本大輝,11.0,43.2,28.8,-33.33,-0.4055,0.03553,6.51,0.06274,0.02778,2.259,1.8069,1.0,3,不的中,0,26.0,0.0,1000.0,0.0,-1000.0,892700.0,2200.0,0.0,-2200.0,739520.0
2026-03-01,14:40,202610011210,10,小倉,西日本新聞杯(2勝),2勝クラス,1200,芝,良,18,17,シアター,菱田裕二,7.0,16.1,14.0,-13.04,-0.1398,0.06307,6.51,0.10445,0.05714,1.828,1.4623,2.0,9,不的中,0,13.0,0.0,1000.0,0.0,-1000.0,891700.0,2700.0,0.0,-2700.0,739520.0
2026-03-01,14:40,202610011210,10,小倉,西日本新聞杯(2勝),2勝クラス,1200,芝,良,18,14,イグニション,田山旺佑,13.0,56.8,46.7,-17.78,-0.1958,0.01961,6.51,0.03078,0.01713,1.797,1.4376,3.0,6,不的中,0,40.2,0.0,1000.0,0.0,-1000.0,890700.0,800.0,0.0,-800.0,739520.0
2026-03-01,15:01,202606020210,10,中山,アクアマリンS(3勝),3勝クラス,1200,芝,良,15,1,ヴェサリウス,三浦皇成,5.0,17.0,13.5,-20.59,-0.2305,0.06635,11.33,0.09775,0.05926,1.649,1.3196,1.0,6,不的中,0,10.1,0.0,1000.0,0.0,-1000.0,889700.0,1900.0,0.0,-1900.0,737620.0
2026-03-01,15:15,202610011211,11,小倉,関門橋ステークス(3勝),3勝クラス,2000,芝,良,17,10,モズロックンロール,西塚洸二,7.0,37.3,21.5,-42.36,-0.5509,0.05222,9.75,0.06157,0.03721,1.655,1.3238,1.0,2,不的中,0,17.1,0.0,1000.0,0.0,-1000.0,888700.0,1200.0,0.0,-1200.0,736420.0
2026-03-01,15:30,202609010411,11,阪神,第33回チューリップ賞(GII),G2,1600,芝,良,15,11,ダンデノン,北村友一,10.0,88.2,61.2,-30.61,-0.3655,0.02077,42.0,0.02326,0.01307,1.779,1.4235,1.0,5,不的中,0,52.5,0.0,1000.0,0.0,-1000.0,887700.0,600.0,0.0,-600.0,735820.0
2026-03-01,16:25,202606020212,12,中山,4歳以上2勝クラス,2勝クラス,1200,ダート,良,16,1,ラストシャリナ,石川裕紀,13.0,72.4,65.3,-9.81,-0.1032,0.01327,17.85,0.0284,0.01225,2.318,1.8543,1.0,1,的中,1,68.5,6850.0,1000.0,68500.0,67500.0,955200.0,1000.0,68500.0,67500.0,803320.0
2026-03-07,10:05,202606020301,01,中山,3歳未勝利,未勝利,1200,ダート,重,16,10,マリノステアハート,木幡巧也,7.0,60.5,41.6,-31.24,-0.3745,0.02585,5.63,0.03078,0.01923,1.601,1.2806,1.0,12,不的中,0,39.4,0.0,1000.0,0.0,-1000.0,954200.0,600.0,0.0,-600.0,802720.0
2026-03-07,10:35,202606020302,02,中山,3歳未勝利,未勝利,1800,ダート,重,15,11,ブルースパーダ,松岡正海,8.0,61.9,31.7,-48.79,-0.6692,0.032,4.63,0.05477,0.02524,2.17,1.7364,1.0,8,不的中,0,22.6,0.0,1000.0,0.0,-1000.0,953200.0,2000.0,0.0,-2000.0,799020.0
2026-03-07,10:35,202606020302,02,中山,3歳未勝利,未勝利,1800,ダート,重,15,15,インスウィング,小林脩斗,10.0,82.1,32.7,-60.17,-0.9206,0.03311,4.63,0.05068,0.02446,2.071,1.6571,2.0,11,不的中,0,30.4,0.0,1000.0,0.0,-1000.0,952200.0,1700.0,0.0,-1700.0,799020.0
2026-03-07,12:40,202609010506,06,阪神,3歳1勝クラス,1勝クラス,1200,ダート,稍重,12,1,エムフォー,鮫島克駿,7.0,21.0,14.4,-31.43,-0.3773,0.0669,6.36,0.10564,0.05556,1.901,1.5212,1.0,12,不的中,0,12.2,0.0,1000.0,0.0,-1000.0,951200.0,3200.0,0.0,-3200.0,795820.0
2026-03-07,13:25,202606020307,07,中山,3歳1勝クラス,1勝クラス,1200,ダート,重,16,9,ディープスリー,佐々木大,6.0,49.6,32.2,-35.08,-0.432,0.03106,7.62,0.04339,0.02484,1.746,1.3972,1.0,13,不的中,0,32.2,0.0,1000.0,0.0,-1000.0,950200.0,1100.0,0.0,-1100.0,794720.0
2026-03-07,13:40,202609010508,08,阪神,4歳以上2勝クラス,2勝クラス,1600,芝,良,10,2,イゾラフェリーチェ,荻野極,6.0,27.3,19.3,-29.3,-0.3468,0.04964,5.08,0.0799,0.04145,1.928,1.5421,1.0,10,不的中,0,19.3,0.0,1000.0,0.0,-1000.0,949200.0,2400.0,0.0,-2400.0,792320.0
2026-03-07,15:05,202606020310,10,中山,上総ステークス(3勝),3勝クラス,1800,ダート,重,14,7,ウィステリアリヴァ,石橋脩,12.0,44.2,37.8,-14.48,-0.1564,0.02468,9.51,0.04081,0.02116,1.928,1.5426,1.0,12,不的中,0,37.2,0.0,1000.0,0.0,-1000.0,948200.0,1200.0,0.0,-1200.0,788920.0
2026-03-07,15:05,202606020310,10,中山,上総ステークス(3勝),3勝クラス,1800,ダート,重,14,12,ラフエイジアン,岩田康誠,9.0,26.3,20.4,-22.43,-0.254,0.04959,9.51,0.07517,0.03922,1.917,1.5334,2.0,5,不的中,0,20.0,0.0,1000.0,0.0,-1000.0,947200.0,2200.0,0.0,-2200.0,788920.0
2026-03-07,15:30,202609010511,11,阪神,第60回フィリーズレビュー(GII),G2,1400,芝,良,18,1,フルールジェンヌ,永島まな,17.0,120.7,95.2,-21.13,-0.2373,0.01268,21.53,0.02029,0.0084,2.415,1.9318,1.0,6,不的中,0,92.3,0.0,1000.0,0.0,-1000.0,946200.0,800.0,0.0,-800.0,788120.0
2026-03-07,15:45,202606020311,11,中山,第44回中山牝馬ステークス(GIII),G3,1800,芝,稍重,16,15,ケリフレッドアスク,佐々木大,13.0,77.0,59.7,-22.47,-0.2545,0.01904,34.92,0.02788,0.0134,2.081,1.6646,1.0,8,不的中,0,61.4,0.0,1000.0,0.0,-1000.0,945200.0,900.0,0.0,-900.0,785620.0
2026-03-07,15:45,202606020311,11,中山,第44回中山牝馬ステークス(GIII),G3,1800,芝,稍重,16,8,レディーヴァリュー,団野大成,14.0,95.2,75.7,-20.48,-0.2292,0.01461,34.92,0.02198,0.01057,2.08,1.6641,2.0,16,不的中,0,77.9,0.0,1000.0,0.0,-1000.0,944200.0,800.0,0.0,-800.0,785620.0
2026-03-07,15:45,202606020311,11,中山,第44回中山牝馬ステークス(GIII),G3,1800,芝,稍重,16,2,ビヨンドザヴァレー,菱田裕二,11.0,33.7,29.6,-12.17,-0.1297,0.03299,34.92,0.04268,0.02703,1.579,1.2634,3.0,2,不的中,0,28.8,0.0,1000.0,0.0,-1000.0,943200.0,800.0,0.0,-800.0,785620.0
2026-03-07,16:10,202609010512,12,阪神,4歳以上1勝クラス,1勝クラス,1200,ダート,稍重,16,6,ジュウオウ,池添謙一,9.0,66.4,56.0,-15.66,-0.1703,0.01696,10.58,0.02946,0.01429,2.062,1.6496,1.0,8,不的中,0,38.8,0.0,1000.0,0.0,-1000.0,942200.0,1000.0,0.0,-1000.0,784320.0
2026-03-07,16:10,202609010512,12,阪神,4歳以上1勝クラス,1勝クラス,1200,ダート,稍重,16,14,エンブレムボム,松本大輝,10.0,85.1,76.3,-10.34,-0.1092,0.01181,10.58,0.01592,0.01048,1.518,1.2146,2.0,7,不的中,0,49.7,0.0,1000.0,0.0,-1000.0,941200.0,300.0,0.0,-300.0,784320.0
2026-03-08,10:05,202606020401,01,中山,3歳未勝利,未勝利,1800,ダート,稍重,16,15,セニング,田辺裕信,10.0,48.2,33.0,-31.54,-0.3789,0.03264,5.79,0.05026,0.02424,2.073,1.6587,1.0,3,不的中,0,33.0,0.0,1000.0,0.0,-1000.0,940200.0,1700.0,0.0,-1700.0,812320.0
2026-03-08,10:05,202606020401,01,中山,3歳未勝利,未勝利,1800,ダート,稍重,16,16,ステイグローリアス,松岡正海,7.0,25.3,17.5,-30.83,-0.3686,0.06119,5.79,0.07857,0.04571,1.719,1.3749,2.0,1,的中,1,17.5,1750.0,1000.0,17500.0,16500.0,956700.0,1800.0,31500.0,29700.0,812320.0
2026-03-08,10:35,202606020402,02,中山,3歳未勝利,未勝利,1200,ダート,稍重,16,4,アミナス,柴田善臣,8.0,23.7,13.3,-43.88,-0.5777,0.08215,5.8,0.09775,0.06015,1.625,1.3,1.0,9,不的中,0,13.3,0.0,1000.0,0.0,-1000.0,955700.0,2000.0,0.0,-2000.0,810320.0
2026-03-08,10:50,202609010603,03,阪神,3歳未勝利,未勝利,1800,ダート,良,14,13,マイカラー,田山旺佑,5.0,33.4,20.3,-39.22,-0.4979,0.049,5.26,0.06094,0.03941,1.546,1.2371,1.0,8,不的中,0,20.3,0.0,1000.0,0.0,-1000.0,954700.0,1000.0,0.0,-1000.0,809320.0
2026-03-08,12:10,202609010605,05,阪神,3歳1勝クラス,1勝クラス,1800,ダート,良,16,7,デールエルバハリ,小沢大仁,15.0,165.6,146.1,-11.78,-0.1253,0.00624,6.65,0.01436,0.00548,2.623,2.0982,1.0,6,不的中,0,146.1,0.0,1000.0,0.0,-1000.0,953700.0,700.0,0.0,-700.0,807720.0
2026-03-08,12:10,202609010605,05,阪神,3歳1勝クラス,1勝クラス,1800,ダート,良,16,9,キタノファーンヒル,鷲頭虎太,13.0,174.7,92.9,-46.82,-0.6315,0.01362,6.65,0.02125,0.00861,2.468,1.9746,2.0,14,不的中,0,92.9,0.0,1000.0,0.0,-1000.0,952700.0,900.0,0.0,-900.0,807720.0
2026-03-08,12:25,202606020405,05,中山,3歳未勝利,未勝利,1800,芝,良,16,12,アレステリオス,石橋脩,11.0,164.7,110.3,-33.03,-0.4009,0.00974,7.62,0.01481,0.00725,2.042,1.6338,1.0,13,不的中,0,107.6,0.0,1000.0,0.0,-1000.0,951700.0,500.0,0.0,-500.0,806620.0
2026-03-08,12:25,202606020405,05,中山,3歳未勝利,未勝利,1800,芝,良,16,14,ポイズンオーク,杉原誠人,10.0,64.3,43.6,-32.19,-0.3885,0.02448,7.62,0.02922,0.01835,1.593,1.2742,2.0,7,不的中,0,43.7,0.0,1000.0,0.0,-1000.0,950700.0,600.0,0.0,-600.0,806620.0
2026-03-08,12:55,202606020406,06,中山,4歳以上1勝クラス,1勝クラス,1200,ダート,稍重,16,15,アースミューズ,松岡正海,13.0,171.1,113.9,-33.43,-0.4069,0.0089,7.31,0.01347,0.00702,1.917,1.5338,1.0,6,不的中,0,113.9,0.0,1000.0,0.0,-1000.0,949700.0,400.0,0.0,-400.0,803920.0
2026-03-08,12:55,202606020406,06,中山,4歳以上1勝クラス,1勝クラス,1200,ダート,稍重,16,9,グルーヴィーオン,原優介,5.0,17.1,13.1,-23.39,-0.2665,0.07235,7.31,0.09625,0.06107,1.576,1.2609,2.0,14,不的中,0,13.1,0.0,1000.0,0.0,-1000.0,948700.0,1800.0,0.0,-1800.0,803920.0
2026-03-08,12:55,202606020406,06,中山,4歳以上1勝クラス,1勝クラス,1200,ダート,稍重,16,11,ブリックンクリック,津村明秀,9.0,44.1,41.7,-5.44,-0.056,0.01988,7.31,0.02922,0.01918,1.523,1.2187,3.0,4,不的中,0,41.7,0.0,1000.0,0.0,-1000.0,947700.0,500.0,0.0,-500.0,803920.0
2026-03-08,13:40,202609010608,08,阪神,4歳以上2勝クラス,2勝クラス,1800,ダート,良,9,3,バトンインディ,幸英明,8.0,75.6,70.4,-6.88,-0.0713,0.01214,6.52,0.02083,0.01136,1.833,1.4661,1.0,2,不的中,0,70.5,0.0,1000.0,0.0,-1000.0,946700.0,600.0,0.0,-600.0,802420.0
2026-03-08,13:40,202609010608,08,阪神,4歳以上2勝クラス,2勝クラス,1800,ダート,良,9,8,マッスルバック,太宰啓介,6.0,37.8,27.8,-26.46,-0.3073,0.03531,6.52,0.04578,0.02878,1.591,1.2728,2.0,7,不的中,0,27.8,0.0,1000.0,0.0,-1000.0,945700.0,900.0,0.0,-900.0,802420.0
2026-03-08,13:55,202606020408,08,中山,4歳以上2勝クラス,2勝クラス,1800,ダート,稍重,13,3,ヴォルスター,長浜鴻緒,11.0,118.6,99.6,-16.02,-0.1746,0.00954,7.94,0.01886,0.00803,2.348,1.8783,1.0,10,不的中,0,99.6,0.0,1000.0,0.0,-1000.0,944700.0,800.0,0.0,-800.0,801620.0
2026-03-08,14:15,202609010609,09,阪神,アルメリア賞(1勝),1勝クラス,1800,芝,良,6,1,カレントゥルーシー,藤懸貴志,5.0,17.2,12.9,-25.0,-0.2877,0.0736,9.35,0.10308,0.06202,1.662,1.3298,1.0,3,不的中,0,11.5,0.0,1000.0,0.0,-1000.0,943700.0,2300.0,0.0,-2300.0,799320.0
2026-03-08,14:30,202606020409,09,中山,湾岸ステークス(3勝),3勝クラス,2500,芝,良,16,10,ヤマニンエンディマ,大野拓弥,13.0,129.8,112.9,-13.02,-0.1395,0.00814,13.0,0.01306,0.00709,1.843,1.4741,1.0,11,不的中,0,112.9,0.0,1000.0,0.0,-1000.0,942700.0,400.0,0.0,-400.0,798920.0
2026-03-08,15:05,202606020410,10,中山,総武ステークス(OP),オープン,1800,ダート,稍重,15,10,ハグ,高杉吏麒,8.0,23.2,15.3,-34.05,-0.4163,0.06879,15.99,0.09775,0.05229,1.869,1.4955,1.0,10,不的中,0,15.3,0.0,1000.0,0.0,-1000.0,941700.0,2800.0,0.0,-2800.0,796120.0
2026-03-08,15:30,202609010611,11,阪神,大阪城ステークス(L),リステッド,1800,芝,良,13,11,ブルーミンデザイン,斎藤新,9.0,17.2,12.7,-26.16,-0.3033,0.086,19.08,0.09775,0.06299,1.552,1.2414,1.0,6,不的中,0,12.7,0.0,1000.0,0.0,-1000.0,940700.0,1700.0,0.0,-1700.0,794420.0
2026-03-14,10:05,202606020501,01,中山,3歳未勝利,未勝利,1800,ダート,良,15,10,ニューカワイイ,石田拓郎,10.0,97.6,68.5,-29.82,-0.354,0.01613,5.07,0.02344,0.01168,2.007,1.6058,1.0,12,不的中,0,67.4,0.0,1000.0,0.0,-1000.0,939700.0,800.0,0.0,-800.0,793620.0
2026-03-14,10:40,202607010103,03,中京,3歳未勝利,未勝利,1900,ダート,良,13,6,リリーサンダー,小沢大仁,11.0,66.6,53.1,-20.27,-0.2265,0.01736,2.3,0.0447,0.01507,2.967,2.3735,1.0,4,不的中,0,47.7,0.0,1000.0,0.0,-1000.0,938700.0,2100.0,0.0,-2100.0,790720.0
2026-03-14,10:40,202607010103,03,中京,3歳未勝利,未勝利,1900,ダート,良,13,7,ラッキーダイヤ,森田誠也,8.0,28.5,25.3,-11.23,-0.1191,0.03415,2.3,0.04869,0.03162,1.54,1.2319,2.0,7,不的中,0,26.3,0.0,1000.0,0.0,-1000.0,937700.0,800.0,0.0,-800.0,790720.0
2026-03-14,11:35,202606020504,04,中山,3歳未勝利,未勝利,1800,ダート,良,16,2,オーパパ,斎藤新,7.0,61.6,53.5,-13.15,-0.141,0.01671,6.1,0.02854,0.01495,1.909,1.5269,1.0,13,不的中,0,45.3,0.0,1000.0,0.0,-1000.0,936700.0,800.0,0.0,-800.0,789520.0
2026-03-14,11:35,202606020504,04,中山,3歳未勝利,未勝利,1800,ダート,良,16,10,ガイストゼーゲン,江田照男,9.0,123.8,114.0,-7.92,-0.0825,0.00729,6.1,0.01336,0.00702,1.904,1.523,2.0,5,不的中,0,114.6,0.0,1000.0,0.0,-1000.0,935700.0,400.0,0.0,-400.0,789520.0
2026-03-14,13:00,202607010107,07,中京,4歳以上1勝クラス,1勝クラス,1600,芝,良,16,10,ラマヌジャン,富田暁,14.0,156.6,139.1,-11.17,-0.1185,0.00632,3.16,0.01347,0.00575,2.341,1.8731,1.0,14,不的中,0,108.1,0.0,1000.0,0.0,-1000.0,934700.0,500.0,0.0,-500.0,789020.0
2026-03-14,13:35,202607010108,08,中京,4歳以上1勝クラス,1勝クラス,1200,ダート,良,16,6,リッチハンター,柴田裕一,9.0,60.0,55.1,-8.17,-0.0852,0.01557,2.74,0.02388,0.01452,1.645,1.316,1.0,7,不的中,0,42.1,0.0,1000.0,0.0,-1000.0,933700.0,500.0,0.0,-500.0,788520.0
2026-03-14,14:10,202607010109,09,中京,鶴舞特別(1勝),1勝クラス,2200,芝,良,10,7,サンライズバブル,吉田隼人,4.0,14.3,11.5,-19.58,-0.2179,0.07449,5.06,0.10787,0.06957,1.551,1.2405,1.0,4,不的中,0,7.7,0.0,1000.0,0.0,-1000.0,932700.0,1900.0,0.0,-1900.0,786620.0
2026-03-14,15:30,202609010711,11,阪神,コーラルステークス(L),リステッド,1400,ダート,良,13,2,ナムラフランク,菱田裕二,9.0,31.3,22.4,-28.43,-0.3346,0.04451,12.54,0.05734,0.03571,1.605,1.2843,1.0,12,不的中,0,23.0,0.0,1000.0,0.0,-1000.0,931700.0,1100.0,0.0,-1100.0,784220.0
2026-03-14,15:30,202609010711,11,阪神,コーラルステークス(L),リステッド,1400,ダート,良,13,10,ポールセン,北村友一,8.0,20.8,16.6,-20.19,-0.2256,0.05629,12.54,0.07502,0.04819,1.557,1.2454,2.0,5,不的中,0,17.0,0.0,1000.0,0.0,-1000.0,930700.0,1300.0,0.0,-1300.0,784220.0
2026-03-14,16:25,202606020512,12,中山,4歳以上2勝クラス,2勝クラス,1200,ダート,良,16,8,ヘルメース,谷原柚希,10.0,61.7,55.4,-10.21,-0.1077,0.01561,12.93,0.03078,0.01444,2.132,1.7054,1.0,7,不的中,0,55.4,0.0,1000.0,0.0,-1000.0,929700.0,1100.0,0.0,-1100.0,783120.0
2026-03-15,09:45,202607010201,01,中京,3歳未勝利,未勝利,1400,ダート,良,16,1,ジャカルタバオ,浜中俊,8.0,28.7,24.5,-14.63,-0.1582,0.03623,3.23,0.05443,0.03265,1.667,1.3335,1.0,4,不的中,0,24.5,0.0,1000.0,0.0,-1000.0,928700.0,1200.0,0.0,-1200.0,781920.0
2026-03-15,10:05,202606020601,01,中山,3歳未勝利,未勝利,1200,ダート,良,16,8,ニシノゲッパク,遠藤汰月,10.0,106.6,58.0,-45.59,-0.6086,0.01763,4.55,0.02351,0.01379,1.705,1.3638,1.0,5,不的中,0,58.1,0.0,1000.0,0.0,-1000.0,927700.0,500.0,0.0,-500.0,781420.0
2026-03-15,11:15,202607010204,04,中京,3歳未勝利,未勝利,1400,芝,良,18,6,ミッキースワン,菊沢一樹,8.0,32.8,25.4,-22.56,-0.2557,0.03489,4.07,0.05127,0.0315,1.628,1.3023,1.0,11,不的中,0,25.4,0.0,1000.0,0.0,-1000.0,926700.0,1000.0,0.0,-1000.0,780420.0
2026-03-15,12:05,202607010205,05,中京,3歳未勝利,未勝利,2200,芝,良,15,15,レッドブライトン,舟山瑠泉,5.0,22.8,16.8,-26.32,-0.3054,0.06196,5.28,0.07919,0.04762,1.663,1.3305,1.0,3,不的中,0,16.6,0.0,1000.0,0.0,-1000.0,925700.0,1700.0,0.0,-1700.0,778720.0
2026-03-15,13:05,202607010207,07,中京,4歳以上1勝クラス,1勝クラス,1800,ダート,良,15,11,エイカイボクサー,小林美駒,12.0,65.1,38.6,-40.71,-0.5227,0.02415,4.63,0.03285,0.02073,1.585,1.268,1.0,10,不的中,0,38.6,0.0,1000.0,0.0,-1000.0,924700.0,600.0,0.0,-600.0,777520.0
2026-03-15,13:05,202607010207,07,中京,4歳以上1勝クラス,1勝クラス,1800,ダート,良,15,7,ガーデンカメリア,和田陽希,11.0,35.6,31.9,-10.39,-0.1097,0.02596,4.63,0.03858,0.02508,1.539,1.2308,2.0,5,不的中,0,31.9,0.0,1000.0,0.0,-1000.0,923700.0,600.0,0.0,-600.0,777520.0
2026-03-15,13:15,202609010807,07,阪神,4歳以上1勝クラス,1勝クラス,1600,芝,良,13,6,ジーティームッシュ,酒井学,7.0,28.2,21.4,-24.11,-0.2759,0.03987,4.63,0.07225,0.03738,1.933,1.5461,1.0,7,不的中,0,21.4,0.0,1000.0,0.0,-1000.0,922700.0,2100.0,0.0,-2100.0,815980.0
2026-03-15,13:15,202609010807,07,阪神,4歳以上1勝クラス,1勝クラス,1600,芝,良,13,7,メイショウアボット,菱田裕二,11.0,56.8,51.6,-9.15,-0.096,0.01566,4.63,0.02946,0.0155,1.9,1.52,2.0,1,的中,1,51.7,5170.0,1000.0,51700.0,50700.0,973400.0,800.0,41360.0,40560.0,815980.0
2026-03-15,14:05,202607010209,09,中京,伊良湖特別(2勝),2勝クラス,1200,ダート,良,16,2,キングクー,黛弘人,10.0,54.4,39.3,-27.76,-0.3251,0.02275,5.28,0.03105,0.02036,1.525,1.2204,1.0,8,不的中,0,30.0,0.0,1000.0,0.0,-1000.0,972400.0,500.0,0.0,-500.0,815480.0
2026-03-15,14:25,202606020609,09,中山,阿見特別(2勝),2勝クラス,2400,ダート,良,11,9,インジケーター,石田拓郎,8.0,53.9,48.5,-10.02,-0.1056,0.01701,6.64,0.03078,0.01649,1.866,1.493,1.0,8,不的中,0,48.6,0.0,1000.0,0.0,-1000.0,971400.0,900.0,0.0,-900.0,814580.0
2026-03-15,14:50,202609010810,10,阪神,甲南ステークス(3勝),3勝クラス,1800,ダート,良,14,4,メイプルタピット,藤懸貴志,8.0,44.6,29.9,-32.96,-0.3999,0.03149,6.28,0.04356,0.02676,1.628,1.3025,1.0,2,不的中,0,24.0,0.0,1000.0,0.0,-1000.0,970400.0,900.0,0.0,-900.0,813180.0
2026-03-15,14:50,202609010810,10,阪神,甲南ステークス(3勝),3勝クラス,1800,ダート,良,14,1,フラムリンガム,北村友一,12.0,58.3,53.2,-8.75,-0.0915,0.01562,6.28,0.02425,0.01504,1.612,1.29,2.0,11,不的中,0,53.9,0.0,1000.0,0.0,-1000.0,969400.0,500.0,0.0,-500.0,813180.0
2026-03-15,15:45,202606020611,11,中山,第75回フジTVスプリングS(GII),G2,1800,芝,良,16,14,アクロフェイズ,西村淳也,7.0,31.1,17.0,-45.34,-0.604,0.08418,51.98,0.09775,0.04706,2.077,1.6617,1.0,3,不的中,0,17.0,0.0,1000.0,0.0,-1000.0,968400.0,3400.0,0.0,-3400.0,807380.0
2026-03-15,15:45,202606020611,11,中山,第75回フジTVスプリングS(GII),G2,1800,芝,良,16,4,ラストスマイル,杉原誠人,5.0,19.0,14.2,-25.26,-0.2912,0.0807,51.98,0.09775,0.05634,1.735,1.388,2.0,6,不的中,0,14.2,0.0,1000.0,0.0,-1000.0,967400.0,2400.0,0.0,-2400.0,807380.0
2026-03-15,16:01,202607010212,12,中京,4歳以上1勝クラス,1勝クラス,1200,芝,良,18,5,フロウアンドライム,三浦皇成,11.0,24.6,22.1,-10.16,-0.1072,0.03803,8.95,0.05779,0.0362,1.597,1.2772,1.0,4,不的中,0,22.1,0.0,1000.0,0.0,-1000.0,966400.0,1100.0,0.0,-1100.0,804580.0
2026-03-15,16:01,202607010212,12,中京,4歳以上1勝クラス,1勝クラス,1200,芝,良,18,16,ティピティーナ,戸崎圭太,6.0,20.2,13.8,-31.68,-0.381,0.06755,8.95,0.09148,0.05797,1.578,1.2624,2.0,14,不的中,0,13.8,0.0,1000.0,0.0,-1000.0,965400.0,1700.0,0.0,-1700.0,804580.0
2026-03-15,16:25,202606020612,12,中山,4歳以上1勝クラス,1勝クラス,1200,ダート,良,16,12,イラーナ,岩田康誠,8.0,32.8,23.7,-27.74,-0.325,0.0404,16.96,0.05882,0.03376,1.743,1.3941,1.0,12,不的中,0,23.9,0.0,1000.0,0.0,-1000.0,964400.0,1400.0,0.0,-1400.0,802180.0
2026-03-15,16:25,202606020612,12,中山,4歳以上1勝クラス,1勝クラス,1200,ダート,良,16,11,ヒットミー,長浜鴻緒,9.0,32.9,26.9,-18.24,-0.2013,0.03348,16.96,0.0488,0.02974,1.641,1.3128,2.0,2,不的中,0,26.8,0.0,1000.0,0.0,-1000.0,963400.0,1000.0,0.0,-1000.0,802180.0
2026-03-21,10:20,202609010902,02,阪神,3歳未勝利,未勝利,1200,ダート,稍重,13,1,トラステッド,秋山稔樹,7.0,57.5,52.5,-8.7,-0.091,0.01737,5.36,0.02513,0.01524,1.649,1.3194,1.0,13,不的中,0,52.5,0.0,1000.0,0.0,-1000.0,962400.0,500.0,0.0,-500.0,801080.0
2026-03-21,10:20,202609010902,02,阪神,3歳未勝利,未勝利,1200,ダート,稍重,13,2,クリコファルコン,菱田裕二,4.0,65.7,31.4,-52.21,-0.7383,0.03881,5.36,0.03825,0.02548,1.501,1.2012,2.0,2,不的中,0,31.4,0.0,1000.0,0.0,-1000.0,961400.0,600.0,0.0,-600.0,801080.0
2026-03-21,11:10,202607010304,04,中京,3歳未勝利,未勝利,2000,芝,良,18,1,スウィーティーベル,団野大成,9.0,40.5,30.4,-24.94,-0.2869,0.03109,3.8,0.04268,0.02632,1.622,1.2975,1.0,9,不的中,0,30.4,0.0,1000.0,0.0,-1000.0,960400.0,900.0,0.0,-900.0,800180.0
2026-03-21,11:35,202606020704,04,中山,3歳未勝利,未勝利,1800,ダート,良,13,9,スーパーハイウェイ,佐々木大,8.0,111.1,104.1,-6.3,-0.0651,0.00801,5.3,0.01665,0.00768,2.167,1.7332,1.0,8,不的中,0,104.5,0.0,1000.0,0.0,-1000.0,959400.0,600.0,0.0,-600.0,799580.0
2026-03-21,12:00,202607010305,05,中京,3歳未勝利,未勝利,2000,芝,良,18,4,プラウドブルーベル,舟山瑠泉,13.0,144.1,123.1,-14.57,-0.1575,0.0077,3.8,0.01571,0.0065,2.417,1.9336,1.0,10,不的中,0,123.1,0.0,1000.0,0.0,-1000.0,958400.0,700.0,0.0,-700.0,798880.0
2026-03-21,12:55,202606020706,06,中山,3歳1勝クラス,1勝クラス,1600,芝,良,13,2,リネンタイリン,長浜鴻緒,8.0,116.3,109.3,-6.02,-0.0621,0.0078,7.16,0.01275,0.00732,1.742,1.3934,1.0,5,不的中,0,94.1,0.0,1000.0,0.0,-1000.0,957400.0,300.0,0.0,-300.0,798580.0
2026-03-21,14:55,202609010910,10,阪神,淀屋橋ステークス(3勝),3勝クラス,1200,芝,良,16,3,ブリックワーク,秋山稔樹,8.0,25.9,17.0,-34.36,-0.421,0.0573,6.81,0.07588,0.04706,1.612,1.2899,1.0,4,不的中,0,15.4,0.0,1000.0,0.0,-1000.0,956400.0,1500.0,0.0,-1500.0,797080.0
2026-03-21,15:10,202606020710,10,中山,韓国馬事会杯(3勝),3勝クラス,1800,ダート,良,13,6,テーオールビー,石橋脩,11.0,64.0,47.6,-25.62,-0.2961,0.02357,8.46,0.03078,0.01681,1.832,1.4653,1.0,7,不的中,0,47.0,0.0,1000.0,0.0,-1000.0,955400.0,800.0,0.0,-800.0,795480.0
2026-03-21,15:10,202606020710,10,中山,韓国馬事会杯(3勝),3勝クラス,1800,ダート,良,13,3,ジューンエオス,高倉稜,9.0,29.5,21.9,-25.76,-0.2979,0.05131,8.46,0.0552,0.03653,1.511,1.2089,2.0,11,不的中,0,20.8,0.0,1000.0,0.0,-1000.0,954400.0,800.0,0.0,-800.0,795480.0
2026-03-21,15:20,202607010311,11,中京,第40回中スポ賞ファルコンS(GIII),G3,1400,芝,良,17,2,メイクワンズデイ,松若風馬,6.0,26.5,18.4,-30.57,-0.3648,0.06256,20.66,0.06911,0.04348,1.59,1.2717,1.0,11,不的中,0,18.2,0.0,1000.0,0.0,-1000.0,953400.0,1300.0,0.0,-1300.0,793680.0
2026-03-21,15:20,202607010311,11,中京,第40回中スポ賞ファルコンS(GIII),G3,1400,芝,良,17,8,マーゴットブロー,横山典弘,14.0,100.9,88.0,-12.78,-0.1368,0.01062,20.66,0.01436,0.00909,1.58,1.2638,2.0,8,不的中,0,86.8,0.0,1000.0,0.0,-1000.0,952400.0,300.0,0.0,-300.0,793680.0
2026-03-21,15:20,202607010311,11,中京,第40回中スポ賞ファルコンS(GIII),G3,1400,芝,良,17,5,アスミル,太宰啓介,15.0,113.2,99.6,-12.01,-0.128,0.00929,20.66,0.01244,0.00803,1.549,1.2395,3.0,13,不的中,0,97.4,0.0,1000.0,0.0,-1000.0,951400.0,200.0,0.0,-200.0,793680.0
2026-03-21,16:01,202607010312,12,中京,4歳以上1勝クラス,1勝クラス,1600,芝,良,14,4,メイショウビストロ,田山旺佑,6.0,23.6,18.1,-23.31,-0.2653,0.04917,7.53,0.06747,0.0442,1.527,1.2212,1.0,3,不的中,0,18.1,0.0,1000.0,0.0,-1000.0,950400.0,1100.0,0.0,-1100.0,792580.0
2026-03-22,10:55,202606020803,03,中山,3歳1勝クラス,1勝クラス,1200,ダート,良,14,4,ジェイエルキャリア,吉田豊,9.0,85.5,53.1,-37.89,-0.4763,0.0181,6.62,0.03063,0.01507,2.033,1.6266,1.0,9,不的中,0,53.1,0.0,1000.0,0.0,-1000.0,949400.0,1000.0,0.0,-1000.0,791580.0
2026-03-22,12:05,202607010405,05,中京,3歳未勝利,未勝利,1600,芝,良,16,14,ブラックジャック,横山典弘,5.0,18.5,12.4,-32.97,-0.4001,0.08659,4.65,0.10445,0.06452,1.619,1.2952,1.0,9,不的中,0,12.4,0.0,1000.0,0.0,-1000.0,948400.0,2100.0,0.0,-2100.0,789480.0
2026-03-22,12:25,202609011005,05,阪神,3歳1勝クラス,1勝クラス,1200,芝,良,11,8,ワイドカクゲン,佐々木大,9.0,47.7,28.3,-40.67,-0.5221,0.03397,4.52,0.05243,0.02827,1.855,1.4838,1.0,10,不的中,0,28.3,0.0,1000.0,0.0,-1000.0,947400.0,1400.0,0.0,-1400.0,786980.0
2026-03-22,12:25,202609011005,05,阪神,3歳1勝クラス,1勝クラス,1200,芝,良,11,4,サヨノパララックス,菱田裕二,8.0,24.7,22.6,-8.5,-0.0889,0.03668,4.52,0.05734,0.0354,1.62,1.2958,2.0,5,不的中,0,22.6,0.0,1000.0,0.0,-1000.0,946400.0,1100.0,0.0,-1100.0,786980.0
2026-03-22,12:35,202607010406,06,中京,4歳以上1勝クラス,1勝クラス,2000,芝,良,17,12,ウアーシュプルング,幸英明,8.0,23.5,17.1,-27.23,-0.3179,0.05231,5.21,0.07502,0.04678,1.604,1.2829,1.0,5,不的中,0,17.1,0.0,1000.0,0.0,-1000.0,945400.0,1400.0,0.0,-1400.0,785580.0
2026-03-22,12:55,202609011006,06,阪神,3歳1勝クラス,1勝クラス,1800,ダート,良,13,2,スターシップ,松山弘平,9.0,52.8,25.2,-52.27,-0.7397,0.03924,6.21,0.06346,0.03175,1.999,1.5991,1.0,13,不的中,0,25.3,0.0,1000.0,0.0,-1000.0,944400.0,2000.0,0.0,-2000.0,783580.0
2026-03-22,13:35,202607010408,08,中京,4歳以上1勝クラス,1勝クラス,1400,芝,良,18,17,ガウラスパーク,亀田温心,12.0,60.6,56.2,-7.26,-0.0754,0.01468,4.13,0.02461,0.01423,1.729,1.3832,1.0,13,不的中,0,56.2,0.0,1000.0,0.0,-1000.0,943400.0,600.0,0.0,-600.0,782980.0
2026-03-22,14:15,202606020809,09,中山,鎌ケ谷特別(2勝),2勝クラス,1200,ダート,良,16,16,シュヴァルツリーベ,伊藤工真,10.0,60.4,54.9,-9.11,-0.0955,0.01505,7.31,0.02353,0.01457,1.614,1.2916,1.0,7,不的中,0,54.9,0.0,1000.0,0.0,-1000.0,942400.0,500.0,0.0,-500.0,782480.0
2026-03-22,14:40,202607010410,10,中京,弥富特別(2勝),2勝クラス,1900,ダート,良,16,4,シゲルカミカゼ,舟山瑠泉,13.0,72.1,61.3,-14.98,-0.1623,0.01483,6.34,0.03078,0.01305,2.359,1.887,1.0,11,不的中,0,61.3,0.0,1000.0,0.0,-1000.0,941400.0,1200.0,0.0,-1200.0,781280.0
2026-03-22,15:30,202606020811,11,中山,千葉ステークス(OP),オープン,1200,ダート,良,16,5,ロードフロンティア,原優介,12.0,52.2,31.6,-39.46,-0.5019,0.0372,13.26,0.0593,0.02532,2.342,1.8739,1.0,15,不的中,0,31.6,0.0,1000.0,0.0,-1000.0,940400.0,2300.0,0.0,-2300.0,776280.0
2026-03-22,15:30,202606020811,11,中山,千葉ステークス(OP),オープン,1200,ダート,良,16,15,ショウナンアビアス,柴田善臣,10.0,34.0,22.8,-32.94,-0.3996,0.04881,13.26,0.05882,0.03509,1.677,1.3412,2.0,7,不的中,0,22.8,0.0,1000.0,0.0,-1000.0,939400.0,1300.0,0.0,-1300.0,776280.0
2026-03-22,15:30,202606020811,11,中山,千葉ステークス(OP),オープン,1200,ダート,良,16,13,エコロガイア,高倉稜,8.0,23.4,16.9,-27.78,-0.3254,0.06291,13.26,0.07588,0.04734,1.603,1.2823,3.0,13,不的中,0,16.9,0.0,1000.0,0.0,-1000.0,938400.0,1400.0,0.0,-1400.0,776280.0
2026-03-28,10:10,202607010502,02,中京,3歳未勝利,未勝利,1800,ダート,稍重,13,8,アティラン,西塚洸二,9.0,88.0,51.0,-42.05,-0.5455,0.02027,2.27,0.03388,0.01569,2.16,1.7281,1.0,10,不的中,0,50.1,0.0,1000.0,0.0,-1000.0,937400.0,1200.0,0.0,-1200.0,773080.0
2026-03-28,10:10,202607010502,02,中京,3歳未勝利,未勝利,1800,ダート,稍重,13,11,メジロピオラ,吉田隼人,7.0,16.0,15.1,-5.63,-0.0579,0.05495,2.27,0.09007,0.05298,1.7,1.3601,2.0,2,不的中,0,15.2,0.0,1000.0,0.0,-1000.0,936400.0,2000.0,0.0,-2000.0,773080.0
2026-03-28,11:35,202606030104,04,中山,3歳未勝利,未勝利,1800,ダート,重,16,13,カミノテイオー,長浜鴻緒,10.0,174.7,97.7,-44.08,-0.5812,0.01069,7.79,0.01496,0.00819,1.827,1.4619,1.0,13,不的中,0,97.7,0.0,1000.0,0.0,-1000.0,935400.0,400.0,0.0,-400.0,772280.0
2026-03-28,11:35,202606030104,04,中山,3歳未勝利,未勝利,1800,ダート,重,16,6,ブルースパーダ,津村明秀,8.0,83.0,64.9,-21.81,-0.246,0.01381,7.79,0.02001,0.01233,1.623,1.2985,2.0,6,不的中,0,64.9,0.0,1000.0,0.0,-1000.0,934400.0,400.0,0.0,-400.0,772280.0
2026-03-28,12:00,202607010505,05,中京,3歳未勝利,未勝利,2200,芝,良,15,13,デプレ,舟山瑠泉,12.0,65.8,57.1,-13.22,-0.1418,0.01563,5.04,0.02647,0.01401,1.89,1.5117,1.0,14,不的中,0,54.6,0.0,1000.0,0.0,-1000.0,933400.0,800.0,0.0,-800.0,771480.0
2026-03-28,12:10,202609020105,05,阪神,3歳未勝利,未勝利,1600,芝,良,18,6,タナブイハチターボ,太宰啓介,5.0,21.7,12.6,-41.94,-0.5436,0.07562,4.85,0.09775,0.06349,1.539,1.2316,1.0,2,不的中,0,12.6,0.0,1000.0,0.0,-1000.0,932400.0,1600.0,0.0,-1600.0,769880.0
2026-03-28,12:30,202607010506,06,中京,4歳以上1勝クラス,1勝クラス,1400,ダート,稍重,16,15,ティアップドライブ,古川吉洋,10.0,39.3,30.7,-21.88,-0.247,0.0291,2.47,0.04415,0.02606,1.694,1.3555,1.0,9,不的中,0,30.7,0.0,1000.0,0.0,-1000.0,931400.0,1000.0,0.0,-1000.0,767380.0
2026-03-28,12:30,202607010506,06,中京,4歳以上1勝クラス,1勝クラス,1400,ダート,稍重,16,10,ジョードリウム,国分恭介,7.0,28.8,17.5,-39.24,-0.4982,0.05551,2.47,0.07441,0.04571,1.628,1.3022,2.0,14,不的中,0,17.5,0.0,1000.0,0.0,-1000.0,930400.0,1500.0,0.0,-1500.0,767380.0
2026-03-28,13:25,202606030107,07,中山,4歳以上1勝クラス,1勝クラス,1800,ダート,重,13,12,ノアチュロス,杉原誠人,10.0,100.1,81.8,-18.28,-0.2019,0.01179,5.33,0.01571,0.00978,1.606,1.2849,1.0,5,不的中,0,39.5,0.0,1000.0,0.0,-1000.0,929400.0,300.0,0.0,-300.0,767080.0
2026-03-28,14:01,202606030108,08,中山,4歳以上2勝クラス,2勝クラス,2000,芝,稍重,12,3,マイネルフーガ,津村明秀,4.0,19.3,12.3,-36.27,-0.4505,0.09265,6.91,0.11035,0.06504,1.697,1.3573,1.0,2,不的中,0,12.3,0.0,1000.0,0.0,-1000.0,928400.0,2500.0,0.0,-2500.0,764580.0
2026-03-28,14:35,202606030109,09,中山,ブラッドストーンS(3勝),3勝クラス,1200,ダート,重,16,16,クーデール,横山琉人,8.0,40.6,28.7,-29.31,-0.3469,0.03978,7.79,0.04859,0.02787,1.743,1.3946,1.0,16,不的中,0,26.2,0.0,1000.0,0.0,-1000.0,927400.0,1100.0,0.0,-1100.0,763480.0
2026-03-28,14:55,202609020110,10,阪神,ラジオ関西賞仲春特別(2勝),2勝クラス,1400,芝,良,11,5,サンライズプルート,高倉稜,6.0,25.4,16.6,-34.65,-0.4253,0.05786,6.36,0.07502,0.04819,1.557,1.2454,1.0,9,不的中,0,16.6,0.0,1000.0,0.0,-1000.0,926400.0,1300.0,0.0,-1300.0,762180.0
2026-03-28,16:30,202606030112,12,中山,4歳以上2勝クラス,2勝クラス,1800,ダート,重,16,8,トーホウキザン,秋山稔樹,13.0,209.4,137.6,-34.29,-0.4199,0.00813,15.7,0.01496,0.00581,2.574,2.0589,1.0,12,不的中,0,137.6,0.0,1000.0,0.0,-1000.0,925400.0,600.0,0.0,-600.0,761280.0
2026-03-28,16:30,202606030112,12,中山,4歳以上2勝クラス,2勝クラス,1800,ダート,重,16,12,ゲンパチルーナ,長浜鴻緒,10.0,78.0,73.9,-5.26,-0.054,0.01142,15.7,0.01713,0.01083,1.583,1.2662,2.0,8,不的中,0,73.9,0.0,1000.0,0.0,-1000.0,924400.0,300.0,0.0,-300.0,761280.0
2026-03-29,09:45,202609020201,01,阪神,3歳未勝利,未勝利,1800,ダート,良,14,13,タントレーベル,斎藤新,4.0,19.0,12.7,-33.16,-0.4028,0.08074,3.27,0.09775,0.06299,1.552,1.2414,1.0,5,不的中,0,10.1,0.0,1000.0,0.0,-1000.0,923400.0,1600.0,0.0,-1600.0,759680.0
2026-03-29,10:15,202609020202,02,阪神,3歳未勝利,未勝利,2000,ダート,良,9,5,ボクサークラブ,斎藤新,5.0,22.9,14.8,-35.37,-0.4365,0.06355,3.3,0.08959,0.05405,1.657,1.3259,1.0,4,不的中,0,15.3,0.0,1000.0,0.0,-1000.0,922400.0,1800.0,0.0,-1800.0,757880.0
2026-03-29,11:05,202607010603,03,中京,3歳未勝利,未勝利,1200,ダート,良,15,8,サンリナリア,田山旺佑,5.0,25.4,14.8,-41.73,-0.5401,0.06506,4.32,0.08706,0.05405,1.611,1.2885,1.0,14,不的中,0,14.8,0.0,1000.0,0.0,-1000.0,921400.0,1600.0,0.0,-1600.0,756280.0
2026-03-29,12:15,202606030205,05,中山,3歳未勝利,未勝利,2200,芝,良,13,8,アイスアイスベイビ,菊沢一樹,9.0,50.1,42.7,-14.77,-0.1598,0.02036,5.16,0.03078,0.01874,1.643,1.3144,1.0,5,不的中,0,42.7,0.0,1000.0,0.0,-1000.0,920400.0,600.0,0.0,-600.0,755680.0
2026-03-29,13:15,202606030207,07,中山,4歳以上1勝クラス,1勝クラス,1800,ダート,稍重,15,6,サムワンライクユー,江田照男,9.0,50.9,41.4,-18.66,-0.2066,0.02055,5.61,0.02937,0.01932,1.52,1.2158,1.0,4,不的中,0,41.5,0.0,1000.0,0.0,-1000.0,919400.0,500.0,0.0,-500.0,755180.0
2026-03-29,13:45,202606030208,08,中山,4歳以上1勝クラス,1勝クラス,1200,ダート,稍重,16,10,アルニラム,武藤雅,10.0,62.6,55.9,-10.7,-0.1132,0.01488,5.81,0.02246,0.01431,1.57,1.2558,1.0,11,不的中,0,55.9,0.0,1000.0,0.0,-1000.0,918400.0,400.0,0.0,-400.0,754780.0
2026-03-29,14:40,202609020210,10,阪神,御堂筋ステークス(3勝),3勝クラス,2400,芝,良,11,9,ウインルーティン,田口貫太,8.0,48.5,40.9,-15.67,-0.1704,0.02298,7.16,0.03078,0.01956,1.574,1.259,1.0,9,不的中,0,34.2,0.0,1000.0,0.0,-1000.0,917400.0,500.0,0.0,-500.0,754280.0
2026-03-29,14:50,202606030210,10,中山,船橋ステークス(3勝),3勝クラス,1200,芝,良,15,8,タイセイレスポンス,武藤雅,9.0,46.7,26.3,-43.68,-0.5742,0.03913,7.5,0.05781,0.03042,1.901,1.5204,1.0,8,不的中,0,26.2,0.0,1000.0,0.0,-1000.0,916400.0,1600.0,0.0,-1600.0,752680.0
2026-03-29,15:25,202606030211,11,中山,第33回マーチステークス(GIII),G3,1800,ダート,稍重,16,8,ピュアキアン,吉田豊,12.0,59.3,42.5,-28.33,-0.3331,0.02354,19.32,0.03078,0.01882,1.635,1.3083,1.0,14,不的中,0,42.5,0.0,1000.0,0.0,-1000.0,915400.0,600.0,0.0,-600.0,751780.0
2026-03-29,15:25,202606030211,11,中山,第33回マーチステークス(GIII),G3,1800,ダート,稍重,16,10,バスタードサフラン,舟山瑠泉,13.0,79.9,65.1,-18.52,-0.2049,0.01396,19.32,0.01901,0.01229,1.547,1.2378,2.0,9,不的中,0,65.1,0.0,1000.0,0.0,-1000.0,914400.0,300.0,0.0,-300.0,751780.0
2026-03-29,15:40,202607010611,11,中京,第56回高松宮記念(GI),G1,1200,芝,良,18,2,ビッグシーザー,西村淳也,10.0,56.7,29.8,-47.44,-0.6433,0.06632,92.84,0.08403,0.02685,3.13,2.504,1.0,11,不的中,0,29.8,0.0,1000.0,0.0,-1000.0,913400.0,4000.0,0.0,-4000.0,746180.0
2026-03-29,15:40,202607010611,11,中京,第56回高松宮記念(GI),G1,1200,芝,良,18,3,エーティーマクフィ,富田暁,5.0,21.4,16.9,-21.03,-0.2361,0.07809,92.84,0.07857,0.04734,1.66,1.3278,2.0,8,不的中,0,16.9,0.0,1000.0,0.0,-1000.0,912400.0,1600.0,0.0,-1600.0,746180.0
2026-03-29,16:01,202609020212,12,阪神,4歳以上2勝クラス,2勝クラス,1200,ダート,良,16,12,フェンダー,吉村誠之,8.0,22.9,16.7,-27.07,-0.3157,0.0567,11.57,0.07338,0.0479,1.532,1.2255,1.0,7,不的中,0,16.7,0.0,1000.0,0.0,-1000.0,911400.0,1100.0,0.0,-1100.0,745080.0
2026-04-04,10:20,202609020302,02,阪神,3歳未勝利,未勝利,1400,ダート,稍重,16,13,エクスマウス,吉村誠之,9.0,125.5,93.4,-25.58,-0.2954,0.01037,4.99,0.01515,0.00857,1.768,1.4148,1.0,13,不的中,0,93.4,0.0,1000.0,0.0,-1000.0,910400.0,400.0,0.0,-400.0,744680.0
2026-04-04,12:10,202609020305,05,阪神,3歳未勝利,未勝利,1800,芝,良,18,12,フィニステーレ,斎藤新,6.0,43.2,20.5,-52.55,-0.7454,0.06383,7.52,0.07828,0.03902,2.006,1.6047,1.0,8,不的中,0,20.5,0.0,1000.0,0.0,-1000.0,909400.0,2400.0,0.0,-2400.0,741780.0
2026-04-04,12:10,202609020305,05,阪神,3歳未勝利,未勝利,1800,芝,良,18,4,ペプチドアバンス,富田暁,10.0,99.3,68.9,-30.61,-0.3655,0.01595,7.52,0.02086,0.01161,1.796,1.437,2.0,15,不的中,0,68.9,0.0,1000.0,0.0,-1000.0,908400.0,500.0,0.0,-500.0,741780.0
2026-04-04,12:25,202606030305,05,中山,3歳未勝利,未勝利,1600,芝,良,16,1,ベルウッドバイオ,小林美駒,9.0,49.4,26.9,-45.55,-0.6078,0.03811,6.3,0.05882,0.02974,1.978,1.5823,1.0,7,不的中,0,26.9,0.0,1000.0,0.0,-1000.0,907400.0,1700.0,0.0,-1700.0,740080.0
2026-04-04,12:40,202609020306,06,阪神,4歳以上1勝クラス,1勝クラス,1200,ダート,稍重,16,1,シュネーグロッケン,松山弘平,8.0,26.0,22.6,-13.08,-0.1401,0.0381,5.55,0.05575,0.0354,1.575,1.2601,1.0,7,不的中,0,21.8,0.0,1000.0,0.0,-1000.0,906400.0,900.0,0.0,-900.0,739180.0
2026-04-04,13:10,202609020307,07,阪神,4歳以上1勝クラス,1勝クラス,1800,ダート,稍重,9,7,ハイグッドワールド,柴田裕一,7.0,37.3,33.3,-10.72,-0.1134,0.02577,6.52,0.04157,0.02402,1.73,1.3842,1.0,5,不的中,0,33.3,0.0,1000.0,0.0,-1000.0,905400.0,900.0,0.0,-900.0,738280.0
2026-04-04,14:31,202606030309,09,中山,山吹賞(1勝),1勝クラス,2200,芝,稍重,13,2,グレーヌドジョワ,丹内祐次,9.0,82.1,32.4,-60.54,-0.9298,0.0413,8.05,0.08787,0.02469,3.559,2.8469,1.0,11,不的中,0,29.5,0.0,1000.0,0.0,-1000.0,904400.0,4400.0,0.0,-4400.0,772660.0
2026-04-04,14:31,202606030309,09,中山,山吹賞(1勝),1勝クラス,2200,芝,稍重,13,12,ケントン,武藤雅,12.0,91.7,61.9,-32.5,-0.393,0.01752,8.05,0.02533,0.01292,1.96,1.5679,2.0,1,的中,1,56.4,5640.0,1000.0,56400.0,55400.0,959800.0,700.0,39480.0,38780.0,772660.0
2026-04-04,15:45,202606030311,11,中山,第58回ダービー卿チャレンジ(GIII),G3,1600,芝,稍重,16,11,スズハローム,藤懸貴志,10.0,25.7,18.3,-28.79,-0.3396,0.05991,25.33,0.076,0.04372,1.738,1.3908,1.0,1,的中,1,15.9,1590.0,1000.0,15900.0,14900.0,974700.0,1800.0,28620.0,26820.0,799480.0
2026-04-04,16:30,202606030312,12,中山,4歳以上2勝クラス,2勝クラス,1200,ダート,重,16,9,エコロネオ,団野大成,5.0,15.2,13.4,-11.84,-0.126,0.07059,14.13,0.09598,0.0597,1.608,1.2862,1.0,16,不的中,0,9.7,0.0,1000.0,0.0,-1000.0,973700.0,1900.0,0.0,-1900.0,797580.0
2026-04-05,10:05,202609020401,01,阪神,3歳未勝利,未勝利,1400,ダート,重,15,3,ジーティーアリア,北村友一,8.0,22.4,17.1,-23.66,-0.27,0.05794,6.08,0.07798,0.04678,1.667,1.3334,1.0,1,的中,1,17.1,1710.0,1000.0,17100.0,16100.0,989800.0,1700.0,29070.0,27370.0,824950.0
2026-04-05,11:05,202609020403,03,阪神,3歳未勝利,未勝利,1200,ダート,重,16,8,モズオサキニ,鮫島克駿,8.0,44.7,34.1,-23.71,-0.2707,0.02707,6.51,0.03743,0.02346,1.595,1.2763,1.0,7,不的中,0,34.1,0.0,1000.0,0.0,-1000.0,988800.0,700.0,0.0,-700.0,824250.0
2026-04-05,12:10,202606030405,05,中山,3歳未勝利,未勝利,2000,芝,重,16,15,マーゴットドライ,木幡巧也,5.0,25.5,17.0,-33.33,-0.4055,0.06011,6.83,0.07684,0.04706,1.633,1.3062,1.0,2,不的中,0,17.0,0.0,1000.0,0.0,-1000.0,987800.0,1600.0,0.0,-1600.0,822650.0
2026-04-05,12:25,202609020405,05,阪神,3歳1勝クラス,1勝クラス,1800,ダート,重,13,8,ケイアイアマゾン,中井裕二,13.0,125.3,110.5,-11.81,-0.1257,0.00807,8.06,0.01321,0.00724,1.825,1.4599,1.0,5,不的中,0,110.5,0.0,1000.0,0.0,-1000.0,986800.0,400.0,0.0,-400.0,822250.0
2026-04-05,12:40,202606030406,06,中山,3歳1勝クラス,1勝クラス,1800,ダート,重,16,12,タイセイエムロード,石田拓郎,10.0,57.1,44.8,-21.54,-0.2426,0.02053,7.66,0.02869,0.01786,1.607,1.2853,1.0,9,不的中,0,44.8,0.0,1000.0,0.0,-1000.0,985800.0,600.0,0.0,-600.0,821650.0
2026-04-05,13:10,202606030407,07,中山,3歳1勝クラス,1勝クラス,1200,芝,重,14,3,シーグルロス,佐藤翔馬,10.0,52.7,44.7,-15.18,-0.1646,0.02001,7.58,0.03486,0.0179,1.948,1.5585,1.0,7,不的中,0,44.7,0.0,1000.0,0.0,-1000.0,984800.0,1100.0,0.0,-1100.0,820550.0
2026-04-05,13:40,202606030408,08,中山,4歳以上1勝クラス,1勝クラス,1200,ダート,重,16,5,イノキ,丸山元気,8.0,38.0,26.5,-30.26,-0.3604,0.03554,7.04,0.0601,0.03019,1.991,1.5928,1.0,1,的中,1,26.5,2650.0,1000.0,26500.0,25500.0,1010300.0,2000.0,53000.0,51000.0,871550.0
2026-04-05,13:55,202609020408,08,阪神,4歳以上2勝クラス,2勝クラス,1800,芝,稍重,11,1,オメガインペリアル,坂井瑠星,5.0,17.6,13.4,-23.86,-0.2726,0.07131,8.08,0.09229,0.0597,1.546,1.2367,1.0,3,不的中,0,13.4,0.0,1000.0,0.0,-1000.0,1009300.0,1700.0,0.0,-1700.0,869850.0
2026-04-05,14:15,202606030409,09,中山,安房特別(2勝),2勝クラス,2500,芝,稍重,8,6,タッチアンドムーブ,荻野極,5.0,16.8,12.0,-28.57,-0.3365,0.08946,7.53,0.10249,0.06667,1.537,1.2299,1.0,6,不的中,0,12.0,0.0,1000.0,0.0,-1000.0,1008300.0,1900.0,0.0,-1900.0,867950.0
2026-04-05,14:50,202606030410,10,中山,アリエスステークス(3勝),3勝クラス,1800,ダート,重,16,1,グレイテストソング,国分恭介,8.0,31.9,24.8,-22.26,-0.2518,0.04253,9.65,0.05882,0.03226,1.824,1.4588,1.0,7,不的中,0,24.8,0.0,1000.0,0.0,-1000.0,1007300.0,1700.0,0.0,-1700.0,864350.0
2026-04-05,14:50,202606030410,10,中山,アリエスステークス(3勝),3勝クラス,1800,ダート,重,16,14,タンゴバイラリン,菊沢一樹,5.0,20.5,13.8,-32.68,-0.3958,0.08578,9.65,0.09229,0.05797,1.592,1.2736,2.0,4,不的中,0,13.8,0.0,1000.0,0.0,-1000.0,1006300.0,1900.0,0.0,-1900.0,864350.0
2026-04-05,15:01,202609020410,10,阪神,心斎橋ステークス(3勝),3勝クラス,1400,芝,良,18,11,エアミアーニ,西塚洸二,15.0,85.4,76.1,-10.89,-0.1153,0.0114,8.7,0.01815,0.01051,1.727,1.3815,1.0,10,不的中,0,77.1,0.0,1000.0,0.0,-1000.0,1005300.0,500.0,0.0,-500.0,863250.0
2026-04-05,15:01,202609020410,10,阪神,心斎橋ステークス(3勝),3勝クラス,1400,芝,良,18,4,スリリングチェイス,亀田温心,12.0,63.7,47.0,-26.22,-0.304,0.021,8.7,0.0276,0.01702,1.621,1.2971,2.0,12,不的中,0,27.8,0.0,1000.0,0.0,-1000.0,1004300.0,600.0,0.0,-600.0,863250.0
2026-04-05,15:25,202606030411,11,中山,美浦ステークス(3勝),3勝クラス,2000,芝,稍重,16,13,トーアライデン,丸山元気,12.0,68.0,50.0,-26.47,-0.3075,0.02542,11.9,0.02865,0.016,1.79,1.4324,1.0,9,不的中,0,44.9,0.0,1000.0,0.0,-1000.0,1003300.0,800.0,0.0,-800.0,862450.0
2026-04-11,10:15,202603010102,02,福島,3歳未勝利,未勝利,1200,芝,良,16,13,セレブトーチ,中井裕二,4.0,31.7,21.9,-30.91,-0.3698,0.0404,3.42,0.05966,0.03653,1.633,1.3065,1.0,7,不的中,0,18.5,0.0,1000.0,0.0,-1000.0,1002300.0,1300.0,0.0,-1300.0,861150.0
2026-04-11,10:35,202606030502,02,中山,3歳未勝利,未勝利,1200,ダート,重,16,6,アミナス,柴田善臣,6.0,19.1,11.3,-40.84,-0.5249,0.08654,3.8,0.10843,0.0708,1.532,1.2252,1.0,8,不的中,0,11.2,0.0,1000.0,0.0,-1000.0,1001300.0,1900.0,0.0,-1900.0,859250.0
2026-04-11,10:55,202609020503,03,阪神,3歳未勝利,未勝利,1800,ダート,重,13,10,パイザナンバー,川端海翼,10.0,142.1,130.6,-8.09,-0.0844,0.00629,5.01,0.00922,0.00613,1.505,1.2039,1.0,8,不的中,0,128.4,0.0,1000.0,0.0,-1000.0,1000300.0,200.0,0.0,-200.0,859050.0
2026-04-11,11:05,202606030503,03,中山,3歳未勝利,未勝利,1800,ダート,重,13,13,グスク,大野拓弥,5.0,30.2,20.2,-33.11,-0.4022,0.04652,4.47,0.07798,0.0396,1.969,1.5751,1.0,3,不的中,0,18.2,0.0,1000.0,0.0,-1000.0,999300.0,2600.0,0.0,-2600.0,856450.0
2026-04-11,12:05,202603010105,05,福島,3歳未勝利,未勝利,2000,芝,良,16,4,オートカリテ,富田暁,9.0,75.1,43.9,-41.54,-0.5369,0.03228,4.91,0.03666,0.01822,2.012,1.6095,1.0,4,不的中,0,43.7,0.0,1000.0,0.0,-1000.0,998300.0,1300.0,0.0,-1300.0,855150.0
2026-04-11,12:45,202609020506,06,阪神,3歳1勝クラス,1勝クラス,1200,芝,稍重,15,1,テルヴィセクス,団野大成,7.0,32.7,27.5,-15.9,-0.1732,0.03142,5.33,0.04561,0.02909,1.568,1.2543,1.0,7,不的中,0,23.0,0.0,1000.0,0.0,-1000.0,997300.0,900.0,0.0,-900.0,854250.0
2026-04-11,12:55,202606030506,06,中山,3歳未勝利,未勝利,2000,芝,良,18,1,ダンツアラーム,石橋脩,6.0,23.9,22.0,-7.95,-0.0828,0.03728,5.31,0.0601,0.03636,1.653,1.3223,1.0,7,不的中,0,22.0,0.0,1000.0,0.0,-1000.0,996300.0,1400.0,0.0,-1400.0,852850.0
2026-04-11,13:05,202603010107,07,福島,4歳以上1勝クラス,1勝クラス,1700,ダート,良,15,11,ハイケンス,河原田菜,10.0,52.8,42.8,-18.94,-0.21,0.02002,3.45,0.03058,0.01869,1.636,1.3089,1.0,6,不的中,0,41.9,0.0,1000.0,0.0,-1000.0,995300.0,700.0,0.0,-700.0,852150.0
2026-04-11,14:05,202603010109,09,福島,浄土平特別(1勝),1勝クラス,1800,芝,良,16,5,ゼットエイト,国分恭介,10.0,79.1,49.7,-37.17,-0.4647,0.01864,4.81,0.02769,0.0161,1.72,1.3761,1.0,10,不的中,0,38.3,0.0,1000.0,0.0,-1000.0,994300.0,700.0,0.0,-700.0,851450.0
2026-04-11,15:30,202609020511,11,阪神,第69回サンスポ杯阪神牝馬S(GII),G2,1600,芝,良,10,3,ルージュソリテール,西塚洸二,5.0,22.2,11.3,-49.1,-0.6753,0.14312,30.11,0.13061,0.0708,1.845,1.4759,1.0,3,不的中,0,11.3,0.0,1000.0,0.0,-1000.0,993300.0,4000.0,0.0,-4000.0,847450.0
2026-04-11,16:01,202603010112,12,福島,4歳以上1勝クラス,1勝クラス,1200,芝,良,16,7,ディクシーヴォーグ,舟山瑠泉,12.0,40.3,32.7,-18.86,-0.209,0.02722,6.93,0.05807,0.02446,2.374,1.899,1.0,12,不的中,0,32.7,0.0,1000.0,0.0,-1000.0,992300.0,2500.0,0.0,-2500.0,840650.0
2026-04-11,16:01,202603010112,12,福島,4歳以上1勝クラス,1勝クラス,1200,芝,良,16,3,ホウオウドルーリー,森田誠也,11.0,52.0,28.4,-45.38,-0.6049,0.03606,6.93,0.06385,0.02817,2.267,1.8135,2.0,5,不的中,0,28.4,0.0,1000.0,0.0,-1000.0,991300.0,2600.0,0.0,-2600.0,840650.0
2026-04-11,16:01,202603010112,12,福島,4歳以上1勝クラス,1勝クラス,1200,芝,良,16,1,アートフォーム,和田陽希,9.0,34.5,17.2,-50.14,-0.696,0.06094,6.93,0.07684,0.04651,1.652,1.3216,3.0,9,不的中,0,17.2,0.0,1000.0,0.0,-1000.0,990300.0,1700.0,0.0,-1700.0,840650.0
2026-04-11,16:10,202609020512,12,阪神,4歳以上2勝クラス,2勝クラス,1200,ダート,重,16,11,クリノオリーブ,田山旺佑,7.0,27.2,23.9,-12.13,-0.1293,0.03525,9.02,0.05239,0.03347,1.565,1.2521,1.0,2,不的中,0,23.9,0.0,1000.0,0.0,-1000.0,989300.0,1000.0,0.0,-1000.0,839650.0
2026-04-11,16:30,202606030512,12,中山,4歳以上2勝クラス,2勝クラス,1200,ダート,稍重,16,6,プレゼンティーア,上里直汰,5.0,18.5,14.2,-23.24,-0.2645,0.07322,13.19,0.08689,0.05634,1.542,1.2338,1.0,1,的中,1,13.2,1320.0,1000.0,13200.0,12200.0,1001500.0,1500.0,19800.0,18300.0,857950.0
2026-04-12,11:10,202603010204,04,福島,3歳未勝利,未勝利,1200,芝,良,16,1,ビサイレント,和田陽希,6.0,31.3,16.2,-48.24,-0.6586,0.05967,4.2,0.08592,0.04938,1.74,1.3919,1.0,12,不的中,0,16.2,0.0,1000.0,0.0,-1000.0,1000500.0,2300.0,0.0,-2300.0,855650.0
2026-04-12,12:00,202603010205,05,福島,3歳未勝利,未勝利,1800,芝,良,16,3,ワールドブレイヴ,菊沢一樹,6.0,18.9,13.8,-26.98,-0.3145,0.07599,3.56,0.09229,0.05797,1.592,1.2736,1.0,5,不的中,0,8.9,0.0,1000.0,0.0,-1000.0,999500.0,1900.0,0.0,-1900.0,853750.0
2026-04-12,13:20,202609020607,07,阪神,4歳以上2勝クラス,2勝クラス,1600,芝,良,11,1,エルサトアナ,今村聖奈,4.0,29.7,21.5,-27.61,-0.3231,0.04285,4.83,0.05884,0.03721,1.581,1.2651,1.0,9,不的中,0,21.5,0.0,1000.0,0.0,-1000.0,998500.0,1200.0,0.0,-1200.0,852550.0
2026-04-12,14:15,202606030609,09,中山,印西特別(2勝),2勝クラス,2400,ダート,良,12,12,インジケーター,田山旺佑,7.0,28.1,21.9,-22.06,-0.2493,0.04092,5.68,0.06072,0.03653,1.662,1.3298,1.0,1,的中,1,21.8,2180.0,1000.0,21800.0,20800.0,1019300.0,1400.0,30520.0,29120.0,880470.0
2026-04-12,14:15,202606030609,09,中山,印西特別(2勝),2勝クラス,2400,ダート,良,12,2,コーリンカルベラ,吉田豊,8.0,26.9,22.0,-18.22,-0.2011,0.0399,5.68,0.05882,0.03636,1.618,1.2941,2.0,5,不的中,0,22.0,0.0,1000.0,0.0,-1000.0,1018300.0,1200.0,0.0,-1200.0,880470.0
2026-04-12,14:25,202609020609,09,阪神,忘れな草賞(L),リステッド,2000,芝,良,14,9,ピカキウイ,西村淳也,9.0,47.3,33.3,-29.6,-0.351,0.03156,11.3,0.05423,0.02402,2.257,1.806,1.0,2,不的中,0,24.7,0.0,1000.0,0.0,-1000.0,1017300.0,2200.0,0.0,-2200.0,877270.0
2026-04-12,14:25,202609020609,09,阪神,忘れな草賞(L),リステッド,2000,芝,良,14,4,バースデイフライト,田口貫太,10.0,58.1,41.9,-27.88,-0.3269,0.02473,11.3,0.03389,0.01909,1.775,1.4202,2.0,6,不的中,0,39.1,0.0,1000.0,0.0,-1000.0,1016300.0,1000.0,0.0,-1000.0,877270.0
2026-04-12,14:40,202603010210,10,福島,喜多方特別(2勝),2勝クラス,1150,ダート,良,16,4,ヒルノピレネー,亀田温心,7.0,23.4,15.6,-33.33,-0.4055,0.06561,5.26,0.10008,0.05128,1.952,1.5612,1.0,12,不的中,0,13.5,0.0,1000.0,0.0,-1000.0,1015300.0,3400.0,0.0,-3400.0,869970.0
2026-04-12,14:40,202603010210,10,福島,喜多方特別(2勝),2勝クラス,1150,ダート,良,16,2,ディーエスショウマ,小沢大仁,8.0,19.2,14.1,-26.56,-0.3087,0.06928,5.26,0.09864,0.05674,1.738,1.3908,2.0,13,不的中,0,14.4,0.0,1000.0,0.0,-1000.0,1014300.0,2700.0,0.0,-2700.0,869970.0
2026-04-12,14:40,202603010210,10,福島,喜多方特別(2勝),2勝クラス,1150,ダート,良,16,14,セントールビースト,永島まな,12.0,30.0,28.2,-6.0,-0.0619,0.02961,5.26,0.0478,0.02837,1.685,1.3478,3.0,2,不的中,0,21.6,0.0,1000.0,0.0,-1000.0,1013300.0,1200.0,0.0,-1200.0,869970.0
2026-04-12,15:40,202609020611,11,阪神,第86回桜花賞(GI),G1,1600,芝,良,18,2,サンアントワーヌ,荻野極,11.0,82.6,64.8,-21.55,-0.2427,0.0204,115.44,0.02051,0.01235,1.661,1.3289,1.0,7,不的中,0,64.8,0.0,1000.0,0.0,-1000.0,1012300.0,500.0,0.0,-500.0,867970.0
2026-04-12,15:40,202609020611,11,阪神,第86回桜花賞(GI),G1,1600,芝,良,18,3,ディアダイヤモンド,戸崎圭太,6.0,19.6,16.4,-16.33,-0.1782,0.07263,115.44,0.07684,0.04878,1.575,1.2601,2.0,12,不的中,0,16.4,0.0,1000.0,0.0,-1000.0,1011300.0,1500.0,0.0,-1500.0,867970.0
2026-04-18,12:05,202603010305,05,福島,3歳未勝利,未勝利,1800,芝,良,16,12,キボウホー,森田誠也,10.0,50.3,42.6,-15.31,-0.1662,0.02139,3.97,0.02869,0.01878,1.528,1.2222,1.0,9,不的中,0,42.7,0.0,1000.0,0.0,-1000.0,1010300.0,500.0,0.0,-500.0,867470.0
2026-04-18,13:45,202609020708,08,阪神,4歳以上1勝クラス,1勝クラス,2400,芝,良,9,5,ジーティートシオー,角田大和,7.0,30.6,23.0,-24.84,-0.2855,0.0381,4.27,0.05955,0.03478,1.712,1.3696,1.0,9,不的中,0,23.0,0.0,1000.0,0.0,-1000.0,1009300.0,1500.0,0.0,-1500.0,865970.0
2026-04-18,14:25,202606030709,09,中山,袖ケ浦特別(2勝),2勝クラス,1200,芝,良,12,2,ヴェナートル,武藤雅,6.0,34.2,23.8,-30.41,-0.3625,0.04091,6.22,0.05882,0.03361,1.75,1.4,1.0,4,不的中,0,14.5,0.0,1000.0,0.0,-1000.0,1008300.0,1600.0,0.0,-1600.0,864370.0
2026-04-18,15:15,202603010311,11,福島,ラジオ福島賞(2勝),2勝クラス,1700,ダート,良,15,6,アイファーグローブ,藤懸貴志,8.0,36.2,24.4,-32.6,-0.3945,0.04423,6.71,0.06,0.03279,1.83,1.4639,1.0,7,不的中,0,16.4,0.0,1000.0,0.0,-1000.0,1007300.0,1800.0,0.0,-1800.0,861470.0
2026-04-18,15:15,202603010311,11,福島,ラジオ福島賞(2勝),2勝クラス,1700,ダート,良,15,12,クリノキングマン,小崎綾也,9.0,32.1,27.1,-15.58,-0.1693,0.0343,6.71,0.049,0.02952,1.66,1.328,2.0,15,不的中,0,18.2,0.0,1000.0,0.0,-1000.0,1006300.0,1100.0,0.0,-1100.0,861470.0
2026-04-18,15:25,202609020711,11,阪神,第31回アンタレスステークス(GIII),G3,1800,ダート,良,16,15,ロードラビリンス,鮫島克駿,15.0,130.1,116.9,-10.15,-0.107,0.00809,20.97,0.01177,0.00684,1.72,1.3759,1.0,9,不的中,0,119.1,0.0,1000.0,0.0,-1000.0,1005300.0,300.0,0.0,-300.0,860870.0
2026-04-18,15:25,202609020711,11,阪神,第31回アンタレスステークス(GIII),G3,1800,ダート,良,16,7,ペイシャエス,田口貫太,13.0,85.5,74.1,-13.33,-0.1431,0.01333,20.97,0.01656,0.0108,1.534,1.2272,2.0,11,不的中,0,65.3,0.0,1000.0,0.0,-1000.0,1004300.0,300.0,0.0,-300.0,860870.0
2026-04-18,16:01,202603010312,12,福島,4歳以上1勝クラス,1勝クラス,1200,芝,良,16,6,ブラックティンカー,長浜鴻緒,7.0,18.0,12.7,-29.44,-0.3488,0.0786,7.56,0.10008,0.06299,1.589,1.271,1.0,4,不的中,0,12.9,0.0,1000.0,0.0,-1000.0,1003300.0,2000.0,0.0,-2000.0,857170.0
2026-04-18,16:01,202603010312,12,福島,4歳以上1勝クラス,1勝クラス,1200,芝,良,16,14,セディバン,松本大輝,8.0,21.1,13.5,-36.02,-0.4466,0.07753,7.56,0.09229,0.05926,1.557,1.246,2.0,6,不的中,0,13.4,0.0,1000.0,0.0,-1000.0,1002300.0,1700.0,0.0,-1700.0,857170.0
2026-04-18,16:30,202606030712,12,中山,葛飾特別(2勝),2勝クラス,1200,ダート,良,13,9,アストラカ,大野拓弥,7.0,43.8,23.6,-46.12,-0.6184,0.0534,14.19,0.06,0.0339,1.77,1.4159,1.0,7,不的中,0,23.6,0.0,1000.0,0.0,-1000.0,1001300.0,1600.0,0.0,-1600.0,855570.0
2026-04-19,09:45,202603010401,01,福島,3歳未勝利,未勝利,1150,ダート,良,16,8,フレンズプラス,荻野琢真,11.0,46.3,43.0,-7.13,-0.0739,0.01955,3.47,0.02869,0.0186,1.542,1.2336,1.0,2,不的中,0,39.0,0.0,1000.0,0.0,-1000.0,1000300.0,500.0,0.0,-500.0,855070.0
2026-04-19,10:00,202606030801,01,中山,3歳未勝利,未勝利,1800,ダート,良,12,10,トランセンコ,小崎綾也,7.0,109.1,66.2,-39.32,-0.4996,0.01555,4.89,0.01919,0.01208,1.588,1.2706,1.0,4,不的中,0,44.8,0.0,1000.0,0.0,-1000.0,999300.0,400.0,0.0,-400.0,854670.0
2026-04-19,12:00,202603010405,05,福島,3歳未勝利,未勝利,1200,芝,良,16,5,メーテルリンク,石神深道,11.0,66.6,53.5,-19.67,-0.219,0.01809,3.98,0.0346,0.01495,2.314,1.8509,1.0,8,不的中,0,48.8,0.0,1000.0,0.0,-1000.0,998300.0,1400.0,0.0,-1400.0,853270.0
2026-04-19,12:10,202609020805,05,阪神,3歳未勝利,未勝利,2200,芝,良,13,13,ダノンシーホーク,松本大輝,10.0,74.5,52.9,-28.99,-0.3424,0.01726,5.14,0.02865,0.01512,1.894,1.5154,1.0,1,的中,1,52.8,5280.0,1000.0,52800.0,51800.0,1050100.0,900.0,47520.0,46620.0,899390.0
2026-04-19,12:10,202609020805,05,阪神,3歳未勝利,未勝利,2200,芝,良,13,9,バディ,太宰啓介,9.0,47.8,42.6,-10.88,-0.1152,0.01944,5.14,0.02869,0.01878,1.528,1.2222,2.0,6,不的中,0,42.6,0.0,1000.0,0.0,-1000.0,1049100.0,500.0,0.0,-500.0,899390.0
2026-04-19,13:30,202603010408,08,福島,4歳以上1勝クラス,1勝クラス,1700,ダート,良,15,11,ジェシーテソーロ,富田暁,9.0,26.4,20.7,-21.59,-0.2432,0.04172,3.78,0.0601,0.03865,1.555,1.2442,1.0,1,的中,1,19.9,1990.0,1000.0,19900.0,18900.0,1068000.0,1200.0,23880.0,22680.0,922070.0
2026-04-19,14:40,202603010410,10,福島,奥の細道特別(2勝),2勝クラス,2600,芝,良,13,9,ビッグベルーガ,田山旺佑,11.0,56.8,46.8,-17.61,-0.1937,0.01983,5.68,0.0276,0.01709,1.615,1.2916,1.0,9,不的中,0,46.8,0.0,1000.0,0.0,-1000.0,1067000.0,600.0,0.0,-600.0,921470.0
2026-04-19,14:50,202609020810,10,阪神,陽春ステークス(3勝),3勝クラス,1200,ダート,良,13,4,ジョディーズマロン,秋山稔樹,6.0,29.0,18.2,-37.24,-0.4659,0.05364,7.06,0.0805,0.04396,1.831,1.4651,1.0,6,不的中,0,18.2,0.0,1000.0,0.0,-1000.0,1066000.0,2500.0,0.0,-2500.0,918970.0
2026-04-19,15:01,202606030810,10,中山,京葉ステークス(L),リステッド,1200,ダート,良,15,5,エスカル,横山和生,11.0,36.3,24.3,-33.06,-0.4013,0.04011,10.67,0.06072,0.03292,1.844,1.4755,1.0,5,不的中,0,24.3,0.0,1000.0,0.0,-1000.0,1065000.0,1900.0,0.0,-1900.0,917070.0
2026-04-19,15:40,202606030811,11,中山,第86回皐月賞(GI),G1,2000,芝,良,18,2,サウンドムーブ,団野大成,17.0,135.2,90.9,-32.77,-0.397,0.02047,132.56,0.0194,0.0088,2.204,1.7634,1.0,6,不的中,0,86.5,0.0,1000.0,0.0,-1000.0,1064000.0,800.0,0.0,-800.0,914570.0
2026-04-19,15:40,202606030811,11,中山,第86回皐月賞(GI),G1,2000,芝,良,18,13,アクロフェイズ,西村淳也,16.0,111.2,81.3,-26.89,-0.3132,0.02053,132.56,0.01926,0.00984,1.957,1.5659,2.0,16,不的中,0,81.7,0.0,1000.0,0.0,-1000.0,1063000.0,700.0,0.0,-700.0,914570.0
2026-04-19,15:40,202606030811,11,中山,第86回皐月賞(GI),G1,2000,芝,良,18,16,アルトラムス,横山武史,13.0,59.3,49.6,-16.36,-0.1786,0.02669,132.56,0.03054,0.01613,1.894,1.5148,3.0,18,不的中,0,50.2,0.0,1000.0,0.0,-1000.0,1062000.0,1000.0,0.0,-1000.0,914570.0
2026-04-19,16:10,202609020812,12,阪神,4歳以上2勝クラス,2勝クラス,1800,ダート,良,10,9,ユウェンタース,酒井学,8.0,34.5,21.7,-37.1,-0.4636,0.04347,8.28,0.07632,0.03687,2.07,1.6562,1.0,6,不的中,0,21.7,0.0,1000.0,0.0,-1000.0,1061000.0,2900.0,0.0,-2900.0,910070.0
2026-04-19,16:10,202609020812,12,阪神,4歳以上2勝クラス,2勝クラス,1800,ダート,良,10,2,プウスカンドゥール,中井裕二,9.0,39.4,23.4,-40.61,-0.521,0.04091,8.28,0.05882,0.03419,1.721,1.3765,2.0,3,不的中,0,23.4,0.0,1000.0,0.0,-1000.0,1060000.0,1600.0,0.0,-1600.0,910070.0
2026-04-19,16:30,202606030812,12,中山,サンシャインS(3勝),3勝クラス,2200,芝,良,18,11,ピンクジン,嶋田純次,15.0,78.4,55.8,-28.83,-0.3401,0.02067,20.15,0.03681,0.01434,2.568,2.054,1.0,14,不的中,0,49.7,0.0,1000.0,0.0,-1000.0,1059000.0,1800.0,0.0,-1800.0,905570.0
2026-04-19,16:30,202606030812,12,中山,サンシャインS(3勝),3勝クラス,2200,芝,良,18,8,ガジュノリ,木幡巧也,12.0,42.6,37.1,-12.91,-0.1382,0.0257,20.15,0.04561,0.02156,2.115,1.6922,2.0,9,不的中,0,32.6,0.0,1000.0,0.0,-1000.0,1058000.0,1800.0,0.0,-1800.0,905570.0
2026-04-19,16:30,202606030812,12,中山,サンシャインS(3勝),3勝クラス,2200,芝,良,18,18,モズマーヴェリック,高杉吏麒,13.0,54.9,44.3,-19.31,-0.2145,0.02334,20.15,0.03193,0.01806,1.768,1.4143,3.0,16,不的中,0,35.2,0.0,1000.0,0.0,-1000.0,1057000.0,900.0,0.0,-900.0,905570.0
2026-04-25,10:55,202608030103,03,京都,3歳未勝利,未勝利,1800,芝,良,15,15,ダイチノナポリ,高倉稜,7.0,22.7,20.5,-9.69,-0.1019,0.04012,5.37,0.05882,0.03902,1.507,1.2059,1.0,1,的中,1,20.5,2050.0,1000.0,20500.0,19500.0,1076500.0,1000.0,20500.0,19500.0,925070.0
2026-04-25,11:15,202603010504,04,福島,3歳未勝利,未勝利,1150,ダート,良,16,14,クルビデンス,上里直汰,8.0,63.9,34.5,-46.01,-0.6164,0.02668,4.45,0.04198,0.02319,1.81,1.4484,1.0,8,不的中,0,34.7,0.0,1000.0,0.0,-1000.0,1075500.0,1300.0,0.0,-1300.0,923770.0
2026-04-25,13:05,202603010507,07,福島,4歳以上1勝クラス,1勝クラス,1200,芝,良,12,7,アーサーズウェイン,横山琉人,8.0,29.4,23.3,-20.75,-0.2325,0.03684,4.26,0.05907,0.03433,1.72,1.3764,1.0,5,不的中,0,19.9,0.0,1000.0,0.0,-1000.0,1074500.0,1600.0,0.0,-1600.0,922170.0
2026-04-25,13:15,202608030107,07,京都,3歳1勝クラス,1勝クラス,1800,ダート,稍重,14,9,ケイアイアマゾン,藤懸貴志,7.0,23.8,22.4,-5.88,-0.0606,0.03659,5.49,0.05882,0.03571,1.647,1.3176,1.0,7,不的中,0,20.1,0.0,1000.0,0.0,-1000.0,1073500.0,1400.0,0.0,-1400.0,920770.0
2026-04-25,13:25,202605020107,07,東京,4歳以上1勝クラス,1勝クラス,1400,ダート,稍重,16,4,コルヴィル,木幡巧也,8.0,27.7,20.3,-26.71,-0.3108,0.04352,6.83,0.06083,0.03941,1.544,1.2348,1.0,7,不的中,0,20.4,0.0,1000.0,0.0,-1000.0,1072500.0,1200.0,0.0,-1200.0,919570.0
2026-04-25,13:35,202603010508,08,福島,4歳以上1勝クラス,1勝クラス,1700,ダート,良,15,6,タニセンドリーム,本田正重,5.0,27.1,11.5,-57.56,-0.8572,0.08365,5.51,0.11773,0.06957,1.692,1.3539,1.0,8,不的中,0,11.5,0.0,1000.0,0.0,-1000.0,1071500.0,3100.0,0.0,-3100.0,916470.0
2026-04-25,15:15,202603010511,11,福島,福島中央テレビ杯(3勝),3勝クラス,1150,ダート,良,12,10,シャカシャカシー,長岡禎仁,11.0,43.8,24.9,-43.15,-0.5648,0.03921,8.06,0.06083,0.03213,1.893,1.5147,1.0,11,不的中,0,24.9,0.0,1000.0,0.0,-1000.0,1070500.0,2000.0,0.0,-2000.0,914470.0
2026-04-25,15:30,202608030111,11,京都,天王山ステークス(OP),オープン,1200,ダート,稍重,12,2,ジュンウィンダム,国分優作,11.0,127.3,105.7,-16.97,-0.1859,0.00918,10.76,0.01279,0.00757,1.69,1.3523,1.0,1,的中,1,105.7,10570.0,1000.0,105700.0,104700.0,1175200.0,400.0,42280.0,41880.0,956350.0
2026-04-25,15:45,202605020111,11,東京,第33回テレビ東京杯青葉賞(GII),G2,2400,芝,良,18,2,カットソロ,津村明秀,11.0,67.3,49.4,-26.6,-0.3092,0.026,42.92,0.02865,0.01619,1.769,1.4152,1.0,9,不的中,0,49.4,0.0,1000.0,0.0,-1000.0,1174200.0,900.0,0.0,-900.0,951850.0
2026-04-25,15:45,202605020111,11,東京,第33回テレビ東京杯青葉賞(GII),G2,2400,芝,良,18,8,ラストスマイル,杉原誠人,5.0,15.3,10.1,-33.99,-0.4153,0.14056,42.92,0.13283,0.07921,1.677,1.3416,2.0,11,不的中,0,10.1,0.0,1000.0,0.0,-1000.0,1173200.0,3600.0,0.0,-3600.0,951850.0
2026-04-26,10:05,202605020201,01,東京,3歳未勝利,未勝利,1400,ダート,稍重,16,16,カーボフリオ,佐藤翔馬,8.0,36.6,24.5,-33.06,-0.4014,0.03637,5.32,0.05882,0.03265,1.801,1.4412,1.0,4,不的中,0,19.9,0.0,1000.0,0.0,-1000.0,1172200.0,1800.0,0.0,-1800.0,950050.0
2026-04-26,12:35,202603010606,06,福島,4歳以上1勝クラス,1勝クラス,2600,芝,良,13,7,ブルージャイアント,長浜鴻緒,9.0,30.5,24.0,-21.31,-0.2397,0.03523,4.18,0.05884,0.03333,1.765,1.4121,1.0,12,不的中,0,24.0,0.0,1000.0,0.0,-1000.0,1171200.0,1800.0,0.0,-1800.0,948250.0
2026-04-26,12:45,202608030206,06,京都,3歳1勝クラス,1勝クラス,1400,ダート,良,11,8,ムテキシャチョウ,団野大成,6.0,25.8,21.5,-16.67,-0.1823,0.03969,6.03,0.05966,0.03721,1.603,1.2826,1.0,2,不的中,0,21.5,0.0,1000.0,0.0,-1000.0,1170200.0,1400.0,0.0,-1400.0,946850.0
2026-04-26,13:45,202608030208,08,京都,4歳以上1勝クラス,1勝クラス,1800,ダート,良,15,12,ブラックタロー,浜中俊,13.0,67.6,57.6,-14.79,-0.1601,0.01483,5.91,0.02805,0.01389,2.02,1.6157,1.0,9,不的中,0,57.6,0.0,1000.0,0.0,-1000.0,1169200.0,1100.0,0.0,-1100.0,944450.0
2026-04-26,13:45,202608030208,08,京都,4歳以上1勝クラス,1勝クラス,1800,ダート,良,15,7,ガーデンカメリア,丹内祐次,10.0,38.1,27.3,-28.35,-0.3333,0.03336,5.91,0.049,0.0293,1.672,1.3378,2.0,10,不的中,0,27.3,0.0,1000.0,0.0,-1000.0,1168200.0,1300.0,0.0,-1300.0,944450.0
2026-04-26,14:25,202605020209,09,東京,湘南ステークス(3勝),3勝クラス,1400,芝,良,16,12,フォルテム,木幡巧也,10.0,34.4,21.5,-37.5,-0.47,0.04436,9.28,0.06072,0.03721,1.632,1.3055,1.0,5,不的中,0,21.5,0.0,1000.0,0.0,-1000.0,1167200.0,1500.0,0.0,-1500.0,942950.0
2026-04-26,14:40,202603010610,10,福島,尾瀬特別(2勝),2勝クラス,1700,ダート,良,15,10,トルショー,黛弘人,11.0,49.3,31.8,-35.5,-0.4385,0.03196,5.83,0.06083,0.02516,2.418,1.9344,1.0,5,不的中,0,31.8,0.0,1000.0,0.0,-1000.0,1166200.0,2900.0,0.0,-2900.0,939050.0
2026-04-26,14:40,202603010610,10,福島,尾瀬特別(2勝),2勝クラス,1700,ダート,良,15,7,トーレ,丸山元気,10.0,27.9,24.7,-11.47,-0.1218,0.03498,5.83,0.05028,0.03239,1.552,1.242,2.0,15,不的中,0,24.7,0.0,1000.0,0.0,-1000.0,1165200.0,1000.0,0.0,-1000.0,939050.0
2026-04-26,14:50,202608030210,10,京都,センテニアルパークS(3勝),3勝クラス,1800,芝,良,18,4,レディーミコノス,高杉吏麒,4.0,16.4,11.1,-32.32,-0.3903,0.08826,11.16,0.10846,0.07207,1.505,1.2039,1.0,5,不的中,0,11.1,0.0,1000.0,0.0,-1000.0,1164200.0,1900.0,0.0,-1900.0,937150.0
2026-04-26,15:30,202608030211,11,京都,第57回読売マイラーズカップ(GII),G2,1600,芝,良,18,1,ドラゴンブースト,丹内祐次,9.0,25.0,20.4,-18.4,-0.2033,0.05473,40.46,0.05955,0.03922,1.518,1.2148,1.0,2,不的中,0,20.4,0.0,1000.0,0.0,-1000.0,1163200.0,1100.0,0.0,-1100.0,936050.0
2026-04-26,16:10,202608030212,12,京都,4歳以上2勝クラス,2勝クラス,1800,ダート,良,14,4,スマートシーカー,吉村誠之,10.0,84.4,60.5,-28.32,-0.3329,0.01529,11.99,0.02319,0.01322,1.754,1.4029,1.0,11,不的中,0,44.4,0.0,1000.0,0.0,-1000.0,1162200.0,700.0,0.0,-700.0,935350.0
2026-05-02,10:20,202604010102,02,新潟,3歳未勝利,未勝利,1800,ダート,不良,15,12,ブラッドムーン,永島まな,8.0,45.6,36.9,-19.08,-0.2117,0.02773,3.61,0.05062,0.02168,2.335,1.868,1.0,7,不的中,0,24.1,0.0,1000.0,0.0,-1000.0,1161200.0,2300.0,0.0,-2300.0,932450.0
2026-05-02,10:20,202604010102,02,新潟,3歳未勝利,未勝利,1800,ダート,不良,15,13,エンジェルグラース,丹内祐次,11.0,80.2,70.9,-11.6,-0.1233,0.01316,3.61,0.0194,0.01128,1.719,1.3754,2.0,8,不的中,0,66.0,0.0,1000.0,0.0,-1000.0,1160200.0,600.0,0.0,-600.0,932450.0
2026-05-02,11:40,202608030304,04,京都,3歳未勝利,未勝利,1400,芝,稍重,18,1,オースミサイファー,国分恭介,9.0,58.1,40.5,-30.29,-0.3609,0.03045,5.38,0.05607,0.01975,2.839,2.271,1.0,6,不的中,0,40.5,0.0,1000.0,0.0,-1000.0,1159200.0,3100.0,0.0,-3100.0,929350.0
2026-05-02,12:10,202604010105,05,新潟,3歳未勝利,未勝利,1400,芝,稍重,16,16,マリノリュミエール,河原田菜,14.0,133.8,92.2,-31.09,-0.3724,0.01175,4.31,0.01703,0.00868,1.963,1.5702,1.0,3,不的中,0,90.6,0.0,1000.0,0.0,-1000.0,1158200.0,600.0,0.0,-600.0,927250.0
2026-05-02,12:10,202604010105,05,新潟,3歳未勝利,未勝利,1400,芝,稍重,16,10,スカイピア,森田誠也,11.0,64.3,51.6,-19.75,-0.22,0.01896,4.31,0.02865,0.0155,1.848,1.4782,2.0,2,不的中,0,50.6,0.0,1000.0,0.0,-1000.0,1157200.0,900.0,0.0,-900.0,927250.0
2026-05-02,12:10,202604010105,05,新潟,3歳未勝利,未勝利,1400,芝,稍重,16,11,アメジストロード,田山旺佑,8.0,72.9,63.0,-13.58,-0.146,0.01462,4.31,0.02184,0.0127,1.72,1.3762,3.0,12,不的中,0,38.0,0.0,1000.0,0.0,-1000.0,1156200.0,600.0,0.0,-600.0,927250.0
2026-05-02,12:30,202605020305,05,東京,3歳1勝クラス,1勝クラス,1400,芝,良,18,13,テルケンレンスキー,大野拓弥,13.0,109.2,73.2,-32.97,-0.4,0.01358,7.41,0.02043,0.01093,1.869,1.4952,1.0,13,不的中,0,73.2,0.0,1000.0,0.0,-1000.0,1155200.0,700.0,0.0,-700.0,926550.0
2026-05-02,13:30,202605020307,07,東京,4歳以上1勝クラス,1勝クラス,1400,ダート,重,16,11,カフェブーケット,横山典弘,7.0,21.2,15.0,-29.25,-0.346,0.06146,6.14,0.08102,0.05333,1.519,1.2152,1.0,13,不的中,0,15.0,0.0,1000.0,0.0,-1000.0,1154200.0,1500.0,0.0,-1500.0,925050.0
2026-05-02,13:50,202608030308,08,京都,4歳以上1勝クラス,1勝クラス,1400,ダート,稍重,13,12,リアルスター,秋山稔樹,9.0,57.6,33.7,-41.49,-0.536,0.02878,4.39,0.04883,0.02374,2.057,1.6455,1.0,1,的中,1,33.7,3370.0,1000.0,33700.0,32700.0,1186900.0,1900.0,64030.0,62130.0,987180.0
2026-05-02,14:45,202604010110,10,新潟,胎内川特別(2勝),2勝クラス,1800,芝,稍重,15,5,アラタマフェーヴル,小沢大仁,11.0,56.8,43.0,-24.3,-0.2783,0.02121,5.56,0.03058,0.0186,1.644,1.315,1.0,6,不的中,0,43.1,0.0,1000.0,0.0,-1000.0,1185900.0,800.0,0.0,-800.0,986380.0
2026-05-02,14:55,202608030310,10,京都,京極特別(2勝),2勝クラス,1200,ダート,稍重,12,5,クアトロジャック,吉村誠之,8.0,34.9,27.0,-22.64,-0.2566,0.03344,6.01,0.04592,0.02963,1.55,1.2397,1.0,1,的中,1,27.0,2700.0,1000.0,27000.0,26000.0,1211900.0,1000.0,27000.0,26000.0,1012380.0
2026-05-02,15:05,202605020310,10,東京,スイートピーS(L),リステッド,1800,芝,良,11,4,アストリル,田辺裕信,7.0,63.0,30.3,-51.9,-0.732,0.0378,11.86,0.0601,0.0264,2.276,1.8212,1.0,5,不的中,0,30.4,0.0,1000.0,0.0,-1000.0,1210900.0,2900.0,0.0,-2900.0,1009480.0
2026-05-02,15:20,202604010111,11,新潟,三条ステークス(3勝),3勝クラス,1800,ダート,重,15,15,カフェニクス,杉原誠人,13.0,58.0,54.9,-5.34,-0.0549,0.01524,7.45,0.02263,0.01457,1.553,1.2423,1.0,12,不的中,0,41.4,0.0,1000.0,0.0,-1000.0,1209900.0,500.0,0.0,-500.0,1008980.0
2026-05-02,15:45,202605020311,11,東京,第71回京王杯スプリングC(GII),G2,1400,芝,良,18,11,アサカラキング,戸崎圭太,10.0,46.6,28.6,-38.63,-0.4882,0.0497,36.26,0.06227,0.02797,2.226,1.7809,1.0,18,不的中,0,23.7,0.0,1000.0,0.0,-1000.0,1208900.0,2900.0,0.0,-2900.0,1006080.0
2026-05-02,16:30,202605020312,12,東京,4歳以上2勝クラス,2勝クラス,1600,ダート,稍重,14,13,サンダーロード,田辺裕信,10.0,87.3,74.4,-14.78,-0.1599,0.01362,14.11,0.01919,0.01075,1.785,1.428,1.0,8,不的中,0,62.7,0.0,1000.0,0.0,-1000.0,1207900.0,600.0,0.0,-600.0,1005480.0
2026-05-03,09:45,202604010201,01,新潟,3歳未勝利,未勝利,2000,芝,稍重,16,8,ワイドバヴァール,亀田温心,10.0,69.0,46.6,-32.46,-0.3925,0.0219,3.19,0.02865,0.01717,1.669,1.335,1.0,13,不的中,0,46.6,0.0,1000.0,0.0,-1000.0,1206900.0,800.0,0.0,-800.0,1004680.0
2026-05-03,09:50,202605020401,01,東京,3歳未勝利,未勝利,1600,ダート,稍重,15,7,フレンチブラッサム,木幡巧也,8.0,33.0,20.9,-36.67,-0.4568,0.05255,3.06,0.06072,0.03828,1.586,1.2691,1.0,4,不的中,0,20.9,0.0,1000.0,0.0,-1000.0,1205900.0,1400.0,0.0,-1400.0,1003280.0
2026-05-03,10:40,202604010203,03,新潟,3歳未勝利,未勝利,1800,ダート,稍重,14,10,サマーナジュム,中井裕二,8.0,42.2,36.6,-13.27,-0.1424,0.02255,3.85,0.04237,0.02186,1.938,1.5508,1.0,5,不的中,0,26.4,0.0,1000.0,0.0,-1000.0,1204900.0,1600.0,0.0,-1600.0,1001680.0
2026-05-03,11:30,202608030404,04,京都,3歳未勝利,未勝利,2400,芝,良,11,3,シートゥサミット,酒井学,6.0,17.6,13.9,-21.02,-0.236,0.06394,7.12,0.09598,0.05755,1.668,1.3342,1.0,2,不的中,0,14.0,0.0,1000.0,0.0,-1000.0,1203900.0,2600.0,0.0,-2600.0,999080.0
2026-05-03,12:10,202605020405,05,東京,3歳未勝利,未勝利,1800,芝,良,15,14,サトノリアファル,北村宏司,8.0,32.3,28.2,-12.69,-0.1357,0.03111,4.68,0.04566,0.02837,1.609,1.2876,1.0,10,不的中,0,24.9,0.0,1000.0,0.0,-1000.0,1202900.0,1100.0,0.0,-1100.0,997980.0
2026-05-03,12:40,202605020406,06,東京,3歳1勝クラス,1勝クラス,1400,ダート,稍重,16,3,アースインハマー,北村宏司,10.0,64.8,51.1,-21.14,-0.2375,0.01837,6.62,0.02869,0.01566,1.833,1.466,1.0,12,不的中,0,51.1,0.0,1000.0,0.0,-1000.0,1201900.0,1000.0,0.0,-1000.0,996980.0
2026-05-03,12:50,202608030406,06,京都,3歳1勝クラス,1勝クラス,1400,ダート,稍重,16,5,マーゴットサンズ,鮫島克駿,5.0,17.6,12.1,-31.25,-0.3747,0.07461,9.04,0.10846,0.06612,1.64,1.3123,1.0,4,不的中,0,12.2,0.0,1000.0,0.0,-1000.0,1200900.0,2900.0,0.0,-2900.0,994080.0
2026-05-03,13:00,202604010207,07,新潟,4歳以上1勝クラス,1勝クラス,1400,芝,良,16,14,マリーヌ,亀田温心,10.0,37.9,24.1,-36.41,-0.4527,0.03832,4.58,0.05966,0.0332,1.797,1.4377,1.0,9,不的中,0,24.2,0.0,1000.0,0.0,-1000.0,1199900.0,1900.0,0.0,-1900.0,992180.0
2026-05-03,13:10,202605020407,07,東京,4歳以上1勝クラス,1勝クラス,1600,ダート,稍重,15,2,スマートブル,木幡初也,9.0,42.9,27.2,-36.6,-0.4557,0.03481,5.44,0.06,0.02941,2.04,1.6319,1.0,10,不的中,0,27.2,0.0,1000.0,0.0,-1000.0,1198900.0,2400.0,0.0,-2400.0,989780.0
2026-05-03,14:15,202605020409,09,東京,府中ステークス(3勝),3勝クラス,2000,芝,良,18,6,トラマンダーレ,団野大成,13.0,57.1,49.0,-14.19,-0.153,0.0184,8.25,0.02865,0.01633,1.755,1.4037,1.0,12,不的中,0,49.1,0.0,1000.0,0.0,-1000.0,1197900.0,900.0,0.0,-900.0,988880.0
2026-05-03,14:40,202604010210,10,新潟,邁進特別(2勝),2勝クラス,1000,芝,良,16,10,ホークレア,横山琉人,12.0,94.7,69.5,-26.61,-0.3094,0.01488,7.23,0.02086,0.01151,1.812,1.4496,1.0,13,不的中,0,56.9,0.0,1000.0,0.0,-1000.0,1196900.0,700.0,0.0,-700.0,988180.0
2026-05-03,14:50,202605020410,10,東京,ブリリアントS(L),リステッド,2100,ダート,稍重,16,12,リアレスト,田辺裕信,11.0,44.6,35.3,-20.85,-0.2339,0.02683,10.09,0.04463,0.02266,1.969,1.5756,1.0,7,不的中,0,35.4,0.0,1000.0,0.0,-1000.0,1195900.0,1700.0,0.0,-1700.0,983280.0
2026-05-03,14:50,202605020410,10,東京,ブリリアントS(L),リステッド,2100,ダート,稍重,16,10,レヴォントゥレット,菅原明良,8.0,27.3,16.1,-41.03,-0.5281,0.06779,10.09,0.09229,0.04969,1.857,1.4859,2.0,12,不的中,0,16.1,0.0,1000.0,0.0,-1000.0,1194900.0,3200.0,0.0,-3200.0,983280.0
2026-05-03,15:01,202608030410,10,京都,朱雀ステークス(3勝),3勝クラス,1200,芝,良,18,15,トーラスシャイン,松本大輝,8.0,45.6,25.2,-44.74,-0.5931,0.04477,8.79,0.06083,0.03175,1.916,1.5329,1.0,16,不的中,0,25.2,0.0,1000.0,0.0,-1000.0,1193900.0,2200.0,0.0,-2200.0,981080.0
2026-05-03,15:40,202608030411,11,京都,第173回天皇賞(春)(GI),G1,3200,芝,良,15,11,タガノデュード,レーン,5.0,35.3,28.2,-20.11,-0.2246,0.05439,147.89,0.04689,0.02837,1.653,1.3224,1.0,6,不的中,0,28.2,0.0,1000.0,0.0,-1000.0,1192900.0,1200.0,0.0,-1200.0,979880.0
2026-05-03,16:35,202608030412,12,京都,東大路ステークス(3勝),3勝クラス,1400,ダート,稍重,16,2,クロニクル,菱田裕二,14.0,77.6,47.0,-39.43,-0.5014,0.03538,19.87,0.06083,0.01702,3.574,2.859,1.0,8,不的中,0,47.0,0.0,1000.0,0.0,-1000.0,1191900.0,4000.0,0.0,-4000.0,968280.0
2026-05-03,16:35,202608030412,12,京都,東大路ステークス(3勝),3勝クラス,1400,ダート,稍重,16,15,テーオールビー,藤懸貴志,9.0,34.0,22.9,-32.65,-0.3952,0.06612,19.87,0.08313,0.03493,2.38,1.9038,2.0,11,不的中,0,22.9,0.0,1000.0,0.0,-1000.0,1190900.0,4100.0,0.0,-4100.0,968280.0
2026-05-03,16:35,202608030412,12,京都,東大路ステークス(3勝),3勝クラス,1400,ダート,稍重,16,4,レイズカイザー,吉村誠之,8.0,32.7,22.8,-30.28,-0.3606,0.06412,19.87,0.07791,0.03509,2.221,1.7765,3.0,13,不的中,0,22.8,0.0,1000.0,0.0,-1000.0,1189900.0,3500.0,0.0,-3500.0,968280.0
2026-05-09,10:30,202608030502,02,京都,3歳未勝利,未勝利,1800,ダート,良,15,12,キタノハイテイル,酒井学,11.0,62.4,49.3,-20.99,-0.2356,0.01797,3.7,0.04059,0.01623,2.501,2.0012,1.0,7,不的中,0,51.3,0.0,1000.0,0.0,-1000.0,1188900.0,2100.0,0.0,-2100.0,966180.0
2026-05-09,12:10,202604010305,05,新潟,3歳未勝利,未勝利,1200,芝,良,16,6,スーパーチャイルド,上里直汰,11.0,89.4,69.1,-22.71,-0.2576,0.01442,3.74,0.02082,0.01158,1.798,1.4385,1.0,11,不的中,0,61.6,0.0,1000.0,0.0,-1000.0,1187900.0,700.0,0.0,-700.0,965480.0
2026-05-09,13:10,202604010307,07,新潟,4歳以上1勝クラス,1勝クラス,1200,ダート,稍重,15,10,トッレブランカ,小沢大仁,10.0,79.8,68.4,-14.29,-0.1542,0.0124,4.08,0.01926,0.0117,1.647,1.3174,1.0,7,不的中,0,70.3,0.0,1000.0,0.0,-1000.0,1186900.0,500.0,0.0,-500.0,964980.0
2026-05-09,13:20,202608030507,07,京都,4歳以上1勝クラス,1勝クラス,1900,ダート,良,11,9,ジーティーパワー,国分恭介,9.0,66.8,59.1,-11.53,-0.1225,0.01413,4.36,0.02638,0.01354,1.949,1.559,1.0,7,不的中,0,58.2,0.0,1000.0,0.0,-1000.0,1185900.0,1000.0,0.0,-1000.0,963980.0
2026-05-09,15:20,202604010311,11,新潟,駿風ステークス(3勝),3勝クラス,1000,芝,良,16,11,トールキン,亀田温心,10.0,62.3,40.1,-35.63,-0.4406,0.02713,9.31,0.04903,0.01995,2.458,1.9661,1.0,4,不的中,0,40.0,0.0,1000.0,0.0,-1000.0,1184900.0,2400.0,0.0,-2400.0,959180.0
2026-05-09,15:20,202604010311,11,新潟,駿風ステークス(3勝),3勝クラス,1000,芝,良,16,9,メイショウキルギス,長岡禎仁,7.0,23.5,14.4,-38.72,-0.4898,0.07735,9.31,0.09229,0.05556,1.661,1.329,2.0,6,不的中,0,14.4,0.0,1000.0,0.0,-1000.0,1183900.0,2400.0,0.0,-2400.0,959180.0
2026-05-09,15:30,202608030511,11,京都,第74回京都新聞杯(GII),G2,2200,芝,良,16,7,カムアップローゼス,鮫島克駿,10.0,58.9,43.7,-25.81,-0.2985,0.02641,26.16,0.02865,0.01831,1.565,1.2519,1.0,6,不的中,0,32.4,0.0,1000.0,0.0,-1000.0,1182900.0,600.0,0.0,-600.0,955180.0
2026-05-09,15:30,202608030511,11,京都,第74回京都新聞杯(GII),G2,2200,芝,良,16,10,サヴォアフェール,松山弘平,4.0,17.1,13.1,-23.39,-0.2665,0.08554,26.16,0.09229,0.06107,1.511,1.209,2.0,4,不的中,0,9.7,0.0,1000.0,0.0,-1000.0,1181900.0,1700.0,0.0,-1700.0,955180.0
2026-05-09,15:30,202608030511,11,京都,第74回京都新聞杯(GII),G2,2200,芝,良,16,16,アクセス,岩田望来,5.0,15.5,13.1,-15.48,-0.1682,0.07719,26.16,0.09229,0.06107,1.511,1.209,3.0,10,不的中,0,12.4,0.0,1000.0,0.0,-1000.0,1180900.0,1700.0,0.0,-1700.0,955180.0
2026-05-09,15:45,202605020511,11,東京,第43回エプソムカップ(GIII),G3,1800,芝,良,17,15,ストレイトトーカー,田辺裕信,12.0,87.0,45.5,-47.7,-0.6482,0.0281,33.03,0.04097,0.01758,2.33,1.8642,1.0,16,不的中,0,45.5,0.0,1000.0,0.0,-1000.0,1179900.0,1900.0,0.0,-1900.0,953280.0
2026-05-10,10:15,202604010402,02,新潟,3歳未勝利,未勝利,1200,ダート,良,15,12,アイアンナックル,森田誠也,9.0,36.2,32.3,-10.77,-0.114,0.02593,3.02,0.05522,0.02477,2.229,1.7835,1.0,3,不的中,0,29.7,0.0,1000.0,0.0,-1000.0,1178900.0,2400.0,0.0,-2400.0,950880.0
2026-05-10,10:25,202608030602,02,京都,3歳未勝利,未勝利,1200,ダート,良,16,13,アイビーミャーオ,角田大和,6.0,40.6,23.3,-42.61,-0.5553,0.04078,4.12,0.0688,0.03433,2.004,1.6031,1.0,4,不的中,0,23.3,0.0,1000.0,0.0,-1000.0,1177900.0,2600.0,0.0,-2600.0,970580.0
2026-05-10,10:25,202608030602,02,京都,3歳未勝利,未勝利,1200,ダート,良,16,3,ビサーロ,川須栄彦,8.0,50.8,45.6,-10.24,-0.108,0.01815,4.12,0.02689,0.01754,1.533,1.2261,2.0,1,的中,1,45.6,4560.0,1000.0,45600.0,44600.0,1222500.0,500.0,22800.0,22300.0,970580.0
2026-05-10,11:25,202608030604,04,京都,3歳未勝利,未勝利,1600,芝,良,17,2,ワトルツリー,幸英明,9.0,36.2,27.0,-25.41,-0.2932,0.03336,5.48,0.05595,0.02963,1.888,1.5105,1.0,9,不的中,0,27.0,0.0,1000.0,0.0,-1000.0,1221500.0,2000.0,0.0,-2000.0,968580.0
2026-05-10,12:15,202608030605,05,京都,3歳未勝利,未勝利,2000,芝,良,13,2,レディトゥアタック,田山旺佑,8.0,34.7,21.8,-37.18,-0.4648,0.0421,4.84,0.06083,0.0367,1.658,1.3261,1.0,8,不的中,0,21.8,0.0,1000.0,0.0,-1000.0,1220500.0,1600.0,0.0,-1600.0,966980.0
2026-05-10,12:35,202604010406,06,新潟,3歳未勝利,未勝利,1000,芝,良,16,13,ミッキーパラソル,長浜鴻緒,8.0,29.3,23.2,-20.82,-0.2334,0.03705,5.4,0.06,0.03448,1.74,1.3919,1.0,12,不的中,0,23.2,0.0,1000.0,0.0,-1000.0,1219500.0,1800.0,0.0,-1800.0,965180.0
2026-05-10,13:05,202604010407,07,新潟,4歳以上1勝クラス,1勝クラス,1200,ダート,良,15,1,エテオクロス,石田拓郎,9.0,29.4,25.2,-14.29,-0.1542,0.03344,4.41,0.0634,0.03175,1.997,1.5976,1.0,3,不的中,0,25.2,0.0,1000.0,0.0,-1000.0,1218500.0,2400.0,0.0,-2400.0,962780.0
2026-05-10,13:15,202608030607,07,京都,3歳1勝クラス,1勝クラス,1800,ダート,良,12,12,マヴィ,Ｍ．デム,6.0,24.9,14.5,-41.77,-0.5407,0.06701,5.59,0.10008,0.05517,1.814,1.4511,1.0,11,不的中,0,14.5,0.0,1000.0,0.0,-1000.0,1217500.0,3300.0,0.0,-3300.0,959480.0
2026-05-10,13:55,202605020608,08,東京,4歳以上2勝クラス,2勝クラス,1400,芝,良,11,10,ゴールドスター,横山和生,7.0,19.5,13.7,-29.74,-0.353,0.07273,6.96,0.09229,0.05839,1.581,1.2644,1.0,6,不的中,0,13.7,0.0,1000.0,0.0,-1000.0,1216500.0,2000.0,0.0,-2000.0,955780.0
2026-05-10,13:55,202605020608,08,東京,4歳以上2勝クラス,2勝クラス,1400,芝,良,11,9,プリティディーヴァ,レーン,5.0,15.7,13.1,-16.56,-0.181,0.06958,6.96,0.09229,0.06107,1.511,1.209,2.0,10,不的中,0,13.1,0.0,1000.0,0.0,-1000.0,1215500.0,1700.0,0.0,-1700.0,955780.0
2026-05-10,14:40,202604010410,10,新潟,五泉特別(2勝),2勝クラス,1800,ダート,良,14,12,ユイノマチブセ,木幡初也,10.0,41.8,26.9,-35.65,-0.4408,0.039,5.57,0.0634,0.02974,2.132,1.7054,1.0,12,不的中,0,26.9,0.0,1000.0,0.0,-1000.0,1214500.0,2700.0,0.0,-2700.0,948080.0
2026-05-10,14:40,202604010410,10,新潟,五泉特別(2勝),2勝クラス,1800,ダート,良,14,4,タカサンフェイス,丸山元気,11.0,38.9,33.6,-13.62,-0.1465,0.02653,5.57,0.05062,0.02381,2.126,1.701,2.0,5,不的中,0,33.6,0.0,1000.0,0.0,-1000.0,1213500.0,2100.0,0.0,-2100.0,948080.0
2026-05-10,14:40,202604010410,10,新潟,五泉特別(2勝),2勝クラス,1800,ダート,良,14,6,モモンウールー,小沢大仁,7.0,25.6,21.2,-17.19,-0.1886,0.04325,5.57,0.0755,0.03774,2.001,1.6007,3.0,3,不的中,0,21.2,0.0,1000.0,0.0,-1000.0,1212500.0,2900.0,0.0,-2900.0,948080.0
2026-05-10,15:25,202608030611,11,京都,平城京ステークス(OP),オープン,1800,ダート,良,16,7,ルヴァンユニベール,渡辺竜也,5.0,20.9,15.3,-26.79,-0.3119,0.06897,11.17,0.08383,0.05229,1.603,1.2827,1.0,3,不的中,0,14.6,0.0,1000.0,0.0,-1000.0,1211500.0,1900.0,0.0,-1900.0,946180.0
2026-05-10,16:01,202604010412,12,新潟,4歳以上1勝クラス,1勝クラス,1200,芝,良,13,11,パリコレジェンヌ,丸田恭介,10.0,43.4,39.5,-8.99,-0.0942,0.02107,8.62,0.04903,0.02025,2.421,1.9367,1.0,11,不的中,0,39.5,0.0,1000.0,0.0,-1000.0,1210500.0,2400.0,0.0,-2400.0,943780.0
2026-05-10,16:10,202608030612,12,京都,4歳以上2勝クラス,2勝クラス,1400,ダート,良,14,12,フィリップ,丹内祐次,7.0,35.4,31.6,-10.73,-0.1136,0.02622,9.24,0.04148,0.02532,1.638,1.3106,1.0,10,不的中,0,22.2,0.0,1000.0,0.0,-1000.0,1209500.0,1000.0,0.0,-1000.0,942780.0
2026-05-10,16:30,202605020612,12,東京,立夏ステークス(3勝),3勝クラス,1600,ダート,良,15,7,フラムリンガム,北村友一,13.0,120.1,84.4,-29.73,-0.3528,0.01414,20.37,0.02431,0.00948,2.564,2.0515,1.0,11,不的中,0,80.1,0.0,1000.0,0.0,-1000.0,1208500.0,1200.0,0.0,-1200.0,939380.0
2026-05-10,16:30,202605020612,12,東京,立夏ステークス(3勝),3勝クラス,1600,ダート,良,15,1,オンザライン,木幡巧也,12.0,66.9,61.6,-7.92,-0.0825,0.01459,20.37,0.01983,0.01299,1.527,1.2215,2.0,13,不的中,0,68.0,0.0,1000.0,0.0,-1000.0,1207500.0,400.0,0.0,-400.0,939380.0
2026-05-10,16:30,202605020612,12,東京,立夏ステークス(3勝),3勝クラス,1600,ダート,良,15,15,フルオール,斎藤新,5.0,16.9,12.8,-24.26,-0.2779,0.08747,20.37,0.09532,0.0625,1.525,1.2201,3.0,5,不的中,0,11.0,0.0,1000.0,0.0,-1000.0,1206500.0,1800.0,0.0,-1800.0,939380.0
2026-05-16,09:50,202605020701,01,東京,3歳未勝利,未勝利,1400,ダート,良,16,9,ハクサンミレイ,大野拓弥,12.0,72.1,65.1,-9.71,-0.1021,0.0137,3.01,0.02632,0.01229,2.142,1.7132,1.0,5,不的中,0,59.4,0.0,1000.0,0.0,-1000.0,1205500.0,1100.0,0.0,-1100.0,937080.0
2026-05-16,09:50,202605020701,01,東京,3歳未勝利,未勝利,1400,ダート,良,16,6,ホウオウデンファレ,原優介,7.0,25.9,22.6,-12.74,-0.1363,0.04072,3.01,0.05549,0.0354,1.567,1.254,2.0,10,不的中,0,22.9,0.0,1000.0,0.0,-1000.0,1204500.0,1200.0,0.0,-1200.0,937080.0
2026-05-16,10:05,202604010501,01,新潟,3歳未勝利,未勝利,1800,ダート,良,15,5,クレセントゼファー,小崎綾也,7.0,30.5,23.7,-22.3,-0.2523,0.0427,3.85,0.05955,0.03376,1.764,1.4113,1.0,9,不的中,0,22.0,0.0,1000.0,0.0,-1000.0,1203500.0,1700.0,0.0,-1700.0,935380.0
2026-05-16,10:10,202608030702,02,京都,3歳未勝利,未勝利,1800,ダート,良,11,10,ビナハイバン,川須栄彦,6.0,21.1,15.1,-28.44,-0.3346,0.06103,2.59,0.08497,0.05298,1.604,1.283,1.0,8,不的中,0,15.4,0.0,1000.0,0.0,-1000.0,1202500.0,1900.0,0.0,-1900.0,933480.0
2026-05-16,10:20,202605020702,02,東京,3歳未勝利,未勝利,1600,ダート,良,16,3,オーパパ,佐藤翔馬,10.0,57.9,52.1,-10.02,-0.1056,0.01617,4.86,0.02865,0.01536,1.866,1.4925,1.0,4,不的中,0,50.7,0.0,1000.0,0.0,-1000.0,1201500.0,900.0,0.0,-900.0,932580.0
2026-05-16,11:35,202604010504,04,新潟,3歳未勝利,未勝利,1800,ダート,良,11,2,コーディアリティ,小崎綾也,7.0,61.8,55.7,-9.87,-0.1039,0.01503,4.59,0.02238,0.01436,1.558,1.2464,1.0,8,不的中,0,55.7,0.0,1000.0,0.0,-1000.0,1200500.0,500.0,0.0,-500.0,932080.0
2026-05-16,12:30,202608030706,06,京都,4歳以上1勝クラス,1勝クラス,1200,ダート,良,15,10,トッレブランカ,松若風馬,7.0,29.5,22.5,-23.73,-0.2709,0.04185,2.48,0.05642,0.03556,1.587,1.2694,1.0,15,不的中,0,18.6,0.0,1000.0,0.0,-1000.0,1199500.0,1200.0,0.0,-1200.0,930880.0
2026-05-16,13:25,202604010507,07,新潟,4歳以上1勝クラス,1勝クラス,1200,ダート,良,13,12,オースミライト,加藤祥太,7.0,20.5,12.6,-38.54,-0.4867,0.08291,4.87,0.10023,0.06349,1.579,1.2629,1.0,2,不的中,0,12.6,0.0,1000.0,0.0,-1000.0,1198500.0,2200.0,0.0,-2200.0,928680.0
2026-05-16,14:35,202604010509,09,新潟,石打特別(1勝),1勝クラス,1800,芝,良,16,8,クイーンズワーフ,河原田菜,5.0,20.0,13.2,-34.0,-0.4155,0.08532,5.06,0.09229,0.06061,1.523,1.2183,1.0,7,不的中,0,13.3,0.0,1000.0,0.0,-1000.0,1197500.0,1700.0,0.0,-1700.0,926980.0
2026-05-16,15:30,202605020711,11,東京,六社ステークス(3勝),3勝クラス,2400,芝,良,15,5,ウインルーティン,三浦皇成,8.0,62.5,35.4,-43.36,-0.5685,0.03157,11.92,0.05239,0.0226,2.318,1.8545,1.0,5,不的中,0,29.5,0.0,1000.0,0.0,-1000.0,1196500.0,2400.0,0.0,-2400.0,924580.0
2026-05-16,16:10,202605020712,12,東京,4歳以上1勝クラス,1勝クラス,1600,ダート,良,14,11,プルーヴンウィナー,津村明秀,8.0,27.1,19.8,-26.94,-0.3139,0.04605,7.05,0.06615,0.0404,1.637,1.3098,1.0,3,不的中,0,19.8,0.0,1000.0,0.0,-1000.0,1195500.0,1600.0,0.0,-1600.0,922980.0
2026-05-17,11:30,202608030804,04,京都,3歳未勝利,未勝利,1600,芝,良,17,13,ジャミールアイン,田口貫太,7.0,42.2,33.0,-21.8,-0.2459,0.03109,4.96,0.05882,0.02424,2.426,1.9412,1.0,15,不的中,0,33.3,0.0,1000.0,0.0,-1000.0,1194500.0,2800.0,0.0,-2800.0,920180.0
2026-05-17,12:35,202604010606,06,新潟,3歳未勝利,未勝利,1800,ダート,良,13,9,スマートエトワール,泉谷楓真,9.0,34.7,32.0,-7.78,-0.081,0.02552,3.04,0.04112,0.025,1.645,1.316,1.0,7,不的中,0,32.9,0.0,1000.0,0.0,-1000.0,1193500.0,1000.0,0.0,-1000.0,919180.0
2026-05-17,12:45,202608030806,06,京都,3歳1勝クラス,1勝クラス,1800,ダート,良,16,9,ラブインアクション,鮫島克駿,7.0,26.7,20.5,-23.22,-0.2642,0.04316,5.42,0.05882,0.03902,1.507,1.2059,1.0,6,不的中,0,16.0,0.0,1000.0,0.0,-1000.0,1192500.0,1000.0,0.0,-1000.0,918180.0
2026-05-17,14:50,202608030810,10,京都,錦ステークス(3勝),3勝クラス,1600,芝,良,13,11,プッシュオン,団野大成,12.0,29.9,26.9,-10.03,-0.1057,0.03144,6.68,0.04689,0.02974,1.577,1.2614,1.0,9,不的中,0,26.9,0.0,1000.0,0.0,-1000.0,1191500.0,1000.0,0.0,-1000.0,916080.0
2026-05-17,14:50,202608030810,10,京都,錦ステークス(3勝),3勝クラス,1600,芝,良,13,6,スズカダブル,菱田裕二,10.0,27.1,20.6,-23.99,-0.2742,0.04446,6.68,0.05966,0.03883,1.536,1.2289,2.0,12,不的中,0,20.7,0.0,1000.0,0.0,-1000.0,1190500.0,1100.0,0.0,-1100.0,916080.0
2026-05-17,15:15,202604010611,11,新潟,弥彦ステークス(3勝),3勝クラス,1800,芝,良,16,16,ミラビリスマジック,小沢大仁,8.0,27.5,16.9,-38.55,-0.4869,0.06414,9.63,0.09074,0.04734,1.917,1.5335,1.0,5,不的中,0,16.9,0.0,1000.0,0.0,-1000.0,1189500.0,3100.0,0.0,-3100.0,912980.0
2026-05-23,11:10,202608030903,03,京都,3歳未勝利,未勝利,1200,芝,良,16,1,ルナーマンス,団野大成,9.0,26.4,22.4,-15.15,-0.1643,0.03836,5.8,0.05955,0.03571,1.667,1.3339,1.0,13,不的中,0,22.4,0.0,1000.0,0.0,-1000.0,1188500.0,1500.0,0.0,-1500.0,911480.0
2026-05-23,11:40,202608030904,04,京都,3歳未勝利,未勝利,1800,芝,良,17,6,ダンツアラーム,太宰啓介,8.0,22.2,20.5,-7.66,-0.0797,0.04074,3.89,0.05882,0.03902,1.507,1.2059,1.0,9,不的中,0,21.6,0.0,1000.0,0.0,-1000.0,1187500.0,1000.0,0.0,-1000.0,910480.0
2026-05-23,13:00,202608030906,06,京都,3歳1勝クラス,1勝クラス,1400,ダート,稍重,16,7,ソウルオンファイア,団野大成,6.0,20.8,12.5,-39.9,-0.5092,0.07329,6.7,0.10008,0.064,1.564,1.251,1.0,1,的中,1,12.5,1250.0,1000.0,12500.0,11500.0,1199000.0,2000.0,25000.0,23000.0,933480.0
2026-05-23,14:31,202608030909,09,京都,メルボルントロフィー(1勝),1勝クラス,1600,芝,良,11,10,ナルキッソス,高杉吏麒,7.0,35.2,19.5,-44.6,-0.5906,0.05231,6.27,0.10765,0.04103,2.624,2.0992,1.0,7,不的中,0,19.5,0.0,1000.0,0.0,-1000.0,1198000.0,5600.0,0.0,-5600.0,927880.0
2026-05-23,15:45,202608030911,11,京都,第33回平安ステークス(GIII),G3,1900,ダート,稍重,16,10,シュラザック,幸英明,11.0,72.7,33.8,-53.51,-0.7659,0.04925,27.42,0.05966,0.02367,2.521,2.0164,1.0,10,不的中,0,33.8,0.0,1000.0,0.0,-1000.0,1197000.0,2900.0,0.0,-2900.0,924980.0
2026-05-24,10:50,202608031003,03,京都,3歳未勝利,未勝利,1600,芝,良,18,18,ジュエルブリス,国分恭介,9.0,111.3,79.4,-28.66,-0.3377,0.01235,4.8,0.01583,0.01008,1.571,1.2571,1.0,5,不的中,0,64.1,0.0,1000.0,0.0,-1000.0,1196000.0,400.0,0.0,-400.0,924580.0
2026-05-24,11:30,202605021004,04,東京,3歳未勝利,未勝利,1600,芝,良,18,10,フーディエラン,原優介,10.0,53.9,49.0,-9.09,-0.0953,0.01697,6.54,0.02869,0.01633,1.757,1.4058,1.0,9,不的中,0,49.0,0.0,1000.0,0.0,-1000.0,1195000.0,800.0,0.0,-800.0,922980.0
2026-05-24,11:30,202605021004,04,東京,3歳未勝利,未勝利,1600,芝,良,18,17,ペルシアーノ,木幡巧也,9.0,39.4,35.2,-10.66,-0.1127,0.02381,6.54,0.03681,0.02273,1.62,1.2957,2.0,14,不的中,0,35.2,0.0,1000.0,0.0,-1000.0,1194000.0,800.0,0.0,-800.0,922980.0
2026-05-24,12:00,202604010805,05,新潟,3歳未勝利,未勝利,2000,芝,稍重,16,14,キコリータ,石田拓郎,7.0,18.0,12.4,-31.11,-0.3727,0.08818,4.2,0.09754,0.06452,1.512,1.2095,1.0,5,不的中,0,12.4,0.0,1000.0,0.0,-1000.0,1193000.0,1700.0,0.0,-1700.0,921280.0
2026-05-24,13:20,202605021007,07,東京,4歳以上1勝クラス,1勝クラス,2400,芝,良,17,1,ムーンストラック,三浦皇成,9.0,38.5,31.3,-18.7,-0.207,0.02835,5.43,0.04367,0.02556,1.708,1.3668,1.0,11,不的中,0,23.1,0.0,1000.0,0.0,-1000.0,1192000.0,1200.0,0.0,-1200.0,920080.0
2026-05-24,13:30,202604010808,08,新潟,4歳以上1勝クラス,1勝クラス,1200,芝,稍重,16,14,スプリングデイ,黛弘人,9.0,22.8,17.7,-22.37,-0.2532,0.04934,4.03,0.07767,0.0452,1.719,1.3748,1.0,6,不的中,0,18.9,0.0,1000.0,0.0,-1000.0,1191000.0,2100.0,0.0,-2100.0,917980.0
2026-05-24,14:05,202604010809,09,新潟,二王子特別(1勝),1勝クラス,1800,芝,稍重,14,11,シャインバオバブ,丸山元気,8.0,22.6,17.6,-22.12,-0.2501,0.05572,4.58,0.09598,0.04545,2.112,1.6893,1.0,4,不的中,0,17.2,0.0,1000.0,0.0,-1000.0,1190000.0,3900.0,0.0,-3900.0,914080.0
2026-05-24,14:40,202604010810,10,新潟,火打山特別(2勝),2勝クラス,1200,ダート,稍重,15,1,ダズリングダンス,川須栄彦,7.0,24.6,18.5,-24.8,-0.285,0.0539,6.01,0.0696,0.04324,1.61,1.2877,1.0,13,不的中,0,15.2,0.0,1000.0,0.0,-1000.0,1189000.0,1600.0,0.0,-1600.0,912480.0
2026-05-24,16:35,202605021012,12,東京,丹沢ステークス(3勝),3勝クラス,2100,ダート,稍重,16,11,パカーラン,ディー,7.0,33.1,24.3,-26.59,-0.3091,0.04925,21.89,0.05217,0.03292,1.585,1.2677,1.0,8,不的中,0,22.8,0.0,1000.0,0.0,-1000.0,1188000.0,1100.0,0.0,-1100.0,909980.0
2026-05-24,16:35,202605021012,12,東京,丹沢ステークス(3勝),3勝クラス,2100,ダート,稍重,16,4,ジャスパーグレイト,横山典弘,12.0,80.8,64.8,-19.8,-0.2207,0.01683,21.89,0.0194,0.01235,1.571,1.2571,2.0,15,不的中,0,62.5,0.0,1000.0,0.0,-1000.0,1187000.0,400.0,0.0,-400.0,909980.0
2026-05-24,16:35,202605021012,12,東京,丹沢ステークス(3勝),3勝クラス,2100,ダート,稍重,16,1,ワンパット,松山弘平,8.0,26.3,23.8,-9.51,-0.0999,0.03905,21.89,0.05239,0.03361,1.559,1.2468,3.0,10,不的中,0,23.8,0.0,1000.0,0.0,-1000.0,1186000.0,1000.0,0.0,-1000.0,909980.0
2026-05-30,10:50,202605021103,03,東京,3歳未勝利,未勝利,1400,芝,良,18,13,スーパーハイウェイ,北村宏司,9.0,65.7,52.6,-19.94,-0.2224,0.01713,5.94,0.02869,0.01521,1.886,1.5091,1.0,10,不的中,0,52.7,0.0,1000.0,0.0,-1000.0,1185000.0,900.0,0.0,-900.0,906680.0
2026-05-30,10:50,202605021103,03,東京,3歳未勝利,未勝利,1400,芝,良,18,15,スピットブレイク,津村明秀,5.0,31.2,14.7,-52.88,-0.7526,0.07418,5.94,0.09229,0.05442,1.696,1.3567,2.0,8,不的中,0,14.8,0.0,1000.0,0.0,-1000.0,1184000.0,2400.0,0.0,-2400.0,906680.0
2026-05-30,12:10,202605021105,05,東京,3歳未勝利,未勝利,2000,芝,良,16,9,ジャストマイウェイ,ゴンサル,7.0,26.4,23.6,-10.61,-0.1121,0.03836,6.27,0.05239,0.0339,1.545,1.2364,1.0,8,不的中,0,23.6,0.0,1000.0,0.0,-1000.0,1183000.0,1000.0,0.0,-1000.0,905680.0
2026-05-30,12:55,202608031106,06,京都,4歳以上1勝クラス,1勝クラス,1800,ダート,良,12,5,マハートマーベル,吉村誠之,7.0,35.3,22.6,-35.98,-0.4459,0.04439,5.76,0.05955,0.0354,1.682,1.3458,1.0,1,的中,1,22.6,2260.0,1000.0,22600.0,21600.0,1204600.0,1500.0,33900.0,32400.0,938080.0
2026-05-30,13:25,202608031107,07,京都,4歳以上1勝クラス,1勝クラス,1600,芝,良,15,15,リトルスカーレット,鮫島克駿,11.0,92.3,80.2,-13.11,-0.1405,0.01097,7.0,0.02182,0.00998,2.187,1.7497,1.0,7,不的中,0,80.2,0.0,1000.0,0.0,-1000.0,1203600.0,900.0,0.0,-900.0,935880.0
2026-05-30,13:25,202608031107,07,京都,4歳以上1勝クラス,1勝クラス,1600,芝,良,15,3,ワンダーイロネ,高倉稜,8.0,29.0,23.9,-17.59,-0.1934,0.03802,7.0,0.05469,0.03347,1.634,1.3071,2.0,8,不的中,0,23.9,0.0,1000.0,0.0,-1000.0,1202600.0,1300.0,0.0,-1300.0,935880.0
2026-05-30,13:40,202605021108,08,東京,4歳以上1勝クラス,1勝クラス,1600,ダート,良,16,13,アイファーシャドー,松岡正海,9.0,57.2,53.0,-7.34,-0.0763,0.01591,6.81,0.0248,0.01509,1.643,1.3142,1.0,8,不的中,0,53.0,0.0,1000.0,0.0,-1000.0,1201600.0,600.0,0.0,-600.0,933880.0
2026-05-30,13:40,202605021108,08,東京,4歳以上1勝クラス,1勝クラス,1600,ダート,良,16,7,コルヴィル,菊沢一樹,7.0,33.6,21.2,-36.9,-0.4605,0.04981,6.81,0.06072,0.03774,1.609,1.2873,2.0,9,不的中,0,21.2,0.0,1000.0,0.0,-1000.0,1200600.0,1400.0,0.0,-1400.0,933880.0
2026-05-30,15:05,202608031110,10,京都,桃山ステークス(3勝),3勝クラス,1800,ダート,良,16,9,カミノレアル,田口貫太,11.0,42.1,39.0,-7.36,-0.0765,0.02228,10.1,0.03289,0.02051,1.603,1.2826,1.0,6,不的中,0,39.0,0.0,1000.0,0.0,-1000.0,1199600.0,700.0,0.0,-700.0,931880.0
2026-05-30,15:05,202608031110,10,京都,桃山ステークス(3勝),3勝クラス,1800,ダート,良,16,10,マンオブザマッチ,荻野極,7.0,24.3,21.6,-11.11,-0.1178,0.0418,10.1,0.05882,0.03704,1.588,1.2706,2.0,8,不的中,0,21.6,0.0,1000.0,0.0,-1000.0,1198600.0,1300.0,0.0,-1300.0,931880.0
2026-05-30,15:30,202605021111,11,東京,アハルテケステークス(OP),オープン,1600,ダート,良,16,2,スナークラファエロ,小崎綾也,8.0,42.2,26.4,-37.44,-0.4691,0.0526,18.33,0.05882,0.0303,1.941,1.5529,1.0,14,不的中,0,26.4,0.0,1000.0,0.0,-1000.0,1197600.0,2100.0,0.0,-2100.0,929780.0
2026-05-30,16:10,202605021112,12,東京,4歳以上2勝クラス,2勝クラス,2100,ダート,良,16,6,オーシンハーフ,石川裕紀,6.0,27.5,18.3,-33.45,-0.4073,0.05961,10.19,0.06713,0.04372,1.536,1.2285,1.0,15,不的中,0,18.7,0.0,1000.0,0.0,-1000.0,1196600.0,1300.0,0.0,-1300.0,928480.0
2026-05-30,16:30,202608031112,12,京都,4歳以上2勝クラス,2勝クラス,1200,ダート,良,16,12,ストラテージュ,古川奈穂,13.0,79.0,69.4,-12.15,-0.1296,0.01325,13.02,0.02204,0.01153,1.912,1.5295,1.0,11,不的中,0,61.4,0.0,1000.0,0.0,-1000.0,1195600.0,800.0,0.0,-800.0,927680.0
2026-05-31,09:55,202608031201,01,京都,3歳未勝利,未勝利,1800,ダート,良,16,5,シャンパンスター,国分恭介,6.0,22.4,14.2,-36.61,-0.4558,0.07494,4.79,0.09742,0.05634,1.729,1.3834,1.0,3,不的中,0,12.4,0.0,1000.0,0.0,-1000.0,1194600.0,2700.0,0.0,-2700.0,924980.0
2026-05-31,10:10,202605021202,02,東京,3歳未勝利,未勝利,1400,ダート,良,16,10,テラシエスタ,木幡巧也,8.0,88.1,60.5,-31.33,-0.3758,0.01715,7.34,0.02512,0.01322,1.899,1.5196,1.0,11,不的中,0,49.5,0.0,1000.0,0.0,-1000.0,1193600.0,900.0,0.0,-900.0,924080.0
2026-05-31,10:55,202608031203,03,京都,3歳未勝利,未勝利,1900,ダート,良,16,13,タニセンゴールド,秋山稔樹,8.0,53.1,31.3,-41.05,-0.5286,0.03305,6.06,0.06875,0.02556,2.69,2.152,1.0,4,不的中,0,22.6,0.0,1000.0,0.0,-1000.0,1192600.0,3600.0,0.0,-3600.0,958210.0
2026-05-31,10:55,202608031203,03,京都,3歳未勝利,未勝利,1900,ダート,良,16,12,スナークシャラク,小沢大仁,9.0,48.7,36.6,-24.85,-0.2856,0.02571,6.06,0.03888,0.02186,1.779,1.4229,2.0,1,的中,1,35.3,3530.0,1000.0,35300.0,34300.0,1226900.0,1100.0,38830.0,37730.0,958210.0
2026-05-31,12:55,202608031206,06,京都,3歳1勝クラス,1勝クラス,1400,ダート,良,14,14,ディープスリー,酒井学,10.0,154.7,124.8,-19.33,-0.2148,0.00733,7.05,0.01472,0.00641,2.297,1.8376,1.0,13,不的中,0,119.3,0.0,1000.0,0.0,-1000.0,1225900.0,700.0,0.0,-700.0,954910.0
2026-05-31,12:55,202608031206,06,京都,3歳1勝クラス,1勝クラス,1400,ダート,良,14,13,バトゥカーダ,川須栄彦,7.0,46.1,15.7,-65.94,-1.0772,0.0775,7.05,0.08841,0.05096,1.735,1.3881,2.0,8,不的中,0,14.6,0.0,1000.0,0.0,-1000.0,1224900.0,2600.0,0.0,-2600.0,954910.0
2026-05-31,13:25,202608031207,07,京都,4歳以上1勝クラス,1勝クラス,2400,芝,良,10,8,フララナキラ,菱田裕二,6.0,25.5,13.9,-45.49,-0.6068,0.0747,6.25,0.11257,0.05755,1.956,1.5647,1.0,5,不的中,0,13.9,0.0,1000.0,0.0,-1000.0,1223900.0,4200.0,0.0,-4200.0,950710.0
2026-05-31,13:45,202605021208,08,東京,青嵐賞(2勝),2勝クラス,2400,芝,良,14,10,プリズマジコ,横山琉人,12.0,134.2,98.9,-26.3,-0.3052,0.01073,12.13,0.01234,0.00809,1.525,1.2202,1.0,10,不的中,0,98.9,0.0,1000.0,0.0,-1000.0,1222900.0,300.0,0.0,-300.0,950410.0
2026-05-31,14:55,202605021210,10,東京,IFHA杯むらさき賞(3勝),3勝クラス,1800,芝,良,18,17,テーオーダグラス,ゴンサル,13.0,127.0,120.2,-5.35,-0.055,0.00657,12.85,0.01104,0.00666,1.659,1.3272,1.0,8,不的中,0,120.2,0.0,1000.0,0.0,-1000.0,1221900.0,300.0,0.0,-300.0,946310.0
2026-05-31,14:55,202605021210,10,東京,IFHA杯むらさき賞(3勝),3勝クラス,1800,芝,良,18,14,ソルトブリーズ,横山琉人,8.0,37.0,21.8,-41.08,-0.529,0.04962,12.85,0.06083,0.0367,1.658,1.3261,2.0,4,不的中,0,21.8,0.0,1000.0,0.0,-1000.0,1220900.0,1500.0,0.0,-1500.0,946310.0
2026-05-31,14:55,202605021210,10,東京,IFHA杯むらさき賞(3勝),3勝クラス,1800,芝,良,18,18,レディーミコノス,松山弘平,5.0,19.4,11.5,-40.72,-0.5229,0.09381,12.85,0.10843,0.06957,1.559,1.2469,3.0,15,不的中,0,11.5,0.0,1000.0,0.0,-1000.0,1219900.0,2300.0,0.0,-2300.0,946310.0
2026-05-31,15:15,202608031210,10,京都,安土城ステークス(L),リステッド,1400,芝,良,17,3,カルチャーデイ,酒井学,4.0,24.6,14.5,-41.06,-0.5286,0.09273,10.96,0.08871,0.05517,1.608,1.2863,1.0,5,不的中,0,11.3,0.0,1000.0,0.0,-1000.0,1218900.0,2100.0,0.0,-2100.0,944210.0
2026-05-31,16:40,202608031212,12,京都,渡月橋ステークス(3勝),3勝クラス,1400,芝,良,18,16,サヴォンリンナ,亀田温心,12.0,79.2,51.5,-34.97,-0.4304,0.02611,12.04,0.05158,0.01553,3.32,2.6562,1.0,12,不的中,0,38.8,0.0,1000.0,0.0,-1000.0,1217900.0,3100.0,0.0,-3100.0,940510.0
2026-05-31,16:40,202608031212,12,京都,渡月橋ステークス(3勝),3勝クラス,1400,芝,良,18,13,サクセスアイ,池添謙一,15.0,74.0,66.3,-10.41,-0.1099,0.0145,12.04,0.02086,0.01207,1.729,1.3828,2.0,9,不的中,0,64.3,0.0,1000.0,0.0,-1000.0,1216900.0,600.0,0.0,-600.0,940510.0
2026-05-31,17:00,202605021212,12,東京,第140回目黒記念(GII),G2,2500,芝,良,14,7,アスクセクシーモア,北村友一,9.0,39.5,30.3,-23.29,-0.2652,0.04101,52.62,0.05884,0.0264,2.229,1.7828,1.0,6,不的中,0,30.3,0.0,1000.0,0.0,-1000.0,1215900.0,2600.0,0.0,-2600.0,937910.0
2026-06-06,09:50,202609030101,01,阪神,3歳未勝利,未勝利,1400,ダート,良,16,1,コイバナ,田山旺佑,5.0,24.7,14.0,-43.32,-0.5677,0.08856,5.08,0.09742,0.05714,1.705,1.3639,1.0,6,不的中,0,14.0,0.0,1000.0,0.0,-1000.0,1214900.0,2700.0,0.0,-2700.0,935210.0
2026-06-06,10:55,202609030103,03,阪神,3歳未勝利,未勝利,1800,ダート,良,16,1,ワイドシャッフエン,菱田裕二,9.0,65.0,34.6,-46.77,-0.6305,0.02975,5.0,0.05735,0.02312,2.48,1.9843,1.0,11,不的中,0,34.6,0.0,1000.0,0.0,-1000.0,1213900.0,2800.0,0.0,-2800.0,930610.0
2026-06-06,10:55,202609030103,03,阪神,3歳未勝利,未勝利,1800,ダート,良,16,4,タントレーベル,鮫島克駿,5.0,20.6,12.0,-41.75,-0.5404,0.08366,5.0,0.10086,0.06667,1.513,1.2103,2.0,4,不的中,0,12.0,0.0,1000.0,0.0,-1000.0,1212900.0,1800.0,0.0,-1800.0,930610.0
2026-06-06,11:25,202609030104,04,阪神,3歳未勝利,未勝利,1200,芝,良,16,5,ハクサンテドリガワ,団野大成,6.0,29.1,23.3,-19.93,-0.2223,0.03999,7.28,0.05595,0.03433,1.63,1.3037,1.0,7,不的中,0,23.3,0.0,1000.0,0.0,-1000.0,1211900.0,1300.0,0.0,-1300.0,929310.0
2026-06-06,12:45,202609030106,06,阪神,3歳未勝利,未勝利,1800,ダート,良,16,5,スパルタンエックス,田山旺佑,6.0,33.0,23.5,-28.79,-0.3395,0.04093,5.32,0.05735,0.03404,1.685,1.3477,1.0,2,不的中,0,23.5,0.0,1000.0,0.0,-1000.0,1210900.0,1500.0,0.0,-1500.0,927810.0
2026-06-06,13:15,202609030107,07,阪神,3歳未勝利,未勝利,1600,芝,良,18,15,ケンブリッジグレイ,田山旺佑,8.0,44.6,32.1,-28.03,-0.3289,0.0336,5.81,0.04903,0.02492,1.967,1.5739,1.0,13,不的中,0,32.1,0.0,1000.0,0.0,-1000.0,1209900.0,1800.0,0.0,-1800.0,923910.0
2026-06-06,13:15,202609030107,07,阪神,3歳未勝利,未勝利,1600,芝,良,18,9,ネッカーズルム,高杉吏麒,5.0,23.0,16.2,-29.57,-0.3505,0.06746,5.81,0.07966,0.04938,1.613,1.2904,2.0,5,不的中,0,16.2,0.0,1000.0,0.0,-1000.0,1208900.0,1800.0,0.0,-1800.0,923910.0
2026-06-06,13:15,202609030107,07,阪神,3歳未勝利,未勝利,1600,芝,良,18,16,ディアーモルタル,団野大成,12.0,124.3,92.2,-25.82,-0.2987,0.01147,5.81,0.01327,0.00868,1.529,1.2231,3.0,10,不的中,0,92.2,0.0,1000.0,0.0,-1000.0,1207900.0,300.0,0.0,-300.0,923910.0
2026-06-06,14:55,202609030110,10,阪神,加古川特別(2勝),2勝クラス,1800,ダート,良,12,9,プライベートアイズ,鮫島克駿,4.0,21.0,12.4,-40.95,-0.5268,0.09297,8.58,0.10846,0.06452,1.681,1.3449,1.0,2,不的中,0,12.4,0.0,1000.0,0.0,-1000.0,1206900.0,2800.0,0.0,-2800.0,921110.0
2026-06-06,15:45,202605030111,11,東京,麦秋ステークス(3勝),3勝クラス,1400,ダート,良,16,8,ピエマンソン,丹内祐次,6.0,30.5,24.1,-20.98,-0.2355,0.04329,19.24,0.05696,0.0332,1.716,1.3727,1.0,3,不的中,0,24.1,0.0,1000.0,0.0,-1000.0,1205900.0,1500.0,0.0,-1500.0,919610.0
2026-06-07,10:05,202605030201,01,東京,3歳未勝利,未勝利,1400,ダート,良,16,9,ルクリーシア,ゴンサル,7.0,23.3,19.8,-15.02,-0.1628,0.04693,5.47,0.06072,0.0404,1.503,1.2023,1.0,10,不的中,0,15.7,0.0,1000.0,0.0,-1000.0,1204900.0,1000.0,0.0,-1000.0,918610.0
2026-06-07,13:10,202609030207,07,阪神,3歳以上1勝クラス,1勝クラス,1800,ダート,稍重,16,9,クイーンズドリーム,小崎綾也,6.0,28.0,21.1,-24.64,-0.2829,0.04484,7.62,0.06083,0.03791,1.604,1.2835,1.0,10,不的中,0,12.9,0.0,1000.0,0.0,-1000.0,1203900.0,1300.0,0.0,-1300.0,917310.0
2026-06-07,13:55,202605030208,08,東京,3歳以上1勝クラス,1勝クラス,1600,芝,良,17,3,スワローシチー,荻野極,3.0,26.1,17.0,-34.87,-0.4287,0.06089,9.01,0.07761,0.04706,1.649,1.3194,1.0,2,不的中,0,12.9,0.0,1000.0,0.0,-1000.0,1202900.0,1900.0,0.0,-1900.0,913710.0
2026-06-07,13:55,202605030208,08,東京,3歳以上1勝クラス,1勝クラス,1600,芝,良,17,14,ナルキッソス,松山弘平,6.0,22.6,17.0,-24.78,-0.2847,0.05666,9.01,0.07602,0.04706,1.615,1.2923,2.0,6,不的中,0,16.3,0.0,1000.0,0.0,-1000.0,1201900.0,1700.0,0.0,-1700.0,913710.0
2026-06-07,15:20,202609030211,11,阪神,水無月ステークス(OP),オープン,1200,ダート,稍重,16,10,リジル,渡辺竜也,9.0,35.0,26.0,-25.71,-0.2973,0.04283,12.77,0.06072,0.03077,1.973,1.5787,1.0,9,不的中,0,23.8,0.0,1000.0,0.0,-1000.0,1200900.0,2200.0,0.0,-2200.0,911510.0
2026-06-07,15:40,202605030211,11,東京,第76回安田記念(GI),G1,1600,芝,良,17,3,オフトレイル,菅原明良,10.0,45.9,35.7,-22.22,-0.2513,0.03916,130.9,0.05412,0.02241,2.415,1.9322,1.0,6,不的中,0,35.7,0.0,1000.0,0.0,-1000.0,1199900.0,2500.0,0.0,-2500.0,950930.0
2026-06-07,15:40,202605030211,11,東京,第76回安田記念(GI),G1,1600,芝,良,17,11,ワールズエンド,津村明秀,7.0,23.4,15.1,-35.47,-0.438,0.11636,130.9,0.10067,0.05298,1.9,1.5201,2.0,2,不的中,0,15.1,0.0,1000.0,0.0,-1000.0,1198900.0,3400.0,0.0,-3400.0,950930.0
2026-06-07,15:40,202605030211,11,東京,第76回安田記念(GI),G1,1600,芝,良,17,4,シックスペンス,武豊,8.0,27.3,21.6,-20.88,-0.2342,0.06304,130.9,0.06872,0.03704,1.855,1.4844,3.0,1,的中,1,21.6,2160.0,1000.0,21600.0,20600.0,1219500.0,2200.0,47520.0,45320.0,950930.0
2026-06-13,09:55,202605030301,01,東京,3歳未勝利,未勝利,1600,ダート,重,16,16,トランセンコ,木幡育也,9.0,24.6,20.3,-17.48,-0.1921,0.04385,3.58,0.06072,0.03941,1.541,1.2326,1.0,9,不的中,0,20.3,0.0,1000.0,0.0,-1000.0,1218500.0,1200.0,0.0,-1200.0,949730.0
2026-06-13,10:35,202602010102,02,函館,3歳未勝利,未勝利,1700,ダート,稍重,14,9,ファイネクローネ,浜中俊,8.0,23.1,20.7,-10.39,-0.1097,0.04015,3.21,0.05955,0.03865,1.541,1.2326,1.0,14,不的中,0,17.4,0.0,1000.0,0.0,-1000.0,1217500.0,1200.0,0.0,-1200.0,948530.0
2026-06-13,11:20,202609030304,04,阪神,3歳未勝利,未勝利,1800,芝,良,16,3,レッドフレーザー,坂井瑠星,8.0,31.3,28.8,-7.99,-0.0832,0.03138,4.56,0.04203,0.02778,1.513,1.2106,1.0,7,不的中,0,23.9,0.0,1000.0,0.0,-1000.0,1216500.0,800.0,0.0,-800.0,947730.0
2026-06-13,14:31,202602010109,09,函館,奥尻特別(1勝),1勝クラス,2000,芝,稍重,11,9,シャインバオバブ,古川吉洋,6.0,42.2,24.6,-41.71,-0.5397,0.0382,4.98,0.05882,0.03252,1.809,1.447,1.0,9,不的中,0,24.6,0.0,1000.0,0.0,-1000.0,1215500.0,1800.0,0.0,-1800.0,945430.0
2026-06-13,14:31,202602010109,09,函館,奥尻特別(1勝),1勝クラス,2000,芝,稍重,11,4,ムーンストラック,小崎綾也,10.0,96.6,61.3,-36.54,-0.4548,0.01502,4.98,0.02139,0.01305,1.639,1.3112,2.0,6,不的中,0,61.3,0.0,1000.0,0.0,-1000.0,1214500.0,500.0,0.0,-500.0,945430.0
2026-06-13,14:55,202605030310,10,東京,夏至ステークス(3勝),3勝クラス,1600,ダート,稍重,16,13,フルオール,丸山元気,7.0,23.4,20.6,-11.97,-0.1274,0.04143,7.62,0.05955,0.03883,1.533,1.2267,1.0,3,不的中,0,20.8,0.0,1000.0,0.0,-1000.0,1213500.0,1100.0,0.0,-1100.0,944330.0
2026-06-13,15:05,202602010110,10,函館,松前特別(2勝),2勝クラス,1800,芝,稍重,16,6,ファミリーツリー,佐々木大,11.0,53.0,41.5,-21.7,-0.2446,0.02103,6.35,0.03058,0.01928,1.586,1.2692,1.0,13,不的中,0,41.5,0.0,1000.0,0.0,-1000.0,1212500.0,700.0,0.0,-700.0,943330.0
2026-06-13,15:05,202602010110,10,函館,松前特別(2勝),2勝クラス,1800,芝,稍重,16,2,エリム,原田和真,14.0,112.7,95.7,-15.08,-0.1635,0.00886,6.35,0.01323,0.00836,1.583,1.2662,2.0,15,不的中,0,95.7,0.0,1000.0,0.0,-1000.0,1211500.0,300.0,0.0,-300.0,943330.0
2026-06-13,15:20,202609030311,11,阪神,三宮ステークス(OP),オープン,1800,ダート,良,16,11,レヴォントゥレット,国分優作,8.0,61.7,40.8,-33.87,-0.4136,0.02838,10.26,0.03486,0.01961,1.778,1.4225,1.0,7,不的中,0,43.4,0.0,1000.0,0.0,-1000.0,1210500.0,1100.0,0.0,-1100.0,942230.0
2026-06-13,15:45,202602010111,11,函館,第33回函館スプリントS(GIII),G3,1200,芝,稍重,13,2,ダノンマッキンリー,池添謙一,8.0,34.2,22.9,-33.04,-0.4011,0.05619,26.12,0.07087,0.03493,2.029,1.623,1.0,4,不的中,0,21.1,0.0,1000.0,0.0,-1000.0,1209500.0,2700.0,0.0,-2700.0,939530.0
2026-06-13,16:05,202609030312,12,阪神,3歳以上1勝クラス,1勝クラス,1200,芝,良,14,4,フェリーニ,和田陽希,7.0,25.6,22.0,-14.06,-0.1515,0.0404,6.34,0.05735,0.03636,1.577,1.2617,1.0,7,不的中,0,22.2,0.0,1000.0,0.0,-1000.0,1208500.0,1200.0,0.0,-1200.0,937530.0
2026-06-13,16:05,202609030312,12,阪神,3歳以上1勝クラス,1勝クラス,1200,芝,良,14,2,ミルトベスト,藤懸貴志,8.0,33.6,25.2,-25.0,-0.2877,0.03819,6.34,0.04775,0.03175,1.504,1.2033,2.0,13,不的中,0,22.5,0.0,1000.0,0.0,-1000.0,1207500.0,800.0,0.0,-800.0,937530.0
2026-06-13,16:15,202605030312,12,東京,3歳以上1勝クラス,1勝クラス,1400,ダート,稍重,16,5,ジェイエルキャリア,丸山元気,9.0,52.3,30.4,-41.87,-0.5426,0.03225,11.34,0.07331,0.02632,2.786,2.2286,1.0,3,不的中,0,30.4,0.0,1000.0,0.0,-1000.0,1206500.0,4000.0,0.0,-4000.0,933530.0
2026-06-13,16:30,202602010112,12,函館,3歳以上1勝クラス,1勝クラス,1700,ダート,稍重,12,4,スマートブル,横山琉人,10.0,46.2,42.6,-7.79,-0.0811,0.01967,11.02,0.03681,0.01878,1.96,1.5681,1.0,11,不的中,0,42.6,0.0,1000.0,0.0,-1000.0,1205500.0,1300.0,0.0,-1300.0,981190.0
2026-06-13,16:30,202602010112,12,函館,3歳以上1勝クラス,1勝クラス,1700,ダート,稍重,12,9,ハヤブサオヒメサマ,吉田隼人,9.0,32.9,29.8,-9.42,-0.099,0.02843,11.02,0.05069,0.02685,1.888,1.5106,2.0,1,的中,1,29.8,2980.0,1000.0,29800.0,28800.0,1234300.0,1700.0,50660.0,48960.0,981190.0
2026-06-14,09:50,202602010201,01,函館,3歳未勝利,未勝利,1200,芝,良,16,14,フリーダムスタイル,吉田隼人,9.0,27.9,25.7,-7.89,-0.0821,0.03361,3.46,0.04903,0.03113,1.575,1.2601,1.0,4,不的中,0,22.5,0.0,1000.0,0.0,-1000.0,1233300.0,1100.0,0.0,-1100.0,980090.0
2026-06-14,11:15,202602010204,04,函館,3歳未勝利,未勝利,1800,芝,良,16,8,アート,舟山瑠泉,8.0,23.3,20.4,-12.45,-0.1329,0.04029,5.7,0.06072,0.03922,1.548,1.2387,1.0,7,不的中,0,20.4,0.0,1000.0,0.0,-1000.0,1232300.0,1300.0,0.0,-1300.0,978790.0
2026-06-14,12:55,202609030406,06,阪神,3歳以上1勝クラス,1勝クラス,1200,ダート,良,16,1,ペルセポネ,丹内祐次,8.0,34.1,16.5,-51.61,-0.7259,0.06364,6.27,0.09598,0.04848,1.98,1.5837,1.0,16,不的中,0,16.5,0.0,1000.0,0.0,-1000.0,1231300.0,3700.0,0.0,-3700.0,973490.0
2026-06-14,12:55,202609030406,06,阪神,3歳以上1勝クラス,1勝クラス,1200,ダート,良,16,14,グラスゴー,田山旺佑,10.0,35.3,26.0,-26.35,-0.3058,0.0356,6.27,0.05398,0.03077,1.754,1.4035,2.0,6,不的中,0,26.0,0.0,1000.0,0.0,-1000.0,1230300.0,1600.0,0.0,-1600.0,973490.0
2026-06-14,14:25,202609030409,09,阪神,武庫川特別(2勝),2勝クラス,1200,芝,良,14,13,バンディート,角田大和,9.0,36.9,22.3,-39.57,-0.5036,0.0434,6.24,0.06083,0.03587,1.696,1.3565,1.0,13,不的中,0,22.3,0.0,1000.0,0.0,-1000.0,1229300.0,1700.0,0.0,-1700.0,971790.0
2026-06-14,15:01,202609030410,10,阪神,花のみちステークス(3勝),3勝クラス,1600,芝,良,14,6,ウォーターガーベラ,高杉吏麒,6.0,23.2,14.6,-37.07,-0.4631,0.07055,11.32,0.08855,0.05479,1.616,1.2928,1.0,4,不的中,0,14.6,0.0,1000.0,0.0,-1000.0,1228300.0,2100.0,0.0,-2100.0,969690.0
2026-06-14,15:25,202605030411,11,東京,パラダイスステークス(L),リステッド,1400,芝,良,14,6,マサノカナリア,吉田豊,9.0,27.7,23.9,-13.72,-0.1476,0.03809,11.46,0.0576,0.03347,1.721,1.3767,1.0,7,不的中,0,22.6,0.0,1000.0,0.0,-1000.0,1227300.0,1600.0,0.0,-1600.0,968090.0
2026-06-14,16:05,202602010212,12,函館,3歳以上1勝クラス,1勝クラス,1700,ダート,良,10,1,マジカルシャイン,富田暁,8.0,39.0,31.1,-20.26,-0.2264,0.02916,9.45,0.04367,0.02572,1.698,1.358,1.0,9,不的中,0,31.1,0.0,1000.0,0.0,-1000.0,1226300.0,1200.0,0.0,-1200.0,966890.0
2026-06-14,16:30,202609030412,12,阪神,リボン賞(3勝),3勝クラス,1200,ダート,重,16,2,プロミシングスター,藤懸貴志,8.0,31.2,27.5,-11.86,-0.1262,0.03219,21.99,0.04689,0.02909,1.612,1.2895,1.0,13,不的中,0,21.2,0.0,1000.0,0.0,-1000.0,1225300.0,1100.0,0.0,-1100.0,965790.0
2026-06-20,10:20,202602010302,02,函館,3歳未勝利,未勝利,1700,ダート,良,14,5,ダリアフレイバー,舟山瑠泉,11.0,111.3,82.4,-25.97,-0.3006,0.01151,4.3,0.02051,0.00971,2.112,1.6899,1.0,9,不的中,0,85.0,0.0,1000.0,0.0,-1000.0,1224300.0,900.0,0.0,-900.0,963990.0
2026-06-20,10:20,202602010302,02,函館,3歳未勝利,未勝利,1700,ダート,良,14,2,ティナンヴァランタ,古川吉洋,8.0,41.9,31.3,-25.3,-0.2917,0.03017,4.3,0.04002,0.02556,1.566,1.2525,2.0,8,不的中,0,30.0,0.0,1000.0,0.0,-1000.0,1223300.0,900.0,0.0,-900.0,963990.0
2026-06-20,10:50,202602010303,03,函館,3歳未勝利,未勝利,2000,芝,良,16,5,デイズインザサン,大久保友,12.0,115.3,99.5,-13.7,-0.1474,0.00846,4.63,0.01258,0.00804,1.565,1.2522,1.0,5,不的中,0,103.6,0.0,1000.0,0.0,-1000.0,1222300.0,300.0,0.0,-300.0,963690.0
2026-06-20,11:10,202605030503,03,東京,3歳未勝利,未勝利,1800,芝,稍重,16,6,カドドゥディエ,菊沢一樹,7.0,31.3,25.3,-19.17,-0.2128,0.03455,6.44,0.04998,0.03162,1.581,1.2645,1.0,9,不的中,0,23.9,0.0,1000.0,0.0,-1000.0,1221300.0,1100.0,0.0,-1100.0,961390.0
2026-06-20,11:10,202605030503,03,東京,3歳未勝利,未勝利,1800,芝,稍重,16,9,ペプチドドリーム,丸山元気,6.0,22.1,21.0,-4.98,-0.0511,0.03857,6.44,0.05882,0.0381,1.544,1.2353,2.0,2,不的中,0,20.9,0.0,1000.0,0.0,-1000.0,1220300.0,1200.0,0.0,-1200.0,961390.0
2026-06-20,13:30,202605030507,07,東京,3歳未勝利,未勝利,1400,ダート,不良,16,7,ジャメビュ,原優介,5.0,18.3,14.4,-21.31,-0.2397,0.07145,4.62,0.08835,0.05556,1.59,1.2722,1.0,4,不的中,0,13.5,0.0,1000.0,0.0,-1000.0,1219300.0,2000.0,0.0,-2000.0,959390.0
2026-06-20,15:10,202605030510,10,東京,相模湖特別(2勝),2勝クラス,1400,芝,稍重,14,14,ラージギャラリー,丸山元気,5.0,23.7,17.2,-27.43,-0.3206,0.06224,11.06,0.07632,0.04651,1.641,1.3127,1.0,1,的中,1,16.9,1690.0,1000.0,16900.0,15900.0,1235200.0,1900.0,32110.0,30210.0,987400.0
2026-06-20,15:10,202605030510,10,東京,相模湖特別(2勝),2勝クラス,1400,芝,稍重,14,9,アスミル,菊沢一樹,4.0,20.1,14.4,-28.36,-0.3335,0.07509,11.06,0.08999,0.05556,1.62,1.2959,2.0,4,不的中,0,12.8,0.0,1000.0,0.0,-1000.0,1234200.0,2200.0,0.0,-2200.0,987400.0
2026-06-20,15:20,202602010311,11,函館,STV杯(2勝),2勝クラス,1200,芝,良,16,9,スムースベルベット,長浜鴻緒,10.0,59.8,46.2,-22.74,-0.258,0.01969,9.85,0.02869,0.01732,1.657,1.3254,1.0,8,不的中,0,33.8,0.0,1000.0,0.0,-1000.0,1233200.0,800.0,0.0,-800.0,986600.0
2026-06-20,15:45,202605030511,11,東京,スレイプニルS(OP),オープン,2100,ダート,不良,15,9,スナークラファエロ,杉原誠人,8.0,44.0,31.4,-28.64,-0.3374,0.03504,17.51,0.05572,0.02548,2.187,1.7497,1.0,5,不的中,0,28.0,0.0,1000.0,0.0,-1000.0,1232200.0,2500.0,0.0,-2500.0,984100.0
2026-06-20,16:15,202609030512,12,阪神,3歳以上1勝クラス,1勝クラス,1600,芝,重,18,8,キシャール,吉村誠之,12.0,54.5,40.8,-25.14,-0.2895,0.02325,9.34,0.03726,0.01961,1.9,1.5202,1.0,2,不的中,0,40.8,0.0,1000.0,0.0,-1000.0,1231200.0,1300.0,0.0,-1300.0,982800.0
2026-06-21,12:40,202602010406,06,函館,3歳未勝利,未勝利,1700,ダート,良,13,1,ビナハイバン,横山琉人,9.0,28.4,20.4,-28.17,-0.3309,0.04305,4.65,0.06241,0.03922,1.591,1.2732,1.0,1,的中,1,16.8,1680.0,1000.0,16800.0,15800.0,1247000.0,1400.0,23520.0,22120.0,1004920.0
2026-06-21,15:10,202605030610,10,東京,多摩川ステークス(3勝),3勝クラス,1400,芝,稍重,16,3,エフォートレス,丸山元気,7.0,23.2,21.7,-6.47,-0.0668,0.03877,12.55,0.06083,0.03687,1.65,1.32,1.0,8,不的中,0,21.7,0.0,1000.0,0.0,-1000.0,1246000.0,1600.0,0.0,-1600.0,1003320.0
2026-06-21,15:20,202602010411,11,函館,UHB杯(3勝),3勝クラス,1200,芝,良,15,9,ルーフ,佐々木大,11.0,32.8,24.8,-24.39,-0.2796,0.0404,7.23,0.05966,0.03226,1.849,1.4795,1.0,5,不的中,0,18.4,0.0,1000.0,0.0,-1000.0,1245000.0,2100.0,0.0,-2100.0,1001220.0
2026-06-21,15:30,202609030611,11,阪神,第2回しらさぎステークス(GIII),G3,1600,芝,稍重,18,18,タガノエルピーダ,亀田温心,12.0,57.7,37.0,-35.88,-0.4443,0.03287,32.78,0.05882,0.02162,2.721,2.1764,1.0,12,不的中,0,37.0,0.0,1000.0,0.0,-1000.0,1244000.0,3300.0,0.0,-3300.0,992720.0
2026-06-21,15:30,202609030611,11,阪神,第2回しらさぎステークス(GIII),G3,1600,芝,稍重,18,1,スマートワイス,川田将雅,8.0,23.0,13.9,-39.57,-0.5036,0.09063,32.78,0.10274,0.05755,1.785,1.428,2.0,16,不的中,0,13.9,0.0,1000.0,0.0,-1000.0,1243000.0,3400.0,0.0,-3400.0,992720.0
2026-06-21,15:30,202609030611,11,阪神,第2回しらさぎステークス(GIII),G3,1600,芝,稍重,18,7,キープカルム,坂井瑠星,6.0,17.6,12.5,-28.98,-0.3422,0.09076,32.78,0.09639,0.064,1.506,1.2049,3.0,2,不的中,0,12.5,0.0,1000.0,0.0,-1000.0,1242000.0,1800.0,0.0,-1800.0,992720.0
2026-06-21,15:45,202605030611,11,東京,第74回府中牝馬ステークス(GIII),G3,1800,芝,稍重,16,2,ウイントワイライト,横山典弘,9.0,35.3,27.2,-22.95,-0.2607,0.04172,47.84,0.05955,0.02941,2.025,1.6197,1.0,2,不的中,0,22.7,0.0,1000.0,0.0,-1000.0,1241000.0,2400.0,0.0,-2400.0,988420.0
2026-06-21,15:45,202605030611,11,東京,第74回府中牝馬ステークス(GIII),G3,1800,芝,稍重,16,9,テリオスララ,ゴンサル,7.0,22.0,16.6,-24.55,-0.2816,0.06981,47.84,0.07761,0.04819,1.61,1.2884,2.0,16,不的中,0,15.0,0.0,1000.0,0.0,-1000.0,1240000.0,1900.0,0.0,-1900.0,988420.0
2026-06-27,10:20,202602010502,02,函館,3歳未勝利,未勝利,1000,ダート,不良,12,8,カレンココナ,斎藤新,6.0,18.0,13.0,-27.78,-0.3254,0.08123,4.56,0.09374,0.06154,1.523,1.2186,1.0,9,不的中,0,13.0,0.0,1000.0,0.0,-1000.0,1239000.0,1900.0,0.0,-1900.0,986520.0
2026-06-27,10:40,202603020102,02,福島,3歳未勝利,未勝利,1700,ダート,稍重,15,9,フロムドーン,石田拓郎,5.0,22.7,13.3,-41.41,-0.5346,0.06871,5.83,0.09229,0.06015,1.534,1.2275,1.0,7,不的中,0,13.3,0.0,1000.0,0.0,-1000.0,1238000.0,1900.0,0.0,-1900.0,984620.0
2026-06-27,11:00,202610020103,03,小倉,3歳未勝利,未勝利,1800,芝,重,16,3,ゴールデンテティス,加藤祥太,7.0,40.7,24.7,-39.31,-0.4994,0.03851,4.94,0.08071,0.03239,2.492,1.9935,1.0,2,不的中,0,24.7,0.0,1000.0,0.0,-1000.0,1237000.0,4200.0,0.0,-4200.0,980420.0
2026-06-27,11:15,202603020103,03,福島,3歳以上1勝クラス,1勝クラス,1700,ダート,稍重,15,2,ラフレードピエル,江田照男,11.0,60.1,35.8,-40.43,-0.5181,0.03317,5.71,0.06484,0.02235,2.901,2.3212,1.0,6,不的中,0,35.8,0.0,1000.0,0.0,-1000.0,1236000.0,3800.0,0.0,-3800.0,974520.0
2026-06-27,11:15,202603020103,03,福島,3歳以上1勝クラス,1勝クラス,1700,ダート,稍重,15,4,タイセツナヒ,原優介,12.0,72.9,55.5,-23.87,-0.2727,0.01847,5.71,0.02794,0.01441,1.938,1.5505,2.0,5,不的中,0,55.5,0.0,1000.0,0.0,-1000.0,1235000.0,1000.0,0.0,-1000.0,974520.0
2026-06-27,11:15,202603020103,03,福島,3歳以上1勝クラス,1勝クラス,1700,ダート,稍重,15,6,サムシングニュー,石神深道,7.0,23.5,20.2,-14.04,-0.1513,0.04597,5.71,0.05955,0.0396,1.504,1.2029,3.0,2,不的中,0,20.2,0.0,1000.0,0.0,-1000.0,1234000.0,1100.0,0.0,-1100.0,974520.0
2026-06-27,13:10,202602010507,07,函館,3歳以上1勝クラス,1勝クラス,2000,芝,稍重,11,5,ディーリライズ,浜中俊,6.0,23.6,21.4,-9.32,-0.0979,0.03833,6.09,0.05966,0.03738,1.596,1.2767,1.0,3,不的中,0,18.9,0.0,1000.0,0.0,-1000.0,1233000.0,1400.0,0.0,-1400.0,973120.0
2026-06-27,14:35,202603020109,09,福島,さくらんぼ特別(2勝),2勝クラス,1150,ダート,稍重,16,9,アメリカンチケット,小崎綾也,11.0,87.7,64.9,-26.0,-0.3011,0.01579,7.61,0.01983,0.01233,1.609,1.287,1.0,1,的中,1,61.6,6160.0,1000.0,61600.0,60600.0,1293600.0,500.0,30800.0,30300.0,1003420.0
2026-06-27,14:55,202610020110,10,小倉,宗像特別(2勝),2勝クラス,1200,芝,稍重,13,12,クォーツァイト,高杉吏麒,9.0,41.7,29.0,-30.46,-0.3632,0.03161,7.43,0.05413,0.02759,1.962,1.5697,1.0,11,不的中,0,22.2,0.0,1000.0,0.0,-1000.0,1292600.0,2100.0,0.0,-2100.0,1000220.0
2026-06-27,14:55,202610020110,10,小倉,宗像特別(2勝),2勝クラス,1200,芝,稍重,13,3,メイショウミリオレ,菱田裕二,10.0,27.7,23.4,-15.52,-0.1687,0.03643,7.43,0.05264,0.03419,1.54,1.2318,2.0,9,不的中,0,22.7,0.0,1000.0,0.0,-1000.0,1291600.0,1100.0,0.0,-1100.0,1000220.0
2026-06-27,15:20,202602010511,11,函館,青函ステークス(OP),オープン,1200,芝,稍重,14,6,クファシル,北村友一,11.0,52.5,47.2,-10.1,-0.1064,0.01835,14.77,0.0276,0.01695,1.628,1.3026,1.0,9,不的中,0,47.2,0.0,1000.0,0.0,-1000.0,1290600.0,700.0,0.0,-700.0,999520.0
2026-06-27,15:30,202610020111,11,小倉,薩摩ステークス(3勝),3勝クラス,1700,ダート,重,15,8,プロミシングスター,団野大成,10.0,32.5,24.6,-24.31,-0.2785,0.037,11.82,0.05767,0.03252,1.773,1.4186,1.0,10,不的中,0,24.6,0.0,1000.0,0.0,-1000.0,1289600.0,1800.0,0.0,-1800.0,996520.0
2026-06-27,15:30,202610020111,11,小倉,薩摩ステークス(3勝),3勝クラス,1700,ダート,重,15,7,カネトシゴウト,田口貫太,9.0,26.8,21.9,-18.28,-0.2019,0.04022,11.82,0.05642,0.03653,1.544,1.2355,2.0,14,不的中,0,21.9,0.0,1000.0,0.0,-1000.0,1288600.0,1200.0,0.0,-1200.0,996520.0
2026-06-27,16:30,202603020112,12,福島,3歳以上1勝クラス,1勝クラス,1200,芝,良,16,7,ラブリーガール,吉田豊,6.0,26.2,15.0,-42.75,-0.5577,0.0753,12.47,0.09063,0.05333,1.699,1.3595,1.0,3,不的中,0,15.0,0.0,1000.0,0.0,-1000.0,1287600.0,2600.0,0.0,-2600.0,991920.0
2026-06-27,16:30,202603020112,12,福島,3歳以上1勝クラス,1勝クラス,1200,芝,良,16,4,テルケンレンスキー,木幡初也,5.0,19.4,13.4,-30.93,-0.37,0.07753,12.47,0.09229,0.0597,1.546,1.2367,2.0,9,不的中,0,13.4,0.0,1000.0,0.0,-1000.0,1286600.0,2000.0,0.0,-2000.0,991920.0
2026-06-28,10:20,202602010602,02,函館,3歳未勝利,未勝利,1700,ダート,稍重,14,8,サンオブザサン,斎藤新,8.0,81.7,58.9,-27.91,-0.3272,0.01639,5.03,0.02142,0.01358,1.577,1.2615,1.0,2,不的中,0,32.3,0.0,1000.0,0.0,-1000.0,1285600.0,500.0,0.0,-500.0,991420.0
2026-06-28,11:20,202602010604,04,函館,3歳未勝利,未勝利,2600,芝,良,16,4,ウインブリザード,岩田康誠,8.0,36.0,24.1,-33.06,-0.4013,0.04155,4.82,0.08185,0.0332,2.466,1.9726,1.0,10,不的中,0,24.1,0.0,1000.0,0.0,-1000.0,1284600.0,4200.0,0.0,-4200.0,987220.0
2026-06-28,11:45,202603020204,04,福島,2歳新馬,新馬,1200,芝,良,14,7,スペシャルサンクス,嶋田純次,9.0,48.2,44.6,-7.47,-0.0776,0.01855,5.79,0.02801,0.01794,1.562,1.2492,1.0,3,不的中,0,44.6,0.0,1000.0,0.0,-1000.0,1283600.0,600.0,0.0,-600.0,986620.0
2026-06-28,13:01,202603020206,06,福島,3歳未勝利,未勝利,1150,ダート,良,16,4,スカット,佐藤翔馬,6.0,17.2,13.7,-20.35,-0.2275,0.06393,5.54,0.09742,0.05839,1.668,1.3347,1.0,5,不的中,0,11.7,0.0,1000.0,0.0,-1000.0,1282600.0,2700.0,0.0,-2700.0,983920.0
2026-06-28,13:10,202602010607,07,函館,3歳以上1勝クラス,1勝クラス,1700,ダート,稍重,10,3,キタノサリスカ,和田陽希,8.0,53.9,48.4,-10.2,-0.1076,0.01701,5.24,0.02747,0.01653,1.662,1.3294,1.0,6,不的中,0,43.7,0.0,1000.0,0.0,-1000.0,1281600.0,700.0,0.0,-700.0,983220.0
2026-06-28,15:10,202603020210,10,福島,鶴ヶ城ステークス(3勝),3勝クラス,1700,ダート,良,11,7,ラフエイジアン,ゴンサル,5.0,22.2,15.4,-30.63,-0.3657,0.07061,8.55,0.08185,0.05195,1.576,1.2605,1.0,9,不的中,0,12.8,0.0,1000.0,0.0,-1000.0,1280600.0,1800.0,0.0,-1800.0,981420.0
2026-06-28,15:20,202602010611,11,函館,第62回函館記念(GIII),G3,2000,芝,良,15,3,ピースワンデュック,佐々木大,9.0,20.6,12.2,-40.78,-0.5239,0.11129,33.64,0.10315,0.06557,1.573,1.2584,1.0,3,不的中,0,12.2,0.0,1000.0,0.0,-1000.0,1279600.0,2300.0,0.0,-2300.0,976420.0
2026-06-28,15:20,202602010611,11,函館,第62回函館記念(GIII),G3,2000,芝,良,15,10,ケリフレッドアスク,北村友一,7.0,16.0,10.3,-35.62,-0.4404,0.12493,33.64,0.1212,0.07767,1.56,1.2483,2.0,2,不的中,0,10.3,0.0,1000.0,0.0,-1000.0,1278600.0,2700.0,0.0,-2700.0,976420.0
2026-06-28,15:30,202610020211,11,小倉,紫川ステークス(3勝),3勝クラス,1200,芝,良,8,5,テーオーダヴィンチ,幸英明,7.0,32.4,22.4,-30.86,-0.3691,0.04264,9.54,0.0579,0.03571,1.621,1.297,1.0,1,的中,1,22.4,2240.0,1000.0,22400.0,21400.0,1300000.0,1400.0,31360.0,29960.0,1006380.0
2026-06-28,15:45,202603020211,11,福島,第75回ラジオNIKKEI賞(GIII),G3,1800,芝,良,16,11,コロナドブリッジ,三浦皇成,12.0,49.3,30.8,-37.53,-0.4704,0.04823,40.26,0.06083,0.02597,2.342,1.8736,1.0,15,不的中,0,27.2,0.0,1000.0,0.0,-1000.0,1299000.0,3000.0,0.0,-3000.0,1002180.0
2026-06-28,15:45,202603020211,11,福島,第75回ラジオNIKKEI賞(GIII),G3,1800,芝,良,16,4,サイモンシャリオ,田口貫太,14.0,70.0,62.8,-10.29,-0.1085,0.01574,40.26,0.0276,0.01274,2.166,1.7332,2.0,6,不的中,0,59.5,0.0,1000.0,0.0,-1000.0,1298000.0,1200.0,0.0,-1200.0,1002180.0
2026-06-28,16:15,202610020212,12,小倉,3歳以上1勝クラス,1勝クラス,1700,ダート,稍重,16,11,バトゥカーダ,秋山稔樹,4.0,13.5,11.8,-12.59,-0.1346,0.07161,10.61,0.10658,0.0678,1.572,1.2576,1.0,10,不的中,0,9.6,0.0,1000.0,0.0,-1000.0,1297000.0,2400.0,0.0,-2400.0,999780.0
2026-06-28,16:30,202603020212,12,福島,3歳以上1勝クラス,1勝クラス,1150,ダート,良,14,11,フクチャンヒメ,小崎綾也,10.0,94.2,67.9,-27.92,-0.3274,0.01462,17.85,0.02086,0.01178,1.77,1.4162,1.0,6,不的中,0,67.9,0.0,1000.0,0.0,-1000.0,1296000.0,700.0,0.0,-700.0,999080.0
2026-07-04,09:50,202602010701,01,函館,2歳未勝利,未勝利,1200,芝,良,9,5,トーセンルルド,佐々木大,4.0,14.3,10.2,-28.67,-0.3379,0.10959,2.92,0.1224,0.07843,1.561,1.2485,1.0,3,不的中,0,10.0,0.0,1000.0,0.0,-1000.0,1295000.0,2700.0,0.0,-2700.0,996380.0
2026-07-04,11:20,202602010704,04,函館,3歳未勝利,未勝利,1200,芝,良,16,12,オリヒメボシ,舟山瑠泉,8.0,40.2,24.9,-38.06,-0.479,0.03635,6.13,0.06291,0.03213,1.958,1.5664,1.0,8,不的中,0,24.9,0.0,1000.0,0.0,-1000.0,1294000.0,2400.0,0.0,-2400.0,991580.0
2026-07-04,11:20,202602010704,04,函館,3歳未勝利,未勝利,1200,芝,良,16,5,ディサイドオンミー,大久保友,7.0,28.3,18.4,-34.98,-0.4305,0.04872,6.13,0.07706,0.04348,1.772,1.4179,2.0,5,不的中,0,18.4,0.0,1000.0,0.0,-1000.0,1293000.0,2400.0,0.0,-2400.0,991580.0
2026-07-04,11:30,202610020304,04,小倉,3歳未勝利,未勝利,1700,ダート,不良,16,14,セントピュアベース,松若風馬,7.0,29.9,27.2,-9.03,-0.0946,0.03071,5.45,0.06291,0.02941,2.139,1.7111,1.0,10,不的中,0,27.2,0.0,1000.0,0.0,-1000.0,1292000.0,2700.0,0.0,-2700.0,986580.0
2026-07-04,11:30,202610020304,04,小倉,3歳未勝利,未勝利,1700,ダート,不良,16,11,ヴォメロ,松山弘平,6.0,25.9,24.2,-6.56,-0.0679,0.0341,5.45,0.06291,0.03306,1.903,1.5223,2.0,4,不的中,0,24.2,0.0,1000.0,0.0,-1000.0,1291000.0,2300.0,0.0,-2300.0,986580.0
2026-07-04,13:30,202603020307,07,福島,3歳未勝利,未勝利,2000,芝,良,16,16,スターリットフレア,杉原誠人,7.0,26.7,24.9,-6.74,-0.0698,0.03278,5.6,0.0543,0.03213,1.69,1.3521,1.0,16,不的中,0,24.9,0.0,1000.0,0.0,-1000.0,1290000.0,1500.0,0.0,-1500.0,985080.0
2026-07-04,16:30,202603020312,12,福島,3歳以上1勝クラス,1勝クラス,1200,芝,良,16,16,ロンドンアームズ,田辺裕信,8.0,19.8,15.1,-23.74,-0.271,0.0648,11.26,0.08276,0.05298,1.562,1.2496,1.0,3,不的中,0,15.0,0.0,1000.0,0.0,-1000.0,1289000.0,1800.0,0.0,-1800.0,983280.0
2026-07-05,09:55,202603020401,01,福島,3歳未勝利,未勝利,1700,ダート,良,15,11,デルマザオウ,小崎綾也,7.0,17.3,12.0,-30.64,-0.3658,0.08502,2.96,0.10127,0.06667,1.519,1.2152,1.0,2,不的中,0,12.3,0.0,1000.0,0.0,-1000.0,1288000.0,2000.0,0.0,-2000.0,981280.0
2026-07-05,10:30,202603020402,02,福島,3歳未勝利,未勝利,1200,芝,良,16,1,ハルカオル,木幡巧也,9.0,22.3,18.8,-15.7,-0.1707,0.04459,4.76,0.06877,0.04255,1.616,1.2928,1.0,6,不的中,0,19.2,0.0,1000.0,0.0,-1000.0,1287000.0,1700.0,0.0,-1700.0,978080.0
2026-07-05,10:30,202603020402,02,福島,3歳未勝利,未勝利,1200,芝,良,16,5,ホカミテダメ,丸田恭介,10.0,42.1,20.3,-51.78,-0.7294,0.04986,4.76,0.06315,0.03941,1.602,1.2819,2.0,15,不的中,0,20.6,0.0,1000.0,0.0,-1000.0,1286000.0,1500.0,0.0,-1500.0,978080.0
2026-07-05,11:20,202602010804,04,函館,3歳未勝利,未勝利,1200,芝,良,16,9,プリュスエクラ,鮫島克駿,7.0,23.8,18.6,-21.85,-0.2465,0.04675,5.11,0.08754,0.04301,2.035,1.6283,1.0,8,不的中,0,14.2,0.0,1000.0,0.0,-1000.0,1285000.0,3500.0,0.0,-3500.0,974580.0
2026-07-05,14:01,202603020408,08,福島,3歳以上1勝クラス,1勝クラス,1800,芝,良,12,12,ティティナ,石神深道,6.0,27.5,21.6,-21.45,-0.2415,0.04776,4.89,0.06643,0.03704,1.793,1.4348,1.0,9,不的中,0,21.9,0.0,1000.0,0.0,-1000.0,1284000.0,2100.0,0.0,-2100.0,972480.0
2026-07-05,14:25,202603020409,09,福島,郡山特別(2勝),2勝クラス,1200,芝,良,16,15,ホウオウブースター,丸田恭介,13.0,87.6,79.8,-8.9,-0.0933,0.01066,8.03,0.01736,0.01003,1.732,1.3853,1.0,7,不的中,0,79.8,0.0,1000.0,0.0,-1000.0,1283000.0,500.0,0.0,-500.0,971980.0
2026-07-05,16:15,202603020412,12,福島,3歳以上1勝クラス,1勝クラス,1150,ダート,良,15,12,レインボーラッキー,小林脩斗,10.0,68.4,43.7,-36.11,-0.448,0.02188,12.73,0.0416,0.01831,2.272,1.8177,1.0,5,不的中,0,43.7,0.0,1000.0,0.0,-1000.0,1282000.0,1900.0,0.0,-1900.0,966280.0
2026-07-05,16:15,202603020412,12,福島,3歳以上1勝クラス,1勝クラス,1150,ダート,良,15,13,ゼファーテソーロ,菊沢一樹,6.0,25.8,12.4,-51.94,-0.7327,0.08281,12.73,0.11629,0.06452,1.802,1.4419,2.0,3,不的中,0,12.4,0.0,1000.0,0.0,-1000.0,1281000.0,3800.0,0.0,-3800.0,966280.0
2026-07-05,16:30,202610020412,12,小倉,3歳以上1勝クラス,1勝クラス,1700,ダート,不良,16,7,ゴールデンスラム,吉村誠之,8.0,31.3,23.6,-24.6,-0.2824,0.04365,15.22,0.06291,0.0339,1.856,1.4846,1.0,10,不的中,0,24.8,0.0,1000.0,0.0,-1000.0,1280000.0,2100.0,0.0,-2100.0,964180.0
2026-07-11,09:50,202602010901,01,函館,2歳未勝利,未勝利,1000,ダート,稍重,11,8,ベイビーブラザー,吉田隼人,5.0,30.0,23.7,-21.0,-0.2357,0.04171,3.71,0.06501,0.03376,1.926,1.5407,1.0,5,不的中,0,19.8,0.0,1000.0,0.0,-1000.0,1279000.0,2300.0,0.0,-2300.0,960480.0
2026-07-11,09:50,202602010901,01,函館,2歳未勝利,未勝利,1000,ダート,稍重,11,3,ラストモーメント,古川吉洋,6.0,63.7,34.2,-46.31,-0.622,0.03616,3.71,0.04245,0.02339,1.815,1.4518,2.0,6,不的中,0,33.2,0.0,1000.0,0.0,-1000.0,1278000.0,1400.0,0.0,-1400.0,960480.0
2026-07-11,10:40,202603020502,02,福島,3歳未勝利,未勝利,1700,ダート,良,15,11,ゼフィリア,原優介,7.0,24.8,21.6,-12.9,-0.1382,0.03959,3.93,0.05947,0.03704,1.606,1.2845,1.0,10,不的中,0,16.9,0.0,1000.0,0.0,-1000.0,1277000.0,1400.0,0.0,-1400.0,959080.0
2026-07-11,10:50,202602010903,03,函館,3歳未勝利,未勝利,1200,芝,稍重,16,7,テイクマイハート,長浜鴻緒,10.0,32.9,26.6,-19.15,-0.2126,0.03229,4.74,0.06291,0.03008,2.092,1.6733,1.0,10,不的中,0,25.3,0.0,1000.0,0.0,-1000.0,1276000.0,2600.0,0.0,-2600.0,952180.0
2026-07-11,10:50,202602010903,03,函館,3歳未勝利,未勝利,1200,芝,稍重,16,3,スピットブレイク,池添謙一,9.0,37.6,24.2,-35.64,-0.4407,0.03795,4.74,0.06291,0.03306,1.903,1.5223,2.0,8,不的中,0,21.8,0.0,1000.0,0.0,-1000.0,1275000.0,2200.0,0.0,-2200.0,952180.0
2026-07-11,10:50,202602010903,03,函館,3歳未勝利,未勝利,1200,芝,稍重,16,5,スノーガーネット,横山琉人,8.0,30.7,19.8,-35.5,-0.4386,0.04636,4.74,0.07077,0.0404,1.751,1.4012,3.0,2,不的中,0,20.0,0.0,1000.0,0.0,-1000.0,1274000.0,2100.0,0.0,-2100.0,952180.0
2026-07-11,11:20,202602010904,04,函館,3歳未勝利,未勝利,1800,芝,稍重,14,8,メメボス,古川吉洋,11.0,56.2,47.7,-15.12,-0.164,0.01814,3.72,0.03227,0.01677,1.924,1.5392,1.0,8,不的中,0,44.7,0.0,1000.0,0.0,-1000.0,1273000.0,1100.0,0.0,-1100.0,949980.0
2026-07-11,11:20,202602010904,04,函館,3歳未勝利,未勝利,1800,芝,稍重,14,13,セイントクーヤ,長浜鴻緒,10.0,60.7,45.9,-24.38,-0.2795,0.01977,3.72,0.03227,0.01743,1.851,1.4811,2.0,9,不的中,0,43.9,0.0,1000.0,0.0,-1000.0,1272000.0,1100.0,0.0,-1100.0,949980.0
2026-07-11,12:20,202610020505,05,小倉,2歳新馬,新馬,1800,芝,良,12,11,ココフルール,角田大和,4.0,21.9,11.9,-45.66,-0.6099,0.09176,5.19,0.11345,0.06723,1.688,1.35,1.0,8,不的中,0,11.8,0.0,1000.0,0.0,-1000.0,1271000.0,3100.0,0.0,-3100.0,946880.0
2026-07-11,12:40,202602010906,06,函館,3歳未勝利,未勝利,1700,ダート,重,11,2,サクセスブルー,舟山瑠泉,7.0,82.0,31.9,-61.1,-0.9441,0.023,4.34,0.03886,0.02508,1.55,1.2397,1.0,4,不的中,0,32.0,0.0,1000.0,0.0,-1000.0,1270000.0,800.0,0.0,-800.0,946080.0
2026-07-11,12:50,202610020506,06,小倉,3歳未勝利,未勝利,1200,芝,良,18,5,リントゥラウル,酒井学,6.0,20.9,14.4,-31.1,-0.3725,0.06367,5.21,0.10336,0.05556,1.861,1.4884,1.0,11,不的中,0,14.6,0.0,1000.0,0.0,-1000.0,1269000.0,3500.0,0.0,-3500.0,942580.0
2026-07-11,13:20,202610020507,07,小倉,3歳以上1勝クラス,1勝クラス,1800,芝,良,12,11,サントルドパリ,角田大和,7.0,25.6,20.9,-18.36,-0.2028,0.04057,5.26,0.06291,0.03828,1.643,1.3147,1.0,11,不的中,0,21.3,0.0,1000.0,0.0,-1000.0,1268000.0,1500.0,0.0,-1500.0,941080.0
2026-07-11,14:00,202603020508,08,福島,3歳以上1勝クラス,1勝クラス,1150,ダート,良,16,15,マサノピンクレディ,石田拓郎,7.0,17.2,12.9,-25.0,-0.2877,0.06761,7.72,0.10024,0.06202,1.616,1.2931,1.0,10,不的中,0,13.0,0.0,1000.0,0.0,-1000.0,1267000.0,2400.0,0.0,-2400.0,938680.0
2026-07-11,14:10,202602010909,09,函館,北斗特別(1勝),1勝クラス,2000,芝,稍重,10,5,メイショウソラリス,松本大輝,7.0,25.5,21.1,-17.25,-0.1894,0.04111,4.93,0.06643,0.03791,1.752,1.4016,1.0,7,不的中,0,17.9,0.0,1000.0,0.0,-1000.0,1266000.0,1900.0,0.0,-1900.0,936780.0
2026-07-11,14:55,202610020510,10,小倉,耶馬渓特別(2勝),2勝クラス,1200,芝,良,18,9,サンライズプルート,富田暁,17.0,158.4,149.8,-5.43,-0.0558,0.00543,8.16,0.01736,0.00534,3.251,2.6005,1.0,7,不的中,0,149.9,0.0,1000.0,0.0,-1000.0,1265000.0,1100.0,0.0,-1100.0,932580.0
2026-07-11,14:55,202610020510,10,小倉,耶馬渓特別(2勝),2勝クラス,1200,芝,良,18,4,ニホンピロトッティ,菱田裕二,9.0,60.2,32.0,-46.84,-0.6319,0.03206,8.16,0.06291,0.025,2.516,2.013,2.0,10,不的中,0,32.1,0.0,1000.0,0.0,-1000.0,1264000.0,3100.0,0.0,-3100.0,932580.0
2026-07-11,15:10,202603020510,10,福島,会津ステークス(3勝),3勝クラス,1200,芝,良,9,4,ズバットマサムネ,小崎綾也,8.0,45.9,29.4,-35.95,-0.4455,0.03831,7.84,0.05947,0.02721,2.185,1.7484,1.0,7,不的中,0,29.4,0.0,1000.0,0.0,-1000.0,1263000.0,2500.0,0.0,-2500.0,927080.0
2026-07-11,15:10,202603020510,10,福島,会津ステークス(3勝),3勝クラス,1200,芝,良,9,5,スマイルアップ,松岡正海,4.0,17.1,10.7,-37.43,-0.4688,0.10651,7.84,0.1224,0.07477,1.637,1.3097,2.0,3,不的中,0,10.7,0.0,1000.0,0.0,-1000.0,1262000.0,3000.0,0.0,-3000.0,927080.0
2026-07-11,15:45,202603020511,11,福島,安達太良ステークス(OP),オープン,1200,芝,良,9,2,シークレットヴァウ,武藤雅,7.0,21.9,16.7,-23.74,-0.2711,0.06552,14.24,0.08058,0.0479,1.682,1.3457,1.0,9,不的中,0,16.7,0.0,1000.0,0.0,-1000.0,1261000.0,2100.0,0.0,-2100.0,924980.0
2026-07-11,16:15,202610020512,12,小倉,3歳以上1勝クラス,1勝クラス,1200,芝,良,16,16,セクシーマージュ,川須栄彦,5.0,21.4,14.8,-30.84,-0.3688,0.06788,8.41,0.08432,0.05405,1.56,1.248,1.0,3,不的中,0,11.5,0.0,1000.0,0.0,-1000.0,1260000.0,1700.0,0.0,-1700.0,923280.0
2026-07-11,16:30,202603020512,12,福島,3歳以上1勝クラス,1勝クラス,1700,ダート,良,15,11,アジアントレジャー,吉田豊,11.0,57.8,49.5,-14.36,-0.155,0.01848,10.49,0.02531,0.01616,1.566,1.2529,1.0,14,不的中,0,39.0,0.0,1000.0,0.0,-1000.0,1259000.0,500.0,0.0,-500.0,922780.0
2026-07-12,09:55,202610020601,01,小倉,3歳未勝利,未勝利,1200,芝,良,17,7,ピンクパンサー,加藤祥太,7.0,33.1,16.4,-50.45,-0.7023,0.0687,3.63,0.08486,0.04878,1.74,1.3917,1.0,14,不的中,0,16.4,0.0,1000.0,0.0,-1000.0,1258000.0,2400.0,0.0,-2400.0,920380.0
2026-07-12,10:30,202610020602,02,小倉,3歳未勝利,未勝利,1000,ダート,良,14,2,ペコリズム,幸英明,9.0,63.0,37.0,-41.27,-0.5322,0.0266,5.02,0.03653,0.02162,1.689,1.3515,1.0,6,不的中,0,37.0,0.0,1000.0,0.0,-1000.0,1257000.0,900.0,0.0,-900.0,919480.0
2026-07-12,10:50,202602011003,03,函館,3歳未勝利,未勝利,1700,ダート,不良,14,3,コーリンクレア,横山和生,3.0,26.9,17.4,-35.32,-0.4357,0.05244,4.6,0.07141,0.04598,1.553,1.2426,1.0,7,不的中,0,11.0,0.0,1000.0,0.0,-1000.0,1256000.0,1400.0,0.0,-1400.0,918080.0
2026-07-12,11:10,202603020603,03,福島,3歳未勝利,未勝利,2000,芝,稍重,16,3,ウインベルチェーロ,原優介,10.0,86.3,72.1,-16.45,-0.1798,0.01236,4.5,0.02171,0.0111,1.957,1.5654,1.0,9,不的中,0,72.1,0.0,1000.0,0.0,-1000.0,1255000.0,800.0,0.0,-800.0,915680.0
2026-07-12,11:10,202603020603,03,福島,3歳未勝利,未勝利,2000,芝,稍重,16,13,ブライスフェアリー,松岡正海,7.0,33.0,19.5,-40.91,-0.5261,0.0541,4.5,0.06712,0.04103,1.636,1.3088,2.0,2,不的中,0,19.5,0.0,1000.0,0.0,-1000.0,1254000.0,1600.0,0.0,-1600.0,915680.0
2026-07-12,12:10,202602011005,05,函館,2歳新馬,新馬,1800,芝,重,10,2,トルネードサンダー,吉田隼人,8.0,37.3,27.9,-25.2,-0.2904,0.03732,6.87,0.06086,0.02867,2.122,1.6979,1.0,5,不的中,0,26.8,0.0,1000.0,0.0,-1000.0,1253000.0,2400.0,0.0,-2400.0,913280.0
2026-07-12,13:40,202602011008,08,函館,3歳以上1勝クラス,1勝クラス,2400,ダート,不良,11,1,ブレイクザアイス,黛弘人,8.0,49.1,21.6,-56.01,-0.8212,0.04558,5.12,0.06315,0.03704,1.705,1.3639,1.0,7,不的中,0,20.0,0.0,1000.0,0.0,-1000.0,1252000.0,1700.0,0.0,-1700.0,910280.0
2026-07-12,13:40,202602011008,08,函館,3歳以上1勝クラス,1勝クラス,2400,ダート,不良,11,3,シドニーホバート,斎藤新,9.0,37.8,27.8,-26.46,-0.3073,0.0316,5.12,0.04881,0.02878,1.696,1.357,2.0,9,不的中,0,28.1,0.0,1000.0,0.0,-1000.0,1251000.0,1300.0,0.0,-1300.0,910280.0
2026-07-12,14:00,202603020608,08,福島,3歳以上1勝クラス,1勝クラス,1200,芝,稍重,12,9,ホウオウショコラ,上里直汰,9.0,29.5,22.7,-23.05,-0.262,0.03851,6.26,0.08337,0.03524,2.366,1.8926,1.0,3,不的中,0,20.3,0.0,1000.0,0.0,-1000.0,1250000.0,3800.0,0.0,-3800.0,904280.0
2026-07-12,14:00,202603020608,08,福島,3歳以上1勝クラス,1勝クラス,1200,芝,稍重,12,11,ザバルガド,池添謙一,7.0,22.2,18.2,-18.02,-0.1987,0.04698,6.26,0.07764,0.04396,1.766,1.4131,2.0,7,不的中,0,17.4,0.0,1000.0,0.0,-1000.0,1249000.0,2200.0,0.0,-2200.0,904280.0
2026-07-12,14:10,202602011009,09,函館,北海ハンデキャップ(2勝),2勝クラス,1800,芝,重,14,3,バルティカ,鮫島克駿,8.0,23.8,19.8,-16.81,-0.184,0.04505,8.43,0.06291,0.0404,1.557,1.2455,1.0,9,不的中,0,19.5,0.0,1000.0,0.0,-1000.0,1248000.0,1200.0,0.0,-1200.0,901880.0
2026-07-12,14:10,202602011009,09,函館,北海ハンデキャップ(2勝),2勝クラス,1800,芝,重,14,14,ラブリーリディア,小沢大仁,9.0,22.1,19.5,-11.76,-0.1252,0.04427,8.43,0.06291,0.04103,1.533,1.2267,2.0,11,不的中,0,19.6,0.0,1000.0,0.0,-1000.0,1247000.0,1200.0,0.0,-1200.0,901880.0
2026-07-12,14:35,202603020609,09,福島,織姫賞(1勝),1勝クラス,1800,芝,稍重,14,8,テンドリームガール,石橋脩,13.0,140.2,119.5,-14.76,-0.1598,0.00744,7.33,0.01363,0.00669,2.035,1.6283,1.0,13,不的中,0,119.5,0.0,1000.0,0.0,-1000.0,1246000.0,500.0,0.0,-500.0,900780.0
2026-07-12,14:35,202603020609,09,福島,織姫賞(1勝),1勝クラス,1800,芝,稍重,14,9,ノーブルクラウド,吉田豊,11.0,62.5,49.9,-20.16,-0.2251,0.01854,7.33,0.02623,0.01603,1.636,1.309,2.0,8,不的中,0,49.9,0.0,1000.0,0.0,-1000.0,1245000.0,600.0,0.0,-600.0,900780.0
2026-07-12,14:55,202610020610,10,小倉,西部スポニチ賞(2勝),2勝クラス,2000,芝,良,11,9,オデット,田口貫太,8.0,54.2,37.4,-31.0,-0.371,0.02389,7.43,0.03909,0.02139,1.827,1.4619,1.0,3,不的中,0,37.4,0.0,1000.0,0.0,-1000.0,1244000.0,1200.0,0.0,-1200.0,899580.0
2026-07-12,15:10,202603020610,10,福島,天の川ステークス(3勝),3勝クラス,1700,ダート,稍重,11,8,オンザライン,小崎綾也,8.0,42.2,32.7,-22.51,-0.255,0.03014,9.23,0.04469,0.02446,1.827,1.4615,1.0,3,不的中,0,32.7,0.0,1000.0,0.0,-1000.0,1243000.0,1400.0,0.0,-1400.0,898180.0
2026-07-12,15:30,202610020611,11,小倉,阿蘇ステークス(OP),オープン,1700,ダート,良,11,5,スナークラファエロ,団野大成,5.0,18.1,11.9,-34.25,-0.4194,0.08598,12.66,0.11553,0.06723,1.719,1.3748,1.0,2,不的中,0,10.7,0.0,1000.0,0.0,-1000.0,1242000.0,3100.0,0.0,-3100.0,893480.0
2026-07-12,15:30,202610020611,11,小倉,阿蘇ステークス(OP),オープン,1700,ダート,良,11,8,メイショウズイウン,太宰啓介,8.0,21.9,17.3,-21.0,-0.2358,0.05418,12.66,0.07363,0.04624,1.592,1.2738,2.0,6,不的中,0,16.2,0.0,1000.0,0.0,-1000.0,1241000.0,1600.0,0.0,-1600.0,893480.0
2026-07-12,15:45,202603020611,11,福島,第62回七夕賞(GIII),G3,2000,芝,稍重,16,1,ボーンディスウェイ,丸山元気,14.0,51.4,46.6,-9.34,-0.098,0.02094,41.65,0.03102,0.01717,1.807,1.4457,1.0,5,不的中,0,45.6,0.0,1000.0,0.0,-1000.0,1240000.0,900.0,0.0,-900.0,891280.0
2026-07-12,15:45,202603020611,11,福島,第62回七夕賞(GIII),G3,2000,芝,稍重,16,5,オーロラエックス,坂井瑠星,11.0,34.1,30.8,-9.68,-0.1018,0.03189,41.65,0.04598,0.02597,1.77,1.4163,2.0,8,不的中,0,31.1,0.0,1000.0,0.0,-1000.0,1239000.0,1300.0,0.0,-1300.0,891280.0
2026-07-12,16:15,202610020612,12,小倉,3歳以上1勝クラス,1勝クラス,1200,芝,良,17,6,ジュエルハウス,永島まな,13.0,94.2,88.7,-5.84,-0.0602,0.0093,11.11,0.01434,0.00902,1.59,1.2721,1.0,11,不的中,0,88.7,0.0,1000.0,0.0,-1000.0,1238000.0,300.0,0.0,-300.0,890980.0
2026-07-12,16:30,202603020612,12,福島,彦星賞(2勝),2勝クラス,1150,ダート,稍重,16,7,ラーナローザ,木幡巧也,6.0,32.9,16.8,-48.94,-0.6721,0.06794,17.71,0.08904,0.04762,1.87,1.4958,1.0,11,不的中,0,16.8,0.0,1000.0,0.0,-1000.0,1237000.0,2800.0,0.0,-2800.0,888180.0
2026-07-18,10:20,202602011102,02,函館,3歳未勝利,未勝利,1000,ダート,良,12,6,メメボス,古川吉洋,5.0,20.4,13.6,-33.33,-0.4055,0.07228,4.03,0.10552,0.05882,1.794,1.4351,1.0,8,不的中,0,13.6,0.0,1000.0,0.0,-1000.0,1236000.0,3100.0,0.0,-3100.0,884280.0
2026-07-18,10:20,202602011102,02,函館,3歳未勝利,未勝利,1000,ダート,良,12,8,クリーンブーケ,吉田隼人,10.0,67.9,44.9,-33.87,-0.4136,0.02197,4.03,0.03102,0.01782,1.741,1.3929,2.0,9,不的中,0,45.0,0.0,1000.0,0.0,-1000.0,1235000.0,800.0,0.0,-800.0,884280.0
2026-07-18,10:30,202610020702,02,小倉,2歳未勝利,未勝利,1800,芝,稍重,11,4,プリメラエストレラ,コレット,6.0,36.5,24.2,-33.7,-0.411,0.04131,4.08,0.07356,0.03306,2.225,1.7802,1.0,3,不的中,0,24.2,0.0,1000.0,0.0,-1000.0,1234000.0,3000.0,0.0,-3000.0,880380.0
2026-07-18,10:30,202610020702,02,小倉,2歳未勝利,未勝利,1800,芝,稍重,11,1,パーセンタイル,森田誠也,8.0,44.0,38.5,-12.5,-0.1335,0.02237,4.08,0.035,0.02078,1.684,1.3474,2.0,5,不的中,0,38.5,0.0,1000.0,0.0,-1000.0,1233000.0,900.0,0.0,-900.0,880380.0
2026-07-18,10:50,202602011103,03,函館,3歳未勝利,未勝利,2400,ダート,良,12,10,ゴールデンボブ,浜中俊,7.0,25.3,16.7,-33.99,-0.4154,0.05314,3.77,0.09298,0.0479,1.941,1.5528,1.0,11,不的中,0,16.7,0.0,1000.0,0.0,-1000.0,1232000.0,3100.0,0.0,-3100.0,877280.0
2026-07-18,11:20,202602011104,04,函館,3歳未勝利,未勝利,1200,芝,良,16,2,イズントイット,小沢大仁,6.0,53.3,32.1,-39.77,-0.5071,0.02842,5.02,0.06044,0.02492,2.425,1.9402,1.0,6,不的中,0,17.2,0.0,1000.0,0.0,-1000.0,1231000.0,2700.0,0.0,-2700.0,874580.0
2026-07-18,12:10,202602011105,05,函館,3歳未勝利,未勝利,1700,ダート,良,14,8,ホウオウライセンス,横山武史,11.0,30.3,24.3,-19.8,-0.2207,0.04042,4.42,0.05947,0.03292,1.806,1.4451,1.0,1,的中,1,24.5,2450.0,1000.0,24500.0,23500.0,1254500.0,1700.0,41650.0,39950.0,914530.0
2026-07-18,12:40,202602011106,06,函館,3歳未勝利,未勝利,1800,芝,良,12,7,カリドーラ,長浜鴻緒,8.0,39.5,29.4,-25.57,-0.2953,0.02958,4.04,0.05664,0.02721,2.082,1.6654,1.0,4,不的中,0,27.2,0.0,1000.0,0.0,-1000.0,1253500.0,2200.0,0.0,-2200.0,912330.0
2026-07-18,13:20,202610020707,07,小倉,3歳未勝利,未勝利,1800,芝,良,14,2,ワンダーリュクス,森田誠也,7.0,36.9,22.2,-39.84,-0.5081,0.04244,4.76,0.06291,0.03604,1.746,1.3965,1.0,4,不的中,0,22.2,0.0,1000.0,0.0,-1000.0,1252500.0,1800.0,0.0,-1800.0,910530.0
2026-07-18,14:00,202603020708,08,福島,3歳以上1勝クラス,1勝クラス,1200,芝,良,16,9,シークレットイスラ,上里直汰,10.0,83.2,53.1,-36.18,-0.4491,0.01771,5.09,0.02497,0.01507,1.657,1.3257,1.0,13,不的中,0,44.5,0.0,1000.0,0.0,-1000.0,1251500.0,600.0,0.0,-600.0,909930.0
2026-07-18,14:20,202610020709,09,小倉,ひまわり賞(OP),オープン,1200,芝,良,18,10,タカモリ,田山旺佑,5.0,32.0,17.5,-45.31,-0.6035,0.05894,6.71,0.07706,0.04571,1.686,1.3486,1.0,3,不的中,0,13.5,0.0,1000.0,0.0,-1000.0,1250500.0,2000.0,0.0,-2000.0,907930.0
2026-07-18,14:35,202603020709,09,福島,開成山特別(1勝),1勝クラス,2600,芝,良,12,8,リュクスパトロール,丸田恭介,7.0,47.1,30.8,-34.61,-0.4248,0.03472,6.04,0.05728,0.02597,2.205,1.7643,1.0,1,的中,1,30.1,3010.0,1000.0,30100.0,29100.0,1279600.0,2400.0,72240.0,69840.0,977770.0
2026-07-18,15:10,202603020710,10,福島,米沢特別(2勝),2勝クラス,1700,ダート,良,15,4,マナエトレ,石橋脩,6.0,35.9,21.3,-40.67,-0.522,0.05736,7.4,0.08432,0.03756,2.245,1.7961,1.0,12,不的中,0,16.9,0.0,1000.0,0.0,-1000.0,1278600.0,3900.0,0.0,-3900.0,973870.0
2026-07-18,15:20,202602011111,11,函館,マリーンステークス(OP),オープン,1700,ダート,良,13,13,マーブルロック,小沢大仁,8.0,24.5,14.3,-41.63,-0.5384,0.07755,11.54,0.10234,0.05594,1.829,1.4635,1.0,12,不的中,0,12.7,0.0,1000.0,0.0,-1000.0,1277600.0,3400.0,0.0,-3400.0,967070.0
2026-07-18,15:20,202602011111,11,函館,マリーンステークス(OP),オープン,1700,ダート,良,13,1,チュウワクリスエス,横山和生,7.0,14.9,11.2,-24.83,-0.2854,0.08765,11.54,0.12021,0.07143,1.683,1.3463,2.0,9,不的中,0,10.8,0.0,1000.0,0.0,-1000.0,1276600.0,3400.0,0.0,-3400.0,967070.0
2026-07-18,15:45,202603020711,11,福島,阿武隈ステークス(3勝),3勝クラス,1800,芝,良,16,15,サヴォンリンナ,大野拓弥,10.0,67.4,27.2,-59.64,-0.9074,0.05242,14.02,0.08039,0.02941,2.733,2.1865,1.0,16,不的中,0,24.2,0.0,1000.0,0.0,-1000.0,1275600.0,4400.0,0.0,-4400.0,959770.0
2026-07-18,15:45,202603020711,11,福島,阿武隈ステークス(3勝),3勝クラス,1800,芝,良,16,9,コンドゥイア,小崎綾也,11.0,36.7,27.5,-25.07,-0.2886,0.03859,14.02,0.06501,0.02909,2.235,1.7878,2.0,5,不的中,0,24.4,0.0,1000.0,0.0,-1000.0,1274600.0,2900.0,0.0,-2900.0,959770.0
2026-07-18,16:05,202602011112,12,函館,3歳以上1勝クラス,1勝クラス,1200,芝,良,12,2,オンザヴィーナス,河原田菜,8.0,32.7,19.0,-41.9,-0.5429,0.06189,7.6,0.08858,0.04211,2.104,1.683,1.0,8,不的中,0,12.7,0.0,1000.0,0.0,-1000.0,1273600.0,3700.0,0.0,-3700.0,953770.0
2026-07-18,16:05,202602011112,12,函館,3歳以上1勝クラス,1勝クラス,1200,芝,良,12,9,エコロハート,鮫島克駿,9.0,22.7,20.2,-11.01,-0.1167,0.04438,7.6,0.07165,0.0396,1.809,1.4474,2.0,5,不的中,0,18.4,0.0,1000.0,0.0,-1000.0,1272600.0,2300.0,0.0,-2300.0,953770.0
2026-07-18,16:15,202610020712,12,小倉,3歳以上1勝クラス,1勝クラス,1700,ダート,稍重,14,8,アメリカンスタイル,西塚洸二,6.0,30.1,16.5,-45.18,-0.6012,0.06894,9.0,0.08489,0.04848,1.751,1.4007,1.0,6,不的中,0,16.6,0.0,1000.0,0.0,-1000.0,1271600.0,2500.0,0.0,-2500.0,951270.0
2026-07-19,10:20,202602011202,02,函館,3歳未勝利,未勝利,1000,ダート,不良,10,7,ミスチヴマリアンヌ,佐々木大,4.0,15.5,12.8,-17.42,-0.1914,0.07161,4.05,0.09782,0.0625,1.565,1.2521,1.0,1,的中,1,12.8,1280.0,1000.0,12800.0,11800.0,1283400.0,2100.0,26880.0,24780.0,975450.0
2026-07-19,10:20,202602011202,02,函館,3歳未勝利,未勝利,1000,ダート,不良,10,1,デルマハルナ,和田陽希,8.0,67.8,44.9,-33.78,-0.4121,0.02292,4.05,0.02751,0.01782,1.544,1.2352,2.0,3,不的中,0,44.9,0.0,1000.0,0.0,-1000.0,1282400.0,600.0,0.0,-600.0,975450.0
2026-07-19,10:30,202603020802,02,福島,3歳未勝利,未勝利,2000,芝,良,16,13,アマンヘセル,田辺裕信,6.0,25.1,22.0,-12.35,-0.1318,0.0379,5.24,0.06291,0.03636,1.73,1.3839,1.0,3,不的中,0,22.0,0.0,1000.0,0.0,-1000.0,1281400.0,1800.0,0.0,-1800.0,973650.0
2026-07-19,11:20,202602011204,04,函館,3歳未勝利,未勝利,2000,芝,重,13,8,レイヌドプランタン,横山琉人,9.0,35.6,24.7,-30.62,-0.3655,0.0366,5.27,0.06315,0.03239,1.95,1.5597,1.0,1,的中,1,20.1,2010.0,1000.0,20100.0,19100.0,1300500.0,2300.0,46230.0,43930.0,1017180.0
2026-07-19,11:20,202602011204,04,函館,3歳未勝利,未勝利,2000,芝,重,13,5,ヤクジョ,原田和真,13.0,174.9,130.3,-25.5,-0.2944,0.00679,5.27,0.01142,0.00614,1.861,1.4884,2.0,7,不的中,0,129.5,0.0,1000.0,0.0,-1000.0,1299500.0,400.0,0.0,-400.0,1017180.0
2026-07-19,11:30,202603020804,04,福島,3歳未勝利,未勝利,1700,ダート,良,15,15,ジーティーヒラリ,佐藤翔馬,8.0,73.2,55.5,-24.18,-0.2768,0.01532,4.56,0.02947,0.01441,2.044,1.6354,1.0,6,不的中,0,32.3,0.0,1000.0,0.0,-1000.0,1298500.0,1200.0,0.0,-1200.0,1046430.0
2026-07-19,11:30,202603020804,04,福島,3歳未勝利,未勝利,1700,ダート,良,15,2,アーティラリー,石川裕紀,6.0,12.6,10.8,-14.29,-0.1542,0.0764,4.56,0.12364,0.07407,1.669,1.3353,2.0,1,的中,1,9.7,970.0,1000.0,9700.0,8700.0,1307200.0,3500.0,33950.0,30450.0,1046430.0
2026-07-19,12:50,202603020806,06,福島,2歳新馬,新馬,1200,芝,良,16,12,ドナチャージ,杉原誠人,5.0,24.5,20.9,-14.69,-0.1589,0.04033,5.38,0.06291,0.03828,1.643,1.3147,1.0,5,不的中,0,20.6,0.0,1000.0,0.0,-1000.0,1306200.0,1700.0,0.0,-1700.0,1044730.0
2026-07-19,13:30,202610020807,07,小倉,3歳以上1勝クラス,1勝クラス,1200,芝,良,17,4,ヒットザグラウンド,吉村誠之,9.0,43.6,38.1,-12.61,-0.1348,0.02221,5.36,0.03297,0.021,1.57,1.2562,1.0,12,不的中,0,36.0,0.0,1000.0,0.0,-1000.0,1305200.0,800.0,0.0,-800.0,1043930.0
2026-07-19,13:40,202602011208,08,函館,3歳以上1勝クラス,1勝クラス,1000,ダート,不良,10,10,タイセイモノリス,横山和生,7.0,27.4,23.4,-14.6,-0.1578,0.037,3.81,0.05483,0.03419,1.604,1.2831,1.0,10,不的中,0,23.4,0.0,1000.0,0.0,-1000.0,1304200.0,1400.0,0.0,-1400.0,1042530.0
2026-07-19,14:05,202610020808,08,小倉,3歳以上1勝クラス,1勝クラス,1000,ダート,良,14,14,ミヤラティーニ,松若風馬,9.0,40.1,27.3,-31.92,-0.3845,0.03861,6.25,0.08992,0.0293,3.069,2.4549,1.0,2,不的中,0,25.3,0.0,1000.0,0.0,-1000.0,1303200.0,5800.0,0.0,-5800.0,1036730.0
2026-07-19,14:20,202603020809,09,福島,南相馬特別(2勝),2勝クラス,1200,芝,良,16,14,ポッドデスペア,荻野極,7.0,24.3,20.3,-16.46,-0.1799,0.04302,7.63,0.06379,0.03941,1.619,1.2949,1.0,16,不的中,0,20.4,0.0,1000.0,0.0,-1000.0,1302200.0,1600.0,0.0,-1600.0,1035130.0
2026-07-19,14:35,202610020809,09,小倉,不知火特別(2勝),2勝クラス,1800,芝,良,8,1,キーウェーブ,城戸義政,7.0,56.4,32.1,-43.09,-0.5636,0.03457,6.35,0.05947,0.02492,2.386,1.909,1.0,5,不的中,0,32.1,0.0,1000.0,0.0,-1000.0,1301200.0,3100.0,0.0,-3100.0,1032030.0
2026-07-19,15:10,202610020810,10,小倉,宮崎ステークス(3勝),3勝クラス,1700,ダート,良,16,7,プロミシングスター,秋山稔樹,11.0,56.2,34.1,-39.32,-0.4996,0.03511,7.92,0.06291,0.02346,2.681,2.1451,1.0,3,不的中,0,24.4,0.0,1000.0,0.0,-1000.0,1300200.0,3600.0,0.0,-3600.0,1026630.0
2026-07-19,15:10,202610020810,10,小倉,宮崎ステークス(3勝),3勝クラス,1700,ダート,良,16,15,インザモーメント,高杉吏麒,13.0,41.5,33.5,-19.28,-0.2141,0.02961,7.92,0.03877,0.02388,1.623,1.2987,2.0,6,不的中,0,33.4,0.0,1000.0,0.0,-1000.0,1299200.0,1000.0,0.0,-1000.0,1026630.0
2026-07-19,15:10,202610020810,10,小倉,宮崎ステークス(3勝),3勝クラス,1700,ダート,良,16,9,マッシャーブルム,鮫島良太,12.0,44.9,34.7,-22.72,-0.2577,0.0296,7.92,0.03578,0.02305,1.552,1.2415,3.0,13,不的中,0,30.2,0.0,1000.0,0.0,-1000.0,1298200.0,800.0,0.0,-800.0,1026630.0
2026-07-19,15:20,202602011211,11,函館,第58回函館2歳ステークス(GIII),G3,1200,芝,重,13,5,フェリチタ,横山和生,9.0,34.1,25.5,-25.22,-0.2906,0.04382,27.07,0.06291,0.03137,2.005,1.6041,1.0,1,的中,1,23.6,2360.0,1000.0,23600.0,22600.0,1320800.0,2600.0,61360.0,58760.0,1084990.0
2026-07-19,15:20,202602011211,11,函館,第58回函館2歳ステークス(GIII),G3,1200,芝,重,13,6,ウンスイ,横山琉人,12.0,103.8,84.8,-18.3,-0.2022,0.01213,27.07,0.01556,0.00943,1.649,1.3195,2.0,13,不的中,0,85.9,0.0,1000.0,0.0,-1000.0,1319800.0,400.0,0.0,-400.0,1084990.0
2026-07-19,15:30,202603020811,11,福島,福島テレビ賞(OP),オープン,1150,ダート,良,16,2,ジョーローリット,武藤雅,10.0,37.5,22.2,-40.8,-0.5242,0.04622,12.44,0.07663,0.03604,2.126,1.7011,1.0,1,的中,1,22.2,2220.0,1000.0,22200.0,21200.0,1341000.0,3600.0,79920.0,76320.0,1161310.0
2026-07-19,15:45,202610020811,11,小倉,第62回小倉記念(GIII),G3,2000,芝,良,18,1,ゼンダンハヤブサ,酒井学,10.0,39.5,33.1,-16.2,-0.1768,0.0339,44.73,0.04881,0.02417,2.02,1.6157,1.0,1,的中,1,33.1,3310.0,1000.0,33100.0,32100.0,1373100.0,2300.0,76130.0,73830.0,1229140.0
2026-07-19,15:45,202610020811,11,小倉,第62回小倉記念(GIII),G3,2000,芝,良,18,3,ナムラエイハブ,田山旺佑,12.0,60.7,48.1,-20.76,-0.2327,0.02518,44.73,0.0323,0.01663,1.942,1.5536,2.0,5,不的中,0,48.1,0.0,1000.0,0.0,-1000.0,1372100.0,1400.0,0.0,-1400.0,1229140.0
2026-07-19,15:45,202610020811,11,小倉,第62回小倉記念(GIII),G3,2000,芝,良,18,18,レーゼドラマ,松若風馬,6.0,17.0,12.6,-25.88,-0.2995,0.10407,44.73,0.11534,0.06349,1.817,1.4532,3.0,3,不的中,0,12.6,0.0,1000.0,0.0,-1000.0,1371100.0,4600.0,0.0,-4600.0,1229140.0
2026-07-25,10:00,202601010101,01,札幌,3歳未勝利,未勝利,1000,ダート,良,8,2,テイクマイハート,池添謙一,7.0,31.8,19.4,-38.99,-0.4942,0.04833,5.63,0.07874,0.04124,1.909,1.5275,1.0,8,不的中,0,19.4,0.0,1000.0,0.0,-1000.0,1370100.0,3600.0,0.0,-3600.0,1223740.0
2026-07-25,10:00,202601010101,01,札幌,3歳未勝利,未勝利,1000,ダート,良,8,4,クリコイーコ,吉田隼人,5.0,29.2,16.4,-43.84,-0.5769,0.05833,5.63,0.07465,0.04878,1.53,1.2243,2.0,5,不的中,0,16.4,0.0,1000.0,0.0,-1000.0,1369100.0,1800.0,0.0,-1800.0,1223740.0
2026-07-25,10:20,202604020102,02,新潟,2歳新馬,新馬,1200,ダート,稍重,14,14,コパノフラメンコ,柴田大知,11.0,53.2,43.8,-17.67,-0.1944,0.01971,4.77,0.03124,0.01826,1.71,1.3683,1.0,6,不的中,0,43.8,0.0,1000.0,0.0,-1000.0,1368100.0,1100.0,0.0,-1100.0,1222640.0
2026-07-25,11:00,202601010103,03,札幌,3歳未勝利,未勝利,1700,ダート,良,10,4,ダンツアラーム,池添謙一,6.0,20.9,19.6,-6.22,-0.0642,0.04136,4.34,0.08436,0.04082,2.067,1.6534,1.0,6,不的中,0,19.6,0.0,1000.0,0.0,-1000.0,1367100.0,4300.0,0.0,-4300.0,1218340.0
2026-07-25,12:50,202601010106,06,札幌,3歳未勝利,未勝利,1800,芝,良,14,4,ケナゲ,河原田菜,6.0,17.5,14.5,-17.14,-0.1881,0.06373,4.78,0.08967,0.05517,1.625,1.3002,1.0,3,不的中,0,14.5,0.0,1000.0,0.0,-1000.0,1366100.0,2800.0,0.0,-2800.0,1215540.0
2026-07-25,14:50,202601010110,10,札幌,ライラック賞(2勝),2勝クラス,2600,芝,良,11,8,レイヤードレッド,長浜鴻緒,8.0,35.8,32.6,-8.94,-0.0936,0.02668,6.83,0.04881,0.02454,1.989,1.5913,1.0,9,不的中,0,32.6,0.0,1000.0,0.0,-1000.0,1365100.0,2300.0,0.0,-2300.0,1213240.0
2026-07-25,15:25,202601010111,11,札幌,TVh賞(3勝),3勝クラス,1200,芝,良,12,2,シカゴスティング,浜中俊,5.0,15.4,11.0,-28.57,-0.3365,0.10026,11.65,0.11887,0.07273,1.634,1.3076,1.0,10,不的中,0,11.0,0.0,1000.0,0.0,-1000.0,1364100.0,3800.0,0.0,-3800.0,1209440.0
2026-07-25,16:01,202601010112,12,札幌,桑園特別(2勝),2勝クラス,1700,ダート,良,11,1,リメンバーヒム,鮫島克駿,7.0,61.8,50.8,-17.8,-0.196,0.01763,7.13,0.02787,0.01575,1.77,1.4157,1.0,4,不的中,0,50.8,0.0,1000.0,0.0,-1000.0,1363100.0,1100.0,0.0,-1100.0,1208340.0
2026-07-25,16:20,202604020108,08,新潟,清津峡特別(1勝),1勝クラス,1800,ダート,稍重,13,13,ブレスドナイル,田口貫太,9.0,35.2,26.6,-24.43,-0.2801,0.0331,6.76,0.06291,0.03008,2.092,1.6733,1.0,6,不的中,0,22.0,0.0,1000.0,0.0,-1000.0,1362100.0,3200.0,0.0,-3200.0,1205140.0
2026-07-25,17:20,202607020110,10,中京,3歳以上1勝クラス,1勝クラス,1800,ダート,良,13,4,インシオン,西塚洸二,7.0,12.7,11.9,-6.3,-0.0651,0.07018,6.92,0.10127,0.06723,1.506,1.2051,1.0,5,不的中,0,11.9,0.0,1000.0,0.0,-1000.0,1361100.0,2300.0,0.0,-2300.0,1202840.0
2026-07-25,17:35,202604020110,10,新潟,3歳未勝利,未勝利,1800,ダート,稍重,15,6,ディレクティオ,上里直汰,11.0,63.1,50.0,-20.76,-0.2327,0.01828,6.17,0.03603,0.016,2.252,1.8013,1.0,10,不的中,0,50.0,0.0,1000.0,0.0,-1000.0,1360100.0,2000.0,0.0,-2000.0,1196940.0
2026-07-25,17:35,202604020110,10,新潟,3歳未勝利,未勝利,1800,ダート,稍重,15,13,アドバンスジェンヌ,原優介,9.0,42.1,23.3,-44.66,-0.5916,0.04511,6.17,0.07359,0.03433,2.143,1.7148,2.0,9,不的中,0,23.3,0.0,1000.0,0.0,-1000.0,1359100.0,3900.0,0.0,-3900.0,1196940.0
2026-07-26,10:00,202601010201,01,札幌,2歳未勝利,未勝利,1000,ダート,良,12,8,グランモンターナ,古川吉洋,5.0,33.1,15.1,-54.38,-0.7848,0.06393,5.43,0.08598,0.05298,1.623,1.2983,1.0,5,不的中,0,15.1,0.0,1000.0,0.0,-1000.0,1358100.0,2600.0,0.0,-2600.0,1194340.0
2026-07-26,10:30,202601010202,02,札幌,3歳未勝利,未勝利,1700,ダート,良,10,7,サマースプラッシュ,古川奈穂,7.0,46.4,30.4,-34.48,-0.4229,0.02913,4.9,0.04743,0.02632,1.802,1.442,1.0,6,不的中,0,30.4,0.0,1000.0,0.0,-1000.0,1357100.0,1800.0,0.0,-1800.0,1192540.0
2026-07-26,10:40,202607020203,03,中京,3歳未勝利,未勝利,2200,芝,良,10,1,ソニックブーム,吉村誠之,6.0,33.1,28.1,-15.11,-0.1638,0.03016,4.52,0.05121,0.02847,1.799,1.439,1.0,6,不的中,0,28.1,0.0,1000.0,0.0,-1000.0,1356100.0,2000.0,0.0,-2000.0,1190540.0
2026-07-26,11:00,202601010203,03,札幌,3歳未勝利,未勝利,1200,芝,良,16,6,モノノケ,和田陽希,12.0,91.7,57.3,-37.51,-0.4702,0.01598,5.09,0.02096,0.01396,1.501,1.201,1.0,2,不的中,0,57.3,0.0,1000.0,0.0,-1000.0,1355100.0,500.0,0.0,-500.0,1190040.0
2026-07-26,13:50,202601010208,08,札幌,3歳以上1勝クラス,1勝クラス,1500,芝,良,12,8,ダノンフィオーレ,北村友一,5.0,25.0,13.6,-45.6,-0.6088,0.08232,7.33,0.11039,0.05882,1.877,1.5013,1.0,3,不的中,0,13.5,0.0,1000.0,0.0,-1000.0,1354100.0,4800.0,0.0,-4800.0,1185240.0
2026-07-26,14:50,202601010210,10,札幌,羊ヶ丘特別(2勝),2勝クラス,1500,芝,良,10,3,シャイニースイフト,舟山瑠泉,7.0,22.3,21.2,-4.93,-0.0506,0.03944,6.66,0.06291,0.03774,1.667,1.3336,1.0,6,不的中,0,20.5,0.0,1000.0,0.0,-1000.0,1353100.0,2000.0,0.0,-2000.0,1183240.0
2026-07-26,15:45,202604020207,07,新潟,第61回関屋記念(GIII),G3,1600,芝,不良,14,12,ランスオブカオス,石川裕紀,5.0,14.5,10.3,-28.97,-0.342,0.10687,34.57,0.13929,0.07767,1.793,1.4347,1.0,13,不的中,0,10.3,0.0,1000.0,0.0,-1000.0,1352100.0,5600.0,0.0,-5600.0,1177640.0
2026-07-26,16:45,202607020209,09,中京,3歳以上1勝クラス,1勝クラス,1400,芝,良,14,5,リアライズブラーヴ,泉谷楓真,10.0,56.8,43.9,-22.71,-0.2576,0.0215,11.32,0.03251,0.01822,1.784,1.4274,1.0,8,不的中,0,43.9,0.0,1000.0,0.0,-1000.0,1351100.0,1200.0,0.0,-1200.0,1176440.0
2026-07-26,18:00,202604020211,11,新潟,3歳以上1勝クラス,1勝クラス,1000,芝,不良,15,9,コウジハラ,木幡初也,9.0,26.8,15.6,-41.79,-0.5411,0.06534,9.74,0.09921,0.05128,1.935,1.5476,1.0,9,不的中,0,15.6,0.0,1000.0,0.0,-1000.0,1350100.0,4500.0,0.0,-4500.0,1171940.0
2026-07-26,18:30,202604020212,12,新潟,3歳未勝利,未勝利,2000,芝,不良,15,4,シルバープレミア,上里直汰,11.0,84.0,61.6,-26.67,-0.3102,0.01465,11.7,0.02118,0.01299,1.631,1.3047,1.0,3,不的中,0,61.6,0.0,1000.0,0.0,-1000.0,1349100.0,600.0,0.0,-600.0,1171340.0
