race_id,rt_key,date,post_datetime,umaban,odds_win_60m,hyosu_total_60m,happyo_datetime_60m,odds_win_30m,hyosu_total_30m,happyo_datetime_30m,odds_win_10m,hyosu_total_10m,happyo_datetime_10m,odds_win_5m,hyosu_total_5m,happyo_datetime_5m,odds_win_3m,hyosu_total_3m,happyo_datetime_3m,odds_win_1m,hyosu_total_1m,happyo_datetime_1m
201602010101,201606180201,2016-06-18,09:55:00,01,168.3,279910,08:55:00,160.8,379920,09:22:00,180.2,766190,09:44:00,204.9,1083450,09:50:00,204.9,1083450,09:50:00,204.9,1083450,09:50:00
201602010101,201606180201,2016-06-18,09:55:00,02,1.6,279910,08:55:00,1.6,379920,09:22:00,1.6,766190,09:44:00,1.6,1083450,09:50:00,1.6,1083450,09:50:00,1.6,1083450,09:50:00
201602010101,201606180201,2016-06-18,09:55:00,03,6.0,279910,08:55:00,5.9,379920,09:22:00,6.3,766190,09:44:00,5.9,1083450,09:50:00,5.9,1083450,09:50:00,5.9,1083450,09:50:00
201602010101,201606180201,2016-06-18,09:55:00,04,107.1,279910,08:55:00,105.5,379920,09:22:00,118.3,766190,09:44:00,139.3,1083450,09:50:00,139.3,1083450,09:50:00,139.3,1083450,09:50:00
201602010101,201606180201,2016-06-18,09:55:00,05,40.7,279910,08:55:00,41.9,379920,09:22:00,38.7,766190,09:44:00,38.3,1083450,09:50:00,38.3,1083450,09:50:00,38.3,1083450,09:50:00
201602010101,201606180201,2016-06-18,09:55:00,06,16.2,279910,08:55:00,17.7,379920,09:22:00,22.4,766190,09:44:00,23.3,1083450,09:50:00,23.3,1083450,09:50:00,23.3,1083450,09:50:00
201602010101,201606180201,2016-06-18,09:55:00,07,56.8,279910,08:55:00,52.3,379920,09:22:00,65.2,766190,09:44:00,70.5,1083450,09:50:00,70.5,1083450,09:50:00,70.5,1083450,09:50:00
201602010101,201606180201,2016-06-18,09:55:00,08,22.9,279910,08:55:00,22.9,379920,09:22:00,13.3,766190,09:44:00,14.2,1083450,09:50:00,14.2,1083450,09:50:00,14.2,1083450,09:50:00
201602010101,201606180201,2016-06-18,09:55:00,09,15.1,279910,08:55:00,15.0,379920,09:22:00,19.1,766190,09:44:00,21.6,1083450,09:50:00,21.6,1083450,09:50:00,21.6,1083450,09:50:00
201602010101,201606180201,2016-06-18,09:55:00,10,16.9,279910,08:55:00,18.6,379920,09:22:00,19.3,766190,09:44:00,19.2,1083450,09:50:00,19.2,1083450,09:50:00,19.2,1083450,09:50:00
201602010101,201606180201,2016-06-18,09:55:00,11,49.2,279910,08:55:00,47.8,379920,09:22:00,61.8,766190,09:44:00,68.3,1083450,09:50:00,68.3,1083450,09:50:00,68.3,1083450,09:50:00
201602010101,201606180201,2016-06-18,09:55:00,12,16.0,279910,08:55:00,18.5,379920,09:22:00,15.6,766190,09:44:00,15.7,1083450,09:50:00,15.7,1083450,09:50:00,15.7,1083450,09:50:00
201602010101,201606180201,2016-06-18,09:55:00,13,9.0,279910,08:55:00,9.4,379920,09:22:00,8.0,766190,09:44:00,8.0,1083450,09:50:00,8.0,1083450,09:50:00,8.0,1083450,09:50:00
201602010102,201606180202,2016-06-18,10:20:00,01,17.7,146620,09:12:00,20.7,231230,09:41:00,15.6,391450,10:09:00,15.7,530660,10:14:00,15.7,530660,10:14:00,15.7,530660,10:14:00
201602010102,201606180202,2016-06-18,10:20:00,02,46.9,146620,09:12:00,52.4,231230,09:41:00,56.6,391450,10:09:00,57.5,530660,10:14:00,57.5,530660,10:14:00,57.5,530660,10:14:00
201602010102,201606180202,2016-06-18,10:20:00,03,12.9,146620,09:12:00,13.1,231230,09:41:00,13.5,391450,10:09:00,14.7,530660,10:14:00,14.7,530660,10:14:00,14.7,530660,10:14:00
201602010102,201606180202,2016-06-18,10:20:00,04,49.0,146620,09:12:00,45.4,231230,09:41:00,46.8,391450,10:09:00,56.7,530660,10:14:00,56.7,530660,10:14:00,56.7,530660,10:14:00
201602010102,201606180202,2016-06-18,10:20:00,05,7.0,146620,09:12:00,8.0,231230,09:41:00,8.4,391450,10:09:00,8.4,530660,10:14:00,8.4,530660,10:14:00,8.4,530660,10:14:00
201602010102,201606180202,2016-06-18,10:20:00,06,35.9,146620,09:12:00,41.1,231230,09:41:00,38.1,391450,10:09:00,42.3,530660,10:14:00,42.3,530660,10:14:00,42.3,530660,10:14:00
201602010102,201606180202,2016-06-18,10:20:00,07,13.4,146620,09:12:00,15.7,231230,09:41:00,14.2,391450,10:09:00,15.3,530660,10:14:00,15.3,530660,10:14:00,15.3,530660,10:14:00
201602010102,201606180202,2016-06-18,10:20:00,08,91.6,146620,09:12:00,110.1,231230,09:41:00,102.3,391450,10:09:00,115.0,530660,10:14:00,115.0,530660,10:14:00,115.0,530660,10:14:00
201602010102,201606180202,2016-06-18,10:20:00,09,8.2,146620,09:12:00,9.1,231230,09:41:00,6.9,391450,10:09:00,6.4,530660,10:14:00,6.4,530660,10:14:00,6.4,530660,10:14:00
201602010102,201606180202,2016-06-18,10:20:00,10,22.8,146620,09:12:00,9.9,231230,09:41:00,9.2,391450,10:09:00,11.3,530660,10:14:00,11.3,530660,10:14:00,11.3,530660,10:14:00
201602010102,201606180202,2016-06-18,10:20:00,11,6.3,146620,09:12:00,7.1,231230,09:41:00,8.1,391450,10:09:00,7.8,530660,10:14:00,7.8,530660,10:14:00,7.8,530660,10:14:00
201602010102,201606180202,2016-06-18,10:20:00,12,4.0,146620,09:12:00,3.6,231230,09:41:00,3.7,391450,10:09:00,3.3,530660,10:14:00,3.3,530660,10:14:00,3.3,530660,10:14:00
201602010102,201606180202,2016-06-18,10:20:00,13,12.0,146620,09:12:00,15.3,231230,09:41:00,20.2,391450,10:09:00,22.7,530660,10:14:00,22.7,530660,10:14:00,22.7,530660,10:14:00
201602010102,201606180202,2016-06-18,10:20:00,14,148.4,146620,09:12:00,138.0,231230,09:41:00,152.7,391450,10:09:00,179.1,530660,10:14:00,179.1,530660,10:14:00,179.1,530660,10:14:00
201602010102,201606180202,2016-06-18,10:20:00,15,9.7,146620,09:12:00,9.7,231230,09:41:00,9.2,391450,10:09:00,9.3,530660,10:14:00,9.3,530660,10:14:00,9.3,530660,10:14:00
201602010102,201606180202,2016-06-18,10:20:00,16,17.6,146620,09:12:00,16.1,231230,09:41:00,21.0,391450,10:09:00,23.5,530660,10:14:00,23.5,530660,10:14:00,23.5,530660,10:14:00
201602010103,201606180203,2016-06-18,10:50:00,01,34.2,159990,09:43:00,30.7,214540,10:19:00,40.7,416840,10:39:00,56.8,813300,10:45:00,56.8,813300,10:45:00,56.8,813300,10:45:00
201602010103,201606180203,2016-06-18,10:50:00,02,24.4,159990,09:43:00,24.2,214540,10:19:00,26.9,416840,10:39:00,37.7,813300,10:45:00,37.7,813300,10:45:00,37.7,813300,10:45:00
201602010103,201606180203,2016-06-18,10:50:00,03,13.4,159990,09:43:00,8.7,214540,10:19:00,8.3,416840,10:39:00,7.4,813300,10:45:00,7.4,813300,10:45:00,7.4,813300,10:45:00
201602010103,201606180203,2016-06-18,10:50:00,04,1.9,159990,09:43:00,2.0,214540,10:19:00,2.0,416840,10:39:00,1.8,813300,10:45:00,1.8,813300,10:45:00,1.8,813300,10:45:00
201602010103,201606180203,2016-06-18,10:50:00,05,10.5,159990,09:43:00,10.2,214540,10:19:00,6.5,416840,10:39:00,5.9,813300,10:45:00,5.9,813300,10:45:00,5.9,813300,10:45:00
201602010103,201606180203,2016-06-18,10:50:00,06,4.4,159990,09:43:00,4.7,214540,10:19:00,7.0,416840,10:39:00,8.2,813300,10:45:00,8.2,813300,10:45:00,8.2,813300,10:45:00
201602010103,201606180203,2016-06-18,10:50:00,07,50.5,159990,09:43:00,44.3,214540,10:19:00,51.5,416840,10:39:00,69.6,813300,10:45:00,69.6,813300,10:45:00,69.6,813300,10:45:00
201602010103,201606180203,2016-06-18,10:50:00,08,15.7,159990,09:43:00,16.1,214540,10:19:00,8.5,416840,10:39:00,9.6,813300,10:45:00,9.6,813300,10:45:00,9.6,813300,10:45:00
201602010103,201606180203,2016-06-18,10:50:00,09,38.4,159990,09:43:00,41.4,214540,10:19:00,37.8,416840,10:39:00,52.1,813300,10:45:00,52.1,813300,10:45:00,52.1,813300,10:45:00
201602010103,201606180203,2016-06-18,10:50:00,10,24.9,159990,09:43:00,23.4,214540,10:19:00,22.4,416840,10:39:00,24.8,813300,10:45:00,24.8,813300,10:45:00,24.8,813300,10:45:00
201602010103,201606180203,2016-06-18,10:50:00,11,74.4,159990,09:43:00,71.5,214540,10:19:00,80.1,416840,10:39:00,122.5,813300,10:45:00,122.5,813300,10:45:00,122.5,813300,10:45:00
201602010103,201606180203,2016-06-18,10:50:00,12,9.8,159990,09:43:00,10.9,214540,10:19:00,13.6,416840,10:39:00,19.4,813300,10:45:00,19.4,813300,10:45:00,19.4,813300,10:45:00
201602010104,201606180204,2016-06-18,11:20:00,01,3.0,163280,10:20:00,3.2,198650,10:45:00,3.3,428080,11:09:00,3.8,620660,11:15:00,3.8,620660,11:15:00,3.8,620660,11:15:00
201602010104,201606180204,2016-06-18,11:20:00,02,98.9,163280,10:20:00,105.9,198650,10:45:00,136.4,428080,11:09:00,164.9,620660,11:15:00,164.9,620660,11:15:00,164.9,620660,11:15:00
201602010104,201606180204,2016-06-18,11:20:00,03,5.0,163280,10:20:00,5.4,198650,10:45:00,4.0,428080,11:09:00,3.6,620660,11:15:00,3.6,620660,11:15:00,3.6,620660,11:15:00
201602010104,201606180204,2016-06-18,11:20:00,04,14.9,163280,10:20:00,17.0,198650,10:45:00,19.7,428080,11:09:00,23.2,620660,11:15:00,23.2,620660,11:15:00,23.2,620660,11:15:00
201602010104,201606180204,2016-06-18,11:20:00,05,5.1,163280,10:20:00,4.0,198650,10:45:00,4.0,428080,11:09:00,3.7,620660,11:15:00,3.7,620660,11:15:00,3.7,620660,11:15:00
201602010104,201606180204,2016-06-18,11:20:00,06,11.8,163280,10:20:00,12.0,198650,10:45:00,13.7,428080,11:09:00,14.7,620660,11:15:00,14.7,620660,11:15:00,14.7,620660,11:15:00
201602010104,201606180204,2016-06-18,11:20:00,07,7.8,163280,10:20:00,8.3,198650,10:45:00,9.7,428080,11:09:00,10.2,620660,11:15:00,10.2,620660,11:15:00,10.2,620660,11:15:00
201602010104,201606180204,2016-06-18,11:20:00,08,85.3,163280,10:20:00,89.2,198650,10:45:00,128.7,428080,11:09:00,149.1,620660,11:15:00,149.1,620660,11:15:00,149.1,620660,11:15:00
201602010104,201606180204,2016-06-18,11:20:00,09,27.0,163280,10:20:00,29.8,198650,10:45:00,30.8,428080,11:09:00,29.5,620660,11:15:00,29.5,620660,11:15:00,29.5,620660,11:15:00
201602010104,201606180204,2016-06-18,11:20:00,10,89.4,163280,10:20:00,88.7,198650,10:45:00,73.4,428080,11:09:00,86.6,620660,11:15:00,86.6,620660,11:15:00,86.6,620660,11:15:00
201602010104,201606180204,2016-06-18,11:20:00,11,77.2,163280,10:20:00,71.9,198650,10:45:00,72.8,428080,11:09:00,63.4,620660,11:15:00,63.4,620660,11:15:00,63.4,620660,11:15:00
201602010104,201606180204,2016-06-18,11:20:00,12,33.4,163280,10:20:00,35.9,198650,10:45:00,46.4,428080,11:09:00,56.2,620660,11:15:00,56.2,620660,11:15:00,56.2,620660,11:15:00
201602010104,201606180204,2016-06-18,11:20:00,13,7.1,163280,10:20:00,6.7,198650,10:45:00,7.2,428080,11:09:00,6.4,620660,11:15:00,6.4,620660,11:15:00,6.4,620660,11:15:00
201602010105,201606180205,2016-06-18,12:10:00,01,24.0,374400,11:08:00,21.8,532640,11:37:00,26.1,1433930,11:59:00,29.8,1948190,12:04:00,29.8,1948190,12:04:00,29.8,1948190,12:04:00
201602010105,201606180205,2016-06-18,12:10:00,02,32.5,374400,11:08:00,30.3,532640,11:37:00,31.1,1433930,11:59:00,32.3,1948190,12:04:00,32.3,1948190,12:04:00,32.3,1948190,12:04:00
201602010105,201606180205,2016-06-18,12:10:00,03,29.2,374400,11:08:00,29.2,532640,11:37:00,32.5,1433930,11:59:00,34.5,1948190,12:04:00,34.5,1948190,12:04:00,34.5,1948190,12:04:00
201602010105,201606180205,2016-06-18,12:10:00,04,2.2,374400,11:08:00,2.2,532640,11:37:00,2.0,1433930,11:59:00,1.8,1948190,12:04:00,1.8,1948190,12:04:00,1.8,1948190,12:04:00
201602010105,201606180205,2016-06-18,12:10:00,05,12.5,374400,11:08:00,12.4,532640,11:37:00,11.4,1433930,11:59:00,11.4,1948190,12:04:00,11.4,1948190,12:04:00,11.4,1948190,12:04:00
201602010105,201606180205,2016-06-18,12:10:00,06,64.6,374400,11:08:00,63.2,532640,11:37:00,76.9,1433930,11:59:00,79.4,1948190,12:04:00,79.4,1948190,12:04:00,79.4,1948190,12:04:00
201602010105,201606180205,2016-06-18,12:10:00,07,15.7,374400,11:08:00,16.2,532640,11:37:00,25.8,1433930,11:59:00,26.2,1948190,12:04:00,26.2,1948190,12:04:00,26.2,1948190,12:04:00
201602010105,201606180205,2016-06-18,12:10:00,08,13.1,374400,11:08:00,13.8,532640,11:37:00,12.7,1433930,11:59:00,14.3,1948190,12:04:00,14.3,1948190,12:04:00,14.3,1948190,12:04:00
201602010105,201606180205,2016-06-18,12:10:00,09,5.4,374400,11:08:00,5.1,532640,11:37:00,5.9,1433930,11:59:00,6.5,1948190,12:04:00,6.5,1948190,12:04:00,6.5,1948190,12:04:00
201602010105,201606180205,2016-06-18,12:10:00,10,5.3,374400,11:08:00,5.2,532640,11:37:00,5.1,1433930,11:59:00,5.3,1948190,12:04:00,5.3,1948190,12:04:00,5.3,1948190,12:04:00
201602010105,201606180205,2016-06-18,12:10:00,11,97.2,374400,11:08:00,97.3,532640,11:37:00,123.5,1433930,11:59:00,138.8,1948190,12:04:00,138.8,1948190,12:04:00,138.8,1948190,12:04:00
201602010105,201606180205,2016-06-18,12:10:00,12,77.0,374400,11:08:00,80.6,532640,11:37:00,106.2,1433930,11:59:00,122.9,1948190,12:04:00,122.9,1948190,12:04:00,122.9,1948190,12:04:00
201602010106,201606180206,2016-06-18,12:40:00,01,5.9,264450,11:35:00,5.4,336290,12:08:00,5.9,553300,12:29:00,6.4,891810,12:35:00,6.4,891810,12:35:00,6.4,891810,12:35:00
201602010106,201606180206,2016-06-18,12:40:00,02,3.4,264450,11:35:00,3.4,336290,12:08:00,3.7,553300,12:29:00,3.5,891810,12:35:00,3.5,891810,12:35:00,3.5,891810,12:35:00
201602010106,201606180206,2016-06-18,12:40:00,03,26.6,264450,11:35:00,24.5,336290,12:08:00,25.2,553300,12:29:00,24.5,891810,12:35:00,24.5,891810,12:35:00,24.5,891810,12:35:00
201602010106,201606180206,2016-06-18,12:40:00,04,129.7,264450,11:35:00,131.8,336290,12:08:00,154.7,553300,12:29:00,214.2,891810,12:35:00,214.2,891810,12:35:00,214.2,891810,12:35:00
201602010106,201606180206,2016-06-18,12:40:00,05,6.0,264450,11:35:00,5.8,336290,12:08:00,4.2,553300,12:29:00,3.9,891810,12:35:00,3.9,891810,12:35:00,3.9,891810,12:35:00
201602010106,201606180206,2016-06-18,12:40:00,06,31.3,264450,11:35:00,33.6,336290,12:08:00,36.4,553300,12:29:00,38.6,891810,12:35:00,38.6,891810,12:35:00,38.6,891810,12:35:00
201602010106,201606180206,2016-06-18,12:40:00,07,13.9,264450,11:35:00,14.8,336290,12:08:00,17.3,553300,12:29:00,18.7,891810,12:35:00,18.7,891810,12:35:00,18.7,891810,12:35:00
201602010106,201606180206,2016-06-18,12:40:00,08,10.4,264450,11:35:00,10.3,336290,12:08:00,11.4,553300,12:29:00,13.4,891810,12:35:00,13.4,891810,12:35:00,13.4,891810,12:35:00
201602010106,201606180206,2016-06-18,12:40:00,09,30.1,264450,11:35:00,31.7,336290,12:08:00,33.1,553300,12:29:00,26.3,891810,12:35:00,26.3,891810,12:35:00,26.3,891810,12:35:00
201602010106,201606180206,2016-06-18,12:40:00,10,18.3,264450,11:35:00,20.2,336290,12:08:00,25.5,553300,12:29:00,28.8,891810,12:35:00,28.8,891810,12:35:00,28.8,891810,12:35:00
201602010106,201606180206,2016-06-18,12:40:00,11,25.6,264450,11:35:00,29.1,336290,12:08:00,42.5,553300,12:29:00,53.6,891810,12:35:00,53.6,891810,12:35:00,53.6,891810,12:35:00
201602010106,201606180206,2016-06-18,12:40:00,12,28.0,264450,11:35:00,26.5,336290,12:08:00,25.6,553300,12:29:00,25.7,891810,12:35:00,25.7,891810,12:35:00,25.7,891810,12:35:00
201602010106,201606180206,2016-06-18,12:40:00,13,229.9,264450,11:35:00,256.2,336290,12:08:00,230.5,553300,12:29:00,280.8,891810,12:35:00,280.8,891810,12:35:00,280.8,891810,12:35:00
201602010106,201606180206,2016-06-18,12:40:00,14,10.9,264450,11:35:00,13.0,336290,12:08:00,16.6,553300,12:29:00,18.0,891810,12:35:00,18.0,891810,12:35:00,18.0,891810,12:35:00
201602010106,201606180206,2016-06-18,12:40:00,15,23.4,264450,11:35:00,22.4,336290,12:08:00,16.9,553300,12:29:00,17.8,891810,12:35:00,17.8,891810,12:35:00,17.8,891810,12:35:00
201602010106,201606180206,2016-06-18,12:40:00,16,12.1,264450,11:35:00,11.9,336290,12:08:00,9.5,553300,12:29:00,8.9,891810,12:35:00,8.9,891810,12:35:00,8.9,891810,12:35:00
201602010107,201606180207,2016-06-18,13:10:00,01,10.0,186880,12:08:00,10.6,232660,12:36:00,8.6,476470,12:59:00,10.6,845100,13:05:00,10.6,845100,13:05:00,10.6,845100,13:05:00
201602010107,201606180207,2016-06-18,13:10:00,02,17.7,186880,12:08:00,17.3,232660,12:36:00,19.7,476470,12:59:00,27.5,845100,13:05:00,27.5,845100,13:05:00,27.5,845100,13:05:00
201602010107,201606180207,2016-06-18,13:10:00,03,17.2,186880,12:08:00,18.4,232660,12:36:00,15.8,476470,12:59:00,25.0,845100,13:05:00,25.0,845100,13:05:00,25.0,845100,13:05:00
201602010107,201606180207,2016-06-18,13:10:00,04,17.7,186880,12:08:00,19.1,232660,12:36:00,22.4,476470,12:59:00,27.7,845100,13:05:00,27.7,845100,13:05:00,27.7,845100,13:05:00
201602010107,201606180207,2016-06-18,13:10:00,05,15.2,186880,12:08:00,17.3,232660,12:36:00,25.1,476470,12:59:00,32.1,845100,13:05:00,32.1,845100,13:05:00,32.1,845100,13:05:00
201602010107,201606180207,2016-06-18,13:10:00,06,9.7,186880,12:08:00,8.6,232660,12:36:00,8.6,476470,12:59:00,5.2,845100,13:05:00,5.2,845100,13:05:00,5.2,845100,13:05:00
201602010107,201606180207,2016-06-18,13:10:00,07,3.2,186880,12:08:00,3.7,232660,12:36:00,4.7,476470,12:59:00,6.5,845100,13:05:00,6.5,845100,13:05:00,6.5,845100,13:05:00
201602010107,201606180207,2016-06-18,13:10:00,08,4.2,186880,12:08:00,3.5,232660,12:36:00,3.1,476470,12:59:00,2.5,845100,13:05:00,2.5,845100,13:05:00,2.5,845100,13:05:00
201602010107,201606180207,2016-06-18,13:10:00,09,7.7,186880,12:08:00,7.3,232660,12:36:00,5.9,476470,12:59:00,5.6,845100,13:05:00,5.6,845100,13:05:00,5.6,845100,13:05:00
201602010107,201606180207,2016-06-18,13:10:00,10,47.6,186880,12:08:00,43.6,232660,12:36:00,67.7,476470,12:59:00,79.0,845100,13:05:00,79.0,845100,13:05:00,79.0,845100,13:05:00
201602010107,201606180207,2016-06-18,13:10:00,11,8.8,186880,12:08:00,9.6,232660,12:36:00,9.6,476470,12:59:00,11.9,845100,13:05:00,11.9,845100,13:05:00,11.9,845100,13:05:00
201602010107,201606180207,2016-06-18,13:10:00,12,103.8,186880,12:08:00,116.3,232660,12:36:00,154.9,476470,12:59:00,136.3,845100,13:05:00,136.3,845100,13:05:00,136.3,845100,13:05:00
201602010108,201606180208,2016-06-18,13:40:00,01,7.5,285330,12:37:00,8.0,371240,13:10:00,10.5,748250,13:29:00,10.8,945050,13:34:00,10.8,945050,13:34:00,10.8,945050,13:34:00
201602010108,201606180208,2016-06-18,13:40:00,02,16.9,285330,12:37:00,18.6,371240,13:10:00,18.3,748250,13:29:00,15.9,945050,13:34:00,15.9,945050,13:34:00,15.9,945050,13:34:00
201602010108,201606180208,2016-06-18,13:40:00,03,29.6,285330,12:37:00,26.7,371240,13:10:00,28.4,748250,13:29:00,25.6,945050,13:34:00,25.6,945050,13:34:00,25.6,945050,13:34:00
201602010108,201606180208,2016-06-18,13:40:00,04,38.7,285330,12:37:00,40.2,371240,13:10:00,54.8,748250,13:29:00,62.3,945050,13:34:00,62.3,945050,13:34:00,62.3,945050,13:34:00
201602010108,201606180208,2016-06-18,13:40:00,05,8.4,285330,12:37:00,7.0,371240,13:10:00,7.5,748250,13:29:00,7.2,945050,13:34:00,7.2,945050,13:34:00,7.2,945050,13:34:00
201602010108,201606180208,2016-06-18,13:40:00,06,56.2,285330,12:37:00,59.7,371240,13:10:00,80.7,748250,13:29:00,89.6,945050,13:34:00,89.6,945050,13:34:00,89.6,945050,13:34:00
201602010108,201606180208,2016-06-18,13:40:00,07,80.0,285330,12:37:00,100.6,371240,13:10:00,132.7,748250,13:29:00,154.9,945050,13:34:00,154.9,945050,13:34:00,154.9,945050,13:34:00
201602010108,201606180208,2016-06-18,13:40:00,08,17.0,285330,12:37:00,17.6,371240,13:10:00,22.4,748250,13:29:00,26.3,945050,13:34:00,26.3,945050,13:34:00,26.3,945050,13:34:00
201602010108,201606180208,2016-06-18,13:40:00,09,85.1,285330,12:37:00,78.7,371240,13:10:00,111.2,748250,13:29:00,117.9,945050,13:34:00,117.9,945050,13:34:00,117.9,945050,13:34:00
201602010108,201606180208,2016-06-18,13:40:00,10,11.2,285330,12:37:00,12.7,371240,13:10:00,8.5,748250,13:29:00,8.5,945050,13:34:00,8.5,945050,13:34:00,8.5,945050,13:34:00
201602010108,201606180208,2016-06-18,13:40:00,11,12.8,285330,12:37:00,14.1,371240,13:10:00,13.5,748250,13:29:00,13.7,945050,13:34:00,13.7,945050,13:34:00,13.7,945050,13:34:00
201602010108,201606180208,2016-06-18,13:40:00,12,35.6,285330,12:37:00,42.2,371240,13:10:00,57.1,748250,13:29:00,54.7,945050,13:34:00,54.7,945050,13:34:00,54.7,945050,13:34:00
201602010108,201606180208,2016-06-18,13:40:00,13,115.8,285330,12:37:00,119.2,371240,13:10:00,145.6,748250,13:29:00,153.9,945050,13:34:00,153.9,945050,13:34:00,153.9,945050,13:34:00
201602010108,201606180208,2016-06-18,13:40:00,14,167.8,285330,12:37:00,184.4,371240,13:10:00,299.3,748250,13:29:00,283.1,945050,13:34:00,283.1,945050,13:34:00,283.1,945050,13:34:00
201602010108,201606180208,2016-06-18,13:40:00,15,1.7,285330,12:37:00,1.7,371240,13:10:00,1.6,748250,13:29:00,1.6,945050,13:34:00,1.6,945050,13:34:00,1.6,945050,13:34:00
201602010108,201606180208,2016-06-18,13:40:00,16,73.8,285330,12:37:00,78.1,371240,13:10:00,86.3,748250,13:29:00,102.0,945050,13:34:00,102.0,945050,13:34:00,102.0,945050,13:34:00
201602010109,201606180209,2016-06-18,14:15:00,01,12.1,219530,13:10:00,14.5,345250,13:45:00,10.3,639660,14:04:00,9.7,1148240,14:09:00,9.7,1148240,14:09:00,9.7,1148240,14:09:00
201602010109,201606180209,2016-06-18,14:15:00,02,21.8,219530,13:10:00,26.5,345250,13:45:00,34.7,639660,14:04:00,46.6,1148240,14:09:00,46.6,1148240,14:09:00,46.6,1148240,14:09:00
201602010109,201606180209,2016-06-18,14:15:00,03,32.5,219530,13:10:00,43.4,345250,13:45:00,42.6,639660,14:04:00,55.0,1148240,14:09:00,55.0,1148240,14:09:00,55.0,1148240,14:09:00
201602010109,201606180209,2016-06-18,14:15:00,04,13.6,219530,13:10:00,18.0,345250,13:45:00,22.5,639660,14:04:00,27.0,1148240,14:09:00,27.0,1148240,14:09:00,27.0,1148240,14:09:00
201602010109,201606180209,2016-06-18,14:15:00,05,26.8,219530,13:10:00,36.5,345250,13:45:00,53.1,639660,14:04:00,80.0,1148240,14:09:00,80.0,1148240,14:09:00,80.0,1148240,14:09:00
201602010109,201606180209,2016-06-18,14:15:00,06,22.9,219530,13:10:00,29.8,345250,13:45:00,37.7,639660,14:04:00,45.9,1148240,14:09:00,45.9,1148240,14:09:00,45.9,1148240,14:09:00
201602010109,201606180209,2016-06-18,14:15:00,07,6.0,219530,13:10:00,5.5,345250,13:45:00,5.0,639660,14:04:00,4.9,1148240,14:09:00,4.9,1148240,14:09:00,4.9,1148240,14:09:00
201602010109,201606180209,2016-06-18,14:15:00,08,14.9,219530,13:10:00,17.6,345250,13:45:00,10.5,639660,14:04:00,9.4,1148240,14:09:00,9.4,1148240,14:09:00,9.4,1148240,14:09:00
201602010109,201606180209,2016-06-18,14:15:00,09,8.9,219530,13:10:00,12.0,345250,13:45:00,9.6,639660,14:04:00,9.2,1148240,14:09:00,9.2,1148240,14:09:00,9.2,1148240,14:09:00
201602010109,201606180209,2016-06-18,14:15:00,10,3.4,219530,13:10:00,2.1,345250,13:45:00,2.9,639660,14:04:00,2.9,1148240,14:09:00,2.9,1148240,14:09:00,2.9,1148240,14:09:00
201602010109,201606180209,2016-06-18,14:15:00,11,10.2,219530,13:10:00,14.0,345250,13:45:00,15.4,639660,14:04:00,14.7,1148240,14:09:00,14.7,1148240,14:09:00,14.7,1148240,14:09:00
201602010109,201606180209,2016-06-18,14:15:00,12,4.8,219530,13:10:00,6.3,345250,13:45:00,4.6,639660,14:04:00,4.5,1148240,14:09:00,4.5,1148240,14:09:00,4.5,1148240,14:09:00
201602010110,201606180210,2016-06-18,14:50:00,01,6.8,266170,13:47:00,7.3,364050,14:20:00,9.7,866210,14:39:00,8.4,1361010,14:44:00,8.4,1361010,14:44:00,8.4,1361010,14:44:00
201602010110,201606180210,2016-06-18,14:50:00,02,82.5,266170,13:47:00,82.7,364050,14:20:00,95.1,866210,14:39:00,112.8,1361010,14:44:00,112.8,1361010,14:44:00,112.8,1361010,14:44:00
201602010110,201606180210,2016-06-18,14:50:00,03,8.9,266170,13:47:00,8.8,364050,14:20:00,8.1,866210,14:39:00,8.2,1361010,14:44:00,8.2,1361010,14:44:00,8.2,1361010,14:44:00
201602010110,201606180210,2016-06-18,14:50:00,04,5.2,266170,13:47:00,5.0,364050,14:20:00,6.3,866210,14:39:00,7.1,1361010,14:44:00,7.1,1361010,14:44:00,7.1,1361010,14:44:00
201602010110,201606180210,2016-06-18,14:50:00,05,6.0,266170,13:47:00,5.7,364050,14:20:00,3.8,866210,14:39:00,4.4,1361010,14:44:00,4.4,1361010,14:44:00,4.4,1361010,14:44:00
201602010110,201606180210,2016-06-18,14:50:00,06,19.8,266170,13:47:00,23.5,364050,14:20:00,24.4,866210,14:39:00,23.9,1361010,14:44:00,23.9,1361010,14:44:00,23.9,1361010,14:44:00
201602010110,201606180210,2016-06-18,14:50:00,07,5.4,266170,13:47:00,5.3,364050,14:20:00,4.8,866210,14:39:00,5.1,1361010,14:44:00,5.1,1361010,14:44:00,5.1,1361010,14:44:00
201602010110,201606180210,2016-06-18,14:50:00,08,18.7,266170,13:47:00,18.8,364050,14:20:00,27.7,866210,14:39:00,24.9,1361010,14:44:00,24.9,1361010,14:44:00,24.9,1361010,14:44:00
201602010110,201606180210,2016-06-18,14:50:00,09,14.1,266170,13:47:00,15.5,364050,14:20:00,22.1,866210,14:39:00,20.6,1361010,14:44:00,20.6,1361010,14:44:00,20.6,1361010,14:44:00
201602010110,201606180210,2016-06-18,14:50:00,10,6.8,266170,13:47:00,6.6,364050,14:20:00,6.0,866210,14:39:00,6.0,1361010,14:44:00,6.0,1361010,14:44:00,6.0,1361010,14:44:00
201602010110,201606180210,2016-06-18,14:50:00,11,8.1,266170,13:47:00,8.3,364050,14:20:00,9.7,866210,14:39:00,6.6,1361010,14:44:00,6.6,1361010,14:44:00,6.6,1361010,14:44:00
201602010111,201606180211,2016-06-18,15:25:00,01,13.4,1163930,14:24:00,14.0,1483880,14:51:00,14.7,2242270,15:14:00,15.5,3251590,15:19:00,15.5,3251590,15:19:00,15.5,3251590,15:19:00
201602010111,201606180211,2016-06-18,15:25:00,02,41.9,1163930,14:24:00,48.0,1483880,14:51:00,54.5,2242270,15:14:00,70.0,3251590,15:19:00,70.0,3251590,15:19:00,70.0,3251590,15:19:00
201602010111,201606180211,2016-06-18,15:25:00,03,10.5,1163930,14:24:00,5.9,1483880,14:51:00,7.3,2242270,15:14:00,8.8,3251590,15:19:00,8.8,3251590,15:19:00,8.8,3251590,15:19:00
201602010111,201606180211,2016-06-18,15:25:00,04,4.7,1163930,14:24:00,5.1,1483880,14:51:00,4.7,2242270,15:14:00,4.2,3251590,15:19:00,4.2,3251590,15:19:00,4.2,3251590,15:19:00
201602010111,201606180211,2016-06-18,15:25:00,05,4.6,1163930,14:24:00,4.7,1483880,14:51:00,4.5,2242270,15:14:00,4.6,3251590,15:19:00,4.6,3251590,15:19:00,4.6,3251590,15:19:00
201602010111,201606180211,2016-06-18,15:25:00,06,168.9,1163930,14:24:00,190.2,1483880,14:51:00,222.5,2242270,15:14:00,222.9,3251590,15:19:00,222.9,3251590,15:19:00,222.9,3251590,15:19:00
201602010111,201606180211,2016-06-18,15:25:00,07,5.8,1163930,14:24:00,6.4,1483880,14:51:00,5.2,2242270,15:14:00,5.3,3251590,15:19:00,5.3,3251590,15:19:00,5.3,3251590,15:19:00
201602010111,201606180211,2016-06-18,15:25:00,08,35.8,1163930,14:24:00,41.1,1483880,14:51:00,44.5,2242270,15:14:00,48.8,3251590,15:19:00,48.8,3251590,15:19:00,48.8,3251590,15:19:00
201602010111,201606180211,2016-06-18,15:25:00,09,14.6,1163930,14:24:00,15.3,1483880,14:51:00,16.2,2242270,15:14:00,16.7,3251590,15:19:00,16.7,3251590,15:19:00,16.7,3251590,15:19:00
201602010111,201606180211,2016-06-18,15:25:00,10,13.9,1163930,14:24:00,16.0,1483880,14:51:00,15.5,2242270,15:14:00,13.4,3251590,15:19:00,13.4,3251590,15:19:00,13.4,3251590,15:19:00
201602010111,201606180211,2016-06-18,15:25:00,11,10.4,1163930,14:24:00,11.4,1483880,14:51:00,11.8,2242270,15:14:00,10.8,3251590,15:19:00,10.8,3251590,15:19:00,10.8,3251590,15:19:00
201602010111,201606180211,2016-06-18,15:25:00,12,15.6,1163930,14:24:00,17.6,1483880,14:51:00,20.0,2242270,15:14:00,19.2,3251590,15:19:00,19.2,3251590,15:19:00,19.2,3251590,15:19:00
201602010111,201606180211,2016-06-18,15:25:00,13,27.1,1163930,14:24:00,29.5,1483880,14:51:00,32.7,2242270,15:14:00,35.6,3251590,15:19:00,35.6,3251590,15:19:00,35.6,3251590,15:19:00
201602010111,201606180211,2016-06-18,15:25:00,14,141.2,1163930,14:24:00,113.4,1483880,14:51:00,138.0,2242270,15:14:00,174.6,3251590,15:19:00,174.6,3251590,15:19:00,174.6,3251590,15:19:00
201602010111,201606180211,2016-06-18,15:25:00,15,19.5,1163930,14:24:00,20.3,1483880,14:51:00,20.5,2242270,15:14:00,18.6,3251590,15:19:00,18.6,3251590,15:19:00,18.6,3251590,15:19:00
201602010111,201606180211,2016-06-18,15:25:00,16,26.8,1163930,14:24:00,28.4,1483880,14:51:00,29.9,2242270,15:14:00,33.5,3251590,15:19:00,33.5,3251590,15:19:00,33.5,3251590,15:19:00
201602010112,201606180212,2016-06-18,16:05:00,01,13.0,511730,15:00:00,12.3,627530,15:34:00,9.5,1585300,15:54:00,9.8,2434730,15:59:00,9.8,2434730,15:59:00,9.8,2434730,15:59:00
201602010112,201606180212,2016-06-18,16:05:00,02,4.6,511730,15:00:00,4.9,627530,15:34:00,6.3,1585300,15:54:00,6.8,2434730,15:59:00,6.8,2434730,15:59:00,6.8,2434730,15:59:00
201602010112,201606180212,2016-06-18,16:05:00,03,26.0,511730,15:00:00,27.2,627530,15:34:00,37.6,1585300,15:54:00,46.7,2434730,15:59:00,46.7,2434730,15:59:00,46.7,2434730,15:59:00
201602010112,201606180212,2016-06-18,16:05:00,04,9.2,511730,15:00:00,9.2,627530,15:34:00,12.6,1585300,15:54:00,12.6,2434730,15:59:00,12.6,2434730,15:59:00,12.6,2434730,15:59:00
201602010112,201606180212,2016-06-18,16:05:00,05,8.1,511730,15:00:00,7.9,627530,15:34:00,7.5,1585300,15:54:00,8.0,2434730,15:59:00,8.0,2434730,15:59:00,8.0,2434730,15:59:00
201602010112,201606180212,2016-06-18,16:05:00,06,66.8,511730,15:00:00,69.5,627530,15:34:00,90.9,1585300,15:54:00,101.6,2434730,15:59:00,101.6,2434730,15:59:00,101.6,2434730,15:59:00
201602010112,201606180212,2016-06-18,16:05:00,07,71.0,511730,15:00:00,67.0,627530,15:34:00,108.1,1585300,15:54:00,119.0,2434730,15:59:00,119.0,2434730,15:59:00,119.0,2434730,15:59:00
201602010112,201606180212,2016-06-18,16:05:00,08,3.9,511730,15:00:00,3.8,627530,15:34:00,2.8,1585300,15:54:00,2.4,2434730,15:59:00,2.4,2434730,15:59:00,2.4,2434730,15:59:00
201602010112,201606180212,2016-06-18,16:05:00,09,89.7,511730,15:00:00,95.4,627530,15:34:00,181.6,1585300,15:54:00,214.7,2434730,15:59:00,214.7,2434730,15:59:00,214.7,2434730,15:59:00
201602010112,201606180212,2016-06-18,16:05:00,10,9.7,511730,15:00:00,9.5,627530,15:34:00,11.5,1585300,15:54:00,13.2,2434730,15:59:00,13.2,2434730,15:59:00,13.2,2434730,15:59:00
201602010112,201606180212,2016-06-18,16:05:00,11,66.0,511730,15:00:00,73.8,627530,15:34:00,119.8,1585300,15:54:00,134.5,2434730,15:59:00,134.5,2434730,15:59:00,134.5,2434730,15:59:00
201602010112,201606180212,2016-06-18,16:05:00,12,20.8,511730,15:00:00,20.0,627530,15:34:00,25.5,1585300,15:54:00,26.7,2434730,15:59:00,26.7,2434730,15:59:00,26.7,2434730,15:59:00
201602010112,201606180212,2016-06-18,16:05:00,13,62.4,511730,15:00:00,65.0,627530,15:34:00,110.4,1585300,15:54:00,127.0,2434730,15:59:00,127.0,2434730,15:59:00,127.0,2434730,15:59:00
201602010112,201606180212,2016-06-18,16:05:00,14,14.8,511730,15:00:00,14.6,627530,15:34:00,10.8,1585300,15:54:00,11.8,2434730,15:59:00,11.8,2434730,15:59:00,11.8,2434730,15:59:00
201602010112,201606180212,2016-06-18,16:05:00,15,12.8,511730,15:00:00,12.4,627530,15:34:00,10.5,1585300,15:54:00,9.7,2434730,15:59:00,9.7,2434730,15:59:00,9.7,2434730,15:59:00
201602010112,201606180212,2016-06-18,16:05:00,16,14.0,511730,15:00:00,15.1,627530,15:34:00,26.3,1585300,15:54:00,25.8,2434730,15:59:00,25.8,2434730,15:59:00,25.8,2434730,15:59:00
201602010201,201606190201,2016-06-19,09:55:00,01,81.8,288390,08:54:00,86.6,410290,09:24:00,101.9,889430,09:44:00,124.5,1246840,09:49:00,124.5,1246840,09:49:00,124.5,1246840,09:49:00
201602010201,201606190201,2016-06-19,09:55:00,02,4.3,288390,08:54:00,4.4,410290,09:24:00,4.3,889430,09:44:00,4.4,1246840,09:49:00,4.4,1246840,09:49:00,4.4,1246840,09:49:00
201602010201,201606190201,2016-06-19,09:55:00,03,12.3,288390,08:54:00,12.7,410290,09:24:00,11.8,889430,09:44:00,11.2,1246840,09:49:00,11.2,1246840,09:49:00,11.2,1246840,09:49:00
201602010201,201606190201,2016-06-19,09:55:00,04,53.5,288390,08:54:00,60.8,410290,09:24:00,63.3,889430,09:44:00,64.0,1246840,09:49:00,64.0,1246840,09:49:00,64.0,1246840,09:49:00
201602010201,201606190201,2016-06-19,09:55:00,05,5.7,288390,08:54:00,5.9,410290,09:24:00,8.5,889430,09:44:00,8.4,1246840,09:49:00,8.4,1246840,09:49:00,8.4,1246840,09:49:00
201602010201,201606190201,2016-06-19,09:55:00,06,2.5,288390,08:54:00,2.4,410290,09:24:00,2.0,889430,09:44:00,2.1,1246840,09:49:00,2.1,1246840,09:49:00,2.1,1246840,09:49:00
201602010201,201606190201,2016-06-19,09:55:00,07,86.0,288390,08:54:00,83.7,410290,09:24:00,96.0,889430,09:44:00,96.0,1246840,09:49:00,96.0,1246840,09:49:00,96.0,1246840,09:49:00
201602010201,201606190201,2016-06-19,09:55:00,08,55.0,288390,08:54:00,67.6,410290,09:24:00,85.0,889430,09:44:00,87.4,1246840,09:49:00,87.4,1246840,09:49:00,87.4,1246840,09:49:00
201602010201,201606190201,2016-06-19,09:55:00,09,8.0,288390,08:54:00,8.8,410290,09:24:00,10.3,889430,09:44:00,10.8,1246840,09:49:00,10.8,1246840,09:49:00,10.8,1246840,09:49:00
201602010201,201606190201,2016-06-19,09:55:00,10,12.1,288390,08:54:00,11.7,410290,09:24:00,10.7,889430,09:44:00,9.6,1246840,09:49:00,9.6,1246840,09:49:00,9.6,1246840,09:49:00
201602010201,201606190201,2016-06-19,09:55:00,11,53.4,288390,08:54:00,46.1,410290,09:24:00,55.5,889430,09:44:00,62.6,1246840,09:49:00,62.6,1246840,09:49:00,62.6,1246840,09:49:00
201602010201,201606190201,2016-06-19,09:55:00,12,12.8,288390,08:54:00,12.8,410290,09:24:00,12.8,889430,09:44:00,12.9,1246840,09:49:00,12.9,1246840,09:49:00,12.9,1246840,09:49:00
201602010201,201606190201,2016-06-19,09:55:00,13,75.6,288390,08:54:00,88.9,410290,09:24:00,106.8,889430,09:44:00,119.0,1246840,09:49:00,119.0,1246840,09:49:00,119.0,1246840,09:49:00
201602010202,201606190202,2016-06-19,10:20:00,01,11.2,149410,09:15:00,11.1,211340,09:48:00,9.8,330750,10:09:00,10.8,622280,10:15:00,10.8,622280,10:15:00,10.8,622280,10:15:00
201602010202,201606190202,2016-06-19,10:20:00,02,33.7,149410,09:15:00,34.7,211340,09:48:00,45.8,330750,10:09:00,66.7,622280,10:15:00,66.7,622280,10:15:00,66.7,622280,10:15:00
201602010202,201606190202,2016-06-19,10:20:00,03,6.6,149410,09:15:00,7.1,211340,09:48:00,7.5,330750,10:09:00,8.1,622280,10:15:00,8.1,622280,10:15:00,8.1,622280,10:15:00
201602010202,201606190202,2016-06-19,10:20:00,04,25.9,149410,09:15:00,29.2,211340,09:48:00,29.6,330750,10:09:00,39.1,622280,10:15:00,39.1,622280,10:15:00,39.1,622280,10:15:00
201602010202,201606190202,2016-06-19,10:20:00,05,39.5,149410,09:15:00,42.8,211340,09:48:00,31.3,330750,10:09:00,42.2,622280,10:15:00,42.2,622280,10:15:00,42.2,622280,10:15:00
201602010202,201606190202,2016-06-19,10:20:00,06,27.9,149410,09:15:00,24.5,211340,09:48:00,19.2,330750,10:09:00,26.1,622280,10:15:00,26.1,622280,10:15:00,26.1,622280,10:15:00
201602010202,201606190202,2016-06-19,10:20:00,07,24.2,149410,09:15:00,27.2,211340,09:48:00,28.7,330750,10:09:00,41.7,622280,10:15:00,41.7,622280,10:15:00,41.7,622280,10:15:00
201602010202,201606190202,2016-06-19,10:20:00,08,10.1,149410,09:15:00,10.7,211340,09:48:00,11.0,330750,10:09:00,14.1,622280,10:15:00,14.1,622280,10:15:00,14.1,622280,10:15:00
201602010202,201606190202,2016-06-19,10:20:00,09,3.4,149410,09:15:00,3.3,211340,09:48:00,3.9,330750,10:09:00,2.5,622280,10:15:00,2.5,622280,10:15:00,2.5,622280,10:15:00
201602010202,201606190202,2016-06-19,10:20:00,10,8.6,149410,09:15:00,8.0,211340,09:48:00,6.4,330750,10:09:00,5.5,622280,10:15:00,5.5,622280,10:15:00,5.5,622280,10:15:00
201602010202,201606190202,2016-06-19,10:20:00,11,6.1,149410,09:15:00,5.8,211340,09:48:00,6.4,330750,10:09:00,7.6,622280,10:15:00,7.6,622280,10:15:00,7.6,622280,10:15:00
201602010202,201606190202,2016-06-19,10:20:00,12,102.1,149410,09:15:00,90.8,211340,09:48:00,56.5,330750,10:09:00,91.5,622280,10:15:00,91.5,622280,10:15:00,91.5,622280,10:15:00
201602010202,201606190202,2016-06-19,10:20:00,13,85.3,149410,09:15:00,70.4,211340,09:48:00,80.4,330750,10:09:00,116.5,622280,10:15:00,116.5,622280,10:15:00,116.5,622280,10:15:00
201602010202,201606190202,2016-06-19,10:20:00,14,119.5,149410,09:15:00,123.4,211340,09:48:00,124.2,330750,10:09:00,169.9,622280,10:15:00,169.9,622280,10:15:00,169.9,622280,10:15:00
201602010202,201606190202,2016-06-19,10:20:00,15,21.6,149410,09:15:00,24.2,211340,09:48:00,27.4,330750,10:09:00,32.6,622280,10:15:00,32.6,622280,10:15:00,32.6,622280,10:15:00
201602010202,201606190202,2016-06-19,10:20:00,16,9.9,149410,09:15:00,10.2,211340,09:48:00,8.8,330750,10:09:00,11.7,622280,10:15:00,11.7,622280,10:15:00,11.7,622280,10:15:00
201602010203,201606190203,2016-06-19,10:50:00,01,49.0,114040,09:48:00,54.1,147530,10:18:00,46.0,366430,10:39:00,60.5,597030,10:45:00,60.5,597030,10:45:00,60.5,597030,10:45:00
201602010203,201606190203,2016-06-19,10:50:00,02,15.9,114040,09:48:00,17.1,147530,10:18:00,17.0,366430,10:39:00,18.9,597030,10:45:00,18.9,597030,10:45:00,18.9,597030,10:45:00
201602010203,201606190203,2016-06-19,10:50:00,03,8.4,114040,09:48:00,8.2,147530,10:18:00,8.2,366430,10:39:00,7.2,597030,10:45:00,7.2,597030,10:45:00,7.2,597030,10:45:00
201602010203,201606190203,2016-06-19,10:50:00,04,5.7,114040,09:48:00,5.9,147530,10:18:00,6.4,366430,10:39:00,6.5,597030,10:45:00,6.5,597030,10:45:00,6.5,597030,10:45:00
201602010203,201606190203,2016-06-19,10:50:00,05,9.5,114040,09:48:00,10.3,147530,10:18:00,13.6,366430,10:39:00,15.8,597030,10:45:00,15.8,597030,10:45:00,15.8,597030,10:45:00
201602010203,201606190203,2016-06-19,10:50:00,06,6.0,114040,09:48:00,5.5,147530,10:18:00,4.8,366430,10:39:00,5.2,597030,10:45:00,5.2,597030,10:45:00,5.2,597030,10:45:00
201602010203,201606190203,2016-06-19,10:50:00,07,32.2,114040,09:48:00,31.0,147530,10:18:00,48.5,366430,10:39:00,57.0,597030,10:45:00,57.0,597030,10:45:00,57.0,597030,10:45:00
201602010203,201606190203,2016-06-19,10:50:00,08,16.7,114040,09:48:00,15.7,147530,10:18:00,19.2,366430,10:39:00,20.7,597030,10:45:00,20.7,597030,10:45:00,20.7,597030,10:45:00
201602010203,201606190203,2016-06-19,10:50:00,09,37.2,114040,09:48:00,43.5,147530,10:18:00,42.1,366430,10:39:00,56.1,597030,10:45:00,56.1,597030,10:45:00,56.1,597030,10:45:00
201602010203,201606190203,2016-06-19,10:50:00,10,47.0,114040,09:48:00,47.0,147530,10:18:00,74.9,366430,10:39:00,95.7,597030,10:45:00,95.7,597030,10:45:00,95.7,597030,10:45:00
201602010203,201606190203,2016-06-19,10:50:00,11,6.8,114040,09:48:00,6.2,147530,10:18:00,5.1,366430,10:39:00,4.8,597030,10:45:00,4.8,597030,10:45:00,4.8,597030,10:45:00
201602010203,201606190203,2016-06-19,10:50:00,12,3.1,114040,09:48:00,3.2,147530,10:18:00,3.2,366430,10:39:00,2.9,597030,10:45:00,2.9,597030,10:45:00,2.9,597030,10:45:00
201602010204,201606190204,2016-06-19,11:20:00,01,3.2,189680,10:20:00,2.7,247030,10:47:00,2.9,535910,11:09:00,3.2,909250,11:15:00,3.2,909250,11:15:00,3.2,909250,11:15:00
201602010204,201606190204,2016-06-19,11:20:00,02,7.6,189680,10:20:00,8.0,247030,10:47:00,9.2,535910,11:09:00,9.6,909250,11:15:00,9.6,909250,11:15:00,9.6,909250,11:15:00
201602010204,201606190204,2016-06-19,11:20:00,03,24.8,189680,10:20:00,27.8,247030,10:47:00,35.4,535910,11:09:00,43.6,909250,11:15:00,43.6,909250,11:15:00,43.6,909250,11:15:00
201602010204,201606190204,2016-06-19,11:20:00,04,6.1,189680,10:20:00,6.3,247030,10:47:00,10.6,535910,11:09:00,13.0,909250,11:15:00,13.0,909250,11:15:00,13.0,909250,11:15:00
201602010204,201606190204,2016-06-19,11:20:00,05,61.1,189680,10:20:00,70.5,247030,10:47:00,70.5,535910,11:09:00,83.2,909250,11:15:00,83.2,909250,11:15:00,83.2,909250,11:15:00
201602010204,201606190204,2016-06-19,11:20:00,06,7.4,189680,10:20:00,7.4,247030,10:47:00,6.6,535910,11:09:00,7.4,909250,11:15:00,7.4,909250,11:15:00,7.4,909250,11:15:00
201602010204,201606190204,2016-06-19,11:20:00,07,22.7,189680,10:20:00,25.3,247030,10:47:00,28.4,535910,11:09:00,29.8,909250,11:15:00,29.8,909250,11:15:00,29.8,909250,11:15:00
201602010204,201606190204,2016-06-19,11:20:00,08,17.2,189680,10:20:00,19.9,247030,10:47:00,20.9,535910,11:09:00,18.1,909250,11:15:00,18.1,909250,11:15:00,18.1,909250,11:15:00
201602010204,201606190204,2016-06-19,11:20:00,09,41.1,189680,10:20:00,46.3,247030,10:47:00,63.0,535910,11:09:00,68.4,909250,11:15:00,68.4,909250,11:15:00,68.4,909250,11:15:00
201602010204,201606190204,2016-06-19,11:20:00,10,123.3,189680,10:20:00,138.1,247030,10:47:00,193.1,535910,11:09:00,255.2,909250,11:15:00,255.2,909250,11:15:00,255.2,909250,11:15:00
201602010204,201606190204,2016-06-19,11:20:00,11,72.6,189680,10:20:00,84.8,247030,10:47:00,51.5,535910,11:09:00,60.4,909250,11:15:00,60.4,909250,11:15:00,60.4,909250,11:15:00
201602010204,201606190204,2016-06-19,11:20:00,12,49.4,189680,10:20:00,60.6,247030,10:47:00,74.6,535910,11:09:00,76.9,909250,11:15:00,76.9,909250,11:15:00,76.9,909250,11:15:00
201602010204,201606190204,2016-06-19,11:20:00,13,3.4,189680,10:20:00,3.7,247030,10:47:00,2.6,535910,11:09:00,2.1,909250,11:15:00,2.1,909250,11:15:00,2.1,909250,11:15:00
201602010205,201606190205,2016-06-19,12:10:00,01,47.7,421660,11:05:00,50.2,680290,11:40:00,64.0,1537340,11:59:00,74.1,2112240,12:04:00,74.1,2112240,12:04:00,74.1,2112240,12:04:00
201602010205,201606190205,2016-06-19,12:10:00,02,52.2,421660,11:05:00,51.9,680290,11:40:00,58.2,1537340,11:59:00,67.6,2112240,12:04:00,67.6,2112240,12:04:00,67.6,2112240,12:04:00
201602010205,201606190205,2016-06-19,12:10:00,03,24.4,421660,11:05:00,18.5,680290,11:40:00,19.9,1537340,11:59:00,21.7,2112240,12:04:00,21.7,2112240,12:04:00,21.7,2112240,12:04:00
201602010205,201606190205,2016-06-19,12:10:00,04,11.7,421660,11:05:00,11.0,680290,11:40:00,11.4,1537340,11:59:00,12.2,2112240,12:04:00,12.2,2112240,12:04:00,12.2,2112240,12:04:00
201602010205,201606190205,2016-06-19,12:10:00,05,1.5,421660,11:05:00,1.7,680290,11:40:00,1.5,1537340,11:59:00,1.5,2112240,12:04:00,1.5,2112240,12:04:00,1.5,2112240,12:04:00
201602010205,201606190205,2016-06-19,12:10:00,06,43.2,421660,11:05:00,39.7,680290,11:40:00,43.7,1537340,11:59:00,47.9,2112240,12:04:00,47.9,2112240,12:04:00,47.9,2112240,12:04:00
201602010205,201606190205,2016-06-19,12:10:00,07,14.4,421660,11:05:00,16.1,680290,11:40:00,21.1,1537340,11:59:00,21.3,2112240,12:04:00,21.3,2112240,12:04:00,21.3,2112240,12:04:00
201602010205,201606190205,2016-06-19,12:10:00,08,6.2,421660,11:05:00,5.3,680290,11:40:00,6.9,1537340,11:59:00,7.1,2112240,12:04:00,7.1,2112240,12:04:00,7.1,2112240,12:04:00
201602010205,201606190205,2016-06-19,12:10:00,09,64.7,421660,11:05:00,70.6,680290,11:40:00,98.1,1537340,11:59:00,116.9,2112240,12:04:00,116.9,2112240,12:04:00,116.9,2112240,12:04:00
201602010205,201606190205,2016-06-19,12:10:00,10,15.7,421660,11:05:00,14.8,680290,11:40:00,12.7,1537340,11:59:00,13.9,2112240,12:04:00,13.9,2112240,12:04:00,13.9,2112240,12:04:00
201602010205,201606190205,2016-06-19,12:10:00,11,11.9,421660,11:05:00,11.7,680290,11:40:00,8.8,1537340,11:59:00,8.3,2112240,12:04:00,8.3,2112240,12:04:00,8.3,2112240,12:04:00
201602010206,201606190206,2016-06-19,12:40:00,01,15.5,248110,11:39:00,17.1,304920,12:09:00,22.3,510030,12:29:00,25.5,694500,12:34:00,25.5,694500,12:34:00,25.5,694500,12:34:00
201602010206,201606190206,2016-06-19,12:40:00,02,40.9,248110,11:39:00,46.5,304920,12:09:00,61.4,510030,12:29:00,73.3,694500,12:34:00,73.3,694500,12:34:00,73.3,694500,12:34:00
201602010206,201606190206,2016-06-19,12:40:00,03,11.4,248110,11:39:00,10.0,304920,12:09:00,9.9,510030,12:29:00,9.0,694500,12:34:00,9.0,694500,12:34:00,9.0,694500,12:34:00
201602010206,201606190206,2016-06-19,12:40:00,04,40.7,248110,11:39:00,42.7,304920,12:09:00,46.3,510030,12:29:00,51.9,694500,12:34:00,51.9,694500,12:34:00,51.9,694500,12:34:00
201602010206,201606190206,2016-06-19,12:40:00,05,47.4,248110,11:39:00,47.0,304920,12:09:00,45.8,510030,12:29:00,43.3,694500,12:34:00,43.3,694500,12:34:00,43.3,694500,12:34:00
201602010206,201606190206,2016-06-19,12:40:00,06,6.3,248110,11:39:00,7.0,304920,12:09:00,9.1,510030,12:29:00,9.2,694500,12:34:00,9.2,694500,12:34:00,9.2,694500,12:34:00
201602010206,201606190206,2016-06-19,12:40:00,07,17.4,248110,11:39:00,16.3,304920,12:09:00,15.2,510030,12:29:00,13.3,694500,12:34:00,13.3,694500,12:34:00,13.3,694500,12:34:00
201602010206,201606190206,2016-06-19,12:40:00,08,12.1,248110,11:39:00,12.7,304920,12:09:00,16.6,510030,12:29:00,18.6,694500,12:34:00,18.6,694500,12:34:00,18.6,694500,12:34:00
201602010206,201606190206,2016-06-19,12:40:00,09,10.4,248110,11:39:00,11.3,304920,12:09:00,10.5,510030,12:29:00,10.3,694500,12:34:00,10.3,694500,12:34:00,10.3,694500,12:34:00
201602010206,201606190206,2016-06-19,12:40:00,10,5.0,248110,11:39:00,5.4,304920,12:09:00,5.2,510030,12:29:00,6.0,694500,12:34:00,6.0,694500,12:34:00,6.0,694500,12:34:00
201602010206,201606190206,2016-06-19,12:40:00,11,8.4,248110,11:39:00,7.4,304920,12:09:00,6.8,510030,12:29:00,6.1,694500,12:34:00,6.1,694500,12:34:00,6.1,694500,12:34:00
201602010206,201606190206,2016-06-19,12:40:00,12,4.2,248110,11:39:00,3.8,304920,12:09:00,3.1,510030,12:29:00,3.0,694500,12:34:00,3.0,694500,12:34:00,3.0,694500,12:34:00
201602010206,201606190206,2016-06-19,12:40:00,13,24.1,248110,11:39:00,28.2,304920,12:09:00,43.2,510030,12:29:00,47.4,694500,12:34:00,47.4,694500,12:34:00,47.4,694500,12:34:00
201602010206,201606190206,2016-06-19,12:40:00,14,24.0,248110,11:39:00,23.2,304920,12:09:00,30.4,510030,12:29:00,27.7,694500,12:34:00,27.7,694500,12:34:00,27.7,694500,12:34:00
201602010207,201606190207,2016-06-19,13:10:00,01,32.8,211220,12:06:00,37.2,256010,12:39:00,56.1,512360,12:59:00,62.0,826770,13:04:00,62.0,826770,13:04:00,62.0,826770,13:04:00
201602010207,201606190207,2016-06-19,13:10:00,02,19.9,211220,12:06:00,19.3,256010,12:39:00,23.1,512360,12:59:00,26.6,826770,13:04:00,26.6,826770,13:04:00,26.6,826770,13:04:00
201602010207,201606190207,2016-06-19,13:10:00,03,5.8,211220,12:06:00,5.5,256010,12:39:00,5.4,512360,12:59:00,6.6,826770,13:04:00,6.6,826770,13:04:00,6.6,826770,13:04:00
201602010207,201606190207,2016-06-19,13:10:00,04,5.9,211220,12:06:00,5.6,256010,12:39:00,4.5,512360,12:59:00,4.2,826770,13:04:00,4.2,826770,13:04:00,4.2,826770,13:04:00
201602010207,201606190207,2016-06-19,13:10:00,05,45.9,211220,12:06:00,46.2,256010,12:39:00,59.0,512360,12:59:00,52.7,826770,13:04:00,52.7,826770,13:04:00,52.7,826770,13:04:00
201602010207,201606190207,2016-06-19,13:10:00,06,8.1,211220,12:06:00,8.4,256010,12:39:00,11.0,512360,12:59:00,12.1,826770,13:04:00,12.1,826770,13:04:00,12.1,826770,13:04:00
201602010207,201606190207,2016-06-19,13:10:00,07,8.1,211220,12:06:00,8.4,256010,12:39:00,7.4,512360,12:59:00,7.6,826770,13:04:00,7.6,826770,13:04:00,7.6,826770,13:04:00
201602010207,201606190207,2016-06-19,13:10:00,08,5.6,211220,12:06:00,5.1,256010,12:39:00,4.3,512360,12:59:00,3.8,826770,13:04:00,3.8,826770,13:04:00,3.8,826770,13:04:00
201602010207,201606190207,2016-06-19,13:10:00,09,8.0,211220,12:06:00,8.4,256010,12:39:00,10.7,512360,12:59:00,12.3,826770,13:04:00,12.3,826770,13:04:00,12.3,826770,13:04:00
201602010207,201606190207,2016-06-19,13:10:00,10,5.9,211220,12:06:00,6.5,256010,12:39:00,6.4,512360,12:59:00,5.8,826770,13:04:00,5.8,826770,13:04:00,5.8,826770,13:04:00
201602010207,201606190207,2016-06-19,13:10:00,11,21.7,211220,12:06:00,22.9,256010,12:39:00,31.0,512360,12:59:00,31.0,826770,13:04:00,31.0,826770,13:04:00,31.0,826770,13:04:00
201602010207,201606190207,2016-06-19,13:10:00,12,108.3,211220,12:06:00,122.6,256010,12:39:00,170.7,512360,12:59:00,198.0,826770,13:04:00,198.0,826770,13:04:00,198.0,826770,13:04:00
201602010207,201606190207,2016-06-19,13:10:00,13,24.8,211220,12:06:00,26.2,256010,12:39:00,34.4,512360,12:59:00,35.5,826770,13:04:00,35.5,826770,13:04:00,35.5,826770,13:04:00
201602010208,201606190208,2016-06-19,13:40:00,01,6.9,253210,12:38:00,7.0,316360,13:08:00,6.9,590500,13:29:00,6.3,898490,13:34:00,6.3,898490,13:34:00,6.3,898490,13:34:00
201602010208,201606190208,2016-06-19,13:40:00,02,71.8,253210,12:38:00,82.4,316360,13:08:00,91.7,590500,13:29:00,92.8,898490,13:34:00,92.8,898490,13:34:00,92.8,898490,13:34:00
201602010208,201606190208,2016-06-19,13:40:00,03,6.8,253210,12:38:00,7.2,316360,13:08:00,7.3,590500,13:29:00,7.6,898490,13:34:00,7.6,898490,13:34:00,7.6,898490,13:34:00
201602010208,201606190208,2016-06-19,13:40:00,04,4.3,253210,12:38:00,3.7,316360,13:08:00,3.9,590500,13:29:00,3.4,898490,13:34:00,3.4,898490,13:34:00,3.4,898490,13:34:00
201602010208,201606190208,2016-06-19,13:40:00,05,22.5,253210,12:38:00,24.5,316360,13:08:00,27.8,590500,13:29:00,31.3,898490,13:34:00,31.3,898490,13:34:00,31.3,898490,13:34:00
201602010208,201606190208,2016-06-19,13:40:00,06,19.4,253210,12:38:00,19.3,316360,13:08:00,19.2,590500,13:29:00,19.4,898490,13:34:00,19.4,898490,13:34:00,19.4,898490,13:34:00
201602010208,201606190208,2016-06-19,13:40:00,07,63.1,253210,12:38:00,62.1,316360,13:08:00,77.8,590500,13:29:00,91.3,898490,13:34:00,91.3,898490,13:34:00,91.3,898490,13:34:00
201602010208,201606190208,2016-06-19,13:40:00,08,8.5,253210,12:38:00,9.5,316360,13:08:00,9.4,590500,13:29:00,9.3,898490,13:34:00,9.3,898490,13:34:00,9.3,898490,13:34:00
201602010208,201606190208,2016-06-19,13:40:00,09,9.5,253210,12:38:00,9.7,316360,13:08:00,8.3,590500,13:29:00,8.9,898490,13:34:00,8.9,898490,13:34:00,8.9,898490,13:34:00
201602010208,201606190208,2016-06-19,13:40:00,10,28.2,253210,12:38:00,28.7,316360,13:08:00,39.5,590500,13:29:00,42.0,898490,13:34:00,42.0,898490,13:34:00,42.0,898490,13:34:00
201602010208,201606190208,2016-06-19,13:40:00,11,152.3,253210,12:38:00,160.1,316360,13:08:00,184.5,590500,13:29:00,168.7,898490,13:34:00,168.7,898490,13:34:00,168.7,898490,13:34:00
201602010208,201606190208,2016-06-19,13:40:00,12,59.5,253210,12:38:00,53.0,316360,13:08:00,56.9,590500,13:29:00,62.8,898490,13:34:00,62.8,898490,13:34:00,62.8,898490,13:34:00
201602010208,201606190208,2016-06-19,13:40:00,13,27.1,253210,12:38:00,25.5,316360,13:08:00,24.7,590500,13:29:00,24.6,898490,13:34:00,24.6,898490,13:34:00,24.6,898490,13:34:00
201602010208,201606190208,2016-06-19,13:40:00,14,42.4,253210,12:38:00,45.9,316360,13:08:00,50.2,590500,13:29:00,58.2,898490,13:34:00,58.2,898490,13:34:00,58.2,898490,13:34:00
201602010208,201606190208,2016-06-19,13:40:00,15,14.0,253210,12:38:00,14.7,316360,13:08:00,10.1,590500,13:29:00,10.2,898490,13:34:00,10.2,898490,13:34:00,10.2,898490,13:34:00
201602010208,201606190208,2016-06-19,13:40:00,16,5.2,253210,12:38:00,5.3,316360,13:08:00,5.8,590500,13:29:00,6.9,898490,13:34:00,6.9,898490,13:34:00,6.9,898490,13:34:00
201602010209,201606190209,2016-06-19,14:15:00,01,13.6,360650,13:12:00,14.6,479240,13:42:00,15.0,1004810,14:04:00,10.7,1560890,14:09:00,10.7,1560890,14:09:00,10.7,1560890,14:09:00
201602010209,201606190209,2016-06-19,14:15:00,02,14.1,360650,13:12:00,16.5,479240,13:42:00,24.9,1004810,14:04:00,27.6,1560890,14:09:00,27.6,1560890,14:09:00,27.6,1560890,14:09:00
201602010209,201606190209,2016-06-19,14:15:00,03,92.7,360650,13:12:00,89.9,479240,13:42:00,99.7,1004810,14:04:00,92.2,1560890,14:09:00,92.2,1560890,14:09:00,92.2,1560890,14:09:00
201602010209,201606190209,2016-06-19,14:15:00,04,1.8,360650,13:12:00,1.7,479240,13:42:00,1.6,1004810,14:04:00,1.7,1560890,14:09:00,1.7,1560890,14:09:00,1.7,1560890,14:09:00
201602010209,201606190209,2016-06-19,14:15:00,05,78.8,360650,13:12:00,86.9,479240,13:42:00,113.0,1004810,14:04:00,143.3,1560890,14:09:00,143.3,1560890,14:09:00,143.3,1560890,14:09:00
201602010209,201606190209,2016-06-19,14:15:00,06,8.3,360650,13:12:00,8.9,479240,13:42:00,11.5,1004810,14:04:00,10.1,1560890,14:09:00,10.1,1560890,14:09:00,10.1,1560890,14:09:00
201602010209,201606190209,2016-06-19,14:15:00,07,39.5,360650,13:12:00,47.8,479240,13:42:00,51.4,1004810,14:04:00,59.6,1560890,14:09:00,59.6,1560890,14:09:00,59.6,1560890,14:09:00
201602010209,201606190209,2016-06-19,14:15:00,08,45.8,360650,13:12:00,54.2,479240,13:42:00,59.4,1004810,14:04:00,65.9,1560890,14:09:00,65.9,1560890,14:09:00,65.9,1560890,14:09:00
201602010209,201606190209,2016-06-19,14:15:00,09,6.1,360650,13:12:00,5.0,479240,13:42:00,4.2,1004810,14:04:00,4.8,1560890,14:09:00,4.8,1560890,14:09:00,4.8,1560890,14:09:00
201602010209,201606190209,2016-06-19,14:15:00,10,31.7,360650,13:12:00,34.8,479240,13:42:00,41.5,1004810,14:04:00,41.3,1560890,14:09:00,41.3,1560890,14:09:00,41.3,1560890,14:09:00
201602010209,201606190209,2016-06-19,14:15:00,11,13.0,360650,13:12:00,13.5,479240,13:42:00,15.9,1004810,14:04:00,12.2,1560890,14:09:00,12.2,1560890,14:09:00,12.2,1560890,14:09:00
201602010209,201606190209,2016-06-19,14:15:00,12,15.9,360650,13:12:00,17.2,479240,13:42:00,17.7,1004810,14:04:00,14.2,1560890,14:09:00,14.2,1560890,14:09:00,14.2,1560890,14:09:00
201602010209,201606190209,2016-06-19,14:15:00,13,77.7,360650,13:12:00,82.4,479240,13:42:00,95.8,1004810,14:04:00,87.5,1560890,14:09:00,87.5,1560890,14:09:00,87.5,1560890,14:09:00
201602010209,201606190209,2016-06-19,14:15:00,14,47.9,360650,13:12:00,56.2,479240,13:42:00,73.0,1004810,14:04:00,67.3,1560890,14:09:00,67.3,1560890,14:09:00,67.3,1560890,14:09:00
201602010210,201606190210,2016-06-19,14:50:00,01,9.6,428310,13:45:00,9.0,521030,14:18:00,6.3,873050,14:39:00,5.2,1432620,14:44:00,5.2,1432620,14:44:00,5.2,1432620,14:44:00
201602010210,201606190210,2016-06-19,14:50:00,02,93.3,428310,13:45:00,87.3,521030,14:18:00,87.7,873050,14:39:00,117.1,1432620,14:44:00,117.1,1432620,14:44:00,117.1,1432620,14:44:00
201602010210,201606190210,2016-06-19,14:50:00,03,6.8,428310,13:45:00,6.8,521030,14:18:00,8.3,873050,14:39:00,8.2,1432620,14:44:00,8.2,1432620,14:44:00,8.2,1432620,14:44:00
201602010210,201606190210,2016-06-19,14:50:00,04,2.7,428310,13:45:00,3.0,521030,14:18:00,3.3,873050,14:39:00,3.5,1432620,14:44:00,3.5,1432620,14:44:00,3.5,1432620,14:44:00
201602010210,201606190210,2016-06-19,14:50:00,05,23.1,428310,13:45:00,20.1,521030,14:18:00,15.4,873050,14:39:00,16.5,1432620,14:44:00,16.5,1432620,14:44:00,16.5,1432620,14:44:00
201602010210,201606190210,2016-06-19,14:50:00,06,26.7,428310,13:45:00,25.3,521030,14:18:00,17.9,873050,14:39:00,22.5,1432620,14:44:00,22.5,1432620,14:44:00,22.5,1432620,14:44:00
201602010210,201606190210,2016-06-19,14:50:00,07,22.3,428310,13:45:00,23.7,521030,14:18:00,26.0,873050,14:39:00,27.7,1432620,14:44:00,27.7,1432620,14:44:00,27.7,1432620,14:44:00
201602010210,201606190210,2016-06-19,14:50:00,08,34.1,428310,13:45:00,32.8,521030,14:18:00,31.7,873050,14:39:00,27.3,1432620,14:44:00,27.3,1432620,14:44:00,27.3,1432620,14:44:00
201602010210,201606190210,2016-06-19,14:50:00,09,11.1,428310,13:45:00,10.1,521030,14:18:00,13.1,873050,14:39:00,14.6,1432620,14:44:00,14.6,1432620,14:44:00,14.6,1432620,14:44:00
201602010210,201606190210,2016-06-19,14:50:00,10,16.4,428310,13:45:00,16.1,521030,14:18:00,13.7,873050,14:39:00,13.6,1432620,14:44:00,13.6,1432620,14:44:00,13.6,1432620,14:44:00
201602010210,201606190210,2016-06-19,14:50:00,11,74.0,428310,13:45:00,73.2,521030,14:18:00,76.9,873050,14:39:00,87.7,1432620,14:44:00,87.7,1432620,14:44:00,87.7,1432620,14:44:00
201602010210,201606190210,2016-06-19,14:50:00,12,3.2,428310,13:45:00,3.1,521030,14:18:00,3.2,873050,14:39:00,3.1,1432620,14:44:00,3.1,1432620,14:44:00,3.1,1432620,14:44:00
201602010211,201606190211,2016-06-19,15:25:00,01,7.9,6939410,14:23:00,7.9,8059300,14:53:00,7.8,10672960,15:14:00,8.1,12810960,15:19:00,8.1,12810960,15:19:00,8.1,12810960,15:19:00
201602010211,201606190211,2016-06-19,15:25:00,02,111.7,6939410,14:23:00,115.5,8059300,14:53:00,128.7,10672960,15:14:00,131.9,12810960,15:19:00,131.9,12810960,15:19:00,131.9,12810960,15:19:00
201602010211,201606190211,2016-06-19,15:25:00,03,5.8,6939410,14:23:00,5.9,8059300,14:53:00,5.9,10672960,15:14:00,5.9,12810960,15:19:00,5.9,12810960,15:19:00,5.9,12810960,15:19:00
201602010211,201606190211,2016-06-19,15:25:00,04,8.0,6939410,14:23:00,7.3,8059300,14:53:00,7.6,10672960,15:14:00,7.8,12810960,15:19:00,7.8,12810960,15:19:00,7.8,12810960,15:19:00
201602010211,201606190211,2016-06-19,15:25:00,05,28.1,6939410,14:23:00,28.6,8059300,14:53:00,30.6,10672960,15:14:00,30.6,12810960,15:19:00,30.6,12810960,15:19:00,30.6,12810960,15:19:00
201602010211,201606190211,2016-06-19,15:25:00,06,84.7,6939410,14:23:00,86.0,8059300,14:53:00,93.5,10672960,15:14:00,99.9,12810960,15:19:00,99.9,12810960,15:19:00,99.9,12810960,15:19:00
201602010211,201606190211,2016-06-19,15:25:00,07,5.3,6939410,14:23:00,5.3,8059300,14:53:00,5.3,10672960,15:14:00,5.1,12810960,15:19:00,5.1,12810960,15:19:00,5.1,12810960,15:19:00
201602010211,201606190211,2016-06-19,15:25:00,08,16.0,6939410,14:23:00,16.3,8059300,14:53:00,16.6,10672960,15:14:00,17.1,12810960,15:19:00,17.1,12810960,15:19:00,17.1,12810960,15:19:00
201602010211,201606190211,2016-06-19,15:25:00,09,6.5,6939410,14:23:00,6.7,8059300,14:53:00,6.4,10672960,15:14:00,6.3,12810960,15:19:00,6.3,12810960,15:19:00,6.3,12810960,15:19:00
201602010211,201606190211,2016-06-19,15:25:00,10,140.2,6939410,14:23:00,139.1,8059300,14:53:00,147.6,10672960,15:14:00,158.4,12810960,15:19:00,158.4,12810960,15:19:00,158.4,12810960,15:19:00
201602010211,201606190211,2016-06-19,15:25:00,11,24.7,6939410,14:23:00,25.6,8059300,14:53:00,28.2,10672960,15:14:00,30.3,12810960,15:19:00,30.3,12810960,15:19:00,30.3,12810960,15:19:00
201602010211,201606190211,2016-06-19,15:25:00,12,7.5,6939410,14:23:00,7.5,8059300,14:53:00,7.3,10672960,15:14:00,7.2,12810960,15:19:00,7.2,12810960,15:19:00,7.2,12810960,15:19:00
201602010211,201606190211,2016-06-19,15:25:00,13,30.8,6939410,14:23:00,31.1,8059300,14:53:00,33.8,10672960,15:14:00,35.0,12810960,15:19:00,35.0,12810960,15:19:00,35.0,12810960,15:19:00
201602010211,201606190211,2016-06-19,15:25:00,14,8.6,6939410,14:23:00,8.7,8059300,14:53:00,8.1,10672960,15:14:00,8.0,12810960,15:19:00,8.0,12810960,15:19:00,8.0,12810960,15:19:00
201602010211,201606190211,2016-06-19,15:25:00,15,64.4,6939410,14:23:00,66.3,8059300,14:53:00,71.5,10672960,15:14:00,70.3,12810960,15:19:00,70.3,12810960,15:19:00,70.3,12810960,15:19:00
201602010211,201606190211,2016-06-19,15:25:00,16,34.6,6939410,14:23:00,35.0,8059300,14:53:00,37.1,10672960,15:14:00,37.8,12810960,15:19:00,37.8,12810960,15:19:00,37.8,12810960,15:19:00
201602010212,201606190212,2016-06-19,16:05:00,01,17.7,579820,15:01:00,16.9,664370,15:32:00,18.5,1409020,15:54:00,16.9,2215920,15:59:00,16.9,2215920,15:59:00,16.9,2215920,15:59:00
201602010212,201606190212,2016-06-19,16:05:00,02,60.3,579820,15:01:00,63.5,664370,15:32:00,79.9,1409020,15:54:00,74.5,2215920,15:59:00,74.5,2215920,15:59:00,74.5,2215920,15:59:00
201602010212,201606190212,2016-06-19,16:05:00,03,15.2,579820,15:01:00,14.8,664370,15:32:00,16.8,1409020,15:54:00,15.3,2215920,15:59:00,15.3,2215920,15:59:00,15.3,2215920,15:59:00
201602010212,201606190212,2016-06-19,16:05:00,04,18.4,579820,15:01:00,19.3,664370,15:32:00,21.6,1409020,15:54:00,23.8,2215920,15:59:00,23.8,2215920,15:59:00,23.8,2215920,15:59:00
201602010212,201606190212,2016-06-19,16:05:00,05,99.7,579820,15:01:00,98.0,664370,15:32:00,130.0,1409020,15:54:00,142.5,2215920,15:59:00,142.5,2215920,15:59:00,142.5,2215920,15:59:00
201602010212,201606190212,2016-06-19,16:05:00,06,6.5,579820,15:01:00,5.9,664370,15:32:00,4.8,1409020,15:54:00,4.7,2215920,15:59:00,4.7,2215920,15:59:00,4.7,2215920,15:59:00
201602010212,201606190212,2016-06-19,16:05:00,07,41.9,579820,15:01:00,41.2,664370,15:32:00,53.9,1409020,15:54:00,62.1,2215920,15:59:00,62.1,2215920,15:59:00,62.1,2215920,15:59:00
201602010212,201606190212,2016-06-19,16:05:00,08,1.6,579820,15:01:00,1.7,664370,15:32:00,1.7,1409020,15:54:00,1.8,2215920,15:59:00,1.8,2215920,15:59:00,1.8,2215920,15:59:00
201602010212,201606190212,2016-06-19,16:05:00,09,39.7,579820,15:01:00,37.2,664370,15:32:00,38.8,1409020,15:54:00,45.6,2215920,15:59:00,45.6,2215920,15:59:00,45.6,2215920,15:59:00
201602010212,201606190212,2016-06-19,16:05:00,10,27.2,579820,15:01:00,26.7,664370,15:32:00,24.9,1409020,15:54:00,24.2,2215920,15:59:00,24.2,2215920,15:59:00,24.2,2215920,15:59:00
201602010212,201606190212,2016-06-19,16:05:00,11,98.9,579820,15:01:00,100.6,664370,15:32:00,141.7,1409020,15:54:00,168.1,2215920,15:59:00,168.1,2215920,15:59:00,168.1,2215920,15:59:00
201602010212,201606190212,2016-06-19,16:05:00,12,56.2,579820,15:01:00,57.9,664370,15:32:00,80.2,1409020,15:54:00,85.0,2215920,15:59:00,85.0,2215920,15:59:00,85.0,2215920,15:59:00
201602010212,201606190212,2016-06-19,16:05:00,13,57.4,579820,15:01:00,54.6,664370,15:32:00,67.5,1409020,15:54:00,75.1,2215920,15:59:00,75.1,2215920,15:59:00,75.1,2215920,15:59:00
201602010212,201606190212,2016-06-19,16:05:00,14,17.2,579820,15:01:00,16.6,664370,15:32:00,16.3,1409020,15:54:00,15.6,2215920,15:59:00,15.6,2215920,15:59:00,15.6,2215920,15:59:00
201602010212,201606190212,2016-06-19,16:05:00,15,22.0,579820,15:01:00,20.7,664370,15:32:00,20.5,1409020,15:54:00,18.4,2215920,15:59:00,18.4,2215920,15:59:00,18.4,2215920,15:59:00
201602010212,201606190212,2016-06-19,16:05:00,16,18.8,579820,15:01:00,18.8,664370,15:32:00,15.5,1409020,15:54:00,13.6,2215920,15:59:00,13.6,2215920,15:59:00,13.6,2215920,15:59:00
201602010301,201606250201,2016-06-25,09:55:00,01,28.7,254290,08:55:00,28.6,350850,09:25:00,37.6,692580,09:44:00,43.7,987640,09:50:00,43.7,987640,09:50:00,43.7,987640,09:50:00
201602010301,201606250201,2016-06-25,09:55:00,02,37.9,254290,08:55:00,28.9,350850,09:25:00,30.3,692580,09:44:00,29.8,987640,09:50:00,29.8,987640,09:50:00,29.8,987640,09:50:00
201602010301,201606250201,2016-06-25,09:55:00,03,12.4,254290,08:55:00,12.9,350850,09:25:00,15.5,692580,09:44:00,14.3,987640,09:50:00,14.3,987640,09:50:00,14.3,987640,09:50:00
201602010301,201606250201,2016-06-25,09:55:00,04,10.6,254290,08:55:00,10.2,350850,09:25:00,8.0,692580,09:44:00,8.6,987640,09:50:00,8.6,987640,09:50:00,8.6,987640,09:50:00
201602010301,201606250201,2016-06-25,09:55:00,05,46.0,254290,08:55:00,53.0,350850,09:25:00,51.7,692580,09:44:00,57.5,987640,09:50:00,57.5,987640,09:50:00,57.5,987640,09:50:00
201602010301,201606250201,2016-06-25,09:55:00,06,29.6,254290,08:55:00,35.1,350850,09:25:00,44.7,692580,09:44:00,45.3,987640,09:50:00,45.3,987640,09:50:00,45.3,987640,09:50:00
201602010301,201606250201,2016-06-25,09:55:00,07,12.3,254290,08:55:00,10.6,350850,09:25:00,8.2,692580,09:44:00,7.5,987640,09:50:00,7.5,987640,09:50:00,7.5,987640,09:50:00
201602010301,201606250201,2016-06-25,09:55:00,08,3.6,254290,08:55:00,3.5,350850,09:25:00,3.7,692580,09:44:00,3.7,987640,09:50:00,3.7,987640,09:50:00,3.7,987640,09:50:00
201602010301,201606250201,2016-06-25,09:55:00,09,151.8,254290,08:55:00,155.0,350850,09:25:00,176.4,692580,09:44:00,195.0,987640,09:50:00,195.0,987640,09:50:00,195.0,987640,09:50:00
201602010301,201606250201,2016-06-25,09:55:00,10,53.1,254290,08:55:00,61.4,350850,09:25:00,60.6,692580,09:44:00,66.6,987640,09:50:00,66.6,987640,09:50:00,66.6,987640,09:50:00
201602010301,201606250201,2016-06-25,09:55:00,11,58.7,254290,08:55:00,53.7,350850,09:25:00,62.0,692580,09:44:00,63.8,987640,09:50:00,63.8,987640,09:50:00,63.8,987640,09:50:00
201602010301,201606250201,2016-06-25,09:55:00,12,36.2,254290,08:55:00,43.3,350850,09:25:00,56.1,692580,09:44:00,59.2,987640,09:50:00,59.2,987640,09:50:00,59.2,987640,09:50:00
201602010301,201606250201,2016-06-25,09:55:00,13,10.6,254290,08:55:00,10.6,350850,09:25:00,11.6,692580,09:44:00,11.9,987640,09:50:00,11.9,987640,09:50:00,11.9,987640,09:50:00
201602010301,201606250201,2016-06-25,09:55:00,14,24.9,254290,08:55:00,25.7,350850,09:25:00,19.0,692580,09:44:00,17.0,987640,09:50:00,17.0,987640,09:50:00,17.0,987640,09:50:00
201602010301,201606250201,2016-06-25,09:55:00,15,7.6,254290,08:55:00,6.6,350850,09:25:00,5.3,692580,09:44:00,5.5,987640,09:50:00,5.5,987640,09:50:00,5.5,987640,09:50:00
201602010301,201606250201,2016-06-25,09:55:00,16,3.7,254290,08:55:00,4.2,350850,09:25:00,5.2,692580,09:44:00,5.1,987640,09:50:00,5.1,987640,09:50:00,5.1,987640,09:50:00
201602010302,201606250202,2016-06-25,10:20:00,01,1.7,158070,09:19:00,1.7,213800,09:47:00,1.6,406250,10:09:00,1.5,638320,10:14:00,1.5,638320,10:14:00,1.5,638320,10:14:00
201602010302,201606250202,2016-06-25,10:20:00,02,9.2,158070,09:19:00,9.3,213800,09:47:00,9.1,406250,10:09:00,9.2,638320,10:14:00,9.2,638320,10:14:00,9.2,638320,10:14:00
201602010302,201606250202,2016-06-25,10:20:00,03,67.9,158070,09:19:00,59.3,213800,09:47:00,66.4,406250,10:09:00,71.2,638320,10:14:00,71.2,638320,10:14:00,71.2,638320,10:14:00
201602010302,201606250202,2016-06-25,10:20:00,04,112.9,158070,09:19:00,101.2,213800,09:47:00,104.8,406250,10:09:00,140.2,638320,10:14:00,140.2,638320,10:14:00,140.2,638320,10:14:00
201602010302,201606250202,2016-06-25,10:20:00,05,55.2,158070,09:19:00,51.5,213800,09:47:00,54.2,406250,10:09:00,26.2,638320,10:14:00,26.2,638320,10:14:00,26.2,638320,10:14:00
201602010302,201606250202,2016-06-25,10:20:00,06,10.9,158070,09:19:00,9.7,213800,09:47:00,12.4,406250,10:09:00,12.7,638320,10:14:00,12.7,638320,10:14:00,12.7,638320,10:14:00
201602010302,201606250202,2016-06-25,10:20:00,07,27.9,158070,09:19:00,24.0,213800,09:47:00,19.9,406250,10:09:00,25.2,638320,10:14:00,25.2,638320,10:14:00,25.2,638320,10:14:00
201602010302,201606250202,2016-06-25,10:20:00,08,94.3,158070,09:19:00,96.6,213800,09:47:00,127.9,406250,10:09:00,163.1,638320,10:14:00,163.1,638320,10:14:00,163.1,638320,10:14:00
201602010302,201606250202,2016-06-25,10:20:00,09,73.0,158070,09:19:00,54.4,213800,09:47:00,79.8,406250,10:09:00,102.7,638320,10:14:00,102.7,638320,10:14:00,102.7,638320,10:14:00
201602010302,201606250202,2016-06-25,10:20:00,10,45.4,158070,09:19:00,53.9,213800,09:47:00,83.5,406250,10:09:00,116.5,638320,10:14:00,116.5,638320,10:14:00,116.5,638320,10:14:00
201602010302,201606250202,2016-06-25,10:20:00,11,29.0,158070,09:19:00,30.6,213800,09:47:00,34.1,406250,10:09:00,37.2,638320,10:14:00,37.2,638320,10:14:00,37.2,638320,10:14:00
201602010302,201606250202,2016-06-25,10:20:00,12,3.8,158070,09:19:00,4.0,213800,09:47:00,4.0,406250,10:09:00,4.4,638320,10:14:00,4.4,638320,10:14:00,4.4,638320,10:14:00
201602010302,201606250202,2016-06-25,10:20:00,13,23.3,158070,09:19:00,21.9,213800,09:47:00,17.8,406250,10:09:00,21.5,638320,10:14:00,21.5,638320,10:14:00,21.5,638320,10:14:00
201602010303,201606250203,2016-06-25,10:45:00,01,46.1,130420,09:38:00,56.5,187340,10:12:00,76.0,338290,10:34:00,101.6,555140,10:39:00,101.6,555140,10:39:00,101.6,555140,10:39:00
201602010303,201606250203,2016-06-25,10:45:00,02,9.4,130420,09:38:00,9.2,187340,10:12:00,10.2,338290,10:34:00,11.9,555140,10:39:00,11.9,555140,10:39:00,11.9,555140,10:39:00
201602010303,201606250203,2016-06-25,10:45:00,03,17.1,130420,09:38:00,14.0,187340,10:12:00,15.4,338290,10:34:00,17.9,555140,10:39:00,17.9,555140,10:39:00,17.9,555140,10:39:00
201602010303,201606250203,2016-06-25,10:45:00,04,72.9,130420,09:38:00,76.4,187340,10:12:00,111.3,338290,10:34:00,149.0,555140,10:39:00,149.0,555140,10:39:00,149.0,555140,10:39:00
201602010303,201606250203,2016-06-25,10:45:00,05,4.3,130420,09:38:00,4.1,187340,10:12:00,3.7,338290,10:34:00,3.6,555140,10:39:00,3.6,555140,10:39:00,3.6,555140,10:39:00
201602010303,201606250203,2016-06-25,10:45:00,06,18.8,130420,09:38:00,22.9,187340,10:12:00,25.4,338290,10:34:00,27.1,555140,10:39:00,27.1,555140,10:39:00,27.1,555140,10:39:00
201602010303,201606250203,2016-06-25,10:45:00,07,45.5,130420,09:38:00,58.3,187340,10:12:00,56.7,338290,10:34:00,70.2,555140,10:39:00,70.2,555140,10:39:00,70.2,555140,10:39:00
201602010303,201606250203,2016-06-25,10:45:00,08,29.8,130420,09:38:00,31.5,187340,10:12:00,35.0,338290,10:34:00,43.1,555140,10:39:00,43.1,555140,10:39:00,43.1,555140,10:39:00
201602010303,201606250203,2016-06-25,10:45:00,09,46.1,130420,09:38:00,49.1,187340,10:12:00,69.3,338290,10:34:00,85.7,555140,10:39:00,85.7,555140,10:39:00,85.7,555140,10:39:00
201602010303,201606250203,2016-06-25,10:45:00,10,22.6,130420,09:38:00,27.9,187340,10:12:00,32.9,338290,10:34:00,41.9,555140,10:39:00,41.9,555140,10:39:00,41.9,555140,10:39:00
201602010303,201606250203,2016-06-25,10:45:00,11,100.3,130420,09:38:00,133.8,187340,10:12:00,158.2,338290,10:34:00,188.1,555140,10:39:00,188.1,555140,10:39:00,188.1,555140,10:39:00
201602010303,201606250203,2016-06-25,10:45:00,12,12.1,130420,09:38:00,13.5,187340,10:12:00,12.8,338290,10:34:00,12.4,555140,10:39:00,12.4,555140,10:39:00,12.4,555140,10:39:00
201602010303,201606250203,2016-06-25,10:45:00,13,2.5,130420,09:38:00,2.3,187340,10:12:00,2.1,337990,10:34:00,1.8,555140,10:39:00,1.8,555140,10:39:00,1.8,555140,10:39:00
201602010303,201606250203,2016-06-25,10:45:00,14,11.0,130420,09:38:00,11.7,187340,10:12:00,13.6,337990,10:34:00,14.4,555140,10:39:00,14.4,555140,10:39:00,14.4,555140,10:39:00
201602010303,201606250203,2016-06-25,10:45:00,15,15.9,130420,09:38:00,18.6,187340,10:12:00,24.7,337990,10:34:00,31.2,555140,10:39:00,31.2,555140,10:39:00,31.2,555140,10:39:00
201602010304,201606250204,2016-06-25,11:15:00,01,6.9,207210,10:14:00,7.2,248460,10:44:00,5.1,542720,11:04:00,4.2,717220,11:09:00,4.2,717220,11:09:00,4.2,717220,11:09:00
201602010304,201606250204,2016-06-25,11:15:00,02,14.6,207210,10:14:00,13.1,248460,10:44:00,17.1,542720,11:04:00,18.0,717220,11:09:00,18.0,717220,11:09:00,18.0,717220,11:09:00
201602010304,201606250204,2016-06-25,11:15:00,03,14.2,207210,10:14:00,15.2,248460,10:44:00,18.8,544730,11:04:00,17.7,717220,11:09:00,17.7,717220,11:09:00,17.7,717220,11:09:00
201602010304,201606250204,2016-06-25,11:15:00,04,5.2,207210,10:14:00,5.5,248460,10:44:00,7.6,544730,11:04:00,8.3,717220,11:09:00,8.3,717220,11:09:00,8.3,717220,11:09:00
201602010304,201606250204,2016-06-25,11:15:00,05,24.9,207210,10:14:00,26.4,248460,10:44:00,25.4,544730,11:04:00,23.0,717220,11:09:00,23.0,717220,11:09:00,23.0,717220,11:09:00
201602010304,201606250204,2016-06-25,11:15:00,06,47.6,207210,10:14:00,45.5,248460,10:44:00,60.9,544730,11:04:00,53.0,717220,11:09:00,53.0,717220,11:09:00,53.0,717220,11:09:00
201602010304,201606250204,2016-06-25,11:15:00,07,49.3,207210,10:14:00,52.3,248460,10:44:00,76.4,544730,11:04:00,84.2,717220,11:09:00,84.2,717220,11:09:00,84.2,717220,11:09:00
201602010304,201606250204,2016-06-25,11:15:00,08,18.3,207210,10:14:00,18.5,248460,10:44:00,15.3,544730,11:04:00,16.7,717220,11:09:00,16.7,717220,11:09:00,16.7,717220,11:09:00
201602010304,201606250204,2016-06-25,11:15:00,09,6.5,207210,10:14:00,5.4,248460,10:44:00,6.4,544730,11:04:00,6.3,717220,11:09:00,6.3,717220,11:09:00,6.3,717220,11:09:00
201602010304,201606250204,2016-06-25,11:15:00,10,17.5,207210,10:14:00,17.6,248460,10:44:00,21.2,544730,11:04:00,20.2,717220,11:09:00,20.2,717220,11:09:00,20.2,717220,11:09:00
201602010304,201606250204,2016-06-25,11:15:00,11,27.5,207210,10:14:00,27.3,248460,10:44:00,43.2,544730,11:04:00,45.1,717220,11:09:00,45.1,717220,11:09:00,45.1,717220,11:09:00
201602010304,201606250204,2016-06-25,11:15:00,12,7.6,207210,10:14:00,7.8,248460,10:44:00,7.7,544730,11:04:00,8.4,717220,11:09:00,8.4,717220,11:09:00,8.4,717220,11:09:00
201602010304,201606250204,2016-06-25,11:15:00,13,3.7,207210,10:14:00,3.9,248460,10:44:00,3.0,544730,11:04:00,3.2,717220,11:09:00,3.2,717220,11:09:00,3.2,717220,11:09:00
201602010305,201606250205,2016-06-25,12:05:00,01,37.6,312350,11:04:00,34.8,433570,11:32:00,45.2,1192250,11:54:00,51.8,1608580,11:59:00,51.8,1608580,11:59:00,51.8,1608580,11:59:00
201602010305,201606250205,2016-06-25,12:05:00,02,69.8,312350,11:04:00,62.1,433570,11:32:00,67.8,1192250,11:54:00,73.8,1608580,11:59:00,73.8,1608580,11:59:00,73.8,1608580,11:59:00
201602010305,201606250205,2016-06-25,12:05:00,03,47.0,312350,11:04:00,50.5,433570,11:32:00,75.2,1192250,11:54:00,84.5,1608580,11:59:00,84.5,1608580,11:59:00,84.5,1608580,11:59:00
201602010305,201606250205,2016-06-25,12:05:00,04,17.0,312350,11:04:00,18.2,433570,11:32:00,16.7,1192250,11:54:00,17.3,1608580,11:59:00,17.3,1608580,11:59:00,17.3,1608580,11:59:00
201602010305,201606250205,2016-06-25,12:05:00,05,17.1,312350,11:04:00,17.7,433570,11:32:00,23.6,1192250,11:54:00,25.3,1608580,11:59:00,25.3,1608580,11:59:00,25.3,1608580,11:59:00
201602010305,201606250205,2016-06-25,12:05:00,06,102.1,312350,11:04:00,87.4,433570,11:32:00,109.5,1192250,11:54:00,113.9,1608580,11:59:00,113.9,1608580,11:59:00,113.9,1608580,11:59:00
201602010305,201606250205,2016-06-25,12:05:00,07,4.8,312350,11:04:00,4.7,433570,11:32:00,4.8,1192250,11:54:00,5.2,1608580,11:59:00,5.2,1608580,11:59:00,5.2,1608580,11:59:00
201602010305,201606250205,2016-06-25,12:05:00,08,12.3,312350,11:04:00,12.7,433570,11:32:00,11.2,1192250,11:54:00,11.2,1608580,11:59:00,11.2,1608580,11:59:00,11.2,1608580,11:59:00
201602010305,201606250205,2016-06-25,12:05:00,09,91.8,312350,11:04:00,63.1,433570,11:32:00,75.5,1192250,11:54:00,83.7,1608580,11:59:00,83.7,1608580,11:59:00,83.7,1608580,11:59:00
201602010305,201606250205,2016-06-25,12:05:00,10,9.1,312350,11:04:00,9.9,433570,11:32:00,10.9,1192250,11:54:00,11.6,1608580,11:59:00,11.6,1608580,11:59:00,11.6,1608580,11:59:00
201602010305,201606250205,2016-06-25,12:05:00,11,27.3,312350,11:04:00,27.2,433570,11:32:00,26.8,1192250,11:54:00,29.7,1608580,11:59:00,29.7,1608580,11:59:00,29.7,1608580,11:59:00
201602010305,201606250205,2016-06-25,12:05:00,12,4.9,312350,11:04:00,4.6,433570,11:32:00,4.3,1192250,11:54:00,4.2,1608580,11:59:00,4.2,1608580,11:59:00,4.2,1608580,11:59:00
201602010305,201606250205,2016-06-25,12:05:00,13,3.5,312350,11:04:00,3.6,433570,11:32:00,3.4,1192250,11:54:00,3.0,1608580,11:59:00,3.0,1608580,11:59:00,3.0,1608580,11:59:00
201602010305,201606250205,2016-06-25,12:05:00,14,86.3,312350,11:04:00,93.2,433570,11:32:00,122.1,1192250,11:54:00,135.1,1608580,11:59:00,135.1,1608580,11:59:00,135.1,1608580,11:59:00
201602010305,201606250205,2016-06-25,12:05:00,15,65.9,312350,11:04:00,59.8,433570,11:32:00,66.9,1192250,11:54:00,72.1,1608580,11:59:00,72.1,1608580,11:59:00,72.1,1608580,11:59:00
201602010305,201606250205,2016-06-25,12:05:00,16,25.6,312350,11:04:00,26.8,433570,11:32:00,21.1,1192250,11:54:00,23.8,1608580,11:59:00,23.8,1608580,11:59:00,23.8,1608580,11:59:00
201602010306,201606250206,2016-06-25,12:35:00,01,9.6,225530,11:34:00,10.8,304330,12:04:00,13.3,582620,12:24:00,14.4,755890,12:29:00,14.4,755890,12:29:00,14.4,755890,12:29:00
201602010306,201606250206,2016-06-25,12:35:00,02,4.5,225530,11:34:00,4.2,304330,12:04:00,3.5,582620,12:24:00,3.5,755890,12:29:00,3.5,755890,12:29:00,3.5,755890,12:29:00
201602010306,201606250206,2016-06-25,12:35:00,03,7.7,225530,11:34:00,8.5,304330,12:04:00,7.9,582620,12:24:00,7.9,755890,12:29:00,7.9,755890,12:29:00,7.9,755890,12:29:00
201602010306,201606250206,2016-06-25,12:35:00,04,14.5,225530,11:34:00,14.2,304330,12:04:00,11.5,582620,12:24:00,12.7,755890,12:29:00,12.7,755890,12:29:00,12.7,755890,12:29:00
201602010306,201606250206,2016-06-25,12:35:00,05,6.9,225530,11:34:00,5.5,304330,12:04:00,6.0,582620,12:24:00,5.6,755890,12:29:00,5.6,755890,12:29:00,5.6,755890,12:29:00
201602010306,201606250206,2016-06-25,12:35:00,06,13.2,225530,11:34:00,15.3,304330,12:04:00,18.5,582620,12:24:00,15.6,755890,12:29:00,15.6,755890,12:29:00,15.6,755890,12:29:00
201602010306,201606250206,2016-06-25,12:35:00,07,5.3,225530,11:34:00,5.1,304330,12:04:00,5.3,582620,12:24:00,5.3,755890,12:29:00,5.3,755890,12:29:00,5.3,755890,12:29:00
201602010306,201606250206,2016-06-25,12:35:00,08,32.6,225530,11:34:00,34.6,304330,12:04:00,47.4,582620,12:24:00,47.4,755890,12:29:00,47.4,755890,12:29:00,47.4,755890,12:29:00
201602010306,201606250206,2016-06-25,12:35:00,09,61.2,225530,11:34:00,58.9,304330,12:04:00,67.8,582620,12:24:00,63.0,755890,12:29:00,63.0,755890,12:29:00,63.0,755890,12:29:00
201602010306,201606250206,2016-06-25,12:35:00,10,58.4,225530,11:34:00,57.1,304330,12:04:00,74.8,582620,12:24:00,84.1,755890,12:29:00,84.1,755890,12:29:00,84.1,755890,12:29:00
201602010306,201606250206,2016-06-25,12:35:00,11,17.5,225530,11:34:00,19.5,304330,12:04:00,19.0,582620,12:24:00,21.6,755890,12:29:00,21.6,755890,12:29:00,21.6,755890,12:29:00
201602010306,201606250206,2016-06-25,12:35:00,12,7.4,225530,11:34:00,8.9,304330,12:04:00,9.5,582620,12:24:00,9.7,755890,12:29:00,9.7,755890,12:29:00,9.7,755890,12:29:00
201602010307,201606250207,2016-06-25,13:05:00,01,25.5,229230,12:04:00,27.4,293290,12:29:00,38.2,626020,12:54:00,42.7,938930,12:59:00,42.7,938930,12:59:00,42.7,938930,12:59:00
201602010307,201606250207,2016-06-25,13:05:00,02,114.6,229230,12:04:00,120.3,293290,12:29:00,145.5,626020,12:54:00,149.9,938930,12:59:00,149.9,938930,12:59:00,149.9,938930,12:59:00
201602010307,201606250207,2016-06-25,13:05:00,03,32.5,229230,12:04:00,37.1,293290,12:29:00,65.2,626020,12:54:00,79.2,938930,12:59:00,79.2,938930,12:59:00,79.2,938930,12:59:00
201602010307,201606250207,2016-06-25,13:05:00,04,26.4,229230,12:04:00,29.6,293290,12:29:00,42.3,626020,12:54:00,40.6,938930,12:59:00,40.6,938930,12:59:00,40.6,938930,12:59:00
201602010307,201606250207,2016-06-25,13:05:00,05,8.3,229230,12:04:00,8.8,293290,12:29:00,7.0,626020,12:54:00,8.2,938930,12:59:00,8.2,938930,12:59:00,8.2,938930,12:59:00
201602010307,201606250207,2016-06-25,13:05:00,06,7.1,229230,12:04:00,6.8,293290,12:29:00,5.8,626020,12:54:00,5.0,938930,12:59:00,5.0,938930,12:59:00,5.0,938930,12:59:00
201602010307,201606250207,2016-06-25,13:05:00,07,14.2,229230,12:04:00,13.6,293290,12:29:00,15.4,626020,12:54:00,14.3,938930,12:59:00,14.3,938930,12:59:00,14.3,938930,12:59:00
201602010307,201606250207,2016-06-25,13:05:00,08,10.0,229230,12:04:00,11.5,293290,12:29:00,16.9,626020,12:54:00,19.2,938930,12:59:00,19.2,938930,12:59:00,19.2,938930,12:59:00
201602010307,201606250207,2016-06-25,13:05:00,09,3.6,229230,12:04:00,3.1,293290,12:29:00,2.5,626020,12:54:00,2.4,938930,12:59:00,2.4,938930,12:59:00,2.4,938930,12:59:00
201602010307,201606250207,2016-06-25,13:05:00,10,16.4,229230,12:04:00,17.4,293290,12:29:00,24.3,626020,12:54:00,27.7,938930,12:59:00,27.7,938930,12:59:00,27.7,938930,12:59:00
201602010307,201606250207,2016-06-25,13:05:00,11,10.9,229230,12:04:00,10.0,293290,12:29:00,10.6,626020,12:54:00,10.0,938930,12:59:00,10.0,938930,12:59:00,10.0,938930,12:59:00
201602010307,201606250207,2016-06-25,13:05:00,12,16.5,229230,12:04:00,19.2,293290,12:29:00,26.5,626020,12:54:00,28.7,938930,12:59:00,28.7,938930,12:59:00,28.7,938930,12:59:00
201602010307,201606250207,2016-06-25,13:05:00,13,10.6,229230,12:04:00,11.8,293290,12:29:00,10.8,626020,12:54:00,10.3,938930,12:59:00,10.3,938930,12:59:00,10.3,938930,12:59:00
201602010307,201606250207,2016-06-25,13:05:00,14,40.0,229230,12:04:00,35.1,293290,12:29:00,38.0,626020,12:54:00,42.4,938930,12:59:00,42.4,938930,12:59:00,42.4,938930,12:59:00
201602010307,201606250207,2016-06-25,13:05:00,15,28.4,229230,12:04:00,31.8,293290,12:29:00,53.1,626020,12:54:00,67.2,938930,12:59:00,67.2,938930,12:59:00,67.2,938930,12:59:00
201602010307,201606250207,2016-06-25,13:05:00,16,15.2,229230,12:04:00,17.0,293290,12:29:00,23.7,626020,12:54:00,29.3,938930,12:59:00,29.3,938930,12:59:00,29.3,938930,12:59:00
201602010308,201606250208,2016-06-25,13:40:00,01,42.4,207510,12:38:00,40.4,293840,13:09:00,64.3,644050,13:29:00,95.4,1544520,13:35:00,95.4,1544520,13:35:00,95.4,1544520,13:35:00
201602010308,201606250208,2016-06-25,13:40:00,02,27.0,207510,12:38:00,31.2,293840,13:09:00,34.5,644050,13:29:00,43.5,1544520,13:35:00,43.5,1544520,13:35:00,43.5,1544520,13:35:00
201602010308,201606250208,2016-06-25,13:40:00,03,8.4,207510,12:38:00,9.1,293840,13:09:00,7.0,644050,13:29:00,8.3,1544520,13:35:00,8.3,1544520,13:35:00,8.3,1544520,13:35:00
201602010308,201606250208,2016-06-25,13:40:00,04,28.1,207510,12:38:00,33.6,293840,13:09:00,44.0,644050,13:29:00,49.1,1544520,13:35:00,49.1,1544520,13:35:00,49.1,1544520,13:35:00
201602010308,201606250208,2016-06-25,13:40:00,05,5.0,207510,12:38:00,5.5,293840,13:09:00,5.9,644050,13:29:00,6.2,1544520,13:35:00,6.2,1544520,13:35:00,6.2,1544520,13:35:00
201602010308,201606250208,2016-06-25,13:40:00,06,4.8,207510,12:38:00,4.6,293840,13:09:00,5.3,644050,13:29:00,5.6,1544520,13:35:00,5.6,1544520,13:35:00,5.6,1544520,13:35:00
201602010308,201606250208,2016-06-25,13:40:00,07,5.1,207510,12:38:00,4.6,293840,13:09:00,6.0,644050,13:29:00,5.7,1544520,13:35:00,5.7,1544520,13:35:00,5.7,1544520,13:35:00
201602010308,201606250208,2016-06-25,13:40:00,08,18.3,207510,12:38:00,20.8,293840,13:09:00,20.1,644050,13:29:00,22.5,1544520,13:35:00,22.5,1544520,13:35:00,22.5,1544520,13:35:00
201602010308,201606250208,2016-06-25,13:40:00,09,12.7,207510,12:38:00,14.2,293840,13:09:00,17.5,644050,13:29:00,22.0,1544520,13:35:00,22.0,1544520,13:35:00,22.0,1544520,13:35:00
201602010308,201606250208,2016-06-25,13:40:00,10,16.6,207510,12:38:00,20.1,293840,13:09:00,25.0,644050,13:29:00,29.5,1544520,13:35:00,29.5,1544520,13:35:00,29.5,1544520,13:35:00
201602010308,201606250208,2016-06-25,13:40:00,11,92.2,207510,12:38:00,99.1,293840,13:09:00,106.2,644050,13:29:00,166.7,1544520,13:35:00,166.7,1544520,13:35:00,166.7,1544520,13:35:00
201602010308,201606250208,2016-06-25,13:40:00,12,4.2,207510,12:38:00,3.8,293840,13:09:00,2.7,644050,13:29:00,2.2,1544520,13:35:00,2.2,1544520,13:35:00,2.2,1544520,13:35:00
201602010309,201606250209,2016-06-25,14:15:00,01,8.5,184920,13:11:00,8.4,247730,13:45:00,10.5,579710,14:04:00,11.3,1015020,14:10:00,11.3,1015020,14:10:00,11.3,1015020,14:10:00
201602010309,201606250209,2016-06-25,14:15:00,02,18.6,184920,13:11:00,20.7,247730,13:45:00,23.2,579710,14:04:00,25.6,1015020,14:10:00,25.6,1015020,14:10:00,25.6,1015020,14:10:00
201602010309,201606250209,2016-06-25,14:15:00,03,36.7,184920,13:11:00,41.8,247730,13:45:00,57.9,579710,14:04:00,78.0,1015020,14:10:00,78.0,1015020,14:10:00,78.0,1015020,14:10:00
201602010309,201606250209,2016-06-25,14:15:00,04,4.8,184920,13:11:00,5.3,247730,13:45:00,6.1,579710,14:04:00,6.2,1015020,14:10:00,6.2,1015020,14:10:00,6.2,1015020,14:10:00
201602010309,201606250209,2016-06-25,14:15:00,05,11.0,184920,13:11:00,9.1,247730,13:45:00,9.1,579710,14:04:00,10.2,1015020,14:10:00,10.2,1015020,14:10:00,10.2,1015020,14:10:00
201602010309,201606250209,2016-06-25,14:15:00,06,6.7,184920,13:11:00,5.0,247730,13:45:00,4.0,579710,14:04:00,3.9,1015020,14:10:00,3.9,1015020,14:10:00,3.9,1015020,14:10:00
201602010309,201606250209,2016-06-25,14:15:00,07,7.5,184920,13:11:00,8.2,247730,13:45:00,7.8,579710,14:04:00,8.2,1015020,14:10:00,8.2,1015020,14:10:00,8.2,1015020,14:10:00
201602010309,201606250209,2016-06-25,14:15:00,08,5.7,184920,13:11:00,5.9,247730,13:45:00,5.2,579710,14:04:00,5.0,1015020,14:10:00,5.0,1015020,14:10:00,5.0,1015020,14:10:00
201602010309,201606250209,2016-06-25,14:15:00,09,11.7,184920,13:11:00,12.0,247730,13:45:00,10.1,579710,14:04:00,10.0,1015020,14:10:00,10.0,1015020,14:10:00,10.0,1015020,14:10:00
201602010309,201606250209,2016-06-25,14:15:00,10,4.6,184920,13:11:00,5.2,247730,13:45:00,6.1,579710,14:04:00,5.5,1015020,14:10:00,5.5,1015020,14:10:00,5.5,1015020,14:10:00
201602010310,201606250210,2016-06-25,14:50:00,01,5.1,234330,13:46:00,5.1,280740,14:18:00,4.5,542830,14:39:00,4.3,1284100,14:45:00,4.3,1284100,14:45:00,4.3,1284100,14:45:00
201602010310,201606250210,2016-06-25,14:50:00,02,12.4,234330,13:46:00,11.7,280740,14:18:00,12.5,542830,14:39:00,15.8,1284100,14:45:00,15.8,1284100,14:45:00,15.8,1284100,14:45:00
201602010310,201606250210,2016-06-25,14:50:00,03,11.4,234330,13:46:00,12.3,280740,14:18:00,13.8,542830,14:39:00,13.2,1284100,14:45:00,13.2,1284100,14:45:00,13.2,1284100,14:45:00
201602010310,201606250210,2016-06-25,14:50:00,04,18.7,234330,13:46:00,18.4,280740,14:18:00,22.3,542830,14:39:00,27.3,1284100,14:45:00,27.3,1284100,14:45:00,27.3,1284100,14:45:00
201602010310,201606250210,2016-06-25,14:50:00,05,37.6,234330,13:46:00,38.9,280740,14:18:00,43.4,542830,14:39:00,72.3,1284100,14:45:00,72.3,1284100,14:45:00,72.3,1284100,14:45:00
201602010310,201606250210,2016-06-25,14:50:00,06,4.1,234330,13:46:00,4.2,280740,14:18:00,3.7,542830,14:39:00,3.3,1284100,14:45:00,3.3,1284100,14:45:00,3.3,1284100,14:45:00
201602010310,201606250210,2016-06-25,14:50:00,07,3.5,234330,13:46:00,3.6,280740,14:18:00,4.6,542830,14:39:00,4.0,1284100,14:45:00,4.0,1284100,14:45:00,4.0,1284100,14:45:00
201602010310,201606250210,2016-06-25,14:50:00,08,4.1,234330,13:46:00,3.8,280740,14:18:00,3.3,542830,14:39:00,3.5,1284100,14:45:00,3.5,1284100,14:45:00,3.5,1284100,14:45:00
201602010310,201606250210,2016-06-25,14:50:00,09,22.0,234330,13:46:00,21.7,280740,14:18:00,26.8,542830,14:39:00,26.8,1284100,14:45:00,26.8,1284100,14:45:00,26.8,1284100,14:45:00
201602010311,201606250211,2016-06-25,15:25:00,01,22.6,1324540,14:25:00,24.7,1640960,14:50:00,23.0,2599600,15:14:00,25.7,3756170,15:19:00,25.7,3756170,15:19:00,25.7,3756170,15:19:00
201602010311,201606250211,2016-06-25,15:25:00,02,1.9,1324540,14:25:00,1.8,1640960,14:50:00,1.7,2599600,15:14:00,1.6,3756170,15:19:00,1.6,3756170,15:19:00,1.6,3756170,15:19:00
201602010311,201606250211,2016-06-25,15:25:00,03,17.4,1324540,14:25:00,18.5,1640960,14:50:00,20.2,2599600,15:14:00,21.1,3756170,15:19:00,21.1,3756170,15:19:00,21.1,3756170,15:19:00
201602010311,201606250211,2016-06-25,15:25:00,04,14.6,1324540,14:25:00,16.4,1640960,14:50:00,18.8,2599600,15:14:00,20.5,3756170,15:19:00,20.5,3756170,15:19:00,20.5,3756170,15:19:00
201602010311,201606250211,2016-06-25,15:25:00,05,32.0,1324540,14:25:00,30.8,1640960,14:50:00,25.1,2599600,15:14:00,28.5,3756170,15:19:00,28.5,3756170,15:19:00,28.5,3756170,15:19:00
201602010311,201606250211,2016-06-25,15:25:00,06,27.5,1324540,14:25:00,29.8,1640960,14:50:00,31.7,2599600,15:14:00,36.6,3756170,15:19:00,36.6,3756170,15:19:00,36.6,3756170,15:19:00
201602010311,201606250211,2016-06-25,15:25:00,07,34.3,1324540,14:25:00,37.6,1640960,14:50:00,37.3,2599600,15:14:00,38.5,3756170,15:19:00,38.5,3756170,15:19:00,38.5,3756170,15:19:00
201602010311,201606250211,2016-06-25,15:25:00,08,53.3,1324540,14:25:00,57.2,1640960,14:50:00,62.0,2599600,15:14:00,73.1,3756170,15:19:00,73.1,3756170,15:19:00,73.1,3756170,15:19:00
201602010311,201606250211,2016-06-25,15:25:00,09,5.1,1324540,14:25:00,5.5,1640960,14:50:00,5.8,2599600,15:14:00,5.2,3756170,15:19:00,5.2,3756170,15:19:00,5.2,3756170,15:19:00
201602010311,201606250211,2016-06-25,15:25:00,10,32.7,1324540,14:25:00,33.3,1640960,14:50:00,40.5,2599600,15:14:00,45.4,3756170,15:19:00,45.4,3756170,15:19:00,45.4,3756170,15:19:00
201602010311,201606250211,2016-06-25,15:25:00,11,11.9,1324540,14:25:00,12.7,1640960,14:50:00,13.3,2599600,15:14:00,14.0,3756170,15:19:00,14.0,3756170,15:19:00,14.0,3756170,15:19:00
201602010311,201606250211,2016-06-25,15:25:00,12,6.7,1324540,14:25:00,6.9,1640960,14:50:00,7.3,2599600,15:14:00,7.1,3756170,15:19:00,7.1,3756170,15:19:00,7.1,3756170,15:19:00
201602010312,201606250212,2016-06-25,16:05:00,01,7.1,371620,15:01:00,8.1,492310,15:33:00,7.1,1398380,15:54:00,7.1,2272750,15:59:00,7.1,2272750,15:59:00,7.1,2272750,15:59:00
201602010312,201606250212,2016-06-25,16:05:00,02,19.9,371620,15:01:00,22.6,492310,15:33:00,18.2,1398380,15:54:00,20.8,2272750,15:59:00,20.8,2272750,15:59:00,20.8,2272750,15:59:00
201602010312,201606250212,2016-06-25,16:05:00,03,109.7,371620,15:01:00,113.1,492310,15:33:00,154.0,1398380,15:54:00,165.2,2272750,15:59:00,165.2,2272750,15:59:00,165.2,2272750,15:59:00
201602010312,201606250212,2016-06-25,16:05:00,04,4.9,371620,15:01:00,4.8,492310,15:33:00,4.1,1398380,15:54:00,3.8,2272750,15:59:00,3.8,2272750,15:59:00,3.8,2272750,15:59:00
201602010312,201606250212,2016-06-25,16:05:00,05,2.7,371620,15:01:00,2.9,492310,15:33:00,3.8,1398380,15:54:00,4.2,2272750,15:59:00,4.2,2272750,15:59:00,4.2,2272750,15:59:00
201602010312,201606250212,2016-06-25,16:05:00,06,21.5,371620,15:01:00,21.2,492310,15:33:00,32.4,1398380,15:54:00,35.0,2272750,15:59:00,35.0,2272750,15:59:00,35.0,2272750,15:59:00
201602010312,201606250212,2016-06-25,16:05:00,07,5.9,371620,15:01:00,4.3,492310,15:33:00,3.3,1398380,15:54:00,3.3,2272750,15:59:00,3.3,2272750,15:59:00,3.3,2272750,15:59:00
201602010312,201606250212,2016-06-25,16:05:00,08,41.0,371620,15:01:00,43.8,492310,15:33:00,52.8,1398380,15:54:00,57.0,2272750,15:59:00,57.0,2272750,15:59:00,57.0,2272750,15:59:00
201602010312,201606250212,2016-06-25,16:05:00,09,36.2,371620,15:01:00,40.1,492310,15:33:00,71.3,1398380,15:54:00,86.6,2272750,15:59:00,86.6,2272750,15:59:00,86.6,2272750,15:59:00
201602010312,201606250212,2016-06-25,16:05:00,10,13.4,371620,15:01:00,13.5,492310,15:33:00,12.8,1398380,15:54:00,11.8,2272750,15:59:00,11.8,2272750,15:59:00,11.8,2272750,15:59:00
201602010312,201606250212,2016-06-25,16:05:00,11,10.3,371620,15:01:00,11.6,492310,15:33:00,13.9,1398380,15:54:00,13.1,2272750,15:59:00,13.1,2272750,15:59:00,13.1,2272750,15:59:00
201602010312,201606250212,2016-06-25,16:05:00,12,20.9,371620,15:01:00,21.8,492310,15:33:00,26.0,1398380,15:54:00,26.8,2272750,15:59:00,26.8,2272750,15:59:00,26.8,2272750,15:59:00
201602010401,201606260201,2016-06-26,09:50:00,01,4.6,173070,08:48:00,4.7,235430,09:18:00,4.7,576270,09:39:00,4.6,841740,09:45:00,4.6,841740,09:45:00,4.6,841740,09:45:00
201602010401,201606260201,2016-06-26,09:50:00,02,29.1,173070,08:48:00,31.9,235430,09:18:00,35.7,576270,09:39:00,42.6,841740,09:45:00,42.6,841740,09:45:00,42.6,841740,09:45:00
201602010401,201606260201,2016-06-26,09:50:00,03,9.8,173070,08:48:00,8.9,235430,09:18:00,11.0,576270,09:39:00,11.5,841740,09:45:00,11.5,841740,09:45:00,11.5,841740,09:45:00
201602010401,201606260201,2016-06-26,09:50:00,04,7.4,173070,08:48:00,7.2,235430,09:18:00,8.1,576270,09:39:00,6.7,841740,09:45:00,6.7,841740,09:45:00,6.7,841740,09:45:00
201602010401,201606260201,2016-06-26,09:50:00,05,16.0,173070,08:48:00,15.4,235430,09:18:00,12.7,576270,09:39:00,12.8,841740,09:45:00,12.8,841740,09:45:00,12.8,841740,09:45:00
201602010401,201606260201,2016-06-26,09:50:00,06,52.2,173070,08:48:00,61.9,235430,09:18:00,87.3,576270,09:39:00,112.0,841740,09:45:00,112.0,841740,09:45:00,112.0,841740,09:45:00
201602010401,201606260201,2016-06-26,09:50:00,07,3.7,173070,08:48:00,3.9,235430,09:18:00,3.4,576270,09:39:00,3.4,841740,09:45:00,3.4,841740,09:45:00,3.4,841740,09:45:00
201602010401,201606260201,2016-06-26,09:50:00,08,51.0,173070,08:48:00,56.3,235430,09:18:00,81.8,576270,09:39:00,93.7,841740,09:45:00,93.7,841740,09:45:00,93.7,841740,09:45:00
201602010401,201606260201,2016-06-26,09:50:00,09,21.4,173070,08:48:00,22.5,235430,09:18:00,21.0,576270,09:39:00,22.4,841740,09:45:00,22.4,841740,09:45:00,22.4,841740,09:45:00
201602010401,201606260201,2016-06-26,09:50:00,10,43.5,173070,08:48:00,45.1,235430,09:18:00,47.4,576270,09:39:00,56.1,841740,09:45:00,56.1,841740,09:45:00,56.1,841740,09:45:00
201602010401,201606260201,2016-06-26,09:50:00,11,17.6,173070,08:48:00,14.5,235430,09:18:00,14.6,576270,09:39:00,15.9,841740,09:45:00,15.9,841740,09:45:00,15.9,841740,09:45:00
201602010401,201606260201,2016-06-26,09:50:00,12,3.6,173070,08:48:00,3.7,235430,09:18:00,3.7,576270,09:39:00,3.7,841740,09:45:00,3.7,841740,09:45:00,3.7,841740,09:45:00
201602010402,201606260202,2016-06-26,10:15:00,01,38.3,133670,09:15:00,39.8,173000,09:39:00,30.9,368900,10:04:00,41.2,543120,10:09:00,41.2,543120,10:09:00,41.2,543120,10:09:00
201602010402,201606260202,2016-06-26,10:15:00,02,36.0,133670,09:15:00,29.8,173000,09:39:00,26.5,368900,10:04:00,34.1,543120,10:09:00,34.1,543120,10:09:00,34.1,543120,10:09:00
201602010402,201606260202,2016-06-26,10:15:00,03,22.9,133670,09:15:00,22.2,173000,09:39:00,19.8,368900,10:04:00,21.5,543120,10:09:00,21.5,543120,10:09:00,21.5,543120,10:09:00
201602010402,201606260202,2016-06-26,10:15:00,04,52.9,133670,09:15:00,41.1,173000,09:39:00,34.0,368900,10:04:00,41.4,543120,10:09:00,41.4,543120,10:09:00,41.4,543120,10:09:00
201602010402,201606260202,2016-06-26,10:15:00,05,26.7,133670,09:15:00,24.6,173000,09:39:00,19.2,368900,10:04:00,21.8,543120,10:09:00,21.8,543120,10:09:00,21.8,543120,10:09:00
201602010402,201606260202,2016-06-26,10:15:00,06,46.4,133670,09:15:00,32.5,173000,09:39:00,45.3,368900,10:04:00,49.6,543120,10:09:00,49.6,543120,10:09:00,49.6,543120,10:09:00
201602010402,201606260202,2016-06-26,10:15:00,07,8.0,133670,09:15:00,7.5,173000,09:39:00,7.6,368900,10:04:00,6.6,543120,10:09:00,6.6,543120,10:09:00,6.6,543120,10:09:00
201602010402,201606260202,2016-06-26,10:15:00,08,8.0,133670,09:15:00,8.1,173000,09:39:00,8.2,368900,10:04:00,9.3,543120,10:09:00,9.3,543120,10:09:00,9.3,543120,10:09:00
201602010402,201606260202,2016-06-26,10:15:00,09,14.9,133670,09:15:00,13.0,173000,09:39:00,13.5,368900,10:04:00,16.2,543120,10:09:00,16.2,543120,10:09:00,16.2,543120,10:09:00
201602010402,201606260202,2016-06-26,10:15:00,10,4.8,133670,09:15:00,5.2,173000,09:39:00,6.4,368900,10:04:00,7.0,543120,10:09:00,7.0,543120,10:09:00,7.0,543120,10:09:00
201602010402,201606260202,2016-06-26,10:15:00,11,9.8,133670,09:15:00,10.9,173000,09:39:00,12.5,368900,10:04:00,13.6,543120,10:09:00,13.6,543120,10:09:00,13.6,543120,10:09:00
201602010402,201606260202,2016-06-26,10:15:00,12,6.9,133670,09:15:00,7.3,173000,09:39:00,8.3,368900,10:04:00,8.0,543120,10:09:00,8.0,543120,10:09:00,8.0,543120,10:09:00
201602010402,201606260202,2016-06-26,10:15:00,13,4.1,133670,09:15:00,4.4,173000,09:39:00,3.6,368900,10:04:00,2.9,543120,10:09:00,2.9,543120,10:09:00,2.9,543120,10:09:00
201602010402,201606260202,2016-06-26,10:15:00,14,81.6,133670,09:15:00,88.7,173000,09:39:00,96.7,368900,10:04:00,114.6,543120,10:09:00,114.6,543120,10:09:00,114.6,543120,10:09:00
201602010402,201606260202,2016-06-26,10:15:00,15,27.3,133670,09:15:00,25.1,173000,09:39:00,23.6,368900,10:04:00,28.8,543120,10:09:00,28.8,543120,10:09:00,28.8,543120,10:09:00
201602010402,201606260202,2016-06-26,10:15:00,16,59.4,133670,09:15:00,45.0,173000,09:39:00,58.5,368900,10:04:00,63.4,543120,10:09:00,63.4,543120,10:09:00,63.4,543120,10:09:00
201602010403,201606260203,2016-06-26,10:45:00,01,7.7,166100,09:41:00,8.4,206030,10:11:00,9.2,453570,10:34:00,9.6,646320,10:39:00,9.6,646320,10:39:00,9.6,646320,10:39:00
201602010403,201606260203,2016-06-26,10:45:00,02,119.7,166100,09:41:00,112.1,206030,10:11:00,147.5,453570,10:34:00,169.5,646320,10:39:00,169.5,646320,10:39:00,169.5,646320,10:39:00
201602010403,201606260203,2016-06-26,10:45:00,03,48.8,166100,09:41:00,43.6,206030,10:11:00,58.7,453570,10:34:00,60.1,646320,10:39:00,60.1,646320,10:39:00,60.1,646320,10:39:00
201602010403,201606260203,2016-06-26,10:45:00,04,42.7,166100,09:41:00,45.0,206030,10:11:00,37.7,453570,10:34:00,40.2,646320,10:39:00,40.2,646320,10:39:00,40.2,646320,10:39:00
201602010403,201606260203,2016-06-26,10:45:00,05,9.1,166100,09:41:00,8.9,206030,10:11:00,6.6,453570,10:34:00,5.4,646320,10:39:00,5.4,646320,10:39:00,5.4,646320,10:39:00
201602010403,201606260203,2016-06-26,10:45:00,06,56.0,166100,09:41:00,58.2,206030,10:11:00,41.6,453570,10:34:00,52.1,646320,10:39:00,52.1,646320,10:39:00,52.1,646320,10:39:00
201602010403,201606260203,2016-06-26,10:45:00,07,4.8,166100,09:41:00,4.7,206030,10:11:00,6.4,453570,10:34:00,6.4,646320,10:39:00,6.4,646320,10:39:00,6.4,646320,10:39:00
201602010403,201606260203,2016-06-26,10:45:00,08,7.7,166100,09:41:00,6.7,206030,10:11:00,5.1,453570,10:34:00,5.3,646320,10:39:00,5.3,646320,10:39:00,5.3,646320,10:39:00
201602010403,201606260203,2016-06-26,10:45:00,09,41.0,166100,09:41:00,38.1,206030,10:11:00,41.3,453570,10:34:00,39.4,646320,10:39:00,39.4,646320,10:39:00,39.4,646320,10:39:00
201602010403,201606260203,2016-06-26,10:45:00,10,4.9,166100,09:41:00,5.0,206030,10:11:00,5.5,453570,10:34:00,6.2,646320,10:39:00,6.2,646320,10:39:00,6.2,646320,10:39:00
201602010403,201606260203,2016-06-26,10:45:00,11,5.0,166100,09:41:00,5.4,206030,10:11:00,5.2,453570,10:34:00,4.9,646320,10:39:00,4.9,646320,10:39:00,4.9,646320,10:39:00
201602010403,201606260203,2016-06-26,10:45:00,12,58.7,166100,09:41:00,59.7,206030,10:11:00,66.4,453570,10:34:00,61.2,646320,10:39:00,61.2,646320,10:39:00,61.2,646320,10:39:00
201602010403,201606260203,2016-06-26,10:45:00,13,33.3,166100,09:41:00,36.0,206030,10:11:00,37.6,453570,10:34:00,34.9,646320,10:39:00,34.9,646320,10:39:00,34.9,646320,10:39:00
201602010403,201606260203,2016-06-26,10:45:00,14,88.5,166100,09:41:00,90.5,206030,10:11:00,117.8,453570,10:34:00,122.2,646320,10:39:00,122.2,646320,10:39:00,122.2,646320,10:39:00
201602010403,201606260203,2016-06-26,10:45:00,15,7.9,166100,09:41:00,7.8,206030,10:11:00,8.1,453570,10:34:00,8.8,646320,10:39:00,8.8,646320,10:39:00,8.8,646320,10:39:00
201602010404,201606260204,2016-06-26,11:15:00,01,24.0,159030,10:12:00,29.6,229250,10:45:00,27.7,468310,11:04:00,32.3,743000,11:09:00,32.3,743000,11:09:00,32.3,743000,11:09:00
201602010404,201606260204,2016-06-26,11:15:00,02,13.7,159030,10:12:00,15.3,229250,10:45:00,9.9,468310,11:04:00,10.3,743000,11:09:00,10.3,743000,11:09:00,10.3,743000,11:09:00
201602010404,201606260204,2016-06-26,11:15:00,03,6.4,159030,10:12:00,6.7,229250,10:45:00,9.9,468310,11:04:00,13.0,743000,11:09:00,13.0,743000,11:09:00,13.0,743000,11:09:00
201602010404,201606260204,2016-06-26,11:15:00,04,3.1,159030,10:12:00,2.7,229250,10:45:00,2.2,468310,11:04:00,2.0,743000,11:09:00,2.0,743000,11:09:00,2.0,743000,11:09:00
201602010404,201606260204,2016-06-26,11:15:00,05,48.3,159030,10:12:00,62.8,229250,10:45:00,61.8,468310,11:04:00,82.3,743000,11:09:00,82.3,743000,11:09:00,82.3,743000,11:09:00
201602010404,201606260204,2016-06-26,11:15:00,06,74.8,159030,10:12:00,82.2,229250,10:45:00,112.5,468310,11:04:00,155.6,743000,11:09:00,155.6,743000,11:09:00,155.6,743000,11:09:00
201602010404,201606260204,2016-06-26,11:15:00,07,25.9,159030,10:12:00,30.9,229250,10:45:00,30.4,468310,11:04:00,32.9,743000,11:09:00,32.9,743000,11:09:00,32.9,743000,11:09:00
201602010404,201606260204,2016-06-26,11:15:00,08,27.9,159030,10:12:00,32.2,229250,10:45:00,28.8,468310,11:04:00,31.8,743000,11:09:00,31.8,743000,11:09:00,31.8,743000,11:09:00
201602010404,201606260204,2016-06-26,11:15:00,09,45.6,159030,10:12:00,49.7,229250,10:45:00,68.1,468310,11:04:00,86.1,743000,11:09:00,86.1,743000,11:09:00,86.1,743000,11:09:00
201602010404,201606260204,2016-06-26,11:15:00,10,10.6,159030,10:12:00,11.0,229250,10:45:00,14.1,468310,11:04:00,13.2,743000,11:09:00,13.2,743000,11:09:00,13.2,743000,11:09:00
201602010404,201606260204,2016-06-26,11:15:00,11,7.8,159030,10:12:00,8.6,229250,10:45:00,8.0,468310,11:04:00,7.7,743000,11:09:00,7.7,743000,11:09:00,7.7,743000,11:09:00
201602010404,201606260204,2016-06-26,11:15:00,12,39.5,159030,10:12:00,37.0,229250,10:45:00,35.7,468310,11:04:00,31.2,743000,11:09:00,31.2,743000,11:09:00,31.2,743000,11:09:00
201602010404,201606260204,2016-06-26,11:15:00,13,3.5,159030,10:12:00,3.4,229250,10:45:00,4.0,468310,11:04:00,4.4,743000,11:09:00,4.4,743000,11:09:00,4.4,743000,11:09:00
201602010405,201606260205,2016-06-26,12:05:00,01,28.2,315330,11:04:00,29.5,478320,11:33:00,27.9,1291530,11:54:00,30.6,1735130,11:59:00,30.6,1735130,11:59:00,30.6,1735130,11:59:00
201602010405,201606260205,2016-06-26,12:05:00,02,19.0,315330,11:04:00,17.5,478320,11:33:00,15.3,1291530,11:54:00,15.8,1735130,11:59:00,15.8,1735130,11:59:00,15.8,1735130,11:59:00
201602010405,201606260205,2016-06-26,12:05:00,03,39.8,315330,11:04:00,40.4,478320,11:33:00,40.0,1291530,11:54:00,44.0,1735130,11:59:00,44.0,1735130,11:59:00,44.0,1735130,11:59:00
201602010405,201606260205,2016-06-26,12:05:00,04,2.6,315330,11:04:00,2.5,478320,11:33:00,2.4,1291530,11:54:00,2.4,1735130,11:59:00,2.4,1735130,11:59:00,2.4,1735130,11:59:00
201602010405,201606260205,2016-06-26,12:05:00,05,55.8,315330,11:04:00,59.3,478320,11:33:00,81.4,1291530,11:54:00,89.5,1735130,11:59:00,89.5,1735130,11:59:00,89.5,1735130,11:59:00
201602010405,201606260205,2016-06-26,12:05:00,06,6.5,315330,11:04:00,6.6,478320,11:33:00,5.6,1291530,11:54:00,5.5,1735130,11:59:00,5.5,1735130,11:59:00,5.5,1735130,11:59:00
201602010405,201606260205,2016-06-26,12:05:00,07,4.8,315330,11:04:00,4.8,478320,11:33:00,5.3,1291530,11:54:00,4.7,1735130,11:59:00,4.7,1735130,11:59:00,4.7,1735130,11:59:00
201602010405,201606260205,2016-06-26,12:05:00,08,41.4,315330,11:04:00,36.8,478320,11:33:00,35.9,1291530,11:54:00,29.2,1735130,11:59:00,29.2,1735130,11:59:00,29.2,1735130,11:59:00
201602010405,201606260205,2016-06-26,12:05:00,09,8.7,315330,11:04:00,9.8,478320,11:33:00,11.9,1291530,11:54:00,14.0,1735130,11:59:00,14.0,1735130,11:59:00,14.0,1735130,11:59:00
201602010405,201606260205,2016-06-26,12:05:00,10,10.7,315330,11:04:00,11.1,478320,11:33:00,11.6,1291530,11:54:00,12.1,1735130,11:59:00,12.1,1735130,11:59:00,12.1,1735130,11:59:00
201602010405,201606260205,2016-06-26,12:05:00,11,25.7,315330,11:04:00,28.9,478320,11:33:00,40.3,1291530,11:54:00,44.0,1735130,11:59:00,44.0,1735130,11:59:00,44.0,1735130,11:59:00
201602010405,201606260205,2016-06-26,12:05:00,12,90.5,315330,11:04:00,89.6,478320,11:33:00,99.9,1291530,11:54:00,101.6,1735130,11:59:00,101.6,1735130,11:59:00,101.6,1735130,11:59:00
201602010405,201606260205,2016-06-26,12:05:00,13,95.6,315330,11:04:00,87.7,478320,11:33:00,99.3,1291530,11:54:00,110.5,1735130,11:59:00,110.5,1735130,11:59:00,110.5,1735130,11:59:00
201602010405,201606260205,2016-06-26,12:05:00,14,35.4,315330,11:04:00,30.7,478320,11:33:00,29.8,1291530,11:54:00,31.8,1735130,11:59:00,31.8,1735130,11:59:00,31.8,1735130,11:59:00
201602010406,201606260206,2016-06-26,12:35:00,01,20.1,221000,11:32:00,22.1,338750,12:03:00,23.4,554900,12:24:00,25.1,740130,12:29:00,25.1,740130,12:29:00,25.1,740130,12:29:00
201602010406,201606260206,2016-06-26,12:35:00,02,75.5,221000,11:32:00,98.5,338750,12:03:00,107.4,554900,12:24:00,120.5,740130,12:29:00,120.5,740130,12:29:00,120.5,740130,12:29:00
201602010406,201606260206,2016-06-26,12:35:00,03,24.8,221000,11:32:00,29.7,338750,12:03:00,35.3,554900,12:24:00,38.4,740130,12:29:00,38.4,740130,12:29:00,38.4,740130,12:29:00
201602010406,201606260206,2016-06-26,12:35:00,04,18.0,221000,11:32:00,24.1,338750,12:03:00,25.1,554900,12:24:00,26.3,740130,12:29:00,26.3,740130,12:29:00,26.3,740130,12:29:00
201602010406,201606260206,2016-06-26,12:35:00,05,1.9,221000,11:32:00,1.5,338750,12:03:00,1.6,554900,12:24:00,1.4,740130,12:29:00,1.4,740130,12:29:00,1.4,740130,12:29:00
201602010406,201606260206,2016-06-26,12:35:00,06,40.4,221000,11:32:00,48.5,338750,12:03:00,54.9,554900,12:24:00,58.3,740130,12:29:00,58.3,740130,12:29:00,58.3,740130,12:29:00
201602010406,201606260206,2016-06-26,12:35:00,07,61.6,221000,11:32:00,76.7,338750,12:03:00,88.2,554900,12:24:00,96.4,740130,12:29:00,96.4,740130,12:29:00,96.4,740130,12:29:00
201602010406,201606260206,2016-06-26,12:35:00,08,25.0,221000,11:32:00,32.6,338750,12:03:00,30.0,554900,12:24:00,30.5,740130,12:29:00,30.5,740130,12:29:00,30.5,740130,12:29:00
201602010406,201606260206,2016-06-26,12:35:00,09,3.9,221000,11:32:00,5.0,338750,12:03:00,4.8,554900,12:24:00,5.5,740130,12:29:00,5.5,740130,12:29:00,5.5,740130,12:29:00
201602010406,201606260206,2016-06-26,12:35:00,10,12.8,221000,11:32:00,12.9,338750,12:03:00,15.1,554900,12:24:00,17.0,740130,12:29:00,17.0,740130,12:29:00,17.0,740130,12:29:00
201602010406,201606260206,2016-06-26,12:35:00,11,11.2,221000,11:32:00,13.4,338750,12:03:00,10.7,554900,12:24:00,11.6,740130,12:29:00,11.6,740130,12:29:00,11.6,740130,12:29:00
201602010406,201606260206,2016-06-26,12:35:00,12,35.6,221000,11:32:00,46.8,338750,12:03:00,41.8,554900,12:24:00,46.2,740130,12:29:00,46.2,740130,12:29:00,46.2,740130,12:29:00
201602010406,201606260206,2016-06-26,12:35:00,13,20.2,221000,11:32:00,20.9,338750,12:03:00,15.6,554900,12:24:00,15.8,740130,12:29:00,15.8,740130,12:29:00,15.8,740130,12:29:00
201602010407,201606260207,2016-06-26,13:05:00,01,5.9,143470,11:59:00,6.5,186270,12:34:00,7.2,379240,12:54:00,8.1,588670,12:59:00,8.1,588670,12:59:00,8.1,588670,12:59:00
201602010407,201606260207,2016-06-26,13:05:00,02,10.6,143470,11:59:00,11.5,186270,12:34:00,9.8,379240,12:54:00,9.2,588670,12:59:00,9.2,588670,12:59:00,9.2,588670,12:59:00
201602010407,201606260207,2016-06-26,13:05:00,03,20.5,143470,11:59:00,22.9,186270,12:34:00,31.0,379240,12:54:00,36.3,588670,12:59:00,36.3,588670,12:59:00,36.3,588670,12:59:00
201602010407,201606260207,2016-06-26,13:05:00,04,24.0,143470,11:59:00,27.8,186270,12:34:00,41.2,379240,12:54:00,50.4,588670,12:59:00,50.4,588670,12:59:00,50.4,588670,12:59:00
201602010407,201606260207,2016-06-26,13:05:00,05,2.6,143470,11:59:00,3.0,186270,12:34:00,2.5,379240,12:54:00,2.4,588670,12:59:00,2.4,588670,12:59:00,2.4,588670,12:59:00
201602010407,201606260207,2016-06-26,13:05:00,06,4.2,143470,11:59:00,3.4,186270,12:34:00,3.8,379240,12:54:00,3.6,588670,12:59:00,3.6,588670,12:59:00,3.6,588670,12:59:00
201602010407,201606260207,2016-06-26,13:05:00,07,6.0,143470,11:59:00,5.1,186270,12:34:00,4.8,379240,12:54:00,4.8,588670,12:59:00,4.8,588670,12:59:00,4.8,588670,12:59:00
201602010407,201606260207,2016-06-26,13:05:00,08,19.0,143470,11:59:00,21.1,186270,12:34:00,28.9,379240,12:54:00,37.3,588670,12:59:00,37.3,588670,12:59:00,37.3,588670,12:59:00
201602010407,201606260207,2016-06-26,13:05:00,09,13.1,143470,11:59:00,14.9,186270,12:34:00,17.8,379240,12:54:00,18.4,588670,12:59:00,18.4,588670,12:59:00,18.4,588670,12:59:00
201602010408,201606260208,2016-06-26,13:35:00,01,20.1,233450,12:32:00,23.5,307610,13:02:00,30.1,620630,13:24:00,30.9,861790,13:29:00,30.9,861790,13:29:00,30.9,861790,13:29:00
201602010408,201606260208,2016-06-26,13:35:00,02,11.2,233450,12:32:00,12.2,307610,13:02:00,11.3,620630,13:24:00,11.5,861790,13:29:00,11.5,861790,13:29:00,11.5,861790,13:29:00
201602010408,201606260208,2016-06-26,13:35:00,03,18.2,233450,12:32:00,21.6,307610,13:02:00,26.7,620630,13:24:00,29.0,861790,13:29:00,29.0,861790,13:29:00,29.0,861790,13:29:00
201602010408,201606260208,2016-06-26,13:35:00,04,27.3,233450,12:32:00,30.5,307610,13:02:00,37.1,620630,13:24:00,37.7,861790,13:29:00,37.7,861790,13:29:00,37.7,861790,13:29:00
201602010408,201606260208,2016-06-26,13:35:00,05,5.9,233450,12:32:00,4.6,307610,13:02:00,5.8,620630,13:24:00,6.0,861790,13:29:00,6.0,861790,13:29:00,6.0,861790,13:29:00
201602010408,201606260208,2016-06-26,13:35:00,06,8.7,233450,12:32:00,9.7,307610,13:02:00,13.6,620630,13:24:00,15.5,861790,13:29:00,15.5,861790,13:29:00,15.5,861790,13:29:00
201602010408,201606260208,2016-06-26,13:35:00,07,48.0,233450,12:32:00,57.2,307610,13:02:00,91.9,620630,13:24:00,83.8,861790,13:29:00,83.8,861790,13:29:00,83.8,861790,13:29:00
201602010408,201606260208,2016-06-26,13:35:00,08,31.8,233450,12:32:00,32.5,307610,13:02:00,46.9,620630,13:24:00,42.2,861790,13:29:00,42.2,861790,13:29:00,42.2,861790,13:29:00
201602010408,201606260208,2016-06-26,13:35:00,09,14.2,233450,12:32:00,16.8,307610,13:02:00,25.7,620630,13:24:00,30.7,861790,13:29:00,30.7,861790,13:29:00,30.7,861790,13:29:00
201602010408,201606260208,2016-06-26,13:35:00,10,14.1,233450,12:32:00,14.9,307610,13:02:00,16.9,620630,13:24:00,16.7,861790,13:29:00,16.7,861790,13:29:00,16.7,861790,13:29:00
201602010408,201606260208,2016-06-26,13:35:00,11,19.9,233450,12:32:00,22.9,307610,13:02:00,22.3,620630,13:24:00,21.0,861790,13:29:00,21.0,861790,13:29:00,21.0,861790,13:29:00
201602010408,201606260208,2016-06-26,13:35:00,12,13.0,233450,12:32:00,14.6,307610,13:02:00,12.5,620630,13:24:00,12.6,861790,13:29:00,12.6,861790,13:29:00,12.6,861790,13:29:00
201602010408,201606260208,2016-06-26,13:35:00,13,41.2,233450,12:32:00,49.4,307610,13:02:00,76.7,620630,13:24:00,79.4,861790,13:29:00,79.4,861790,13:29:00,79.4,861790,13:29:00
201602010408,201606260208,2016-06-26,13:35:00,14,2.5,233450,12:32:00,2.3,307610,13:02:00,1.8,620630,13:24:00,1.7,861790,13:29:00,1.7,861790,13:29:00,1.7,861790,13:29:00
201602010409,201606260209,2016-06-26,14:05:00,01,8.3,206100,12:59:00,9.1,279650,13:35:00,9.3,550510,13:54:00,10.1,893440,14:00:00,10.1,893440,14:00:00,10.1,893440,14:00:00
201602010409,201606260209,2016-06-26,14:05:00,02,20.4,206100,12:59:00,21.6,279650,13:35:00,27.5,550510,13:54:00,28.0,893440,14:00:00,28.0,893440,14:00:00,28.0,893440,14:00:00
201602010409,201606260209,2016-06-26,14:05:00,03,10.8,206100,12:59:00,11.2,279650,13:35:00,8.0,550510,13:54:00,7.2,893440,14:00:00,7.2,893440,14:00:00,7.2,893440,14:00:00
201602010409,201606260209,2016-06-26,14:05:00,04,75.9,206100,12:59:00,86.3,279650,13:35:00,100.3,550510,13:54:00,113.6,893440,14:00:00,113.6,893440,14:00:00,113.6,893440,14:00:00
201602010409,201606260209,2016-06-26,14:05:00,05,7.3,206100,12:59:00,6.8,279650,13:35:00,8.8,550510,13:54:00,9.3,893440,14:00:00,9.3,893440,14:00:00,9.3,893440,14:00:00
201602010409,201606260209,2016-06-26,14:05:00,06,57.8,206100,12:59:00,65.8,279650,13:35:00,91.7,550510,13:54:00,59.6,893440,14:00:00,59.6,893440,14:00:00,59.6,893440,14:00:00
201602010409,201606260209,2016-06-26,14:05:00,07,9.3,206100,12:59:00,10.0,279650,13:35:00,15.3,550510,13:54:00,19.2,893440,14:00:00,19.2,893440,14:00:00,19.2,893440,14:00:00
201602010409,201606260209,2016-06-26,14:05:00,08,3.1,206100,12:59:00,2.6,279650,13:35:00,2.1,550510,13:54:00,2.0,893440,14:00:00,2.0,893440,14:00:00,2.0,893440,14:00:00
201602010409,201606260209,2016-06-26,14:05:00,09,20.0,206100,12:59:00,23.9,279650,13:35:00,29.1,550510,13:54:00,30.8,893440,14:00:00,30.8,893440,14:00:00,30.8,893440,14:00:00
201602010409,201606260209,2016-06-26,14:05:00,10,50.8,206100,12:59:00,59.3,279650,13:35:00,72.1,550510,13:54:00,100.9,893440,14:00:00,100.9,893440,14:00:00,100.9,893440,14:00:00
201602010409,201606260209,2016-06-26,14:05:00,11,14.7,206100,12:59:00,15.2,279650,13:35:00,15.3,550510,13:54:00,17.8,893440,14:00:00,17.8,893440,14:00:00,17.8,893440,14:00:00
201602010409,201606260209,2016-06-26,14:05:00,12,18.8,206100,12:59:00,20.2,279650,13:35:00,21.7,550510,13:54:00,22.0,893440,14:00:00,22.0,893440,14:00:00,22.0,893440,14:00:00
201602010409,201606260209,2016-06-26,14:05:00,13,4.7,206100,12:59:00,5.4,279650,13:35:00,6.2,550510,13:54:00,6.1,893440,14:00:00,6.1,893440,14:00:00,6.1,893440,14:00:00
201602010410,201606260210,2016-06-26,14:40:00,01,3.3,326710,13:40:00,3.4,399270,14:07:00,3.4,814140,14:29:00,3.5,1558240,14:34:00,3.5,1558240,14:34:00,3.5,1558240,14:34:00
201602010410,201606260210,2016-06-26,14:40:00,02,14.0,326710,13:40:00,14.2,399270,14:07:00,19.6,814140,14:29:00,22.5,1558240,14:34:00,22.5,1558240,14:34:00,22.5,1558240,14:34:00
201602010410,201606260210,2016-06-26,14:40:00,03,4.7,326710,13:40:00,4.8,399270,14:07:00,5.8,814140,14:29:00,6.4,1558240,14:34:00,6.4,1558240,14:34:00,6.4,1558240,14:34:00
201602010410,201606260210,2016-06-26,14:40:00,04,12.2,326710,13:40:00,12.2,399270,14:07:00,10.5,814140,14:29:00,10.0,1558240,14:34:00,10.0,1558240,14:34:00,10.0,1558240,14:34:00
201602010410,201606260210,2016-06-26,14:40:00,05,17.4,326710,13:40:00,16.4,399270,14:07:00,16.1,814140,14:29:00,14.4,1558240,14:34:00,14.4,1558240,14:34:00,14.4,1558240,14:34:00
201602010410,201606260210,2016-06-26,14:40:00,06,16.7,326710,13:40:00,17.8,399270,14:07:00,19.0,814140,14:29:00,20.5,1558240,14:34:00,20.5,1558240,14:34:00,20.5,1558240,14:34:00
201602010410,201606260210,2016-06-26,14:40:00,07,7.8,326710,13:40:00,7.0,399270,14:07:00,6.2,814140,14:29:00,5.9,1558240,14:34:00,5.9,1558240,14:34:00,5.9,1558240,14:34:00
201602010410,201606260210,2016-06-26,14:40:00,08,54.2,326710,13:40:00,54.4,399270,14:07:00,78.2,814140,14:29:00,91.4,1558240,14:34:00,91.4,1558240,14:34:00,91.4,1558240,14:34:00
201602010410,201606260210,2016-06-26,14:40:00,09,5.8,326710,13:40:00,5.5,399270,14:07:00,4.3,814140,14:29:00,3.8,1558240,14:34:00,3.8,1558240,14:34:00,3.8,1558240,14:34:00
201602010410,201606260210,2016-06-26,14:40:00,10,23.7,326710,13:40:00,25.1,399270,14:07:00,33.6,814140,14:29:00,41.1,1558240,14:34:00,41.1,1558240,14:34:00,41.1,1558240,14:34:00
201602010410,201606260210,2016-06-26,14:40:00,11,8.8,326710,13:40:00,9.6,399270,14:07:00,10.0,814140,14:29:00,11.4,1558240,14:34:00,11.4,1558240,14:34:00,11.4,1558240,14:34:00
201602010411,201606260211,2016-06-26,15:20:00,01,20.6,824160,14:16:00,21.2,1081270,14:50:00,23.4,2106540,15:09:00,24.1,2960000,15:14:00,24.1,2960000,15:14:00,24.1,2960000,15:14:00
201602010411,201606260211,2016-06-26,15:20:00,02,10.8,824160,14:16:00,11.3,1081270,14:50:00,10.9,2106540,15:09:00,12.6,2960000,15:14:00,12.6,2960000,15:14:00,12.6,2960000,15:14:00
201602010411,201606260211,2016-06-26,15:20:00,03,20.2,824160,14:16:00,21.7,1081270,14:50:00,24.3,2106540,15:09:00,25.7,2960000,15:14:00,25.7,2960000,15:14:00,25.7,2960000,15:14:00
201602010411,201606260211,2016-06-26,15:20:00,04,37.1,824160,14:16:00,40.3,1081270,14:50:00,45.8,2106540,15:09:00,47.6,2960000,15:14:00,47.6,2960000,15:14:00,47.6,2960000,15:14:00
201602010411,201606260211,2016-06-26,15:20:00,05,7.1,824160,14:16:00,6.5,1081270,14:50:00,5.7,2106540,15:09:00,5.7,2960000,15:14:00,5.7,2960000,15:14:00,5.7,2960000,15:14:00
201602010411,201606260211,2016-06-26,15:20:00,06,8.6,824160,14:16:00,8.5,1081270,14:50:00,10.0,2106540,15:09:00,10.4,2960000,15:14:00,10.4,2960000,15:14:00,10.4,2960000,15:14:00
201602010411,201606260211,2016-06-26,15:20:00,07,10.8,824160,14:16:00,10.1,1081270,14:50:00,9.7,2106540,15:09:00,9.3,2960000,15:14:00,9.3,2960000,15:14:00,9.3,2960000,15:14:00
201602010411,201606260211,2016-06-26,15:20:00,08,6.3,824160,14:16:00,6.4,1081270,14:50:00,6.4,2106540,15:09:00,6.3,2960000,15:14:00,6.3,2960000,15:14:00,6.3,2960000,15:14:00
201602010411,201606260211,2016-06-26,15:20:00,09,9.4,824160,14:16:00,10.4,1081270,14:50:00,11.4,2106540,15:09:00,11.6,2960000,15:14:00,11.6,2960000,15:14:00,11.6,2960000,15:14:00
201602010411,201606260211,2016-06-26,15:20:00,10,7.0,824160,14:16:00,6.9,1081270,14:50:00,6.9,2106540,15:09:00,6.5,2960000,15:14:00,6.5,2960000,15:14:00,6.5,2960000,15:14:00
201602010411,201606260211,2016-06-26,15:20:00,11,17.4,824160,14:16:00,16.2,1081270,14:50:00,19.2,2106540,15:09:00,20.4,2960000,15:14:00,20.4,2960000,15:14:00,20.4,2960000,15:14:00
201602010411,201606260211,2016-06-26,15:20:00,12,22.0,824160,14:16:00,22.4,1081270,14:50:00,28.8,2106540,15:09:00,27.3,2960000,15:14:00,27.3,2960000,15:14:00,27.3,2960000,15:14:00
201602010411,201606260211,2016-06-26,15:20:00,13,5.6,824160,14:16:00,5.7,1081270,14:50:00,4.9,2106540,15:09:00,4.7,2960000,15:14:00,4.7,2960000,15:14:00,4.7,2960000,15:14:00
201602010412,201606260212,2016-06-26,16:05:00,01,5.8,326770,15:01:00,6.7,419880,15:31:00,7.8,1218830,15:54:00,7.1,2269380,15:59:00,7.1,2269380,15:59:00,7.1,2269380,15:59:00
201602010412,201606260212,2016-06-26,16:05:00,02,40.9,326770,15:01:00,45.1,419880,15:31:00,29.9,1218830,15:54:00,45.0,2269380,15:59:00,45.0,2269380,15:59:00,45.0,2269380,15:59:00
201602010412,201606260212,2016-06-26,16:05:00,03,10.2,326770,15:01:00,10.7,419880,15:31:00,9.8,1218830,15:54:00,8.4,2269380,15:59:00,8.4,2269380,15:59:00,8.4,2269380,15:59:00
201602010412,201606260212,2016-06-26,16:05:00,04,14.2,326770,15:01:00,15.6,419880,15:31:00,26.0,1218830,15:54:00,32.6,2269380,15:59:00,32.6,2269380,15:59:00,32.6,2269380,15:59:00
201602010412,201606260212,2016-06-26,16:05:00,05,5.7,326770,15:01:00,5.8,419880,15:31:00,5.2,1218830,15:54:00,5.1,2269380,15:59:00,5.1,2269380,15:59:00,5.1,2269380,15:59:00
201602010412,201606260212,2016-06-26,16:05:00,06,31.9,326770,15:01:00,30.7,419880,15:31:00,60.6,1218830,15:54:00,70.0,2269380,15:59:00,70.0,2269380,15:59:00,70.0,2269380,15:59:00
201602010412,201606260212,2016-06-26,16:05:00,07,14.6,326770,15:01:00,16.0,419880,15:31:00,18.1,1218830,15:54:00,19.5,2269380,15:59:00,19.5,2269380,15:59:00,19.5,2269380,15:59:00
201602010412,201606260212,2016-06-26,16:05:00,08,13.4,326770,15:01:00,14.8,419880,15:31:00,21.5,1218830,15:54:00,24.8,2269380,15:59:00,24.8,2269380,15:59:00,24.8,2269380,15:59:00
201602010412,201606260212,2016-06-26,16:05:00,09,4.1,326770,15:01:00,3.9,419880,15:31:00,4.2,1218830,15:54:00,3.8,2269380,15:59:00,3.8,2269380,15:59:00,3.8,2269380,15:59:00
201602010412,201606260212,2016-06-26,16:05:00,10,5.2,326770,15:01:00,5.4,419880,15:31:00,3.1,1218830,15:54:00,3.4,2269380,15:59:00,3.4,2269380,15:59:00,3.4,2269380,15:59:00
201602010412,201606260212,2016-06-26,16:05:00,11,9.1,326770,15:01:00,6.6,419880,15:31:00,10.8,1218830,15:54:00,11.2,2269380,15:59:00,11.2,2269380,15:59:00,11.2,2269380,15:59:00
201605030101,201606040501,2016-06-04,10:10:00,01,152.0,338390,09:07:00,156.3,525750,09:36:00,191.6,1049550,09:59:00,255.6,1725920,10:05:00,255.6,1725920,10:05:00,255.6,1725920,10:05:00
201605030101,201606040501,2016-06-04,10:10:00,02,71.0,338390,09:07:00,81.1,525750,09:36:00,110.6,1049550,09:59:00,120.1,1725920,10:05:00,120.1,1725920,10:05:00,120.1,1725920,10:05:00
201605030101,201606040501,2016-06-04,10:10:00,03,91.4,338390,09:07:00,70.2,525750,09:36:00,63.4,1049550,09:59:00,77.8,1725920,10:05:00,77.8,1725920,10:05:00,77.8,1725920,10:05:00
201605030101,201606040501,2016-06-04,10:10:00,04,60.5,338390,09:07:00,63.1,525750,09:36:00,67.2,1049550,09:59:00,91.5,1725920,10:05:00,91.5,1725920,10:05:00,91.5,1725920,10:05:00
201605030101,201606040501,2016-06-04,10:10:00,05,6.9,338390,09:07:00,7.6,525750,09:36:00,9.5,1049550,09:59:00,11.0,1725920,10:05:00,11.0,1725920,10:05:00,11.0,1725920,10:05:00
201605030101,201606040501,2016-06-04,10:10:00,06,9.3,338390,09:07:00,9.8,525750,09:36:00,9.2,1049550,09:59:00,8.9,1725920,10:05:00,8.9,1725920,10:05:00,8.9,1725920,10:05:00
201605030101,201606040501,2016-06-04,10:10:00,07,8.9,338390,09:07:00,7.8,525750,09:36:00,10.3,1049550,09:59:00,13.3,1725920,10:05:00,13.3,1725920,10:05:00,13.3,1725920,10:05:00
201605030101,201606040501,2016-06-04,10:10:00,08,54.3,338390,09:07:00,40.6,525750,09:36:00,51.7,1049550,09:59:00,73.3,1725920,10:05:00,73.3,1725920,10:05:00,73.3,1725920,10:05:00
201605030101,201606040501,2016-06-04,10:10:00,09,17.2,338390,09:07:00,14.2,525750,09:36:00,14.4,1049550,09:59:00,15.0,1725920,10:05:00,15.0,1725920,10:05:00,15.0,1725920,10:05:00
201605030101,201606040501,2016-06-04,10:10:00,10,93.6,338390,09:07:00,101.1,525750,09:36:00,122.7,1049550,09:59:00,159.4,1725920,10:05:00,159.4,1725920,10:05:00,159.4,1725920,10:05:00
201605030101,201606040501,2016-06-04,10:10:00,11,4.3,338390,09:07:00,4.5,525750,09:36:00,4.6,1049550,09:59:00,4.5,1725920,10:05:00,4.5,1725920,10:05:00,4.5,1725920,10:05:00
201605030101,201606040501,2016-06-04,10:10:00,12,19.5,338390,09:07:00,18.6,525750,09:36:00,18.0,1049550,09:59:00,18.3,1725920,10:05:00,18.3,1725920,10:05:00,18.3,1725920,10:05:00
201605030101,201606040501,2016-06-04,10:10:00,13,39.5,338390,09:07:00,37.6,525750,09:36:00,38.5,1049550,09:59:00,49.4,1725920,10:05:00,49.4,1725920,10:05:00,49.4,1725920,10:05:00
201605030101,201606040501,2016-06-04,10:10:00,14,121.3,338390,09:07:00,125.1,525750,09:36:00,181.7,1049550,09:59:00,241.8,1725920,10:05:00,241.8,1725920,10:05:00,241.8,1725920,10:05:00
201605030101,201606040501,2016-06-04,10:10:00,15,23.1,338390,09:07:00,17.6,525750,09:36:00,23.8,1049550,09:59:00,29.3,1725920,10:05:00,29.3,1725920,10:05:00,29.3,1725920,10:05:00
201605030101,201606040501,2016-06-04,10:10:00,16,2.5,338390,09:07:00,2.6,525750,09:36:00,2.1,1049550,09:59:00,1.9,1725920,10:05:00,1.9,1725920,10:05:00,1.9,1725920,10:05:00
201605030102,201606040502,2016-06-04,10:40:00,01,12.9,340620,09:40:00,14.1,453730,10:06:00,17.9,1005760,10:29:00,18.0,1649150,10:34:00,18.0,1649150,10:34:00,18.0,1649150,10:34:00
201605030102,201606040502,2016-06-04,10:40:00,02,16.9,340620,09:40:00,16.6,453730,10:06:00,16.4,1005760,10:29:00,18.3,1649150,10:34:00,18.3,1649150,10:34:00,18.3,1649150,10:34:00
201605030102,201606040502,2016-06-04,10:40:00,03,27.5,340620,09:40:00,30.4,453730,10:06:00,34.4,1005760,10:29:00,37.1,1649150,10:34:00,37.1,1649150,10:34:00,37.1,1649150,10:34:00
201605030102,201606040502,2016-06-04,10:40:00,04,13.9,340620,09:40:00,13.4,453730,10:06:00,13.3,1005760,10:29:00,11.4,1649150,10:34:00,11.4,1649150,10:34:00,11.4,1649150,10:34:00
201605030102,201606040502,2016-06-04,10:40:00,05,147.2,340620,09:40:00,162.7,453730,10:06:00,222.8,1005760,10:29:00,300.5,1649150,10:34:00,300.5,1649150,10:34:00,300.5,1649150,10:34:00
201605030102,201606040502,2016-06-04,10:40:00,06,2.0,340620,09:40:00,2.1,453730,10:06:00,1.9,1005760,10:29:00,1.8,1649150,10:34:00,1.8,1649150,10:34:00,1.8,1649150,10:34:00
201605030102,201606040502,2016-06-04,10:40:00,07,5.1,340620,09:40:00,4.7,453730,10:06:00,4.4,1005760,10:29:00,4.2,1649150,10:34:00,4.2,1649150,10:34:00,4.2,1649150,10:34:00
201605030102,201606040502,2016-06-04,10:40:00,08,336.4,340620,09:40:00,378.1,453730,10:06:00,189.3,1005760,10:29:00,279.5,1649150,10:34:00,279.5,1649150,10:34:00,279.5,1649150,10:34:00
201605030102,201606040502,2016-06-04,10:40:00,09,293.0,340620,09:40:00,299.9,453730,10:06:00,191.1,1005760,10:29:00,274.2,1649150,10:34:00,274.2,1649150,10:34:00,274.2,1649150,10:34:00
201605030102,201606040502,2016-06-04,10:40:00,10,13.1,340620,09:40:00,12.6,453730,10:06:00,15.8,1005760,10:29:00,16.5,1649150,10:34:00,16.5,1649150,10:34:00,16.5,1649150,10:34:00
201605030102,201606040502,2016-06-04,10:40:00,11,40.5,340620,09:40:00,38.9,453730,10:06:00,46.4,1005760,10:29:00,53.0,1649150,10:34:00,53.0,1649150,10:34:00,53.0,1649150,10:34:00
201605030102,201606040502,2016-06-04,10:40:00,12,35.3,340620,09:40:00,41.1,453730,10:06:00,50.9,1005760,10:29:00,58.7,1649150,10:34:00,58.7,1649150,10:34:00,58.7,1649150,10:34:00
201605030102,201606040502,2016-06-04,10:40:00,13,20.2,340620,09:40:00,19.8,453730,10:06:00,23.0,1005760,10:29:00,23.6,1649150,10:34:00,23.6,1649150,10:34:00,23.6,1649150,10:34:00
201605030102,201606040502,2016-06-04,10:40:00,14,18.0,340620,09:40:00,16.0,453730,10:06:00,22.1,1005760,10:29:00,31.0,1649150,10:34:00,31.0,1649150,10:34:00,31.0,1649150,10:34:00
201605030102,201606040502,2016-06-04,10:40:00,15,18.8,340620,09:40:00,16.4,453730,10:06:00,21.9,1005760,10:29:00,23.9,1649150,10:34:00,23.9,1649150,10:34:00,23.9,1649150,10:34:00
201605030102,201606040502,2016-06-04,10:40:00,16,29.4,340620,09:40:00,33.4,453730,10:06:00,33.4,1005760,10:29:00,44.1,1649150,10:34:00,44.1,1649150,10:34:00,44.1,1649150,10:34:00
201605030103,201606040503,2016-06-04,11:10:00,01,22.2,362950,10:06:00,24.4,481080,10:35:00,26.9,1131190,10:59:00,28.7,1920030,11:04:00,28.7,1920030,11:04:00,28.7,1920030,11:04:00
201605030103,201606040503,2016-06-04,11:10:00,02,19.4,362950,10:06:00,22.8,481080,10:35:00,27.9,1131190,10:59:00,22.9,1920030,11:04:00,22.9,1920030,11:04:00,22.9,1920030,11:04:00
201605030103,201606040503,2016-06-04,11:10:00,03,160.4,362950,10:06:00,161.7,481080,10:35:00,215.9,1131190,10:59:00,282.3,1920030,11:04:00,282.3,1920030,11:04:00,282.3,1920030,11:04:00
201605030103,201606040503,2016-06-04,11:10:00,04,21.8,362950,10:06:00,24.2,481080,10:35:00,23.6,1131190,10:59:00,18.7,1920030,11:04:00,18.7,1920030,11:04:00,18.7,1920030,11:04:00
201605030103,201606040503,2016-06-04,11:10:00,05,60.8,362950,10:06:00,30.3,481080,10:35:00,53.2,1131190,10:59:00,62.2,1920030,11:04:00,62.2,1920030,11:04:00,62.2,1920030,11:04:00
201605030103,201606040503,2016-06-04,11:10:00,06,208.8,362950,10:06:00,236.1,481080,10:35:00,312.0,1131190,10:59:00,341.3,1920030,11:04:00,341.3,1920030,11:04:00,341.3,1920030,11:04:00
201605030103,201606040503,2016-06-04,11:10:00,07,69.2,362950,10:06:00,74.2,481080,10:35:00,63.5,1131190,10:59:00,84.0,1920030,11:04:00,84.0,1920030,11:04:00,84.0,1920030,11:04:00
201605030103,201606040503,2016-06-04,11:10:00,08,70.1,362950,10:06:00,62.9,481080,10:35:00,79.0,1131190,10:59:00,96.1,1920030,11:04:00,96.1,1920030,11:04:00,96.1,1920030,11:04:00
201605030103,201606040503,2016-06-04,11:10:00,09,8.7,362950,10:06:00,9.0,481080,10:35:00,7.5,1131190,10:59:00,6.5,1920030,11:04:00,6.5,1920030,11:04:00,6.5,1920030,11:04:00
201605030103,201606040503,2016-06-04,11:10:00,10,181.4,362950,10:06:00,211.4,481080,10:35:00,230.2,1131190,10:59:00,208.6,1920030,11:04:00,208.6,1920030,11:04:00,208.6,1920030,11:04:00
201605030103,201606040503,2016-06-04,11:10:00,11,8.3,362950,10:06:00,9.4,481080,10:35:00,11.1,1131190,10:59:00,12.0,1920030,11:04:00,12.0,1920030,11:04:00,12.0,1920030,11:04:00
201605030103,201606040503,2016-06-04,11:10:00,12,2.4,362950,10:06:00,2.2,481080,10:35:00,2.2,1131190,10:59:00,2.4,1920030,11:04:00,2.4,1920030,11:04:00,2.4,1920030,11:04:00
201605030103,201606040503,2016-06-04,11:10:00,13,4.7,362950,10:06:00,5.0,481080,10:35:00,3.7,1131190,10:59:00,3.3,1920030,11:04:00,3.3,1920030,11:04:00,3.3,1920030,11:04:00
201605030103,201606040503,2016-06-04,11:10:00,14,18.0,362950,10:06:00,19.7,481080,10:35:00,22.1,1131190,10:59:00,23.5,1920030,11:04:00,23.5,1920030,11:04:00,23.5,1920030,11:04:00
201605030103,201606040503,2016-06-04,11:10:00,15,82.9,362950,10:06:00,51.2,481080,10:35:00,81.3,1131190,10:59:00,113.9,1920030,11:04:00,113.9,1920030,11:04:00,113.9,1920030,11:04:00
201605030103,201606040503,2016-06-04,11:10:00,16,7.9,362950,10:06:00,8.3,481080,10:35:00,12.0,1131190,10:59:00,13.9,1920030,11:04:00,13.9,1920030,11:04:00,13.9,1920030,11:04:00
201605030105,201606040505,2016-06-04,12:30:00,01,6.2,621950,11:22:00,6.6,1053780,11:57:00,6.8,1801480,12:19:00,6.6,2920680,12:24:00,6.6,2920680,12:24:00,6.6,2920680,12:24:00
201605030105,201606040505,2016-06-04,12:30:00,02,93.7,621950,11:22:00,109.2,1053780,11:57:00,122.6,1801480,12:19:00,165.3,2920680,12:24:00,165.3,2920680,12:24:00,165.3,2920680,12:24:00
201605030105,201606040505,2016-06-04,12:30:00,03,15.6,621950,11:22:00,17.3,1053780,11:57:00,16.5,1801480,12:19:00,18.3,2920680,12:24:00,18.3,2920680,12:24:00,18.3,2920680,12:24:00
201605030105,201606040505,2016-06-04,12:30:00,04,69.5,621950,11:22:00,83.4,1053780,11:57:00,103.1,1801480,12:19:00,135.7,2920680,12:24:00,135.7,2920680,12:24:00,135.7,2920680,12:24:00
201605030105,201606040505,2016-06-04,12:30:00,05,4.9,621950,11:22:00,4.7,1053780,11:57:00,4.8,1801480,12:19:00,4.8,2920680,12:24:00,4.8,2920680,12:24:00,4.8,2920680,12:24:00
201605030105,201606040505,2016-06-04,12:30:00,06,23.3,621950,11:22:00,28.6,1053780,11:57:00,30.6,1801480,12:19:00,37.1,2920680,12:24:00,37.1,2920680,12:24:00,37.1,2920680,12:24:00
201605030105,201606040505,2016-06-04,12:30:00,07,61.2,621950,11:22:00,66.9,1053780,11:57:00,62.0,1801480,12:19:00,81.1,2920680,12:24:00,81.1,2920680,12:24:00,81.1,2920680,12:24:00
201605030105,201606040505,2016-06-04,12:30:00,08,71.6,621950,11:22:00,56.6,1053780,11:57:00,64.0,1801480,12:19:00,78.0,2920680,12:24:00,78.0,2920680,12:24:00,78.0,2920680,12:24:00
201605030105,201606040505,2016-06-04,12:30:00,09,149.7,621950,11:22:00,161.0,1053780,11:57:00,140.5,1801480,12:19:00,163.3,2920680,12:24:00,163.3,2920680,12:24:00,163.3,2920680,12:24:00
201605030105,201606040505,2016-06-04,12:30:00,10,81.1,621950,11:22:00,80.9,1053780,11:57:00,92.5,1801480,12:19:00,112.2,2920680,12:24:00,112.2,2920680,12:24:00,112.2,2920680,12:24:00
201605030105,201606040505,2016-06-04,12:30:00,11,118.7,621950,11:22:00,121.6,1053780,11:57:00,154.9,1801480,12:19:00,208.2,2920680,12:24:00,208.2,2920680,12:24:00,208.2,2920680,12:24:00
201605030105,201606040505,2016-06-04,12:30:00,12,71.6,621950,11:22:00,95.0,1053780,11:57:00,112.4,1801480,12:19:00,134.0,2920680,12:24:00,134.0,2920680,12:24:00,134.0,2920680,12:24:00
201605030105,201606040505,2016-06-04,12:30:00,13,2.6,621950,11:22:00,2.4,1053780,11:57:00,2.2,1801480,12:19:00,2.0,2920680,12:24:00,2.0,2920680,12:24:00,2.0,2920680,12:24:00
201605030105,201606040505,2016-06-04,12:30:00,14,66.4,621950,11:22:00,69.7,1053780,11:57:00,77.1,1801480,12:19:00,97.0,2920680,12:24:00,97.0,2920680,12:24:00,97.0,2920680,12:24:00
201605030105,201606040505,2016-06-04,12:30:00,15,5.2,621950,11:22:00,5.6,1053780,11:57:00,5.8,1801480,12:19:00,6.5,2920680,12:24:00,6.5,2920680,12:24:00,6.5,2920680,12:24:00
201605030105,201606040505,2016-06-04,12:30:00,16,23.6,621950,11:22:00,22.8,1053780,11:57:00,23.2,1801480,12:19:00,29.1,2920680,12:24:00,29.1,2920680,12:24:00,29.1,2920680,12:24:00
201605030106,201606040506,2016-06-04,13:00:00,01,4.7,314290,11:54:00,4.6,412680,12:26:00,3.7,983180,12:49:00,3.9,1672950,12:54:00,3.9,1672950,12:54:00,3.9,1672950,12:54:00
201605030106,201606040506,2016-06-04,13:00:00,02,57.8,314290,11:54:00,63.1,412680,12:26:00,106.7,983180,12:49:00,140.7,1672950,12:54:00,140.7,1672950,12:54:00,140.7,1672950,12:54:00
201605030106,201606040506,2016-06-04,13:00:00,03,7.2,314290,11:54:00,6.8,412680,12:26:00,7.0,983180,12:49:00,5.5,1672950,12:54:00,5.5,1672950,12:54:00,5.5,1672950,12:54:00
201605030106,201606040506,2016-06-04,13:00:00,04,149.6,314290,11:54:00,179.4,412680,12:26:00,178.3,983180,12:49:00,183.0,1672950,12:54:00,183.0,1672950,12:54:00,183.0,1672950,12:54:00
201605030106,201606040506,2016-06-04,13:00:00,05,21.7,314290,11:54:00,23.2,412680,12:26:00,29.7,983180,12:49:00,35.6,1672950,12:54:00,35.6,1672950,12:54:00,35.6,1672950,12:54:00
201605030106,201606040506,2016-06-04,13:00:00,06,72.8,314290,11:54:00,78.7,412680,12:26:00,89.9,983180,12:49:00,104.4,1672950,12:54:00,104.4,1672950,12:54:00,104.4,1672950,12:54:00
201605030106,201606040506,2016-06-04,13:00:00,07,12.1,314290,11:54:00,13.7,412680,12:26:00,19.4,983180,12:49:00,23.2,1672950,12:54:00,23.2,1672950,12:54:00,23.2,1672950,12:54:00
201605030106,201606040506,2016-06-04,13:00:00,08,23.1,314290,11:54:00,25.7,412680,12:26:00,43.3,983180,12:49:00,48.9,1672950,12:54:00,48.9,1672950,12:54:00,48.9,1672950,12:54:00
201605030106,201606040506,2016-06-04,13:00:00,09,65.9,314290,11:54:00,77.1,412680,12:26:00,132.6,983180,12:49:00,186.6,1672950,12:54:00,186.6,1672950,12:54:00,186.6,1672950,12:54:00
201605030106,201606040506,2016-06-04,13:00:00,10,117.4,314290,11:54:00,134.7,412680,12:26:00,199.1,983180,12:49:00,267.1,1672950,12:54:00,267.1,1672950,12:54:00,267.1,1672950,12:54:00
201605030106,201606040506,2016-06-04,13:00:00,11,7.1,314290,11:54:00,6.8,412680,12:26:00,7.7,983180,12:49:00,8.5,1672950,12:54:00,8.5,1672950,12:54:00,8.5,1672950,12:54:00
201605030106,201606040506,2016-06-04,13:00:00,12,18.2,314290,11:54:00,20.1,412680,12:26:00,19.7,983180,12:49:00,20.0,1672950,12:54:00,20.0,1672950,12:54:00,20.0,1672950,12:54:00
201605030106,201606040506,2016-06-04,13:00:00,13,10.1,314290,11:54:00,11.0,412680,12:26:00,12.3,983180,12:49:00,13.1,1672950,12:54:00,13.1,1672950,12:54:00,13.1,1672950,12:54:00
201605030106,201606040506,2016-06-04,13:00:00,14,126.3,314290,11:54:00,95.6,412680,12:26:00,113.3,983180,12:49:00,134.7,1672950,12:54:00,134.7,1672950,12:54:00,134.7,1672950,12:54:00
201605030106,201606040506,2016-06-04,13:00:00,15,14.0,314290,11:54:00,12.3,412680,12:26:00,16.0,983180,12:49:00,18.6,1672950,12:54:00,18.6,1672950,12:54:00,18.6,1672950,12:54:00
201605030106,201606040506,2016-06-04,13:00:00,16,7.9,314290,11:54:00,8.2,412680,12:26:00,9.3,983180,12:49:00,9.1,1672950,12:54:00,9.1,1672950,12:54:00,9.1,1672950,12:54:00
201605030106,201606040506,2016-06-04,13:00:00,17,6.8,314290,11:54:00,6.2,412680,12:26:00,4.2,983180,12:49:00,3.7,1672950,12:54:00,3.7,1672950,12:54:00,3.7,1672950,12:54:00
201605030106,201606040506,2016-06-04,13:00:00,18,39.2,314290,11:54:00,44.8,412680,12:26:00,40.3,983180,12:49:00,51.8,1672950,12:54:00,51.8,1672950,12:54:00,51.8,1672950,12:54:00
201605030107,201606040507,2016-06-04,13:30:00,01,19.4,599660,12:30:00,21.6,812040,12:58:00,25.1,1486890,13:19:00,28.3,2798420,13:25:00,28.3,2798420,13:25:00,28.3,2798420,13:25:00
201605030107,201606040507,2016-06-04,13:30:00,02,19.6,599660,12:30:00,20.7,812040,12:58:00,20.6,1486890,13:19:00,21.8,2798420,13:25:00,21.8,2798420,13:25:00,21.8,2798420,13:25:00
201605030107,201606040507,2016-06-04,13:30:00,03,277.2,599660,12:30:00,315.3,812040,12:58:00,376.4,1486890,13:19:00,517.0,2798420,13:25:00,517.0,2798420,13:25:00,517.0,2798420,13:25:00
201605030107,201606040507,2016-06-04,13:30:00,04,27.7,599660,12:30:00,19.7,812040,12:58:00,26.0,1486890,13:19:00,34.8,2798420,13:25:00,34.8,2798420,13:25:00,34.8,2798420,13:25:00
201605030107,201606040507,2016-06-04,13:30:00,05,6.6,599660,12:30:00,6.8,812040,12:58:00,5.3,1486890,13:19:00,4.5,2798420,13:25:00,4.5,2798420,13:25:00,4.5,2798420,13:25:00
201605030107,201606040507,2016-06-04,13:30:00,06,207.6,599660,12:30:00,230.3,812040,12:58:00,253.0,1486890,13:19:00,345.4,2798420,13:25:00,345.4,2798420,13:25:00,345.4,2798420,13:25:00
201605030107,201606040507,2016-06-04,13:30:00,07,13.2,599660,12:30:00,14.7,812040,12:58:00,16.1,1486890,13:19:00,14.3,2798420,13:25:00,14.3,2798420,13:25:00,14.3,2798420,13:25:00
201605030107,201606040507,2016-06-04,13:30:00,08,17.1,599660,12:30:00,18.1,812040,12:58:00,17.2,1486890,13:19:00,16.2,2798420,13:25:00,16.2,2798420,13:25:00,16.2,2798420,13:25:00
201605030107,201606040507,2016-06-04,13:30:00,09,1.6,599660,12:30:00,1.5,812040,12:58:00,1.7,1486890,13:19:00,1.7,2798420,13:25:00,1.7,2798420,13:25:00,1.7,2798420,13:25:00
201605030107,201606040507,2016-06-04,13:30:00,10,224.1,599660,12:30:00,239.7,812040,12:58:00,267.9,1486890,13:19:00,311.3,2798420,13:25:00,311.3,2798420,13:25:00,311.3,2798420,13:25:00
201605030107,201606040507,2016-06-04,13:30:00,11,24.6,599660,12:30:00,25.7,812040,12:58:00,16.2,1486890,13:19:00,14.8,2798420,13:25:00,14.8,2798420,13:25:00,14.8,2798420,13:25:00
201605030107,201606040507,2016-06-04,13:30:00,12,165.9,599660,12:30:00,201.7,812040,12:58:00,218.2,1486890,13:19:00,320.2,2798420,13:25:00,320.2,2798420,13:25:00,320.2,2798420,13:25:00
201605030107,201606040507,2016-06-04,13:30:00,13,119.0,599660,12:30:00,145.3,812040,12:58:00,173.1,1486890,13:19:00,249.5,2798420,13:25:00,249.5,2798420,13:25:00,249.5,2798420,13:25:00
201605030107,201606040507,2016-06-04,13:30:00,14,8.7,599660,12:30:00,9.0,812040,12:58:00,8.2,1486890,13:19:00,8.7,2798420,13:25:00,8.7,2798420,13:25:00,8.7,2798420,13:25:00
201605030107,201606040507,2016-06-04,13:30:00,15,163.7,599660,12:30:00,166.5,812040,12:58:00,195.9,1486890,13:19:00,252.1,2798420,13:25:00,252.1,2798420,13:25:00,252.1,2798420,13:25:00
201605030107,201606040507,2016-06-04,13:30:00,16,25.0,599660,12:30:00,31.6,812040,12:58:00,43.7,1486890,13:19:00,42.7,2798420,13:25:00,42.7,2798420,13:25:00,42.7,2798420,13:25:00
201605030108,201606040508,2016-06-04,14:01:00,01,7.8,474870,12:56:00,9.1,659040,13:31:00,14.6,1689730,13:50:00,17.2,2199110,13:55:00,17.2,2199110,13:55:00,17.2,2199110,13:55:00
201605030108,201606040508,2016-06-04,14:01:00,02,5.2,474870,12:56:00,5.3,659040,13:31:00,5.5,1689730,13:50:00,5.2,2199110,13:55:00,5.2,2199110,13:55:00,5.2,2199110,13:55:00
201605030108,201606040508,2016-06-04,14:01:00,03,53.0,474870,12:56:00,57.8,659040,13:31:00,106.9,1689730,13:50:00,114.0,2199110,13:55:00,114.0,2199110,13:55:00,114.0,2199110,13:55:00
201605030108,201606040508,2016-06-04,14:01:00,04,46.1,474870,12:56:00,53.0,659040,13:31:00,92.7,1689730,13:50:00,102.1,2199110,13:55:00,102.1,2199110,13:55:00,102.1,2199110,13:55:00
201605030108,201606040508,2016-06-04,14:01:00,05,53.7,474870,12:56:00,59.0,659040,13:31:00,89.8,1689730,13:50:00,90.3,2199110,13:55:00,90.3,2199110,13:55:00,90.3,2199110,13:55:00
201605030108,201606040508,2016-06-04,14:01:00,06,92.8,474870,12:56:00,116.1,659040,13:31:00,189.5,1689730,13:50:00,203.3,2199110,13:55:00,203.3,2199110,13:55:00,203.3,2199110,13:55:00
201605030108,201606040508,2016-06-04,14:01:00,07,101.3,474870,12:56:00,110.2,659040,13:31:00,206.6,1689730,13:50:00,225.8,2199110,13:55:00,225.8,2199110,13:55:00,225.8,2199110,13:55:00
201605030108,201606040508,2016-06-04,14:01:00,08,85.5,474870,12:56:00,99.6,659040,13:31:00,168.9,1689730,13:50:00,181.7,2199110,13:55:00,181.7,2199110,13:55:00,181.7,2199110,13:55:00
201605030108,201606040508,2016-06-04,14:01:00,09,9.0,474870,12:56:00,8.4,659040,13:31:00,10.1,1689730,13:50:00,10.0,2199110,13:55:00,10.0,2199110,13:55:00,10.0,2199110,13:55:00
201605030108,201606040508,2016-06-04,14:01:00,10,25.8,474870,12:56:00,24.9,659040,13:31:00,26.7,1689730,13:50:00,22.7,2199110,13:55:00,22.7,2199110,13:55:00,22.7,2199110,13:55:00
201605030108,201606040508,2016-06-04,14:01:00,11,22.2,474870,12:56:00,23.5,659040,13:31:00,34.4,1689730,13:50:00,27.3,2199110,13:55:00,27.3,2199110,13:55:00,27.3,2199110,13:55:00
201605030108,201606040508,2016-06-04,14:01:00,12,54.3,474870,12:56:00,65.3,659040,13:31:00,97.3,1689730,13:50:00,102.9,2199110,13:55:00,102.9,2199110,13:55:00,102.9,2199110,13:55:00
201605030108,201606040508,2016-06-04,14:01:00,13,17.7,474870,12:56:00,19.4,659040,13:31:00,29.0,1689730,13:50:00,29.5,2199110,13:55:00,29.5,2199110,13:55:00,29.5,2199110,13:55:00
201605030108,201606040508,2016-06-04,14:01:00,14,20.7,474870,12:56:00,19.1,659040,13:31:00,32.6,1689730,13:50:00,34.3,2199110,13:55:00,34.3,2199110,13:55:00,34.3,2199110,13:55:00
201605030108,201606040508,2016-06-04,14:01:00,15,2.4,474870,12:56:00,2.2,659040,13:31:00,1.6,1689730,13:50:00,1.6,2199110,13:55:00,1.6,2199110,13:55:00,1.6,2199110,13:55:00
201605030108,201606040508,2016-06-04,14:01:00,16,9.1,474870,12:56:00,8.6,659040,13:31:00,9.1,1689730,13:50:00,8.7,2199110,13:55:00,8.7,2199110,13:55:00,8.7,2199110,13:55:00
201605030109,201606040509,2016-06-04,14:35:00,01,25.3,672310,13:29:00,28.4,850630,14:02:00,37.7,1872620,14:24:00,44.3,2484120,14:29:00,44.3,2484120,14:29:00,44.3,2484120,14:29:00
201605030109,201606040509,2016-06-04,14:35:00,02,157.2,672310,13:29:00,146.9,850630,14:02:00,206.3,1872620,14:24:00,230.8,2484120,14:29:00,230.8,2484120,14:29:00,230.8,2484120,14:29:00
201605030109,201606040509,2016-06-04,14:35:00,03,7.9,672310,13:29:00,8.0,850630,14:02:00,8.6,1872620,14:24:00,8.9,2484120,14:29:00,8.9,2484120,14:29:00,8.9,2484120,14:29:00
201605030109,201606040509,2016-06-04,14:35:00,04,15.6,672310,13:29:00,17.4,850630,14:02:00,22.5,1872620,14:24:00,27.4,2484120,14:29:00,27.4,2484120,14:29:00,27.4,2484120,14:29:00
201605030109,201606040509,2016-06-04,14:35:00,05,237.9,672310,13:29:00,228.3,850630,14:02:00,283.1,1872620,14:24:00,318.4,2484120,14:29:00,318.4,2484120,14:29:00,318.4,2484120,14:29:00
201605030109,201606040509,2016-06-04,14:35:00,06,2.1,672310,13:29:00,2.1,850630,14:02:00,1.9,1872620,14:24:00,1.9,2484120,14:29:00,1.9,2484120,14:29:00,1.9,2484120,14:29:00
201605030109,201606040509,2016-06-04,14:35:00,07,12.6,672310,13:29:00,12.8,850630,14:02:00,14.9,1872620,14:24:00,16.6,2484120,14:29:00,16.6,2484120,14:29:00,16.6,2484120,14:29:00
201605030109,201606040509,2016-06-04,14:35:00,08,3.6,672310,13:29:00,3.6,850630,14:02:00,3.5,1872620,14:24:00,3.2,2484120,14:29:00,3.2,2484120,14:29:00,3.2,2484120,14:29:00
201605030109,201606040509,2016-06-04,14:35:00,09,25.7,672310,13:29:00,25.4,850630,14:02:00,30.0,1872620,14:24:00,32.7,2484120,14:29:00,32.7,2484120,14:29:00,32.7,2484120,14:29:00
201605030109,201606040509,2016-06-04,14:35:00,10,7.9,672310,13:29:00,8.0,850630,14:02:00,7.9,1872620,14:24:00,7.4,2484120,14:29:00,7.4,2484120,14:29:00,7.4,2484120,14:29:00
201605030109,201606040509,2016-06-04,14:35:00,11,42.8,672310,13:29:00,42.9,850630,14:02:00,43.4,1872620,14:24:00,45.9,2484120,14:29:00,45.9,2484120,14:29:00,45.9,2484120,14:29:00
201605030109,201606040509,2016-06-04,14:35:00,12,64.6,672310,13:29:00,66.8,850630,14:02:00,91.7,1872620,14:24:00,104.8,2484120,14:29:00,104.8,2484120,14:29:00,104.8,2484120,14:29:00
201605030110,201606040510,2016-06-04,15:10:00,01,12.0,589320,14:07:00,12.7,774110,14:39:00,13.8,2045900,14:59:00,13.4,2578390,15:04:00,13.4,2578390,15:04:00,13.4,2578390,15:04:00
201605030110,201606040510,2016-06-04,15:10:00,02,37.0,589320,14:07:00,39.4,774110,14:39:00,51.4,2045900,14:59:00,43.2,2578390,15:04:00,43.2,2578390,15:04:00,43.2,2578390,15:04:00
201605030110,201606040510,2016-06-04,15:10:00,03,93.1,589320,14:07:00,93.8,774110,14:39:00,92.1,2045900,14:59:00,147.9,2578390,15:04:00,147.9,2578390,15:04:00,147.9,2578390,15:04:00
201605030110,201606040510,2016-06-04,15:10:00,04,2.5,589320,14:07:00,2.3,774110,14:39:00,2.0,2045900,14:59:00,1.9,2578390,15:04:00,1.9,2578390,15:04:00,1.9,2578390,15:04:00
201605030110,201606040510,2016-06-04,15:10:00,05,2.9,589320,14:07:00,2.9,774110,14:39:00,2.9,2045900,14:59:00,3.1,2578390,15:04:00,3.1,2578390,15:04:00,3.1,2578390,15:04:00
201605030110,201606040510,2016-06-04,15:10:00,06,46.4,589320,14:07:00,50.5,774110,14:39:00,67.3,2045900,14:59:00,76.5,2578390,15:04:00,76.5,2578390,15:04:00,76.5,2578390,15:04:00
201605030110,201606040510,2016-06-04,15:10:00,07,64.1,589320,14:07:00,69.6,774110,14:39:00,84.8,2045900,14:59:00,95.2,2578390,15:04:00,95.2,2578390,15:04:00,95.2,2578390,15:04:00
201605030110,201606040510,2016-06-04,15:10:00,08,5.8,589320,14:07:00,5.9,774110,14:39:00,6.1,2045900,14:59:00,5.9,2578390,15:04:00,5.9,2578390,15:04:00,5.9,2578390,15:04:00
201605030110,201606040510,2016-06-04,15:10:00,09,5.4,589320,14:07:00,5.6,774110,14:39:00,7.3,2045900,14:59:00,7.4,2578390,15:04:00,7.4,2578390,15:04:00,7.4,2578390,15:04:00
201605030111,201606040511,2016-06-04,15:45:00,01,17.6,2459770,14:42:00,15.3,2989540,15:14:00,13.7,4559800,15:34:00,13.6,5269430,15:39:00,13.6,5269430,15:39:00,13.6,5269430,15:39:00
201605030111,201606040511,2016-06-04,15:45:00,02,36.2,2459770,14:42:00,33.9,2989540,15:14:00,31.4,4559800,15:34:00,28.1,5269430,15:39:00,28.1,5269430,15:39:00,28.1,5269430,15:39:00
201605030111,201606040511,2016-06-04,15:45:00,03,3.4,2459770,14:42:00,3.2,2989540,15:14:00,3.0,4559800,15:34:00,3.1,5269430,15:39:00,3.1,5269430,15:39:00,3.1,5269430,15:39:00
201605030111,201606040511,2016-06-04,15:45:00,04,35.3,2459770,14:42:00,30.8,2989540,15:14:00,29.7,4559800,15:34:00,28.9,5269430,15:39:00,28.9,5269430,15:39:00,28.9,5269430,15:39:00
201605030111,201606040511,2016-06-04,15:45:00,05,31.0,2459770,14:42:00,32.3,2989540,15:14:00,34.5,4559800,15:34:00,35.3,5269430,15:39:00,35.3,5269430,15:39:00,35.3,5269430,15:39:00
201605030111,201606040511,2016-06-04,15:45:00,06,1.6,2459770,14:42:00,1.7,2989540,15:14:00,1.8,4559800,15:34:00,1.8,5269430,15:39:00,1.8,5269430,15:39:00,1.8,5269430,15:39:00
201605030111,201606040511,2016-06-04,15:45:00,07,116.5,2459770,14:42:00,109.4,2989540,15:14:00,112.2,4559800,15:34:00,122.1,5269430,15:39:00,122.1,5269430,15:39:00,122.1,5269430,15:39:00
201605030111,201606040511,2016-06-04,15:45:00,08,66.2,2459770,14:42:00,65.9,2989540,15:14:00,75.6,4559800,15:34:00,80.5,5269430,15:39:00,80.5,5269430,15:39:00,80.5,5269430,15:39:00
201605030111,201606040511,2016-06-04,15:45:00,09,58.9,2459770,14:42:00,52.2,2989540,15:14:00,57.7,4559800,15:34:00,59.3,5269430,15:39:00,59.3,5269430,15:39:00,59.3,5269430,15:39:00
201605030111,201606040511,2016-06-04,15:45:00,10,45.3,2459770,14:42:00,44.8,2989540,15:14:00,49.1,4559800,15:34:00,51.0,5269430,15:39:00,51.0,5269430,15:39:00,51.0,5269430,15:39:00
201605030111,201606040511,2016-06-04,15:45:00,11,38.4,2459770,14:42:00,38.8,2989540,15:14:00,41.0,4559800,15:34:00,42.3,5269430,15:39:00,42.3,5269430,15:39:00,42.3,5269430,15:39:00
201605030111,201606040511,2016-06-04,15:45:00,12,78.1,2459770,14:42:00,78.9,2989540,15:14:00,80.0,4559800,15:34:00,85.1,5269430,15:39:00,85.1,5269430,15:39:00,85.1,5269430,15:39:00
201605030111,201606040511,2016-06-04,15:45:00,13,168.6,2459770,14:42:00,168.4,2989540,15:14:00,180.3,4559800,15:34:00,188.0,5269430,15:39:00,188.0,5269430,15:39:00,188.0,5269430,15:39:00
201605030111,201606040511,2016-06-04,15:45:00,14,65.9,2459770,14:42:00,71.6,2989540,15:14:00,84.4,4559800,15:34:00,89.5,5269430,15:39:00,89.5,5269430,15:39:00,89.5,5269430,15:39:00
201605030111,201606040511,2016-06-04,15:45:00,15,13.1,2459770,14:42:00,12.2,2989540,15:14:00,9.9,4559800,15:34:00,9.7,5269430,15:39:00,9.7,5269430,15:39:00,9.7,5269430,15:39:00
201605030112,201606040512,2016-06-04,16:25:00,01,26.1,680360,15:24:00,32.0,937910,15:54:00,45.5,2119470,16:14:00,59.9,3189060,16:19:00,59.9,3189060,16:19:00,59.9,3189060,16:19:00
201605030112,201606040512,2016-06-04,16:25:00,02,17.8,680360,15:24:00,18.9,937910,15:54:00,19.7,2119470,16:14:00,19.8,3189060,16:19:00,19.8,3189060,16:19:00,19.8,3189060,16:19:00
201605030112,201606040512,2016-06-04,16:25:00,03,5.7,680360,15:24:00,5.0,937910,15:54:00,4.2,2119470,16:14:00,3.7,3189060,16:19:00,3.7,3189060,16:19:00,3.7,3189060,16:19:00
201605030112,201606040512,2016-06-04,16:25:00,04,7.9,680360,15:24:00,7.6,937910,15:54:00,8.4,2119470,16:14:00,8.4,3189060,16:19:00,8.4,3189060,16:19:00,8.4,3189060,16:19:00
201605030112,201606040512,2016-06-04,16:25:00,05,10.2,680360,15:24:00,10.7,937910,15:54:00,9.2,2119470,16:14:00,9.0,3189060,16:19:00,9.0,3189060,16:19:00,9.0,3189060,16:19:00
201605030112,201606040512,2016-06-04,16:25:00,06,26.1,680360,15:24:00,29.9,937910,15:54:00,31.8,2119470,16:14:00,36.4,3189060,16:19:00,36.4,3189060,16:19:00,36.4,3189060,16:19:00
201605030112,201606040512,2016-06-04,16:25:00,07,71.6,680360,15:24:00,72.6,937910,15:54:00,98.7,2119470,16:14:00,116.6,3189060,16:19:00,116.6,3189060,16:19:00,116.6,3189060,16:19:00
201605030112,201606040512,2016-06-04,16:25:00,08,156.4,680360,15:24:00,130.4,937910,15:54:00,173.0,2119470,16:14:00,216.0,3189060,16:19:00,216.0,3189060,16:19:00,216.0,3189060,16:19:00
201605030112,201606040512,2016-06-04,16:25:00,09,11.2,680360,15:24:00,12.4,937910,15:54:00,13.6,2119470,16:14:00,14.4,3189060,16:19:00,14.4,3189060,16:19:00,14.4,3189060,16:19:00
201605030112,201606040512,2016-06-04,16:25:00,10,5.5,680360,15:24:00,5.5,937910,15:54:00,6.6,2119470,16:14:00,8.2,3189060,16:19:00,8.2,3189060,16:19:00,8.2,3189060,16:19:00
201605030112,201606040512,2016-06-04,16:25:00,11,10.7,680360,15:24:00,12.2,937910,15:54:00,13.8,2119470,16:14:00,15.4,3189060,16:19:00,15.4,3189060,16:19:00,15.4,3189060,16:19:00
201605030112,201606040512,2016-06-04,16:25:00,12,64.1,680360,15:24:00,69.7,937910,15:54:00,65.6,2119470,16:14:00,74.9,3189060,16:19:00,74.9,3189060,16:19:00,74.9,3189060,16:19:00
201605030112,201606040512,2016-06-04,16:25:00,13,8.6,680360,15:24:00,7.8,937910,15:54:00,7.9,2119470,16:14:00,7.7,3189060,16:19:00,7.7,3189060,16:19:00,7.7,3189060,16:19:00
201605030112,201606040512,2016-06-04,16:25:00,14,17.4,680360,15:24:00,18.7,937910,15:54:00,16.7,2119470,16:14:00,14.9,3189060,16:19:00,14.9,3189060,16:19:00,14.9,3189060,16:19:00
201605030112,201606040512,2016-06-04,16:25:00,15,20.6,680360,15:24:00,21.4,937910,15:54:00,24.4,2119470,16:14:00,28.8,3189060,16:19:00,28.8,3189060,16:19:00,28.8,3189060,16:19:00
201605030112,201606040512,2016-06-04,16:25:00,16,12.4,680360,15:24:00,11.9,937910,15:54:00,8.9,2119470,16:14:00,7.5,3189060,16:19:00,7.5,3189060,16:19:00,7.5,3189060,16:19:00
201605030112,201606040512,2016-06-04,16:25:00,17,62.6,680360,15:24:00,64.6,937910,15:54:00,72.9,2119470,16:14:00,79.4,3189060,16:19:00,79.4,3189060,16:19:00,79.4,3189060,16:19:00
201605030112,201606040512,2016-06-04,16:25:00,18,224.9,680360,15:24:00,167.8,937910,15:54:00,229.1,2119470,16:14:00,272.5,3189060,16:19:00,272.5,3189060,16:19:00,272.5,3189060,16:19:00
201605030201,201606050501,2016-06-05,10:05:00,01,4.2,305170,09:05:00,4.1,503310,09:35:00,4.1,1014280,09:54:00,3.8,1584200,09:59:00,3.8,1584200,09:59:00,3.8,1584200,09:59:00
201605030201,201606050501,2016-06-05,10:05:00,02,116.2,305170,09:05:00,137.4,503310,09:35:00,131.2,1014280,09:54:00,149.2,1584200,09:59:00,149.2,1584200,09:59:00,149.2,1584200,09:59:00
201605030201,201606050501,2016-06-05,10:05:00,03,18.2,305170,09:05:00,20.2,503310,09:35:00,17.2,1014280,09:54:00,15.6,1584200,09:59:00,15.6,1584200,09:59:00,15.6,1584200,09:59:00
201605030201,201606050501,2016-06-05,10:05:00,04,16.5,305170,09:05:00,16.4,503310,09:35:00,16.4,1014280,09:54:00,15.7,1584200,09:59:00,15.7,1584200,09:59:00,15.7,1584200,09:59:00
201605030201,201606050501,2016-06-05,10:05:00,05,57.8,305170,09:05:00,50.9,503310,09:35:00,44.7,1014280,09:54:00,35.0,1584200,09:59:00,35.0,1584200,09:59:00,35.0,1584200,09:59:00
201605030201,201606050501,2016-06-05,10:05:00,06,11.1,305170,09:05:00,13.0,503310,09:35:00,15.7,1014280,09:54:00,19.4,1584200,09:59:00,19.4,1584200,09:59:00,19.4,1584200,09:59:00
201605030201,201606050501,2016-06-05,10:05:00,07,3.4,305170,09:05:00,3.6,503310,09:35:00,3.7,1014280,09:54:00,3.6,1584200,09:59:00,3.6,1584200,09:59:00,3.6,1584200,09:59:00
201605030201,201606050501,2016-06-05,10:05:00,08,13.7,305170,09:05:00,9.9,503310,09:35:00,9.4,1014280,09:54:00,10.0,1584200,09:59:00,10.0,1584200,09:59:00,10.0,1584200,09:59:00
201605030201,201606050501,2016-06-05,10:05:00,09,28.2,305170,09:05:00,26.3,503310,09:35:00,24.2,1014280,09:54:00,26.6,1584200,09:59:00,26.6,1584200,09:59:00,26.6,1584200,09:59:00
201605030201,201606050501,2016-06-05,10:05:00,10,105.6,305170,09:05:00,108.2,503310,09:35:00,116.5,1014280,09:54:00,132.1,1584200,09:59:00,132.1,1584200,09:59:00,132.1,1584200,09:59:00
201605030201,201606050501,2016-06-05,10:05:00,11,80.5,305170,09:05:00,92.5,503310,09:35:00,81.5,1014280,09:54:00,86.3,1584200,09:59:00,86.3,1584200,09:59:00,86.3,1584200,09:59:00
201605030201,201606050501,2016-06-05,10:05:00,12,23.5,305170,09:05:00,17.2,503310,09:35:00,18.1,1014280,09:54:00,17.3,1584200,09:59:00,17.3,1584200,09:59:00,17.3,1584200,09:59:00
201605030201,201606050501,2016-06-05,10:05:00,13,89.4,305170,09:05:00,75.8,503310,09:35:00,83.2,1014280,09:54:00,84.7,1584200,09:59:00,84.7,1584200,09:59:00,84.7,1584200,09:59:00
201605030201,201606050501,2016-06-05,10:05:00,14,12.0,305170,09:05:00,14.3,503310,09:35:00,15.3,1014280,09:54:00,16.9,1584200,09:59:00,16.9,1584200,09:59:00,16.9,1584200,09:59:00
201605030201,201606050501,2016-06-05,10:05:00,15,21.1,305170,09:05:00,22.1,503310,09:35:00,25.7,1014280,09:54:00,31.7,1584200,09:59:00,31.7,1584200,09:59:00,31.7,1584200,09:59:00
201605030201,201606050501,2016-06-05,10:05:00,16,5.6,305170,09:05:00,5.5,503310,09:35:00,5.2,1014280,09:54:00,5.3,1584200,09:59:00,5.3,1584200,09:59:00,5.3,1584200,09:59:00
201605030202,201606050502,2016-06-05,10:35:00,01,60.0,270880,09:30:00,58.7,422970,10:03:00,89.2,971370,10:24:00,102.5,1369220,10:29:00,102.5,1369220,10:29:00,102.5,1369220,10:29:00
201605030202,201606050502,2016-06-05,10:35:00,02,2.6,270880,09:30:00,2.9,422970,10:03:00,2.7,971370,10:24:00,2.8,1369220,10:29:00,2.8,1369220,10:29:00,2.8,1369220,10:29:00
201605030202,201606050502,2016-06-05,10:35:00,03,117.1,270880,09:30:00,91.2,422970,10:03:00,101.9,971370,10:24:00,104.7,1369220,10:29:00,104.7,1369220,10:29:00,104.7,1369220,10:29:00
201605030202,201606050502,2016-06-05,10:35:00,04,25.9,270880,09:30:00,21.7,422970,10:03:00,25.3,971370,10:24:00,28.4,1369220,10:29:00,28.4,1369220,10:29:00,28.4,1369220,10:29:00
201605030202,201606050502,2016-06-05,10:35:00,05,10.7,270880,09:30:00,11.7,422970,10:03:00,16.2,971370,10:24:00,16.5,1369220,10:29:00,16.5,1369220,10:29:00,16.5,1369220,10:29:00
201605030202,201606050502,2016-06-05,10:35:00,06,16.8,270880,09:30:00,15.7,422970,10:03:00,17.5,971370,10:24:00,15.2,1369220,10:29:00,15.2,1369220,10:29:00,15.2,1369220,10:29:00
201605030202,201606050502,2016-06-05,10:35:00,07,11.6,270880,09:30:00,10.7,422970,10:03:00,8.3,971370,10:24:00,7.1,1369220,10:29:00,7.1,1369220,10:29:00,7.1,1369220,10:29:00
201605030202,201606050502,2016-06-05,10:35:00,08,221.1,270880,09:30:00,214.1,422970,10:03:00,244.3,971370,10:24:00,233.0,1369220,10:29:00,233.0,1369220,10:29:00,233.0,1369220,10:29:00
201605030202,201606050502,2016-06-05,10:35:00,09,2.9,270880,09:30:00,2.9,422970,10:03:00,2.6,971370,10:24:00,2.6,1369220,10:29:00,2.6,1369220,10:29:00,2.6,1369220,10:29:00
201605030202,201606050502,2016-06-05,10:35:00,10,300.9,270880,09:30:00,238.2,422970,10:03:00,366.5,971370,10:24:00,436.4,1369220,10:29:00,436.4,1369220,10:29:00,436.4,1369220,10:29:00
201605030202,201606050502,2016-06-05,10:35:00,11,166.6,270880,09:30:00,165.8,422970,10:03:00,206.6,971370,10:24:00,227.7,1369220,10:29:00,227.7,1369220,10:29:00,227.7,1369220,10:29:00
201605030202,201606050502,2016-06-05,10:35:00,12,17.7,270880,09:30:00,16.2,422970,10:03:00,21.1,971370,10:24:00,20.2,1369220,10:29:00,20.2,1369220,10:29:00,20.2,1369220,10:29:00
201605030202,201606050502,2016-06-05,10:35:00,13,57.0,270880,09:30:00,56.3,422970,10:03:00,83.2,971370,10:24:00,99.0,1369220,10:29:00,99.0,1369220,10:29:00,99.0,1369220,10:29:00
201605030202,201606050502,2016-06-05,10:35:00,14,243.4,270880,09:30:00,210.1,422970,10:03:00,283.6,971370,10:24:00,302.5,1369220,10:29:00,302.5,1369220,10:29:00,302.5,1369220,10:29:00
201605030202,201606050502,2016-06-05,10:35:00,15,11.0,270880,09:30:00,10.1,422970,10:03:00,14.2,971370,10:24:00,15.4,1369220,10:29:00,15.4,1369220,10:29:00,15.4,1369220,10:29:00
201605030202,201606050502,2016-06-05,10:35:00,16,18.6,270880,09:30:00,16.2,422970,10:03:00,14.8,971370,10:24:00,14.0,1369220,10:29:00,14.0,1369220,10:29:00,14.0,1369220,10:29:00
201605030203,201606050503,2016-06-05,11:05:00,01,2.1,306040,10:04:00,2.1,398060,10:35:00,2.0,866120,10:54:00,2.0,1315640,10:59:00,2.0,1315640,10:59:00,2.0,1315640,10:59:00
201605030203,201606050503,2016-06-05,11:05:00,02,66.7,306040,10:04:00,59.6,398060,10:35:00,68.5,866120,10:54:00,69.6,1315640,10:59:00,69.6,1315640,10:59:00,69.6,1315640,10:59:00
201605030203,201606050503,2016-06-05,11:05:00,03,4.6,306040,10:04:00,4.3,398060,10:35:00,3.7,866120,10:54:00,3.7,1315640,10:59:00,3.7,1315640,10:59:00,3.7,1315640,10:59:00
201605030203,201606050503,2016-06-05,11:05:00,04,237.7,306040,10:04:00,202.8,398060,10:35:00,195.1,866120,10:54:00,205.5,1315640,10:59:00,205.5,1315640,10:59:00,205.5,1315640,10:59:00
201605030203,201606050503,2016-06-05,11:05:00,05,22.0,306040,10:04:00,20.3,398060,10:35:00,24.3,866120,10:54:00,25.6,1315640,10:59:00,25.6,1315640,10:59:00,25.6,1315640,10:59:00
201605030203,201606050503,2016-06-05,11:05:00,06,27.2,306040,10:04:00,29.8,398060,10:35:00,41.3,866120,10:54:00,47.9,1315640,10:59:00,47.9,1315640,10:59:00,47.9,1315640,10:59:00
201605030203,201606050503,2016-06-05,11:05:00,07,73.7,306040,10:04:00,68.0,398060,10:35:00,96.6,866120,10:54:00,112.3,1315640,10:59:00,112.3,1315640,10:59:00,112.3,1315640,10:59:00
201605030203,201606050503,2016-06-05,11:05:00,08,90.0,306040,10:04:00,82.4,398060,10:35:00,115.6,866120,10:54:00,145.7,1315640,10:59:00,145.7,1315640,10:59:00,145.7,1315640,10:59:00
201605030203,201606050503,2016-06-05,11:05:00,09,16.6,306040,10:04:00,17.8,398060,10:35:00,23.0,866120,10:54:00,27.4,1315640,10:59:00,27.4,1315640,10:59:00,27.4,1315640,10:59:00
201605030203,201606050503,2016-06-05,11:05:00,10,84.4,306040,10:04:00,95.0,398060,10:35:00,135.3,866120,10:54:00,160.6,1315640,10:59:00,160.6,1315640,10:59:00,160.6,1315640,10:59:00
201605030203,201606050503,2016-06-05,11:05:00,11,211.0,306040,10:04:00,210.8,398060,10:35:00,277.1,866120,10:54:00,261.8,1315640,10:59:00,261.8,1315640,10:59:00,261.8,1315640,10:59:00
201605030203,201606050503,2016-06-05,11:05:00,12,189.7,306040,10:04:00,184.0,398060,10:35:00,238.1,866120,10:54:00,298.1,1315640,10:59:00,298.1,1315640,10:59:00,298.1,1315640,10:59:00
201605030203,201606050503,2016-06-05,11:05:00,13,12.4,306040,10:04:00,12.1,398060,10:35:00,9.3,866120,10:54:00,9.2,1315640,10:59:00,9.2,1315640,10:59:00,9.2,1315640,10:59:00
201605030203,201606050503,2016-06-05,11:05:00,14,13.8,306040,10:04:00,13.6,398060,10:35:00,15.0,866120,10:54:00,14.8,1315640,10:59:00,14.8,1315640,10:59:00,14.8,1315640,10:59:00
201605030203,201606050503,2016-06-05,11:05:00,15,44.5,306040,10:04:00,43.5,398060,10:35:00,43.1,866120,10:54:00,46.2,1315640,10:59:00,46.2,1315640,10:59:00,46.2,1315640,10:59:00
201605030203,201606050503,2016-06-05,11:05:00,16,14.5,306040,10:04:00,14.3,398060,10:35:00,13.5,866120,10:54:00,13.3,1315640,10:59:00,13.3,1315640,10:59:00,13.3,1315640,10:59:00
201605030203,201606050503,2016-06-05,11:05:00,17,9.3,306040,10:04:00,10.5,398060,10:35:00,14.1,866120,10:54:00,14.9,1315640,10:59:00,14.9,1315640,10:59:00,14.9,1315640,10:59:00
201605030203,201606050503,2016-06-05,11:05:00,18,247.3,306040,10:04:00,267.6,398060,10:35:00,360.8,866120,10:54:00,397.1,1315640,10:59:00,397.1,1315640,10:59:00,397.1,1315640,10:59:00
201605030204,201606050504,2016-06-05,11:35:00,01,9.2,355550,10:29:00,9.5,485570,11:04:00,7.3,1328980,11:24:00,7.5,1847510,11:29:00,7.5,1847510,11:29:00,7.5,1847510,11:29:00
201605030204,201606050504,2016-06-05,11:35:00,02,6.4,355550,10:29:00,6.1,485570,11:04:00,4.9,1328980,11:24:00,4.5,1847510,11:29:00,4.5,1847510,11:29:00,4.5,1847510,11:29:00
201605030204,201606050504,2016-06-05,11:35:00,03,50.5,355550,10:29:00,51.4,485570,11:04:00,80.6,1328980,11:24:00,81.0,1847510,11:29:00,81.0,1847510,11:29:00,81.0,1847510,11:29:00
201605030204,201606050504,2016-06-05,11:35:00,04,97.4,355550,10:29:00,122.5,485570,11:04:00,111.2,1328980,11:24:00,127.3,1847510,11:29:00,127.3,1847510,11:29:00,127.3,1847510,11:29:00
201605030204,201606050504,2016-06-05,11:35:00,05,3.9,355550,10:29:00,4.1,485570,11:04:00,4.5,1328980,11:24:00,4.1,1847510,11:29:00,4.1,1847510,11:29:00,4.1,1847510,11:29:00
201605030204,201606050504,2016-06-05,11:35:00,06,225.7,355550,10:29:00,239.7,485570,11:04:00,269.8,1328980,11:24:00,317.1,1847510,11:29:00,317.1,1847510,11:29:00,317.1,1847510,11:29:00
201605030204,201606050504,2016-06-05,11:35:00,07,39.1,355550,10:29:00,46.6,485570,11:04:00,69.9,1328980,11:24:00,78.9,1847510,11:29:00,78.9,1847510,11:29:00,78.9,1847510,11:29:00
201605030204,201606050504,2016-06-05,11:35:00,08,11.4,355550,10:29:00,11.0,485570,11:04:00,12.4,1328980,11:24:00,12.2,1847510,11:29:00,12.2,1847510,11:29:00,12.2,1847510,11:29:00
201605030204,201606050504,2016-06-05,11:35:00,09,7.5,355550,10:29:00,8.2,485570,11:04:00,6.6,1328980,11:24:00,7.5,1847510,11:29:00,7.5,1847510,11:29:00,7.5,1847510,11:29:00
201605030204,201606050504,2016-06-05,11:35:00,10,305.8,355550,10:29:00,332.0,485570,11:04:00,353.2,1328980,11:24:00,352.7,1847510,11:29:00,352.7,1847510,11:29:00,352.7,1847510,11:29:00
201605030204,201606050504,2016-06-05,11:35:00,11,183.5,355550,10:29:00,214.6,485570,11:04:00,282.7,1328980,11:24:00,292.0,1847510,11:29:00,292.0,1847510,11:29:00,292.0,1847510,11:29:00
201605030204,201606050504,2016-06-05,11:35:00,12,18.0,355550,10:29:00,19.7,485570,11:04:00,29.1,1328980,11:24:00,33.6,1847510,11:29:00,33.6,1847510,11:29:00,33.6,1847510,11:29:00
201605030204,201606050504,2016-06-05,11:35:00,13,309.1,355550,10:29:00,369.9,485570,11:04:00,534.2,1328980,11:24:00,551.4,1847510,11:29:00,551.4,1847510,11:29:00,551.4,1847510,11:29:00
201605030204,201606050504,2016-06-05,11:35:00,14,6.4,355550,10:29:00,6.6,485570,11:04:00,8.3,1328980,11:24:00,9.0,1847510,11:29:00,9.0,1847510,11:29:00,9.0,1847510,11:29:00
201605030204,201606050504,2016-06-05,11:35:00,15,24.3,355550,10:29:00,27.6,485570,11:04:00,26.7,1328980,11:24:00,26.2,1847510,11:29:00,26.2,1847510,11:29:00,26.2,1847510,11:29:00
201605030204,201606050504,2016-06-05,11:35:00,16,235.0,355550,10:29:00,247.4,485570,11:04:00,314.5,1328980,11:24:00,324.1,1847510,11:29:00,324.1,1847510,11:29:00,324.1,1847510,11:29:00
201605030204,201606050504,2016-06-05,11:35:00,17,302.5,355550,10:29:00,346.8,485570,11:04:00,382.4,1328980,11:24:00,445.1,1847510,11:29:00,445.1,1847510,11:29:00,445.1,1847510,11:29:00
201605030204,201606050504,2016-06-05,11:35:00,18,5.4,355550,10:29:00,4.5,485570,11:04:00,4.5,1328980,11:24:00,4.6,1847510,11:29:00,4.6,1847510,11:29:00,4.6,1847510,11:29:00
201605030205,201606050505,2016-06-05,12:25:00,01,6.8,713020,11:21:00,7.0,1294330,11:55:00,7.2,2189210,12:14:00,7.9,3445020,12:19:00,7.9,3445020,12:19:00,7.9,3445020,12:19:00
201605030205,201606050505,2016-06-05,12:25:00,02,18.5,713020,11:21:00,21.0,1294330,11:55:00,21.0,2189210,12:14:00,21.5,3445020,12:19:00,21.5,3445020,12:19:00,21.5,3445020,12:19:00
201605030205,201606050505,2016-06-05,12:25:00,03,4.8,713020,11:21:00,4.7,1294330,11:55:00,5.2,2189210,12:14:00,5.1,3445020,12:19:00,5.1,3445020,12:19:00,5.1,3445020,12:19:00
201605030205,201606050505,2016-06-05,12:25:00,04,21.0,713020,11:21:00,24.2,1294330,11:55:00,26.0,2189210,12:14:00,31.4,3445020,12:19:00,31.4,3445020,12:19:00,31.4,3445020,12:19:00
201605030205,201606050505,2016-06-05,12:25:00,05,4.7,713020,11:21:00,4.8,1294330,11:55:00,5.2,2189210,12:14:00,5.2,3445020,12:19:00,5.2,3445020,12:19:00,5.2,3445020,12:19:00
201605030205,201606050505,2016-06-05,12:25:00,06,65.5,713020,11:21:00,70.5,1294330,11:55:00,78.3,2189210,12:14:00,104.3,3445020,12:19:00,104.3,3445020,12:19:00,104.3,3445020,12:19:00
201605030205,201606050505,2016-06-05,12:25:00,07,31.3,713020,11:21:00,35.4,1294330,11:55:00,30.4,2189210,12:14:00,33.7,3445020,12:19:00,33.7,3445020,12:19:00,33.7,3445020,12:19:00
201605030205,201606050505,2016-06-05,12:25:00,08,11.3,713020,11:21:00,11.1,1294330,11:55:00,12.0,2189210,12:14:00,12.2,3445020,12:19:00,12.2,3445020,12:19:00,12.2,3445020,12:19:00
201605030205,201606050505,2016-06-05,12:25:00,09,92.8,713020,11:21:00,94.7,1294330,11:55:00,101.1,2189210,12:14:00,123.0,3445020,12:19:00,123.0,3445020,12:19:00,123.0,3445020,12:19:00
201605030205,201606050505,2016-06-05,12:25:00,10,40.2,713020,11:21:00,36.1,1294330,11:55:00,31.1,2189210,12:14:00,31.6,3445020,12:19:00,31.6,3445020,12:19:00,31.6,3445020,12:19:00
201605030205,201606050505,2016-06-05,12:25:00,11,2.8,713020,11:21:00,2.7,1294330,11:55:00,2.4,2189210,12:14:00,2.3,3445020,12:19:00,2.3,3445020,12:19:00,2.3,3445020,12:19:00
201605030205,201606050505,2016-06-05,12:25:00,12,132.2,713020,11:21:00,128.1,1294330,11:55:00,132.2,2189210,12:14:00,172.5,3445020,12:19:00,172.5,3445020,12:19:00,172.5,3445020,12:19:00
201605030206,201606050506,2016-06-05,12:55:00,01,176.2,295270,11:51:00,186.7,431780,12:25:00,240.4,991910,12:44:00,287.5,1563610,12:49:00,287.5,1563610,12:49:00,287.5,1563610,12:49:00
201605030206,201606050506,2016-06-05,12:55:00,02,55.0,295270,11:51:00,61.7,431780,12:25:00,83.1,991910,12:44:00,100.3,1563610,12:49:00,100.3,1563610,12:49:00,100.3,1563610,12:49:00
201605030206,201606050506,2016-06-05,12:55:00,03,158.5,295270,11:51:00,156.3,431780,12:25:00,223.5,991910,12:44:00,286.9,1563610,12:49:00,286.9,1563610,12:49:00,286.9,1563610,12:49:00
201605030206,201606050506,2016-06-05,12:55:00,04,5.9,295270,11:51:00,5.5,431780,12:25:00,5.0,991910,12:44:00,5.0,1563610,12:49:00,5.0,1563610,12:49:00,5.0,1563610,12:49:00
201605030206,201606050506,2016-06-05,12:55:00,05,13.1,295270,11:51:00,14.7,431780,12:25:00,16.8,991910,12:44:00,17.9,1563610,12:49:00,17.9,1563610,12:49:00,17.9,1563610,12:49:00
201605030206,201606050506,2016-06-05,12:55:00,06,67.2,295270,11:51:00,84.4,431780,12:25:00,124.5,991910,12:44:00,145.7,1563610,12:49:00,145.7,1563610,12:49:00,145.7,1563610,12:49:00
201605030206,201606050506,2016-06-05,12:55:00,07,47.0,295270,11:51:00,49.4,431780,12:25:00,69.8,991910,12:44:00,75.8,1563610,12:49:00,75.8,1563610,12:49:00,75.8,1563610,12:49:00
201605030206,201606050506,2016-06-05,12:55:00,08,21.2,295270,11:51:00,22.5,431780,12:25:00,28.9,991910,12:44:00,29.7,1563610,12:49:00,29.7,1563610,12:49:00,29.7,1563610,12:49:00
201605030206,201606050506,2016-06-05,12:55:00,09,13.2,295270,11:51:00,14.0,431780,12:25:00,14.0,991910,12:44:00,14.1,1563610,12:49:00,14.1,1563610,12:49:00,14.1,1563610,12:49:00
201605030206,201606050506,2016-06-05,12:55:00,10,22.6,295270,11:51:00,19.5,431780,12:25:00,22.2,991910,12:44:00,25.7,1563610,12:49:00,25.7,1563610,12:49:00,25.7,1563610,12:49:00
201605030206,201606050506,2016-06-05,12:55:00,11,5.9,295270,11:51:00,6.6,431780,12:25:00,8.2,991910,12:44:00,7.2,1563610,12:49:00,7.2,1563610,12:49:00,7.2,1563610,12:49:00
201605030206,201606050506,2016-06-05,12:55:00,12,76.1,295270,11:51:00,93.6,431780,12:25:00,131.8,991910,12:44:00,142.4,1563610,12:49:00,142.4,1563610,12:49:00,142.4,1563610,12:49:00
201605030206,201606050506,2016-06-05,12:55:00,13,5.6,295270,11:51:00,4.5,431780,12:25:00,4.6,991910,12:44:00,4.7,1563610,12:49:00,4.7,1563610,12:49:00,4.7,1563610,12:49:00
201605030206,201606050506,2016-06-05,12:55:00,14,13.1,295270,11:51:00,13.2,431780,12:25:00,14.7,991910,12:44:00,14.5,1563610,12:49:00,14.5,1563610,12:49:00,14.5,1563610,12:49:00
201605030206,201606050506,2016-06-05,12:55:00,15,3.0,295270,11:51:00,3.2,431780,12:25:00,2.6,991910,12:44:00,2.6,1563610,12:49:00,2.6,1563610,12:49:00,2.6,1563610,12:49:00
201605030206,201606050506,2016-06-05,12:55:00,16,84.6,295270,11:51:00,85.7,431780,12:25:00,113.5,991910,12:44:00,118.7,1563610,12:49:00,118.7,1563610,12:49:00,118.7,1563610,12:49:00
201605030207,201606050507,2016-06-05,13:25:00,01,10.7,422230,12:20:00,11.4,560030,12:50:00,11.0,1343420,13:14:00,9.8,2367180,13:19:00,9.8,2367180,13:19:00,9.8,2367180,13:19:00
201605030207,201606050507,2016-06-05,13:25:00,02,2.3,422230,12:20:00,1.9,560030,12:50:00,1.8,1343420,13:14:00,1.7,2367180,13:19:00,1.7,2367180,13:19:00,1.7,2367180,13:19:00
201605030207,201606050507,2016-06-05,13:25:00,03,12.2,422230,12:20:00,13.5,560030,12:50:00,14.9,1343420,13:14:00,16.5,2367180,13:19:00,16.5,2367180,13:19:00,16.5,2367180,13:19:00
201605030207,201606050507,2016-06-05,13:25:00,04,143.7,422230,12:20:00,174.3,560030,12:50:00,83.3,1343420,13:14:00,136.3,2367180,13:19:00,136.3,2367180,13:19:00,136.3,2367180,13:19:00
201605030207,201606050507,2016-06-05,13:25:00,05,73.7,422230,12:20:00,82.6,560030,12:50:00,109.2,1343420,13:14:00,133.1,2367180,13:19:00,133.1,2367180,13:19:00,133.1,2367180,13:19:00
201605030207,201606050507,2016-06-05,13:25:00,06,9.7,422230,12:20:00,9.7,560030,12:50:00,7.4,1343420,13:14:00,6.9,2367180,13:19:00,6.9,2367180,13:19:00,6.9,2367180,13:19:00
201605030207,201606050507,2016-06-05,13:25:00,07,34.6,422230,12:20:00,38.8,560030,12:50:00,58.9,1343420,13:14:00,43.6,2367180,13:19:00,43.6,2367180,13:19:00,43.6,2367180,13:19:00
201605030207,201606050507,2016-06-05,13:25:00,08,16.8,422230,12:20:00,17.4,560030,12:50:00,21.5,1343420,13:14:00,23.4,2367180,13:19:00,23.4,2367180,13:19:00,23.4,2367180,13:19:00
201605030207,201606050507,2016-06-05,13:25:00,09,60.6,422230,12:20:00,70.1,560030,12:50:00,100.8,1343420,13:14:00,123.4,2367180,13:19:00,123.4,2367180,13:19:00,123.4,2367180,13:19:00
201605030207,201606050507,2016-06-05,13:25:00,10,15.3,422230,12:20:00,17.7,560030,12:50:00,19.4,1343420,13:14:00,19.2,2367180,13:19:00,19.2,2367180,13:19:00,19.2,2367180,13:19:00
201605030207,201606050507,2016-06-05,13:25:00,11,13.7,422230,12:20:00,16.1,560030,12:50:00,18.0,1343420,13:14:00,18.6,2367180,13:19:00,18.6,2367180,13:19:00,18.6,2367180,13:19:00
201605030207,201606050507,2016-06-05,13:25:00,12,70.8,422230,12:20:00,72.0,560030,12:50:00,108.3,1343420,13:14:00,138.8,2367180,13:19:00,138.8,2367180,13:19:00,138.8,2367180,13:19:00
201605030207,201606050507,2016-06-05,13:25:00,13,12.6,422230,12:20:00,14.6,560030,12:50:00,12.3,1343420,13:14:00,11.0,2367180,13:19:00,11.0,2367180,13:19:00,11.0,2367180,13:19:00
201605030207,201606050507,2016-06-05,13:25:00,14,6.2,422230,12:20:00,7.2,560030,12:50:00,9.7,1343420,13:14:00,12.2,2367180,13:19:00,12.2,2367180,13:19:00,12.2,2367180,13:19:00
201605030207,201606050507,2016-06-05,13:25:00,15,39.6,422230,12:20:00,45.2,560030,12:50:00,71.1,1343420,13:14:00,93.4,2367180,13:19:00,93.4,2367180,13:19:00,93.4,2367180,13:19:00
201605030208,201606050508,2016-06-05,13:55:00,01,73.6,399360,12:51:00,84.1,538580,13:21:00,88.5,1307920,13:44:00,112.3,2302480,13:49:00,112.3,2302480,13:49:00,112.3,2302480,13:49:00
201605030208,201606050508,2016-06-05,13:55:00,02,38.0,399360,12:51:00,39.4,538580,13:21:00,42.1,1307920,13:44:00,45.6,2302480,13:49:00,45.6,2302480,13:49:00,45.6,2302480,13:49:00
201605030208,201606050508,2016-06-05,13:55:00,03,93.9,399360,12:51:00,108.5,538580,13:21:00,117.5,1307920,13:44:00,139.8,2302480,13:49:00,139.8,2302480,13:49:00,139.8,2302480,13:49:00
201605030208,201606050508,2016-06-05,13:55:00,04,25.6,399360,12:51:00,26.3,538580,13:21:00,21.6,1307920,13:44:00,20.7,2302480,13:49:00,20.7,2302480,13:49:00,20.7,2302480,13:49:00
201605030208,201606050508,2016-06-05,13:55:00,05,22.2,399360,12:51:00,22.3,538580,13:21:00,28.6,1307920,13:44:00,30.5,2302480,13:49:00,30.5,2302480,13:49:00,30.5,2302480,13:49:00
201605030208,201606050508,2016-06-05,13:55:00,06,33.0,399360,12:51:00,35.8,538580,13:21:00,40.0,1307920,13:44:00,44.1,2302480,13:49:00,44.1,2302480,13:49:00,44.1,2302480,13:49:00
201605030208,201606050508,2016-06-05,13:55:00,07,1.6,399360,12:51:00,1.5,538580,13:21:00,1.5,1307920,13:44:00,1.5,2302480,13:49:00,1.5,2302480,13:49:00,1.5,2302480,13:49:00
201605030208,201606050508,2016-06-05,13:55:00,08,34.8,399360,12:51:00,40.4,538580,13:21:00,59.3,1307920,13:44:00,75.4,2302480,13:49:00,75.4,2302480,13:49:00,75.4,2302480,13:49:00
201605030208,201606050508,2016-06-05,13:55:00,09,134.2,399360,12:51:00,148.5,538580,13:21:00,176.4,1307920,13:44:00,239.5,2302480,13:49:00,239.5,2302480,13:49:00,239.5,2302480,13:49:00
201605030208,201606050508,2016-06-05,13:55:00,10,42.8,399360,12:51:00,53.7,538580,13:21:00,94.2,1307920,13:44:00,125.2,2302480,13:49:00,125.2,2302480,13:49:00,125.2,2302480,13:49:00
201605030208,201606050508,2016-06-05,13:55:00,11,7.3,399360,12:51:00,7.4,538580,13:21:00,5.7,1307920,13:44:00,5.4,2302480,13:49:00,5.4,2302480,13:49:00,5.4,2302480,13:49:00
201605030208,201606050508,2016-06-05,13:55:00,12,22.8,399360,12:51:00,21.7,538580,13:21:00,24.8,1307920,13:44:00,25.2,2302480,13:49:00,25.2,2302480,13:49:00,25.2,2302480,13:49:00
201605030208,201606050508,2016-06-05,13:55:00,13,51.6,399360,12:51:00,57.5,538580,13:21:00,81.5,1307920,13:44:00,94.5,2302480,13:49:00,94.5,2302480,13:49:00,94.5,2302480,13:49:00
201605030208,201606050508,2016-06-05,13:55:00,14,9.1,399360,12:51:00,9.4,538580,13:21:00,7.9,1307920,13:44:00,6.8,2302480,13:49:00,6.8,2302480,13:49:00,6.8,2302480,13:49:00
201605030208,201606050508,2016-06-05,13:55:00,15,58.3,399360,12:51:00,65.2,538580,13:21:00,108.2,1307920,13:44:00,141.4,2302480,13:49:00,141.4,2302480,13:49:00,141.4,2302480,13:49:00
201605030208,201606050508,2016-06-05,13:55:00,16,9.8,399360,12:51:00,10.9,538580,13:21:00,13.4,1307920,13:44:00,14.0,2302480,13:49:00,14.0,2302480,13:49:00,14.0,2302480,13:49:00
201605030209,201606050509,2016-06-05,14:25:00,01,20.9,641420,13:22:00,19.9,725450,13:52:00,21.1,1394480,14:14:00,26.7,2148080,14:19:00,26.7,2148080,14:19:00,26.7,2148080,14:19:00
201605030209,201606050509,2016-06-05,14:25:00,02,35.1,641420,13:22:00,33.3,725450,13:52:00,33.2,1394480,14:14:00,40.3,2148080,14:19:00,40.3,2148080,14:19:00,40.3,2148080,14:19:00
201605030209,201606050509,2016-06-05,14:25:00,03,1.2,641420,13:22:00,1.3,725450,13:52:00,1.3,1394480,14:14:00,1.2,2148080,14:19:00,1.2,2148080,14:19:00,1.2,2148080,14:19:00
201605030209,201606050509,2016-06-05,14:25:00,04,13.5,641420,13:22:00,12.7,725450,13:52:00,9.7,1394480,14:14:00,11.4,2148080,14:19:00,11.4,2148080,14:19:00,11.4,2148080,14:19:00
201605030209,201606050509,2016-06-05,14:25:00,05,52.5,641420,13:22:00,50.0,725450,13:52:00,52.7,1394480,14:14:00,65.3,2148080,14:19:00,65.3,2148080,14:19:00,65.3,2148080,14:19:00
201605030209,201606050509,2016-06-05,14:25:00,06,52.5,641420,13:22:00,44.5,725450,13:52:00,46.0,1394480,14:14:00,53.0,2148080,14:19:00,53.0,2148080,14:19:00,53.0,2148080,14:19:00
201605030209,201606050509,2016-06-05,14:25:00,07,67.8,641420,13:22:00,47.7,725450,13:52:00,58.3,1394480,14:14:00,78.4,2148080,14:19:00,78.4,2148080,14:19:00,78.4,2148080,14:19:00
201605030209,201606050509,2016-06-05,14:25:00,08,6.7,641420,13:22:00,6.6,725450,13:52:00,5.8,1394480,14:14:00,6.1,2148080,14:19:00,6.1,2148080,14:19:00,6.1,2148080,14:19:00
201605030209,201606050509,2016-06-05,14:25:00,09,14.4,641420,13:22:00,13.5,725450,13:52:00,13.0,1394480,14:14:00,15.6,2148080,14:19:00,15.6,2148080,14:19:00,15.6,2148080,14:19:00
201605030209,201606050509,2016-06-05,14:25:00,10,28.4,641420,13:22:00,26.3,725450,13:52:00,23.1,1394480,14:14:00,24.8,2148080,14:19:00,24.8,2148080,14:19:00,24.8,2148080,14:19:00
201605030210,201606050510,2016-06-05,15:01:00,01,9.5,1358780,13:58:00,9.7,1703800,14:28:00,10.5,3218890,14:50:00,10.8,4095110,14:55:00,10.8,4095110,14:55:00,10.8,4095110,14:55:00
201605030210,201606050510,2016-06-05,15:01:00,02,38.5,1358780,13:58:00,35.9,1703800,14:28:00,45.4,3218890,14:50:00,50.1,4095110,14:55:00,50.1,4095110,14:55:00,50.1,4095110,14:55:00
201605030210,201606050510,2016-06-05,15:01:00,03,41.6,1358780,13:58:00,41.5,1703800,14:28:00,48.6,3218890,14:50:00,51.6,4095110,14:55:00,51.6,4095110,14:55:00,51.6,4095110,14:55:00
201605030210,201606050510,2016-06-05,15:01:00,04,8.0,1358780,13:58:00,7.7,1703800,14:28:00,6.4,3218890,14:50:00,6.6,4095110,14:55:00,6.6,4095110,14:55:00,6.6,4095110,14:55:00
201605030210,201606050510,2016-06-05,15:01:00,05,5.5,1358780,13:58:00,5.1,1703800,14:28:00,5.2,3218890,14:50:00,5.2,4095110,14:55:00,5.2,4095110,14:55:00,5.2,4095110,14:55:00
201605030210,201606050510,2016-06-05,15:01:00,06,17.2,1358780,13:58:00,17.9,1703800,14:28:00,18.1,3218890,14:50:00,17.9,4095110,14:55:00,17.9,4095110,14:55:00,17.9,4095110,14:55:00
201605030210,201606050510,2016-06-05,15:01:00,07,12.8,1358780,13:58:00,11.6,1703800,14:28:00,13.3,3218890,14:50:00,13.6,4095110,14:55:00,13.6,4095110,14:55:00,13.6,4095110,14:55:00
201605030210,201606050510,2016-06-05,15:01:00,08,25.6,1358780,13:58:00,27.8,1703800,14:28:00,34.9,3218890,14:50:00,37.1,4095110,14:55:00,37.1,4095110,14:55:00,37.1,4095110,14:55:00
201605030210,201606050510,2016-06-05,15:01:00,09,27.2,1358780,13:58:00,29.2,1703800,14:28:00,26.6,3218890,14:50:00,26.6,4095110,14:55:00,26.6,4095110,14:55:00,26.6,4095110,14:55:00
201605030210,201606050510,2016-06-05,15:01:00,10,28.2,1358780,13:58:00,30.0,1703800,14:28:00,32.7,3218890,14:50:00,35.2,4095110,14:55:00,35.2,4095110,14:55:00,35.2,4095110,14:55:00
201605030210,201606050510,2016-06-05,15:01:00,11,18.2,1358780,13:58:00,19.0,1703800,14:28:00,18.7,3218890,14:50:00,19.4,4095110,14:55:00,19.4,4095110,14:55:00,19.4,4095110,14:55:00
201605030210,201606050510,2016-06-05,15:01:00,12,80.3,1358780,13:58:00,83.1,1703800,14:28:00,106.0,3218890,14:50:00,124.0,4095110,14:55:00,124.0,4095110,14:55:00,124.0,4095110,14:55:00
201605030210,201606050510,2016-06-05,15:01:00,13,258.8,1358780,13:58:00,282.7,1703800,14:28:00,302.5,3218890,14:50:00,327.2,4095110,14:55:00,327.2,4095110,14:55:00,327.2,4095110,14:55:00
201605030210,201606050510,2016-06-05,15:01:00,14,119.8,1358780,13:58:00,133.7,1703800,14:28:00,153.8,3218890,14:50:00,170.0,4095110,14:55:00,170.0,4095110,14:55:00,170.0,4095110,14:55:00
201605030210,201606050510,2016-06-05,15:01:00,15,3.0,1358780,13:58:00,3.1,1703800,14:28:00,3.0,3218890,14:50:00,2.9,4095110,14:55:00,2.9,4095110,14:55:00,2.9,4095110,14:55:00
201605030210,201606050510,2016-06-05,15:01:00,16,98.3,1358780,13:58:00,105.9,1703800,14:28:00,121.3,3218890,14:50:00,127.4,4095110,14:55:00,127.4,4095110,14:55:00,127.4,4095110,14:55:00
201605030210,201606050510,2016-06-05,15:01:00,17,28.9,1358780,13:58:00,25.9,1703800,14:28:00,29.5,3218890,14:50:00,31.3,4095110,14:55:00,31.3,4095110,14:55:00,31.3,4095110,14:55:00
201605030210,201606050510,2016-06-05,15:01:00,18,11.1,1358780,13:58:00,11.7,1703800,14:28:00,10.2,3218890,14:50:00,9.7,4095110,14:55:00,9.7,4095110,14:55:00,9.7,4095110,14:55:00
201605030211,201606050511,2016-06-05,15:40:00,01,41.0,29491700,14:38:00,44.0,35601670,15:09:00,50.6,49782050,15:29:00,53.2,55983500,15:34:00,53.2,55983500,15:34:00,53.2,55983500,15:34:00
201605030211,201606050511,2016-06-05,15:40:00,02,49.8,29491700,14:38:00,52.4,35601670,15:09:00,58.4,49782050,15:29:00,61.6,55983500,15:34:00,61.6,55983500,15:34:00,61.6,55983500,15:34:00
201605030211,201606050511,2016-06-05,15:40:00,03,16.4,29491700,14:38:00,16.7,35601670,15:09:00,18.5,49782050,15:29:00,19.4,55983500,15:34:00,19.4,55983500,15:34:00,19.4,55983500,15:34:00
201605030211,201606050511,2016-06-05,15:40:00,04,25.6,29491700,14:38:00,27.0,35601670,15:09:00,29.2,49782050,15:29:00,30.5,55983500,15:34:00,30.5,55983500,15:34:00,30.5,55983500,15:34:00
201605030211,201606050511,2016-06-05,15:40:00,05,34.5,29491700,14:38:00,36.7,35601670,15:09:00,41.9,49782050,15:29:00,45.0,55983500,15:34:00,45.0,55983500,15:34:00,45.0,55983500,15:34:00
201605030211,201606050511,2016-06-05,15:40:00,06,32.5,29491700,14:38:00,34.7,35601670,15:09:00,35.6,49782050,15:29:00,36.8,55983500,15:34:00,36.8,55983500,15:34:00,36.8,55983500,15:34:00
201605030211,201606050511,2016-06-05,15:40:00,07,6.0,29491700,14:38:00,6.1,35601670,15:09:00,5.7,49782050,15:29:00,5.7,55983500,15:34:00,5.7,55983500,15:34:00,5.7,55983500,15:34:00
201605030211,201606050511,2016-06-05,15:40:00,08,1.9,29491700,14:38:00,1.8,35601670,15:09:00,1.7,49782050,15:29:00,1.7,55983500,15:34:00,1.7,55983500,15:34:00,1.7,55983500,15:34:00
201605030211,201606050511,2016-06-05,15:40:00,09,10.5,29491700,14:38:00,10.9,35601670,15:09:00,11.1,49782050,15:29:00,11.2,55983500,15:34:00,11.2,55983500,15:34:00,11.2,55983500,15:34:00
201605030211,201606050511,2016-06-05,15:40:00,10,24.6,29491700,14:38:00,26.3,35601670,15:09:00,28.1,49782050,15:29:00,28.9,55983500,15:34:00,28.9,55983500,15:34:00,28.9,55983500,15:34:00
201605030211,201606050511,2016-06-05,15:40:00,11,4.6,29491700,14:38:00,4.7,35601670,15:09:00,4.8,49782050,15:29:00,4.7,55983500,15:34:00,4.7,55983500,15:34:00,4.7,55983500,15:34:00
201605030211,201606050511,2016-06-05,15:40:00,12,111.2,29491700,14:38:00,119.4,35601670,15:09:00,140.6,49782050,15:29:00,150.4,55983500,15:34:00,150.4,55983500,15:34:00,150.4,55983500,15:34:00
201605030212,201606050512,2016-06-05,16:25:00,01,202.3,1158390,15:25:00,204.7,1863530,15:51:00,242.8,5154180,16:14:00,271.3,6941990,16:19:00,271.3,6941990,16:19:00,335.7,11091720,16:24:00
201605030212,201606050512,2016-06-05,16:25:00,02,191.0,1158390,15:25:00,226.2,1863530,15:51:00,262.1,5154180,16:14:00,302.9,6941990,16:19:00,302.9,6941990,16:19:00,375.0,11091720,16:24:00
201605030212,201606050512,2016-06-05,16:25:00,03,61.7,1158390,15:25:00,82.7,1863530,15:51:00,103.3,5154180,16:14:00,107.4,6941990,16:19:00,107.4,6941990,16:19:00,112.9,11091720,16:24:00
201605030212,201606050512,2016-06-05,16:25:00,04,23.0,1158390,15:25:00,33.1,1863530,15:51:00,40.2,5154180,16:14:00,43.1,6941990,16:19:00,43.1,6941990,16:19:00,47.9,11091720,16:24:00
201605030212,201606050512,2016-06-05,16:25:00,05,1.7,1158390,15:25:00,1.7,1863530,15:51:00,1.6,5154180,16:14:00,1.7,6941990,16:19:00,1.7,6941990,16:19:00,1.7,11091720,16:24:00
201605030212,201606050512,2016-06-05,16:25:00,06,16.1,1158390,15:25:00,19.7,1863530,15:51:00,16.7,5154180,16:14:00,14.8,6941990,16:19:00,14.8,6941990,16:19:00,16.3,11091720,16:24:00
201605030212,201606050512,2016-06-05,16:25:00,07,46.0,1158390,15:25:00,58.3,1863530,15:51:00,68.4,5154180,16:14:00,67.1,6941990,16:19:00,67.1,6941990,16:19:00,71.0,11091720,16:24:00
201605030212,201606050512,2016-06-05,16:25:00,08,20.9,1158390,15:25:00,20.1,1863530,15:51:00,14.8,5154180,16:14:00,14.1,6941990,16:19:00,14.1,6941990,16:19:00,14.9,11091720,16:24:00
201605030212,201606050512,2016-06-05,16:25:00,09,111.6,1158390,15:25:00,150.4,1863530,15:51:00,141.9,5154180,16:14:00,160.9,6941990,16:19:00,160.9,6941990,16:19:00,210.3,11091720,16:24:00
201605030212,201606050512,2016-06-05,16:25:00,10,9.3,1158390,15:25:00,10.7,1863530,15:51:00,11.3,5154180,16:14:00,10.7,6941990,16:19:00,10.7,6941990,16:19:00,9.0,11091720,16:24:00
201605030212,201606050512,2016-06-05,16:25:00,11,243.8,1158390,15:25:00,315.8,1863530,15:51:00,316.2,5154180,16:14:00,326.8,6941990,16:19:00,326.8,6941990,16:19:00,390.5,11091720,16:24:00
201605030212,201606050512,2016-06-05,16:25:00,12,39.5,1158390,15:25:00,50.8,1863530,15:51:00,49.4,5154180,16:14:00,50.1,6941990,16:19:00,50.1,6941990,16:19:00,48.5,11091720,16:24:00
201605030212,201606050512,2016-06-05,16:25:00,13,17.1,1158390,15:25:00,19.9,1863530,15:51:00,23.4,5154180,16:14:00,21.9,6941990,16:19:00,21.9,6941990,16:19:00,18.9,11091720,16:24:00
201605030212,201606050512,2016-06-05,16:25:00,14,52.8,1158390,15:25:00,69.4,1863530,15:51:00,68.8,5154180,16:14:00,74.5,6941990,16:19:00,74.5,6941990,16:19:00,82.8,11091720,16:24:00
201605030212,201606050512,2016-06-05,16:25:00,15,14.2,1158390,15:25:00,15.7,1863530,15:51:00,15.5,5154180,16:14:00,14.2,6941990,16:19:00,14.2,6941990,16:19:00,12.5,11091720,16:24:00
201605030212,201606050512,2016-06-05,16:25:00,16,5.3,1158390,15:25:00,3.9,1863530,15:51:00,4.2,5154180,16:14:00,4.1,6941990,16:19:00,4.1,6941990,16:19:00,4.2,11091720,16:24:00
201605030301,201606110501,2016-06-11,10:10:00,01,21.9,405720,09:09:00,22.3,592060,09:36:00,25.2,1083480,09:59:00,30.1,1520180,10:04:00,30.1,1520180,10:04:00,30.1,1520180,10:04:00
201605030301,201606110501,2016-06-11,10:10:00,02,163.1,405720,09:09:00,157.8,592060,09:36:00,149.9,1083480,09:59:00,178.0,1520180,10:04:00,178.0,1520180,10:04:00,178.0,1520180,10:04:00
201605030301,201606110501,2016-06-11,10:10:00,03,165.6,405720,09:09:00,146.1,592060,09:36:00,154.7,1083480,09:59:00,180.4,1520180,10:04:00,180.4,1520180,10:04:00,180.4,1520180,10:04:00
201605030301,201606110501,2016-06-11,10:10:00,04,10.7,405720,09:09:00,9.2,592060,09:36:00,10.2,1083480,09:59:00,10.4,1520180,10:04:00,10.4,1520180,10:04:00,10.4,1520180,10:04:00
201605030301,201606110501,2016-06-11,10:10:00,05,7.6,405720,09:09:00,8.2,592060,09:36:00,8.1,1083480,09:59:00,8.2,1520180,10:04:00,8.2,1520180,10:04:00,8.2,1520180,10:04:00
201605030301,201606110501,2016-06-11,10:10:00,06,18.3,405720,09:09:00,17.5,592060,09:36:00,15.6,1083480,09:59:00,16.6,1520180,10:04:00,16.6,1520180,10:04:00,16.6,1520180,10:04:00
201605030301,201606110501,2016-06-11,10:10:00,07,14.5,405720,09:09:00,14.9,592060,09:36:00,13.9,1083480,09:59:00,15.8,1520180,10:04:00,15.8,1520180,10:04:00,15.8,1520180,10:04:00
201605030301,201606110501,2016-06-11,10:10:00,08,31.6,405720,09:09:00,29.5,592060,09:36:00,29.8,1083480,09:59:00,33.2,1520180,10:04:00,33.2,1520180,10:04:00,33.2,1520180,10:04:00
201605030301,201606110501,2016-06-11,10:10:00,09,25.5,405720,09:09:00,28.3,592060,09:36:00,23.2,1083480,09:59:00,23.2,1520180,10:04:00,23.2,1520180,10:04:00,23.2,1520180,10:04:00
201605030301,201606110501,2016-06-11,10:10:00,10,46.7,405720,09:09:00,51.0,592060,09:36:00,62.0,1083480,09:59:00,67.6,1520180,10:04:00,67.6,1520180,10:04:00,67.6,1520180,10:04:00
201605030301,201606110501,2016-06-11,10:10:00,11,63.1,405720,09:09:00,68.0,592060,09:36:00,68.0,1083480,09:59:00,72.5,1520180,10:04:00,72.5,1520180,10:04:00,72.5,1520180,10:04:00
201605030301,201606110501,2016-06-11,10:10:00,12,4.9,405720,09:09:00,4.8,592060,09:36:00,4.8,1083480,09:59:00,5.0,1520180,10:04:00,5.0,1520180,10:04:00,5.0,1520180,10:04:00
201605030301,201606110501,2016-06-11,10:10:00,13,228.5,405720,09:09:00,199.0,592060,09:36:00,169.2,1083480,09:59:00,192.4,1520180,10:04:00,192.4,1520180,10:04:00,192.4,1520180,10:04:00
201605030301,201606110501,2016-06-11,10:10:00,14,4.7,405720,09:09:00,4.7,592060,09:36:00,5.0,1083480,09:59:00,4.6,1520180,10:04:00,4.6,1520180,10:04:00,4.6,1520180,10:04:00
201605030301,201606110501,2016-06-11,10:10:00,15,3.8,405720,09:09:00,3.8,592060,09:36:00,3.6,1083480,09:59:00,3.3,1520180,10:04:00,3.3,1520180,10:04:00,3.3,1520180,10:04:00
201605030301,201606110501,2016-06-11,10:10:00,16,17.0,405720,09:09:00,19.8,592060,09:36:00,20.6,1083480,09:59:00,20.4,1520180,10:04:00,20.4,1520180,10:04:00,20.4,1520180,10:04:00
201605030302,201606110502,2016-06-11,10:40:00,01,109.2,342760,09:37:00,121.4,495000,10:07:00,145.3,1015380,10:29:00,205.9,1961250,10:34:00,205.9,1961250,10:34:00,205.9,1961250,10:34:00
201605030302,201606110502,2016-06-11,10:40:00,02,47.6,342760,09:37:00,48.2,495000,10:07:00,64.1,1015380,10:29:00,81.9,1961250,10:34:00,81.9,1961250,10:34:00,81.9,1961250,10:34:00
201605030302,201606110502,2016-06-11,10:40:00,03,6.3,342760,09:37:00,5.5,495000,10:07:00,5.3,1015380,10:29:00,6.0,1961250,10:34:00,6.0,1961250,10:34:00,6.0,1961250,10:34:00
201605030302,201606110502,2016-06-11,10:40:00,04,244.8,342760,09:37:00,278.8,495000,10:07:00,322.3,1015380,10:29:00,214.9,1961250,10:34:00,214.9,1961250,10:34:00,214.9,1961250,10:34:00
201605030302,201606110502,2016-06-11,10:40:00,05,166.1,342760,09:37:00,167.0,495000,10:07:00,181.7,1015380,10:29:00,194.9,1961250,10:34:00,194.9,1961250,10:34:00,194.9,1961250,10:34:00
201605030302,201606110502,2016-06-11,10:40:00,06,12.3,342760,09:37:00,13.3,495000,10:07:00,12.0,1015380,10:29:00,12.8,1961250,10:34:00,12.8,1961250,10:34:00,12.8,1961250,10:34:00
201605030302,201606110502,2016-06-11,10:40:00,07,40.0,342760,09:37:00,47.8,495000,10:07:00,62.1,1015380,10:29:00,63.3,1961250,10:34:00,63.3,1961250,10:34:00,63.3,1961250,10:34:00
201605030302,201606110502,2016-06-11,10:40:00,08,36.1,342760,09:37:00,35.9,495000,10:07:00,34.6,1015380,10:29:00,37.9,1961250,10:34:00,37.9,1961250,10:34:00,37.9,1961250,10:34:00
201605030302,201606110502,2016-06-11,10:40:00,09,8.2,342760,09:37:00,9.2,495000,10:07:00,6.8,1015380,10:29:00,7.6,1961250,10:34:00,7.6,1961250,10:34:00,7.6,1961250,10:34:00
201605030302,201606110502,2016-06-11,10:40:00,10,34.4,342760,09:37:00,37.6,495000,10:07:00,56.1,1015380,10:29:00,73.7,1961250,10:34:00,73.7,1961250,10:34:00,73.7,1961250,10:34:00
201605030302,201606110502,2016-06-11,10:40:00,11,12.6,342760,09:37:00,18.3,495000,10:07:00,20.6,1015380,10:29:00,22.4,1961250,10:34:00,22.4,1961250,10:34:00,22.4,1961250,10:34:00
201605030302,201606110502,2016-06-11,10:40:00,12,26.1,342760,09:37:00,29.8,495000,10:07:00,33.0,1015380,10:29:00,44.4,1961250,10:34:00,44.4,1961250,10:34:00,44.4,1961250,10:34:00
201605030302,201606110502,2016-06-11,10:40:00,13,24.4,342760,09:37:00,22.5,495000,10:07:00,27.0,1015380,10:29:00,31.5,1961250,10:34:00,31.5,1961250,10:34:00,31.5,1961250,10:34:00
201605030302,201606110502,2016-06-11,10:40:00,14,131.8,342760,09:37:00,133.3,495000,10:07:00,179.7,1015380,10:29:00,224.4,1961250,10:34:00,224.4,1961250,10:34:00,224.4,1961250,10:34:00
201605030302,201606110502,2016-06-11,10:40:00,15,57.7,342760,09:37:00,57.1,495000,10:07:00,47.4,1015380,10:29:00,68.6,1961250,10:34:00,68.6,1961250,10:34:00,68.6,1961250,10:34:00
201605030302,201606110502,2016-06-11,10:40:00,16,1.7,342760,09:37:00,1.6,495000,10:07:00,1.6,1015380,10:29:00,1.4,1961250,10:34:00,1.4,1961250,10:34:00,1.4,1961250,10:34:00
201605030303,201606110503,2016-06-11,11:10:00,01,3.6,295790,10:07:00,3.4,385660,10:39:00,3.9,793200,10:59:00,4.1,1463050,11:04:00,4.1,1463050,11:04:00,4.1,1463050,11:04:00
201605030303,201606110503,2016-06-11,11:10:00,02,7.0,295790,10:07:00,6.8,385660,10:39:00,6.1,793200,10:59:00,6.4,1463050,11:04:00,6.4,1463050,11:04:00,6.4,1463050,11:04:00
201605030303,201606110503,2016-06-11,11:10:00,03,5.2,295790,10:07:00,4.7,385660,10:39:00,3.8,793200,10:59:00,3.5,1463050,11:04:00,3.5,1463050,11:04:00,3.5,1463050,11:04:00
201605030303,201606110503,2016-06-11,11:10:00,04,97.7,295790,10:07:00,105.6,385660,10:39:00,133.0,793200,10:59:00,182.8,1463050,11:04:00,182.8,1463050,11:04:00,182.8,1463050,11:04:00
201605030303,201606110503,2016-06-11,11:10:00,05,167.8,295790,10:07:00,180.4,385660,10:39:00,229.9,793200,10:59:00,197.7,1463050,11:04:00,197.7,1463050,11:04:00,197.7,1463050,11:04:00
201605030303,201606110503,2016-06-11,11:10:00,06,61.6,295790,10:07:00,71.7,385660,10:39:00,85.4,793200,10:59:00,92.7,1463050,11:04:00,92.7,1463050,11:04:00,92.7,1463050,11:04:00
201605030303,201606110503,2016-06-11,11:10:00,07,32.8,295790,10:07:00,32.7,385660,10:39:00,41.2,793200,10:59:00,50.6,1463050,11:04:00,50.6,1463050,11:04:00,50.6,1463050,11:04:00
201605030303,201606110503,2016-06-11,11:10:00,08,13.8,295790,10:07:00,14.7,385660,10:39:00,20.8,793200,10:59:00,30.5,1463050,11:04:00,30.5,1463050,11:04:00,30.5,1463050,11:04:00
201605030303,201606110503,2016-06-11,11:10:00,09,163.1,295790,10:07:00,188.1,385660,10:39:00,217.3,793200,10:59:00,308.0,1463050,11:04:00,308.0,1463050,11:04:00,308.0,1463050,11:04:00
201605030303,201606110503,2016-06-11,11:10:00,10,20.1,295790,10:07:00,20.9,385660,10:39:00,17.1,793200,10:59:00,17.1,1463050,11:04:00,17.1,1463050,11:04:00,17.1,1463050,11:04:00
201605030303,201606110503,2016-06-11,11:10:00,11,93.9,295790,10:07:00,104.9,385660,10:39:00,106.8,793200,10:59:00,119.3,1463050,11:04:00,119.3,1463050,11:04:00,119.3,1463050,11:04:00
201605030303,201606110503,2016-06-11,11:10:00,12,5.3,295790,10:07:00,5.7,385660,10:39:00,6.3,793200,10:59:00,6.6,1463050,11:04:00,6.6,1463050,11:04:00,6.6,1463050,11:04:00
201605030303,201606110503,2016-06-11,11:10:00,13,107.5,295790,10:07:00,120.0,385660,10:39:00,148.9,793200,10:59:00,186.0,1463050,11:04:00,186.0,1463050,11:04:00,186.0,1463050,11:04:00
201605030303,201606110503,2016-06-11,11:10:00,14,35.2,295790,10:07:00,37.9,385660,10:39:00,24.3,793200,10:59:00,31.7,1463050,11:04:00,31.7,1463050,11:04:00,31.7,1463050,11:04:00
201605030303,201606110503,2016-06-11,11:10:00,15,4.7,295790,10:07:00,4.9,385660,10:39:00,5.0,793200,10:59:00,4.1,1463050,11:04:00,4.1,1463050,11:04:00,4.1,1463050,11:04:00
201605030303,201606110503,2016-06-11,11:10:00,16,207.5,295790,10:07:00,217.2,385660,10:39:00,245.9,793200,10:59:00,329.7,1463050,11:04:00,329.7,1463050,11:04:00,329.7,1463050,11:04:00
201605030305,201606110505,2016-06-11,12:30:00,01,24.3,647910,11:27:00,29.3,1129230,11:59:00,31.8,1732000,12:19:00,36.3,2596880,12:24:00,36.3,2596880,12:24:00,36.3,2596880,12:24:00
201605030305,201606110505,2016-06-11,12:30:00,02,45.6,647910,11:27:00,53.2,1129230,11:59:00,56.9,1732000,12:19:00,62.2,2596880,12:24:00,62.2,2596880,12:24:00,62.2,2596880,12:24:00
201605030305,201606110505,2016-06-11,12:30:00,03,112.0,647910,11:27:00,118.2,1129230,11:59:00,124.8,1732000,12:19:00,141.9,2596880,12:24:00,141.9,2596880,12:24:00,141.9,2596880,12:24:00
201605030305,201606110505,2016-06-11,12:30:00,04,130.4,647910,11:27:00,149.1,1129230,11:59:00,137.0,1732000,12:19:00,177.6,2596880,12:24:00,177.6,2596880,12:24:00,177.6,2596880,12:24:00
201605030305,201606110505,2016-06-11,12:30:00,05,58.7,647910,11:27:00,73.2,1129230,11:59:00,60.8,1732000,12:19:00,72.4,2596880,12:24:00,72.4,2596880,12:24:00,72.4,2596880,12:24:00
201605030305,201606110505,2016-06-11,12:30:00,06,104.0,647910,11:27:00,123.6,1129230,11:59:00,128.7,1732000,12:19:00,156.9,2596880,12:24:00,156.9,2596880,12:24:00,156.9,2596880,12:24:00
201605030305,201606110505,2016-06-11,12:30:00,07,2.5,647910,11:27:00,2.5,1129230,11:59:00,2.6,1732000,12:19:00,2.5,2596880,12:24:00,2.5,2596880,12:24:00,2.5,2596880,12:24:00
201605030305,201606110505,2016-06-11,12:30:00,08,9.7,647910,11:27:00,10.4,1129230,11:59:00,11.0,1732000,12:19:00,10.9,2596880,12:24:00,10.9,2596880,12:24:00,10.9,2596880,12:24:00
201605030305,201606110505,2016-06-11,12:30:00,09,24.7,647910,11:27:00,26.9,1129230,11:59:00,30.1,1732000,12:19:00,35.1,2596880,12:24:00,35.1,2596880,12:24:00,35.1,2596880,12:24:00
201605030305,201606110505,2016-06-11,12:30:00,10,16.6,647910,11:27:00,9.3,1129230,11:59:00,10.8,1732000,12:19:00,12.5,2596880,12:24:00,12.5,2596880,12:24:00,12.5,2596880,12:24:00
201605030305,201606110505,2016-06-11,12:30:00,11,36.6,647910,11:27:00,46.0,1129230,11:59:00,46.0,1732000,12:19:00,56.6,2596880,12:24:00,56.6,2596880,12:24:00,56.6,2596880,12:24:00
201605030305,201606110505,2016-06-11,12:30:00,12,6.8,647910,11:27:00,6.6,1129230,11:59:00,6.8,1732000,12:19:00,6.5,2596880,12:24:00,6.5,2596880,12:24:00,6.5,2596880,12:24:00
201605030305,201606110505,2016-06-11,12:30:00,13,83.3,647910,11:27:00,87.5,1129230,11:59:00,80.7,1732000,12:19:00,94.8,2596880,12:24:00,94.8,2596880,12:24:00,94.8,2596880,12:24:00
201605030305,201606110505,2016-06-11,12:30:00,14,18.7,647910,11:27:00,24.4,1129230,11:59:00,29.7,1732000,12:19:00,39.5,2596880,12:24:00,39.5,2596880,12:24:00,39.5,2596880,12:24:00
201605030305,201606110505,2016-06-11,12:30:00,15,6.0,647910,11:27:00,5.9,1129230,11:59:00,4.7,1732000,12:19:00,4.1,2596880,12:24:00,4.1,2596880,12:24:00,4.1,2596880,12:24:00
201605030305,201606110505,2016-06-11,12:30:00,16,15.1,647910,11:27:00,17.5,1129230,11:59:00,16.6,1732000,12:19:00,17.2,2596880,12:24:00,17.2,2596880,12:24:00,17.2,2596880,12:24:00
201605030305,201606110505,2016-06-11,12:30:00,17,102.1,647910,11:27:00,120.4,1129230,11:59:00,118.3,1732000,12:19:00,132.1,2596880,12:24:00,132.1,2596880,12:24:00,132.1,2596880,12:24:00
201605030305,201606110505,2016-06-11,12:30:00,18,99.5,647910,11:27:00,103.9,1129230,11:59:00,112.6,1732000,12:19:00,138.7,2596880,12:24:00,138.7,2596880,12:24:00,138.7,2596880,12:24:00
201605030306,201606110506,2016-06-11,13:00:00,01,5.8,415700,11:52:00,5.7,554800,12:29:00,5.2,1090830,12:49:00,4.5,1925110,12:54:00,4.5,1925110,12:54:00,4.5,1925110,12:54:00
201605030306,201606110506,2016-06-11,13:00:00,02,16.5,415700,11:52:00,17.4,554800,12:29:00,18.8,1090830,12:49:00,19.1,1925110,12:54:00,19.1,1925110,12:54:00,19.1,1925110,12:54:00
201605030306,201606110506,2016-06-11,13:00:00,03,48.6,415700,11:52:00,47.7,554800,12:29:00,43.5,1090830,12:49:00,56.1,1925110,12:54:00,56.1,1925110,12:54:00,56.1,1925110,12:54:00
201605030306,201606110506,2016-06-11,13:00:00,04,33.4,415700,11:52:00,33.8,554800,12:29:00,33.2,1090830,12:49:00,38.0,1925110,12:54:00,38.0,1925110,12:54:00,38.0,1925110,12:54:00
201605030306,201606110506,2016-06-11,13:00:00,05,124.0,415700,11:52:00,136.1,554800,12:29:00,170.7,1090830,12:49:00,226.4,1925110,12:54:00,226.4,1925110,12:54:00,226.4,1925110,12:54:00
201605030306,201606110506,2016-06-11,13:00:00,06,61.0,415700,11:52:00,73.3,554800,12:29:00,106.2,1090830,12:49:00,145.9,1925110,12:54:00,145.9,1925110,12:54:00,145.9,1925110,12:54:00
201605030306,201606110506,2016-06-11,13:00:00,07,44.8,415700,11:52:00,49.7,554800,12:29:00,52.1,1090830,12:49:00,59.1,1925110,12:54:00,59.1,1925110,12:54:00,59.1,1925110,12:54:00
201605030306,201606110506,2016-06-11,13:00:00,08,9.3,415700,11:52:00,9.9,554800,12:29:00,12.1,1090830,12:49:00,12.3,1925110,12:54:00,12.3,1925110,12:54:00,12.3,1925110,12:54:00
201605030306,201606110506,2016-06-11,13:00:00,09,121.8,415700,11:52:00,116.8,554800,12:29:00,156.3,1090830,12:49:00,208.6,1925110,12:54:00,208.6,1925110,12:54:00,208.6,1925110,12:54:00
201605030306,201606110506,2016-06-11,13:00:00,10,54.6,415700,11:52:00,55.7,554800,12:29:00,61.5,1090830,12:49:00,64.4,1925110,12:54:00,64.4,1925110,12:54:00,64.4,1925110,12:54:00
201605030306,201606110506,2016-06-11,13:00:00,11,11.0,415700,11:52:00,11.0,554800,12:29:00,11.0,1090830,12:49:00,11.0,1925110,12:54:00,11.0,1925110,12:54:00,11.0,1925110,12:54:00
201605030306,201606110506,2016-06-11,13:00:00,12,1.6,415700,11:52:00,1.6,554800,12:29:00,1.6,1090830,12:49:00,1.6,1925110,12:54:00,1.6,1925110,12:54:00,1.6,1925110,12:54:00
201605030306,201606110506,2016-06-11,13:00:00,13,83.7,415700,11:52:00,81.5,554800,12:29:00,94.8,1090830,12:49:00,93.3,1925110,12:54:00,93.3,1925110,12:54:00,93.3,1925110,12:54:00
201605030306,201606110506,2016-06-11,13:00:00,14,19.7,415700,11:52:00,18.2,554800,12:29:00,17.7,1090830,12:49:00,18.8,1925110,12:54:00,18.8,1925110,12:54:00,18.8,1925110,12:54:00
201605030306,201606110506,2016-06-11,13:00:00,15,52.8,415700,11:52:00,54.1,554800,12:29:00,53.8,1090830,12:49:00,69.0,1925110,12:54:00,69.0,1925110,12:54:00,69.0,1925110,12:54:00
201605030306,201606110506,2016-06-11,13:00:00,16,69.8,415700,11:52:00,75.0,554800,12:29:00,72.2,1090830,12:49:00,87.5,1925110,12:54:00,87.5,1925110,12:54:00,87.5,1925110,12:54:00
201605030307,201606110507,2016-06-11,13:30:00,01,33.7,449090,12:26:00,29.5,591960,12:58:00,47.8,1402110,13:19:00,56.1,2191270,13:24:00,56.1,2191270,13:24:00,56.1,2191270,13:24:00
201605030307,201606110507,2016-06-11,13:30:00,02,6.9,449090,12:26:00,6.1,591960,12:58:00,7.3,1402110,13:19:00,6.1,2191270,13:24:00,6.1,2191270,13:24:00,6.1,2191270,13:24:00
201605030307,201606110507,2016-06-11,13:30:00,03,10.6,449090,12:26:00,9.4,591960,12:58:00,10.5,1402110,13:19:00,9.5,2191270,13:24:00,9.5,2191270,13:24:00,9.5,2191270,13:24:00
201605030307,201606110507,2016-06-11,13:30:00,04,35.2,449090,12:26:00,37.5,591960,12:58:00,61.0,1402110,13:19:00,76.5,2191270,13:24:00,76.5,2191270,13:24:00,76.5,2191270,13:24:00
201605030307,201606110507,2016-06-11,13:30:00,05,15.2,449090,12:26:00,14.0,591960,12:58:00,16.7,1402110,13:19:00,15.0,2191270,13:24:00,15.0,2191270,13:24:00,15.0,2191270,13:24:00
201605030307,201606110507,2016-06-11,13:30:00,06,48.3,449090,12:26:00,40.3,591960,12:58:00,62.7,1402110,13:19:00,76.3,2191270,13:24:00,76.3,2191270,13:24:00,76.3,2191270,13:24:00
201605030307,201606110507,2016-06-11,13:30:00,07,1.4,449090,12:26:00,1.5,591960,12:58:00,1.4,1402110,13:19:00,1.5,2191270,13:24:00,1.5,2191270,13:24:00,1.5,2191270,13:24:00
201605030307,201606110507,2016-06-11,13:30:00,08,5.8,449090,12:26:00,5.6,591960,12:58:00,4.3,1402110,13:19:00,4.5,2191270,13:24:00,4.5,2191270,13:24:00,4.5,2191270,13:24:00
201605030308,201606110508,2016-06-11,14:01:00,01,22.3,750910,12:54:00,19.6,977330,13:29:00,22.1,1642950,13:50:00,25.9,2278420,13:55:00,25.9,2278420,13:55:00,25.9,2278420,13:55:00
201605030308,201606110508,2016-06-11,14:01:00,02,36.6,750910,12:54:00,30.3,977330,13:29:00,29.1,1642950,13:50:00,31.7,2278420,13:55:00,31.7,2278420,13:55:00,31.7,2278420,13:55:00
201605030308,201606110508,2016-06-11,14:01:00,03,227.5,750910,12:54:00,196.9,977330,13:29:00,219.7,1642950,13:50:00,238.8,2278420,13:55:00,238.8,2278420,13:55:00,238.8,2278420,13:55:00
201605030308,201606110508,2016-06-11,14:01:00,04,84.1,750910,12:54:00,94.3,977330,13:29:00,103.0,1642950,13:50:00,113.7,2278420,13:55:00,113.7,2278420,13:55:00,113.7,2278420,13:55:00
201605030308,201606110508,2016-06-11,14:01:00,05,71.0,750910,12:54:00,66.5,977330,13:29:00,87.1,1642950,13:50:00,91.6,2278420,13:55:00,91.6,2278420,13:55:00,91.6,2278420,13:55:00
201605030308,201606110508,2016-06-11,14:01:00,06,123.3,750910,12:54:00,124.3,977330,13:29:00,138.0,1642950,13:50:00,149.0,2278420,13:55:00,149.0,2278420,13:55:00,149.0,2278420,13:55:00
201605030308,201606110508,2016-06-11,14:01:00,07,20.4,750910,12:54:00,20.2,977330,13:29:00,19.6,1642950,13:50:00,20.1,2278420,13:55:00,20.1,2278420,13:55:00,20.1,2278420,13:55:00
201605030308,201606110508,2016-06-11,14:01:00,08,51.3,750910,12:54:00,55.3,977330,13:29:00,51.6,1642950,13:50:00,54.8,2278420,13:55:00,54.8,2278420,13:55:00,54.8,2278420,13:55:00
201605030308,201606110508,2016-06-11,14:01:00,09,14.1,750910,12:54:00,15.3,977330,13:29:00,11.9,1642950,13:50:00,10.5,2278420,13:55:00,10.5,2278420,13:55:00,10.5,2278420,13:55:00
201605030308,201606110508,2016-06-11,14:01:00,10,28.5,750910,12:54:00,29.4,977330,13:29:00,26.9,1642950,13:50:00,26.0,2278420,13:55:00,26.0,2278420,13:55:00,26.0,2278420,13:55:00
201605030308,201606110508,2016-06-11,14:01:00,11,25.5,750910,12:54:00,28.3,977330,13:29:00,29.7,1642950,13:50:00,34.0,2278420,13:55:00,34.0,2278420,13:55:00,34.0,2278420,13:55:00
201605030308,201606110508,2016-06-11,14:01:00,12,86.1,750910,12:54:00,90.9,977330,13:29:00,98.6,1642950,13:50:00,106.3,2278420,13:55:00,106.3,2278420,13:55:00,106.3,2278420,13:55:00
201605030308,201606110508,2016-06-11,14:01:00,13,228.4,750910,12:54:00,198.9,977330,13:29:00,230.5,1642950,13:50:00,258.9,2278420,13:55:00,258.9,2278420,13:55:00,258.9,2278420,13:55:00
201605030308,201606110508,2016-06-11,14:01:00,14,8.6,750910,12:54:00,7.2,977330,13:29:00,6.4,1642950,13:50:00,6.5,2278420,13:55:00,6.5,2278420,13:55:00,6.5,2278420,13:55:00
201605030308,201606110508,2016-06-11,14:01:00,15,6.6,750910,12:54:00,6.0,977330,13:29:00,4.8,1642950,13:50:00,4.7,2278420,13:55:00,4.7,2278420,13:55:00,4.7,2278420,13:55:00
201605030308,201606110508,2016-06-11,14:01:00,16,1.5,750910,12:54:00,1.6,977330,13:29:00,1.8,1642950,13:50:00,1.8,2278420,13:55:00,1.8,2278420,13:55:00,1.8,2278420,13:55:00
201605030309,201606110509,2016-06-11,14:35:00,01,6.6,731640,13:31:00,6.4,935590,14:03:00,5.6,1946570,14:24:00,5.8,2355970,14:29:00,5.8,2355970,14:29:00,5.8,2355970,14:29:00
201605030309,201606110509,2016-06-11,14:35:00,02,19.9,731640,13:31:00,19.4,935590,14:03:00,22.4,1946570,14:24:00,22.8,2355970,14:29:00,22.8,2355970,14:29:00,22.8,2355970,14:29:00
201605030309,201606110509,2016-06-11,14:35:00,03,58.8,731640,13:31:00,65.3,935590,14:03:00,75.6,1946570,14:24:00,81.2,2355970,14:29:00,81.2,2355970,14:29:00,81.2,2355970,14:29:00
201605030309,201606110509,2016-06-11,14:35:00,04,59.9,731640,13:31:00,64.5,935590,14:03:00,74.2,1946570,14:24:00,78.7,2355970,14:29:00,78.7,2355970,14:29:00,78.7,2355970,14:29:00
201605030309,201606110509,2016-06-11,14:35:00,05,1.2,731640,13:31:00,1.3,935590,14:03:00,1.3,1946570,14:24:00,1.3,2355970,14:29:00,1.3,2355970,14:29:00,1.3,2355970,14:29:00
201605030309,201606110509,2016-06-11,14:35:00,06,83.7,731640,13:31:00,91.6,935590,14:03:00,127.6,1946570,14:24:00,136.7,2355970,14:29:00,136.7,2355970,14:29:00,136.7,2355970,14:29:00
201605030309,201606110509,2016-06-11,14:35:00,07,16.8,731640,13:31:00,14.7,935590,14:03:00,18.2,1946570,14:24:00,18.9,2355970,14:29:00,18.9,2355970,14:29:00,18.9,2355970,14:29:00
201605030309,201606110509,2016-06-11,14:35:00,08,17.3,731640,13:31:00,17.3,935590,14:03:00,16.9,1946570,14:24:00,17.5,2355970,14:29:00,17.5,2355970,14:29:00,17.5,2355970,14:29:00
201605030309,201606110509,2016-06-11,14:35:00,09,8.6,731640,13:31:00,8.0,935590,14:03:00,7.8,1946570,14:24:00,7.7,2355970,14:29:00,7.7,2355970,14:29:00,7.7,2355970,14:29:00
201605030310,201606110510,2016-06-11,15:10:00,01,7.1,786320,14:06:00,7.3,1039260,14:35:00,8.3,1934010,14:59:00,9.2,2535110,15:04:00,9.2,2535110,15:04:00,9.2,2535110,15:04:00
201605030310,201606110510,2016-06-11,15:10:00,02,19.1,786320,14:06:00,21.3,1039260,14:35:00,23.5,1934010,14:59:00,24.7,2535110,15:04:00,24.7,2535110,15:04:00,24.7,2535110,15:04:00
201605030310,201606110510,2016-06-11,15:10:00,03,44.9,786320,14:06:00,47.4,1039260,14:35:00,63.0,1934010,14:59:00,66.1,2535110,15:04:00,66.1,2535110,15:04:00,66.1,2535110,15:04:00
201605030310,201606110510,2016-06-11,15:10:00,04,47.0,786320,14:06:00,47.5,1039260,14:35:00,54.8,1934010,14:59:00,60.6,2535110,15:04:00,60.6,2535110,15:04:00,60.6,2535110,15:04:00
201605030310,201606110510,2016-06-11,15:10:00,05,4.1,786320,14:06:00,3.9,1039260,14:35:00,3.2,1934010,14:59:00,3.3,2535110,15:04:00,3.3,2535110,15:04:00,3.3,2535110,15:04:00
201605030310,201606110510,2016-06-11,15:10:00,06,5.5,786320,14:06:00,4.6,1039260,14:35:00,5.3,1934010,14:59:00,5.8,2535110,15:04:00,5.8,2535110,15:04:00,5.8,2535110,15:04:00
201605030310,201606110510,2016-06-11,15:10:00,07,20.4,786320,14:06:00,22.6,1039260,14:35:00,24.0,1934010,14:59:00,26.9,2535110,15:04:00,26.9,2535110,15:04:00,26.9,2535110,15:04:00
201605030310,201606110510,2016-06-11,15:10:00,08,118.4,786320,14:06:00,140.4,1039260,14:35:00,166.5,1934010,14:59:00,199.0,2535110,15:04:00,199.0,2535110,15:04:00,199.0,2535110,15:04:00
201605030310,201606110510,2016-06-11,15:10:00,09,35.9,786320,14:06:00,40.8,1039260,14:35:00,45.8,1934010,14:59:00,52.5,2535110,15:04:00,52.5,2535110,15:04:00,52.5,2535110,15:04:00
201605030310,201606110510,2016-06-11,15:10:00,10,22.0,786320,14:06:00,25.1,1039260,14:35:00,29.9,1934010,14:59:00,34.4,2535110,15:04:00,34.4,2535110,15:04:00,34.4,2535110,15:04:00
201605030310,201606110510,2016-06-11,15:10:00,11,12.3,786320,14:06:00,13.8,1039260,14:35:00,13.2,1934010,14:59:00,13.6,2535110,15:04:00,13.6,2535110,15:04:00,13.6,2535110,15:04:00
201605030310,201606110510,2016-06-11,15:10:00,12,17.9,786320,14:06:00,19.9,1039260,14:35:00,18.7,1934010,14:59:00,20.4,2535110,15:04:00,20.4,2535110,15:04:00,20.4,2535110,15:04:00
201605030310,201606110510,2016-06-11,15:10:00,13,4.6,786320,14:06:00,4.6,1039260,14:35:00,4.3,1934010,14:59:00,3.4,2535110,15:04:00,3.4,2535110,15:04:00,3.4,2535110,15:04:00
201605030310,201606110510,2016-06-11,15:10:00,14,77.5,786320,14:06:00,70.5,1039260,14:35:00,74.4,1934010,14:59:00,80.8,2535110,15:04:00,80.8,2535110,15:04:00,80.8,2535110,15:04:00
201605030310,201606110510,2016-06-11,15:10:00,15,14.6,786320,14:06:00,15.5,1039260,14:35:00,16.0,1934010,14:59:00,17.2,2535110,15:04:00,17.2,2535110,15:04:00,17.2,2535110,15:04:00
201605030310,201606110510,2016-06-11,15:10:00,16,35.4,786320,14:06:00,39.4,1039260,14:35:00,47.4,1934010,14:59:00,37.5,2535110,15:04:00,37.5,2535110,15:04:00,37.5,2535110,15:04:00
201605030311,201606110511,2016-06-11,15:45:00,01,8.2,2160540,14:45:00,8.3,2632040,15:12:00,8.3,4248120,15:34:00,8.3,5064110,15:39:00,8.3,5064110,15:39:00,8.3,5064110,15:39:00
201605030311,201606110511,2016-06-11,15:45:00,02,12.7,2160540,14:45:00,13.9,2632040,15:12:00,15.3,4248120,15:34:00,15.1,5064110,15:39:00,15.1,5064110,15:39:00,15.1,5064110,15:39:00
201605030311,201606110511,2016-06-11,15:45:00,03,14.0,2160540,14:45:00,13.7,2632040,15:12:00,15.0,4248120,15:34:00,15.6,5064110,15:39:00,15.6,5064110,15:39:00,15.6,5064110,15:39:00
201605030311,201606110511,2016-06-11,15:45:00,04,26.8,2160540,14:45:00,28.1,2632040,15:12:00,25.0,4248120,15:34:00,25.6,5064110,15:39:00,25.6,5064110,15:39:00,25.6,5064110,15:39:00
201605030311,201606110511,2016-06-11,15:45:00,05,3.7,2160540,14:45:00,3.6,2632040,15:12:00,3.4,4248120,15:34:00,3.6,5064110,15:39:00,3.6,5064110,15:39:00,3.6,5064110,15:39:00
201605030311,201606110511,2016-06-11,15:45:00,06,60.2,2160540,14:45:00,59.2,2632040,15:12:00,65.4,4248120,15:34:00,73.4,5064110,15:39:00,73.4,5064110,15:39:00,73.4,5064110,15:39:00
201605030311,201606110511,2016-06-11,15:45:00,07,9.0,2160540,14:45:00,9.3,2632040,15:12:00,9.6,4248120,15:34:00,9.3,5064110,15:39:00,9.3,5064110,15:39:00,9.3,5064110,15:39:00
201605030311,201606110511,2016-06-11,15:45:00,08,23.7,2160540,14:45:00,24.3,2632040,15:12:00,27.3,4248120,15:34:00,25.7,5064110,15:39:00,25.7,5064110,15:39:00,25.7,5064110,15:39:00
201605030311,201606110511,2016-06-11,15:45:00,09,4.9,2160540,14:45:00,4.5,2632040,15:12:00,4.3,4248120,15:34:00,3.9,5064110,15:39:00,3.9,5064110,15:39:00,3.9,5064110,15:39:00
201605030311,201606110511,2016-06-11,15:45:00,10,36.4,2160540,14:45:00,38.4,2632040,15:12:00,43.3,4248120,15:34:00,45.6,5064110,15:39:00,45.6,5064110,15:39:00,45.6,5064110,15:39:00
201605030311,201606110511,2016-06-11,15:45:00,11,75.0,2160540,14:45:00,76.6,2632040,15:12:00,80.0,4248120,15:34:00,85.9,5064110,15:39:00,85.9,5064110,15:39:00,85.9,5064110,15:39:00
201605030311,201606110511,2016-06-11,15:45:00,12,80.0,2160540,14:45:00,76.5,2632040,15:12:00,82.1,4248120,15:34:00,89.9,5064110,15:39:00,89.9,5064110,15:39:00,89.9,5064110,15:39:00
201605030311,201606110511,2016-06-11,15:45:00,13,6.6,2160540,14:45:00,7.0,2632040,15:12:00,6.9,4248120,15:34:00,7.1,5064110,15:39:00,7.1,5064110,15:39:00,7.1,5064110,15:39:00
201605030311,201606110511,2016-06-11,15:45:00,14,154.1,2160540,14:45:00,162.4,2632040,15:12:00,145.6,4248120,15:34:00,149.3,5064110,15:39:00,149.3,5064110,15:39:00,149.3,5064110,15:39:00
201605030311,201606110511,2016-06-11,15:45:00,15,10.4,2160540,14:45:00,11.2,2632040,15:12:00,11.4,4248120,15:34:00,12.2,5064110,15:39:00,12.2,5064110,15:39:00,12.2,5064110,15:39:00
201605030312,201606110512,2016-06-11,16:25:00,01,8.0,637680,15:25:00,7.3,827670,15:51:00,5.9,2275150,16:14:00,6.0,3306390,16:19:00,6.0,3306390,16:19:00,6.0,3306390,16:19:00
201605030312,201606110512,2016-06-11,16:25:00,02,67.1,637680,15:25:00,69.1,827670,15:51:00,90.8,2275150,16:14:00,101.2,3306390,16:19:00,101.2,3306390,16:19:00,101.2,3306390,16:19:00
201605030312,201606110512,2016-06-11,16:25:00,03,111.1,637680,15:25:00,114.7,827670,15:51:00,137.3,2275150,16:14:00,163.4,3306390,16:19:00,163.4,3306390,16:19:00,163.4,3306390,16:19:00
201605030312,201606110512,2016-06-11,16:25:00,04,5.5,637680,15:25:00,4.9,827670,15:51:00,5.6,2275150,16:14:00,5.5,3306390,16:19:00,5.5,3306390,16:19:00,5.5,3306390,16:19:00
201605030312,201606110512,2016-06-11,16:25:00,05,10.2,637680,15:25:00,11.3,827670,15:51:00,15.0,2275150,16:14:00,15.1,3306390,16:19:00,15.1,3306390,16:19:00,15.1,3306390,16:19:00
201605030312,201606110512,2016-06-11,16:25:00,06,133.5,637680,15:25:00,144.2,827670,15:51:00,167.2,2275150,16:14:00,221.3,3306390,16:19:00,221.3,3306390,16:19:00,221.3,3306390,16:19:00
201605030312,201606110512,2016-06-11,16:25:00,07,96.2,637680,15:25:00,105.9,827670,15:51:00,118.0,2275150,16:14:00,151.4,3306390,16:19:00,151.4,3306390,16:19:00,151.4,3306390,16:19:00
201605030312,201606110512,2016-06-11,16:25:00,08,12.3,637680,15:25:00,14.0,827670,15:51:00,18.5,2275150,16:14:00,21.7,3306390,16:19:00,21.7,3306390,16:19:00,21.7,3306390,16:19:00
201605030312,201606110512,2016-06-11,16:25:00,09,7.1,637680,15:25:00,7.2,827670,15:51:00,6.8,2275150,16:14:00,6.6,3306390,16:19:00,6.6,3306390,16:19:00,6.6,3306390,16:19:00
201605030312,201606110512,2016-06-11,16:25:00,10,16.1,637680,15:25:00,15.8,827670,15:51:00,10.6,2275150,16:14:00,10.7,3306390,16:19:00,10.7,3306390,16:19:00,10.7,3306390,16:19:00
201605030312,201606110512,2016-06-11,16:25:00,11,10.3,637680,15:25:00,11.1,827670,15:51:00,11.7,2275150,16:14:00,10.9,3306390,16:19:00,10.9,3306390,16:19:00,10.9,3306390,16:19:00
201605030312,201606110512,2016-06-11,16:25:00,12,4.4,637680,15:25:00,4.4,827670,15:51:00,4.1,2275150,16:14:00,3.7,3306390,16:19:00,3.7,3306390,16:19:00,3.7,3306390,16:19:00
201605030312,201606110512,2016-06-11,16:25:00,13,7.9,637680,15:25:00,8.0,827670,15:51:00,7.6,2275150,16:14:00,8.3,3306390,16:19:00,8.3,3306390,16:19:00,8.3,3306390,16:19:00
201605030312,201606110512,2016-06-11,16:25:00,14,50.2,637680,15:25:00,54.3,827670,15:51:00,68.1,2275150,16:14:00,76.2,3306390,16:19:00,76.2,3306390,16:19:00,76.2,3306390,16:19:00
201605030312,201606110512,2016-06-11,16:25:00,15,37.4,637680,15:25:00,43.3,827670,15:51:00,55.4,2275150,16:14:00,60.2,3306390,16:19:00,60.2,3306390,16:19:00,60.2,3306390,16:19:00
201605030312,201606110512,2016-06-11,16:25:00,16,224.7,637680,15:25:00,247.0,827670,15:51:00,228.9,2275150,16:14:00,276.9,3306390,16:19:00,276.9,3306390,16:19:00,276.9,3306390,16:19:00
201605030312,201606110512,2016-06-11,16:25:00,17,121.7,637680,15:25:00,134.8,827670,15:51:00,205.8,2275150,16:14:00,260.8,3306390,16:19:00,260.8,3306390,16:19:00,260.8,3306390,16:19:00
201605030312,201606110512,2016-06-11,16:25:00,18,53.2,637680,15:25:00,58.3,827670,15:51:00,85.3,2275150,16:14:00,104.9,3306390,16:19:00,104.9,3306390,16:19:00,104.9,3306390,16:19:00
201605030401,201606120501,2016-06-12,10:10:00,01,2.2,402860,09:10:00,2.3,675240,09:40:00,2.5,1310840,09:59:00,2.5,1965480,10:04:00,2.5,1965480,10:04:00,2.5,1965480,10:04:00
201605030401,201606120501,2016-06-12,10:10:00,02,126.3,402860,09:10:00,116.1,675240,09:40:00,130.2,1310840,09:59:00,134.3,1965480,10:04:00,134.3,1965480,10:04:00,134.3,1965480,10:04:00
201605030401,201606120501,2016-06-12,10:10:00,03,115.9,402860,09:10:00,132.7,675240,09:40:00,169.4,1310840,09:59:00,214.2,1965480,10:04:00,214.2,1965480,10:04:00,214.2,1965480,10:04:00
201605030401,201606120501,2016-06-12,10:10:00,04,6.7,402860,09:10:00,6.3,675240,09:40:00,4.9,1310840,09:59:00,4.9,1965480,10:04:00,4.9,1965480,10:04:00,4.9,1965480,10:04:00
201605030401,201606120501,2016-06-12,10:10:00,05,24.4,402860,09:10:00,23.9,675240,09:40:00,18.0,1310840,09:59:00,19.7,1965480,10:04:00,19.7,1965480,10:04:00,19.7,1965480,10:04:00
201605030401,201606120501,2016-06-12,10:10:00,06,8.8,402860,09:10:00,10.6,675240,09:40:00,12.6,1310840,09:59:00,12.0,1965480,10:04:00,12.0,1965480,10:04:00,12.0,1965480,10:04:00
201605030401,201606120501,2016-06-12,10:10:00,07,138.9,402860,09:10:00,166.2,675240,09:40:00,221.7,1310840,09:59:00,262.5,1965480,10:04:00,262.5,1965480,10:04:00,262.5,1965480,10:04:00
201605030401,201606120501,2016-06-12,10:10:00,08,4.8,402860,09:10:00,4.1,675240,09:40:00,4.1,1310840,09:59:00,3.8,1965480,10:04:00,3.8,1965480,10:04:00,3.8,1965480,10:04:00
201605030401,201606120501,2016-06-12,10:10:00,09,202.6,402860,09:10:00,214.3,675240,09:40:00,242.1,1310840,09:59:00,289.0,1965480,10:04:00,289.0,1965480,10:04:00,289.0,1965480,10:04:00
201605030401,201606120501,2016-06-12,10:10:00,10,7.8,402860,09:10:00,8.2,675240,09:40:00,7.7,1310840,09:59:00,7.4,1965480,10:04:00,7.4,1965480,10:04:00,7.4,1965480,10:04:00
201605030401,201606120501,2016-06-12,10:10:00,11,133.7,402860,09:10:00,92.9,675240,09:40:00,100.8,1310840,09:59:00,114.8,1965480,10:04:00,114.8,1965480,10:04:00,114.8,1965480,10:04:00
201605030401,201606120501,2016-06-12,10:10:00,12,26.4,402860,09:10:00,26.5,675240,09:40:00,37.3,1310840,09:59:00,47.0,1965480,10:04:00,47.0,1965480,10:04:00,47.0,1965480,10:04:00
201605030401,201606120501,2016-06-12,10:10:00,13,97.6,402860,09:10:00,100.9,675240,09:40:00,76.7,1310840,09:59:00,79.6,1965480,10:04:00,79.6,1965480,10:04:00,79.6,1965480,10:04:00
201605030401,201606120501,2016-06-12,10:10:00,14,96.4,402860,09:10:00,87.5,675240,09:40:00,89.0,1310840,09:59:00,107.6,1965480,10:04:00,107.6,1965480,10:04:00,107.6,1965480,10:04:00
201605030401,201606120501,2016-06-12,10:10:00,15,37.3,402860,09:10:00,39.8,675240,09:40:00,42.2,1310840,09:59:00,52.6,1965480,10:04:00,52.6,1965480,10:04:00,52.6,1965480,10:04:00
201605030401,201606120501,2016-06-12,10:10:00,16,21.9,402860,09:10:00,23.7,675240,09:40:00,27.0,1310840,09:59:00,27.9,1965480,10:04:00,27.9,1965480,10:04:00,27.9,1965480,10:04:00
201605030402,201606120502,2016-06-12,10:40:00,01,17.5,265640,09:36:00,14.8,417830,10:09:00,18.6,881150,10:29:00,22.8,1637890,10:34:00,22.8,1637890,10:34:00,22.8,1637890,10:34:00
201605030402,201606120502,2016-06-12,10:40:00,02,79.8,265640,09:36:00,87.5,417830,10:09:00,106.1,881150,10:29:00,136.6,1637890,10:34:00,136.6,1637890,10:34:00,136.6,1637890,10:34:00
201605030402,201606120502,2016-06-12,10:40:00,03,83.3,265640,09:36:00,78.4,417830,10:09:00,51.2,881150,10:29:00,61.8,1637890,10:34:00,61.8,1637890,10:34:00,61.8,1637890,10:34:00
201605030402,201606120502,2016-06-12,10:40:00,04,11.7,265640,09:36:00,12.9,417830,10:09:00,14.8,881150,10:29:00,16.4,1637890,10:34:00,16.4,1637890,10:34:00,16.4,1637890,10:34:00
201605030402,201606120502,2016-06-12,10:40:00,05,19.6,265640,09:36:00,18.0,417830,10:09:00,19.8,881150,10:29:00,19.3,1637890,10:34:00,19.3,1637890,10:34:00,19.3,1637890,10:34:00
201605030402,201606120502,2016-06-12,10:40:00,06,85.0,265640,09:36:00,85.9,417830,10:09:00,65.5,881150,10:29:00,79.7,1637890,10:34:00,79.7,1637890,10:34:00,79.7,1637890,10:34:00
201605030402,201606120502,2016-06-12,10:40:00,07,18.6,265640,09:36:00,19.3,417830,10:09:00,18.4,881150,10:29:00,15.0,1637890,10:34:00,15.0,1637890,10:34:00,15.0,1637890,10:34:00
201605030402,201606120502,2016-06-12,10:40:00,08,7.1,265640,09:36:00,6.9,417830,10:09:00,6.3,881150,10:29:00,6.9,1637890,10:34:00,6.9,1637890,10:34:00,6.9,1637890,10:34:00
201605030402,201606120502,2016-06-12,10:40:00,09,2.8,265640,09:36:00,3.1,417830,10:09:00,2.4,881150,10:29:00,2.1,1637890,10:34:00,2.1,1637890,10:34:00,2.1,1637890,10:34:00
201605030402,201606120502,2016-06-12,10:40:00,10,31.7,265640,09:36:00,30.3,417830,10:09:00,29.2,881150,10:29:00,32.7,1637890,10:34:00,32.7,1637890,10:34:00,32.7,1637890,10:34:00
201605030402,201606120502,2016-06-12,10:40:00,11,38.9,265640,09:36:00,49.0,417830,10:09:00,66.6,881150,10:29:00,82.0,1637890,10:34:00,82.0,1637890,10:34:00,82.0,1637890,10:34:00
201605030402,201606120502,2016-06-12,10:40:00,12,4.1,265640,09:36:00,4.1,417830,10:09:00,5.7,881150,10:29:00,6.7,1637890,10:34:00,6.7,1637890,10:34:00,6.7,1637890,10:34:00
201605030402,201606120502,2016-06-12,10:40:00,13,20.1,265640,09:36:00,21.9,417830,10:09:00,20.8,881150,10:29:00,20.1,1637890,10:34:00,20.1,1637890,10:34:00,20.1,1637890,10:34:00
201605030402,201606120502,2016-06-12,10:40:00,14,272.4,265640,09:36:00,206.3,417830,10:09:00,234.9,881150,10:29:00,289.8,1637890,10:34:00,289.8,1637890,10:34:00,289.8,1637890,10:34:00
201605030402,201606120502,2016-06-12,10:40:00,15,14.1,265640,09:36:00,15.4,417830,10:09:00,14.9,881150,10:29:00,12.2,1637890,10:34:00,12.2,1637890,10:34:00,12.2,1637890,10:34:00
201605030402,201606120502,2016-06-12,10:40:00,16,18.1,265640,09:36:00,10.4,417830,10:09:00,14.6,881150,10:29:00,18.5,1637890,10:34:00,18.5,1637890,10:34:00,18.5,1637890,10:34:00
201605030403,201606120503,2016-06-12,11:10:00,01,17.3,388340,10:09:00,17.3,537850,10:40:00,16.4,1117430,10:59:00,12.2,1841820,11:04:00,12.2,1841820,11:04:00,12.2,1841820,11:04:00
201605030403,201606120503,2016-06-12,11:10:00,02,36.3,388340,10:09:00,41.1,537850,10:40:00,43.6,1117430,10:59:00,48.3,1841820,11:04:00,48.3,1841820,11:04:00,48.3,1841820,11:04:00
201605030403,201606120503,2016-06-12,11:10:00,03,39.1,388340,10:09:00,39.0,537850,10:40:00,30.8,1117430,10:59:00,29.5,1841820,11:04:00,29.5,1841820,11:04:00,29.5,1841820,11:04:00
201605030403,201606120503,2016-06-12,11:10:00,04,18.9,388340,10:09:00,20.6,537850,10:40:00,24.3,1117430,10:59:00,25.4,1841820,11:04:00,25.4,1841820,11:04:00,25.4,1841820,11:04:00
201605030403,201606120503,2016-06-12,11:10:00,05,92.7,388340,10:09:00,109.7,537850,10:40:00,153.3,1117430,10:59:00,175.8,1841820,11:04:00,175.8,1841820,11:04:00,175.8,1841820,11:04:00
201605030403,201606120503,2016-06-12,11:10:00,06,24.2,388340,10:09:00,26.3,537850,10:40:00,23.1,1117430,10:59:00,24.2,1841820,11:04:00,24.2,1841820,11:04:00,24.2,1841820,11:04:00
201605030403,201606120503,2016-06-12,11:10:00,07,77.2,388340,10:09:00,96.6,537850,10:40:00,135.0,1117430,10:59:00,168.7,1841820,11:04:00,168.7,1841820,11:04:00,168.7,1841820,11:04:00
201605030403,201606120503,2016-06-12,11:10:00,08,82.1,388340,10:09:00,89.8,537850,10:40:00,110.3,1117430,10:59:00,88.6,1841820,11:04:00,88.6,1841820,11:04:00,88.6,1841820,11:04:00
201605030403,201606120503,2016-06-12,11:10:00,09,35.9,388340,10:09:00,38.3,537850,10:40:00,35.8,1117430,10:59:00,39.8,1841820,11:04:00,39.8,1841820,11:04:00,39.8,1841820,11:04:00
201605030403,201606120503,2016-06-12,11:10:00,10,1.3,388340,10:09:00,1.2,537850,10:40:00,1.2,1117430,10:59:00,1.2,1841820,11:04:00,1.2,1841820,11:04:00,1.2,1841820,11:04:00
201605030403,201606120503,2016-06-12,11:10:00,11,101.5,388340,10:09:00,123.2,537850,10:40:00,167.0,1117430,10:59:00,198.3,1841820,11:04:00,198.3,1841820,11:04:00,198.3,1841820,11:04:00
201605030403,201606120503,2016-06-12,11:10:00,12,7.8,388340,10:09:00,8.9,537850,10:40:00,11.9,1117430,10:59:00,12.9,1841820,11:04:00,12.9,1841820,11:04:00,12.9,1841820,11:04:00
201605030403,201606120503,2016-06-12,11:10:00,13,59.1,388340,10:09:00,63.2,537850,10:40:00,83.3,1117430,10:59:00,87.4,1841820,11:04:00,87.4,1841820,11:04:00,87.4,1841820,11:04:00
201605030403,201606120503,2016-06-12,11:10:00,14,64.7,388340,10:09:00,74.3,537850,10:40:00,83.3,1117430,10:59:00,94.8,1841820,11:04:00,94.8,1841820,11:04:00,94.8,1841820,11:04:00
201605030403,201606120503,2016-06-12,11:10:00,15,24.1,388340,10:09:00,25.2,537850,10:40:00,18.6,1117430,10:59:00,15.3,1841820,11:04:00,15.3,1841820,11:04:00,15.3,1841820,11:04:00
201605030403,201606120503,2016-06-12,11:10:00,16,171.6,388340,10:09:00,211.9,537850,10:40:00,312.5,1117430,10:59:00,362.9,1841820,11:04:00,362.9,1841820,11:04:00,362.9,1841820,11:04:00
201605030404,201606120504,2016-06-12,11:40:00,01,56.3,385250,10:34:00,58.2,518910,11:09:00,56.5,1111000,11:29:00,69.9,1767810,11:34:00,69.9,1767810,11:34:00,69.9,1767810,11:34:00
201605030404,201606120504,2016-06-12,11:40:00,02,131.7,385250,10:34:00,148.7,518910,11:09:00,128.2,1111000,11:29:00,160.5,1767810,11:34:00,160.5,1767810,11:34:00,160.5,1767810,11:34:00
201605030404,201606120504,2016-06-12,11:40:00,03,112.4,385250,10:34:00,106.9,518910,11:09:00,121.9,1111000,11:29:00,147.7,1767810,11:34:00,147.7,1767810,11:34:00,147.7,1767810,11:34:00
201605030404,201606120504,2016-06-12,11:40:00,04,130.0,385250,10:34:00,132.6,518910,11:09:00,142.2,1111000,11:29:00,177.8,1767810,11:34:00,177.8,1767810,11:34:00,177.8,1767810,11:34:00
201605030404,201606120504,2016-06-12,11:40:00,05,69.8,385250,10:34:00,67.3,518910,11:09:00,67.5,1111000,11:29:00,75.3,1767810,11:34:00,75.3,1767810,11:34:00,75.3,1767810,11:34:00
201605030404,201606120504,2016-06-12,11:40:00,06,13.9,385250,10:34:00,14.0,518910,11:09:00,14.2,1111000,11:29:00,13.6,1767810,11:34:00,13.6,1767810,11:34:00,13.6,1767810,11:34:00
201605030404,201606120504,2016-06-12,11:40:00,07,78.4,385250,10:34:00,90.4,518910,11:09:00,123.7,1111000,11:29:00,166.3,1767810,11:34:00,166.3,1767810,11:34:00,166.3,1767810,11:34:00
201605030404,201606120504,2016-06-12,11:40:00,08,36.0,385250,10:34:00,38.7,518910,11:09:00,35.8,1111000,11:29:00,37.2,1767810,11:34:00,37.2,1767810,11:34:00,37.2,1767810,11:34:00
201605030404,201606120504,2016-06-12,11:40:00,09,4.4,385250,10:34:00,4.1,518910,11:09:00,3.8,1111000,11:29:00,3.2,1767810,11:34:00,3.2,1767810,11:34:00,3.2,1767810,11:34:00
201605030404,201606120504,2016-06-12,11:40:00,10,2.8,385250,10:34:00,3.0,518910,11:09:00,3.3,1111000,11:29:00,3.8,1767810,11:34:00,3.8,1767810,11:34:00,3.8,1767810,11:34:00
201605030404,201606120504,2016-06-12,11:40:00,11,14.2,385250,10:34:00,14.7,518910,11:09:00,16.7,1111000,11:29:00,18.1,1767810,11:34:00,18.1,1767810,11:34:00,18.1,1767810,11:34:00
201605030404,201606120504,2016-06-12,11:40:00,12,5.8,385250,10:34:00,6.5,518910,11:09:00,8.4,1111000,11:29:00,8.4,1767810,11:34:00,8.4,1767810,11:34:00,8.4,1767810,11:34:00
201605030404,201606120504,2016-06-12,11:40:00,13,142.6,385250,10:34:00,125.4,518910,11:09:00,127.7,1111000,11:29:00,160.7,1767810,11:34:00,160.7,1767810,11:34:00,160.7,1767810,11:34:00
201605030404,201606120504,2016-06-12,11:40:00,14,30.0,385250,10:34:00,28.6,518910,11:09:00,23.8,1111000,11:29:00,24.6,1767810,11:34:00,24.6,1767810,11:34:00,24.6,1767810,11:34:00
201605030404,201606120504,2016-06-12,11:40:00,15,7.6,385250,10:34:00,6.4,518910,11:09:00,5.1,1111000,11:29:00,5.0,1767810,11:34:00,5.0,1767810,11:34:00,5.0,1767810,11:34:00
201605030404,201606120504,2016-06-12,11:40:00,16,11.8,385250,10:34:00,12.0,518910,11:09:00,10.1,1111000,11:29:00,9.6,1767810,11:34:00,9.6,1767810,11:34:00,9.6,1767810,11:34:00
201605030404,201606120504,2016-06-12,11:40:00,17,195.0,385250,10:34:00,220.8,518910,11:09:00,212.1,1111000,11:29:00,281.1,1767810,11:34:00,281.1,1767810,11:34:00,281.1,1767810,11:34:00
201605030404,201606120504,2016-06-12,11:40:00,18,211.0,385250,10:34:00,237.2,518910,11:09:00,244.8,1111000,11:29:00,314.2,1767810,11:34:00,314.2,1767810,11:34:00,314.2,1767810,11:34:00
201605030405,201606120505,2016-06-12,12:30:00,01,35.5,841830,11:26:00,40.1,1442480,12:00:00,36.9,2309230,12:19:00,43.2,3440270,12:24:00,43.2,3440270,12:24:00,43.2,3440270,12:24:00
201605030405,201606120505,2016-06-12,12:30:00,02,27.3,841830,11:26:00,18.8,1442480,12:00:00,18.3,2309230,12:19:00,17.7,3440270,12:24:00,17.7,3440270,12:24:00,17.7,3440270,12:24:00
201605030405,201606120505,2016-06-12,12:30:00,03,14.2,841830,11:26:00,15.7,1442480,12:00:00,18.0,2309230,12:19:00,22.2,3440270,12:24:00,22.2,3440270,12:24:00,22.2,3440270,12:24:00
201605030405,201606120505,2016-06-12,12:30:00,04,4.4,841830,11:26:00,4.4,1442480,12:00:00,4.6,2309230,12:19:00,4.4,3440270,12:24:00,4.4,3440270,12:24:00,4.4,3440270,12:24:00
201605030405,201606120505,2016-06-12,12:30:00,05,81.7,841830,11:26:00,88.4,1442480,12:00:00,95.4,2309230,12:19:00,118.1,3440270,12:24:00,118.1,3440270,12:24:00,118.1,3440270,12:24:00
201605030405,201606120505,2016-06-12,12:30:00,06,24.2,841830,11:26:00,28.6,1442480,12:00:00,34.9,2309230,12:19:00,37.0,3440270,12:24:00,37.0,3440270,12:24:00,37.0,3440270,12:24:00
201605030405,201606120505,2016-06-12,12:30:00,07,2.2,841830,11:26:00,2.6,1442480,12:00:00,2.4,2309230,12:19:00,2.4,3440270,12:24:00,2.4,3440270,12:24:00,2.4,3440270,12:24:00
201605030405,201606120505,2016-06-12,12:30:00,08,151.5,841830,11:26:00,127.7,1442480,12:00:00,133.4,2309230,12:19:00,165.4,3440270,12:24:00,165.4,3440270,12:24:00,165.4,3440270,12:24:00
201605030405,201606120505,2016-06-12,12:30:00,09,6.9,841830,11:26:00,4.8,1442480,12:00:00,5.2,2309230,12:19:00,5.2,3440270,12:24:00,5.2,3440270,12:24:00,5.2,3440270,12:24:00
201605030405,201606120505,2016-06-12,12:30:00,10,20.4,841830,11:26:00,21.2,1442480,12:00:00,24.8,2309230,12:19:00,28.0,3440270,12:24:00,28.0,3440270,12:24:00,28.0,3440270,12:24:00
201605030405,201606120505,2016-06-12,12:30:00,11,70.7,841830,11:26:00,58.4,1442480,12:00:00,51.4,2309230,12:19:00,55.9,3440270,12:24:00,55.9,3440270,12:24:00,55.9,3440270,12:24:00
201605030405,201606120505,2016-06-12,12:30:00,12,8.2,841830,11:26:00,8.2,1442480,12:00:00,7.4,2309230,12:19:00,6.9,3440270,12:24:00,6.9,3440270,12:24:00,6.9,3440270,12:24:00
201605030406,201606120506,2016-06-12,13:00:00,01,34.4,605930,11:57:00,33.3,838640,12:30:00,30.6,1660710,12:49:00,34.5,2857000,12:54:00,34.5,2857000,12:54:00,34.5,2857000,12:54:00
201605030406,201606120506,2016-06-12,13:00:00,02,13.8,605930,11:57:00,14.9,838640,12:30:00,11.9,1660710,12:49:00,11.6,2857000,12:54:00,11.6,2857000,12:54:00,11.6,2857000,12:54:00
201605030406,201606120506,2016-06-12,13:00:00,03,121.9,605930,11:57:00,123.4,838640,12:30:00,143.4,1660710,12:49:00,179.9,2857000,12:54:00,179.9,2857000,12:54:00,179.9,2857000,12:54:00
201605030406,201606120506,2016-06-12,13:00:00,04,2.0,605930,11:57:00,1.9,838640,12:30:00,1.9,1660710,12:49:00,1.9,2857000,12:54:00,1.9,2857000,12:54:00,1.9,2857000,12:54:00
201605030406,201606120506,2016-06-12,13:00:00,05,87.8,605930,11:57:00,67.0,838640,12:30:00,96.4,1660710,12:49:00,135.3,2857000,12:54:00,135.3,2857000,12:54:00,135.3,2857000,12:54:00
201605030406,201606120506,2016-06-12,13:00:00,06,59.5,605930,11:57:00,59.8,838640,12:30:00,52.2,1660710,12:49:00,55.9,2857000,12:54:00,55.9,2857000,12:54:00,55.9,2857000,12:54:00
201605030406,201606120506,2016-06-12,13:00:00,07,48.5,605930,11:57:00,48.5,838640,12:30:00,49.1,1660710,12:49:00,52.3,2857000,12:54:00,52.3,2857000,12:54:00,52.3,2857000,12:54:00
201605030406,201606120506,2016-06-12,13:00:00,08,4.3,605930,11:57:00,4.8,838640,12:30:00,4.8,1660710,12:49:00,4.3,2857000,12:54:00,4.3,2857000,12:54:00,4.3,2857000,12:54:00
201605030406,201606120506,2016-06-12,13:00:00,09,39.2,605930,11:57:00,43.1,838640,12:30:00,41.6,1660710,12:49:00,47.2,2857000,12:54:00,47.2,2857000,12:54:00,47.2,2857000,12:54:00
201605030406,201606120506,2016-06-12,13:00:00,10,18.7,605930,11:57:00,19.3,838640,12:30:00,18.5,1660710,12:49:00,19.1,2857000,12:54:00,19.1,2857000,12:54:00,19.1,2857000,12:54:00
201605030406,201606120506,2016-06-12,13:00:00,11,12.3,605930,11:57:00,12.6,838640,12:30:00,12.5,1660710,12:49:00,14.2,2857000,12:54:00,14.2,2857000,12:54:00,14.2,2857000,12:54:00
201605030406,201606120506,2016-06-12,13:00:00,12,6.3,605930,11:57:00,6.8,838640,12:30:00,7.7,1660710,12:49:00,7.4,2857000,12:54:00,7.4,2857000,12:54:00,7.4,2857000,12:54:00
201605030407,201606120507,2016-06-12,13:30:00,01,27.4,531580,12:25:00,28.4,674190,12:56:00,21.7,1349210,13:19:00,17.6,2101750,13:24:00,17.6,2101750,13:24:00,17.6,2101750,13:24:00
201605030407,201606120507,2016-06-12,13:30:00,02,69.2,531580,12:25:00,75.9,674190,12:56:00,89.4,1349210,13:19:00,107.4,2101750,13:24:00,107.4,2101750,13:24:00,107.4,2101750,13:24:00
201605030407,201606120507,2016-06-12,13:30:00,03,259.3,531580,12:25:00,279.4,674190,12:56:00,195.8,1349210,13:19:00,263.9,2101750,13:24:00,263.9,2101750,13:24:00,263.9,2101750,13:24:00
201605030407,201606120507,2016-06-12,13:30:00,04,51.3,531580,12:25:00,59.0,674190,12:56:00,72.8,1349210,13:19:00,96.4,2101750,13:24:00,96.4,2101750,13:24:00,96.4,2101750,13:24:00
201605030407,201606120507,2016-06-12,13:30:00,05,39.0,531580,12:25:00,36.0,674190,12:56:00,38.5,1349210,13:19:00,32.5,2101750,13:24:00,32.5,2101750,13:24:00,32.5,2101750,13:24:00
201605030407,201606120507,2016-06-12,13:30:00,06,6.0,531580,12:25:00,5.5,674190,12:56:00,4.4,1349210,13:19:00,4.4,2101750,13:24:00,4.4,2101750,13:24:00,4.4,2101750,13:24:00
201605030407,201606120507,2016-06-12,13:30:00,07,4.0,531580,12:25:00,4.2,674190,12:56:00,4.0,1349210,13:19:00,3.7,2101750,13:24:00,3.7,2101750,13:24:00,3.7,2101750,13:24:00
201605030407,201606120507,2016-06-12,13:30:00,08,17.8,531580,12:25:00,18.7,674190,12:56:00,20.1,1349210,13:19:00,21.0,2101750,13:24:00,21.0,2101750,13:24:00,21.0,2101750,13:24:00
201605030407,201606120507,2016-06-12,13:30:00,09,2.7,531580,12:25:00,2.7,674190,12:56:00,3.5,1349210,13:19:00,3.8,2101750,13:24:00,3.8,2101750,13:24:00,3.8,2101750,13:24:00
201605030407,201606120507,2016-06-12,13:30:00,10,12.9,531580,12:25:00,11.3,674190,12:56:00,12.0,1349210,13:19:00,13.1,2101750,13:24:00,13.1,2101750,13:24:00,13.1,2101750,13:24:00
201605030407,201606120507,2016-06-12,13:30:00,11,24.5,531580,12:25:00,25.6,674190,12:56:00,30.5,1349210,13:19:00,32.8,2101750,13:24:00,32.8,2101750,13:24:00,32.8,2101750,13:24:00
201605030407,201606120507,2016-06-12,13:30:00,12,141.2,531580,12:25:00,152.3,674190,12:56:00,158.4,1349210,13:19:00,208.8,2101750,13:24:00,208.8,2101750,13:24:00,208.8,2101750,13:24:00
201605030407,201606120507,2016-06-12,13:30:00,13,61.6,531580,12:25:00,66.7,674190,12:56:00,81.2,1349210,13:19:00,89.6,2101750,13:24:00,89.6,2101750,13:24:00,89.6,2101750,13:24:00
201605030407,201606120507,2016-06-12,13:30:00,14,172.8,531580,12:25:00,185.3,674190,12:56:00,198.4,1349210,13:19:00,247.6,2101750,13:24:00,247.6,2101750,13:24:00,247.6,2101750,13:24:00
201605030407,201606120507,2016-06-12,13:30:00,15,5.7,531580,12:25:00,6.3,674190,12:56:00,4.9,1349210,13:19:00,4.7,2101750,13:24:00,4.7,2101750,13:24:00,4.7,2101750,13:24:00
201605030407,201606120507,2016-06-12,13:30:00,16,144.6,531580,12:25:00,146.5,674190,12:56:00,168.6,1349210,13:19:00,212.2,2101750,13:24:00,212.2,2101750,13:24:00,212.2,2101750,13:24:00
201605030408,201606120508,2016-06-12,14:01:00,01,32.6,607840,12:57:00,33.7,771040,13:27:00,27.7,1474920,13:50:00,36.2,2229860,13:55:00,36.2,2229860,13:55:00,36.2,2229860,13:55:00
201605030408,201606120508,2016-06-12,14:01:00,02,18.4,607840,12:57:00,18.3,771040,13:27:00,12.3,1474920,13:50:00,13.1,2229860,13:55:00,13.1,2229860,13:55:00,13.1,2229860,13:55:00
201605030408,201606120508,2016-06-12,14:01:00,03,17.2,607840,12:57:00,17.0,771040,13:27:00,18.2,1474920,13:50:00,22.1,2229860,13:55:00,22.1,2229860,13:55:00,22.1,2229860,13:55:00
201605030408,201606120508,2016-06-12,14:01:00,04,70.9,607840,12:57:00,62.6,771040,13:27:00,77.0,1474920,13:50:00,78.5,2229860,13:55:00,78.5,2229860,13:55:00,78.5,2229860,13:55:00
201605030408,201606120508,2016-06-12,14:01:00,05,71.1,607840,12:57:00,67.0,771040,13:27:00,79.6,1474920,13:50:00,95.7,2229860,13:55:00,95.7,2229860,13:55:00,95.7,2229860,13:55:00
201605030408,201606120508,2016-06-12,14:01:00,06,89.7,607840,12:57:00,97.7,771040,13:27:00,115.1,1474920,13:50:00,155.1,2229860,13:55:00,155.1,2229860,13:55:00,155.1,2229860,13:55:00
201605030408,201606120508,2016-06-12,14:01:00,07,14.2,607840,12:57:00,12.3,771040,13:27:00,12.4,1474920,13:50:00,11.0,2229860,13:55:00,11.0,2229860,13:55:00,11.0,2229860,13:55:00
201605030408,201606120508,2016-06-12,14:01:00,08,62.7,607840,12:57:00,65.1,771040,13:27:00,76.1,1474920,13:50:00,100.1,2229860,13:55:00,100.1,2229860,13:55:00,100.1,2229860,13:55:00
201605030408,201606120508,2016-06-12,14:01:00,09,1.2,607840,12:57:00,1.2,771040,13:27:00,1.3,1474920,13:50:00,1.2,2229860,13:55:00,1.2,2229860,13:55:00,1.2,2229860,13:55:00
201605030408,201606120508,2016-06-12,14:01:00,10,27.8,607840,12:57:00,32.2,771040,13:27:00,42.8,1474920,13:50:00,58.3,2229860,13:55:00,58.3,2229860,13:55:00,58.3,2229860,13:55:00
201605030408,201606120508,2016-06-12,14:01:00,11,61.1,607840,12:57:00,63.6,771040,13:27:00,66.2,1474920,13:50:00,87.6,2229860,13:55:00,87.6,2229860,13:55:00,87.6,2229860,13:55:00
201605030408,201606120508,2016-06-12,14:01:00,12,7.4,607840,12:57:00,7.6,771040,13:27:00,7.8,1474920,13:50:00,8.4,2229860,13:55:00,8.4,2229860,13:55:00,8.4,2229860,13:55:00
201605030408,201606120508,2016-06-12,14:01:00,13,45.1,607840,12:57:00,47.8,771040,13:27:00,47.2,1474920,13:50:00,53.8,2229860,13:55:00,53.8,2229860,13:55:00,53.8,2229860,13:55:00
201605030409,201606120509,2016-06-12,14:35:00,01,8.2,1022130,13:33:00,8.1,1353660,14:03:00,5.9,2572620,14:24:00,6.1,3048540,14:29:00,6.1,3048540,14:29:00,6.1,3048540,14:29:00
201605030409,201606120509,2016-06-12,14:35:00,02,12.8,1022130,13:33:00,12.1,1353660,14:03:00,15.5,2572620,14:24:00,16.8,3048540,14:29:00,16.8,3048540,14:29:00,16.8,3048540,14:29:00
201605030409,201606120509,2016-06-12,14:35:00,03,36.8,1022130,13:33:00,42.3,1353660,14:03:00,51.5,2572620,14:24:00,54.5,3048540,14:29:00,54.5,3048540,14:29:00,54.5,3048540,14:29:00
201605030409,201606120509,2016-06-12,14:35:00,04,16.2,1022130,13:33:00,19.0,1353660,14:03:00,24.5,2572620,14:24:00,24.4,3048540,14:29:00,24.4,3048540,14:29:00,24.4,3048540,14:29:00
201605030409,201606120509,2016-06-12,14:35:00,05,155.1,1022130,13:33:00,169.7,1353660,14:03:00,188.1,2572620,14:24:00,196.3,3048540,14:29:00,196.3,3048540,14:29:00,196.3,3048540,14:29:00
201605030409,201606120509,2016-06-12,14:35:00,06,55.5,1022130,13:33:00,60.7,1353660,14:03:00,57.4,2572620,14:24:00,55.2,3048540,14:29:00,55.2,3048540,14:29:00,55.2,3048540,14:29:00
201605030409,201606120509,2016-06-12,14:35:00,07,28.1,1022130,13:33:00,30.6,1353660,14:03:00,32.2,2572620,14:24:00,33.5,3048540,14:29:00,33.5,3048540,14:29:00,33.5,3048540,14:29:00
201605030409,201606120509,2016-06-12,14:35:00,08,155.1,1022130,13:33:00,181.3,1353660,14:03:00,223.4,2572620,14:24:00,239.8,3048540,14:29:00,239.8,3048540,14:29:00,239.8,3048540,14:29:00
201605030409,201606120509,2016-06-12,14:35:00,09,81.3,1022130,13:33:00,86.9,1353660,14:03:00,133.4,2572620,14:24:00,159.1,3048540,14:29:00,159.1,3048540,14:29:00,159.1,3048540,14:29:00
201605030409,201606120509,2016-06-12,14:35:00,10,15.5,1022130,13:33:00,17.4,1353660,14:03:00,15.3,2572620,14:24:00,14.3,3048540,14:29:00,14.3,3048540,14:29:00,14.3,3048540,14:29:00
201605030409,201606120509,2016-06-12,14:35:00,11,21.7,1022130,13:33:00,23.5,1353660,14:03:00,27.2,2572620,14:24:00,24.5,3048540,14:29:00,24.5,3048540,14:29:00,24.5,3048540,14:29:00
201605030409,201606120509,2016-06-12,14:35:00,12,12.0,1022130,13:33:00,12.2,1353660,14:03:00,9.7,2572620,14:24:00,9.1,3048540,14:29:00,9.1,3048540,14:29:00,9.1,3048540,14:29:00
201605030409,201606120509,2016-06-12,14:35:00,13,146.2,1022130,13:33:00,173.8,1353660,14:03:00,210.6,2572620,14:24:00,225.8,3048540,14:29:00,225.8,3048540,14:29:00,225.8,3048540,14:29:00
201605030409,201606120509,2016-06-12,14:35:00,14,27.8,1022130,13:33:00,27.7,1353660,14:03:00,23.0,2572620,14:24:00,21.3,3048540,14:29:00,21.3,3048540,14:29:00,21.3,3048540,14:29:00
201605030409,201606120509,2016-06-12,14:35:00,15,79.4,1022130,13:33:00,89.2,1353660,14:03:00,95.7,2572620,14:24:00,96.7,3048540,14:29:00,96.7,3048540,14:29:00,96.7,3048540,14:29:00
201605030409,201606120509,2016-06-12,14:35:00,16,1.5,1022130,13:33:00,1.5,1353660,14:03:00,1.5,2572620,14:24:00,1.6,3048540,14:29:00,1.6,3048540,14:29:00,1.6,3048540,14:29:00
201605030410,201606120510,2016-06-12,15:10:00,01,6.9,1287020,14:09:00,6.6,1566170,14:39:00,6.8,2918530,14:59:00,7.1,3619940,15:04:00,7.1,3619940,15:04:00,7.1,3619940,15:04:00
201605030410,201606120510,2016-06-12,15:10:00,02,16.2,1287020,14:09:00,17.2,1566170,14:39:00,18.0,2918530,14:59:00,18.5,3619940,15:04:00,18.5,3619940,15:04:00,18.5,3619940,15:04:00
201605030410,201606120510,2016-06-12,15:10:00,03,11.8,1287020,14:09:00,11.7,1566170,14:39:00,11.4,2918530,14:59:00,11.2,3619940,15:04:00,11.2,3619940,15:04:00,11.2,3619940,15:04:00
201605030410,201606120510,2016-06-12,15:10:00,04,43.8,1287020,14:09:00,42.2,1566170,14:39:00,51.4,2918530,14:59:00,57.5,3619940,15:04:00,57.5,3619940,15:04:00,57.5,3619940,15:04:00
201605030410,201606120510,2016-06-12,15:10:00,05,42.3,1287020,14:09:00,44.7,1566170,14:39:00,54.2,2918530,14:59:00,58.8,3619940,15:04:00,58.8,3619940,15:04:00,58.8,3619940,15:04:00
201605030410,201606120510,2016-06-12,15:10:00,06,8.5,1287020,14:09:00,8.7,1566170,14:39:00,8.9,2918530,14:59:00,9.3,3619940,15:04:00,9.3,3619940,15:04:00,9.3,3619940,15:04:00
201605030410,201606120510,2016-06-12,15:10:00,07,17.8,1287020,14:09:00,17.8,1566170,14:39:00,17.9,2918530,14:59:00,19.2,3619940,15:04:00,19.2,3619940,15:04:00,19.2,3619940,15:04:00
201605030410,201606120510,2016-06-12,15:10:00,08,4.7,1287020,14:09:00,4.8,1566170,14:39:00,4.7,2918530,14:59:00,4.4,3619940,15:04:00,4.4,3619940,15:04:00,4.4,3619940,15:04:00
201605030410,201606120510,2016-06-12,15:10:00,09,10.9,1287020,14:09:00,11.4,1566170,14:39:00,11.3,2918530,14:59:00,10.7,3619940,15:04:00,10.7,3619940,15:04:00,10.7,3619940,15:04:00
201605030410,201606120510,2016-06-12,15:10:00,10,3.1,1287020,14:09:00,3.0,1566170,14:39:00,2.8,2918530,14:59:00,2.7,3619940,15:04:00,2.7,3619940,15:04:00,2.7,3619940,15:04:00
201605030410,201606120510,2016-06-12,15:10:00,11,25.7,1287020,14:09:00,26.8,1566170,14:39:00,32.0,2918530,14:59:00,31.4,3619940,15:04:00,31.4,3619940,15:04:00,31.4,3619940,15:04:00
201605030410,201606120510,2016-06-12,15:10:00,12,164.4,1287020,14:09:00,163.7,1566170,14:39:00,194.8,2918530,14:59:00,217.2,3619940,15:04:00,217.2,3619940,15:04:00,217.2,3619940,15:04:00
201605030410,201606120510,2016-06-12,15:10:00,13,39.5,1287020,14:09:00,38.7,1566170,14:39:00,39.1,2918530,14:59:00,42.0,3619940,15:04:00,42.0,3619940,15:04:00,42.0,3619940,15:04:00
201605030410,201606120510,2016-06-12,15:10:00,14,24.4,1287020,14:09:00,25.9,1566170,14:39:00,31.5,2918530,14:59:00,33.9,3619940,15:04:00,33.9,3619940,15:04:00,33.9,3619940,15:04:00
201605030410,201606120510,2016-06-12,15:10:00,15,84.0,1287020,14:09:00,88.9,1566170,14:39:00,115.1,2918530,14:59:00,110.3,3619940,15:04:00,110.3,3619940,15:04:00,110.3,3619940,15:04:00
201605030411,201606120511,2016-06-12,15:45:00,01,7.4,9250680,14:43:00,7.3,10925020,15:13:00,7.5,15700310,15:34:00,7.5,17425410,15:39:00,7.5,17425410,15:39:00,7.5,17425410,15:39:00
201605030411,201606120511,2016-06-12,15:45:00,02,101.9,9250680,14:43:00,105.4,10925020,15:13:00,125.4,15700310,15:34:00,131.7,17425410,15:39:00,131.7,17425410,15:39:00,131.7,17425410,15:39:00
201605030411,201606120511,2016-06-12,15:45:00,03,42.3,9250680,14:43:00,43.7,10925020,15:13:00,48.7,15700310,15:34:00,49.8,17425410,15:39:00,49.8,17425410,15:39:00,49.8,17425410,15:39:00
201605030411,201606120511,2016-06-12,15:45:00,04,43.9,9250680,14:43:00,46.0,10925020,15:13:00,47.3,15700310,15:34:00,49.6,17425410,15:39:00,49.6,17425410,15:39:00,49.6,17425410,15:39:00
201605030411,201606120511,2016-06-12,15:45:00,05,25.1,9250680,14:43:00,25.7,10925020,15:13:00,29.5,15700310,15:34:00,30.1,17425410,15:39:00,30.1,17425410,15:39:00,30.1,17425410,15:39:00
201605030411,201606120511,2016-06-12,15:45:00,06,11.5,9250680,14:43:00,11.2,10925020,15:13:00,11.1,15700310,15:34:00,11.0,17425410,15:39:00,11.0,17425410,15:39:00,11.0,17425410,15:39:00
201605030411,201606120511,2016-06-12,15:45:00,07,4.5,9250680,14:43:00,4.4,10925020,15:13:00,4.3,15700310,15:34:00,4.3,17425410,15:39:00,4.3,17425410,15:39:00,4.3,17425410,15:39:00
201605030411,201606120511,2016-06-12,15:45:00,08,40.8,9250680,14:43:00,39.6,10925020,15:13:00,44.4,15700310,15:34:00,45.3,17425410,15:39:00,45.3,17425410,15:39:00,45.3,17425410,15:39:00
201605030411,201606120511,2016-06-12,15:45:00,09,123.4,9250680,14:43:00,125.6,10925020,15:13:00,150.6,15700310,15:34:00,157.8,17425410,15:39:00,157.8,17425410,15:39:00,157.8,17425410,15:39:00
201605030411,201606120511,2016-06-12,15:45:00,10,156.8,9250680,14:43:00,161.1,10925020,15:13:00,175.2,15700310,15:34:00,177.8,17425410,15:39:00,177.8,17425410,15:39:00,177.8,17425410,15:39:00
201605030411,201606120511,2016-06-12,15:45:00,11,134.9,9250680,14:43:00,139.8,10925020,15:13:00,163.1,15700310,15:34:00,173.7,17425410,15:39:00,173.7,17425410,15:39:00,173.7,17425410,15:39:00
201605030411,201606120511,2016-06-12,15:45:00,12,25.4,9250680,14:43:00,26.2,10925020,15:13:00,23.1,15700310,15:34:00,23.8,17425410,15:39:00,23.8,17425410,15:39:00,23.8,17425410,15:39:00
201605030411,201606120511,2016-06-12,15:45:00,13,16.2,9250680,14:43:00,16.1,10925020,15:13:00,16.2,15700310,15:34:00,16.4,17425410,15:39:00,16.4,17425410,15:39:00,16.4,17425410,15:39:00
201605030411,201606120511,2016-06-12,15:45:00,14,124.3,9250680,14:43:00,124.7,10925020,15:13:00,144.3,15700310,15:34:00,151.1,17425410,15:39:00,151.1,17425410,15:39:00,151.1,17425410,15:39:00
201605030411,201606120511,2016-06-12,15:45:00,15,87.5,9250680,14:43:00,88.5,10925020,15:13:00,98.9,15700310,15:34:00,102.4,17425410,15:39:00,102.4,17425410,15:39:00,102.4,17425410,15:39:00
201605030411,201606120511,2016-06-12,15:45:00,16,5.6,9250680,14:43:00,5.7,10925020,15:13:00,5.4,15700310,15:34:00,5.2,17425410,15:39:00,5.2,17425410,15:39:00,5.2,17425410,15:39:00
201605030411,201606120511,2016-06-12,15:45:00,17,39.2,9250680,14:43:00,39.2,10925020,15:13:00,45.2,15700310,15:34:00,47.1,17425410,15:39:00,47.1,17425410,15:39:00,47.1,17425410,15:39:00
201605030411,201606120511,2016-06-12,15:45:00,18,2.8,9250680,14:43:00,2.9,10925020,15:13:00,2.9,15700310,15:34:00,2.8,17425410,15:39:00,2.8,17425410,15:39:00,2.8,17425410,15:39:00
201605030412,201606120512,2016-06-12,16:25:00,01,55.5,737650,15:25:00,63.9,921910,15:51:00,128.0,3421020,16:14:00,155.1,4992610,16:19:00,155.1,4992610,16:19:00,155.1,4992610,16:19:00
201605030412,201606120512,2016-06-12,16:25:00,02,15.6,737650,15:25:00,16.9,921910,15:51:00,21.0,3421020,16:14:00,19.5,4992610,16:19:00,19.5,4992610,16:19:00,19.5,4992610,16:19:00
201605030412,201606120512,2016-06-12,16:25:00,03,19.1,737650,15:25:00,20.8,921910,15:51:00,28.3,3421020,16:14:00,28.0,4992610,16:19:00,28.0,4992610,16:19:00,28.0,4992610,16:19:00
201605030412,201606120512,2016-06-12,16:25:00,04,5.0,737650,15:25:00,5.1,921910,15:51:00,4.1,3421020,16:14:00,4.0,4992610,16:19:00,4.0,4992610,16:19:00,4.0,4992610,16:19:00
201605030412,201606120512,2016-06-12,16:25:00,05,4.8,737650,15:25:00,4.7,921910,15:51:00,4.0,3421020,16:14:00,3.9,4992610,16:19:00,3.9,4992610,16:19:00,3.9,4992610,16:19:00
201605030412,201606120512,2016-06-12,16:25:00,06,94.5,737650,15:25:00,102.2,921910,15:51:00,188.8,3421020,16:14:00,237.6,4992610,16:19:00,237.6,4992610,16:19:00,237.6,4992610,16:19:00
201605030412,201606120512,2016-06-12,16:25:00,07,14.3,737650,15:25:00,14.5,921910,15:51:00,10.3,3421020,16:14:00,9.4,4992610,16:19:00,9.4,4992610,16:19:00,9.4,4992610,16:19:00
201605030412,201606120512,2016-06-12,16:25:00,08,7.2,737650,15:25:00,6.5,921910,15:51:00,6.7,3421020,16:14:00,6.9,4992610,16:19:00,6.9,4992610,16:19:00,6.9,4992610,16:19:00
201605030412,201606120512,2016-06-12,16:25:00,09,42.6,737650,15:25:00,43.9,921910,15:51:00,37.4,3421020,16:14:00,39.8,4992610,16:19:00,39.8,4992610,16:19:00,39.8,4992610,16:19:00
201605030412,201606120512,2016-06-12,16:25:00,10,15.7,737650,15:25:00,15.8,921910,15:51:00,21.6,3421020,16:14:00,22.8,4992610,16:19:00,22.8,4992610,16:19:00,22.8,4992610,16:19:00
201605030412,201606120512,2016-06-12,16:25:00,11,13.7,737650,15:25:00,13.7,921910,15:51:00,16.1,3421020,16:14:00,17.3,4992610,16:19:00,17.3,4992610,16:19:00,17.3,4992610,16:19:00
201605030412,201606120512,2016-06-12,16:25:00,12,11.7,737650,15:25:00,12.3,921910,15:51:00,16.1,3421020,16:14:00,15.7,4992610,16:19:00,15.7,4992610,16:19:00,15.7,4992610,16:19:00
201605030412,201606120512,2016-06-12,16:25:00,13,30.7,737650,15:25:00,32.5,921910,15:51:00,32.9,3421020,16:14:00,31.6,4992610,16:19:00,31.6,4992610,16:19:00,31.6,4992610,16:19:00
201605030412,201606120512,2016-06-12,16:25:00,14,140.5,737650,15:25:00,141.2,921910,15:51:00,234.5,3421020,16:14:00,240.0,4992610,16:19:00,240.0,4992610,16:19:00,240.0,4992610,16:19:00
201605030412,201606120512,2016-06-12,16:25:00,15,8.5,737650,15:25:00,9.1,921910,15:51:00,15.6,3421020,16:14:00,18.1,4992610,16:19:00,18.1,4992610,16:19:00,18.1,4992610,16:19:00
201605030412,201606120512,2016-06-12,16:25:00,16,10.8,737650,15:25:00,9.4,921910,15:51:00,7.8,3421020,16:14:00,8.0,4992610,16:19:00,8.0,4992610,16:19:00,8.0,4992610,16:19:00
201605030501,201606180501,2016-06-18,10:10:00,01,82.6,449760,09:07:00,73.9,651290,09:40:00,94.7,1107250,09:59:00,120.8,1634050,10:05:00,120.8,1634050,10:05:00,120.8,1634050,10:05:00
201605030501,201606180501,2016-06-18,10:10:00,02,183.7,449760,09:07:00,178.5,651290,09:40:00,213.8,1107250,09:59:00,190.7,1634050,10:05:00,190.7,1634050,10:05:00,190.7,1634050,10:05:00
201605030501,201606180501,2016-06-18,10:10:00,03,137.4,449760,09:07:00,130.1,651290,09:40:00,160.3,1107250,09:59:00,194.4,1634050,10:05:00,194.4,1634050,10:05:00,194.4,1634050,10:05:00
201605030501,201606180501,2016-06-18,10:10:00,04,7.8,449760,09:07:00,7.6,651290,09:40:00,7.2,1107250,09:59:00,6.4,1634050,10:05:00,6.4,1634050,10:05:00,6.4,1634050,10:05:00
201605030501,201606180501,2016-06-18,10:10:00,05,69.0,449760,09:07:00,58.7,651290,09:40:00,52.9,1107250,09:59:00,59.0,1634050,10:05:00,59.0,1634050,10:05:00,59.0,1634050,10:05:00
201605030501,201606180501,2016-06-18,10:10:00,06,69.3,449760,09:07:00,63.0,651290,09:40:00,65.3,1107250,09:59:00,84.2,1634050,10:05:00,84.2,1634050,10:05:00,84.2,1634050,10:05:00
201605030501,201606180501,2016-06-18,10:10:00,07,36.7,449760,09:07:00,32.9,651290,09:40:00,34.1,1107250,09:59:00,36.8,1634050,10:05:00,36.8,1634050,10:05:00,36.8,1634050,10:05:00
201605030501,201606180501,2016-06-18,10:10:00,08,61.6,449760,09:07:00,46.7,651290,09:40:00,48.5,1107250,09:59:00,56.1,1634050,10:05:00,56.1,1634050,10:05:00,56.1,1634050,10:05:00
201605030501,201606180501,2016-06-18,10:10:00,09,1.7,449760,09:07:00,1.8,651290,09:40:00,1.8,1107250,09:59:00,1.7,1634050,10:05:00,1.7,1634050,10:05:00,1.7,1634050,10:05:00
201605030501,201606180501,2016-06-18,10:10:00,10,318.5,449760,09:07:00,323.6,651290,09:40:00,347.2,1107250,09:59:00,415.7,1634050,10:05:00,415.7,1634050,10:05:00,415.7,1634050,10:05:00
201605030501,201606180501,2016-06-18,10:10:00,11,296.3,449760,09:07:00,276.7,651290,09:40:00,322.2,1107250,09:59:00,414.5,1634050,10:05:00,414.5,1634050,10:05:00,414.5,1634050,10:05:00
201605030501,201606180501,2016-06-18,10:10:00,12,103.8,449760,09:07:00,64.2,651290,09:40:00,76.9,1107250,09:59:00,70.0,1634050,10:05:00,70.0,1634050,10:05:00,70.0,1634050,10:05:00
201605030501,201606180501,2016-06-18,10:10:00,13,108.2,449760,09:07:00,76.9,651290,09:40:00,51.9,1107250,09:59:00,55.9,1634050,10:05:00,55.9,1634050,10:05:00,55.9,1634050,10:05:00
201605030501,201606180501,2016-06-18,10:10:00,14,3.2,449760,09:07:00,3.1,651290,09:40:00,3.1,1107250,09:59:00,3.4,1634050,10:05:00,3.4,1634050,10:05:00,3.4,1634050,10:05:00
201605030501,201606180501,2016-06-18,10:10:00,15,19.7,449760,09:07:00,20.1,651290,09:40:00,23.1,1107250,09:59:00,25.7,1634050,10:05:00,25.7,1634050,10:05:00,25.7,1634050,10:05:00
201605030502,201606180502,2016-06-18,10:40:00,01,3.8,293010,09:40:00,3.7,394430,10:09:00,3.0,827830,10:29:00,3.2,1228490,10:35:00,3.2,1228490,10:35:00,3.2,1228490,10:35:00
201605030502,201606180502,2016-06-18,10:40:00,02,25.8,293010,09:40:00,25.5,394430,10:09:00,32.8,827830,10:29:00,37.8,1228490,10:35:00,37.8,1228490,10:35:00,37.8,1228490,10:35:00
201605030502,201606180502,2016-06-18,10:40:00,03,14.7,293010,09:40:00,14.9,394430,10:09:00,16.8,827830,10:29:00,17.7,1228490,10:35:00,17.7,1228490,10:35:00,17.7,1228490,10:35:00
201605030502,201606180502,2016-06-18,10:40:00,04,173.6,293010,09:40:00,132.5,394430,10:09:00,151.5,827830,10:29:00,176.1,1228490,10:35:00,176.1,1228490,10:35:00,176.1,1228490,10:35:00
201605030502,201606180502,2016-06-18,10:40:00,05,159.4,293010,09:40:00,132.0,394430,10:09:00,163.9,827830,10:29:00,163.2,1228490,10:35:00,163.2,1228490,10:35:00,163.2,1228490,10:35:00
201605030502,201606180502,2016-06-18,10:40:00,06,3.3,293010,09:40:00,3.6,394430,10:09:00,3.1,827830,10:29:00,2.9,1228490,10:35:00,2.9,1228490,10:35:00,2.9,1228490,10:35:00
201605030502,201606180502,2016-06-18,10:40:00,07,4.6,293010,09:40:00,4.4,394430,10:09:00,5.1,827830,10:29:00,5.2,1228490,10:35:00,5.2,1228490,10:35:00,5.2,1228490,10:35:00
201605030502,201606180502,2016-06-18,10:40:00,08,17.0,293010,09:40:00,16.3,394430,10:09:00,16.6,827830,10:29:00,11.9,1228490,10:35:00,11.9,1228490,10:35:00,11.9,1228490,10:35:00
201605030502,201606180502,2016-06-18,10:40:00,09,155.2,293010,09:40:00,158.5,394430,10:09:00,183.9,827830,10:29:00,217.9,1228490,10:35:00,217.9,1228490,10:35:00,217.9,1228490,10:35:00
201605030502,201606180502,2016-06-18,10:40:00,10,6.8,293010,09:40:00,7.6,394430,10:09:00,10.5,827830,10:29:00,12.4,1228490,10:35:00,12.4,1228490,10:35:00,12.4,1228490,10:35:00
201605030502,201606180502,2016-06-18,10:40:00,11,180.3,293010,09:40:00,167.8,394430,10:09:00,227.5,827830,10:29:00,246.9,1228490,10:35:00,246.9,1228490,10:35:00,246.9,1228490,10:35:00
201605030502,201606180502,2016-06-18,10:40:00,12,56.3,293010,09:40:00,59.2,394430,10:09:00,66.5,827830,10:29:00,82.0,1228490,10:35:00,82.0,1228490,10:35:00,82.0,1228490,10:35:00
201605030502,201606180502,2016-06-18,10:40:00,13,48.0,293010,09:40:00,45.0,394430,10:09:00,45.8,827830,10:29:00,43.1,1228490,10:35:00,43.1,1228490,10:35:00,43.1,1228490,10:35:00
201605030502,201606180502,2016-06-18,10:40:00,14,55.2,293010,09:40:00,41.7,394430,10:09:00,51.6,827830,10:29:00,51.1,1228490,10:35:00,51.1,1228490,10:35:00,51.1,1228490,10:35:00
201605030502,201606180502,2016-06-18,10:40:00,15,172.3,293010,09:40:00,111.8,394430,10:09:00,134.6,827830,10:29:00,144.7,1228490,10:35:00,144.7,1228490,10:35:00,144.7,1228490,10:35:00
201605030502,201606180502,2016-06-18,10:40:00,16,12.0,293010,09:40:00,11.2,394430,10:09:00,11.3,827830,10:29:00,12.4,1228490,10:35:00,12.4,1228490,10:35:00,12.4,1228490,10:35:00
201605030503,201606180503,2016-06-18,11:10:00,01,4.1,249580,10:02:00,4.1,361820,10:39:00,3.5,799580,10:59:00,3.8,1183320,11:04:00,3.8,1183320,11:04:00,3.8,1183320,11:04:00
201605030503,201606180503,2016-06-18,11:10:00,02,105.6,249580,10:02:00,114.8,361820,10:39:00,161.9,799580,10:59:00,209.4,1183320,11:04:00,209.4,1183320,11:04:00,209.4,1183320,11:04:00
201605030503,201606180503,2016-06-18,11:10:00,03,7.4,249580,10:02:00,7.3,361820,10:39:00,8.9,799580,10:59:00,9.3,1183320,11:04:00,9.3,1183320,11:04:00,9.3,1183320,11:04:00
201605030503,201606180503,2016-06-18,11:10:00,04,20.0,249580,10:02:00,22.7,361820,10:39:00,27.4,799580,10:59:00,24.9,1183320,11:04:00,24.9,1183320,11:04:00,24.9,1183320,11:04:00
201605030503,201606180503,2016-06-18,11:10:00,05,193.8,249580,10:02:00,180.9,361820,10:39:00,171.0,799580,10:59:00,190.4,1183320,11:04:00,190.4,1183320,11:04:00,190.4,1183320,11:04:00
201605030503,201606180503,2016-06-18,11:10:00,06,49.5,249580,10:02:00,43.0,361820,10:39:00,47.9,799580,10:59:00,57.7,1183320,11:04:00,57.7,1183320,11:04:00,57.7,1183320,11:04:00
201605030503,201606180503,2016-06-18,11:10:00,07,17.7,249580,10:02:00,21.3,361820,10:39:00,27.1,799580,10:59:00,31.5,1183320,11:04:00,31.5,1183320,11:04:00,31.5,1183320,11:04:00
201605030503,201606180503,2016-06-18,11:10:00,08,4.3,249580,10:02:00,4.7,361820,10:39:00,4.0,799580,10:59:00,4.1,1183320,11:04:00,4.1,1183320,11:04:00,4.1,1183320,11:04:00
201605030503,201606180503,2016-06-18,11:10:00,09,3.7,249580,10:02:00,3.1,361820,10:39:00,3.4,799580,10:59:00,2.8,1183320,11:04:00,2.8,1183320,11:04:00,2.8,1183320,11:04:00
201605030503,201606180503,2016-06-18,11:10:00,10,114.7,249580,10:02:00,137.1,361820,10:39:00,179.1,799580,10:59:00,204.9,1183320,11:04:00,204.9,1183320,11:04:00,204.9,1183320,11:04:00
201605030503,201606180503,2016-06-18,11:10:00,11,41.3,249580,10:02:00,43.7,361820,10:39:00,60.3,799580,10:59:00,68.8,1183320,11:04:00,68.8,1183320,11:04:00,68.8,1183320,11:04:00
201605030503,201606180503,2016-06-18,11:10:00,12,88.7,249580,10:02:00,85.8,361820,10:39:00,119.3,799580,10:59:00,141.0,1183320,11:04:00,141.0,1183320,11:04:00,141.0,1183320,11:04:00
201605030503,201606180503,2016-06-18,11:10:00,13,298.0,249580,10:02:00,314.6,361820,10:39:00,293.4,799580,10:59:00,374.1,1183320,11:04:00,374.1,1183320,11:04:00,374.1,1183320,11:04:00
201605030503,201606180503,2016-06-18,11:10:00,14,11.0,249580,10:02:00,12.5,361820,10:39:00,11.1,799580,10:59:00,11.3,1183320,11:04:00,11.3,1183320,11:04:00,11.3,1183320,11:04:00
201605030503,201606180503,2016-06-18,11:10:00,15,212.4,249580,10:02:00,239.2,361820,10:39:00,365.5,799580,10:59:00,468.6,1183320,11:04:00,468.6,1183320,11:04:00,468.6,1183320,11:04:00
201605030503,201606180503,2016-06-18,11:10:00,16,10.2,249580,10:02:00,12.2,361820,10:39:00,11.7,799580,10:59:00,12.6,1183320,11:04:00,12.6,1183320,11:04:00,12.6,1183320,11:04:00
201605030505,201606180505,2016-06-18,12:30:00,01,17.1,439340,11:27:00,16.4,682700,11:56:00,15.1,1266090,12:19:00,15.4,1872600,12:25:00,15.4,1872600,12:25:00,15.4,1872600,12:25:00
201605030505,201606180505,2016-06-18,12:30:00,02,46.8,439340,11:27:00,48.3,682700,11:56:00,54.4,1266090,12:19:00,66.4,1872600,12:25:00,66.4,1872600,12:25:00,66.4,1872600,12:25:00
201605030505,201606180505,2016-06-18,12:30:00,03,5.4,439340,11:27:00,5.6,682700,11:56:00,5.7,1266090,12:19:00,5.5,1872600,12:25:00,5.5,1872600,12:25:00,5.5,1872600,12:25:00
201605030505,201606180505,2016-06-18,12:30:00,04,58.7,439340,11:27:00,62.7,682700,11:56:00,69.8,1266090,12:19:00,89.0,1872600,12:25:00,89.0,1872600,12:25:00,89.0,1872600,12:25:00
201605030505,201606180505,2016-06-18,12:30:00,05,100.0,439340,11:27:00,100.1,682700,11:56:00,128.9,1266090,12:19:00,155.8,1872600,12:25:00,155.8,1872600,12:25:00,155.8,1872600,12:25:00
201605030505,201606180505,2016-06-18,12:30:00,06,10.8,439340,11:27:00,10.7,682700,11:56:00,11.3,1266090,12:19:00,12.9,1872600,12:25:00,12.9,1872600,12:25:00,12.9,1872600,12:25:00
201605030505,201606180505,2016-06-18,12:30:00,07,3.9,439340,11:27:00,3.4,682700,11:56:00,3.1,1266090,12:19:00,2.6,1872600,12:25:00,2.6,1872600,12:25:00,2.6,1872600,12:25:00
201605030505,201606180505,2016-06-18,12:30:00,08,8.5,439340,11:27:00,8.7,682700,11:56:00,8.2,1266090,12:19:00,9.6,1872600,12:25:00,9.6,1872600,12:25:00,9.6,1872600,12:25:00
201605030505,201606180505,2016-06-18,12:30:00,09,66.6,439340,11:27:00,51.5,682700,11:56:00,59.3,1266090,12:19:00,70.1,1872600,12:25:00,70.1,1872600,12:25:00,70.1,1872600,12:25:00
201605030505,201606180505,2016-06-18,12:30:00,10,7.9,439340,11:27:00,8.3,682700,11:56:00,7.9,1266090,12:19:00,8.2,1872600,12:25:00,8.2,1872600,12:25:00,8.2,1872600,12:25:00
201605030505,201606180505,2016-06-18,12:30:00,11,21.0,439340,11:27:00,21.6,682700,11:56:00,22.2,1266090,12:19:00,21.5,1872600,12:25:00,21.5,1872600,12:25:00,21.5,1872600,12:25:00
201605030505,201606180505,2016-06-18,12:30:00,12,105.4,439340,11:27:00,91.9,682700,11:56:00,121.4,1266090,12:19:00,141.4,1872600,12:25:00,141.4,1872600,12:25:00,141.4,1872600,12:25:00
201605030505,201606180505,2016-06-18,12:30:00,13,125.2,439340,11:27:00,121.3,682700,11:56:00,148.0,1266090,12:19:00,168.9,1872600,12:25:00,168.9,1872600,12:25:00,168.9,1872600,12:25:00
201605030505,201606180505,2016-06-18,12:30:00,14,17.3,439340,11:27:00,20.8,682700,11:56:00,26.7,1266090,12:19:00,34.6,1872600,12:25:00,34.6,1872600,12:25:00,34.6,1872600,12:25:00
201605030505,201606180505,2016-06-18,12:30:00,15,7.2,439340,11:27:00,7.8,682700,11:56:00,8.2,1266090,12:19:00,9.1,1872600,12:25:00,9.1,1872600,12:25:00,9.1,1872600,12:25:00
201605030505,201606180505,2016-06-18,12:30:00,16,38.9,439340,11:27:00,41.6,682700,11:56:00,40.9,1266090,12:19:00,43.1,1872600,12:25:00,43.1,1872600,12:25:00,43.1,1872600,12:25:00
201605030506,201606180506,2016-06-18,13:00:00,01,201.6,368080,11:54:00,220.6,496380,12:27:00,292.6,980310,12:49:00,337.5,1409310,12:54:00,337.5,1409310,12:54:00,337.5,1409310,12:54:00
201605030506,201606180506,2016-06-18,13:00:00,02,36.1,368080,11:54:00,31.5,496380,12:27:00,20.8,980310,12:49:00,23.9,1409310,12:54:00,23.9,1409310,12:54:00,23.9,1409310,12:54:00
201605030506,201606180506,2016-06-18,13:00:00,03,80.6,368080,11:54:00,85.3,496380,12:27:00,83.1,980310,12:49:00,106.0,1409310,12:54:00,106.0,1409310,12:54:00,106.0,1409310,12:54:00
201605030506,201606180506,2016-06-18,13:00:00,04,15.4,368080,11:54:00,15.1,496380,12:27:00,14.2,980310,12:49:00,14.6,1409310,12:54:00,14.6,1409310,12:54:00,14.6,1409310,12:54:00
201605030506,201606180506,2016-06-18,13:00:00,05,9.4,368080,11:54:00,9.1,496380,12:27:00,8.1,980310,12:49:00,7.2,1409310,12:54:00,7.2,1409310,12:54:00,7.2,1409310,12:54:00
201605030506,201606180506,2016-06-18,13:00:00,06,1.4,368080,11:54:00,1.4,496380,12:27:00,1.5,980310,12:49:00,1.6,1409310,12:54:00,1.6,1409310,12:54:00,1.6,1409310,12:54:00
201605030506,201606180506,2016-06-18,13:00:00,07,24.4,368080,11:54:00,24.6,496380,12:27:00,21.0,980310,12:49:00,23.9,1409310,12:54:00,23.9,1409310,12:54:00,23.9,1409310,12:54:00
201605030506,201606180506,2016-06-18,13:00:00,08,30.4,368080,11:54:00,32.3,496380,12:27:00,26.4,980310,12:49:00,25.3,1409310,12:54:00,25.3,1409310,12:54:00,25.3,1409310,12:54:00
201605030506,201606180506,2016-06-18,13:00:00,09,24.9,368080,11:54:00,25.4,496380,12:27:00,22.8,980310,12:49:00,15.7,1409310,12:54:00,15.7,1409310,12:54:00,15.7,1409310,12:54:00
201605030506,201606180506,2016-06-18,13:00:00,10,22.1,368080,11:54:00,25.6,496380,12:27:00,39.8,980310,12:49:00,51.9,1409310,12:54:00,51.9,1409310,12:54:00,51.9,1409310,12:54:00
201605030506,201606180506,2016-06-18,13:00:00,11,35.3,368080,11:54:00,38.1,496380,12:27:00,57.2,980310,12:49:00,66.3,1409310,12:54:00,66.3,1409310,12:54:00,66.3,1409310,12:54:00
201605030506,201606180506,2016-06-18,13:00:00,12,93.4,368080,11:54:00,93.8,496380,12:27:00,117.9,980310,12:49:00,144.3,1409310,12:54:00,144.3,1409310,12:54:00,144.3,1409310,12:54:00
201605030506,201606180506,2016-06-18,13:00:00,13,67.0,368080,11:54:00,76.9,496380,12:27:00,112.0,980310,12:49:00,132.0,1409310,12:54:00,132.0,1409310,12:54:00,132.0,1409310,12:54:00
201605030506,201606180506,2016-06-18,13:00:00,14,60.3,368080,11:54:00,60.3,496380,12:27:00,69.6,980310,12:49:00,74.3,1409310,12:54:00,74.3,1409310,12:54:00,74.3,1409310,12:54:00
201605030506,201606180506,2016-06-18,13:00:00,15,11.0,368080,11:54:00,10.7,496380,12:27:00,6.8,980310,12:49:00,6.0,1409310,12:54:00,6.0,1409310,12:54:00,6.0,1409310,12:54:00
201605030506,201606180506,2016-06-18,13:00:00,16,172.2,368080,11:54:00,153.3,496380,12:27:00,200.0,980310,12:49:00,246.1,1409310,12:54:00,246.1,1409310,12:54:00,246.1,1409310,12:54:00
201605030507,201606180507,2016-06-18,13:30:00,01,16.0,416310,12:27:00,14.3,527370,13:00:00,13.1,1164880,13:19:00,13.4,1540600,13:24:00,13.4,1540600,13:24:00,13.4,1540600,13:24:00
201605030507,201606180507,2016-06-18,13:30:00,02,84.1,416310,12:27:00,71.6,527370,13:00:00,111.2,1164880,13:19:00,124.8,1540600,13:24:00,124.8,1540600,13:24:00,124.8,1540600,13:24:00
201605030507,201606180507,2016-06-18,13:30:00,03,148.6,416310,12:27:00,155.6,527370,13:00:00,221.3,1164880,13:19:00,257.8,1540600,13:24:00,257.8,1540600,13:24:00,257.8,1540600,13:24:00
201605030507,201606180507,2016-06-18,13:30:00,04,6.8,416310,12:27:00,7.4,527370,13:00:00,9.3,1164880,13:19:00,9.4,1540600,13:24:00,9.4,1540600,13:24:00,9.4,1540600,13:24:00
201605030507,201606180507,2016-06-18,13:30:00,05,4.1,416310,12:27:00,4.0,527370,13:00:00,4.8,1164880,13:19:00,4.7,1540600,13:24:00,4.7,1540600,13:24:00,4.7,1540600,13:24:00
201605030507,201606180507,2016-06-18,13:30:00,06,10.7,416310,12:27:00,10.9,527370,13:00:00,8.6,1164880,13:19:00,9.0,1540600,13:24:00,9.0,1540600,13:24:00,9.0,1540600,13:24:00
201605030507,201606180507,2016-06-18,13:30:00,07,76.7,416310,12:27:00,68.7,527370,13:00:00,106.1,1164880,13:19:00,129.5,1540600,13:24:00,129.5,1540600,13:24:00,129.5,1540600,13:24:00
201605030507,201606180507,2016-06-18,13:30:00,08,43.4,416310,12:27:00,42.7,527370,13:00:00,62.7,1164880,13:19:00,66.3,1540600,13:24:00,66.3,1540600,13:24:00,66.3,1540600,13:24:00
201605030507,201606180507,2016-06-18,13:30:00,09,120.2,416310,12:27:00,126.6,527370,13:00:00,172.2,1164880,13:19:00,193.7,1540600,13:24:00,193.7,1540600,13:24:00,193.7,1540600,13:24:00
201605030507,201606180507,2016-06-18,13:30:00,10,28.1,416310,12:27:00,25.4,527370,13:00:00,24.1,1164880,13:19:00,24.8,1540600,13:24:00,24.8,1540600,13:24:00,24.8,1540600,13:24:00
201605030507,201606180507,2016-06-18,13:30:00,11,2.6,416310,12:27:00,2.6,527370,13:00:00,2.3,1164880,13:19:00,2.3,1540600,13:24:00,2.3,1540600,13:24:00,2.3,1540600,13:24:00
201605030507,201606180507,2016-06-18,13:30:00,12,74.0,416310,12:27:00,71.0,527370,13:00:00,89.6,1164880,13:19:00,99.9,1540600,13:24:00,99.9,1540600,13:24:00,99.9,1540600,13:24:00
201605030507,201606180507,2016-06-18,13:30:00,13,39.3,416310,12:27:00,39.1,527370,13:00:00,35.3,1164880,13:19:00,38.4,1540600,13:24:00,38.4,1540600,13:24:00,38.4,1540600,13:24:00
201605030507,201606180507,2016-06-18,13:30:00,14,9.6,416310,12:27:00,9.6,527370,13:00:00,9.3,1164880,13:19:00,7.9,1540600,13:24:00,7.9,1540600,13:24:00,7.9,1540600,13:24:00
201605030507,201606180507,2016-06-18,13:30:00,15,51.7,416310,12:27:00,53.4,527370,13:00:00,57.2,1164880,13:19:00,61.1,1540600,13:24:00,61.1,1540600,13:24:00,61.1,1540600,13:24:00
201605030507,201606180507,2016-06-18,13:30:00,16,13.8,416310,12:27:00,14.6,527370,13:00:00,15.4,1164880,13:19:00,16.3,1540600,13:24:00,16.3,1540600,13:24:00,16.3,1540600,13:24:00
201605030508,201606180508,2016-06-18,14:01:00,01,9.0,519640,12:56:00,8.4,657240,13:29:00,7.5,1443020,13:50:00,6.8,1956020,13:55:00,6.8,1956020,13:55:00,6.8,1956020,13:55:00
201605030508,201606180508,2016-06-18,14:01:00,02,25.9,519640,12:56:00,26.7,657240,13:29:00,34.4,1443020,13:50:00,30.9,1956020,13:55:00,30.9,1956020,13:55:00,30.9,1956020,13:55:00
201605030508,201606180508,2016-06-18,14:01:00,03,15.4,519640,12:56:00,18.3,657240,13:29:00,25.9,1443020,13:50:00,27.3,1956020,13:55:00,27.3,1956020,13:55:00,27.3,1956020,13:55:00
201605030508,201606180508,2016-06-18,14:01:00,04,5.8,519640,12:56:00,6.2,657240,13:29:00,8.7,1443020,13:50:00,9.6,1956020,13:55:00,9.6,1956020,13:55:00,9.6,1956020,13:55:00
201605030508,201606180508,2016-06-18,14:01:00,05,12.7,519640,12:56:00,10.3,657240,13:29:00,9.0,1443020,13:50:00,8.6,1956020,13:55:00,8.6,1956020,13:55:00,8.6,1956020,13:55:00
201605030508,201606180508,2016-06-18,14:01:00,06,64.1,519640,12:56:00,66.0,657240,13:29:00,92.5,1443020,13:50:00,98.2,1956020,13:55:00,98.2,1956020,13:55:00,98.2,1956020,13:55:00
201605030508,201606180508,2016-06-18,14:01:00,07,13.4,519640,12:56:00,14.4,657240,13:29:00,15.0,1443020,13:50:00,14.9,1956020,13:55:00,14.9,1956020,13:55:00,14.9,1956020,13:55:00
201605030508,201606180508,2016-06-18,14:01:00,08,53.4,519640,12:56:00,54.9,657240,13:29:00,62.7,1443020,13:50:00,68.1,1956020,13:55:00,68.1,1956020,13:55:00,68.1,1956020,13:55:00
201605030508,201606180508,2016-06-18,14:01:00,09,30.0,519640,12:56:00,32.2,657240,13:29:00,44.2,1443020,13:50:00,45.6,1956020,13:55:00,45.6,1956020,13:55:00,45.6,1956020,13:55:00
201605030508,201606180508,2016-06-18,14:01:00,10,18.2,519640,12:56:00,19.0,657240,13:29:00,26.2,1443020,13:50:00,29.0,1956020,13:55:00,29.0,1956020,13:55:00,29.0,1956020,13:55:00
201605030508,201606180508,2016-06-18,14:01:00,11,38.4,519640,12:56:00,41.7,657240,13:29:00,54.3,1443020,13:50:00,61.6,1956020,13:55:00,61.6,1956020,13:55:00,61.6,1956020,13:55:00
201605030508,201606180508,2016-06-18,14:01:00,12,29.5,519640,12:56:00,33.0,657240,13:29:00,49.0,1443020,13:50:00,54.8,1956020,13:55:00,54.8,1956020,13:55:00,54.8,1956020,13:55:00
201605030508,201606180508,2016-06-18,14:01:00,13,8.2,519640,12:56:00,6.7,657240,13:29:00,5.0,1443020,13:50:00,4.3,1956020,13:55:00,4.3,1956020,13:55:00,4.3,1956020,13:55:00
201605030508,201606180508,2016-06-18,14:01:00,14,45.4,519640,12:56:00,47.8,657240,13:29:00,57.9,1443020,13:50:00,66.5,1956020,13:55:00,66.5,1956020,13:55:00,66.5,1956020,13:55:00
201605030508,201606180508,2016-06-18,14:01:00,15,16.4,519640,12:56:00,15.8,657240,13:29:00,10.6,1443020,13:50:00,12.0,1956020,13:55:00,12.0,1956020,13:55:00,12.0,1956020,13:55:00
201605030508,201606180508,2016-06-18,14:01:00,16,3.0,519640,12:56:00,3.2,657240,13:29:00,3.1,1443020,13:50:00,3.2,1956020,13:55:00,3.2,1956020,13:55:00,3.2,1956020,13:55:00
201605030509,201606180509,2016-06-18,14:35:00,01,3.8,423320,13:29:00,3.9,571880,14:04:00,4.0,1364460,14:24:00,4.0,1871010,14:30:00,4.0,1871010,14:30:00,4.0,1871010,14:30:00
201605030509,201606180509,2016-06-18,14:35:00,02,7.5,423320,13:29:00,7.6,571880,14:04:00,7.7,1364460,14:24:00,7.5,1871010,14:30:00,7.5,1871010,14:30:00,7.5,1871010,14:30:00
201605030509,201606180509,2016-06-18,14:35:00,03,18.2,423320,13:29:00,19.8,571880,14:04:00,27.6,1364460,14:24:00,28.6,1871010,14:30:00,28.6,1871010,14:30:00,28.6,1871010,14:30:00
201605030509,201606180509,2016-06-18,14:35:00,04,2.4,423320,13:29:00,2.3,571880,14:04:00,2.1,1364460,14:24:00,2.1,1871010,14:30:00,2.1,1871010,14:30:00,2.1,1871010,14:30:00
201605030509,201606180509,2016-06-18,14:35:00,05,65.8,423320,13:29:00,66.4,571880,14:04:00,94.7,1364460,14:24:00,106.4,1871010,14:30:00,106.4,1871010,14:30:00,106.4,1871010,14:30:00
201605030509,201606180509,2016-06-18,14:35:00,06,11.6,423320,13:29:00,12.7,571880,14:04:00,9.2,1364460,14:24:00,9.7,1871010,14:30:00,9.7,1871010,14:30:00,9.7,1871010,14:30:00
201605030509,201606180509,2016-06-18,14:35:00,07,49.1,423320,13:29:00,54.9,571880,14:04:00,87.8,1364460,14:24:00,104.0,1871010,14:30:00,104.0,1871010,14:30:00,104.0,1871010,14:30:00
201605030509,201606180509,2016-06-18,14:35:00,08,4.0,423320,13:29:00,3.9,571880,14:04:00,4.4,1364460,14:24:00,4.2,1871010,14:30:00,4.2,1871010,14:30:00,4.2,1871010,14:30:00
201605030509,201606180509,2016-06-18,14:35:00,09,27.4,423320,13:29:00,30.9,571880,14:04:00,40.1,1364460,14:24:00,45.7,1871010,14:30:00,45.7,1871010,14:30:00,45.7,1871010,14:30:00
201605030510,201606180510,2016-06-18,15:10:00,01,21.0,913210,14:08:00,17.3,1142330,14:35:00,22.0,2269970,14:59:00,24.5,3021490,15:04:00,24.5,3021490,15:04:00,24.5,3021490,15:04:00
201605030510,201606180510,2016-06-18,15:10:00,02,8.9,913210,14:08:00,9.1,1142330,14:35:00,9.5,2269970,14:59:00,10.3,3021490,15:04:00,10.3,3021490,15:04:00,10.3,3021490,15:04:00
201605030510,201606180510,2016-06-18,15:10:00,03,49.7,913210,14:08:00,48.9,1142330,14:35:00,48.6,2269970,14:59:00,53.6,3021490,15:04:00,53.6,3021490,15:04:00,53.6,3021490,15:04:00
201605030510,201606180510,2016-06-18,15:10:00,04,11.4,913210,14:08:00,12.0,1142330,14:35:00,13.8,2269970,14:59:00,14.0,3021490,15:04:00,14.0,3021490,15:04:00,14.0,3021490,15:04:00
201605030510,201606180510,2016-06-18,15:10:00,05,47.1,913210,14:08:00,45.8,1142330,14:35:00,44.1,2269970,14:59:00,46.1,3021490,15:04:00,46.1,3021490,15:04:00,46.1,3021490,15:04:00
201605030510,201606180510,2016-06-18,15:10:00,06,15.2,913210,14:08:00,15.4,1142330,14:35:00,13.7,2269970,14:59:00,15.1,3021490,15:04:00,15.1,3021490,15:04:00,15.1,3021490,15:04:00
201605030510,201606180510,2016-06-18,15:10:00,07,15.5,913210,14:08:00,16.7,1142330,14:35:00,22.4,2269970,14:59:00,24.2,3021490,15:04:00,24.2,3021490,15:04:00,24.2,3021490,15:04:00
201605030510,201606180510,2016-06-18,15:10:00,08,140.2,913210,14:08:00,148.3,1142330,14:35:00,159.1,2269970,14:59:00,190.0,3021490,15:04:00,190.0,3021490,15:04:00,190.0,3021490,15:04:00
201605030510,201606180510,2016-06-18,15:10:00,09,58.1,913210,14:08:00,59.1,1142330,14:35:00,71.7,2269970,14:59:00,69.2,3021490,15:04:00,69.2,3021490,15:04:00,69.2,3021490,15:04:00
201605030510,201606180510,2016-06-18,15:10:00,10,7.1,913210,14:08:00,6.5,1142330,14:35:00,5.2,2269970,14:59:00,5.4,3021490,15:04:00,5.4,3021490,15:04:00,5.4,3021490,15:04:00
201605030510,201606180510,2016-06-18,15:10:00,11,1.4,913210,14:08:00,1.5,1142330,14:35:00,1.5,2269970,14:59:00,1.4,3021490,15:04:00,1.4,3021490,15:04:00,1.4,3021490,15:04:00
201605030511,201606180511,2016-06-18,15:45:00,01,13.5,1893770,14:45:00,13.1,2305250,15:12:00,13.6,3867840,15:34:00,13.6,4708710,15:39:00,13.6,4708710,15:39:00,13.6,4708710,15:39:00
201605030511,201606180511,2016-06-18,15:45:00,02,16.1,1893770,14:45:00,17.0,2305250,15:12:00,18.3,3867840,15:34:00,18.5,4708710,15:39:00,18.5,4708710,15:39:00,18.5,4708710,15:39:00
201605030511,201606180511,2016-06-18,15:45:00,03,36.7,1893770,14:45:00,38.5,2305250,15:12:00,43.4,3867840,15:34:00,46.5,4708710,15:39:00,46.5,4708710,15:39:00,46.5,4708710,15:39:00
201605030511,201606180511,2016-06-18,15:45:00,04,18.1,1893770,14:45:00,19.3,2305250,15:12:00,18.4,3867840,15:34:00,18.3,4708710,15:39:00,18.3,4708710,15:39:00,18.3,4708710,15:39:00
201605030511,201606180511,2016-06-18,15:45:00,05,48.2,1893770,14:45:00,53.6,2305250,15:12:00,50.3,3867840,15:34:00,65.2,4708710,15:39:00,65.2,4708710,15:39:00,65.2,4708710,15:39:00
201605030511,201606180511,2016-06-18,15:45:00,06,45.8,1893770,14:45:00,47.9,2305250,15:12:00,58.4,3867840,15:34:00,59.8,4708710,15:39:00,59.8,4708710,15:39:00,59.8,4708710,15:39:00
201605030511,201606180511,2016-06-18,15:45:00,07,5.9,1893770,14:45:00,6.3,2305250,15:12:00,6.6,3867840,15:34:00,6.8,4708710,15:39:00,6.8,4708710,15:39:00,6.8,4708710,15:39:00
201605030511,201606180511,2016-06-18,15:45:00,08,38.4,1893770,14:45:00,39.4,2305250,15:12:00,38.0,3867840,15:34:00,41.5,4708710,15:39:00,41.5,4708710,15:39:00,41.5,4708710,15:39:00
201605030511,201606180511,2016-06-18,15:45:00,09,14.2,1893770,14:45:00,15.6,2305250,15:12:00,16.0,3867840,15:34:00,16.9,4708710,15:39:00,16.9,4708710,15:39:00,16.9,4708710,15:39:00
201605030511,201606180511,2016-06-18,15:45:00,10,5.5,1893770,14:45:00,5.0,2305250,15:12:00,5.2,3867840,15:34:00,5.1,4708710,15:39:00,5.1,4708710,15:39:00,5.1,4708710,15:39:00
201605030511,201606180511,2016-06-18,15:45:00,11,96.6,1893770,14:45:00,90.8,2305250,15:12:00,108.3,3867840,15:34:00,112.4,4708710,15:39:00,112.4,4708710,15:39:00,112.4,4708710,15:39:00
201605030511,201606180511,2016-06-18,15:45:00,12,2.9,1893770,14:45:00,2.8,2305250,15:12:00,2.6,3867840,15:34:00,2.6,4708710,15:39:00,2.6,4708710,15:39:00,2.6,4708710,15:39:00
201605030511,201606180511,2016-06-18,15:45:00,13,5.2,1893770,14:45:00,5.3,2305250,15:12:00,5.0,3867840,15:34:00,4.8,4708710,15:39:00,4.8,4708710,15:39:00,4.8,4708710,15:39:00
201605030512,201606180512,2016-06-18,16:30:00,01,28.0,666530,15:26:00,27.9,1045980,15:57:00,21.0,2116670,16:19:00,23.9,3547830,16:24:00,23.9,3547830,16:24:00,23.9,3547830,16:24:00
201605030512,201606180512,2016-06-18,16:30:00,02,20.2,666530,15:26:00,25.8,1045980,15:57:00,33.4,2116670,16:19:00,40.2,3547830,16:24:00,40.2,3547830,16:24:00,40.2,3547830,16:24:00
201605030512,201606180512,2016-06-18,16:30:00,03,41.0,666530,15:26:00,47.9,1045980,15:57:00,52.2,2116670,16:19:00,43.1,3547830,16:24:00,43.1,3547830,16:24:00,43.1,3547830,16:24:00
201605030512,201606180512,2016-06-18,16:30:00,04,57.3,666530,15:26:00,74.8,1045980,15:57:00,92.1,2116670,16:19:00,120.5,3547830,16:24:00,120.5,3547830,16:24:00,120.5,3547830,16:24:00
201605030512,201606180512,2016-06-18,16:30:00,05,98.7,666530,15:26:00,123.4,1045980,15:57:00,162.9,2116670,16:19:00,212.6,3547830,16:24:00,212.6,3547830,16:24:00,212.6,3547830,16:24:00
201605030512,201606180512,2016-06-18,16:30:00,06,14.1,666530,15:26:00,12.1,1045980,15:57:00,12.4,2116670,16:19:00,12.1,3547830,16:24:00,12.1,3547830,16:24:00,12.1,3547830,16:24:00
201605030512,201606180512,2016-06-18,16:30:00,07,16.9,666530,15:26:00,20.8,1045980,15:57:00,28.4,2116670,16:19:00,37.6,3547830,16:24:00,37.6,3547830,16:24:00,37.6,3547830,16:24:00
201605030512,201606180512,2016-06-18,16:30:00,08,13.5,666530,15:26:00,16.6,1045980,15:57:00,22.0,2116670,16:19:00,27.5,3547830,16:24:00,27.5,3547830,16:24:00,27.5,3547830,16:24:00
201605030512,201606180512,2016-06-18,16:30:00,09,120.3,666530,15:26:00,160.3,1045980,15:57:00,205.5,2116670,16:19:00,157.1,3547830,16:24:00,157.1,3547830,16:24:00,157.1,3547830,16:24:00
201605030512,201606180512,2016-06-18,16:30:00,10,71.8,666530,15:26:00,84.1,1045980,15:57:00,94.9,2116670,16:19:00,95.3,3547830,16:24:00,95.3,3547830,16:24:00,95.3,3547830,16:24:00
201605030512,201606180512,2016-06-18,16:30:00,11,61.9,666530,15:26:00,71.7,1045980,15:57:00,80.5,2116670,16:19:00,103.2,3547830,16:24:00,103.2,3547830,16:24:00,103.2,3547830,16:24:00
201605030512,201606180512,2016-06-18,16:30:00,12,10.3,666530,15:26:00,6.9,1045980,15:57:00,6.1,2116670,16:19:00,6.0,3547830,16:24:00,6.0,3547830,16:24:00,6.0,3547830,16:24:00
201605030512,201606180512,2016-06-18,16:30:00,13,15.4,666530,15:26:00,13.4,1045980,15:57:00,10.3,2116670,16:19:00,8.6,3547830,16:24:00,8.6,3547830,16:24:00,8.6,3547830,16:24:00
201605030512,201606180512,2016-06-18,16:30:00,14,2.2,666530,15:26:00,2.3,1045980,15:57:00,2.5,2116670,16:19:00,2.3,3547830,16:24:00,2.3,3547830,16:24:00,2.3,3547830,16:24:00
201605030512,201606180512,2016-06-18,16:30:00,15,4.2,666530,15:26:00,3.9,1045980,15:57:00,3.7,2116670,16:19:00,3.9,3547830,16:24:00,3.9,3547830,16:24:00,3.9,3547830,16:24:00
201605030512,201606180512,2016-06-18,16:30:00,16,36.2,666530,15:26:00,45.6,1045980,15:57:00,44.3,2116670,16:19:00,51.0,3547830,16:24:00,51.0,3547830,16:24:00,51.0,3547830,16:24:00
201605030601,201606190501,2016-06-19,10:10:00,01,63.9,275910,09:05:00,56.9,429870,09:35:00,63.2,880090,09:59:00,55.7,1329690,10:05:00,55.7,1329690,10:05:00,55.7,1329690,10:05:00
201605030601,201606190501,2016-06-19,10:10:00,02,6.4,275910,09:05:00,7.1,429870,09:35:00,8.3,880090,09:59:00,7.5,1329690,10:05:00,7.5,1329690,10:05:00,7.5,1329690,10:05:00
201605030601,201606190501,2016-06-19,10:10:00,03,195.3,275910,09:05:00,177.2,429870,09:35:00,215.9,880090,09:59:00,223.4,1329690,10:05:00,223.4,1329690,10:05:00,223.4,1329690,10:05:00
201605030601,201606190501,2016-06-19,10:10:00,04,164.7,275910,09:05:00,130.7,429870,09:35:00,144.2,880090,09:59:00,175.5,1329690,10:05:00,175.5,1329690,10:05:00,175.5,1329690,10:05:00
201605030601,201606190501,2016-06-19,10:10:00,05,40.6,275910,09:05:00,43.3,429870,09:35:00,38.8,880090,09:59:00,46.0,1329690,10:05:00,46.0,1329690,10:05:00,46.0,1329690,10:05:00
201605030601,201606190501,2016-06-19,10:10:00,06,2.7,275910,09:05:00,2.6,429870,09:35:00,2.1,880090,09:59:00,2.1,1329690,10:05:00,2.1,1329690,10:05:00,2.1,1329690,10:05:00
201605030601,201606190501,2016-06-19,10:10:00,07,21.6,275910,09:05:00,18.5,429870,09:35:00,16.5,880090,09:59:00,18.3,1329690,10:05:00,18.3,1329690,10:05:00,18.3,1329690,10:05:00
201605030601,201606190501,2016-06-19,10:10:00,08,12.9,275910,09:05:00,11.5,429870,09:35:00,11.2,880090,09:59:00,11.8,1329690,10:05:00,11.8,1329690,10:05:00,11.8,1329690,10:05:00
201605030601,201606190501,2016-06-19,10:10:00,09,44.8,275910,09:05:00,38.5,429870,09:35:00,51.6,880090,09:59:00,65.7,1329690,10:05:00,65.7,1329690,10:05:00,65.7,1329690,10:05:00
201605030601,201606190501,2016-06-19,10:10:00,10,4.5,275910,09:05:00,4.6,429870,09:35:00,4.9,880090,09:59:00,4.6,1329690,10:05:00,4.6,1329690,10:05:00,4.6,1329690,10:05:00
201605030601,201606190501,2016-06-19,10:10:00,11,139.7,275910,09:05:00,144.4,429870,09:35:00,223.5,880090,09:59:00,290.6,1329690,10:05:00,290.6,1329690,10:05:00,290.6,1329690,10:05:00
201605030601,201606190501,2016-06-19,10:10:00,12,12.1,275910,09:05:00,11.1,429870,09:35:00,12.4,880090,09:59:00,12.0,1329690,10:05:00,12.0,1329690,10:05:00,12.0,1329690,10:05:00
201605030601,201606190501,2016-06-19,10:10:00,13,98.9,275910,09:05:00,113.1,429870,09:35:00,154.4,880090,09:59:00,188.2,1329690,10:05:00,188.2,1329690,10:05:00,188.2,1329690,10:05:00
201605030601,201606190501,2016-06-19,10:10:00,14,5.7,275910,09:05:00,6.6,429870,09:35:00,8.2,880090,09:59:00,9.4,1329690,10:05:00,9.4,1329690,10:05:00,9.4,1329690,10:05:00
201605030601,201606190501,2016-06-19,10:10:00,15,176.5,275910,09:05:00,138.6,429870,09:35:00,166.4,880090,09:59:00,203.7,1329690,10:05:00,203.7,1329690,10:05:00,203.7,1329690,10:05:00
201605030601,201606190501,2016-06-19,10:10:00,16,27.2,275910,09:05:00,25.3,429870,09:35:00,32.4,880090,09:59:00,41.1,1329690,10:05:00,41.1,1329690,10:05:00,41.1,1329690,10:05:00
201605030602,201606190502,2016-06-19,10:40:00,01,3.5,166930,09:38:00,3.5,249520,10:09:00,4.0,583690,10:29:00,3.4,1005780,10:35:00,3.4,1005780,10:35:00,3.4,1005780,10:35:00
201605030602,201606190502,2016-06-19,10:40:00,02,29.9,166930,09:38:00,25.7,249520,10:09:00,24.0,583690,10:29:00,28.5,1005780,10:35:00,28.5,1005780,10:35:00,28.5,1005780,10:35:00
201605030602,201606190502,2016-06-19,10:40:00,03,90.8,166930,09:38:00,102.3,249520,10:09:00,158.8,583690,10:29:00,186.6,1005780,10:35:00,186.6,1005780,10:35:00,186.6,1005780,10:35:00
201605030602,201606190502,2016-06-19,10:40:00,04,18.0,166930,09:38:00,17.1,249520,10:09:00,30.4,583690,10:29:00,43.5,1005780,10:35:00,43.5,1005780,10:35:00,43.5,1005780,10:35:00
201605030602,201606190502,2016-06-19,10:40:00,05,6.4,166930,09:38:00,7.4,249520,10:09:00,9.5,583690,10:29:00,11.5,1005780,10:35:00,11.5,1005780,10:35:00,11.5,1005780,10:35:00
201605030602,201606190502,2016-06-19,10:40:00,06,51.5,166930,09:38:00,50.1,249520,10:09:00,80.3,583690,10:29:00,98.6,1005780,10:35:00,98.6,1005780,10:35:00,98.6,1005780,10:35:00
201605030602,201606190502,2016-06-19,10:40:00,07,21.2,166930,09:38:00,21.3,249520,10:09:00,26.8,583690,10:29:00,31.1,1005780,10:35:00,31.1,1005780,10:35:00,31.1,1005780,10:35:00
201605030602,201606190502,2016-06-19,10:40:00,08,3.6,166930,09:38:00,3.7,249520,10:09:00,2.7,583690,10:29:00,2.7,1005780,10:35:00,2.7,1005780,10:35:00,2.7,1005780,10:35:00
201605030602,201606190502,2016-06-19,10:40:00,09,6.9,166930,09:38:00,6.7,249520,10:09:00,6.5,583690,10:29:00,6.0,1005780,10:35:00,6.0,1005780,10:35:00,6.0,1005780,10:35:00
201605030602,201606190502,2016-06-19,10:40:00,10,87.2,166930,09:38:00,75.6,249520,10:09:00,127.2,583690,10:29:00,183.7,1005780,10:35:00,183.7,1005780,10:35:00,183.7,1005780,10:35:00
201605030602,201606190502,2016-06-19,10:40:00,11,40.7,166930,09:38:00,48.1,249520,10:09:00,49.1,583690,10:29:00,63.9,1005780,10:35:00,63.9,1005780,10:35:00,63.9,1005780,10:35:00
201605030602,201606190502,2016-06-19,10:40:00,12,65.1,166930,09:38:00,50.9,249520,10:09:00,40.3,583690,10:29:00,47.3,1005780,10:35:00,47.3,1005780,10:35:00,47.3,1005780,10:35:00
201605030602,201606190502,2016-06-19,10:40:00,13,5.8,166930,09:38:00,5.3,249520,10:09:00,5.1,583690,10:29:00,5.2,1005780,10:35:00,5.2,1005780,10:35:00,5.2,1005780,10:35:00
201605030602,201606190502,2016-06-19,10:40:00,14,102.7,166930,09:38:00,123.9,249520,10:09:00,174.8,583690,10:29:00,249.8,1005780,10:35:00,249.8,1005780,10:35:00,249.8,1005780,10:35:00
201605030603,201606190503,2016-06-19,11:10:00,01,28.3,269750,10:04:00,27.7,369730,10:39:00,28.2,806850,10:59:00,32.3,1350020,11:05:00,32.3,1350020,11:05:00,32.3,1350020,11:05:00
201605030603,201606190503,2016-06-19,11:10:00,02,4.4,269750,10:04:00,5.0,369730,10:39:00,8.0,806850,10:59:00,9.9,1350020,11:05:00,9.9,1350020,11:05:00,9.9,1350020,11:05:00
201605030603,201606190503,2016-06-19,11:10:00,03,23.5,269750,10:04:00,20.2,369730,10:39:00,27.1,806850,10:59:00,31.9,1350020,11:05:00,31.9,1350020,11:05:00,31.9,1350020,11:05:00
201605030603,201606190503,2016-06-19,11:10:00,04,23.4,269750,10:04:00,25.3,369730,10:39:00,44.7,806850,10:59:00,65.6,1350020,11:05:00,65.6,1350020,11:05:00,65.6,1350020,11:05:00
201605030603,201606190503,2016-06-19,11:10:00,05,7.5,269750,10:04:00,7.5,369730,10:39:00,6.8,806850,10:59:00,5.7,1350020,11:05:00,5.7,1350020,11:05:00,5.7,1350020,11:05:00
201605030603,201606190503,2016-06-19,11:10:00,06,12.0,269750,10:04:00,12.5,369730,10:39:00,14.6,806850,10:59:00,13.7,1350020,11:05:00,13.7,1350020,11:05:00,13.7,1350020,11:05:00
201605030603,201606190503,2016-06-19,11:10:00,07,130.7,269750,10:04:00,137.5,369730,10:39:00,165.0,806850,10:59:00,206.5,1350020,11:05:00,206.5,1350020,11:05:00,206.5,1350020,11:05:00
201605030603,201606190503,2016-06-19,11:10:00,08,4.0,269750,10:04:00,3.7,369730,10:39:00,3.0,806850,10:59:00,2.8,1350020,11:05:00,2.8,1350020,11:05:00,2.8,1350020,11:05:00
201605030603,201606190503,2016-06-19,11:10:00,09,102.7,269750,10:04:00,111.1,369730,10:39:00,177.8,806850,10:59:00,248.8,1350020,11:05:00,248.8,1350020,11:05:00,248.8,1350020,11:05:00
201605030603,201606190503,2016-06-19,11:10:00,10,17.4,269750,10:04:00,18.6,369730,10:39:00,21.8,806850,10:59:00,23.7,1350020,11:05:00,23.7,1350020,11:05:00,23.7,1350020,11:05:00
201605030603,201606190503,2016-06-19,11:10:00,11,99.9,269750,10:04:00,109.1,369730,10:39:00,135.0,806850,10:59:00,165.3,1350020,11:05:00,165.3,1350020,11:05:00,165.3,1350020,11:05:00
201605030603,201606190503,2016-06-19,11:10:00,12,111.8,269750,10:04:00,65.4,369730,10:39:00,68.3,806850,10:59:00,83.2,1350020,11:05:00,83.2,1350020,11:05:00,83.2,1350020,11:05:00
201605030603,201606190503,2016-06-19,11:10:00,13,3.2,269750,10:04:00,3.1,369730,10:39:00,2.6,806850,10:59:00,2.6,1350020,11:05:00,2.6,1350020,11:05:00,2.6,1350020,11:05:00
201605030603,201606190503,2016-06-19,11:10:00,14,63.4,269750,10:04:00,66.1,369730,10:39:00,76.7,806850,10:59:00,74.7,1350020,11:05:00,74.7,1350020,11:05:00,74.7,1350020,11:05:00
201605030603,201606190503,2016-06-19,11:10:00,15,63.0,269750,10:04:00,65.8,369730,10:39:00,83.3,806850,10:59:00,84.4,1350020,11:05:00,84.4,1350020,11:05:00,84.4,1350020,11:05:00
201605030603,201606190503,2016-06-19,11:10:00,16,266.4,269750,10:04:00,264.0,369730,10:39:00,322.7,806850,10:59:00,356.4,1350020,11:05:00,356.4,1350020,11:05:00,356.4,1350020,11:05:00
201605030604,201606190504,2016-06-19,11:40:00,01,11.1,264620,10:35:00,12.1,379410,11:08:00,11.4,887380,11:29:00,12.3,1666970,11:35:00,12.3,1666970,11:35:00,12.3,1666970,11:35:00
201605030604,201606190504,2016-06-19,11:40:00,02,112.6,264620,10:35:00,138.5,379410,11:08:00,165.4,887380,11:29:00,251.6,1666970,11:35:00,251.6,1666970,11:35:00,251.6,1666970,11:35:00
201605030604,201606190504,2016-06-19,11:40:00,03,80.1,264620,10:35:00,36.2,379410,11:08:00,53.9,887380,11:29:00,87.5,1666970,11:35:00,87.5,1666970,11:35:00,87.5,1666970,11:35:00
201605030604,201606190504,2016-06-19,11:40:00,04,11.2,264620,10:35:00,13.5,379410,11:08:00,24.2,887380,11:29:00,39.6,1666970,11:35:00,39.6,1666970,11:35:00,39.6,1666970,11:35:00
201605030604,201606190504,2016-06-19,11:40:00,05,2.9,264620,10:35:00,2.5,379410,11:08:00,2.2,887380,11:29:00,1.8,1666970,11:35:00,1.8,1666970,11:35:00,1.8,1666970,11:35:00
201605030604,201606190504,2016-06-19,11:40:00,06,11.4,264620,10:35:00,12.8,379410,11:08:00,16.0,887380,11:29:00,22.3,1666970,11:35:00,22.3,1666970,11:35:00,22.3,1666970,11:35:00
201605030604,201606190504,2016-06-19,11:40:00,07,31.0,264620,10:35:00,36.8,379410,11:08:00,46.6,887380,11:29:00,53.1,1666970,11:35:00,53.1,1666970,11:35:00,53.1,1666970,11:35:00
201605030604,201606190504,2016-06-19,11:40:00,08,14.8,264620,10:35:00,20.3,379410,11:08:00,34.9,887380,11:29:00,58.3,1666970,11:35:00,58.3,1666970,11:35:00,58.3,1666970,11:35:00
201605030604,201606190504,2016-06-19,11:40:00,09,59.6,264620,10:35:00,73.3,379410,11:08:00,93.0,887380,11:29:00,79.6,1666970,11:35:00,79.6,1666970,11:35:00,79.6,1666970,11:35:00
201605030604,201606190504,2016-06-19,11:40:00,10,43.9,264620,10:35:00,52.6,379410,11:08:00,60.3,887380,11:29:00,86.7,1666970,11:35:00,86.7,1666970,11:35:00,86.7,1666970,11:35:00
201605030604,201606190504,2016-06-19,11:40:00,11,3.6,264620,10:35:00,3.3,379410,11:08:00,3.1,887380,11:29:00,3.1,1666970,11:35:00,3.1,1666970,11:35:00,3.1,1666970,11:35:00
201605030604,201606190504,2016-06-19,11:40:00,12,14.4,264620,10:35:00,15.6,379410,11:08:00,11.5,887380,11:29:00,13.6,1666970,11:35:00,13.6,1666970,11:35:00,13.6,1666970,11:35:00
201605030604,201606190504,2016-06-19,11:40:00,13,69.8,264620,10:35:00,75.8,379410,11:08:00,67.4,887380,11:29:00,93.7,1666970,11:35:00,93.7,1666970,11:35:00,93.7,1666970,11:35:00
201605030604,201606190504,2016-06-19,11:40:00,14,187.3,264620,10:35:00,226.5,379410,11:08:00,276.2,887380,11:29:00,385.4,1666970,11:35:00,385.4,1666970,11:35:00,385.4,1666970,11:35:00
201605030604,201606190504,2016-06-19,11:40:00,15,151.2,264620,10:35:00,189.7,379410,11:08:00,318.3,887380,11:29:00,269.9,1666970,11:35:00,269.9,1666970,11:35:00,269.9,1666970,11:35:00
201605030604,201606190504,2016-06-19,11:40:00,16,8.9,264620,10:35:00,9.8,379410,11:08:00,11.2,887380,11:29:00,13.3,1666970,11:35:00,13.3,1666970,11:35:00,13.3,1666970,11:35:00
201605030605,201606190505,2016-06-19,12:30:00,01,69.3,681780,11:28:00,61.3,1029970,11:57:00,38.6,1740260,12:19:00,38.6,2324160,12:24:00,38.6,2324160,12:24:00,38.6,2324160,12:24:00
201605030605,201606190505,2016-06-19,12:30:00,02,173.5,681780,11:28:00,167.0,1029970,11:57:00,204.5,1740260,12:19:00,241.1,2324160,12:24:00,241.1,2324160,12:24:00,241.1,2324160,12:24:00
201605030605,201606190505,2016-06-19,12:30:00,03,43.3,681780,11:28:00,31.2,1029970,11:57:00,30.3,1740260,12:19:00,34.8,2324160,12:24:00,34.8,2324160,12:24:00,34.8,2324160,12:24:00
201605030605,201606190505,2016-06-19,12:30:00,04,5.6,681780,11:28:00,6.1,1029970,11:57:00,6.3,1740260,12:19:00,6.4,2324160,12:24:00,6.4,2324160,12:24:00,6.4,2324160,12:24:00
201605030605,201606190505,2016-06-19,12:30:00,05,54.7,681780,11:28:00,36.5,1029970,11:57:00,42.6,1740260,12:19:00,47.2,2324160,12:24:00,47.2,2324160,12:24:00,47.2,2324160,12:24:00
201605030605,201606190505,2016-06-19,12:30:00,06,1.5,681780,11:28:00,1.7,1029970,11:57:00,1.7,1740260,12:19:00,1.5,2324160,12:24:00,1.5,2324160,12:24:00,1.5,2324160,12:24:00
201605030605,201606190505,2016-06-19,12:30:00,07,112.9,681780,11:28:00,130.3,1029970,11:57:00,162.9,1740260,12:19:00,186.3,2324160,12:24:00,186.3,2324160,12:24:00,186.3,2324160,12:24:00
201605030605,201606190505,2016-06-19,12:30:00,08,19.5,681780,11:28:00,15.1,1029970,11:57:00,14.2,1740260,12:19:00,14.3,2324160,12:24:00,14.3,2324160,12:24:00,14.3,2324160,12:24:00
201605030605,201606190505,2016-06-19,12:30:00,09,94.6,681780,11:28:00,104.3,1029970,11:57:00,131.3,1740260,12:19:00,144.0,2324160,12:24:00,144.0,2324160,12:24:00,144.0,2324160,12:24:00
201605030605,201606190505,2016-06-19,12:30:00,10,91.3,681780,11:28:00,73.3,1029970,11:57:00,76.6,1740260,12:19:00,81.3,2324160,12:24:00,81.3,2324160,12:24:00,81.3,2324160,12:24:00
201605030605,201606190505,2016-06-19,12:30:00,11,51.2,681780,11:28:00,34.5,1029970,11:57:00,34.9,1740260,12:19:00,35.5,2324160,12:24:00,35.5,2324160,12:24:00,35.5,2324160,12:24:00
201605030605,201606190505,2016-06-19,12:30:00,12,6.9,681780,11:28:00,6.0,1029970,11:57:00,6.4,1740260,12:19:00,6.4,2324160,12:24:00,6.4,2324160,12:24:00,6.4,2324160,12:24:00
201605030605,201606190505,2016-06-19,12:30:00,13,20.4,681780,11:28:00,21.5,1029970,11:57:00,23.6,1740260,12:19:00,25.1,2324160,12:24:00,25.1,2324160,12:24:00,25.1,2324160,12:24:00
201605030605,201606190505,2016-06-19,12:30:00,14,41.3,681780,11:28:00,38.7,1029970,11:57:00,29.7,1740260,12:19:00,30.1,2324160,12:24:00,30.1,2324160,12:24:00,30.1,2324160,12:24:00
201605030606,201606190506,2016-06-19,13:00:00,01,74.6,468020,11:50:00,86.7,616170,12:29:00,118.2,1227350,12:49:00,148.1,1875130,12:54:00,148.1,1875130,12:54:00,148.1,1875130,12:54:00
201605030606,201606190506,2016-06-19,13:00:00,02,4.7,468020,11:50:00,4.5,616170,12:29:00,3.8,1227350,12:49:00,3.6,1875130,12:54:00,3.6,1875130,12:54:00,3.6,1875130,12:54:00
201605030606,201606190506,2016-06-19,13:00:00,03,6.5,468020,11:50:00,6.3,616170,12:29:00,6.5,1227350,12:49:00,6.1,1875130,12:54:00,6.1,1875130,12:54:00,6.1,1875130,12:54:00
201605030606,201606190506,2016-06-19,13:00:00,04,12.4,468020,11:50:00,12.9,616170,12:29:00,15.1,1227350,12:49:00,15.1,1875130,12:54:00,15.1,1875130,12:54:00,15.1,1875130,12:54:00
201605030606,201606190506,2016-06-19,13:00:00,05,6.2,468020,11:50:00,6.9,616170,12:29:00,9.3,1227350,12:49:00,11.5,1875130,12:54:00,11.5,1875130,12:54:00,11.5,1875130,12:54:00
201605030606,201606190506,2016-06-19,13:00:00,06,25.9,468020,11:50:00,21.8,616170,12:29:00,28.5,1227350,12:49:00,32.6,1875130,12:54:00,32.6,1875130,12:54:00,32.6,1875130,12:54:00
201605030606,201606190506,2016-06-19,13:00:00,07,44.5,468020,11:50:00,50.3,616170,12:29:00,72.3,1227350,12:49:00,90.5,1875130,12:54:00,90.5,1875130,12:54:00,90.5,1875130,12:54:00
201605030606,201606190506,2016-06-19,13:00:00,08,11.5,468020,11:50:00,12.3,616170,12:29:00,15.9,1227350,12:49:00,19.6,1875130,12:54:00,19.6,1875130,12:54:00,19.6,1875130,12:54:00
201605030606,201606190506,2016-06-19,13:00:00,09,55.2,468020,11:50:00,55.4,616170,12:29:00,59.8,1227350,12:49:00,60.6,1875130,12:54:00,60.6,1875130,12:54:00,60.6,1875130,12:54:00
201605030606,201606190506,2016-06-19,13:00:00,10,4.1,468020,11:50:00,3.9,616170,12:29:00,3.1,1227350,12:49:00,3.0,1875130,12:54:00,3.0,1875130,12:54:00,3.0,1875130,12:54:00
201605030606,201606190506,2016-06-19,13:00:00,11,96.6,468020,11:50:00,90.2,616170,12:29:00,126.8,1227350,12:49:00,147.6,1875130,12:54:00,147.6,1875130,12:54:00,147.6,1875130,12:54:00
201605030606,201606190506,2016-06-19,13:00:00,12,27.7,468020,11:50:00,29.8,616170,12:29:00,28.2,1227350,12:49:00,29.7,1875130,12:54:00,29.7,1875130,12:54:00,29.7,1875130,12:54:00
201605030606,201606190506,2016-06-19,13:00:00,13,30.1,468020,11:50:00,32.3,616170,12:29:00,42.3,1227350,12:49:00,43.4,1875130,12:54:00,43.4,1875130,12:54:00,43.4,1875130,12:54:00
201605030606,201606190506,2016-06-19,13:00:00,14,11.3,468020,11:50:00,12.1,616170,12:29:00,11.5,1227350,12:49:00,10.6,1875130,12:54:00,10.6,1875130,12:54:00,10.6,1875130,12:54:00
201605030607,201606190507,2016-06-19,13:30:00,01,16.4,378850,12:28:00,18.7,501810,13:00:00,26.6,1161300,13:19:00,30.0,1792050,13:24:00,30.0,1792050,13:24:00,30.0,1792050,13:24:00
201605030607,201606190507,2016-06-19,13:30:00,02,17.7,378850,12:28:00,20.8,501810,13:00:00,35.2,1161300,13:19:00,46.8,1792050,13:24:00,46.8,1792050,13:24:00,46.8,1792050,13:24:00
201605030607,201606190507,2016-06-19,13:30:00,03,7.2,378850,12:28:00,7.9,501810,13:00:00,8.3,1161300,13:19:00,8.4,1792050,13:24:00,8.4,1792050,13:24:00,8.4,1792050,13:24:00
201605030607,201606190507,2016-06-19,13:30:00,04,28.9,378850,12:28:00,27.5,501810,13:00:00,29.6,1161300,13:19:00,33.3,1792050,13:24:00,33.3,1792050,13:24:00,33.3,1792050,13:24:00
201605030607,201606190507,2016-06-19,13:30:00,05,60.3,378850,12:28:00,69.4,501810,13:00:00,95.9,1161300,13:19:00,120.2,1792050,13:24:00,120.2,1792050,13:24:00,120.2,1792050,13:24:00
201605030607,201606190507,2016-06-19,13:30:00,06,26.8,378850,12:28:00,27.3,501810,13:00:00,29.5,1161300,13:19:00,33.5,1792050,13:24:00,33.5,1792050,13:24:00,33.5,1792050,13:24:00
201605030607,201606190507,2016-06-19,13:30:00,07,2.2,378850,12:28:00,2.2,501810,13:00:00,2.0,1161300,13:19:00,1.9,1792050,13:24:00,1.9,1792050,13:24:00,1.9,1792050,13:24:00
201605030607,201606190507,2016-06-19,13:30:00,08,92.4,378850,12:28:00,105.6,501810,13:00:00,139.9,1161300,13:19:00,162.1,1792050,13:24:00,162.1,1792050,13:24:00,162.1,1792050,13:24:00
201605030607,201606190507,2016-06-19,13:30:00,09,8.4,378850,12:28:00,9.3,501810,13:00:00,9.0,1161300,13:19:00,9.4,1792050,13:24:00,9.4,1792050,13:24:00,9.4,1792050,13:24:00
201605030607,201606190507,2016-06-19,13:30:00,10,5.2,378850,12:28:00,4.3,501810,13:00:00,4.9,1161300,13:19:00,4.9,1792050,13:24:00,4.9,1792050,13:24:00,4.9,1792050,13:24:00
201605030607,201606190507,2016-06-19,13:30:00,11,180.4,378850,12:28:00,198.7,501810,13:00:00,290.3,1161300,13:19:00,346.2,1792050,13:24:00,346.2,1792050,13:24:00,346.2,1792050,13:24:00
201605030607,201606190507,2016-06-19,13:30:00,12,9.5,378850,12:28:00,8.4,501810,13:00:00,6.6,1161300,13:19:00,6.3,1792050,13:24:00,6.3,1792050,13:24:00,6.3,1792050,13:24:00
201605030607,201606190507,2016-06-19,13:30:00,13,135.3,378850,12:28:00,134.7,501810,13:00:00,169.8,1161300,13:19:00,187.8,1792050,13:24:00,187.8,1792050,13:24:00,187.8,1792050,13:24:00
201605030607,201606190507,2016-06-19,13:30:00,14,162.0,378850,12:28:00,197.7,501810,13:00:00,268.5,1161300,13:19:00,352.2,1792050,13:24:00,352.2,1792050,13:24:00,352.2,1792050,13:24:00
201605030607,201606190507,2016-06-19,13:30:00,15,113.9,378850,12:28:00,126.2,501810,13:00:00,173.0,1161300,13:19:00,209.2,1792050,13:24:00,209.2,1792050,13:24:00,209.2,1792050,13:24:00
201605030607,201606190507,2016-06-19,13:30:00,16,89.9,378850,12:28:00,101.3,501810,13:00:00,139.7,1161300,13:19:00,178.0,1792050,13:24:00,178.0,1792050,13:24:00,178.0,1792050,13:24:00
201605030608,201606190508,2016-06-19,14:01:00,01,13.5,342140,12:59:00,15.2,444700,13:29:00,20.4,1113310,13:50:00,20.2,1852490,13:56:00,20.2,1852490,13:56:00,20.2,1852490,13:56:00
201605030608,201606190508,2016-06-19,14:01:00,02,62.7,342140,12:59:00,67.6,444700,13:29:00,71.7,1113310,13:50:00,73.6,1852490,13:56:00,73.6,1852490,13:56:00,73.6,1852490,13:56:00
201605030608,201606190508,2016-06-19,14:01:00,03,56.2,342140,12:59:00,49.8,444700,13:29:00,74.5,1113310,13:50:00,95.9,1852490,13:56:00,95.9,1852490,13:56:00,95.9,1852490,13:56:00
201605030608,201606190508,2016-06-19,14:01:00,04,68.0,342140,12:59:00,67.2,444700,13:29:00,76.6,1113310,13:50:00,93.3,1852490,13:56:00,93.3,1852490,13:56:00,93.3,1852490,13:56:00
201605030608,201606190508,2016-06-19,14:01:00,05,11.2,342140,12:59:00,10.8,444700,13:29:00,9.4,1113310,13:50:00,8.7,1852490,13:56:00,8.7,1852490,13:56:00,8.7,1852490,13:56:00
201605030608,201606190508,2016-06-19,14:01:00,06,11.7,342140,12:59:00,13.2,444700,13:29:00,13.3,1113310,13:50:00,13.8,1852490,13:56:00,13.8,1852490,13:56:00,13.8,1852490,13:56:00
201605030608,201606190508,2016-06-19,14:01:00,07,10.8,342140,12:59:00,12.3,444700,13:29:00,10.6,1113310,13:50:00,10.4,1852490,13:56:00,10.4,1852490,13:56:00,10.4,1852490,13:56:00
201605030608,201606190508,2016-06-19,14:01:00,08,2.9,342140,12:59:00,3.1,444700,13:29:00,2.9,1113310,13:50:00,3.0,1852490,13:56:00,3.0,1852490,13:56:00,3.0,1852490,13:56:00
201605030608,201606190508,2016-06-19,14:01:00,09,17.0,342140,12:59:00,19.0,444700,13:29:00,15.8,1113310,13:50:00,15.6,1852490,13:56:00,15.6,1852490,13:56:00,15.6,1852490,13:56:00
201605030608,201606190508,2016-06-19,14:01:00,10,120.5,342140,12:59:00,140.0,444700,13:29:00,192.7,1113310,13:50:00,254.2,1852490,13:56:00,254.2,1852490,13:56:00,254.2,1852490,13:56:00
201605030608,201606190508,2016-06-19,14:01:00,11,165.8,342140,12:59:00,173.5,444700,13:29:00,246.7,1113310,13:50:00,339.1,1852490,13:56:00,339.1,1852490,13:56:00,339.1,1852490,13:56:00
201605030608,201606190508,2016-06-19,14:01:00,12,50.4,342140,12:59:00,57.2,444700,13:29:00,91.8,1113310,13:50:00,121.4,1852490,13:56:00,121.4,1852490,13:56:00,121.4,1852490,13:56:00
201605030608,201606190508,2016-06-19,14:01:00,13,5.4,342140,12:59:00,4.9,444700,13:29:00,5.9,1113310,13:50:00,6.0,1852490,13:56:00,6.0,1852490,13:56:00,6.0,1852490,13:56:00
201605030608,201606190508,2016-06-19,14:01:00,14,,342140,12:59:00,,444700,13:29:00,,1113310,13:50:00,,1852490,13:56:00,,1852490,13:56:00,,1852490,13:56:00
201605030608,201606190508,2016-06-19,14:01:00,15,5.7,342140,12:59:00,4.5,444700,13:29:00,4.5,1113310,13:50:00,4.2,1852490,13:56:00,4.2,1852490,13:56:00,4.2,1852490,13:56:00
201605030608,201606190508,2016-06-19,14:01:00,16,15.1,342140,12:59:00,16.2,444700,13:29:00,13.9,1113310,13:50:00,12.3,1852490,13:56:00,12.3,1852490,13:56:00,12.3,1852490,13:56:00
201605030609,201606190509,2016-06-19,14:35:00,01,7.3,416030,13:32:00,6.2,591120,14:02:00,7.1,1430900,14:24:00,7.8,1885670,14:29:00,7.8,1885670,14:29:00,7.8,1885670,14:29:00
201605030609,201606190509,2016-06-19,14:35:00,02,3.0,416030,13:32:00,2.9,591120,14:02:00,2.3,1430900,14:24:00,2.3,1885670,14:29:00,2.3,1885670,14:29:00,2.3,1885670,14:29:00
201605030609,201606190509,2016-06-19,14:35:00,03,51.4,416030,13:32:00,60.5,591120,14:02:00,88.0,1430900,14:24:00,82.9,1885670,14:29:00,82.9,1885670,14:29:00,82.9,1885670,14:29:00
201605030609,201606190509,2016-06-19,14:35:00,04,17.0,416030,13:32:00,20.0,591120,14:02:00,26.5,1430900,14:24:00,27.6,1885670,14:29:00,27.6,1885670,14:29:00,27.6,1885670,14:29:00
201605030609,201606190509,2016-06-19,14:35:00,05,12.2,416030,13:32:00,13.4,591120,14:02:00,12.3,1430900,14:24:00,13.0,1885670,14:29:00,13.0,1885670,14:29:00,13.0,1885670,14:29:00
201605030609,201606190509,2016-06-19,14:35:00,06,3.0,416030,13:32:00,2.8,591120,14:02:00,2.9,1430900,14:24:00,2.8,1885670,14:29:00,2.8,1885670,14:29:00,2.8,1885670,14:29:00
201605030609,201606190509,2016-06-19,14:35:00,07,5.0,416030,13:32:00,5.5,591120,14:02:00,5.7,1430900,14:24:00,5.8,1885670,14:29:00,5.8,1885670,14:29:00,5.8,1885670,14:29:00
201605030609,201606190509,2016-06-19,14:35:00,08,28.6,416030,13:32:00,32.5,591120,14:02:00,50.1,1430900,14:24:00,45.4,1885670,14:29:00,45.4,1885670,14:29:00,45.4,1885670,14:29:00
201605030609,201606190509,2016-06-19,14:35:00,09,16.9,416030,13:32:00,19.3,591120,14:02:00,33.0,1430900,14:24:00,36.8,1885670,14:29:00,36.8,1885670,14:29:00,36.8,1885670,14:29:00
201605030610,201606190510,2016-06-19,15:10:00,01,46.9,1083020,14:07:00,49.2,1396070,14:40:00,61.6,2612490,14:59:00,65.7,3224310,15:04:00,65.7,3224310,15:04:00,65.7,3224310,15:04:00
201605030610,201606190510,2016-06-19,15:10:00,02,209.7,1083020,14:07:00,199.0,1396070,14:40:00,274.6,2612490,14:59:00,307.0,3224310,15:04:00,307.0,3224310,15:04:00,307.0,3224310,15:04:00
201605030610,201606190510,2016-06-19,15:10:00,03,7.9,1083020,14:07:00,8.1,1396070,14:40:00,8.0,2612490,14:59:00,7.7,3224310,15:04:00,7.7,3224310,15:04:00,7.7,3224310,15:04:00
201605030610,201606190510,2016-06-19,15:10:00,04,105.7,1083020,14:07:00,117.3,1396070,14:40:00,143.6,2612490,14:59:00,157.1,3224310,15:04:00,157.1,3224310,15:04:00,157.1,3224310,15:04:00
201605030610,201606190510,2016-06-19,15:10:00,05,184.7,1083020,14:07:00,192.5,1396070,14:40:00,265.5,2612490,14:59:00,282.5,3224310,15:04:00,282.5,3224310,15:04:00,282.5,3224310,15:04:00
201605030610,201606190510,2016-06-19,15:10:00,06,31.7,1083020,14:07:00,33.3,1396070,14:40:00,39.7,2612490,14:59:00,41.0,3224310,15:04:00,41.0,3224310,15:04:00,41.0,3224310,15:04:00
201605030610,201606190510,2016-06-19,15:10:00,07,103.3,1083020,14:07:00,109.6,1396070,14:40:00,156.9,2612490,14:59:00,166.5,3224310,15:04:00,166.5,3224310,15:04:00,166.5,3224310,15:04:00
201605030610,201606190510,2016-06-19,15:10:00,08,92.4,1083020,14:07:00,100.0,1396070,14:40:00,134.4,2612490,14:59:00,147.3,3224310,15:04:00,147.3,3224310,15:04:00,147.3,3224310,15:04:00
201605030610,201606190510,2016-06-19,15:10:00,09,16.9,1083020,14:07:00,16.6,1396070,14:40:00,16.6,2612490,14:59:00,16.1,3224310,15:04:00,16.1,3224310,15:04:00,16.1,3224310,15:04:00
201605030610,201606190510,2016-06-19,15:10:00,10,7.1,1083020,14:07:00,6.8,1396070,14:40:00,7.1,2612490,14:59:00,6.6,3224310,15:04:00,6.6,3224310,15:04:00,6.6,3224310,15:04:00
201605030610,201606190510,2016-06-19,15:10:00,11,15.6,1083020,14:07:00,16.3,1396070,14:40:00,16.6,2612490,14:59:00,15.6,3224310,15:04:00,15.6,3224310,15:04:00,15.6,3224310,15:04:00
201605030610,201606190510,2016-06-19,15:10:00,12,17.8,1083020,14:07:00,17.8,1396070,14:40:00,18.3,2612490,14:59:00,17.0,3224310,15:04:00,17.0,3224310,15:04:00,17.0,3224310,15:04:00
201605030610,201606190510,2016-06-19,15:10:00,13,59.9,1083020,14:07:00,56.9,1396070,14:40:00,72.8,2612490,14:59:00,75.4,3224310,15:04:00,75.4,3224310,15:04:00,75.4,3224310,15:04:00
201605030610,201606190510,2016-06-19,15:10:00,14,145.6,1083020,14:07:00,160.6,1396070,14:40:00,173.7,2612490,14:59:00,187.4,3224310,15:04:00,187.4,3224310,15:04:00,187.4,3224310,15:04:00
201605030610,201606190510,2016-06-19,15:10:00,15,49.1,1083020,14:07:00,53.1,1396070,14:40:00,60.5,2612490,14:59:00,64.4,3224310,15:04:00,64.4,3224310,15:04:00,64.4,3224310,15:04:00
201605030610,201606190510,2016-06-19,15:10:00,16,1.4,1083020,14:07:00,1.4,1396070,14:40:00,1.4,2612490,14:59:00,1.4,3224310,15:04:00,1.4,3224310,15:04:00,1.4,3224310,15:04:00
201605030611,201606190511,2016-06-19,15:45:00,01,32.4,6026560,14:44:00,33.8,7178370,15:12:00,38.8,10364310,15:34:00,42.1,12972420,15:39:00,42.1,12972420,15:39:00,42.1,12972420,15:39:00
201605030611,201606190511,2016-06-19,15:45:00,02,220.7,6026560,14:44:00,234.1,7178370,15:12:00,276.3,10364310,15:34:00,303.6,12972420,15:39:00,303.6,12972420,15:39:00,303.6,12972420,15:39:00
201605030611,201606190511,2016-06-19,15:45:00,03,64.0,6026560,14:44:00,67.5,7178370,15:12:00,78.8,10364310,15:34:00,81.0,12972420,15:39:00,81.0,12972420,15:39:00,81.0,12972420,15:39:00
201605030611,201606190511,2016-06-19,15:45:00,04,8.7,6026560,14:44:00,9.1,7178370,15:12:00,9.0,10364310,15:34:00,9.3,12972420,15:39:00,9.3,12972420,15:39:00,9.3,12972420,15:39:00
201605030611,201606190511,2016-06-19,15:45:00,05,171.2,6026560,14:44:00,175.9,7178370,15:12:00,209.3,10364310,15:34:00,220.4,12972420,15:39:00,220.4,12972420,15:39:00,220.4,12972420,15:39:00
201605030611,201606190511,2016-06-19,15:45:00,06,18.5,6026560,14:44:00,19.8,7178370,15:12:00,19.6,10364310,15:34:00,19.2,12972420,15:39:00,19.2,12972420,15:39:00,19.2,12972420,15:39:00
201605030611,201606190511,2016-06-19,15:45:00,07,111.3,6026560,14:44:00,118.4,7178370,15:12:00,139.3,10364310,15:34:00,155.1,12972420,15:39:00,155.1,12972420,15:39:00,155.1,12972420,15:39:00
201605030611,201606190511,2016-06-19,15:45:00,08,102.1,6026560,14:44:00,110.5,7178370,15:12:00,135.0,10364310,15:34:00,148.8,12972420,15:39:00,148.8,12972420,15:39:00,148.8,12972420,15:39:00
201605030611,201606190511,2016-06-19,15:45:00,09,55.6,6026560,14:44:00,58.8,7178370,15:12:00,69.6,10364310,15:34:00,78.6,12972420,15:39:00,78.6,12972420,15:39:00,78.6,12972420,15:39:00
201605030611,201606190511,2016-06-19,15:45:00,10,26.3,6026560,14:44:00,25.8,7178370,15:12:00,28.0,10364310,15:34:00,29.6,12972420,15:39:00,29.6,12972420,15:39:00,29.6,12972420,15:39:00
201605030611,201606190511,2016-06-19,15:45:00,11,11.6,6026560,14:44:00,12.0,7178370,15:12:00,11.2,10364310,15:34:00,11.6,12972420,15:39:00,11.6,12972420,15:39:00,11.6,12972420,15:39:00
201605030611,201606190511,2016-06-19,15:45:00,12,2.9,6026560,14:44:00,2.8,7178370,15:12:00,3.0,10364310,15:34:00,3.0,12972420,15:39:00,3.0,12972420,15:39:00,3.0,12972420,15:39:00
201605030611,201606190511,2016-06-19,15:45:00,13,3.2,6026560,14:44:00,3.2,7178370,15:12:00,3.0,10364310,15:34:00,2.9,12972420,15:39:00,2.9,12972420,15:39:00,2.9,12972420,15:39:00
201605030611,201606190511,2016-06-19,15:45:00,14,5.5,6026560,14:44:00,5.2,7178370,15:12:00,4.9,10364310,15:34:00,4.8,12972420,15:39:00,4.8,12972420,15:39:00,4.8,12972420,15:39:00
201605030611,201606190511,2016-06-19,15:45:00,15,68.5,6026560,14:44:00,74.1,7178370,15:12:00,88.3,10364310,15:34:00,95.6,12972420,15:39:00,95.6,12972420,15:39:00,95.6,12972420,15:39:00
201605030611,201606190511,2016-06-19,15:45:00,16,45.4,6026560,14:44:00,46.3,7178370,15:12:00,48.4,10364310,15:34:00,50.6,12972420,15:39:00,50.6,12972420,15:39:00,50.6,12972420,15:39:00
201605030612,201606190512,2016-06-19,16:30:00,01,57.4,529310,15:28:00,70.2,913190,15:59:00,81.5,2688120,16:19:00,86.6,4482350,16:24:00,86.6,4482350,16:24:00,86.6,4482350,16:24:00
201605030612,201606190512,2016-06-19,16:30:00,02,24.8,529310,15:28:00,30.7,913190,15:59:00,49.8,2688120,16:19:00,57.9,4482350,16:24:00,57.9,4482350,16:24:00,57.9,4482350,16:24:00
201605030612,201606190512,2016-06-19,16:30:00,03,180.9,529310,15:28:00,222.0,913190,15:59:00,266.4,2688120,16:19:00,335.7,4482350,16:24:00,335.7,4482350,16:24:00,335.7,4482350,16:24:00
201605030612,201606190512,2016-06-19,16:30:00,04,71.1,529310,15:28:00,90.0,913190,15:59:00,127.0,2688120,16:19:00,166.1,4482350,16:24:00,166.1,4482350,16:24:00,166.1,4482350,16:24:00
201605030612,201606190512,2016-06-19,16:30:00,05,3.7,529310,15:28:00,2.8,913190,15:59:00,2.5,2688120,16:19:00,2.6,4482350,16:24:00,2.6,4482350,16:24:00,2.6,4482350,16:24:00
201605030612,201606190512,2016-06-19,16:30:00,06,73.1,529310,15:28:00,100.6,913190,15:59:00,139.0,2688120,16:19:00,182.0,4482350,16:24:00,182.0,4482350,16:24:00,182.0,4482350,16:24:00
201605030612,201606190512,2016-06-19,16:30:00,07,8.3,529310,15:28:00,7.5,913190,15:59:00,7.4,2688120,16:19:00,6.7,4482350,16:24:00,6.7,4482350,16:24:00,6.7,4482350,16:24:00
201605030612,201606190512,2016-06-19,16:30:00,08,102.2,529310,15:28:00,144.0,913190,15:59:00,168.7,2688120,16:19:00,230.1,4482350,16:24:00,230.1,4482350,16:24:00,230.1,4482350,16:24:00
201605030612,201606190512,2016-06-19,16:30:00,09,14.2,529310,15:28:00,16.0,913190,15:59:00,16.1,2688120,16:19:00,15.9,4482350,16:24:00,15.9,4482350,16:24:00,15.9,4482350,16:24:00
201605030612,201606190512,2016-06-19,16:30:00,10,7.3,529310,15:28:00,7.5,913190,15:59:00,7.5,2688120,16:19:00,6.6,4482350,16:24:00,6.6,4482350,16:24:00,6.6,4482350,16:24:00
201605030612,201606190512,2016-06-19,16:30:00,11,12.9,529310,15:28:00,16.3,913190,15:59:00,24.9,2688120,16:19:00,28.0,4482350,16:24:00,28.0,4482350,16:24:00,28.0,4482350,16:24:00
201605030612,201606190512,2016-06-19,16:30:00,12,22.1,529310,15:28:00,29.7,913190,15:59:00,56.4,2688120,16:19:00,71.4,4482350,16:24:00,71.4,4482350,16:24:00,71.4,4482350,16:24:00
201605030612,201606190512,2016-06-19,16:30:00,13,14.5,529310,15:28:00,17.6,913190,15:59:00,22.1,2688120,16:19:00,25.7,4482350,16:24:00,25.7,4482350,16:24:00,25.7,4482350,16:24:00
201605030612,201606190512,2016-06-19,16:30:00,14,15.0,529310,15:28:00,20.0,913190,15:59:00,32.5,2688120,16:19:00,35.8,4482350,16:24:00,35.8,4482350,16:24:00,35.8,4482350,16:24:00
201605030612,201606190512,2016-06-19,16:30:00,15,6.8,529310,15:28:00,7.3,913190,15:59:00,6.0,2688120,16:19:00,5.9,4482350,16:24:00,5.9,4482350,16:24:00,5.9,4482350,16:24:00
201605030612,201606190512,2016-06-19,16:30:00,16,6.5,529310,15:28:00,6.6,913190,15:59:00,5.5,2688120,16:19:00,5.4,4482350,16:24:00,5.4,4482350,16:24:00,5.4,4482350,16:24:00
201605030701,201606250501,2016-06-25,10:10:00,01,207.1,450980,09:10:00,223.3,772720,09:40:00,219.8,1202680,09:59:00,247.5,1605330,10:04:00,247.5,1605330,10:04:00,247.5,1605330,10:04:00
201605030701,201606250501,2016-06-25,10:10:00,02,2.5,450980,09:10:00,3.1,772720,09:40:00,2.8,1202680,09:59:00,2.6,1605330,10:04:00,2.6,1605330,10:04:00,2.6,1605330,10:04:00
201605030701,201606250501,2016-06-25,10:10:00,03,62.4,450980,09:10:00,55.7,772720,09:40:00,64.4,1202680,09:59:00,78.7,1605330,10:04:00,78.7,1605330,10:04:00,78.7,1605330,10:04:00
201605030701,201606250501,2016-06-25,10:10:00,04,177.4,450980,09:10:00,211.8,772720,09:40:00,219.8,1202680,09:59:00,277.8,1605330,10:04:00,277.8,1605330,10:04:00,277.8,1605330,10:04:00
201605030701,201606250501,2016-06-25,10:10:00,05,119.7,450980,09:10:00,86.4,772720,09:40:00,91.4,1202680,09:59:00,100.4,1605330,10:04:00,100.4,1605330,10:04:00,100.4,1605330,10:04:00
201605030701,201606250501,2016-06-25,10:10:00,06,150.8,450980,09:10:00,163.7,772720,09:40:00,148.3,1202680,09:59:00,128.6,1605330,10:04:00,128.6,1605330,10:04:00,128.6,1605330,10:04:00
201605030701,201606250501,2016-06-25,10:10:00,07,161.7,450980,09:10:00,170.9,772720,09:40:00,156.5,1202680,09:59:00,174.6,1605330,10:04:00,174.6,1605330,10:04:00,174.6,1605330,10:04:00
201605030701,201606250501,2016-06-25,10:10:00,08,2.2,450980,09:10:00,1.8,772720,09:40:00,2.0,1202680,09:59:00,2.0,1605330,10:04:00,2.0,1605330,10:04:00,2.0,1605330,10:04:00
201605030701,201606250501,2016-06-25,10:10:00,09,11.6,450980,09:10:00,13.6,772720,09:40:00,12.9,1202680,09:59:00,13.9,1605330,10:04:00,13.9,1605330,10:04:00,13.9,1605330,10:04:00
201605030701,201606250501,2016-06-25,10:10:00,10,45.6,450980,09:10:00,49.0,772720,09:40:00,50.2,1202680,09:59:00,52.8,1605330,10:04:00,52.8,1605330,10:04:00,52.8,1605330,10:04:00
201605030701,201606250501,2016-06-25,10:10:00,11,93.7,450980,09:10:00,116.7,772720,09:40:00,136.8,1202680,09:59:00,159.6,1605330,10:04:00,159.6,1605330,10:04:00,159.6,1605330,10:04:00
201605030701,201606250501,2016-06-25,10:10:00,12,21.7,450980,09:10:00,20.9,772720,09:40:00,19.0,1202680,09:59:00,18.5,1605330,10:04:00,18.5,1605330,10:04:00,18.5,1605330,10:04:00
201605030701,201606250501,2016-06-25,10:10:00,13,10.4,450980,09:10:00,11.0,772720,09:40:00,11.0,1202680,09:59:00,11.5,1605330,10:04:00,11.5,1605330,10:04:00,11.5,1605330,10:04:00
201605030701,201606250501,2016-06-25,10:10:00,14,200.6,450980,09:10:00,203.2,772720,09:40:00,230.6,1202680,09:59:00,229.7,1605330,10:04:00,229.7,1605330,10:04:00,229.7,1605330,10:04:00
201605030701,201606250501,2016-06-25,10:10:00,15,139.8,450980,09:10:00,164.1,772720,09:40:00,162.9,1202680,09:59:00,176.0,1605330,10:04:00,176.0,1605330,10:04:00,176.0,1605330,10:04:00
201605030701,201606250501,2016-06-25,10:10:00,16,42.8,450980,09:10:00,41.6,772720,09:40:00,30.9,1202680,09:59:00,33.4,1605330,10:04:00,33.4,1605330,10:04:00,33.4,1605330,10:04:00
201605030702,201606250502,2016-06-25,10:35:00,01,3.5,192740,09:27:00,3.8,313230,10:04:00,3.7,575100,10:24:00,3.5,929460,10:29:00,3.5,929460,10:29:00,3.5,929460,10:29:00
201605030702,201606250502,2016-06-25,10:35:00,02,5.3,192740,09:27:00,5.5,313230,10:04:00,5.5,575100,10:24:00,5.3,929460,10:29:00,5.3,929460,10:29:00,5.3,929460,10:29:00
201605030702,201606250502,2016-06-25,10:35:00,03,29.5,192740,09:27:00,25.2,313230,10:04:00,29.4,575100,10:24:00,37.7,929460,10:29:00,37.7,929460,10:29:00,37.7,929460,10:29:00
201605030702,201606250502,2016-06-25,10:35:00,04,290.9,192740,09:27:00,194.2,313230,10:04:00,240.8,575100,10:24:00,298.6,929460,10:29:00,298.6,929460,10:29:00,298.6,929460,10:29:00
201605030702,201606250502,2016-06-25,10:35:00,05,17.3,192740,09:27:00,17.8,313230,10:04:00,16.2,575100,10:24:00,16.5,929460,10:29:00,16.5,929460,10:29:00,16.5,929460,10:29:00
201605030702,201606250502,2016-06-25,10:35:00,06,152.6,192740,09:27:00,164.8,313230,10:04:00,165.4,575100,10:24:00,200.9,929460,10:29:00,200.9,929460,10:29:00,200.9,929460,10:29:00
201605030702,201606250502,2016-06-25,10:35:00,07,4.2,192740,09:27:00,4.0,313230,10:04:00,3.6,575100,10:24:00,3.4,929460,10:29:00,3.4,929460,10:29:00,3.4,929460,10:29:00
201605030702,201606250502,2016-06-25,10:35:00,08,13.8,192740,09:27:00,13.2,313230,10:04:00,12.3,575100,10:24:00,11.8,929460,10:29:00,11.8,929460,10:29:00,11.8,929460,10:29:00
201605030702,201606250502,2016-06-25,10:35:00,09,36.8,192740,09:27:00,32.5,313230,10:04:00,43.0,575100,10:24:00,61.0,929460,10:29:00,61.0,929460,10:29:00,61.0,929460,10:29:00
201605030702,201606250502,2016-06-25,10:35:00,10,16.1,192740,09:27:00,13.8,313230,10:04:00,14.3,575100,10:24:00,17.8,929460,10:29:00,17.8,929460,10:29:00,17.8,929460,10:29:00
201605030702,201606250502,2016-06-25,10:35:00,11,71.3,192740,09:27:00,58.5,313230,10:04:00,50.8,575100,10:24:00,66.1,929460,10:29:00,66.1,929460,10:29:00,66.1,929460,10:29:00
201605030702,201606250502,2016-06-25,10:35:00,12,20.9,192740,09:27:00,22.9,313230,10:04:00,22.4,575100,10:24:00,28.5,929460,10:29:00,28.5,929460,10:29:00,28.5,929460,10:29:00
201605030702,201606250502,2016-06-25,10:35:00,13,162.3,192740,09:27:00,184.2,313230,10:04:00,194.1,575100,10:24:00,245.4,929460,10:29:00,245.4,929460,10:29:00,245.4,929460,10:29:00
201605030702,201606250502,2016-06-25,10:35:00,14,4.6,192740,09:27:00,4.8,313230,10:04:00,5.6,575100,10:24:00,5.6,929460,10:29:00,5.6,929460,10:29:00,5.6,929460,10:29:00
201605030702,201606250502,2016-06-25,10:35:00,15,148.2,192740,09:27:00,154.6,313230,10:04:00,170.4,575100,10:24:00,202.0,929460,10:29:00,202.0,929460,10:29:00,202.0,929460,10:29:00
201605030703,201606250503,2016-06-25,11:05:00,01,4.4,236040,10:04:00,4.8,285190,10:29:00,6.1,753730,10:54:00,6.3,1226390,10:59:00,6.3,1226390,10:59:00,6.3,1226390,10:59:00
201605030703,201606250503,2016-06-25,11:05:00,02,34.5,236040,10:04:00,32.3,285190,10:29:00,41.9,753730,10:54:00,28.7,1226390,10:59:00,28.7,1226390,10:59:00,28.7,1226390,10:59:00
201605030703,201606250503,2016-06-25,11:05:00,03,209.8,236040,10:04:00,223.6,285190,10:29:00,235.5,753730,10:54:00,268.7,1226390,10:59:00,268.7,1226390,10:59:00,268.7,1226390,10:59:00
201605030703,201606250503,2016-06-25,11:05:00,04,18.4,236040,10:04:00,19.5,285190,10:29:00,15.8,753730,10:54:00,19.5,1226390,10:59:00,19.5,1226390,10:59:00,19.5,1226390,10:59:00
201605030703,201606250503,2016-06-25,11:05:00,05,2.4,236040,10:04:00,2.4,285190,10:29:00,2.0,753730,10:54:00,1.9,1226390,10:59:00,1.9,1226390,10:59:00,1.9,1226390,10:59:00
201605030703,201606250503,2016-06-25,11:05:00,06,11.1,236040,10:04:00,11.5,285190,10:29:00,11.2,753730,10:54:00,10.9,1226390,10:59:00,10.9,1226390,10:59:00,10.9,1226390,10:59:00
201605030703,201606250503,2016-06-25,11:05:00,07,47.0,236040,10:04:00,46.0,285190,10:29:00,57.8,753730,10:54:00,64.8,1226390,10:59:00,64.8,1226390,10:59:00,64.8,1226390,10:59:00
201605030703,201606250503,2016-06-25,11:05:00,08,49.5,236040,10:04:00,52.6,285190,10:29:00,69.7,753730,10:54:00,95.0,1226390,10:59:00,95.0,1226390,10:59:00,95.0,1226390,10:59:00
201605030703,201606250503,2016-06-25,11:05:00,09,137.8,236040,10:04:00,117.6,285190,10:29:00,94.8,753730,10:54:00,123.7,1226390,10:59:00,123.7,1226390,10:59:00,123.7,1226390,10:59:00
201605030703,201606250503,2016-06-25,11:05:00,10,13.2,236040,10:04:00,13.4,285190,10:29:00,10.1,753730,10:54:00,10.1,1226390,10:59:00,10.1,1226390,10:59:00,10.1,1226390,10:59:00
201605030703,201606250503,2016-06-25,11:05:00,11,37.3,236040,10:04:00,36.4,285190,10:29:00,42.8,753730,10:54:00,47.8,1226390,10:59:00,47.8,1226390,10:59:00,47.8,1226390,10:59:00
201605030703,201606250503,2016-06-25,11:05:00,12,17.0,236040,10:04:00,17.9,285190,10:29:00,19.0,753730,10:54:00,18.9,1226390,10:59:00,18.9,1226390,10:59:00,18.9,1226390,10:59:00
201605030703,201606250503,2016-06-25,11:05:00,13,5.0,236040,10:04:00,4.6,285190,10:29:00,5.6,753730,10:54:00,6.2,1226390,10:59:00,6.2,1226390,10:59:00,6.2,1226390,10:59:00
201605030703,201606250503,2016-06-25,11:05:00,14,162.7,236040,10:04:00,165.3,285190,10:29:00,182.1,753730,10:54:00,206.1,1226390,10:59:00,206.1,1226390,10:59:00,206.1,1226390,10:59:00
201605030703,201606250503,2016-06-25,11:05:00,15,48.9,236040,10:04:00,45.0,285190,10:29:00,63.3,753730,10:54:00,67.6,1226390,10:59:00,67.6,1226390,10:59:00,67.6,1226390,10:59:00
201605030703,201606250503,2016-06-25,11:05:00,16,161.3,236040,10:04:00,178.2,285190,10:29:00,183.2,753730,10:54:00,206.9,1226390,10:59:00,206.9,1226390,10:59:00,206.9,1226390,10:59:00
201605030704,201606250504,2016-06-25,11:35:00,01,35.4,261350,10:31:00,30.7,328960,11:01:00,28.5,799840,11:24:00,33.8,1321410,11:29:00,33.8,1321410,11:29:00,33.8,1321410,11:29:00
201605030704,201606250504,2016-06-25,11:35:00,02,54.5,261350,10:31:00,54.2,328960,11:01:00,59.5,799840,11:24:00,80.8,1321410,11:29:00,80.8,1321410,11:29:00,80.8,1321410,11:29:00
201605030704,201606250504,2016-06-25,11:35:00,03,175.6,261350,10:31:00,152.1,328960,11:01:00,127.2,799840,11:24:00,165.1,1321410,11:29:00,165.1,1321410,11:29:00,165.1,1321410,11:29:00
201605030704,201606250504,2016-06-25,11:35:00,04,3.6,261350,10:31:00,3.4,328960,11:01:00,3.1,799840,11:24:00,3.3,1321410,11:29:00,3.3,1321410,11:29:00,3.3,1321410,11:29:00
201605030704,201606250504,2016-06-25,11:35:00,05,81.9,261350,10:31:00,78.0,328960,11:01:00,70.6,799840,11:24:00,90.9,1321410,11:29:00,90.9,1321410,11:29:00,90.9,1321410,11:29:00
201605030704,201606250504,2016-06-25,11:35:00,06,40.5,261350,10:31:00,42.7,328960,11:01:00,64.1,799840,11:24:00,77.5,1321410,11:29:00,77.5,1321410,11:29:00,77.5,1321410,11:29:00
201605030704,201606250504,2016-06-25,11:35:00,07,3.5,261350,10:31:00,3.9,328960,11:01:00,4.5,799840,11:24:00,4.1,1321410,11:29:00,4.1,1321410,11:29:00,4.1,1321410,11:29:00
201605030704,201606250504,2016-06-25,11:35:00,08,7.9,261350,10:31:00,7.9,328960,11:01:00,7.5,799840,11:24:00,8.1,1321410,11:29:00,8.1,1321410,11:29:00,8.1,1321410,11:29:00
201605030704,201606250504,2016-06-25,11:35:00,09,145.1,261350,10:31:00,154.8,328960,11:01:00,160.3,799840,11:24:00,202.5,1321410,11:29:00,202.5,1321410,11:29:00,202.5,1321410,11:29:00
201605030704,201606250504,2016-06-25,11:35:00,10,144.1,261350,10:31:00,143.8,328960,11:01:00,179.2,799840,11:24:00,214.4,1321410,11:29:00,214.4,1321410,11:29:00,214.4,1321410,11:29:00
201605030704,201606250504,2016-06-25,11:35:00,11,7.4,261350,10:31:00,7.3,328960,11:01:00,8.3,799840,11:24:00,8.8,1321410,11:29:00,8.8,1321410,11:29:00,8.8,1321410,11:29:00
201605030704,201606250504,2016-06-25,11:35:00,12,7.8,261350,10:31:00,7.2,328960,11:01:00,6.4,799840,11:24:00,4.5,1321410,11:29:00,4.5,1321410,11:29:00,4.5,1321410,11:29:00
201605030704,201606250504,2016-06-25,11:35:00,13,211.1,261350,10:31:00,167.6,328960,11:01:00,145.4,799840,11:24:00,177.9,1321410,11:29:00,177.9,1321410,11:29:00,177.9,1321410,11:29:00
201605030704,201606250504,2016-06-25,11:35:00,14,24.9,261350,10:31:00,27.1,328960,11:01:00,23.1,799840,11:24:00,26.7,1321410,11:29:00,26.7,1321410,11:29:00,26.7,1321410,11:29:00
201605030704,201606250504,2016-06-25,11:35:00,15,17.8,261350,10:31:00,19.4,328960,11:01:00,16.6,799840,11:24:00,21.5,1321410,11:29:00,21.5,1321410,11:29:00,21.5,1321410,11:29:00
201605030704,201606250504,2016-06-25,11:35:00,16,122.9,261350,10:31:00,116.4,328960,11:01:00,67.9,799840,11:24:00,92.1,1321410,11:29:00,92.1,1321410,11:29:00,92.1,1321410,11:29:00
201605030704,201606250504,2016-06-25,11:35:00,17,9.9,261350,10:31:00,10.2,328960,11:01:00,12.2,799840,11:24:00,14.3,1321410,11:29:00,14.3,1321410,11:29:00,14.3,1321410,11:29:00
201605030705,201606250505,2016-06-25,12:25:00,01,103.5,600050,11:21:00,118.0,1094850,11:54:00,119.9,1740000,12:14:00,125.3,2467140,12:20:00,125.3,2467140,12:20:00,125.3,2467140,12:20:00
201605030705,201606250505,2016-06-25,12:25:00,02,30.4,600050,11:21:00,41.6,1094850,11:54:00,51.6,1740000,12:14:00,64.2,2467140,12:20:00,64.2,2467140,12:20:00,64.2,2467140,12:20:00
201605030705,201606250505,2016-06-25,12:25:00,03,43.5,600050,11:21:00,51.3,1094850,11:54:00,48.8,1740000,12:14:00,48.5,2467140,12:20:00,48.5,2467140,12:20:00,48.5,2467140,12:20:00
201605030705,201606250505,2016-06-25,12:25:00,04,8.3,600050,11:21:00,7.9,1094850,11:54:00,7.4,1740000,12:14:00,7.2,2467140,12:20:00,7.2,2467140,12:20:00,7.2,2467140,12:20:00
201605030705,201606250505,2016-06-25,12:25:00,05,18.7,600050,11:21:00,21.2,1094850,11:54:00,19.6,1740000,12:14:00,19.6,2467140,12:20:00,19.6,2467140,12:20:00,19.6,2467140,12:20:00
201605030705,201606250505,2016-06-25,12:25:00,06,5.4,600050,11:21:00,5.9,1094850,11:54:00,6.2,1740000,12:14:00,6.0,2467140,12:20:00,6.0,2467140,12:20:00,6.0,2467140,12:20:00
201605030705,201606250505,2016-06-25,12:25:00,07,43.8,600050,11:21:00,46.7,1094850,11:54:00,50.1,1740000,12:14:00,53.2,2467140,12:20:00,53.2,2467140,12:20:00,53.2,2467140,12:20:00
201605030705,201606250505,2016-06-25,12:25:00,08,32.3,600050,11:21:00,35.4,1094850,11:54:00,35.4,1740000,12:14:00,36.2,2467140,12:20:00,36.2,2467140,12:20:00,36.2,2467140,12:20:00
201605030705,201606250505,2016-06-25,12:25:00,09,119.4,600050,11:21:00,149.6,1094850,11:54:00,166.2,1740000,12:14:00,183.2,2467140,12:20:00,183.2,2467140,12:20:00,183.2,2467140,12:20:00
201605030705,201606250505,2016-06-25,12:25:00,10,7.7,600050,11:21:00,9.2,1094850,11:54:00,10.3,1740000,12:14:00,11.1,2467140,12:20:00,11.1,2467140,12:20:00,11.1,2467140,12:20:00
201605030705,201606250505,2016-06-25,12:25:00,11,2.2,600050,11:21:00,2.0,1094850,11:54:00,2.0,1740000,12:14:00,2.0,2467140,12:20:00,2.0,2467140,12:20:00,2.0,2467140,12:20:00
201605030705,201606250505,2016-06-25,12:25:00,12,182.1,600050,11:21:00,195.0,1094850,11:54:00,187.8,1740000,12:14:00,212.1,2467140,12:20:00,212.1,2467140,12:20:00,212.1,2467140,12:20:00
201605030705,201606250505,2016-06-25,12:25:00,13,24.2,600050,11:21:00,26.7,1094850,11:54:00,23.3,1740000,12:14:00,24.9,2467140,12:20:00,24.9,2467140,12:20:00,24.9,2467140,12:20:00
201605030705,201606250505,2016-06-25,12:25:00,14,110.8,600050,11:21:00,137.1,1094850,11:54:00,148.4,1740000,12:14:00,157.3,2467140,12:20:00,157.3,2467140,12:20:00,157.3,2467140,12:20:00
201605030705,201606250505,2016-06-25,12:25:00,15,172.2,600050,11:21:00,208.5,1094850,11:54:00,223.0,1740000,12:14:00,225.8,2467140,12:20:00,225.8,2467140,12:20:00,225.8,2467140,12:20:00
201605030705,201606250505,2016-06-25,12:25:00,16,13.8,600050,11:21:00,12.8,1094850,11:54:00,10.7,1740000,12:14:00,10.8,2467140,12:20:00,10.8,2467140,12:20:00,10.8,2467140,12:20:00
201605030706,201606250506,2016-06-25,12:55:00,01,108.5,290440,11:53:00,116.6,363100,12:22:00,148.3,881110,12:44:00,197.5,1481550,12:50:00,197.5,1481550,12:50:00,197.5,1481550,12:50:00
201605030706,201606250506,2016-06-25,12:55:00,02,33.1,290440,11:53:00,36.5,363100,12:22:00,43.3,881110,12:44:00,60.0,1481550,12:50:00,60.0,1481550,12:50:00,60.0,1481550,12:50:00
201605030706,201606250506,2016-06-25,12:55:00,03,2.6,290440,11:53:00,2.5,363100,12:22:00,2.4,881110,12:44:00,2.1,1481550,12:50:00,2.1,1481550,12:50:00,2.1,1481550,12:50:00
201605030706,201606250506,2016-06-25,12:55:00,04,55.8,290440,11:53:00,56.7,363100,12:22:00,67.8,881110,12:44:00,81.2,1481550,12:50:00,81.2,1481550,12:50:00,81.2,1481550,12:50:00
201605030706,201606250506,2016-06-25,12:55:00,05,32.3,290440,11:53:00,33.2,363100,12:22:00,27.0,881110,12:44:00,22.6,1481550,12:50:00,22.6,1481550,12:50:00,22.6,1481550,12:50:00
201605030706,201606250506,2016-06-25,12:55:00,06,2.9,290440,11:53:00,3.1,363100,12:22:00,3.9,881110,12:44:00,3.9,1481550,12:50:00,3.9,1481550,12:50:00,3.9,1481550,12:50:00
201605030706,201606250506,2016-06-25,12:55:00,07,49.0,290440,11:53:00,53.6,363100,12:22:00,49.5,881110,12:44:00,57.0,1481550,12:50:00,57.0,1481550,12:50:00,57.0,1481550,12:50:00
201605030706,201606250506,2016-06-25,12:55:00,08,26.8,290440,11:53:00,27.4,363100,12:22:00,23.2,881110,12:44:00,27.9,1481550,12:50:00,27.9,1481550,12:50:00,27.9,1481550,12:50:00
201605030706,201606250506,2016-06-25,12:55:00,09,34.0,290440,11:53:00,32.5,363100,12:22:00,34.7,881110,12:44:00,42.9,1481550,12:50:00,42.9,1481550,12:50:00,42.9,1481550,12:50:00
201605030706,201606250506,2016-06-25,12:55:00,10,8.9,290440,11:53:00,9.2,363100,12:22:00,5.9,881110,12:44:00,6.3,1481550,12:50:00,6.3,1481550,12:50:00,6.3,1481550,12:50:00
201605030706,201606250506,2016-06-25,12:55:00,11,273.3,290440,11:53:00,293.4,363100,12:22:00,174.9,881110,12:44:00,243.8,1481550,12:50:00,243.8,1481550,12:50:00,243.8,1481550,12:50:00
201605030706,201606250506,2016-06-25,12:55:00,12,124.9,290440,11:53:00,101.2,363100,12:22:00,123.6,881110,12:44:00,148.1,1481550,12:50:00,148.1,1481550,12:50:00,148.1,1481550,12:50:00
201605030706,201606250506,2016-06-25,12:55:00,13,106.0,290440,11:53:00,119.5,363100,12:22:00,161.3,881110,12:44:00,199.2,1481550,12:50:00,199.2,1481550,12:50:00,199.2,1481550,12:50:00
201605030706,201606250506,2016-06-25,12:55:00,14,14.9,290440,11:53:00,15.8,363100,12:22:00,18.0,881110,12:44:00,21.1,1481550,12:50:00,21.1,1481550,12:50:00,21.1,1481550,12:50:00
201605030706,201606250506,2016-06-25,12:55:00,15,135.0,290440,11:53:00,146.7,363100,12:22:00,212.3,881110,12:44:00,277.5,1481550,12:50:00,277.5,1481550,12:50:00,277.5,1481550,12:50:00
201605030706,201606250506,2016-06-25,12:55:00,16,6.4,290440,11:53:00,6.2,363100,12:22:00,5.8,881110,12:44:00,6.1,1481550,12:50:00,6.1,1481550,12:50:00,6.1,1481550,12:50:00
201605030707,201606250507,2016-06-25,13:25:00,01,23.2,352070,12:23:00,23.9,437730,12:53:00,18.1,1003390,13:14:00,22.3,1695860,13:20:00,22.3,1695860,13:20:00,22.3,1695860,13:20:00
201605030707,201606250507,2016-06-25,13:25:00,02,8.2,352070,12:23:00,7.0,437730,12:53:00,6.9,1003390,13:14:00,6.3,1695860,13:20:00,6.3,1695860,13:20:00,6.3,1695860,13:20:00
201605030707,201606250507,2016-06-25,13:25:00,03,11.7,352070,12:23:00,10.7,437730,12:53:00,8.2,1003390,13:14:00,8.4,1695860,13:20:00,8.4,1695860,13:20:00,8.4,1695860,13:20:00
201605030707,201606250507,2016-06-25,13:25:00,04,109.5,352070,12:23:00,113.6,437730,12:53:00,131.3,1003390,13:14:00,99.0,1695860,13:20:00,99.0,1695860,13:20:00,99.0,1695860,13:20:00
201605030707,201606250507,2016-06-25,13:25:00,05,25.7,352070,12:23:00,27.6,437730,12:53:00,33.7,1003390,13:14:00,38.1,1695860,13:20:00,38.1,1695860,13:20:00,38.1,1695860,13:20:00
201605030707,201606250507,2016-06-25,13:25:00,06,57.0,352070,12:23:00,52.5,437730,12:53:00,72.6,1003390,13:14:00,86.4,1695860,13:20:00,86.4,1695860,13:20:00,86.4,1695860,13:20:00
201605030707,201606250507,2016-06-25,13:25:00,07,10.5,352070,12:23:00,11.3,437730,12:53:00,13.8,1003390,13:14:00,15.1,1695860,13:20:00,15.1,1695860,13:20:00,15.1,1695860,13:20:00
201605030707,201606250507,2016-06-25,13:25:00,08,14.9,352070,12:23:00,17.2,437730,12:53:00,20.8,1003390,13:14:00,25.4,1695860,13:20:00,25.4,1695860,13:20:00,25.4,1695860,13:20:00
201605030707,201606250507,2016-06-25,13:25:00,09,43.1,352070,12:23:00,47.0,437730,12:53:00,69.5,1003390,13:14:00,95.6,1695860,13:20:00,95.6,1695860,13:20:00,95.6,1695860,13:20:00
201605030707,201606250507,2016-06-25,13:25:00,10,3.7,352070,12:23:00,3.5,437730,12:53:00,3.5,1003390,13:14:00,2.9,1695860,13:20:00,2.9,1695860,13:20:00,2.9,1695860,13:20:00
201605030707,201606250507,2016-06-25,13:25:00,11,33.6,352070,12:23:00,35.1,437730,12:53:00,37.4,1003390,13:14:00,42.8,1695860,13:20:00,42.8,1695860,13:20:00,42.8,1695860,13:20:00
201605030707,201606250507,2016-06-25,13:25:00,12,44.7,352070,12:23:00,47.4,437730,12:53:00,35.4,1003390,13:14:00,41.0,1695860,13:20:00,41.0,1695860,13:20:00,41.0,1695860,13:20:00
201605030707,201606250507,2016-06-25,13:25:00,13,6.8,352070,12:23:00,7.1,437730,12:53:00,7.0,1003390,13:14:00,7.9,1695860,13:20:00,7.9,1695860,13:20:00,7.9,1695860,13:20:00
201605030707,201606250507,2016-06-25,13:25:00,14,11.0,352070,12:23:00,11.1,437730,12:53:00,10.0,1003390,13:14:00,9.9,1695860,13:20:00,9.9,1695860,13:20:00,9.9,1695860,13:20:00
201605030707,201606250507,2016-06-25,13:25:00,15,5.1,352070,12:23:00,5.4,437730,12:53:00,6.1,1003390,13:14:00,6.5,1695860,13:20:00,6.5,1695860,13:20:00,6.5,1695860,13:20:00
201605030709,201606250509,2016-06-25,14:35:00,01,59.7,786270,13:34:00,66.7,1119340,14:05:00,79.6,1970590,14:24:00,89.8,3116560,14:30:00,89.8,3116560,14:30:00,89.8,3116560,14:30:00
201605030709,201606250509,2016-06-25,14:35:00,02,47.0,786270,13:34:00,42.1,1119340,14:05:00,44.1,1970590,14:24:00,47.9,3116560,14:30:00,47.9,3116560,14:30:00,47.9,3116560,14:30:00
201605030709,201606250509,2016-06-25,14:35:00,03,179.2,786270,13:34:00,141.9,1119340,14:05:00,226.5,1970590,14:24:00,254.1,3116560,14:30:00,254.1,3116560,14:30:00,254.1,3116560,14:30:00
201605030709,201606250509,2016-06-25,14:35:00,04,3.5,786270,13:34:00,3.4,1119340,14:05:00,2.9,1970590,14:24:00,2.6,3116560,14:30:00,2.6,3116560,14:30:00,2.6,3116560,14:30:00
201605030709,201606250509,2016-06-25,14:35:00,05,55.1,786270,13:34:00,59.3,1119340,14:05:00,65.1,1970590,14:24:00,65.9,3116560,14:30:00,65.9,3116560,14:30:00,65.9,3116560,14:30:00
201605030709,201606250509,2016-06-25,14:35:00,06,6.4,786270,13:34:00,6.0,1119340,14:05:00,6.8,1970590,14:24:00,8.0,3116560,14:30:00,8.0,3116560,14:30:00,8.0,3116560,14:30:00
201605030709,201606250509,2016-06-25,14:35:00,07,14.0,786270,13:34:00,14.2,1119340,14:05:00,11.5,1970590,14:24:00,10.0,3116560,14:30:00,10.0,3116560,14:30:00,10.0,3116560,14:30:00
201605030709,201606250509,2016-06-25,14:35:00,08,168.6,786270,13:34:00,203.9,1119340,14:05:00,234.5,1970590,14:24:00,278.2,3116560,14:30:00,278.2,3116560,14:30:00,278.2,3116560,14:30:00
201605030709,201606250509,2016-06-25,14:35:00,09,46.4,786270,13:34:00,53.0,1119340,14:05:00,47.3,1970590,14:24:00,55.1,3116560,14:30:00,55.1,3116560,14:30:00,55.1,3116560,14:30:00
201605030709,201606250509,2016-06-25,14:35:00,10,13.3,786270,13:34:00,14.4,1119340,14:05:00,15.0,1970590,14:24:00,14.4,3116560,14:30:00,14.4,3116560,14:30:00,14.4,3116560,14:30:00
201605030709,201606250509,2016-06-25,14:35:00,11,6.8,786270,13:34:00,7.4,1119340,14:05:00,7.3,1970590,14:24:00,7.0,3116560,14:30:00,7.0,3116560,14:30:00,7.0,3116560,14:30:00
201605030709,201606250509,2016-06-25,14:35:00,12,24.5,786270,13:34:00,23.9,1119340,14:05:00,18.4,1970590,14:24:00,18.1,3116560,14:30:00,18.1,3116560,14:30:00,18.1,3116560,14:30:00
201605030709,201606250509,2016-06-25,14:35:00,13,185.5,786270,13:34:00,223.3,1119340,14:05:00,228.8,1970590,14:24:00,267.2,3116560,14:30:00,267.2,3116560,14:30:00,267.2,3116560,14:30:00
201605030709,201606250509,2016-06-25,14:35:00,14,146.9,786270,13:34:00,130.3,1119340,14:05:00,110.3,1970590,14:24:00,132.9,3116560,14:30:00,132.9,3116560,14:30:00,132.9,3116560,14:30:00
201605030709,201606250509,2016-06-25,14:35:00,15,2.9,786270,13:34:00,2.9,1119340,14:05:00,3.5,1970590,14:24:00,3.9,3116560,14:30:00,3.9,3116560,14:30:00,3.9,3116560,14:30:00
201605030709,201606250509,2016-06-25,14:35:00,16,24.9,786270,13:34:00,23.4,1119340,14:05:00,22.1,1970590,14:24:00,22.6,3116560,14:30:00,22.6,3116560,14:30:00,22.6,3116560,14:30:00
201605030710,201606250510,2016-06-25,15:10:00,01,8.4,778910,14:09:00,8.4,956510,14:37:00,8.7,2087380,14:59:00,7.9,2830240,15:05:00,7.9,2830240,15:05:00,7.9,2830240,15:05:00
201605030710,201606250510,2016-06-25,15:10:00,02,8.4,778910,14:09:00,8.5,956510,14:37:00,9.1,2087380,14:59:00,8.7,2830240,15:05:00,8.7,2830240,15:05:00,8.7,2830240,15:05:00
201605030710,201606250510,2016-06-25,15:10:00,03,8.5,778910,14:09:00,8.1,956510,14:37:00,9.2,2087380,14:59:00,9.7,2830240,15:05:00,9.7,2830240,15:05:00,9.7,2830240,15:05:00
201605030710,201606250510,2016-06-25,15:10:00,04,14.7,778910,14:09:00,15.2,956510,14:37:00,17.9,2087380,14:59:00,19.0,2830240,15:05:00,19.0,2830240,15:05:00,19.0,2830240,15:05:00
201605030710,201606250510,2016-06-25,15:10:00,05,76.1,778910,14:09:00,76.7,956510,14:37:00,85.4,2087380,14:59:00,99.1,2830240,15:05:00,99.1,2830240,15:05:00,99.1,2830240,15:05:00
201605030710,201606250510,2016-06-25,15:10:00,06,63.8,778910,14:09:00,54.2,956510,14:37:00,48.6,2087380,14:59:00,57.8,2830240,15:05:00,57.8,2830240,15:05:00,57.8,2830240,15:05:00
201605030710,201606250510,2016-06-25,15:10:00,07,14.8,778910,14:09:00,14.4,956510,14:37:00,15.9,2087380,14:59:00,16.6,2830240,15:05:00,16.6,2830240,15:05:00,16.6,2830240,15:05:00
201605030710,201606250510,2016-06-25,15:10:00,08,15.5,778910,14:09:00,16.3,956510,14:37:00,19.6,2087380,14:59:00,21.9,2830240,15:05:00,21.9,2830240,15:05:00,21.9,2830240,15:05:00
201605030710,201606250510,2016-06-25,15:10:00,09,9.4,778910,14:09:00,9.5,956510,14:37:00,8.1,2087380,14:59:00,7.7,2830240,15:05:00,7.7,2830240,15:05:00,7.7,2830240,15:05:00
201605030710,201606250510,2016-06-25,15:10:00,10,67.1,778910,14:09:00,64.5,956510,14:37:00,82.2,2087380,14:59:00,94.8,2830240,15:05:00,94.8,2830240,15:05:00,94.8,2830240,15:05:00
201605030710,201606250510,2016-06-25,15:10:00,11,84.8,778910,14:09:00,89.4,956510,14:37:00,112.3,2087380,14:59:00,134.2,2830240,15:05:00,134.2,2830240,15:05:00,134.2,2830240,15:05:00
201605030710,201606250510,2016-06-25,15:10:00,12,2.3,778910,14:09:00,2.3,956510,14:37:00,2.1,2087380,14:59:00,2.0,2830240,15:05:00,2.0,2830240,15:05:00,2.0,2830240,15:05:00
201605030710,201606250510,2016-06-25,15:10:00,13,9.6,778910,14:09:00,9.7,956510,14:37:00,10.0,2087380,14:59:00,11.0,2830240,15:05:00,11.0,2830240,15:05:00,11.0,2830240,15:05:00
201605030711,201606250511,2016-06-25,15:45:00,01,25.8,1940810,14:42:00,26.6,2319500,15:10:00,31.3,3835700,15:34:00,35.1,4602450,15:39:00,35.1,4602450,15:39:00,35.1,4602450,15:39:00
201605030711,201606250511,2016-06-25,15:45:00,02,97.1,1940810,14:42:00,89.5,2319500,15:10:00,105.8,3835700,15:34:00,116.0,4602450,15:39:00,116.0,4602450,15:39:00,116.0,4602450,15:39:00
201605030711,201606250511,2016-06-25,15:45:00,03,54.9,1940810,14:42:00,55.0,2319500,15:10:00,57.7,3835700,15:34:00,61.5,4602450,15:39:00,61.5,4602450,15:39:00,61.5,4602450,15:39:00
201605030711,201606250511,2016-06-25,15:45:00,04,21.9,1940810,14:42:00,21.2,2319500,15:10:00,19.7,3835700,15:34:00,21.0,4602450,15:39:00,21.0,4602450,15:39:00,21.0,4602450,15:39:00
201605030711,201606250511,2016-06-25,15:45:00,05,63.0,1940810,14:42:00,66.7,2319500,15:10:00,73.2,3835700,15:34:00,79.4,4602450,15:39:00,79.4,4602450,15:39:00,79.4,4602450,15:39:00
201605030711,201606250511,2016-06-25,15:45:00,06,24.8,1940810,14:42:00,25.1,2319500,15:10:00,27.2,3835700,15:34:00,30.2,4602450,15:39:00,30.2,4602450,15:39:00,30.2,4602450,15:39:00
201605030711,201606250511,2016-06-25,15:45:00,07,13.9,1940810,14:42:00,14.2,2319500,15:10:00,14.4,3835700,15:34:00,15.0,4602450,15:39:00,15.0,4602450,15:39:00,15.0,4602450,15:39:00
201605030711,201606250511,2016-06-25,15:45:00,08,5.4,1940810,14:42:00,5.5,2319500,15:10:00,5.2,3835700,15:34:00,5.3,4602450,15:39:00,5.3,4602450,15:39:00,5.3,4602450,15:39:00
201605030711,201606250511,2016-06-25,15:45:00,09,41.0,1940810,14:42:00,44.0,2319500,15:10:00,47.8,3835700,15:34:00,46.5,4602450,15:39:00,46.5,4602450,15:39:00,46.5,4602450,15:39:00
201605030711,201606250511,2016-06-25,15:45:00,10,55.9,1940810,14:42:00,54.4,2319500,15:10:00,61.9,3835700,15:34:00,61.7,4602450,15:39:00,61.7,4602450,15:39:00,61.7,4602450,15:39:00
201605030711,201606250511,2016-06-25,15:45:00,11,32.8,1940810,14:42:00,34.1,2319500,15:10:00,37.0,3835700,15:34:00,40.1,4602450,15:39:00,40.1,4602450,15:39:00,40.1,4602450,15:39:00
201605030711,201606250511,2016-06-25,15:45:00,12,25.2,1940810,14:42:00,25.0,2319500,15:10:00,24.9,3835700,15:34:00,25.9,4602450,15:39:00,25.9,4602450,15:39:00,25.9,4602450,15:39:00
201605030711,201606250511,2016-06-25,15:45:00,13,8.4,1940810,14:42:00,8.3,2319500,15:10:00,7.6,3835700,15:34:00,7.5,4602450,15:39:00,7.5,4602450,15:39:00,7.5,4602450,15:39:00
201605030711,201606250511,2016-06-25,15:45:00,14,1.7,1940810,14:42:00,1.7,2319500,15:10:00,1.7,3835700,15:34:00,1.7,4602450,15:39:00,1.7,4602450,15:39:00,1.7,4602450,15:39:00
201605030711,201606250511,2016-06-25,15:45:00,15,34.7,1940810,14:42:00,35.6,2319500,15:10:00,37.1,3835700,15:34:00,38.1,4602450,15:39:00,38.1,4602450,15:39:00,38.1,4602450,15:39:00
201605030711,201606250511,2016-06-25,15:45:00,16,97.2,1940810,14:42:00,99.0,2319500,15:10:00,123.6,3835700,15:34:00,136.4,4602450,15:39:00,136.4,4602450,15:39:00,136.4,4602450,15:39:00
201605030712,201606250512,2016-06-25,16:30:00,01,46.2,742360,15:30:00,51.2,1152880,15:56:00,57.1,2680330,16:19:00,67.4,4291650,16:24:00,67.4,4291650,16:24:00,67.4,4291650,16:24:00
201605030712,201606250512,2016-06-25,16:30:00,02,4.9,742360,15:30:00,5.1,1152880,15:56:00,4.2,2680330,16:19:00,4.1,4291650,16:24:00,4.1,4291650,16:24:00,4.1,4291650,16:24:00
201605030712,201606250512,2016-06-25,16:30:00,03,85.5,742360,15:30:00,105.9,1152880,15:56:00,123.2,2680330,16:19:00,153.1,4291650,16:24:00,153.1,4291650,16:24:00,153.1,4291650,16:24:00
201605030712,201606250512,2016-06-25,16:30:00,04,1.8,742360,15:30:00,1.8,1152880,15:56:00,2.1,2680330,16:19:00,2.1,4291650,16:24:00,2.1,4291650,16:24:00,2.1,4291650,16:24:00
201605030712,201606250512,2016-06-25,16:30:00,05,41.0,742360,15:30:00,51.4,1152880,15:56:00,70.1,2680330,16:19:00,80.8,4291650,16:24:00,80.8,4291650,16:24:00,80.8,4291650,16:24:00
201605030712,201606250512,2016-06-25,16:30:00,06,15.0,742360,15:30:00,18.4,1152880,15:56:00,23.9,2680330,16:19:00,27.5,4291650,16:24:00,27.5,4291650,16:24:00,27.5,4291650,16:24:00
201605030712,201606250512,2016-06-25,16:30:00,07,26.2,742360,15:30:00,26.2,1152880,15:56:00,26.2,2680330,16:19:00,26.2,4291650,16:24:00,26.2,4291650,16:24:00,26.2,4291650,16:24:00
201605030712,201606250512,2016-06-25,16:30:00,08,19.2,742360,15:30:00,17.9,1152880,15:56:00,11.9,2680330,16:19:00,10.8,4291650,16:24:00,10.8,4291650,16:24:00,10.8,4291650,16:24:00
201605030712,201606250512,2016-06-25,16:30:00,09,23.0,742360,15:30:00,29.4,1152880,15:56:00,38.9,2680330,16:19:00,45.4,4291650,16:24:00,45.4,4291650,16:24:00,45.4,4291650,16:24:00
201605030712,201606250512,2016-06-25,16:30:00,10,24.5,742360,15:30:00,24.9,1152880,15:56:00,24.6,2680330,16:19:00,25.5,4291650,16:24:00,25.5,4291650,16:24:00,25.5,4291650,16:24:00
201605030712,201606250512,2016-06-25,16:30:00,11,24.8,742360,15:30:00,25.9,1152880,15:56:00,29.0,2680330,16:19:00,29.0,4291650,16:24:00,29.0,4291650,16:24:00,29.0,4291650,16:24:00
201605030712,201606250512,2016-06-25,16:30:00,12,13.9,742360,15:30:00,9.9,1152880,15:56:00,7.8,2680330,16:19:00,7.1,4291650,16:24:00,7.1,4291650,16:24:00,7.1,4291650,16:24:00
201605030712,201606250512,2016-06-25,16:30:00,13,88.6,742360,15:30:00,104.2,1152880,15:56:00,141.2,2680330,16:19:00,176.7,4291650,16:24:00,176.7,4291650,16:24:00,176.7,4291650,16:24:00
201605030712,201606250512,2016-06-25,16:30:00,14,21.2,742360,15:30:00,21.2,1152880,15:56:00,16.4,2680330,16:19:00,16.6,4291650,16:24:00,16.6,4291650,16:24:00,16.6,4291650,16:24:00
201605030712,201606250512,2016-06-25,16:30:00,15,15.2,742360,15:30:00,15.8,1152880,15:56:00,14.3,2680330,16:19:00,14.2,4291650,16:24:00,14.2,4291650,16:24:00,14.2,4291650,16:24:00
201605030712,201606250512,2016-06-25,16:30:00,16,61.7,742360,15:30:00,74.3,1152880,15:56:00,89.2,2680330,16:19:00,97.2,4291650,16:24:00,97.2,4291650,16:24:00,97.2,4291650,16:24:00
201605030801,201606260501,2016-06-26,09:55:00,01,56.6,334320,08:53:00,64.1,470020,09:23:00,60.7,916660,09:44:00,74.4,1475130,09:50:00,74.4,1475130,09:50:00,74.4,1475130,09:50:00
201605030801,201606260501,2016-06-26,09:55:00,02,8.6,334320,08:53:00,10.0,470020,09:23:00,11.5,916660,09:44:00,13.7,1475130,09:50:00,13.7,1475130,09:50:00,13.7,1475130,09:50:00
201605030801,201606260501,2016-06-26,09:55:00,03,36.1,334320,08:53:00,42.4,470020,09:23:00,45.4,916660,09:44:00,60.2,1475130,09:50:00,60.2,1475130,09:50:00,60.2,1475130,09:50:00
201605030801,201606260501,2016-06-26,09:55:00,04,98.3,334320,08:53:00,109.3,470020,09:23:00,110.1,916660,09:44:00,152.8,1475130,09:50:00,152.8,1475130,09:50:00,152.8,1475130,09:50:00
201605030801,201606260501,2016-06-26,09:55:00,05,13.7,334320,08:53:00,14.5,470020,09:23:00,13.8,916660,09:44:00,16.2,1475130,09:50:00,16.2,1475130,09:50:00,16.2,1475130,09:50:00
201605030801,201606260501,2016-06-26,09:55:00,06,85.1,334320,08:53:00,82.8,470020,09:23:00,83.2,916660,09:44:00,111.2,1475130,09:50:00,111.2,1475130,09:50:00,111.2,1475130,09:50:00
201605030801,201606260501,2016-06-26,09:55:00,07,10.1,334320,08:53:00,10.9,470020,09:23:00,10.8,916660,09:44:00,11.6,1475130,09:50:00,11.6,1475130,09:50:00,11.6,1475130,09:50:00
201605030801,201606260501,2016-06-26,09:55:00,08,37.8,334320,08:53:00,41.9,470020,09:23:00,35.2,916660,09:44:00,37.2,1475130,09:50:00,37.2,1475130,09:50:00,37.2,1475130,09:50:00
201605030801,201606260501,2016-06-26,09:55:00,09,13.2,334320,08:53:00,15.7,470020,09:23:00,17.6,916660,09:44:00,19.2,1475130,09:50:00,19.2,1475130,09:50:00,19.2,1475130,09:50:00
201605030801,201606260501,2016-06-26,09:55:00,10,12.7,334320,08:53:00,14.6,470020,09:23:00,14.3,916660,09:44:00,16.4,1475130,09:50:00,16.4,1475130,09:50:00,16.4,1475130,09:50:00
201605030801,201606260501,2016-06-26,09:55:00,11,45.5,334320,08:53:00,50.6,470020,09:23:00,50.5,916660,09:44:00,64.4,1475130,09:50:00,64.4,1475130,09:50:00,64.4,1475130,09:50:00
201605030801,201606260501,2016-06-26,09:55:00,12,80.8,334320,08:53:00,95.9,470020,09:23:00,84.6,916660,09:44:00,100.0,1475130,09:50:00,100.0,1475130,09:50:00,100.0,1475130,09:50:00
201605030801,201606260501,2016-06-26,09:55:00,13,49.8,334320,08:53:00,60.0,470020,09:23:00,66.7,916660,09:44:00,85.5,1475130,09:50:00,85.5,1475130,09:50:00,85.5,1475130,09:50:00
201605030801,201606260501,2016-06-26,09:55:00,14,1.5,334320,08:53:00,1.4,470020,09:23:00,1.4,916660,09:44:00,1.2,1475130,09:50:00,1.2,1475130,09:50:00,1.2,1475130,09:50:00
201605030801,201606260501,2016-06-26,09:55:00,15,40.8,334320,08:53:00,46.2,470020,09:23:00,33.8,916660,09:44:00,38.8,1475130,09:50:00,38.8,1475130,09:50:00,38.8,1475130,09:50:00
201605030801,201606260501,2016-06-26,09:55:00,16,89.1,334320,08:53:00,107.1,470020,09:23:00,98.8,916660,09:44:00,120.9,1475130,09:50:00,120.9,1475130,09:50:00,120.9,1475130,09:50:00
201605030802,201606260502,2016-06-26,10:25:00,01,25.9,187520,09:22:00,21.3,309150,09:54:00,32.0,701220,10:14:00,36.6,1018780,10:19:00,36.6,1018780,10:19:00,36.6,1018780,10:19:00
201605030802,201606260502,2016-06-26,10:25:00,02,7.1,187520,09:22:00,8.3,309150,09:54:00,12.2,701220,10:14:00,12.3,1018780,10:19:00,12.3,1018780,10:19:00,12.3,1018780,10:19:00
201605030802,201606260502,2016-06-26,10:25:00,03,53.5,187520,09:22:00,52.0,309150,09:54:00,60.8,701220,10:14:00,65.4,1018780,10:19:00,65.4,1018780,10:19:00,65.4,1018780,10:19:00
201605030802,201606260502,2016-06-26,10:25:00,04,24.7,187520,09:22:00,27.1,309150,09:54:00,27.3,701220,10:14:00,29.7,1018780,10:19:00,29.7,1018780,10:19:00,29.7,1018780,10:19:00
201605030802,201606260502,2016-06-26,10:25:00,05,90.3,187520,09:22:00,79.2,309150,09:54:00,93.3,701220,10:14:00,88.9,1018780,10:19:00,88.9,1018780,10:19:00,88.9,1018780,10:19:00
201605030802,201606260502,2016-06-26,10:25:00,06,13.6,187520,09:22:00,12.6,309150,09:54:00,13.2,701220,10:14:00,12.6,1018780,10:19:00,12.6,1018780,10:19:00,12.6,1018780,10:19:00
201605030802,201606260502,2016-06-26,10:25:00,07,4.5,187520,09:22:00,4.9,309150,09:54:00,5.7,701220,10:14:00,5.0,1018780,10:19:00,5.0,1018780,10:19:00,5.0,1018780,10:19:00
201605030802,201606260502,2016-06-26,10:25:00,08,2.3,187520,09:22:00,2.1,309150,09:54:00,1.7,701220,10:14:00,1.8,1018780,10:19:00,1.8,1018780,10:19:00,1.8,1018780,10:19:00
201605030802,201606260502,2016-06-26,10:25:00,09,14.6,187520,09:22:00,13.8,309150,09:54:00,15.6,701220,10:14:00,14.4,1018780,10:19:00,14.4,1018780,10:19:00,14.4,1018780,10:19:00
201605030802,201606260502,2016-06-26,10:25:00,10,65.2,187520,09:22:00,79.5,309150,09:54:00,116.1,701220,10:14:00,139.3,1018780,10:19:00,139.3,1018780,10:19:00,139.3,1018780,10:19:00
201605030802,201606260502,2016-06-26,10:25:00,11,21.6,187520,09:22:00,21.3,309150,09:54:00,23.3,701220,10:14:00,17.0,1018780,10:19:00,17.0,1018780,10:19:00,17.0,1018780,10:19:00
201605030802,201606260502,2016-06-26,10:25:00,12,18.6,187520,09:22:00,26.7,309150,09:54:00,44.5,701220,10:14:00,53.3,1018780,10:19:00,53.3,1018780,10:19:00,53.3,1018780,10:19:00
201605030802,201606260502,2016-06-26,10:25:00,13,17.8,187520,09:22:00,18.0,309150,09:54:00,17.2,701220,10:14:00,18.2,1018780,10:19:00,18.2,1018780,10:19:00,18.2,1018780,10:19:00
201605030802,201606260502,2016-06-26,10:25:00,14,115.3,187520,09:22:00,118.3,309150,09:54:00,147.6,701220,10:14:00,163.0,1018780,10:19:00,163.0,1018780,10:19:00,163.0,1018780,10:19:00
201605030802,201606260502,2016-06-26,10:25:00,15,30.9,187520,09:22:00,27.2,309150,09:54:00,25.6,701220,10:14:00,26.2,1018780,10:19:00,26.2,1018780,10:19:00,26.2,1018780,10:19:00
201605030803,201606260503,2016-06-26,10:55:00,01,13.0,237880,09:55:00,14.3,323130,10:25:00,16.3,785690,10:44:00,13.2,1107780,10:49:00,13.2,1107780,10:49:00,13.2,1107780,10:49:00
201605030803,201606260503,2016-06-26,10:55:00,02,58.7,237880,09:55:00,58.2,323130,10:25:00,82.7,785690,10:44:00,92.0,1107780,10:49:00,92.0,1107780,10:49:00,92.0,1107780,10:49:00
201605030803,201606260503,2016-06-26,10:55:00,03,38.2,237880,09:55:00,42.8,323130,10:25:00,57.8,785690,10:44:00,57.9,1107780,10:49:00,57.9,1107780,10:49:00,57.9,1107780,10:49:00
201605030803,201606260503,2016-06-26,10:55:00,04,45.8,237880,09:55:00,49.7,323130,10:25:00,76.9,785690,10:44:00,71.9,1107780,10:49:00,71.9,1107780,10:49:00,71.9,1107780,10:49:00
201605030803,201606260503,2016-06-26,10:55:00,05,39.8,237880,09:55:00,49.3,323130,10:25:00,83.6,785690,10:44:00,93.8,1107780,10:49:00,93.8,1107780,10:49:00,93.8,1107780,10:49:00
201605030803,201606260503,2016-06-26,10:55:00,06,63.0,237880,09:55:00,73.6,323130,10:25:00,101.5,785690,10:44:00,119.5,1107780,10:49:00,119.5,1107780,10:49:00,119.5,1107780,10:49:00
201605030803,201606260503,2016-06-26,10:55:00,07,6.5,237880,09:55:00,5.8,323130,10:25:00,6.4,785690,10:44:00,6.9,1107780,10:49:00,6.9,1107780,10:49:00,6.9,1107780,10:49:00
201605030803,201606260503,2016-06-26,10:55:00,08,33.9,237880,09:55:00,34.9,323130,10:25:00,42.5,785690,10:44:00,34.4,1107780,10:49:00,34.4,1107780,10:49:00,34.4,1107780,10:49:00
201605030803,201606260503,2016-06-26,10:55:00,09,53.1,237880,09:55:00,61.8,323130,10:25:00,78.0,785690,10:44:00,79.3,1107780,10:49:00,79.3,1107780,10:49:00,79.3,1107780,10:49:00
201605030803,201606260503,2016-06-26,10:55:00,10,3.5,237880,09:55:00,3.5,323130,10:25:00,2.9,785690,10:44:00,2.8,1107780,10:49:00,2.8,1107780,10:49:00,2.8,1107780,10:49:00
201605030803,201606260503,2016-06-26,10:55:00,11,9.3,237880,09:55:00,8.2,323130,10:25:00,8.8,785690,10:44:00,8.6,1107780,10:49:00,8.6,1107780,10:49:00,8.6,1107780,10:49:00
201605030803,201606260503,2016-06-26,10:55:00,12,19.4,237880,09:55:00,22.8,323130,10:25:00,41.9,785690,10:44:00,50.5,1107780,10:49:00,50.5,1107780,10:49:00,50.5,1107780,10:49:00
201605030803,201606260503,2016-06-26,10:55:00,13,2.5,237880,09:55:00,2.5,323130,10:25:00,2.3,785690,10:44:00,2.3,1107780,10:49:00,2.3,1107780,10:49:00,2.3,1107780,10:49:00
201605030803,201606260503,2016-06-26,10:55:00,14,92.3,237880,09:55:00,88.8,323130,10:25:00,124.2,785690,10:44:00,145.5,1107780,10:49:00,145.5,1107780,10:49:00,145.5,1107780,10:49:00
201605030803,201606260503,2016-06-26,10:55:00,15,132.1,237880,09:55:00,138.2,323130,10:25:00,150.3,785690,10:44:00,167.5,1107780,10:49:00,167.5,1107780,10:49:00,167.5,1107780,10:49:00
201605030803,201606260503,2016-06-26,10:55:00,16,43.6,237880,09:55:00,55.3,323130,10:25:00,83.0,785690,10:44:00,94.1,1107780,10:49:00,94.1,1107780,10:49:00,94.1,1107780,10:49:00
201605030804,201606260504,2016-06-26,11:25:00,01,16.7,273030,10:25:00,19.0,381750,10:52:00,26.2,940440,11:14:00,22.5,1291500,11:19:00,22.5,1291500,11:19:00,22.5,1291500,11:19:00
201605030804,201606260504,2016-06-26,11:25:00,02,30.5,273030,10:25:00,29.6,381750,10:52:00,37.9,940440,11:14:00,35.8,1291500,11:19:00,35.8,1291500,11:19:00,35.8,1291500,11:19:00
201605030804,201606260504,2016-06-26,11:25:00,03,70.2,273030,10:25:00,87.5,381750,10:52:00,148.3,940440,11:14:00,144.7,1291500,11:19:00,144.7,1291500,11:19:00,144.7,1291500,11:19:00
201605030804,201606260504,2016-06-26,11:25:00,04,17.3,273030,10:25:00,18.8,381750,10:52:00,25.1,940440,11:14:00,23.9,1291500,11:19:00,23.9,1291500,11:19:00,23.9,1291500,11:19:00
201605030804,201606260504,2016-06-26,11:25:00,05,2.2,273030,10:25:00,2.1,381750,10:52:00,1.7,940440,11:14:00,1.8,1291500,11:19:00,1.8,1291500,11:19:00,1.8,1291500,11:19:00
201605030804,201606260504,2016-06-26,11:25:00,06,11.8,273030,10:25:00,14.3,381750,10:52:00,19.9,940440,11:14:00,21.8,1291500,11:19:00,21.8,1291500,11:19:00,21.8,1291500,11:19:00
201605030804,201606260504,2016-06-26,11:25:00,07,32.7,273030,10:25:00,34.1,381750,10:52:00,43.3,940440,11:14:00,45.6,1291500,11:19:00,45.6,1291500,11:19:00,45.6,1291500,11:19:00
201605030804,201606260504,2016-06-26,11:25:00,08,84.3,273030,10:25:00,107.9,381750,10:52:00,142.4,940440,11:14:00,121.8,1291500,11:19:00,121.8,1291500,11:19:00,121.8,1291500,11:19:00
201605030804,201606260504,2016-06-26,11:25:00,09,3.7,273030,10:25:00,4.1,381750,10:52:00,4.4,940440,11:14:00,3.9,1291500,11:19:00,3.9,1291500,11:19:00,3.9,1291500,11:19:00
201605030804,201606260504,2016-06-26,11:25:00,10,106.5,273030,10:25:00,39.0,381750,10:52:00,54.0,940440,11:14:00,67.4,1291500,11:19:00,67.4,1291500,11:19:00,67.4,1291500,11:19:00
201605030804,201606260504,2016-06-26,11:25:00,11,19.7,273030,10:25:00,18.3,381750,10:52:00,17.6,940440,11:14:00,18.1,1291500,11:19:00,18.1,1291500,11:19:00,18.1,1291500,11:19:00
201605030804,201606260504,2016-06-26,11:25:00,12,88.0,273030,10:25:00,107.9,381750,10:52:00,162.8,940440,11:14:00,163.4,1291500,11:19:00,163.4,1291500,11:19:00,163.4,1291500,11:19:00
201605030804,201606260504,2016-06-26,11:25:00,13,98.3,273030,10:25:00,117.4,381750,10:52:00,122.5,940440,11:14:00,130.6,1291500,11:19:00,130.6,1291500,11:19:00,130.6,1291500,11:19:00
201605030804,201606260504,2016-06-26,11:25:00,14,90.6,273030,10:25:00,107.1,381750,10:52:00,166.0,940440,11:14:00,136.3,1291500,11:19:00,136.3,1291500,11:19:00,136.3,1291500,11:19:00
201605030804,201606260504,2016-06-26,11:25:00,15,53.4,273030,10:25:00,51.3,381750,10:52:00,61.9,940440,11:14:00,59.3,1291500,11:19:00,59.3,1291500,11:19:00,59.3,1291500,11:19:00
201605030804,201606260504,2016-06-26,11:25:00,16,7.0,273030,10:25:00,6.5,381750,10:52:00,7.2,940440,11:14:00,6.9,1291500,11:19:00,6.9,1291500,11:19:00,6.9,1291500,11:19:00
201605030805,201606260505,2016-06-26,12:15:00,01,88.6,465260,11:11:00,117.4,897840,11:41:00,97.4,1731370,12:04:00,108.9,2369150,12:10:00,108.9,2369150,12:10:00,108.9,2369150,12:10:00
201605030805,201606260505,2016-06-26,12:15:00,02,71.0,465260,11:11:00,100.6,897840,11:41:00,87.7,1731370,12:04:00,95.6,2369150,12:10:00,95.6,2369150,12:10:00,95.6,2369150,12:10:00
201605030805,201606260505,2016-06-26,12:15:00,03,14.3,465260,11:11:00,9.5,897840,11:41:00,12.0,1731370,12:04:00,13.4,2369150,12:10:00,13.4,2369150,12:10:00,13.4,2369150,12:10:00
201605030805,201606260505,2016-06-26,12:15:00,04,6.0,465260,11:11:00,6.3,897840,11:41:00,5.7,1731370,12:04:00,5.1,2369150,12:10:00,5.1,2369150,12:10:00,5.1,2369150,12:10:00
201605030805,201606260505,2016-06-26,12:15:00,05,34.0,465260,11:11:00,20.4,897840,11:41:00,26.1,1731370,12:04:00,31.3,2369150,12:10:00,31.3,2369150,12:10:00,31.3,2369150,12:10:00
201605030805,201606260505,2016-06-26,12:15:00,06,37.9,465260,11:11:00,47.6,897840,11:41:00,45.0,1731370,12:04:00,46.7,2369150,12:10:00,46.7,2369150,12:10:00,46.7,2369150,12:10:00
201605030805,201606260505,2016-06-26,12:15:00,07,27.2,465260,11:11:00,17.7,897840,11:41:00,19.1,1731370,12:04:00,19.9,2369150,12:10:00,19.9,2369150,12:10:00,19.9,2369150,12:10:00
201605030805,201606260505,2016-06-26,12:15:00,08,37.1,465260,11:11:00,40.5,897840,11:41:00,25.5,1731370,12:04:00,24.3,2369150,12:10:00,24.3,2369150,12:10:00,24.3,2369150,12:10:00
201605030805,201606260505,2016-06-26,12:15:00,09,37.8,465260,11:11:00,50.6,897840,11:41:00,43.7,1731370,12:04:00,45.5,2369150,12:10:00,45.5,2369150,12:10:00,45.5,2369150,12:10:00
201605030805,201606260505,2016-06-26,12:15:00,10,1.8,465260,11:11:00,2.0,897840,11:41:00,2.1,1731370,12:04:00,2.1,2369150,12:10:00,2.1,2369150,12:10:00,2.1,2369150,12:10:00
201605030805,201606260505,2016-06-26,12:15:00,11,62.2,465260,11:11:00,81.6,897840,11:41:00,82.0,1731370,12:04:00,97.2,2369150,12:10:00,97.2,2369150,12:10:00,97.2,2369150,12:10:00
201605030805,201606260505,2016-06-26,12:15:00,12,9.3,465260,11:11:00,8.6,897840,11:41:00,7.9,1731370,12:04:00,7.2,2369150,12:10:00,7.2,2369150,12:10:00,7.2,2369150,12:10:00
201605030805,201606260505,2016-06-26,12:15:00,13,9.1,465260,11:11:00,8.6,897840,11:41:00,8.0,1731370,12:04:00,7.9,2369150,12:10:00,7.9,2369150,12:10:00,7.9,2369150,12:10:00
201605030806,201606260506,2016-06-26,12:45:00,01,27.5,196640,11:40:00,31.6,281270,12:12:00,36.6,695030,12:34:00,43.4,1183780,12:39:00,43.4,1183780,12:39:00,43.4,1183780,12:39:00
201605030806,201606260506,2016-06-26,12:45:00,02,18.2,196640,11:40:00,21.9,281270,12:12:00,34.8,695030,12:34:00,45.5,1183780,12:39:00,45.5,1183780,12:39:00,45.5,1183780,12:39:00
201605030806,201606260506,2016-06-26,12:45:00,03,3.0,196640,11:40:00,3.0,281270,12:12:00,2.3,695030,12:34:00,2.0,1183780,12:39:00,2.0,1183780,12:39:00,2.0,1183780,12:39:00
201605030806,201606260506,2016-06-26,12:45:00,04,24.6,196640,11:40:00,25.0,281270,12:12:00,29.1,695030,12:34:00,34.1,1183780,12:39:00,34.1,1183780,12:39:00,34.1,1183780,12:39:00
201605030806,201606260506,2016-06-26,12:45:00,05,54.8,196640,11:40:00,63.5,281270,12:12:00,84.1,695030,12:34:00,103.0,1183780,12:39:00,103.0,1183780,12:39:00,103.0,1183780,12:39:00
201605030806,201606260506,2016-06-26,12:45:00,06,16.9,196640,11:40:00,19.0,281270,12:12:00,17.5,695030,12:34:00,18.0,1183780,12:39:00,18.0,1183780,12:39:00,18.0,1183780,12:39:00
201605030806,201606260506,2016-06-26,12:45:00,07,17.4,196640,11:40:00,21.5,281270,12:12:00,27.9,695030,12:34:00,38.9,1183780,12:39:00,38.9,1183780,12:39:00,38.9,1183780,12:39:00
201605030806,201606260506,2016-06-26,12:45:00,08,5.7,196640,11:40:00,4.5,281270,12:12:00,6.4,695030,12:34:00,7.7,1183780,12:39:00,7.7,1183780,12:39:00,7.7,1183780,12:39:00
201605030806,201606260506,2016-06-26,12:45:00,09,10.5,196640,11:40:00,11.4,281270,12:12:00,11.2,695030,12:34:00,11.5,1183780,12:39:00,11.5,1183780,12:39:00,11.5,1183780,12:39:00
201605030806,201606260506,2016-06-26,12:45:00,10,9.4,196640,11:40:00,10.2,281270,12:12:00,10.9,695030,12:34:00,12.3,1183780,12:39:00,12.3,1183780,12:39:00,12.3,1183780,12:39:00
201605030806,201606260506,2016-06-26,12:45:00,11,37.9,196640,11:40:00,45.0,281270,12:12:00,57.2,695030,12:34:00,77.6,1183780,12:39:00,77.6,1183780,12:39:00,77.6,1183780,12:39:00
201605030806,201606260506,2016-06-26,12:45:00,12,30.6,196640,11:40:00,31.2,281270,12:12:00,38.5,695030,12:34:00,45.4,1183780,12:39:00,45.4,1183780,12:39:00,45.4,1183780,12:39:00
201605030806,201606260506,2016-06-26,12:45:00,13,6.6,196640,11:40:00,6.1,281270,12:12:00,4.8,695030,12:34:00,4.5,1183780,12:39:00,4.5,1183780,12:39:00,4.5,1183780,12:39:00
201605030806,201606260506,2016-06-26,12:45:00,14,70.2,196640,11:40:00,78.6,281270,12:12:00,110.9,695030,12:34:00,138.8,1183780,12:39:00,138.8,1183780,12:39:00,138.8,1183780,12:39:00
201605030806,201606260506,2016-06-26,12:45:00,15,74.2,196640,11:40:00,86.5,281270,12:12:00,121.9,695030,12:34:00,160.2,1183780,12:39:00,160.2,1183780,12:39:00,160.2,1183780,12:39:00
201605030806,201606260506,2016-06-26,12:45:00,16,25.3,196640,11:40:00,26.5,281270,12:12:00,30.8,695030,12:34:00,42.4,1183780,12:39:00,42.4,1183780,12:39:00,42.4,1183780,12:39:00
201605030807,201606260507,2016-06-26,13:15:00,01,16.2,256430,12:07:00,17.2,328800,12:43:00,25.7,950330,13:04:00,27.1,1492630,13:09:00,27.1,1492630,13:09:00,27.1,1492630,13:09:00
201605030807,201606260507,2016-06-26,13:15:00,02,59.1,256430,12:07:00,57.0,328800,12:43:00,85.1,950330,13:04:00,90.0,1492630,13:09:00,90.0,1492630,13:09:00,90.0,1492630,13:09:00
201605030807,201606260507,2016-06-26,13:15:00,03,24.9,256430,12:07:00,24.2,328800,12:43:00,34.2,950330,13:04:00,41.6,1492630,13:09:00,41.6,1492630,13:09:00,41.6,1492630,13:09:00
201605030807,201606260507,2016-06-26,13:15:00,04,6.4,256430,12:07:00,6.5,328800,12:43:00,6.3,950330,13:04:00,5.1,1492630,13:09:00,5.1,1492630,13:09:00,5.1,1492630,13:09:00
201605030807,201606260507,2016-06-26,13:15:00,05,17.7,256430,12:07:00,20.3,328800,12:43:00,20.8,950330,13:04:00,24.0,1492630,13:09:00,24.0,1492630,13:09:00,24.0,1492630,13:09:00
201605030807,201606260507,2016-06-26,13:15:00,06,75.4,256430,12:07:00,79.7,328800,12:43:00,108.4,950330,13:04:00,126.4,1492630,13:09:00,126.4,1492630,13:09:00,126.4,1492630,13:09:00
201605030807,201606260507,2016-06-26,13:15:00,07,15.7,256430,12:07:00,14.5,328800,12:43:00,20.5,950330,13:04:00,19.6,1492630,13:09:00,19.6,1492630,13:09:00,19.6,1492630,13:09:00
201605030807,201606260507,2016-06-26,13:15:00,08,5.9,256430,12:07:00,5.6,328800,12:43:00,6.0,950330,13:04:00,6.0,1492630,13:09:00,6.0,1492630,13:09:00,6.0,1492630,13:09:00
201605030807,201606260507,2016-06-26,13:15:00,09,12.1,256430,12:07:00,11.3,328800,12:43:00,24.3,950330,13:04:00,33.5,1492630,13:09:00,33.5,1492630,13:09:00,33.5,1492630,13:09:00
201605030807,201606260507,2016-06-26,13:15:00,10,4.8,256430,12:07:00,4.8,328800,12:43:00,4.9,950330,13:04:00,4.8,1492630,13:09:00,4.8,1492630,13:09:00,4.8,1492630,13:09:00
201605030807,201606260507,2016-06-26,13:15:00,11,13.9,256430,12:07:00,14.8,328800,12:43:00,17.3,950330,13:04:00,17.8,1492630,13:09:00,17.8,1492630,13:09:00,17.8,1492630,13:09:00
201605030807,201606260507,2016-06-26,13:15:00,12,3.3,256430,12:07:00,3.3,328800,12:43:00,2.3,950330,13:04:00,2.3,1492630,13:09:00,2.3,1492630,13:09:00,2.3,1492630,13:09:00
201605030807,201606260507,2016-06-26,13:15:00,13,65.9,256430,12:07:00,72.0,328800,12:43:00,102.5,950330,13:04:00,116.8,1492630,13:09:00,116.8,1492630,13:09:00,116.8,1492630,13:09:00
201605030808,201606260508,2016-06-26,13:45:00,01,74.2,405810,12:40:00,78.3,524920,13:11:00,117.9,1361360,13:34:00,147.1,2104030,13:39:00,147.1,2104030,13:39:00,147.1,2104030,13:39:00
201605030808,201606260508,2016-06-26,13:45:00,02,65.9,405810,12:40:00,74.7,524920,13:11:00,133.3,1361360,13:34:00,142.1,2104030,13:39:00,142.1,2104030,13:39:00,142.1,2104030,13:39:00
201605030808,201606260508,2016-06-26,13:45:00,03,14.5,405810,12:40:00,15.2,524920,13:11:00,16.7,1361360,13:34:00,16.4,2104030,13:39:00,16.4,2104030,13:39:00,16.4,2104030,13:39:00
201605030808,201606260508,2016-06-26,13:45:00,04,6.7,405810,12:40:00,4.0,524920,13:11:00,5.7,1361360,13:34:00,6.0,2104030,13:39:00,6.0,2104030,13:39:00,6.0,2104030,13:39:00
201605030808,201606260508,2016-06-26,13:45:00,05,13.1,405810,12:40:00,14.6,524920,13:11:00,17.9,1361360,13:34:00,17.3,2104030,13:39:00,17.3,2104030,13:39:00,17.3,2104030,13:39:00
201605030808,201606260508,2016-06-26,13:45:00,06,3.4,405810,12:40:00,3.8,524920,13:11:00,2.3,1361360,13:34:00,2.4,2104030,13:39:00,2.4,2104030,13:39:00,2.4,2104030,13:39:00
201605030808,201606260508,2016-06-26,13:45:00,07,28.9,405810,12:40:00,31.5,524920,13:11:00,44.1,1361360,13:34:00,50.5,2104030,13:39:00,50.5,2104030,13:39:00,50.5,2104030,13:39:00
201605030808,201606260508,2016-06-26,13:45:00,08,13.1,405810,12:40:00,13.6,524920,13:11:00,11.4,1361360,13:34:00,10.2,2104030,13:39:00,10.2,2104030,13:39:00,10.2,2104030,13:39:00
201605030808,201606260508,2016-06-26,13:45:00,09,10.6,405810,12:40:00,11.0,524920,13:11:00,10.3,1361360,13:34:00,7.6,2104030,13:39:00,7.6,2104030,13:39:00,7.6,2104030,13:39:00
201605030808,201606260508,2016-06-26,13:45:00,10,123.4,405810,12:40:00,124.6,524920,13:11:00,172.0,1361360,13:34:00,184.3,2104030,13:39:00,184.3,2104030,13:39:00,184.3,2104030,13:39:00
201605030808,201606260508,2016-06-26,13:45:00,11,83.8,405810,12:40:00,83.6,524920,13:11:00,141.8,1361360,13:34:00,128.4,2104030,13:39:00,128.4,2104030,13:39:00,128.4,2104030,13:39:00
201605030808,201606260508,2016-06-26,13:45:00,12,52.3,405810,12:40:00,52.2,524920,13:11:00,93.8,1361360,13:34:00,109.5,2104030,13:39:00,109.5,2104030,13:39:00,109.5,2104030,13:39:00
201605030808,201606260508,2016-06-26,13:45:00,13,6.7,405810,12:40:00,7.5,524920,13:11:00,11.8,1361360,13:34:00,14.0,2104030,13:39:00,14.0,2104030,13:39:00,14.0,2104030,13:39:00
201605030808,201606260508,2016-06-26,13:45:00,14,11.9,405810,12:40:00,13.1,524920,13:11:00,17.1,1361360,13:34:00,19.0,2104030,13:39:00,19.0,2104030,13:39:00,19.0,2104030,13:39:00
201605030808,201606260508,2016-06-26,13:45:00,15,7.1,405810,12:40:00,8.3,524920,13:11:00,8.4,1361360,13:34:00,7.8,2104030,13:39:00,7.8,2104030,13:39:00,7.8,2104030,13:39:00
201605030808,201606260508,2016-06-26,13:45:00,16,40.9,405810,12:40:00,45.7,524920,13:11:00,52.5,1361360,13:34:00,54.0,2104030,13:39:00,54.0,2104030,13:39:00,54.0,2104030,13:39:00
201605030809,201606260509,2016-06-26,14:15:00,01,2.3,468710,13:15:00,2.3,603960,13:45:00,2.2,1445630,14:04:00,2.5,2195120,14:09:00,2.5,2195120,14:09:00,2.5,2195120,14:09:00
201605030809,201606260509,2016-06-26,14:15:00,02,17.9,468710,13:15:00,18.7,603960,13:45:00,22.1,1445630,14:04:00,24.5,2195120,14:09:00,24.5,2195120,14:09:00,24.5,2195120,14:09:00
201605030809,201606260509,2016-06-26,14:15:00,03,7.2,468710,13:15:00,7.7,603960,13:45:00,10.0,1445630,14:04:00,10.1,2195120,14:09:00,10.1,2195120,14:09:00,10.1,2195120,14:09:00
201605030809,201606260509,2016-06-26,14:15:00,04,6.7,468710,13:15:00,7.3,603960,13:45:00,8.2,1445630,14:04:00,7.3,2195120,14:09:00,7.3,2195120,14:09:00,7.3,2195120,14:09:00
201605030809,201606260509,2016-06-26,14:15:00,05,29.4,468710,13:15:00,32.3,603960,13:45:00,50.7,1445630,14:04:00,61.8,2195120,14:09:00,61.8,2195120,14:09:00,61.8,2195120,14:09:00
201605030809,201606260509,2016-06-26,14:15:00,06,19.3,468710,13:15:00,17.8,603960,13:45:00,29.1,1445630,14:04:00,33.8,2195120,14:09:00,33.8,2195120,14:09:00,33.8,2195120,14:09:00
201605030809,201606260509,2016-06-26,14:15:00,07,3.2,468710,13:15:00,3.2,603960,13:45:00,2.5,1445630,14:04:00,2.1,2195120,14:09:00,2.1,2195120,14:09:00,2.1,2195120,14:09:00
201605030809,201606260509,2016-06-26,14:15:00,08,49.5,468710,13:15:00,50.5,603960,13:45:00,64.0,1445630,14:04:00,77.9,2195120,14:09:00,77.9,2195120,14:09:00,77.9,2195120,14:09:00
201605030809,201606260509,2016-06-26,14:15:00,09,13.2,468710,13:15:00,10.6,603960,13:45:00,13.0,1445630,14:04:00,13.6,2195120,14:09:00,13.6,2195120,14:09:00,13.6,2195120,14:09:00
201605030810,201606260510,2016-06-26,14:50:00,01,5.9,720260,13:50:00,5.9,843040,14:15:00,6.0,1986450,14:39:00,5.5,2581160,14:44:00,5.5,2581160,14:44:00,5.5,2581160,14:44:00
201605030810,201606260510,2016-06-26,14:50:00,02,9.8,720260,13:50:00,9.9,843040,14:15:00,12.3,1986450,14:39:00,11.9,2581160,14:44:00,11.9,2581160,14:44:00,11.9,2581160,14:44:00
201605030810,201606260510,2016-06-26,14:50:00,03,13.8,720260,13:50:00,13.8,843040,14:15:00,13.0,1986450,14:39:00,12.2,2581160,14:44:00,12.2,2581160,14:44:00,12.2,2581160,14:44:00
201605030810,201606260510,2016-06-26,14:50:00,04,76.0,720260,13:50:00,78.1,843040,14:15:00,102.7,1986450,14:39:00,122.9,2581160,14:44:00,122.9,2581160,14:44:00,122.9,2581160,14:44:00
201605030810,201606260510,2016-06-26,14:50:00,05,33.8,720260,13:50:00,34.5,843040,14:15:00,47.2,1986450,14:39:00,52.0,2581160,14:44:00,52.0,2581160,14:44:00,52.0,2581160,14:44:00
201605030810,201606260510,2016-06-26,14:50:00,06,35.8,720260,13:50:00,33.1,843040,14:15:00,34.0,1986450,14:39:00,33.8,2581160,14:44:00,33.8,2581160,14:44:00,33.8,2581160,14:44:00
201605030810,201606260510,2016-06-26,14:50:00,07,12.7,720260,13:50:00,12.7,843040,14:15:00,14.0,1986450,14:39:00,13.3,2581160,14:44:00,13.3,2581160,14:44:00,13.3,2581160,14:44:00
201605030810,201606260510,2016-06-26,14:50:00,08,122.0,720260,13:50:00,125.5,843040,14:15:00,139.8,1986450,14:39:00,150.7,2581160,14:44:00,150.7,2581160,14:44:00,150.7,2581160,14:44:00
201605030810,201606260510,2016-06-26,14:50:00,09,19.6,720260,13:50:00,20.0,843040,14:15:00,17.8,1986450,14:39:00,18.2,2581160,14:44:00,18.2,2581160,14:44:00,18.2,2581160,14:44:00
201605030810,201606260510,2016-06-26,14:50:00,10,9.4,720260,13:50:00,9.5,843040,14:15:00,7.8,1986450,14:39:00,7.3,2581160,14:44:00,7.3,2581160,14:44:00,7.3,2581160,14:44:00
201605030810,201606260510,2016-06-26,14:50:00,11,42.5,720260,13:50:00,39.6,843040,14:15:00,53.8,1986450,14:39:00,55.1,2581160,14:44:00,55.1,2581160,14:44:00,55.1,2581160,14:44:00
201605030810,201606260510,2016-06-26,14:50:00,12,101.0,720260,13:50:00,89.6,843040,14:15:00,114.4,1986450,14:39:00,119.3,2581160,14:44:00,119.3,2581160,14:44:00,119.3,2581160,14:44:00
201605030810,201606260510,2016-06-26,14:50:00,13,61.7,720260,13:50:00,62.9,843040,14:15:00,91.2,1986450,14:39:00,96.4,2581160,14:44:00,96.4,2581160,14:44:00,96.4,2581160,14:44:00
201605030810,201606260510,2016-06-26,14:50:00,14,2.9,720260,13:50:00,2.9,843040,14:15:00,2.4,1986450,14:39:00,2.5,2581160,14:44:00,2.5,2581160,14:44:00,2.5,2581160,14:44:00
201605030810,201606260510,2016-06-26,14:50:00,15,6.2,720260,13:50:00,6.2,843040,14:15:00,8.2,1986450,14:39:00,8.8,2581160,14:44:00,8.8,2581160,14:44:00,8.8,2581160,14:44:00
201605030810,201606260510,2016-06-26,14:50:00,16,22.6,720260,13:50:00,24.1,843040,14:15:00,31.5,1986450,14:39:00,32.6,2581160,14:44:00,32.6,2581160,14:44:00,32.6,2581160,14:44:00
201605030811,201606260511,2016-06-26,15:30:00,01,6.9,1552710,14:26:00,7.2,2028040,14:55:00,6.2,3682050,15:19:00,6.0,4358810,15:24:00,6.0,4358810,15:24:00,6.0,4358810,15:24:00
201605030811,201606260511,2016-06-26,15:30:00,02,13.1,1552710,14:26:00,13.8,2028040,14:55:00,16.4,3682050,15:19:00,16.3,4358810,15:24:00,16.3,4358810,15:24:00,16.3,4358810,15:24:00
201605030811,201606260511,2016-06-26,15:30:00,03,15.5,1552710,14:26:00,16.9,2028040,14:55:00,18.8,3682050,15:19:00,18.2,4358810,15:24:00,18.2,4358810,15:24:00,18.2,4358810,15:24:00
201605030811,201606260511,2016-06-26,15:30:00,04,13.7,1552710,14:26:00,14.4,2028040,14:55:00,10.8,3682050,15:19:00,10.4,4358810,15:24:00,10.4,4358810,15:24:00,10.4,4358810,15:24:00
201605030811,201606260511,2016-06-26,15:30:00,05,22.5,1552710,14:26:00,23.5,2028040,14:55:00,29.2,3682050,15:19:00,30.3,4358810,15:24:00,30.3,4358810,15:24:00,30.3,4358810,15:24:00
201605030811,201606260511,2016-06-26,15:30:00,06,49.1,1552710,14:26:00,54.8,2028040,14:55:00,43.6,3682050,15:19:00,45.5,4358810,15:24:00,45.5,4358810,15:24:00,45.5,4358810,15:24:00
201605030811,201606260511,2016-06-26,15:30:00,07,22.3,1552710,14:26:00,25.2,2028040,14:55:00,30.2,3682050,15:19:00,30.9,4358810,15:24:00,30.9,4358810,15:24:00,30.9,4358810,15:24:00
201605030811,201606260511,2016-06-26,15:30:00,08,10.6,1552710,14:26:00,12.1,2028040,14:55:00,11.5,3682050,15:19:00,11.5,4358810,15:24:00,11.5,4358810,15:24:00,11.5,4358810,15:24:00
201605030811,201606260511,2016-06-26,15:30:00,09,1.7,1552710,14:26:00,1.6,2028040,14:55:00,1.6,3682050,15:19:00,1.6,4358810,15:24:00,1.6,4358810,15:24:00,1.6,4358810,15:24:00
201605030811,201606260511,2016-06-26,15:30:00,10,79.6,1552710,14:26:00,83.6,2028040,14:55:00,91.1,3682050,15:19:00,97.8,4358810,15:24:00,97.8,4358810,15:24:00,97.8,4358810,15:24:00
201605030811,201606260511,2016-06-26,15:30:00,11,28.5,1552710,14:26:00,30.4,2028040,14:55:00,35.5,3682050,15:19:00,36.9,4358810,15:24:00,36.9,4358810,15:24:00,36.9,4358810,15:24:00
201605030811,201606260511,2016-06-26,15:30:00,12,23.1,1552710,14:26:00,25.0,2028040,14:55:00,29.0,3682050,15:19:00,30.6,4358810,15:24:00,30.6,4358810,15:24:00,30.6,4358810,15:24:00
201605030811,201606260511,2016-06-26,15:30:00,13,30.5,1552710,14:26:00,30.6,2028040,14:55:00,28.7,3682050,15:19:00,26.7,4358810,15:24:00,26.7,4358810,15:24:00,26.7,4358810,15:24:00
201605030812,201606260512,2016-06-26,16:15:00,01,5.3,385180,15:12:00,4.9,482700,15:43:00,3.3,1918510,16:04:00,3.2,2820140,16:09:00,3.2,2820140,16:09:00,3.2,2820140,16:09:00
201605030812,201606260512,2016-06-26,16:15:00,02,5.4,385180,15:12:00,5.2,482700,15:43:00,5.2,1918510,16:04:00,4.7,2820140,16:09:00,4.7,2820140,16:09:00,4.7,2820140,16:09:00
201605030812,201606260512,2016-06-26,16:15:00,03,11.0,385180,15:12:00,11.3,482700,15:43:00,16.3,1918510,16:04:00,18.0,2820140,16:09:00,18.0,2820140,16:09:00,18.0,2820140,16:09:00
201605030812,201606260512,2016-06-26,16:15:00,04,6.7,385180,15:12:00,7.1,482700,15:43:00,11.3,1918510,16:04:00,11.3,2820140,16:09:00,11.3,2820140,16:09:00,11.3,2820140,16:09:00
201605030812,201606260512,2016-06-26,16:15:00,05,42.6,385180,15:12:00,40.0,482700,15:43:00,69.1,1918510,16:04:00,72.4,2820140,16:09:00,72.4,2820140,16:09:00,72.4,2820140,16:09:00
201605030812,201606260512,2016-06-26,16:15:00,06,48.7,385180,15:12:00,43.7,482700,15:43:00,76.1,1918510,16:04:00,84.0,2820140,16:09:00,84.0,2820140,16:09:00,84.0,2820140,16:09:00
201605030812,201606260512,2016-06-26,16:15:00,07,7.8,385180,15:12:00,7.4,482700,15:43:00,7.4,1918510,16:04:00,7.7,2820140,16:09:00,7.7,2820140,16:09:00,7.7,2820140,16:09:00
201605030812,201606260512,2016-06-26,16:15:00,08,4.9,385180,15:12:00,5.0,482700,15:43:00,4.8,1918510,16:04:00,5.0,2820140,16:09:00,5.0,2820140,16:09:00,5.0,2820140,16:09:00
201605030812,201606260512,2016-06-26,16:15:00,09,4.0,385180,15:12:00,4.3,482700,15:43:00,4.2,1918510,16:04:00,4.4,2820140,16:09:00,4.4,2820140,16:09:00,4.4,2820140,16:09:00
201605030812,201606260512,2016-06-26,16:15:00,10,54.4,385180,15:12:00,43.6,482700,15:43:00,83.6,1918510,16:04:00,90.1,2820140,16:09:00,90.1,2820140,16:09:00,90.1,2820140,16:09:00
201609030101,201606040901,2016-06-04,09:55:00,01,60.6,427900,08:50:00,73.2,712910,09:25:00,67.3,1223470,09:44:00,57.8,1525170,09:49:00,57.8,1525170,09:49:00,57.8,1525170,09:49:00
201609030101,201606040901,2016-06-04,09:55:00,02,32.6,427900,08:50:00,35.1,712910,09:25:00,36.8,1223470,09:44:00,36.9,1525170,09:49:00,36.9,1525170,09:49:00,36.9,1525170,09:49:00
201609030101,201606040901,2016-06-04,09:55:00,03,1.4,427900,08:50:00,1.3,712910,09:25:00,1.3,1223470,09:44:00,1.4,1525170,09:49:00,1.4,1525170,09:49:00,1.4,1525170,09:49:00
201609030101,201606040901,2016-06-04,09:55:00,04,70.2,427900,08:50:00,76.8,712910,09:25:00,85.7,1223470,09:44:00,90.4,1525170,09:49:00,90.4,1525170,09:49:00,90.4,1525170,09:49:00
201609030101,201606040901,2016-06-04,09:55:00,05,114.8,427900,08:50:00,101.1,712910,09:25:00,124.0,1223470,09:44:00,134.0,1525170,09:49:00,134.0,1525170,09:49:00,134.0,1525170,09:49:00
201609030101,201606040901,2016-06-04,09:55:00,06,9.3,427900,08:50:00,10.1,712910,09:25:00,10.0,1223470,09:44:00,10.2,1525170,09:49:00,10.2,1525170,09:49:00,10.2,1525170,09:49:00
201609030101,201606040901,2016-06-04,09:55:00,07,87.3,427900,08:50:00,56.0,712910,09:25:00,77.0,1223470,09:44:00,87.9,1525170,09:49:00,87.9,1525170,09:49:00,87.9,1525170,09:49:00
201609030101,201606040901,2016-06-04,09:55:00,08,13.2,427900,08:50:00,12.5,712910,09:25:00,13.1,1223470,09:44:00,13.1,1525170,09:49:00,13.1,1525170,09:49:00,13.1,1525170,09:49:00
201609030101,201606040901,2016-06-04,09:55:00,09,184.0,427900,08:50:00,121.0,712910,09:25:00,145.8,1223470,09:44:00,151.0,1525170,09:49:00,151.0,1525170,09:49:00,151.0,1525170,09:49:00
201609030101,201606040901,2016-06-04,09:55:00,10,46.4,427900,08:50:00,47.0,712910,09:25:00,37.8,1223470,09:44:00,37.6,1525170,09:49:00,37.6,1525170,09:49:00,37.6,1525170,09:49:00
201609030101,201606040901,2016-06-04,09:55:00,11,100.0,427900,08:50:00,126.4,712910,09:25:00,147.4,1223470,09:44:00,162.2,1525170,09:49:00,162.2,1525170,09:49:00,162.2,1525170,09:49:00
201609030101,201606040901,2016-06-04,09:55:00,12,468.9,427900,08:50:00,487.4,712910,09:25:00,461.6,1223470,09:44:00,313.6,1525170,09:49:00,313.6,1525170,09:49:00,313.6,1525170,09:49:00
201609030101,201606040901,2016-06-04,09:55:00,13,15.3,427900,08:50:00,17.5,712910,09:25:00,18.3,1223470,09:44:00,18.6,1525170,09:49:00,18.6,1525170,09:49:00,18.6,1525170,09:49:00
201609030101,201606040901,2016-06-04,09:55:00,14,143.8,427900,08:50:00,174.4,712910,09:25:00,168.1,1223470,09:44:00,166.6,1525170,09:49:00,166.6,1525170,09:49:00,166.6,1525170,09:49:00
201609030101,201606040901,2016-06-04,09:55:00,15,7.0,427900,08:50:00,7.6,712910,09:25:00,6.8,1223470,09:44:00,6.1,1525170,09:49:00,6.1,1525170,09:49:00,6.1,1525170,09:49:00
201609030101,201606040901,2016-06-04,09:55:00,16,35.6,427900,08:50:00,41.5,712910,09:25:00,36.4,1223470,09:44:00,35.1,1525170,09:49:00,35.1,1525170,09:49:00,35.1,1525170,09:49:00
201609030102,201606040902,2016-06-04,10:25:00,01,121.1,217990,09:21:00,100.6,309640,09:54:00,111.7,614730,10:14:00,165.3,1167950,10:19:00,165.3,1167950,10:19:00,165.3,1167950,10:19:00
201609030102,201606040902,2016-06-04,10:25:00,02,170.9,217990,09:21:00,151.9,309640,09:54:00,172.5,614730,10:14:00,257.3,1167950,10:19:00,257.3,1167950,10:19:00,257.3,1167950,10:19:00
201609030102,201606040902,2016-06-04,10:25:00,03,3.0,217990,09:21:00,3.3,309640,09:54:00,3.5,614730,10:14:00,3.0,1167950,10:19:00,3.0,1167950,10:19:00,3.0,1167950,10:19:00
201609030102,201606040902,2016-06-04,10:25:00,04,50.5,217990,09:21:00,56.4,309640,09:54:00,74.7,614730,10:14:00,104.9,1167950,10:19:00,104.9,1167950,10:19:00,104.9,1167950,10:19:00
201609030102,201606040902,2016-06-04,10:25:00,05,15.4,217990,09:21:00,13.7,309640,09:54:00,15.3,614730,10:14:00,11.9,1167950,10:19:00,11.9,1167950,10:19:00,11.9,1167950,10:19:00
201609030102,201606040902,2016-06-04,10:25:00,06,166.0,217990,09:21:00,93.1,309640,09:54:00,128.0,614730,10:14:00,208.0,1167950,10:19:00,208.0,1167950,10:19:00,208.0,1167950,10:19:00
201609030102,201606040902,2016-06-04,10:25:00,07,10.3,217990,09:21:00,9.3,309640,09:54:00,8.1,614730,10:14:00,9.0,1167950,10:19:00,9.0,1167950,10:19:00,9.0,1167950,10:19:00
201609030102,201606040902,2016-06-04,10:25:00,08,7.0,217990,09:21:00,7.3,309640,09:54:00,5.3,614730,10:14:00,5.0,1167950,10:19:00,5.0,1167950,10:19:00,5.0,1167950,10:19:00
201609030102,201606040902,2016-06-04,10:25:00,09,21.5,217990,09:21:00,16.1,309640,09:54:00,16.2,614730,10:14:00,18.9,1167950,10:19:00,18.9,1167950,10:19:00,18.9,1167950,10:19:00
201609030102,201606040902,2016-06-04,10:25:00,10,27.2,217990,09:21:00,26.1,309640,09:54:00,31.2,614730,10:14:00,27.9,1167950,10:19:00,27.9,1167950,10:19:00,27.9,1167950,10:19:00
201609030102,201606040902,2016-06-04,10:25:00,11,26.7,217990,09:21:00,26.4,309640,09:54:00,23.5,614730,10:14:00,29.6,1167950,10:19:00,29.6,1167950,10:19:00,29.6,1167950,10:19:00
201609030102,201606040902,2016-06-04,10:25:00,12,276.8,217990,09:21:00,247.7,309640,09:54:00,334.5,614730,10:14:00,521.9,1167950,10:19:00,521.9,1167950,10:19:00,521.9,1167950,10:19:00
201609030102,201606040902,2016-06-04,10:25:00,13,76.1,217990,09:21:00,76.6,309640,09:54:00,104.4,614730,10:14:00,139.6,1167950,10:19:00,139.6,1167950,10:19:00,139.6,1167950,10:19:00
201609030102,201606040902,2016-06-04,10:25:00,14,6.9,217990,09:21:00,7.4,309640,09:54:00,10.5,614730,10:14:00,11.3,1167950,10:19:00,11.3,1167950,10:19:00,11.3,1167950,10:19:00
201609030102,201606040902,2016-06-04,10:25:00,15,6.1,217990,09:21:00,6.2,309640,09:54:00,5.8,614730,10:14:00,6.6,1167950,10:19:00,6.6,1167950,10:19:00,6.6,1167950,10:19:00
201609030102,201606040902,2016-06-04,10:25:00,16,7.3,217990,09:21:00,6.9,309640,09:54:00,6.7,614730,10:14:00,7.7,1167950,10:19:00,7.7,1167950,10:19:00,7.7,1167950,10:19:00
201609030103,201606040903,2016-06-04,10:55:00,01,23.6,222020,09:54:00,30.9,312400,10:23:00,44.6,698020,10:44:00,49.8,1386670,10:50:00,49.8,1386670,10:50:00,49.8,1386670,10:50:00
201609030103,201606040903,2016-06-04,10:55:00,02,47.8,222020,09:54:00,58.8,312400,10:23:00,87.2,698020,10:44:00,127.3,1386670,10:50:00,127.3,1386670,10:50:00,127.3,1386670,10:50:00
201609030103,201606040903,2016-06-04,10:55:00,03,7.3,222020,09:54:00,5.8,312400,10:23:00,6.8,698020,10:44:00,6.8,1386670,10:50:00,6.8,1386670,10:50:00,6.8,1386670,10:50:00
201609030103,201606040903,2016-06-04,10:55:00,04,39.9,222020,09:54:00,47.8,312400,10:23:00,61.5,698020,10:44:00,84.6,1386670,10:50:00,84.6,1386670,10:50:00,84.6,1386670,10:50:00
201609030103,201606040903,2016-06-04,10:55:00,05,24.5,222020,09:54:00,29.4,312400,10:23:00,31.5,698020,10:44:00,30.0,1386670,10:50:00,30.0,1386670,10:50:00,30.0,1386670,10:50:00
201609030103,201606040903,2016-06-04,10:55:00,06,34.2,222020,09:54:00,37.3,312400,10:23:00,46.6,698020,10:44:00,40.0,1386670,10:50:00,40.0,1386670,10:50:00,40.0,1386670,10:50:00
201609030103,201606040903,2016-06-04,10:55:00,07,20.9,222020,09:54:00,24.6,312400,10:23:00,26.6,698020,10:44:00,28.9,1386670,10:50:00,28.9,1386670,10:50:00,28.9,1386670,10:50:00
201609030103,201606040903,2016-06-04,10:55:00,08,6.1,222020,09:54:00,7.0,312400,10:23:00,7.8,698020,10:44:00,9.8,1386670,10:50:00,9.8,1386670,10:50:00,9.8,1386670,10:50:00
201609030103,201606040903,2016-06-04,10:55:00,09,42.7,222020,09:54:00,50.7,312400,10:23:00,45.3,698020,10:44:00,46.0,1386670,10:50:00,46.0,1386670,10:50:00,46.0,1386670,10:50:00
201609030103,201606040903,2016-06-04,10:55:00,10,5.0,222020,09:54:00,5.2,312400,10:23:00,4.4,698020,10:44:00,4.7,1386670,10:50:00,4.7,1386670,10:50:00,4.7,1386670,10:50:00
201609030103,201606040903,2016-06-04,10:55:00,11,5.0,222020,09:54:00,4.7,312400,10:23:00,3.0,698020,10:44:00,2.6,1386670,10:50:00,2.6,1386670,10:50:00,2.6,1386670,10:50:00
201609030103,201606040903,2016-06-04,10:55:00,12,25.0,222020,09:54:00,16.8,312400,10:23:00,26.8,698020,10:44:00,30.6,1386670,10:50:00,30.6,1386670,10:50:00,30.6,1386670,10:50:00
201609030103,201606040903,2016-06-04,10:55:00,13,23.1,222020,09:54:00,26.7,312400,10:23:00,32.0,698020,10:44:00,36.6,1386670,10:50:00,36.6,1386670,10:50:00,36.6,1386670,10:50:00
201609030103,201606040903,2016-06-04,10:55:00,14,6.5,222020,09:54:00,6.3,312400,10:23:00,8.0,698020,10:44:00,7.1,1386670,10:50:00,7.1,1386670,10:50:00,7.1,1386670,10:50:00
201609030103,201606040903,2016-06-04,10:55:00,15,12.1,222020,09:54:00,12.0,312400,10:23:00,15.2,698020,10:44:00,17.8,1386670,10:50:00,17.8,1386670,10:50:00,17.8,1386670,10:50:00
201609030103,201606040903,2016-06-04,10:55:00,16,110.3,222020,09:54:00,123.1,312400,10:23:00,155.1,698020,10:44:00,192.5,1386670,10:50:00,192.5,1386670,10:50:00,192.5,1386670,10:50:00
201609030104,201606040904,2016-06-04,11:25:00,01,17.8,280580,10:24:00,20.6,404940,10:54:00,25.5,715860,11:14:00,34.1,1312430,11:19:00,34.1,1312430,11:19:00,34.1,1312430,11:19:00
201609030104,201606040904,2016-06-04,11:25:00,02,11.4,280580,10:24:00,12.7,404940,10:54:00,14.8,715860,11:14:00,18.2,1312430,11:19:00,18.2,1312430,11:19:00,18.2,1312430,11:19:00
201609030104,201606040904,2016-06-04,11:25:00,03,143.8,280580,10:24:00,175.1,404940,10:54:00,205.2,715860,11:14:00,277.0,1312430,11:19:00,277.0,1312430,11:19:00,277.0,1312430,11:19:00
201609030104,201606040904,2016-06-04,11:25:00,04,76.6,280580,10:24:00,99.6,404940,10:54:00,120.8,715860,11:14:00,179.4,1312430,11:19:00,179.4,1312430,11:19:00,179.4,1312430,11:19:00
201609030104,201606040904,2016-06-04,11:25:00,05,116.3,280580,10:24:00,149.2,404940,10:54:00,149.5,715860,11:14:00,218.2,1312430,11:19:00,218.2,1312430,11:19:00,218.2,1312430,11:19:00
201609030104,201606040904,2016-06-04,11:25:00,06,3.3,280580,10:24:00,3.7,404940,10:54:00,2.8,715860,11:14:00,2.5,1312430,11:19:00,2.5,1312430,11:19:00,2.5,1312430,11:19:00
201609030104,201606040904,2016-06-04,11:25:00,07,47.7,280580,10:24:00,61.0,404940,10:54:00,91.0,715860,11:14:00,101.1,1312430,11:19:00,101.1,1312430,11:19:00,101.1,1312430,11:19:00
201609030104,201606040904,2016-06-04,11:25:00,08,26.7,280580,10:24:00,31.7,404940,10:54:00,37.5,715860,11:14:00,39.5,1312430,11:19:00,39.5,1312430,11:19:00,39.5,1312430,11:19:00
201609030104,201606040904,2016-06-04,11:25:00,09,34.0,280580,10:24:00,41.9,404940,10:54:00,55.0,715860,11:14:00,55.4,1312430,11:19:00,55.4,1312430,11:19:00,55.4,1312430,11:19:00
201609030104,201606040904,2016-06-04,11:25:00,10,13.4,280580,10:24:00,17.4,404940,10:54:00,15.6,715860,11:14:00,17.5,1312430,11:19:00,17.5,1312430,11:19:00,17.5,1312430,11:19:00
201609030104,201606040904,2016-06-04,11:25:00,11,10.8,280580,10:24:00,12.3,404940,10:54:00,10.7,715860,11:14:00,9.3,1312430,11:19:00,9.3,1312430,11:19:00,9.3,1312430,11:19:00
201609030104,201606040904,2016-06-04,11:25:00,12,66.6,280580,10:24:00,83.7,404940,10:54:00,102.6,715860,11:14:00,120.8,1312430,11:19:00,120.8,1312430,11:19:00,120.8,1312430,11:19:00
201609030104,201606040904,2016-06-04,11:25:00,13,26.6,280580,10:24:00,31.7,404940,10:54:00,24.2,715860,11:14:00,22.5,1312430,11:19:00,22.5,1312430,11:19:00,22.5,1312430,11:19:00
201609030104,201606040904,2016-06-04,11:25:00,14,77.4,280580,10:24:00,96.7,404940,10:54:00,103.9,715860,11:14:00,153.2,1312430,11:19:00,153.2,1312430,11:19:00,153.2,1312430,11:19:00
201609030104,201606040904,2016-06-04,11:25:00,15,6.2,280580,10:24:00,3.2,404940,10:54:00,3.7,715860,11:14:00,4.1,1312430,11:19:00,4.1,1312430,11:19:00,4.1,1312430,11:19:00
201609030104,201606040904,2016-06-04,11:25:00,16,45.0,280580,10:24:00,59.1,404940,10:54:00,69.2,715860,11:14:00,80.5,1312430,11:19:00,80.5,1312430,11:19:00,80.5,1312430,11:19:00
201609030104,201606040904,2016-06-04,11:25:00,17,311.7,280580,10:24:00,372.3,404940,10:54:00,406.1,715860,11:14:00,339.7,1312430,11:19:00,339.7,1312430,11:19:00,339.7,1312430,11:19:00
201609030104,201606040904,2016-06-04,11:25:00,18,3.6,280580,10:24:00,4.1,404940,10:54:00,4.5,715860,11:14:00,4.5,1312430,11:19:00,4.5,1312430,11:19:00,4.5,1312430,11:19:00
201609030105,201606040905,2016-06-04,12:15:00,01,3.7,511300,11:10:00,3.6,721220,11:42:00,3.9,1528640,12:04:00,4.1,2279750,12:09:00,4.1,2279750,12:09:00,4.1,2279750,12:09:00
201609030105,201606040905,2016-06-04,12:15:00,02,4.5,511300,11:10:00,5.1,721220,11:42:00,5.8,1528640,12:04:00,6.0,2279750,12:09:00,6.0,2279750,12:09:00,6.0,2279750,12:09:00
201609030105,201606040905,2016-06-04,12:15:00,03,20.8,511300,11:10:00,21.6,721220,11:42:00,21.0,1528640,12:04:00,22.7,2279750,12:09:00,22.7,2279750,12:09:00,22.7,2279750,12:09:00
201609030105,201606040905,2016-06-04,12:15:00,04,42.9,511300,11:10:00,43.8,721220,11:42:00,43.8,1528640,12:04:00,57.6,2279750,12:09:00,57.6,2279750,12:09:00,57.6,2279750,12:09:00
201609030105,201606040905,2016-06-04,12:15:00,05,29.7,511300,11:10:00,29.1,721220,11:42:00,28.5,1528640,12:04:00,36.0,2279750,12:09:00,36.0,2279750,12:09:00,36.0,2279750,12:09:00
201609030105,201606040905,2016-06-04,12:15:00,06,9.4,511300,11:10:00,9.4,721220,11:42:00,10.6,1528640,12:04:00,12.5,2279750,12:09:00,12.5,2279750,12:09:00,12.5,2279750,12:09:00
201609030105,201606040905,2016-06-04,12:15:00,07,4.1,511300,11:10:00,3.9,721220,11:42:00,3.4,1528640,12:04:00,2.7,2279750,12:09:00,2.7,2279750,12:09:00,2.7,2279750,12:09:00
201609030105,201606040905,2016-06-04,12:15:00,08,35.3,511300,11:10:00,35.7,721220,11:42:00,30.3,1528640,12:04:00,30.7,2279750,12:09:00,30.7,2279750,12:09:00,30.7,2279750,12:09:00
201609030105,201606040905,2016-06-04,12:15:00,09,5.4,511300,11:10:00,5.2,721220,11:42:00,4.7,1528640,12:04:00,4.9,2279750,12:09:00,4.9,2279750,12:09:00,4.9,2279750,12:09:00
201609030105,201606040905,2016-06-04,12:15:00,10,29.5,511300,11:10:00,30.8,721220,11:42:00,33.0,1528640,12:04:00,42.3,2279750,12:09:00,42.3,2279750,12:09:00,42.3,2279750,12:09:00
201609030106,201606040906,2016-06-04,12:45:00,01,96.4,495520,11:40:00,116.2,844160,12:13:00,123.8,1281440,12:34:00,121.2,2014270,12:40:00,121.2,2014270,12:40:00,121.2,2014270,12:40:00
201609030106,201606040906,2016-06-04,12:45:00,02,65.7,495520,11:40:00,88.2,844160,12:13:00,84.8,1281440,12:34:00,95.5,2014270,12:40:00,95.5,2014270,12:40:00,95.5,2014270,12:40:00
201609030106,201606040906,2016-06-04,12:45:00,03,41.7,495520,11:40:00,51.8,844160,12:13:00,49.0,1281440,12:34:00,42.4,2014270,12:40:00,42.4,2014270,12:40:00,42.4,2014270,12:40:00
201609030106,201606040906,2016-06-04,12:45:00,04,302.6,495520,11:40:00,430.1,844160,12:13:00,443.7,1281440,12:34:00,514.8,2014270,12:40:00,514.8,2014270,12:40:00,514.8,2014270,12:40:00
201609030106,201606040906,2016-06-04,12:45:00,05,13.0,495520,11:40:00,15.2,844160,12:13:00,10.6,1281440,12:34:00,9.3,2014270,12:40:00,9.3,2014270,12:40:00,9.3,2014270,12:40:00
201609030106,201606040906,2016-06-04,12:45:00,06,1.5,495520,11:40:00,1.3,844160,12:13:00,1.4,1281440,12:34:00,1.7,2014270,12:40:00,1.7,2014270,12:40:00,1.7,2014270,12:40:00
201609030106,201606040906,2016-06-04,12:45:00,07,60.7,495520,11:40:00,93.2,844160,12:13:00,115.3,1281440,12:34:00,142.8,2014270,12:40:00,142.8,2014270,12:40:00,142.8,2014270,12:40:00
201609030106,201606040906,2016-06-04,12:45:00,08,42.9,495520,11:40:00,58.6,844160,12:13:00,56.9,1281440,12:34:00,59.0,2014270,12:40:00,59.0,2014270,12:40:00,59.0,2014270,12:40:00
201609030106,201606040906,2016-06-04,12:45:00,09,220.2,495520,11:40:00,331.0,844160,12:13:00,315.4,1281440,12:34:00,339.9,2014270,12:40:00,339.9,2014270,12:40:00,339.9,2014270,12:40:00
201609030106,201606040906,2016-06-04,12:45:00,10,36.7,495520,11:40:00,47.2,844160,12:13:00,42.0,1281440,12:34:00,33.3,2014270,12:40:00,33.3,2014270,12:40:00,33.3,2014270,12:40:00
201609030106,201606040906,2016-06-04,12:45:00,11,221.4,495520,11:40:00,321.5,844160,12:13:00,298.8,1281440,12:34:00,235.9,2014270,12:40:00,235.9,2014270,12:40:00,235.9,2014270,12:40:00
201609030106,201606040906,2016-06-04,12:45:00,12,46.2,495520,11:40:00,51.7,844160,12:13:00,54.0,1281440,12:34:00,54.3,2014270,12:40:00,54.3,2014270,12:40:00,54.3,2014270,12:40:00
201609030106,201606040906,2016-06-04,12:45:00,13,7.5,495520,11:40:00,10.3,844160,12:13:00,12.1,1281440,12:34:00,12.9,2014270,12:40:00,12.9,2014270,12:40:00,12.9,2014270,12:40:00
201609030106,201606040906,2016-06-04,12:45:00,14,4.5,495520,11:40:00,5.2,844160,12:13:00,3.9,1281440,12:34:00,3.1,2014270,12:40:00,3.1,2014270,12:40:00,3.1,2014270,12:40:00
201609030106,201606040906,2016-06-04,12:45:00,15,99.8,495520,11:40:00,145.2,844160,12:13:00,174.9,1281440,12:34:00,223.1,2014270,12:40:00,223.1,2014270,12:40:00,223.1,2014270,12:40:00
201609030106,201606040906,2016-06-04,12:45:00,16,32.5,495520,11:40:00,42.8,844160,12:13:00,37.0,1281440,12:34:00,30.3,2014270,12:40:00,30.3,2014270,12:40:00,30.3,2014270,12:40:00
201609030107,201606040907,2016-06-04,13:15:00,01,2.8,386470,12:09:00,3.3,538550,12:44:00,3.2,908670,13:04:00,3.2,1645150,13:09:00,3.2,1645150,13:09:00,3.2,1645150,13:09:00
201609030107,201606040907,2016-06-04,13:15:00,02,73.7,386470,12:09:00,87.5,538550,12:44:00,84.2,908670,13:04:00,102.5,1645150,13:09:00,102.5,1645150,13:09:00,102.5,1645150,13:09:00
201609030107,201606040907,2016-06-04,13:15:00,03,14.6,386470,12:09:00,17.8,538550,12:44:00,20.2,908670,13:04:00,22.9,1645150,13:09:00,22.9,1645150,13:09:00,22.9,1645150,13:09:00
201609030107,201606040907,2016-06-04,13:15:00,04,101.3,386470,12:09:00,128.2,538550,12:44:00,155.9,908670,13:04:00,226.9,1645150,13:09:00,226.9,1645150,13:09:00,226.9,1645150,13:09:00
201609030107,201606040907,2016-06-04,13:15:00,05,64.4,386470,12:09:00,86.1,538550,12:44:00,117.8,908670,13:04:00,176.8,1645150,13:09:00,176.8,1645150,13:09:00,176.8,1645150,13:09:00
201609030107,201606040907,2016-06-04,13:15:00,06,16.6,386470,12:09:00,5.9,538550,12:44:00,20.2,908670,13:04:00,22.1,1645150,13:09:00,22.1,1645150,13:09:00,22.1,1645150,13:09:00
201609030107,201606040907,2016-06-04,13:15:00,07,9.6,386470,12:09:00,10.1,538550,12:44:00,8.6,908670,13:04:00,8.9,1645150,13:09:00,8.9,1645150,13:09:00,8.9,1645150,13:09:00
201609030107,201606040907,2016-06-04,13:15:00,08,,386470,12:09:00,,538550,12:44:00,,908670,13:04:00,,1645150,13:09:00,,1645150,13:09:00,,1645150,13:09:00
201609030107,201606040907,2016-06-04,13:15:00,09,14.4,386470,12:09:00,16.3,538550,12:44:00,16.1,908670,13:04:00,16.9,1645150,13:09:00,16.9,1645150,13:09:00,16.9,1645150,13:09:00
201609030107,201606040907,2016-06-04,13:15:00,10,34.8,386470,12:09:00,41.0,538550,12:44:00,44.8,908670,13:04:00,51.5,1645150,13:09:00,51.5,1645150,13:09:00,51.5,1645150,13:09:00
201609030107,201606040907,2016-06-04,13:15:00,11,28.4,386470,12:09:00,32.8,538550,12:44:00,37.5,908670,13:04:00,50.7,1645150,13:09:00,50.7,1645150,13:09:00,50.7,1645150,13:09:00
201609030107,201606040907,2016-06-04,13:15:00,12,105.8,386470,12:09:00,124.5,538550,12:44:00,167.1,908670,13:04:00,215.7,1645150,13:09:00,215.7,1645150,13:09:00,215.7,1645150,13:09:00
201609030107,201606040907,2016-06-04,13:15:00,13,29.8,386470,12:09:00,25.5,538550,12:44:00,27.3,908670,13:04:00,29.4,1645150,13:09:00,29.4,1645150,13:09:00,29.4,1645150,13:09:00
201609030107,201606040907,2016-06-04,13:15:00,14,5.2,386470,12:09:00,4.7,538550,12:44:00,3.2,908670,13:04:00,2.6,1645150,13:09:00,2.6,1645150,13:09:00,2.6,1645150,13:09:00
201609030107,201606040907,2016-06-04,13:15:00,15,12.1,386470,12:09:00,14.2,538550,12:44:00,12.9,908670,13:04:00,16.6,1645150,13:09:00,16.6,1645150,13:09:00,16.6,1645150,13:09:00
201609030107,201606040907,2016-06-04,13:15:00,16,312.2,386470,12:09:00,377.9,538550,12:44:00,260.5,908670,13:04:00,395.2,1645150,13:09:00,395.2,1645150,13:09:00,395.2,1645150,13:09:00
201609030107,201606040907,2016-06-04,13:15:00,17,6.6,386470,12:09:00,7.8,538550,12:44:00,7.0,908670,13:04:00,7.5,1645150,13:09:00,7.5,1645150,13:09:00,7.5,1645150,13:09:00
201609030107,201606040907,2016-06-04,13:15:00,18,44.2,386470,12:09:00,48.4,538550,12:44:00,56.3,908670,13:04:00,53.5,1645150,13:09:00,53.5,1645150,13:09:00,53.5,1645150,13:09:00
201609030108,201606040908,2016-06-04,13:50:00,01,3.4,252630,12:48:00,3.4,316030,13:17:00,2.2,1142360,13:39:00,2.4,1782850,13:44:00,2.4,1782850,13:44:00,2.4,1782850,13:44:00
201609030108,201606040908,2016-06-04,13:50:00,02,22.2,252630,12:48:00,22.2,316030,13:17:00,24.1,1142360,13:39:00,26.2,1782850,13:44:00,26.2,1782850,13:44:00,26.2,1782850,13:44:00
201609030108,201606040908,2016-06-04,13:50:00,03,12.3,252630,12:48:00,13.8,316030,13:17:00,23.4,1142360,13:39:00,24.7,1782850,13:44:00,24.7,1782850,13:44:00,24.7,1782850,13:44:00
201609030108,201606040908,2016-06-04,13:50:00,04,5.2,252630,12:48:00,5.0,316030,13:17:00,5.8,1142360,13:39:00,6.2,1782850,13:44:00,6.2,1782850,13:44:00,6.2,1782850,13:44:00
201609030108,201606040908,2016-06-04,13:50:00,05,36.9,252630,12:48:00,42.4,316030,13:17:00,73.4,1142360,13:39:00,73.7,1782850,13:44:00,73.7,1782850,13:44:00,73.7,1782850,13:44:00
201609030108,201606040908,2016-06-04,13:50:00,06,6.3,252630,12:48:00,6.0,316030,13:17:00,5.6,1142360,13:39:00,4.6,1782850,13:44:00,4.6,1782850,13:44:00,4.6,1782850,13:44:00
201609030108,201606040908,2016-06-04,13:50:00,07,13.9,252630,12:48:00,12.8,316030,13:17:00,20.6,1142360,13:39:00,20.0,1782850,13:44:00,20.0,1782850,13:44:00,20.0,1782850,13:44:00
201609030108,201606040908,2016-06-04,13:50:00,08,27.6,252630,12:48:00,31.7,316030,13:17:00,62.8,1142360,13:39:00,67.5,1782850,13:44:00,67.5,1782850,13:44:00,67.5,1782850,13:44:00
201609030108,201606040908,2016-06-04,13:50:00,09,4.6,252630,12:48:00,4.5,316030,13:17:00,4.8,1142360,13:39:00,4.5,1782850,13:44:00,4.5,1782850,13:44:00,4.5,1782850,13:44:00
201609030108,201606040908,2016-06-04,13:50:00,10,24.3,252630,12:48:00,26.1,316030,13:17:00,42.6,1142360,13:39:00,45.3,1782850,13:44:00,45.3,1782850,13:44:00,45.3,1782850,13:44:00
201609030108,201606040908,2016-06-04,13:50:00,11,87.8,252630,12:48:00,81.5,316030,13:17:00,158.9,1142360,13:39:00,164.1,1782850,13:44:00,164.1,1782850,13:44:00,164.1,1782850,13:44:00
201609030108,201606040908,2016-06-04,13:50:00,12,32.2,252630,12:48:00,33.8,316030,13:17:00,57.6,1142360,13:39:00,59.8,1782850,13:44:00,59.8,1782850,13:44:00,59.8,1782850,13:44:00
201609030108,201606040908,2016-06-04,13:50:00,13,19.2,252630,12:48:00,20.9,316030,13:17:00,27.3,1142360,13:39:00,25.8,1782850,13:44:00,25.8,1782850,13:44:00,25.8,1782850,13:44:00
201609030109,201606040909,2016-06-04,14:25:00,01,49.1,616330,13:21:00,53.1,772700,13:55:00,56.8,2014440,14:14:00,69.5,2891200,14:19:00,69.5,2891200,14:19:00,69.5,2891200,14:19:00
201609030109,201606040909,2016-06-04,14:25:00,02,16.9,616330,13:21:00,18.6,772700,13:55:00,28.4,2014440,14:14:00,27.2,2891200,14:19:00,27.2,2891200,14:19:00,27.2,2891200,14:19:00
201609030109,201606040909,2016-06-04,14:25:00,03,58.7,616330,13:21:00,64.0,772700,13:55:00,105.6,2014440,14:14:00,108.8,2891200,14:19:00,108.8,2891200,14:19:00,108.8,2891200,14:19:00
201609030109,201606040909,2016-06-04,14:25:00,04,63.0,616330,13:21:00,69.6,772700,13:55:00,90.8,2014440,14:14:00,93.4,2891200,14:19:00,93.4,2891200,14:19:00,93.4,2891200,14:19:00
201609030109,201606040909,2016-06-04,14:25:00,05,129.0,616330,13:21:00,135.2,772700,13:55:00,210.6,2014440,14:14:00,217.1,2891200,14:19:00,217.1,2891200,14:19:00,217.1,2891200,14:19:00
201609030109,201606040909,2016-06-04,14:25:00,06,19.0,616330,13:21:00,21.8,772700,13:55:00,47.3,2014440,14:14:00,57.5,2891200,14:19:00,57.5,2891200,14:19:00,57.5,2891200,14:19:00
201609030109,201606040909,2016-06-04,14:25:00,07,8.4,616330,13:21:00,8.8,772700,13:55:00,8.1,2014440,14:14:00,8.4,2891200,14:19:00,8.4,2891200,14:19:00,8.4,2891200,14:19:00
201609030109,201606040909,2016-06-04,14:25:00,08,13.8,616330,13:21:00,12.9,772700,13:55:00,19.5,2014440,14:14:00,21.6,2891200,14:19:00,21.6,2891200,14:19:00,21.6,2891200,14:19:00
201609030109,201606040909,2016-06-04,14:25:00,09,28.1,616330,13:21:00,24.1,772700,13:55:00,24.3,2014440,14:14:00,24.4,2891200,14:19:00,24.4,2891200,14:19:00,24.4,2891200,14:19:00
201609030109,201606040909,2016-06-04,14:25:00,10,18.6,616330,13:21:00,19.1,772700,13:55:00,30.3,2014440,14:14:00,32.4,2891200,14:19:00,32.4,2891200,14:19:00,32.4,2891200,14:19:00
201609030109,201606040909,2016-06-04,14:25:00,11,31.5,616330,13:21:00,31.5,772700,13:55:00,33.6,2014440,14:14:00,33.5,2891200,14:19:00,33.5,2891200,14:19:00,33.5,2891200,14:19:00
201609030109,201606040909,2016-06-04,14:25:00,12,7.0,616330,13:21:00,6.6,772700,13:55:00,6.0,2014440,14:14:00,5.9,2891200,14:19:00,5.9,2891200,14:19:00,5.9,2891200,14:19:00
201609030109,201606040909,2016-06-04,14:25:00,13,1.9,616330,13:21:00,1.9,772700,13:55:00,1.6,2014440,14:14:00,1.6,2891200,14:19:00,1.6,2891200,14:19:00,1.6,2891200,14:19:00
201609030109,201606040909,2016-06-04,14:25:00,14,10.8,616330,13:21:00,10.3,772700,13:55:00,11.2,2014440,14:14:00,11.9,2891200,14:19:00,11.9,2891200,14:19:00,11.9,2891200,14:19:00
201609030109,201606040909,2016-06-04,14:25:00,15,306.2,616330,13:21:00,278.4,772700,13:55:00,366.2,2014440,14:14:00,416.0,2891200,14:19:00,416.0,2891200,14:19:00,416.0,2891200,14:19:00
201609030109,201606040909,2016-06-04,14:25:00,16,35.8,616330,13:21:00,38.3,772700,13:55:00,40.3,2014440,14:14:00,47.6,2891200,14:19:00,47.6,2891200,14:19:00,47.6,2891200,14:19:00
201609030110,201606040910,2016-06-04,15:01:00,01,9.1,785450,13:55:00,9.9,1021220,14:28:00,11.9,2771890,14:50:00,11.7,3817990,14:55:00,11.7,3817990,14:55:00,11.7,3817990,14:55:00
201609030110,201606040910,2016-06-04,15:01:00,02,18.0,785450,13:55:00,20.2,1021220,14:28:00,22.1,2771890,14:50:00,21.1,3817990,14:55:00,21.1,3817990,14:55:00,21.1,3817990,14:55:00
201609030110,201606040910,2016-06-04,15:01:00,03,6.1,785450,13:55:00,6.1,1021220,14:28:00,5.7,2771890,14:50:00,6.0,3817990,14:55:00,6.0,3817990,14:55:00,6.0,3817990,14:55:00
201609030110,201606040910,2016-06-04,15:01:00,04,27.2,785450,13:55:00,29.7,1021220,14:28:00,31.6,2771890,14:50:00,35.4,3817990,14:55:00,35.4,3817990,14:55:00,35.4,3817990,14:55:00
201609030110,201606040910,2016-06-04,15:01:00,05,28.0,785450,13:55:00,31.7,1021220,14:28:00,35.7,2771890,14:50:00,41.2,3817990,14:55:00,41.2,3817990,14:55:00,41.2,3817990,14:55:00
201609030110,201606040910,2016-06-04,15:01:00,06,64.7,785450,13:55:00,74.0,1021220,14:28:00,95.8,2771890,14:50:00,103.9,3817990,14:55:00,103.9,3817990,14:55:00,103.9,3817990,14:55:00
201609030110,201606040910,2016-06-04,15:01:00,07,8.8,785450,13:55:00,8.4,1021220,14:28:00,9.6,2771890,14:50:00,9.7,3817990,14:55:00,9.7,3817990,14:55:00,9.7,3817990,14:55:00
201609030110,201606040910,2016-06-04,15:01:00,08,61.8,785450,13:55:00,70.4,1021220,14:28:00,59.5,2771890,14:50:00,67.8,3817990,14:55:00,67.8,3817990,14:55:00,67.8,3817990,14:55:00
201609030110,201606040910,2016-06-04,15:01:00,09,4.3,785450,13:55:00,4.2,1021220,14:28:00,3.6,2771890,14:50:00,3.5,3817990,14:55:00,3.5,3817990,14:55:00,3.5,3817990,14:55:00
201609030110,201606040910,2016-06-04,15:01:00,10,24.5,785450,13:55:00,26.5,1021220,14:28:00,30.5,2771890,14:50:00,31.5,3817990,14:55:00,31.5,3817990,14:55:00,31.5,3817990,14:55:00
201609030110,201606040910,2016-06-04,15:01:00,11,2.3,785450,13:55:00,2.2,1021220,14:28:00,2.2,2771890,14:50:00,2.2,3817990,14:55:00,2.2,3817990,14:55:00,2.2,3817990,14:55:00
201609030110,201606040910,2016-06-04,15:01:00,12,133.6,785450,13:55:00,139.1,1021220,14:28:00,182.8,2771890,14:50:00,209.2,3817990,14:55:00,209.2,3817990,14:55:00,209.2,3817990,14:55:00
201609030111,201606040911,2016-06-04,15:35:00,01,16.9,4113320,14:30:00,17.3,5104850,15:05:00,15.7,7982140,15:24:00,15.6,10118160,15:29:00,15.6,10118160,15:29:00,15.6,10118160,15:29:00
201609030111,201606040911,2016-06-04,15:35:00,02,182.1,4113320,14:30:00,192.7,5104850,15:05:00,209.5,7982140,15:24:00,225.3,10118160,15:29:00,225.3,10118160,15:29:00,225.3,10118160,15:29:00
201609030111,201606040911,2016-06-04,15:35:00,03,3.5,4113320,14:30:00,3.5,5104850,15:05:00,3.7,7982140,15:24:00,3.7,10118160,15:29:00,3.7,10118160,15:29:00,3.7,10118160,15:29:00
201609030111,201606040911,2016-06-04,15:35:00,04,22.3,4113320,14:30:00,22.4,5104850,15:05:00,22.3,7982140,15:24:00,22.2,10118160,15:29:00,22.2,10118160,15:29:00,22.2,10118160,15:29:00
201609030111,201606040911,2016-06-04,15:35:00,05,89.2,4113320,14:30:00,96.3,5104850,15:05:00,106.4,7982140,15:24:00,115.2,10118160,15:29:00,115.2,10118160,15:29:00,115.2,10118160,15:29:00
201609030111,201606040911,2016-06-04,15:35:00,06,35.1,4113320,14:30:00,40.0,5104850,15:05:00,48.3,7982140,15:24:00,54.7,10118160,15:29:00,54.7,10118160,15:29:00,54.7,10118160,15:29:00
201609030111,201606040911,2016-06-04,15:35:00,07,7.0,4113320,14:30:00,6.6,5104850,15:05:00,6.4,7982140,15:24:00,6.2,10118160,15:29:00,6.2,10118160,15:29:00,6.2,10118160,15:29:00
201609030111,201606040911,2016-06-04,15:35:00,08,324.5,4113320,14:30:00,354.8,5104850,15:05:00,420.6,7982140,15:24:00,474.4,10118160,15:29:00,474.4,10118160,15:29:00,474.4,10118160,15:29:00
201609030111,201606040911,2016-06-04,15:35:00,09,25.7,4113320,14:30:00,27.1,5104850,15:05:00,29.6,7982140,15:24:00,31.3,10118160,15:29:00,31.3,10118160,15:29:00,31.3,10118160,15:29:00
201609030111,201606040911,2016-06-04,15:35:00,10,3.2,4113320,14:30:00,3.2,5104850,15:05:00,2.9,7982140,15:24:00,2.9,10118160,15:29:00,2.9,10118160,15:29:00,2.9,10118160,15:29:00
201609030111,201606040911,2016-06-04,15:35:00,11,67.1,4113320,14:30:00,68.6,5104850,15:05:00,72.7,7982140,15:24:00,79.6,10118160,15:29:00,79.6,10118160,15:29:00,79.6,10118160,15:29:00
201609030111,201606040911,2016-06-04,15:35:00,12,3.4,4113320,14:30:00,3.4,5104850,15:05:00,3.5,7982140,15:24:00,3.4,10118160,15:29:00,3.4,10118160,15:29:00,3.4,10118160,15:29:00
201609030111,201606040911,2016-06-04,15:35:00,13,83.2,4113320,14:30:00,88.7,5104850,15:05:00,101.4,7982140,15:24:00,113.3,10118160,15:29:00,113.3,10118160,15:29:00,113.3,10118160,15:29:00
201609030111,201606040911,2016-06-04,15:35:00,14,98.0,4113320,14:30:00,103.5,5104850,15:05:00,117.5,7982140,15:24:00,131.9,10118160,15:29:00,131.9,10118160,15:29:00,131.9,10118160,15:29:00
201609030112,201606040912,2016-06-04,16:10:00,01,5.8,646750,15:09:00,5.6,794370,15:40:00,4.8,1872930,15:59:00,4.7,2801970,16:04:00,4.7,2801970,16:04:00,4.7,2801970,16:04:00
201609030112,201606040912,2016-06-04,16:10:00,02,88.4,646750,15:09:00,93.1,794370,15:40:00,102.1,1872930,15:59:00,106.4,2801970,16:04:00,106.4,2801970,16:04:00,106.4,2801970,16:04:00
201609030112,201606040912,2016-06-04,16:10:00,03,25.2,646750,15:09:00,25.6,794370,15:40:00,22.1,1872930,15:59:00,25.4,2801970,16:04:00,25.4,2801970,16:04:00,25.4,2801970,16:04:00
201609030112,201606040912,2016-06-04,16:10:00,04,6.0,646750,15:09:00,6.5,794370,15:40:00,6.0,1872930,15:59:00,5.8,2801970,16:04:00,5.8,2801970,16:04:00,5.8,2801970,16:04:00
201609030112,201606040912,2016-06-04,16:10:00,05,73.5,646750,15:09:00,82.9,794370,15:40:00,141.6,1872930,15:59:00,174.3,2801970,16:04:00,174.3,2801970,16:04:00,174.3,2801970,16:04:00
201609030112,201606040912,2016-06-04,16:10:00,06,6.5,646750,15:09:00,6.2,794370,15:40:00,6.8,1872930,15:59:00,7.0,2801970,16:04:00,7.0,2801970,16:04:00,7.0,2801970,16:04:00
201609030112,201606040912,2016-06-04,16:10:00,07,19.0,646750,15:09:00,19.7,794370,15:40:00,27.6,1872930,15:59:00,28.8,2801970,16:04:00,28.8,2801970,16:04:00,28.8,2801970,16:04:00
201609030112,201606040912,2016-06-04,16:10:00,08,78.3,646750,15:09:00,87.5,794370,15:40:00,107.1,1872930,15:59:00,111.1,2801970,16:04:00,111.1,2801970,16:04:00,111.1,2801970,16:04:00
201609030112,201606040912,2016-06-04,16:10:00,09,23.4,646750,15:09:00,24.7,794370,15:40:00,26.7,1872930,15:59:00,26.8,2801970,16:04:00,26.8,2801970,16:04:00,26.8,2801970,16:04:00
201609030112,201606040912,2016-06-04,16:10:00,10,40.6,646750,15:09:00,42.9,794370,15:40:00,71.1,1872930,15:59:00,83.2,2801970,16:04:00,83.2,2801970,16:04:00,83.2,2801970,16:04:00
201609030112,201606040912,2016-06-04,16:10:00,11,5.3,646750,15:09:00,4.3,794370,15:40:00,3.3,1872930,15:59:00,3.3,2801970,16:04:00,3.3,2801970,16:04:00,3.3,2801970,16:04:00
201609030112,201606040912,2016-06-04,16:10:00,12,93.0,646750,15:09:00,99.6,794370,15:40:00,131.3,1872930,15:59:00,154.5,2801970,16:04:00,154.5,2801970,16:04:00,154.5,2801970,16:04:00
201609030112,201606040912,2016-06-04,16:10:00,13,10.0,646750,15:09:00,11.3,794370,15:40:00,17.7,1872930,15:59:00,17.8,2801970,16:04:00,17.8,2801970,16:04:00,17.8,2801970,16:04:00
201609030112,201606040912,2016-06-04,16:10:00,14,17.7,646750,15:09:00,18.5,794370,15:40:00,22.0,1872930,15:59:00,20.8,2801970,16:04:00,20.8,2801970,16:04:00,20.8,2801970,16:04:00
201609030112,201606040912,2016-06-04,16:10:00,15,7.9,646750,15:09:00,8.8,794370,15:40:00,9.1,1872930,15:59:00,8.6,2801970,16:04:00,8.6,2801970,16:04:00,8.6,2801970,16:04:00
201609030112,201606040912,2016-06-04,16:10:00,16,11.8,646750,15:09:00,12.9,794370,15:40:00,17.1,1872930,15:59:00,17.3,2801970,16:04:00,17.3,2801970,16:04:00,17.3,2801970,16:04:00
201609030201,201606050901,2016-06-05,09:50:00,01,19.7,307970,08:50:00,19.6,398360,09:20:00,18.1,698860,09:39:00,18.9,1043540,09:44:00,18.9,1043540,09:44:00,18.9,1043540,09:44:00
201609030201,201606050901,2016-06-05,09:50:00,02,5.4,307970,08:50:00,5.5,398360,09:20:00,6.1,698860,09:39:00,5.9,1043540,09:44:00,5.9,1043540,09:44:00,5.9,1043540,09:44:00
201609030201,201606050901,2016-06-05,09:50:00,03,18.8,307970,08:50:00,17.8,398360,09:20:00,16.0,698860,09:39:00,16.0,1043540,09:44:00,16.0,1043540,09:44:00,16.0,1043540,09:44:00
201609030201,201606050901,2016-06-05,09:50:00,04,3.3,307970,08:50:00,3.5,398360,09:20:00,3.0,698860,09:39:00,2.9,1043540,09:44:00,2.9,1043540,09:44:00,2.9,1043540,09:44:00
201609030201,201606050901,2016-06-05,09:50:00,05,179.8,307970,08:50:00,173.2,398360,09:20:00,175.2,698860,09:39:00,191.4,1043540,09:44:00,191.4,1043540,09:44:00,191.4,1043540,09:44:00
201609030201,201606050901,2016-06-05,09:50:00,06,17.1,307970,08:50:00,14.9,398360,09:20:00,16.1,698860,09:39:00,16.8,1043540,09:44:00,16.8,1043540,09:44:00,16.8,1043540,09:44:00
201609030201,201606050901,2016-06-05,09:50:00,07,14.6,307970,08:50:00,13.9,398360,09:20:00,11.0,698860,09:39:00,11.0,1043540,09:44:00,11.0,1043540,09:44:00,11.0,1043540,09:44:00
201609030201,201606050901,2016-06-05,09:50:00,08,106.6,307970,08:50:00,115.8,398360,09:20:00,102.5,698860,09:39:00,121.3,1043540,09:44:00,121.3,1043540,09:44:00,121.3,1043540,09:44:00
201609030201,201606050901,2016-06-05,09:50:00,09,8.8,307970,08:50:00,8.1,398360,09:20:00,7.1,698860,09:39:00,6.6,1043540,09:44:00,6.6,1043540,09:44:00,6.6,1043540,09:44:00
201609030201,201606050901,2016-06-05,09:50:00,10,208.7,307970,08:50:00,169.5,398360,09:20:00,168.9,698860,09:39:00,186.7,1043540,09:44:00,186.7,1043540,09:44:00,186.7,1043540,09:44:00
201609030201,201606050901,2016-06-05,09:50:00,11,54.9,307970,08:50:00,53.0,398360,09:20:00,47.1,698860,09:39:00,49.5,1043540,09:44:00,49.5,1043540,09:44:00,49.5,1043540,09:44:00
201609030201,201606050901,2016-06-05,09:50:00,12,456.2,307970,08:50:00,455.2,398360,09:20:00,328.8,698860,09:39:00,382.9,1043540,09:44:00,382.9,1043540,09:44:00,382.9,1043540,09:44:00
201609030201,201606050901,2016-06-05,09:50:00,13,43.4,307970,08:50:00,45.6,398360,09:20:00,50.2,698860,09:39:00,58.9,1043540,09:44:00,58.9,1043540,09:44:00,58.9,1043540,09:44:00
201609030201,201606050901,2016-06-05,09:50:00,14,347.0,307970,08:50:00,287.1,398360,09:20:00,283.8,698860,09:39:00,331.2,1043540,09:44:00,331.2,1043540,09:44:00,331.2,1043540,09:44:00
201609030201,201606050901,2016-06-05,09:50:00,15,63.9,307970,08:50:00,63.8,398360,09:20:00,45.9,698860,09:39:00,32.5,1043540,09:44:00,32.5,1043540,09:44:00,32.5,1043540,09:44:00
201609030201,201606050901,2016-06-05,09:50:00,16,2.8,307970,08:50:00,2.9,398360,09:20:00,3.8,698860,09:39:00,4.2,1043540,09:44:00,4.2,1043540,09:44:00,4.2,1043540,09:44:00
201609030202,201606050902,2016-06-05,10:30:00,01,24.3,266470,09:25:00,24.4,454780,09:57:00,26.8,1619260,10:19:00,25.9,2060270,10:24:00,25.9,2060270,10:24:00,25.9,2060270,10:24:00
201609030202,201606050902,2016-06-05,10:30:00,02,31.3,266470,09:25:00,28.5,454780,09:57:00,30.2,1619260,10:19:00,34.1,2060270,10:24:00,34.1,2060270,10:24:00,34.1,2060270,10:24:00
201609030202,201606050902,2016-06-05,10:30:00,03,2.8,266470,09:25:00,2.8,454780,09:57:00,2.0,1619260,10:19:00,2.0,2060270,10:24:00,2.0,2060270,10:24:00,2.0,2060270,10:24:00
201609030202,201606050902,2016-06-05,10:30:00,04,123.9,266470,09:25:00,150.9,454780,09:57:00,304.0,1619260,10:19:00,346.9,2060270,10:24:00,346.9,2060270,10:24:00,346.9,2060270,10:24:00
201609030202,201606050902,2016-06-05,10:30:00,05,14.8,266470,09:25:00,14.1,454780,09:57:00,22.4,1619260,10:19:00,22.8,2060270,10:24:00,22.8,2060270,10:24:00,22.8,2060270,10:24:00
201609030202,201606050902,2016-06-05,10:30:00,06,33.2,266470,09:25:00,25.5,454780,09:57:00,29.9,1619260,10:19:00,28.0,2060270,10:24:00,28.0,2060270,10:24:00,28.0,2060270,10:24:00
201609030202,201606050902,2016-06-05,10:30:00,07,10.3,266470,09:25:00,10.0,454780,09:57:00,10.5,1619260,10:19:00,10.5,2060270,10:24:00,10.5,2060270,10:24:00,10.5,2060270,10:24:00
201609030202,201606050902,2016-06-05,10:30:00,08,19.2,266470,09:25:00,19.4,454780,09:57:00,17.4,1619260,10:19:00,15.8,2060270,10:24:00,15.8,2060270,10:24:00,15.8,2060270,10:24:00
201609030202,201606050902,2016-06-05,10:30:00,09,55.8,266470,09:25:00,54.5,454780,09:57:00,63.1,1619260,10:19:00,64.1,2060270,10:24:00,64.1,2060270,10:24:00,64.1,2060270,10:24:00
201609030202,201606050902,2016-06-05,10:30:00,10,114.6,266470,09:25:00,70.7,454780,09:57:00,133.9,1619260,10:19:00,144.4,2060270,10:24:00,144.4,2060270,10:24:00,144.4,2060270,10:24:00
201609030202,201606050902,2016-06-05,10:30:00,11,3.5,266470,09:25:00,3.9,454780,09:57:00,4.7,1619260,10:19:00,4.9,2060270,10:24:00,4.9,2060270,10:24:00,4.9,2060270,10:24:00
201609030202,201606050902,2016-06-05,10:30:00,12,17.8,266470,09:25:00,17.9,454780,09:57:00,15.2,1619260,10:19:00,13.7,2060270,10:24:00,13.7,2060270,10:24:00,13.7,2060270,10:24:00
201609030202,201606050902,2016-06-05,10:30:00,13,5.1,266470,09:25:00,5.1,454780,09:57:00,6.9,1619260,10:19:00,6.9,2060270,10:24:00,6.9,2060270,10:24:00,6.9,2060270,10:24:00
201609030202,201606050902,2016-06-05,10:30:00,14,426.3,266470,09:25:00,428.0,454780,09:57:00,558.3,1619260,10:19:00,597.1,2060270,10:24:00,597.1,2060270,10:24:00,597.1,2060270,10:24:00
201609030202,201606050902,2016-06-05,10:30:00,15,349.4,266470,09:25:00,245.8,454780,09:57:00,428.9,1619260,10:19:00,415.1,2060270,10:24:00,415.1,2060270,10:24:00,415.1,2060270,10:24:00
201609030202,201606050902,2016-06-05,10:30:00,16,160.2,266470,09:25:00,116.6,454780,09:57:00,141.5,1619260,10:19:00,123.0,2060270,10:24:00,123.0,2060270,10:24:00,123.0,2060270,10:24:00
201609030203,201606050903,2016-06-05,10:55:00,01,5.9,280990,09:53:00,5.5,375510,10:23:00,5.0,810310,10:44:00,5.4,1443360,10:49:00,5.4,1443360,10:49:00,5.4,1443360,10:49:00
201609030203,201606050903,2016-06-05,10:55:00,02,206.2,280990,09:53:00,213.0,375510,10:23:00,337.6,810310,10:44:00,451.0,1443360,10:49:00,451.0,1443360,10:49:00,451.0,1443360,10:49:00
201609030203,201606050903,2016-06-05,10:55:00,03,35.6,280990,09:53:00,35.9,375510,10:23:00,55.6,810310,10:44:00,57.8,1443360,10:49:00,57.8,1443360,10:49:00,57.8,1443360,10:49:00
201609030203,201606050903,2016-06-05,10:55:00,04,16.8,280990,09:53:00,16.7,375510,10:23:00,16.0,810310,10:44:00,16.5,1443360,10:49:00,16.5,1443360,10:49:00,16.5,1443360,10:49:00
201609030203,201606050903,2016-06-05,10:55:00,05,28.5,280990,09:53:00,31.6,375510,10:23:00,29.2,810310,10:44:00,26.9,1443360,10:49:00,26.9,1443360,10:49:00,26.9,1443360,10:49:00
201609030203,201606050903,2016-06-05,10:55:00,06,50.7,280990,09:53:00,60.6,375510,10:23:00,101.9,810310,10:44:00,115.2,1443360,10:49:00,115.2,1443360,10:49:00,115.2,1443360,10:49:00
201609030203,201606050903,2016-06-05,10:55:00,07,48.4,280990,09:53:00,56.0,375510,10:23:00,96.1,810310,10:44:00,84.3,1443360,10:49:00,84.3,1443360,10:49:00,84.3,1443360,10:49:00
201609030203,201606050903,2016-06-05,10:55:00,08,15.2,280990,09:53:00,15.1,375510,10:23:00,15.7,810310,10:44:00,17.0,1443360,10:49:00,17.0,1443360,10:49:00,17.0,1443360,10:49:00
201609030203,201606050903,2016-06-05,10:55:00,09,15.8,280990,09:53:00,15.2,375510,10:23:00,16.3,810310,10:44:00,13.1,1443360,10:49:00,13.1,1443360,10:49:00,13.1,1443360,10:49:00
201609030203,201606050903,2016-06-05,10:55:00,10,72.0,280990,09:53:00,84.8,375510,10:23:00,114.1,810310,10:44:00,79.1,1443360,10:49:00,79.1,1443360,10:49:00,79.1,1443360,10:49:00
201609030203,201606050903,2016-06-05,10:55:00,11,7.0,280990,09:53:00,8.0,375510,10:23:00,9.4,810310,10:44:00,10.8,1443360,10:49:00,10.8,1443360,10:49:00,10.8,1443360,10:49:00
201609030203,201606050903,2016-06-05,10:55:00,12,2.5,280990,09:53:00,2.4,375510,10:23:00,2.3,810310,10:44:00,2.3,1443360,10:49:00,2.3,1443360,10:49:00,2.3,1443360,10:49:00
201609030203,201606050903,2016-06-05,10:55:00,13,24.6,280990,09:53:00,27.3,375510,10:23:00,39.7,810310,10:44:00,42.9,1443360,10:49:00,42.9,1443360,10:49:00,42.9,1443360,10:49:00
201609030203,201606050903,2016-06-05,10:55:00,14,6.6,280990,09:53:00,6.6,375510,10:23:00,5.2,810310,10:44:00,4.6,1443360,10:49:00,4.6,1443360,10:49:00,4.6,1443360,10:49:00
201609030203,201606050903,2016-06-05,10:55:00,15,21.2,280990,09:53:00,25.1,375510,10:23:00,33.3,810310,10:44:00,35.8,1443360,10:49:00,35.8,1443360,10:49:00,35.8,1443360,10:49:00
201609030203,201606050903,2016-06-05,10:55:00,16,236.6,280990,09:53:00,220.8,375510,10:23:00,320.9,810310,10:44:00,379.8,1443360,10:49:00,379.8,1443360,10:49:00,379.8,1443360,10:49:00
201609030205,201606050905,2016-06-05,12:10:00,01,6.5,512470,11:04:00,6.6,774310,11:36:00,5.5,1951400,11:59:00,5.7,2607860,12:04:00,5.7,2607860,12:04:00,5.7,2607860,12:04:00
201609030205,201606050905,2016-06-05,12:10:00,02,22.8,512470,11:04:00,24.0,774310,11:36:00,23.1,1951400,11:59:00,23.5,2607860,12:04:00,23.5,2607860,12:04:00,23.5,2607860,12:04:00
201609030205,201606050905,2016-06-05,12:10:00,03,3.8,512470,11:04:00,3.5,774310,11:36:00,4.1,1951400,11:59:00,4.1,2607860,12:04:00,4.1,2607860,12:04:00,4.1,2607860,12:04:00
201609030205,201606050905,2016-06-05,12:10:00,04,16.8,512470,11:04:00,19.1,774310,11:36:00,17.7,1951400,11:59:00,19.9,2607860,12:04:00,19.9,2607860,12:04:00,19.9,2607860,12:04:00
201609030205,201606050905,2016-06-05,12:10:00,05,67.7,512470,11:04:00,79.2,774310,11:36:00,104.9,1951400,11:59:00,124.1,2607860,12:04:00,124.1,2607860,12:04:00,124.1,2607860,12:04:00
201609030205,201606050905,2016-06-05,12:10:00,06,54.4,512470,11:04:00,62.6,774310,11:36:00,78.2,1951400,11:59:00,89.6,2607860,12:04:00,89.6,2607860,12:04:00,89.6,2607860,12:04:00
201609030205,201606050905,2016-06-05,12:10:00,07,2.0,512470,11:04:00,2.0,774310,11:36:00,1.9,1951400,11:59:00,1.8,2607860,12:04:00,1.8,2607860,12:04:00,1.8,2607860,12:04:00
201609030205,201606050905,2016-06-05,12:10:00,08,20.4,512470,11:04:00,21.4,774310,11:36:00,20.5,1951400,11:59:00,23.9,2607860,12:04:00,23.9,2607860,12:04:00,23.9,2607860,12:04:00
201609030205,201606050905,2016-06-05,12:10:00,09,43.2,512470,11:04:00,50.0,774310,11:36:00,55.6,1951400,11:59:00,65.3,2607860,12:04:00,65.3,2607860,12:04:00,65.3,2607860,12:04:00
201609030205,201606050905,2016-06-05,12:10:00,10,12.7,512470,11:04:00,14.2,774310,11:36:00,14.6,1951400,11:59:00,15.6,2607860,12:04:00,15.6,2607860,12:04:00,15.6,2607860,12:04:00
201609030206,201606050906,2016-06-05,12:40:00,01,17.9,359790,11:34:00,19.8,494210,12:09:00,25.5,869380,12:29:00,32.6,1614730,12:34:00,32.6,1614730,12:34:00,32.6,1614730,12:34:00
201609030206,201606050906,2016-06-05,12:40:00,02,106.6,359790,11:34:00,119.0,494210,12:09:00,157.7,869380,12:29:00,243.2,1614730,12:34:00,243.2,1614730,12:34:00,243.2,1614730,12:34:00
201609030206,201606050906,2016-06-05,12:40:00,03,6.2,359790,11:34:00,6.2,494210,12:09:00,5.6,869380,12:29:00,6.2,1614730,12:34:00,6.2,1614730,12:34:00,6.2,1614730,12:34:00
201609030206,201606050906,2016-06-05,12:40:00,04,4.4,359790,11:34:00,4.9,494210,12:09:00,4.8,869380,12:29:00,5.0,1614730,12:34:00,5.0,1614730,12:34:00,5.0,1614730,12:34:00
201609030206,201606050906,2016-06-05,12:40:00,05,179.8,359790,11:34:00,205.9,494210,12:09:00,220.7,869380,12:29:00,220.8,1614730,12:34:00,220.8,1614730,12:34:00,220.8,1614730,12:34:00
201609030206,201606050906,2016-06-05,12:40:00,06,11.2,359790,11:34:00,11.5,494210,12:09:00,13.3,869380,12:29:00,14.4,1614730,12:34:00,14.4,1614730,12:34:00,14.4,1614730,12:34:00
201609030206,201606050906,2016-06-05,12:40:00,07,15.0,359790,11:34:00,15.6,494210,12:09:00,18.1,869380,12:29:00,23.8,1614730,12:34:00,23.8,1614730,12:34:00,23.8,1614730,12:34:00
201609030206,201606050906,2016-06-05,12:40:00,08,10.6,359790,11:34:00,9.6,494210,12:09:00,10.9,869380,12:29:00,12.1,1614730,12:34:00,12.1,1614730,12:34:00,12.1,1614730,12:34:00
201609030206,201606050906,2016-06-05,12:40:00,09,62.8,359790,11:34:00,72.9,494210,12:09:00,93.1,869380,12:29:00,126.3,1614730,12:34:00,126.3,1614730,12:34:00,126.3,1614730,12:34:00
201609030206,201606050906,2016-06-05,12:40:00,10,252.4,359790,11:34:00,152.6,494210,12:09:00,213.3,869380,12:29:00,341.7,1614730,12:34:00,341.7,1614730,12:34:00,341.7,1614730,12:34:00
201609030206,201606050906,2016-06-05,12:40:00,11,30.6,359790,11:34:00,36.6,494210,12:09:00,47.9,869380,12:29:00,69.0,1614730,12:34:00,69.0,1614730,12:34:00,69.0,1614730,12:34:00
201609030206,201606050906,2016-06-05,12:40:00,12,56.4,359790,11:34:00,63.0,494210,12:09:00,67.3,869380,12:29:00,82.1,1614730,12:34:00,82.1,1614730,12:34:00,82.1,1614730,12:34:00
201609030206,201606050906,2016-06-05,12:40:00,13,22.1,359790,11:34:00,14.0,494210,12:09:00,17.1,869380,12:29:00,22.8,1614730,12:34:00,22.8,1614730,12:34:00,22.8,1614730,12:34:00
201609030206,201606050906,2016-06-05,12:40:00,14,2.8,359790,11:34:00,2.6,494210,12:09:00,2.3,869380,12:29:00,1.8,1614730,12:34:00,1.8,1614730,12:34:00,1.8,1614730,12:34:00
201609030206,201606050906,2016-06-05,12:40:00,15,23.5,359790,11:34:00,27.6,494210,12:09:00,30.3,869380,12:29:00,36.3,1614730,12:34:00,36.3,1614730,12:34:00,36.3,1614730,12:34:00
201609030206,201606050906,2016-06-05,12:40:00,16,214.8,359790,11:34:00,265.3,494210,12:09:00,268.5,869380,12:29:00,382.1,1614730,12:34:00,382.1,1614730,12:34:00,382.1,1614730,12:34:00
201609030206,201606050906,2016-06-05,12:40:00,17,166.3,359790,11:34:00,161.3,494210,12:09:00,211.3,869380,12:29:00,296.2,1614730,12:34:00,296.2,1614730,12:34:00,296.2,1614730,12:34:00
201609030206,201606050906,2016-06-05,12:40:00,18,45.3,359790,11:34:00,55.4,494210,12:09:00,71.2,869380,12:29:00,93.8,1614730,12:34:00,93.8,1614730,12:34:00,93.8,1614730,12:34:00
201609030207,201606050907,2016-06-05,13:10:00,01,3.4,253390,12:09:00,3.3,324920,12:39:00,2.4,689390,12:59:00,2.1,1284430,13:04:00,2.1,1284430,13:04:00,2.1,1284430,13:04:00
201609030207,201606050907,2016-06-05,13:10:00,02,37.1,253390,12:09:00,36.2,324920,12:39:00,44.8,689390,12:59:00,52.9,1284430,13:04:00,52.9,1284430,13:04:00,52.9,1284430,13:04:00
201609030207,201606050907,2016-06-05,13:10:00,03,18.8,253390,12:09:00,21.6,324920,12:39:00,27.4,689390,12:59:00,31.4,1284430,13:04:00,31.4,1284430,13:04:00,31.4,1284430,13:04:00
201609030207,201606050907,2016-06-05,13:10:00,04,2.1,253390,12:09:00,2.2,324920,12:39:00,2.6,689390,12:59:00,3.2,1284430,13:04:00,3.2,1284430,13:04:00,3.2,1284430,13:04:00
201609030207,201606050907,2016-06-05,13:10:00,05,6.1,253390,12:09:00,6.1,324920,12:39:00,5.4,689390,12:59:00,4.6,1284430,13:04:00,4.6,1284430,13:04:00,4.6,1284430,13:04:00
201609030207,201606050907,2016-06-05,13:10:00,06,7.1,253390,12:09:00,5.8,324920,12:39:00,7.1,689390,12:59:00,7.4,1284430,13:04:00,7.4,1284430,13:04:00,7.4,1284430,13:04:00
201609030207,201606050907,2016-06-05,13:10:00,07,13.9,253390,12:09:00,15.4,324920,12:39:00,20.1,689390,12:59:00,19.0,1284430,13:04:00,19.0,1284430,13:04:00,19.0,1284430,13:04:00
201609030207,201606050907,2016-06-05,13:10:00,08,27.5,253390,12:09:00,29.0,324920,12:39:00,32.1,689390,12:59:00,37.7,1284430,13:04:00,37.7,1284430,13:04:00,37.7,1284430,13:04:00
201609030208,201606050908,2016-06-05,13:40:00,01,2.6,357880,12:39:00,2.3,468080,13:10:00,2.4,1053000,13:29:00,2.1,1861310,13:34:00,2.1,1861310,13:34:00,2.1,1861310,13:34:00
201609030208,201606050908,2016-06-05,13:40:00,02,19.2,357880,12:39:00,20.5,468080,13:10:00,31.3,1053000,13:29:00,33.2,1861310,13:34:00,33.2,1861310,13:34:00,33.2,1861310,13:34:00
201609030208,201606050908,2016-06-05,13:40:00,03,22.5,357880,12:39:00,23.8,468080,13:10:00,32.3,1053000,13:29:00,32.5,1861310,13:34:00,32.5,1861310,13:34:00,32.5,1861310,13:34:00
201609030208,201606050908,2016-06-05,13:40:00,04,24.4,357880,12:39:00,27.9,468080,13:10:00,23.6,1053000,13:29:00,29.9,1861310,13:34:00,29.9,1861310,13:34:00,29.9,1861310,13:34:00
201609030208,201606050908,2016-06-05,13:40:00,05,54.8,357880,12:39:00,64.0,468080,13:10:00,107.0,1053000,13:29:00,133.4,1861310,13:34:00,133.4,1861310,13:34:00,133.4,1861310,13:34:00
201609030208,201606050908,2016-06-05,13:40:00,06,18.3,357880,12:39:00,21.6,468080,13:10:00,31.7,1053000,13:29:00,34.5,1861310,13:34:00,34.5,1861310,13:34:00,34.5,1861310,13:34:00
201609030208,201606050908,2016-06-05,13:40:00,07,7.3,357880,12:39:00,7.8,468080,13:10:00,8.5,1053000,13:29:00,9.3,1861310,13:34:00,9.3,1861310,13:34:00,9.3,1861310,13:34:00
201609030208,201606050908,2016-06-05,13:40:00,08,22.2,357880,12:39:00,25.4,468080,13:10:00,34.6,1053000,13:29:00,36.3,1861310,13:34:00,36.3,1861310,13:34:00,36.3,1861310,13:34:00
201609030208,201606050908,2016-06-05,13:40:00,09,7.5,357880,12:39:00,7.3,468080,13:10:00,5.4,1053000,13:29:00,6.4,1861310,13:34:00,6.4,1861310,13:34:00,6.4,1861310,13:34:00
201609030208,201606050908,2016-06-05,13:40:00,10,47.9,357880,12:39:00,53.6,468080,13:10:00,80.4,1053000,13:29:00,96.1,1861310,13:34:00,96.1,1861310,13:34:00,96.1,1861310,13:34:00
201609030208,201606050908,2016-06-05,13:40:00,11,4.6,357880,12:39:00,4.7,468080,13:10:00,4.1,1053000,13:29:00,4.1,1861310,13:34:00,4.1,1861310,13:34:00,4.1,1861310,13:34:00
201609030208,201606050908,2016-06-05,13:40:00,12,301.3,357880,12:39:00,285.8,468080,13:10:00,371.1,1053000,13:29:00,412.4,1861310,13:34:00,412.4,1861310,13:34:00,412.4,1861310,13:34:00
201609030208,201606050908,2016-06-05,13:40:00,13,159.9,357880,12:39:00,190.0,468080,13:10:00,319.0,1053000,13:29:00,378.8,1861310,13:34:00,378.8,1861310,13:34:00,378.8,1861310,13:34:00
201609030208,201606050908,2016-06-05,13:40:00,14,13.5,357880,12:39:00,13.3,468080,13:10:00,12.5,1053000,13:29:00,10.6,1861310,13:34:00,10.6,1861310,13:34:00,10.6,1861310,13:34:00
201609030208,201606050908,2016-06-05,13:40:00,15,30.5,357880,12:39:00,34.4,468080,13:10:00,50.9,1053000,13:29:00,55.4,1861310,13:34:00,55.4,1861310,13:34:00,55.4,1861310,13:34:00
201609030209,201606050909,2016-06-05,14:15:00,01,6.4,446050,13:11:00,5.6,552560,13:41:00,5.0,1527600,14:04:00,5.4,2410500,14:09:00,5.4,2410500,14:09:00,5.4,2410500,14:09:00
201609030209,201606050909,2016-06-05,14:15:00,02,2.2,446050,13:11:00,2.3,552560,13:41:00,2.4,1527600,14:04:00,2.2,2410500,14:09:00,2.2,2410500,14:09:00,2.2,2410500,14:09:00
201609030209,201606050909,2016-06-05,14:15:00,03,14.0,446050,13:11:00,14.4,552560,13:41:00,15.4,1527600,14:04:00,16.1,2410500,14:09:00,16.1,2410500,14:09:00,16.1,2410500,14:09:00
201609030209,201606050909,2016-06-05,14:15:00,04,72.2,446050,13:11:00,77.8,552560,13:41:00,39.3,1527600,14:04:00,54.8,2410500,14:09:00,54.8,2410500,14:09:00,54.8,2410500,14:09:00
201609030209,201606050909,2016-06-05,14:15:00,05,7.4,446050,13:11:00,6.8,552560,13:41:00,5.2,1527600,14:04:00,5.2,2410500,14:09:00,5.2,2410500,14:09:00,5.2,2410500,14:09:00
201609030209,201606050909,2016-06-05,14:15:00,06,50.1,446050,13:11:00,54.2,552560,13:41:00,77.5,1527600,14:04:00,100.4,2410500,14:09:00,100.4,2410500,14:09:00,100.4,2410500,14:09:00
201609030209,201606050909,2016-06-05,14:15:00,07,15.1,446050,13:11:00,15.4,552560,13:41:00,17.9,1527600,14:04:00,18.4,2410500,14:09:00,18.4,2410500,14:09:00,18.4,2410500,14:09:00
201609030209,201606050909,2016-06-05,14:15:00,08,6.5,446050,13:11:00,6.3,552560,13:41:00,6.5,1527600,14:04:00,6.4,2410500,14:09:00,6.4,2410500,14:09:00,6.4,2410500,14:09:00
201609030209,201606050909,2016-06-05,14:15:00,09,59.7,446050,13:11:00,66.7,552560,13:41:00,94.0,1527600,14:04:00,90.7,2410500,14:09:00,90.7,2410500,14:09:00,90.7,2410500,14:09:00
201609030209,201606050909,2016-06-05,14:15:00,10,131.6,446050,13:11:00,125.2,552560,13:41:00,202.3,1527600,14:04:00,258.4,2410500,14:09:00,258.4,2410500,14:09:00,258.4,2410500,14:09:00
201609030209,201606050909,2016-06-05,14:15:00,11,63.4,446050,13:11:00,59.2,552560,13:41:00,101.8,1527600,14:04:00,130.3,2410500,14:09:00,130.3,2410500,14:09:00,130.3,2410500,14:09:00
201609030209,201606050909,2016-06-05,14:15:00,12,12.4,446050,13:11:00,12.6,552560,13:41:00,14.5,1527600,14:04:00,14.3,2410500,14:09:00,14.3,2410500,14:09:00,14.3,2410500,14:09:00
201609030209,201606050909,2016-06-05,14:15:00,13,30.6,446050,13:11:00,34.6,552560,13:41:00,56.7,1527600,14:04:00,58.1,2410500,14:09:00,58.1,2410500,14:09:00,58.1,2410500,14:09:00
201609030209,201606050909,2016-06-05,14:15:00,14,24.7,446050,13:11:00,26.4,552560,13:41:00,34.2,1527600,14:04:00,36.7,2410500,14:09:00,36.7,2410500,14:09:00,36.7,2410500,14:09:00
201609030210,201606050910,2016-06-05,14:50:00,01,18.1,617410,13:47:00,18.5,752950,14:17:00,25.1,2036950,14:39:00,27.2,2796780,14:44:00,27.2,2796780,14:44:00,27.2,2796780,14:44:00
201609030210,201606050910,2016-06-05,14:50:00,02,79.6,617410,13:47:00,81.6,752950,14:17:00,121.7,2036950,14:39:00,138.9,2796780,14:44:00,138.9,2796780,14:44:00,138.9,2796780,14:44:00
201609030210,201606050910,2016-06-05,14:50:00,03,15.1,617410,13:47:00,14.5,752950,14:17:00,14.3,2036950,14:39:00,15.5,2796780,14:44:00,15.5,2796780,14:44:00,15.5,2796780,14:44:00
201609030210,201606050910,2016-06-05,14:50:00,04,126.6,617410,13:47:00,129.8,752950,14:17:00,142.6,2036950,14:39:00,173.5,2796780,14:44:00,173.5,2796780,14:44:00,173.5,2796780,14:44:00
201609030210,201606050910,2016-06-05,14:50:00,05,3.4,617410,13:47:00,3.6,752950,14:17:00,3.0,2036950,14:39:00,3.0,2796780,14:44:00,3.0,2796780,14:44:00,3.0,2796780,14:44:00
201609030210,201606050910,2016-06-05,14:50:00,06,178.9,617410,13:47:00,179.8,752950,14:17:00,224.7,2036950,14:39:00,264.4,2796780,14:44:00,264.4,2796780,14:44:00,264.4,2796780,14:44:00
201609030210,201606050910,2016-06-05,14:50:00,07,11.8,617410,13:47:00,11.5,752950,14:17:00,14.9,2036950,14:39:00,14.4,2796780,14:44:00,14.4,2796780,14:44:00,14.4,2796780,14:44:00
201609030210,201606050910,2016-06-05,14:50:00,08,8.8,617410,13:47:00,8.3,752950,14:17:00,7.6,2036950,14:39:00,7.5,2796780,14:44:00,7.5,2796780,14:44:00,7.5,2796780,14:44:00
201609030210,201606050910,2016-06-05,14:50:00,09,9.9,617410,13:47:00,9.9,752950,14:17:00,10.7,2036950,14:39:00,11.1,2796780,14:44:00,11.1,2796780,14:44:00,11.1,2796780,14:44:00
201609030210,201606050910,2016-06-05,14:50:00,10,54.4,617410,13:47:00,50.1,752950,14:17:00,55.3,2036950,14:39:00,62.8,2796780,14:44:00,62.8,2796780,14:44:00,62.8,2796780,14:44:00
201609030210,201606050910,2016-06-05,14:50:00,11,90.9,617410,13:47:00,86.9,752950,14:17:00,116.0,2036950,14:39:00,130.0,2796780,14:44:00,130.0,2796780,14:44:00,130.0,2796780,14:44:00
201609030210,201606050910,2016-06-05,14:50:00,12,198.3,617410,13:47:00,182.5,752950,14:17:00,252.2,2036950,14:39:00,274.1,2796780,14:44:00,274.1,2796780,14:44:00,274.1,2796780,14:44:00
201609030210,201606050910,2016-06-05,14:50:00,13,5.9,617410,13:47:00,5.8,752950,14:17:00,5.7,2036950,14:39:00,5.2,2796780,14:44:00,5.2,2796780,14:44:00,5.2,2796780,14:44:00
201609030210,201606050910,2016-06-05,14:50:00,14,60.0,617410,13:47:00,62.8,752950,14:17:00,100.2,2036950,14:39:00,114.2,2796780,14:44:00,114.2,2796780,14:44:00,114.2,2796780,14:44:00
201609030210,201606050910,2016-06-05,14:50:00,15,56.8,617410,13:47:00,56.0,752950,14:17:00,71.6,2036950,14:39:00,73.4,2796780,14:44:00,73.4,2796780,14:44:00,73.4,2796780,14:44:00
201609030210,201606050910,2016-06-05,14:50:00,16,3.5,617410,13:47:00,3.5,752950,14:17:00,3.6,2036950,14:39:00,3.5,2796780,14:44:00,3.5,2796780,14:44:00,3.5,2796780,14:44:00
201609030211,201606050911,2016-06-05,15:30:00,01,15.3,1140220,14:27:00,16.2,1424430,14:57:00,20.1,3635300,15:19:00,20.8,4510670,15:24:00,20.8,4510670,15:24:00,20.8,4510670,15:24:00
201609030211,201606050911,2016-06-05,15:30:00,02,11.2,1140220,14:27:00,11.0,1424430,14:57:00,11.5,3635300,15:19:00,11.7,4510670,15:24:00,11.7,4510670,15:24:00,11.7,4510670,15:24:00
201609030211,201606050911,2016-06-05,15:30:00,03,6.7,1140220,14:27:00,7.2,1424430,14:57:00,8.6,3635300,15:19:00,8.4,4510670,15:24:00,8.4,4510670,15:24:00,8.4,4510670,15:24:00
201609030211,201606050911,2016-06-05,15:30:00,04,11.5,1140220,14:27:00,11.3,1424430,14:57:00,12.3,3635300,15:19:00,12.4,4510670,15:24:00,12.4,4510670,15:24:00,12.4,4510670,15:24:00
201609030211,201606050911,2016-06-05,15:30:00,05,3.0,1140220,14:27:00,2.9,1424430,14:57:00,2.9,3635300,15:19:00,3.0,4510670,15:24:00,3.0,4510670,15:24:00,3.0,4510670,15:24:00
201609030211,201606050911,2016-06-05,15:30:00,06,2.4,1140220,14:27:00,2.4,1424430,14:57:00,2.1,3635300,15:19:00,2.0,4510670,15:24:00,2.0,4510670,15:24:00,2.0,4510670,15:24:00
201609030211,201606050911,2016-06-05,15:30:00,07,11.8,1140220,14:27:00,12.0,1424430,14:57:00,11.6,3635300,15:19:00,11.9,4510670,15:24:00,11.9,4510670,15:24:00,11.9,4510670,15:24:00
201609030211,201606050911,2016-06-05,15:30:00,08,26.6,1140220,14:27:00,27.8,1424430,14:57:00,35.6,3635300,15:19:00,37.6,4510670,15:24:00,37.6,4510670,15:24:00,37.6,4510670,15:24:00
201609030212,201606050912,2016-06-05,16:10:00,01,4.7,764430,15:08:00,4.5,965280,15:39:00,4.1,3339870,15:59:00,4.5,4846820,16:04:00,4.5,4846820,16:04:00,4.2,7754960,16:09:00
201609030212,201606050912,2016-06-05,16:10:00,02,115.3,764430,15:08:00,110.9,965280,15:39:00,157.9,3339870,15:59:00,181.6,4846820,16:04:00,181.6,4846820,16:04:00,230.5,7754960,16:09:00
201609030212,201606050912,2016-06-05,16:10:00,03,5.3,764430,15:08:00,5.1,965280,15:39:00,3.7,3339870,15:59:00,3.6,4846820,16:04:00,3.6,4846820,16:04:00,3.8,7754960,16:09:00
201609030212,201606050912,2016-06-05,16:10:00,04,25.6,764430,15:08:00,24.7,965280,15:39:00,33.1,3339870,15:59:00,36.8,4846820,16:04:00,36.8,4846820,16:04:00,39.7,7754960,16:09:00
201609030212,201606050912,2016-06-05,16:10:00,05,19.5,764430,15:08:00,19.9,965280,15:39:00,24.2,3339870,15:59:00,25.4,4846820,16:04:00,25.4,4846820,16:04:00,27.3,7754960,16:09:00
201609030212,201606050912,2016-06-05,16:10:00,06,59.8,764430,15:08:00,58.4,965280,15:39:00,73.6,3339870,15:59:00,79.2,4846820,16:04:00,79.2,4846820,16:04:00,85.2,7754960,16:09:00
201609030212,201606050912,2016-06-05,16:10:00,07,24.5,764430,15:08:00,25.6,965280,15:39:00,30.0,3339870,15:59:00,30.4,4846820,16:04:00,30.4,4846820,16:04:00,32.4,7754960,16:09:00
201609030212,201606050912,2016-06-05,16:10:00,08,39.3,764430,15:08:00,43.6,965280,15:39:00,51.2,3339870,15:59:00,55.9,4846820,16:04:00,55.9,4846820,16:04:00,70.6,7754960,16:09:00
201609030212,201606050912,2016-06-05,16:10:00,09,4.9,764430,15:08:00,5.2,965280,15:39:00,6.0,3339870,15:59:00,5.9,4846820,16:04:00,5.9,4846820,16:04:00,5.8,7754960,16:09:00
201609030212,201606050912,2016-06-05,16:10:00,10,54.4,764430,15:08:00,57.3,965280,15:39:00,72.3,3339870,15:59:00,71.1,4846820,16:04:00,71.1,4846820,16:04:00,85.3,7754960,16:09:00
201609030212,201606050912,2016-06-05,16:10:00,11,15.0,764430,15:08:00,14.7,965280,15:39:00,20.6,3339870,15:59:00,20.0,4846820,16:04:00,20.0,4846820,16:04:00,22.3,7754960,16:09:00
201609030212,201606050912,2016-06-05,16:10:00,12,166.1,764430,15:08:00,166.0,965280,15:39:00,282.7,3339870,15:59:00,305.0,4846820,16:04:00,305.0,4846820,16:04:00,369.9,7754960,16:09:00
201609030212,201606050912,2016-06-05,16:10:00,13,47.5,764430,15:08:00,47.6,965280,15:39:00,92.5,3339870,15:59:00,95.7,4846820,16:04:00,95.7,4846820,16:04:00,109.7,7754960,16:09:00
201609030212,201606050912,2016-06-05,16:10:00,14,10.1,764430,15:08:00,10.5,965280,15:39:00,9.6,3339870,15:59:00,8.8,4846820,16:04:00,8.8,4846820,16:04:00,8.8,7754960,16:09:00
201609030212,201606050912,2016-06-05,16:10:00,15,9.4,764430,15:08:00,9.6,965280,15:39:00,10.5,3339870,15:59:00,10.8,4846820,16:04:00,10.8,4846820,16:04:00,10.5,7754960,16:09:00
201609030212,201606050912,2016-06-05,16:10:00,16,6.4,764430,15:08:00,6.5,965280,15:39:00,6.3,3339870,15:59:00,5.9,4846820,16:04:00,5.9,4846820,16:04:00,5.4,7754960,16:09:00
201609030301,201606110901,2016-06-11,09:55:00,01,104.8,366930,08:52:00,117.7,494450,09:24:00,129.2,896870,09:44:00,159.8,1328920,09:50:00,159.8,1328920,09:50:00,159.8,1328920,09:50:00
201609030301,201606110901,2016-06-11,09:55:00,02,9.1,366930,08:52:00,9.1,494450,09:24:00,9.2,896870,09:44:00,8.8,1328920,09:50:00,8.8,1328920,09:50:00,8.8,1328920,09:50:00
201609030301,201606110901,2016-06-11,09:55:00,03,3.5,366930,08:52:00,3.7,494450,09:24:00,3.6,896870,09:44:00,3.6,1328920,09:50:00,3.6,1328920,09:50:00,3.6,1328920,09:50:00
201609030301,201606110901,2016-06-11,09:55:00,04,,366930,08:52:00,,494450,09:24:00,,896870,09:44:00,,1328920,09:50:00,,1328920,09:50:00,,1328920,09:50:00
201609030301,201606110901,2016-06-11,09:55:00,05,16.7,366930,08:52:00,16.9,494450,09:24:00,16.9,896870,09:44:00,15.3,1328920,09:50:00,15.3,1328920,09:50:00,15.3,1328920,09:50:00
201609030301,201606110901,2016-06-11,09:55:00,06,91.7,366930,08:52:00,104.0,494450,09:24:00,119.5,896870,09:44:00,144.0,1328920,09:50:00,144.0,1328920,09:50:00,144.0,1328920,09:50:00
201609030301,201606110901,2016-06-11,09:55:00,07,3.4,366930,08:52:00,3.3,494450,09:24:00,3.0,896870,09:44:00,2.9,1328920,09:50:00,2.9,1328920,09:50:00,2.9,1328920,09:50:00
201609030301,201606110901,2016-06-11,09:55:00,08,29.8,366930,08:52:00,33.2,494450,09:24:00,35.3,896870,09:44:00,39.5,1328920,09:50:00,39.5,1328920,09:50:00,39.5,1328920,09:50:00
201609030301,201606110901,2016-06-11,09:55:00,09,188.1,366930,08:52:00,214.9,494450,09:24:00,215.4,896870,09:44:00,256.1,1328920,09:50:00,256.1,1328920,09:50:00,256.1,1328920,09:50:00
201609030301,201606110901,2016-06-11,09:55:00,10,8.7,366930,08:52:00,7.4,494450,09:24:00,8.5,896870,09:44:00,8.2,1328920,09:50:00,8.2,1328920,09:50:00,8.2,1328920,09:50:00
201609030301,201606110901,2016-06-11,09:55:00,11,169.6,366930,08:52:00,119.1,494450,09:24:00,140.9,896870,09:44:00,178.0,1328920,09:50:00,178.0,1328920,09:50:00,178.0,1328920,09:50:00
201609030301,201606110901,2016-06-11,09:55:00,12,19.2,366930,08:52:00,18.1,494450,09:24:00,15.9,896870,09:44:00,15.3,1328920,09:50:00,15.3,1328920,09:50:00,15.3,1328920,09:50:00
201609030301,201606110901,2016-06-11,09:55:00,13,79.7,366930,08:52:00,73.9,494450,09:24:00,55.3,896870,09:44:00,62.3,1328920,09:50:00,62.3,1328920,09:50:00,62.3,1328920,09:50:00
201609030301,201606110901,2016-06-11,09:55:00,14,93.4,366930,08:52:00,98.8,494450,09:24:00,67.5,896870,09:44:00,65.2,1328920,09:50:00,65.2,1328920,09:50:00,65.2,1328920,09:50:00
201609030301,201606110901,2016-06-11,09:55:00,15,5.0,366930,08:52:00,5.1,494450,09:24:00,6.1,896870,09:44:00,6.9,1328920,09:50:00,6.9,1328920,09:50:00,6.9,1328920,09:50:00
201609030301,201606110901,2016-06-11,09:55:00,16,16.8,366930,08:52:00,18.3,494450,09:24:00,20.4,896870,09:44:00,20.5,1328920,09:50:00,20.5,1328920,09:50:00,20.5,1328920,09:50:00
201609030302,201606110902,2016-06-11,10:25:00,01,235.2,364690,09:23:00,223.2,493900,09:52:00,262.0,845000,10:14:00,338.8,1397610,10:19:00,338.8,1397610,10:19:00,338.8,1397610,10:19:00
201609030302,201606110902,2016-06-11,10:25:00,02,13.0,364690,09:23:00,13.4,493900,09:52:00,14.3,845000,10:14:00,14.5,1397610,10:19:00,14.5,1397610,10:19:00,14.5,1397610,10:19:00
201609030302,201606110902,2016-06-11,10:25:00,03,1.9,364690,09:23:00,1.9,493900,09:52:00,1.7,845000,10:14:00,1.7,1397610,10:19:00,1.7,1397610,10:19:00,1.7,1397610,10:19:00
201609030302,201606110902,2016-06-11,10:25:00,04,25.6,364690,09:23:00,26.6,493900,09:52:00,30.3,845000,10:14:00,33.0,1397610,10:19:00,33.0,1397610,10:19:00,33.0,1397610,10:19:00
201609030302,201606110902,2016-06-11,10:25:00,05,185.8,364690,09:23:00,184.6,493900,09:52:00,205.4,845000,10:14:00,264.9,1397610,10:19:00,264.9,1397610,10:19:00,264.9,1397610,10:19:00
201609030302,201606110902,2016-06-11,10:25:00,06,18.3,364690,09:23:00,19.4,493900,09:52:00,20.5,845000,10:14:00,21.9,1397610,10:19:00,21.9,1397610,10:19:00,21.9,1397610,10:19:00
201609030302,201606110902,2016-06-11,10:25:00,07,41.4,364690,09:23:00,40.6,493900,09:52:00,47.4,845000,10:14:00,57.2,1397610,10:19:00,57.2,1397610,10:19:00,57.2,1397610,10:19:00
201609030302,201606110902,2016-06-11,10:25:00,08,9.2,364690,09:23:00,8.6,493900,09:52:00,9.7,845000,10:14:00,9.0,1397610,10:19:00,9.0,1397610,10:19:00,9.0,1397610,10:19:00
201609030302,201606110902,2016-06-11,10:25:00,09,92.9,364690,09:23:00,72.9,493900,09:52:00,76.9,845000,10:14:00,112.0,1397610,10:19:00,112.0,1397610,10:19:00,112.0,1397610,10:19:00
201609030302,201606110902,2016-06-11,10:25:00,10,30.2,364690,09:23:00,26.6,493900,09:52:00,32.4,845000,10:14:00,39.2,1397610,10:19:00,39.2,1397610,10:19:00,39.2,1397610,10:19:00
201609030302,201606110902,2016-06-11,10:25:00,11,7.2,364690,09:23:00,7.0,493900,09:52:00,8.4,845000,10:14:00,7.7,1397610,10:19:00,7.7,1397610,10:19:00,7.7,1397610,10:19:00
201609030302,201606110902,2016-06-11,10:25:00,12,16.0,364690,09:23:00,16.8,493900,09:52:00,18.6,845000,10:14:00,23.1,1397610,10:19:00,23.1,1397610,10:19:00,23.1,1397610,10:19:00
201609030302,201606110902,2016-06-11,10:25:00,13,78.8,364690,09:23:00,75.6,493900,09:52:00,88.4,845000,10:14:00,114.7,1397610,10:19:00,114.7,1397610,10:19:00,114.7,1397610,10:19:00
201609030302,201606110902,2016-06-11,10:25:00,14,19.2,364690,09:23:00,20.3,493900,09:52:00,24.0,845000,10:14:00,24.0,1397610,10:19:00,24.0,1397610,10:19:00,24.0,1397610,10:19:00
201609030302,201606110902,2016-06-11,10:25:00,15,217.7,364690,09:23:00,171.0,493900,09:52:00,213.9,845000,10:14:00,240.4,1397610,10:19:00,240.4,1397610,10:19:00,240.4,1397610,10:19:00
201609030302,201606110902,2016-06-11,10:25:00,16,9.7,364690,09:23:00,10.2,493900,09:52:00,9.5,845000,10:14:00,7.4,1397610,10:19:00,7.4,1397610,10:19:00,7.4,1397610,10:19:00
201609030303,201606110903,2016-06-11,10:55:00,01,86.4,320760,09:53:00,92.9,407820,10:24:00,117.0,719750,10:44:00,167.8,1596820,10:50:00,167.8,1596820,10:50:00,167.8,1596820,10:50:00
201609030303,201606110903,2016-06-11,10:55:00,02,264.5,320760,09:53:00,267.4,407820,10:24:00,264.1,719750,10:44:00,394.2,1596820,10:50:00,394.2,1596820,10:50:00,394.2,1596820,10:50:00
201609030303,201606110903,2016-06-11,10:55:00,03,17.7,320760,09:53:00,17.6,407820,10:24:00,20.2,719750,10:44:00,20.1,1596820,10:50:00,20.1,1596820,10:50:00,20.1,1596820,10:50:00
201609030303,201606110903,2016-06-11,10:55:00,04,5.1,320760,09:53:00,5.8,407820,10:24:00,7.4,719750,10:44:00,8.3,1596820,10:50:00,8.3,1596820,10:50:00,8.3,1596820,10:50:00
201609030303,201606110903,2016-06-11,10:55:00,05,8.3,320760,09:53:00,7.8,407820,10:24:00,6.6,719750,10:44:00,6.5,1596820,10:50:00,6.5,1596820,10:50:00,6.5,1596820,10:50:00
201609030303,201606110903,2016-06-11,10:55:00,06,28.1,320760,09:53:00,33.1,407820,10:24:00,48.6,719750,10:44:00,75.9,1596820,10:50:00,75.9,1596820,10:50:00,75.9,1596820,10:50:00
201609030303,201606110903,2016-06-11,10:55:00,07,18.1,320760,09:53:00,13.8,407820,10:24:00,15.3,719750,10:44:00,19.6,1596820,10:50:00,19.6,1596820,10:50:00,19.6,1596820,10:50:00
201609030303,201606110903,2016-06-11,10:55:00,08,13.6,320760,09:53:00,13.6,407820,10:24:00,15.2,719750,10:44:00,18.4,1596820,10:50:00,18.4,1596820,10:50:00,18.4,1596820,10:50:00
201609030303,201606110903,2016-06-11,10:55:00,09,5.4,320760,09:53:00,5.2,407820,10:24:00,4.5,719750,10:44:00,4.8,1596820,10:50:00,4.8,1596820,10:50:00,4.8,1596820,10:50:00
201609030303,201606110903,2016-06-11,10:55:00,10,110.1,320760,09:53:00,122.6,407820,10:24:00,139.7,719750,10:44:00,192.0,1596820,10:50:00,192.0,1596820,10:50:00,192.0,1596820,10:50:00
201609030303,201606110903,2016-06-11,10:55:00,11,157.4,320760,09:53:00,161.5,407820,10:24:00,158.6,719750,10:44:00,237.8,1596820,10:50:00,237.8,1596820,10:50:00,237.8,1596820,10:50:00
201609030303,201606110903,2016-06-11,10:55:00,12,46.9,320760,09:53:00,51.4,407820,10:24:00,55.1,719750,10:44:00,70.5,1596820,10:50:00,70.5,1596820,10:50:00,70.5,1596820,10:50:00
201609030303,201606110903,2016-06-11,10:55:00,13,132.2,320760,09:53:00,128.4,407820,10:24:00,101.1,719750,10:44:00,140.2,1596820,10:50:00,140.2,1596820,10:50:00,140.2,1596820,10:50:00
201609030303,201606110903,2016-06-11,10:55:00,14,2.4,320760,09:53:00,2.4,407820,10:24:00,2.4,719750,10:44:00,2.0,1596820,10:50:00,2.0,1596820,10:50:00,2.0,1596820,10:50:00
201609030303,201606110903,2016-06-11,10:55:00,15,328.9,320760,09:53:00,288.7,407820,10:24:00,195.8,719750,10:44:00,224.1,1596820,10:50:00,224.1,1596820,10:50:00,224.1,1596820,10:50:00
201609030303,201606110903,2016-06-11,10:55:00,16,18.8,320760,09:53:00,16.1,407820,10:24:00,13.2,719750,10:44:00,13.5,1596820,10:50:00,13.5,1596820,10:50:00,13.5,1596820,10:50:00
201609030304,201606110904,2016-06-11,11:25:00,01,62.2,290920,10:21:00,69.0,403350,10:55:00,74.7,725490,11:14:00,100.2,1256650,11:19:00,100.2,1256650,11:19:00,100.2,1256650,11:19:00
201609030304,201606110904,2016-06-11,11:25:00,02,10.6,290920,10:21:00,9.2,403350,10:55:00,10.3,725490,11:14:00,11.8,1256650,11:19:00,11.8,1256650,11:19:00,11.8,1256650,11:19:00
201609030304,201606110904,2016-06-11,11:25:00,03,8.3,290920,10:21:00,9.1,403350,10:55:00,11.0,725490,11:14:00,12.9,1256650,11:19:00,12.9,1256650,11:19:00,12.9,1256650,11:19:00
201609030304,201606110904,2016-06-11,11:25:00,04,13.3,290920,10:21:00,13.4,403350,10:55:00,13.9,725490,11:14:00,13.6,1256650,11:19:00,13.6,1256650,11:19:00,13.6,1256650,11:19:00
201609030304,201606110904,2016-06-11,11:25:00,05,30.4,290920,10:21:00,33.5,403350,10:55:00,35.0,725490,11:14:00,39.0,1256650,11:19:00,39.0,1256650,11:19:00,39.0,1256650,11:19:00
201609030304,201606110904,2016-06-11,11:25:00,06,41.2,290920,10:21:00,30.6,403350,10:55:00,33.3,725490,11:14:00,39.7,1256650,11:19:00,39.7,1256650,11:19:00,39.7,1256650,11:19:00
201609030304,201606110904,2016-06-11,11:25:00,07,23.4,290920,10:21:00,25.5,403350,10:55:00,22.9,725490,11:14:00,24.8,1256650,11:19:00,24.8,1256650,11:19:00,24.8,1256650,11:19:00
201609030304,201606110904,2016-06-11,11:25:00,08,123.7,290920,10:21:00,133.8,403350,10:55:00,156.4,725490,11:14:00,209.4,1256650,11:19:00,209.4,1256650,11:19:00,209.4,1256650,11:19:00
201609030304,201606110904,2016-06-11,11:25:00,09,6.8,290920,10:21:00,7.3,403350,10:55:00,7.0,725490,11:14:00,6.8,1256650,11:19:00,6.8,1256650,11:19:00,6.8,1256650,11:19:00
201609030304,201606110904,2016-06-11,11:25:00,10,,290920,10:21:00,,403350,10:55:00,,725490,11:14:00,,1256650,11:19:00,,1256650,11:19:00,,1256650,11:19:00
201609030304,201606110904,2016-06-11,11:25:00,11,56.9,290920,10:21:00,65.0,403350,10:55:00,56.1,725490,11:14:00,63.3,1256650,11:19:00,63.3,1256650,11:19:00,63.3,1256650,11:19:00
201609030304,201606110904,2016-06-11,11:25:00,12,9.4,290920,10:21:00,9.7,403350,10:55:00,11.0,725490,11:14:00,11.1,1256650,11:19:00,11.1,1256650,11:19:00,11.1,1256650,11:19:00
201609030304,201606110904,2016-06-11,11:25:00,13,11.0,290920,10:21:00,13.7,403350,10:55:00,15.4,725490,11:14:00,19.5,1256650,11:19:00,19.5,1256650,11:19:00,19.5,1256650,11:19:00
201609030304,201606110904,2016-06-11,11:25:00,14,2.7,290920,10:21:00,2.5,403350,10:55:00,2.2,725490,11:14:00,2.2,1256650,11:19:00,2.2,1256650,11:19:00,2.2,1256650,11:19:00
201609030304,201606110904,2016-06-11,11:25:00,15,9.7,290920,10:21:00,10.2,403350,10:55:00,9.9,725490,11:14:00,6.7,1256650,11:19:00,6.7,1256650,11:19:00,6.7,1256650,11:19:00
201609030304,201606110904,2016-06-11,11:25:00,16,84.0,290920,10:21:00,77.7,403350,10:55:00,69.1,725490,11:14:00,90.3,1256650,11:19:00,90.3,1256650,11:19:00,90.3,1256650,11:19:00
201609030305,201606110905,2016-06-11,12:15:00,01,49.5,531410,11:13:00,62.6,905890,11:45:00,74.8,1716030,12:04:00,84.0,2257440,12:09:00,84.0,2257440,12:09:00,84.0,2257440,12:09:00
201609030305,201606110905,2016-06-11,12:15:00,02,5.1,531410,11:13:00,5.6,905890,11:45:00,5.8,1716030,12:04:00,5.1,2257440,12:09:00,5.1,2257440,12:09:00,5.1,2257440,12:09:00
201609030305,201606110905,2016-06-11,12:15:00,03,48.1,531410,11:13:00,49.8,905890,11:45:00,58.2,1716030,12:04:00,65.9,2257440,12:09:00,65.9,2257440,12:09:00,65.9,2257440,12:09:00
201609030305,201606110905,2016-06-11,12:15:00,04,4.3,531410,11:13:00,5.2,905890,11:45:00,5.4,1716030,12:04:00,4.6,2257440,12:09:00,4.6,2257440,12:09:00,4.6,2257440,12:09:00
201609030305,201606110905,2016-06-11,12:15:00,05,8.5,531410,11:13:00,6.3,905890,11:45:00,7.6,1716030,12:04:00,8.3,2257440,12:09:00,8.3,2257440,12:09:00,8.3,2257440,12:09:00
201609030305,201606110905,2016-06-11,12:15:00,06,3.9,531410,11:13:00,3.2,905890,11:45:00,2.7,1716030,12:04:00,3.0,2257440,12:09:00,3.0,2257440,12:09:00,3.0,2257440,12:09:00
201609030305,201606110905,2016-06-11,12:15:00,07,89.0,531410,11:13:00,104.1,905890,11:45:00,114.5,1716030,12:04:00,134.0,2257440,12:09:00,134.0,2257440,12:09:00,134.0,2257440,12:09:00
201609030305,201606110905,2016-06-11,12:15:00,08,7.8,531410,11:13:00,8.1,905890,11:45:00,8.8,1716030,12:04:00,8.8,2257440,12:09:00,8.8,2257440,12:09:00,8.8,2257440,12:09:00
201609030305,201606110905,2016-06-11,12:15:00,09,8.0,531410,11:13:00,8.9,905890,11:45:00,9.6,1716030,12:04:00,9.5,2257440,12:09:00,9.5,2257440,12:09:00,9.5,2257440,12:09:00
201609030305,201606110905,2016-06-11,12:15:00,10,14.3,531410,11:13:00,15.7,905890,11:45:00,14.8,1716030,12:04:00,15.5,2257440,12:09:00,15.5,2257440,12:09:00,15.5,2257440,12:09:00
201609030305,201606110905,2016-06-11,12:15:00,11,74.6,531410,11:13:00,82.9,905890,11:45:00,71.8,1716030,12:04:00,76.9,2257440,12:09:00,76.9,2257440,12:09:00,76.9,2257440,12:09:00
201609030306,201606110906,2016-06-11,12:45:00,01,17.6,288160,11:38:00,18.0,419680,12:14:00,13.0,781810,12:34:00,11.6,1298500,12:39:00,11.6,1298500,12:39:00,11.6,1298500,12:39:00
201609030306,201606110906,2016-06-11,12:45:00,02,1.9,288160,11:38:00,1.7,419680,12:14:00,2.0,781810,12:34:00,2.0,1298500,12:39:00,2.0,1298500,12:39:00,2.0,1298500,12:39:00
201609030306,201606110906,2016-06-11,12:45:00,03,163.4,288160,11:38:00,199.8,419680,12:14:00,225.7,781810,12:34:00,285.3,1298500,12:39:00,285.3,1298500,12:39:00,285.3,1298500,12:39:00
201609030306,201606110906,2016-06-11,12:45:00,04,20.2,288160,11:38:00,23.8,419680,12:14:00,26.8,781810,12:34:00,24.0,1298500,12:39:00,24.0,1298500,12:39:00,24.0,1298500,12:39:00
201609030306,201606110906,2016-06-11,12:45:00,05,11.3,288160,11:38:00,13.0,419680,12:14:00,19.4,781810,12:34:00,23.8,1298500,12:39:00,23.8,1298500,12:39:00,23.8,1298500,12:39:00
201609030306,201606110906,2016-06-11,12:45:00,06,28.8,288160,11:38:00,31.3,419680,12:14:00,37.5,781810,12:34:00,46.8,1298500,12:39:00,46.8,1298500,12:39:00,46.8,1298500,12:39:00
201609030306,201606110906,2016-06-11,12:45:00,07,8.1,288160,11:38:00,8.7,419680,12:14:00,4.5,781810,12:34:00,5.3,1298500,12:39:00,5.3,1298500,12:39:00,5.3,1298500,12:39:00
201609030306,201606110906,2016-06-11,12:45:00,08,16.3,288160,11:38:00,18.8,419680,12:14:00,21.8,781810,12:34:00,19.8,1298500,12:39:00,19.8,1298500,12:39:00,19.8,1298500,12:39:00
201609030306,201606110906,2016-06-11,12:45:00,09,28.1,288160,11:38:00,33.5,419680,12:14:00,40.7,781810,12:34:00,45.8,1298500,12:39:00,45.8,1298500,12:39:00,45.8,1298500,12:39:00
201609030306,201606110906,2016-06-11,12:45:00,10,18.1,288160,11:38:00,20.8,419680,12:14:00,28.9,781810,12:34:00,32.5,1298500,12:39:00,32.5,1298500,12:39:00,32.5,1298500,12:39:00
201609030306,201606110906,2016-06-11,12:45:00,11,13.7,288160,11:38:00,12.8,419680,12:14:00,10.5,781810,12:34:00,7.6,1298500,12:39:00,7.6,1298500,12:39:00,7.6,1298500,12:39:00
201609030306,201606110906,2016-06-11,12:45:00,12,13.2,288160,11:38:00,13.0,419680,12:14:00,12.3,781810,12:34:00,10.2,1298500,12:39:00,10.2,1298500,12:39:00,10.2,1298500,12:39:00
201609030306,201606110906,2016-06-11,12:45:00,13,69.4,288160,11:38:00,93.0,419680,12:14:00,137.4,781810,12:34:00,183.8,1298500,12:39:00,183.8,1298500,12:39:00,183.8,1298500,12:39:00
201609030306,201606110906,2016-06-11,12:45:00,14,94.8,288160,11:38:00,100.8,419680,12:14:00,120.7,781810,12:34:00,154.1,1298500,12:39:00,154.1,1298500,12:39:00,154.1,1298500,12:39:00
201609030306,201606110906,2016-06-11,12:45:00,15,26.9,288160,11:38:00,28.2,419680,12:14:00,39.1,781810,12:34:00,45.7,1298500,12:39:00,45.7,1298500,12:39:00,45.7,1298500,12:39:00
201609030306,201606110906,2016-06-11,12:45:00,16,62.3,288160,11:38:00,75.9,419680,12:14:00,97.2,781810,12:34:00,129.0,1298500,12:39:00,129.0,1298500,12:39:00,129.0,1298500,12:39:00
201609030307,201606110907,2016-06-11,13:15:00,01,90.2,330540,12:12:00,88.6,393490,12:44:00,108.6,711790,13:04:00,163.0,1475670,13:09:00,163.0,1475670,13:09:00,163.0,1475670,13:09:00
201609030307,201606110907,2016-06-11,13:15:00,02,16.2,330540,12:12:00,16.0,393490,12:44:00,14.8,711790,13:04:00,14.2,1475670,13:09:00,14.2,1475670,13:09:00,14.2,1475670,13:09:00
201609030307,201606110907,2016-06-11,13:15:00,03,10.0,330540,12:12:00,10.2,393490,12:44:00,8.2,711790,13:04:00,9.6,1475670,13:09:00,9.6,1475670,13:09:00,9.6,1475670,13:09:00
201609030307,201606110907,2016-06-11,13:15:00,04,254.2,330540,12:12:00,240.2,393490,12:44:00,261.2,711790,13:04:00,364.3,1475670,13:09:00,364.3,1475670,13:09:00,364.3,1475670,13:09:00
201609030307,201606110907,2016-06-11,13:15:00,05,19.5,330540,12:12:00,16.8,393490,12:44:00,14.8,711790,13:04:00,12.4,1475670,13:09:00,12.4,1475670,13:09:00,12.4,1475670,13:09:00
201609030307,201606110907,2016-06-11,13:15:00,06,125.3,330540,12:12:00,120.1,393490,12:44:00,161.3,711790,13:04:00,248.0,1475670,13:09:00,248.0,1475670,13:09:00,248.0,1475670,13:09:00
201609030307,201606110907,2016-06-11,13:15:00,07,47.3,330540,12:12:00,48.3,393490,12:44:00,50.2,711790,13:04:00,73.0,1475670,13:09:00,73.0,1475670,13:09:00,73.0,1475670,13:09:00
201609030307,201606110907,2016-06-11,13:15:00,08,1.5,330540,12:12:00,1.6,393490,12:44:00,1.8,711790,13:04:00,1.8,1475670,13:09:00,1.8,1475670,13:09:00,1.8,1475670,13:09:00
201609030307,201606110907,2016-06-11,13:15:00,09,11.9,330540,12:12:00,11.9,393490,12:44:00,10.6,711790,13:04:00,10.9,1475670,13:09:00,10.9,1475670,13:09:00,10.9,1475670,13:09:00
201609030307,201606110907,2016-06-11,13:15:00,10,18.9,330540,12:12:00,19.6,393490,12:44:00,19.0,711790,13:04:00,25.4,1475670,13:09:00,25.4,1475670,13:09:00,25.4,1475670,13:09:00
201609030307,201606110907,2016-06-11,13:15:00,11,26.2,330540,12:12:00,27.4,393490,12:44:00,30.9,711790,13:04:00,39.6,1475670,13:09:00,39.6,1475670,13:09:00,39.6,1475670,13:09:00
201609030307,201606110907,2016-06-11,13:15:00,12,105.3,330540,12:12:00,107.4,393490,12:44:00,106.6,711790,13:04:00,128.4,1475670,13:09:00,128.4,1475670,13:09:00,128.4,1475670,13:09:00
201609030307,201606110907,2016-06-11,13:15:00,13,20.1,330540,12:12:00,19.8,393490,12:44:00,18.1,711790,13:04:00,25.6,1475670,13:09:00,25.6,1475670,13:09:00,25.6,1475670,13:09:00
201609030307,201606110907,2016-06-11,13:15:00,14,44.6,330540,12:12:00,46.1,393490,12:44:00,57.2,711790,13:04:00,76.2,1475670,13:09:00,76.2,1475670,13:09:00,76.2,1475670,13:09:00
201609030307,201606110907,2016-06-11,13:15:00,15,10.0,330540,12:12:00,8.9,393490,12:44:00,6.8,711790,13:04:00,4.6,1475670,13:09:00,4.6,1475670,13:09:00,4.6,1475670,13:09:00
201609030307,201606110907,2016-06-11,13:15:00,16,110.1,330540,12:12:00,105.2,393490,12:44:00,125.7,711790,13:04:00,154.9,1475670,13:09:00,154.9,1475670,13:09:00,154.9,1475670,13:09:00
201609030308,201606110908,2016-06-11,13:50:00,01,13.8,408330,12:47:00,14.6,551770,13:18:00,16.5,1413540,13:39:00,17.8,2185980,13:44:00,17.8,2185980,13:44:00,17.8,2185980,13:44:00
201609030308,201606110908,2016-06-11,13:50:00,02,7.2,408330,12:47:00,7.4,551770,13:18:00,5.8,1413540,13:39:00,6.6,2185980,13:44:00,6.6,2185980,13:44:00,6.6,2185980,13:44:00
201609030308,201606110908,2016-06-11,13:50:00,03,37.6,408330,12:47:00,38.1,551770,13:18:00,52.0,1413540,13:39:00,58.5,2185980,13:44:00,58.5,2185980,13:44:00,58.5,2185980,13:44:00
201609030308,201606110908,2016-06-11,13:50:00,04,10.3,408330,12:47:00,9.8,551770,13:18:00,6.5,1413540,13:39:00,6.7,2185980,13:44:00,6.7,2185980,13:44:00,6.7,2185980,13:44:00
201609030308,201606110908,2016-06-11,13:50:00,05,33.9,408330,12:47:00,36.9,551770,13:18:00,50.1,1413540,13:39:00,51.5,2185980,13:44:00,51.5,2185980,13:44:00,51.5,2185980,13:44:00
201609030308,201606110908,2016-06-11,13:50:00,06,110.3,408330,12:47:00,128.6,551770,13:18:00,219.1,1413540,13:39:00,252.3,2185980,13:44:00,252.3,2185980,13:44:00,252.3,2185980,13:44:00
201609030308,201606110908,2016-06-11,13:50:00,07,8.8,408330,12:47:00,9.2,551770,13:18:00,8.1,1413540,13:39:00,7.8,2185980,13:44:00,7.8,2185980,13:44:00,7.8,2185980,13:44:00
201609030308,201606110908,2016-06-11,13:50:00,08,173.7,408330,12:47:00,121.9,551770,13:18:00,245.2,1413540,13:39:00,301.5,2185980,13:44:00,301.5,2185980,13:44:00,301.5,2185980,13:44:00
201609030308,201606110908,2016-06-11,13:50:00,09,29.9,408330,12:47:00,34.6,551770,13:18:00,34.9,1413540,13:39:00,38.4,2185980,13:44:00,38.4,2185980,13:44:00,38.4,2185980,13:44:00
201609030308,201606110908,2016-06-11,13:50:00,10,93.0,408330,12:47:00,111.7,551770,13:18:00,180.0,1413540,13:39:00,215.1,2185980,13:44:00,215.1,2185980,13:44:00,215.1,2185980,13:44:00
201609030308,201606110908,2016-06-11,13:50:00,11,41.7,408330,12:47:00,44.0,551770,13:18:00,51.1,1413540,13:39:00,52.3,2185980,13:44:00,52.3,2185980,13:44:00,52.3,2185980,13:44:00
201609030308,201606110908,2016-06-11,13:50:00,12,15.9,408330,12:47:00,11.1,551770,13:18:00,11.7,1413540,13:39:00,9.0,2185980,13:44:00,9.0,2185980,13:44:00,9.0,2185980,13:44:00
201609030308,201606110908,2016-06-11,13:50:00,13,141.4,408330,12:47:00,162.2,551770,13:18:00,236.5,1413540,13:39:00,287.1,2185980,13:44:00,287.1,2185980,13:44:00,287.1,2185980,13:44:00
201609030308,201606110908,2016-06-11,13:50:00,14,22.0,408330,12:47:00,24.7,551770,13:18:00,37.6,1413540,13:39:00,36.2,2185980,13:44:00,36.2,2185980,13:44:00,36.2,2185980,13:44:00
201609030308,201606110908,2016-06-11,13:50:00,15,5.6,408330,12:47:00,5.6,551770,13:18:00,6.1,1413540,13:39:00,6.3,2185980,13:44:00,6.3,2185980,13:44:00,6.3,2185980,13:44:00
201609030308,201606110908,2016-06-11,13:50:00,16,2.4,408330,12:47:00,2.5,551770,13:18:00,2.7,1413540,13:39:00,2.6,2185980,13:44:00,2.6,2185980,13:44:00,2.6,2185980,13:44:00
201609030309,201606110909,2016-06-11,14:25:00,01,11.3,565500,13:23:00,12.3,745840,13:55:00,14.2,1924750,14:14:00,15.6,2849530,14:19:00,15.6,2849530,14:19:00,15.6,2849530,14:19:00
201609030309,201606110909,2016-06-11,14:25:00,02,12.5,565500,13:23:00,14.5,745840,13:55:00,19.5,1924750,14:14:00,22.5,2849530,14:19:00,22.5,2849530,14:19:00,22.5,2849530,14:19:00
201609030309,201606110909,2016-06-11,14:25:00,03,123.6,565500,13:23:00,106.3,745840,13:55:00,147.6,1924750,14:14:00,165.1,2849530,14:19:00,165.1,2849530,14:19:00,165.1,2849530,14:19:00
201609030309,201606110909,2016-06-11,14:25:00,04,66.4,565500,13:23:00,71.8,745840,13:55:00,83.3,1924750,14:14:00,73.9,2849530,14:19:00,73.9,2849530,14:19:00,73.9,2849530,14:19:00
201609030309,201606110909,2016-06-11,14:25:00,05,11.4,565500,13:23:00,11.9,745840,13:55:00,12.6,1924750,14:14:00,13.8,2849530,14:19:00,13.8,2849530,14:19:00,13.8,2849530,14:19:00
201609030309,201606110909,2016-06-11,14:25:00,06,2.9,565500,13:23:00,2.8,745840,13:55:00,3.3,1924750,14:14:00,2.7,2849530,14:19:00,2.7,2849530,14:19:00,2.7,2849530,14:19:00
201609030309,201606110909,2016-06-11,14:25:00,07,7.1,565500,13:23:00,6.4,745840,13:55:00,6.4,1924750,14:14:00,6.0,2849530,14:19:00,6.0,2849530,14:19:00,6.0,2849530,14:19:00
201609030309,201606110909,2016-06-11,14:25:00,08,6.2,565500,13:23:00,6.3,745840,13:55:00,6.1,1924750,14:14:00,6.8,2849530,14:19:00,6.8,2849530,14:19:00,6.8,2849530,14:19:00
201609030309,201606110909,2016-06-11,14:25:00,09,43.6,565500,13:23:00,53.3,745840,13:55:00,88.6,1924750,14:14:00,104.3,2849530,14:19:00,104.3,2849530,14:19:00,104.3,2849530,14:19:00
201609030309,201606110909,2016-06-11,14:25:00,10,41.0,565500,13:23:00,48.0,745840,13:55:00,82.7,1924750,14:14:00,100.6,2849530,14:19:00,100.6,2849530,14:19:00,100.6,2849530,14:19:00
201609030309,201606110909,2016-06-11,14:25:00,11,3.5,565500,13:23:00,3.4,745840,13:55:00,2.5,1924750,14:14:00,2.8,2849530,14:19:00,2.8,2849530,14:19:00,2.8,2849530,14:19:00
201609030310,201606110910,2016-06-11,15:01:00,01,17.2,776550,13:59:00,18.5,989340,14:28:00,24.6,2623110,14:50:00,24.6,3426810,14:55:00,24.6,3426810,14:55:00,24.6,3426810,14:55:00
201609030310,201606110910,2016-06-11,15:01:00,02,84.7,776550,13:59:00,96.4,989340,14:28:00,167.8,2623110,14:50:00,152.3,3426810,14:55:00,152.3,3426810,14:55:00,152.3,3426810,14:55:00
201609030310,201606110910,2016-06-11,15:01:00,03,34.9,776550,13:59:00,32.9,989340,14:28:00,40.1,2623110,14:50:00,43.6,3426810,14:55:00,43.6,3426810,14:55:00,43.6,3426810,14:55:00
201609030310,201606110910,2016-06-11,15:01:00,04,2.2,776550,13:59:00,2.3,989340,14:28:00,1.9,2623110,14:50:00,1.9,3426810,14:55:00,1.9,3426810,14:55:00,1.9,3426810,14:55:00
201609030310,201606110910,2016-06-11,15:01:00,05,42.9,776550,13:59:00,38.7,989340,14:28:00,58.9,2623110,14:50:00,64.6,3426810,14:55:00,64.6,3426810,14:55:00,64.6,3426810,14:55:00
201609030310,201606110910,2016-06-11,15:01:00,06,6.8,776550,13:59:00,6.7,989340,14:28:00,6.0,2623110,14:50:00,6.3,3426810,14:55:00,6.3,3426810,14:55:00,6.3,3426810,14:55:00
201609030310,201606110910,2016-06-11,15:01:00,07,5.0,776550,13:59:00,4.6,989340,14:28:00,4.4,2623110,14:50:00,4.1,3426810,14:55:00,4.1,3426810,14:55:00,4.1,3426810,14:55:00
201609030310,201606110910,2016-06-11,15:01:00,08,70.5,776550,13:59:00,76.3,989340,14:28:00,79.9,2623110,14:50:00,86.5,3426810,14:55:00,86.5,3426810,14:55:00,86.5,3426810,14:55:00
201609030310,201606110910,2016-06-11,15:01:00,09,46.1,776550,13:59:00,50.6,989340,14:28:00,67.8,2623110,14:50:00,69.9,3426810,14:55:00,69.9,3426810,14:55:00,69.9,3426810,14:55:00
201609030310,201606110910,2016-06-11,15:01:00,10,7.7,776550,13:59:00,8.3,989340,14:28:00,10.4,2623110,14:50:00,11.5,3426810,14:55:00,11.5,3426810,14:55:00,11.5,3426810,14:55:00
201609030310,201606110910,2016-06-11,15:01:00,11,58.8,776550,13:59:00,64.1,989340,14:28:00,94.7,2623110,14:50:00,97.4,3426810,14:55:00,97.4,3426810,14:55:00,97.4,3426810,14:55:00
201609030310,201606110910,2016-06-11,15:01:00,12,134.1,776550,13:59:00,149.0,989340,14:28:00,239.5,2623110,14:50:00,239.6,3426810,14:55:00,239.6,3426810,14:55:00,239.6,3426810,14:55:00
201609030310,201606110910,2016-06-11,15:01:00,13,23.4,776550,13:59:00,22.9,989340,14:28:00,30.3,2623110,14:50:00,30.1,3426810,14:55:00,30.1,3426810,14:55:00,30.1,3426810,14:55:00
201609030310,201606110910,2016-06-11,15:01:00,14,19.2,776550,13:59:00,18.9,989340,14:28:00,26.3,2623110,14:50:00,27.5,3426810,14:55:00,27.5,3426810,14:55:00,27.5,3426810,14:55:00
201609030310,201606110910,2016-06-11,15:01:00,15,16.1,776550,13:59:00,16.2,989340,14:28:00,20.4,2623110,14:50:00,20.2,3426810,14:55:00,20.2,3426810,14:55:00,20.2,3426810,14:55:00
201609030311,201606110911,2016-06-11,15:35:00,01,4.4,1678340,14:32:00,4.5,2108110,15:05:00,4.1,4166830,15:24:00,4.4,5400090,15:29:00,4.4,5400090,15:29:00,4.4,5400090,15:29:00
201609030311,201606110911,2016-06-11,15:35:00,02,42.1,1678340,14:32:00,46.2,2108110,15:05:00,65.7,4166830,15:24:00,72.8,5400090,15:29:00,72.8,5400090,15:29:00,72.8,5400090,15:29:00
201609030311,201606110911,2016-06-11,15:35:00,03,116.2,1678340,14:32:00,122.7,2108110,15:05:00,187.8,4166830,15:24:00,207.5,5400090,15:29:00,207.5,5400090,15:29:00,207.5,5400090,15:29:00
201609030311,201606110911,2016-06-11,15:35:00,04,15.3,1678340,14:32:00,16.6,2108110,15:05:00,21.8,4166830,15:24:00,23.1,5400090,15:29:00,23.1,5400090,15:29:00,23.1,5400090,15:29:00
201609030311,201606110911,2016-06-11,15:35:00,05,37.0,1678340,14:32:00,39.4,2108110,15:05:00,45.7,4166830,15:24:00,41.1,5400090,15:29:00,41.1,5400090,15:29:00,41.1,5400090,15:29:00
201609030311,201606110911,2016-06-11,15:35:00,06,6.8,1678340,14:32:00,6.1,2108110,15:05:00,6.5,4166830,15:24:00,6.3,5400090,15:29:00,6.3,5400090,15:29:00,6.3,5400090,15:29:00
201609030311,201606110911,2016-06-11,15:35:00,07,20.1,1678340,14:32:00,20.1,2108110,15:05:00,20.3,4166830,15:24:00,18.8,5400090,15:29:00,18.8,5400090,15:29:00,18.8,5400090,15:29:00
201609030311,201606110911,2016-06-11,15:35:00,08,31.6,1678340,14:32:00,33.6,2108110,15:05:00,41.8,4166830,15:24:00,48.2,5400090,15:29:00,48.2,5400090,15:29:00,48.2,5400090,15:29:00
201609030311,201606110911,2016-06-11,15:35:00,09,3.9,1678340,14:32:00,4.0,2108110,15:05:00,3.7,4166830,15:24:00,3.6,5400090,15:29:00,3.6,5400090,15:29:00,3.6,5400090,15:29:00
201609030311,201606110911,2016-06-11,15:35:00,10,176.2,1678340,14:32:00,190.1,2108110,15:05:00,252.7,4166830,15:24:00,271.3,5400090,15:29:00,271.3,5400090,15:29:00,271.3,5400090,15:29:00
201609030311,201606110911,2016-06-11,15:35:00,11,62.3,1678340,14:32:00,65.4,2108110,15:05:00,86.3,4166830,15:24:00,90.9,5400090,15:29:00,90.9,5400090,15:29:00,90.9,5400090,15:29:00
201609030311,201606110911,2016-06-11,15:35:00,12,64.6,1678340,14:32:00,73.3,2108110,15:05:00,104.4,4166830,15:24:00,108.3,5400090,15:29:00,108.3,5400090,15:29:00,108.3,5400090,15:29:00
201609030311,201606110911,2016-06-11,15:35:00,13,10.5,1678340,14:32:00,10.9,2108110,15:05:00,12.9,4166830,15:24:00,12.0,5400090,15:29:00,12.0,5400090,15:29:00,12.0,5400090,15:29:00
201609030311,201606110911,2016-06-11,15:35:00,14,60.9,1678340,14:32:00,64.0,2108110,15:05:00,75.8,4166830,15:24:00,76.1,5400090,15:29:00,76.1,5400090,15:29:00,76.1,5400090,15:29:00
201609030311,201606110911,2016-06-11,15:35:00,15,5.0,1678340,14:32:00,4.6,2108110,15:05:00,4.0,4166830,15:24:00,4.0,5400090,15:29:00,4.0,5400090,15:29:00,4.0,5400090,15:29:00
201609030311,201606110911,2016-06-11,15:35:00,16,13.5,1678340,14:32:00,14.4,2108110,15:05:00,14.4,4166830,15:24:00,14.2,5400090,15:29:00,14.2,5400090,15:29:00,14.2,5400090,15:29:00
201609030312,201606110912,2016-06-11,16:10:00,01,59.7,909580,15:07:00,63.8,1158000,15:38:00,95.7,2837860,15:59:00,111.2,4140280,16:04:00,111.2,4140280,16:04:00,111.2,4140280,16:04:00
201609030312,201606110912,2016-06-11,16:10:00,02,21.7,909580,15:07:00,25.1,1158000,15:38:00,35.6,2837860,15:59:00,35.3,4140280,16:04:00,35.3,4140280,16:04:00,35.3,4140280,16:04:00
201609030312,201606110912,2016-06-11,16:10:00,03,41.4,909580,15:07:00,46.6,1158000,15:38:00,54.9,2837860,15:59:00,59.8,4140280,16:04:00,59.8,4140280,16:04:00,59.8,4140280,16:04:00
201609030312,201606110912,2016-06-11,16:10:00,04,3.4,909580,15:07:00,3.4,1158000,15:38:00,3.1,2837860,15:59:00,3.1,4140280,16:04:00,3.1,4140280,16:04:00,3.1,4140280,16:04:00
201609030312,201606110912,2016-06-11,16:10:00,05,35.1,909580,15:07:00,39.2,1158000,15:38:00,64.8,2837860,15:59:00,76.7,4140280,16:04:00,76.7,4140280,16:04:00,76.7,4140280,16:04:00
201609030312,201606110912,2016-06-11,16:10:00,06,20.8,909580,15:07:00,20.5,1158000,15:38:00,16.7,2837860,15:59:00,17.0,4140280,16:04:00,17.0,4140280,16:04:00,17.0,4140280,16:04:00
201609030312,201606110912,2016-06-11,16:10:00,07,95.4,909580,15:07:00,109.7,1158000,15:38:00,169.5,2837860,15:59:00,208.8,4140280,16:04:00,208.8,4140280,16:04:00,208.8,4140280,16:04:00
201609030312,201606110912,2016-06-11,16:10:00,08,45.8,909580,15:07:00,53.8,1158000,15:38:00,67.3,2837860,15:59:00,59.4,4140280,16:04:00,59.4,4140280,16:04:00,59.4,4140280,16:04:00
201609030312,201606110912,2016-06-11,16:10:00,09,11.2,909580,15:07:00,11.8,1158000,15:38:00,10.0,2837860,15:59:00,9.4,4140280,16:04:00,9.4,4140280,16:04:00,9.4,4140280,16:04:00
201609030312,201606110912,2016-06-11,16:10:00,10,94.9,909580,15:07:00,113.2,1158000,15:38:00,180.3,2837860,15:59:00,187.4,4140280,16:04:00,187.4,4140280,16:04:00,187.4,4140280,16:04:00
201609030312,201606110912,2016-06-11,16:10:00,11,17.7,909580,15:07:00,19.9,1158000,15:38:00,23.3,2837860,15:59:00,21.4,4140280,16:04:00,21.4,4140280,16:04:00,21.4,4140280,16:04:00
201609030312,201606110912,2016-06-11,16:10:00,12,3.6,909580,15:07:00,3.9,1158000,15:38:00,3.3,2837860,15:59:00,3.3,4140280,16:04:00,3.3,4140280,16:04:00,3.3,4140280,16:04:00
201609030312,201606110912,2016-06-11,16:10:00,13,43.9,909580,15:07:00,48.9,1158000,15:38:00,60.9,2837860,15:59:00,55.3,4140280,16:04:00,55.3,4140280,16:04:00,55.3,4140280,16:04:00
201609030312,201606110912,2016-06-11,16:10:00,14,258.9,909580,15:07:00,295.9,1158000,15:38:00,370.9,2837860,15:59:00,392.4,4140280,16:04:00,392.4,4140280,16:04:00,392.4,4140280,16:04:00
201609030312,201606110912,2016-06-11,16:10:00,15,12.4,909580,15:07:00,13.3,1158000,15:38:00,14.7,2837860,15:59:00,14.7,4140280,16:04:00,14.7,4140280,16:04:00,14.7,4140280,16:04:00
201609030312,201606110912,2016-06-11,16:10:00,16,16.0,909580,15:07:00,14.3,1158000,15:38:00,14.1,2837860,15:59:00,15.1,4140280,16:04:00,15.1,4140280,16:04:00,15.1,4140280,16:04:00
201609030312,201606110912,2016-06-11,16:10:00,17,5.9,909580,15:07:00,4.5,1158000,15:38:00,5.5,2837860,15:59:00,5.8,4140280,16:04:00,5.8,4140280,16:04:00,5.8,4140280,16:04:00
201609030401,201606120901,2016-06-12,09:55:00,01,2.4,292730,08:55:00,2.0,436140,09:25:00,2.1,868950,09:44:00,2.0,1269640,09:49:00,2.0,1269640,09:49:00,2.0,1269640,09:49:00
201609030401,201606120901,2016-06-12,09:55:00,02,17.4,292730,08:55:00,19.6,436140,09:25:00,25.0,868950,09:44:00,25.9,1269640,09:49:00,25.9,1269640,09:49:00,25.9,1269640,09:49:00
201609030401,201606120901,2016-06-12,09:55:00,03,60.5,292730,08:55:00,65.0,436140,09:25:00,64.6,868950,09:44:00,53.0,1269640,09:49:00,53.0,1269640,09:49:00,53.0,1269640,09:49:00
201609030401,201606120901,2016-06-12,09:55:00,04,158.2,292730,08:55:00,168.5,436140,09:25:00,185.3,868950,09:44:00,212.9,1269640,09:49:00,212.9,1269640,09:49:00,212.9,1269640,09:49:00
201609030401,201606120901,2016-06-12,09:55:00,05,9.0,292730,08:55:00,10.5,436140,09:25:00,12.3,868950,09:44:00,11.8,1269640,09:49:00,11.8,1269640,09:49:00,11.8,1269640,09:49:00
201609030401,201606120901,2016-06-12,09:55:00,06,13.2,292730,08:55:00,15.3,436140,09:25:00,20.5,868950,09:44:00,20.6,1269640,09:49:00,20.6,1269640,09:49:00,20.6,1269640,09:49:00
201609030401,201606120901,2016-06-12,09:55:00,07,17.6,292730,08:55:00,18.0,436140,09:25:00,15.4,868950,09:44:00,14.5,1269640,09:49:00,14.5,1269640,09:49:00,14.5,1269640,09:49:00
201609030401,201606120901,2016-06-12,09:55:00,08,100.5,292730,08:55:00,111.8,436140,09:25:00,131.6,868950,09:44:00,147.6,1269640,09:49:00,147.6,1269640,09:49:00,147.6,1269640,09:49:00
201609030401,201606120901,2016-06-12,09:55:00,09,43.4,292730,08:55:00,45.0,436140,09:25:00,45.3,868950,09:44:00,44.9,1269640,09:49:00,44.9,1269640,09:49:00,44.9,1269640,09:49:00
201609030401,201606120901,2016-06-12,09:55:00,10,3.0,292730,08:55:00,3.4,436140,09:25:00,3.0,868950,09:44:00,3.3,1269640,09:49:00,3.3,1269640,09:49:00,3.3,1269640,09:49:00
201609030401,201606120901,2016-06-12,09:55:00,11,28.1,292730,08:55:00,28.2,436140,09:25:00,25.0,868950,09:44:00,28.1,1269640,09:49:00,28.1,1269640,09:49:00,28.1,1269640,09:49:00
201609030401,201606120901,2016-06-12,09:55:00,12,15.3,292730,08:55:00,16.8,436140,09:25:00,17.2,868950,09:44:00,14.0,1269640,09:49:00,14.0,1269640,09:49:00,14.0,1269640,09:49:00
201609030401,201606120901,2016-06-12,09:55:00,13,122.6,292730,08:55:00,137.9,436140,09:25:00,118.0,868950,09:44:00,122.3,1269640,09:49:00,122.3,1269640,09:49:00,122.3,1269640,09:49:00
201609030401,201606120901,2016-06-12,09:55:00,14,49.7,292730,08:55:00,55.5,436140,09:25:00,63.3,868950,09:44:00,68.6,1269640,09:49:00,68.6,1269640,09:49:00,68.6,1269640,09:49:00
201609030401,201606120901,2016-06-12,09:55:00,15,97.9,292730,08:55:00,98.0,436140,09:25:00,104.8,868950,09:44:00,110.7,1269640,09:49:00,110.7,1269640,09:49:00,110.7,1269640,09:49:00
201609030401,201606120901,2016-06-12,09:55:00,16,36.7,292730,08:55:00,35.2,436140,09:25:00,27.7,868950,09:44:00,25.5,1269640,09:49:00,25.5,1269640,09:49:00,25.5,1269640,09:49:00
201609030402,201606120902,2016-06-12,10:25:00,01,173.5,258110,09:25:00,153.1,356000,09:53:00,153.5,650790,10:14:00,191.6,1303250,10:19:00,191.6,1303250,10:19:00,191.6,1303250,10:19:00
201609030402,201606120902,2016-06-12,10:25:00,02,172.0,258110,09:25:00,149.8,356000,09:53:00,178.9,650790,10:14:00,208.5,1303250,10:19:00,208.5,1303250,10:19:00,208.5,1303250,10:19:00
201609030402,201606120902,2016-06-12,10:25:00,03,102.2,258110,09:25:00,70.3,356000,09:53:00,93.9,650790,10:14:00,140.3,1303250,10:19:00,140.3,1303250,10:19:00,140.3,1303250,10:19:00
201609030402,201606120902,2016-06-12,10:25:00,04,19.5,258110,09:25:00,17.2,356000,09:53:00,20.4,650790,10:14:00,25.8,1303250,10:19:00,25.8,1303250,10:19:00,25.8,1303250,10:19:00
201609030402,201606120902,2016-06-12,10:25:00,05,2.1,258110,09:25:00,2.3,356000,09:53:00,2.5,650790,10:14:00,2.4,1303250,10:19:00,2.4,1303250,10:19:00,2.4,1303250,10:19:00
201609030402,201606120902,2016-06-12,10:25:00,06,100.7,258110,09:25:00,83.7,356000,09:53:00,91.8,650790,10:14:00,108.3,1303250,10:19:00,108.3,1303250,10:19:00,108.3,1303250,10:19:00
201609030402,201606120902,2016-06-12,10:25:00,07,37.9,258110,09:25:00,30.7,356000,09:53:00,28.4,650790,10:14:00,43.2,1303250,10:19:00,43.2,1303250,10:19:00,43.2,1303250,10:19:00
201609030402,201606120902,2016-06-12,10:25:00,08,20.1,258110,09:25:00,15.0,356000,09:53:00,12.5,650790,10:14:00,15.4,1303250,10:19:00,15.4,1303250,10:19:00,15.4,1303250,10:19:00
201609030402,201606120902,2016-06-12,10:25:00,09,20.6,258110,09:25:00,20.6,356000,09:53:00,22.3,650790,10:14:00,21.7,1303250,10:19:00,21.7,1303250,10:19:00,21.7,1303250,10:19:00
201609030402,201606120902,2016-06-12,10:25:00,10,64.3,258110,09:25:00,47.9,356000,09:53:00,53.4,650790,10:14:00,60.6,1303250,10:19:00,60.6,1303250,10:19:00,60.6,1303250,10:19:00
201609030402,201606120902,2016-06-12,10:25:00,11,6.8,258110,09:25:00,6.5,356000,09:53:00,5.4,650790,10:14:00,4.8,1303250,10:19:00,4.8,1303250,10:19:00,4.8,1303250,10:19:00
201609030402,201606120902,2016-06-12,10:25:00,12,176.4,258110,09:25:00,152.2,356000,09:53:00,209.0,650790,10:14:00,328.8,1303250,10:19:00,328.8,1303250,10:19:00,328.8,1303250,10:19:00
201609030402,201606120902,2016-06-12,10:25:00,13,29.9,258110,09:25:00,24.0,356000,09:53:00,21.6,650790,10:14:00,20.9,1303250,10:19:00,20.9,1303250,10:19:00,20.9,1303250,10:19:00
201609030402,201606120902,2016-06-12,10:25:00,14,75.0,258110,09:25:00,73.5,356000,09:53:00,95.3,650790,10:14:00,125.6,1303250,10:19:00,125.6,1303250,10:19:00,125.6,1303250,10:19:00
201609030402,201606120902,2016-06-12,10:25:00,15,3.4,258110,09:25:00,3.8,356000,09:53:00,3.6,650790,10:14:00,3.4,1303250,10:19:00,3.4,1303250,10:19:00,3.4,1303250,10:19:00
201609030402,201606120902,2016-06-12,10:25:00,16,11.7,258110,09:25:00,11.2,356000,09:53:00,12.0,650790,10:14:00,12.4,1303250,10:19:00,12.4,1303250,10:19:00,12.4,1303250,10:19:00
201609030403,201606120903,2016-06-12,10:55:00,01,15.1,344380,09:53:00,16.5,452000,10:24:00,16.9,849520,10:44:00,13.7,1386540,10:49:00,13.7,1386540,10:49:00,13.7,1386540,10:49:00
201609030403,201606120903,2016-06-12,10:55:00,02,35.9,344380,09:53:00,35.4,452000,10:24:00,49.1,849520,10:44:00,61.0,1386540,10:49:00,61.0,1386540,10:49:00,61.0,1386540,10:49:00
201609030403,201606120903,2016-06-12,10:55:00,03,43.2,344380,09:53:00,46.9,452000,10:24:00,55.9,849520,10:44:00,60.5,1386540,10:49:00,60.5,1386540,10:49:00,60.5,1386540,10:49:00
201609030403,201606120903,2016-06-12,10:55:00,04,7.6,344380,09:53:00,6.3,452000,10:24:00,6.9,849520,10:44:00,7.7,1386540,10:49:00,7.7,1386540,10:49:00,7.7,1386540,10:49:00
201609030403,201606120903,2016-06-12,10:55:00,05,65.5,344380,09:53:00,72.0,452000,10:24:00,83.3,849520,10:44:00,88.8,1386540,10:49:00,88.8,1386540,10:49:00,88.8,1386540,10:49:00
201609030403,201606120903,2016-06-12,10:55:00,06,114.7,344380,09:53:00,136.4,452000,10:24:00,192.5,849520,10:44:00,216.2,1386540,10:49:00,216.2,1386540,10:49:00,216.2,1386540,10:49:00
201609030403,201606120903,2016-06-12,10:55:00,07,27.9,344380,09:53:00,32.6,452000,10:24:00,32.1,849520,10:44:00,35.0,1386540,10:49:00,35.0,1386540,10:49:00,35.0,1386540,10:49:00
201609030403,201606120903,2016-06-12,10:55:00,08,36.3,344380,09:53:00,42.8,452000,10:24:00,52.6,849520,10:44:00,60.8,1386540,10:49:00,60.8,1386540,10:49:00,60.8,1386540,10:49:00
201609030403,201606120903,2016-06-12,10:55:00,09,27.2,344380,09:53:00,29.6,452000,10:24:00,41.7,849520,10:44:00,42.5,1386540,10:49:00,42.5,1386540,10:49:00,42.5,1386540,10:49:00
201609030403,201606120903,2016-06-12,10:55:00,10,3.3,344380,09:53:00,2.9,452000,10:24:00,2.6,849520,10:44:00,2.5,1386540,10:49:00,2.5,1386540,10:49:00,2.5,1386540,10:49:00
201609030403,201606120903,2016-06-12,10:55:00,11,91.5,344380,09:53:00,103.6,452000,10:24:00,142.1,849520,10:44:00,188.9,1386540,10:49:00,188.9,1386540,10:49:00,188.9,1386540,10:49:00
201609030403,201606120903,2016-06-12,10:55:00,12,2.5,344380,09:53:00,2.8,452000,10:24:00,2.8,849520,10:44:00,2.7,1386540,10:49:00,2.7,1386540,10:49:00,2.7,1386540,10:49:00
201609030403,201606120903,2016-06-12,10:55:00,13,110.6,344380,09:53:00,106.3,452000,10:24:00,114.4,849520,10:44:00,156.4,1386540,10:49:00,156.4,1386540,10:49:00,156.4,1386540,10:49:00
201609030403,201606120903,2016-06-12,10:55:00,14,82.2,344380,09:53:00,91.0,452000,10:24:00,117.1,849520,10:44:00,141.6,1386540,10:49:00,141.6,1386540,10:49:00,141.6,1386540,10:49:00
201609030403,201606120903,2016-06-12,10:55:00,15,103.9,344380,09:53:00,110.2,452000,10:24:00,150.3,849520,10:44:00,180.3,1386540,10:49:00,180.3,1386540,10:49:00,180.3,1386540,10:49:00
201609030403,201606120903,2016-06-12,10:55:00,16,21.1,344380,09:53:00,21.3,452000,10:24:00,21.6,849520,10:44:00,23.7,1386540,10:49:00,23.7,1386540,10:49:00,23.7,1386540,10:49:00
201609030403,201606120903,2016-06-12,10:55:00,17,41.9,344380,09:53:00,49.0,452000,10:24:00,48.6,849520,10:44:00,58.2,1386540,10:49:00,58.2,1386540,10:49:00,58.2,1386540,10:49:00
201609030403,201606120903,2016-06-12,10:55:00,18,12.9,344380,09:53:00,13.0,452000,10:24:00,10.9,849520,10:44:00,10.8,1386540,10:49:00,10.8,1386540,10:49:00,10.8,1386540,10:49:00
201609030405,201606120905,2016-06-12,12:15:00,01,23.5,349720,11:11:00,22.2,566710,11:45:00,23.0,1319450,12:04:00,25.7,1830100,12:09:00,25.7,1830100,12:09:00,25.7,1830100,12:09:00
201609030405,201606120905,2016-06-12,12:15:00,02,96.1,349720,11:11:00,98.0,566710,11:45:00,111.9,1319450,12:04:00,123.3,1830100,12:09:00,123.3,1830100,12:09:00,123.3,1830100,12:09:00
201609030405,201606120905,2016-06-12,12:15:00,03,4.3,349720,11:11:00,3.8,566710,11:45:00,2.9,1319450,12:04:00,2.6,1830100,12:09:00,2.6,1830100,12:09:00,2.6,1830100,12:09:00
201609030405,201606120905,2016-06-12,12:15:00,04,16.3,349720,11:11:00,18.4,566710,11:45:00,23.8,1319450,12:04:00,25.0,1830100,12:09:00,25.0,1830100,12:09:00,25.0,1830100,12:09:00
201609030405,201606120905,2016-06-12,12:15:00,05,13.4,349720,11:11:00,14.5,566710,11:45:00,14.4,1319450,12:04:00,14.8,1830100,12:09:00,14.8,1830100,12:09:00,14.8,1830100,12:09:00
201609030405,201606120905,2016-06-12,12:15:00,06,53.6,349720,11:11:00,57.9,566710,11:45:00,55.3,1319450,12:04:00,62.9,1830100,12:09:00,62.9,1830100,12:09:00,62.9,1830100,12:09:00
201609030405,201606120905,2016-06-12,12:15:00,07,12.9,349720,11:11:00,14.2,566710,11:45:00,12.9,1319450,12:04:00,12.4,1830100,12:09:00,12.4,1830100,12:09:00,12.4,1830100,12:09:00
201609030405,201606120905,2016-06-12,12:15:00,08,3.7,349720,11:11:00,3.6,566710,11:45:00,4.1,1319450,12:04:00,4.5,1830100,12:09:00,4.5,1830100,12:09:00,4.5,1830100,12:09:00
201609030405,201606120905,2016-06-12,12:15:00,09,4.3,349720,11:11:00,4.5,566710,11:45:00,5.1,1319450,12:04:00,5.2,1830100,12:09:00,5.2,1830100,12:09:00,5.2,1830100,12:09:00
201609030405,201606120905,2016-06-12,12:15:00,10,10.3,349720,11:11:00,10.5,566710,11:45:00,10.9,1319450,12:04:00,11.4,1830100,12:09:00,11.4,1830100,12:09:00,11.4,1830100,12:09:00
201609030405,201606120905,2016-06-12,12:15:00,11,15.8,349720,11:11:00,17.8,566710,11:45:00,20.5,1319450,12:04:00,19.6,1830100,12:09:00,19.6,1830100,12:09:00,19.6,1830100,12:09:00
201609030405,201606120905,2016-06-12,12:15:00,12,71.7,349720,11:11:00,67.1,566710,11:45:00,79.7,1319450,12:04:00,85.8,1830100,12:09:00,85.8,1830100,12:09:00,85.8,1830100,12:09:00
201609030406,201606120906,2016-06-12,12:45:00,01,102.9,513330,11:45:00,117.3,692400,12:13:00,171.8,1310530,12:34:00,222.6,1990260,12:39:00,222.6,1990260,12:39:00,222.6,1990260,12:39:00
201609030406,201606120906,2016-06-12,12:45:00,02,1.6,513330,11:45:00,1.5,692400,12:13:00,1.4,1310530,12:34:00,1.6,1990260,12:39:00,1.6,1990260,12:39:00,1.6,1990260,12:39:00
201609030406,201606120906,2016-06-12,12:45:00,03,304.1,513330,11:45:00,316.5,692400,12:13:00,388.3,1310530,12:34:00,451.0,1990260,12:39:00,451.0,1990260,12:39:00,451.0,1990260,12:39:00
201609030406,201606120906,2016-06-12,12:45:00,04,10.4,513330,11:45:00,11.4,692400,12:13:00,12.0,1310530,12:34:00,10.8,1990260,12:39:00,10.8,1990260,12:39:00,10.8,1990260,12:39:00
201609030406,201606120906,2016-06-12,12:45:00,05,135.5,513330,11:45:00,158.7,692400,12:13:00,153.9,1310530,12:34:00,158.7,1990260,12:39:00,158.7,1990260,12:39:00,158.7,1990260,12:39:00
201609030406,201606120906,2016-06-12,12:45:00,06,139.6,513330,11:45:00,171.4,692400,12:13:00,119.8,1310530,12:34:00,164.4,1990260,12:39:00,164.4,1990260,12:39:00,164.4,1990260,12:39:00
201609030406,201606120906,2016-06-12,12:45:00,07,110.6,513330,11:45:00,104.9,692400,12:13:00,122.0,1310530,12:34:00,121.3,1990260,12:39:00,121.3,1990260,12:39:00,121.3,1990260,12:39:00
201609030406,201606120906,2016-06-12,12:45:00,08,36.8,513330,11:45:00,43.8,692400,12:13:00,56.4,1310530,12:34:00,76.0,1990260,12:39:00,76.0,1990260,12:39:00,76.0,1990260,12:39:00
201609030406,201606120906,2016-06-12,12:45:00,09,70.9,513330,11:45:00,78.1,692400,12:13:00,87.8,1310530,12:34:00,94.2,1990260,12:39:00,94.2,1990260,12:39:00,94.2,1990260,12:39:00
201609030406,201606120906,2016-06-12,12:45:00,10,44.2,513330,11:45:00,45.8,692400,12:13:00,57.1,1310530,12:34:00,55.8,1990260,12:39:00,55.8,1990260,12:39:00,55.8,1990260,12:39:00
201609030406,201606120906,2016-06-12,12:45:00,11,8.8,513330,11:45:00,8.8,692400,12:13:00,9.4,1310530,12:34:00,7.6,1990260,12:39:00,7.6,1990260,12:39:00,7.6,1990260,12:39:00
201609030406,201606120906,2016-06-12,12:45:00,12,19.8,513330,11:45:00,21.8,692400,12:13:00,20.6,1310530,12:34:00,15.3,1990260,12:39:00,15.3,1990260,12:39:00,15.3,1990260,12:39:00
201609030406,201606120906,2016-06-12,12:45:00,13,14.3,513330,11:45:00,14.1,692400,12:13:00,13.1,1310530,12:34:00,12.1,1990260,12:39:00,12.1,1990260,12:39:00,12.1,1990260,12:39:00
201609030406,201606120906,2016-06-12,12:45:00,14,30.1,513330,11:45:00,32.4,692400,12:13:00,37.5,1310530,12:34:00,32.5,1990260,12:39:00,32.5,1990260,12:39:00,32.5,1990260,12:39:00
201609030406,201606120906,2016-06-12,12:45:00,15,8.5,513330,11:45:00,8.0,692400,12:13:00,9.6,1310530,12:34:00,8.4,1990260,12:39:00,8.4,1990260,12:39:00,8.4,1990260,12:39:00
201609030406,201606120906,2016-06-12,12:45:00,16,19.4,513330,11:45:00,21.1,692400,12:13:00,21.9,1310530,12:34:00,17.1,1990260,12:39:00,17.1,1990260,12:39:00,17.1,1990260,12:39:00
201609030407,201606120907,2016-06-12,13:15:00,01,96.2,311500,12:10:00,102.3,383870,12:40:00,116.8,880990,13:04:00,160.4,1572810,13:09:00,160.4,1572810,13:09:00,160.4,1572810,13:09:00
201609030407,201606120907,2016-06-12,13:15:00,02,44.9,311500,12:10:00,50.5,383870,12:40:00,79.1,880990,13:04:00,96.0,1572810,13:09:00,96.0,1572810,13:09:00,96.0,1572810,13:09:00
201609030407,201606120907,2016-06-12,13:15:00,03,87.1,311500,12:10:00,93.3,383870,12:40:00,96.8,880990,13:04:00,118.7,1572810,13:09:00,118.7,1572810,13:09:00,118.7,1572810,13:09:00
201609030407,201606120907,2016-06-12,13:15:00,04,15.3,311500,12:10:00,17.4,383870,12:40:00,24.5,880990,13:04:00,29.5,1572810,13:09:00,29.5,1572810,13:09:00,29.5,1572810,13:09:00
201609030407,201606120907,2016-06-12,13:15:00,05,4.0,311500,12:10:00,4.0,383870,12:40:00,6.1,880990,13:04:00,7.2,1572810,13:09:00,7.2,1572810,13:09:00,7.2,1572810,13:09:00
201609030407,201606120907,2016-06-12,13:15:00,06,18.0,311500,12:10:00,17.2,383870,12:40:00,16.5,880990,13:04:00,15.2,1572810,13:09:00,15.2,1572810,13:09:00,15.2,1572810,13:09:00
201609030407,201606120907,2016-06-12,13:15:00,07,4.8,311500,12:10:00,4.9,383870,12:40:00,4.3,880990,13:04:00,3.9,1572810,13:09:00,3.9,1572810,13:09:00,3.9,1572810,13:09:00
201609030407,201606120907,2016-06-12,13:15:00,08,47.3,311500,12:10:00,53.8,383870,12:40:00,81.6,880990,13:04:00,108.2,1572810,13:09:00,108.2,1572810,13:09:00,108.2,1572810,13:09:00
201609030407,201606120907,2016-06-12,13:15:00,09,17.1,311500,12:10:00,19.1,383870,12:40:00,28.5,880990,13:04:00,33.0,1572810,13:09:00,33.0,1572810,13:09:00,33.0,1572810,13:09:00
201609030407,201606120907,2016-06-12,13:15:00,10,25.7,311500,12:10:00,29.1,383870,12:40:00,29.9,880990,13:04:00,34.7,1572810,13:09:00,34.7,1572810,13:09:00,34.7,1572810,13:09:00
201609030407,201606120907,2016-06-12,13:15:00,11,49.6,311500,12:10:00,54.8,383870,12:40:00,81.6,880990,13:04:00,106.2,1572810,13:09:00,106.2,1572810,13:09:00,106.2,1572810,13:09:00
201609030407,201606120907,2016-06-12,13:15:00,12,3.2,311500,12:10:00,3.2,383870,12:40:00,2.2,880990,13:04:00,2.3,1572810,13:09:00,2.3,1572810,13:09:00,2.3,1572810,13:09:00
201609030407,201606120907,2016-06-12,13:15:00,13,25.6,311500,12:10:00,24.1,383870,12:40:00,26.3,880990,13:04:00,34.9,1572810,13:09:00,34.9,1572810,13:09:00,34.9,1572810,13:09:00
201609030407,201606120907,2016-06-12,13:15:00,14,8.4,311500,12:10:00,6.8,383870,12:40:00,7.4,880990,13:04:00,5.3,1572810,13:09:00,5.3,1572810,13:09:00,5.3,1572810,13:09:00
201609030407,201606120907,2016-06-12,13:15:00,15,50.7,311500,12:10:00,54.6,383870,12:40:00,79.4,880990,13:04:00,79.4,1572810,13:09:00,79.4,1572810,13:09:00,79.4,1572810,13:09:00
201609030407,201606120907,2016-06-12,13:15:00,16,112.7,311500,12:10:00,118.5,383870,12:40:00,130.5,880990,13:04:00,164.6,1572810,13:09:00,164.6,1572810,13:09:00,164.6,1572810,13:09:00
201609030408,201606120908,2016-06-12,13:50:00,01,18.7,355540,12:49:00,20.6,464100,13:20:00,27.6,1365080,13:39:00,27.1,2223760,13:44:00,27.1,2223760,13:44:00,27.1,2223760,13:44:00
201609030408,201606120908,2016-06-12,13:50:00,02,17.0,355540,12:49:00,18.4,464100,13:20:00,28.4,1365080,13:39:00,26.9,2223760,13:44:00,26.9,2223760,13:44:00,26.9,2223760,13:44:00
201609030408,201606120908,2016-06-12,13:50:00,03,110.2,355540,12:49:00,116.7,464100,13:20:00,227.5,1365080,13:39:00,281.4,2223760,13:44:00,281.4,2223760,13:44:00,281.4,2223760,13:44:00
201609030408,201606120908,2016-06-12,13:50:00,04,61.1,355540,12:49:00,62.4,464100,13:20:00,81.9,1365080,13:39:00,86.4,2223760,13:44:00,86.4,2223760,13:44:00,86.4,2223760,13:44:00
201609030408,201606120908,2016-06-12,13:50:00,05,57.8,355540,12:49:00,70.7,464100,13:20:00,116.9,1365080,13:39:00,131.0,2223760,13:44:00,131.0,2223760,13:44:00,131.0,2223760,13:44:00
201609030408,201606120908,2016-06-12,13:50:00,06,125.8,355540,12:49:00,150.3,464100,13:20:00,273.0,1365080,13:39:00,338.2,2223760,13:44:00,338.2,2223760,13:44:00,338.2,2223760,13:44:00
201609030408,201606120908,2016-06-12,13:50:00,07,18.2,355540,12:49:00,18.2,464100,13:20:00,16.4,1365080,13:39:00,13.7,2223760,13:44:00,13.7,2223760,13:44:00,13.7,2223760,13:44:00
201609030408,201606120908,2016-06-12,13:50:00,08,12.7,355540,12:49:00,14.6,464100,13:20:00,20.5,1365080,13:39:00,20.2,2223760,13:44:00,20.2,2223760,13:44:00,20.2,2223760,13:44:00
201609030408,201606120908,2016-06-12,13:50:00,09,13.0,355540,12:49:00,11.8,464100,13:20:00,9.8,1365080,13:39:00,9.8,2223760,13:44:00,9.8,2223760,13:44:00,9.8,2223760,13:44:00
201609030408,201606120908,2016-06-12,13:50:00,10,32.2,355540,12:49:00,36.3,464100,13:20:00,52.6,1365080,13:39:00,52.8,2223760,13:44:00,52.8,2223760,13:44:00,52.8,2223760,13:44:00
201609030408,201606120908,2016-06-12,13:50:00,11,11.8,355540,12:49:00,12.8,464100,13:20:00,17.9,1365080,13:39:00,18.0,2223760,13:44:00,18.0,2223760,13:44:00,18.0,2223760,13:44:00
201609030408,201606120908,2016-06-12,13:50:00,12,17.2,355540,12:49:00,19.1,464100,13:20:00,27.2,1365080,13:39:00,28.9,2223760,13:44:00,28.9,2223760,13:44:00,28.9,2223760,13:44:00
201609030408,201606120908,2016-06-12,13:50:00,13,20.7,355540,12:49:00,22.6,464100,13:20:00,24.1,1365080,13:39:00,26.9,2223760,13:44:00,26.9,2223760,13:44:00,26.9,2223760,13:44:00
201609030408,201606120908,2016-06-12,13:50:00,14,109.8,355540,12:49:00,126.7,464100,13:20:00,236.8,1365080,13:39:00,286.4,2223760,13:44:00,286.4,2223760,13:44:00,286.4,2223760,13:44:00
201609030408,201606120908,2016-06-12,13:50:00,15,6.1,355540,12:49:00,5.8,464100,13:20:00,4.1,1365080,13:39:00,4.6,2223760,13:44:00,4.6,2223760,13:44:00,4.6,2223760,13:44:00
201609030408,201606120908,2016-06-12,13:50:00,16,3.9,355540,12:49:00,3.4,464100,13:20:00,2.5,1365080,13:39:00,2.5,2223760,13:44:00,2.5,2223760,13:44:00,2.5,2223760,13:44:00
201609030408,201606120908,2016-06-12,13:50:00,17,6.8,355540,12:49:00,6.4,464100,13:20:00,8.7,1365080,13:39:00,7.7,2223760,13:44:00,7.7,2223760,13:44:00,7.7,2223760,13:44:00
201609030408,201606120908,2016-06-12,13:50:00,18,12.2,355540,12:49:00,13.7,464100,13:20:00,25.2,1365080,13:39:00,27.8,2223760,13:44:00,27.8,2223760,13:44:00,27.8,2223760,13:44:00
201609030409,201606120909,2016-06-12,14:25:00,01,11.1,590710,13:24:00,11.7,790820,13:54:00,11.8,2566130,14:14:00,12.0,3466430,14:19:00,12.0,3466430,14:19:00,12.0,3466430,14:19:00
201609030409,201606120909,2016-06-12,14:25:00,02,25.6,590710,13:24:00,27.1,790820,13:54:00,50.9,2566130,14:14:00,48.6,3466430,14:19:00,48.6,3466430,14:19:00,48.6,3466430,14:19:00
201609030409,201606120909,2016-06-12,14:25:00,03,11.4,590710,13:24:00,12.0,790820,13:54:00,12.6,2566130,14:14:00,11.8,3466430,14:19:00,11.8,3466430,14:19:00,11.8,3466430,14:19:00
201609030409,201606120909,2016-06-12,14:25:00,04,140.2,590710,13:24:00,153.5,790820,13:54:00,218.1,2566130,14:14:00,253.2,3466430,14:19:00,253.2,3466430,14:19:00,253.2,3466430,14:19:00
201609030409,201606120909,2016-06-12,14:25:00,05,1.7,590710,13:24:00,1.6,790820,13:54:00,1.6,2566130,14:14:00,1.6,3466430,14:19:00,1.6,3466430,14:19:00,1.6,3466430,14:19:00
201609030409,201606120909,2016-06-12,14:25:00,06,19.9,590710,13:24:00,22.0,790820,13:54:00,25.5,2566130,14:14:00,24.6,3466430,14:19:00,24.6,3466430,14:19:00,24.6,3466430,14:19:00
201609030409,201606120909,2016-06-12,14:25:00,07,86.7,590710,13:24:00,88.4,790820,13:54:00,190.9,2566130,14:14:00,221.4,3466430,14:19:00,221.4,3466430,14:19:00,221.4,3466430,14:19:00
201609030409,201606120909,2016-06-12,14:25:00,08,5.4,590710,13:24:00,5.5,790820,13:54:00,4.5,2566130,14:14:00,4.6,3466430,14:19:00,4.6,3466430,14:19:00,4.6,3466430,14:19:00
201609030409,201606120909,2016-06-12,14:25:00,09,7.4,590710,13:24:00,7.5,790820,13:54:00,7.6,2566130,14:14:00,6.7,3466430,14:19:00,6.7,3466430,14:19:00,6.7,3466430,14:19:00
201609030409,201606120909,2016-06-12,14:25:00,10,16.9,590710,13:24:00,17.9,790820,13:54:00,23.8,2566130,14:14:00,21.3,3466430,14:19:00,21.3,3466430,14:19:00,21.3,3466430,14:19:00
201609030409,201606120909,2016-06-12,14:25:00,11,45.9,590710,13:24:00,52.6,790820,13:54:00,75.9,2566130,14:14:00,72.2,3466430,14:19:00,72.2,3466430,14:19:00,72.2,3466430,14:19:00
201609030410,201606120910,2016-06-12,15:01:00,01,8.5,833000,13:57:00,7.8,1014800,14:27:00,7.4,2879470,14:50:00,7.0,3982260,14:55:00,7.0,3982260,14:55:00,7.0,3982260,14:55:00
201609030410,201606120910,2016-06-12,15:01:00,02,60.5,833000,13:57:00,62.7,1014800,14:27:00,94.1,2879470,14:50:00,101.9,3982260,14:55:00,101.9,3982260,14:55:00,101.9,3982260,14:55:00
201609030410,201606120910,2016-06-12,15:01:00,03,3.8,833000,13:57:00,3.9,1014800,14:27:00,5.2,2879470,14:50:00,5.2,3982260,14:55:00,5.2,3982260,14:55:00,5.2,3982260,14:55:00
201609030410,201606120910,2016-06-12,15:01:00,04,112.1,833000,13:57:00,120.2,1014800,14:27:00,224.9,2879470,14:50:00,275.1,3982260,14:55:00,275.1,3982260,14:55:00,275.1,3982260,14:55:00
201609030410,201606120910,2016-06-12,15:01:00,05,124.3,833000,13:57:00,130.9,1014800,14:27:00,181.5,2879470,14:50:00,200.2,3982260,14:55:00,200.2,3982260,14:55:00,200.2,3982260,14:55:00
201609030410,201606120910,2016-06-12,15:01:00,06,35.3,833000,13:57:00,31.8,1014800,14:27:00,47.6,2879470,14:50:00,47.8,3982260,14:55:00,47.8,3982260,14:55:00,47.8,3982260,14:55:00
201609030410,201606120910,2016-06-12,15:01:00,07,9.3,833000,13:57:00,9.1,1014800,14:27:00,8.1,2879470,14:50:00,7.7,3982260,14:55:00,7.7,3982260,14:55:00,7.7,3982260,14:55:00
201609030410,201606120910,2016-06-12,15:01:00,08,2.3,833000,13:57:00,2.3,1014800,14:27:00,1.8,2879470,14:50:00,1.9,3982260,14:55:00,1.9,3982260,14:55:00,1.9,3982260,14:55:00
201609030410,201606120910,2016-06-12,15:01:00,09,66.1,833000,13:57:00,66.3,1014800,14:27:00,85.8,2879470,14:50:00,83.4,3982260,14:55:00,83.4,3982260,14:55:00,83.4,3982260,14:55:00
201609030410,201606120910,2016-06-12,15:01:00,10,9.3,833000,13:57:00,9.2,1014800,14:27:00,10.8,2879470,14:50:00,10.8,3982260,14:55:00,10.8,3982260,14:55:00,10.8,3982260,14:55:00
201609030410,201606120910,2016-06-12,15:01:00,11,32.7,833000,13:57:00,31.1,1014800,14:27:00,33.2,2879470,14:50:00,35.2,3982260,14:55:00,35.2,3982260,14:55:00,35.2,3982260,14:55:00
201609030410,201606120910,2016-06-12,15:01:00,12,37.2,833000,13:57:00,40.3,1014800,14:27:00,52.6,2879470,14:50:00,55.8,3982260,14:55:00,55.8,3982260,14:55:00,55.8,3982260,14:55:00
201609030410,201606120910,2016-06-12,15:01:00,13,15.4,833000,13:57:00,15.2,1014800,14:27:00,18.0,2879470,14:50:00,16.6,3982260,14:55:00,16.6,3982260,14:55:00,16.6,3982260,14:55:00
201609030410,201606120910,2016-06-12,15:01:00,14,60.4,833000,13:57:00,65.7,1014800,14:27:00,92.5,2879470,14:50:00,74.3,3982260,14:55:00,74.3,3982260,14:55:00,74.3,3982260,14:55:00
201609030410,201606120910,2016-06-12,15:01:00,15,237.1,833000,13:57:00,247.5,1014800,14:27:00,388.4,2879470,14:50:00,431.6,3982260,14:55:00,431.6,3982260,14:55:00,431.6,3982260,14:55:00
201609030410,201606120910,2016-06-12,15:01:00,16,113.5,833000,13:57:00,115.8,1014800,14:27:00,158.5,2879470,14:50:00,181.5,3982260,14:55:00,181.5,3982260,14:55:00,181.5,3982260,14:55:00
201609030411,201606120911,2016-06-12,15:35:00,01,7.2,5899770,14:34:00,7.0,6927590,15:05:00,7.2,10206090,15:24:00,7.3,12120210,15:29:00,7.3,12120210,15:29:00,7.3,12120210,15:29:00
201609030411,201606120911,2016-06-12,15:35:00,02,6.9,5899770,14:34:00,6.8,6927590,15:05:00,6.7,10206090,15:24:00,6.6,12120210,15:29:00,6.6,12120210,15:29:00,6.6,12120210,15:29:00
201609030411,201606120911,2016-06-12,15:35:00,03,13.0,5899770,14:34:00,13.6,6927590,15:05:00,13.9,10206090,15:24:00,14.0,12120210,15:29:00,14.0,12120210,15:29:00,14.0,12120210,15:29:00
201609030411,201606120911,2016-06-12,15:35:00,04,5.6,5899770,14:34:00,5.6,6927590,15:05:00,6.1,10206090,15:24:00,6.2,12120210,15:29:00,6.2,12120210,15:29:00,6.2,12120210,15:29:00
201609030411,201606120911,2016-06-12,15:35:00,05,7.1,5899770,14:34:00,7.0,6927590,15:05:00,6.5,10206090,15:24:00,6.3,12120210,15:29:00,6.3,12120210,15:29:00,6.3,12120210,15:29:00
201609030411,201606120911,2016-06-12,15:35:00,06,66.3,5899770,14:34:00,69.9,6927590,15:05:00,73.5,10206090,15:24:00,76.5,12120210,15:29:00,76.5,12120210,15:29:00,76.5,12120210,15:29:00
201609030411,201606120911,2016-06-12,15:35:00,07,12.5,5899770,14:34:00,12.7,6927590,15:05:00,12.9,10206090,15:24:00,13.0,12120210,15:29:00,13.0,12120210,15:29:00,13.0,12120210,15:29:00
201609030411,201606120911,2016-06-12,15:35:00,08,20.7,5899770,14:34:00,21.1,6927590,15:05:00,21.9,10206090,15:24:00,22.1,12120210,15:29:00,22.1,12120210,15:29:00,22.1,12120210,15:29:00
201609030411,201606120911,2016-06-12,15:35:00,09,17.3,5899770,14:34:00,18.0,6927590,15:05:00,21.0,10206090,15:24:00,22.0,12120210,15:29:00,22.0,12120210,15:29:00,22.0,12120210,15:29:00
201609030411,201606120911,2016-06-12,15:35:00,10,19.4,5899770,14:34:00,19.2,6927590,15:05:00,20.5,10206090,15:24:00,21.0,12120210,15:29:00,21.0,12120210,15:29:00,21.0,12120210,15:29:00
201609030411,201606120911,2016-06-12,15:35:00,11,20.0,5899770,14:34:00,20.5,6927590,15:05:00,20.6,10206090,15:24:00,21.2,12120210,15:29:00,21.2,12120210,15:29:00,21.2,12120210,15:29:00
201609030411,201606120911,2016-06-12,15:35:00,12,10.7,5899770,14:34:00,10.7,6927590,15:05:00,10.9,10206090,15:24:00,10.9,12120210,15:29:00,10.9,12120210,15:29:00,10.9,12120210,15:29:00
201609030411,201606120911,2016-06-12,15:35:00,13,6.0,5899770,14:34:00,6.0,6927590,15:05:00,5.2,10206090,15:24:00,5.1,12120210,15:29:00,5.1,12120210,15:29:00,5.1,12120210,15:29:00
201609030411,201606120911,2016-06-12,15:35:00,14,75.8,5899770,14:34:00,72.6,6927590,15:05:00,82.7,10206090,15:24:00,87.6,12120210,15:29:00,87.6,12120210,15:29:00,87.6,12120210,15:29:00
201609030412,201606120912,2016-06-12,16:10:00,01,95.2,692780,15:09:00,104.5,890010,15:40:00,172.4,2645380,15:59:00,200.0,4267790,16:04:00,200.0,4267790,16:04:00,200.0,4267790,16:04:00
201609030412,201606120912,2016-06-12,16:10:00,02,26.8,692780,15:09:00,31.5,890010,15:40:00,34.6,2645380,15:59:00,42.8,4267790,16:04:00,42.8,4267790,16:04:00,42.8,4267790,16:04:00
201609030412,201606120912,2016-06-12,16:10:00,03,6.9,692780,15:09:00,6.2,890010,15:40:00,6.4,2645380,15:59:00,6.8,4267790,16:04:00,6.8,4267790,16:04:00,6.8,4267790,16:04:00
201609030412,201606120912,2016-06-12,16:10:00,04,28.8,692780,15:09:00,24.1,890010,15:40:00,35.5,2645380,15:59:00,41.2,4267790,16:04:00,41.2,4267790,16:04:00,41.2,4267790,16:04:00
201609030412,201606120912,2016-06-12,16:10:00,05,117.4,692780,15:09:00,127.1,890010,15:40:00,192.9,2645380,15:59:00,199.4,4267790,16:04:00,199.4,4267790,16:04:00,199.4,4267790,16:04:00
201609030412,201606120912,2016-06-12,16:10:00,06,13.3,692780,15:09:00,13.5,890010,15:40:00,18.7,2645380,15:59:00,23.0,4267790,16:04:00,23.0,4267790,16:04:00,23.0,4267790,16:04:00
201609030412,201606120912,2016-06-12,16:10:00,07,26.3,692780,15:09:00,28.8,890010,15:40:00,16.8,2645380,15:59:00,19.0,4267790,16:04:00,19.0,4267790,16:04:00,19.0,4267790,16:04:00
201609030412,201606120912,2016-06-12,16:10:00,08,38.3,692780,15:09:00,44.2,890010,15:40:00,63.9,2645380,15:59:00,79.4,4267790,16:04:00,79.4,4267790,16:04:00,79.4,4267790,16:04:00
201609030412,201606120912,2016-06-12,16:10:00,09,3.1,692780,15:09:00,3.2,890010,15:40:00,3.7,2645380,15:59:00,3.6,4267790,16:04:00,3.6,4267790,16:04:00,3.6,4267790,16:04:00
201609030412,201606120912,2016-06-12,16:10:00,10,38.4,692780,15:09:00,45.5,890010,15:40:00,62.8,2645380,15:59:00,73.0,4267790,16:04:00,73.0,4267790,16:04:00,73.0,4267790,16:04:00
201609030412,201606120912,2016-06-12,16:10:00,11,37.5,692780,15:09:00,42.5,890010,15:40:00,34.2,2645380,15:59:00,37.5,4267790,16:04:00,37.5,4267790,16:04:00,37.5,4267790,16:04:00
201609030412,201606120912,2016-06-12,16:10:00,12,126.8,692780,15:09:00,143.5,890010,15:40:00,264.8,2645380,15:59:00,305.6,4267790,16:04:00,305.6,4267790,16:04:00,305.6,4267790,16:04:00
201609030412,201606120912,2016-06-12,16:10:00,13,30.7,692780,15:09:00,33.7,890010,15:40:00,50.6,2645380,15:59:00,56.3,4267790,16:04:00,56.3,4267790,16:04:00,56.3,4267790,16:04:00
201609030412,201606120912,2016-06-12,16:10:00,14,22.2,692780,15:09:00,23.3,890010,15:40:00,21.3,2645380,15:59:00,24.4,4267790,16:04:00,24.4,4267790,16:04:00,24.4,4267790,16:04:00
201609030412,201606120912,2016-06-12,16:10:00,15,2.4,692780,15:09:00,2.3,890010,15:40:00,1.9,2645380,15:59:00,1.8,4267790,16:04:00,1.8,4267790,16:04:00,1.8,4267790,16:04:00
201609030412,201606120912,2016-06-12,16:10:00,16,76.4,692780,15:09:00,90.1,890010,15:40:00,145.7,2645380,15:59:00,167.3,4267790,16:04:00,167.3,4267790,16:04:00,167.3,4267790,16:04:00
201609030501,201606180901,2016-06-18,10:01:00,01,35.7,418140,08:56:00,36.1,582250,09:29:00,36.1,1038710,09:50:00,41.7,1369770,09:55:00,41.7,1369770,09:55:00,41.7,1369770,09:55:00
201609030501,201606180901,2016-06-18,10:01:00,02,30.4,418140,08:56:00,31.2,582250,09:29:00,33.4,1038710,09:50:00,38.8,1369770,09:55:00,38.8,1369770,09:55:00,38.8,1369770,09:55:00
201609030501,201606180901,2016-06-18,10:01:00,03,2.0,418140,08:56:00,2.2,582250,09:29:00,2.1,1038710,09:50:00,2.0,1369770,09:55:00,2.0,1369770,09:55:00,2.0,1369770,09:55:00
201609030501,201606180901,2016-06-18,10:01:00,04,45.3,418140,08:56:00,46.5,582250,09:29:00,49.8,1038710,09:50:00,54.0,1369770,09:55:00,54.0,1369770,09:55:00,54.0,1369770,09:55:00
201609030501,201606180901,2016-06-18,10:01:00,05,1.8,418140,08:56:00,1.7,582250,09:29:00,1.8,1038710,09:50:00,1.8,1369770,09:55:00,1.8,1369770,09:55:00,1.8,1369770,09:55:00
201609030501,201606180901,2016-06-18,10:01:00,06,44.3,418140,08:56:00,43.1,582250,09:29:00,46.7,1038710,09:50:00,53.0,1369770,09:55:00,53.0,1369770,09:55:00,53.0,1369770,09:55:00
201609030501,201606180901,2016-06-18,10:01:00,07,15.8,418140,08:56:00,15.4,582250,09:29:00,13.8,1038710,09:50:00,14.4,1369770,09:55:00,14.4,1369770,09:55:00,14.4,1369770,09:55:00
201609030501,201606180901,2016-06-18,10:01:00,08,122.5,418140,08:56:00,119.2,582250,09:29:00,123.2,1038710,09:50:00,145.1,1369770,09:55:00,145.1,1369770,09:55:00,145.1,1369770,09:55:00
201609030502,201606180902,2016-06-18,10:30:00,01,59.1,165690,09:20:00,43.5,256240,09:51:00,47.0,505900,10:19:00,52.7,823360,10:24:00,52.7,823360,10:24:00,52.7,823360,10:24:00
201609030502,201606180902,2016-06-18,10:30:00,02,41.1,165690,09:20:00,45.2,256240,09:51:00,54.9,505900,10:19:00,63.2,823360,10:24:00,63.2,823360,10:24:00,63.2,823360,10:24:00
201609030502,201606180902,2016-06-18,10:30:00,03,19.5,165690,09:20:00,18.4,256240,09:51:00,15.1,505900,10:19:00,18.1,823360,10:24:00,18.1,823360,10:24:00,18.1,823360,10:24:00
201609030502,201606180902,2016-06-18,10:30:00,04,7.8,165690,09:20:00,7.1,256240,09:51:00,8.8,505900,10:19:00,8.5,823360,10:24:00,8.5,823360,10:24:00,8.5,823360,10:24:00
201609030502,201606180902,2016-06-18,10:30:00,05,6.9,165690,09:20:00,5.6,256240,09:51:00,5.5,505900,10:19:00,5.6,823360,10:24:00,5.6,823360,10:24:00,5.6,823360,10:24:00
201609030502,201606180902,2016-06-18,10:30:00,06,4.2,165690,09:20:00,5.1,256240,09:51:00,4.3,505900,10:19:00,3.5,823360,10:24:00,3.5,823360,10:24:00,3.5,823360,10:24:00
201609030502,201606180902,2016-06-18,10:30:00,07,110.4,165690,09:20:00,115.1,256240,09:51:00,143.0,505900,10:19:00,173.7,823360,10:24:00,173.7,823360,10:24:00,173.7,823360,10:24:00
201609030502,201606180902,2016-06-18,10:30:00,08,13.7,165690,09:20:00,15.5,256240,09:51:00,12.4,505900,10:19:00,11.8,823360,10:24:00,11.8,823360,10:24:00,11.8,823360,10:24:00
201609030502,201606180902,2016-06-18,10:30:00,09,107.7,165690,09:20:00,105.1,256240,09:51:00,105.3,505900,10:19:00,123.1,823360,10:24:00,123.1,823360,10:24:00,123.1,823360,10:24:00
201609030502,201606180902,2016-06-18,10:30:00,10,4.8,165690,09:20:00,4.5,256240,09:51:00,4.7,505900,10:19:00,5.3,823360,10:24:00,5.3,823360,10:24:00,5.3,823360,10:24:00
201609030502,201606180902,2016-06-18,10:30:00,11,20.0,165690,09:20:00,18.0,256240,09:51:00,16.8,505900,10:19:00,16.6,823360,10:24:00,16.6,823360,10:24:00,16.6,823360,10:24:00
201609030502,201606180902,2016-06-18,10:30:00,12,57.6,165690,09:20:00,66.1,256240,09:51:00,83.1,505900,10:19:00,98.0,823360,10:24:00,98.0,823360,10:24:00,98.0,823360,10:24:00
201609030502,201606180902,2016-06-18,10:30:00,13,106.8,165690,09:20:00,94.9,256240,09:51:00,105.3,505900,10:19:00,112.7,823360,10:24:00,112.7,823360,10:24:00,112.7,823360,10:24:00
201609030502,201606180902,2016-06-18,10:30:00,14,28.8,165690,09:20:00,25.7,256240,09:51:00,29.0,505900,10:19:00,36.6,823360,10:24:00,36.6,823360,10:24:00,36.6,823360,10:24:00
201609030502,201606180902,2016-06-18,10:30:00,15,21.8,165690,09:20:00,21.0,256240,09:51:00,18.3,505900,10:19:00,20.4,823360,10:24:00,20.4,823360,10:24:00,20.4,823360,10:24:00
201609030502,201606180902,2016-06-18,10:30:00,16,5.0,165690,09:20:00,5.9,256240,09:51:00,6.8,505900,10:19:00,7.0,823360,10:24:00,7.0,823360,10:24:00,7.0,823360,10:24:00
201609030503,201606180903,2016-06-18,11:00:00,01,2.4,171270,09:52:00,1.8,270730,10:28:00,1.9,622910,10:49:00,1.8,933600,10:54:00,1.8,933600,10:54:00,1.8,933600,10:54:00
201609030503,201606180903,2016-06-18,11:00:00,02,15.3,171270,09:52:00,19.8,270730,10:28:00,12.9,622910,10:49:00,14.5,933600,10:54:00,14.5,933600,10:54:00,14.5,933600,10:54:00
201609030503,201606180903,2016-06-18,11:00:00,03,36.5,171270,09:52:00,47.8,270730,10:28:00,42.5,622910,10:49:00,52.8,933600,10:54:00,52.8,933600,10:54:00,52.8,933600,10:54:00
201609030503,201606180903,2016-06-18,11:00:00,04,88.9,171270,09:52:00,106.6,270730,10:28:00,151.9,622910,10:49:00,170.1,933600,10:54:00,170.1,933600,10:54:00,170.1,933600,10:54:00
201609030503,201606180903,2016-06-18,11:00:00,05,2.5,171270,09:52:00,3.1,270730,10:28:00,2.7,622910,10:49:00,2.7,933600,10:54:00,2.7,933600,10:54:00,2.7,933600,10:54:00
201609030503,201606180903,2016-06-18,11:00:00,06,106.2,171270,09:52:00,111.0,270730,10:28:00,154.7,622910,10:49:00,158.5,933600,10:54:00,158.5,933600,10:54:00,158.5,933600,10:54:00
201609030503,201606180903,2016-06-18,11:00:00,07,47.2,171270,09:52:00,55.3,270730,10:28:00,58.1,622910,10:49:00,67.7,933600,10:54:00,67.7,933600,10:54:00,67.7,933600,10:54:00
201609030503,201606180903,2016-06-18,11:00:00,08,10.2,171270,09:52:00,13.1,270730,10:28:00,14.6,622910,10:49:00,14.0,933600,10:54:00,14.0,933600,10:54:00,14.0,933600,10:54:00
201609030503,201606180903,2016-06-18,11:00:00,09,147.3,171270,09:52:00,183.5,270730,10:28:00,244.2,622910,10:49:00,212.7,933600,10:54:00,212.7,933600,10:54:00,212.7,933600,10:54:00
201609030503,201606180903,2016-06-18,11:00:00,10,22.4,171270,09:52:00,28.3,270730,10:28:00,33.3,622910,10:49:00,40.0,933600,10:54:00,40.0,933600,10:54:00,40.0,933600,10:54:00
201609030503,201606180903,2016-06-18,11:00:00,11,113.2,171270,09:52:00,147.3,270730,10:28:00,205.9,622910,10:49:00,240.1,933600,10:54:00,240.1,933600,10:54:00,240.1,933600,10:54:00
201609030503,201606180903,2016-06-18,11:00:00,12,72.1,171270,09:52:00,78.4,270730,10:28:00,105.8,622910,10:49:00,136.2,933600,10:54:00,136.2,933600,10:54:00,136.2,933600,10:54:00
201609030503,201606180903,2016-06-18,11:00:00,13,84.0,171270,09:52:00,108.8,270730,10:28:00,130.1,622910,10:49:00,155.6,933600,10:54:00,155.6,933600,10:54:00,155.6,933600,10:54:00
201609030503,201606180903,2016-06-18,11:00:00,14,9.9,171270,09:52:00,7.7,270730,10:28:00,10.8,622910,10:49:00,12.7,933600,10:54:00,12.7,933600,10:54:00,12.7,933600,10:54:00
201609030503,201606180903,2016-06-18,11:00:00,15,47.9,171270,09:52:00,59.0,270730,10:28:00,54.6,622910,10:49:00,43.8,933600,10:54:00,43.8,933600,10:54:00,43.8,933600,10:54:00
201609030504,201606180904,2016-06-18,11:30:00,01,50.4,212390,10:30:00,53.5,270410,10:59:00,55.3,615610,11:19:00,64.4,1109350,11:25:00,64.4,1109350,11:25:00,64.4,1109350,11:25:00
201609030504,201606180904,2016-06-18,11:30:00,02,32.8,212390,10:30:00,31.7,270410,10:59:00,27.1,615610,11:19:00,30.0,1109350,11:25:00,30.0,1109350,11:25:00,30.0,1109350,11:25:00
201609030504,201606180904,2016-06-18,11:30:00,03,17.7,212390,10:30:00,17.1,270410,10:59:00,22.3,615610,11:19:00,31.9,1109350,11:25:00,31.9,1109350,11:25:00,31.9,1109350,11:25:00
201609030504,201606180904,2016-06-18,11:30:00,04,120.5,212390,10:30:00,105.5,270410,10:59:00,166.3,615610,11:19:00,216.4,1109350,11:25:00,216.4,1109350,11:25:00,216.4,1109350,11:25:00
201609030504,201606180904,2016-06-18,11:30:00,05,24.0,212390,10:30:00,25.0,270410,10:59:00,29.5,615610,11:19:00,34.1,1109350,11:25:00,34.1,1109350,11:25:00,34.1,1109350,11:25:00
201609030504,201606180904,2016-06-18,11:30:00,06,7.0,212390,10:30:00,7.0,270410,10:59:00,7.4,615610,11:19:00,9.0,1109350,11:25:00,9.0,1109350,11:25:00,9.0,1109350,11:25:00
201609030504,201606180904,2016-06-18,11:30:00,07,80.9,212390,10:30:00,89.7,270410,10:59:00,116.7,615610,11:19:00,138.8,1109350,11:25:00,138.8,1109350,11:25:00,138.8,1109350,11:25:00
201609030504,201606180904,2016-06-18,11:30:00,08,59.4,212390,10:30:00,63.8,270410,10:59:00,78.6,615610,11:19:00,111.3,1109350,11:25:00,111.3,1109350,11:25:00,111.3,1109350,11:25:00
201609030504,201606180904,2016-06-18,11:30:00,09,21.4,212390,10:30:00,14.3,270410,10:59:00,22.5,615610,11:19:00,25.0,1109350,11:25:00,25.0,1109350,11:25:00,25.0,1109350,11:25:00
201609030504,201606180904,2016-06-18,11:30:00,10,23.9,212390,10:30:00,21.8,270410,10:59:00,30.8,615610,11:19:00,40.6,1109350,11:25:00,40.6,1109350,11:25:00,40.6,1109350,11:25:00
201609030504,201606180904,2016-06-18,11:30:00,11,56.0,212390,10:30:00,59.7,270410,10:59:00,81.4,615610,11:19:00,106.2,1109350,11:25:00,106.2,1109350,11:25:00,106.2,1109350,11:25:00
201609030504,201606180904,2016-06-18,11:30:00,12,35.8,212390,10:30:00,41.2,270410,10:59:00,28.4,615610,11:19:00,32.9,1109350,11:25:00,32.9,1109350,11:25:00,32.9,1109350,11:25:00
201609030504,201606180904,2016-06-18,11:30:00,13,8.5,212390,10:30:00,8.6,270410,10:59:00,7.7,615610,11:19:00,6.2,1109350,11:25:00,6.2,1109350,11:25:00,6.2,1109350,11:25:00
201609030504,201606180904,2016-06-18,11:30:00,14,164.9,212390,10:30:00,180.2,270410,10:59:00,298.4,615610,11:19:00,326.2,1109350,11:25:00,326.2,1109350,11:25:00,326.2,1109350,11:25:00
201609030504,201606180904,2016-06-18,11:30:00,15,7.1,212390,10:30:00,6.8,270410,10:59:00,6.2,615610,11:19:00,5.1,1109350,11:25:00,5.1,1109350,11:25:00,5.1,1109350,11:25:00
201609030504,201606180904,2016-06-18,11:30:00,16,1.9,212390,10:30:00,1.9,270410,10:59:00,1.8,615610,11:19:00,1.8,1109350,11:25:00,1.8,1109350,11:25:00,1.8,1109350,11:25:00
201609030505,201606180905,2016-06-18,12:20:00,01,35.8,401560,11:18:00,37.1,590010,11:47:00,37.6,1101090,12:09:00,40.0,1535170,12:15:00,40.0,1535170,12:15:00,40.0,1535170,12:15:00
201609030505,201606180905,2016-06-18,12:20:00,02,15.1,401560,11:18:00,17.7,590010,11:47:00,21.1,1101090,12:09:00,23.5,1535170,12:15:00,23.5,1535170,12:15:00,23.5,1535170,12:15:00
201609030505,201606180905,2016-06-18,12:20:00,03,6.6,401560,11:18:00,7.1,590010,11:47:00,6.4,1101090,12:09:00,6.8,1535170,12:15:00,6.8,1535170,12:15:00,6.8,1535170,12:15:00
201609030505,201606180905,2016-06-18,12:20:00,04,72.1,401560,11:18:00,75.3,590010,11:47:00,52.7,1101090,12:09:00,53.2,1535170,12:15:00,53.2,1535170,12:15:00,53.2,1535170,12:15:00
201609030505,201606180905,2016-06-18,12:20:00,05,5.2,401560,11:18:00,5.2,590010,11:47:00,5.3,1101090,12:09:00,4.9,1535170,12:15:00,4.9,1535170,12:15:00,4.9,1535170,12:15:00
201609030505,201606180905,2016-06-18,12:20:00,06,14.6,401560,11:18:00,14.8,590010,11:47:00,13.1,1101090,12:09:00,13.0,1535170,12:15:00,13.0,1535170,12:15:00,13.0,1535170,12:15:00
201609030505,201606180905,2016-06-18,12:20:00,07,66.7,401560,11:18:00,70.1,590010,11:47:00,61.7,1101090,12:09:00,64.9,1535170,12:15:00,64.9,1535170,12:15:00,64.9,1535170,12:15:00
201609030505,201606180905,2016-06-18,12:20:00,08,106.2,401560,11:18:00,125.0,590010,11:47:00,128.3,1101090,12:09:00,148.5,1535170,12:15:00,148.5,1535170,12:15:00,148.5,1535170,12:15:00
201609030505,201606180905,2016-06-18,12:20:00,09,220.1,401560,11:18:00,195.0,590010,11:47:00,218.1,1101090,12:09:00,251.8,1535170,12:15:00,251.8,1535170,12:15:00,251.8,1535170,12:15:00
201609030505,201606180905,2016-06-18,12:20:00,10,75.3,401560,11:18:00,82.4,590010,11:47:00,77.9,1101090,12:09:00,81.3,1535170,12:15:00,81.3,1535170,12:15:00,81.3,1535170,12:15:00
201609030505,201606180905,2016-06-18,12:20:00,11,26.2,401560,11:18:00,28.4,590010,11:47:00,26.8,1101090,12:09:00,31.6,1535170,12:15:00,31.6,1535170,12:15:00,31.6,1535170,12:15:00
201609030505,201606180905,2016-06-18,12:20:00,12,11.5,401560,11:18:00,13.6,590010,11:47:00,16.8,1101090,12:09:00,17.8,1535170,12:15:00,17.8,1535170,12:15:00,17.8,1535170,12:15:00
201609030505,201606180905,2016-06-18,12:20:00,13,5.9,401560,11:18:00,4.6,590010,11:47:00,3.8,1101090,12:09:00,3.7,1535170,12:15:00,3.7,1535170,12:15:00,3.7,1535170,12:15:00
201609030505,201606180905,2016-06-18,12:20:00,14,4.7,401560,11:18:00,5.1,590010,11:47:00,6.0,1101090,12:09:00,6.3,1535170,12:15:00,6.3,1535170,12:15:00,6.3,1535170,12:15:00
201609030505,201606180905,2016-06-18,12:20:00,15,7.9,401560,11:18:00,7.6,590010,11:47:00,8.5,1101090,12:09:00,8.2,1535170,12:15:00,8.2,1535170,12:15:00,8.2,1535170,12:15:00
201609030506,201606180906,2016-06-18,12:50:00,01,35.1,378750,11:45:00,43.2,549860,12:17:00,41.7,913040,12:39:00,47.0,1309210,12:44:00,47.0,1309210,12:44:00,47.0,1309210,12:44:00
201609030506,201606180906,2016-06-18,12:50:00,02,25.5,378750,11:45:00,26.0,549860,12:17:00,22.2,913040,12:39:00,19.3,1309210,12:44:00,19.3,1309210,12:44:00,19.3,1309210,12:44:00
201609030506,201606180906,2016-06-18,12:50:00,03,348.2,378750,11:45:00,363.5,549860,12:17:00,412.6,913040,12:39:00,422.3,1309210,12:44:00,422.3,1309210,12:44:00,422.3,1309210,12:44:00
201609030506,201606180906,2016-06-18,12:50:00,04,22.6,378750,11:45:00,24.7,549860,12:17:00,21.7,913040,12:39:00,19.1,1309210,12:44:00,19.1,1309210,12:44:00,19.1,1309210,12:44:00
201609030506,201606180906,2016-06-18,12:50:00,05,172.1,378750,11:45:00,215.6,549860,12:17:00,237.9,913040,12:39:00,283.8,1309210,12:44:00,283.8,1309210,12:44:00,283.8,1309210,12:44:00
201609030506,201606180906,2016-06-18,12:50:00,06,92.6,378750,11:45:00,125.3,549860,12:17:00,131.8,913040,12:39:00,147.9,1309210,12:44:00,147.9,1309210,12:44:00,147.9,1309210,12:44:00
201609030506,201606180906,2016-06-18,12:50:00,07,42.0,378750,11:45:00,51.5,549860,12:17:00,38.3,913040,12:39:00,48.9,1309210,12:44:00,48.9,1309210,12:44:00,48.9,1309210,12:44:00
201609030506,201606180906,2016-06-18,12:50:00,08,5.7,378750,11:45:00,5.7,549860,12:17:00,3.9,913040,12:39:00,3.5,1309210,12:44:00,3.5,1309210,12:44:00,3.5,1309210,12:44:00
201609030506,201606180906,2016-06-18,12:50:00,09,211.8,378750,11:45:00,233.9,549860,12:17:00,203.4,913040,12:39:00,241.3,1309210,12:44:00,241.3,1309210,12:44:00,241.3,1309210,12:44:00
201609030506,201606180906,2016-06-18,12:50:00,10,16.6,378750,11:45:00,15.7,549860,12:17:00,11.8,913040,12:39:00,10.7,1309210,12:44:00,10.7,1309210,12:44:00,10.7,1309210,12:44:00
201609030506,201606180906,2016-06-18,12:50:00,11,57.2,378750,11:45:00,70.2,549860,12:17:00,75.9,913040,12:39:00,91.3,1309210,12:44:00,91.3,1309210,12:44:00,91.3,1309210,12:44:00
201609030506,201606180906,2016-06-18,12:50:00,12,84.4,378750,11:45:00,108.0,549860,12:17:00,118.0,913040,12:39:00,132.5,1309210,12:44:00,132.5,1309210,12:44:00,132.5,1309210,12:44:00
201609030506,201606180906,2016-06-18,12:50:00,13,261.2,378750,11:45:00,280.1,549860,12:17:00,234.8,913040,12:39:00,267.8,1309210,12:44:00,267.8,1309210,12:44:00,267.8,1309210,12:44:00
201609030506,201606180906,2016-06-18,12:50:00,14,1.4,378750,11:45:00,1.3,549860,12:17:00,1.6,913040,12:39:00,1.8,1309210,12:44:00,1.8,1309210,12:44:00,1.8,1309210,12:44:00
201609030506,201606180906,2016-06-18,12:50:00,15,13.5,378750,11:45:00,16.9,549860,12:17:00,19.9,913040,12:39:00,22.2,1309210,12:44:00,22.2,1309210,12:44:00,22.2,1309210,12:44:00
201609030506,201606180906,2016-06-18,12:50:00,16,277.9,378750,11:45:00,346.3,549860,12:17:00,288.7,913040,12:39:00,376.7,1309210,12:44:00,376.7,1309210,12:44:00,376.7,1309210,12:44:00
201609030506,201606180906,2016-06-18,12:50:00,17,181.4,378750,11:45:00,230.3,549860,12:17:00,238.7,913040,12:39:00,280.7,1309210,12:44:00,280.7,1309210,12:44:00,280.7,1309210,12:44:00
201609030506,201606180906,2016-06-18,12:50:00,18,16.1,378750,11:45:00,18.4,549860,12:17:00,15.0,913040,12:39:00,11.9,1309210,12:44:00,11.9,1309210,12:44:00,11.9,1309210,12:44:00
201609030507,201606180907,2016-06-18,13:20:00,01,148.1,409220,12:18:00,138.0,474630,12:46:00,129.4,943100,13:09:00,190.2,1776040,13:15:00,190.2,1776040,13:15:00,190.2,1776040,13:15:00
201609030507,201606180907,2016-06-18,13:20:00,02,37.9,409220,12:18:00,39.4,474630,12:46:00,42.8,943100,13:09:00,57.3,1776040,13:15:00,57.3,1776040,13:15:00,57.3,1776040,13:15:00
201609030507,201606180907,2016-06-18,13:20:00,03,43.3,409220,12:18:00,40.9,474630,12:46:00,41.6,943100,13:09:00,42.7,1776040,13:15:00,42.7,1776040,13:15:00,42.7,1776040,13:15:00
201609030507,201606180907,2016-06-18,13:20:00,04,144.2,409220,12:18:00,148.3,474630,12:46:00,235.0,943100,13:09:00,355.2,1776040,13:15:00,355.2,1776040,13:15:00,355.2,1776040,13:15:00
201609030507,201606180907,2016-06-18,13:20:00,05,6.3,409220,12:18:00,6.0,474630,12:46:00,5.7,943100,13:09:00,4.7,1776040,13:15:00,4.7,1776040,13:15:00,4.7,1776040,13:15:00
201609030507,201606180907,2016-06-18,13:20:00,06,15.2,409220,12:18:00,14.8,474630,12:46:00,12.4,943100,13:09:00,11.7,1776040,13:15:00,11.7,1776040,13:15:00,11.7,1776040,13:15:00
201609030507,201606180907,2016-06-18,13:20:00,07,27.7,409220,12:18:00,28.8,474630,12:46:00,31.7,943100,13:09:00,26.6,1776040,13:15:00,26.6,1776040,13:15:00,26.6,1776040,13:15:00
201609030507,201606180907,2016-06-18,13:20:00,08,28.6,409220,12:18:00,30.0,474630,12:46:00,27.8,943100,13:09:00,32.5,1776040,13:15:00,32.5,1776040,13:15:00,32.5,1776040,13:15:00
201609030507,201606180907,2016-06-18,13:20:00,09,3.5,409220,12:18:00,3.5,474630,12:46:00,2.9,943100,13:09:00,2.9,1776040,13:15:00,2.9,1776040,13:15:00,2.9,1776040,13:15:00
201609030507,201606180907,2016-06-18,13:20:00,10,28.6,409220,12:18:00,29.5,474630,12:46:00,34.9,943100,13:09:00,34.4,1776040,13:15:00,34.4,1776040,13:15:00,34.4,1776040,13:15:00
201609030507,201606180907,2016-06-18,13:20:00,11,21.5,409220,12:18:00,23.5,474630,12:46:00,32.1,943100,13:09:00,42.9,1776040,13:15:00,42.9,1776040,13:15:00,42.9,1776040,13:15:00
201609030507,201606180907,2016-06-18,13:20:00,12,29.7,409220,12:18:00,30.5,474630,12:46:00,38.6,943100,13:09:00,52.9,1776040,13:15:00,52.9,1776040,13:15:00,52.9,1776040,13:15:00
201609030507,201606180907,2016-06-18,13:20:00,13,138.1,409220,12:18:00,156.9,474630,12:46:00,225.8,943100,13:09:00,371.9,1776040,13:15:00,371.9,1776040,13:15:00,371.9,1776040,13:15:00
201609030507,201606180907,2016-06-18,13:20:00,14,7.3,409220,12:18:00,8.0,474630,12:46:00,9.6,943100,13:09:00,9.8,1776040,13:15:00,9.8,1776040,13:15:00,9.8,1776040,13:15:00
201609030507,201606180907,2016-06-18,13:20:00,15,27.1,409220,12:18:00,28.0,474630,12:46:00,30.8,943100,13:09:00,38.8,1776040,13:15:00,38.8,1776040,13:15:00,38.8,1776040,13:15:00
201609030507,201606180907,2016-06-18,13:20:00,16,3.1,409220,12:18:00,3.0,474630,12:46:00,3.2,943100,13:09:00,3.3,1776040,13:15:00,3.3,1776040,13:15:00,3.3,1776040,13:15:00
201609030508,201606180908,2016-06-18,13:50:00,01,12.1,373670,12:46:00,11.3,443300,13:19:00,13.3,895530,13:39:00,14.6,1447480,13:44:00,14.6,1447480,13:44:00,14.6,1447480,13:44:00
201609030508,201606180908,2016-06-18,13:50:00,02,19.7,373670,12:46:00,20.3,443300,13:19:00,22.2,895530,13:39:00,23.7,1447480,13:44:00,23.7,1447480,13:44:00,23.7,1447480,13:44:00
201609030508,201606180908,2016-06-18,13:50:00,03,21.2,373670,12:46:00,22.2,443300,13:19:00,28.8,895530,13:39:00,29.6,1447480,13:44:00,29.6,1447480,13:44:00,29.6,1447480,13:44:00
201609030508,201606180908,2016-06-18,13:50:00,04,12.0,373670,12:46:00,12.0,443300,13:19:00,12.7,895530,13:39:00,15.1,1447480,13:44:00,15.1,1447480,13:44:00,15.1,1447480,13:44:00
201609030508,201606180908,2016-06-18,13:50:00,05,126.6,373670,12:46:00,136.9,443300,13:19:00,183.6,895530,13:39:00,248.4,1447480,13:44:00,248.4,1447480,13:44:00,248.4,1447480,13:44:00
201609030508,201606180908,2016-06-18,13:50:00,06,190.4,373670,12:46:00,190.6,443300,13:19:00,226.7,895530,13:39:00,303.1,1447480,13:44:00,303.1,1447480,13:44:00,303.1,1447480,13:44:00
201609030508,201606180908,2016-06-18,13:50:00,07,17.2,373670,12:46:00,16.9,443300,13:19:00,19.8,895530,13:39:00,20.3,1447480,13:44:00,20.3,1447480,13:44:00,20.3,1447480,13:44:00
201609030508,201606180908,2016-06-18,13:50:00,08,3.4,373670,12:46:00,3.4,443300,13:19:00,3.2,895530,13:39:00,3.2,1447480,13:44:00,3.2,1447480,13:44:00,3.2,1447480,13:44:00
201609030508,201606180908,2016-06-18,13:50:00,09,5.0,373670,12:46:00,5.1,443300,13:19:00,4.4,895530,13:39:00,4.0,1447480,13:44:00,4.0,1447480,13:44:00,4.0,1447480,13:44:00
201609030508,201606180908,2016-06-18,13:50:00,10,9.3,373670,12:46:00,9.5,443300,13:19:00,8.1,895530,13:39:00,9.0,1447480,13:44:00,9.0,1447480,13:44:00,9.0,1447480,13:44:00
201609030508,201606180908,2016-06-18,13:50:00,11,25.5,373670,12:46:00,27.2,443300,13:19:00,26.7,895530,13:39:00,24.4,1447480,13:44:00,24.4,1447480,13:44:00,24.4,1447480,13:44:00
201609030508,201606180908,2016-06-18,13:50:00,12,7.4,373670,12:46:00,7.2,443300,13:19:00,7.3,895530,13:39:00,6.6,1447480,13:44:00,6.6,1447480,13:44:00,6.6,1447480,13:44:00
201609030508,201606180908,2016-06-18,13:50:00,13,90.5,373670,12:46:00,88.6,443300,13:19:00,105.0,895530,13:39:00,131.5,1447480,13:44:00,131.5,1447480,13:44:00,131.5,1447480,13:44:00
201609030508,201606180908,2016-06-18,13:50:00,14,7.1,373670,12:46:00,7.2,443300,13:19:00,8.4,895530,13:39:00,8.4,1447480,13:44:00,8.4,1447480,13:44:00,8.4,1447480,13:44:00
201609030509,201606180909,2016-06-18,14:25:00,01,18.9,479640,13:23:00,20.1,625440,13:55:00,19.9,1398830,14:14:00,21.0,1948600,14:19:00,21.0,1948600,14:19:00,21.0,1948600,14:19:00
201609030509,201606180909,2016-06-18,14:25:00,02,35.9,479640,13:23:00,39.5,625440,13:55:00,53.5,1398830,14:14:00,59.6,1948600,14:19:00,59.6,1948600,14:19:00,59.6,1948600,14:19:00
201609030509,201606180909,2016-06-18,14:25:00,03,10.4,479640,13:23:00,11.3,625440,13:55:00,9.0,1398830,14:14:00,9.6,1948600,14:19:00,9.6,1948600,14:19:00,9.6,1948600,14:19:00
201609030509,201606180909,2016-06-18,14:25:00,04,8.7,479640,13:23:00,8.8,625440,13:55:00,7.3,1398830,14:14:00,7.8,1948600,14:19:00,7.8,1948600,14:19:00,7.8,1948600,14:19:00
201609030509,201606180909,2016-06-18,14:25:00,05,241.3,479640,13:23:00,256.5,625440,13:55:00,334.0,1398830,14:14:00,413.4,1948600,14:19:00,413.4,1948600,14:19:00,413.4,1948600,14:19:00
201609030509,201606180909,2016-06-18,14:25:00,06,21.8,479640,13:23:00,23.6,625440,13:55:00,33.7,1398830,14:14:00,38.6,1948600,14:19:00,38.6,1948600,14:19:00,38.6,1948600,14:19:00
201609030509,201606180909,2016-06-18,14:25:00,07,84.7,479640,13:23:00,92.8,625440,13:55:00,123.3,1398830,14:14:00,133.1,1948600,14:19:00,133.1,1948600,14:19:00,133.1,1948600,14:19:00
201609030509,201606180909,2016-06-18,14:25:00,08,14.1,479640,13:23:00,11.5,625440,13:55:00,16.1,1398830,14:14:00,19.0,1948600,14:19:00,19.0,1948600,14:19:00,19.0,1948600,14:19:00
201609030509,201606180909,2016-06-18,14:25:00,09,61.1,479640,13:23:00,64.0,625440,13:55:00,87.9,1398830,14:14:00,99.2,1948600,14:19:00,99.2,1948600,14:19:00,99.2,1948600,14:19:00
201609030509,201606180909,2016-06-18,14:25:00,10,10.8,479640,13:23:00,12.4,625440,13:55:00,16.5,1398830,14:14:00,18.2,1948600,14:19:00,18.2,1948600,14:19:00,18.2,1948600,14:19:00
201609030509,201606180909,2016-06-18,14:25:00,11,159.8,479640,13:23:00,175.5,625440,13:55:00,196.6,1398830,14:14:00,223.6,1948600,14:19:00,223.6,1948600,14:19:00,223.6,1948600,14:19:00
201609030509,201606180909,2016-06-18,14:25:00,12,148.7,479640,13:23:00,120.2,625440,13:55:00,183.7,1398830,14:14:00,187.5,1948600,14:19:00,187.5,1948600,14:19:00,187.5,1948600,14:19:00
201609030509,201606180909,2016-06-18,14:25:00,13,2.5,479640,13:23:00,2.4,625440,13:55:00,2.5,1398830,14:14:00,2.2,1948600,14:19:00,2.2,1948600,14:19:00,2.2,1948600,14:19:00
201609030509,201606180909,2016-06-18,14:25:00,14,11.9,479640,13:23:00,12.8,625440,13:55:00,13.4,1398830,14:14:00,13.7,1948600,14:19:00,13.7,1948600,14:19:00,13.7,1948600,14:19:00
201609030509,201606180909,2016-06-18,14:25:00,15,4.4,479640,13:23:00,4.3,625440,13:55:00,3.6,1398830,14:14:00,3.6,1948600,14:19:00,3.6,1948600,14:19:00,3.6,1948600,14:19:00
201609030509,201606180909,2016-06-18,14:25:00,16,196.7,479640,13:23:00,209.3,625440,13:55:00,226.5,1398830,14:14:00,254.7,1948600,14:19:00,254.7,1948600,14:19:00,254.7,1948600,14:19:00
201609030510,201606180910,2016-06-18,15:01:00,01,12.6,597340,13:59:00,12.3,728390,14:27:00,11.3,1552720,14:50:00,11.0,2083190,14:56:00,11.0,2083190,14:56:00,11.0,2083190,14:56:00
201609030510,201606180910,2016-06-18,15:01:00,02,1.7,597340,13:59:00,1.6,728390,14:27:00,1.5,1552720,14:50:00,1.6,2083190,14:56:00,1.6,2083190,14:56:00,1.6,2083190,14:56:00
201609030510,201606180910,2016-06-18,15:01:00,03,12.6,597340,13:59:00,12.9,728390,14:27:00,13.8,1552720,14:50:00,13.7,2083190,14:56:00,13.7,2083190,14:56:00,13.7,2083190,14:56:00
201609030510,201606180910,2016-06-18,15:01:00,04,8.9,597340,13:59:00,9.3,728390,14:27:00,11.7,1552720,14:50:00,12.4,2083190,14:56:00,12.4,2083190,14:56:00,12.4,2083190,14:56:00
201609030510,201606180910,2016-06-18,15:01:00,05,45.8,597340,13:59:00,49.0,728390,14:27:00,61.5,1552720,14:50:00,70.7,2083190,14:56:00,70.7,2083190,14:56:00,70.7,2083190,14:56:00
201609030510,201606180910,2016-06-18,15:01:00,06,5.7,597340,13:59:00,5.9,728390,14:27:00,5.7,1552720,14:50:00,4.5,2083190,14:56:00,4.5,2083190,14:56:00,4.5,2083190,14:56:00
201609030510,201606180910,2016-06-18,15:01:00,07,4.4,597340,13:59:00,4.9,728390,14:27:00,5.4,1552720,14:50:00,5.9,2083190,14:56:00,5.9,2083190,14:56:00,5.9,2083190,14:56:00
201609030511,201606180911,2016-06-18,15:35:00,01,4.2,1275420,14:31:00,3.7,1609630,15:04:00,3.5,2629170,15:24:00,3.4,3237160,15:29:00,3.4,3237160,15:29:00,3.4,3237160,15:29:00
201609030511,201606180911,2016-06-18,15:35:00,02,45.6,1275420,14:31:00,52.0,1609630,15:04:00,63.5,2629170,15:24:00,71.8,3237160,15:29:00,71.8,3237160,15:29:00,71.8,3237160,15:29:00
201609030511,201606180911,2016-06-18,15:35:00,03,15.2,1275420,14:31:00,16.9,1609630,15:04:00,19.1,2629170,15:24:00,20.0,3237160,15:29:00,20.0,3237160,15:29:00,20.0,3237160,15:29:00
201609030511,201606180911,2016-06-18,15:35:00,04,46.3,1275420,14:31:00,50.4,1609630,15:04:00,46.2,2629170,15:24:00,52.3,3237160,15:29:00,52.3,3237160,15:29:00,52.3,3237160,15:29:00
201609030511,201606180911,2016-06-18,15:35:00,05,3.4,1275420,14:31:00,3.4,1609630,15:04:00,3.4,2629170,15:24:00,3.4,3237160,15:29:00,3.4,3237160,15:29:00,3.4,3237160,15:29:00
201609030511,201606180911,2016-06-18,15:35:00,06,17.5,1275420,14:31:00,19.9,1609630,15:04:00,23.2,2629170,15:24:00,25.9,3237160,15:29:00,25.9,3237160,15:29:00,25.9,3237160,15:29:00
201609030511,201606180911,2016-06-18,15:35:00,07,6.8,1275420,14:31:00,7.2,1609630,15:04:00,6.6,2629170,15:24:00,6.6,3237160,15:29:00,6.6,3237160,15:29:00,6.6,3237160,15:29:00
201609030511,201606180911,2016-06-18,15:35:00,08,5.0,1275420,14:31:00,4.8,1609630,15:04:00,4.7,2629170,15:24:00,4.6,3237160,15:29:00,4.6,3237160,15:29:00,4.6,3237160,15:29:00
201609030511,201606180911,2016-06-18,15:35:00,09,12.3,1275420,14:31:00,13.8,1609630,15:04:00,14.9,2629170,15:24:00,15.6,3237160,15:29:00,15.6,3237160,15:29:00,15.6,3237160,15:29:00
201609030511,201606180911,2016-06-18,15:35:00,10,7.4,1275420,14:31:00,7.7,1609630,15:04:00,8.5,2629170,15:24:00,8.2,3237160,15:29:00,8.2,3237160,15:29:00,8.2,3237160,15:29:00
201609030512,201606180912,2016-06-18,16:15:00,01,16.7,770030,15:14:00,17.4,968970,15:41:00,18.5,2055330,16:04:00,18.3,2655100,16:09:00,18.3,2655100,16:09:00,18.3,2655100,16:09:00
201609030512,201606180912,2016-06-18,16:15:00,02,102.4,770030,15:14:00,120.5,968970,15:41:00,175.4,2055330,16:04:00,205.2,2655100,16:09:00,205.2,2655100,16:09:00,205.2,2655100,16:09:00
201609030512,201606180912,2016-06-18,16:15:00,03,5.3,770030,15:14:00,5.5,968970,15:41:00,6.1,2055330,16:04:00,6.3,2655100,16:09:00,6.3,2655100,16:09:00,6.3,2655100,16:09:00
201609030512,201606180912,2016-06-18,16:15:00,04,8.4,770030,15:14:00,9.0,968970,15:41:00,10.0,2055330,16:04:00,10.8,2655100,16:09:00,10.8,2655100,16:09:00,10.8,2655100,16:09:00
201609030512,201606180912,2016-06-18,16:15:00,05,4.8,770030,15:14:00,5.3,968970,15:41:00,4.6,2055330,16:04:00,4.4,2655100,16:09:00,4.4,2655100,16:09:00,4.4,2655100,16:09:00
201609030512,201606180912,2016-06-18,16:15:00,06,34.5,770030,15:14:00,39.4,968970,15:41:00,34.7,2055330,16:04:00,38.0,2655100,16:09:00,38.0,2655100,16:09:00,38.0,2655100,16:09:00
201609030512,201606180912,2016-06-18,16:15:00,07,102.6,770030,15:14:00,106.9,968970,15:41:00,121.5,2055330,16:04:00,135.6,2655100,16:09:00,135.6,2655100,16:09:00,135.6,2655100,16:09:00
201609030512,201606180912,2016-06-18,16:15:00,08,13.7,770030,15:14:00,14.1,968970,15:41:00,15.4,2055330,16:04:00,16.5,2655100,16:09:00,16.5,2655100,16:09:00,16.5,2655100,16:09:00
201609030512,201606180912,2016-06-18,16:15:00,09,14.1,770030,15:14:00,15.2,968970,15:41:00,17.5,2055330,16:04:00,17.9,2655100,16:09:00,17.9,2655100,16:09:00,17.9,2655100,16:09:00
201609030512,201606180912,2016-06-18,16:15:00,10,78.4,770030,15:14:00,91.6,968970,15:41:00,129.2,2055330,16:04:00,140.2,2655100,16:09:00,140.2,2655100,16:09:00,140.2,2655100,16:09:00
201609030512,201606180912,2016-06-18,16:15:00,11,18.6,770030,15:14:00,19.8,968970,15:41:00,20.2,2055330,16:04:00,17.7,2655100,16:09:00,17.7,2655100,16:09:00,17.7,2655100,16:09:00
201609030512,201606180912,2016-06-18,16:15:00,12,20.7,770030,15:14:00,23.0,968970,15:41:00,27.4,2055330,16:04:00,31.8,2655100,16:09:00,31.8,2655100,16:09:00,31.8,2655100,16:09:00
201609030512,201606180912,2016-06-18,16:15:00,13,4.3,770030,15:14:00,3.3,968970,15:41:00,2.9,2055330,16:04:00,2.9,2655100,16:09:00,2.9,2655100,16:09:00,2.9,2655100,16:09:00
201609030512,201606180912,2016-06-18,16:15:00,14,23.1,770030,15:14:00,25.0,968970,15:41:00,23.6,2055330,16:04:00,21.3,2655100,16:09:00,21.3,2655100,16:09:00,21.3,2655100,16:09:00
201609030512,201606180912,2016-06-18,16:15:00,15,40.9,770030,15:14:00,45.2,968970,15:41:00,62.6,2055330,16:04:00,67.1,2655100,16:09:00,67.1,2655100,16:09:00,67.1,2655100,16:09:00
201609030512,201606180912,2016-06-18,16:15:00,16,21.1,770030,15:14:00,20.7,968970,15:41:00,18.9,2055330,16:04:00,19.0,2655100,16:09:00,19.0,2655100,16:09:00,19.0,2655100,16:09:00
201609030512,201606180912,2016-06-18,16:15:00,17,40.2,770030,15:14:00,46.4,968970,15:41:00,73.6,2055330,16:04:00,84.7,2655100,16:09:00,84.7,2655100,16:09:00,84.7,2655100,16:09:00
201609030601,201606190901,2016-06-19,10:01:00,01,6.2,212950,08:59:00,7.6,346730,09:29:00,6.7,746760,09:50:00,6.4,1006060,09:55:00,6.4,1006060,09:55:00,6.4,1006060,09:55:00
201609030601,201606190901,2016-06-19,10:01:00,02,12.5,212950,08:59:00,14.4,346730,09:29:00,16.6,746760,09:50:00,16.6,1006060,09:55:00,16.6,1006060,09:55:00,16.6,1006060,09:55:00
201609030601,201606190901,2016-06-19,10:01:00,03,14.7,212950,08:59:00,15.5,346730,09:29:00,14.3,746760,09:50:00,12.6,1006060,09:55:00,12.6,1006060,09:55:00,12.6,1006060,09:55:00
201609030601,201606190901,2016-06-19,10:01:00,04,54.7,212950,08:59:00,65.5,346730,09:29:00,81.3,746760,09:50:00,91.9,1006060,09:55:00,91.9,1006060,09:55:00,91.9,1006060,09:55:00
201609030601,201606190901,2016-06-19,10:01:00,05,6.5,212950,08:59:00,5.7,346730,09:29:00,7.0,746760,09:50:00,7.3,1006060,09:55:00,7.3,1006060,09:55:00,7.3,1006060,09:55:00
201609030601,201606190901,2016-06-19,10:01:00,06,7.4,212950,08:59:00,7.6,346730,09:29:00,6.6,746760,09:50:00,6.0,1006060,09:55:00,6.0,1006060,09:55:00,6.0,1006060,09:55:00
201609030601,201606190901,2016-06-19,10:01:00,07,3.5,212950,08:59:00,3.1,346730,09:29:00,3.1,746760,09:50:00,3.3,1006060,09:55:00,3.3,1006060,09:55:00,3.3,1006060,09:55:00
201609030601,201606190901,2016-06-19,10:01:00,08,13.1,212950,08:59:00,15.0,346730,09:29:00,15.1,746760,09:50:00,17.4,1006060,09:55:00,17.4,1006060,09:55:00,17.4,1006060,09:55:00
201609030601,201606190901,2016-06-19,10:01:00,09,179.3,212950,08:59:00,192.6,346730,09:29:00,214.1,746760,09:50:00,257.9,1006060,09:55:00,257.9,1006060,09:55:00,257.9,1006060,09:55:00
201609030601,201606190901,2016-06-19,10:01:00,10,70.6,212950,08:59:00,70.0,346730,09:29:00,92.9,746760,09:50:00,103.4,1006060,09:55:00,103.4,1006060,09:55:00,103.4,1006060,09:55:00
201609030601,201606190901,2016-06-19,10:01:00,11,54.4,212950,08:59:00,66.0,346730,09:29:00,86.7,746760,09:50:00,100.7,1006060,09:55:00,100.7,1006060,09:55:00,100.7,1006060,09:55:00
201609030601,201606190901,2016-06-19,10:01:00,12,89.6,212950,08:59:00,104.2,346730,09:29:00,113.7,746760,09:50:00,136.8,1006060,09:55:00,136.8,1006060,09:55:00,136.8,1006060,09:55:00
201609030601,201606190901,2016-06-19,10:01:00,13,5.6,212950,08:59:00,5.2,346730,09:29:00,5.0,746760,09:50:00,4.7,1006060,09:55:00,4.7,1006060,09:55:00,4.7,1006060,09:55:00
201609030601,201606190901,2016-06-19,10:01:00,14,159.2,212950,08:59:00,165.1,346730,09:29:00,199.8,746760,09:50:00,221.7,1006060,09:55:00,221.7,1006060,09:55:00,221.7,1006060,09:55:00
201609030601,201606190901,2016-06-19,10:01:00,15,71.2,212950,08:59:00,75.1,346730,09:29:00,86.9,746760,09:50:00,83.8,1006060,09:55:00,83.8,1006060,09:55:00,83.8,1006060,09:55:00
201609030601,201606190901,2016-06-19,10:01:00,16,28.2,212950,08:59:00,31.0,346730,09:29:00,29.1,746760,09:50:00,29.3,1006060,09:55:00,29.3,1006060,09:55:00,29.3,1006060,09:55:00
201609030602,201606190902,2016-06-19,10:30:00,01,192.0,170460,09:22:00,126.3,241620,09:55:00,142.8,434050,10:19:00,235.6,960320,10:25:00,235.6,960320,10:25:00,235.6,960320,10:25:00
201609030602,201606190902,2016-06-19,10:30:00,02,103.3,170460,09:22:00,90.7,241620,09:55:00,112.7,434050,10:19:00,125.7,960320,10:25:00,125.7,960320,10:25:00,125.7,960320,10:25:00
201609030602,201606190902,2016-06-19,10:30:00,03,11.8,170460,09:22:00,11.1,241620,09:55:00,12.3,434050,10:19:00,14.7,960320,10:25:00,14.7,960320,10:25:00,14.7,960320,10:25:00
201609030602,201606190902,2016-06-19,10:30:00,04,18.4,170460,09:22:00,14.4,241620,09:55:00,11.1,434050,10:19:00,12.3,960320,10:25:00,12.3,960320,10:25:00,12.3,960320,10:25:00
201609030602,201606190902,2016-06-19,10:30:00,05,85.7,170460,09:22:00,87.4,241620,09:55:00,103.3,434050,10:19:00,168.4,960320,10:25:00,168.4,960320,10:25:00,168.4,960320,10:25:00
201609030602,201606190902,2016-06-19,10:30:00,06,99.5,170460,09:22:00,94.7,241620,09:55:00,118.1,434050,10:19:00,186.4,960320,10:25:00,186.4,960320,10:25:00,186.4,960320,10:25:00
201609030602,201606190902,2016-06-19,10:30:00,07,73.3,170460,09:22:00,66.6,241620,09:55:00,83.4,434050,10:19:00,102.2,960320,10:25:00,102.2,960320,10:25:00,102.2,960320,10:25:00
201609030602,201606190902,2016-06-19,10:30:00,08,24.4,170460,09:22:00,15.8,241620,09:55:00,15.3,434050,10:19:00,17.2,960320,10:25:00,17.2,960320,10:25:00,17.2,960320,10:25:00
201609030602,201606190902,2016-06-19,10:30:00,09,14.2,170460,09:22:00,11.8,241620,09:55:00,8.3,434050,10:19:00,12.9,960320,10:25:00,12.9,960320,10:25:00,12.9,960320,10:25:00
201609030602,201606190902,2016-06-19,10:30:00,10,2.0,170460,09:22:00,2.4,241620,09:55:00,2.8,434050,10:19:00,3.0,960320,10:25:00,3.0,960320,10:25:00,3.0,960320,10:25:00
201609030602,201606190902,2016-06-19,10:30:00,11,38.0,170460,09:22:00,28.8,241620,09:55:00,36.2,434050,10:19:00,49.1,960320,10:25:00,49.1,960320,10:25:00,49.1,960320,10:25:00
201609030602,201606190902,2016-06-19,10:30:00,12,51.8,170460,09:22:00,57.1,241620,09:55:00,69.3,434050,10:19:00,109.2,960320,10:25:00,109.2,960320,10:25:00,109.2,960320,10:25:00
201609030602,201606190902,2016-06-19,10:30:00,13,186.8,170460,09:22:00,140.0,241620,09:55:00,153.6,434050,10:19:00,218.2,960320,10:25:00,218.2,960320,10:25:00,218.2,960320,10:25:00
201609030602,201606190902,2016-06-19,10:30:00,14,18.5,170460,09:22:00,16.6,241620,09:55:00,12.5,434050,10:19:00,18.2,960320,10:25:00,18.2,960320,10:25:00,18.2,960320,10:25:00
201609030602,201606190902,2016-06-19,10:30:00,15,67.1,170460,09:22:00,47.3,241620,09:55:00,64.1,434050,10:19:00,78.9,960320,10:25:00,78.9,960320,10:25:00,78.9,960320,10:25:00
201609030602,201606190902,2016-06-19,10:30:00,16,2.8,170460,09:22:00,3.0,241620,09:55:00,2.8,434050,10:19:00,1.9,960320,10:25:00,1.9,960320,10:25:00,1.9,960320,10:25:00
201609030603,201606190903,2016-06-19,11:00:00,01,9.2,280090,09:56:00,10.0,356860,10:27:00,7.3,753040,10:49:00,7.0,1359580,10:55:00,7.0,1359580,10:55:00,7.0,1359580,10:55:00
201609030603,201606190903,2016-06-19,11:00:00,02,4.2,280090,09:56:00,4.6,356860,10:27:00,6.6,753040,10:49:00,8.0,1359580,10:55:00,8.0,1359580,10:55:00,8.0,1359580,10:55:00
201609030603,201606190903,2016-06-19,11:00:00,03,19.8,280090,09:56:00,18.8,356860,10:27:00,16.2,753040,10:49:00,19.4,1359580,10:55:00,19.4,1359580,10:55:00,19.4,1359580,10:55:00
201609030603,201606190903,2016-06-19,11:00:00,04,24.9,280090,09:56:00,23.6,356860,10:27:00,25.0,753040,10:49:00,19.1,1359580,10:55:00,19.1,1359580,10:55:00,19.1,1359580,10:55:00
201609030603,201606190903,2016-06-19,11:00:00,05,74.1,280090,09:56:00,72.2,356860,10:27:00,41.8,753040,10:49:00,41.3,1359580,10:55:00,41.3,1359580,10:55:00,41.3,1359580,10:55:00
201609030603,201606190903,2016-06-19,11:00:00,06,3.7,280090,09:56:00,3.6,356860,10:27:00,3.1,753040,10:49:00,3.0,1359580,10:55:00,3.0,1359580,10:55:00,3.0,1359580,10:55:00
201609030603,201606190903,2016-06-19,11:00:00,07,4.2,280090,09:56:00,4.4,356860,10:27:00,4.2,753040,10:49:00,3.9,1359580,10:55:00,3.9,1359580,10:55:00,3.9,1359580,10:55:00
201609030603,201606190903,2016-06-19,11:00:00,08,39.7,280090,09:56:00,31.6,356860,10:27:00,33.8,753040,10:49:00,43.0,1359580,10:55:00,43.0,1359580,10:55:00,43.0,1359580,10:55:00
201609030603,201606190903,2016-06-19,11:00:00,09,65.9,280090,09:56:00,68.1,356860,10:27:00,91.5,753040,10:49:00,102.7,1359580,10:55:00,102.7,1359580,10:55:00,102.7,1359580,10:55:00
201609030603,201606190903,2016-06-19,11:00:00,10,64.0,280090,09:56:00,70.4,356860,10:27:00,109.3,753040,10:49:00,154.9,1359580,10:55:00,154.9,1359580,10:55:00,154.9,1359580,10:55:00
201609030603,201606190903,2016-06-19,11:00:00,11,96.5,280090,09:56:00,92.3,356860,10:27:00,140.7,753040,10:49:00,201.4,1359580,10:55:00,201.4,1359580,10:55:00,201.4,1359580,10:55:00
201609030603,201606190903,2016-06-19,11:00:00,12,63.4,280090,09:56:00,66.7,356860,10:27:00,82.0,753040,10:49:00,116.3,1359580,10:55:00,116.3,1359580,10:55:00,116.3,1359580,10:55:00
201609030603,201606190903,2016-06-19,11:00:00,13,22.0,280090,09:56:00,20.5,356860,10:27:00,19.5,753040,10:49:00,16.6,1359580,10:55:00,16.6,1359580,10:55:00,16.6,1359580,10:55:00
201609030603,201606190903,2016-06-19,11:00:00,14,38.7,280090,09:56:00,27.6,356860,10:27:00,37.6,753040,10:49:00,46.9,1359580,10:55:00,46.9,1359580,10:55:00,46.9,1359580,10:55:00
201609030603,201606190903,2016-06-19,11:00:00,15,14.6,280090,09:56:00,15.0,356860,10:27:00,14.0,753040,10:49:00,14.3,1359580,10:55:00,14.3,1359580,10:55:00,14.3,1359580,10:55:00
201609030603,201606190903,2016-06-19,11:00:00,16,96.5,280090,09:56:00,103.0,356860,10:27:00,151.7,753040,10:49:00,150.6,1359580,10:55:00,150.6,1359580,10:55:00,150.6,1359580,10:55:00
201609030603,201606190903,2016-06-19,11:00:00,17,24.8,280090,09:56:00,24.8,356860,10:27:00,30.8,753040,10:49:00,33.5,1359580,10:55:00,33.5,1359580,10:55:00,33.5,1359580,10:55:00
201609030603,201606190903,2016-06-19,11:00:00,18,31.5,280090,09:56:00,28.7,356860,10:27:00,30.6,753040,10:49:00,34.6,1359580,10:55:00,34.6,1359580,10:55:00,34.6,1359580,10:55:00
201609030605,201606190905,2016-06-19,12:20:00,01,49.1,495960,11:19:00,53.2,744470,11:49:00,64.0,1361950,12:09:00,74.1,1779370,12:14:00,74.1,1779370,12:14:00,74.1,1779370,12:14:00
201609030605,201606190905,2016-06-19,12:20:00,02,59.8,495960,11:19:00,66.1,744470,11:49:00,76.8,1361950,12:09:00,86.7,1779370,12:14:00,86.7,1779370,12:14:00,86.7,1779370,12:14:00
201609030605,201606190905,2016-06-19,12:20:00,03,6.9,495960,11:19:00,6.2,744470,11:49:00,6.4,1361950,12:09:00,6.3,1779370,12:14:00,6.3,1779370,12:14:00,6.3,1779370,12:14:00
201609030605,201606190905,2016-06-19,12:20:00,04,26.6,495960,11:19:00,28.5,744470,11:49:00,27.7,1361950,12:09:00,29.3,1779370,12:14:00,29.3,1779370,12:14:00,29.3,1779370,12:14:00
201609030605,201606190905,2016-06-19,12:20:00,05,43.9,495960,11:19:00,47.0,744470,11:49:00,42.2,1361950,12:09:00,44.4,1779370,12:14:00,44.4,1779370,12:14:00,44.4,1779370,12:14:00
201609030605,201606190905,2016-06-19,12:20:00,06,9.2,495960,11:19:00,10.7,744470,11:49:00,12.7,1361950,12:09:00,13.0,1779370,12:14:00,13.0,1779370,12:14:00,13.0,1779370,12:14:00
201609030605,201606190905,2016-06-19,12:20:00,07,2.7,495960,11:19:00,2.6,744470,11:49:00,2.6,1361950,12:09:00,2.7,1779370,12:14:00,2.7,1779370,12:14:00,2.7,1779370,12:14:00
201609030605,201606190905,2016-06-19,12:20:00,08,11.3,495960,11:19:00,10.9,744470,11:49:00,9.8,1361950,12:09:00,9.6,1779370,12:14:00,9.6,1779370,12:14:00,9.6,1779370,12:14:00
201609030605,201606190905,2016-06-19,12:20:00,09,19.9,495960,11:19:00,22.8,744470,11:49:00,29.5,1361950,12:09:00,33.2,1779370,12:14:00,33.2,1779370,12:14:00,33.2,1779370,12:14:00
201609030605,201606190905,2016-06-19,12:20:00,10,7.2,495960,11:19:00,7.7,744470,11:49:00,6.8,1361950,12:09:00,6.3,1779370,12:14:00,6.3,1779370,12:14:00,6.3,1779370,12:14:00
201609030605,201606190905,2016-06-19,12:20:00,11,6.5,495960,11:19:00,6.1,744470,11:49:00,5.6,1361950,12:09:00,5.4,1779370,12:14:00,5.4,1779370,12:14:00,5.4,1779370,12:14:00
201609030605,201606190905,2016-06-19,12:20:00,12,92.4,495960,11:19:00,95.9,744470,11:49:00,97.8,1361950,12:09:00,111.6,1779370,12:14:00,111.6,1779370,12:14:00,111.6,1779370,12:14:00
201609030605,201606190905,2016-06-19,12:20:00,13,29.5,495960,11:19:00,33.6,744470,11:49:00,39.9,1361950,12:09:00,43.4,1779370,12:14:00,43.4,1779370,12:14:00,43.4,1779370,12:14:00
201609030606,201606190906,2016-06-19,12:50:00,01,22.8,293560,11:42:00,26.3,391600,12:19:00,33.4,802010,12:39:00,36.6,1287510,12:44:00,36.6,1287510,12:44:00,36.6,1287510,12:44:00
201609030606,201606190906,2016-06-19,12:50:00,02,31.9,293560,11:42:00,31.0,391600,12:19:00,29.9,802010,12:39:00,35.2,1287510,12:44:00,35.2,1287510,12:44:00,35.2,1287510,12:44:00
201609030606,201606190906,2016-06-19,12:50:00,03,31.7,293560,11:42:00,34.3,391600,12:19:00,36.0,802010,12:39:00,39.3,1287510,12:44:00,39.3,1287510,12:44:00,39.3,1287510,12:44:00
201609030606,201606190906,2016-06-19,12:50:00,04,8.8,293560,11:42:00,9.2,391600,12:19:00,10.4,802010,12:39:00,11.4,1287510,12:44:00,11.4,1287510,12:44:00,11.4,1287510,12:44:00
201609030606,201606190906,2016-06-19,12:50:00,05,4.7,293560,11:42:00,3.8,391600,12:19:00,2.6,802010,12:39:00,2.4,1287510,12:44:00,2.4,1287510,12:44:00,2.4,1287510,12:44:00
201609030606,201606190906,2016-06-19,12:50:00,06,89.9,293560,11:42:00,89.2,391600,12:19:00,116.8,802010,12:39:00,143.4,1287510,12:44:00,143.4,1287510,12:44:00,143.4,1287510,12:44:00
201609030606,201606190906,2016-06-19,12:50:00,07,16.3,293560,11:42:00,16.4,391600,12:19:00,17.8,802010,12:39:00,19.9,1287510,12:44:00,19.9,1287510,12:44:00,19.9,1287510,12:44:00
201609030606,201606190906,2016-06-19,12:50:00,08,46.5,293560,11:42:00,49.2,391600,12:19:00,42.6,802010,12:39:00,45.1,1287510,12:44:00,45.1,1287510,12:44:00,45.1,1287510,12:44:00
201609030606,201606190906,2016-06-19,12:50:00,09,13.6,293560,11:42:00,15.2,391600,12:19:00,16.9,802010,12:39:00,18.5,1287510,12:44:00,18.5,1287510,12:44:00,18.5,1287510,12:44:00
201609030606,201606190906,2016-06-19,12:50:00,10,3.0,293560,11:42:00,3.1,391600,12:19:00,3.7,802010,12:39:00,3.3,1287510,12:44:00,3.3,1287510,12:44:00,3.3,1287510,12:44:00
201609030606,201606190906,2016-06-19,12:50:00,11,91.0,293560,11:42:00,73.0,391600,12:19:00,72.0,802010,12:39:00,85.4,1287510,12:44:00,85.4,1287510,12:44:00,85.4,1287510,12:44:00
201609030606,201606190906,2016-06-19,12:50:00,12,65.6,293560,11:42:00,70.2,391600,12:19:00,114.1,802010,12:39:00,147.5,1287510,12:44:00,147.5,1287510,12:44:00,147.5,1287510,12:44:00
201609030606,201606190906,2016-06-19,12:50:00,13,17.6,293560,11:42:00,20.1,391600,12:19:00,25.0,802010,12:39:00,26.9,1287510,12:44:00,26.9,1287510,12:44:00,26.9,1287510,12:44:00
201609030606,201606190906,2016-06-19,12:50:00,14,10.6,293560,11:42:00,10.2,391600,12:19:00,12.9,802010,12:39:00,13.5,1287510,12:44:00,13.5,1287510,12:44:00,13.5,1287510,12:44:00
201609030606,201606190906,2016-06-19,12:50:00,15,14.1,293560,11:42:00,15.2,391600,12:19:00,14.4,802010,12:39:00,16.0,1287510,12:44:00,16.0,1287510,12:44:00,16.0,1287510,12:44:00
201609030606,201606190906,2016-06-19,12:50:00,16,12.6,293560,11:42:00,14.0,391600,12:19:00,16.2,802010,12:39:00,17.7,1287510,12:44:00,17.7,1287510,12:44:00,17.7,1287510,12:44:00
201609030607,201606190907,2016-06-19,13:20:00,01,22.1,241970,12:19:00,22.6,286400,12:46:00,28.8,758530,13:09:00,32.0,1250280,13:14:00,32.0,1250280,13:14:00,32.0,1250280,13:14:00
201609030607,201606190907,2016-06-19,13:20:00,02,6.9,241970,12:19:00,7.2,286400,12:46:00,6.8,758530,13:09:00,5.6,1250280,13:14:00,5.6,1250280,13:14:00,5.6,1250280,13:14:00
201609030607,201606190907,2016-06-19,13:20:00,03,102.4,241970,12:19:00,101.3,286400,12:46:00,127.2,758530,13:09:00,152.9,1250280,13:14:00,152.9,1250280,13:14:00,152.9,1250280,13:14:00
201609030607,201606190907,2016-06-19,13:20:00,04,44.7,241970,12:19:00,48.1,286400,12:46:00,67.7,758530,13:09:00,78.2,1250280,13:14:00,78.2,1250280,13:14:00,78.2,1250280,13:14:00
201609030607,201606190907,2016-06-19,13:20:00,05,55.4,241970,12:19:00,38.3,286400,12:46:00,58.8,758530,13:09:00,79.2,1250280,13:14:00,79.2,1250280,13:14:00,79.2,1250280,13:14:00
201609030607,201606190907,2016-06-19,13:20:00,06,11.3,241970,12:19:00,11.9,286400,12:46:00,20.0,758530,13:09:00,22.9,1250280,13:14:00,22.9,1250280,13:14:00,22.9,1250280,13:14:00
201609030607,201606190907,2016-06-19,13:20:00,07,20.0,241970,12:19:00,21.1,286400,12:46:00,32.9,758530,13:09:00,37.8,1250280,13:14:00,37.8,1250280,13:14:00,37.8,1250280,13:14:00
201609030607,201606190907,2016-06-19,13:20:00,08,59.9,241970,12:19:00,61.2,286400,12:46:00,77.0,758530,13:09:00,82.6,1250280,13:14:00,82.6,1250280,13:14:00,82.6,1250280,13:14:00
201609030607,201606190907,2016-06-19,13:20:00,09,8.1,241970,12:19:00,8.0,286400,12:46:00,6.2,758530,13:09:00,5.9,1250280,13:14:00,5.9,1250280,13:14:00,5.9,1250280,13:14:00
201609030607,201606190907,2016-06-19,13:20:00,10,2.6,241970,12:19:00,2.6,286400,12:46:00,2.0,758530,13:09:00,2.2,1250280,13:14:00,2.2,1250280,13:14:00,2.2,1250280,13:14:00
201609030607,201606190907,2016-06-19,13:20:00,11,16.2,241970,12:19:00,17.2,286400,12:46:00,19.3,758530,13:09:00,17.2,1250280,13:14:00,17.2,1250280,13:14:00,17.2,1250280,13:14:00
201609030607,201606190907,2016-06-19,13:20:00,12,17.0,241970,12:19:00,18.0,286400,12:46:00,21.5,758530,13:09:00,23.3,1250280,13:14:00,23.3,1250280,13:14:00,23.3,1250280,13:14:00
201609030607,201606190907,2016-06-19,13:20:00,13,11.2,241970,12:19:00,9.3,286400,12:46:00,13.2,758530,13:09:00,13.3,1250280,13:14:00,13.3,1250280,13:14:00,13.3,1250280,13:14:00
201609030607,201606190907,2016-06-19,13:20:00,14,39.2,241970,12:19:00,35.3,286400,12:46:00,53.5,758530,13:09:00,65.8,1250280,13:14:00,65.8,1250280,13:14:00,65.8,1250280,13:14:00
201609030607,201606190907,2016-06-19,13:20:00,15,8.2,241970,12:19:00,8.9,286400,12:46:00,9.6,758530,13:09:00,8.8,1250280,13:14:00,8.8,1250280,13:14:00,8.8,1250280,13:14:00
201609030607,201606190907,2016-06-19,13:20:00,16,184.3,241970,12:19:00,199.2,286400,12:46:00,259.3,758530,13:09:00,335.6,1250280,13:14:00,335.6,1250280,13:14:00,335.6,1250280,13:14:00
201609030608,201606190908,2016-06-19,13:50:00,01,16.3,411900,12:42:00,15.5,555020,13:19:00,17.7,1085590,13:39:00,19.6,1726960,13:44:00,19.6,1726960,13:44:00,19.6,1726960,13:44:00
201609030608,201606190908,2016-06-19,13:50:00,02,13.6,411900,12:42:00,13.8,555020,13:19:00,18.3,1085590,13:39:00,20.7,1726960,13:44:00,20.7,1726960,13:44:00,20.7,1726960,13:44:00
201609030608,201606190908,2016-06-19,13:50:00,03,15.0,411900,12:42:00,13.2,555020,13:19:00,14.1,1085590,13:39:00,12.4,1726960,13:44:00,12.4,1726960,13:44:00,12.4,1726960,13:44:00
201609030608,201606190908,2016-06-19,13:50:00,04,1.4,411900,12:42:00,1.4,555020,13:19:00,1.3,1085590,13:39:00,1.4,1726960,13:44:00,1.4,1726960,13:44:00,1.4,1726960,13:44:00
201609030608,201606190908,2016-06-19,13:50:00,05,21.0,411900,12:42:00,23.8,555020,13:19:00,27.5,1085590,13:39:00,26.1,1726960,13:44:00,26.1,1726960,13:44:00,26.1,1726960,13:44:00
201609030608,201606190908,2016-06-19,13:50:00,06,42.3,411900,12:42:00,41.4,555020,13:19:00,38.8,1085590,13:39:00,38.1,1726960,13:44:00,38.1,1726960,13:44:00,38.1,1726960,13:44:00
201609030608,201606190908,2016-06-19,13:50:00,07,6.6,411900,12:42:00,7.0,555020,13:19:00,6.2,1085590,13:39:00,5.9,1726960,13:44:00,5.9,1726960,13:44:00,5.9,1726960,13:44:00
201609030608,201606190908,2016-06-19,13:50:00,08,14.5,411900,12:42:00,14.2,555020,13:19:00,12.9,1085590,13:39:00,10.7,1726960,13:44:00,10.7,1726960,13:44:00,10.7,1726960,13:44:00
201609030608,201606190908,2016-06-19,13:50:00,09,16.2,411900,12:42:00,17.4,555020,13:19:00,18.6,1085590,13:39:00,19.9,1726960,13:44:00,19.9,1726960,13:44:00,19.9,1726960,13:44:00
201609030609,201606190909,2016-06-19,14:25:00,01,33.8,480090,13:24:00,35.1,594910,13:53:00,43.5,1354470,14:14:00,48.1,1831940,14:19:00,48.1,1831940,14:19:00,48.1,1831940,14:19:00
201609030609,201606190909,2016-06-19,14:25:00,02,13.6,480090,13:24:00,14.5,594910,13:53:00,15.2,1354470,14:14:00,17.7,1831940,14:19:00,17.7,1831940,14:19:00,17.7,1831940,14:19:00
201609030609,201606190909,2016-06-19,14:25:00,03,31.9,480090,13:24:00,31.9,594910,13:53:00,38.8,1354470,14:14:00,42.3,1831940,14:19:00,42.3,1831940,14:19:00,42.3,1831940,14:19:00
201609030609,201606190909,2016-06-19,14:25:00,04,13.4,480090,13:24:00,12.7,594910,13:53:00,11.3,1354470,14:14:00,11.9,1831940,14:19:00,11.9,1831940,14:19:00,11.9,1831940,14:19:00
201609030609,201606190909,2016-06-19,14:25:00,05,4.5,480090,13:24:00,4.6,594910,13:53:00,4.1,1354470,14:14:00,3.7,1831940,14:19:00,3.7,1831940,14:19:00,3.7,1831940,14:19:00
201609030609,201606190909,2016-06-19,14:25:00,06,5.2,480090,13:24:00,5.3,594910,13:53:00,6.1,1354470,14:14:00,6.4,1831940,14:19:00,6.4,1831940,14:19:00,6.4,1831940,14:19:00
201609030609,201606190909,2016-06-19,14:25:00,07,7.4,480090,13:24:00,7.6,594910,13:53:00,8.0,1354470,14:14:00,7.6,1831940,14:19:00,7.6,1831940,14:19:00,7.6,1831940,14:19:00
201609030609,201606190909,2016-06-19,14:25:00,08,112.3,480090,13:24:00,114.1,594910,13:53:00,120.3,1354470,14:14:00,142.9,1831940,14:19:00,142.9,1831940,14:19:00,142.9,1831940,14:19:00
201609030609,201606190909,2016-06-19,14:25:00,09,24.1,480090,13:24:00,21.6,594910,13:53:00,28.6,1354470,14:14:00,31.1,1831940,14:19:00,31.1,1831940,14:19:00,31.1,1831940,14:19:00
201609030609,201606190909,2016-06-19,14:25:00,10,22.7,480090,13:24:00,22.8,594910,13:53:00,23.3,1354470,14:14:00,21.1,1831940,14:19:00,21.1,1831940,14:19:00,21.1,1831940,14:19:00
201609030609,201606190909,2016-06-19,14:25:00,11,3.7,480090,13:24:00,3.7,594910,13:53:00,3.4,1354470,14:14:00,3.4,1831940,14:19:00,3.4,1831940,14:19:00,3.4,1831940,14:19:00
201609030609,201606190909,2016-06-19,14:25:00,12,7.3,480090,13:24:00,6.8,594910,13:53:00,7.0,1354470,14:14:00,7.1,1831940,14:19:00,7.1,1831940,14:19:00,7.1,1831940,14:19:00
201609030610,201606190910,2016-06-19,15:01:00,01,6.6,710810,13:57:00,6.5,901630,14:30:00,6.5,1787670,14:50:00,6.3,2410710,14:55:00,6.3,2410710,14:55:00,6.3,2410710,14:55:00
201609030610,201606190910,2016-06-19,15:01:00,02,8.7,710810,13:57:00,7.7,901630,14:30:00,8.9,1787670,14:50:00,8.6,2410710,14:55:00,8.6,2410710,14:55:00,8.6,2410710,14:55:00
201609030610,201606190910,2016-06-19,15:01:00,03,12.8,710810,13:57:00,10.9,901630,14:30:00,12.3,1787670,14:50:00,13.1,2410710,14:55:00,13.1,2410710,14:55:00,13.1,2410710,14:55:00
201609030610,201606190910,2016-06-19,15:01:00,04,18.4,710810,13:57:00,20.7,901630,14:30:00,24.6,1787670,14:50:00,27.7,2410710,14:55:00,27.7,2410710,14:55:00,27.7,2410710,14:55:00
201609030610,201606190910,2016-06-19,15:01:00,05,24.0,710810,13:57:00,24.6,901630,14:30:00,25.3,1787670,14:50:00,29.0,2410710,14:55:00,29.0,2410710,14:55:00,29.0,2410710,14:55:00
201609030610,201606190910,2016-06-19,15:01:00,06,29.3,710810,13:57:00,31.1,901630,14:30:00,39.2,1787670,14:50:00,43.6,2410710,14:55:00,43.6,2410710,14:55:00,43.6,2410710,14:55:00
201609030610,201606190910,2016-06-19,15:01:00,07,8.0,710810,13:57:00,7.6,901630,14:30:00,7.9,1787670,14:50:00,8.1,2410710,14:55:00,8.1,2410710,14:55:00,8.1,2410710,14:55:00
201609030610,201606190910,2016-06-19,15:01:00,08,47.4,710810,13:57:00,49.8,901630,14:30:00,49.0,1787670,14:50:00,50.2,2410710,14:55:00,50.2,2410710,14:55:00,50.2,2410710,14:55:00
201609030610,201606190910,2016-06-19,15:01:00,09,8.3,710810,13:57:00,8.5,901630,14:30:00,7.1,1787670,14:50:00,7.0,2410710,14:55:00,7.0,2410710,14:55:00,7.0,2410710,14:55:00
201609030610,201606190910,2016-06-19,15:01:00,10,45.6,710810,13:57:00,51.1,901630,14:30:00,67.7,1787670,14:50:00,77.4,2410710,14:55:00,77.4,2410710,14:55:00,77.4,2410710,14:55:00
201609030610,201606190910,2016-06-19,15:01:00,11,60.8,710810,13:57:00,66.4,901630,14:30:00,87.5,1787670,14:50:00,94.0,2410710,14:55:00,94.0,2410710,14:55:00,94.0,2410710,14:55:00
201609030610,201606190910,2016-06-19,15:01:00,12,59.6,710810,13:57:00,68.1,901630,14:30:00,56.0,1787670,14:50:00,63.5,2410710,14:55:00,63.5,2410710,14:55:00,63.5,2410710,14:55:00
201609030610,201606190910,2016-06-19,15:01:00,13,4.1,710810,13:57:00,4.1,901630,14:30:00,3.2,1787670,14:50:00,3.2,2410710,14:55:00,3.2,2410710,14:55:00,3.2,2410710,14:55:00
201609030610,201606190910,2016-06-19,15:01:00,14,17.6,710810,13:57:00,19.1,901630,14:30:00,22.5,1787670,14:50:00,15.9,2410710,14:55:00,15.9,2410710,14:55:00,15.9,2410710,14:55:00
201609030610,201606190910,2016-06-19,15:01:00,15,10.2,710810,13:57:00,11.0,901630,14:30:00,14.8,1787670,14:50:00,16.7,2410710,14:55:00,16.7,2410710,14:55:00,16.7,2410710,14:55:00
201609030610,201606190910,2016-06-19,15:01:00,16,16.8,710810,13:57:00,18.2,901630,14:30:00,19.0,1787670,14:50:00,19.9,2410710,14:55:00,19.9,2410710,14:55:00,19.9,2410710,14:55:00
201609030611,201606190911,2016-06-19,15:35:00,01,11.5,1773980,14:35:00,11.2,2104330,15:04:00,10.6,3330470,15:24:00,10.6,3896600,15:29:00,10.6,3896600,15:29:00,10.6,3896600,15:29:00
201609030611,201606190911,2016-06-19,15:35:00,02,22.6,1773980,14:35:00,23.5,2104330,15:04:00,25.3,3330470,15:24:00,26.8,3896600,15:29:00,26.8,3896600,15:29:00,26.8,3896600,15:29:00
201609030611,201606190911,2016-06-19,15:35:00,03,1.6,1773980,14:35:00,1.6,2104330,15:04:00,1.6,3330470,15:24:00,1.6,3896600,15:29:00,1.6,3896600,15:29:00,1.6,3896600,15:29:00
201609030611,201606190911,2016-06-19,15:35:00,04,28.4,1773980,14:35:00,27.9,2104330,15:04:00,34.3,3330470,15:24:00,37.4,3896600,15:29:00,37.4,3896600,15:29:00,37.4,3896600,15:29:00
201609030611,201606190911,2016-06-19,15:35:00,05,6.7,1773980,14:35:00,6.6,2104330,15:04:00,7.0,3330470,15:24:00,6.8,3896600,15:29:00,6.8,3896600,15:29:00,6.8,3896600,15:29:00
201609030611,201606190911,2016-06-19,15:35:00,06,18.8,1773980,14:35:00,18.7,2104330,15:04:00,18.0,3330470,15:24:00,18.3,3896600,15:29:00,18.3,3896600,15:29:00,18.3,3896600,15:29:00
201609030611,201606190911,2016-06-19,15:35:00,07,5.0,1773980,14:35:00,4.8,2104330,15:04:00,4.7,3330470,15:24:00,4.5,3896600,15:29:00,4.5,3896600,15:29:00,4.5,3896600,15:29:00
201609030611,201606190911,2016-06-19,15:35:00,08,82.7,1773980,14:35:00,86.2,2104330,15:04:00,98.0,3330470,15:24:00,105.4,3896600,15:29:00,105.4,3896600,15:29:00,105.4,3896600,15:29:00
201609030611,201606190911,2016-06-19,15:35:00,09,16.9,1773980,14:35:00,17.1,2104330,15:04:00,16.8,3330470,15:24:00,17.6,3896600,15:29:00,17.6,3896600,15:29:00,17.6,3896600,15:29:00
201609030612,201606190912,2016-06-19,16:15:00,01,3.1,525370,15:11:00,3.3,675380,15:42:00,3.2,1641580,16:04:00,3.2,2415870,16:09:00,3.2,2415870,16:09:00,3.2,2415870,16:09:00
201609030612,201606190912,2016-06-19,16:15:00,02,45.2,525370,15:11:00,43.4,675380,15:42:00,52.3,1641580,16:04:00,60.3,2415870,16:09:00,60.3,2415870,16:09:00,60.3,2415870,16:09:00
201609030612,201606190912,2016-06-19,16:15:00,03,52.4,525370,15:11:00,51.1,675380,15:42:00,63.2,1641580,16:04:00,70.0,2415870,16:09:00,70.0,2415870,16:09:00,70.0,2415870,16:09:00
201609030612,201606190912,2016-06-19,16:15:00,04,27.7,525370,15:11:00,25.0,675380,15:42:00,28.1,1641580,16:04:00,28.8,2415870,16:09:00,28.8,2415870,16:09:00,28.8,2415870,16:09:00
201609030612,201606190912,2016-06-19,16:15:00,05,34.4,525370,15:11:00,39.8,675380,15:42:00,45.6,1641580,16:04:00,50.9,2415870,16:09:00,50.9,2415870,16:09:00,50.9,2415870,16:09:00
201609030612,201606190912,2016-06-19,16:15:00,06,90.3,525370,15:11:00,87.5,675380,15:42:00,104.4,1641580,16:04:00,115.2,2415870,16:09:00,115.2,2415870,16:09:00,115.2,2415870,16:09:00
201609030612,201606190912,2016-06-19,16:15:00,07,13.6,525370,15:11:00,8.1,675380,15:42:00,12.7,1641580,16:04:00,14.9,2415870,16:09:00,14.9,2415870,16:09:00,14.9,2415870,16:09:00
201609030612,201606190912,2016-06-19,16:15:00,08,9.7,525370,15:11:00,10.4,675380,15:42:00,12.8,1641580,16:04:00,13.9,2415870,16:09:00,13.9,2415870,16:09:00,13.9,2415870,16:09:00
201609030612,201606190912,2016-06-19,16:15:00,09,15.4,525370,15:11:00,17.1,675380,15:42:00,20.0,1641580,16:04:00,20.5,2415870,16:09:00,20.5,2415870,16:09:00,20.5,2415870,16:09:00
201609030612,201606190912,2016-06-19,16:15:00,10,13.5,525370,15:11:00,15.5,675380,15:42:00,18.8,1641580,16:04:00,19.0,2415870,16:09:00,19.0,2415870,16:09:00,19.0,2415870,16:09:00
201609030612,201606190912,2016-06-19,16:15:00,11,6.6,525370,15:11:00,6.4,675380,15:42:00,3.9,1641580,16:04:00,3.5,2415870,16:09:00,3.5,2415870,16:09:00,3.5,2415870,16:09:00
201609030612,201606190912,2016-06-19,16:15:00,12,73.7,525370,15:11:00,77.4,675380,15:42:00,119.9,1641580,16:04:00,146.1,2415870,16:09:00,146.1,2415870,16:09:00,146.1,2415870,16:09:00
201609030612,201606190912,2016-06-19,16:15:00,13,18.4,525370,15:11:00,20.8,675380,15:42:00,28.8,1641580,16:04:00,30.4,2415870,16:09:00,30.4,2415870,16:09:00,30.4,2415870,16:09:00
201609030612,201606190912,2016-06-19,16:15:00,14,9.3,525370,15:11:00,10.1,675380,15:42:00,14.9,1641580,16:04:00,17.1,2415870,16:09:00,17.1,2415870,16:09:00,17.1,2415870,16:09:00
201609030612,201606190912,2016-06-19,16:15:00,15,11.2,525370,15:11:00,10.8,675380,15:42:00,10.8,1641580,16:04:00,10.3,2415870,16:09:00,10.3,2415870,16:09:00,10.3,2415870,16:09:00
201609030612,201606190912,2016-06-19,16:15:00,16,11.2,525370,15:11:00,11.3,675380,15:42:00,8.0,1641580,16:04:00,7.6,2415870,16:09:00,7.6,2415870,16:09:00,7.6,2415870,16:09:00
201609030701,201606250901,2016-06-25,10:01:00,01,4.7,348520,09:01:00,5.1,516970,09:31:00,4.9,884880,09:50:00,4.8,1154320,09:55:00,4.8,1154320,09:55:00,4.8,1154320,09:55:00
201609030701,201606250901,2016-06-25,10:01:00,02,10.3,348520,09:01:00,11.1,516970,09:31:00,11.5,884880,09:50:00,12.3,1154320,09:55:00,12.3,1154320,09:55:00,12.3,1154320,09:55:00
201609030701,201606250901,2016-06-25,10:01:00,03,8.0,348520,09:01:00,7.6,516970,09:31:00,9.7,884880,09:50:00,10.7,1154320,09:55:00,10.7,1154320,09:55:00,10.7,1154320,09:55:00
201609030701,201606250901,2016-06-25,10:01:00,04,82.8,348520,09:01:00,86.2,516970,09:31:00,87.8,884880,09:50:00,93.5,1154320,09:55:00,93.5,1154320,09:55:00,93.5,1154320,09:55:00
201609030701,201606250901,2016-06-25,10:01:00,05,3.9,348520,09:01:00,4.1,516970,09:31:00,4.0,884880,09:50:00,3.8,1154320,09:55:00,3.8,1154320,09:55:00,3.8,1154320,09:55:00
201609030701,201606250901,2016-06-25,10:01:00,06,2.7,348520,09:01:00,2.5,516970,09:31:00,2.5,884880,09:50:00,2.5,1154320,09:55:00,2.5,1154320,09:55:00,2.5,1154320,09:55:00
201609030701,201606250901,2016-06-25,10:01:00,07,49.0,348520,09:01:00,54.9,516970,09:31:00,56.5,884880,09:50:00,65.1,1154320,09:55:00,65.1,1154320,09:55:00,65.1,1154320,09:55:00
201609030701,201606250901,2016-06-25,10:01:00,08,17.8,348520,09:01:00,16.6,516970,09:31:00,14.4,884880,09:50:00,12.0,1154320,09:55:00,12.0,1154320,09:55:00,12.0,1154320,09:55:00
201609030701,201606250901,2016-06-25,10:01:00,09,88.6,348520,09:01:00,93.3,516970,09:31:00,86.8,884880,09:50:00,104.0,1154320,09:55:00,104.0,1154320,09:55:00,104.0,1154320,09:55:00
201609030701,201606250901,2016-06-25,10:01:00,10,22.2,348520,09:01:00,23.2,516970,09:31:00,21.4,884880,09:50:00,21.6,1154320,09:55:00,21.6,1154320,09:55:00,21.6,1154320,09:55:00
201609030702,201606250902,2016-06-25,10:25:00,01,26.9,185630,09:18:00,23.9,285360,09:55:00,23.6,429420,10:14:00,27.4,732620,10:20:00,27.4,732620,10:20:00,27.4,732620,10:20:00
201609030702,201606250902,2016-06-25,10:25:00,02,4.9,185630,09:18:00,5.0,285360,09:55:00,5.0,429420,10:14:00,4.8,732620,10:20:00,4.8,732620,10:20:00,4.8,732620,10:20:00
201609030702,201606250902,2016-06-25,10:25:00,03,26.7,185630,09:18:00,31.5,285360,09:55:00,35.2,429420,10:14:00,41.2,732620,10:20:00,41.2,732620,10:20:00,41.2,732620,10:20:00
201609030702,201606250902,2016-06-25,10:25:00,04,26.1,185630,09:18:00,20.8,285360,09:55:00,20.9,429420,10:14:00,26.0,732620,10:20:00,26.0,732620,10:20:00,26.0,732620,10:20:00
201609030702,201606250902,2016-06-25,10:25:00,05,19.6,185630,09:18:00,19.3,285360,09:55:00,19.3,429420,10:14:00,17.1,732620,10:20:00,17.1,732620,10:20:00,17.1,732620,10:20:00
201609030702,201606250902,2016-06-25,10:25:00,06,28.4,185630,09:18:00,29.4,285360,09:55:00,33.2,429420,10:14:00,41.8,732620,10:20:00,41.8,732620,10:20:00,41.8,732620,10:20:00
201609030702,201606250902,2016-06-25,10:25:00,07,92.8,185630,09:18:00,62.3,285360,09:55:00,63.5,429420,10:14:00,94.8,732620,10:20:00,94.8,732620,10:20:00,94.8,732620,10:20:00
201609030702,201606250902,2016-06-25,10:25:00,08,4.6,185630,09:18:00,5.1,285360,09:55:00,4.9,429420,10:14:00,4.8,732620,10:20:00,4.8,732620,10:20:00,4.8,732620,10:20:00
201609030702,201606250902,2016-06-25,10:25:00,09,21.6,185630,09:18:00,20.9,285360,09:55:00,24.5,429420,10:14:00,28.5,732620,10:20:00,28.5,732620,10:20:00,28.5,732620,10:20:00
201609030702,201606250902,2016-06-25,10:25:00,10,6.1,185630,09:18:00,6.7,285360,09:55:00,6.1,429420,10:14:00,6.7,732620,10:20:00,6.7,732620,10:20:00,6.7,732620,10:20:00
201609030702,201606250902,2016-06-25,10:25:00,11,337.5,185630,09:18:00,326.1,285360,09:55:00,343.5,429420,10:14:00,404.2,732620,10:20:00,404.2,732620,10:20:00,404.2,732620,10:20:00
201609030702,201606250902,2016-06-25,10:25:00,12,44.7,185630,09:18:00,45.7,285360,09:55:00,54.0,429420,10:14:00,56.1,732620,10:20:00,56.1,732620,10:20:00,56.1,732620,10:20:00
201609030702,201606250902,2016-06-25,10:25:00,13,3.8,185630,09:18:00,3.4,285360,09:55:00,3.5,429420,10:14:00,3.0,732620,10:20:00,3.0,732620,10:20:00,3.0,732620,10:20:00
201609030702,201606250902,2016-06-25,10:25:00,14,49.8,185630,09:18:00,41.9,285360,09:55:00,48.8,429420,10:14:00,63.7,732620,10:20:00,63.7,732620,10:20:00,63.7,732620,10:20:00
201609030702,201606250902,2016-06-25,10:25:00,15,95.8,185630,09:18:00,83.6,285360,09:55:00,78.7,429420,10:14:00,96.8,732620,10:20:00,96.8,732620,10:20:00,96.8,732620,10:20:00
201609030702,201606250902,2016-06-25,10:25:00,16,10.0,185630,09:18:00,11.5,285360,09:55:00,10.4,429420,10:14:00,11.6,732620,10:20:00,11.6,732620,10:20:00,11.6,732620,10:20:00
201609030703,201606250903,2016-06-25,10:55:00,01,12.1,372940,09:46:00,12.0,471150,10:21:00,13.7,1043820,10:44:00,14.6,1559130,10:50:00,14.6,1559130,10:50:00,14.6,1559130,10:50:00
201609030703,201606250903,2016-06-25,10:55:00,02,10.8,372940,09:46:00,8.7,471150,10:21:00,10.3,1043820,10:44:00,10.9,1559130,10:50:00,10.9,1559130,10:50:00,10.9,1559130,10:50:00
201609030703,201606250903,2016-06-25,10:55:00,03,157.0,372940,09:46:00,168.2,471150,10:21:00,223.8,1043820,10:44:00,253.0,1559130,10:50:00,253.0,1559130,10:50:00,253.0,1559130,10:50:00
201609030703,201606250903,2016-06-25,10:55:00,04,34.2,372940,09:46:00,30.2,471150,10:21:00,36.7,1043820,10:44:00,38.2,1559130,10:50:00,38.2,1559130,10:50:00,38.2,1559130,10:50:00
201609030703,201606250903,2016-06-25,10:55:00,05,7.3,372940,09:46:00,6.5,471150,10:21:00,5.8,1043820,10:44:00,4.5,1559130,10:50:00,4.5,1559130,10:50:00,4.5,1559130,10:50:00
201609030703,201606250903,2016-06-25,10:55:00,06,19.2,372940,09:46:00,20.2,471150,10:21:00,29.5,1043820,10:44:00,28.1,1559130,10:50:00,28.1,1559130,10:50:00,28.1,1559130,10:50:00
201609030703,201606250903,2016-06-25,10:55:00,07,99.7,372940,09:46:00,105.5,471150,10:21:00,168.6,1043820,10:44:00,177.6,1559130,10:50:00,177.6,1559130,10:50:00,177.6,1559130,10:50:00
201609030703,201606250903,2016-06-25,10:55:00,08,4.1,372940,09:46:00,4.2,471150,10:21:00,3.7,1043820,10:44:00,3.4,1559130,10:50:00,3.4,1559130,10:50:00,3.4,1559130,10:50:00
201609030703,201606250903,2016-06-25,10:55:00,09,46.6,372940,09:46:00,45.7,471150,10:21:00,27.8,1043820,10:44:00,34.7,1559130,10:50:00,34.7,1559130,10:50:00,34.7,1559130,10:50:00
201609030703,201606250903,2016-06-25,10:55:00,10,153.0,372940,09:46:00,163.8,471150,10:21:00,258.5,1043820,10:44:00,313.3,1559130,10:50:00,313.3,1559130,10:50:00,313.3,1559130,10:50:00
201609030703,201606250903,2016-06-25,10:55:00,11,110.5,372940,09:46:00,104.7,471150,10:21:00,155.5,1043820,10:44:00,178.1,1559130,10:50:00,178.1,1559130,10:50:00,178.1,1559130,10:50:00
201609030703,201606250903,2016-06-25,10:55:00,12,2.6,372940,09:46:00,2.8,471150,10:21:00,2.6,1043820,10:44:00,3.0,1559130,10:50:00,3.0,1559130,10:50:00,3.0,1559130,10:50:00
201609030703,201606250903,2016-06-25,10:55:00,13,10.1,372940,09:46:00,10.6,471150,10:21:00,12.5,1043820,10:44:00,13.2,1559130,10:50:00,13.2,1559130,10:50:00,13.2,1559130,10:50:00
201609030703,201606250903,2016-06-25,10:55:00,14,44.7,372940,09:46:00,46.6,471150,10:21:00,81.3,1043820,10:44:00,87.5,1559130,10:50:00,87.5,1559130,10:50:00,87.5,1559130,10:50:00
201609030703,201606250903,2016-06-25,10:55:00,15,16.3,372940,09:46:00,17.9,471150,10:21:00,26.1,1043820,10:44:00,25.1,1559130,10:50:00,25.1,1559130,10:50:00,25.1,1559130,10:50:00
201609030703,201606250903,2016-06-25,10:55:00,16,84.0,372940,09:46:00,84.5,471150,10:21:00,80.6,1043820,10:44:00,93.9,1559130,10:50:00,93.9,1559130,10:50:00,93.9,1559130,10:50:00
201609030704,201606250904,2016-06-25,11:25:00,01,109.2,178940,10:22:00,127.2,244940,10:52:00,141.0,617130,11:14:00,179.2,974480,11:20:00,179.2,974480,11:20:00,179.2,974480,11:20:00
201609030704,201606250904,2016-06-25,11:25:00,02,5.0,178940,10:22:00,4.5,244940,10:52:00,3.9,617130,11:14:00,3.9,974480,11:20:00,3.9,974480,11:20:00,3.9,974480,11:20:00
201609030704,201606250904,2016-06-25,11:25:00,03,10.7,178940,10:22:00,11.8,244940,10:52:00,17.2,617130,11:14:00,10.6,974480,11:20:00,10.6,974480,11:20:00,10.6,974480,11:20:00
201609030704,201606250904,2016-06-25,11:25:00,04,17.4,178940,10:22:00,19.8,244940,10:52:00,25.3,617130,11:14:00,29.0,974480,11:20:00,29.0,974480,11:20:00,29.0,974480,11:20:00
201609030704,201606250904,2016-06-25,11:25:00,05,55.0,178940,10:22:00,68.0,244940,10:52:00,111.4,617130,11:14:00,142.0,974480,11:20:00,142.0,974480,11:20:00,142.0,974480,11:20:00
201609030704,201606250904,2016-06-25,11:25:00,06,74.5,178940,10:22:00,60.2,244940,10:52:00,79.2,617130,11:14:00,98.5,974480,11:20:00,98.5,974480,11:20:00,98.5,974480,11:20:00
201609030704,201606250904,2016-06-25,11:25:00,07,37.7,178940,10:22:00,45.8,244940,10:52:00,72.8,617130,11:14:00,93.9,974480,11:20:00,93.9,974480,11:20:00,93.9,974480,11:20:00
201609030704,201606250904,2016-06-25,11:25:00,08,15.3,178940,10:22:00,15.8,244940,10:52:00,14.6,617130,11:14:00,14.4,974480,11:20:00,14.4,974480,11:20:00,14.4,974480,11:20:00
201609030704,201606250904,2016-06-25,11:25:00,09,21.2,178940,10:22:00,24.9,244940,10:52:00,34.1,617130,11:14:00,36.0,974480,11:20:00,36.0,974480,11:20:00,36.0,974480,11:20:00
201609030704,201606250904,2016-06-25,11:25:00,10,4.6,178940,10:22:00,4.5,244940,10:52:00,4.3,617130,11:14:00,4.1,974480,11:20:00,4.1,974480,11:20:00,4.1,974480,11:20:00
201609030704,201606250904,2016-06-25,11:25:00,11,7.5,178940,10:22:00,6.1,244940,10:52:00,5.2,617130,11:14:00,5.4,974480,11:20:00,5.4,974480,11:20:00,5.4,974480,11:20:00
201609030704,201606250904,2016-06-25,11:25:00,12,61.7,178940,10:22:00,75.9,244940,10:52:00,92.1,617130,11:14:00,110.5,974480,11:20:00,110.5,974480,11:20:00,110.5,974480,11:20:00
201609030704,201606250904,2016-06-25,11:25:00,13,10.4,178940,10:22:00,11.3,244940,10:52:00,12.2,617130,11:14:00,12.9,974480,11:20:00,12.9,974480,11:20:00,12.9,974480,11:20:00
201609030704,201606250904,2016-06-25,11:25:00,14,5.2,178940,10:22:00,5.6,244940,10:52:00,5.4,617130,11:14:00,5.9,974480,11:20:00,5.9,974480,11:20:00,5.9,974480,11:20:00
201609030704,201606250904,2016-06-25,11:25:00,15,15.8,178940,10:22:00,16.2,244940,10:52:00,17.9,617130,11:14:00,19.0,974480,11:20:00,19.0,974480,11:20:00,19.0,974480,11:20:00
201609030704,201606250904,2016-06-25,11:25:00,16,107.6,178940,10:22:00,128.9,244940,10:52:00,146.4,617130,11:14:00,183.8,974480,11:20:00,183.8,974480,11:20:00,183.8,974480,11:20:00
201609030705,201606250905,2016-06-25,12:15:00,01,14.6,309150,11:13:00,15.8,486160,11:42:00,16.4,1079760,12:04:00,18.1,1680710,12:10:00,18.1,1680710,12:10:00,18.1,1680710,12:10:00
201609030705,201606250905,2016-06-25,12:15:00,02,105.9,309150,11:13:00,99.9,486160,11:42:00,119.0,1079760,12:04:00,154.3,1680710,12:10:00,154.3,1680710,12:10:00,154.3,1680710,12:10:00
201609030705,201606250905,2016-06-25,12:15:00,03,25.5,309150,11:13:00,25.8,486160,11:42:00,28.0,1079760,12:04:00,31.7,1680710,12:10:00,31.7,1680710,12:10:00,31.7,1680710,12:10:00
201609030705,201606250905,2016-06-25,12:15:00,04,44.3,309150,11:13:00,52.5,486160,11:42:00,60.0,1079760,12:04:00,72.3,1680710,12:10:00,72.3,1680710,12:10:00,72.3,1680710,12:10:00
201609030705,201606250905,2016-06-25,12:15:00,05,2.5,309150,11:13:00,2.3,486160,11:42:00,2.4,1079760,12:04:00,2.3,1680710,12:10:00,2.3,1680710,12:10:00,2.3,1680710,12:10:00
201609030705,201606250905,2016-06-25,12:15:00,06,20.8,309150,11:13:00,22.2,486160,11:42:00,19.0,1079760,12:04:00,20.9,1680710,12:10:00,20.9,1680710,12:10:00,20.9,1680710,12:10:00
201609030705,201606250905,2016-06-25,12:15:00,07,22.7,309150,11:13:00,25.1,486160,11:42:00,20.4,1079760,12:04:00,23.0,1680710,12:10:00,23.0,1680710,12:10:00,23.0,1680710,12:10:00
201609030705,201606250905,2016-06-25,12:15:00,08,6.2,309150,11:13:00,6.4,486160,11:42:00,6.4,1079760,12:04:00,5.9,1680710,12:10:00,5.9,1680710,12:10:00,5.9,1680710,12:10:00
201609030705,201606250905,2016-06-25,12:15:00,09,62.6,309150,11:13:00,74.5,486160,11:42:00,101.3,1079760,12:04:00,130.0,1680710,12:10:00,130.0,1680710,12:10:00,130.0,1680710,12:10:00
201609030705,201606250905,2016-06-25,12:15:00,10,8.9,309150,11:13:00,9.5,486160,11:42:00,7.3,1079760,12:04:00,8.2,1680710,12:10:00,8.2,1680710,12:10:00,8.2,1680710,12:10:00
201609030705,201606250905,2016-06-25,12:15:00,11,34.4,309150,11:13:00,38.0,486160,11:42:00,43.4,1079760,12:04:00,53.2,1680710,12:10:00,53.2,1680710,12:10:00,53.2,1680710,12:10:00
201609030705,201606250905,2016-06-25,12:15:00,12,41.4,309150,11:13:00,43.4,486160,11:42:00,39.6,1079760,12:04:00,48.1,1680710,12:10:00,48.1,1680710,12:10:00,48.1,1680710,12:10:00
201609030705,201606250905,2016-06-25,12:15:00,13,4.4,309150,11:13:00,4.3,486160,11:42:00,4.7,1079760,12:04:00,4.3,1680710,12:10:00,4.3,1680710,12:10:00,4.3,1680710,12:10:00
201609030706,201606250906,2016-06-25,12:45:00,01,17.9,343430,11:44:00,19.2,469840,12:13:00,19.4,961020,12:34:00,25.3,1700270,12:40:00,25.3,1700270,12:40:00,25.3,1700270,12:40:00
201609030706,201606250906,2016-06-25,12:45:00,02,57.9,343430,11:44:00,68.0,469840,12:13:00,74.1,961020,12:34:00,89.3,1700270,12:40:00,89.3,1700270,12:40:00,89.3,1700270,12:40:00
201609030706,201606250906,2016-06-25,12:45:00,03,6.9,343430,11:44:00,7.3,469840,12:13:00,8.6,961020,12:34:00,8.5,1700270,12:40:00,8.5,1700270,12:40:00,8.5,1700270,12:40:00
201609030706,201606250906,2016-06-25,12:45:00,04,2.9,343430,11:44:00,2.7,469840,12:13:00,2.5,961020,12:34:00,2.5,1700270,12:40:00,2.5,1700270,12:40:00,2.5,1700270,12:40:00
201609030706,201606250906,2016-06-25,12:45:00,05,15.2,343430,11:44:00,15.3,469840,12:13:00,17.1,961020,12:34:00,19.8,1700270,12:40:00,19.8,1700270,12:40:00,19.8,1700270,12:40:00
201609030706,201606250906,2016-06-25,12:45:00,06,19.0,343430,11:44:00,22.0,469840,12:13:00,20.1,961020,12:34:00,18.1,1700270,12:40:00,18.1,1700270,12:40:00,18.1,1700270,12:40:00
201609030706,201606250906,2016-06-25,12:45:00,07,6.1,343430,11:44:00,5.7,469840,12:13:00,5.4,961020,12:34:00,5.0,1700270,12:40:00,5.0,1700270,12:40:00,5.0,1700270,12:40:00
201609030706,201606250906,2016-06-25,12:45:00,08,109.8,343430,11:44:00,131.4,469840,12:13:00,192.6,961020,12:34:00,282.2,1700270,12:40:00,282.2,1700270,12:40:00,282.2,1700270,12:40:00
201609030706,201606250906,2016-06-25,12:45:00,09,82.2,343430,11:44:00,106.1,469840,12:13:00,173.5,961020,12:34:00,201.8,1700270,12:40:00,201.8,1700270,12:40:00,201.8,1700270,12:40:00
201609030706,201606250906,2016-06-25,12:45:00,10,26.0,343430,11:44:00,24.7,469840,12:13:00,21.8,961020,12:34:00,24.4,1700270,12:40:00,24.4,1700270,12:40:00,24.4,1700270,12:40:00
201609030706,201606250906,2016-06-25,12:45:00,11,236.8,343430,11:44:00,223.7,469840,12:13:00,218.4,961020,12:34:00,246.8,1700270,12:40:00,246.8,1700270,12:40:00,246.8,1700270,12:40:00
201609030706,201606250906,2016-06-25,12:45:00,12,6.9,343430,11:44:00,6.7,469840,12:13:00,5.4,961020,12:34:00,4.7,1700270,12:40:00,4.7,1700270,12:40:00,4.7,1700270,12:40:00
201609030706,201606250906,2016-06-25,12:45:00,13,74.0,343430,11:44:00,82.6,469840,12:13:00,122.4,961020,12:34:00,162.9,1700270,12:40:00,162.9,1700270,12:40:00,162.9,1700270,12:40:00
201609030706,201606250906,2016-06-25,12:45:00,14,9.7,343430,11:44:00,11.0,469840,12:13:00,15.6,961020,12:34:00,17.0,1700270,12:40:00,17.0,1700270,12:40:00,17.0,1700270,12:40:00
201609030706,201606250906,2016-06-25,12:45:00,15,27.3,343430,11:44:00,30.9,469840,12:13:00,39.5,961020,12:34:00,41.2,1700270,12:40:00,41.2,1700270,12:40:00,41.2,1700270,12:40:00
201609030706,201606250906,2016-06-25,12:45:00,16,105.2,343430,11:44:00,115.6,469840,12:13:00,150.7,961020,12:34:00,191.0,1700270,12:40:00,191.0,1700270,12:40:00,191.0,1700270,12:40:00
201609030706,201606250906,2016-06-25,12:45:00,17,43.6,343430,11:44:00,46.4,469840,12:13:00,55.3,961020,12:34:00,56.4,1700270,12:40:00,56.4,1700270,12:40:00,56.4,1700270,12:40:00
201609030706,201606250906,2016-06-25,12:45:00,18,45.1,343430,11:44:00,50.0,469840,12:13:00,57.5,961020,12:34:00,61.9,1700270,12:40:00,61.9,1700270,12:40:00,61.9,1700270,12:40:00
201609030707,201606250907,2016-06-25,13:15:00,01,40.9,281000,12:14:00,40.8,365380,12:45:00,34.8,830800,13:04:00,53.7,1751150,13:10:00,53.7,1751150,13:10:00,53.7,1751150,13:10:00
201609030707,201606250907,2016-06-25,13:15:00,02,6.7,281000,12:14:00,5.6,365380,12:45:00,4.3,830800,13:04:00,4.3,1751150,13:10:00,4.3,1751150,13:10:00,4.3,1751150,13:10:00
201609030707,201606250907,2016-06-25,13:15:00,03,23.2,281000,12:14:00,22.8,365380,12:45:00,27.1,830800,13:04:00,38.9,1751150,13:10:00,38.9,1751150,13:10:00,38.9,1751150,13:10:00
201609030707,201606250907,2016-06-25,13:15:00,04,62.2,281000,12:14:00,57.3,365380,12:45:00,80.8,830800,13:04:00,127.5,1751150,13:10:00,127.5,1751150,13:10:00,127.5,1751150,13:10:00
201609030707,201606250907,2016-06-25,13:15:00,05,6.4,281000,12:14:00,6.3,365380,12:45:00,7.6,830800,13:04:00,9.5,1751150,13:10:00,9.5,1751150,13:10:00,9.5,1751150,13:10:00
201609030707,201606250907,2016-06-25,13:15:00,06,26.2,281000,12:14:00,27.9,365380,12:45:00,30.4,830800,13:04:00,40.8,1751150,13:10:00,40.8,1751150,13:10:00,40.8,1751150,13:10:00
201609030707,201606250907,2016-06-25,13:15:00,07,8.8,281000,12:14:00,8.5,365380,12:45:00,7.5,830800,13:04:00,5.9,1751150,13:10:00,5.9,1751150,13:10:00,5.9,1751150,13:10:00
201609030707,201606250907,2016-06-25,13:15:00,08,1.5,281000,12:14:00,1.6,365380,12:45:00,1.7,830800,13:04:00,1.6,1751150,13:10:00,1.6,1751150,13:10:00,1.6,1751150,13:10:00
201609030707,201606250907,2016-06-25,13:15:00,09,15.1,281000,12:14:00,15.8,365380,12:45:00,15.8,830800,13:04:00,20.2,1751150,13:10:00,20.2,1751150,13:10:00,20.2,1751150,13:10:00
201609030708,201606250908,2016-06-25,13:50:00,01,4.3,328060,12:49:00,4.6,432900,13:19:00,4.6,1241690,13:39:00,4.3,1712310,13:44:00,4.3,1712310,13:44:00,4.3,1712310,13:44:00
201609030708,201606250908,2016-06-25,13:50:00,02,17.4,328060,12:49:00,20.3,432900,13:19:00,34.4,1241690,13:39:00,35.2,1712310,13:44:00,35.2,1712310,13:44:00,35.2,1712310,13:44:00
201609030708,201606250908,2016-06-25,13:50:00,03,50.6,328060,12:49:00,56.9,432900,13:19:00,94.8,1241690,13:39:00,91.9,1712310,13:44:00,91.9,1712310,13:44:00,91.9,1712310,13:44:00
201609030708,201606250908,2016-06-25,13:50:00,04,22.3,328060,12:49:00,23.3,432900,13:19:00,33.3,1241690,13:39:00,36.6,1712310,13:44:00,36.6,1712310,13:44:00,36.6,1712310,13:44:00
201609030708,201606250908,2016-06-25,13:50:00,05,33.6,328060,12:49:00,34.8,432900,13:19:00,52.6,1241690,13:39:00,55.2,1712310,13:44:00,55.2,1712310,13:44:00,55.2,1712310,13:44:00
201609030708,201606250908,2016-06-25,13:50:00,06,40.7,328060,12:49:00,42.5,432900,13:19:00,52.3,1241690,13:39:00,52.4,1712310,13:44:00,52.4,1712310,13:44:00,52.4,1712310,13:44:00
201609030708,201606250908,2016-06-25,13:50:00,07,9.2,328060,12:49:00,8.8,432900,13:19:00,6.8,1241690,13:39:00,6.6,1712310,13:44:00,6.6,1712310,13:44:00,6.6,1712310,13:44:00
201609030708,201606250908,2016-06-25,13:50:00,08,58.3,328060,12:49:00,53.4,432900,13:19:00,69.9,1241690,13:39:00,86.6,1712310,13:44:00,86.6,1712310,13:44:00,86.6,1712310,13:44:00
201609030708,201606250908,2016-06-25,13:50:00,09,11.8,328060,12:49:00,12.0,432900,13:19:00,17.3,1241690,13:39:00,19.3,1712310,13:44:00,19.3,1712310,13:44:00,19.3,1712310,13:44:00
201609030708,201606250908,2016-06-25,13:50:00,10,2.9,328060,12:49:00,2.6,432900,13:19:00,2.2,1241690,13:39:00,2.3,1712310,13:44:00,2.3,1712310,13:44:00,2.3,1712310,13:44:00
201609030708,201606250908,2016-06-25,13:50:00,11,88.6,328060,12:49:00,87.2,432900,13:19:00,98.0,1241690,13:39:00,103.1,1712310,13:44:00,103.1,1712310,13:44:00,103.1,1712310,13:44:00
201609030708,201606250908,2016-06-25,13:50:00,12,30.3,328060,12:49:00,31.7,432900,13:19:00,39.9,1241690,13:39:00,40.8,1712310,13:44:00,40.8,1712310,13:44:00,40.8,1712310,13:44:00
201609030708,201606250908,2016-06-25,13:50:00,13,28.7,328060,12:49:00,27.3,432900,13:19:00,24.6,1241690,13:39:00,24.9,1712310,13:44:00,24.9,1712310,13:44:00,24.9,1712310,13:44:00
201609030708,201606250908,2016-06-25,13:50:00,14,10.7,328060,12:49:00,11.7,432900,13:19:00,14.0,1241690,13:39:00,14.3,1712310,13:44:00,14.3,1712310,13:44:00,14.3,1712310,13:44:00
201609030708,201606250908,2016-06-25,13:50:00,15,97.9,328060,12:49:00,103.0,432900,13:19:00,150.0,1241690,13:39:00,165.8,1712310,13:44:00,165.8,1712310,13:44:00,165.8,1712310,13:44:00
201609030708,201606250908,2016-06-25,13:50:00,16,8.7,328060,12:49:00,9.5,432900,13:19:00,8.3,1241690,13:39:00,8.1,1712310,13:44:00,8.1,1712310,13:44:00,8.1,1712310,13:44:00
201609030709,201606250909,2016-06-25,14:25:00,01,10.2,505530,13:24:00,10.6,645590,13:51:00,9.6,1561270,14:14:00,11.2,2225220,14:19:00,11.2,2225220,14:19:00,11.2,2225220,14:19:00
201609030709,201606250909,2016-06-25,14:25:00,02,2.8,505530,13:24:00,2.8,645590,13:51:00,2.4,1561270,14:14:00,2.2,2225220,14:19:00,2.2,2225220,14:19:00,2.2,2225220,14:19:00
201609030709,201606250909,2016-06-25,14:25:00,03,11.9,505530,13:24:00,12.5,645590,13:51:00,14.2,1561270,14:14:00,13.0,2225220,14:19:00,13.0,2225220,14:19:00,13.0,2225220,14:19:00
201609030709,201606250909,2016-06-25,14:25:00,04,36.3,505530,13:24:00,40.5,645590,13:51:00,61.1,1561270,14:14:00,70.7,2225220,14:19:00,70.7,2225220,14:19:00,70.7,2225220,14:19:00
201609030709,201606250909,2016-06-25,14:25:00,05,17.7,505530,13:24:00,19.3,645590,13:51:00,19.1,1561270,14:14:00,20.8,2225220,14:19:00,20.8,2225220,14:19:00,20.8,2225220,14:19:00
201609030709,201606250909,2016-06-25,14:25:00,06,60.7,505530,13:24:00,68.0,645590,13:51:00,100.8,1561270,14:14:00,122.5,2225220,14:19:00,122.5,2225220,14:19:00,122.5,2225220,14:19:00
201609030709,201606250909,2016-06-25,14:25:00,07,50.6,505530,13:24:00,53.0,645590,13:51:00,81.6,1561270,14:14:00,97.8,2225220,14:19:00,97.8,2225220,14:19:00,97.8,2225220,14:19:00
201609030709,201606250909,2016-06-25,14:25:00,08,9.4,505530,13:24:00,7.2,645590,13:51:00,9.6,1561270,14:14:00,9.2,2225220,14:19:00,9.2,2225220,14:19:00,9.2,2225220,14:19:00
201609030709,201606250909,2016-06-25,14:25:00,09,58.1,505530,13:24:00,66.0,645590,13:51:00,109.2,1561270,14:14:00,125.3,2225220,14:19:00,125.3,2225220,14:19:00,125.3,2225220,14:19:00
201609030709,201606250909,2016-06-25,14:25:00,10,54.8,505530,13:24:00,43.0,645590,13:51:00,47.4,1561270,14:14:00,58.8,2225220,14:19:00,58.8,2225220,14:19:00,58.8,2225220,14:19:00
201609030709,201606250909,2016-06-25,14:25:00,11,2.6,505530,13:24:00,2.7,645590,13:51:00,2.7,1561270,14:14:00,2.7,2225220,14:19:00,2.7,2225220,14:19:00,2.7,2225220,14:19:00
201609030709,201606250909,2016-06-25,14:25:00,12,27.3,505530,13:24:00,29.4,645590,13:51:00,19.9,1561270,14:14:00,21.9,2225220,14:19:00,21.9,2225220,14:19:00,21.9,2225220,14:19:00
201609030709,201606250909,2016-06-25,14:25:00,13,118.2,505530,13:24:00,124.7,645590,13:51:00,184.2,1561270,14:14:00,227.9,2225220,14:19:00,227.9,2225220,14:19:00,227.9,2225220,14:19:00
201609030709,201606250909,2016-06-25,14:25:00,14,41.3,505530,13:24:00,46.1,645590,13:51:00,71.6,1561270,14:14:00,82.4,2225220,14:19:00,82.4,2225220,14:19:00,82.4,2225220,14:19:00
201609030709,201606250909,2016-06-25,14:25:00,15,78.9,505530,13:24:00,83.0,645590,13:51:00,125.6,1561270,14:14:00,148.5,2225220,14:19:00,148.5,2225220,14:19:00,148.5,2225220,14:19:00
201609030710,201606250910,2016-06-25,15:01:00,01,10.0,609210,13:58:00,10.2,735990,14:29:00,11.5,1845200,14:50:00,13.0,2579220,14:55:00,13.0,2579220,14:55:00,13.0,2579220,14:55:00
201609030710,201606250910,2016-06-25,15:01:00,02,2.4,609210,13:58:00,2.4,735990,14:29:00,2.2,1845200,14:50:00,2.1,2579220,14:55:00,2.1,2579220,14:55:00,2.1,2579220,14:55:00
201609030710,201606250910,2016-06-25,15:01:00,03,28.9,609210,13:58:00,28.9,735990,14:29:00,32.1,1845200,14:50:00,38.0,2579220,14:55:00,38.0,2579220,14:55:00,38.0,2579220,14:55:00
201609030710,201606250910,2016-06-25,15:01:00,04,18.6,609210,13:58:00,18.6,735990,14:29:00,22.1,1845200,14:50:00,26.2,2579220,14:55:00,26.2,2579220,14:55:00,26.2,2579220,14:55:00
201609030710,201606250910,2016-06-25,15:01:00,05,5.3,609210,13:58:00,5.4,735990,14:29:00,5.7,1845200,14:50:00,5.7,2579220,14:55:00,5.7,2579220,14:55:00,5.7,2579220,14:55:00
201609030710,201606250910,2016-06-25,15:01:00,06,9.0,609210,13:58:00,9.2,735990,14:29:00,8.4,1845200,14:50:00,7.9,2579220,14:55:00,7.9,2579220,14:55:00,7.9,2579220,14:55:00
201609030710,201606250910,2016-06-25,15:01:00,07,6.7,609210,13:58:00,7.0,735990,14:29:00,9.3,1845200,14:50:00,9.5,2579220,14:55:00,9.5,2579220,14:55:00,9.5,2579220,14:55:00
201609030710,201606250910,2016-06-25,15:01:00,08,5.0,609210,13:58:00,4.9,735990,14:29:00,4.2,1845200,14:50:00,4.1,2579220,14:55:00,4.1,2579220,14:55:00,4.1,2579220,14:55:00
201609030710,201606250910,2016-06-25,15:01:00,09,74.9,609210,13:58:00,74.8,735990,14:29:00,117.5,1845200,14:50:00,143.2,2579220,14:55:00,143.2,2579220,14:55:00,143.2,2579220,14:55:00
201609030711,201606250911,2016-06-25,15:35:00,01,7.9,1428420,14:32:00,8.1,1835870,15:05:00,7.9,3014280,15:24:00,7.5,3787590,15:29:00,7.5,3787590,15:29:00,7.5,3787590,15:29:00
201609030711,201606250911,2016-06-25,15:35:00,02,12.2,1428420,14:32:00,13.2,1835870,15:05:00,15.6,3014280,15:24:00,15.4,3787590,15:29:00,15.4,3787590,15:29:00,15.4,3787590,15:29:00
201609030711,201606250911,2016-06-25,15:35:00,03,7.8,1428420,14:32:00,7.5,1835870,15:05:00,7.5,3014280,15:24:00,7.6,3787590,15:29:00,7.6,3787590,15:29:00,7.6,3787590,15:29:00
201609030711,201606250911,2016-06-25,15:35:00,04,6.0,1428420,14:32:00,5.4,1835870,15:05:00,5.0,3014280,15:24:00,4.9,3787590,15:29:00,4.9,3787590,15:29:00,4.9,3787590,15:29:00
201609030711,201606250911,2016-06-25,15:35:00,05,10.8,1428420,14:32:00,11.5,1835870,15:05:00,14.1,3014280,15:24:00,14.9,3787590,15:29:00,14.9,3787590,15:29:00,14.9,3787590,15:29:00
201609030711,201606250911,2016-06-25,15:35:00,06,26.0,1428420,14:32:00,30.3,1835870,15:05:00,39.6,3014280,15:24:00,43.3,3787590,15:29:00,43.3,3787590,15:29:00,43.3,3787590,15:29:00
201609030711,201606250911,2016-06-25,15:35:00,07,23.6,1428420,14:32:00,23.5,1835870,15:05:00,23.1,3014280,15:24:00,25.7,3787590,15:29:00,25.7,3787590,15:29:00,25.7,3787590,15:29:00
201609030711,201606250911,2016-06-25,15:35:00,08,48.7,1428420,14:32:00,54.5,1835870,15:05:00,65.5,3014280,15:24:00,67.8,3787590,15:29:00,67.8,3787590,15:29:00,67.8,3787590,15:29:00
201609030711,201606250911,2016-06-25,15:35:00,09,6.8,1428420,14:32:00,6.5,1835870,15:05:00,5.1,3014280,15:24:00,5.3,3787590,15:29:00,5.3,3787590,15:29:00,5.3,3787590,15:29:00
201609030711,201606250911,2016-06-25,15:35:00,10,116.0,1428420,14:32:00,121.6,1835870,15:05:00,131.1,3014280,15:24:00,132.3,3787590,15:29:00,132.3,3787590,15:29:00,132.3,3787590,15:29:00
201609030711,201606250911,2016-06-25,15:35:00,11,8.1,1428420,14:32:00,8.6,1835870,15:05:00,8.9,3014280,15:24:00,8.5,3787590,15:29:00,8.5,3787590,15:29:00,8.5,3787590,15:29:00
201609030711,201606250911,2016-06-25,15:35:00,12,88.9,1428420,14:32:00,96.2,1835870,15:05:00,128.8,3014280,15:24:00,137.6,3787590,15:29:00,137.6,3787590,15:29:00,137.6,3787590,15:29:00
201609030711,201606250911,2016-06-25,15:35:00,13,6.7,1428420,14:32:00,6.8,1835870,15:05:00,7.1,3014280,15:24:00,6.7,3787590,15:29:00,6.7,3787590,15:29:00,6.7,3787590,15:29:00
201609030711,201606250911,2016-06-25,15:35:00,14,9.8,1428420,14:32:00,9.4,1835870,15:05:00,9.9,3014280,15:24:00,10.2,3787590,15:29:00,10.2,3787590,15:29:00,10.2,3787590,15:29:00
201609030711,201606250911,2016-06-25,15:35:00,15,58.1,1428420,14:32:00,64.7,1835870,15:05:00,73.9,3014280,15:24:00,81.6,3787590,15:29:00,81.6,3787590,15:29:00,81.6,3787590,15:29:00
201609030712,201606250912,2016-06-25,16:15:00,01,70.0,741890,15:13:00,74.7,939820,15:45:00,119.7,2406440,16:04:00,144.9,3307060,16:09:00,144.9,3307060,16:09:00,144.9,3307060,16:09:00
201609030712,201606250912,2016-06-25,16:15:00,02,53.0,741890,15:13:00,59.7,939820,15:45:00,84.1,2406440,16:04:00,97.1,3307060,16:09:00,97.1,3307060,16:09:00,97.1,3307060,16:09:00
201609030712,201606250912,2016-06-25,16:15:00,03,68.6,741890,15:13:00,77.1,939820,15:45:00,100.4,2406440,16:04:00,124.5,3307060,16:09:00,124.5,3307060,16:09:00,124.5,3307060,16:09:00
201609030712,201606250912,2016-06-25,16:15:00,04,2.2,741890,15:13:00,2.2,939820,15:45:00,2.1,2406440,16:04:00,2.0,3307060,16:09:00,2.0,3307060,16:09:00,2.0,3307060,16:09:00
201609030712,201606250912,2016-06-25,16:15:00,05,134.8,741890,15:13:00,138.7,939820,15:45:00,202.8,2406440,16:04:00,246.3,3307060,16:09:00,246.3,3307060,16:09:00,246.3,3307060,16:09:00
201609030712,201606250912,2016-06-25,16:15:00,06,3.8,741890,15:13:00,4.4,939820,15:45:00,4.8,2406440,16:04:00,5.9,3307060,16:09:00,5.9,3307060,16:09:00,5.9,3307060,16:09:00
201609030712,201606250912,2016-06-25,16:15:00,07,5.8,741890,15:13:00,4.8,939820,15:45:00,4.5,2406440,16:04:00,4.1,3307060,16:09:00,4.1,3307060,16:09:00,4.1,3307060,16:09:00
201609030712,201606250912,2016-06-25,16:15:00,08,39.7,741890,15:13:00,33.0,939820,15:45:00,55.5,2406440,16:04:00,61.2,3307060,16:09:00,61.2,3307060,16:09:00,61.2,3307060,16:09:00
201609030712,201606250912,2016-06-25,16:15:00,09,45.8,741890,15:13:00,42.4,939820,15:45:00,53.8,2406440,16:04:00,32.6,3307060,16:09:00,32.6,3307060,16:09:00,32.6,3307060,16:09:00
201609030712,201606250912,2016-06-25,16:15:00,10,48.8,741890,15:13:00,52.0,939820,15:45:00,78.6,2406440,16:04:00,85.8,3307060,16:09:00,85.8,3307060,16:09:00,85.8,3307060,16:09:00
201609030712,201606250912,2016-06-25,16:15:00,11,30.5,741890,15:13:00,28.5,939820,15:45:00,31.3,2406440,16:04:00,32.3,3307060,16:09:00,32.3,3307060,16:09:00,32.3,3307060,16:09:00
201609030712,201606250912,2016-06-25,16:15:00,12,25.0,741890,15:13:00,26.7,939820,15:45:00,26.7,2406440,16:04:00,30.0,3307060,16:09:00,30.0,3307060,16:09:00,30.0,3307060,16:09:00
201609030712,201606250912,2016-06-25,16:15:00,13,103.7,741890,15:13:00,108.6,939820,15:45:00,125.0,2406440,16:04:00,148.1,3307060,16:09:00,148.1,3307060,16:09:00,148.1,3307060,16:09:00
201609030712,201606250912,2016-06-25,16:15:00,14,20.5,741890,15:13:00,18.7,939820,15:45:00,17.9,2406440,16:04:00,18.0,3307060,16:09:00,18.0,3307060,16:09:00,18.0,3307060,16:09:00
201609030712,201606250912,2016-06-25,16:15:00,15,11.3,741890,15:13:00,11.9,939820,15:45:00,9.4,2406440,16:04:00,10.1,3307060,16:09:00,10.1,3307060,16:09:00,10.1,3307060,16:09:00
201609030712,201606250912,2016-06-25,16:15:00,16,29.3,741890,15:13:00,29.8,939820,15:45:00,24.1,2406440,16:04:00,25.7,3307060,16:09:00,25.7,3307060,16:09:00,25.7,3307060,16:09:00
201609030801,201606260901,2016-06-26,10:05:00,01,10.3,319220,09:05:00,9.5,483760,09:35:00,9.7,1042220,09:54:00,10.4,1575820,09:59:00,10.4,1575820,09:59:00,10.4,1575820,09:59:00
201609030801,201606260901,2016-06-26,10:05:00,02,26.1,319220,09:05:00,25.1,483760,09:35:00,28.1,1042220,09:54:00,32.9,1575820,09:59:00,32.9,1575820,09:59:00,32.9,1575820,09:59:00
201609030801,201606260901,2016-06-26,10:05:00,03,2.4,319220,09:05:00,2.4,483760,09:35:00,2.3,1042220,09:54:00,2.0,1575820,09:59:00,2.0,1575820,09:59:00,2.0,1575820,09:59:00
201609030801,201606260901,2016-06-26,10:05:00,04,28.7,319220,09:05:00,28.1,483760,09:35:00,32.1,1042220,09:54:00,39.6,1575820,09:59:00,39.6,1575820,09:59:00,39.6,1575820,09:59:00
201609030801,201606260901,2016-06-26,10:05:00,05,5.3,319220,09:05:00,6.1,483760,09:35:00,6.5,1042220,09:54:00,7.3,1575820,09:59:00,7.3,1575820,09:59:00,7.3,1575820,09:59:00
201609030801,201606260901,2016-06-26,10:05:00,06,74.2,319220,09:05:00,69.2,483760,09:35:00,92.1,1042220,09:54:00,115.2,1575820,09:59:00,115.2,1575820,09:59:00,115.2,1575820,09:59:00
201609030801,201606260901,2016-06-26,10:05:00,07,19.4,319220,09:05:00,18.4,483760,09:35:00,20.4,1042220,09:54:00,22.6,1575820,09:59:00,22.6,1575820,09:59:00,22.6,1575820,09:59:00
201609030801,201606260901,2016-06-26,10:05:00,08,101.3,319220,09:05:00,104.0,483760,09:35:00,116.4,1042220,09:54:00,148.1,1575820,09:59:00,148.1,1575820,09:59:00,148.1,1575820,09:59:00
201609030801,201606260901,2016-06-26,10:05:00,09,14.8,319220,09:05:00,16.1,483760,09:35:00,20.8,1042220,09:54:00,22.6,1575820,09:59:00,22.6,1575820,09:59:00,22.6,1575820,09:59:00
201609030801,201606260901,2016-06-26,10:05:00,10,145.9,319220,09:05:00,154.8,483760,09:35:00,251.1,1042220,09:54:00,343.5,1575820,09:59:00,343.5,1575820,09:59:00,343.5,1575820,09:59:00
201609030801,201606260901,2016-06-26,10:05:00,11,9.6,319220,09:05:00,10.5,483760,09:35:00,9.1,1042220,09:54:00,8.9,1575820,09:59:00,8.9,1575820,09:59:00,8.9,1575820,09:59:00
201609030801,201606260901,2016-06-26,10:05:00,12,81.0,319220,09:05:00,72.0,483760,09:35:00,107.5,1042220,09:54:00,142.7,1575820,09:59:00,142.7,1575820,09:59:00,142.7,1575820,09:59:00
201609030801,201606260901,2016-06-26,10:05:00,13,55.1,319220,09:05:00,44.6,483760,09:35:00,44.4,1042220,09:54:00,54.2,1575820,09:59:00,54.2,1575820,09:59:00,54.2,1575820,09:59:00
201609030801,201606260901,2016-06-26,10:05:00,14,6.6,319220,09:05:00,5.8,483760,09:35:00,5.1,1042220,09:54:00,5.7,1575820,09:59:00,5.7,1575820,09:59:00,5.7,1575820,09:59:00
201609030801,201606260901,2016-06-26,10:05:00,15,88.3,319220,09:05:00,91.9,483760,09:35:00,113.9,1042220,09:54:00,153.3,1575820,09:59:00,153.3,1575820,09:59:00,153.3,1575820,09:59:00
201609030801,201606260901,2016-06-26,10:05:00,16,26.1,319220,09:05:00,21.5,483760,09:35:00,22.2,1042220,09:54:00,24.2,1575820,09:59:00,24.2,1575820,09:59:00,24.2,1575820,09:59:00
201609030802,201606260902,2016-06-26,10:35:00,01,16.2,230750,09:31:00,14.4,336280,10:04:00,14.0,832060,10:24:00,15.4,1266740,10:30:00,15.4,1266740,10:30:00,15.4,1266740,10:30:00
201609030802,201606260902,2016-06-26,10:35:00,02,5.9,230750,09:31:00,5.6,336280,10:04:00,5.4,832060,10:24:00,5.3,1266740,10:30:00,5.3,1266740,10:30:00,5.3,1266740,10:30:00
201609030802,201606260902,2016-06-26,10:35:00,03,30.4,230750,09:31:00,29.1,336280,10:04:00,26.7,832060,10:24:00,29.7,1266740,10:30:00,29.7,1266740,10:30:00,29.7,1266740,10:30:00
201609030802,201606260902,2016-06-26,10:35:00,04,1.5,230750,09:31:00,1.6,336280,10:04:00,1.5,832060,10:24:00,1.4,1266740,10:30:00,1.4,1266740,10:30:00,1.4,1266740,10:30:00
201609030802,201606260902,2016-06-26,10:35:00,05,55.4,230750,09:31:00,52.5,336280,10:04:00,54.7,832060,10:24:00,63.0,1266740,10:30:00,63.0,1266740,10:30:00,63.0,1266740,10:30:00
201609030802,201606260902,2016-06-26,10:35:00,06,25.0,230750,09:31:00,27.3,336280,10:04:00,49.0,832060,10:24:00,60.5,1266740,10:30:00,60.5,1266740,10:30:00,60.5,1266740,10:30:00
201609030802,201606260902,2016-06-26,10:35:00,07,22.0,230750,09:31:00,22.2,336280,10:04:00,23.2,832060,10:24:00,23.7,1266740,10:30:00,23.7,1266740,10:30:00,23.7,1266740,10:30:00
201609030802,201606260902,2016-06-26,10:35:00,08,18.4,230750,09:31:00,15.4,336280,10:04:00,21.4,832060,10:24:00,24.5,1266740,10:30:00,24.5,1266740,10:30:00,24.5,1266740,10:30:00
201609030802,201606260902,2016-06-26,10:35:00,09,120.6,230750,09:31:00,46.0,336280,10:04:00,78.8,832060,10:24:00,107.3,1266740,10:30:00,107.3,1266740,10:30:00,107.3,1266740,10:30:00
201609030802,201606260902,2016-06-26,10:35:00,10,79.5,230750,09:31:00,72.1,336280,10:04:00,103.0,832060,10:24:00,121.2,1266740,10:30:00,121.2,1266740,10:30:00,121.2,1266740,10:30:00
201609030802,201606260902,2016-06-26,10:35:00,11,93.7,230750,09:31:00,94.0,336280,10:04:00,132.8,832060,10:24:00,155.4,1266740,10:30:00,155.4,1266740,10:30:00,155.4,1266740,10:30:00
201609030802,201606260902,2016-06-26,10:35:00,12,22.5,230750,09:31:00,19.0,336280,10:04:00,16.9,832060,10:24:00,18.5,1266740,10:30:00,18.5,1266740,10:30:00,18.5,1266740,10:30:00
201609030802,201606260902,2016-06-26,10:35:00,13,72.3,230750,09:31:00,66.2,336280,10:04:00,96.3,832060,10:24:00,100.0,1266740,10:30:00,100.0,1266740,10:30:00,100.0,1266740,10:30:00
201609030802,201606260902,2016-06-26,10:35:00,14,23.4,230750,09:31:00,22.0,336280,10:04:00,19.5,832060,10:24:00,21.4,1266740,10:30:00,21.4,1266740,10:30:00,21.4,1266740,10:30:00
201609030802,201606260902,2016-06-26,10:35:00,15,68.6,230750,09:31:00,68.4,336280,10:04:00,79.2,832060,10:24:00,93.4,1266740,10:30:00,93.4,1266740,10:30:00,93.4,1266740,10:30:00
201609030802,201606260902,2016-06-26,10:35:00,16,40.1,230750,09:31:00,34.2,336280,10:04:00,45.9,832060,10:24:00,54.1,1266740,10:30:00,54.1,1266740,10:30:00,54.1,1266740,10:30:00
201609030803,201606260903,2016-06-26,11:05:00,01,4.1,258630,10:04:00,3.9,361270,10:34:00,3.6,824980,10:54:00,3.4,1344290,11:00:00,3.4,1344290,11:00:00,3.4,1344290,11:00:00
201609030803,201606260903,2016-06-26,11:05:00,02,46.3,258630,10:04:00,57.1,361270,10:34:00,83.3,824980,10:54:00,108.9,1344290,11:00:00,108.9,1344290,11:00:00,108.9,1344290,11:00:00
201609030803,201606260903,2016-06-26,11:05:00,03,10.0,258630,10:04:00,9.7,361270,10:34:00,7.1,824980,10:54:00,8.1,1344290,11:00:00,8.1,1344290,11:00:00,8.1,1344290,11:00:00
201609030803,201606260903,2016-06-26,11:05:00,04,22.9,258630,10:04:00,24.1,361270,10:34:00,22.1,824980,10:54:00,25.6,1344290,11:00:00,25.6,1344290,11:00:00,25.6,1344290,11:00:00
201609030803,201606260903,2016-06-26,11:05:00,05,6.2,258630,10:04:00,6.0,361270,10:34:00,6.1,824980,10:54:00,5.3,1344290,11:00:00,5.3,1344290,11:00:00,5.3,1344290,11:00:00
201609030803,201606260903,2016-06-26,11:05:00,06,10.2,258630,10:04:00,9.6,361270,10:34:00,9.8,824980,10:54:00,10.9,1344290,11:00:00,10.9,1344290,11:00:00,10.9,1344290,11:00:00
201609030803,201606260903,2016-06-26,11:05:00,07,81.4,258630,10:04:00,91.1,361270,10:34:00,109.2,824980,10:54:00,128.6,1344290,11:00:00,128.6,1344290,11:00:00,128.6,1344290,11:00:00
201609030803,201606260903,2016-06-26,11:05:00,08,47.3,258630,10:04:00,51.1,361270,10:34:00,41.9,824980,10:54:00,51.3,1344290,11:00:00,51.3,1344290,11:00:00,51.3,1344290,11:00:00
201609030803,201606260903,2016-06-26,11:05:00,09,126.9,258630,10:04:00,147.4,361270,10:34:00,206.8,824980,10:54:00,201.0,1344290,11:00:00,201.0,1344290,11:00:00,201.0,1344290,11:00:00
201609030803,201606260903,2016-06-26,11:05:00,10,16.7,258630,10:04:00,17.8,361270,10:34:00,15.9,824980,10:54:00,18.2,1344290,11:00:00,18.2,1344290,11:00:00,18.2,1344290,11:00:00
201609030803,201606260903,2016-06-26,11:05:00,11,64.4,258630,10:04:00,70.1,361270,10:34:00,84.5,824980,10:54:00,107.9,1344290,11:00:00,107.9,1344290,11:00:00,107.9,1344290,11:00:00
201609030803,201606260903,2016-06-26,11:05:00,12,12.2,258630,10:04:00,13.3,361270,10:34:00,19.9,824980,10:54:00,22.7,1344290,11:00:00,22.7,1344290,11:00:00,22.7,1344290,11:00:00
201609030803,201606260903,2016-06-26,11:05:00,13,75.2,258630,10:04:00,71.7,361270,10:34:00,65.4,824980,10:54:00,85.5,1344290,11:00:00,85.5,1344290,11:00:00,85.5,1344290,11:00:00
201609030803,201606260903,2016-06-26,11:05:00,14,123.8,258630,10:04:00,147.4,361270,10:34:00,198.1,824980,10:54:00,225.9,1344290,11:00:00,225.9,1344290,11:00:00,225.9,1344290,11:00:00
201609030803,201606260903,2016-06-26,11:05:00,15,6.4,258630,10:04:00,6.4,361270,10:34:00,6.5,824980,10:54:00,6.8,1344290,11:00:00,6.8,1344290,11:00:00,6.8,1344290,11:00:00
201609030803,201606260903,2016-06-26,11:05:00,16,4.6,258630,10:04:00,4.8,361270,10:34:00,5.5,824980,10:54:00,4.8,1344290,11:00:00,4.8,1344290,11:00:00,4.8,1344290,11:00:00
201609030804,201606260904,2016-06-26,11:35:00,01,45.7,403380,10:34:00,51.3,519790,11:01:00,68.0,1255190,11:24:00,64.4,1882470,11:30:00,64.4,1882470,11:30:00,64.4,1882470,11:30:00
201609030804,201606260904,2016-06-26,11:35:00,02,133.9,403380,10:34:00,135.8,519790,11:01:00,143.6,1255190,11:24:00,166.4,1882470,11:30:00,166.4,1882470,11:30:00,166.4,1882470,11:30:00
201609030804,201606260904,2016-06-26,11:35:00,03,79.6,403380,10:34:00,55.7,519790,11:01:00,77.5,1255190,11:24:00,86.7,1882470,11:30:00,86.7,1882470,11:30:00,86.7,1882470,11:30:00
201609030804,201606260904,2016-06-26,11:35:00,04,6.6,403380,10:34:00,6.5,519790,11:01:00,6.8,1255190,11:24:00,7.4,1882470,11:30:00,7.4,1882470,11:30:00,7.4,1882470,11:30:00
201609030804,201606260904,2016-06-26,11:35:00,05,60.8,403380,10:34:00,61.3,519790,11:01:00,85.8,1255190,11:24:00,99.9,1882470,11:30:00,99.9,1882470,11:30:00,99.9,1882470,11:30:00
201609030804,201606260904,2016-06-26,11:35:00,06,134.4,403380,10:34:00,143.8,519790,11:01:00,151.2,1255190,11:24:00,172.3,1882470,11:30:00,172.3,1882470,11:30:00,172.3,1882470,11:30:00
201609030804,201606260904,2016-06-26,11:35:00,07,15.1,403380,10:34:00,14.4,519790,11:01:00,18.6,1255190,11:24:00,22.0,1882470,11:30:00,22.0,1882470,11:30:00,22.0,1882470,11:30:00
201609030804,201606260904,2016-06-26,11:35:00,08,79.0,403380,10:34:00,81.6,519790,11:01:00,110.1,1255190,11:24:00,142.8,1882470,11:30:00,142.8,1882470,11:30:00,142.8,1882470,11:30:00
201609030804,201606260904,2016-06-26,11:35:00,09,10.3,403380,10:34:00,11.2,519790,11:01:00,11.9,1255190,11:24:00,10.5,1882470,11:30:00,10.5,1882470,11:30:00,10.5,1882470,11:30:00
201609030804,201606260904,2016-06-26,11:35:00,10,1.8,403380,10:34:00,1.8,519790,11:01:00,1.8,1255190,11:24:00,1.7,1882470,11:30:00,1.7,1882470,11:30:00,1.7,1882470,11:30:00
201609030804,201606260904,2016-06-26,11:35:00,11,24.8,403380,10:34:00,26.8,519790,11:01:00,32.8,1255190,11:24:00,36.5,1882470,11:30:00,36.5,1882470,11:30:00,36.5,1882470,11:30:00
201609030804,201606260904,2016-06-26,11:35:00,12,123.1,403380,10:34:00,141.4,519790,11:01:00,218.7,1255190,11:24:00,243.2,1882470,11:30:00,243.2,1882470,11:30:00,243.2,1882470,11:30:00
201609030804,201606260904,2016-06-26,11:35:00,13,27.3,403380,10:34:00,29.3,519790,11:01:00,35.6,1255190,11:24:00,40.9,1882470,11:30:00,40.9,1882470,11:30:00,40.9,1882470,11:30:00
201609030804,201606260904,2016-06-26,11:35:00,14,13.0,403380,10:34:00,11.3,519790,11:01:00,8.3,1255190,11:24:00,8.2,1882470,11:30:00,8.2,1882470,11:30:00,8.2,1882470,11:30:00
201609030804,201606260904,2016-06-26,11:35:00,15,62.9,403380,10:34:00,69.4,519790,11:01:00,82.6,1255190,11:24:00,81.7,1882470,11:30:00,81.7,1882470,11:30:00,81.7,1882470,11:30:00
201609030804,201606260904,2016-06-26,11:35:00,16,9.2,403380,10:34:00,9.6,519790,11:01:00,6.5,1255190,11:24:00,6.9,1882470,11:30:00,6.9,1882470,11:30:00,6.9,1882470,11:30:00
201609030804,201606260904,2016-06-26,11:35:00,17,122.7,403380,10:34:00,128.7,519790,11:01:00,206.6,1255190,11:24:00,227.1,1882470,11:30:00,227.1,1882470,11:30:00,227.1,1882470,11:30:00
201609030804,201606260904,2016-06-26,11:35:00,18,56.2,403380,10:34:00,57.0,519790,11:01:00,44.2,1255190,11:24:00,50.1,1882470,11:30:00,50.1,1882470,11:30:00,50.1,1882470,11:30:00
201609030805,201606260905,2016-06-26,12:25:00,01,84.4,612770,11:20:00,87.8,1152090,11:55:00,101.7,1994900,12:14:00,106.5,2591720,12:19:00,106.5,2591720,12:19:00,106.5,2591720,12:19:00
201609030805,201606260905,2016-06-26,12:25:00,02,7.4,612770,11:20:00,6.2,1152090,11:55:00,6.5,1994900,12:14:00,6.1,2591720,12:19:00,6.1,2591720,12:19:00,6.1,2591720,12:19:00
201609030805,201606260905,2016-06-26,12:25:00,03,39.3,612770,11:20:00,47.0,1152090,11:55:00,51.0,1994900,12:14:00,54.5,2591720,12:19:00,54.5,2591720,12:19:00,54.5,2591720,12:19:00
201609030805,201606260905,2016-06-26,12:25:00,04,14.6,612770,11:20:00,12.2,1152090,11:55:00,11.4,1994900,12:14:00,11.1,2591720,12:19:00,11.1,2591720,12:19:00,11.1,2591720,12:19:00
201609030805,201606260905,2016-06-26,12:25:00,05,8.1,612770,11:20:00,8.8,1152090,11:55:00,9.8,1994900,12:14:00,10.9,2591720,12:19:00,10.9,2591720,12:19:00,10.9,2591720,12:19:00
201609030805,201606260905,2016-06-26,12:25:00,06,56.3,612770,11:20:00,56.1,1152090,11:55:00,60.2,1994900,12:14:00,65.8,2591720,12:19:00,65.8,2591720,12:19:00,65.8,2591720,12:19:00
201609030805,201606260905,2016-06-26,12:25:00,07,9.9,612770,11:20:00,10.8,1152090,11:55:00,9.7,1994900,12:14:00,10.6,2591720,12:19:00,10.6,2591720,12:19:00,10.6,2591720,12:19:00
201609030805,201606260905,2016-06-26,12:25:00,08,69.7,612770,11:20:00,74.8,1152090,11:55:00,91.8,1994900,12:14:00,105.9,2591720,12:19:00,105.9,2591720,12:19:00,105.9,2591720,12:19:00
201609030805,201606260905,2016-06-26,12:25:00,09,20.9,612770,11:20:00,21.1,1152090,11:55:00,22.4,1994900,12:14:00,23.6,2591720,12:19:00,23.6,2591720,12:19:00,23.6,2591720,12:19:00
201609030805,201606260905,2016-06-26,12:25:00,10,7.7,612770,11:20:00,7.2,1152090,11:55:00,6.9,1994900,12:14:00,6.9,2591720,12:19:00,6.9,2591720,12:19:00,6.9,2591720,12:19:00
201609030805,201606260905,2016-06-26,12:25:00,11,42.5,612770,11:20:00,52.1,1152090,11:55:00,57.9,1994900,12:14:00,56.8,2591720,12:19:00,56.8,2591720,12:19:00,56.8,2591720,12:19:00
201609030805,201606260905,2016-06-26,12:25:00,12,15.5,612770,11:20:00,18.3,1152090,11:55:00,21.3,1994900,12:14:00,21.9,2591720,12:19:00,21.9,2591720,12:19:00,21.9,2591720,12:19:00
201609030805,201606260905,2016-06-26,12:25:00,13,116.7,612770,11:20:00,110.8,1152090,11:55:00,121.8,1994900,12:14:00,136.0,2591720,12:19:00,136.0,2591720,12:19:00,136.0,2591720,12:19:00
201609030805,201606260905,2016-06-26,12:25:00,14,3.7,612770,11:20:00,3.6,1152090,11:55:00,3.2,1994900,12:14:00,3.1,2591720,12:19:00,3.1,2591720,12:19:00,3.1,2591720,12:19:00
201609030805,201606260905,2016-06-26,12:25:00,15,6.5,612770,11:20:00,7.6,1152090,11:55:00,8.0,1994900,12:14:00,8.0,2591720,12:19:00,8.0,2591720,12:19:00,8.0,2591720,12:19:00
201609030806,201606260906,2016-06-26,12:55:00,01,57.6,348690,11:54:00,70.1,491970,12:24:00,81.2,966810,12:44:00,107.8,1543940,12:50:00,107.8,1543940,12:50:00,107.8,1543940,12:50:00
201609030806,201606260906,2016-06-26,12:55:00,02,23.6,348690,11:54:00,25.8,491970,12:24:00,24.6,966810,12:44:00,27.2,1543940,12:50:00,27.2,1543940,12:50:00,27.2,1543940,12:50:00
201609030806,201606260906,2016-06-26,12:55:00,03,19.5,348690,11:54:00,22.9,491970,12:24:00,25.1,966810,12:44:00,30.7,1543940,12:50:00,30.7,1543940,12:50:00,30.7,1543940,12:50:00
201609030806,201606260906,2016-06-26,12:55:00,04,80.1,348690,11:54:00,88.6,491970,12:24:00,84.4,966810,12:44:00,102.0,1543940,12:50:00,102.0,1543940,12:50:00,102.0,1543940,12:50:00
201609030806,201606260906,2016-06-26,12:55:00,05,30.3,348690,11:54:00,25.9,491970,12:24:00,27.2,966810,12:44:00,29.5,1543940,12:50:00,29.5,1543940,12:50:00,29.5,1543940,12:50:00
201609030806,201606260906,2016-06-26,12:55:00,06,22.9,348690,11:54:00,28.2,491970,12:24:00,30.1,966810,12:44:00,34.3,1543940,12:50:00,34.3,1543940,12:50:00,34.3,1543940,12:50:00
201609030806,201606260906,2016-06-26,12:55:00,07,10.8,348690,11:54:00,12.4,491970,12:24:00,11.8,966810,12:44:00,11.5,1543940,12:50:00,11.5,1543940,12:50:00,11.5,1543940,12:50:00
201609030806,201606260906,2016-06-26,12:55:00,08,7.9,348690,11:54:00,6.0,491970,12:24:00,6.5,966810,12:44:00,6.7,1543940,12:50:00,6.7,1543940,12:50:00,6.7,1543940,12:50:00
201609030806,201606260906,2016-06-26,12:55:00,09,59.4,348690,11:54:00,67.1,491970,12:24:00,74.8,966810,12:44:00,92.5,1543940,12:50:00,92.5,1543940,12:50:00,92.5,1543940,12:50:00
201609030806,201606260906,2016-06-26,12:55:00,10,18.9,348690,11:54:00,21.3,491970,12:24:00,24.6,966810,12:44:00,29.2,1543940,12:50:00,29.2,1543940,12:50:00,29.2,1543940,12:50:00
201609030806,201606260906,2016-06-26,12:55:00,11,63.1,348690,11:54:00,69.5,491970,12:24:00,83.7,966810,12:44:00,103.9,1543940,12:50:00,103.9,1543940,12:50:00,103.9,1543940,12:50:00
201609030806,201606260906,2016-06-26,12:55:00,12,8.7,348690,11:54:00,8.5,491970,12:24:00,8.0,966810,12:44:00,8.4,1543940,12:50:00,8.4,1543940,12:50:00,8.4,1543940,12:50:00
201609030806,201606260906,2016-06-26,12:55:00,13,2.6,348690,11:54:00,2.5,491970,12:24:00,2.8,966810,12:44:00,2.5,1543940,12:50:00,2.5,1543940,12:50:00,2.5,1543940,12:50:00
201609030806,201606260906,2016-06-26,12:55:00,14,13.9,348690,11:54:00,15.4,491970,12:24:00,15.0,966810,12:44:00,15.1,1543940,12:50:00,15.1,1543940,12:50:00,15.1,1543940,12:50:00
201609030806,201606260906,2016-06-26,12:55:00,15,7.2,348690,11:54:00,7.3,491970,12:24:00,5.1,966810,12:44:00,5.2,1543940,12:50:00,5.2,1543940,12:50:00,5.2,1543940,12:50:00
201609030806,201606260906,2016-06-26,12:55:00,16,21.7,348690,11:54:00,24.8,491970,12:24:00,23.2,966810,12:44:00,23.8,1543940,12:50:00,23.8,1543940,12:50:00,23.8,1543940,12:50:00
201609030807,201606260907,2016-06-26,13:25:00,01,46.4,432940,12:21:00,42.5,606680,12:54:00,48.6,1305400,13:14:00,54.5,2109290,13:20:00,54.5,2109290,13:20:00,54.5,2109290,13:20:00
201609030807,201606260907,2016-06-26,13:25:00,02,15.9,432940,12:21:00,14.9,606680,12:54:00,12.3,1305400,13:14:00,15.3,2109290,13:20:00,15.3,2109290,13:20:00,15.3,2109290,13:20:00
201609030807,201606260907,2016-06-26,13:25:00,03,9.8,432940,12:21:00,9.7,606680,12:54:00,6.9,1305400,13:14:00,7.0,2109290,13:20:00,7.0,2109290,13:20:00,7.0,2109290,13:20:00
201609030807,201606260907,2016-06-26,13:25:00,04,34.8,432940,12:21:00,37.7,606680,12:54:00,41.7,1305400,13:14:00,50.1,2109290,13:20:00,50.1,2109290,13:20:00,50.1,2109290,13:20:00
201609030807,201606260907,2016-06-26,13:25:00,05,11.8,432940,12:21:00,11.9,606680,12:54:00,11.7,1305400,13:14:00,12.9,2109290,13:20:00,12.9,2109290,13:20:00,12.9,2109290,13:20:00
201609030807,201606260907,2016-06-26,13:25:00,06,61.0,432940,12:21:00,72.4,606680,12:54:00,88.8,1305400,13:14:00,83.5,2109290,13:20:00,83.5,2109290,13:20:00,83.5,2109290,13:20:00
201609030807,201606260907,2016-06-26,13:25:00,07,1.9,432940,12:21:00,1.8,606680,12:54:00,2.3,1305400,13:14:00,2.4,2109290,13:20:00,2.4,2109290,13:20:00,2.4,2109290,13:20:00
201609030807,201606260907,2016-06-26,13:25:00,08,3.3,432940,12:21:00,3.5,606680,12:54:00,2.8,1305400,13:14:00,2.5,2109290,13:20:00,2.5,2109290,13:20:00,2.5,2109290,13:20:00
201609030807,201606260907,2016-06-26,13:25:00,09,13.2,432940,12:21:00,13.7,606680,12:54:00,12.5,1305400,13:14:00,13.9,2109290,13:20:00,13.9,2109290,13:20:00,13.9,2109290,13:20:00
201609030807,201606260907,2016-06-26,13:25:00,10,22.8,432940,12:21:00,22.2,606680,12:54:00,25.3,1305400,13:14:00,29.2,2109290,13:20:00,29.2,2109290,13:20:00,29.2,2109290,13:20:00
201609030808,201606260908,2016-06-26,13:55:00,01,17.0,451200,12:53:00,15.6,564730,13:23:00,17.5,1428490,13:44:00,19.1,2049110,13:49:00,19.1,2049110,13:49:00,19.1,2049110,13:49:00
201609030808,201606260908,2016-06-26,13:55:00,02,11.3,451200,12:53:00,11.8,564730,13:23:00,13.6,1428490,13:44:00,15.3,2049110,13:49:00,15.3,2049110,13:49:00,15.3,2049110,13:49:00
201609030808,201606260908,2016-06-26,13:55:00,03,49.5,451200,12:53:00,54.7,564730,13:23:00,71.5,1428490,13:44:00,71.3,2049110,13:49:00,71.3,2049110,13:49:00,71.3,2049110,13:49:00
201609030808,201606260908,2016-06-26,13:55:00,04,5.5,451200,12:53:00,5.1,564730,13:23:00,5.7,1428490,13:44:00,5.6,2049110,13:49:00,5.6,2049110,13:49:00,5.6,2049110,13:49:00
201609030808,201606260908,2016-06-26,13:55:00,05,24.6,451200,12:53:00,25.6,564730,13:23:00,35.8,1428490,13:44:00,36.8,2049110,13:49:00,36.8,2049110,13:49:00,36.8,2049110,13:49:00
201609030808,201606260908,2016-06-26,13:55:00,06,5.2,451200,12:53:00,5.2,564730,13:23:00,4.3,1428490,13:44:00,4.8,2049110,13:49:00,4.8,2049110,13:49:00,4.8,2049110,13:49:00
201609030808,201606260908,2016-06-26,13:55:00,07,20.5,451200,12:53:00,20.9,564730,13:23:00,23.7,1428490,13:44:00,26.1,2049110,13:49:00,26.1,2049110,13:49:00,26.1,2049110,13:49:00
201609030808,201606260908,2016-06-26,13:55:00,08,38.5,451200,12:53:00,34.4,564730,13:23:00,38.5,1428490,13:44:00,44.8,2049110,13:49:00,44.8,2049110,13:49:00,44.8,2049110,13:49:00
201609030808,201606260908,2016-06-26,13:55:00,09,2.5,451200,12:53:00,2.5,564730,13:23:00,2.2,1428490,13:44:00,2.0,2049110,13:49:00,2.0,2049110,13:49:00,2.0,2049110,13:49:00
201609030808,201606260908,2016-06-26,13:55:00,10,5.6,451200,12:53:00,6.0,564730,13:23:00,7.2,1428490,13:44:00,7.0,2049110,13:49:00,7.0,2049110,13:49:00,7.0,2049110,13:49:00
201609030808,201606260908,2016-06-26,13:55:00,11,124.0,451200,12:53:00,124.1,564730,13:23:00,146.1,1428490,13:44:00,171.8,2049110,13:49:00,171.8,2049110,13:49:00,171.8,2049110,13:49:00
201609030808,201606260908,2016-06-26,13:55:00,12,44.8,451200,12:53:00,49.8,564730,13:23:00,86.3,1428490,13:44:00,96.8,2049110,13:49:00,96.8,2049110,13:49:00,96.8,2049110,13:49:00
201609030809,201606260909,2016-06-26,14:25:00,01,22.0,648150,13:20:00,25.7,861360,13:52:00,29.5,1917830,14:14:00,30.5,2500380,14:19:00,30.5,2500380,14:19:00,30.5,2500380,14:19:00
201609030809,201606260909,2016-06-26,14:25:00,02,13.2,648150,13:20:00,13.4,861360,13:52:00,12.8,1917830,14:14:00,12.7,2500380,14:19:00,12.7,2500380,14:19:00,12.7,2500380,14:19:00
201609030809,201606260909,2016-06-26,14:25:00,03,12.8,648150,13:20:00,13.0,861360,13:52:00,16.8,1917830,14:14:00,17.1,2500380,14:19:00,17.1,2500380,14:19:00,17.1,2500380,14:19:00
201609030809,201606260909,2016-06-26,14:25:00,04,74.5,648150,13:20:00,83.1,861360,13:52:00,93.2,1917830,14:14:00,103.6,2500380,14:19:00,103.6,2500380,14:19:00,103.6,2500380,14:19:00
201609030809,201606260909,2016-06-26,14:25:00,05,6.7,648150,13:20:00,7.3,861360,13:52:00,8.2,1917830,14:14:00,8.1,2500380,14:19:00,8.1,2500380,14:19:00,8.1,2500380,14:19:00
201609030809,201606260909,2016-06-26,14:25:00,06,25.0,648150,13:20:00,30.0,861360,13:52:00,44.0,1917830,14:14:00,50.1,2500380,14:19:00,50.1,2500380,14:19:00,50.1,2500380,14:19:00
201609030809,201606260909,2016-06-26,14:25:00,07,5.4,648150,13:20:00,4.6,861360,13:52:00,4.2,1917830,14:14:00,4.2,2500380,14:19:00,4.2,2500380,14:19:00,4.2,2500380,14:19:00
201609030809,201606260909,2016-06-26,14:25:00,08,80.7,648150,13:20:00,72.5,861360,13:52:00,93.7,1917830,14:14:00,106.5,2500380,14:19:00,106.5,2500380,14:19:00,106.5,2500380,14:19:00
201609030809,201606260909,2016-06-26,14:25:00,09,12.6,648150,13:20:00,12.7,861360,13:52:00,17.3,1917830,14:14:00,19.0,2500380,14:19:00,19.0,2500380,14:19:00,19.0,2500380,14:19:00
201609030809,201606260909,2016-06-26,14:25:00,10,5.1,648150,13:20:00,5.1,861360,13:52:00,4.1,1917830,14:14:00,3.9,2500380,14:19:00,3.9,2500380,14:19:00,3.9,2500380,14:19:00
201609030809,201606260909,2016-06-26,14:25:00,11,51.0,648150,13:20:00,61.1,861360,13:52:00,88.6,1917830,14:14:00,99.6,2500380,14:19:00,99.6,2500380,14:19:00,99.6,2500380,14:19:00
201609030809,201606260909,2016-06-26,14:25:00,12,151.1,648150,13:20:00,167.6,861360,13:52:00,183.0,1917830,14:14:00,194.9,2500380,14:19:00,194.9,2500380,14:19:00,194.9,2500380,14:19:00
201609030809,201606260909,2016-06-26,14:25:00,13,12.2,648150,13:20:00,12.0,861360,13:52:00,11.8,1917830,14:14:00,11.6,2500380,14:19:00,11.6,2500380,14:19:00,11.6,2500380,14:19:00
201609030809,201606260909,2016-06-26,14:25:00,14,37.7,648150,13:20:00,40.6,861360,13:52:00,48.9,1917830,14:14:00,51.9,2500380,14:19:00,51.9,2500380,14:19:00,51.9,2500380,14:19:00
201609030809,201606260909,2016-06-26,14:25:00,15,10.7,648150,13:20:00,11.3,861360,13:52:00,10.6,1917830,14:14:00,10.1,2500380,14:19:00,10.1,2500380,14:19:00,10.1,2500380,14:19:00
201609030809,201606260909,2016-06-26,14:25:00,16,6.5,648150,13:20:00,6.2,861360,13:52:00,6.2,1917830,14:14:00,6.2,2500380,14:19:00,6.2,2500380,14:19:00,6.2,2500380,14:19:00
201609030810,201606260910,2016-06-26,15:01:00,01,3.7,817680,14:01:00,3.8,1015900,14:28:00,3.9,2197640,14:50:00,3.7,2772880,14:55:00,3.7,2772880,14:55:00,3.7,2772880,14:55:00
201609030810,201606260910,2016-06-26,15:01:00,02,5.7,817680,14:01:00,5.7,1015900,14:28:00,5.4,2197640,14:50:00,5.7,2772880,14:55:00,5.7,2772880,14:55:00,5.7,2772880,14:55:00
201609030810,201606260910,2016-06-26,15:01:00,03,18.4,817680,14:01:00,19.1,1015900,14:28:00,19.9,2197640,14:50:00,19.9,2772880,14:55:00,19.9,2772880,14:55:00,19.9,2772880,14:55:00
201609030810,201606260910,2016-06-26,15:01:00,04,35.9,817680,14:01:00,29.7,1015900,14:28:00,36.9,2197640,14:50:00,40.2,2772880,14:55:00,40.2,2772880,14:55:00,40.2,2772880,14:55:00
201609030810,201606260910,2016-06-26,15:01:00,05,40.2,817680,14:01:00,42.2,1015900,14:28:00,49.7,2197640,14:50:00,53.0,2772880,14:55:00,53.0,2772880,14:55:00,53.0,2772880,14:55:00
201609030810,201606260910,2016-06-26,15:01:00,06,9.3,817680,14:01:00,9.1,1015900,14:28:00,8.4,2197640,14:50:00,8.4,2772880,14:55:00,8.4,2772880,14:55:00,8.4,2772880,14:55:00
201609030810,201606260910,2016-06-26,15:01:00,07,8.9,817680,14:01:00,8.4,1015900,14:28:00,8.8,2197640,14:50:00,9.0,2772880,14:55:00,9.0,2772880,14:55:00,9.0,2772880,14:55:00
201609030810,201606260910,2016-06-26,15:01:00,08,66.2,817680,14:01:00,70.0,1015900,14:28:00,79.7,2197640,14:50:00,81.1,2772880,14:55:00,81.1,2772880,14:55:00,81.1,2772880,14:55:00
201609030810,201606260910,2016-06-26,15:01:00,09,40.6,817680,14:01:00,43.6,1015900,14:28:00,57.4,2197640,14:50:00,62.8,2772880,14:55:00,62.8,2772880,14:55:00,62.8,2772880,14:55:00
201609030810,201606260910,2016-06-26,15:01:00,10,24.7,817680,14:01:00,25.6,1015900,14:28:00,34.0,2197640,14:50:00,35.4,2772880,14:55:00,35.4,2772880,14:55:00,35.4,2772880,14:55:00
201609030810,201606260910,2016-06-26,15:01:00,11,13.1,817680,14:01:00,13.3,1015900,14:28:00,12.6,2197640,14:50:00,13.3,2772880,14:55:00,13.3,2772880,14:55:00,13.3,2772880,14:55:00
201609030810,201606260910,2016-06-26,15:01:00,12,30.9,817680,14:01:00,32.6,1015900,14:28:00,42.8,2197640,14:50:00,45.5,2772880,14:55:00,45.5,2772880,14:55:00,45.5,2772880,14:55:00
201609030810,201606260910,2016-06-26,15:01:00,13,17.7,817680,14:01:00,16.6,1015900,14:28:00,13.5,2197640,14:50:00,12.7,2772880,14:55:00,12.7,2772880,14:55:00,12.7,2772880,14:55:00
201609030810,201606260910,2016-06-26,15:01:00,14,4.5,817680,14:01:00,4.6,1015900,14:28:00,4.3,2197640,14:50:00,4.1,2772880,14:55:00,4.1,2772880,14:55:00,4.1,2772880,14:55:00
201609030810,201606260910,2016-06-26,15:01:00,15,120.9,817680,14:01:00,107.7,1015900,14:28:00,154.3,2197640,14:50:00,155.2,2772880,14:55:00,155.2,2772880,14:55:00,155.2,2772880,14:55:00
201609030810,201606260910,2016-06-26,15:01:00,16,66.2,817680,14:01:00,67.7,1015900,14:28:00,86.2,2197640,14:50:00,88.4,2772880,14:55:00,88.4,2772880,14:55:00,88.4,2772880,14:55:00
201609030811,201606260911,2016-06-26,15:40:00,01,53.9,50861660,14:38:00,57.2,62119450,15:10:00,61.1,81548130,15:29:00,63.4,89738690,15:34:00,63.4,89738690,15:34:00,63.4,89738690,15:34:00
201609030811,201606260911,2016-06-26,15:40:00,02,9.7,50861660,14:38:00,9.6,62119450,15:10:00,9.4,81548130,15:29:00,9.3,89738690,15:34:00,9.3,89738690,15:34:00,9.3,89738690,15:34:00
201609030811,201606260911,2016-06-26,15:40:00,03,4.9,50861660,14:38:00,5.0,62119450,15:10:00,5.0,81548130,15:29:00,5.0,89738690,15:34:00,5.0,89738690,15:34:00,5.0,89738690,15:34:00
201609030811,201606260911,2016-06-26,15:40:00,04,70.7,50861660,14:38:00,73.3,62119450,15:10:00,78.9,81548130,15:29:00,80.7,89738690,15:34:00,80.7,89738690,15:34:00,80.7,89738690,15:34:00
201609030811,201606260911,2016-06-26,15:40:00,05,15.0,50861660,14:38:00,15.5,62119450,15:10:00,16.0,81548130,15:29:00,15.7,89738690,15:34:00,15.7,89738690,15:34:00,15.7,89738690,15:34:00
201609030811,201606260911,2016-06-26,15:40:00,06,53.6,50861660,14:38:00,55.6,62119450,15:10:00,56.2,81548130,15:29:00,56.9,89738690,15:34:00,56.9,89738690,15:34:00,56.9,89738690,15:34:00
201609030811,201606260911,2016-06-26,15:40:00,07,10.5,50861660,14:38:00,10.4,62119450,15:10:00,10.5,81548130,15:29:00,10.5,89738690,15:34:00,10.5,89738690,15:34:00,10.5,89738690,15:34:00
201609030811,201606260911,2016-06-26,15:40:00,08,17.3,50861660,14:38:00,17.2,62119450,15:10:00,18.0,81548130,15:29:00,18.2,89738690,15:34:00,18.2,89738690,15:34:00,18.2,89738690,15:34:00
201609030811,201606260911,2016-06-26,15:40:00,09,2.1,50861660,14:38:00,2.0,62119450,15:10:00,2.0,81548130,15:29:00,2.0,89738690,15:34:00,2.0,89738690,15:34:00,2.0,89738690,15:34:00
201609030811,201606260911,2016-06-26,15:40:00,10,71.4,50861660,14:38:00,74.6,62119450,15:10:00,81.1,81548130,15:29:00,82.3,89738690,15:34:00,82.3,89738690,15:34:00,82.3,89738690,15:34:00
201609030811,201606260911,2016-06-26,15:40:00,11,17.2,50861660,14:38:00,17.6,62119450,15:10:00,17.7,81548130,15:29:00,17.7,89738690,15:34:00,17.7,89738690,15:34:00,17.7,89738690,15:34:00
201609030811,201606260911,2016-06-26,15:40:00,12,43.1,50861660,14:38:00,45.2,62119450,15:10:00,48.7,81548130,15:29:00,49.8,89738690,15:34:00,49.8,89738690,15:34:00,49.8,89738690,15:34:00
201609030811,201606260911,2016-06-26,15:40:00,13,97.7,50861660,14:38:00,104.3,62119450,15:10:00,114.1,81548130,15:29:00,118.3,89738690,15:34:00,118.3,89738690,15:34:00,118.3,89738690,15:34:00
201609030811,201606260911,2016-06-26,15:40:00,14,156.1,50861660,14:38:00,164.2,62119450,15:10:00,177.4,81548130,15:29:00,184.8,89738690,15:34:00,184.8,89738690,15:34:00,184.8,89738690,15:34:00
201609030811,201606260911,2016-06-26,15:40:00,15,28.3,50861660,14:38:00,29.3,62119450,15:10:00,29.0,81548130,15:29:00,29.0,89738690,15:34:00,29.0,89738690,15:34:00,29.0,89738690,15:34:00
201609030811,201606260911,2016-06-26,15:40:00,16,21.9,50861660,14:38:00,22.4,62119450,15:10:00,23.8,81548130,15:29:00,24.1,89738690,15:34:00,24.1,89738690,15:34:00,24.1,89738690,15:34:00
201609030811,201606260911,2016-06-26,15:40:00,17,82.3,50861660,14:38:00,85.6,62119450,15:10:00,94.4,81548130,15:29:00,97.6,89738690,15:34:00,97.6,89738690,15:34:00,97.6,89738690,15:34:00
201609030812,201606260912,2016-06-26,16:30:00,01,33.0,829150,15:29:00,48.9,1810930,15:59:00,66.5,4857740,16:19:00,80.2,7276110,16:24:00,80.2,7276110,16:24:00,80.2,7276110,16:24:00
201609030812,201606260912,2016-06-26,16:30:00,02,37.7,829150,15:29:00,60.3,1810930,15:59:00,68.7,4857740,16:19:00,85.9,7276110,16:24:00,85.9,7276110,16:24:00,85.9,7276110,16:24:00
201609030812,201606260912,2016-06-26,16:30:00,03,21.0,829150,15:29:00,26.3,1810930,15:59:00,22.7,4857740,16:19:00,22.9,7276110,16:24:00,22.9,7276110,16:24:00,22.9,7276110,16:24:00
201609030812,201606260912,2016-06-26,16:30:00,04,9.2,829150,15:29:00,8.2,1810930,15:59:00,7.9,4857740,16:19:00,7.8,7276110,16:24:00,7.8,7276110,16:24:00,7.8,7276110,16:24:00
201609030812,201606260912,2016-06-26,16:30:00,05,21.7,829150,15:29:00,30.2,1810930,15:59:00,30.0,4857740,16:19:00,32.2,7276110,16:24:00,32.2,7276110,16:24:00,32.2,7276110,16:24:00
201609030812,201606260912,2016-06-26,16:30:00,06,10.4,829150,15:29:00,10.4,1810930,15:59:00,8.0,4857740,16:19:00,7.3,7276110,16:24:00,7.3,7276110,16:24:00,7.3,7276110,16:24:00
201609030812,201606260912,2016-06-26,16:30:00,07,6.9,829150,15:29:00,5.8,1810930,15:59:00,5.6,4857740,16:19:00,5.8,7276110,16:24:00,5.8,7276110,16:24:00,5.8,7276110,16:24:00
201609030812,201606260912,2016-06-26,16:30:00,08,61.3,829150,15:29:00,91.3,1810930,15:59:00,90.2,4857740,16:19:00,95.3,7276110,16:24:00,95.3,7276110,16:24:00,95.3,7276110,16:24:00
201609030812,201606260912,2016-06-26,16:30:00,09,56.5,829150,15:29:00,88.3,1810930,15:59:00,106.2,4857740,16:19:00,121.5,7276110,16:24:00,121.5,7276110,16:24:00,121.5,7276110,16:24:00
201609030812,201606260912,2016-06-26,16:30:00,10,51.1,829150,15:29:00,74.1,1810930,15:59:00,79.2,4857740,16:19:00,93.3,7276110,16:24:00,93.3,7276110,16:24:00,93.3,7276110,16:24:00
201609030812,201606260912,2016-06-26,16:30:00,11,13.4,829150,15:29:00,13.9,1810930,15:59:00,14.2,4857740,16:19:00,15.4,7276110,16:24:00,15.4,7276110,16:24:00,15.4,7276110,16:24:00
201609030812,201606260912,2016-06-26,16:30:00,12,8.8,829150,15:29:00,7.4,1810930,15:59:00,7.5,4857740,16:19:00,8.1,7276110,16:24:00,8.1,7276110,16:24:00,8.1,7276110,16:24:00
201609030812,201606260912,2016-06-26,16:30:00,13,33.7,829150,15:29:00,44.5,1810930,15:59:00,44.2,4857740,16:19:00,47.1,7276110,16:24:00,47.1,7276110,16:24:00,47.1,7276110,16:24:00
201609030812,201606260912,2016-06-26,16:30:00,14,30.8,829150,15:29:00,47.2,1810930,15:59:00,50.3,4857740,16:19:00,58.3,7276110,16:24:00,58.3,7276110,16:24:00,58.3,7276110,16:24:00
201609030812,201606260912,2016-06-26,16:30:00,15,2.3,829150,15:29:00,2.1,1810930,15:59:00,2.3,4857740,16:19:00,2.2,7276110,16:24:00,2.2,7276110,16:24:00,2.2,7276110,16:24:00
201609030812,201606260912,2016-06-26,16:30:00,16,63.3,829150,15:29:00,86.3,1810930,15:59:00,84.7,4857740,16:19:00,99.1,7276110,16:24:00,99.1,7276110,16:24:00,99.1,7276110,16:24:00
