race_id,rt_key,date,post_datetime,umaban,odds_place_min_60m,odds_place_max_60m,hyosu_total_60m,happyo_datetime_60m,odds_place_min_30m,odds_place_max_30m,hyosu_total_30m,happyo_datetime_30m,odds_place_min_10m,odds_place_max_10m,hyosu_total_10m,happyo_datetime_10m,odds_place_min_5m,odds_place_max_5m,hyosu_total_5m,happyo_datetime_5m,odds_place_min_3m,odds_place_max_3m,hyosu_total_3m,happyo_datetime_3m,odds_place_min_1m,odds_place_max_1m,hyosu_total_1m,happyo_datetime_1m
201904010302,201905040402,2019-05-04,10:25:00,01,3.8,4.9,1714100.0,09:19:00,4.2,5.4,3031300,09:52:00,4.6,6.4,6778900,10:14:00,3.5,4.9,9650400,10:19:00,3.5,4.9,9650400,10:19:00,3.5,4.9,9650400,10:19:00
201904010302,201905040402,2019-05-04,10:25:00,02,2.0,2.5,1714100.0,09:19:00,2.0,2.4,3031300,09:52:00,1.8,2.2,6778900,10:14:00,1.7,2.1,9650400,10:19:00,1.7,2.1,9650400,10:19:00,1.7,2.1,9650400,10:19:00
201904010302,201905040402,2019-05-04,10:25:00,03,2.6,3.2,1714100.0,09:19:00,2.1,2.6,3031300,09:52:00,2.4,3.2,6778900,10:14:00,2.7,3.7,9650400,10:19:00,2.7,3.7,9650400,10:19:00,2.7,3.7,9650400,10:19:00
201904010302,201905040402,2019-05-04,10:25:00,04,2.5,3.1,1714100.0,09:19:00,2.5,3.1,3031300,09:52:00,2.1,2.7,6778900,10:14:00,2.2,2.9,9650400,10:19:00,2.2,2.9,9650400,10:19:00,2.2,2.9,9650400,10:19:00
201904010302,201905040402,2019-05-04,10:25:00,05,3.3,4.2,1714100.0,09:19:00,3.1,3.9,3031300,09:52:00,3.3,4.5,6778900,10:14:00,3.0,4.1,9650400,10:19:00,3.0,4.1,9650400,10:19:00,3.0,4.1,9650400,10:19:00
201904010302,201905040402,2019-05-04,10:25:00,06,5.3,6.8,1714100.0,09:19:00,5.5,6.9,3031300,09:52:00,4.3,6.0,6778900,10:14:00,4.2,5.8,9650400,10:19:00,4.2,5.8,9650400,10:19:00,4.2,5.8,9650400,10:19:00
201904010302,201905040402,2019-05-04,10:25:00,07,5.6,7.3,1714100.0,09:19:00,6.0,7.7,3031300,09:52:00,7.6,10.7,6778900,10:14:00,8.9,12.6,9650400,10:19:00,8.9,12.6,9650400,10:19:00,8.9,12.6,9650400,10:19:00
201904010302,201905040402,2019-05-04,10:25:00,08,13.3,17.4,1714100.0,09:19:00,11.1,14.2,3031300,09:52:00,9.3,13.0,6778900,10:14:00,9.6,13.6,9650400,10:19:00,9.6,13.6,9650400,10:19:00,9.6,13.6,9650400,10:19:00
201904010302,201905040402,2019-05-04,10:25:00,09,2.1,2.7,1714100.0,09:19:00,2.3,2.8,3031300,09:52:00,2.7,3.6,6778900,10:14:00,3.0,4.1,9650400,10:19:00,3.0,4.1,9650400,10:19:00,3.0,4.1,9650400,10:19:00
201904010302,201905040402,2019-05-04,10:25:00,10,16.6,21.7,1714100.0,09:19:00,11.1,14.3,3031300,09:52:00,11.6,16.2,6778900,10:14:00,14.1,20.0,9650400,10:19:00,14.1,20.0,9650400,10:19:00,14.1,20.0,9650400,10:19:00
201904010302,201905040402,2019-05-04,10:25:00,11,2.0,2.4,1714100.0,09:19:00,2.1,2.6,3031300,09:52:00,1.6,2.0,6778900,10:14:00,1.6,2.1,9650400,10:19:00,1.6,2.1,9650400,10:19:00,1.6,2.1,9650400,10:19:00
201904010302,201905040402,2019-05-04,10:25:00,12,4.4,5.7,1714100.0,09:19:00,4.6,5.8,3031300,09:52:00,5.1,7.1,6778900,10:14:00,5.6,7.8,9650400,10:19:00,5.6,7.8,9650400,10:19:00,5.6,7.8,9650400,10:19:00
201904010302,201905040402,2019-05-04,10:25:00,13,2.2,2.7,1714100.0,09:19:00,2.3,2.9,3031300,09:52:00,2.0,2.7,6778900,10:14:00,1.8,2.4,9650400,10:19:00,1.8,2.4,9650400,10:19:00,1.8,2.4,9650400,10:19:00
201904010302,201905040402,2019-05-04,10:25:00,14,10.1,13.2,1714100.0,09:19:00,10.2,13.2,3031300,09:52:00,15.9,22.3,6778900,10:14:00,18.8,26.6,9650400,10:19:00,18.8,26.6,9650400,10:19:00,18.8,26.6,9650400,10:19:00
201904010303,201905040403,2019-05-04,10:55:00,01,4.4,6.1,1853900.0,09:47:00,3.9,5.4,2507900,10:21:00,2.6,3.6,6863500,10:44:00,2.7,3.9,10696200,10:49:00,2.7,3.9,10696200,10:49:00,2.7,3.9,10696200,10:49:00
201904010303,201905040403,2019-05-04,10:55:00,02,14.4,20.3,1853900.0,09:47:00,14.2,20.3,2507900,10:21:00,10.9,16.3,6863500,10:44:00,15.3,23.4,10696200,10:49:00,15.3,23.4,10696200,10:49:00,15.3,23.4,10696200,10:49:00
201904010303,201905040403,2019-05-04,10:55:00,03,1.6,2.1,1853900.0,09:47:00,1.6,2.2,2507900,10:21:00,1.5,1.9,6863500,10:44:00,1.4,1.8,10696200,10:49:00,1.4,1.8,10696200,10:49:00,1.4,1.8,10696200,10:49:00
201904010303,201905040403,2019-05-04,10:55:00,04,3.1,4.2,1853900.0,09:47:00,3.3,4.6,2507900,10:21:00,5.1,7.5,6863500,10:44:00,5.6,8.4,10696200,10:49:00,5.6,8.4,10696200,10:49:00,5.6,8.4,10696200,10:49:00
201904010303,201905040403,2019-05-04,10:55:00,05,13.7,19.3,1853900.0,09:47:00,12.5,17.9,2507900,10:21:00,18.6,27.8,6863500,10:44:00,22.5,34.5,10696200,10:49:00,22.5,34.5,10696200,10:49:00,22.5,34.5,10696200,10:49:00
201904010303,201905040403,2019-05-04,10:55:00,06,2.6,3.5,1853900.0,09:47:00,2.6,3.6,2507900,10:21:00,3.0,4.2,6863500,10:44:00,2.5,3.6,10696200,10:49:00,2.5,3.6,10696200,10:49:00,2.5,3.6,10696200,10:49:00
201904010303,201905040403,2019-05-04,10:55:00,07,10.0,14.0,1853900.0,09:47:00,9.2,13.1,2507900,10:21:00,10.7,15.9,6863500,10:44:00,11.8,18.0,10696200,10:49:00,11.8,18.0,10696200,10:49:00,11.8,18.0,10696200,10:49:00
201904010303,201905040403,2019-05-04,10:55:00,08,1.7,2.2,1853900.0,09:47:00,1.7,2.2,2507900,10:21:00,2.2,3.1,6863500,10:44:00,2.3,3.3,10696200,10:49:00,2.3,3.3,10696200,10:49:00,2.3,3.3,10696200,10:49:00
201904010303,201905040403,2019-05-04,10:55:00,09,8.2,11.5,1853900.0,09:47:00,7.7,11.0,2507900,10:21:00,9.9,14.8,6863500,10:44:00,9.7,14.8,10696200,10:49:00,9.7,14.8,10696200,10:49:00,9.7,14.8,10696200,10:49:00
201904010303,201905040403,2019-05-04,10:55:00,10,2.4,3.2,1853900.0,09:47:00,2.4,3.2,2507900,10:21:00,1.5,2.0,6863500,10:44:00,1.6,2.2,10696200,10:49:00,1.6,2.2,10696200,10:49:00,1.6,2.2,10696200,10:49:00
201904010303,201905040403,2019-05-04,10:55:00,11,2.8,3.8,1853900.0,09:47:00,3.0,4.1,2507900,10:21:00,2.8,3.9,6863500,10:44:00,2.3,3.3,10696200,10:49:00,2.3,3.3,10696200,10:49:00,2.3,3.3,10696200,10:49:00
201904010303,201905040403,2019-05-04,10:55:00,12,4.4,6.1,1853900.0,09:47:00,4.5,6.3,2507900,10:21:00,5.1,7.4,6863500,10:44:00,5.6,8.3,10696200,10:49:00,5.6,8.3,10696200,10:49:00,5.6,8.3,10696200,10:49:00
201904010303,201905040403,2019-05-04,10:55:00,13,18.1,25.5,1853900.0,09:47:00,18.6,26.6,2507900,10:21:00,29.5,44.1,6863500,10:44:00,36.9,56.4,10696200,10:49:00,36.9,56.4,10696200,10:49:00,36.9,56.4,10696200,10:49:00
201904010303,201905040403,2019-05-04,10:55:00,14,7.3,10.3,1853900.0,09:47:00,7.6,10.9,2507900,10:21:00,11.0,16.5,6863500,10:44:00,12.6,19.2,10696200,10:49:00,12.6,19.2,10696200,10:49:00,12.6,19.2,10696200,10:49:00
201904010303,201905040403,2019-05-04,10:55:00,15,1.7,2.2,1853900.0,09:47:00,1.6,2.0,2507900,10:21:00,1.6,2.1,6863500,10:44:00,1.6,2.2,10696200,10:49:00,1.6,2.2,10696200,10:49:00,1.6,2.2,10696200,10:49:00
201904010305,201905040405,2019-05-04,12:15:00,01,3.6,4.8,2436700.0,11:13:00,4.0,5.2,3713700,11:41:00,6.5,9.8,13092700,12:04:00,8.2,11.8,20298000,12:10:00,8.2,11.8,20298000,12:10:00,8.2,11.8,20298000,12:10:00
201904010305,201905040405,2019-05-04,12:15:00,02,5.6,7.6,2436700.0,11:13:00,5.3,6.9,3713700,11:41:00,4.8,7.1,13092700,12:04:00,4.9,7.0,20298000,12:10:00,4.9,7.0,20298000,12:10:00,4.9,7.0,20298000,12:10:00
201904010305,201905040405,2019-05-04,12:15:00,03,5.2,7.1,2436700.0,11:13:00,4.9,6.4,3713700,11:41:00,4.7,7.0,13092700,12:04:00,4.8,6.8,20298000,12:10:00,4.8,6.8,20298000,12:10:00,4.8,6.8,20298000,12:10:00
201904010305,201905040405,2019-05-04,12:15:00,04,1.6,1.9,2436700.0,11:13:00,1.8,2.3,3713700,11:41:00,1.5,1.9,13092700,12:04:00,1.7,2.2,20298000,12:10:00,1.7,2.2,20298000,12:10:00,1.7,2.2,20298000,12:10:00
201904010305,201905040405,2019-05-04,12:15:00,05,2.8,3.7,2436700.0,11:13:00,2.0,2.5,3713700,11:41:00,1.8,2.6,13092700,12:04:00,1.6,2.2,20298000,12:10:00,1.6,2.2,20298000,12:10:00,1.6,2.2,20298000,12:10:00
201904010305,201905040405,2019-05-04,12:15:00,06,3.4,4.5,2436700.0,11:13:00,3.8,4.9,3713700,11:41:00,5.8,8.7,13092700,12:04:00,7.2,10.4,20298000,12:10:00,7.2,10.4,20298000,12:10:00,7.2,10.4,20298000,12:10:00
201904010305,201905040405,2019-05-04,12:15:00,07,2.7,3.6,2436700.0,11:13:00,3.2,4.1,3713700,11:41:00,2.8,4.1,13092700,12:04:00,2.9,4.0,20298000,12:10:00,2.9,4.0,20298000,12:10:00,2.9,4.0,20298000,12:10:00
201904010305,201905040405,2019-05-04,12:15:00,08,3.6,4.9,2436700.0,11:13:00,3.4,4.4,3713700,11:41:00,2.2,3.1,13092700,12:04:00,2.0,2.7,20298000,12:10:00,2.0,2.7,20298000,12:10:00,2.0,2.7,20298000,12:10:00
201904010305,201905040405,2019-05-04,12:15:00,09,8.5,11.7,2436700.0,11:13:00,8.4,11.0,3713700,11:41:00,11.3,17.2,13092700,12:04:00,12.6,18.1,20298000,12:10:00,12.6,18.1,20298000,12:10:00,12.6,18.1,20298000,12:10:00
201904010305,201905040405,2019-05-04,12:15:00,10,6.5,8.9,2436700.0,11:13:00,6.3,8.3,3713700,11:41:00,7.6,11.4,13092700,12:04:00,8.6,12.4,20298000,12:10:00,8.6,12.4,20298000,12:10:00,8.6,12.4,20298000,12:10:00
201904010305,201905040405,2019-05-04,12:15:00,11,11.6,15.9,2436700.0,11:13:00,14.7,19.4,3713700,11:41:00,18.2,27.7,13092700,12:04:00,22.6,32.7,20298000,12:10:00,22.6,32.7,20298000,12:10:00,22.6,32.7,20298000,12:10:00
201904010305,201905040405,2019-05-04,12:15:00,12,2.9,3.9,2436700.0,11:13:00,2.9,3.8,3713700,11:41:00,2.4,3.4,13092700,12:04:00,2.3,3.1,20298000,12:10:00,2.3,3.1,20298000,12:10:00,2.3,3.1,20298000,12:10:00
201904010305,201905040405,2019-05-04,12:15:00,13,8.6,11.9,2436700.0,11:13:00,10.1,13.3,3713700,11:41:00,13.0,19.8,13092700,12:04:00,15.7,22.7,20298000,12:10:00,15.7,22.7,20298000,12:10:00,15.7,22.7,20298000,12:10:00
201904010305,201905040405,2019-05-04,12:15:00,14,2.0,2.5,2436700.0,11:13:00,2.0,2.5,3713700,11:41:00,1.5,1.9,13092700,12:04:00,1.5,2.0,20298000,12:10:00,1.5,2.0,20298000,12:10:00,1.5,2.0,20298000,12:10:00
201904010305,201905040405,2019-05-04,12:15:00,15,2.6,3.5,2436700.0,11:13:00,3.0,3.9,3713700,11:41:00,5.2,7.8,13092700,12:04:00,6.9,9.8,20298000,12:10:00,6.9,9.8,20298000,12:10:00,6.9,9.8,20298000,12:10:00
201904010305,201905040405,2019-05-04,12:15:00,16,11.2,15.3,2436700.0,11:13:00,11.1,14.7,3713700,11:41:00,14.7,22.3,13092700,12:04:00,15.7,22.8,20298000,12:10:00,15.7,22.8,20298000,12:10:00,15.7,22.8,20298000,12:10:00
201904010306,201905040406,2019-05-04,12:45:00,01,16.1,24.7,3310100.0,11:45:00,15.2,22.6,4234400,12:13:00,16.6,25.3,8081300,12:34:00,18.5,29.2,12631200,12:40:00,18.5,29.2,12631200,12:40:00,18.5,29.2,12631200,12:40:00
201904010306,201905040406,2019-05-04,12:45:00,02,5.4,8.1,3310100.0,11:45:00,5.4,7.9,4234400,12:13:00,4.2,6.1,8081300,12:34:00,3.7,5.6,12631200,12:40:00,3.7,5.6,12631200,12:40:00,3.7,5.6,12631200,12:40:00
201904010306,201905040406,2019-05-04,12:45:00,03,6.5,9.9,3310100.0,11:45:00,6.7,9.9,4234400,12:13:00,6.9,10.4,8081300,12:34:00,6.4,10.0,12631200,12:40:00,6.4,10.0,12631200,12:40:00,6.4,10.0,12631200,12:40:00
201904010306,201905040406,2019-05-04,12:45:00,04,7.0,10.7,3310100.0,11:45:00,7.4,11.0,4234400,12:13:00,9.2,14.0,8081300,12:34:00,10.5,16.4,12631200,12:40:00,10.5,16.4,12631200,12:40:00,10.5,16.4,12631200,12:40:00
201904010306,201905040406,2019-05-04,12:45:00,05,2.2,3.2,3310100.0,11:45:00,1.9,2.7,4234400,12:13:00,1.9,2.7,8081300,12:34:00,2.0,2.9,12631200,12:40:00,2.0,2.9,12631200,12:40:00,2.0,2.9,12631200,12:40:00
201904010306,201905040406,2019-05-04,12:45:00,06,3.6,5.4,3310100.0,11:45:00,3.4,5.0,4234400,12:13:00,3.5,5.2,8081300,12:34:00,4.1,6.2,12631200,12:40:00,4.1,6.2,12631200,12:40:00,4.1,6.2,12631200,12:40:00
201904010306,201905040406,2019-05-04,12:45:00,07,17.1,26.2,3310100.0,11:45:00,19.0,28.4,4234400,12:13:00,20.0,30.3,8081300,12:34:00,17.3,27.3,12631200,12:40:00,17.3,27.3,12631200,12:40:00,17.3,27.3,12631200,12:40:00
201904010306,201905040406,2019-05-04,12:45:00,08,1.3,1.5,3310100.0,11:45:00,1.4,1.6,4234400,12:13:00,1.5,1.9,8081300,12:34:00,1.6,2.2,12631200,12:40:00,1.6,2.2,12631200,12:40:00,1.6,2.2,12631200,12:40:00
201904010306,201905040406,2019-05-04,12:45:00,09,2.1,3.0,3310100.0,11:45:00,1.9,2.7,4234400,12:13:00,1.5,2.0,8081300,12:34:00,1.3,1.6,12631200,12:40:00,1.3,1.6,12631200,12:40:00,1.3,1.6,12631200,12:40:00
201904010306,201905040406,2019-05-04,12:45:00,10,2.2,3.2,3310100.0,11:45:00,2.3,3.3,4234400,12:13:00,2.5,3.6,8081300,12:34:00,2.6,3.9,12631200,12:40:00,2.6,3.9,12631200,12:40:00,2.6,3.9,12631200,12:40:00
201904010306,201905040406,2019-05-04,12:45:00,11,3.4,5.1,3310100.0,11:45:00,3.5,5.1,4234400,12:13:00,2.9,4.2,8081300,12:34:00,2.4,3.6,12631200,12:40:00,2.4,3.6,12631200,12:40:00,2.4,3.6,12631200,12:40:00
201904010306,201905040406,2019-05-04,12:45:00,12,5.8,8.8,3310100.0,11:45:00,5.8,8.6,4234400,12:13:00,7.0,10.5,8081300,12:34:00,7.8,12.2,12631200,12:40:00,7.8,12.2,12631200,12:40:00,7.8,12.2,12631200,12:40:00
201904010306,201905040406,2019-05-04,12:45:00,13,3.2,4.8,3310100.0,11:45:00,3.5,5.0,4234400,12:13:00,3.7,5.4,8081300,12:34:00,3.7,5.6,12631200,12:40:00,3.7,5.6,12631200,12:40:00,3.7,5.6,12631200,12:40:00
201904010306,201905040406,2019-05-04,12:45:00,14,2.4,3.5,3310100.0,11:45:00,2.4,3.4,4234400,12:13:00,2.2,3.2,8081300,12:34:00,2.3,3.4,12631200,12:40:00,2.3,3.4,12631200,12:40:00,2.3,3.4,12631200,12:40:00
201904010306,201905040406,2019-05-04,12:45:00,15,10.0,15.3,3310100.0,11:45:00,11.0,16.4,4234400,12:13:00,13.8,20.9,8081300,12:34:00,13.9,21.9,12631200,12:40:00,13.9,21.9,12631200,12:40:00,13.9,21.9,12631200,12:40:00
201904010306,201905040406,2019-05-04,12:45:00,16,9.7,14.9,3310100.0,11:45:00,11.1,16.5,4234400,12:13:00,13.9,21.1,8081300,12:34:00,16.2,25.6,12631200,12:40:00,16.2,25.6,12631200,12:40:00,16.2,25.6,12631200,12:40:00
201904010307,201905040407,2019-05-04,13:15:00,01,2.0,2.6,3009200.0,12:15:00,2.0,2.6,3631400,12:40:00,1.7,2.2,7426800,13:04:00,1.7,2.3,12143000,13:10:00,1.7,2.3,12143000,13:10:00,1.7,2.3,12143000,13:10:00
201904010307,201905040407,2019-05-04,13:15:00,02,5.3,7.3,3009200.0,12:15:00,5.7,8.1,3631400,12:40:00,4.9,7.1,7426800,13:04:00,5.1,7.6,12143000,13:10:00,5.1,7.6,12143000,13:10:00,5.1,7.6,12143000,13:10:00
201904010307,201905040407,2019-05-04,13:15:00,03,4.4,6.1,3009200.0,12:15:00,4.7,6.6,3631400,12:40:00,6.6,9.5,7426800,13:04:00,8.0,12.0,12143000,13:10:00,8.0,12.0,12143000,13:10:00,8.0,12.0,12143000,13:10:00
201904010307,201905040407,2019-05-04,13:15:00,04,5.9,8.2,3009200.0,12:15:00,5.7,8.0,3631400,12:40:00,4.4,6.3,7426800,13:04:00,3.8,5.7,12143000,13:10:00,3.8,5.7,12143000,13:10:00,3.8,5.7,12143000,13:10:00
201904010307,201905040407,2019-05-04,13:15:00,05,3.3,4.5,3009200.0,12:15:00,3.5,4.9,3631400,12:40:00,4.1,5.8,7426800,13:04:00,3.8,5.6,12143000,13:10:00,3.8,5.6,12143000,13:10:00,3.8,5.6,12143000,13:10:00
201904010307,201905040407,2019-05-04,13:15:00,06,5.6,7.7,3009200.0,12:15:00,5.0,7.0,3631400,12:40:00,4.6,6.6,7426800,13:04:00,4.1,6.0,12143000,13:10:00,4.1,6.0,12143000,13:10:00,4.1,6.0,12143000,13:10:00
201904010307,201905040407,2019-05-04,13:15:00,07,1.5,1.7,3009200.0,12:15:00,1.4,1.6,3631400,12:40:00,1.4,1.7,7426800,13:04:00,1.3,1.6,12143000,13:10:00,1.3,1.6,12143000,13:10:00,1.3,1.6,12143000,13:10:00
201904010307,201905040407,2019-05-04,13:15:00,08,5.0,6.9,3009200.0,12:15:00,4.6,6.5,3631400,12:40:00,3.3,4.7,7426800,13:04:00,3.0,4.4,12143000,13:10:00,3.0,4.4,12143000,13:10:00,3.0,4.4,12143000,13:10:00
201904010307,201905040407,2019-05-04,13:15:00,09,7.7,10.7,3009200.0,12:15:00,6.5,9.2,3631400,12:40:00,5.4,7.7,7426800,13:04:00,6.7,10.1,12143000,13:10:00,6.7,10.1,12143000,13:10:00,6.7,10.1,12143000,13:10:00
201904010307,201905040407,2019-05-04,13:15:00,10,2.1,2.7,3009200.0,12:15:00,2.1,2.8,3631400,12:40:00,2.4,3.4,7426800,13:04:00,2.8,4.1,12143000,13:10:00,2.8,4.1,12143000,13:10:00,2.8,4.1,12143000,13:10:00
201904010307,201905040407,2019-05-04,13:15:00,11,10.0,13.8,3009200.0,12:15:00,10.4,14.6,3631400,12:40:00,9.5,13.7,7426800,13:04:00,10.5,15.8,12143000,13:10:00,10.5,15.8,12143000,13:10:00,10.5,15.8,12143000,13:10:00
201904010307,201905040407,2019-05-04,13:15:00,12,5.1,7.1,3009200.0,12:15:00,5.2,7.3,3631400,12:40:00,4.7,6.7,7426800,13:04:00,4.6,6.9,12143000,13:10:00,4.6,6.9,12143000,13:10:00,4.6,6.9,12143000,13:10:00
201904010307,201905040407,2019-05-04,13:15:00,13,4.2,5.7,3009200.0,12:15:00,4.5,6.3,3631400,12:40:00,5.4,7.7,7426800,13:04:00,4.8,7.1,12143000,13:10:00,4.8,7.1,12143000,13:10:00,4.8,7.1,12143000,13:10:00
201904010307,201905040407,2019-05-04,13:15:00,14,3.3,4.4,3009200.0,12:15:00,3.4,4.7,3631400,12:40:00,3.5,5.0,7426800,13:04:00,3.5,5.1,12143000,13:10:00,3.5,5.1,12143000,13:10:00,3.5,5.1,12143000,13:10:00
201904010307,201905040407,2019-05-04,13:15:00,15,2.1,2.8,3009200.0,12:15:00,2.0,2.7,3631400,12:40:00,2.0,2.8,7426800,13:04:00,2.1,2.9,12143000,13:10:00,2.1,2.9,12143000,13:10:00,2.1,2.9,12143000,13:10:00
201904010308,201905040408,2019-05-04,13:45:00,01,1.9,3.8,1967500.0,12:40:00,2.0,4.1,2478400,13:13:00,2.2,4.4,5206300,13:34:00,2.5,4.9,8350400,13:40:00,2.5,4.9,8350400,13:40:00,2.5,4.9,8350400,13:40:00
201904010308,201905040408,2019-05-04,13:45:00,02,3.4,7.4,1967500.0,12:40:00,3.3,7.1,2478400,13:13:00,4.2,9.2,5206300,13:34:00,5.1,10.7,8350400,13:40:00,5.1,10.7,8350400,13:40:00,5.1,10.7,8350400,13:40:00
201904010308,201905040408,2019-05-04,13:45:00,03,2.5,5.2,1967500.0,12:40:00,2.6,5.5,2478400,13:13:00,3.1,6.8,5206300,13:34:00,2.9,5.9,8350400,13:40:00,2.9,5.9,8350400,13:40:00,2.9,5.9,8350400,13:40:00
201904010308,201905040408,2019-05-04,13:45:00,04,2.5,5.3,1967500.0,12:40:00,2.3,4.9,2478400,13:13:00,2.3,4.7,5206300,13:34:00,2.4,4.7,8350400,13:40:00,2.4,4.7,8350400,13:40:00,2.4,4.7,8350400,13:40:00
201904010308,201905040408,2019-05-04,13:45:00,05,1.9,4.0,1967500.0,12:40:00,1.9,3.8,2478400,13:13:00,1.5,2.8,5206300,13:34:00,1.3,2.2,8350400,13:40:00,1.3,2.2,8350400,13:40:00,1.3,2.2,8350400,13:40:00
201904010308,201905040408,2019-05-04,13:45:00,06,1.1,1.1,1967500.0,12:40:00,1.1,1.1,2478400,13:13:00,1.1,1.1,5206300,13:34:00,1.1,1.1,8350400,13:40:00,1.1,1.1,8350400,13:40:00,1.1,1.1,8350400,13:40:00
201904010308,201905040408,2019-05-04,13:45:00,07,3.7,8.0,1967500.0,12:40:00,3.8,8.2,2478400,13:13:00,4.3,9.3,5206300,13:34:00,4.9,10.3,8350400,13:40:00,4.9,10.3,8350400,13:40:00,4.9,10.3,8350400,13:40:00
201904010308,201905040408,2019-05-04,13:45:00,08,1.9,4.0,1967500.0,12:40:00,2.0,4.0,2478400,13:13:00,2.0,4.0,5206300,13:34:00,2.2,4.4,8350400,13:40:00,2.2,4.4,8350400,13:40:00,2.2,4.4,8350400,13:40:00
201904010308,201905040408,2019-05-04,13:45:00,09,1.3,2.0,1967500.0,12:40:00,1.2,1.7,2478400,13:13:00,1.2,1.8,5206300,13:34:00,1.1,1.8,8350400,13:40:00,1.1,1.8,8350400,13:40:00,1.1,1.8,8350400,13:40:00
201904010309,201905040409,2019-05-04,14:15:00,01,2.4,3.7,3490100.0,13:15:00,2.2,3.4,4058700,13:42:00,2.0,3.2,7963300,14:04:00,1.6,2.5,11864900,14:10:00,1.6,2.5,11864900,14:10:00,1.6,2.5,11864900,14:10:00
201904010309,201905040409,2019-05-04,14:15:00,02,1.3,1.7,3490100.0,13:15:00,1.3,1.8,4058700,13:42:00,1.3,1.7,7963300,14:04:00,1.3,1.8,11864900,14:10:00,1.3,1.8,11864900,14:10:00,1.3,1.8,11864900,14:10:00
201904010309,201905040409,2019-05-04,14:15:00,03,4.3,7.0,3490100.0,13:15:00,4.2,6.8,4058700,13:42:00,4.7,8.0,7963300,14:04:00,5.0,8.4,11864900,14:10:00,5.0,8.4,11864900,14:10:00,5.0,8.4,11864900,14:10:00
201904010309,201905040409,2019-05-04,14:15:00,04,6.3,10.2,3490100.0,13:15:00,6.3,10.3,4058700,13:42:00,7.8,13.5,7963300,14:04:00,7.9,13.5,11864900,14:10:00,7.9,13.5,11864900,14:10:00,7.9,13.5,11864900,14:10:00
201904010309,201905040409,2019-05-04,14:15:00,05,1.4,2.0,3490100.0,13:15:00,1.4,2.1,4058700,13:42:00,1.7,2.7,7963300,14:04:00,1.8,2.9,11864900,14:10:00,1.8,2.9,11864900,14:10:00,1.8,2.9,11864900,14:10:00
201904010309,201905040409,2019-05-04,14:15:00,06,13.7,22.1,3490100.0,13:15:00,13.1,21.4,4058700,13:42:00,14.7,25.7,7963300,14:04:00,12.4,21.2,11864900,14:10:00,12.4,21.2,11864900,14:10:00,12.4,21.2,11864900,14:10:00
201904010309,201905040409,2019-05-04,14:15:00,07,1.2,1.6,3490100.0,13:15:00,1.2,1.6,4058700,13:42:00,1.2,1.5,7963300,14:04:00,1.2,1.5,11864900,14:10:00,1.2,1.5,11864900,14:10:00,1.2,1.5,11864900,14:10:00
201904010309,201905040409,2019-05-04,14:15:00,08,3.3,5.2,3490100.0,13:15:00,3.1,5.0,4058700,13:42:00,2.4,4.0,7963300,14:04:00,3.0,5.0,11864900,14:10:00,3.0,5.0,11864900,14:10:00,3.0,5.0,11864900,14:10:00
201904010309,201905040409,2019-05-04,14:15:00,09,2.0,3.0,3490100.0,13:15:00,2.1,3.2,4058700,13:42:00,1.7,2.8,7963300,14:04:00,1.7,2.6,11864900,14:10:00,1.7,2.6,11864900,14:10:00,1.7,2.6,11864900,14:10:00
201904010309,201905040409,2019-05-04,14:15:00,10,3.9,6.3,3490100.0,13:15:00,4.3,6.9,4058700,13:42:00,5.4,9.4,7963300,14:04:00,5.8,9.8,11864900,14:10:00,5.8,9.8,11864900,14:10:00,5.8,9.8,11864900,14:10:00
201904010309,201905040409,2019-05-04,14:15:00,11,3.5,5.5,3490100.0,13:15:00,3.7,5.9,4058700,13:42:00,3.6,6.1,7963300,14:04:00,4.1,6.9,11864900,14:10:00,4.1,6.9,11864900,14:10:00,4.1,6.9,11864900,14:10:00
201904010310,201905040410,2019-05-04,14:50:00,01,1.8,2.2,4318300.0,13:47:00,1.8,2.2,5771200,14:18:00,1.6,2.0,10135900,14:39:00,1.3,1.8,22058700,14:45:00,1.3,1.8,22058700,14:45:00,1.3,1.8,22058700,14:45:00
201904010310,201905040410,2019-05-04,14:50:00,02,2.1,2.8,4318300.0,13:47:00,2.4,3.1,5771200,14:18:00,2.5,3.5,10135900,14:39:00,3.4,5.4,22058700,14:45:00,3.4,5.4,22058700,14:45:00,3.4,5.4,22058700,14:45:00
201904010310,201905040410,2019-05-04,14:50:00,03,5.5,7.3,4318300.0,13:47:00,5.7,7.6,5771200,14:18:00,5.9,8.6,10135900,14:39:00,7.3,11.8,22058700,14:45:00,7.3,11.8,22058700,14:45:00,7.3,11.8,22058700,14:45:00
201904010310,201905040410,2019-05-04,14:50:00,04,3.7,4.9,4318300.0,13:47:00,3.4,4.6,5771200,14:18:00,2.5,3.6,10135900,14:39:00,2.3,3.6,22058700,14:45:00,2.3,3.6,22058700,14:45:00,2.3,3.6,22058700,14:45:00
201904010310,201905040410,2019-05-04,14:50:00,05,3.1,4.1,4318300.0,13:47:00,3.5,4.6,5771200,14:18:00,3.4,4.9,10135900,14:39:00,3.5,5.6,22058700,14:45:00,3.5,5.6,22058700,14:45:00,3.5,5.6,22058700,14:45:00
201904010310,201905040410,2019-05-04,14:50:00,06,7.8,10.4,4318300.0,13:47:00,8.3,11.0,5771200,14:18:00,9.8,14.3,10135900,14:39:00,10.6,17.3,22058700,14:45:00,10.6,17.3,22058700,14:45:00,10.6,17.3,22058700,14:45:00
201904010310,201905040410,2019-05-04,14:50:00,07,4.1,5.5,4318300.0,13:47:00,4.5,6.0,5771200,14:18:00,5.0,7.2,10135900,14:39:00,5.1,8.3,22058700,14:45:00,5.1,8.3,22058700,14:45:00,5.1,8.3,22058700,14:45:00
201904010310,201905040410,2019-05-04,14:50:00,08,2.3,2.9,4318300.0,13:47:00,2.1,2.8,5771200,14:18:00,2.0,2.8,10135900,14:39:00,1.8,2.7,22058700,14:45:00,1.8,2.7,22058700,14:45:00,1.8,2.7,22058700,14:45:00
201904010310,201905040410,2019-05-04,14:50:00,09,1.6,1.9,4318300.0,13:47:00,1.6,1.9,5771200,14:18:00,1.4,1.7,10135900,14:39:00,1.3,1.6,22058700,14:45:00,1.3,1.6,22058700,14:45:00,1.3,1.6,22058700,14:45:00
201904010310,201905040410,2019-05-04,14:50:00,10,3.3,4.4,4318300.0,13:47:00,2.7,3.5,5771200,14:18:00,2.7,3.9,10135900,14:39:00,2.3,3.6,22058700,14:45:00,2.3,3.6,22058700,14:45:00,2.3,3.6,22058700,14:45:00
201904010310,201905040410,2019-05-04,14:50:00,11,3.5,4.7,4318300.0,13:47:00,3.9,5.2,5771200,14:18:00,4.7,6.8,10135900,14:39:00,4.7,7.6,22058700,14:45:00,4.7,7.6,22058700,14:45:00,4.7,7.6,22058700,14:45:00
201904010310,201905040410,2019-05-04,14:50:00,12,4.2,5.7,4318300.0,13:47:00,3.4,4.6,5771200,14:18:00,4.3,6.2,10135900,14:39:00,5.4,8.8,22058700,14:45:00,5.4,8.8,22058700,14:45:00,5.4,8.8,22058700,14:45:00
201904010310,201905040410,2019-05-04,14:50:00,13,3.6,4.9,4318300.0,13:47:00,4.0,5.3,5771200,14:18:00,3.7,5.3,10135900,14:39:00,3.5,5.6,22058700,14:45:00,3.5,5.6,22058700,14:45:00,3.5,5.6,22058700,14:45:00
201904010311,201905040411,2019-05-04,15:25:00,01,6.0,7.5,11946800.0,14:23:00,5.7,7.1,14815000,14:54:00,5.9,7.6,24881400,15:14:00,5.5,7.3,34948400,15:19:00,5.5,7.3,34948400,15:19:00,5.5,7.3,34948400,15:19:00
201904010311,201905040411,2019-05-04,15:25:00,02,3.3,4.0,11946800.0,14:23:00,3.5,4.3,14815000,14:54:00,3.8,4.9,24881400,15:14:00,4.4,5.9,34948400,15:19:00,4.4,5.9,34948400,15:19:00,4.4,5.9,34948400,15:19:00
201904010311,201905040411,2019-05-04,15:25:00,03,9.2,11.6,11946800.0,14:23:00,9.2,11.6,14815000,14:54:00,9.4,12.3,24881400,15:14:00,10.2,13.8,34948400,15:19:00,10.2,13.8,34948400,15:19:00,10.2,13.8,34948400,15:19:00
201904010311,201905040411,2019-05-04,15:25:00,04,3.4,4.2,11946800.0,14:23:00,3.4,4.2,14815000,14:54:00,3.9,5.0,24881400,15:14:00,4.0,5.3,34948400,15:19:00,4.0,5.3,34948400,15:19:00,4.0,5.3,34948400,15:19:00
201904010311,201905040411,2019-05-04,15:25:00,05,12.3,15.5,11946800.0,14:23:00,12.4,15.5,14815000,14:54:00,13.8,18.0,24881400,15:14:00,15.3,20.6,34948400,15:19:00,15.3,20.6,34948400,15:19:00,15.3,20.6,34948400,15:19:00
201904010311,201905040411,2019-05-04,15:25:00,06,2.5,3.0,11946800.0,14:23:00,2.6,3.2,14815000,14:54:00,2.4,3.0,24881400,15:14:00,2.3,2.9,34948400,15:19:00,2.3,2.9,34948400,15:19:00,2.3,2.9,34948400,15:19:00
201904010311,201905040411,2019-05-04,15:25:00,07,11.2,14.1,11946800.0,14:23:00,11.2,14.1,14815000,14:54:00,15.1,19.6,24881400,15:14:00,16.5,22.2,34948400,15:19:00,16.5,22.2,34948400,15:19:00,16.5,22.2,34948400,15:19:00
201904010311,201905040411,2019-05-04,15:25:00,08,5.4,6.8,11946800.0,14:23:00,6.0,7.5,14815000,14:54:00,5.4,7.0,24881400,15:14:00,5.4,7.2,34948400,15:19:00,5.4,7.2,34948400,15:19:00,5.4,7.2,34948400,15:19:00
201904010311,201905040411,2019-05-04,15:25:00,09,3.3,4.0,11946800.0,14:23:00,2.9,3.5,14815000,14:54:00,2.7,3.4,24881400,15:14:00,2.5,3.3,34948400,15:19:00,2.5,3.3,34948400,15:19:00,2.5,3.3,34948400,15:19:00
201904010311,201905040411,2019-05-04,15:25:00,10,2.4,2.9,11946800.0,14:23:00,2.5,3.0,14815000,14:54:00,2.1,2.6,24881400,15:14:00,1.9,2.4,34948400,15:19:00,1.9,2.4,34948400,15:19:00,1.9,2.4,34948400,15:19:00
201904010311,201905040411,2019-05-04,15:25:00,11,5.8,7.2,11946800.0,14:23:00,6.2,7.8,14815000,14:54:00,7.2,9.3,24881400,15:14:00,6.5,8.7,34948400,15:19:00,6.5,8.7,34948400,15:19:00,6.5,8.7,34948400,15:19:00
201904010311,201905040411,2019-05-04,15:25:00,12,4.5,5.6,11946800.0,14:23:00,4.4,5.4,14815000,14:54:00,3.9,5.0,24881400,15:14:00,3.7,4.9,34948400,15:19:00,3.7,4.9,34948400,15:19:00,3.7,4.9,34948400,15:19:00
201904010311,201905040411,2019-05-04,15:25:00,13,2.0,2.3,11946800.0,14:23:00,2.0,2.4,14815000,14:54:00,1.9,2.3,24881400,15:14:00,1.8,2.2,34948400,15:19:00,1.8,2.2,34948400,15:19:00,1.8,2.2,34948400,15:19:00
201904010311,201905040411,2019-05-04,15:25:00,14,4.7,5.8,11946800.0,14:23:00,4.6,5.7,14815000,14:54:00,5.2,6.7,24881400,15:14:00,5.1,6.8,34948400,15:19:00,5.1,6.8,34948400,15:19:00,5.1,6.8,34948400,15:19:00
201904010311,201905040411,2019-05-04,15:25:00,15,3.0,3.6,11946800.0,14:23:00,2.8,3.4,14815000,14:54:00,2.6,3.3,24881400,15:14:00,2.7,3.5,34948400,15:19:00,2.7,3.5,34948400,15:19:00,2.7,3.5,34948400,15:19:00
201904010311,201905040411,2019-05-04,15:25:00,16,2.8,3.4,11946800.0,14:23:00,2.9,3.5,14815000,14:54:00,3.0,3.8,24881400,15:14:00,3.1,4.0,34948400,15:19:00,3.1,4.0,34948400,15:19:00,3.1,4.0,34948400,15:19:00
201904010312,201905040412,2019-05-04,16:01:00,01,6.2,14.7,9382700.0,15:00:00,6.9,19.6,13195700,15:27:00,11.7,23.1,28186700,15:50:00,15.7,27.3,44460200,15:55:00,15.7,27.3,44460200,15:55:00,15.7,27.3,44460200,15:55:00
201904010312,201905040412,2019-05-04,16:01:00,02,2.6,5.8,9382700.0,15:00:00,2.6,6.9,13195700,15:27:00,2.6,4.8,28186700,15:50:00,2.4,3.9,44460200,15:55:00,2.4,3.9,44460200,15:55:00,2.4,3.9,44460200,15:55:00
201904010312,201905040412,2019-05-04,16:01:00,03,1.6,3.1,9382700.0,15:00:00,1.7,3.9,13195700,15:27:00,1.9,3.3,28186700,15:50:00,2.1,3.3,44460200,15:55:00,2.1,3.3,44460200,15:55:00,2.1,3.3,44460200,15:55:00
201904010312,201905040412,2019-05-04,16:01:00,04,17.7,42.7,9382700.0,15:00:00,18.5,54.0,13195700,15:27:00,30.0,59.6,28186700,15:50:00,36.1,63.1,44460200,15:55:00,36.1,63.1,44460200,15:55:00,36.1,63.1,44460200,15:55:00
201904010312,201905040412,2019-05-04,16:01:00,05,2.8,6.1,9382700.0,15:00:00,2.6,7.0,13195700,15:27:00,2.0,3.6,28186700,15:50:00,1.7,2.7,44460200,15:55:00,1.7,2.7,44460200,15:55:00,1.7,2.7,44460200,15:55:00
201904010312,201905040412,2019-05-04,16:01:00,06,9.0,21.5,9382700.0,15:00:00,9.4,27.0,13195700,15:27:00,14.9,29.6,28186700,15:50:00,18.8,32.9,44460200,15:55:00,18.8,32.9,44460200,15:55:00,18.8,32.9,44460200,15:55:00
201904010312,201905040412,2019-05-04,16:01:00,07,2.5,5.4,9382700.0,15:00:00,2.3,5.8,13195700,15:27:00,1.5,2.4,28186700,15:50:00,1.6,2.4,44460200,15:55:00,1.6,2.4,44460200,15:55:00,1.6,2.4,44460200,15:55:00
201904010312,201905040412,2019-05-04,16:01:00,08,2.1,4.5,9382700.0,15:00:00,2.2,5.6,13195700,15:27:00,2.8,5.1,28186700,15:50:00,2.7,4.5,44460200,15:55:00,2.7,4.5,44460200,15:55:00,2.7,4.5,44460200,15:55:00
201904010312,201905040412,2019-05-04,16:01:00,09,7.8,18.5,9382700.0,15:00:00,8.0,23.1,13195700,15:27:00,9.4,18.4,28186700,15:50:00,10.4,18.1,44460200,15:55:00,10.4,18.1,44460200,15:55:00,10.4,18.1,44460200,15:55:00
201904010312,201905040412,2019-05-04,16:01:00,10,6.2,14.6,9382700.0,15:00:00,6.5,18.3,13195700,15:27:00,5.3,10.1,28186700,15:50:00,5.1,8.7,44460200,15:55:00,5.1,8.7,44460200,15:55:00,5.1,8.7,44460200,15:55:00
201904010312,201905040412,2019-05-04,16:01:00,11,4.5,10.4,9382700.0,15:00:00,4.7,13.1,13195700,15:27:00,5.8,11.1,28186700,15:50:00,6.0,10.2,44460200,15:55:00,6.0,10.2,44460200,15:55:00,6.0,10.2,44460200,15:55:00
201904010312,201905040412,2019-05-04,16:01:00,12,8.5,20.4,9382700.0,15:00:00,9.0,25.9,13195700,15:27:00,11.3,22.4,28186700,15:50:00,11.6,20.2,44460200,15:55:00,11.6,20.2,44460200,15:55:00,11.6,20.2,44460200,15:55:00
201904010312,201905040412,2019-05-04,16:01:00,13,3.8,8.7,9382700.0,15:00:00,3.9,10.8,13195700,15:27:00,3.5,6.5,28186700,15:50:00,3.4,5.7,44460200,15:55:00,3.4,5.7,44460200,15:55:00,3.4,5.7,44460200,15:55:00
201904010312,201905040412,2019-05-04,16:01:00,14,1.1,1.1,9382700.0,15:00:00,1.1,1.1,13195700,15:27:00,1.1,1.2,28186700,15:50:00,1.1,1.4,44460200,15:55:00,1.1,1.4,44460200,15:55:00,1.1,1.4,44460200,15:55:00
201904010312,201905040412,2019-05-04,16:01:00,15,5.9,13.8,9382700.0,15:00:00,6.1,17.3,13195700,15:27:00,6.2,12.1,28186700,15:50:00,7.6,13.0,44460200,15:55:00,7.6,13.0,44460200,15:55:00,7.6,13.0,44460200,15:55:00
201904010312,201905040412,2019-05-04,16:01:00,16,5.7,13.5,9382700.0,15:00:00,4.9,13.6,13195700,15:27:00,6.3,12.3,28186700,15:50:00,6.7,11.6,44460200,15:55:00,6.7,11.6,44460200,15:55:00,6.7,11.6,44460200,15:55:00
201904010401,201905050401,2019-05-05,09:50:00,01,14.3,22.8,2261500.0,08:48:00,16.4,33.5,4390000,09:18:00,12.5,23.8,9059400,09:39:00,13.4,25.1,12618500,09:44:00,13.4,25.1,12618500,09:44:00,13.4,25.1,12618500,09:44:00
201904010401,201905050401,2019-05-05,09:50:00,02,9.1,14.4,2261500.0,08:48:00,8.1,16.3,4390000,09:18:00,8.3,15.6,9059400,09:39:00,8.6,15.9,12618500,09:44:00,8.6,15.9,12618500,09:44:00,8.6,15.9,12618500,09:44:00
201904010401,201905050401,2019-05-05,09:50:00,03,1.4,2.0,2261500.0,08:48:00,1.5,2.6,4390000,09:18:00,1.3,1.9,9059400,09:39:00,1.3,1.8,12618500,09:44:00,1.3,1.8,12618500,09:44:00,1.3,1.8,12618500,09:44:00
201904010401,201905050401,2019-05-05,09:50:00,04,11.9,19.0,2261500.0,08:48:00,15.8,32.2,4390000,09:18:00,15.4,29.4,9059400,09:39:00,15.8,29.6,12618500,09:44:00,15.8,29.6,12618500,09:44:00,15.8,29.6,12618500,09:44:00
201904010401,201905050401,2019-05-05,09:50:00,05,13.4,21.4,2261500.0,08:48:00,11.2,22.8,4390000,09:18:00,15.1,28.8,9059400,09:39:00,16.5,31.1,12618500,09:44:00,16.5,31.1,12618500,09:44:00,16.5,31.1,12618500,09:44:00
201904010401,201905050401,2019-05-05,09:50:00,06,1.3,1.7,2261500.0,08:48:00,1.1,1.1,4390000,09:18:00,1.1,1.3,9059400,09:39:00,1.1,1.4,12618500,09:44:00,1.1,1.4,12618500,09:44:00,1.1,1.4,12618500,09:44:00
201904010401,201905050401,2019-05-05,09:50:00,07,6.7,10.5,2261500.0,08:48:00,8.7,17.6,4390000,09:18:00,9.2,17.5,9059400,09:39:00,9.1,16.9,12618500,09:44:00,9.1,16.9,12618500,09:44:00,9.1,16.9,12618500,09:44:00
201904010401,201905050401,2019-05-05,09:50:00,08,9.0,14.3,2261500.0,08:48:00,9.7,19.6,4390000,09:18:00,8.5,16.0,9059400,09:39:00,8.8,16.3,12618500,09:44:00,8.8,16.3,12618500,09:44:00,8.8,16.3,12618500,09:44:00
201904010401,201905050401,2019-05-05,09:50:00,09,1.8,2.6,2261500.0,08:48:00,2.0,3.5,4390000,09:18:00,1.7,2.8,9059400,09:39:00,1.7,2.8,12618500,09:44:00,1.7,2.8,12618500,09:44:00,1.7,2.8,12618500,09:44:00
201904010401,201905050401,2019-05-05,09:50:00,10,1.7,2.5,2261500.0,08:48:00,1.5,2.6,4390000,09:18:00,1.6,2.7,9059400,09:39:00,1.5,2.5,12618500,09:44:00,1.5,2.5,12618500,09:44:00,1.5,2.5,12618500,09:44:00
201904010401,201905050401,2019-05-05,09:50:00,11,4.1,6.4,2261500.0,08:48:00,3.5,6.7,4390000,09:18:00,3.5,6.3,9059400,09:39:00,3.6,6.5,12618500,09:44:00,3.6,6.5,12618500,09:44:00,3.6,6.5,12618500,09:44:00
201904010401,201905050401,2019-05-05,09:50:00,12,1.6,2.3,2261500.0,08:48:00,1.7,2.9,4390000,09:18:00,1.8,3.0,9059400,09:39:00,1.8,2.9,12618500,09:44:00,1.8,2.9,12618500,09:44:00,1.8,2.9,12618500,09:44:00
201904010401,201905050401,2019-05-05,09:50:00,13,3.2,4.8,2261500.0,08:48:00,3.4,6.6,4390000,09:18:00,3.2,5.8,9059400,09:39:00,3.5,6.3,12618500,09:44:00,3.5,6.3,12618500,09:44:00,3.5,6.3,12618500,09:44:00
201904010402,201905050402,2019-05-05,10:15:00,01,18.0,36.9,1564900.0,09:15:00,15.5,31.2,2279100,09:39:00,17.6,41.6,5108300,10:04:00,20.3,50.1,8485600,10:09:00,20.3,50.1,8485600,10:09:00,20.3,50.1,8485600,10:09:00
201904010402,201905050402,2019-05-05,10:15:00,02,3.0,5.6,1564900.0,09:15:00,2.7,5.1,2279100,09:39:00,2.6,5.5,5108300,10:04:00,2.8,6.3,8485600,10:09:00,2.8,6.3,8485600,10:09:00,2.8,6.3,8485600,10:09:00
201904010402,201905050402,2019-05-05,10:15:00,03,4.1,8.0,1564900.0,09:15:00,4.0,7.6,2279100,09:39:00,3.4,7.6,5108300,10:04:00,3.4,7.9,8485600,10:09:00,3.4,7.9,8485600,10:09:00,3.4,7.9,8485600,10:09:00
201904010402,201905050402,2019-05-05,10:15:00,04,1.3,2.1,1564900.0,09:15:00,1.4,2.3,2279100,09:39:00,1.3,2.1,5108300,10:04:00,1.3,2.5,8485600,10:09:00,1.3,2.5,8485600,10:09:00,1.3,2.5,8485600,10:09:00
201904010402,201905050402,2019-05-05,10:15:00,05,17.9,36.6,1564900.0,09:15:00,17.8,35.8,2279100,09:39:00,20.7,49.1,5108300,10:04:00,23.9,59.1,8485600,10:09:00,23.9,59.1,8485600,10:09:00,23.9,59.1,8485600,10:09:00
201904010402,201905050402,2019-05-05,10:15:00,06,2.1,3.8,1564900.0,09:15:00,2.1,3.7,2279100,09:39:00,2.3,4.8,5108300,10:04:00,2.8,6.2,8485600,10:09:00,2.8,6.2,8485600,10:09:00,2.8,6.2,8485600,10:09:00
201904010402,201905050402,2019-05-05,10:15:00,07,4.8,9.5,1564900.0,09:15:00,5.5,10.8,2279100,09:39:00,5.8,13.3,5108300,10:04:00,6.6,15.8,8485600,10:09:00,6.6,15.8,8485600,10:09:00,6.6,15.8,8485600,10:09:00
201904010402,201905050402,2019-05-05,10:15:00,08,13.8,28.1,1564900.0,09:15:00,15.4,31.0,2279100,09:39:00,14.4,34.1,5108300,10:04:00,15.2,37.5,8485600,10:09:00,15.2,37.5,8485600,10:09:00,15.2,37.5,8485600,10:09:00
201904010402,201905050402,2019-05-05,10:15:00,09,6.3,12.5,1564900.0,09:15:00,7.5,14.8,2279100,09:39:00,8.4,19.5,5108300,10:04:00,9.8,23.8,8485600,10:09:00,9.8,23.8,8485600,10:09:00,9.8,23.8,8485600,10:09:00
201904010402,201905050402,2019-05-05,10:15:00,10,2.1,3.8,1564900.0,09:15:00,2.1,3.8,2279100,09:39:00,2.2,4.5,5108300,10:04:00,1.9,3.9,8485600,10:09:00,1.9,3.9,8485600,10:09:00,1.9,3.9,8485600,10:09:00
201904010402,201905050402,2019-05-05,10:15:00,11,18.2,37.2,1564900.0,09:15:00,8.5,17.0,2279100,09:39:00,9.3,21.7,5108300,10:04:00,11.1,27.1,8485600,10:09:00,11.1,27.1,8485600,10:09:00,11.1,27.1,8485600,10:09:00
201904010402,201905050402,2019-05-05,10:15:00,12,1.5,2.6,1564900.0,09:15:00,1.6,2.7,2279100,09:39:00,1.6,3.1,5108300,10:04:00,1.4,2.8,8485600,10:09:00,1.4,2.8,8485600,10:09:00,1.4,2.8,8485600,10:09:00
201904010402,201905050402,2019-05-05,10:15:00,13,13.0,26.4,1564900.0,09:15:00,11.6,23.1,2279100,09:39:00,8.6,20.0,5108300,10:04:00,10.2,24.8,8485600,10:09:00,10.2,24.8,8485600,10:09:00,10.2,24.8,8485600,10:09:00
201904010402,201905050402,2019-05-05,10:15:00,14,1.1,1.2,1564900.0,09:15:00,1.1,1.2,2279100,09:39:00,1.1,1.1,5108300,10:04:00,1.1,1.1,8485600,10:09:00,1.1,1.1,8485600,10:09:00,1.1,1.1,8485600,10:09:00
201904010402,201905050402,2019-05-05,10:15:00,15,8.6,17.3,1564900.0,09:15:00,9.3,18.5,2279100,09:39:00,8.7,20.3,5108300,10:04:00,9.2,22.5,8485600,10:09:00,9.2,22.5,8485600,10:09:00,9.2,22.5,8485600,10:09:00
201904010403,201905050403,2019-05-05,10:45:00,01,2.5,4.0,1845400.0,09:41:00,2.5,3.9,2511200,10:11:00,2.5,4.5,6393300,10:34:00,2.7,5.0,9545500,10:39:00,2.7,5.0,9545500,10:39:00,2.7,5.0,9545500,10:39:00
201904010403,201905050403,2019-05-05,10:45:00,02,13.8,23.8,1845400.0,09:41:00,15.2,25.7,2511200,10:11:00,19.8,37.6,6393300,10:34:00,23.3,46.6,9545500,10:39:00,23.3,46.6,9545500,10:39:00,23.3,46.6,9545500,10:39:00
201904010403,201905050403,2019-05-05,10:45:00,03,2.6,4.1,1845400.0,09:41:00,2.2,3.4,2511200,10:11:00,2.3,4.1,6393300,10:34:00,2.4,4.4,9545500,10:39:00,2.4,4.4,9545500,10:39:00,2.4,4.4,9545500,10:39:00
201904010403,201905050403,2019-05-05,10:45:00,04,12.5,21.5,1845400.0,09:41:00,15.0,25.4,2511200,10:11:00,16.0,30.5,6393300,10:34:00,16.4,32.6,9545500,10:39:00,16.4,32.6,9545500,10:39:00,16.4,32.6,9545500,10:39:00
201904010403,201905050403,2019-05-05,10:45:00,05,1.4,2.0,1845400.0,09:41:00,1.4,1.8,2511200,10:11:00,1.1,1.4,6393300,10:34:00,1.2,1.5,9545500,10:39:00,1.2,1.5,9545500,10:39:00,1.2,1.5,9545500,10:39:00
201904010403,201905050403,2019-05-05,10:45:00,06,4.9,8.2,1845400.0,09:41:00,4.7,7.7,2511200,10:11:00,5.0,9.2,6393300,10:34:00,5.4,10.5,9545500,10:39:00,5.4,10.5,9545500,10:39:00,5.4,10.5,9545500,10:39:00
201904010403,201905050403,2019-05-05,10:45:00,07,3.9,6.4,1845400.0,09:41:00,4.6,7.5,2511200,10:11:00,4.2,7.8,6393300,10:34:00,3.9,7.4,9545500,10:39:00,3.9,7.4,9545500,10:39:00,3.9,7.4,9545500,10:39:00
201904010403,201905050403,2019-05-05,10:45:00,08,1.2,1.5,1845400.0,09:41:00,1.3,1.6,2511200,10:11:00,1.4,1.8,6393300,10:34:00,1.2,1.5,9545500,10:39:00,1.2,1.5,9545500,10:39:00,1.2,1.5,9545500,10:39:00
201904010403,201905050403,2019-05-05,10:45:00,09,12.0,20.6,1845400.0,09:41:00,13.1,22.1,2511200,10:11:00,12.5,23.7,6393300,10:34:00,13.2,26.3,9545500,10:39:00,13.2,26.3,9545500,10:39:00,13.2,26.3,9545500,10:39:00
201904010403,201905050403,2019-05-05,10:45:00,10,6.2,10.6,1845400.0,09:41:00,7.2,11.9,2511200,10:11:00,7.1,13.2,6393300,10:34:00,6.9,13.5,9545500,10:39:00,6.9,13.5,9545500,10:39:00,6.9,13.5,9545500,10:39:00
201904010403,201905050403,2019-05-05,10:45:00,11,4.6,7.6,1845400.0,09:41:00,4.3,7.0,2511200,10:11:00,3.9,7.1,6393300,10:34:00,4.1,7.9,9545500,10:39:00,4.1,7.9,9545500,10:39:00,4.1,7.9,9545500,10:39:00
201904010403,201905050403,2019-05-05,10:45:00,12,2.9,4.8,1845400.0,09:41:00,3.4,5.5,2511200,10:11:00,2.4,4.3,6393300,10:34:00,2.5,4.6,9545500,10:39:00,2.5,4.6,9545500,10:39:00,2.5,4.6,9545500,10:39:00
201904010403,201905050403,2019-05-05,10:45:00,13,1.9,2.9,1845400.0,09:41:00,2.1,3.3,2511200,10:11:00,2.6,4.6,6393300,10:34:00,2.5,4.7,9545500,10:39:00,2.5,4.7,9545500,10:39:00,2.5,4.7,9545500,10:39:00
201904010403,201905050403,2019-05-05,10:45:00,14,5.2,8.8,1845400.0,09:41:00,4.3,7.0,2511200,10:11:00,5.1,9.4,6393300,10:34:00,6.0,11.7,9545500,10:39:00,6.0,11.7,9545500,10:39:00,6.0,11.7,9545500,10:39:00
201904010403,201905050403,2019-05-05,10:45:00,15,4.5,7.5,1845400.0,09:41:00,3.4,5.5,2511200,10:11:00,3.0,5.4,6393300,10:34:00,2.4,4.5,9545500,10:39:00,2.4,4.5,9545500,10:39:00,2.4,4.5,9545500,10:39:00
201904010405,201905050405,2019-05-05,12:05:00,01,20.7,32.4,2660500.0,11:04:00,22.3,34.8,4144100,11:33:00,27.7,39.9,10861900,11:54:00,30.5,44.7,16608900,11:59:00,30.5,44.7,16608900,11:59:00,30.5,44.7,16608900,11:59:00
201904010405,201905050405,2019-05-05,12:05:00,02,6.7,10.4,2660500.0,11:04:00,7.2,11.2,4144100,11:33:00,9.0,12.8,10861900,11:54:00,9.2,13.3,16608900,11:59:00,9.2,13.3,16608900,11:59:00,9.2,13.3,16608900,11:59:00
201904010405,201905050405,2019-05-05,12:05:00,03,1.3,1.6,2660500.0,11:04:00,1.5,2.0,4144100,11:33:00,1.7,2.2,10861900,11:54:00,1.7,2.3,16608900,11:59:00,1.7,2.3,16608900,11:59:00,1.7,2.3,16608900,11:59:00
201904010405,201905050405,2019-05-05,12:05:00,04,12.1,19.0,2660500.0,11:04:00,8.8,13.7,4144100,11:33:00,12.2,17.5,10861900,11:54:00,15.7,23.1,16608900,11:59:00,15.7,23.1,16608900,11:59:00,15.7,23.1,16608900,11:59:00
201904010405,201905050405,2019-05-05,12:05:00,05,2.0,2.9,2660500.0,11:04:00,1.8,2.6,4144100,11:33:00,1.6,2.1,10861900,11:54:00,1.6,2.2,16608900,11:59:00,1.6,2.2,16608900,11:59:00,1.6,2.2,16608900,11:59:00
201904010405,201905050405,2019-05-05,12:05:00,06,4.3,6.5,2660500.0,11:04:00,4.3,6.6,4144100,11:33:00,4.8,6.8,10861900,11:54:00,5.1,7.3,16608900,11:59:00,5.1,7.3,16608900,11:59:00,5.1,7.3,16608900,11:59:00
201904010405,201905050405,2019-05-05,12:05:00,07,4.8,7.4,2660500.0,11:04:00,4.7,7.2,4144100,11:33:00,4.4,6.1,10861900,11:54:00,4.2,6.0,16608900,11:59:00,4.2,6.0,16608900,11:59:00,4.2,6.0,16608900,11:59:00
201904010405,201905050405,2019-05-05,12:05:00,08,19.5,30.5,2660500.0,11:04:00,19.1,29.8,4144100,11:33:00,22.1,31.8,10861900,11:54:00,26.5,38.9,16608900,11:59:00,26.5,38.9,16608900,11:59:00,26.5,38.9,16608900,11:59:00
201904010405,201905050405,2019-05-05,12:05:00,09,6.1,9.4,2660500.0,11:04:00,6.7,10.4,4144100,11:33:00,7.5,10.8,10861900,11:54:00,6.8,9.8,16608900,11:59:00,6.8,9.8,16608900,11:59:00,6.8,9.8,16608900,11:59:00
201904010405,201905050405,2019-05-05,12:05:00,10,3.9,5.9,2660500.0,11:04:00,3.7,5.7,4144100,11:33:00,6.3,8.9,10861900,11:54:00,5.5,7.9,16608900,11:59:00,5.5,7.9,16608900,11:59:00,5.5,7.9,16608900,11:59:00
201904010405,201905050405,2019-05-05,12:05:00,11,3.5,5.2,2660500.0,11:04:00,3.7,5.6,4144100,11:33:00,4.0,5.6,10861900,11:54:00,4.1,5.8,16608900,11:59:00,4.1,5.8,16608900,11:59:00,4.1,5.8,16608900,11:59:00
201904010405,201905050405,2019-05-05,12:05:00,12,1.6,2.2,2660500.0,11:04:00,1.4,1.8,4144100,11:33:00,1.6,2.2,10861900,11:54:00,1.5,2.0,16608900,11:59:00,1.5,2.0,16608900,11:59:00,1.5,2.0,16608900,11:59:00
201904010405,201905050405,2019-05-05,12:05:00,13,1.9,2.7,2660500.0,11:04:00,2.0,2.8,4144100,11:33:00,1.6,2.2,10861900,11:54:00,1.7,2.2,16608900,11:59:00,1.7,2.2,16608900,11:59:00,1.7,2.2,16608900,11:59:00
201904010405,201905050405,2019-05-05,12:05:00,14,3.7,5.6,2660500.0,11:04:00,4.2,6.3,4144100,11:33:00,4.4,6.2,10861900,11:54:00,4.8,6.9,16608900,11:59:00,4.8,6.9,16608900,11:59:00,4.8,6.9,16608900,11:59:00
201904010405,201905050405,2019-05-05,12:05:00,15,2.9,4.3,2660500.0,11:04:00,2.9,4.3,4144100,11:33:00,3.0,4.1,10861900,11:54:00,2.4,3.4,16608900,11:59:00,2.4,3.4,16608900,11:59:00,2.4,3.4,16608900,11:59:00
201904010406,201905050406,2019-05-05,12:35:00,01,2.7,4.2,3158700.0,11:32:00,2.1,3.0,4287600,12:04:00,2.5,4.7,9671200,12:24:00,2.9,5.8,14625200,12:29:00,2.9,5.8,14625200,12:29:00,2.9,5.8,14625200,12:29:00
201904010406,201905050406,2019-05-05,12:35:00,02,6.3,10.3,3158700.0,11:32:00,6.8,10.4,4287600,12:04:00,6.3,12.7,9671200,12:24:00,6.2,13.3,14625200,12:29:00,6.2,13.3,14625200,12:29:00,6.2,13.3,14625200,12:29:00
201904010406,201905050406,2019-05-05,12:35:00,03,4.6,7.4,3158700.0,11:32:00,4.6,7.0,4287600,12:04:00,5.3,10.4,9671200,12:24:00,5.6,11.8,14625200,12:29:00,5.6,11.8,14625200,12:29:00,5.6,11.8,14625200,12:29:00
201904010406,201905050406,2019-05-05,12:35:00,04,8.0,13.0,3158700.0,11:32:00,9.8,15.2,4287600,12:04:00,11.1,22.5,9671200,12:24:00,12.8,27.8,14625200,12:29:00,12.8,27.8,14625200,12:29:00,12.8,27.8,14625200,12:29:00
201904010406,201905050406,2019-05-05,12:35:00,05,2.4,3.8,3158700.0,11:32:00,2.3,3.3,4287600,12:04:00,2.0,3.6,9671200,12:24:00,1.6,2.9,14625200,12:29:00,1.6,2.9,14625200,12:29:00,1.6,2.9,14625200,12:29:00
201904010406,201905050406,2019-05-05,12:35:00,06,1.2,1.4,3158700.0,11:32:00,1.3,1.5,4287600,12:04:00,1.1,1.1,9671200,12:24:00,1.1,1.1,14625200,12:29:00,1.1,1.1,14625200,12:29:00,1.1,1.1,14625200,12:29:00
201904010406,201905050406,2019-05-05,12:35:00,07,2.7,4.2,3158700.0,11:32:00,2.8,4.1,4287600,12:04:00,2.5,4.7,9671200,12:24:00,2.4,4.6,14625200,12:29:00,2.4,4.6,14625200,12:29:00,2.4,4.6,14625200,12:29:00
201904010406,201905050406,2019-05-05,12:35:00,08,3.7,5.9,3158700.0,11:32:00,3.8,5.8,4287600,12:04:00,2.8,5.2,9671200,12:24:00,2.7,5.4,14625200,12:29:00,2.7,5.4,14625200,12:29:00,2.7,5.4,14625200,12:29:00
201904010406,201905050406,2019-05-05,12:35:00,09,2.1,3.2,3158700.0,11:32:00,2.2,3.1,4287600,12:04:00,2.2,4.0,9671200,12:24:00,1.9,3.6,14625200,12:29:00,1.9,3.6,14625200,12:29:00,1.9,3.6,14625200,12:29:00
201904010406,201905050406,2019-05-05,12:35:00,10,20.8,34.2,3158700.0,11:32:00,24.1,37.6,4287600,12:04:00,21.5,44.0,9671200,12:24:00,22.2,48.8,14625200,12:29:00,22.2,48.8,14625200,12:29:00,22.2,48.8,14625200,12:29:00
201904010406,201905050406,2019-05-05,12:35:00,11,2.0,3.0,3158700.0,11:32:00,2.3,3.3,4287600,12:04:00,2.6,4.8,9671200,12:24:00,2.6,5.1,14625200,12:29:00,2.6,5.1,14625200,12:29:00,2.6,5.1,14625200,12:29:00
201904010406,201905050406,2019-05-05,12:35:00,12,13.2,21.7,3158700.0,11:32:00,15.4,24.0,4287600,12:04:00,16.2,33.1,9671200,12:24:00,16.8,36.9,14625200,12:29:00,16.8,36.9,14625200,12:29:00,16.8,36.9,14625200,12:29:00
201904010406,201905050406,2019-05-05,12:35:00,13,1.7,2.5,3158700.0,11:32:00,2.0,2.9,4287600,12:04:00,2.1,3.9,9671200,12:24:00,2.4,4.7,14625200,12:29:00,2.4,4.7,14625200,12:29:00,2.4,4.7,14625200,12:29:00
201904010406,201905050406,2019-05-05,12:35:00,14,11.9,19.5,3158700.0,11:32:00,15.4,24.0,4287600,12:04:00,15.1,30.9,9671200,12:24:00,16.0,34.9,14625200,12:29:00,16.0,34.9,14625200,12:29:00,16.0,34.9,14625200,12:29:00
201904010407,201905050407,2019-05-05,13:05:00,01,1.4,1.8,2258600.0,11:59:00,1.5,2.1,2786000,12:34:00,1.7,2.9,6520900,12:54:00,1.8,2.9,8982000,12:59:00,1.8,2.9,8982000,12:59:00,1.8,2.9,8982000,12:59:00
201904010407,201905050407,2019-05-05,13:05:00,02,4.6,6.9,2258600.0,11:59:00,4.7,6.9,2786000,12:34:00,4.4,8.2,6520900,12:54:00,4.9,8.6,8982000,12:59:00,4.9,8.6,8982000,12:59:00,4.9,8.6,8982000,12:59:00
201904010407,201905050407,2019-05-05,13:05:00,03,16.1,24.5,2258600.0,11:59:00,14.2,21.0,2786000,12:34:00,10.9,20.8,6520900,12:54:00,12.2,21.5,8982000,12:59:00,12.2,21.5,8982000,12:59:00,12.2,21.5,8982000,12:59:00
201904010407,201905050407,2019-05-05,13:05:00,04,5.9,9.0,2258600.0,11:59:00,6.0,8.9,2786000,12:34:00,6.8,12.9,6520900,12:54:00,5.7,9.9,8982000,12:59:00,5.7,9.9,8982000,12:59:00,5.7,9.9,8982000,12:59:00
201904010407,201905050407,2019-05-05,13:05:00,05,7.6,11.6,2258600.0,11:59:00,6.9,10.2,2786000,12:34:00,6.1,11.5,6520900,12:54:00,5.7,10.0,8982000,12:59:00,5.7,10.0,8982000,12:59:00,5.7,10.0,8982000,12:59:00
201904010407,201905050407,2019-05-05,13:05:00,06,1.6,2.2,2258600.0,11:59:00,1.5,2.0,2786000,12:34:00,1.1,1.2,6520900,12:54:00,1.1,1.3,8982000,12:59:00,1.1,1.3,8982000,12:59:00,1.1,1.3,8982000,12:59:00
201904010407,201905050407,2019-05-05,13:05:00,07,1.4,1.8,2258600.0,11:59:00,1.4,1.8,2786000,12:34:00,1.6,2.6,6520900,12:54:00,1.7,2.7,8982000,12:59:00,1.7,2.7,8982000,12:59:00,1.7,2.7,8982000,12:59:00
201904010407,201905050407,2019-05-05,13:05:00,08,1.6,2.2,2258600.0,11:59:00,1.6,2.2,2786000,12:34:00,1.4,2.2,6520900,12:54:00,1.4,2.1,8982000,12:59:00,1.4,2.1,8982000,12:59:00,1.4,2.1,8982000,12:59:00
201904010407,201905050407,2019-05-05,13:05:00,09,5.8,8.8,2258600.0,11:59:00,6.4,9.6,2786000,12:34:00,8.2,15.6,6520900,12:54:00,9.5,16.8,8982000,12:59:00,9.5,16.8,8982000,12:59:00,9.5,16.8,8982000,12:59:00
201904010407,201905050407,2019-05-05,13:05:00,10,3.7,5.5,2258600.0,11:59:00,3.7,5.5,2786000,12:34:00,2.9,5.2,6520900,12:54:00,2.8,4.7,8982000,12:59:00,2.8,4.7,8982000,12:59:00,2.8,4.7,8982000,12:59:00
201904010407,201905050407,2019-05-05,13:05:00,11,1.8,2.5,2258600.0,11:59:00,1.8,2.5,2786000,12:34:00,1.8,3.1,6520900,12:54:00,1.5,2.4,8982000,12:59:00,1.5,2.4,8982000,12:59:00,1.5,2.4,8982000,12:59:00
201904010408,201905050408,2019-05-05,13:35:00,01,8.3,12.1,3171800.0,12:32:00,9.3,13.0,3933300,13:03:00,12.9,18.6,8780600,13:24:00,14.4,21.0,12618300,13:29:00,14.4,21.0,12618300,13:29:00,14.4,21.0,12618300,13:29:00
201904010408,201905050408,2019-05-05,13:35:00,02,11.3,16.5,3171800.0,12:32:00,13.2,18.5,3933300,13:03:00,16.1,23.1,8780600,13:24:00,17.0,24.8,12618300,13:29:00,17.0,24.8,12618300,13:29:00,17.0,24.8,12618300,13:29:00
201904010408,201905050408,2019-05-05,13:35:00,03,4.7,6.7,3171800.0,12:32:00,4.7,6.4,3933300,13:03:00,4.9,6.9,8780600,13:24:00,5.2,7.4,12618300,13:29:00,5.2,7.4,12618300,13:29:00,5.2,7.4,12618300,13:29:00
201904010408,201905050408,2019-05-05,13:35:00,04,2.4,3.4,3171800.0,12:32:00,2.4,3.2,3933300,13:03:00,1.6,2.0,8780600,13:24:00,1.6,2.1,12618300,13:29:00,1.6,2.1,12618300,13:29:00,1.6,2.1,12618300,13:29:00
201904010408,201905050408,2019-05-05,13:35:00,05,3.4,4.8,3171800.0,12:32:00,3.4,4.7,3933300,13:03:00,4.3,6.0,8780600,13:24:00,4.3,6.0,12618300,13:29:00,4.3,6.0,12618300,13:29:00,4.3,6.0,12618300,13:29:00
201904010408,201905050408,2019-05-05,13:35:00,06,2.9,4.1,3171800.0,12:32:00,2.9,3.9,3933300,13:03:00,3.3,4.6,8780600,13:24:00,3.2,4.4,12618300,13:29:00,3.2,4.4,12618300,13:29:00,3.2,4.4,12618300,13:29:00
201904010408,201905050408,2019-05-05,13:35:00,07,2.0,2.7,3171800.0,12:32:00,2.2,2.8,3933300,13:03:00,1.7,2.3,8780600,13:24:00,1.7,2.3,12618300,13:29:00,1.7,2.3,12618300,13:29:00,1.7,2.3,12618300,13:29:00
201904010408,201905050408,2019-05-05,13:35:00,08,8.8,12.8,3171800.0,12:32:00,10.1,14.2,3933300,13:03:00,12.9,18.5,8780600,13:24:00,13.0,19.0,12618300,13:29:00,13.0,19.0,12618300,13:29:00,13.0,19.0,12618300,13:29:00
201904010408,201905050408,2019-05-05,13:35:00,09,18.6,27.1,3171800.0,12:32:00,19.6,27.3,3933300,13:03:00,22.5,32.3,8780600,13:24:00,26.5,38.7,12618300,13:29:00,26.5,38.7,12618300,13:29:00,26.5,38.7,12618300,13:29:00
201904010408,201905050408,2019-05-05,13:35:00,10,3.0,4.2,3171800.0,12:32:00,2.8,3.7,3933300,13:03:00,3.2,4.5,8780600,13:24:00,3.3,4.7,12618300,13:29:00,3.3,4.7,12618300,13:29:00,3.3,4.7,12618300,13:29:00
201904010408,201905050408,2019-05-05,13:35:00,11,1.4,1.6,3171800.0,12:32:00,1.5,1.8,3933300,13:03:00,1.9,2.5,8780600,13:24:00,2.1,2.9,12618300,13:29:00,2.1,2.9,12618300,13:29:00,2.1,2.9,12618300,13:29:00
201904010408,201905050408,2019-05-05,13:35:00,12,2.7,3.8,3171800.0,12:32:00,2.7,3.7,3933300,13:03:00,1.6,2.1,8780600,13:24:00,1.6,2.0,12618300,13:29:00,1.6,2.0,12618300,13:29:00,1.6,2.0,12618300,13:29:00
201904010408,201905050408,2019-05-05,13:35:00,13,2.6,3.6,3171800.0,12:32:00,2.6,3.5,3933300,13:03:00,3.1,4.2,8780600,13:24:00,2.7,3.8,12618300,13:29:00,2.7,3.8,12618300,13:29:00,2.7,3.8,12618300,13:29:00
201904010408,201905050408,2019-05-05,13:35:00,14,3.0,4.3,3171800.0,12:32:00,3.3,4.5,3933300,13:03:00,4.5,6.3,8780600,13:24:00,4.0,5.6,12618300,13:29:00,4.0,5.6,12618300,13:29:00,4.0,5.6,12618300,13:29:00
201904010408,201905050408,2019-05-05,13:35:00,15,8.2,11.9,3171800.0,12:32:00,6.5,9.0,3933300,13:03:00,9.6,13.8,8780600,13:24:00,7.6,11.1,12618300,13:29:00,7.6,11.1,12618300,13:29:00,7.6,11.1,12618300,13:29:00
201904010409,201905050409,2019-05-05,14:05:00,01,8.9,11.9,4310700.0,12:59:00,9.5,12.5,5348200,13:35:00,11.0,14.9,10479500,13:54:00,11.4,15.7,15560900,13:59:00,11.4,15.7,15560900,13:59:00,11.4,15.7,15560900,13:59:00
201904010409,201905050409,2019-05-05,14:05:00,02,16.9,22.5,4310700.0,12:59:00,17.6,23.1,5348200,13:35:00,19.9,26.9,10479500,13:54:00,22.2,30.5,15560900,13:59:00,22.2,30.5,15560900,13:59:00,22.2,30.5,15560900,13:59:00
201904010409,201905050409,2019-05-05,14:05:00,03,2.4,3.1,4310700.0,12:59:00,2.2,2.8,5348200,13:35:00,2.3,3.0,10479500,13:54:00,2.0,2.5,15560900,13:59:00,2.0,2.5,15560900,13:59:00,2.0,2.5,15560900,13:59:00
201904010409,201905050409,2019-05-05,14:05:00,04,4.8,6.3,4310700.0,12:59:00,5.0,6.6,5348200,13:35:00,5.6,7.5,10479500,13:54:00,5.5,7.5,15560900,13:59:00,5.5,7.5,15560900,13:59:00,5.5,7.5,15560900,13:59:00
201904010409,201905050409,2019-05-05,14:05:00,05,4.9,6.5,4310700.0,12:59:00,4.7,6.2,5348200,13:35:00,4.2,5.5,10479500,13:54:00,3.5,4.7,15560900,13:59:00,3.5,4.7,15560900,13:59:00,3.5,4.7,15560900,13:59:00
201904010409,201905050409,2019-05-05,14:05:00,06,4.8,6.4,4310700.0,12:59:00,4.4,5.8,5348200,13:35:00,5.7,7.6,10479500,13:54:00,6.1,8.4,15560900,13:59:00,6.1,8.4,15560900,13:59:00,6.1,8.4,15560900,13:59:00
201904010409,201905050409,2019-05-05,14:05:00,07,4.4,5.8,4310700.0,12:59:00,4.5,5.9,5348200,13:35:00,5.5,7.4,10479500,13:54:00,4.8,6.5,15560900,13:59:00,4.8,6.5,15560900,13:59:00,4.8,6.5,15560900,13:59:00
201904010409,201905050409,2019-05-05,14:05:00,08,3.3,4.3,4310700.0,12:59:00,3.4,4.4,5348200,13:35:00,3.0,3.9,10479500,13:54:00,2.8,3.7,15560900,13:59:00,2.8,3.7,15560900,13:59:00,2.8,3.7,15560900,13:59:00
201904010409,201905050409,2019-05-05,14:05:00,09,7.0,9.3,4310700.0,12:59:00,7.3,9.6,5348200,13:35:00,9.3,12.6,10479500,13:54:00,10.0,13.7,15560900,13:59:00,10.0,13.7,15560900,13:59:00,10.0,13.7,15560900,13:59:00
201904010409,201905050409,2019-05-05,14:05:00,10,5.2,6.9,4310700.0,12:59:00,4.7,6.2,5348200,13:35:00,2.5,3.3,10479500,13:54:00,2.6,3.4,15560900,13:59:00,2.6,3.4,15560900,13:59:00,2.6,3.4,15560900,13:59:00
201904010409,201905050409,2019-05-05,14:05:00,11,2.9,3.8,4310700.0,12:59:00,3.3,4.3,5348200,13:35:00,3.9,5.2,10479500,13:54:00,3.8,5.1,15560900,13:59:00,3.8,5.1,15560900,13:59:00,3.8,5.1,15560900,13:59:00
201904010409,201905050409,2019-05-05,14:05:00,12,1.8,2.2,4310700.0,12:59:00,2.0,2.4,5348200,13:35:00,2.4,3.1,10479500,13:54:00,2.9,3.9,15560900,13:59:00,2.9,3.9,15560900,13:59:00,2.9,3.9,15560900,13:59:00
201904010409,201905050409,2019-05-05,14:05:00,13,5.2,7.0,4310700.0,12:59:00,5.5,7.2,5348200,13:35:00,5.4,7.3,10479500,13:54:00,6.3,8.6,15560900,13:59:00,6.3,8.6,15560900,13:59:00,6.3,8.6,15560900,13:59:00
201904010409,201905050409,2019-05-05,14:05:00,14,5.4,7.3,4310700.0,12:59:00,5.2,6.8,5348200,13:35:00,6.0,8.0,10479500,13:54:00,6.0,8.2,15560900,13:59:00,6.0,8.2,15560900,13:59:00,6.0,8.2,15560900,13:59:00
201904010409,201905050409,2019-05-05,14:05:00,15,1.9,2.3,4310700.0,12:59:00,1.8,2.2,5348200,13:35:00,1.7,2.0,10479500,13:54:00,1.6,2.0,15560900,13:59:00,1.6,2.0,15560900,13:59:00,1.6,2.0,15560900,13:59:00
201904010409,201905050409,2019-05-05,14:05:00,16,2.3,3.0,4310700.0,12:59:00,2.3,3.0,5348200,13:35:00,2.0,2.5,10479500,13:54:00,2.1,2.8,15560900,13:59:00,2.1,2.8,15560900,13:59:00,2.1,2.8,15560900,13:59:00
201904010410,201905050410,2019-05-05,14:40:00,01,3.4,5.3,4364400.0,13:40:00,3.4,5.6,5246700,14:07:00,3.0,5.1,10110500,14:29:00,3.0,5.6,18628600,14:34:00,3.0,5.6,18628600,14:34:00,3.0,5.6,18628600,14:34:00
201904010410,201905050410,2019-05-05,14:40:00,02,4.1,6.4,4364400.0,13:40:00,4.1,6.7,5246700,14:07:00,4.2,7.4,10110500,14:29:00,4.8,9.0,18628600,14:34:00,4.8,9.0,18628600,14:34:00,4.8,9.0,18628600,14:34:00
201904010410,201905050410,2019-05-05,14:40:00,03,5.1,8.1,4364400.0,13:40:00,5.0,8.3,5246700,14:07:00,4.1,7.2,10110500,14:29:00,3.7,6.9,18628600,14:34:00,3.7,6.9,18628600,14:34:00,3.7,6.9,18628600,14:34:00
201904010410,201905050410,2019-05-05,14:40:00,04,3.2,5.0,4364400.0,13:40:00,3.2,5.2,5246700,14:07:00,3.8,6.7,10110500,14:29:00,4.8,9.0,18628600,14:34:00,4.8,9.0,18628600,14:34:00,4.8,9.0,18628600,14:34:00
201904010410,201905050410,2019-05-05,14:40:00,05,3.3,5.2,4364400.0,13:40:00,3.3,5.4,5246700,14:07:00,3.0,5.2,10110500,14:29:00,3.2,6.0,18628600,14:34:00,3.2,6.0,18628600,14:34:00,3.2,6.0,18628600,14:34:00
201904010410,201905050410,2019-05-05,14:40:00,06,1.3,1.5,4364400.0,13:40:00,1.2,1.4,5246700,14:07:00,1.2,1.5,10110500,14:29:00,1.1,1.4,18628600,14:34:00,1.1,1.4,18628600,14:34:00,1.1,1.4,18628600,14:34:00
201904010410,201905050410,2019-05-05,14:40:00,07,3.0,4.6,4364400.0,13:40:00,3.0,4.8,5246700,14:07:00,2.9,5.0,10110500,14:29:00,2.6,4.8,18628600,14:34:00,2.6,4.8,18628600,14:34:00,2.6,4.8,18628600,14:34:00
201904010410,201905050410,2019-05-05,14:40:00,08,6.7,10.7,4364400.0,13:40:00,6.9,11.4,5246700,14:07:00,6.6,11.8,10110500,14:29:00,7.0,13.6,18628600,14:34:00,7.0,13.6,18628600,14:34:00,7.0,13.6,18628600,14:34:00
201904010410,201905050410,2019-05-05,14:40:00,09,3.5,5.5,4364400.0,13:40:00,3.8,6.3,5246700,14:07:00,5.3,9.5,10110500,14:29:00,7.9,15.2,18628600,14:34:00,7.9,15.2,18628600,14:34:00,7.9,15.2,18628600,14:34:00
201904010410,201905050410,2019-05-05,14:40:00,10,3.8,5.9,4364400.0,13:40:00,3.7,6.0,5246700,14:07:00,3.8,6.7,10110500,14:29:00,3.3,6.2,18628600,14:34:00,3.3,6.2,18628600,14:34:00,3.3,6.2,18628600,14:34:00
201904010410,201905050410,2019-05-05,14:40:00,11,2.9,4.4,4364400.0,13:40:00,3.0,4.9,5246700,14:07:00,3.2,5.5,10110500,14:29:00,2.6,4.7,18628600,14:34:00,2.6,4.7,18628600,14:34:00,2.6,4.7,18628600,14:34:00
201904010410,201905050410,2019-05-05,14:40:00,12,3.8,5.9,4364400.0,13:40:00,3.5,5.7,5246700,14:07:00,3.1,5.3,10110500,14:29:00,3.2,5.8,18628600,14:34:00,3.2,5.8,18628600,14:34:00,3.2,5.8,18628600,14:34:00
201904010410,201905050410,2019-05-05,14:40:00,13,4.7,7.3,4364400.0,13:40:00,4.7,7.9,5246700,14:07:00,4.9,8.6,10110500,14:29:00,5.3,10.0,18628600,14:34:00,5.3,10.0,18628600,14:34:00,5.3,10.0,18628600,14:34:00
201904010410,201905050410,2019-05-05,14:40:00,14,18.9,29.9,4364400.0,13:40:00,18.4,30.8,5246700,14:07:00,19.7,35.4,10110500,14:29:00,18.7,36.4,18628600,14:34:00,18.7,36.4,18628600,14:34:00,18.7,36.4,18628600,14:34:00
201904010410,201905050410,2019-05-05,14:40:00,15,1.6,2.0,4364400.0,13:40:00,1.5,2.0,5246700,14:07:00,1.3,1.6,10110500,14:29:00,1.3,1.7,18628600,14:34:00,1.3,1.7,18628600,14:34:00,1.3,1.7,18628600,14:34:00
201904010411,201905050411,2019-05-05,15:20:00,01,2.8,4.2,17117900.0,14:16:00,2.9,4.1,21688200,14:50:00,2.8,4.5,37263600,15:09:00,2.8,4.4,50486700,15:14:00,2.8,4.4,50486700,15:14:00,2.8,4.4,50486700,15:14:00
201904010411,201905050411,2019-05-05,15:20:00,02,9.0,13.8,17117900.0,14:16:00,9.3,13.9,21688200,14:50:00,9.9,16.5,37263600,15:09:00,10.8,17.7,50486700,15:14:00,10.8,17.7,50486700,15:14:00,10.8,17.7,50486700,15:14:00
201904010411,201905050411,2019-05-05,15:20:00,03,2.4,3.4,17117900.0,14:16:00,2.3,3.3,21688200,14:50:00,2.2,3.5,37263600,15:09:00,2.0,2.9,50486700,15:14:00,2.0,2.9,50486700,15:14:00,2.0,2.9,50486700,15:14:00
201904010411,201905050411,2019-05-05,15:20:00,04,6.7,10.3,17117900.0,14:16:00,7.6,11.4,21688200,14:50:00,9.2,15.3,37263600,15:09:00,10.7,17.6,50486700,15:14:00,10.7,17.6,50486700,15:14:00,10.7,17.6,50486700,15:14:00
201904010411,201905050411,2019-05-05,15:20:00,05,3.4,5.0,17117900.0,14:16:00,3.4,4.9,21688200,14:50:00,3.2,5.2,37263600,15:09:00,3.3,5.3,50486700,15:14:00,3.3,5.3,50486700,15:14:00,3.3,5.3,50486700,15:14:00
201904010411,201905050411,2019-05-05,15:20:00,06,24.5,37.6,17117900.0,14:16:00,26.6,40.0,21688200,14:50:00,31.2,52.3,37263600,15:09:00,36.4,60.0,50486700,15:14:00,36.4,60.0,50486700,15:14:00,36.4,60.0,50486700,15:14:00
201904010411,201905050411,2019-05-05,15:20:00,07,3.2,4.7,17117900.0,14:16:00,2.9,4.3,21688200,14:50:00,2.7,4.3,37263600,15:09:00,2.6,4.0,50486700,15:14:00,2.6,4.0,50486700,15:14:00,2.6,4.0,50486700,15:14:00
201904010411,201905050411,2019-05-05,15:20:00,08,4.0,6.0,17117900.0,14:16:00,3.9,5.7,21688200,14:50:00,4.2,6.8,37263600,15:09:00,4.6,7.4,50486700,15:14:00,4.6,7.4,50486700,15:14:00,4.6,7.4,50486700,15:14:00
201904010411,201905050411,2019-05-05,15:20:00,09,2.5,3.7,17117900.0,14:16:00,2.5,3.6,21688200,14:50:00,2.3,3.6,37263600,15:09:00,2.3,3.6,50486700,15:14:00,2.3,3.6,50486700,15:14:00,2.3,3.6,50486700,15:14:00
201904010411,201905050411,2019-05-05,15:20:00,10,5.1,7.6,17117900.0,14:16:00,5.1,7.6,21688200,14:50:00,5.4,8.9,37263600,15:09:00,5.7,9.1,50486700,15:14:00,5.7,9.1,50486700,15:14:00,5.7,9.1,50486700,15:14:00
201904010411,201905050411,2019-05-05,15:20:00,11,10.1,15.4,17117900.0,14:16:00,10.5,15.8,21688200,14:50:00,11.0,18.3,37263600,15:09:00,11.4,18.8,50486700,15:14:00,11.4,18.8,50486700,15:14:00,11.4,18.8,50486700,15:14:00
201904010411,201905050411,2019-05-05,15:20:00,12,10.5,16.1,17117900.0,14:16:00,10.0,15.0,21688200,14:50:00,9.3,15.6,37263600,15:09:00,10.2,16.8,50486700,15:14:00,10.2,16.8,50486700,15:14:00,10.2,16.8,50486700,15:14:00
201904010411,201905050411,2019-05-05,15:20:00,13,3.4,5.0,17117900.0,14:16:00,3.7,5.4,21688200,14:50:00,4.0,6.5,37263600,15:09:00,4.2,6.7,50486700,15:14:00,4.2,6.7,50486700,15:14:00,4.2,6.7,50486700,15:14:00
201904010411,201905050411,2019-05-05,15:20:00,14,5.0,7.6,17117900.0,14:16:00,5.0,7.4,21688200,14:50:00,5.7,9.3,37263600,15:09:00,6.5,10.5,50486700,15:14:00,6.5,10.5,50486700,15:14:00,6.5,10.5,50486700,15:14:00
201904010411,201905050411,2019-05-05,15:20:00,15,1.4,1.7,17117900.0,14:16:00,1.5,1.7,21688200,14:50:00,1.2,1.5,37263600,15:09:00,1.3,1.5,50486700,15:14:00,1.3,1.5,50486700,15:14:00,1.3,1.5,50486700,15:14:00
201904010411,201905050411,2019-05-05,15:20:00,16,1.6,2.1,17117900.0,14:16:00,1.7,2.2,21688200,14:50:00,1.5,2.1,37263600,15:09:00,1.5,2.1,50486700,15:14:00,1.5,2.1,50486700,15:14:00,1.5,2.1,50486700,15:14:00
201904010412,201905050412,2019-05-05,16:01:00,01,5.0,7.3,5396000.0,15:01:00,5.0,7.6,7017200,15:31:00,5.3,7.7,13638700,15:50:00,5.6,8.3,23105400,15:55:00,5.6,8.3,23105400,15:55:00,5.6,8.3,23105400,15:55:00
201904010412,201905050412,2019-05-05,16:01:00,02,3.1,4.5,5396000.0,15:01:00,3.4,5.0,7017200,15:31:00,3.6,5.2,13638700,15:50:00,3.3,4.8,23105400,15:55:00,3.3,4.8,23105400,15:55:00,3.3,4.8,23105400,15:55:00
201904010412,201905050412,2019-05-05,16:01:00,03,2.9,4.1,5396000.0,15:01:00,3.1,4.5,7017200,15:31:00,3.5,5.0,13638700,15:50:00,3.7,5.4,23105400,15:55:00,3.7,5.4,23105400,15:55:00,3.7,5.4,23105400,15:55:00
201904010412,201905050412,2019-05-05,16:01:00,04,6.4,9.4,5396000.0,15:01:00,6.9,10.4,7017200,15:31:00,10.2,15.0,13638700,15:50:00,12.2,18.3,23105400,15:55:00,12.2,18.3,23105400,15:55:00,12.2,18.3,23105400,15:55:00
201904010412,201905050412,2019-05-05,16:01:00,05,2.3,3.3,5396000.0,15:01:00,2.2,3.2,7017200,15:31:00,2.4,3.3,13638700,15:50:00,2.3,3.3,23105400,15:55:00,2.3,3.3,23105400,15:55:00,2.3,3.3,23105400,15:55:00
201904010412,201905050412,2019-05-05,16:01:00,06,2.1,2.9,5396000.0,15:01:00,2.0,2.8,7017200,15:31:00,1.6,2.2,13638700,15:50:00,1.7,2.3,23105400,15:55:00,1.7,2.3,23105400,15:55:00,1.7,2.3,23105400,15:55:00
201904010412,201905050412,2019-05-05,16:01:00,07,3.1,4.5,5396000.0,15:01:00,3.0,4.4,7017200,15:31:00,2.9,4.1,13638700,15:50:00,2.4,3.5,23105400,15:55:00,2.4,3.5,23105400,15:55:00,2.4,3.5,23105400,15:55:00
201904010412,201905050412,2019-05-05,16:01:00,08,4.6,6.7,5396000.0,15:01:00,4.7,7.1,7017200,15:31:00,4.1,5.9,13638700,15:50:00,3.7,5.4,23105400,15:55:00,3.7,5.4,23105400,15:55:00,3.7,5.4,23105400,15:55:00
201904010412,201905050412,2019-05-05,16:01:00,09,8.1,12.1,5396000.0,15:01:00,9.4,14.2,7017200,15:31:00,11.4,16.7,13638700,15:50:00,12.5,18.9,23105400,15:55:00,12.5,18.9,23105400,15:55:00,12.5,18.9,23105400,15:55:00
201904010412,201905050412,2019-05-05,16:01:00,10,4.8,7.1,5396000.0,15:01:00,4.3,6.4,7017200,15:31:00,4.9,7.1,13638700,15:50:00,5.2,7.8,23105400,15:55:00,5.2,7.8,23105400,15:55:00,5.2,7.8,23105400,15:55:00
201904010412,201905050412,2019-05-05,16:01:00,11,1.6,2.1,5396000.0,15:01:00,1.6,2.2,7017200,15:31:00,1.7,2.2,13638700,15:50:00,1.6,2.1,23105400,15:55:00,1.6,2.1,23105400,15:55:00,1.6,2.1,23105400,15:55:00
201904010412,201905050412,2019-05-05,16:01:00,12,5.1,7.6,5396000.0,15:01:00,5.7,8.5,7017200,15:31:00,7.5,11.1,13638700,15:50:00,8.9,13.4,23105400,15:55:00,8.9,13.4,23105400,15:55:00,8.9,13.4,23105400,15:55:00
201904010412,201905050412,2019-05-05,16:01:00,13,1.4,1.6,5396000.0,15:01:00,1.3,1.6,7017200,15:31:00,1.4,1.7,13638700,15:50:00,1.4,1.7,23105400,15:55:00,1.4,1.7,23105400,15:55:00,1.4,1.7,23105400,15:55:00
201904010412,201905050412,2019-05-05,16:01:00,14,6.2,9.2,5396000.0,15:01:00,6.0,9.0,7017200,15:31:00,4.4,6.4,13638700,15:50:00,5.3,7.9,23105400,15:55:00,5.3,7.9,23105400,15:55:00,5.3,7.9,23105400,15:55:00
201904010501,201905110401,2019-05-11,09:50:00,01,1.5,2.4,3232000.0,08:50:00,1.5,2.3,4397800,09:20:00,1.5,2.4,9263600,09:39:00,1.4,2.2,12823100,09:44:00,1.4,2.2,12823100,09:44:00,1.4,2.2,12823100,09:44:00
201904010501,201905110401,2019-05-11,09:50:00,02,1.3,1.8,3232000.0,08:50:00,1.4,2.0,4397800,09:20:00,1.5,2.4,9263600,09:39:00,1.4,2.4,12823100,09:44:00,1.4,2.4,12823100,09:44:00,1.4,2.4,12823100,09:44:00
201904010501,201905110401,2019-05-11,09:50:00,03,13.0,23.5,3232000.0,08:50:00,12.8,22.0,4397800,09:20:00,11.0,20.6,9263600,09:39:00,12.0,23.8,12823100,09:44:00,12.0,23.8,12823100,09:44:00,12.0,23.8,12823100,09:44:00
201904010501,201905110401,2019-05-11,09:50:00,04,3.5,6.1,3232000.0,08:50:00,3.6,5.9,4397800,09:20:00,3.5,6.2,9263600,09:39:00,3.5,6.5,12823100,09:44:00,3.5,6.5,12823100,09:44:00,3.5,6.5,12823100,09:44:00
201904010501,201905110401,2019-05-11,09:50:00,05,11.4,20.6,3232000.0,08:50:00,11.8,20.2,4397800,09:20:00,11.2,21.0,9263600,09:39:00,10.7,21.1,12823100,09:44:00,10.7,21.1,12823100,09:44:00,10.7,21.1,12823100,09:44:00
201904010501,201905110401,2019-05-11,09:50:00,06,2.3,3.8,3232000.0,08:50:00,2.1,3.4,4397800,09:20:00,2.0,3.3,9263600,09:39:00,1.9,3.3,12823100,09:44:00,1.9,3.3,12823100,09:44:00,1.9,3.3,12823100,09:44:00
201904010501,201905110401,2019-05-11,09:50:00,07,3.1,5.4,3232000.0,08:50:00,3.5,5.8,4397800,09:20:00,4.0,7.3,9263600,09:39:00,4.1,7.8,12823100,09:44:00,4.1,7.8,12823100,09:44:00,4.1,7.8,12823100,09:44:00
201904010501,201905110401,2019-05-11,09:50:00,08,9.3,16.6,3232000.0,08:50:00,9.9,16.9,4397800,09:20:00,10.8,20.3,9263600,09:39:00,12.4,24.4,12823100,09:44:00,12.4,24.4,12823100,09:44:00,12.4,24.4,12823100,09:44:00
201904010501,201905110401,2019-05-11,09:50:00,09,1.1,1.5,3232000.0,08:50:00,1.2,1.5,4397800,09:20:00,1.1,1.2,9263600,09:39:00,1.1,1.2,12823100,09:44:00,1.1,1.2,12823100,09:44:00,1.1,1.2,12823100,09:44:00
201904010501,201905110401,2019-05-11,09:50:00,10,13.0,23.5,3232000.0,08:50:00,14.1,24.2,4397800,09:20:00,12.9,24.3,9263600,09:39:00,12.9,25.6,12823100,09:44:00,12.9,25.6,12823100,09:44:00,12.9,25.6,12823100,09:44:00
201904010501,201905110401,2019-05-11,09:50:00,11,18.2,33.0,3232000.0,08:50:00,12.1,20.8,4397800,09:20:00,12.9,24.4,9263600,09:39:00,12.7,25.1,12823100,09:44:00,12.7,25.1,12823100,09:44:00,12.7,25.1,12823100,09:44:00
201904010501,201905110401,2019-05-11,09:50:00,12,12.1,21.8,3232000.0,08:50:00,11.3,19.3,4397800,09:20:00,11.9,22.4,9263600,09:39:00,11.7,23.0,12823100,09:44:00,11.7,23.0,12823100,09:44:00,11.7,23.0,12823100,09:44:00
201904010501,201905110401,2019-05-11,09:50:00,13,2.2,3.6,3232000.0,08:50:00,2.3,3.7,4397800,09:20:00,2.5,4.4,9263600,09:39:00,2.8,5.1,12823100,09:44:00,2.8,5.1,12823100,09:44:00,2.8,5.1,12823100,09:44:00
201904010501,201905110401,2019-05-11,09:50:00,14,31.2,56.4,3232000.0,08:50:00,22.6,38.9,4397800,09:20:00,21.0,39.7,9263600,09:39:00,21.2,42.2,12823100,09:44:00,21.2,42.2,12823100,09:44:00,21.2,42.2,12823100,09:44:00
201904010501,201905110401,2019-05-11,09:50:00,15,8.3,14.8,3232000.0,08:50:00,8.4,14.2,4397800,09:20:00,9.6,18.1,9263600,09:39:00,9.8,19.3,12823100,09:44:00,9.8,19.3,12823100,09:44:00,9.8,19.3,12823100,09:44:00
201904010501,201905110401,2019-05-11,09:50:00,16,4.3,7.5,3232000.0,08:50:00,3.9,6.5,4397800,09:20:00,4.3,7.8,9263600,09:39:00,4.2,8.0,12823100,09:44:00,4.2,8.0,12823100,09:44:00,4.2,8.0,12823100,09:44:00
201904010502,201905110402,2019-05-11,10:15:00,01,2.8,4.1,1867100.0,09:11:00,3.0,4.4,2357700,09:37:00,3.3,5.2,5129300,10:04:00,3.2,4.7,7189300,10:09:00,3.2,4.7,7189300,10:09:00,3.2,4.7,7189300,10:09:00
201904010502,201905110402,2019-05-11,10:15:00,02,3.2,4.7,1867100.0,09:11:00,3.1,4.5,2357700,09:37:00,3.7,5.9,5129300,10:04:00,4.0,6.0,7189300,10:09:00,4.0,6.0,7189300,10:09:00,4.0,6.0,7189300,10:09:00
201904010502,201905110402,2019-05-11,10:15:00,03,19.0,29.4,1867100.0,09:11:00,19.3,29.7,2357700,09:37:00,20.2,33.9,5129300,10:04:00,25.6,40.0,7189300,10:09:00,25.6,40.0,7189300,10:09:00,25.6,40.0,7189300,10:09:00
201904010502,201905110402,2019-05-11,10:15:00,04,4.9,7.4,1867100.0,09:11:00,4.9,7.4,2357700,09:37:00,3.9,6.3,5129300,10:04:00,4.6,7.0,7189300,10:09:00,4.6,7.0,7189300,10:09:00,4.6,7.0,7189300,10:09:00
201904010502,201905110402,2019-05-11,10:15:00,05,1.9,2.8,1867100.0,09:11:00,2.1,2.9,2357700,09:37:00,1.8,2.8,5129300,10:04:00,1.6,2.3,7189300,10:09:00,1.6,2.3,7189300,10:09:00,1.6,2.3,7189300,10:09:00
201904010502,201905110402,2019-05-11,10:15:00,06,9.5,14.7,1867100.0,09:11:00,10.4,15.9,2357700,09:37:00,13.5,22.8,5129300,10:04:00,16.5,25.8,7189300,10:09:00,16.5,25.8,7189300,10:09:00,16.5,25.8,7189300,10:09:00
201904010502,201905110402,2019-05-11,10:15:00,07,9.6,14.9,1867100.0,09:11:00,7.8,11.9,2357700,09:37:00,6.5,10.8,5129300,10:04:00,6.8,10.5,7189300,10:09:00,6.8,10.5,7189300,10:09:00,6.8,10.5,7189300,10:09:00
201904010502,201905110402,2019-05-11,10:15:00,08,2.8,4.1,1867100.0,09:11:00,3.0,4.4,2357700,09:37:00,3.0,4.7,5129300,10:04:00,2.8,4.1,7189300,10:09:00,2.8,4.1,7189300,10:09:00,2.8,4.1,7189300,10:09:00
201904010502,201905110402,2019-05-11,10:15:00,09,11.9,18.5,1867100.0,09:11:00,10.1,15.5,2357700,09:37:00,10.6,17.8,5129300,10:04:00,12.4,19.3,7189300,10:09:00,12.4,19.3,7189300,10:09:00,12.4,19.3,7189300,10:09:00
201904010502,201905110402,2019-05-11,10:15:00,10,17.1,26.5,1867100.0,09:11:00,16.9,26.0,2357700,09:37:00,20.1,33.9,5129300,10:04:00,25.6,40.1,7189300,10:09:00,25.6,40.1,7189300,10:09:00,25.6,40.1,7189300,10:09:00
201904010502,201905110402,2019-05-11,10:15:00,11,2.1,3.0,1867100.0,09:11:00,2.1,3.0,2357700,09:37:00,2.6,4.1,5129300,10:04:00,3.1,4.7,7189300,10:09:00,3.1,4.7,7189300,10:09:00,3.1,4.7,7189300,10:09:00
201904010502,201905110402,2019-05-11,10:15:00,12,12.9,20.1,1867100.0,09:11:00,13.8,21.2,2357700,09:37:00,14.1,23.7,5129300,10:04:00,14.4,22.5,7189300,10:09:00,14.4,22.5,7189300,10:09:00,14.4,22.5,7189300,10:09:00
201904010502,201905110402,2019-05-11,10:15:00,13,2.7,3.9,1867100.0,09:11:00,2.3,3.2,2357700,09:37:00,2.0,3.1,5129300,10:04:00,1.9,2.8,7189300,10:09:00,1.9,2.8,7189300,10:09:00,1.9,2.8,7189300,10:09:00
201904010502,201905110402,2019-05-11,10:15:00,14,1.5,1.9,1867100.0,09:11:00,1.5,1.9,2357700,09:37:00,1.6,2.4,5129300,10:04:00,1.6,2.2,7189300,10:09:00,1.6,2.2,7189300,10:09:00,1.6,2.2,7189300,10:09:00
201904010502,201905110402,2019-05-11,10:15:00,15,1.4,1.8,1867100.0,09:11:00,1.5,1.9,2357700,09:37:00,1.2,1.4,5129300,10:04:00,1.3,1.7,7189300,10:09:00,1.3,1.7,7189300,10:09:00,1.3,1.7,7189300,10:09:00
201904010503,201905110403,2019-05-11,10:45:00,01,4.2,13.4,2970000.0,09:39:00,4.3,16.4,4775000,10:12:00,4.4,17.8,11717300,10:34:00,4.1,18.4,16282100,10:39:00,4.1,18.4,16282100,10:39:00,4.1,18.4,16282100,10:39:00
201904010503,201905110403,2019-05-11,10:45:00,02,1.4,3.5,2970000.0,09:39:00,1.5,4.6,4775000,10:12:00,1.2,3.9,11717300,10:34:00,1.1,3.4,16282100,10:39:00,1.1,3.4,16282100,10:39:00,1.1,3.4,16282100,10:39:00
201904010503,201905110403,2019-05-11,10:45:00,03,2.1,6.1,2970000.0,09:39:00,2.2,7.8,4775000,10:12:00,2.2,8.2,11717300,10:34:00,2.1,8.8,16282100,10:39:00,2.1,8.8,16282100,10:39:00,2.1,8.8,16282100,10:39:00
201904010503,201905110403,2019-05-11,10:45:00,04,1.1,1.1,2970000.0,09:39:00,1.1,1.1,4775000,10:12:00,1.1,1.1,11717300,10:34:00,1.1,1.1,16282100,10:39:00,1.1,1.1,16282100,10:39:00,1.1,1.1,16282100,10:39:00
201904010503,201905110403,2019-05-11,10:45:00,05,2.2,6.7,2970000.0,09:39:00,2.1,7.3,4775000,10:12:00,2.7,10.5,11717300,10:34:00,2.8,11.8,16282100,10:39:00,2.8,11.8,16282100,10:39:00,2.8,11.8,16282100,10:39:00
201904010503,201905110403,2019-05-11,10:45:00,06,3.0,9.5,2970000.0,09:39:00,3.4,12.5,4775000,10:12:00,3.6,14.4,11717300,10:34:00,3.6,16.2,16282100,10:39:00,3.6,16.2,16282100,10:39:00,3.6,16.2,16282100,10:39:00
201904010503,201905110403,2019-05-11,10:45:00,07,3.3,10.6,2970000.0,09:39:00,3.6,13.3,4775000,10:12:00,3.7,15.0,11717300,10:34:00,3.7,16.6,16282100,10:39:00,3.7,16.6,16282100,10:39:00,3.7,16.6,16282100,10:39:00
201904010503,201905110403,2019-05-11,10:45:00,08,10.2,34.2,2970000.0,09:39:00,10.6,41.9,4775000,10:12:00,15.9,68.7,11717300,10:34:00,15.4,73.7,16282100,10:39:00,15.4,73.7,16282100,10:39:00,15.4,73.7,16282100,10:39:00
201904010503,201905110403,2019-05-11,10:45:00,09,2.7,8.3,2970000.0,09:39:00,2.3,8.2,4775000,10:12:00,2.8,10.8,11717300,10:34:00,2.5,10.5,16282100,10:39:00,2.5,10.5,16282100,10:39:00,2.5,10.5,16282100,10:39:00
201904010503,201905110403,2019-05-11,10:45:00,10,1.5,4.1,2970000.0,09:39:00,1.4,4.3,4775000,10:12:00,1.2,3.8,11717300,10:34:00,1.3,4.5,16282100,10:39:00,1.3,4.5,16282100,10:39:00,1.3,4.5,16282100,10:39:00
201904010504,201905110404,2019-05-11,11:15:00,01,2.6,3.5,1483200.0,10:14:00,2.5,3.4,1927000,10:44:00,2.0,2.9,4010400,11:04:00,2.0,3.1,6218200,11:09:00,2.0,3.1,6218200,11:09:00,2.0,3.1,6218200,11:09:00
201904010504,201905110404,2019-05-11,11:15:00,02,3.3,4.4,1483200.0,10:14:00,3.6,4.8,1927000,10:44:00,3.9,5.7,4010400,11:04:00,4.0,6.3,6218200,11:09:00,4.0,6.3,6218200,11:09:00,4.0,6.3,6218200,11:09:00
201904010504,201905110404,2019-05-11,11:15:00,03,17.8,24.8,1483200.0,10:14:00,20.6,28.6,1927000,10:44:00,24.7,37.8,4010400,11:04:00,24.8,41.1,6218200,11:09:00,24.8,41.1,6218200,11:09:00,24.8,41.1,6218200,11:09:00
201904010504,201905110404,2019-05-11,11:15:00,04,5.3,7.3,1483200.0,10:14:00,3.1,4.1,1927000,10:44:00,3.7,5.5,4010400,11:04:00,4.0,6.4,6218200,11:09:00,4.0,6.4,6218200,11:09:00,4.0,6.4,6218200,11:09:00
201904010504,201905110404,2019-05-11,11:15:00,05,8.6,12.0,1483200.0,10:14:00,10.5,14.6,1927000,10:44:00,12.9,19.7,4010400,11:04:00,15.0,24.8,6218200,11:09:00,15.0,24.8,6218200,11:09:00,15.0,24.8,6218200,11:09:00
201904010504,201905110404,2019-05-11,11:15:00,06,9.4,13.2,1483200.0,10:14:00,10.4,14.5,1927000,10:44:00,14.0,21.5,4010400,11:04:00,17.7,29.3,6218200,11:09:00,17.7,29.3,6218200,11:09:00,17.7,29.3,6218200,11:09:00
201904010504,201905110404,2019-05-11,11:15:00,07,3.2,4.3,1483200.0,10:14:00,3.2,4.3,1927000,10:44:00,4.0,6.0,4010400,11:04:00,4.6,7.4,6218200,11:09:00,4.6,7.4,6218200,11:09:00,4.6,7.4,6218200,11:09:00
201904010504,201905110404,2019-05-11,11:15:00,08,4.9,6.8,1483200.0,10:14:00,5.5,7.5,1927000,10:44:00,6.0,9.1,4010400,11:04:00,6.0,9.7,6218200,11:09:00,6.0,9.7,6218200,11:09:00,6.0,9.7,6218200,11:09:00
201904010504,201905110404,2019-05-11,11:15:00,09,1.6,1.9,1483200.0,10:14:00,1.6,2.0,1927000,10:44:00,1.4,1.8,4010400,11:04:00,1.3,1.7,6218200,11:09:00,1.3,1.7,6218200,11:09:00,1.3,1.7,6218200,11:09:00
201904010504,201905110404,2019-05-11,11:15:00,10,2.9,3.9,1483200.0,10:14:00,2.9,3.9,1927000,10:44:00,2.8,4.1,4010400,11:04:00,2.6,4.0,6218200,11:09:00,2.6,4.0,6218200,11:09:00,2.6,4.0,6218200,11:09:00
201904010504,201905110404,2019-05-11,11:15:00,11,2.2,3.0,1483200.0,10:14:00,2.5,3.3,1927000,10:44:00,2.5,3.6,4010400,11:04:00,2.4,3.6,6218200,11:09:00,2.4,3.6,6218200,11:09:00,2.4,3.6,6218200,11:09:00
201904010504,201905110404,2019-05-11,11:15:00,12,1.8,2.4,1483200.0,10:14:00,1.9,2.4,1927000,10:44:00,1.8,2.5,4010400,11:04:00,1.8,2.7,6218200,11:09:00,1.8,2.7,6218200,11:09:00,1.8,2.7,6218200,11:09:00
201904010504,201905110404,2019-05-11,11:15:00,13,2.0,2.6,1483200.0,10:14:00,2.0,2.6,1927000,10:44:00,1.6,2.1,4010400,11:04:00,1.4,1.9,6218200,11:09:00,1.4,1.9,6218200,11:09:00,1.4,1.9,6218200,11:09:00
201904010504,201905110404,2019-05-11,11:15:00,14,6.3,8.8,1483200.0,10:14:00,6.9,9.5,1927000,10:44:00,6.9,10.5,4010400,11:04:00,6.5,10.6,6218200,11:09:00,6.5,10.6,6218200,11:09:00,6.5,10.6,6218200,11:09:00
201904010505,201905110405,2019-05-11,12:05:00,01,15.9,25.3,1889400.0,11:04:00,17.3,27.5,2846700,11:32:00,23.9,39.2,9862900,11:54:00,20.4,32.7,13543900,11:59:00,20.4,32.7,13543900,11:59:00,20.4,32.7,13543900,11:59:00
201904010505,201905110405,2019-05-11,12:05:00,02,4.2,6.6,1889400.0,11:04:00,4.6,7.1,2846700,11:32:00,6.3,10.2,9862900,11:54:00,7.1,11.3,13543900,11:59:00,7.1,11.3,13543900,11:59:00,7.1,11.3,13543900,11:59:00
201904010505,201905110405,2019-05-11,12:05:00,03,2.4,3.6,1889400.0,11:04:00,2.5,3.8,2846700,11:32:00,4.0,6.4,9862900,11:54:00,4.4,6.9,13543900,11:59:00,4.4,6.9,13543900,11:59:00,4.4,6.9,13543900,11:59:00
201904010505,201905110405,2019-05-11,12:05:00,04,3.0,4.7,1889400.0,11:04:00,2.4,3.7,2846700,11:32:00,2.0,3.0,9862900,11:54:00,1.8,2.7,13543900,11:59:00,1.8,2.7,13543900,11:59:00,1.8,2.7,13543900,11:59:00
201904010505,201905110405,2019-05-11,12:05:00,05,8.9,14.3,1889400.0,11:04:00,9.4,14.9,2846700,11:32:00,16.4,26.9,9862900,11:54:00,18.2,29.2,13543900,11:59:00,18.2,29.2,13543900,11:59:00,18.2,29.2,13543900,11:59:00
201904010505,201905110405,2019-05-11,12:05:00,06,2.2,3.3,1889400.0,11:04:00,2.0,3.0,2846700,11:32:00,1.8,2.7,9862900,11:54:00,1.8,2.6,13543900,11:59:00,1.8,2.6,13543900,11:59:00,1.8,2.6,13543900,11:59:00
201904010505,201905110405,2019-05-11,12:05:00,07,1.8,2.7,1889400.0,11:04:00,2.0,2.9,2846700,11:32:00,1.8,2.7,9862900,11:54:00,1.8,2.7,13543900,11:59:00,1.8,2.7,13543900,11:59:00,1.8,2.7,13543900,11:59:00
201904010505,201905110405,2019-05-11,12:05:00,08,2.9,4.4,1889400.0,11:04:00,2.5,3.7,2846700,11:32:00,2.0,3.0,9862900,11:54:00,2.1,3.1,13543900,11:59:00,2.1,3.1,13543900,11:59:00,2.1,3.1,13543900,11:59:00
201904010505,201905110405,2019-05-11,12:05:00,09,6.8,10.8,1889400.0,11:04:00,7.5,11.9,2846700,11:32:00,9.8,16.0,9862900,11:54:00,10.9,17.6,13543900,11:59:00,10.9,17.6,13543900,11:59:00,10.9,17.6,13543900,11:59:00
201904010505,201905110405,2019-05-11,12:05:00,10,2.6,3.9,1889400.0,11:04:00,3.1,4.7,2846700,11:32:00,4.4,7.1,9862900,11:54:00,4.5,7.0,13543900,11:59:00,4.5,7.0,13543900,11:59:00,4.5,7.0,13543900,11:59:00
201904010505,201905110405,2019-05-11,12:05:00,11,1.3,1.6,1889400.0,11:04:00,1.3,1.7,2846700,11:32:00,1.3,1.5,9862900,11:54:00,1.3,1.7,13543900,11:59:00,1.3,1.7,13543900,11:59:00,1.3,1.7,13543900,11:59:00
201904010505,201905110405,2019-05-11,12:05:00,12,1.5,1.9,1889400.0,11:04:00,1.5,1.9,2846700,11:32:00,1.5,2.1,9862900,11:54:00,1.5,2.0,13543900,11:59:00,1.5,2.0,13543900,11:59:00,1.5,2.0,13543900,11:59:00
201904010506,201905110406,2019-05-11,12:35:00,01,8.0,13.1,2343400.0,11:34:00,9.3,16.0,3083300,12:04:00,10.2,19.8,5536400,12:24:00,12.1,23.2,7563100,12:29:00,12.1,23.2,7563100,12:29:00,12.1,23.2,7563100,12:29:00
201904010506,201905110406,2019-05-11,12:35:00,02,1.4,2.0,2343400.0,11:34:00,1.4,2.2,3083300,12:04:00,1.5,2.5,5536400,12:24:00,1.5,2.4,7563100,12:29:00,1.5,2.4,7563100,12:29:00,1.5,2.4,7563100,12:29:00
201904010506,201905110406,2019-05-11,12:35:00,03,4.2,6.9,2343400.0,11:34:00,5.0,8.5,3083300,12:04:00,5.5,10.7,5536400,12:24:00,6.5,12.5,7563100,12:29:00,6.5,12.5,7563100,12:29:00,6.5,12.5,7563100,12:29:00
201904010506,201905110406,2019-05-11,12:35:00,04,1.2,1.4,2343400.0,11:34:00,1.1,1.5,3083300,12:04:00,1.1,1.3,5536400,12:24:00,1.1,1.4,7563100,12:29:00,1.1,1.4,7563100,12:29:00,1.1,1.4,7563100,12:29:00
201904010506,201905110406,2019-05-11,12:35:00,05,2.5,3.9,2343400.0,11:34:00,2.6,4.2,3083300,12:04:00,3.1,5.7,5536400,12:24:00,2.9,5.2,7563100,12:29:00,2.9,5.2,7563100,12:29:00,2.9,5.2,7563100,12:29:00
201904010506,201905110406,2019-05-11,12:35:00,06,3.1,4.9,2343400.0,11:34:00,3.3,5.4,3083300,12:04:00,3.1,5.8,5536400,12:24:00,2.9,5.3,7563100,12:29:00,2.9,5.3,7563100,12:29:00,2.9,5.3,7563100,12:29:00
201904010506,201905110406,2019-05-11,12:35:00,07,10.3,16.9,2343400.0,11:34:00,11.2,19.2,3083300,12:04:00,8.8,17.1,5536400,12:24:00,8.2,15.6,7563100,12:29:00,8.2,15.6,7563100,12:29:00,8.2,15.6,7563100,12:29:00
201904010506,201905110406,2019-05-11,12:35:00,08,1.6,2.4,2343400.0,11:34:00,1.3,1.9,3083300,12:04:00,1.2,1.9,5536400,12:24:00,1.2,1.7,7563100,12:29:00,1.2,1.7,7563100,12:29:00,1.2,1.7,7563100,12:29:00
201904010506,201905110406,2019-05-11,12:35:00,09,1.6,2.4,2343400.0,11:34:00,1.5,2.4,3083300,12:04:00,1.4,2.4,5536400,12:24:00,1.4,2.4,7563100,12:29:00,1.4,2.4,7563100,12:29:00,1.4,2.4,7563100,12:29:00
201904010506,201905110406,2019-05-11,12:35:00,10,3.7,6.0,2343400.0,11:34:00,4.4,7.4,3083300,12:04:00,5.1,9.9,5536400,12:24:00,5.8,10.9,7563100,12:29:00,5.8,10.9,7563100,12:29:00,5.8,10.9,7563100,12:29:00
201904010506,201905110406,2019-05-11,12:35:00,11,4.4,7.2,2343400.0,11:34:00,4.5,7.7,3083300,12:04:00,4.0,7.6,5536400,12:24:00,4.1,7.7,7563100,12:29:00,4.1,7.7,7563100,12:29:00,4.1,7.7,7563100,12:29:00
201904010507,201905110407,2019-05-11,13:05:00,01,4.3,6.1,2058300.0,12:04:00,4.4,6.6,2541000,12:29:00,4.9,8.2,5086500,12:54:00,5.3,9.5,7886200,12:59:00,5.3,9.5,7886200,12:59:00,5.3,9.5,7886200,12:59:00
201904010507,201905110407,2019-05-11,13:05:00,02,6.5,9.4,2058300.0,12:04:00,6.9,10.6,2541000,12:29:00,6.3,10.6,5086500,12:54:00,6.7,12.1,7886200,12:59:00,6.7,12.1,7886200,12:59:00,6.7,12.1,7886200,12:59:00
201904010507,201905110407,2019-05-11,13:05:00,03,3.5,4.9,2058300.0,12:04:00,3.6,5.3,2541000,12:29:00,4.2,6.9,5086500,12:54:00,4.1,7.2,7886200,12:59:00,4.1,7.2,7886200,12:59:00,4.1,7.2,7886200,12:59:00
201904010507,201905110407,2019-05-11,13:05:00,04,19.3,28.2,2058300.0,12:04:00,21.2,32.7,2541000,12:29:00,20.5,34.7,5086500,12:54:00,25.2,46.2,7886200,12:59:00,25.2,46.2,7886200,12:59:00,25.2,46.2,7886200,12:59:00
201904010507,201905110407,2019-05-11,13:05:00,05,3.5,5.0,2058300.0,12:04:00,3.3,4.9,2541000,12:29:00,2.8,4.4,5086500,12:54:00,2.5,4.3,7886200,12:59:00,2.5,4.3,7886200,12:59:00,2.5,4.3,7886200,12:59:00
201904010507,201905110407,2019-05-11,13:05:00,06,2.5,3.5,2058300.0,12:04:00,2.5,3.6,2541000,12:29:00,2.5,4.0,5086500,12:54:00,2.4,4.2,7886200,12:59:00,2.4,4.2,7886200,12:59:00,2.4,4.2,7886200,12:59:00
201904010507,201905110407,2019-05-11,13:05:00,07,3.8,5.4,2058300.0,12:04:00,4.0,6.0,2541000,12:29:00,3.2,5.2,5086500,12:54:00,2.8,4.8,7886200,12:59:00,2.8,4.8,7886200,12:59:00,2.8,4.8,7886200,12:59:00
201904010507,201905110407,2019-05-11,13:05:00,08,1.4,1.6,2058300.0,12:04:00,1.3,1.5,2541000,12:29:00,1.3,1.6,5086500,12:54:00,1.2,1.5,7886200,12:59:00,1.2,1.5,7886200,12:59:00,1.2,1.5,7886200,12:59:00
201904010507,201905110407,2019-05-11,13:05:00,09,2.0,2.6,2058300.0,12:04:00,2.1,3.1,2541000,12:29:00,2.4,3.8,5086500,12:54:00,2.7,4.5,7886200,12:59:00,2.7,4.5,7886200,12:59:00,2.7,4.5,7886200,12:59:00
201904010507,201905110407,2019-05-11,13:05:00,10,3.8,5.5,2058300.0,12:04:00,3.6,5.4,2541000,12:29:00,4.4,7.2,5086500,12:54:00,4.4,7.7,7886200,12:59:00,4.4,7.7,7886200,12:59:00,4.4,7.7,7886200,12:59:00
201904010507,201905110407,2019-05-11,13:05:00,11,3.8,5.4,2058300.0,12:04:00,3.9,5.8,2541000,12:29:00,3.0,4.9,5086500,12:54:00,2.9,5.0,7886200,12:59:00,2.9,5.0,7886200,12:59:00,2.9,5.0,7886200,12:59:00
201904010507,201905110407,2019-05-11,13:05:00,12,2.6,3.7,2058300.0,12:04:00,2.7,4.0,2541000,12:29:00,3.1,4.9,5086500,12:54:00,3.4,5.9,7886200,12:59:00,3.4,5.9,7886200,12:59:00,3.4,5.9,7886200,12:59:00
201904010507,201905110407,2019-05-11,13:05:00,13,10.4,15.3,2058300.0,12:04:00,11.1,17.1,2541000,12:29:00,14.5,24.5,5086500,12:54:00,16.3,29.9,7886200,12:59:00,16.3,29.9,7886200,12:59:00,16.3,29.9,7886200,12:59:00
201904010507,201905110407,2019-05-11,13:05:00,14,2.4,3.3,2058300.0,12:04:00,2.1,3.0,2541000,12:29:00,1.4,1.8,5086500,12:54:00,1.3,1.8,7886200,12:59:00,1.3,1.8,7886200,12:59:00,1.3,1.8,7886200,12:59:00
201904010507,201905110407,2019-05-11,13:05:00,15,11.0,16.1,2058300.0,12:04:00,12.4,19.1,2541000,12:29:00,9.6,16.3,5086500,12:54:00,10.5,19.1,7886200,12:59:00,10.5,19.1,7886200,12:59:00,10.5,19.1,7886200,12:59:00
201904010508,201905110408,2019-05-11,13:40:00,01,1.6,2.1,2618400.0,12:38:00,1.5,1.9,3472400,13:09:00,1.5,1.9,7626600,13:29:00,1.5,2.0,16424900,13:34:00,1.5,2.0,16424900,13:34:00,1.5,2.0,16424900,13:34:00
201904010508,201905110408,2019-05-11,13:40:00,02,3.9,5.3,2618400.0,12:38:00,3.9,5.4,3472400,13:09:00,4.0,5.6,7626600,13:29:00,4.2,5.9,16424900,13:34:00,4.2,5.9,16424900,13:34:00,4.2,5.9,16424900,13:34:00
201904010508,201905110408,2019-05-11,13:40:00,03,3.8,5.3,2618400.0,12:38:00,4.4,6.1,3472400,13:09:00,5.0,7.1,7626600,13:29:00,5.0,7.1,16424900,13:34:00,5.0,7.1,16424900,13:34:00,5.0,7.1,16424900,13:34:00
201904010508,201905110408,2019-05-11,13:40:00,04,5.0,6.9,2618400.0,12:38:00,5.5,7.8,3472400,13:09:00,7.9,11.2,7626600,13:29:00,9.0,13.0,16424900,13:34:00,9.0,13.0,16424900,13:34:00,9.0,13.0,16424900,13:34:00
201904010508,201905110408,2019-05-11,13:40:00,05,2.7,3.6,2618400.0,12:38:00,2.8,3.8,3472400,13:09:00,2.4,3.2,7626600,13:29:00,1.7,2.2,16424900,13:34:00,1.7,2.2,16424900,13:34:00,1.7,2.2,16424900,13:34:00
201904010508,201905110408,2019-05-11,13:40:00,06,14.0,19.5,2618400.0,12:38:00,15.3,21.4,3472400,13:09:00,23.5,33.3,7626600,13:29:00,36.1,51.5,16424900,13:34:00,36.1,51.5,16424900,13:34:00,36.1,51.5,16424900,13:34:00
201904010508,201905110408,2019-05-11,13:40:00,07,2.7,3.7,2618400.0,12:38:00,3.0,4.2,3472400,13:09:00,3.9,5.5,7626600,13:29:00,4.6,6.6,16424900,13:34:00,4.6,6.6,16424900,13:34:00,4.6,6.6,16424900,13:34:00
201904010508,201905110408,2019-05-11,13:40:00,08,1.6,2.1,2618400.0,12:38:00,1.8,2.4,3472400,13:09:00,1.9,2.5,7626600,13:29:00,2.7,3.7,16424900,13:34:00,2.7,3.7,16424900,13:34:00,2.7,3.7,16424900,13:34:00
201904010508,201905110408,2019-05-11,13:40:00,09,7.5,10.4,2618400.0,12:38:00,7.5,10.5,3472400,13:09:00,9.7,13.7,7626600,13:29:00,8.1,11.6,16424900,13:34:00,8.1,11.6,16424900,13:34:00,8.1,11.6,16424900,13:34:00
201904010508,201905110408,2019-05-11,13:40:00,10,1.9,2.5,2618400.0,12:38:00,1.7,2.1,3472400,13:09:00,1.7,2.3,7626600,13:29:00,1.6,2.1,16424900,13:34:00,1.6,2.1,16424900,13:34:00,1.6,2.1,16424900,13:34:00
201904010508,201905110408,2019-05-11,13:40:00,11,4.6,6.4,2618400.0,12:38:00,5.0,7.1,3472400,13:09:00,5.5,7.7,7626600,13:29:00,4.8,6.7,16424900,13:34:00,4.8,6.7,16424900,13:34:00,4.8,6.7,16424900,13:34:00
201904010508,201905110408,2019-05-11,13:40:00,12,3.3,4.4,2618400.0,12:38:00,3.0,4.2,3472400,13:09:00,1.8,2.4,7626600,13:29:00,1.8,2.4,16424900,13:34:00,1.8,2.4,16424900,13:34:00,1.8,2.4,16424900,13:34:00
201904010508,201905110408,2019-05-11,13:40:00,13,7.5,10.5,2618400.0,12:38:00,4.3,6.0,3472400,13:09:00,6.5,9.2,7626600,13:29:00,7.8,11.2,16424900,13:34:00,7.8,11.2,16424900,13:34:00,7.8,11.2,16424900,13:34:00
201904010508,201905110408,2019-05-11,13:40:00,14,3.3,4.6,2618400.0,12:38:00,3.7,5.2,3472400,13:09:00,3.8,5.3,7626600,13:29:00,3.6,5.0,16424900,13:34:00,3.6,5.0,16424900,13:34:00,3.6,5.0,16424900,13:34:00
201904010509,201905110409,2019-05-11,14:15:00,01,4.8,6.6,3129800.0,13:11:00,5.7,10.1,5633100,13:44:00,4.5,7.4,9195000,14:04:00,4.9,7.6,15512500,14:09:00,4.9,7.6,15512500,14:09:00,4.9,7.6,15512500,14:09:00
201904010509,201905110409,2019-05-11,14:15:00,02,6.5,9.0,3129800.0,13:11:00,7.3,13.0,5633100,13:44:00,7.6,12.7,9195000,14:04:00,10.2,16.3,15512500,14:09:00,10.2,16.3,15512500,14:09:00,10.2,16.3,15512500,14:09:00
201904010509,201905110409,2019-05-11,14:15:00,03,2.3,3.1,3129800.0,13:11:00,2.2,3.7,5633100,13:44:00,2.1,3.3,9195000,14:04:00,1.7,2.4,15512500,14:09:00,1.7,2.4,15512500,14:09:00,1.7,2.4,15512500,14:09:00
201904010509,201905110409,2019-05-11,14:15:00,04,4.6,6.3,3129800.0,13:11:00,4.7,8.2,5633100,13:44:00,4.4,7.1,9195000,14:04:00,4.4,6.9,15512500,14:09:00,4.4,6.9,15512500,14:09:00,4.4,6.9,15512500,14:09:00
201904010509,201905110409,2019-05-11,14:15:00,05,15.5,21.7,3129800.0,13:11:00,19.9,35.8,5633100,13:44:00,26.1,44.1,9195000,14:04:00,40.4,64.5,15512500,14:09:00,40.4,64.5,15512500,14:09:00,40.4,64.5,15512500,14:09:00
201904010509,201905110409,2019-05-11,14:15:00,06,2.9,3.9,3129800.0,13:11:00,2.6,4.3,5633100,13:44:00,2.9,4.7,9195000,14:04:00,3.3,5.1,15512500,14:09:00,3.3,5.1,15512500,14:09:00,3.3,5.1,15512500,14:09:00
201904010509,201905110409,2019-05-11,14:15:00,07,3.2,4.3,3129800.0,13:11:00,3.3,5.6,5633100,13:44:00,3.6,5.8,9195000,14:04:00,3.5,5.4,15512500,14:09:00,3.5,5.4,15512500,14:09:00,3.5,5.4,15512500,14:09:00
201904010509,201905110409,2019-05-11,14:15:00,08,3.6,4.9,3129800.0,13:11:00,3.1,5.3,5633100,13:44:00,2.4,3.8,9195000,14:04:00,2.2,3.3,15512500,14:09:00,2.2,3.3,15512500,14:09:00,2.2,3.3,15512500,14:09:00
201904010509,201905110409,2019-05-11,14:15:00,09,2.1,2.7,3129800.0,13:11:00,2.4,4.0,5633100,13:44:00,3.0,4.8,9195000,14:04:00,4.3,6.7,15512500,14:09:00,4.3,6.7,15512500,14:09:00,4.3,6.7,15512500,14:09:00
201904010509,201905110409,2019-05-11,14:15:00,10,5.4,7.5,3129800.0,13:11:00,6.1,10.9,5633100,13:44:00,5.9,9.8,9195000,14:04:00,5.1,8.0,15512500,14:09:00,5.1,8.0,15512500,14:09:00,5.1,8.0,15512500,14:09:00
201904010509,201905110409,2019-05-11,14:15:00,11,10.9,15.2,3129800.0,13:11:00,13.3,23.9,5633100,13:44:00,13.4,22.6,9195000,14:04:00,16.5,26.4,15512500,14:09:00,16.5,26.4,15512500,14:09:00,16.5,26.4,15512500,14:09:00
201904010509,201905110409,2019-05-11,14:15:00,12,1.5,1.8,3129800.0,13:11:00,1.1,1.2,5633100,13:44:00,1.2,1.4,9195000,14:04:00,1.3,1.5,15512500,14:09:00,1.3,1.5,15512500,14:09:00,1.3,1.5,15512500,14:09:00
201904010509,201905110409,2019-05-11,14:15:00,13,2.6,3.5,3129800.0,13:11:00,1.9,3.0,5633100,13:44:00,1.7,2.5,9195000,14:04:00,1.8,2.6,15512500,14:09:00,1.8,2.6,15512500,14:09:00,1.8,2.6,15512500,14:09:00
201904010509,201905110409,2019-05-11,14:15:00,14,9.6,13.4,3129800.0,13:11:00,10.8,19.4,5633100,13:44:00,13.3,22.4,9195000,14:04:00,17.2,27.5,15512500,14:09:00,17.2,27.5,15512500,14:09:00,17.2,27.5,15512500,14:09:00
201904010509,201905110409,2019-05-11,14:15:00,15,3.4,4.7,3129800.0,13:11:00,3.5,5.9,5633100,13:44:00,3.9,6.4,9195000,14:04:00,3.4,5.2,15512500,14:09:00,3.4,5.2,15512500,14:09:00,3.4,5.2,15512500,14:09:00
201904010509,201905110409,2019-05-11,14:15:00,16,6.3,8.7,3129800.0,13:11:00,7.6,13.5,5633100,13:44:00,5.8,9.7,9195000,14:04:00,7.0,11.0,15512500,14:09:00,7.0,11.0,15512500,14:09:00,7.0,11.0,15512500,14:09:00
201904010510,201905110410,2019-05-11,14:50:00,01,8.4,10.3,5864100.0,13:48:00,8.0,10.0,7425900,14:19:00,9.2,11.8,13635700,14:39:00,9.8,12.8,22350000,14:44:00,9.8,12.8,22350000,14:44:00,9.8,12.8,22350000,14:44:00
201904010510,201905110410,2019-05-11,14:50:00,02,5.2,6.3,5864100.0,13:48:00,5.6,6.9,7425900,14:19:00,5.9,7.6,13635700,14:39:00,5.5,7.2,22350000,14:44:00,5.5,7.2,22350000,14:44:00,5.5,7.2,22350000,14:44:00
201904010510,201905110410,2019-05-11,14:50:00,03,8.9,10.9,5864100.0,13:48:00,9.4,11.6,7425900,14:19:00,10.1,13.0,13635700,14:39:00,10.4,13.7,22350000,14:44:00,10.4,13.7,22350000,14:44:00,10.4,13.7,22350000,14:44:00
201904010510,201905110410,2019-05-11,14:50:00,04,3.3,4.0,5864100.0,13:48:00,3.0,3.7,7425900,14:19:00,3.2,4.0,13635700,14:39:00,3.9,5.0,22350000,14:44:00,3.9,5.0,22350000,14:44:00,3.9,5.0,22350000,14:44:00
201904010510,201905110410,2019-05-11,14:50:00,05,2.7,3.2,5864100.0,13:48:00,2.8,3.4,7425900,14:19:00,2.6,3.3,13635700,14:39:00,2.5,3.1,22350000,14:44:00,2.5,3.1,22350000,14:44:00,2.5,3.1,22350000,14:44:00
201904010510,201905110410,2019-05-11,14:50:00,06,4.8,5.8,5864100.0,13:48:00,4.8,5.9,7425900,14:19:00,4.6,5.9,13635700,14:39:00,4.9,6.4,22350000,14:44:00,4.9,6.4,22350000,14:44:00,4.9,6.4,22350000,14:44:00
201904010510,201905110410,2019-05-11,14:50:00,07,5.3,6.5,5864100.0,13:48:00,5.5,6.8,7425900,14:19:00,6.3,8.1,13635700,14:39:00,6.8,8.9,22350000,14:44:00,6.8,8.9,22350000,14:44:00,6.8,8.9,22350000,14:44:00
201904010510,201905110410,2019-05-11,14:50:00,08,5.6,6.8,5864100.0,13:48:00,6.0,7.4,7425900,14:19:00,5.7,7.3,13635700,14:39:00,5.5,7.1,22350000,14:44:00,5.5,7.1,22350000,14:44:00,5.5,7.1,22350000,14:44:00
201904010510,201905110410,2019-05-11,14:50:00,09,2.4,2.9,5864100.0,13:48:00,2.4,2.9,7425900,14:19:00,2.1,2.6,13635700,14:39:00,2.0,2.5,22350000,14:44:00,2.0,2.5,22350000,14:44:00,2.0,2.5,22350000,14:44:00
201904010510,201905110410,2019-05-11,14:50:00,10,3.9,4.7,5864100.0,13:48:00,3.8,4.7,7425900,14:19:00,2.9,3.6,13635700,14:39:00,2.5,3.2,22350000,14:44:00,2.5,3.2,22350000,14:44:00,2.5,3.2,22350000,14:44:00
201904010510,201905110410,2019-05-11,14:50:00,11,5.6,6.9,5864100.0,13:48:00,6.0,7.4,7425900,14:19:00,6.2,8.0,13635700,14:39:00,7.6,10.0,22350000,14:44:00,7.6,10.0,22350000,14:44:00,7.6,10.0,22350000,14:44:00
201904010510,201905110410,2019-05-11,14:50:00,12,19.4,23.5,5864100.0,13:48:00,20.8,25.6,7425900,14:19:00,21.0,26.9,13635700,14:39:00,24.2,31.7,22350000,14:44:00,24.2,31.7,22350000,14:44:00,24.2,31.7,22350000,14:44:00
201904010510,201905110410,2019-05-11,14:50:00,13,2.9,3.4,5864100.0,13:48:00,2.8,3.4,7425900,14:19:00,2.4,3.0,13635700,14:39:00,2.2,2.7,22350000,14:44:00,2.2,2.7,22350000,14:44:00,2.2,2.7,22350000,14:44:00
201904010510,201905110410,2019-05-11,14:50:00,14,2.4,2.8,5864100.0,13:48:00,2.6,3.1,7425900,14:19:00,3.1,3.9,13635700,14:39:00,3.1,4.0,22350000,14:44:00,3.1,4.0,22350000,14:44:00,3.1,4.0,22350000,14:44:00
201904010510,201905110410,2019-05-11,14:50:00,15,2.4,2.8,5864100.0,13:48:00,2.2,2.6,7425900,14:19:00,2.0,2.4,13635700,14:39:00,1.9,2.3,22350000,14:44:00,1.9,2.3,22350000,14:44:00,1.9,2.3,22350000,14:44:00
201904010510,201905110410,2019-05-11,14:50:00,16,3.1,3.7,5864100.0,13:48:00,2.7,3.3,7425900,14:19:00,3.2,4.1,13635700,14:39:00,3.7,4.8,22350000,14:44:00,3.7,4.8,22350000,14:44:00,3.7,4.8,22350000,14:44:00
201904010511,201905110411,2019-05-11,15:25:00,01,2.4,3.2,8547300.0,14:24:00,2.4,3.2,9921800,14:51:00,2.3,3.0,16985800,15:14:00,2.2,3.1,26044400,15:19:00,2.2,3.1,26044400,15:19:00,2.2,3.1,26044400,15:19:00
201904010511,201905110411,2019-05-11,15:25:00,02,1.7,2.0,8547300.0,14:24:00,1.7,2.0,9921800,14:51:00,1.7,2.1,16985800,15:14:00,1.5,1.9,26044400,15:19:00,1.5,1.9,26044400,15:19:00,1.5,1.9,26044400,15:19:00
201904010511,201905110411,2019-05-11,15:25:00,03,3.2,4.4,8547300.0,14:24:00,3.2,4.3,9921800,14:51:00,2.4,3.2,16985800,15:14:00,2.6,3.7,26044400,15:19:00,2.6,3.7,26044400,15:19:00,2.6,3.7,26044400,15:19:00
201904010511,201905110411,2019-05-11,15:25:00,04,3.3,4.5,8547300.0,14:24:00,3.2,4.4,9921800,14:51:00,3.3,4.5,16985800,15:14:00,3.1,4.4,26044400,15:19:00,3.1,4.4,26044400,15:19:00,3.1,4.4,26044400,15:19:00
201904010511,201905110411,2019-05-11,15:25:00,05,5.8,7.9,8547300.0,14:24:00,6.0,8.2,9921800,14:51:00,6.3,8.8,16985800,15:14:00,6.1,9.2,26044400,15:19:00,6.1,9.2,26044400,15:19:00,6.1,9.2,26044400,15:19:00
201904010511,201905110411,2019-05-11,15:25:00,06,3.1,4.2,8547300.0,14:24:00,3.2,4.2,9921800,14:51:00,3.9,5.3,16985800,15:14:00,4.0,5.9,26044400,15:19:00,4.0,5.9,26044400,15:19:00,4.0,5.9,26044400,15:19:00
201904010511,201905110411,2019-05-11,15:25:00,07,2.1,3.3,8547300.0,14:24:00,2.1,3.3,9921800,14:51:00,2.1,3.3,16985800,15:14:00,2.1,3.3,26044400,15:19:00,2.1,3.3,26044400,15:19:00,2.1,3.3,26044400,15:19:00
201904010511,201905110411,2019-05-11,15:25:00,08,4.0,5.4,8547300.0,14:24:00,4.0,5.4,9921800,14:51:00,4.7,6.5,16985800,15:14:00,5.4,8.0,26044400,15:19:00,5.4,8.0,26044400,15:19:00,5.4,8.0,26044400,15:19:00
201904010511,201905110411,2019-05-11,15:25:00,09,4.2,5.8,8547300.0,14:24:00,4.4,6.0,9921800,14:51:00,5.1,7.1,16985800,15:14:00,5.6,8.3,26044400,15:19:00,5.6,8.3,26044400,15:19:00,5.6,8.3,26044400,15:19:00
201904010511,201905110411,2019-05-11,15:25:00,10,2.9,3.8,8547300.0,14:24:00,2.8,3.7,9921800,14:51:00,2.5,3.3,16985800,15:14:00,2.2,3.1,26044400,15:19:00,2.2,3.1,26044400,15:19:00,2.2,3.1,26044400,15:19:00
201904010511,201905110411,2019-05-11,15:25:00,11,4.3,5.9,8547300.0,14:24:00,4.0,5.5,9921800,14:51:00,4.9,6.7,16985800,15:14:00,5.4,8.0,26044400,15:19:00,5.4,8.0,26044400,15:19:00,5.4,8.0,26044400,15:19:00
201904010511,201905110411,2019-05-11,15:25:00,12,1.7,2.0,8547300.0,14:24:00,1.7,2.1,9921800,14:51:00,1.7,2.0,16985800,15:14:00,1.5,1.9,26044400,15:19:00,1.5,1.9,26044400,15:19:00,1.5,1.9,26044400,15:19:00
201904010511,201905110411,2019-05-11,15:25:00,13,2.9,3.9,8547300.0,14:24:00,3.0,4.0,9921800,14:51:00,2.8,3.8,16985800,15:14:00,2.7,3.9,26044400,15:19:00,2.7,3.9,26044400,15:19:00,2.7,3.9,26044400,15:19:00
201904010511,201905110411,2019-05-11,15:25:00,14,7.2,10.0,8547300.0,14:24:00,7.5,10.2,9921800,14:51:00,8.8,12.2,16985800,15:14:00,10.1,15.0,26044400,15:19:00,10.1,15.0,26044400,15:19:00,10.1,15.0,26044400,15:19:00
201904010511,201905110411,2019-05-11,15:25:00,15,6.7,9.2,8547300.0,14:24:00,7.1,9.7,9921800,14:51:00,8.7,12.0,16985800,15:14:00,9.8,14.7,26044400,15:19:00,9.8,14.7,26044400,15:19:00,9.8,14.7,26044400,15:19:00
201904010512,201905110412,2019-05-11,16:01:00,01,3.0,6.1,3601100.0,14:57:00,3.1,6.2,4073400,15:30:00,3.4,6.4,6050900,15:50:00,3.7,6.4,10717900,15:55:00,3.7,6.4,10717900,15:55:00,3.7,6.4,10717900,15:55:00
201904010512,201905110412,2019-05-11,16:01:00,02,1.7,3.2,3601100.0,14:57:00,1.7,3.2,4073400,15:30:00,1.7,3.0,6050900,15:50:00,1.6,2.5,10717900,15:55:00,1.6,2.5,10717900,15:55:00,1.6,2.5,10717900,15:55:00
201904010512,201905110412,2019-05-11,16:01:00,03,1.7,3.3,3601100.0,14:57:00,1.7,3.1,4073400,15:30:00,1.4,2.4,6050900,15:50:00,1.4,2.2,10717900,15:55:00,1.4,2.2,10717900,15:55:00,1.4,2.2,10717900,15:55:00
201904010512,201905110412,2019-05-11,16:01:00,04,1.2,1.7,3601100.0,14:57:00,1.2,1.7,4073400,15:30:00,1.2,1.7,6050900,15:50:00,1.2,1.7,10717900,15:55:00,1.2,1.7,10717900,15:55:00,1.2,1.7,10717900,15:55:00
201904010512,201905110412,2019-05-11,16:01:00,05,2.4,4.9,3601100.0,14:57:00,2.6,5.1,4073400,15:30:00,3.2,6.0,6050900,15:50:00,4.6,7.9,10717900,15:55:00,4.6,7.9,10717900,15:55:00,4.6,7.9,10717900,15:55:00
201904010512,201905110412,2019-05-11,16:01:00,06,1.1,1.1,3601100.0,14:57:00,1.1,1.2,4073400,15:30:00,1.1,1.3,6050900,15:50:00,1.1,1.4,10717900,15:55:00,1.1,1.4,10717900,15:55:00,1.1,1.4,10717900,15:55:00
201904010512,201905110412,2019-05-11,16:01:00,07,3.0,6.0,3601100.0,14:57:00,3.0,5.9,4073400,15:30:00,3.3,6.2,6050900,15:50:00,3.3,5.6,10717900,15:55:00,3.3,5.6,10717900,15:55:00,3.3,5.6,10717900,15:55:00
201904010512,201905110412,2019-05-11,16:01:00,08,7.4,15.5,3601100.0,14:57:00,7.4,15.2,4073400,15:30:00,8.1,15.3,6050900,15:50:00,9.7,16.9,10717900,15:55:00,9.7,16.9,10717900,15:55:00,9.7,16.9,10717900,15:55:00
201904010512,201905110412,2019-05-11,16:01:00,09,2.0,4.0,3601100.0,14:57:00,2.0,3.7,4073400,15:30:00,1.9,3.2,6050900,15:50:00,1.9,3.0,10717900,15:55:00,1.9,3.0,10717900,15:55:00,1.9,3.0,10717900,15:55:00
201904010601,201905120401,2019-05-12,09:50:00,01,4.6,6.6,3282300.0,08:48:00,4.4,6.6,4954400,09:18:00,4.6,7.1,10994700,09:39:00,5.0,8.1,17182400,09:45:00,5.0,8.1,17182400,09:45:00,5.0,8.1,17182400,09:45:00
201904010601,201905120401,2019-05-12,09:50:00,02,1.6,2.0,3282300.0,08:48:00,1.5,2.0,4954400,09:18:00,1.4,1.8,10994700,09:39:00,1.3,1.8,17182400,09:45:00,1.3,1.8,17182400,09:45:00,1.3,1.8,17182400,09:45:00
201904010601,201905120401,2019-05-12,09:50:00,03,20.8,30.4,3282300.0,08:48:00,21.1,32.8,4954400,09:18:00,26.3,42.1,10994700,09:39:00,30.1,50.1,17182400,09:45:00,30.1,50.1,17182400,09:45:00,30.1,50.1,17182400,09:45:00
201904010601,201905120401,2019-05-12,09:50:00,04,36.7,53.4,3282300.0,08:48:00,39.6,61.5,4954400,09:18:00,34.2,54.8,10994700,09:39:00,41.8,69.6,17182400,09:45:00,41.8,69.6,17182400,09:45:00,41.8,69.6,17182400,09:45:00
201904010601,201905120401,2019-05-12,09:50:00,05,6.9,9.9,3282300.0,08:48:00,7.3,11.2,4954400,09:18:00,7.7,12.1,10994700,09:39:00,8.3,13.6,17182400,09:45:00,8.3,13.6,17182400,09:45:00,8.3,13.6,17182400,09:45:00
201904010601,201905120401,2019-05-12,09:50:00,06,5.8,8.3,3282300.0,08:48:00,6.5,10.0,4954400,09:18:00,6.2,9.7,10994700,09:39:00,6.3,10.3,17182400,09:45:00,6.3,10.3,17182400,09:45:00,6.3,10.3,17182400,09:45:00
201904010601,201905120401,2019-05-12,09:50:00,07,1.7,2.2,3282300.0,08:48:00,1.7,2.4,4954400,09:18:00,1.7,2.4,10994700,09:39:00,1.6,2.4,17182400,09:45:00,1.6,2.4,17182400,09:45:00,1.6,2.4,17182400,09:45:00
201904010601,201905120401,2019-05-12,09:50:00,08,3.0,4.2,3282300.0,08:48:00,2.9,4.3,4954400,09:18:00,2.8,4.2,10994700,09:39:00,2.7,4.3,17182400,09:45:00,2.7,4.3,17182400,09:45:00,2.7,4.3,17182400,09:45:00
201904010601,201905120401,2019-05-12,09:50:00,09,16.4,23.9,3282300.0,08:48:00,19.6,30.5,4954400,09:18:00,26.9,43.2,10994700,09:39:00,27.9,46.3,17182400,09:45:00,27.9,46.3,17182400,09:45:00,27.9,46.3,17182400,09:45:00
201904010601,201905120401,2019-05-12,09:50:00,10,1.6,2.2,3282300.0,08:48:00,1.4,1.9,4954400,09:18:00,1.4,1.9,10994700,09:39:00,1.3,1.7,17182400,09:45:00,1.3,1.7,17182400,09:45:00,1.3,1.7,17182400,09:45:00
201904010601,201905120401,2019-05-12,09:50:00,11,13.1,19.0,3282300.0,08:48:00,14.5,22.4,4954400,09:18:00,23.5,37.6,10994700,09:39:00,30.7,51.1,17182400,09:45:00,30.7,51.1,17182400,09:45:00,30.7,51.1,17182400,09:45:00
201904010601,201905120401,2019-05-12,09:50:00,12,3.9,5.5,3282300.0,08:48:00,3.8,5.7,4954400,09:18:00,4.0,6.2,10994700,09:39:00,3.6,5.6,17182400,09:45:00,3.6,5.6,17182400,09:45:00,3.6,5.6,17182400,09:45:00
201904010601,201905120401,2019-05-12,09:50:00,13,1.6,2.1,3282300.0,08:48:00,1.6,2.2,4954400,09:18:00,1.5,2.1,10994700,09:39:00,1.5,2.1,17182400,09:45:00,1.5,2.1,17182400,09:45:00,1.5,2.1,17182400,09:45:00
201904010601,201905120401,2019-05-12,09:50:00,14,4.7,6.7,3282300.0,08:48:00,4.8,7.3,4954400,09:18:00,4.7,7.3,10994700,09:39:00,5.3,8.6,17182400,09:45:00,5.3,8.6,17182400,09:45:00,5.3,8.6,17182400,09:45:00
201904010601,201905120401,2019-05-12,09:50:00,15,3.8,5.3,3282300.0,08:48:00,3.8,5.7,4954400,09:18:00,4.2,6.5,10994700,09:39:00,4.6,7.3,17182400,09:45:00,4.6,7.3,17182400,09:45:00,4.6,7.3,17182400,09:45:00
201904010602,201905120402,2019-05-12,10:15:00,01,2.6,3.6,1928200.0,09:15:00,2.7,3.7,2477600,09:39:00,3.2,4.6,5038000,10:04:00,3.3,5.0,8811000,10:09:00,3.3,5.0,8811000,10:09:00,3.3,5.0,8811000,10:09:00
201904010602,201905120402,2019-05-12,10:15:00,02,9.2,13.7,1928200.0,09:15:00,8.2,11.8,2477600,09:39:00,9.3,13.9,5038000,10:04:00,9.8,15.3,8811000,10:09:00,9.8,15.3,8811000,10:09:00,9.8,15.3,8811000,10:09:00
201904010602,201905120402,2019-05-12,10:15:00,03,18.7,27.9,1928200.0,09:15:00,18.8,27.2,2477600,09:39:00,16.9,25.5,5038000,10:04:00,21.5,34.0,8811000,10:09:00,21.5,34.0,8811000,10:09:00,21.5,34.0,8811000,10:09:00
201904010602,201905120402,2019-05-12,10:15:00,04,18.8,28.0,1928200.0,09:15:00,16.8,24.4,2477600,09:39:00,16.5,24.9,5038000,10:04:00,20.5,32.3,8811000,10:09:00,20.5,32.3,8811000,10:09:00,20.5,32.3,8811000,10:09:00
201904010602,201905120402,2019-05-12,10:15:00,05,11.1,16.5,1928200.0,09:15:00,11.6,16.7,2477600,09:39:00,15.1,22.8,5038000,10:04:00,20.0,31.5,8811000,10:09:00,20.0,31.5,8811000,10:09:00,20.0,31.5,8811000,10:09:00
201904010602,201905120402,2019-05-12,10:15:00,06,3.0,4.3,1928200.0,09:15:00,3.0,4.1,2477600,09:39:00,2.5,3.6,5038000,10:04:00,2.3,3.4,8811000,10:09:00,2.3,3.4,8811000,10:09:00,2.3,3.4,8811000,10:09:00
201904010602,201905120402,2019-05-12,10:15:00,07,9.3,13.7,1928200.0,09:15:00,9.6,13.9,2477600,09:39:00,12.1,18.1,5038000,10:04:00,16.0,25.2,8811000,10:09:00,16.0,25.2,8811000,10:09:00,16.0,25.2,8811000,10:09:00
201904010602,201905120402,2019-05-12,10:15:00,08,18.3,27.3,1928200.0,09:15:00,17.4,25.2,2477600,09:39:00,19.3,29.0,5038000,10:04:00,28.1,44.4,8811000,10:09:00,28.1,44.4,8811000,10:09:00,28.1,44.4,8811000,10:09:00
201904010602,201905120402,2019-05-12,10:15:00,09,1.5,1.8,1928200.0,09:15:00,1.6,1.9,2477600,09:39:00,1.4,1.9,5038000,10:04:00,1.3,1.6,8811000,10:09:00,1.3,1.6,8811000,10:09:00,1.3,1.6,8811000,10:09:00
201904010602,201905120402,2019-05-12,10:15:00,10,1.9,2.6,1928200.0,09:15:00,1.9,2.6,2477600,09:39:00,1.6,2.1,5038000,10:04:00,1.7,2.4,8811000,10:09:00,1.7,2.4,8811000,10:09:00,1.7,2.4,8811000,10:09:00
201904010602,201905120402,2019-05-12,10:15:00,11,16.0,23.9,1928200.0,09:15:00,14.0,20.3,2477600,09:39:00,15.2,22.8,5038000,10:04:00,15.1,23.7,8811000,10:09:00,15.1,23.7,8811000,10:09:00,15.1,23.7,8811000,10:09:00
201904010602,201905120402,2019-05-12,10:15:00,12,6.1,8.9,1928200.0,09:15:00,6.1,8.7,2477600,09:39:00,7.4,11.0,5038000,10:04:00,7.7,12.1,8811000,10:09:00,7.7,12.1,8811000,10:09:00,7.7,12.1,8811000,10:09:00
201904010602,201905120402,2019-05-12,10:15:00,13,2.2,3.0,1928200.0,09:15:00,2.3,3.1,2477600,09:39:00,2.2,3.1,5038000,10:04:00,2.4,3.5,8811000,10:09:00,2.4,3.5,8811000,10:09:00,2.4,3.5,8811000,10:09:00
201904010602,201905120402,2019-05-12,10:15:00,14,6.6,9.7,1928200.0,09:15:00,7.2,10.2,2477600,09:39:00,8.9,13.3,5038000,10:04:00,10.9,17.1,8811000,10:09:00,10.9,17.1,8811000,10:09:00,10.9,17.1,8811000,10:09:00
201904010602,201905120402,2019-05-12,10:15:00,15,2.0,2.7,1928200.0,09:15:00,1.8,2.5,2477600,09:39:00,1.9,2.7,5038000,10:04:00,1.7,2.4,8811000,10:09:00,1.7,2.4,8811000,10:09:00,1.7,2.4,8811000,10:09:00
201904010602,201905120402,2019-05-12,10:15:00,16,1.7,2.2,1928200.0,09:15:00,1.7,2.2,2477600,09:39:00,1.7,2.3,5038000,10:04:00,1.6,2.2,8811000,10:09:00,1.6,2.2,8811000,10:09:00,1.6,2.2,8811000,10:09:00
201904010603,201905120403,2019-05-12,10:40:00,01,3.3,4.7,1708900.0,09:32:00,3.9,5.6,2769200,10:03:00,2.9,4.5,5961600,10:29:00,2.6,4.2,10105000,10:35:00,2.6,4.2,10105000,10:35:00,2.6,4.2,10105000,10:35:00
201904010603,201905120403,2019-05-12,10:40:00,02,5.0,7.3,1708900.0,09:32:00,5.2,7.6,2769200,10:03:00,5.0,8.0,5961600,10:29:00,5.9,9.8,10105000,10:35:00,5.9,9.8,10105000,10:35:00,5.9,9.8,10105000,10:35:00
201904010603,201905120403,2019-05-12,10:40:00,03,10.3,15.2,1708900.0,09:32:00,11.4,16.9,2769200,10:03:00,9.1,14.9,5961600,10:29:00,10.7,18.1,10105000,10:35:00,10.7,18.1,10105000,10:35:00,10.7,18.1,10105000,10:35:00
201904010603,201905120403,2019-05-12,10:40:00,04,4.6,6.6,1708900.0,09:32:00,5.3,7.7,2769200,10:03:00,5.6,9.0,5961600,10:29:00,4.7,7.8,10105000,10:35:00,4.7,7.8,10105000,10:35:00,4.7,7.8,10105000,10:35:00
201904010603,201905120403,2019-05-12,10:40:00,05,4.7,6.8,1708900.0,09:32:00,5.2,7.6,2769200,10:03:00,6.0,9.7,5961600,10:29:00,7.3,12.2,10105000,10:35:00,7.3,12.2,10105000,10:35:00,7.3,12.2,10105000,10:35:00
201904010603,201905120403,2019-05-12,10:40:00,06,2.2,3.1,1708900.0,09:32:00,2.3,3.3,2769200,10:03:00,1.6,2.4,5961600,10:29:00,1.4,2.1,10105000,10:35:00,1.4,2.1,10105000,10:35:00,1.4,2.1,10105000,10:35:00
201904010603,201905120403,2019-05-12,10:40:00,07,1.6,2.1,1708900.0,09:32:00,1.7,2.2,2769200,10:03:00,1.3,1.6,5961600,10:29:00,1.4,1.9,10105000,10:35:00,1.4,1.9,10105000,10:35:00,1.4,1.9,10105000,10:35:00
201904010603,201905120403,2019-05-12,10:40:00,08,3.7,5.3,1708900.0,09:32:00,4.5,6.5,2769200,10:03:00,4.7,7.5,5961600,10:29:00,4.8,7.9,10105000,10:35:00,4.8,7.9,10105000,10:35:00,4.8,7.9,10105000,10:35:00
201904010603,201905120403,2019-05-12,10:40:00,09,11.8,17.3,1708900.0,09:32:00,12.2,18.2,2769200,10:03:00,18.8,30.9,5961600,10:29:00,22.7,38.6,10105000,10:35:00,22.7,38.6,10105000,10:35:00,22.7,38.6,10105000,10:35:00
201904010603,201905120403,2019-05-12,10:40:00,10,3.3,4.7,1708900.0,09:32:00,2.4,3.4,2769200,10:03:00,3.1,4.9,5961600,10:29:00,3.5,5.7,10105000,10:35:00,3.5,5.7,10105000,10:35:00,3.5,5.7,10105000,10:35:00
201904010603,201905120403,2019-05-12,10:40:00,11,8.3,12.1,1708900.0,09:32:00,9.0,13.3,2769200,10:03:00,9.2,15.1,5961600,10:29:00,11.3,19.0,10105000,10:35:00,11.3,19.0,10105000,10:35:00,11.3,19.0,10105000,10:35:00
201904010603,201905120403,2019-05-12,10:40:00,12,1.5,1.8,1708900.0,09:32:00,1.4,1.7,2769200,10:03:00,1.4,1.8,5961600,10:29:00,1.2,1.5,10105000,10:35:00,1.2,1.5,10105000,10:35:00,1.2,1.5,10105000,10:35:00
201904010603,201905120403,2019-05-12,10:40:00,13,8.0,11.7,1708900.0,09:32:00,8.3,12.3,2769200,10:03:00,9.2,15.1,5961600,10:29:00,9.5,16.0,10105000,10:35:00,9.5,16.0,10105000,10:35:00,9.5,16.0,10105000,10:35:00
201904010603,201905120403,2019-05-12,10:40:00,14,1.9,2.6,1708900.0,09:32:00,1.8,2.5,2769200,10:03:00,2.2,3.4,5961600,10:29:00,2.4,3.8,10105000,10:35:00,2.4,3.8,10105000,10:35:00,2.4,3.8,10105000,10:35:00
201904010603,201905120403,2019-05-12,10:40:00,15,3.8,5.5,1708900.0,09:32:00,3.4,4.9,2769200,10:03:00,4.7,7.6,5961600,10:29:00,5.0,8.2,10105000,10:35:00,5.0,8.2,10105000,10:35:00,5.0,8.2,10105000,10:35:00
201904010606,201905120406,2019-05-12,12:35:00,01,4.3,7.0,3295500.0,11:30:00,4.4,6.9,4411700,12:05:00,4.3,6.8,8971500,12:24:00,4.3,6.8,15798600,12:29:00,4.3,6.8,15798600,12:29:00,4.3,6.8,15798600,12:29:00
201904010606,201905120406,2019-05-12,12:35:00,02,3.8,6.1,3295500.0,11:30:00,3.8,5.9,4411700,12:05:00,3.7,5.9,8971500,12:24:00,3.0,4.7,15798600,12:29:00,3.0,4.7,15798600,12:29:00,3.0,4.7,15798600,12:29:00
201904010606,201905120406,2019-05-12,12:35:00,03,6.6,10.9,3295500.0,11:30:00,5.1,7.9,4411700,12:05:00,5.2,8.4,8971500,12:24:00,5.3,8.5,15798600,12:29:00,5.3,8.5,15798600,12:29:00,5.3,8.5,15798600,12:29:00
201904010606,201905120406,2019-05-12,12:35:00,04,1.3,1.7,3295500.0,11:30:00,1.5,1.9,4411700,12:05:00,1.5,2.2,8971500,12:24:00,1.7,2.4,15798600,12:29:00,1.7,2.4,15798600,12:29:00,1.7,2.4,15798600,12:29:00
201904010606,201905120406,2019-05-12,12:35:00,05,16.0,26.7,3295500.0,11:30:00,16.6,26.3,4411700,12:05:00,16.7,27.2,8971500,12:24:00,18.1,29.5,15798600,12:29:00,18.1,29.5,15798600,12:29:00,18.1,29.5,15798600,12:29:00
201904010606,201905120406,2019-05-12,12:35:00,06,1.9,2.9,3295500.0,11:30:00,2.0,2.9,4411700,12:05:00,1.5,2.3,8971500,12:24:00,1.6,2.3,15798600,12:29:00,1.6,2.3,15798600,12:29:00,1.6,2.3,15798600,12:29:00
201904010606,201905120406,2019-05-12,12:35:00,07,1.8,2.7,3295500.0,11:30:00,1.8,2.6,4411700,12:05:00,1.9,2.8,8971500,12:24:00,1.7,2.5,15798600,12:29:00,1.7,2.5,15798600,12:29:00,1.7,2.5,15798600,12:29:00
201904010606,201905120406,2019-05-12,12:35:00,08,1.3,1.7,3295500.0,11:30:00,1.4,1.7,4411700,12:05:00,1.2,1.5,8971500,12:24:00,1.2,1.5,15798600,12:29:00,1.2,1.5,15798600,12:29:00,1.2,1.5,15798600,12:29:00
201904010606,201905120406,2019-05-12,12:35:00,09,4.2,6.8,3295500.0,11:30:00,4.1,6.4,4411700,12:05:00,3.8,6.0,8971500,12:24:00,3.4,5.4,15798600,12:29:00,3.4,5.4,15798600,12:29:00,3.4,5.4,15798600,12:29:00
201904010606,201905120406,2019-05-12,12:35:00,10,24.2,40.3,3295500.0,11:30:00,25.3,39.9,4411700,12:05:00,31.0,50.7,8971500,12:24:00,37.9,61.7,15798600,12:29:00,37.9,61.7,15798600,12:29:00,37.9,61.7,15798600,12:29:00
201904010606,201905120406,2019-05-12,12:35:00,11,3.7,5.9,3295500.0,11:30:00,4.0,6.1,4411700,12:05:00,4.3,6.9,8971500,12:24:00,4.7,7.5,15798600,12:29:00,4.7,7.5,15798600,12:29:00,4.7,7.5,15798600,12:29:00
201904010606,201905120406,2019-05-12,12:35:00,12,7.4,12.2,3295500.0,11:30:00,7.3,11.5,4411700,12:05:00,8.2,13.3,8971500,12:24:00,8.5,13.7,15798600,12:29:00,8.5,13.7,15798600,12:29:00,8.5,13.7,15798600,12:29:00
201904010606,201905120406,2019-05-12,12:35:00,13,2.1,3.2,3295500.0,11:30:00,2.4,3.5,4411700,12:05:00,3.1,4.9,8971500,12:24:00,3.7,5.8,15798600,12:29:00,3.7,5.8,15798600,12:29:00,3.7,5.8,15798600,12:29:00
201904010606,201905120406,2019-05-12,12:35:00,14,10.0,16.6,3295500.0,11:30:00,5.2,8.0,4411700,12:05:00,7.7,12.6,8971500,12:24:00,9.9,16.1,15798600,12:29:00,9.9,16.1,15798600,12:29:00,9.9,16.1,15798600,12:29:00
201904010607,201905120407,2019-05-12,13:05:00,01,22.9,30.0,3481900.0,11:58:00,22.9,30.1,4512400,12:34:00,25.4,34.5,8328700,12:54:00,25.7,36.4,12181100,12:59:00,25.7,36.4,12181100,12:59:00,25.7,36.4,12181100,12:59:00
201904010607,201905120407,2019-05-12,13:05:00,02,4.2,5.4,3481900.0,11:58:00,4.3,5.6,4512400,12:34:00,4.0,5.4,8328700,12:54:00,4.4,6.2,12181100,12:59:00,4.4,6.2,12181100,12:59:00,4.4,6.2,12181100,12:59:00
201904010607,201905120407,2019-05-12,13:05:00,03,13.5,17.8,3481900.0,11:58:00,12.1,16.0,4512400,12:34:00,16.6,22.6,8328700,12:54:00,18.3,25.9,12181100,12:59:00,18.3,25.9,12181100,12:59:00,18.3,25.9,12181100,12:59:00
201904010607,201905120407,2019-05-12,13:05:00,04,2.0,2.4,3481900.0,11:58:00,2.1,2.5,4512400,12:34:00,1.8,2.3,8328700,12:54:00,1.9,2.5,12181100,12:59:00,1.9,2.5,12181100,12:59:00,1.9,2.5,12181100,12:59:00
201904010607,201905120407,2019-05-12,13:05:00,05,2.9,3.7,3481900.0,11:58:00,3.5,4.5,4512400,12:34:00,4.8,6.6,8328700,12:54:00,5.6,7.9,12181100,12:59:00,5.6,7.9,12181100,12:59:00,5.6,7.9,12181100,12:59:00
201904010607,201905120407,2019-05-12,13:05:00,06,6.4,8.3,3481900.0,11:58:00,6.4,8.5,4512400,12:34:00,8.0,11.0,8328700,12:54:00,8.4,11.9,12181100,12:59:00,8.4,11.9,12181100,12:59:00,8.4,11.9,12181100,12:59:00
201904010607,201905120407,2019-05-12,13:05:00,07,2.8,3.6,3481900.0,11:58:00,2.9,3.8,4512400,12:34:00,3.2,4.3,8328700,12:54:00,3.7,5.2,12181100,12:59:00,3.7,5.2,12181100,12:59:00,3.7,5.2,12181100,12:59:00
201904010607,201905120407,2019-05-12,13:05:00,08,9.6,12.6,3481900.0,11:58:00,8.0,10.6,4512400,12:34:00,8.3,11.4,8328700,12:54:00,8.6,12.1,12181100,12:59:00,8.6,12.1,12181100,12:59:00,8.6,12.1,12181100,12:59:00
201904010607,201905120407,2019-05-12,13:05:00,09,4.4,5.7,3481900.0,11:58:00,4.6,6.0,4512400,12:34:00,5.7,7.8,8328700,12:54:00,6.8,9.7,12181100,12:59:00,6.8,9.7,12181100,12:59:00,6.8,9.7,12181100,12:59:00
201904010607,201905120407,2019-05-12,13:05:00,10,4.1,5.3,3481900.0,11:58:00,4.4,5.7,4512400,12:34:00,4.0,5.4,8328700,12:54:00,3.5,4.9,12181100,12:59:00,3.5,4.9,12181100,12:59:00,3.5,4.9,12181100,12:59:00
201904010607,201905120407,2019-05-12,13:05:00,11,3.2,4.1,3481900.0,11:58:00,2.4,3.1,4512400,12:34:00,2.0,2.5,8328700,12:54:00,1.8,2.4,12181100,12:59:00,1.8,2.4,12181100,12:59:00,1.8,2.4,12181100,12:59:00
201904010607,201905120407,2019-05-12,13:05:00,12,2.1,2.5,3481900.0,11:58:00,1.9,2.2,4512400,12:34:00,1.8,2.2,8328700,12:54:00,1.5,1.9,12181100,12:59:00,1.5,1.9,12181100,12:59:00,1.5,1.9,12181100,12:59:00
201904010607,201905120407,2019-05-12,13:05:00,13,3.2,4.1,3481900.0,11:58:00,3.0,3.9,4512400,12:34:00,2.4,3.2,8328700,12:54:00,2.1,2.8,12181100,12:59:00,2.1,2.8,12181100,12:59:00,2.1,2.8,12181100,12:59:00
201904010607,201905120407,2019-05-12,13:05:00,14,3.1,3.9,3481900.0,11:58:00,3.2,4.1,4512400,12:34:00,3.5,4.7,8328700,12:54:00,3.6,4.9,12181100,12:59:00,3.6,4.9,12181100,12:59:00,3.6,4.9,12181100,12:59:00
201904010607,201905120407,2019-05-12,13:05:00,15,3.2,4.1,3481900.0,11:58:00,3.7,4.8,4512400,12:34:00,4.2,5.7,8328700,12:54:00,4.7,6.6,12181100,12:59:00,4.7,6.6,12181100,12:59:00,4.7,6.6,12181100,12:59:00
201904010607,201905120407,2019-05-12,13:05:00,16,5.3,7.0,3481900.0,11:58:00,5.4,7.0,4512400,12:34:00,4.5,6.1,8328700,12:54:00,4.3,6.0,12181100,12:59:00,4.3,6.0,12181100,12:59:00,4.3,6.0,12181100,12:59:00
201904010608,201905120408,2019-05-12,13:35:00,01,2.2,2.8,3030800.0,12:29:00,2.2,2.8,3549000,13:01:00,1.9,2.5,6922300,13:24:00,1.9,2.6,11982700,13:30:00,1.9,2.6,11982700,13:30:00,1.9,2.6,11982700,13:30:00
201904010608,201905120408,2019-05-12,13:35:00,02,5.4,7.2,3030800.0,12:29:00,5.8,7.6,3549000,13:01:00,5.3,7.1,6922300,13:24:00,3.2,4.4,11982700,13:30:00,3.2,4.4,11982700,13:30:00,3.2,4.4,11982700,13:30:00
201904010608,201905120408,2019-05-12,13:35:00,03,2.7,3.5,3030800.0,12:29:00,2.8,3.7,3549000,13:01:00,3.5,4.6,6922300,13:24:00,3.5,4.8,11982700,13:30:00,3.5,4.8,11982700,13:30:00,3.5,4.8,11982700,13:30:00
201904010608,201905120408,2019-05-12,13:35:00,04,1.5,1.8,3030800.0,12:29:00,1.6,1.8,3549000,13:01:00,1.8,2.3,6922300,13:24:00,2.0,2.6,11982700,13:30:00,2.0,2.6,11982700,13:30:00,2.0,2.6,11982700,13:30:00
201904010608,201905120408,2019-05-12,13:35:00,05,5.6,7.6,3030800.0,12:29:00,5.9,7.8,3549000,13:01:00,5.3,7.1,6922300,13:24:00,5.6,7.8,11982700,13:30:00,5.6,7.8,11982700,13:30:00,5.6,7.8,11982700,13:30:00
201904010608,201905120408,2019-05-12,13:35:00,06,5.2,7.1,3030800.0,12:29:00,4.8,6.3,3549000,13:01:00,6.1,8.2,6922300,13:24:00,6.4,9.0,11982700,13:30:00,6.4,9.0,11982700,13:30:00,6.4,9.0,11982700,13:30:00
201904010608,201905120408,2019-05-12,13:35:00,07,3.5,4.7,3030800.0,12:29:00,3.1,4.1,3549000,13:01:00,3.0,3.9,6922300,13:24:00,2.5,3.4,11982700,13:30:00,2.5,3.4,11982700,13:30:00,2.5,3.4,11982700,13:30:00
201904010608,201905120408,2019-05-12,13:35:00,08,3.1,4.1,3030800.0,12:29:00,3.1,4.0,3549000,13:01:00,4.2,5.5,6922300,13:24:00,5.3,7.4,11982700,13:30:00,5.3,7.4,11982700,13:30:00,5.3,7.4,11982700,13:30:00
201904010608,201905120408,2019-05-12,13:35:00,09,2.1,2.7,3030800.0,12:29:00,2.2,2.9,3549000,13:01:00,2.7,3.5,6922300,13:24:00,2.9,3.9,11982700,13:30:00,2.9,3.9,11982700,13:30:00,2.9,3.9,11982700,13:30:00
201904010608,201905120408,2019-05-12,13:35:00,10,14.6,19.6,3030800.0,12:29:00,14.8,19.4,3549000,13:01:00,17.7,23.5,6922300,13:24:00,23.1,32.2,11982700,13:30:00,23.1,32.2,11982700,13:30:00,23.1,32.2,11982700,13:30:00
201904010608,201905120408,2019-05-12,13:35:00,11,5.8,7.8,3030800.0,12:29:00,5.8,7.6,3549000,13:01:00,5.4,7.2,6922300,13:24:00,5.7,8.0,11982700,13:30:00,5.7,8.0,11982700,13:30:00,5.7,8.0,11982700,13:30:00
201904010608,201905120408,2019-05-12,13:35:00,12,3.7,4.9,3030800.0,12:29:00,3.8,5.0,3549000,13:01:00,2.5,3.3,6922300,13:24:00,2.9,3.9,11982700,13:30:00,2.9,3.9,11982700,13:30:00,2.9,3.9,11982700,13:30:00
201904010608,201905120408,2019-05-12,13:35:00,13,3.4,4.5,3030800.0,12:29:00,3.6,4.7,3549000,13:01:00,4.4,5.9,6922300,13:24:00,5.1,7.1,11982700,13:30:00,5.1,7.1,11982700,13:30:00,5.1,7.1,11982700,13:30:00
201904010608,201905120408,2019-05-12,13:35:00,14,2.6,3.4,3030800.0,12:29:00,2.5,3.2,3549000,13:01:00,1.7,2.0,6922300,13:24:00,1.4,1.7,11982700,13:30:00,1.4,1.7,11982700,13:30:00,1.4,1.7,11982700,13:30:00
201904010609,201905120409,2019-05-12,14:05:00,01,5.3,8.3,2974600.0,13:04:00,5.1,8.9,4063900,13:34:00,4.7,7.4,6924500,13:54:00,5.0,8.0,10511000,14:00:00,5.0,8.0,10511000,14:00:00,5.0,8.0,10511000,14:00:00
201904010609,201905120409,2019-05-12,14:05:00,02,2.7,4.0,2974600.0,13:04:00,2.7,4.5,4063900,13:34:00,2.9,4.4,6924500,13:54:00,2.6,4.1,10511000,14:00:00,2.6,4.1,10511000,14:00:00,2.6,4.1,10511000,14:00:00
201904010609,201905120409,2019-05-12,14:05:00,03,2.0,3.0,2974600.0,13:04:00,2.0,3.4,4063900,13:34:00,2.1,3.1,6924500,13:54:00,2.0,3.0,10511000,14:00:00,2.0,3.0,10511000,14:00:00,2.0,3.0,10511000,14:00:00
201904010609,201905120409,2019-05-12,14:05:00,04,4.7,7.3,2974600.0,13:04:00,4.6,8.2,4063900,13:34:00,5.7,8.9,6924500,13:54:00,5.1,8.2,10511000,14:00:00,5.1,8.2,10511000,14:00:00,5.1,8.2,10511000,14:00:00
201904010609,201905120409,2019-05-12,14:05:00,05,7.0,10.9,2974600.0,13:04:00,5.7,10.2,4063900,13:34:00,6.5,10.2,6924500,13:54:00,7.4,12.0,10511000,14:00:00,7.4,12.0,10511000,14:00:00,7.4,12.0,10511000,14:00:00
201904010609,201905120409,2019-05-12,14:05:00,06,10.5,16.5,2974600.0,13:04:00,10.5,18.9,4063900,13:34:00,10.5,16.9,6924500,13:54:00,11.1,18.2,10511000,14:00:00,11.1,18.2,10511000,14:00:00,11.1,18.2,10511000,14:00:00
201904010609,201905120409,2019-05-12,14:05:00,07,2.0,2.9,2974600.0,13:04:00,2.1,3.5,4063900,13:34:00,1.8,2.6,6924500,13:54:00,1.7,2.5,10511000,14:00:00,1.7,2.5,10511000,14:00:00,1.7,2.5,10511000,14:00:00
201904010609,201905120409,2019-05-12,14:05:00,08,5.4,8.4,2974600.0,13:04:00,5.0,8.9,4063900,13:34:00,5.6,8.8,6924500,13:54:00,5.9,9.4,10511000,14:00:00,5.9,9.4,10511000,14:00:00,5.9,9.4,10511000,14:00:00
201904010609,201905120409,2019-05-12,14:05:00,09,9.1,14.2,2974600.0,13:04:00,9.0,16.2,4063900,13:34:00,9.7,15.5,6924500,13:54:00,10.5,17.2,10511000,14:00:00,10.5,17.2,10511000,14:00:00,10.5,17.2,10511000,14:00:00
201904010609,201905120409,2019-05-12,14:05:00,10,1.5,1.9,2974600.0,13:04:00,1.1,1.3,4063900,13:34:00,1.2,1.4,6924500,13:54:00,1.2,1.4,10511000,14:00:00,1.2,1.4,10511000,14:00:00,1.2,1.4,10511000,14:00:00
201904010609,201905120409,2019-05-12,14:05:00,11,5.2,8.1,2974600.0,13:04:00,5.6,9.9,4063900,13:34:00,7.5,12.0,6924500,13:54:00,6.3,10.2,10511000,14:00:00,6.3,10.2,10511000,14:00:00,6.3,10.2,10511000,14:00:00
201904010609,201905120409,2019-05-12,14:05:00,12,5.7,8.9,2974600.0,13:04:00,5.4,9.6,4063900,13:34:00,4.3,6.7,6924500,13:54:00,4.5,7.2,10511000,14:00:00,4.5,7.2,10511000,14:00:00,4.5,7.2,10511000,14:00:00
201904010609,201905120409,2019-05-12,14:05:00,13,2.9,4.4,2974600.0,13:04:00,2.8,4.8,4063900,13:34:00,2.8,4.2,6924500,13:54:00,2.8,4.3,10511000,14:00:00,2.8,4.3,10511000,14:00:00,2.8,4.3,10511000,14:00:00
201904010609,201905120409,2019-05-12,14:05:00,14,1.4,1.7,2974600.0,13:04:00,1.4,2.0,4063900,13:34:00,1.7,2.4,6924500,13:54:00,1.8,2.7,10511000,14:00:00,1.8,2.7,10511000,14:00:00,1.8,2.7,10511000,14:00:00
201904010609,201905120409,2019-05-12,14:05:00,15,6.8,10.6,2974600.0,13:04:00,7.7,13.7,4063900,13:34:00,11.0,17.5,6924500,13:54:00,13.0,21.3,10511000,14:00:00,13.0,21.3,10511000,14:00:00,13.0,21.3,10511000,14:00:00
201904010610,201905120410,2019-05-12,14:40:00,01,1.7,2.3,2368500.0,13:39:00,1.7,2.3,2869600,14:06:00,1.8,2.6,5999500,14:29:00,1.6,2.3,12860300,14:34:00,1.6,2.3,12860300,14:34:00,1.6,2.3,12860300,14:34:00
201904010610,201905120410,2019-05-12,14:40:00,02,1.9,2.6,2368500.0,13:39:00,2.1,2.9,2869600,14:06:00,2.6,3.8,5999500,14:29:00,3.4,5.2,12860300,14:34:00,3.4,5.2,12860300,14:34:00,3.4,5.2,12860300,14:34:00
201904010610,201905120410,2019-05-12,14:40:00,03,5.3,7.4,2368500.0,13:39:00,5.7,8.2,2869600,14:06:00,6.8,9.9,5999500,14:29:00,9.0,13.8,12860300,14:34:00,9.0,13.8,12860300,14:34:00,9.0,13.8,12860300,14:34:00
201904010610,201905120410,2019-05-12,14:40:00,04,1.6,2.0,2368500.0,13:39:00,1.5,1.9,2869600,14:06:00,1.5,2.0,5999500,14:29:00,1.4,2.0,12860300,14:34:00,1.4,2.0,12860300,14:34:00,1.4,2.0,12860300,14:34:00
201904010610,201905120410,2019-05-12,14:40:00,05,3.2,4.5,2368500.0,13:39:00,3.4,4.9,2869600,14:06:00,3.2,4.7,5999500,14:29:00,3.6,5.5,12860300,14:34:00,3.6,5.5,12860300,14:34:00,3.6,5.5,12860300,14:34:00
201904010610,201905120410,2019-05-12,14:40:00,06,2.3,3.2,2368500.0,13:39:00,2.2,3.1,2869600,14:06:00,1.8,2.5,5999500,14:29:00,1.7,2.4,12860300,14:34:00,1.7,2.4,12860300,14:34:00,1.7,2.4,12860300,14:34:00
201904010610,201905120410,2019-05-12,14:40:00,07,1.3,1.6,2368500.0,13:39:00,1.3,1.6,2869600,14:06:00,1.3,1.6,5999500,14:29:00,1.2,1.5,12860300,14:34:00,1.2,1.5,12860300,14:34:00,1.2,1.5,12860300,14:34:00
201904010610,201905120410,2019-05-12,14:40:00,08,1.7,2.3,2368500.0,13:39:00,1.6,2.2,2869600,14:06:00,1.5,2.0,5999500,14:29:00,1.5,2.1,12860300,14:34:00,1.5,2.1,12860300,14:34:00,1.5,2.1,12860300,14:34:00
201904010610,201905120410,2019-05-12,14:40:00,09,3.7,5.3,2368500.0,13:39:00,3.8,5.4,2869600,14:06:00,4.9,7.1,5999500,14:29:00,5.5,8.4,12860300,14:34:00,5.5,8.4,12860300,14:34:00,5.5,8.4,12860300,14:34:00
201904010611,201905120411,2019-05-12,15:20:00,01,3.4,4.3,6398300.0,14:15:00,3.4,4.4,8517900,14:49:00,2.9,4.1,17140500,15:09:00,2.7,3.9,25664000,15:14:00,2.7,3.9,25664000,15:14:00,2.7,3.9,25664000,15:14:00
201904010611,201905120411,2019-05-12,15:20:00,02,2.1,2.6,6398300.0,14:15:00,2.1,2.7,8517900,14:49:00,1.8,2.4,17140500,15:09:00,1.8,2.5,25664000,15:14:00,1.8,2.5,25664000,15:14:00,1.8,2.5,25664000,15:14:00
201904010611,201905120411,2019-05-12,15:20:00,03,2.7,3.4,6398300.0,14:15:00,2.8,3.6,8517900,14:49:00,2.6,3.6,17140500,15:09:00,2.6,3.7,25664000,15:14:00,2.6,3.7,25664000,15:14:00,2.6,3.7,25664000,15:14:00
201904010611,201905120411,2019-05-12,15:20:00,04,2.8,3.6,6398300.0,14:15:00,2.8,3.6,8517900,14:49:00,2.8,3.8,17140500,15:09:00,2.8,4.0,25664000,15:14:00,2.8,4.0,25664000,15:14:00,2.8,4.0,25664000,15:14:00
201904010611,201905120411,2019-05-12,15:20:00,05,6.5,8.3,6398300.0,14:15:00,6.5,8.5,8517900,14:49:00,7.4,10.3,17140500,15:09:00,8.1,11.8,25664000,15:14:00,8.1,11.8,25664000,15:14:00,8.1,11.8,25664000,15:14:00
201904010611,201905120411,2019-05-12,15:20:00,06,2.9,3.7,6398300.0,14:15:00,3.1,4.0,8517900,14:49:00,3.5,4.9,17140500,15:09:00,3.3,4.8,25664000,15:14:00,3.3,4.8,25664000,15:14:00,3.3,4.8,25664000,15:14:00
201904010611,201905120411,2019-05-12,15:20:00,07,3.3,4.2,6398300.0,14:15:00,3.3,4.3,8517900,14:49:00,3.9,5.4,17140500,15:09:00,4.2,6.1,25664000,15:14:00,4.2,6.1,25664000,15:14:00,4.2,6.1,25664000,15:14:00
201904010611,201905120411,2019-05-12,15:20:00,08,1.8,2.1,6398300.0,14:15:00,1.8,2.1,8517900,14:49:00,1.6,2.0,17140500,15:09:00,1.5,1.9,25664000,15:14:00,1.5,1.9,25664000,15:14:00,1.5,1.9,25664000,15:14:00
201904010611,201905120411,2019-05-12,15:20:00,09,2.7,3.4,6398300.0,14:15:00,2.5,3.3,8517900,14:49:00,2.8,3.9,17140500,15:09:00,2.9,4.1,25664000,15:14:00,2.9,4.1,25664000,15:14:00,2.9,4.1,25664000,15:14:00
201904010611,201905120411,2019-05-12,15:20:00,10,4.2,5.4,6398300.0,14:15:00,4.0,5.4,8517900,14:49:00,3.9,5.5,17140500,15:09:00,4.0,5.9,25664000,15:14:00,4.0,5.9,25664000,15:14:00,4.0,5.9,25664000,15:14:00
201904010611,201905120411,2019-05-12,15:20:00,11,4.5,5.8,6398300.0,14:15:00,4.6,6.1,8517900,14:49:00,5.9,8.2,17140500,15:09:00,6.5,9.5,25664000,15:14:00,6.5,9.5,25664000,15:14:00,6.5,9.5,25664000,15:14:00
201904010611,201905120411,2019-05-12,15:20:00,12,1.8,2.1,6398300.0,14:15:00,1.6,1.9,8517900,14:49:00,1.5,1.9,17140500,15:09:00,1.4,1.7,25664000,15:14:00,1.4,1.7,25664000,15:14:00,1.4,1.7,25664000,15:14:00
201904010612,201905120412,2019-05-12,16:01:00,01,2.8,3.2,3522600.0,15:00:00,2.6,3.0,4191900,15:31:00,2.4,3.2,9047300,15:50:00,2.5,3.4,18802200,15:55:00,2.5,3.4,18802200,15:55:00,2.5,3.4,18802200,15:55:00
201904010612,201905120412,2019-05-12,16:01:00,02,5.0,5.8,3522600.0,15:00:00,4.9,5.7,4191900,15:31:00,6.1,8.1,9047300,15:50:00,7.4,10.4,18802200,15:55:00,7.4,10.4,18802200,15:55:00,7.4,10.4,18802200,15:55:00
201904010612,201905120412,2019-05-12,16:01:00,03,2.7,3.1,3522600.0,15:00:00,2.8,3.3,4191900,15:31:00,2.1,2.7,9047300,15:50:00,2.1,2.8,18802200,15:55:00,2.1,2.8,18802200,15:55:00,2.1,2.8,18802200,15:55:00
201904010612,201905120412,2019-05-12,16:01:00,04,2.0,2.3,3522600.0,15:00:00,1.9,2.2,4191900,15:31:00,1.4,1.6,9047300,15:50:00,1.4,1.7,18802200,15:55:00,1.4,1.7,18802200,15:55:00,1.4,1.7,18802200,15:55:00
201904010612,201905120412,2019-05-12,16:01:00,05,3.5,4.1,3522600.0,15:00:00,3.4,3.9,4191900,15:31:00,3.2,4.2,9047300,15:50:00,3.0,4.2,18802200,15:55:00,3.0,4.2,18802200,15:55:00,3.0,4.2,18802200,15:55:00
201904010612,201905120412,2019-05-12,16:01:00,06,3.5,4.1,3522600.0,15:00:00,3.3,3.8,4191900,15:31:00,3.2,4.2,9047300,15:50:00,3.0,4.2,18802200,15:55:00,3.0,4.2,18802200,15:55:00,3.0,4.2,18802200,15:55:00
201904010612,201905120412,2019-05-12,16:01:00,07,2.7,3.1,3522600.0,15:00:00,2.7,3.2,4191900,15:31:00,3.5,4.6,9047300,15:50:00,4.4,6.3,18802200,15:55:00,4.4,6.3,18802200,15:55:00,4.4,6.3,18802200,15:55:00
201904010612,201905120412,2019-05-12,16:01:00,08,3.1,3.7,3522600.0,15:00:00,3.3,3.9,4191900,15:31:00,4.0,5.3,9047300,15:50:00,4.5,6.3,18802200,15:55:00,4.5,6.3,18802200,15:55:00,4.5,6.3,18802200,15:55:00
201904010612,201905120412,2019-05-12,16:01:00,09,2.4,2.8,3522600.0,15:00:00,2.5,3.0,4191900,15:31:00,2.7,3.6,9047300,15:50:00,3.3,4.6,18802200,15:55:00,3.3,4.6,18802200,15:55:00,3.3,4.6,18802200,15:55:00
201904010612,201905120412,2019-05-12,16:01:00,10,2.0,2.3,3522600.0,15:00:00,2.1,2.4,4191900,15:31:00,2.0,2.5,9047300,15:50:00,1.6,2.0,18802200,15:55:00,1.6,2.0,18802200,15:55:00,1.6,2.0,18802200,15:55:00
201904010612,201905120412,2019-05-12,16:01:00,11,2.1,2.5,3522600.0,15:00:00,2.1,2.5,4191900,15:31:00,2.1,2.8,9047300,15:50:00,1.7,2.3,18802200,15:55:00,1.7,2.3,18802200,15:55:00,1.7,2.3,18802200,15:55:00
201904010702,201905180402,2019-05-18,10:25:00,01,6.2,9.9,2058600.0,09:19:00,6.4,9.6,3307500,09:54:00,6.9,11.3,6447400,10:14:00,6.9,11.6,8979600,10:19:00,6.9,11.6,8979600,10:19:00,6.9,11.6,8979600,10:19:00
201904010702,201905180402,2019-05-18,10:25:00,02,2.5,3.7,2058600.0,09:19:00,3.6,5.3,3307500,09:54:00,5.3,8.6,6447400,10:14:00,6.2,10.4,8979600,10:19:00,6.2,10.4,8979600,10:19:00,6.2,10.4,8979600,10:19:00
201904010702,201905180402,2019-05-18,10:25:00,03,8.8,14.1,2058600.0,09:19:00,10.5,15.9,3307500,09:54:00,12.7,21.0,6447400,10:14:00,14.1,24.1,8979600,10:19:00,14.1,24.1,8979600,10:19:00,14.1,24.1,8979600,10:19:00
201904010702,201905180402,2019-05-18,10:25:00,04,2.7,4.1,2058600.0,09:19:00,2.5,3.5,3307500,09:54:00,2.5,3.8,6447400,10:14:00,2.7,4.3,8979600,10:19:00,2.7,4.3,8979600,10:19:00,2.7,4.3,8979600,10:19:00
201904010702,201905180402,2019-05-18,10:25:00,05,5.8,9.2,2058600.0,09:19:00,4.7,7.0,3307500,09:54:00,3.0,4.6,6447400,10:14:00,2.9,4.6,8979600,10:19:00,2.9,4.6,8979600,10:19:00,2.9,4.6,8979600,10:19:00
201904010702,201905180402,2019-05-18,10:25:00,06,2.3,3.5,2058600.0,09:19:00,2.2,3.2,3307500,09:54:00,2.7,4.2,6447400,10:14:00,3.0,4.8,8979600,10:19:00,3.0,4.8,8979600,10:19:00,3.0,4.8,8979600,10:19:00
201904010702,201905180402,2019-05-18,10:25:00,07,3.7,5.7,2058600.0,09:19:00,3.0,4.3,3307500,09:54:00,3.1,4.9,6447400,10:14:00,3.1,5.0,8979600,10:19:00,3.1,5.0,8979600,10:19:00,3.1,5.0,8979600,10:19:00
201904010702,201905180402,2019-05-18,10:25:00,08,2.5,3.8,2058600.0,09:19:00,2.1,3.0,3307500,09:54:00,2.0,3.0,6447400,10:14:00,1.7,2.7,8979600,10:19:00,1.7,2.7,8979600,10:19:00,1.7,2.7,8979600,10:19:00
201904010702,201905180402,2019-05-18,10:25:00,09,12.8,20.6,2058600.0,09:19:00,8.9,13.4,3307500,09:54:00,8.3,13.7,6447400,10:14:00,9.3,15.7,8979600,10:19:00,9.3,15.7,8979600,10:19:00,9.3,15.7,8979600,10:19:00
201904010702,201905180402,2019-05-18,10:25:00,10,2.5,3.8,2058600.0,09:19:00,3.4,4.9,3307500,09:54:00,4.4,7.1,6447400,10:14:00,4.2,6.9,8979600,10:19:00,4.2,6.9,8979600,10:19:00,4.2,6.9,8979600,10:19:00
201904010702,201905180402,2019-05-18,10:25:00,11,4.2,6.5,2058600.0,09:19:00,4.1,6.1,3307500,09:54:00,3.0,4.8,6447400,10:14:00,2.8,4.6,8979600,10:19:00,2.8,4.6,8979600,10:19:00,2.8,4.6,8979600,10:19:00
201904010702,201905180402,2019-05-18,10:25:00,12,1.4,1.8,2058600.0,09:19:00,1.5,1.9,3307500,09:54:00,1.2,1.5,6447400,10:14:00,1.2,1.4,8979600,10:19:00,1.2,1.4,8979600,10:19:00,1.2,1.4,8979600,10:19:00
201904010702,201905180402,2019-05-18,10:25:00,13,16.2,26.0,2058600.0,09:19:00,16.7,25.3,3307500,09:54:00,16.4,27.2,6447400,10:14:00,20.0,34.2,8979600,10:19:00,20.0,34.2,8979600,10:19:00,20.0,34.2,8979600,10:19:00
201904010702,201905180402,2019-05-18,10:25:00,14,17.8,28.7,2058600.0,09:19:00,20.8,31.3,3307500,09:54:00,21.9,36.3,6447400,10:14:00,22.1,37.7,8979600,10:19:00,22.1,37.7,8979600,10:19:00,22.1,37.7,8979600,10:19:00
201904010702,201905180402,2019-05-18,10:25:00,15,1.5,1.8,2058600.0,09:19:00,1.6,2.0,3307500,09:54:00,1.6,2.2,6447400,10:14:00,1.5,2.2,8979600,10:19:00,1.5,2.2,8979600,10:19:00,1.5,2.2,8979600,10:19:00
201904010703,201905180403,2019-05-18,10:55:00,01,5.2,7.6,1886900.0,09:47:00,6.1,9.0,2460200,10:21:00,9.1,15.3,5665100,10:44:00,11.4,22.0,9253000,10:49:00,11.4,22.0,9253000,10:49:00,11.4,22.0,9253000,10:49:00
201904010703,201905180403,2019-05-18,10:55:00,02,9.4,14.0,1886900.0,09:47:00,9.3,13.9,2460200,10:21:00,7.9,13.1,5665100,10:44:00,7.8,14.9,9253000,10:49:00,7.8,14.9,9253000,10:49:00,7.8,14.9,9253000,10:49:00
201904010703,201905180403,2019-05-18,10:55:00,03,1.6,2.2,1886900.0,09:47:00,1.7,2.3,2460200,10:21:00,1.3,1.8,5665100,10:44:00,1.1,1.5,9253000,10:49:00,1.1,1.5,9253000,10:49:00,1.1,1.5,9253000,10:49:00
201904010703,201905180403,2019-05-18,10:55:00,04,5.6,8.3,1886900.0,09:47:00,5.2,7.7,2460200,10:21:00,5.4,8.9,5665100,10:44:00,5.5,10.5,9253000,10:49:00,5.5,10.5,9253000,10:49:00,5.5,10.5,9253000,10:49:00
201904010703,201905180403,2019-05-18,10:55:00,05,11.0,16.3,1886900.0,09:47:00,10.8,16.1,2460200,10:21:00,14.3,24.0,5665100,10:44:00,16.3,31.5,9253000,10:49:00,16.3,31.5,9253000,10:49:00,16.3,31.5,9253000,10:49:00
201904010703,201905180403,2019-05-18,10:55:00,06,1.4,1.8,1886900.0,09:47:00,1.4,1.7,2460200,10:21:00,1.2,1.6,5665100,10:44:00,1.2,1.6,9253000,10:49:00,1.2,1.6,9253000,10:49:00,1.2,1.6,9253000,10:49:00
201904010703,201905180403,2019-05-18,10:55:00,07,24.0,35.6,1886900.0,09:47:00,23.3,34.9,2460200,10:21:00,30.5,51.1,5665100,10:44:00,38.0,73.7,9253000,10:49:00,38.0,73.7,9253000,10:49:00,38.0,73.7,9253000,10:49:00
201904010703,201905180403,2019-05-18,10:55:00,08,6.5,9.6,1886900.0,09:47:00,6.7,9.9,2460200,10:21:00,6.1,10.0,5665100,10:44:00,7.2,13.7,9253000,10:49:00,7.2,13.7,9253000,10:49:00,7.2,13.7,9253000,10:49:00
201904010703,201905180403,2019-05-18,10:55:00,09,3.4,4.8,1886900.0,09:47:00,3.3,4.8,2460200,10:21:00,3.6,5.8,5665100,10:44:00,3.2,5.8,9253000,10:49:00,3.2,5.8,9253000,10:49:00,3.2,5.8,9253000,10:49:00
201904010703,201905180403,2019-05-18,10:55:00,10,6.1,9.0,1886900.0,09:47:00,5.2,7.7,2460200,10:21:00,5.1,8.3,5665100,10:44:00,4.8,8.9,9253000,10:49:00,4.8,8.9,9253000,10:49:00,4.8,8.9,9253000,10:49:00
201904010703,201905180403,2019-05-18,10:55:00,11,2.0,2.8,1886900.0,09:47:00,1.9,2.7,2460200,10:21:00,1.4,2.0,5665100,10:44:00,1.5,2.4,9253000,10:49:00,1.5,2.4,9253000,10:49:00,1.5,2.4,9253000,10:49:00
201904010703,201905180403,2019-05-18,10:55:00,12,3.1,4.5,1886900.0,09:47:00,3.2,4.7,2460200,10:21:00,3.6,5.8,5665100,10:44:00,3.9,7.3,9253000,10:49:00,3.9,7.3,9253000,10:49:00,3.9,7.3,9253000,10:49:00
201904010703,201905180403,2019-05-18,10:55:00,13,3.2,4.6,1886900.0,09:47:00,3.5,5.1,2460200,10:21:00,4.6,7.5,5665100,10:44:00,3.9,7.1,9253000,10:49:00,3.9,7.1,9253000,10:49:00,3.9,7.1,9253000,10:49:00
201904010703,201905180403,2019-05-18,10:55:00,14,7.4,11.0,1886900.0,09:47:00,6.7,10.0,2460200,10:21:00,7.5,12.5,5665100,10:44:00,7.4,14.1,9253000,10:49:00,7.4,14.1,9253000,10:49:00,7.4,14.1,9253000,10:49:00
201904010703,201905180403,2019-05-18,10:55:00,15,1.6,2.2,1886900.0,09:47:00,1.6,2.2,2460200,10:21:00,2.0,3.0,5665100,10:44:00,1.8,3.1,9253000,10:49:00,1.8,3.1,9253000,10:49:00,1.8,3.1,9253000,10:49:00
201904010705,201905180405,2019-05-18,12:15:00,01,3.2,4.9,1944400.0,11:13:00,3.1,6.0,3492500,11:41:00,3.0,5.3,9835500,12:04:00,2.7,4.5,13683900,12:10:00,2.7,4.5,13683900,12:10:00,2.7,4.5,13683900,12:10:00
201904010705,201905180405,2019-05-18,12:15:00,02,6.5,10.2,1944400.0,11:13:00,7.2,14.7,3492500,11:41:00,10.0,18.6,9835500,12:04:00,11.6,21.0,13683900,12:10:00,11.6,21.0,13683900,12:10:00,11.6,21.0,13683900,12:10:00
201904010705,201905180405,2019-05-18,12:15:00,03,1.6,2.2,1944400.0,11:13:00,1.4,2.2,3492500,11:41:00,1.2,1.9,9835500,12:04:00,1.2,1.8,13683900,12:10:00,1.2,1.8,13683900,12:10:00,1.2,1.8,13683900,12:10:00
201904010705,201905180405,2019-05-18,12:15:00,04,4.1,6.3,1944400.0,11:13:00,3.5,6.9,3492500,11:41:00,4.0,7.2,9835500,12:04:00,3.6,6.3,13683900,12:10:00,3.6,6.3,13683900,12:10:00,3.6,6.3,13683900,12:10:00
201904010705,201905180405,2019-05-18,12:15:00,05,6.8,10.6,1944400.0,11:13:00,7.6,15.6,3492500,11:41:00,15.4,28.9,9835500,12:04:00,19.9,36.3,13683900,12:10:00,19.9,36.3,13683900,12:10:00,19.9,36.3,13683900,12:10:00
201904010705,201905180405,2019-05-18,12:15:00,06,5.8,9.0,1944400.0,11:13:00,5.3,10.8,3492500,11:41:00,7.2,13.3,9835500,12:04:00,7.8,14.0,13683900,12:10:00,7.8,14.0,13683900,12:10:00,7.8,14.0,13683900,12:10:00
201904010705,201905180405,2019-05-18,12:15:00,07,1.3,1.6,1944400.0,11:13:00,1.1,1.2,3492500,11:41:00,1.1,1.4,9835500,12:04:00,1.1,1.5,13683900,12:10:00,1.1,1.5,13683900,12:10:00,1.1,1.5,13683900,12:10:00
201904010705,201905180405,2019-05-18,12:15:00,08,2.3,3.5,1944400.0,11:13:00,1.9,3.5,3492500,11:41:00,1.3,2.1,9835500,12:04:00,1.4,2.1,13683900,12:10:00,1.4,2.1,13683900,12:10:00,1.4,2.1,13683900,12:10:00
201904010705,201905180405,2019-05-18,12:15:00,09,4.7,7.3,1944400.0,11:13:00,5.2,10.5,3492500,11:41:00,7.5,13.7,9835500,12:04:00,7.6,13.5,13683900,12:10:00,7.6,13.5,13683900,12:10:00,7.6,13.5,13683900,12:10:00
201904010705,201905180405,2019-05-18,12:15:00,10,4.2,6.5,1944400.0,11:13:00,4.2,8.4,3492500,11:41:00,5.3,9.6,9835500,12:04:00,5.1,9.0,13683900,12:10:00,5.1,9.0,13683900,12:10:00,5.1,9.0,13683900,12:10:00
201904010705,201905180405,2019-05-18,12:15:00,11,12.1,19.2,1944400.0,11:13:00,13.0,27.1,3492500,11:41:00,18.9,35.4,9835500,12:04:00,18.9,34.4,13683900,12:10:00,18.9,34.4,13683900,12:10:00,18.9,34.4,13683900,12:10:00
201904010705,201905180405,2019-05-18,12:15:00,12,22.5,35.7,1944400.0,11:13:00,21.0,43.9,3492500,11:41:00,31.5,59.3,9835500,12:04:00,33.9,61.9,13683900,12:10:00,33.9,61.9,13683900,12:10:00,33.9,61.9,13683900,12:10:00
201904010705,201905180405,2019-05-18,12:15:00,13,2.7,4.1,1944400.0,11:13:00,3.1,6.1,3492500,11:41:00,2.9,5.1,9835500,12:04:00,2.7,4.6,13683900,12:10:00,2.7,4.6,13683900,12:10:00,2.7,4.6,13683900,12:10:00
201904010705,201905180405,2019-05-18,12:15:00,14,18.8,29.8,1944400.0,11:13:00,19.6,41.0,3492500,11:41:00,28.1,52.9,9835500,12:04:00,33.3,60.8,13683900,12:10:00,33.3,60.8,13683900,12:10:00,33.3,60.8,13683900,12:10:00
201904010705,201905180405,2019-05-18,12:15:00,15,1.6,2.2,1944400.0,11:13:00,1.7,3.2,3492500,11:41:00,2.0,3.3,9835500,12:04:00,2.0,3.4,13683900,12:10:00,2.0,3.4,13683900,12:10:00,2.0,3.4,13683900,12:10:00
201904010706,201905180406,2019-05-18,12:45:00,01,7.5,12.6,2914300.0,11:45:00,7.5,12.1,3559800,12:13:00,10.3,16.6,6629100,12:34:00,11.6,19.8,10787200,12:40:00,11.6,19.8,10787200,12:40:00,11.6,19.8,10787200,12:40:00
201904010706,201905180406,2019-05-18,12:45:00,02,2.9,4.7,2914300.0,11:45:00,2.6,4.0,3559800,12:13:00,2.5,3.9,6629100,12:34:00,1.9,2.9,10787200,12:40:00,1.9,2.9,10787200,12:40:00,1.9,2.9,10787200,12:40:00
201904010706,201905180406,2019-05-18,12:45:00,03,3.6,5.9,2914300.0,11:45:00,3.5,5.5,3559800,12:13:00,4.2,6.6,6629100,12:34:00,5.2,8.8,10787200,12:40:00,5.2,8.8,10787200,12:40:00,5.2,8.8,10787200,12:40:00
201904010706,201905180406,2019-05-18,12:45:00,04,1.5,2.2,2914300.0,11:45:00,1.5,2.2,3559800,12:13:00,1.3,1.8,6629100,12:34:00,1.5,2.2,10787200,12:40:00,1.5,2.2,10787200,12:40:00,1.5,2.2,10787200,12:40:00
201904010706,201905180406,2019-05-18,12:45:00,05,7.0,11.6,2914300.0,11:45:00,7.1,11.5,3559800,12:13:00,8.7,13.9,6629100,12:34:00,10.0,17.0,10787200,12:40:00,10.0,17.0,10787200,12:40:00,10.0,17.0,10787200,12:40:00
201904010706,201905180406,2019-05-18,12:45:00,06,4.6,7.5,2914300.0,11:45:00,4.8,7.6,3559800,12:13:00,4.1,6.5,6629100,12:34:00,4.7,7.9,10787200,12:40:00,4.7,7.9,10787200,12:40:00,4.7,7.9,10787200,12:40:00
201904010706,201905180406,2019-05-18,12:45:00,07,4.2,6.9,2914300.0,11:45:00,3.8,6.1,3559800,12:13:00,3.5,5.4,6629100,12:34:00,2.7,4.4,10787200,12:40:00,2.7,4.4,10787200,12:40:00,2.7,4.4,10787200,12:40:00
201904010706,201905180406,2019-05-18,12:45:00,08,9.0,15.0,2914300.0,11:45:00,8.9,14.5,3559800,12:13:00,10.3,16.6,6629100,12:34:00,11.3,19.3,10787200,12:40:00,11.3,19.3,10787200,12:40:00,11.3,19.3,10787200,12:40:00
201904010706,201905180406,2019-05-18,12:45:00,09,5.6,9.2,2914300.0,11:45:00,5.9,9.5,3559800,12:13:00,7.1,11.4,6629100,12:34:00,7.4,12.5,10787200,12:40:00,7.4,12.5,10787200,12:40:00,7.4,12.5,10787200,12:40:00
201904010706,201905180406,2019-05-18,12:45:00,10,6.4,10.6,2914300.0,11:45:00,6.7,10.8,3559800,12:13:00,5.6,8.8,6629100,12:34:00,6.3,10.7,10787200,12:40:00,6.3,10.7,10787200,12:40:00,6.3,10.7,10787200,12:40:00
201904010706,201905180406,2019-05-18,12:45:00,11,4.0,6.6,2914300.0,11:45:00,3.9,6.3,3559800,12:13:00,4.0,6.2,6629100,12:34:00,4.5,7.4,10787200,12:40:00,4.5,7.4,10787200,12:40:00,4.5,7.4,10787200,12:40:00
201904010706,201905180406,2019-05-18,12:45:00,12,1.2,1.6,2914300.0,11:45:00,1.3,1.7,3559800,12:13:00,1.3,1.7,6629100,12:34:00,1.2,1.6,10787200,12:40:00,1.2,1.6,10787200,12:40:00,1.2,1.6,10787200,12:40:00
201904010706,201905180406,2019-05-18,12:45:00,13,19.2,32.1,2914300.0,11:45:00,19.7,32.0,3559800,12:13:00,23.9,38.6,6629100,12:34:00,27.8,47.7,10787200,12:40:00,27.8,47.7,10787200,12:40:00,27.8,47.7,10787200,12:40:00
201904010706,201905180406,2019-05-18,12:45:00,14,5.3,8.8,2914300.0,11:45:00,6.3,10.2,3559800,12:13:00,7.2,11.5,6629100,12:34:00,9.1,15.5,10787200,12:40:00,9.1,15.5,10787200,12:40:00,9.1,15.5,10787200,12:40:00
201904010706,201905180406,2019-05-18,12:45:00,15,5.1,8.4,2914300.0,11:45:00,5.6,9.0,3559800,12:13:00,7.3,11.7,6629100,12:34:00,7.7,13.1,10787200,12:40:00,7.7,13.1,10787200,12:40:00,7.7,13.1,10787200,12:40:00
201904010706,201905180406,2019-05-18,12:45:00,16,1.3,1.9,2914300.0,11:45:00,1.3,1.8,3559800,12:13:00,1.4,2.0,6629100,12:34:00,1.3,1.7,10787200,12:40:00,1.3,1.7,10787200,12:40:00,1.3,1.7,10787200,12:40:00
201904010707,201905180407,2019-05-18,13:15:00,01,7.0,11.1,2047300.0,12:15:00,7.3,11.4,2312500,12:40:00,7.6,12.9,4935800,13:04:00,9.2,16.5,8237800,13:10:00,9.2,16.5,8237800,13:10:00,9.2,16.5,8237800,13:10:00
201904010707,201905180407,2019-05-18,13:15:00,02,1.8,2.7,2047300.0,12:15:00,1.8,2.6,2312500,12:40:00,1.1,1.4,4935800,13:04:00,1.2,1.5,8237800,13:10:00,1.2,1.5,8237800,13:10:00,1.2,1.5,8237800,13:10:00
201904010707,201905180407,2019-05-18,13:15:00,03,1.2,1.5,2047300.0,12:15:00,1.3,1.6,2312500,12:40:00,1.4,2.0,4935800,13:04:00,1.4,2.2,8237800,13:10:00,1.4,2.2,8237800,13:10:00,1.4,2.2,8237800,13:10:00
201904010707,201905180407,2019-05-18,13:15:00,04,3.6,5.7,2047300.0,12:15:00,2.9,4.3,2312500,12:40:00,3.8,6.2,4935800,13:04:00,3.5,6.1,8237800,13:10:00,3.5,6.1,8237800,13:10:00,3.5,6.1,8237800,13:10:00
201904010707,201905180407,2019-05-18,13:15:00,05,8.6,13.6,2047300.0,12:15:00,8.5,13.4,2312500,12:40:00,8.1,13.8,4935800,13:04:00,10.1,18.2,8237800,13:10:00,10.1,18.2,8237800,13:10:00,10.1,18.2,8237800,13:10:00
201904010707,201905180407,2019-05-18,13:15:00,06,2.2,3.3,2047300.0,12:15:00,2.3,3.4,2312500,12:40:00,2.4,3.8,4935800,13:04:00,2.3,3.8,8237800,13:10:00,2.3,3.8,8237800,13:10:00,2.3,3.8,8237800,13:10:00
201904010707,201905180407,2019-05-18,13:15:00,07,1.7,2.4,2047300.0,12:15:00,1.7,2.5,2312500,12:40:00,1.9,2.9,4935800,13:04:00,1.8,2.9,8237800,13:10:00,1.8,2.9,8237800,13:10:00,1.8,2.9,8237800,13:10:00
201904010707,201905180407,2019-05-18,13:15:00,08,1.5,2.1,2047300.0,12:15:00,1.5,2.1,2312500,12:40:00,1.4,2.1,4935800,13:04:00,1.2,1.7,8237800,13:10:00,1.2,1.7,8237800,13:10:00,1.2,1.7,8237800,13:10:00
201904010707,201905180407,2019-05-18,13:15:00,09,4.5,7.1,2047300.0,12:15:00,4.9,7.5,2312500,12:40:00,6.1,10.2,4935800,13:04:00,7.4,13.3,8237800,13:10:00,7.4,13.3,8237800,13:10:00,7.4,13.3,8237800,13:10:00
201904010707,201905180407,2019-05-18,13:15:00,10,3.8,6.0,2047300.0,12:15:00,3.8,5.8,2312500,12:40:00,3.3,5.4,4935800,13:04:00,3.2,5.5,8237800,13:10:00,3.2,5.5,8237800,13:10:00,3.2,5.5,8237800,13:10:00
201904010707,201905180407,2019-05-18,13:15:00,11,12.1,19.3,2047300.0,12:15:00,12.7,20.0,2312500,12:40:00,17.0,28.9,4935800,13:04:00,22.9,41.3,8237800,13:10:00,22.9,41.3,8237800,13:10:00,22.9,41.3,8237800,13:10:00
201904010707,201905180407,2019-05-18,13:15:00,12,5.3,8.4,2047300.0,12:15:00,5.8,9.1,2312500,12:40:00,7.3,12.4,4935800,13:04:00,9.1,16.4,8237800,13:10:00,9.1,16.4,8237800,13:10:00,9.1,16.4,8237800,13:10:00
201904010707,201905180407,2019-05-18,13:15:00,13,6.9,11.0,2047300.0,12:15:00,7.0,10.9,2312500,12:40:00,7.4,12.4,4935800,13:04:00,8.4,15.1,8237800,13:10:00,8.4,15.1,8237800,13:10:00,8.4,15.1,8237800,13:10:00
201904010708,201905180408,2019-05-18,13:45:00,01,2.9,4.5,3171300.0,12:40:00,2.5,3.9,4237200,13:13:00,2.1,3.7,9963800,13:34:00,1.9,3.5,15496400,13:40:00,1.9,3.5,15496400,13:40:00,1.9,3.5,15496400,13:40:00
201904010708,201905180408,2019-05-18,13:45:00,02,4.9,7.8,3171300.0,12:40:00,5.0,8.2,4237200,13:13:00,6.9,13.7,9963800,13:34:00,6.8,13.6,15496400,13:40:00,6.8,13.6,15496400,13:40:00,6.8,13.6,15496400,13:40:00
201904010708,201905180408,2019-05-18,13:45:00,03,2.8,4.3,3171300.0,12:40:00,2.8,4.4,4237200,13:13:00,2.4,4.5,9963800,13:34:00,1.9,3.3,15496400,13:40:00,1.9,3.3,15496400,13:40:00,1.9,3.3,15496400,13:40:00
201904010708,201905180408,2019-05-18,13:45:00,04,5.6,9.0,3171300.0,12:40:00,6.3,10.6,4237200,13:13:00,8.2,16.2,9963800,13:34:00,10.4,21.0,15496400,13:40:00,10.4,21.0,15496400,13:40:00,10.4,21.0,15496400,13:40:00
201904010708,201905180408,2019-05-18,13:45:00,05,1.2,1.3,3171300.0,12:40:00,1.1,1.2,4237200,13:13:00,1.1,1.1,9963800,13:34:00,1.1,1.1,15496400,13:40:00,1.1,1.1,15496400,13:40:00,1.1,1.1,15496400,13:40:00
201904010708,201905180408,2019-05-18,13:45:00,06,3.4,5.3,3171300.0,12:40:00,3.2,5.2,4237200,13:13:00,3.3,6.4,9963800,13:34:00,3.2,6.1,15496400,13:40:00,3.2,6.1,15496400,13:40:00,3.2,6.1,15496400,13:40:00
201904010708,201905180408,2019-05-18,13:45:00,07,3.2,5.1,3171300.0,12:40:00,3.5,5.6,4237200,13:13:00,4.9,9.6,9963800,13:34:00,4.4,8.7,15496400,13:40:00,4.4,8.7,15496400,13:40:00,4.4,8.7,15496400,13:40:00
201904010708,201905180408,2019-05-18,13:45:00,08,7.5,12.1,3171300.0,12:40:00,8.0,13.3,4237200,13:13:00,5.8,11.4,9963800,13:34:00,5.9,11.7,15496400,13:40:00,5.9,11.7,15496400,13:40:00,5.9,11.7,15496400,13:40:00
201904010708,201905180408,2019-05-18,13:45:00,09,5.2,8.3,3171300.0,12:40:00,5.6,9.3,4237200,13:13:00,6.6,13.1,9963800,13:34:00,5.9,11.8,15496400,13:40:00,5.9,11.8,15496400,13:40:00,5.9,11.8,15496400,13:40:00
201904010708,201905180408,2019-05-18,13:45:00,10,2.5,3.9,3171300.0,12:40:00,2.9,4.6,4237200,13:13:00,4.1,7.9,9963800,13:34:00,4.3,8.3,15496400,13:40:00,4.3,8.3,15496400,13:40:00,4.3,8.3,15496400,13:40:00
201904010708,201905180408,2019-05-18,13:45:00,11,4.0,6.4,3171300.0,12:40:00,4.4,7.3,4237200,13:13:00,4.5,8.7,9963800,13:34:00,5.1,10.1,15496400,13:40:00,5.1,10.1,15496400,13:40:00,5.1,10.1,15496400,13:40:00
201904010708,201905180408,2019-05-18,13:45:00,12,3.5,5.4,3171300.0,12:40:00,3.4,5.6,4237200,13:13:00,3.2,6.0,9963800,13:34:00,3.7,7.3,15496400,13:40:00,3.7,7.3,15496400,13:40:00,3.7,7.3,15496400,13:40:00
201904010708,201905180408,2019-05-18,13:45:00,13,20.0,32.3,3171300.0,12:40:00,21.4,35.7,4237200,13:13:00,28.1,56.3,9963800,13:34:00,33.0,67.0,15496400,13:40:00,33.0,67.0,15496400,13:40:00,33.0,67.0,15496400,13:40:00
201904010708,201905180408,2019-05-18,13:45:00,14,2.0,2.9,3171300.0,12:40:00,2.2,3.3,4237200,13:13:00,2.7,4.9,9963800,13:34:00,3.1,6.0,15496400,13:40:00,3.1,6.0,15496400,13:40:00,3.1,6.0,15496400,13:40:00
201904010708,201905180408,2019-05-18,13:45:00,15,4.6,7.3,3171300.0,12:40:00,3.5,5.6,4237200,13:13:00,2.0,3.5,9963800,13:34:00,2.1,3.9,15496400,13:40:00,2.1,3.9,15496400,13:40:00,2.1,3.9,15496400,13:40:00
201904010709,201905180409,2019-05-18,14:15:00,01,4.1,5.6,3738200.0,13:15:00,4.4,5.8,4401300,13:42:00,5.0,7.0,8345500,14:04:00,5.1,7.5,12542000,14:10:00,5.1,7.5,12542000,14:10:00,5.1,7.5,12542000,14:10:00
201904010709,201905180409,2019-05-18,14:15:00,02,2.8,3.9,3738200.0,13:15:00,2.7,3.5,4401300,13:42:00,3.1,4.3,8345500,14:04:00,2.7,3.8,12542000,14:10:00,2.7,3.8,12542000,14:10:00,2.7,3.8,12542000,14:10:00
201904010709,201905180409,2019-05-18,14:15:00,03,2.0,2.7,3738200.0,13:15:00,2.1,2.7,4401300,13:42:00,2.2,3.0,8345500,14:04:00,2.3,3.2,12542000,14:10:00,2.3,3.2,12542000,14:10:00,2.3,3.2,12542000,14:10:00
201904010709,201905180409,2019-05-18,14:15:00,04,4.9,6.9,3738200.0,13:15:00,4.8,6.4,4401300,13:42:00,4.2,5.9,8345500,14:04:00,4.2,6.1,12542000,14:10:00,4.2,6.1,12542000,14:10:00,4.2,6.1,12542000,14:10:00
201904010709,201905180409,2019-05-18,14:15:00,05,5.0,7.0,3738200.0,13:15:00,5.7,7.7,4401300,13:42:00,6.3,8.8,8345500,14:04:00,7.9,11.6,12542000,14:10:00,7.9,11.6,12542000,14:10:00,7.9,11.6,12542000,14:10:00
201904010709,201905180409,2019-05-18,14:15:00,06,4.4,6.1,3738200.0,13:15:00,4.6,6.2,4401300,13:42:00,6.1,8.6,8345500,14:04:00,6.5,9.4,12542000,14:10:00,6.5,9.4,12542000,14:10:00,6.5,9.4,12542000,14:10:00
201904010709,201905180409,2019-05-18,14:15:00,07,23.1,32.3,3738200.0,13:15:00,23.5,31.6,4401300,13:42:00,19.3,27.1,8345500,14:04:00,24.9,36.4,12542000,14:10:00,24.9,36.4,12542000,14:10:00,24.9,36.4,12542000,14:10:00
201904010709,201905180409,2019-05-18,14:15:00,08,3.4,4.6,3738200.0,13:15:00,3.3,4.4,4401300,13:42:00,2.0,2.6,8345500,14:04:00,1.9,2.5,12542000,14:10:00,1.9,2.5,12542000,14:10:00,1.9,2.5,12542000,14:10:00
201904010709,201905180409,2019-05-18,14:15:00,09,2.7,3.7,3738200.0,13:15:00,2.4,3.1,4401300,13:42:00,2.4,3.2,8345500,14:04:00,2.3,3.1,12542000,14:10:00,2.3,3.1,12542000,14:10:00,2.3,3.1,12542000,14:10:00
201904010709,201905180409,2019-05-18,14:15:00,10,6.5,9.1,3738200.0,13:15:00,6.7,9.1,4401300,13:42:00,4.7,6.5,8345500,14:04:00,5.7,8.3,12542000,14:10:00,5.7,8.3,12542000,14:10:00,5.7,8.3,12542000,14:10:00
201904010709,201905180409,2019-05-18,14:15:00,11,28.6,39.9,3738200.0,13:15:00,31.1,41.8,4401300,13:42:00,31.1,43.6,8345500,14:04:00,36.0,52.7,12542000,14:10:00,36.0,52.7,12542000,14:10:00,36.0,52.7,12542000,14:10:00
201904010709,201905180409,2019-05-18,14:15:00,12,1.8,2.3,3738200.0,13:15:00,2.0,2.5,4401300,13:42:00,2.3,3.0,8345500,14:04:00,2.2,3.0,12542000,14:10:00,2.2,3.0,12542000,14:10:00,2.2,3.0,12542000,14:10:00
201904010709,201905180409,2019-05-18,14:15:00,13,2.6,3.6,3738200.0,13:15:00,2.8,3.6,4401300,13:42:00,2.9,3.9,8345500,14:04:00,2.9,4.1,12542000,14:10:00,2.9,4.1,12542000,14:10:00,2.9,4.1,12542000,14:10:00
201904010709,201905180409,2019-05-18,14:15:00,14,1.6,2.0,3738200.0,13:15:00,1.8,2.1,4401300,13:42:00,1.6,1.9,8345500,14:04:00,1.5,1.8,12542000,14:10:00,1.5,1.8,12542000,14:10:00,1.5,1.8,12542000,14:10:00
201904010709,201905180409,2019-05-18,14:15:00,15,5.8,8.1,3738200.0,13:15:00,6.0,8.2,4401300,13:42:00,7.8,11.0,8345500,14:04:00,8.6,12.6,12542000,14:10:00,8.6,12.6,12542000,14:10:00,8.6,12.6,12542000,14:10:00
201904010710,201905180410,2019-05-18,14:50:00,01,1.3,1.8,3896200.0,13:47:00,1.4,1.9,4759700,14:18:00,1.4,2.0,8551900,14:39:00,1.6,2.5,20938600,14:45:00,1.6,2.5,20938600,14:45:00,1.6,2.5,20938600,14:45:00
201904010710,201905180410,2019-05-18,14:50:00,02,1.2,1.6,3896200.0,13:47:00,1.3,1.7,4759700,14:18:00,1.2,1.5,8551900,14:39:00,1.1,1.3,20938600,14:45:00,1.1,1.3,20938600,14:45:00,1.1,1.3,20938600,14:45:00
201904010710,201905180410,2019-05-18,14:50:00,03,14.1,21.2,3896200.0,13:47:00,13.0,19.0,4759700,14:18:00,12.7,19.0,8551900,14:39:00,16.8,28.1,20938600,14:45:00,16.8,28.1,20938600,14:45:00,16.8,28.1,20938600,14:45:00
201904010710,201905180410,2019-05-18,14:50:00,04,4.6,6.9,3896200.0,13:47:00,4.6,6.7,4759700,14:18:00,5.3,7.9,8551900,14:39:00,5.5,9.2,20938600,14:45:00,5.5,9.2,20938600,14:45:00,5.5,9.2,20938600,14:45:00
201904010710,201905180410,2019-05-18,14:50:00,05,1.9,2.8,3896200.0,13:47:00,2.1,3.0,4759700,14:18:00,2.4,3.5,8551900,14:39:00,2.2,3.5,20938600,14:45:00,2.2,3.5,20938600,14:45:00,2.2,3.5,20938600,14:45:00
201904010710,201905180410,2019-05-18,14:50:00,06,2.1,3.0,3896200.0,13:47:00,1.8,2.5,4759700,14:18:00,1.4,2.0,8551900,14:39:00,1.4,2.0,20938600,14:45:00,1.4,2.0,20938600,14:45:00,1.4,2.0,20938600,14:45:00
201904010710,201905180410,2019-05-18,14:50:00,07,2.5,3.7,3896200.0,13:47:00,2.4,3.4,4759700,14:18:00,2.4,3.6,8551900,14:39:00,2.7,4.5,20938600,14:45:00,2.7,4.5,20938600,14:45:00,2.7,4.5,20938600,14:45:00
201904010710,201905180410,2019-05-18,14:50:00,08,2.9,4.4,3896200.0,13:47:00,3.0,4.4,4759700,14:18:00,2.4,3.7,8551900,14:39:00,1.8,2.9,20938600,14:45:00,1.8,2.9,20938600,14:45:00,1.8,2.9,20938600,14:45:00
201904010710,201905180410,2019-05-18,14:50:00,09,1.3,1.8,3896200.0,13:47:00,1.4,1.9,4759700,14:18:00,1.7,2.5,8551900,14:39:00,1.7,2.8,20938600,14:45:00,1.7,2.8,20938600,14:45:00,1.7,2.8,20938600,14:45:00
201904010711,201905180411,2019-05-18,15:25:00,01,3.9,5.1,9969900.0,14:23:00,3.6,4.8,12518600,14:54:00,3.4,4.9,19914800,15:14:00,3.7,5.3,31199400,15:19:00,3.7,5.3,31199400,15:19:00,3.7,5.3,31199400,15:19:00
201904010711,201905180411,2019-05-18,15:25:00,02,2.8,3.6,9969900.0,14:23:00,3.0,4.0,12518600,14:54:00,2.9,4.1,19914800,15:14:00,3.0,4.3,31199400,15:19:00,3.0,4.3,31199400,15:19:00,3.0,4.3,31199400,15:19:00
201904010711,201905180411,2019-05-18,15:25:00,03,7.0,9.3,9969900.0,14:23:00,7.4,10.1,12518600,14:54:00,8.7,12.6,19914800,15:14:00,9.7,14.2,31199400,15:19:00,9.7,14.2,31199400,15:19:00,9.7,14.2,31199400,15:19:00
201904010711,201905180411,2019-05-18,15:25:00,04,2.1,2.6,9969900.0,14:23:00,2.1,2.7,12518600,14:54:00,2.0,2.7,19914800,15:14:00,1.8,2.4,31199400,15:19:00,1.8,2.4,31199400,15:19:00,1.8,2.4,31199400,15:19:00
201904010711,201905180411,2019-05-18,15:25:00,05,2.6,3.4,9969900.0,14:23:00,2.7,3.5,12518600,14:54:00,2.7,3.7,19914800,15:14:00,2.6,3.7,31199400,15:19:00,2.6,3.7,31199400,15:19:00,2.6,3.7,31199400,15:19:00
201904010711,201905180411,2019-05-18,15:25:00,06,3.8,5.0,9969900.0,14:23:00,4.0,5.3,12518600,14:54:00,4.0,5.7,19914800,15:14:00,3.8,5.5,31199400,15:19:00,3.8,5.5,31199400,15:19:00,3.8,5.5,31199400,15:19:00
201904010711,201905180411,2019-05-18,15:25:00,07,15.9,21.0,9969900.0,14:23:00,15.9,21.5,12518600,14:54:00,18.9,27.6,19914800,15:14:00,23.0,33.8,31199400,15:19:00,23.0,33.8,31199400,15:19:00,23.0,33.8,31199400,15:19:00
201904010711,201905180411,2019-05-18,15:25:00,08,4.6,6.0,9969900.0,14:23:00,4.9,6.6,12518600,14:54:00,5.2,7.5,19914800,15:14:00,6.0,8.7,31199400,15:19:00,6.0,8.7,31199400,15:19:00,6.0,8.7,31199400,15:19:00
201904010711,201905180411,2019-05-18,15:25:00,09,1.7,2.1,9969900.0,14:23:00,1.7,2.1,12518600,14:54:00,1.4,1.7,19914800,15:14:00,1.4,1.8,31199400,15:19:00,1.4,1.8,31199400,15:19:00,1.4,1.8,31199400,15:19:00
201904010711,201905180411,2019-05-18,15:25:00,10,7.5,9.9,9969900.0,14:23:00,6.1,8.2,12518600,14:54:00,6.4,9.2,19914800,15:14:00,7.5,10.9,31199400,15:19:00,7.5,10.9,31199400,15:19:00,7.5,10.9,31199400,15:19:00
201904010711,201905180411,2019-05-18,15:25:00,11,10.1,13.4,9969900.0,14:23:00,10.7,14.5,12518600,14:54:00,11.4,16.5,19914800,15:14:00,13.6,20.0,31199400,15:19:00,13.6,20.0,31199400,15:19:00,13.6,20.0,31199400,15:19:00
201904010711,201905180411,2019-05-18,15:25:00,12,7.8,10.4,9969900.0,14:23:00,7.8,10.5,12518600,14:54:00,8.4,12.2,19914800,15:14:00,8.8,12.9,31199400,15:19:00,8.8,12.9,31199400,15:19:00,8.8,12.9,31199400,15:19:00
201904010711,201905180411,2019-05-18,15:25:00,13,4.6,6.1,9969900.0,14:23:00,4.6,6.2,12518600,14:54:00,4.7,6.8,19914800,15:14:00,4.9,7.2,31199400,15:19:00,4.9,7.2,31199400,15:19:00,4.9,7.2,31199400,15:19:00
201904010711,201905180411,2019-05-18,15:25:00,14,2.1,2.7,9969900.0,14:23:00,1.9,2.3,12518600,14:54:00,1.8,2.4,19914800,15:14:00,1.7,2.2,31199400,15:19:00,1.7,2.2,31199400,15:19:00,1.7,2.2,31199400,15:19:00
201904010711,201905180411,2019-05-18,15:25:00,15,3.0,3.8,9969900.0,14:23:00,3.0,3.9,12518600,14:54:00,3.0,4.3,19914800,15:14:00,2.9,4.0,31199400,15:19:00,2.9,4.0,31199400,15:19:00,2.9,4.0,31199400,15:19:00
201904010711,201905180411,2019-05-18,15:25:00,16,6.5,8.6,9969900.0,14:23:00,6.0,8.1,12518600,14:54:00,5.8,8.4,19914800,15:14:00,6.4,9.3,31199400,15:19:00,6.4,9.3,31199400,15:19:00,6.4,9.3,31199400,15:19:00
201904010712,201905180412,2019-05-18,16:01:00,01,4.0,5.7,6513200.0,15:00:00,4.1,5.8,7684500,15:28:00,5.3,9.0,15150100,15:50:00,7.8,12.5,26415600,15:55:00,7.8,12.5,26415600,15:55:00,7.8,12.5,26415600,15:55:00
201904010712,201905180412,2019-05-18,16:01:00,02,4.4,6.3,6513200.0,15:00:00,4.9,7.0,7684500,15:28:00,6.1,10.3,15150100,15:50:00,7.7,12.4,26415600,15:55:00,7.7,12.4,26415600,15:55:00,7.7,12.4,26415600,15:55:00
201904010712,201905180412,2019-05-18,16:01:00,03,3.9,5.6,6513200.0,15:00:00,3.9,5.5,7684500,15:28:00,3.0,4.9,15150100,15:50:00,2.4,3.6,26415600,15:55:00,2.4,3.6,26415600,15:55:00,2.4,3.6,26415600,15:55:00
201904010712,201905180412,2019-05-18,16:01:00,04,12.2,17.6,6513200.0,15:00:00,13.2,19.3,7684500,15:28:00,12.9,22.2,15150100,15:50:00,17.6,28.7,26415600,15:55:00,17.6,28.7,26415600,15:55:00,17.6,28.7,26415600,15:55:00
201904010712,201905180412,2019-05-18,16:01:00,05,5.1,7.3,6513200.0,15:00:00,4.7,6.8,7684500,15:28:00,5.0,8.4,15150100,15:50:00,5.4,8.6,26415600,15:55:00,5.4,8.6,26415600,15:55:00,5.4,8.6,26415600,15:55:00
201904010712,201905180412,2019-05-18,16:01:00,06,11.2,16.2,6513200.0,15:00:00,12.4,18.1,7684500,15:28:00,14.9,25.7,15150100,15:50:00,21.3,34.7,26415600,15:55:00,21.3,34.7,26415600,15:55:00,21.3,34.7,26415600,15:55:00
201904010712,201905180412,2019-05-18,16:01:00,07,1.9,2.5,6513200.0,15:00:00,2.0,2.7,7684500,15:28:00,1.6,2.3,15150100,15:50:00,1.6,2.3,26415600,15:55:00,1.6,2.3,26415600,15:55:00,1.6,2.3,26415600,15:55:00
201904010712,201905180412,2019-05-18,16:01:00,08,2.1,2.9,6513200.0,15:00:00,2.2,3.0,7684500,15:28:00,2.6,4.1,15150100,15:50:00,2.7,4.1,26415600,15:55:00,2.7,4.1,26415600,15:55:00,2.7,4.1,26415600,15:55:00
201904010712,201905180412,2019-05-18,16:01:00,09,2.5,3.5,6513200.0,15:00:00,2.6,3.7,7684500,15:28:00,2.3,3.6,15150100,15:50:00,1.9,2.9,26415600,15:55:00,1.9,2.9,26415600,15:55:00,1.9,2.9,26415600,15:55:00
201904010712,201905180412,2019-05-18,16:01:00,10,5.4,7.8,6513200.0,15:00:00,5.5,7.9,7684500,15:28:00,5.5,9.2,15150100,15:50:00,6.2,9.9,26415600,15:55:00,6.2,9.9,26415600,15:55:00,6.2,9.9,26415600,15:55:00
201904010712,201905180412,2019-05-18,16:01:00,11,4.2,6.0,6513200.0,15:00:00,3.4,4.8,7684500,15:28:00,3.4,5.6,15150100,15:50:00,3.3,5.1,26415600,15:55:00,3.3,5.1,26415600,15:55:00,3.3,5.1,26415600,15:55:00
201904010712,201905180412,2019-05-18,16:01:00,12,8.4,12.2,6513200.0,15:00:00,9.2,13.4,7684500,15:28:00,10.8,18.5,15150100,15:50:00,12.4,20.2,26415600,15:55:00,12.4,20.2,26415600,15:55:00,12.4,20.2,26415600,15:55:00
201904010712,201905180412,2019-05-18,16:01:00,13,5.3,7.5,6513200.0,15:00:00,5.5,8.0,7684500,15:28:00,5.6,9.5,15150100,15:50:00,6.8,10.9,26415600,15:55:00,6.8,10.9,26415600,15:55:00,6.8,10.9,26415600,15:55:00
201904010712,201905180412,2019-05-18,16:01:00,14,3.5,4.9,6513200.0,15:00:00,3.6,5.1,7684500,15:28:00,4.0,6.6,15150100,15:50:00,4.4,7.0,26415600,15:55:00,4.4,7.0,26415600,15:55:00,4.4,7.0,26415600,15:55:00
201904010712,201905180412,2019-05-18,16:01:00,15,4.0,5.6,6513200.0,15:00:00,3.5,5.0,7684500,15:28:00,2.7,4.4,15150100,15:50:00,2.6,4.0,26415600,15:55:00,2.6,4.0,26415600,15:55:00,2.6,4.0,26415600,15:55:00
201904010712,201905180412,2019-05-18,16:01:00,16,1.4,1.7,6513200.0,15:00:00,1.4,1.6,7684500,15:28:00,1.2,1.4,15150100,15:50:00,1.2,1.5,26415600,15:55:00,1.2,1.5,26415600,15:55:00,1.2,1.5,26415600,15:55:00
201904010801,201905190401,2019-05-19,09:50:00,01,25.5,35.5,3613900.0,08:48:00,29.5,41.3,4931000,09:18:00,31.0,45.4,11490400,09:39:00,36.2,53.8,16302300,09:44:00,36.2,53.8,16302300,09:44:00,36.2,53.8,16302300,09:44:00
201904010801,201905190401,2019-05-19,09:50:00,02,21.4,29.9,3613900.0,08:48:00,22.4,31.3,4931000,09:18:00,23.4,34.2,11490400,09:39:00,25.2,37.4,16302300,09:44:00,25.2,37.4,16302300,09:44:00,25.2,37.4,16302300,09:44:00
201904010801,201905190401,2019-05-19,09:50:00,03,6.2,8.5,3613900.0,08:48:00,6.3,8.7,4931000,09:18:00,6.8,9.8,11490400,09:39:00,7.3,10.8,16302300,09:44:00,7.3,10.8,16302300,09:44:00,7.3,10.8,16302300,09:44:00
201904010801,201905190401,2019-05-19,09:50:00,04,37.7,52.6,3613900.0,08:48:00,35.1,49.0,4931000,09:18:00,24.8,36.2,11490400,09:39:00,27.6,41.1,16302300,09:44:00,27.6,41.1,16302300,09:44:00,27.6,41.1,16302300,09:44:00
201904010801,201905190401,2019-05-19,09:50:00,05,2.9,3.9,3613900.0,08:48:00,2.9,3.9,4931000,09:18:00,2.8,3.9,11490400,09:39:00,2.6,3.7,16302300,09:44:00,2.6,3.7,16302300,09:44:00,2.6,3.7,16302300,09:44:00
201904010801,201905190401,2019-05-19,09:50:00,06,2.0,2.6,3613900.0,08:48:00,1.9,2.4,4931000,09:18:00,1.7,2.2,11490400,09:39:00,1.7,2.3,16302300,09:44:00,1.7,2.3,16302300,09:44:00,1.7,2.3,16302300,09:44:00
201904010801,201905190401,2019-05-19,09:50:00,07,7.7,10.6,3613900.0,08:48:00,8.2,11.3,4931000,09:18:00,7.9,11.4,11490400,09:39:00,8.2,12.1,16302300,09:44:00,8.2,12.1,16302300,09:44:00,8.2,12.1,16302300,09:44:00
201904010801,201905190401,2019-05-19,09:50:00,08,7.3,10.0,3613900.0,08:48:00,7.2,10.0,4931000,09:18:00,8.8,12.7,11490400,09:39:00,8.3,12.3,16302300,09:44:00,8.3,12.3,16302300,09:44:00,8.3,12.3,16302300,09:44:00
201904010801,201905190401,2019-05-19,09:50:00,09,3.8,5.2,3613900.0,08:48:00,3.1,4.2,4931000,09:18:00,3.5,4.9,11490400,09:39:00,3.6,5.1,16302300,09:44:00,3.6,5.1,16302300,09:44:00,3.6,5.1,16302300,09:44:00
201904010801,201905190401,2019-05-19,09:50:00,10,1.7,2.1,3613900.0,08:48:00,1.7,2.1,4931000,09:18:00,1.6,2.0,11490400,09:39:00,1.5,1.8,16302300,09:44:00,1.5,1.8,16302300,09:44:00,1.5,1.8,16302300,09:44:00
201904010801,201905190401,2019-05-19,09:50:00,11,8.1,11.2,3613900.0,08:48:00,9.4,13.0,4931000,09:18:00,12.6,18.3,11490400,09:39:00,12.3,18.1,16302300,09:44:00,12.3,18.1,16302300,09:44:00,12.3,18.1,16302300,09:44:00
201904010801,201905190401,2019-05-19,09:50:00,12,2.4,3.1,3613900.0,08:48:00,2.5,3.3,4931000,09:18:00,2.6,3.6,11490400,09:39:00,3.0,4.2,16302300,09:44:00,3.0,4.2,16302300,09:44:00,3.0,4.2,16302300,09:44:00
201904010801,201905190401,2019-05-19,09:50:00,13,1.9,2.4,3613900.0,08:48:00,1.9,2.5,4931000,09:18:00,1.9,2.6,11490400,09:39:00,1.9,2.6,16302300,09:44:00,1.9,2.6,16302300,09:44:00,1.9,2.6,16302300,09:44:00
201904010801,201905190401,2019-05-19,09:50:00,14,11.7,16.3,3613900.0,08:48:00,14.2,19.8,4931000,09:18:00,15.5,22.6,11490400,09:39:00,16.1,23.9,16302300,09:44:00,16.1,23.9,16302300,09:44:00,16.1,23.9,16302300,09:44:00
201904010801,201905190401,2019-05-19,09:50:00,15,2.0,2.7,3613900.0,08:48:00,2.1,2.8,4931000,09:18:00,2.3,3.1,11490400,09:39:00,2.1,2.9,16302300,09:44:00,2.1,2.9,16302300,09:44:00,2.1,2.9,16302300,09:44:00
201904010801,201905190401,2019-05-19,09:50:00,16,3.0,4.0,3613900.0,08:48:00,2.8,3.7,4931000,09:18:00,2.2,3.0,11490400,09:39:00,2.3,3.1,16302300,09:44:00,2.3,3.1,16302300,09:44:00,2.3,3.1,16302300,09:44:00
201904010802,201905190402,2019-05-19,10:15:00,01,20.0,71.9,3613300.0,09:15:00,18.5,74.2,5626100,09:39:00,20.5,154.0,20362200,10:04:00,22.4,164.2,29904800,10:09:00,22.4,164.2,29904800,10:09:00,22.4,164.2,29904800,10:09:00
201904010802,201905190402,2019-05-19,10:15:00,02,1.7,4.7,3613300.0,09:15:00,1.8,5.5,5626100,09:39:00,1.5,8.0,20362200,10:04:00,1.3,5.2,29904800,10:09:00,1.3,5.2,29904800,10:09:00,1.3,5.2,29904800,10:09:00
201904010802,201905190402,2019-05-19,10:15:00,03,4.8,16.3,3613300.0,09:15:00,4.6,17.2,5626100,09:39:00,5.4,37.9,20362200,10:04:00,5.3,36.8,29904800,10:09:00,5.3,36.8,29904800,10:09:00,5.3,36.8,29904800,10:09:00
201904010802,201905190402,2019-05-19,10:15:00,04,2.2,6.6,3613300.0,09:15:00,2.0,6.5,5626100,09:39:00,1.8,10.5,20362200,10:04:00,1.8,10.4,29904800,10:09:00,1.8,10.4,29904800,10:09:00,1.8,10.4,29904800,10:09:00
201904010802,201905190402,2019-05-19,10:15:00,05,6.6,22.8,3613300.0,09:15:00,6.5,25.3,5626100,09:39:00,8.0,58.2,20362200,10:04:00,9.1,65.2,29904800,10:09:00,9.1,65.2,29904800,10:09:00,9.1,65.2,29904800,10:09:00
201904010802,201905190402,2019-05-19,10:15:00,06,9.2,32.2,3613300.0,09:15:00,9.2,36.3,5626100,09:39:00,7.5,54.6,20362200,10:04:00,8.3,59.3,29904800,10:09:00,8.3,59.3,29904800,10:09:00,8.3,59.3,29904800,10:09:00
201904010802,201905190402,2019-05-19,10:15:00,07,2.1,6.3,3613300.0,09:15:00,2.2,7.7,5626100,09:39:00,2.4,15.1,20362200,10:04:00,2.2,13.6,29904800,10:09:00,2.2,13.6,29904800,10:09:00,2.2,13.6,29904800,10:09:00
201904010802,201905190402,2019-05-19,10:15:00,08,11.0,39.1,3613300.0,09:15:00,9.4,36.9,5626100,09:39:00,8.1,59.2,20362200,10:04:00,7.2,50.7,29904800,10:09:00,7.2,50.7,29904800,10:09:00,7.2,50.7,29904800,10:09:00
201904010802,201905190402,2019-05-19,10:15:00,09,2.7,8.6,3613300.0,09:15:00,2.6,9.2,5626100,09:39:00,2.7,17.3,20362200,10:04:00,3.0,19.7,29904800,10:09:00,3.0,19.7,29904800,10:09:00,3.0,19.7,29904800,10:09:00
201904010802,201905190402,2019-05-19,10:15:00,10,2.2,6.7,3613300.0,09:15:00,2.3,8.1,5626100,09:39:00,2.6,16.7,20362200,10:04:00,2.6,16.6,29904800,10:09:00,2.6,16.6,29904800,10:09:00,2.6,16.6,29904800,10:09:00
201904010802,201905190402,2019-05-19,10:15:00,11,37.9,136.9,3613300.0,09:15:00,28.4,114.9,5626100,09:39:00,22.8,172.0,20362200,10:04:00,26.7,197.0,29904800,10:09:00,26.7,197.0,29904800,10:09:00,26.7,197.0,29904800,10:09:00
201904010802,201905190402,2019-05-19,10:15:00,12,2.6,8.2,3613300.0,09:15:00,2.7,9.7,5626100,09:39:00,2.4,15.3,20362200,10:04:00,2.2,13.6,29904800,10:09:00,2.2,13.6,29904800,10:09:00,2.2,13.6,29904800,10:09:00
201904010802,201905190402,2019-05-19,10:15:00,13,1.1,1.1,3613300.0,09:15:00,1.1,1.1,5626100,09:39:00,1.0,1.0,20362200,10:04:00,1.0,1.1,29904800,10:09:00,1.0,1.1,29904800,10:09:00,1.0,1.1,29904800,10:09:00
201904010802,201905190402,2019-05-19,10:15:00,14,4.3,14.6,3613300.0,09:15:00,4.5,17.1,5626100,09:39:00,5.2,36.5,20362200,10:04:00,4.7,32.1,29904800,10:09:00,4.7,32.1,29904800,10:09:00,4.7,32.1,29904800,10:09:00
201904010802,201905190402,2019-05-19,10:15:00,15,14.3,50.9,3613300.0,09:15:00,13.3,53.2,5626100,09:39:00,11.7,86.4,20362200,10:04:00,13.4,97.4,29904800,10:09:00,13.4,97.4,29904800,10:09:00,13.4,97.4,29904800,10:09:00
201904010803,201905190403,2019-05-19,10:40:00,01,11.6,17.3,1264900.0,09:32:00,8.1,11.7,1786700,10:03:00,11.5,17.6,3816900,10:29:00,12.4,19.4,6977700,10:35:00,12.4,19.4,6977700,10:35:00,12.4,19.4,6977700,10:35:00
201904010803,201905190403,2019-05-19,10:40:00,02,3.7,5.3,1264900.0,09:32:00,3.7,5.1,1786700,10:03:00,3.1,4.6,3816900,10:29:00,3.2,4.8,6977700,10:35:00,3.2,4.8,6977700,10:35:00,3.2,4.8,6977700,10:35:00
201904010803,201905190403,2019-05-19,10:40:00,03,1.4,1.7,1264900.0,09:32:00,1.5,1.9,1786700,10:03:00,1.5,2.0,3816900,10:29:00,1.4,2.0,6977700,10:35:00,1.4,2.0,6977700,10:35:00,1.4,2.0,6977700,10:35:00
201904010803,201905190403,2019-05-19,10:40:00,04,4.8,7.0,1264900.0,09:32:00,4.9,7.0,1786700,10:03:00,6.5,9.9,3816900,10:29:00,6.7,10.3,6977700,10:35:00,6.7,10.3,6977700,10:35:00,6.7,10.3,6977700,10:35:00
201904010803,201905190403,2019-05-19,10:40:00,05,7.7,11.4,1264900.0,09:32:00,8.0,11.6,1786700,10:03:00,9.1,14.0,3816900,10:29:00,11.0,17.2,6977700,10:35:00,11.0,17.2,6977700,10:35:00,11.0,17.2,6977700,10:35:00
201904010803,201905190403,2019-05-19,10:40:00,06,1.7,2.3,1264900.0,09:32:00,1.8,2.4,1786700,10:03:00,1.6,2.2,3816900,10:29:00,1.4,2.0,6977700,10:35:00,1.4,2.0,6977700,10:35:00,1.4,2.0,6977700,10:35:00
201904010803,201905190403,2019-05-19,10:40:00,07,2.9,4.2,1264900.0,09:32:00,3.1,4.4,1786700,10:03:00,2.5,3.6,3816900,10:29:00,2.2,3.2,6977700,10:35:00,2.2,3.2,6977700,10:35:00,2.2,3.2,6977700,10:35:00
201904010803,201905190403,2019-05-19,10:40:00,08,7.9,11.7,1264900.0,09:32:00,7.6,10.9,1786700,10:03:00,12.1,18.5,3816900,10:29:00,13.0,20.4,6977700,10:35:00,13.0,20.4,6977700,10:35:00,13.0,20.4,6977700,10:35:00
201904010803,201905190403,2019-05-19,10:40:00,09,12.7,18.9,1264900.0,09:32:00,12.3,17.6,1786700,10:03:00,15.2,23.3,3816900,10:29:00,17.7,27.7,6977700,10:35:00,17.7,27.7,6977700,10:35:00,17.7,27.7,6977700,10:35:00
201904010803,201905190403,2019-05-19,10:40:00,10,4.7,6.9,1264900.0,09:32:00,4.5,6.4,1786700,10:03:00,5.4,8.2,3816900,10:29:00,6.2,9.6,6977700,10:35:00,6.2,9.6,6977700,10:35:00,6.2,9.6,6977700,10:35:00
201904010803,201905190403,2019-05-19,10:40:00,11,4.3,6.3,1264900.0,09:32:00,4.3,6.1,1786700,10:03:00,3.5,5.1,3816900,10:29:00,3.5,5.3,6977700,10:35:00,3.5,5.3,6977700,10:35:00,3.5,5.3,6977700,10:35:00
201904010803,201905190403,2019-05-19,10:40:00,12,7.3,10.9,1264900.0,09:32:00,6.9,9.9,1786700,10:03:00,9.6,14.7,3816900,10:29:00,11.3,17.7,6977700,10:35:00,11.3,17.7,6977700,10:35:00,11.3,17.7,6977700,10:35:00
201904010803,201905190403,2019-05-19,10:40:00,13,3.0,4.4,1264900.0,09:32:00,2.8,4.0,1786700,10:03:00,2.9,4.3,3816900,10:29:00,3.2,4.8,6977700,10:35:00,3.2,4.8,6977700,10:35:00,3.2,4.8,6977700,10:35:00
201904010803,201905190403,2019-05-19,10:40:00,14,1.7,2.3,1264900.0,09:32:00,1.6,2.0,1786700,10:03:00,1.4,1.8,3816900,10:29:00,1.3,1.7,6977700,10:35:00,1.3,1.7,6977700,10:35:00,1.3,1.7,6977700,10:35:00
201904010803,201905190403,2019-05-19,10:40:00,15,2.6,3.7,1264900.0,09:32:00,2.5,3.4,1786700,10:03:00,3.1,4.6,3816900,10:29:00,3.7,5.5,6977700,10:35:00,3.7,5.5,6977700,10:35:00,3.7,5.5,6977700,10:35:00
201904010805,201905190405,2019-05-19,12:00:00,01,3.2,4.4,2439700.0,10:57:00,3.6,5.1,3774300,11:27:00,5.0,7.5,11661100,11:49:00,5.0,7.9,17369100,11:54:00,5.0,7.9,17369100,11:54:00,5.0,7.9,17369100,11:54:00
201904010805,201905190405,2019-05-19,12:00:00,02,11.4,16.4,2439700.0,10:57:00,9.7,14.3,3774300,11:27:00,10.7,16.3,11661100,11:49:00,11.4,18.4,17369100,11:54:00,11.4,18.4,17369100,11:54:00,11.4,18.4,17369100,11:54:00
201904010805,201905190405,2019-05-19,12:00:00,03,3.3,4.6,2439700.0,10:57:00,3.7,5.4,3774300,11:27:00,4.5,6.8,11661100,11:49:00,4.7,7.4,17369100,11:54:00,4.7,7.4,17369100,11:54:00,4.7,7.4,17369100,11:54:00
201904010805,201905190405,2019-05-19,12:00:00,04,1.7,2.1,2439700.0,10:57:00,1.7,2.2,3774300,11:27:00,1.6,2.2,11661100,11:49:00,1.7,2.5,17369100,11:54:00,1.7,2.5,17369100,11:54:00,1.7,2.5,17369100,11:54:00
201904010805,201905190405,2019-05-19,12:00:00,05,2.7,3.8,2439700.0,10:57:00,2.3,3.2,3774300,11:27:00,1.6,2.2,11661100,11:49:00,1.5,2.1,17369100,11:54:00,1.5,2.1,17369100,11:54:00,1.5,2.1,17369100,11:54:00
201904010805,201905190405,2019-05-19,12:00:00,06,3.8,5.3,2439700.0,10:57:00,4.0,5.7,3774300,11:27:00,4.1,6.1,11661100,11:49:00,4.0,6.2,17369100,11:54:00,4.0,6.2,17369100,11:54:00,4.0,6.2,17369100,11:54:00
201904010805,201905190405,2019-05-19,12:00:00,07,8.0,11.4,2439700.0,10:57:00,8.3,12.2,3774300,11:27:00,9.8,15.0,11661100,11:49:00,9.3,14.9,17369100,11:54:00,9.3,14.9,17369100,11:54:00,9.3,14.9,17369100,11:54:00
201904010805,201905190405,2019-05-19,12:00:00,08,1.6,1.9,2439700.0,10:57:00,1.5,1.8,3774300,11:27:00,1.4,1.7,11661100,11:49:00,1.3,1.6,17369100,11:54:00,1.3,1.6,17369100,11:54:00,1.3,1.6,17369100,11:54:00
201904010805,201905190405,2019-05-19,12:00:00,09,2.3,3.1,2439700.0,10:57:00,2.3,3.2,3774300,11:27:00,2.8,4.1,11661100,11:49:00,2.7,4.1,17369100,11:54:00,2.7,4.1,17369100,11:54:00,2.7,4.1,17369100,11:54:00
201904010805,201905190405,2019-05-19,12:00:00,10,5.7,8.2,2439700.0,10:57:00,6.0,8.7,3774300,11:27:00,8.8,13.4,11661100,11:49:00,9.3,14.9,17369100,11:54:00,9.3,14.9,17369100,11:54:00,9.3,14.9,17369100,11:54:00
201904010805,201905190405,2019-05-19,12:00:00,11,13.2,19.1,2439700.0,10:57:00,14.0,20.6,3774300,11:27:00,21.6,33.0,11661100,11:49:00,25.5,41.4,17369100,11:54:00,25.5,41.4,17369100,11:54:00,25.5,41.4,17369100,11:54:00
201904010805,201905190405,2019-05-19,12:00:00,12,10.1,14.5,2439700.0,10:57:00,12.9,19.0,3774300,11:27:00,19.6,30.0,11661100,11:49:00,21.0,34.1,17369100,11:54:00,21.0,34.1,17369100,11:54:00,21.0,34.1,17369100,11:54:00
201904010805,201905190405,2019-05-19,12:00:00,13,3.7,5.2,2439700.0,10:57:00,4.3,6.2,3774300,11:27:00,3.1,4.5,11661100,11:49:00,2.7,4.1,17369100,11:54:00,2.7,4.1,17369100,11:54:00,2.7,4.1,17369100,11:54:00
201904010805,201905190405,2019-05-19,12:00:00,14,4.3,6.1,2439700.0,10:57:00,4.3,6.2,3774300,11:27:00,2.8,4.1,11661100,11:49:00,2.7,4.1,17369100,11:54:00,2.7,4.1,17369100,11:54:00,2.7,4.1,17369100,11:54:00
201904010805,201905190405,2019-05-19,12:00:00,15,6.3,8.9,2439700.0,10:57:00,7.1,10.3,3774300,11:27:00,13.8,21.1,11661100,11:49:00,15.3,24.8,17369100,11:54:00,15.3,24.8,17369100,11:54:00,15.3,24.8,17369100,11:54:00
201904010805,201905190405,2019-05-19,12:00:00,16,3.2,4.4,2439700.0,10:57:00,2.5,3.5,3774300,11:27:00,3.2,4.7,11661100,11:49:00,3.4,5.3,17369100,11:54:00,3.4,5.3,17369100,11:54:00,3.4,5.3,17369100,11:54:00
201904010806,201905190406,2019-05-19,12:30:00,01,2.6,4.3,2658500.0,11:30:00,1.9,3.8,4463500,11:59:00,1.7,3.1,7154200,12:19:00,1.5,2.6,9291200,12:24:00,1.5,2.6,9291200,12:24:00,1.5,2.6,9291200,12:24:00
201904010806,201905190406,2019-05-19,12:30:00,02,7.0,12.3,2658500.0,11:30:00,7.7,17.7,4463500,11:59:00,9.9,21.4,7154200,12:19:00,12.1,25.2,9291200,12:24:00,12.1,25.2,9291200,12:24:00,12.1,25.2,9291200,12:24:00
201904010806,201905190406,2019-05-19,12:30:00,03,5.4,9.4,2658500.0,11:30:00,5.2,11.6,4463500,11:59:00,4.8,10.0,7154200,12:19:00,5.8,11.7,9291200,12:24:00,5.8,11.7,9291200,12:24:00,5.8,11.7,9291200,12:24:00
201904010806,201905190406,2019-05-19,12:30:00,04,2.0,3.2,2658500.0,11:30:00,2.1,4.4,4463500,11:59:00,2.2,4.3,7154200,12:19:00,2.3,4.5,9291200,12:24:00,2.3,4.5,9291200,12:24:00,2.3,4.5,9291200,12:24:00
201904010806,201905190406,2019-05-19,12:30:00,05,20.0,35.3,2658500.0,11:30:00,17.9,41.5,4463500,11:59:00,20.4,44.2,7154200,12:19:00,23.8,50.0,9291200,12:24:00,23.8,50.0,9291200,12:24:00,23.8,50.0,9291200,12:24:00
201904010806,201905190406,2019-05-19,12:30:00,06,1.9,3.0,2658500.0,11:30:00,1.4,2.3,4463500,11:59:00,1.4,2.2,7154200,12:19:00,1.4,2.3,9291200,12:24:00,1.4,2.3,9291200,12:24:00,1.4,2.3,9291200,12:24:00
201904010806,201905190406,2019-05-19,12:30:00,07,3.6,6.2,2658500.0,11:30:00,3.7,8.1,4463500,11:59:00,3.4,7.0,7154200,12:19:00,3.0,5.9,9291200,12:24:00,3.0,5.9,9291200,12:24:00,3.0,5.9,9291200,12:24:00
201904010806,201905190406,2019-05-19,12:30:00,08,2.4,4.0,2658500.0,11:30:00,2.8,5.9,4463500,11:59:00,2.7,5.3,7154200,12:19:00,2.8,5.4,9291200,12:24:00,2.8,5.4,9291200,12:24:00,2.8,5.4,9291200,12:24:00
201904010806,201905190406,2019-05-19,12:30:00,09,4.7,8.1,2658500.0,11:30:00,4.7,10.5,4463500,11:59:00,4.9,10.2,7154200,12:19:00,4.5,9.1,9291200,12:24:00,4.5,9.1,9291200,12:24:00,4.5,9.1,9291200,12:24:00
201904010806,201905190406,2019-05-19,12:30:00,10,4.9,8.6,2658500.0,11:30:00,5.1,11.5,4463500,11:59:00,5.8,12.3,7154200,12:19:00,5.9,11.9,9291200,12:24:00,5.9,11.9,9291200,12:24:00,5.9,11.9,9291200,12:24:00
201904010806,201905190406,2019-05-19,12:30:00,11,13.2,23.3,2658500.0,11:30:00,12.5,29.0,4463500,11:59:00,12.0,25.9,7154200,12:19:00,14.3,29.9,9291200,12:24:00,14.3,29.9,9291200,12:24:00,14.3,29.9,9291200,12:24:00
201904010806,201905190406,2019-05-19,12:30:00,12,3.8,6.6,2658500.0,11:30:00,4.5,10.0,4463500,11:59:00,5.3,11.2,7154200,12:19:00,6.0,12.3,9291200,12:24:00,6.0,12.3,9291200,12:24:00,6.0,12.3,9291200,12:24:00
201904010806,201905190406,2019-05-19,12:30:00,13,4.3,7.3,2658500.0,11:30:00,4.5,10.1,4463500,11:59:00,5.0,10.6,7154200,12:19:00,5.1,10.3,9291200,12:24:00,5.1,10.3,9291200,12:24:00,5.1,10.3,9291200,12:24:00
201904010806,201905190406,2019-05-19,12:30:00,14,1.1,1.2,2658500.0,11:30:00,1.1,1.1,4463500,11:59:00,1.1,1.1,7154200,12:19:00,1.1,1.1,9291200,12:24:00,1.1,1.1,9291200,12:24:00,1.1,1.1,9291200,12:24:00
201904010806,201905190406,2019-05-19,12:30:00,15,4.2,7.2,2658500.0,11:30:00,4.7,10.5,4463500,11:59:00,5.4,11.4,7154200,12:19:00,6.2,12.7,9291200,12:24:00,6.2,12.7,9291200,12:24:00,6.2,12.7,9291200,12:24:00
201904010807,201905190407,2019-05-19,13:00:00,01,2.7,4.5,2560800.0,11:57:00,3.0,6.1,3902300,12:30:00,2.9,5.6,5878400,12:49:00,3.3,7.4,9837500,12:54:00,3.3,7.4,9837500,12:54:00,3.3,7.4,9837500,12:54:00
201904010807,201905190407,2019-05-19,13:00:00,02,3.2,5.3,2560800.0,11:57:00,3.2,6.5,3902300,12:30:00,2.3,4.2,5878400,12:49:00,1.8,3.8,9837500,12:54:00,1.8,3.8,9837500,12:54:00,1.8,3.8,9837500,12:54:00
201904010807,201905190407,2019-05-19,13:00:00,03,7.8,13.5,2560800.0,11:57:00,8.3,18.0,3902300,12:30:00,9.6,19.3,5878400,12:49:00,10.5,25.1,9837500,12:54:00,10.5,25.1,9837500,12:54:00,10.5,25.1,9837500,12:54:00
201904010807,201905190407,2019-05-19,13:00:00,04,1.2,1.5,2560800.0,11:57:00,1.2,1.8,3902300,12:30:00,1.3,1.8,5878400,12:49:00,1.1,1.7,9837500,12:54:00,1.1,1.7,9837500,12:54:00,1.1,1.7,9837500,12:54:00
201904010807,201905190407,2019-05-19,13:00:00,05,4.7,8.1,2560800.0,11:57:00,4.6,9.7,3902300,12:30:00,5.2,10.2,5878400,12:49:00,5.8,13.6,9837500,12:54:00,5.8,13.6,9837500,12:54:00,5.8,13.6,9837500,12:54:00
201904010807,201905190407,2019-05-19,13:00:00,06,17.0,29.7,2560800.0,11:57:00,17.2,37.6,3902300,12:30:00,17.9,36.1,5878400,12:49:00,20.5,49.4,9837500,12:54:00,20.5,49.4,9837500,12:54:00,20.5,49.4,9837500,12:54:00
201904010807,201905190407,2019-05-19,13:00:00,07,2.1,3.3,2560800.0,11:57:00,2.1,4.1,3902300,12:30:00,2.2,4.1,5878400,12:49:00,2.2,4.7,9837500,12:54:00,2.2,4.7,9837500,12:54:00,2.2,4.7,9837500,12:54:00
201904010807,201905190407,2019-05-19,13:00:00,08,1.3,1.7,2560800.0,11:57:00,1.1,1.2,3902300,12:30:00,1.1,1.3,5878400,12:49:00,1.1,1.2,9837500,12:54:00,1.1,1.2,9837500,12:54:00,1.1,1.2,9837500,12:54:00
201904010807,201905190407,2019-05-19,13:00:00,09,6.2,10.7,2560800.0,11:57:00,6.4,13.7,3902300,12:30:00,7.3,14.5,5878400,12:49:00,8.0,18.9,9837500,12:54:00,8.0,18.9,9837500,12:54:00,8.0,18.9,9837500,12:54:00
201904010807,201905190407,2019-05-19,13:00:00,10,5.1,8.8,2560800.0,11:57:00,5.7,12.2,3902300,12:30:00,7.6,15.1,5878400,12:49:00,9.6,22.9,9837500,12:54:00,9.6,22.9,9837500,12:54:00,9.6,22.9,9837500,12:54:00
201904010807,201905190407,2019-05-19,13:00:00,11,10.5,18.4,2560800.0,11:57:00,7.7,16.6,3902300,12:30:00,7.4,14.9,5878400,12:49:00,7.2,16.9,9837500,12:54:00,7.2,16.9,9837500,12:54:00,7.2,16.9,9837500,12:54:00
201904010807,201905190407,2019-05-19,13:00:00,12,4.5,7.6,2560800.0,11:57:00,4.3,9.0,3902300,12:30:00,3.3,6.3,5878400,12:49:00,3.8,8.5,9837500,12:54:00,3.8,8.5,9837500,12:54:00,3.8,8.5,9837500,12:54:00
201904010807,201905190407,2019-05-19,13:00:00,13,3.3,5.5,2560800.0,11:57:00,2.8,5.7,3902300,12:30:00,2.7,5.0,5878400,12:49:00,2.3,5.0,9837500,12:54:00,2.3,5.0,9837500,12:54:00,2.3,5.0,9837500,12:54:00
201904010807,201905190407,2019-05-19,13:00:00,14,2.1,3.4,2560800.0,11:57:00,2.3,4.6,3902300,12:30:00,2.7,5.2,5878400,12:49:00,3.1,6.8,9837500,12:54:00,3.1,6.8,9837500,12:54:00,3.1,6.8,9837500,12:54:00
201904010807,201905190407,2019-05-19,13:00:00,15,7.5,13.0,2560800.0,11:57:00,6.0,12.9,3902300,12:30:00,7.8,15.6,5878400,12:49:00,9.7,23.2,9837500,12:54:00,9.7,23.2,9837500,12:54:00,9.7,23.2,9837500,12:54:00
201904010808,201905190408,2019-05-19,13:30:00,01,2.0,2.8,3101200.0,12:29:00,2.0,3.0,3930400,12:59:00,1.7,2.3,7936100,13:19:00,1.5,2.0,11843300,13:24:00,1.5,2.0,11843300,13:24:00,1.5,2.0,11843300,13:24:00
201904010808,201905190408,2019-05-19,13:30:00,02,4.5,6.6,3101200.0,12:29:00,4.2,6.4,3930400,12:59:00,4.2,6.1,7936100,13:19:00,4.4,6.5,11843300,13:24:00,4.4,6.5,11843300,13:24:00,4.4,6.5,11843300,13:24:00
201904010808,201905190408,2019-05-19,13:30:00,03,11.0,16.3,3101200.0,12:29:00,11.0,17.3,3930400,12:59:00,15.0,22.4,7936100,13:19:00,18.2,27.7,11843300,13:24:00,18.2,27.7,11843300,13:24:00,18.2,27.7,11843300,13:24:00
201904010808,201905190408,2019-05-19,13:30:00,04,9.0,13.3,3101200.0,12:29:00,9.7,15.2,3930400,12:59:00,14.9,22.1,7936100,13:19:00,18.5,28.0,11843300,13:24:00,18.5,28.0,11843300,13:24:00,18.5,28.0,11843300,13:24:00
201904010808,201905190408,2019-05-19,13:30:00,05,5.1,7.4,3101200.0,12:29:00,5.1,7.8,3930400,12:59:00,5.7,8.4,7936100,13:19:00,5.6,8.3,11843300,13:24:00,5.6,8.3,11843300,13:24:00,5.6,8.3,11843300,13:24:00
201904010808,201905190408,2019-05-19,13:30:00,06,2.0,2.8,3101200.0,12:29:00,2.1,3.1,3930400,12:59:00,2.5,3.6,7936100,13:19:00,2.7,3.8,11843300,13:24:00,2.7,3.8,11843300,13:24:00,2.7,3.8,11843300,13:24:00
201904010808,201905190408,2019-05-19,13:30:00,07,18.2,27.0,3101200.0,12:29:00,20.0,31.5,3930400,12:59:00,24.4,36.4,7936100,13:19:00,29.5,44.8,11843300,13:24:00,29.5,44.8,11843300,13:24:00,29.5,44.8,11843300,13:24:00
201904010808,201905190408,2019-05-19,13:30:00,08,6.6,9.7,3101200.0,12:29:00,7.1,11.0,3930400,12:59:00,6.7,9.9,7936100,13:19:00,7.7,11.6,11843300,13:24:00,7.7,11.6,11843300,13:24:00,7.7,11.6,11843300,13:24:00
201904010808,201905190408,2019-05-19,13:30:00,09,13.4,19.9,3101200.0,12:29:00,13.6,21.5,3930400,12:59:00,19.8,29.6,7936100,13:19:00,22.3,33.9,11843300,13:24:00,22.3,33.9,11843300,13:24:00,22.3,33.9,11843300,13:24:00
201904010808,201905190408,2019-05-19,13:30:00,10,2.8,3.9,3101200.0,12:29:00,2.6,3.9,3930400,12:59:00,2.1,2.9,7936100,13:19:00,2.2,3.1,11843300,13:24:00,2.2,3.1,11843300,13:24:00,2.2,3.1,11843300,13:24:00
201904010808,201905190408,2019-05-19,13:30:00,11,1.5,1.8,3101200.0,12:29:00,1.3,1.5,3930400,12:59:00,1.4,1.8,7936100,13:19:00,1.5,1.9,11843300,13:24:00,1.5,1.9,11843300,13:24:00,1.5,1.9,11843300,13:24:00
201904010808,201905190408,2019-05-19,13:30:00,12,15.5,22.9,3101200.0,12:29:00,17.3,27.3,3930400,12:59:00,25.4,38.0,7936100,13:19:00,31.9,48.5,11843300,13:24:00,31.9,48.5,11843300,13:24:00,31.9,48.5,11843300,13:24:00
201904010808,201905190408,2019-05-19,13:30:00,13,1.7,2.3,3101200.0,12:29:00,1.8,2.4,3930400,12:59:00,1.9,2.6,7936100,13:19:00,2.1,3.0,11843300,13:24:00,2.1,3.0,11843300,13:24:00,2.1,3.0,11843300,13:24:00
201904010808,201905190408,2019-05-19,13:30:00,14,2.8,3.9,3101200.0,12:29:00,2.6,3.9,3930400,12:59:00,3.2,4.6,7936100,13:19:00,3.1,4.5,11843300,13:24:00,3.1,4.5,11843300,13:24:00,3.1,4.5,11843300,13:24:00
201904010808,201905190408,2019-05-19,13:30:00,15,12.8,18.9,3101200.0,12:29:00,12.7,20.0,3930400,12:59:00,16.7,24.9,7936100,13:19:00,20.2,30.7,11843300,13:24:00,20.2,30.7,11843300,13:24:00,20.2,30.7,11843300,13:24:00
201904010808,201905190408,2019-05-19,13:30:00,16,2.7,3.8,3101200.0,12:29:00,2.7,4.1,3930400,12:59:00,2.1,3.0,7936100,13:19:00,1.7,2.3,11843300,13:24:00,1.7,2.3,11843300,13:24:00,1.7,2.3,11843300,13:24:00
201904010809,201905190409,2019-05-19,14:05:00,01,4.2,5.6,3217200.0,13:02:00,3.9,5.4,4315800,13:32:00,5.1,6.7,10938400,13:54:00,6.0,7.8,19323600,13:59:00,6.0,7.8,19323600,13:59:00,6.0,7.8,19323600,13:59:00
201904010809,201905190409,2019-05-19,14:05:00,02,3.1,4.1,3217200.0,13:02:00,3.5,4.7,4315800,13:32:00,5.3,7.0,10938400,13:54:00,6.7,8.7,19323600,13:59:00,6.7,8.7,19323600,13:59:00,6.7,8.7,19323600,13:59:00
201904010809,201905190409,2019-05-19,14:05:00,03,8.1,11.0,3217200.0,13:02:00,8.5,11.8,4315800,13:32:00,8.0,10.6,10938400,13:54:00,9.7,12.7,19323600,13:59:00,9.7,12.7,19323600,13:59:00,9.7,12.7,19323600,13:59:00
201904010809,201905190409,2019-05-19,14:05:00,04,5.4,7.2,3217200.0,13:02:00,6.0,8.3,4315800,13:32:00,7.8,10.4,10938400,13:54:00,7.5,9.8,19323600,13:59:00,7.5,9.8,19323600,13:59:00,7.5,9.8,19323600,13:59:00
201904010809,201905190409,2019-05-19,14:05:00,05,3.3,4.4,3217200.0,13:02:00,3.4,4.6,4315800,13:32:00,2.6,3.3,10938400,13:54:00,2.6,3.3,19323600,13:59:00,2.6,3.3,19323600,13:59:00,2.6,3.3,19323600,13:59:00
201904010809,201905190409,2019-05-19,14:05:00,06,1.7,2.0,3217200.0,13:02:00,1.6,1.9,4315800,13:32:00,2.1,2.7,10938400,13:54:00,2.4,3.0,19323600,13:59:00,2.4,3.0,19323600,13:59:00,2.4,3.0,19323600,13:59:00
201904010809,201905190409,2019-05-19,14:05:00,07,19.0,25.6,3217200.0,13:02:00,18.0,24.9,4315800,13:32:00,26.3,34.5,10938400,13:54:00,34.1,44.3,19323600,13:59:00,34.1,44.3,19323600,13:59:00,34.1,44.3,19323600,13:59:00
201904010809,201905190409,2019-05-19,14:05:00,08,3.6,4.7,3217200.0,13:02:00,3.9,5.3,4315800,13:32:00,3.8,4.9,10938400,13:54:00,3.5,4.5,19323600,13:59:00,3.5,4.5,19323600,13:59:00,3.5,4.5,19323600,13:59:00
201904010809,201905190409,2019-05-19,14:05:00,09,2.5,3.3,3217200.0,13:02:00,2.8,3.7,4315800,13:32:00,2.3,2.9,10938400,13:54:00,2.4,3.0,19323600,13:59:00,2.4,3.0,19323600,13:59:00,2.4,3.0,19323600,13:59:00
201904010809,201905190409,2019-05-19,14:05:00,10,2.0,2.5,3217200.0,13:02:00,1.9,2.4,4315800,13:32:00,1.9,2.2,10938400,13:54:00,1.9,2.3,19323600,13:59:00,1.9,2.3,19323600,13:59:00,1.9,2.3,19323600,13:59:00
201904010809,201905190409,2019-05-19,14:05:00,11,3.4,4.5,3217200.0,13:02:00,3.3,4.4,4315800,13:32:00,2.7,3.5,10938400,13:54:00,2.3,2.9,19323600,13:59:00,2.3,2.9,19323600,13:59:00,2.3,2.9,19323600,13:59:00
201904010809,201905190409,2019-05-19,14:05:00,12,5.2,7.0,3217200.0,13:02:00,3.9,5.3,4315800,13:32:00,4.4,5.8,10938400,13:54:00,5.3,6.9,19323600,13:59:00,5.3,6.9,19323600,13:59:00,5.3,6.9,19323600,13:59:00
201904010809,201905190409,2019-05-19,14:05:00,13,10.2,13.8,3217200.0,13:02:00,11.4,15.9,4315800,13:32:00,18.9,24.8,10938400,13:54:00,26.1,33.9,19323600,13:59:00,26.1,33.9,19323600,13:59:00,26.1,33.9,19323600,13:59:00
201904010809,201905190409,2019-05-19,14:05:00,14,3.2,4.2,3217200.0,13:02:00,3.0,4.0,4315800,13:32:00,2.7,3.5,10938400,13:54:00,2.6,3.2,19323600,13:59:00,2.6,3.2,19323600,13:59:00,2.6,3.2,19323600,13:59:00
201904010809,201905190409,2019-05-19,14:05:00,15,2.4,3.2,3217200.0,13:02:00,2.3,3.1,4315800,13:32:00,2.5,3.3,10938400,13:54:00,2.4,3.0,19323600,13:59:00,2.4,3.0,19323600,13:59:00,2.4,3.0,19323600,13:59:00
201904010810,201905190410,2019-05-19,14:40:00,01,3.3,6.0,2520400.0,13:35:00,3.3,6.0,3131600,14:08:00,4.2,6.9,6073400,14:29:00,4.8,7.8,10549900,14:34:00,4.8,7.8,10549900,14:34:00,4.8,7.8,10549900,14:34:00
201904010810,201905190410,2019-05-19,14:40:00,02,4.7,8.7,2520400.0,13:35:00,4.8,8.7,3131600,14:08:00,5.4,8.9,6073400,14:29:00,5.4,8.8,10549900,14:34:00,5.4,8.8,10549900,14:34:00,5.4,8.8,10549900,14:34:00
201904010810,201905190410,2019-05-19,14:40:00,03,1.9,3.4,2520400.0,13:35:00,1.8,3.1,3131600,14:08:00,1.4,2.0,6073400,14:29:00,1.3,1.7,10549900,14:34:00,1.3,1.7,10549900,14:34:00,1.3,1.7,10549900,14:34:00
201904010810,201905190410,2019-05-19,14:40:00,04,1.4,2.4,2520400.0,13:35:00,1.5,2.5,3131600,14:08:00,1.9,3.0,6073400,14:29:00,1.7,2.6,10549900,14:34:00,1.7,2.6,10549900,14:34:00,1.7,2.6,10549900,14:34:00
201904010810,201905190410,2019-05-19,14:40:00,05,1.5,2.5,2520400.0,13:35:00,1.6,2.6,3131600,14:08:00,1.5,2.3,6073400,14:29:00,1.6,2.3,10549900,14:34:00,1.6,2.3,10549900,14:34:00,1.6,2.3,10549900,14:34:00
201904010810,201905190410,2019-05-19,14:40:00,06,1.9,3.2,2520400.0,13:35:00,1.8,3.1,3131600,14:08:00,1.7,2.7,6073400,14:29:00,1.8,2.8,10549900,14:34:00,1.8,2.8,10549900,14:34:00,1.8,2.8,10549900,14:34:00
201904010810,201905190410,2019-05-19,14:40:00,07,1.1,1.1,2520400.0,13:35:00,1.1,1.1,3131600,14:08:00,1.1,1.4,6073400,14:29:00,1.3,1.6,10549900,14:34:00,1.3,1.6,10549900,14:34:00,1.3,1.6,10549900,14:34:00
201904010810,201905190410,2019-05-19,14:40:00,08,4.4,8.1,2520400.0,13:35:00,4.7,8.6,3131600,14:08:00,6.9,11.5,6073400,14:29:00,10.3,16.7,10549900,14:34:00,10.3,16.7,10549900,14:34:00,10.3,16.7,10549900,14:34:00
201904010810,201905190410,2019-05-19,14:40:00,09,2.4,4.3,2520400.0,13:35:00,2.4,4.1,3131600,14:08:00,1.9,3.0,6073400,14:29:00,1.8,2.8,10549900,14:34:00,1.8,2.8,10549900,14:34:00,1.8,2.8,10549900,14:34:00
201904010811,201905190411,2019-05-19,15:20:00,01,10.9,15.3,16975700.0,14:19:00,11.0,15.9,22071900,14:48:00,13.8,20.9,41481400,15:09:00,14.9,23.8,54061100,15:14:00,14.9,23.8,54061100,15:14:00,14.9,23.8,54061100,15:14:00
201904010811,201905190411,2019-05-19,15:20:00,02,3.5,4.8,16975700.0,14:19:00,3.7,5.2,22071900,14:48:00,4.3,6.4,41481400,15:09:00,4.6,7.1,54061100,15:14:00,4.6,7.1,54061100,15:14:00,4.6,7.1,54061100,15:14:00
201904010811,201905190411,2019-05-19,15:20:00,03,3.4,4.7,16975700.0,14:19:00,3.7,5.2,22071900,14:48:00,4.2,6.3,41481400,15:09:00,4.7,7.3,54061100,15:14:00,4.7,7.3,54061100,15:14:00,4.7,7.3,54061100,15:14:00
201904010811,201905190411,2019-05-19,15:20:00,04,6.4,8.9,16975700.0,14:19:00,7.0,10.1,22071900,14:48:00,7.9,11.9,41481400,15:09:00,8.3,13.2,54061100,15:14:00,8.3,13.2,54061100,15:14:00,8.3,13.2,54061100,15:14:00
201904010811,201905190411,2019-05-19,15:20:00,05,6.6,9.2,16975700.0,14:19:00,6.4,9.3,22071900,14:48:00,6.4,9.5,41481400,15:09:00,6.1,9.6,54061100,15:14:00,6.1,9.6,54061100,15:14:00,6.1,9.6,54061100,15:14:00
201904010811,201905190411,2019-05-19,15:20:00,06,2.1,2.8,16975700.0,14:19:00,2.1,2.8,22071900,14:48:00,1.9,2.6,41481400,15:09:00,1.7,2.3,54061100,15:14:00,1.7,2.3,54061100,15:14:00,1.7,2.3,54061100,15:14:00
201904010811,201905190411,2019-05-19,15:20:00,07,23.8,33.2,16975700.0,14:19:00,25.7,37.0,22071900,14:48:00,29.4,44.4,41481400,15:09:00,32.7,52.0,54061100,15:14:00,32.7,52.0,54061100,15:14:00,32.7,52.0,54061100,15:14:00
201904010811,201905190411,2019-05-19,15:20:00,08,3.8,5.2,16975700.0,14:19:00,3.8,5.4,22071900,14:48:00,4.2,6.3,41481400,15:09:00,4.1,6.4,54061100,15:14:00,4.1,6.4,54061100,15:14:00,4.1,6.4,54061100,15:14:00
201904010811,201905190411,2019-05-19,15:20:00,09,4.0,5.6,16975700.0,14:19:00,3.8,5.4,22071900,14:48:00,2.8,4.0,41481400,15:09:00,3.0,4.5,54061100,15:14:00,3.0,4.5,54061100,15:14:00,3.0,4.5,54061100,15:14:00
201904010811,201905190411,2019-05-19,15:20:00,10,3.6,4.9,16975700.0,14:19:00,3.5,4.9,22071900,14:48:00,3.5,5.1,41481400,15:09:00,3.4,5.3,54061100,15:14:00,3.4,5.3,54061100,15:14:00,3.4,5.3,54061100,15:14:00
201904010811,201905190411,2019-05-19,15:20:00,11,2.5,3.3,16975700.0,14:19:00,2.7,3.7,22071900,14:48:00,3.0,4.3,41481400,15:09:00,3.0,4.6,54061100,15:14:00,3.0,4.6,54061100,15:14:00,3.0,4.6,54061100,15:14:00
201904010811,201905190411,2019-05-19,15:20:00,12,4.8,6.6,16975700.0,14:19:00,4.6,6.6,22071900,14:48:00,4.2,6.2,41481400,15:09:00,4.2,6.5,54061100,15:14:00,4.2,6.5,54061100,15:14:00,4.2,6.5,54061100,15:14:00
201904010811,201905190411,2019-05-19,15:20:00,13,3.7,5.0,16975700.0,14:19:00,3.5,4.9,22071900,14:48:00,3.6,5.2,41481400,15:09:00,3.4,5.1,54061100,15:14:00,3.4,5.1,54061100,15:14:00,3.4,5.1,54061100,15:14:00
201904010811,201905190411,2019-05-19,15:20:00,14,2.4,3.3,16975700.0,14:19:00,2.2,3.1,22071900,14:48:00,2.1,2.9,41481400,15:09:00,1.9,2.7,54061100,15:14:00,1.9,2.7,54061100,15:14:00,1.9,2.7,54061100,15:14:00
201904010811,201905190411,2019-05-19,15:20:00,15,1.5,1.8,16975700.0,14:19:00,1.4,1.6,22071900,14:48:00,1.3,1.6,41481400,15:09:00,1.3,1.5,54061100,15:14:00,1.3,1.5,54061100,15:14:00,1.3,1.5,54061100,15:14:00
201904010811,201905190411,2019-05-19,15:20:00,16,8.0,11.2,16975700.0,14:19:00,7.8,11.2,22071900,14:48:00,8.1,12.2,41481400,15:09:00,8.8,14.1,54061100,15:14:00,8.8,14.1,54061100,15:14:00,8.8,14.1,54061100,15:14:00
201904010812,201905190412,2019-05-19,16:01:00,01,4.6,6.3,5396700.0,14:56:00,4.6,6.1,6343600,15:27:00,4.5,7.1,12097700,15:50:00,5.8,10.1,23236300,15:55:00,5.8,10.1,23236300,15:55:00,5.8,10.1,23236300,15:55:00
201904010812,201905190412,2019-05-19,16:01:00,02,10.9,14.8,5396700.0,14:56:00,10.7,14.5,6343600,15:27:00,12.1,19.5,12097700,15:50:00,14.8,26.3,23236300,15:55:00,14.8,26.3,23236300,15:55:00,14.8,26.3,23236300,15:55:00
201904010812,201905190412,2019-05-19,16:01:00,03,2.8,3.7,5396700.0,14:56:00,2.6,3.4,6343600,15:27:00,2.3,3.4,12097700,15:50:00,1.9,3.0,23236300,15:55:00,1.9,3.0,23236300,15:55:00,1.9,3.0,23236300,15:55:00
201904010812,201905190412,2019-05-19,16:01:00,04,3.5,4.7,5396700.0,14:56:00,3.6,4.8,6343600,15:27:00,4.0,6.3,12097700,15:50:00,4.9,8.4,23236300,15:55:00,4.9,8.4,23236300,15:55:00,4.9,8.4,23236300,15:55:00
201904010812,201905190412,2019-05-19,16:01:00,05,4.4,5.9,5396700.0,14:56:00,4.3,5.8,6343600,15:27:00,4.3,6.9,12097700,15:50:00,4.2,7.1,23236300,15:55:00,4.2,7.1,23236300,15:55:00,4.2,7.1,23236300,15:55:00
201904010812,201905190412,2019-05-19,16:01:00,06,1.6,1.9,5396700.0,14:56:00,1.6,1.9,6343600,15:27:00,1.3,1.5,12097700,15:50:00,1.2,1.5,23236300,15:55:00,1.2,1.5,23236300,15:55:00,1.2,1.5,23236300,15:55:00
201904010812,201905190412,2019-05-19,16:01:00,07,3.6,4.8,5396700.0,14:56:00,3.7,4.9,6343600,15:27:00,3.5,5.5,12097700,15:50:00,3.5,6.0,23236300,15:55:00,3.5,6.0,23236300,15:55:00,3.5,6.0,23236300,15:55:00
201904010812,201905190412,2019-05-19,16:01:00,08,2.4,3.2,5396700.0,14:56:00,2.5,3.3,6343600,15:27:00,2.8,4.4,12097700,15:50:00,3.5,5.9,23236300,15:55:00,3.5,5.9,23236300,15:55:00,3.5,5.9,23236300,15:55:00
201904010812,201905190412,2019-05-19,16:01:00,09,2.1,2.6,5396700.0,14:56:00,2.1,2.6,6343600,15:27:00,1.6,2.1,12097700,15:50:00,1.4,1.8,23236300,15:55:00,1.4,1.8,23236300,15:55:00,1.4,1.8,23236300,15:55:00
201904010812,201905190412,2019-05-19,16:01:00,10,5.6,7.5,5396700.0,14:56:00,5.3,7.1,6343600,15:27:00,5.6,8.9,12097700,15:50:00,4.8,8.2,23236300,15:55:00,4.8,8.2,23236300,15:55:00,4.8,8.2,23236300,15:55:00
201904010812,201905190412,2019-05-19,16:01:00,11,7.0,9.6,5396700.0,14:56:00,7.3,9.9,6343600,15:27:00,7.8,12.6,12097700,15:50:00,10.4,18.3,23236300,15:55:00,10.4,18.3,23236300,15:55:00,10.4,18.3,23236300,15:55:00
201904010812,201905190412,2019-05-19,16:01:00,12,15.3,20.8,5396700.0,14:56:00,13.9,18.8,6343600,15:27:00,15.9,25.8,12097700,15:50:00,23.1,40.9,23236300,15:55:00,23.1,40.9,23236300,15:55:00,23.1,40.9,23236300,15:55:00
201904010812,201905190412,2019-05-19,16:01:00,13,2.6,3.5,5396700.0,14:56:00,2.6,3.4,6343600,15:27:00,2.2,3.4,12097700,15:50:00,2.1,3.4,23236300,15:55:00,2.1,3.4,23236300,15:55:00,2.1,3.4,23236300,15:55:00
201904010812,201905190412,2019-05-19,16:01:00,14,3.8,5.1,5396700.0,14:56:00,4.0,5.4,6343600,15:27:00,4.8,7.7,12097700,15:50:00,5.9,10.3,23236300,15:55:00,5.9,10.3,23236300,15:55:00,5.9,10.3,23236300,15:55:00
201904010812,201905190412,2019-05-19,16:01:00,15,3.1,4.1,5396700.0,14:56:00,3.3,4.4,6343600,15:27:00,3.3,5.2,12097700,15:50:00,2.8,4.7,23236300,15:55:00,2.8,4.7,23236300,15:55:00,2.8,4.7,23236300,15:55:00
201905020501,201905040501,2019-05-04,10:15:00,01,3.2,7.1,7104400.0,09:11:00,3.3,7.1,11422500,09:41:00,3.2,7.0,23482000,10:04:00,3.2,6.9,31071300,10:09:00,3.2,6.9,31071300,10:09:00,3.2,6.9,31071300,10:09:00
201905020501,201905040501,2019-05-04,10:15:00,02,1.1,1.9,7104400.0,09:11:00,1.2,1.9,11422500,09:41:00,1.1,1.9,23482000,10:04:00,1.1,1.8,31071300,10:09:00,1.1,1.8,31071300,10:09:00,1.1,1.8,31071300,10:09:00
201905020501,201905040501,2019-05-04,10:15:00,03,17.2,40.8,7104400.0,09:11:00,16.5,38.1,11422500,09:41:00,15.7,36.6,23482000,10:04:00,17.7,41.7,31071300,10:09:00,17.7,41.7,31071300,10:09:00,17.7,41.7,31071300,10:09:00
201905020501,201905040501,2019-05-04,10:15:00,04,1.3,2.4,7104400.0,09:11:00,1.3,2.4,11422500,09:41:00,1.2,2.3,23482000,10:04:00,1.2,2.2,31071300,10:09:00,1.2,2.2,31071300,10:09:00,1.2,2.2,31071300,10:09:00
201905020501,201905040501,2019-05-04,10:15:00,05,36.9,88.2,7104400.0,09:11:00,33.6,78.1,11422500,09:41:00,32.7,76.4,23482000,10:04:00,36.5,86.6,31071300,10:09:00,36.5,86.6,31071300,10:09:00,36.5,86.6,31071300,10:09:00
201905020501,201905040501,2019-05-04,10:15:00,06,4.8,10.9,7104400.0,09:11:00,5.0,11.0,11422500,09:41:00,5.0,11.2,23482000,10:04:00,5.3,11.9,31071300,10:09:00,5.3,11.9,31071300,10:09:00,5.3,11.9,31071300,10:09:00
201905020501,201905040501,2019-05-04,10:15:00,07,2.3,4.9,7104400.0,09:11:00,2.3,4.8,11422500,09:41:00,2.5,5.4,23482000,10:04:00,2.7,5.7,31071300,10:09:00,2.7,5.7,31071300,10:09:00,2.7,5.7,31071300,10:09:00
201905020501,201905040501,2019-05-04,10:15:00,08,1.1,1.1,7104400.0,09:11:00,1.1,1.2,11422500,09:41:00,1.1,1.2,23482000,10:04:00,1.1,1.2,31071300,10:09:00,1.1,1.2,31071300,10:09:00,1.1,1.2,31071300,10:09:00
201905020501,201905040501,2019-05-04,10:15:00,09,19.7,47.0,7104400.0,09:11:00,19.8,45.7,11422500,09:41:00,14.7,34.0,23482000,10:04:00,15.0,35.2,31071300,10:09:00,15.0,35.2,31071300,10:09:00,15.0,35.2,31071300,10:09:00
201905020501,201905040501,2019-05-04,10:15:00,10,8.7,20.4,7104400.0,09:11:00,9.0,20.4,11422500,09:41:00,9.4,21.7,23482000,10:04:00,10.2,23.7,31071300,10:09:00,10.2,23.7,31071300,10:09:00,10.2,23.7,31071300,10:09:00
201905020501,201905040501,2019-05-04,10:15:00,11,31.3,74.7,7104400.0,09:11:00,34.2,79.3,11422500,09:41:00,37.8,88.3,23482000,10:04:00,42.4,100.5,31071300,10:09:00,42.4,100.5,31071300,10:09:00,42.4,100.5,31071300,10:09:00
201905020501,201905040501,2019-05-04,10:15:00,12,3.2,7.0,7104400.0,09:11:00,3.3,7.2,11422500,09:41:00,3.9,8.7,23482000,10:04:00,4.3,9.6,31071300,10:09:00,4.3,9.6,31071300,10:09:00,4.3,9.6,31071300,10:09:00
201905020501,201905040501,2019-05-04,10:15:00,13,12.1,28.7,7104400.0,09:11:00,10.9,24.9,11422500,09:41:00,11.3,26.1,23482000,10:04:00,12.5,29.3,31071300,10:09:00,12.5,29.3,31071300,10:09:00,12.5,29.3,31071300,10:09:00
201905020501,201905040501,2019-05-04,10:15:00,14,18.5,44.2,7104400.0,09:11:00,16.5,38.1,11422500,09:41:00,18.8,43.8,23482000,10:04:00,20.4,48.2,31071300,10:09:00,20.4,48.2,31071300,10:09:00,20.4,48.2,31071300,10:09:00
201905020501,201905040501,2019-05-04,10:15:00,15,9.5,22.3,7104400.0,09:11:00,8.8,20.0,11422500,09:41:00,9.8,22.4,23482000,10:04:00,11.1,26.0,31071300,10:09:00,11.1,26.0,31071300,10:09:00,11.1,26.0,31071300,10:09:00
201905020501,201905040501,2019-05-04,10:15:00,16,2.7,5.9,7104400.0,09:11:00,2.5,5.2,11422500,09:41:00,2.5,5.1,23482000,10:04:00,2.4,5.2,31071300,10:09:00,2.4,5.2,31071300,10:09:00,2.4,5.2,31071300,10:09:00
201905020502,201905040502,2019-05-04,10:45:00,01,10.9,64.6,12536300.0,09:36:00,10.9,69.7,21038200,10:13:00,14.4,97.6,48264800,10:34:00,16.9,122.8,76492700,10:40:00,16.9,122.8,76492700,10:40:00,16.9,122.8,76492700,10:40:00
201905020502,201905040502,2019-05-04,10:45:00,02,2.6,13.6,12536300.0,09:36:00,2.2,12.0,21038200,10:13:00,2.1,12.0,48264800,10:34:00,1.8,10.4,76492700,10:40:00,1.8,10.4,76492700,10:40:00,1.8,10.4,76492700,10:40:00
201905020502,201905040502,2019-05-04,10:45:00,03,1.4,6.0,12536300.0,09:36:00,1.4,6.1,21038200,10:13:00,1.3,5.2,48264800,10:34:00,1.2,4.7,76492700,10:40:00,1.2,4.7,76492700,10:40:00,1.2,4.7,76492700,10:40:00
201905020502,201905040502,2019-05-04,10:45:00,04,3.6,19.3,12536300.0,09:36:00,3.4,19.7,21038200,10:13:00,4.1,25.5,48264800,10:34:00,4.0,26.6,76492700,10:40:00,4.0,26.6,76492700,10:40:00,4.0,26.6,76492700,10:40:00
201905020502,201905040502,2019-05-04,10:45:00,05,21.4,128.9,12536300.0,09:36:00,19.3,125.4,21038200,10:13:00,13.5,91.3,48264800,10:34:00,17.4,126.7,76492700,10:40:00,17.4,126.7,76492700,10:40:00,17.4,126.7,76492700,10:40:00
201905020502,201905040502,2019-05-04,10:45:00,06,2.6,13.6,12536300.0,09:36:00,2.7,15.2,21038200,10:13:00,2.3,12.9,48264800,10:34:00,2.3,14.3,76492700,10:40:00,2.3,14.3,76492700,10:40:00,2.3,14.3,76492700,10:40:00
201905020502,201905040502,2019-05-04,10:45:00,07,3.7,20.1,12536300.0,09:36:00,3.5,20.6,21038200,10:13:00,2.8,16.4,48264800,10:34:00,2.9,18.9,76492700,10:40:00,2.9,18.9,76492700,10:40:00,2.9,18.9,76492700,10:40:00
201905020502,201905040502,2019-05-04,10:45:00,08,22.2,134.0,12536300.0,09:36:00,24.0,156.8,21038200,10:13:00,29.5,203.1,48264800,10:34:00,34.4,253.8,76492700,10:40:00,34.4,253.8,76492700,10:40:00,34.4,253.8,76492700,10:40:00
201905020502,201905040502,2019-05-04,10:45:00,09,7.3,42.2,12536300.0,09:36:00,8.1,51.3,21038200,10:13:00,7.8,51.6,48264800,10:34:00,8.8,62.3,76492700,10:40:00,8.8,62.3,76492700,10:40:00,8.8,62.3,76492700,10:40:00
201905020502,201905040502,2019-05-04,10:45:00,10,1.5,6.8,12536300.0,09:36:00,1.8,9.0,21038200,10:13:00,1.8,9.6,48264800,10:34:00,1.8,10.6,76492700,10:40:00,1.8,10.6,76492700,10:40:00,1.8,10.6,76492700,10:40:00
201905020502,201905040502,2019-05-04,10:45:00,11,1.1,1.1,12536300.0,09:36:00,1.0,1.1,21038200,10:13:00,1.0,1.1,48264800,10:34:00,1.0,1.1,76492700,10:40:00,1.0,1.1,76492700,10:40:00,1.0,1.1,76492700,10:40:00
201905020502,201905040502,2019-05-04,10:45:00,12,8.8,51.7,12536300.0,09:36:00,9.0,57.0,21038200,10:13:00,12.0,81.3,48264800,10:34:00,11.8,85.3,76492700,10:40:00,11.8,85.3,76492700,10:40:00,11.8,85.3,76492700,10:40:00
201905020502,201905040502,2019-05-04,10:45:00,13,9.8,57.7,12536300.0,09:36:00,10.0,63.8,21038200,10:13:00,9.8,65.7,48264800,10:34:00,10.3,73.5,76492700,10:40:00,10.3,73.5,76492700,10:40:00,10.3,73.5,76492700,10:40:00
201905020502,201905040502,2019-05-04,10:45:00,14,4.7,26.5,12536300.0,09:36:00,3.6,21.2,21038200,10:13:00,4.4,28.1,48264800,10:34:00,4.0,26.7,76492700,10:40:00,4.0,26.7,76492700,10:40:00,4.0,26.7,76492700,10:40:00
201905020502,201905040502,2019-05-04,10:45:00,15,3.6,19.5,12536300.0,09:36:00,3.8,22.3,21038200,10:13:00,4.2,26.5,48264800,10:34:00,4.9,33.4,76492700,10:40:00,4.9,33.4,76492700,10:40:00,4.9,33.4,76492700,10:40:00
201905020502,201905040502,2019-05-04,10:45:00,16,13.5,80.5,12536300.0,09:36:00,12.2,78.6,21038200,10:13:00,17.5,119.3,48264800,10:34:00,19.8,144.8,76492700,10:40:00,19.8,144.8,76492700,10:40:00,19.8,144.8,76492700,10:40:00
201905020503,201905040503,2019-05-04,11:15:00,01,2.2,3.4,3406000.0,10:15:00,2.2,3.5,4357100,10:40:00,2.4,3.6,10955800,11:04:00,2.8,4.3,19572700,11:10:00,2.8,4.3,19572700,11:10:00,2.8,4.3,19572700,11:10:00
201905020503,201905040503,2019-05-04,11:15:00,02,4.3,7.1,3406000.0,10:15:00,4.7,7.9,4357100,10:40:00,5.8,9.3,10955800,11:04:00,7.2,11.6,19572700,11:10:00,7.2,11.6,19572700,11:10:00,7.2,11.6,19572700,11:10:00
201905020503,201905040503,2019-05-04,11:15:00,03,3.1,5.1,3406000.0,10:15:00,3.0,4.9,4357100,10:40:00,2.8,4.3,10955800,11:04:00,2.7,4.1,19572700,11:10:00,2.7,4.1,19572700,11:10:00,2.7,4.1,19572700,11:10:00
201905020503,201905040503,2019-05-04,11:15:00,04,3.4,5.6,3406000.0,10:15:00,3.4,5.6,4357100,10:40:00,3.2,5.0,10955800,11:04:00,3.9,6.2,19572700,11:10:00,3.9,6.2,19572700,11:10:00,3.9,6.2,19572700,11:10:00
201905020503,201905040503,2019-05-04,11:15:00,05,5.2,8.7,3406000.0,10:15:00,5.3,8.9,4357100,10:40:00,5.9,9.4,10955800,11:04:00,6.5,10.5,19572700,11:10:00,6.5,10.5,19572700,11:10:00,6.5,10.5,19572700,11:10:00
201905020503,201905040503,2019-05-04,11:15:00,06,14.2,24.3,3406000.0,10:15:00,13.0,22.4,4357100,10:40:00,10.4,16.8,10955800,11:04:00,10.1,16.4,19572700,11:10:00,10.1,16.4,19572700,11:10:00,10.1,16.4,19572700,11:10:00
201905020503,201905040503,2019-05-04,11:15:00,07,9.3,15.7,3406000.0,10:15:00,9.9,16.9,4357100,10:40:00,11.1,17.9,10955800,11:04:00,13.5,22.1,19572700,11:10:00,13.5,22.1,19572700,11:10:00,13.5,22.1,19572700,11:10:00
201905020503,201905040503,2019-05-04,11:15:00,08,1.8,2.8,3406000.0,10:15:00,1.7,2.6,4357100,10:40:00,1.6,2.2,10955800,11:04:00,1.4,2.0,19572700,11:10:00,1.4,2.0,19572700,11:10:00,1.4,2.0,19572700,11:10:00
201905020503,201905040503,2019-05-04,11:15:00,09,1.1,1.3,3406000.0,10:15:00,1.1,1.3,4357100,10:40:00,1.2,1.6,10955800,11:04:00,1.2,1.6,19572700,11:10:00,1.2,1.6,19572700,11:10:00,1.2,1.6,19572700,11:10:00
201905020503,201905040503,2019-05-04,11:15:00,10,1.9,2.9,3406000.0,10:15:00,1.9,2.9,4357100,10:40:00,1.6,2.3,10955800,11:04:00,1.4,2.0,19572700,11:10:00,1.4,2.0,19572700,11:10:00,1.4,2.0,19572700,11:10:00
201905020503,201905040503,2019-05-04,11:15:00,11,11.9,20.2,3406000.0,10:15:00,13.5,23.3,4357100,10:40:00,17.1,27.8,10955800,11:04:00,19.5,32.2,19572700,11:10:00,19.5,32.2,19572700,11:10:00,19.5,32.2,19572700,11:10:00
201905020503,201905040503,2019-05-04,11:15:00,12,36.9,63.3,3406000.0,10:15:00,38.7,66.8,4357100,10:40:00,41.6,67.7,10955800,11:04:00,49.4,81.6,19572700,11:10:00,49.4,81.6,19572700,11:10:00,49.4,81.6,19572700,11:10:00
201905020503,201905040503,2019-05-04,11:15:00,13,6.2,10.4,3406000.0,10:15:00,6.2,10.5,4357100,10:40:00,9.1,14.6,10955800,11:04:00,11.1,18.1,19572700,11:10:00,11.1,18.1,19572700,11:10:00,11.1,18.1,19572700,11:10:00
201905020503,201905040503,2019-05-04,11:15:00,14,21.4,36.5,3406000.0,10:15:00,22.5,38.7,4357100,10:40:00,25.9,42.1,10955800,11:04:00,31.1,51.4,19572700,11:10:00,31.1,51.4,19572700,11:10:00,31.1,51.4,19572700,11:10:00
201905020503,201905040503,2019-05-04,11:15:00,15,1.8,2.8,3406000.0,10:15:00,1.8,2.8,4357100,10:40:00,1.9,2.8,10955800,11:04:00,1.7,2.6,19572700,11:10:00,1.7,2.6,19572700,11:10:00,1.7,2.6,19572700,11:10:00
201905020504,201905040504,2019-05-04,11:45:00,01,1.6,2.2,3823700.0,10:40:00,1.5,2.0,5297200,11:10:00,1.7,2.3,13901300,11:34:00,1.9,2.9,25497600,11:40:00,1.9,2.9,25497600,11:40:00,1.9,2.9,25497600,11:40:00
201905020504,201905040504,2019-05-04,11:45:00,02,22.7,34.8,3823700.0,10:40:00,27.9,43.0,5297200,11:10:00,34.8,55.0,13901300,11:34:00,46.1,74.4,25497600,11:40:00,46.1,74.4,25497600,11:40:00,46.1,74.4,25497600,11:40:00
201905020504,201905040504,2019-05-04,11:45:00,03,19.3,29.6,3823700.0,10:40:00,20.3,31.4,5297200,11:10:00,22.4,35.3,13901300,11:34:00,31.8,51.3,25497600,11:40:00,31.8,51.3,25497600,11:40:00,31.8,51.3,25497600,11:40:00
201905020504,201905040504,2019-05-04,11:45:00,04,4.7,7.0,3823700.0,10:40:00,5.4,8.1,5297200,11:10:00,5.5,8.4,13901300,11:34:00,5.5,8.6,25497600,11:40:00,5.5,8.6,25497600,11:40:00,5.5,8.6,25497600,11:40:00
201905020504,201905040504,2019-05-04,11:45:00,05,10.8,16.4,3823700.0,10:40:00,12.1,18.6,5297200,11:10:00,11.7,18.4,13901300,11:34:00,13.5,21.6,25497600,11:40:00,13.5,21.6,25497600,11:40:00,13.5,21.6,25497600,11:40:00
201905020504,201905040504,2019-05-04,11:45:00,06,15.9,24.4,3823700.0,10:40:00,17.8,27.4,5297200,11:10:00,20.9,33.0,13901300,11:34:00,28.1,45.3,25497600,11:40:00,28.1,45.3,25497600,11:40:00,28.1,45.3,25497600,11:40:00
201905020504,201905040504,2019-05-04,11:45:00,07,2.5,3.6,3823700.0,10:40:00,2.6,3.8,5297200,11:10:00,2.8,4.2,13901300,11:34:00,3.2,4.8,25497600,11:40:00,3.2,4.8,25497600,11:40:00,3.2,4.8,25497600,11:40:00
201905020504,201905040504,2019-05-04,11:45:00,08,14.3,21.9,3823700.0,10:40:00,15.4,23.8,5297200,11:10:00,16.2,25.5,13901300,11:34:00,18.5,29.7,25497600,11:40:00,18.5,29.7,25497600,11:40:00,18.5,29.7,25497600,11:40:00
201905020504,201905040504,2019-05-04,11:45:00,09,2.4,3.4,3823700.0,10:40:00,2.1,3.0,5297200,11:10:00,2.1,3.0,13901300,11:34:00,2.0,3.0,25497600,11:40:00,2.0,3.0,25497600,11:40:00,2.0,3.0,25497600,11:40:00
201905020504,201905040504,2019-05-04,11:45:00,10,1.4,1.8,3823700.0,10:40:00,1.4,1.8,5297200,11:10:00,1.3,1.7,13901300,11:34:00,1.3,1.8,25497600,11:40:00,1.3,1.8,25497600,11:40:00,1.3,1.8,25497600,11:40:00
201905020504,201905040504,2019-05-04,11:45:00,11,32.2,49.4,3823700.0,10:40:00,35.6,54.9,5297200,11:10:00,33.5,52.9,13901300,11:34:00,43.2,69.7,25497600,11:40:00,43.2,69.7,25497600,11:40:00,43.2,69.7,25497600,11:40:00
201905020504,201905040504,2019-05-04,11:45:00,12,7.2,10.8,3823700.0,10:40:00,7.0,10.6,5297200,11:10:00,7.1,11.1,13901300,11:34:00,8.6,13.7,25497600,11:40:00,8.6,13.7,25497600,11:40:00,8.6,13.7,25497600,11:40:00
201905020504,201905040504,2019-05-04,11:45:00,13,10.2,15.5,3823700.0,10:40:00,11.8,18.2,5297200,11:10:00,11.6,18.2,13901300,11:34:00,12.5,20.0,25497600,11:40:00,12.5,20.0,25497600,11:40:00,12.5,20.0,25497600,11:40:00
201905020504,201905040504,2019-05-04,11:45:00,14,10.3,15.8,3823700.0,10:40:00,11.4,17.4,5297200,11:10:00,11.0,17.3,13901300,11:34:00,11.0,17.6,25497600,11:40:00,11.0,17.6,25497600,11:40:00,11.0,17.6,25497600,11:40:00
201905020504,201905040504,2019-05-04,11:45:00,15,1.8,2.5,3823700.0,10:40:00,1.7,2.4,5297200,11:10:00,1.6,2.1,13901300,11:34:00,1.3,1.9,25497600,11:40:00,1.3,1.9,25497600,11:40:00,1.3,1.9,25497600,11:40:00
201905020504,201905040504,2019-05-04,11:45:00,16,1.8,2.5,3823700.0,10:40:00,1.7,2.4,5297200,11:10:00,1.7,2.4,13901300,11:34:00,1.4,1.9,25497600,11:40:00,1.4,1.9,25497600,11:40:00,1.4,1.9,25497600,11:40:00
201905020504,201905040504,2019-05-04,11:45:00,17,4.7,7.0,3823700.0,10:40:00,5.8,8.7,5297200,11:10:00,6.2,9.6,13901300,11:34:00,6.7,10.5,25497600,11:40:00,6.7,10.5,25497600,11:40:00,6.7,10.5,25497600,11:40:00
201905020505,201905040505,2019-05-04,12:35:00,01,1.5,2.5,3972000.0,11:32:00,1.9,3.3,8449100,12:04:00,1.9,3.7,17548700,12:24:00,1.8,3.3,23701700,12:29:00,1.8,3.3,23701700,12:29:00,1.8,3.3,23701700,12:29:00
201905020505,201905040505,2019-05-04,12:35:00,02,2.1,3.7,3972000.0,11:32:00,2.0,3.4,8449100,12:04:00,2.0,3.8,17548700,12:24:00,2.1,3.9,23701700,12:29:00,2.1,3.9,23701700,12:29:00,2.1,3.9,23701700,12:29:00
201905020505,201905040505,2019-05-04,12:35:00,03,13.0,25.0,3972000.0,11:32:00,13.9,26.2,8449100,12:04:00,16.5,34.6,17548700,12:24:00,19.8,40.2,23701700,12:29:00,19.8,40.2,23701700,12:29:00,19.8,40.2,23701700,12:29:00
201905020505,201905040505,2019-05-04,12:35:00,04,1.9,3.4,3972000.0,11:32:00,1.5,2.5,8449100,12:04:00,1.4,2.7,17548700,12:24:00,1.4,2.5,23701700,12:29:00,1.4,2.5,23701700,12:29:00,1.4,2.5,23701700,12:29:00
201905020505,201905040505,2019-05-04,12:35:00,05,7.3,14.0,3972000.0,11:32:00,8.9,16.8,8449100,12:04:00,9.8,20.5,17548700,12:24:00,11.5,23.4,23701700,12:29:00,11.5,23.4,23701700,12:29:00,11.5,23.4,23701700,12:29:00
201905020505,201905040505,2019-05-04,12:35:00,06,8.0,15.5,3972000.0,11:32:00,7.7,14.5,8449100,12:04:00,7.0,14.6,17548700,12:24:00,8.3,16.7,23701700,12:29:00,8.3,16.7,23701700,12:29:00,8.3,16.7,23701700,12:29:00
201905020505,201905040505,2019-05-04,12:35:00,07,1.1,1.1,3972000.0,11:32:00,1.1,1.2,8449100,12:04:00,1.1,1.1,17548700,12:24:00,1.1,1.1,23701700,12:29:00,1.1,1.1,23701700,12:29:00,1.1,1.1,23701700,12:29:00
201905020506,201905040506,2019-05-04,13:05:00,01,1.1,1.1,3539400.0,12:02:00,1.1,1.1,5051500,12:32:00,1.1,1.1,12437900,12:54:00,1.1,1.1,18055700,12:59:00,1.1,1.1,18055700,12:59:00,1.1,1.1,18055700,12:59:00
201905020506,201905040506,2019-05-04,13:05:00,02,4.6,11.0,3539400.0,12:02:00,4.1,9.9,5051500,12:32:00,5.2,13.7,12437900,12:54:00,6.1,15.1,18055700,12:59:00,6.1,15.1,18055700,12:59:00,6.1,15.1,18055700,12:59:00
201905020506,201905040506,2019-05-04,13:05:00,03,2.3,5.3,3539400.0,12:02:00,2.3,5.4,5051500,12:32:00,3.0,7.6,12437900,12:54:00,3.3,8.0,18055700,12:59:00,3.3,8.0,18055700,12:59:00,3.3,8.0,18055700,12:59:00
201905020506,201905040506,2019-05-04,13:05:00,04,1.2,2.3,3539400.0,12:02:00,1.1,2.2,5051500,12:32:00,1.1,2.2,12437900,12:54:00,1.1,1.9,18055700,12:59:00,1.1,1.9,18055700,12:59:00,1.1,1.9,18055700,12:59:00
201905020506,201905040506,2019-05-04,13:05:00,05,2.3,5.2,3539400.0,12:02:00,2.4,5.7,5051500,12:32:00,2.0,5.0,12437900,12:54:00,2.0,4.5,18055700,12:59:00,2.0,4.5,18055700,12:59:00,2.0,4.5,18055700,12:59:00
201905020506,201905040506,2019-05-04,13:05:00,06,2.3,5.3,3539400.0,12:02:00,2.5,5.8,5051500,12:32:00,2.8,7.0,12437900,12:54:00,3.2,7.7,18055700,12:59:00,3.2,7.7,18055700,12:59:00,3.2,7.7,18055700,12:59:00
201905020506,201905040506,2019-05-04,13:05:00,07,1.1,1.5,3539400.0,12:02:00,1.1,1.6,5051500,12:32:00,1.1,1.4,12437900,12:54:00,1.1,1.6,18055700,12:59:00,1.1,1.6,18055700,12:59:00,1.1,1.6,18055700,12:59:00
201905020506,201905040506,2019-05-04,13:05:00,08,3.0,7.0,3539400.0,12:02:00,3.4,8.3,5051500,12:32:00,3.0,7.6,12437900,12:54:00,3.3,7.8,18055700,12:59:00,3.3,7.8,18055700,12:59:00,3.3,7.8,18055700,12:59:00
201905020507,201905040507,2019-05-04,13:35:00,01,2.5,3.3,5635900.0,12:32:00,2.7,3.6,8151900,13:02:00,3.0,4.4,21149100,13:24:00,3.0,4.4,31528300,13:29:00,3.0,4.4,31528300,13:29:00,3.0,4.4,31528300,13:29:00
201905020507,201905040507,2019-05-04,13:35:00,02,6.6,9.1,5635900.0,12:32:00,7.1,9.9,8151900,13:02:00,8.6,13.1,21149100,13:24:00,9.9,15.2,31528300,13:29:00,9.9,15.2,31528300,13:29:00,9.9,15.2,31528300,13:29:00
201905020507,201905040507,2019-05-04,13:35:00,03,1.8,2.2,5635900.0,12:32:00,1.8,2.4,8151900,13:02:00,1.8,2.5,21149100,13:24:00,1.7,2.4,31528300,13:29:00,1.7,2.4,31528300,13:29:00,1.7,2.4,31528300,13:29:00
201905020507,201905040507,2019-05-04,13:35:00,04,3.3,4.4,5635900.0,12:32:00,3.2,4.4,8151900,13:02:00,3.0,4.3,21149100,13:24:00,3.0,4.4,31528300,13:29:00,3.0,4.4,31528300,13:29:00,3.0,4.4,31528300,13:29:00
201905020507,201905040507,2019-05-04,13:35:00,05,17.0,23.5,5635900.0,12:32:00,18.0,25.2,8151900,13:02:00,24.2,37.0,21149100,13:24:00,26.8,41.2,31528300,13:29:00,26.8,41.2,31528300,13:29:00,26.8,41.2,31528300,13:29:00
201905020507,201905040507,2019-05-04,13:35:00,06,4.2,5.7,5635900.0,12:32:00,3.8,5.3,8151900,13:02:00,4.5,6.7,21149100,13:24:00,5.2,7.8,31528300,13:29:00,5.2,7.8,31528300,13:29:00,5.2,7.8,31528300,13:29:00
201905020507,201905040507,2019-05-04,13:35:00,07,9.7,13.5,5635900.0,12:32:00,9.7,13.6,8151900,13:02:00,13.1,20.0,21149100,13:24:00,14.8,22.8,31528300,13:29:00,14.8,22.8,31528300,13:29:00,14.8,22.8,31528300,13:29:00
201905020507,201905040507,2019-05-04,13:35:00,08,1.7,2.2,5635900.0,12:32:00,1.9,2.5,8151900,13:02:00,1.8,2.5,21149100,13:24:00,1.8,2.5,31528300,13:29:00,1.8,2.5,31528300,13:29:00,1.8,2.5,31528300,13:29:00
201905020507,201905040507,2019-05-04,13:35:00,09,8.8,12.1,5635900.0,12:32:00,6.6,9.2,8151900,13:02:00,8.0,12.0,21149100,13:24:00,8.5,13.0,31528300,13:29:00,8.5,13.0,31528300,13:29:00,8.5,13.0,31528300,13:29:00
201905020507,201905040507,2019-05-04,13:35:00,10,22.5,31.0,5635900.0,12:32:00,25.3,35.4,8151900,13:02:00,31.0,47.2,21149100,13:24:00,34.0,52.3,31528300,13:29:00,34.0,52.3,31528300,13:29:00,34.0,52.3,31528300,13:29:00
201905020507,201905040507,2019-05-04,13:35:00,11,9.5,13.2,5635900.0,12:32:00,11.4,16.0,8151900,13:02:00,11.4,17.4,21149100,13:24:00,9.9,15.1,31528300,13:29:00,9.9,15.1,31528300,13:29:00,9.9,15.1,31528300,13:29:00
201905020507,201905040507,2019-05-04,13:35:00,12,5.0,6.8,5635900.0,12:32:00,4.7,6.5,8151900,13:02:00,5.2,7.8,21149100,13:24:00,5.4,8.1,31528300,13:29:00,5.4,8.1,31528300,13:29:00,5.4,8.1,31528300,13:29:00
201905020507,201905040507,2019-05-04,13:35:00,13,1.9,2.5,5635900.0,12:32:00,1.6,2.0,8151900,13:02:00,1.4,1.8,21149100,13:24:00,1.4,1.8,31528300,13:29:00,1.4,1.8,31528300,13:29:00,1.4,1.8,31528300,13:29:00
201905020507,201905040507,2019-05-04,13:35:00,14,2.3,3.0,5635900.0,12:32:00,2.0,2.7,8151900,13:02:00,1.6,2.2,21149100,13:24:00,1.6,2.1,31528300,13:29:00,1.6,2.1,31528300,13:29:00,1.6,2.1,31528300,13:29:00
201905020507,201905040507,2019-05-04,13:35:00,15,3.0,4.0,5635900.0,12:32:00,3.5,4.8,8151900,13:02:00,3.2,4.6,21149100,13:24:00,3.1,4.5,31528300,13:29:00,3.1,4.5,31528300,13:29:00,3.1,4.5,31528300,13:29:00
201905020507,201905040507,2019-05-04,13:35:00,16,8.8,12.2,5635900.0,12:32:00,10.5,14.7,8151900,13:02:00,11.3,17.2,21149100,13:24:00,12.0,18.4,31528300,13:29:00,12.0,18.4,31528300,13:29:00,12.0,18.4,31528300,13:29:00
201905020508,201905040508,2019-05-04,14:05:00,01,9.0,14.1,4758500.0,13:04:00,10.4,16.4,7021700,13:35:00,8.4,14.0,17010500,13:54:00,10.2,16.7,23253100,13:59:00,10.2,16.7,23253100,13:59:00,10.2,16.7,23253100,13:59:00
201905020508,201905040508,2019-05-04,14:05:00,02,4.5,7.1,4758500.0,13:04:00,4.9,7.8,7021700,13:35:00,4.2,7.0,17010500,13:54:00,4.1,6.7,23253100,13:59:00,4.1,6.7,23253100,13:59:00,4.1,6.7,23253100,13:59:00
201905020508,201905040508,2019-05-04,14:05:00,03,1.6,2.3,4758500.0,13:04:00,1.4,2.0,7021700,13:35:00,1.4,2.1,17010500,13:54:00,1.4,2.0,23253100,13:59:00,1.4,2.0,23253100,13:59:00,1.4,2.0,23253100,13:59:00
201905020508,201905040508,2019-05-04,14:05:00,04,1.4,2.0,4758500.0,13:04:00,1.3,1.7,7021700,13:35:00,1.2,1.6,17010500,13:54:00,1.2,1.6,23253100,13:59:00,1.2,1.6,23253100,13:59:00,1.2,1.6,23253100,13:59:00
201905020508,201905040508,2019-05-04,14:05:00,05,3.0,4.6,4758500.0,13:04:00,3.4,5.3,7021700,13:35:00,3.7,6.0,17010500,13:54:00,4.0,6.4,23253100,13:59:00,4.0,6.4,23253100,13:59:00,4.0,6.4,23253100,13:59:00
201905020508,201905040508,2019-05-04,14:05:00,06,1.3,1.8,4758500.0,13:04:00,1.4,2.0,7021700,13:35:00,1.4,2.2,17010500,13:54:00,1.4,2.0,23253100,13:59:00,1.4,2.0,23253100,13:59:00,1.4,2.0,23253100,13:59:00
201905020508,201905040508,2019-05-04,14:05:00,07,3.0,4.6,4758500.0,13:04:00,3.2,4.9,7021700,13:35:00,2.9,4.7,17010500,13:54:00,3.0,4.7,23253100,13:59:00,3.0,4.7,23253100,13:59:00,3.0,4.7,23253100,13:59:00
201905020508,201905040508,2019-05-04,14:05:00,08,2.4,3.6,4758500.0,13:04:00,2.7,4.2,7021700,13:35:00,2.8,4.5,17010500,13:54:00,2.9,4.7,23253100,13:59:00,2.9,4.7,23253100,13:59:00,2.9,4.7,23253100,13:59:00
201905020508,201905040508,2019-05-04,14:05:00,09,12.8,20.1,4758500.0,13:04:00,14.2,22.4,7021700,13:35:00,15.6,26.1,17010500,13:54:00,16.9,27.6,23253100,13:59:00,16.9,27.6,23253100,13:59:00,16.9,27.6,23253100,13:59:00
201905020508,201905040508,2019-05-04,14:05:00,10,1.3,1.7,4758500.0,13:04:00,1.3,1.8,7021700,13:35:00,1.2,1.7,17010500,13:54:00,1.3,1.8,23253100,13:59:00,1.3,1.8,23253100,13:59:00,1.3,1.8,23253100,13:59:00
201905020509,201905040509,2019-05-04,14:35:00,01,4.0,6.1,12973600.0,13:29:00,4.0,6.1,17106300,14:04:00,3.5,5.3,35003200,14:24:00,3.6,5.6,48093300,14:29:00,3.6,5.6,48093300,14:29:00,3.6,5.6,48093300,14:29:00
201905020509,201905040509,2019-05-04,14:35:00,02,8.2,12.7,12973600.0,13:29:00,6.8,10.4,17106300,14:04:00,8.7,13.4,35003200,14:24:00,9.4,15.1,48093300,14:29:00,9.4,15.1,48093300,14:29:00,9.4,15.1,48093300,14:29:00
201905020509,201905040509,2019-05-04,14:35:00,03,5.1,7.8,12973600.0,13:29:00,5.4,8.2,17106300,14:04:00,6.8,10.5,35003200,14:24:00,6.6,10.4,48093300,14:29:00,6.6,10.4,48093300,14:29:00,6.6,10.4,48093300,14:29:00
201905020509,201905040509,2019-05-04,14:35:00,04,5.8,8.9,12973600.0,13:29:00,6.3,9.7,17106300,14:04:00,7.6,11.7,35003200,14:24:00,8.2,13.2,48093300,14:29:00,8.2,13.2,48093300,14:29:00,8.2,13.2,48093300,14:29:00
201905020509,201905040509,2019-05-04,14:35:00,05,5.6,8.6,12973600.0,13:29:00,5.6,8.6,17106300,14:04:00,6.0,9.2,35003200,14:24:00,5.5,8.7,48093300,14:29:00,5.5,8.7,48093300,14:29:00,5.5,8.7,48093300,14:29:00
201905020509,201905040509,2019-05-04,14:35:00,06,1.4,1.6,12973600.0,13:29:00,1.4,1.7,17106300,14:04:00,1.3,1.6,35003200,14:24:00,1.2,1.5,48093300,14:29:00,1.2,1.5,48093300,14:29:00,1.2,1.5,48093300,14:29:00
201905020509,201905040509,2019-05-04,14:35:00,07,5.1,7.8,12973600.0,13:29:00,5.4,8.3,17106300,14:04:00,5.4,8.2,35003200,14:24:00,5.6,8.8,48093300,14:29:00,5.6,8.8,48093300,14:29:00,5.6,8.8,48093300,14:29:00
201905020509,201905040509,2019-05-04,14:35:00,08,2.2,3.3,12973600.0,13:29:00,1.9,2.8,17106300,14:04:00,1.9,2.7,35003200,14:24:00,1.9,2.8,48093300,14:29:00,1.9,2.8,48093300,14:29:00,1.9,2.8,48093300,14:29:00
201905020509,201905040509,2019-05-04,14:35:00,09,2.3,3.3,12973600.0,13:29:00,2.3,3.3,17106300,14:04:00,1.9,2.7,35003200,14:24:00,1.7,2.5,48093300,14:29:00,1.7,2.5,48093300,14:29:00,1.7,2.5,48093300,14:29:00
201905020509,201905040509,2019-05-04,14:35:00,10,19.5,30.2,12973600.0,13:29:00,20.5,31.5,17106300,14:04:00,22.2,34.4,35003200,14:24:00,22.3,35.9,48093300,14:29:00,22.3,35.9,48093300,14:29:00,22.3,35.9,48093300,14:29:00
201905020509,201905040509,2019-05-04,14:35:00,11,14.1,21.8,12973600.0,13:29:00,14.7,22.6,17106300,14:04:00,16.4,25.5,35003200,14:24:00,18.9,30.4,48093300,14:29:00,18.9,30.4,48093300,14:29:00,18.9,30.4,48093300,14:29:00
201905020509,201905040509,2019-05-04,14:35:00,12,1.6,2.2,12973600.0,13:29:00,1.6,2.0,17106300,14:04:00,1.7,2.4,35003200,14:24:00,1.6,2.3,48093300,14:29:00,1.6,2.3,48093300,14:29:00,1.6,2.3,48093300,14:29:00
201905020509,201905040509,2019-05-04,14:35:00,13,2.7,4.0,12973600.0,13:29:00,3.0,4.4,17106300,14:04:00,3.2,4.7,35003200,14:24:00,3.3,5.1,48093300,14:29:00,3.3,5.1,48093300,14:29:00,3.3,5.1,48093300,14:29:00
201905020509,201905040509,2019-05-04,14:35:00,14,5.6,8.5,12973600.0,13:29:00,5.6,8.6,17106300,14:04:00,7.1,10.9,35003200,14:24:00,7.4,11.8,48093300,14:29:00,7.4,11.8,48093300,14:29:00,7.4,11.8,48093300,14:29:00
201905020509,201905040509,2019-05-04,14:35:00,15,2.1,3.0,12973600.0,13:29:00,2.2,3.2,17106300,14:04:00,2.3,3.4,35003200,14:24:00,2.6,3.9,48093300,14:29:00,2.6,3.9,48093300,14:29:00,2.6,3.9,48093300,14:29:00
201905020601,201905050501,2019-05-05,10:05:00,01,7.6,14.7,4926700.0,09:05:00,7.6,16.5,8727100,09:35:00,9.3,22.2,19095900,09:54:00,9.4,22.0,28181700,09:59:00,9.4,22.0,28181700,09:59:00,9.4,22.0,28181700,09:59:00
201905020601,201905050501,2019-05-05,10:05:00,02,27.0,53.7,4926700.0,09:05:00,25.4,56.4,8727100,09:35:00,27.0,65.3,19095900,09:54:00,31.2,74.7,28181700,09:59:00,31.2,74.7,28181700,09:59:00,31.2,74.7,28181700,09:59:00
201905020601,201905050501,2019-05-05,10:05:00,03,4.2,8.0,4926700.0,09:05:00,3.4,7.1,8727100,09:35:00,2.9,6.3,19095900,09:54:00,2.8,6.1,28181700,09:59:00,2.8,6.1,28181700,09:59:00,2.8,6.1,28181700,09:59:00
201905020601,201905050501,2019-05-05,10:05:00,04,22.1,44.0,4926700.0,09:05:00,21.5,47.8,8727100,09:35:00,24.6,59.4,19095900,09:54:00,30.0,71.6,28181700,09:59:00,30.0,71.6,28181700,09:59:00,30.0,71.6,28181700,09:59:00
201905020601,201905050501,2019-05-05,10:05:00,05,17.7,35.1,4926700.0,09:05:00,17.8,39.4,8727100,09:35:00,17.5,42.2,19095900,09:54:00,21.6,51.4,28181700,09:59:00,21.6,51.4,28181700,09:59:00,21.6,51.4,28181700,09:59:00
201905020601,201905050501,2019-05-05,10:05:00,06,24.4,48.4,4926700.0,09:05:00,26.1,57.9,8727100,09:35:00,28.7,69.5,19095900,09:54:00,33.8,80.9,28181700,09:59:00,33.8,80.9,28181700,09:59:00,33.8,80.9,28181700,09:59:00
201905020601,201905050501,2019-05-05,10:05:00,07,1.1,1.2,4926700.0,09:05:00,1.1,1.1,8727100,09:35:00,1.1,1.1,19095900,09:54:00,1.1,1.1,28181700,09:59:00,1.1,1.1,28181700,09:59:00,1.1,1.1,28181700,09:59:00
201905020601,201905050501,2019-05-05,10:05:00,08,6.3,12.1,4926700.0,09:05:00,6.2,13.3,8727100,09:35:00,7.6,17.8,19095900,09:54:00,8.9,20.9,28181700,09:59:00,8.9,20.9,28181700,09:59:00,8.9,20.9,28181700,09:59:00
201905020601,201905050501,2019-05-05,10:05:00,09,1.8,3.1,4926700.0,09:05:00,1.7,3.3,8727100,09:35:00,1.8,3.7,19095900,09:54:00,1.7,3.3,28181700,09:59:00,1.7,3.3,28181700,09:59:00,1.7,3.3,28181700,09:59:00
201905020601,201905050501,2019-05-05,10:05:00,10,2.0,3.5,4926700.0,09:05:00,2.1,4.1,8727100,09:35:00,2.1,4.4,19095900,09:54:00,1.9,3.9,28181700,09:59:00,1.9,3.9,28181700,09:59:00,1.9,3.9,28181700,09:59:00
201905020601,201905050501,2019-05-05,10:05:00,11,11.0,21.6,4926700.0,09:05:00,9.3,20.3,8727100,09:35:00,8.9,21.0,19095900,09:54:00,9.8,23.0,28181700,09:59:00,9.8,23.0,28181700,09:59:00,9.8,23.0,28181700,09:59:00
201905020601,201905050501,2019-05-05,10:05:00,12,6.6,12.9,4926700.0,09:05:00,6.5,13.9,8727100,09:35:00,6.7,15.6,19095900,09:54:00,7.6,17.6,28181700,09:59:00,7.6,17.6,28181700,09:59:00,7.6,17.6,28181700,09:59:00
201905020601,201905050501,2019-05-05,10:05:00,13,3.1,5.8,4926700.0,09:05:00,3.2,6.6,8727100,09:35:00,2.5,5.5,19095900,09:54:00,2.7,5.9,28181700,09:59:00,2.7,5.9,28181700,09:59:00,2.7,5.9,28181700,09:59:00
201905020601,201905050501,2019-05-05,10:05:00,14,2.7,4.9,4926700.0,09:05:00,2.7,5.5,8727100,09:35:00,2.8,6.2,19095900,09:54:00,2.9,6.4,28181700,09:59:00,2.9,6.4,28181700,09:59:00,2.9,6.4,28181700,09:59:00
201905020601,201905050501,2019-05-05,10:05:00,15,1.4,2.1,4926700.0,09:05:00,1.4,2.2,8727100,09:35:00,1.5,2.8,19095900,09:54:00,1.5,2.9,28181700,09:59:00,1.5,2.9,28181700,09:59:00,1.5,2.9,28181700,09:59:00
201905020601,201905050501,2019-05-05,10:05:00,16,2.7,4.9,4926700.0,09:05:00,3.1,6.3,8727100,09:35:00,3.5,7.8,19095900,09:54:00,3.9,8.7,28181700,09:59:00,3.9,8.7,28181700,09:59:00,3.9,8.7,28181700,09:59:00
201905020602,201905050502,2019-05-05,10:35:00,01,6.7,11.9,3564400.0,09:31:00,6.5,10.7,5077700,10:04:00,6.0,9.7,11910100,10:24:00,5.2,8.2,18440500,10:29:00,5.2,8.2,18440500,10:29:00,5.2,8.2,18440500,10:29:00
201905020602,201905050502,2019-05-05,10:35:00,02,3.5,6.0,3564400.0,09:31:00,2.9,4.6,5077700,10:04:00,2.9,4.5,11910100,10:24:00,2.8,4.3,18440500,10:29:00,2.8,4.3,18440500,10:29:00,2.8,4.3,18440500,10:29:00
201905020602,201905050502,2019-05-05,10:35:00,03,5.6,9.8,3564400.0,09:31:00,5.9,9.8,5077700,10:04:00,6.6,10.7,11910100,10:24:00,7.2,11.5,18440500,10:29:00,7.2,11.5,18440500,10:29:00,7.2,11.5,18440500,10:29:00
201905020602,201905050502,2019-05-05,10:35:00,04,1.3,1.9,3564400.0,09:31:00,1.3,1.8,5077700,10:04:00,1.3,1.7,11910100,10:24:00,1.2,1.6,18440500,10:29:00,1.2,1.6,18440500,10:29:00,1.2,1.6,18440500,10:29:00
201905020602,201905050502,2019-05-05,10:35:00,05,1.1,1.4,3564400.0,09:31:00,1.3,1.7,5077700,10:04:00,1.3,1.8,11910100,10:24:00,1.4,2.0,18440500,10:29:00,1.4,2.0,18440500,10:29:00,1.4,2.0,18440500,10:29:00
201905020602,201905050502,2019-05-05,10:35:00,06,8.5,15.1,3564400.0,09:31:00,7.9,13.2,5077700,10:04:00,7.1,11.5,11910100,10:24:00,8.0,13.0,18440500,10:29:00,8.0,13.0,18440500,10:29:00,8.0,13.0,18440500,10:29:00
201905020602,201905050502,2019-05-05,10:35:00,07,2.8,4.7,3564400.0,09:31:00,2.8,4.5,5077700,10:04:00,2.9,4.5,11910100,10:24:00,2.9,4.5,18440500,10:29:00,2.9,4.5,18440500,10:29:00,2.9,4.5,18440500,10:29:00
201905020602,201905050502,2019-05-05,10:35:00,08,5.3,9.3,3564400.0,09:31:00,4.1,6.6,5077700,10:04:00,4.6,7.3,11910100,10:24:00,4.9,7.8,18440500,10:29:00,4.9,7.8,18440500,10:29:00,4.9,7.8,18440500,10:29:00
201905020602,201905050502,2019-05-05,10:35:00,09,4.5,7.8,3564400.0,09:31:00,5.0,8.2,5077700,10:04:00,4.7,7.5,11910100,10:24:00,4.8,7.5,18440500,10:29:00,4.8,7.5,18440500,10:29:00,4.8,7.5,18440500,10:29:00
201905020602,201905050502,2019-05-05,10:35:00,10,15.5,27.8,3564400.0,09:31:00,17.5,29.5,5077700,10:04:00,26.3,43.2,11910100,10:24:00,31.6,51.5,18440500,10:29:00,31.6,51.5,18440500,10:29:00,31.6,51.5,18440500,10:29:00
201905020602,201905050502,2019-05-05,10:35:00,11,19.3,34.5,3564400.0,09:31:00,16.1,27.0,5077700,10:04:00,20.6,33.8,11910100,10:24:00,21.0,34.3,18440500,10:29:00,21.0,34.3,18440500,10:29:00,21.0,34.3,18440500,10:29:00
201905020602,201905050502,2019-05-05,10:35:00,12,2.2,3.6,3564400.0,09:31:00,2.4,3.8,5077700,10:04:00,2.6,4.1,11910100,10:24:00,2.7,4.2,18440500,10:29:00,2.7,4.2,18440500,10:29:00,2.7,4.2,18440500,10:29:00
201905020602,201905050502,2019-05-05,10:35:00,13,7.4,13.1,3564400.0,09:31:00,7.0,11.6,5077700,10:04:00,6.6,10.7,11910100,10:24:00,7.2,11.6,18440500,10:29:00,7.2,11.6,18440500,10:29:00,7.2,11.6,18440500,10:29:00
201905020602,201905050502,2019-05-05,10:35:00,14,8.8,15.7,3564400.0,09:31:00,8.6,14.3,5077700,10:04:00,10.8,17.7,11910100,10:24:00,11.9,19.4,18440500,10:29:00,11.9,19.4,18440500,10:29:00,11.9,19.4,18440500,10:29:00
201905020602,201905050502,2019-05-05,10:35:00,15,1.5,2.4,3564400.0,09:31:00,1.6,2.4,5077700,10:04:00,1.4,2.1,11910100,10:24:00,1.4,2.0,18440500,10:29:00,1.4,2.0,18440500,10:29:00,1.4,2.0,18440500,10:29:00
201905020602,201905050502,2019-05-05,10:35:00,16,9.5,17.0,3564400.0,09:31:00,9.9,16.6,5077700,10:04:00,11.8,19.4,11910100,10:24:00,12.5,20.4,18440500,10:29:00,12.5,20.4,18440500,10:29:00,12.5,20.4,18440500,10:29:00
201905020603,201905050503,2019-05-05,11:05:00,01,12.2,33.2,5567100.0,10:04:00,13.0,39.7,8360700,10:34:00,19.5,90.0,33996200,10:54:00,23.6,104.9,51236400,10:59:00,23.6,104.9,51236400,10:59:00,23.6,104.9,51236400,10:59:00
201905020603,201905050503,2019-05-05,11:05:00,02,1.5,3.4,5567100.0,10:04:00,1.4,3.3,8360700,10:34:00,1.3,4.4,33996200,10:54:00,1.3,4.2,51236400,10:59:00,1.3,4.2,51236400,10:59:00,1.3,4.2,51236400,10:59:00
201905020603,201905050503,2019-05-05,11:05:00,03,3.9,10.0,5567100.0,10:04:00,3.9,11.3,8360700,10:34:00,3.3,13.9,33996200,10:54:00,3.7,14.9,51236400,10:59:00,3.7,14.9,51236400,10:59:00,3.7,14.9,51236400,10:59:00
201905020603,201905050503,2019-05-05,11:05:00,04,11.1,30.1,5567100.0,10:04:00,11.2,33.9,8360700,10:34:00,14.4,66.3,33996200,10:54:00,16.5,72.9,51236400,10:59:00,16.5,72.9,51236400,10:59:00,16.5,72.9,51236400,10:59:00
201905020603,201905050503,2019-05-05,11:05:00,05,2.2,5.4,5567100.0,10:04:00,2.5,6.8,8360700,10:34:00,3.4,14.1,33996200,10:54:00,3.4,13.7,51236400,10:59:00,3.4,13.7,51236400,10:59:00,3.4,13.7,51236400,10:59:00
201905020603,201905050503,2019-05-05,11:05:00,06,3.6,9.1,5567100.0,10:04:00,3.5,9.9,8360700,10:34:00,3.8,16.2,33996200,10:54:00,4.1,16.7,51236400,10:59:00,4.1,16.7,51236400,10:59:00,4.1,16.7,51236400,10:59:00
201905020603,201905050503,2019-05-05,11:05:00,07,3.6,9.2,5567100.0,10:04:00,3.5,10.0,8360700,10:34:00,4.2,17.9,33996200,10:54:00,4.2,17.4,51236400,10:59:00,4.2,17.4,51236400,10:59:00,4.2,17.4,51236400,10:59:00
201905020603,201905050503,2019-05-05,11:05:00,08,5.7,15.0,5567100.0,10:04:00,6.0,17.6,8360700,10:34:00,7.7,34.6,33996200,10:54:00,7.0,29.7,51236400,10:59:00,7.0,29.7,51236400,10:59:00,7.0,29.7,51236400,10:59:00
201905020603,201905050503,2019-05-05,11:05:00,09,17.8,48.7,5567100.0,10:04:00,16.4,50.0,8360700,10:34:00,19.7,91.2,33996200,10:54:00,20.5,90.7,51236400,10:59:00,20.5,90.7,51236400,10:59:00,20.5,90.7,51236400,10:59:00
201905020603,201905050503,2019-05-05,11:05:00,10,3.5,9.0,5567100.0,10:04:00,3.1,8.7,8360700,10:34:00,2.8,11.2,33996200,10:54:00,2.6,10.3,51236400,10:59:00,2.6,10.3,51236400,10:59:00,2.6,10.3,51236400,10:59:00
201905020603,201905050503,2019-05-05,11:05:00,11,12.5,34.0,5567100.0,10:04:00,12.7,38.6,8360700,10:34:00,16.9,78.0,33996200,10:54:00,20.1,89.2,51236400,10:59:00,20.1,89.2,51236400,10:59:00,20.1,89.2,51236400,10:59:00
201905020603,201905050503,2019-05-05,11:05:00,12,6.6,17.4,5567100.0,10:04:00,7.3,21.8,8360700,10:34:00,11.2,51.0,33996200,10:54:00,14.5,63.7,51236400,10:59:00,14.5,63.7,51236400,10:59:00,14.5,63.7,51236400,10:59:00
201905020603,201905050503,2019-05-05,11:05:00,13,1.1,1.1,5567100.0,10:04:00,1.1,1.1,8360700,10:34:00,1.1,1.1,33996200,10:54:00,1.1,1.1,51236400,10:59:00,1.1,1.1,51236400,10:59:00,1.1,1.1,51236400,10:59:00
201905020603,201905050503,2019-05-05,11:05:00,14,5.2,13.6,5567100.0,10:04:00,5.0,14.4,8360700,10:34:00,3.9,16.5,33996200,10:54:00,3.3,13.3,51236400,10:59:00,3.3,13.3,51236400,10:59:00,3.3,13.3,51236400,10:59:00
201905020603,201905050503,2019-05-05,11:05:00,15,9.7,26.3,5567100.0,10:04:00,11.0,33.2,8360700,10:34:00,12.8,58.4,33996200,10:54:00,14.5,63.6,51236400,10:59:00,14.5,63.6,51236400,10:59:00,14.5,63.6,51236400,10:59:00
201905020603,201905050503,2019-05-05,11:05:00,16,1.6,3.5,5567100.0,10:04:00,1.5,3.7,8360700,10:34:00,1.2,3.3,33996200,10:54:00,1.2,3.5,51236400,10:59:00,1.2,3.5,51236400,10:59:00,1.2,3.5,51236400,10:59:00
201905020604,201905050504,2019-05-05,11:35:00,01,2.2,3.2,3584500.0,10:34:00,2.2,3.3,5024900,11:01:00,2.4,4.2,15651300,11:24:00,2.2,3.9,23545500,11:29:00,2.2,3.9,23545500,11:29:00,2.2,3.9,23545500,11:29:00
201905020604,201905050504,2019-05-05,11:35:00,02,4.1,6.4,3584500.0,10:34:00,3.9,6.0,5024900,11:01:00,3.8,6.9,15651300,11:24:00,3.8,6.9,23545500,11:29:00,3.8,6.9,23545500,11:29:00,3.8,6.9,23545500,11:29:00
201905020604,201905050504,2019-05-05,11:35:00,03,4.4,6.8,3584500.0,10:34:00,4.5,7.0,5024900,11:01:00,5.8,10.8,15651300,11:24:00,5.1,9.5,23545500,11:29:00,5.1,9.5,23545500,11:29:00,5.1,9.5,23545500,11:29:00
201905020604,201905050504,2019-05-05,11:35:00,04,7.5,11.8,3584500.0,10:34:00,8.3,13.1,5024900,11:01:00,10.3,19.6,15651300,11:24:00,12.2,23.3,23545500,11:29:00,12.2,23.3,23545500,11:29:00,12.2,23.3,23545500,11:29:00
201905020604,201905050504,2019-05-05,11:35:00,05,3.9,5.9,3584500.0,10:34:00,4.4,6.9,5024900,11:01:00,5.9,11.0,15651300,11:24:00,6.0,11.2,23545500,11:29:00,6.0,11.2,23545500,11:29:00,6.0,11.2,23545500,11:29:00
201905020604,201905050504,2019-05-05,11:35:00,06,1.5,1.9,3584500.0,10:34:00,1.5,2.0,5024900,11:01:00,1.2,1.8,15651300,11:24:00,1.2,1.8,23545500,11:29:00,1.2,1.8,23545500,11:29:00,1.2,1.8,23545500,11:29:00
201905020604,201905050504,2019-05-05,11:35:00,07,1.4,1.7,3584500.0,10:34:00,1.3,1.7,5024900,11:01:00,1.1,1.4,15651300,11:24:00,1.1,1.4,23545500,11:29:00,1.1,1.4,23545500,11:29:00,1.1,1.4,23545500,11:29:00
201905020604,201905050504,2019-05-05,11:35:00,08,16.8,26.6,3584500.0,10:34:00,19.1,30.6,5024900,11:01:00,30.9,59.6,15651300,11:24:00,35.3,68.1,23545500,11:29:00,35.3,68.1,23545500,11:29:00,35.3,68.1,23545500,11:29:00
201905020604,201905050504,2019-05-05,11:35:00,09,13.6,21.6,3584500.0,10:34:00,13.5,21.7,5024900,11:01:00,21.9,42.2,15651300,11:24:00,24.7,47.5,23545500,11:29:00,24.7,47.5,23545500,11:29:00,24.7,47.5,23545500,11:29:00
201905020604,201905050504,2019-05-05,11:35:00,10,1.7,2.5,3584500.0,10:34:00,1.7,2.4,5024900,11:01:00,1.4,2.2,15651300,11:24:00,1.3,2.1,23545500,11:29:00,1.3,2.1,23545500,11:29:00,1.3,2.1,23545500,11:29:00
201905020604,201905050504,2019-05-05,11:35:00,11,3.4,5.1,3584500.0,10:34:00,3.2,5.0,5024900,11:01:00,4.9,9.0,15651300,11:24:00,5.3,9.8,23545500,11:29:00,5.3,9.8,23545500,11:29:00,5.3,9.8,23545500,11:29:00
201905020604,201905050504,2019-05-05,11:35:00,12,18.4,29.2,3584500.0,10:34:00,12.4,19.9,5024900,11:01:00,22.2,42.7,15651300,11:24:00,28.5,54.9,23545500,11:29:00,28.5,54.9,23545500,11:29:00,28.5,54.9,23545500,11:29:00
201905020604,201905050504,2019-05-05,11:35:00,13,5.9,9.2,3584500.0,10:34:00,6.1,9.7,5024900,11:01:00,6.3,11.9,15651300,11:24:00,6.2,11.7,23545500,11:29:00,6.2,11.7,23545500,11:29:00,6.2,11.7,23545500,11:29:00
201905020604,201905050504,2019-05-05,11:35:00,14,2.0,2.9,3584500.0,10:34:00,2.0,3.0,5024900,11:01:00,1.8,3.0,15651300,11:24:00,1.9,3.1,23545500,11:29:00,1.9,3.1,23545500,11:29:00,1.9,3.1,23545500,11:29:00
201905020605,201905050505,2019-05-05,12:25:00,01,1.4,4.8,12221900.0,11:25:00,1.3,5.0,28391300,11:55:00,1.2,4.6,53108500,12:14:00,1.2,5.2,79324900,12:19:00,1.2,5.2,79324900,12:19:00,1.2,5.2,79324900,12:19:00
201905020605,201905050505,2019-05-05,12:25:00,02,2.1,8.5,12221900.0,11:25:00,1.9,8.9,28391300,11:55:00,1.8,8.8,53108500,12:14:00,1.7,8.9,79324900,12:19:00,1.7,8.9,79324900,12:19:00,1.7,8.9,79324900,12:19:00
201905020605,201905050505,2019-05-05,12:25:00,03,7.6,35.5,12221900.0,11:25:00,8.9,51.7,28391300,11:55:00,9.5,57.7,53108500,12:14:00,10.0,64.3,79324900,12:19:00,10.0,64.3,79324900,12:19:00,10.0,64.3,79324900,12:19:00
201905020605,201905050505,2019-05-05,12:25:00,04,4.0,17.9,12221900.0,11:25:00,3.2,17.2,28391300,11:55:00,2.9,16.2,53108500,12:14:00,3.1,18.2,79324900,12:19:00,3.1,18.2,79324900,12:19:00,3.1,18.2,79324900,12:19:00
201905020605,201905050505,2019-05-05,12:25:00,05,1.1,1.1,12221900.0,11:25:00,1.1,1.1,28391300,11:55:00,1.0,1.1,53108500,12:14:00,1.0,1.1,79324900,12:19:00,1.0,1.1,79324900,12:19:00,1.0,1.1,79324900,12:19:00
201905020605,201905050505,2019-05-05,12:25:00,06,11.1,53.1,12221900.0,11:25:00,12.6,73.6,28391300,11:55:00,12.7,78.1,53108500,12:14:00,14.4,94.0,79324900,12:19:00,14.4,94.0,79324900,12:19:00,14.4,94.0,79324900,12:19:00
201905020605,201905050505,2019-05-05,12:25:00,07,1.3,4.5,12221900.0,11:25:00,1.3,5.8,28391300,11:55:00,1.4,6.5,53108500,12:14:00,1.4,6.6,79324900,12:19:00,1.4,6.6,79324900,12:19:00,1.4,6.6,79324900,12:19:00
201905020605,201905050505,2019-05-05,12:25:00,08,1.5,5.5,12221900.0,11:25:00,1.6,7.4,28391300,11:55:00,1.6,7.6,53108500,12:14:00,1.6,7.8,79324900,12:19:00,1.6,7.8,79324900,12:19:00,1.6,7.8,79324900,12:19:00
201905020605,201905050505,2019-05-05,12:25:00,09,2.6,11.3,12221900.0,11:25:00,2.9,15.6,28391300,11:55:00,3.0,16.9,53108500,12:14:00,3.5,20.6,79324900,12:19:00,3.5,20.6,79324900,12:19:00,3.5,20.6,79324900,12:19:00
201905020606,201905050506,2019-05-05,12:55:00,01,1.6,1.9,4351300.0,11:54:00,1.5,1.9,6240900,12:24:00,1.3,1.8,16272500,12:44:00,1.4,1.9,23372100,12:49:00,1.4,1.9,23372100,12:49:00,1.4,1.9,23372100,12:49:00
201905020606,201905050506,2019-05-05,12:55:00,02,8.4,11.5,4351300.0,11:54:00,9.0,13.1,6240900,12:24:00,15.7,24.6,16272500,12:44:00,17.3,27.6,23372100,12:49:00,17.3,27.6,23372100,12:49:00,17.3,27.6,23372100,12:49:00
201905020606,201905050506,2019-05-05,12:55:00,03,2.0,2.6,4351300.0,11:54:00,1.6,2.1,6240900,12:24:00,1.4,2.0,16272500,12:44:00,1.4,2.0,23372100,12:49:00,1.4,2.0,23372100,12:49:00,1.4,2.0,23372100,12:49:00
201905020606,201905050506,2019-05-05,12:55:00,04,9.7,13.2,4351300.0,11:54:00,10.6,15.4,6240900,12:24:00,16.4,25.8,16272500,12:44:00,17.0,27.2,23372100,12:49:00,17.0,27.2,23372100,12:49:00,17.0,27.2,23372100,12:49:00
201905020606,201905050506,2019-05-05,12:55:00,05,2.7,3.6,4351300.0,11:54:00,2.6,3.7,6240900,12:24:00,2.4,3.5,16272500,12:44:00,2.2,3.3,23372100,12:49:00,2.2,3.3,23372100,12:49:00,2.2,3.3,23372100,12:49:00
201905020606,201905050506,2019-05-05,12:55:00,06,2.2,2.9,4351300.0,11:54:00,1.8,2.5,6240900,12:24:00,1.4,1.9,16272500,12:44:00,1.3,1.7,23372100,12:49:00,1.3,1.7,23372100,12:49:00,1.3,1.7,23372100,12:49:00
201905020606,201905050506,2019-05-05,12:55:00,07,12.4,16.9,4351300.0,11:54:00,13.0,19.0,6240900,12:24:00,21.1,33.1,16272500,12:44:00,22.4,35.8,23372100,12:49:00,22.4,35.8,23372100,12:49:00,22.4,35.8,23372100,12:49:00
201905020606,201905050506,2019-05-05,12:55:00,08,4.4,6.0,4351300.0,11:54:00,4.7,6.7,6240900,12:24:00,4.5,6.9,16272500,12:44:00,4.6,7.2,23372100,12:49:00,4.6,7.2,23372100,12:49:00,4.6,7.2,23372100,12:49:00
201905020606,201905050506,2019-05-05,12:55:00,09,5.1,6.9,4351300.0,11:54:00,5.3,7.6,6240900,12:24:00,7.4,11.5,16272500,12:44:00,8.8,13.9,23372100,12:49:00,8.8,13.9,23372100,12:49:00,8.8,13.9,23372100,12:49:00
201905020606,201905050506,2019-05-05,12:55:00,10,7.2,9.8,4351300.0,11:54:00,7.4,10.8,6240900,12:24:00,7.4,11.4,16272500,12:44:00,7.8,12.2,23372100,12:49:00,7.8,12.2,23372100,12:49:00,7.8,12.2,23372100,12:49:00
201905020606,201905050506,2019-05-05,12:55:00,11,2.5,3.2,4351300.0,11:54:00,2.5,3.5,6240900,12:24:00,2.4,3.5,16272500,12:44:00,2.1,3.2,23372100,12:49:00,2.1,3.2,23372100,12:49:00,2.1,3.2,23372100,12:49:00
201905020606,201905050506,2019-05-05,12:55:00,12,2.2,2.9,4351300.0,11:54:00,2.5,3.4,6240900,12:24:00,3.0,4.5,16272500,12:44:00,3.4,5.3,23372100,12:49:00,3.4,5.3,23372100,12:49:00,3.4,5.3,23372100,12:49:00
201905020606,201905050506,2019-05-05,12:55:00,13,5.1,6.8,4351300.0,11:54:00,5.3,7.6,6240900,12:24:00,6.1,9.3,16272500,12:44:00,6.4,10.0,23372100,12:49:00,6.4,10.0,23372100,12:49:00,6.4,10.0,23372100,12:49:00
201905020606,201905050506,2019-05-05,12:55:00,14,3.3,4.4,4351300.0,11:54:00,3.5,4.9,6240900,12:24:00,4.0,6.1,16272500,12:44:00,4.1,6.3,23372100,12:49:00,4.1,6.3,23372100,12:49:00,4.1,6.3,23372100,12:49:00
201905020606,201905050506,2019-05-05,12:55:00,15,8.0,10.9,4351300.0,11:54:00,8.9,12.9,6240900,12:24:00,12.1,19.0,16272500,12:44:00,13.7,21.9,23372100,12:49:00,13.7,21.9,23372100,12:49:00,13.7,21.9,23372100,12:49:00
201905020607,201905050507,2019-05-05,13:25:00,01,17.5,28.5,4979400.0,12:21:00,20.0,32.6,6546600,12:54:00,27.7,48.3,18072800,13:14:00,35.5,64.6,29960300,13:19:00,35.5,64.6,29960300,13:19:00,35.5,64.6,29960300,13:19:00
201905020607,201905050507,2019-05-05,13:25:00,02,1.7,2.5,4979400.0,12:21:00,1.5,2.2,6546600,12:54:00,1.4,1.9,18072800,13:14:00,1.4,2.0,29960300,13:19:00,1.4,2.0,29960300,13:19:00,1.4,2.0,29960300,13:19:00
201905020607,201905050507,2019-05-05,13:25:00,03,1.8,2.7,4979400.0,12:21:00,1.5,2.2,6546600,12:54:00,1.5,2.3,18072800,13:14:00,1.6,2.5,29960300,13:19:00,1.6,2.5,29960300,13:19:00,1.6,2.5,29960300,13:19:00
201905020607,201905050507,2019-05-05,13:25:00,04,10.7,17.5,4979400.0,12:21:00,11.8,19.4,6546600,12:54:00,18.7,32.6,18072800,13:14:00,22.4,40.8,29960300,13:19:00,22.4,40.8,29960300,13:19:00,22.4,40.8,29960300,13:19:00
201905020607,201905050507,2019-05-05,13:25:00,05,7.1,11.4,4979400.0,12:21:00,8.1,13.2,6546600,12:54:00,12.0,20.8,18072800,13:14:00,12.9,23.3,29960300,13:19:00,12.9,23.3,29960300,13:19:00,12.9,23.3,29960300,13:19:00
201905020607,201905050507,2019-05-05,13:25:00,06,12.6,20.4,4979400.0,12:21:00,14.0,22.9,6546600,12:54:00,18.6,32.3,18072800,13:14:00,22.0,40.0,29960300,13:19:00,22.0,40.0,29960300,13:19:00,22.0,40.0,29960300,13:19:00
201905020607,201905050507,2019-05-05,13:25:00,07,2.9,4.5,4979400.0,12:21:00,3.2,4.9,6546600,12:54:00,3.3,5.4,18072800,13:14:00,3.5,6.0,29960300,13:19:00,3.5,6.0,29960300,13:19:00,3.5,6.0,29960300,13:19:00
201905020607,201905050507,2019-05-05,13:25:00,08,4.2,6.7,4979400.0,12:21:00,4.7,7.4,6546600,12:54:00,4.2,7.0,18072800,13:14:00,3.6,6.3,29960300,13:19:00,3.6,6.3,29960300,13:19:00,3.6,6.3,29960300,13:19:00
201905020607,201905050507,2019-05-05,13:25:00,09,1.2,1.4,4979400.0,12:21:00,1.2,1.5,6546600,12:54:00,1.2,1.5,18072800,13:14:00,1.1,1.4,29960300,13:19:00,1.1,1.4,29960300,13:19:00,1.1,1.4,29960300,13:19:00
201905020607,201905050507,2019-05-05,13:25:00,10,5.3,8.5,4979400.0,12:21:00,5.5,8.7,6546600,12:54:00,5.1,8.5,18072800,13:14:00,6.1,10.8,29960300,13:19:00,6.1,10.8,29960300,13:19:00,6.1,10.8,29960300,13:19:00
201905020607,201905050507,2019-05-05,13:25:00,11,5.7,9.1,4979400.0,12:21:00,5.2,8.3,6546600,12:54:00,4.5,7.6,18072800,13:14:00,4.6,8.0,29960300,13:19:00,4.6,8.0,29960300,13:19:00,4.6,8.0,29960300,13:19:00
201905020607,201905050507,2019-05-05,13:25:00,12,1.7,2.5,4979400.0,12:21:00,1.9,2.8,6546600,12:54:00,1.9,3.0,18072800,13:14:00,1.8,2.9,29960300,13:19:00,1.8,2.9,29960300,13:19:00,1.8,2.9,29960300,13:19:00
201905020607,201905050507,2019-05-05,13:25:00,13,10.6,17.2,4979400.0,12:21:00,12.0,19.6,6546600,12:54:00,12.3,21.2,18072800,13:14:00,14.1,25.6,29960300,13:19:00,14.1,25.6,29960300,13:19:00,14.1,25.6,29960300,13:19:00
201905020607,201905050507,2019-05-05,13:25:00,14,8.8,14.2,4979400.0,12:21:00,9.7,15.7,6546600,12:54:00,12.5,21.7,18072800,13:14:00,12.5,22.5,29960300,13:19:00,12.5,22.5,29960300,13:19:00,12.5,22.5,29960300,13:19:00
201905020607,201905050507,2019-05-05,13:25:00,15,2.5,3.8,4979400.0,12:21:00,2.4,3.6,6546600,12:54:00,2.1,3.4,18072800,13:14:00,2.0,3.2,29960300,13:19:00,2.0,3.2,29960300,13:19:00,2.0,3.2,29960300,13:19:00
201905020608,201905050508,2019-05-05,13:55:00,01,3.0,4.8,2986900.0,12:53:00,3.4,5.7,4270600,13:23:00,3.9,7.0,11956100,13:44:00,4.5,7.9,17004200,13:49:00,4.5,7.9,17004200,13:49:00,4.5,7.9,17004200,13:49:00
201905020608,201905050508,2019-05-05,13:55:00,02,2.3,3.7,2986900.0,12:53:00,2.4,3.8,4270600,13:23:00,2.5,4.3,11956100,13:44:00,2.5,4.4,17004200,13:49:00,2.5,4.4,17004200,13:49:00,2.5,4.4,17004200,13:49:00
201905020608,201905050508,2019-05-05,13:55:00,03,1.1,1.5,2986900.0,12:53:00,1.1,1.6,4270600,13:23:00,1.1,1.7,11956100,13:44:00,1.1,1.6,17004200,13:49:00,1.1,1.6,17004200,13:49:00,1.1,1.6,17004200,13:49:00
201905020608,201905050508,2019-05-05,13:55:00,04,2.7,4.4,2986900.0,12:53:00,3.1,5.1,4270600,13:23:00,3.4,6.1,11956100,13:44:00,3.2,5.5,17004200,13:49:00,3.2,5.5,17004200,13:49:00,3.2,5.5,17004200,13:49:00
201905020608,201905050508,2019-05-05,13:55:00,05,1.9,3.0,2986900.0,12:53:00,1.9,3.1,4270600,13:23:00,1.7,2.8,11956100,13:44:00,1.6,2.6,17004200,13:49:00,1.6,2.6,17004200,13:49:00,1.6,2.6,17004200,13:49:00
201905020608,201905050508,2019-05-05,13:55:00,06,4.3,6.8,2986900.0,12:53:00,4.9,8.1,4270600,13:23:00,5.3,9.5,11956100,13:44:00,5.2,9.2,17004200,13:49:00,5.2,9.2,17004200,13:49:00,5.2,9.2,17004200,13:49:00
201905020608,201905050508,2019-05-05,13:55:00,07,1.2,1.7,2986900.0,12:53:00,1.1,1.6,4270600,13:23:00,1.1,1.6,11956100,13:44:00,1.1,1.7,17004200,13:49:00,1.1,1.7,17004200,13:49:00,1.1,1.7,17004200,13:49:00
201905020608,201905050508,2019-05-05,13:55:00,08,1.1,1.5,2986900.0,12:53:00,1.1,1.4,4270600,13:23:00,1.1,1.4,11956100,13:44:00,1.1,1.4,17004200,13:49:00,1.1,1.4,17004200,13:49:00,1.1,1.4,17004200,13:49:00
201905020609,201905050509,2019-05-05,14:25:00,01,4.4,6.0,13186200.0,13:20:00,4.8,6.7,17282600,13:51:00,5.7,8.5,36980700,14:14:00,6.4,9.6,51915100,14:20:00,6.4,9.6,51915100,14:20:00,6.4,9.6,51915100,14:20:00
201905020609,201905050509,2019-05-05,14:25:00,02,6.1,8.3,13186200.0,13:20:00,5.7,8.1,17282600,13:51:00,5.0,7.5,36980700,14:14:00,5.2,7.8,51915100,14:20:00,5.2,7.8,51915100,14:20:00,5.2,7.8,51915100,14:20:00
201905020609,201905050509,2019-05-05,14:25:00,03,6.8,9.3,13186200.0,13:20:00,7.0,10.0,17282600,13:51:00,4.8,7.1,36980700,14:14:00,4.0,6.0,51915100,14:20:00,4.0,6.0,51915100,14:20:00,4.0,6.0,51915100,14:20:00
201905020609,201905050509,2019-05-05,14:25:00,04,3.1,4.2,13186200.0,13:20:00,3.3,4.5,17282600,13:51:00,3.3,4.7,36980700,14:14:00,2.9,4.2,51915100,14:20:00,2.9,4.2,51915100,14:20:00,2.9,4.2,51915100,14:20:00
201905020609,201905050509,2019-05-05,14:25:00,05,1.7,2.1,13186200.0,13:20:00,1.6,2.0,17282600,13:51:00,1.4,1.8,36980700,14:14:00,1.4,1.7,51915100,14:20:00,1.4,1.7,51915100,14:20:00,1.4,1.7,51915100,14:20:00
201905020609,201905050509,2019-05-05,14:25:00,06,6.8,9.5,13186200.0,13:20:00,7.4,10.6,17282600,13:51:00,8.1,12.1,36980700,14:14:00,8.6,13.0,51915100,14:20:00,8.6,13.0,51915100,14:20:00,8.6,13.0,51915100,14:20:00
201905020609,201905050509,2019-05-05,14:25:00,07,34.8,48.2,13186200.0,13:20:00,38.3,54.8,17282600,13:51:00,50.1,75.0,36980700,14:14:00,56.8,86.0,51915100,14:20:00,56.8,86.0,51915100,14:20:00,56.8,86.0,51915100,14:20:00
201905020609,201905050509,2019-05-05,14:25:00,08,3.3,4.5,13186200.0,13:20:00,3.1,4.3,17282600,13:51:00,2.7,3.9,36980700,14:14:00,2.7,3.9,51915100,14:20:00,2.7,3.9,51915100,14:20:00,2.7,3.9,51915100,14:20:00
201905020609,201905050509,2019-05-05,14:25:00,09,3.0,4.0,13186200.0,13:20:00,3.1,4.3,17282600,13:51:00,3.8,5.5,36980700,14:14:00,3.9,5.7,51915100,14:20:00,3.9,5.7,51915100,14:20:00,3.9,5.7,51915100,14:20:00
201905020609,201905050509,2019-05-05,14:25:00,10,2.5,3.4,13186200.0,13:20:00,2.6,3.5,17282600,13:51:00,2.6,3.7,36980700,14:14:00,2.6,3.8,51915100,14:20:00,2.6,3.8,51915100,14:20:00,2.6,3.8,51915100,14:20:00
201905020609,201905050509,2019-05-05,14:25:00,11,11.2,15.5,13186200.0,13:20:00,12.2,17.4,17282600,13:51:00,9.7,14.6,36980700,14:14:00,10.6,16.1,51915100,14:20:00,10.6,16.1,51915100,14:20:00,10.6,16.1,51915100,14:20:00
201905020609,201905050509,2019-05-05,14:25:00,12,2.5,3.3,13186200.0,13:20:00,2.3,3.2,17282600,13:51:00,2.1,2.9,36980700,14:14:00,2.0,2.9,51915100,14:20:00,2.0,2.9,51915100,14:20:00,2.0,2.9,51915100,14:20:00
201905020609,201905050509,2019-05-05,14:25:00,13,1.9,2.3,13186200.0,13:20:00,1.8,2.2,17282600,13:51:00,1.7,2.2,36980700,14:14:00,1.7,2.3,51915100,14:20:00,1.7,2.3,51915100,14:20:00,1.7,2.3,51915100,14:20:00
201905020609,201905050509,2019-05-05,14:25:00,14,5.7,7.9,13186200.0,13:20:00,5.6,7.9,17282600,13:51:00,6.9,10.3,36980700,14:14:00,7.2,10.9,51915100,14:20:00,7.2,10.9,51915100,14:20:00,7.2,10.9,51915100,14:20:00
201905020609,201905050509,2019-05-05,14:25:00,15,3.9,5.3,13186200.0,13:20:00,3.9,5.4,17282600,13:51:00,5.0,7.4,36980700,14:14:00,5.5,8.2,51915100,14:20:00,5.5,8.2,51915100,14:20:00,5.5,8.2,51915100,14:20:00
201905020609,201905050509,2019-05-05,14:25:00,16,6.9,9.5,13186200.0,13:20:00,6.1,8.6,17282600,13:51:00,7.5,11.1,36980700,14:14:00,7.8,11.7,51915100,14:20:00,7.8,11.7,51915100,14:20:00,7.8,11.7,51915100,14:20:00
201905020609,201905050509,2019-05-05,14:25:00,17,9.6,13.4,13186200.0,13:20:00,9.9,14.2,17282600,13:51:00,11.1,16.6,36980700,14:14:00,11.1,16.9,51915100,14:20:00,11.1,16.9,51915100,14:20:00,11.1,16.9,51915100,14:20:00
201905020610,201905050510,2019-05-05,15:01:00,01,6.6,8.6,15339500.0,14:00:00,7.0,9.1,19956400,14:27:00,8.0,10.7,41100500,14:50:00,8.7,11.8,60000800,14:55:00,8.7,11.8,60000800,14:55:00,8.7,11.8,60000800,14:55:00
201905020610,201905050510,2019-05-05,15:01:00,02,2.6,3.3,15339500.0,14:00:00,2.6,3.3,19956400,14:27:00,2.3,2.9,41100500,14:50:00,2.3,2.9,60000800,14:55:00,2.3,2.9,60000800,14:55:00,2.3,2.9,60000800,14:55:00
201905020610,201905050510,2019-05-05,15:01:00,03,4.9,6.4,15339500.0,14:00:00,5.4,7.0,19956400,14:27:00,4.9,6.5,41100500,14:50:00,5.5,7.4,60000800,14:55:00,5.5,7.4,60000800,14:55:00,5.5,7.4,60000800,14:55:00
201905020610,201905050510,2019-05-05,15:01:00,04,6.1,8.1,15339500.0,14:00:00,6.8,8.8,19956400,14:27:00,8.2,10.9,41100500,14:50:00,8.4,11.3,60000800,14:55:00,8.4,11.3,60000800,14:55:00,8.4,11.3,60000800,14:55:00
201905020610,201905050510,2019-05-05,15:01:00,05,1.7,2.0,15339500.0,14:00:00,1.8,2.1,19956400,14:27:00,1.7,2.1,41100500,14:50:00,1.7,1.9,60000800,14:55:00,1.7,1.9,60000800,14:55:00,1.7,1.9,60000800,14:55:00
201905020610,201905050510,2019-05-05,15:01:00,06,2.8,3.5,15339500.0,14:00:00,2.4,3.0,19956400,14:27:00,2.2,2.8,41100500,14:50:00,2.3,3.0,60000800,14:55:00,2.3,3.0,60000800,14:55:00,2.3,3.0,60000800,14:55:00
201905020610,201905050510,2019-05-05,15:01:00,07,3.4,4.3,15339500.0,14:00:00,3.5,4.4,19956400,14:27:00,3.1,4.1,41100500,14:50:00,3.2,4.2,60000800,14:55:00,3.2,4.2,60000800,14:55:00,3.2,4.2,60000800,14:55:00
201905020610,201905050510,2019-05-05,15:01:00,08,11.8,15.4,15339500.0,14:00:00,13.1,16.9,19956400,14:27:00,14.6,19.4,41100500,14:50:00,17.3,23.3,60000800,14:55:00,17.3,23.3,60000800,14:55:00,17.3,23.3,60000800,14:55:00
201905020610,201905050510,2019-05-05,15:01:00,09,5.5,7.3,15339500.0,14:00:00,6.1,7.9,19956400,14:27:00,6.6,8.8,41100500,14:50:00,7.0,9.5,60000800,14:55:00,7.0,9.5,60000800,14:55:00,7.0,9.5,60000800,14:55:00
201905020610,201905050510,2019-05-05,15:01:00,10,2.8,3.6,15339500.0,14:00:00,2.8,3.6,19956400,14:27:00,2.8,3.6,41149300,14:50:00,2.4,3.1,60000800,14:55:00,2.4,3.1,60000800,14:55:00,2.4,3.1,60000800,14:55:00
201905020610,201905050510,2019-05-05,15:01:00,11,4.2,5.5,15339500.0,14:00:00,3.9,5.1,19956400,14:27:00,3.8,5.0,41149300,14:50:00,3.6,4.8,60000800,14:55:00,3.6,4.8,60000800,14:55:00,3.6,4.8,60000800,14:55:00
201905020610,201905050510,2019-05-05,15:01:00,12,2.9,3.7,15339500.0,14:00:00,2.4,3.1,19956400,14:27:00,2.5,3.2,41100500,14:50:00,2.6,3.4,60000800,14:55:00,2.6,3.4,60000800,14:55:00,2.6,3.4,60000800,14:55:00
201905020610,201905050510,2019-05-05,15:01:00,13,4.1,5.4,15339500.0,14:00:00,4.5,5.8,19956400,14:27:00,4.0,5.2,41100500,14:50:00,3.7,4.9,60000800,14:55:00,3.7,4.9,60000800,14:55:00,3.7,4.9,60000800,14:55:00
201905020610,201905050510,2019-05-05,15:01:00,14,5.5,7.2,15339500.0,14:00:00,6.1,7.9,19956400,14:27:00,6.2,8.2,41100500,14:50:00,5.9,7.9,60000800,14:55:00,5.9,7.9,60000800,14:55:00,5.9,7.9,60000800,14:55:00
201905020610,201905050510,2019-05-05,15:01:00,15,17.9,23.4,15339500.0,14:00:00,18.4,23.8,19956400,14:27:00,19.7,26.1,41100500,14:50:00,22.5,30.3,60000800,14:55:00,22.5,30.3,60000800,14:55:00,22.5,30.3,60000800,14:55:00
201905020610,201905050510,2019-05-05,15:01:00,16,2.4,3.1,15339500.0,14:00:00,2.6,3.3,19956400,14:27:00,3.3,4.4,41149300,14:50:00,3.7,4.9,60000800,14:55:00,3.7,4.9,60000800,14:55:00,3.7,4.9,60000800,14:55:00
201905020611,201905050511,2019-05-05,15:40:00,01,6.9,13.5,300860800.0,14:38:00,7.1,14.5,384898500,15:10:00,6.6,14.3,536627500,15:29:00,6.7,15.1,644888000,15:34:00,6.7,15.1,644888000,15:34:00,6.7,15.1,644888000,15:34:00
201905020611,201905050511,2019-05-05,15:40:00,02,4.1,7.7,300860800.0,14:38:00,4.1,8.2,384898500,15:10:00,4.6,9.7,536627500,15:29:00,4.9,10.9,644888000,15:34:00,4.9,10.9,644888000,15:34:00,4.9,10.9,644888000,15:34:00
201905020611,201905050511,2019-05-05,15:40:00,03,2.2,4.0,300860800.0,14:38:00,2.2,4.0,384898500,15:10:00,2.0,4.0,536627500,15:29:00,2.0,4.1,644888000,15:34:00,2.0,4.1,644888000,15:34:00,2.0,4.1,644888000,15:34:00
201905020611,201905050511,2019-05-05,15:40:00,04,6.6,12.8,300860800.0,14:38:00,6.7,13.6,384898500,15:10:00,7.2,15.6,536627500,15:29:00,7.4,16.8,644888000,15:34:00,7.4,16.8,644888000,15:34:00,7.4,16.8,644888000,15:34:00
201905020611,201905050511,2019-05-05,15:40:00,05,8.4,16.3,300860800.0,14:38:00,8.2,16.8,384898500,15:10:00,8.8,19.3,536627500,15:29:00,9.2,21.2,644888000,15:34:00,9.2,21.2,644888000,15:34:00,9.2,21.2,644888000,15:34:00
201905020611,201905050511,2019-05-05,15:40:00,06,2.9,5.3,300860800.0,14:38:00,2.8,5.3,384898500,15:10:00,2.7,5.5,536627500,15:29:00,2.7,5.7,644888000,15:34:00,2.7,5.7,644888000,15:34:00,2.7,5.7,644888000,15:34:00
201905020611,201905050511,2019-05-05,15:40:00,07,1.1,1.2,300860800.0,14:38:00,1.1,1.2,384898500,15:10:00,1.1,1.1,536627500,15:29:00,1.1,1.1,644888000,15:34:00,1.1,1.1,644888000,15:34:00,1.1,1.1,644888000,15:34:00
201905020611,201905050511,2019-05-05,15:40:00,08,5.1,9.8,300860800.0,14:38:00,5.2,10.5,384898500,15:10:00,5.1,11.0,536627500,15:29:00,5.0,11.3,644888000,15:34:00,5.0,11.3,644888000,15:34:00,5.0,11.3,644888000,15:34:00
201905020611,201905050511,2019-05-05,15:40:00,09,22.9,45.1,300860800.0,14:38:00,21.1,43.5,384898500,15:10:00,22.7,50.0,536627500,15:29:00,23.9,55.3,644888000,15:34:00,23.9,55.3,644888000,15:34:00,23.9,55.3,644888000,15:34:00
201905020611,201905050511,2019-05-05,15:40:00,10,3.9,7.3,300860800.0,14:38:00,4.0,7.8,384898500,15:10:00,4.0,8.3,536627500,15:29:00,4.0,8.7,644888000,15:34:00,4.0,8.7,644888000,15:34:00,4.0,8.7,644888000,15:34:00
201905020611,201905050511,2019-05-05,15:40:00,11,29.0,57.1,300860800.0,14:38:00,30.0,62.1,384898500,15:10:00,33.0,73.0,536627500,15:29:00,35.0,81.3,644888000,15:34:00,35.0,81.3,644888000,15:34:00,35.0,81.3,644888000,15:34:00
201905020611,201905050511,2019-05-05,15:40:00,12,4.9,9.3,300860800.0,14:38:00,5.1,10.3,384898500,15:10:00,5.4,11.5,536627500,15:29:00,5.5,12.4,644888000,15:34:00,5.5,12.4,644888000,15:34:00,5.5,12.4,644888000,15:34:00
201905020611,201905050511,2019-05-05,15:40:00,13,3.8,7.2,300860800.0,14:38:00,3.9,7.6,384898500,15:10:00,4.1,8.6,536627500,15:29:00,4.1,9.1,644888000,15:34:00,4.1,9.1,644888000,15:34:00,4.1,9.1,644888000,15:34:00
201905020611,201905050511,2019-05-05,15:40:00,14,6.3,12.2,300860800.0,14:38:00,6.4,13.0,384898500,15:10:00,6.4,13.7,536627500,15:29:00,6.4,14.5,644888000,15:34:00,6.4,14.5,644888000,15:34:00,6.4,14.5,644888000,15:34:00
201905020611,201905050511,2019-05-05,15:40:00,15,2.7,5.0,300860800.0,14:38:00,2.7,5.1,384898500,15:10:00,2.6,5.3,536627500,15:29:00,2.5,5.3,644888000,15:34:00,2.5,5.3,644888000,15:34:00,2.5,5.3,644888000,15:34:00
201905020611,201905050511,2019-05-05,15:40:00,16,8.1,15.7,300860800.0,14:38:00,8.4,17.2,384898500,15:10:00,8.4,18.2,536627500,15:29:00,8.5,19.5,644888000,15:34:00,8.5,19.5,644888000,15:34:00,8.5,19.5,644888000,15:34:00
201905020611,201905050511,2019-05-05,15:40:00,17,1.5,2.2,300860800.0,14:38:00,1.4,2.2,384898500,15:10:00,1.4,2.2,536627500,15:29:00,1.4,2.3,644888000,15:34:00,1.4,2.3,644888000,15:34:00,1.4,2.3,644888000,15:34:00
201905020611,201905050511,2019-05-05,15:40:00,18,6.8,13.1,300860800.0,14:38:00,6.8,13.8,384898500,15:10:00,6.9,14.9,536627500,15:29:00,6.9,15.6,644888000,15:34:00,6.9,15.6,644888000,15:34:00,6.9,15.6,644888000,15:34:00
201905020612,201905050512,2019-05-05,16:25:00,01,9.4,15.4,10233300.0,15:22:00,10.0,16.6,15094700,15:53:00,8.2,13.6,49169800,16:14:00,9.3,16.1,81109300,16:19:00,9.3,16.1,81109300,16:19:00,9.3,16.1,81109300,16:19:00
201905020612,201905050512,2019-05-05,16:25:00,02,5.3,8.6,10233300.0,15:22:00,5.0,8.0,15094700,15:53:00,5.5,9.0,49169800,16:14:00,6.2,10.6,81109300,16:19:00,6.2,10.6,81109300,16:19:00,6.2,10.6,81109300,16:19:00
201905020612,201905050512,2019-05-05,16:25:00,03,2.8,4.4,10233300.0,15:22:00,3.0,4.7,15094700,15:53:00,3.4,5.5,49169800,16:14:00,3.5,5.9,81109300,16:19:00,3.5,5.9,81109300,16:19:00,3.5,5.9,81109300,16:19:00
201905020612,201905050512,2019-05-05,16:25:00,04,15.7,25.8,10233300.0,15:22:00,16.3,27.1,15094700,15:53:00,24.4,40.9,49169800,16:14:00,27.3,47.6,81109300,16:19:00,27.3,47.6,81109300,16:19:00,27.3,47.6,81109300,16:19:00
201905020612,201905050512,2019-05-05,16:25:00,05,4.0,6.3,10233300.0,15:22:00,3.9,6.3,15094700,15:53:00,4.1,6.6,49169800,16:14:00,3.9,6.5,81109300,16:19:00,3.9,6.5,81109300,16:19:00,3.9,6.5,81109300,16:19:00
201905020612,201905050512,2019-05-05,16:25:00,06,8.0,13.1,10233300.0,15:22:00,7.9,13.0,15094700,15:53:00,9.6,16.1,49169800,16:14:00,9.8,17.0,81109300,16:19:00,9.8,17.0,81109300,16:19:00,9.8,17.0,81109300,16:19:00
201905020612,201905050512,2019-05-05,16:25:00,07,1.3,1.6,10233300.0,15:22:00,1.3,1.5,15094700,15:53:00,1.3,1.7,49169800,16:14:00,1.3,1.6,81109300,16:19:00,1.3,1.6,81109300,16:19:00,1.3,1.6,81109300,16:19:00
201905020612,201905050512,2019-05-05,16:25:00,08,3.4,5.4,10233300.0,15:22:00,3.7,5.9,15094700,15:53:00,3.2,5.2,49169800,16:14:00,3.1,5.1,81109300,16:19:00,3.1,5.1,81109300,16:19:00,3.1,5.1,81109300,16:19:00
201905020612,201905050512,2019-05-05,16:25:00,09,6.5,10.6,10233300.0,15:22:00,8.0,13.1,15094700,15:53:00,10.9,18.1,49169800,16:14:00,13.1,22.8,81109300,16:19:00,13.1,22.8,81109300,16:19:00,13.1,22.8,81109300,16:19:00
201905020612,201905050512,2019-05-05,16:25:00,10,2.8,4.3,10233300.0,15:22:00,2.5,3.9,15094700,15:53:00,2.3,3.5,49169800,16:14:00,2.3,3.8,81109300,16:19:00,2.3,3.8,81109300,16:19:00,2.3,3.8,81109300,16:19:00
201905020612,201905050512,2019-05-05,16:25:00,11,8.6,14.0,10233300.0,15:22:00,9.2,15.2,15094700,15:53:00,11.0,18.4,49169800,16:14:00,8.9,15.5,81109300,16:19:00,8.9,15.5,81109300,16:19:00,8.9,15.5,81109300,16:19:00
201905020612,201905050512,2019-05-05,16:25:00,12,3.0,4.7,10233300.0,15:22:00,2.7,4.1,15094700,15:53:00,2.2,3.4,49169800,16:14:00,2.1,3.3,81109300,16:19:00,2.1,3.3,81109300,16:19:00,2.1,3.3,81109300,16:19:00
201905020612,201905050512,2019-05-05,16:25:00,13,9.6,15.6,10233300.0,15:22:00,11.5,19.1,15094700,15:53:00,16.4,27.4,49169800,16:14:00,20.8,36.3,81109300,16:19:00,20.8,36.3,81109300,16:19:00,20.8,36.3,81109300,16:19:00
201905020612,201905050512,2019-05-05,16:25:00,14,2.4,3.7,10233300.0,15:22:00,2.6,4.1,15094700,15:53:00,3.1,4.9,49169800,16:14:00,3.1,5.1,81109300,16:19:00,3.1,5.1,81109300,16:19:00,3.1,5.1,81109300,16:19:00
201905020612,201905050512,2019-05-05,16:25:00,15,1.5,2.0,10233300.0,15:22:00,1.5,2.0,15094700,15:53:00,1.4,1.8,49169800,16:14:00,1.3,1.7,81109300,16:19:00,1.3,1.7,81109300,16:19:00,1.3,1.7,81109300,16:19:00
201905020612,201905050512,2019-05-05,16:25:00,16,2.8,4.4,10233300.0,15:22:00,2.7,4.2,15094700,15:53:00,2.5,3.8,49169800,16:14:00,2.4,4.0,81109300,16:19:00,2.4,4.0,81109300,16:19:00,2.4,4.0,81109300,16:19:00
201905020701,201905110501,2019-05-11,10:05:00,01,1.8,2.5,6414400.0,09:01:00,1.8,2.7,9294600,09:31:00,1.8,2.7,16335000,09:54:00,1.7,2.5,22640500,09:59:00,1.7,2.5,22640500,09:59:00,1.7,2.5,22640500,09:59:00
201905020701,201905110501,2019-05-11,10:05:00,02,4.6,7.0,6414400.0,09:01:00,4.4,6.8,9294600,09:31:00,4.3,6.8,16335000,09:54:00,4.4,6.8,22640500,09:59:00,4.4,6.8,22640500,09:59:00,4.4,6.8,22640500,09:59:00
201905020701,201905110501,2019-05-11,10:05:00,03,23.8,36.9,6414400.0,09:01:00,23.5,38.2,9294600,09:31:00,28.4,47.0,16335000,09:54:00,33.2,53.8,22640500,09:59:00,33.2,53.8,22640500,09:59:00,33.2,53.8,22640500,09:59:00
201905020701,201905110501,2019-05-11,10:05:00,04,30.8,47.8,6414400.0,09:01:00,31.7,51.6,9294600,09:31:00,31.9,52.7,16335000,09:54:00,38.6,62.6,22640500,09:59:00,38.6,62.6,22640500,09:59:00,38.6,62.6,22640500,09:59:00
201905020701,201905110501,2019-05-11,10:05:00,05,2.6,3.8,6414400.0,09:01:00,2.6,4.0,9294600,09:31:00,2.6,3.9,16335000,09:54:00,2.6,3.9,22640500,09:59:00,2.6,3.9,22640500,09:59:00,2.6,3.9,22640500,09:59:00
201905020701,201905110501,2019-05-11,10:05:00,06,1.3,1.6,6414400.0,09:01:00,1.3,1.5,9294600,09:31:00,1.2,1.5,16335000,09:54:00,1.3,1.6,22640500,09:59:00,1.3,1.6,22640500,09:59:00,1.3,1.6,22640500,09:59:00
201905020701,201905110501,2019-05-11,10:05:00,07,1.8,2.6,6414400.0,09:01:00,1.8,2.6,9294600,09:31:00,2.0,2.9,16335000,09:54:00,1.8,2.7,22640500,09:59:00,1.8,2.7,22640500,09:59:00,1.8,2.7,22640500,09:59:00
201905020701,201905110501,2019-05-11,10:05:00,08,16.2,25.0,6414400.0,09:01:00,13.9,22.6,9294600,09:31:00,15.9,26.1,16335000,09:54:00,17.7,28.6,22640500,09:59:00,17.7,28.6,22640500,09:59:00,17.7,28.6,22640500,09:59:00
201905020701,201905110501,2019-05-11,10:05:00,09,16.5,25.5,6414400.0,09:01:00,16.8,27.2,9294600,09:31:00,15.2,25.0,16335000,09:54:00,15.1,24.3,22640500,09:59:00,15.1,24.3,22640500,09:59:00,15.1,24.3,22640500,09:59:00
201905020701,201905110501,2019-05-11,10:05:00,10,14.1,21.7,6414400.0,09:01:00,13.6,22.1,9294600,09:31:00,14.7,24.1,16335000,09:54:00,16.9,27.3,22640500,09:59:00,16.9,27.3,22640500,09:59:00,16.9,27.3,22640500,09:59:00
201905020701,201905110501,2019-05-11,10:05:00,11,2.5,3.6,6414400.0,09:01:00,2.5,3.7,9294600,09:31:00,2.3,3.5,16335000,09:54:00,2.4,3.5,22640500,09:59:00,2.4,3.5,22640500,09:59:00,2.4,3.5,22640500,09:59:00
201905020701,201905110501,2019-05-11,10:05:00,12,5.2,7.9,6414400.0,09:01:00,5.4,8.5,9294600,09:31:00,5.6,9.0,16335000,09:54:00,6.2,9.8,22640500,09:59:00,6.2,9.8,22640500,09:59:00,6.2,9.8,22640500,09:59:00
201905020701,201905110501,2019-05-11,10:05:00,13,2.5,3.7,6414400.0,09:01:00,2.5,3.8,9294600,09:31:00,2.4,3.7,16335000,09:54:00,2.5,3.7,22640500,09:59:00,2.5,3.7,22640500,09:59:00,2.5,3.7,22640500,09:59:00
201905020701,201905110501,2019-05-11,10:05:00,14,35.1,54.4,6414400.0,09:01:00,34.2,55.6,9294600,09:31:00,33.3,55.1,16335000,09:54:00,40.1,65.0,22640500,09:59:00,40.1,65.0,22640500,09:59:00,40.1,65.0,22640500,09:59:00
201905020701,201905110501,2019-05-11,10:05:00,15,1.8,2.5,6414400.0,09:01:00,1.6,2.3,9294600,09:31:00,1.6,2.3,16335000,09:54:00,1.6,2.3,22640500,09:59:00,1.6,2.3,22640500,09:59:00,1.6,2.3,22640500,09:59:00
201905020702,201905110502,2019-05-11,10:35:00,01,29.2,159.6,11893000.0,09:28:00,31.5,210.5,22317100,10:04:00,43.0,250.8,47959600,10:24:00,47.1,281.7,72270100,10:29:00,47.1,281.7,72270100,10:29:00,47.1,281.7,72270100,10:29:00
201905020702,201905110502,2019-05-11,10:35:00,02,9.5,50.7,11893000.0,09:28:00,11.6,75.7,22317100,10:04:00,18.2,104.6,47959600,10:24:00,19.1,112.9,72270100,10:29:00,19.1,112.9,72270100,10:29:00,19.1,112.9,72270100,10:29:00
201905020702,201905110502,2019-05-11,10:35:00,03,1.6,6.4,11893000.0,09:28:00,1.6,8.0,22317100,10:04:00,1.4,5.4,47959600,10:24:00,1.4,5.8,72270100,10:29:00,1.4,5.8,72270100,10:29:00,1.4,5.8,72270100,10:29:00
201905020702,201905110502,2019-05-11,10:35:00,04,13.7,73.7,11893000.0,09:28:00,13.3,87.2,22317100,10:04:00,17.0,97.7,47959600,10:24:00,19.3,114.1,72270100,10:29:00,19.3,114.1,72270100,10:29:00,19.3,114.1,72270100,10:29:00
201905020702,201905110502,2019-05-11,10:35:00,05,13.6,73.0,11893000.0,09:28:00,15.7,103.3,22317100,10:04:00,20.3,117.0,47959600,10:24:00,22.7,134.9,72270100,10:29:00,22.7,134.9,72270100,10:29:00,22.7,134.9,72270100,10:29:00
201905020702,201905110502,2019-05-11,10:35:00,06,3.5,17.4,11893000.0,09:28:00,3.7,22.4,22317100,10:04:00,3.7,19.5,47959600,10:24:00,3.8,20.6,72270100,10:29:00,3.8,20.6,72270100,10:29:00,3.8,20.6,72270100,10:29:00
201905020702,201905110502,2019-05-11,10:35:00,07,3.0,14.2,11893000.0,09:28:00,3.1,18.5,22317100,10:04:00,2.6,12.7,47959600,10:24:00,2.3,11.6,72270100,10:29:00,2.3,11.6,72270100,10:29:00,2.3,11.6,72270100,10:29:00
201905020702,201905110502,2019-05-11,10:35:00,08,13.7,73.9,11893000.0,09:28:00,13.7,89.9,22317100,10:04:00,18.7,107.8,47959600,10:24:00,23.1,136.9,72270100,10:29:00,23.1,136.9,72270100,10:29:00,23.1,136.9,72270100,10:29:00
201905020702,201905110502,2019-05-11,10:35:00,09,15.7,84.8,11893000.0,09:28:00,18.1,120.0,22317100,10:04:00,27.7,160.8,47959600,10:24:00,33.4,199.2,72270100,10:29:00,33.4,199.2,72270100,10:29:00,33.4,199.2,72270100,10:29:00
201905020702,201905110502,2019-05-11,10:35:00,10,2.4,11.1,11893000.0,09:28:00,2.2,12.4,22317100,10:04:00,2.5,12.3,47959600,10:24:00,2.6,13.3,72270100,10:29:00,2.6,13.3,72270100,10:29:00,2.6,13.3,72270100,10:29:00
201905020702,201905110502,2019-05-11,10:35:00,11,6.6,34.3,11893000.0,09:28:00,6.2,39.4,22317100,10:04:00,7.3,40.5,47959600,10:24:00,7.8,44.6,72270100,10:29:00,7.8,44.6,72270100,10:29:00,7.8,44.6,72270100,10:29:00
201905020702,201905110502,2019-05-11,10:35:00,12,4.8,24.4,11893000.0,09:28:00,4.8,29.6,22317100,10:04:00,5.5,30.0,47959600,10:24:00,5.1,28.5,72270100,10:29:00,5.1,28.5,72270100,10:29:00,5.1,28.5,72270100,10:29:00
201905020702,201905110502,2019-05-11,10:35:00,13,1.1,1.1,11893000.0,09:28:00,1.0,1.1,22317100,10:04:00,1.1,1.1,47959600,10:24:00,1.1,1.1,72270100,10:29:00,1.1,1.1,72270100,10:29:00,1.1,1.1,72270100,10:29:00
201905020702,201905110502,2019-05-11,10:35:00,14,13.1,70.3,11893000.0,09:28:00,9.7,63.0,22317100,10:04:00,11.3,64.3,47959600,10:24:00,11.5,67.3,72270100,10:29:00,11.5,67.3,72270100,10:29:00,11.5,67.3,72270100,10:29:00
201905020702,201905110502,2019-05-11,10:35:00,15,1.8,7.9,11893000.0,09:28:00,2.0,10.5,22317100,10:04:00,1.8,8.0,47959600,10:24:00,1.6,7.4,72270100,10:29:00,1.6,7.4,72270100,10:29:00,1.6,7.4,72270100,10:29:00
201905020702,201905110502,2019-05-11,10:35:00,16,1.7,7.1,11893000.0,09:28:00,1.5,7.2,22317100,10:04:00,1.5,6.7,47959600,10:24:00,1.6,7.4,72270100,10:29:00,1.6,7.4,72270100,10:29:00,1.6,7.4,72270100,10:29:00
201905020703,201905110503,2019-05-11,11:05:00,01,6.5,13.6,4675200.0,10:04:00,7.2,14.5,5771700,10:29:00,11.4,23.1,15104000,10:54:00,14.2,34.7,26415600,10:59:00,14.2,34.7,26415600,10:59:00,18.9,55.2,68112800,11:04:00
201905020703,201905110503,2019-05-11,11:05:00,02,6.3,13.3,4675200.0,10:04:00,7.2,14.4,5771700,10:29:00,9.5,19.0,15104000,10:54:00,12.0,29.3,26415600,10:59:00,12.0,29.3,26415600,10:59:00,17.2,50.3,68112800,11:04:00
201905020703,201905110503,2019-05-11,11:05:00,03,1.9,3.5,4675200.0,10:04:00,2.0,3.6,5771700,10:29:00,1.8,3.1,15104000,10:54:00,1.7,3.5,26415600,10:59:00,1.7,3.5,26415600,10:59:00,1.5,3.5,68112800,11:04:00
201905020703,201905110503,2019-05-11,11:05:00,04,2.5,4.9,4675200.0,10:04:00,2.7,5.1,5771700,10:29:00,3.8,7.3,15104000,10:54:00,4.0,9.3,26415600,10:59:00,4.0,9.3,26415600,10:59:00,3.5,9.6,68112800,11:04:00
201905020703,201905110503,2019-05-11,11:05:00,05,1.1,1.1,4675200.0,10:04:00,1.1,1.1,5771700,10:29:00,1.1,1.1,15104000,10:54:00,1.1,1.1,26415600,10:59:00,1.1,1.1,26415600,10:59:00,1.1,1.1,68112800,11:04:00
201905020703,201905110503,2019-05-11,11:05:00,06,12.5,26.9,4675200.0,10:04:00,13.6,27.8,5771700,10:29:00,15.1,30.7,15104000,10:54:00,16.7,41.1,26415600,10:59:00,16.7,41.1,26415600,10:59:00,21.2,62.1,68112800,11:04:00
201905020703,201905110503,2019-05-11,11:05:00,07,6.5,13.8,4675200.0,10:04:00,5.5,10.8,5771700,10:29:00,7.0,14.0,15104000,10:54:00,7.5,18.1,26415600,10:59:00,7.5,18.1,26415600,10:59:00,9.1,26.0,68112800,11:04:00
201905020703,201905110503,2019-05-11,11:05:00,08,7.0,14.8,4675200.0,10:04:00,8.1,16.3,5771700,10:29:00,11.3,22.8,15104000,10:54:00,11.6,28.4,26415600,10:59:00,11.6,28.4,26415600,10:59:00,8.0,22.8,68112800,11:04:00
201905020703,201905110503,2019-05-11,11:05:00,09,27.5,59.5,4675200.0,10:04:00,30.4,62.4,5771700,10:29:00,33.5,68.3,15104000,10:54:00,41.9,103.6,26415600,10:59:00,41.9,103.6,26415600,10:59:00,62.3,184.2,68112800,11:04:00
201905020703,201905110503,2019-05-11,11:05:00,10,2.9,5.7,4675200.0,10:04:00,2.3,4.3,5771700,10:29:00,2.9,5.5,15104000,10:54:00,3.0,6.9,26415600,10:59:00,3.0,6.9,26415600,10:59:00,2.6,6.9,68112800,11:04:00
201905020703,201905110503,2019-05-11,11:05:00,11,2.1,4.0,4675200.0,10:04:00,2.2,4.0,5771700,10:29:00,1.7,3.1,15104000,10:54:00,1.7,3.6,26415600,10:59:00,1.7,3.6,26415600,10:59:00,1.7,4.2,68112800,11:04:00
201905020703,201905110503,2019-05-11,11:05:00,12,2.4,4.6,4675200.0,10:04:00,2.3,4.2,5771700,10:29:00,1.7,3.1,15104000,10:54:00,1.5,3.0,26415600,10:59:00,1.5,3.0,26415600,10:59:00,1.5,3.5,68112800,11:04:00
201905020703,201905110503,2019-05-11,11:05:00,13,22.4,48.5,4675200.0,10:04:00,26.1,53.4,5771700,10:29:00,30.8,62.9,15104000,10:54:00,37.4,92.3,26415600,10:59:00,37.4,92.3,26415600,10:59:00,55.7,164.4,68112800,11:04:00
201905020703,201905110503,2019-05-11,11:05:00,14,4.7,9.8,4675200.0,10:04:00,4.3,8.5,5771700,10:29:00,4.8,9.4,15104000,10:54:00,4.7,11.0,26415600,10:59:00,4.7,11.0,26415600,10:59:00,4.7,11.0,68112800,11:04:00
201905020703,201905110503,2019-05-11,11:05:00,15,4.3,8.9,4675200.0,10:04:00,4.6,9.0,5771700,10:29:00,3.2,6.1,15104000,10:54:00,2.8,6.4,26415600,10:59:00,2.8,6.4,26415600,10:59:00,3.0,8.0,68112800,11:04:00
201905020703,201905110503,2019-05-11,11:05:00,16,3.3,6.6,4675200.0,10:04:00,3.6,7.0,5771700,10:29:00,4.3,8.4,15104000,10:54:00,4.2,9.8,26415600,10:59:00,4.2,9.8,26415600,10:59:00,3.6,9.6,68112800,11:04:00
201905020704,201905110504,2019-05-11,11:35:00,01,9.9,15.1,4216600.0,10:30:00,11.0,17.1,5654100,11:00:00,8.5,13.4,13636800,11:24:00,9.2,14.5,22935100,11:30:00,9.2,14.5,22935100,11:30:00,9.2,14.5,22935100,11:30:00
201905020704,201905110504,2019-05-11,11:35:00,02,11.5,17.5,4216600.0,10:30:00,9.7,15.2,5654100,11:00:00,14.9,23.6,13636800,11:24:00,20.9,33.5,22935100,11:30:00,20.9,33.5,22935100,11:30:00,20.9,33.5,22935100,11:30:00
201905020704,201905110504,2019-05-11,11:35:00,03,11.2,17.1,4216600.0,10:30:00,13.3,20.8,5654100,11:00:00,13.3,21.1,13636800,11:24:00,14.1,22.5,22935100,11:30:00,14.1,22.5,22935100,11:30:00,14.1,22.5,22935100,11:30:00
201905020704,201905110504,2019-05-11,11:35:00,04,2.5,3.6,4216600.0,10:30:00,2.4,3.5,5654100,11:00:00,2.3,3.4,13636800,11:24:00,2.2,3.2,22935100,11:30:00,2.2,3.2,22935100,11:30:00,2.2,3.2,22935100,11:30:00
201905020704,201905110504,2019-05-11,11:35:00,05,25.6,39.1,4216600.0,10:30:00,28.7,45.1,5654100,11:00:00,28.0,44.4,13636800,11:24:00,35.9,57.7,22935100,11:30:00,35.9,57.7,22935100,11:30:00,35.9,57.7,22935100,11:30:00
201905020704,201905110504,2019-05-11,11:35:00,06,2.1,3.0,4216600.0,10:30:00,2.2,3.3,5654100,11:00:00,2.0,2.9,13636800,11:24:00,1.8,2.5,22935100,11:30:00,1.8,2.5,22935100,11:30:00,1.8,2.5,22935100,11:30:00
201905020704,201905110504,2019-05-11,11:35:00,07,2.0,2.8,4216600.0,10:30:00,2.0,2.9,5654100,11:00:00,1.8,2.5,13636800,11:24:00,1.8,2.5,22935100,11:30:00,1.8,2.5,22935100,11:30:00,1.8,2.5,22935100,11:30:00
201905020704,201905110504,2019-05-11,11:35:00,08,10.6,16.2,4216600.0,10:30:00,11.7,18.4,5654100,11:00:00,11.6,18.2,13636800,11:24:00,14.8,23.7,22935100,11:30:00,14.8,23.7,22935100,11:30:00,14.8,23.7,22935100,11:30:00
201905020704,201905110504,2019-05-11,11:35:00,09,1.6,2.0,4216600.0,10:30:00,1.4,1.8,5654100,11:00:00,1.3,1.7,13636800,11:24:00,1.3,1.6,22935100,11:30:00,1.3,1.6,22935100,11:30:00,1.3,1.6,22935100,11:30:00
201905020704,201905110504,2019-05-11,11:35:00,10,1.9,2.7,4216600.0,10:30:00,1.7,2.5,5654100,11:00:00,2.1,3.1,13636800,11:24:00,2.3,3.4,22935100,11:30:00,2.3,3.4,22935100,11:30:00,2.3,3.4,22935100,11:30:00
201905020704,201905110504,2019-05-11,11:35:00,11,1.5,1.8,4216600.0,10:30:00,1.5,1.9,5654100,11:00:00,1.5,2.1,13636800,11:24:00,1.5,2.1,22935100,11:30:00,1.5,2.1,22935100,11:30:00,1.5,2.1,22935100,11:30:00
201905020704,201905110504,2019-05-11,11:35:00,12,20.4,31.2,4216600.0,10:30:00,21.0,32.9,5654100,11:00:00,20.8,32.9,13636800,11:24:00,26.8,43.0,22935100,11:30:00,26.8,43.0,22935100,11:30:00,26.8,43.0,22935100,11:30:00
201905020704,201905110504,2019-05-11,11:35:00,13,8.7,13.3,4216600.0,10:30:00,10.1,15.8,5654100,11:00:00,14.4,22.8,13636800,11:24:00,19.1,30.6,22935100,11:30:00,19.1,30.6,22935100,11:30:00,19.1,30.6,22935100,11:30:00
201905020704,201905110504,2019-05-11,11:35:00,14,2.6,3.8,4216600.0,10:30:00,2.8,4.2,5654100,11:00:00,2.6,3.9,13636800,11:24:00,2.6,3.9,22935100,11:30:00,2.6,3.9,22935100,11:30:00,2.6,3.9,22935100,11:30:00
201905020704,201905110504,2019-05-11,11:35:00,15,4.8,7.1,4216600.0,10:30:00,5.3,8.2,5654100,11:00:00,6.8,10.6,13636800,11:24:00,8.3,13.1,22935100,11:30:00,8.3,13.1,22935100,11:30:00,8.3,13.1,22935100,11:30:00
201905020705,201905110505,2019-05-11,12:25:00,01,10.5,16.5,5187200.0,11:21:00,12.3,22.5,12265200,11:55:00,16.7,29.3,19927700,12:14:00,20.7,37.0,28575300,12:20:00,20.7,37.0,28575300,12:20:00,20.7,37.0,28575300,12:20:00
201905020705,201905110505,2019-05-11,12:25:00,02,2.8,4.1,5187200.0,11:21:00,3.5,6.2,12265200,11:55:00,3.8,6.4,19927700,12:14:00,4.0,6.8,28575300,12:20:00,4.0,6.8,28575300,12:20:00,4.0,6.8,28575300,12:20:00
201905020705,201905110505,2019-05-11,12:25:00,03,3.5,5.3,5187200.0,11:21:00,5.0,8.9,12265200,11:55:00,4.9,8.4,19927700,12:14:00,5.3,9.1,28575300,12:20:00,5.3,9.1,28575300,12:20:00,5.3,9.1,28575300,12:20:00
201905020705,201905110505,2019-05-11,12:25:00,04,14.1,22.3,5187200.0,11:21:00,20.3,37.4,12265200,11:55:00,24.8,43.5,19927700,12:14:00,28.2,50.5,28575300,12:20:00,28.2,50.5,28575300,12:20:00,28.2,50.5,28575300,12:20:00
201905020705,201905110505,2019-05-11,12:25:00,05,8.2,12.8,5187200.0,11:21:00,16.5,30.4,12265200,11:55:00,18.1,31.8,19927700,12:14:00,23.3,41.7,28575300,12:20:00,23.3,41.7,28575300,12:20:00,23.3,41.7,28575300,12:20:00
201905020705,201905110505,2019-05-11,12:25:00,06,3.1,4.7,5187200.0,11:21:00,2.7,4.7,12265200,11:55:00,2.3,3.7,19927700,12:14:00,2.4,3.9,28575300,12:20:00,2.4,3.9,28575300,12:20:00,2.4,3.9,28575300,12:20:00
201905020705,201905110505,2019-05-11,12:25:00,07,45.8,72.7,5187200.0,11:21:00,58.0,107.6,12265200,11:55:00,79.0,139.0,19927700,12:14:00,86.7,155.5,28575300,12:20:00,86.7,155.5,28575300,12:20:00,86.7,155.5,28575300,12:20:00
201905020705,201905110505,2019-05-11,12:25:00,08,7.7,12.0,5187200.0,11:21:00,10.4,19.0,12265200,11:55:00,11.2,19.4,19927700,12:14:00,12.7,22.6,28575300,12:20:00,12.7,22.6,28575300,12:20:00,12.7,22.6,28575300,12:20:00
201905020705,201905110505,2019-05-11,12:25:00,09,13.1,20.8,5187200.0,11:21:00,16.9,31.2,12265200,11:55:00,19.7,34.6,19927700,12:14:00,23.3,41.7,28575300,12:20:00,23.3,41.7,28575300,12:20:00,23.3,41.7,28575300,12:20:00
201905020705,201905110505,2019-05-11,12:25:00,10,1.9,2.7,5187200.0,11:21:00,1.4,2.2,12265200,11:55:00,1.5,2.3,19927700,12:14:00,1.3,2.0,28575300,12:20:00,1.3,2.0,28575300,12:20:00,1.3,2.0,28575300,12:20:00
201905020705,201905110505,2019-05-11,12:25:00,11,18.2,28.9,5187200.0,11:21:00,25.8,47.7,12265200,11:55:00,29.9,52.6,19927700,12:14:00,27.2,48.7,28575300,12:20:00,27.2,48.7,28575300,12:20:00,27.2,48.7,28575300,12:20:00
201905020705,201905110505,2019-05-11,12:25:00,12,7.4,11.5,5187200.0,11:21:00,7.8,14.2,12265200,11:55:00,6.6,11.3,19927700,12:14:00,5.7,9.9,28575300,12:20:00,5.7,9.9,28575300,12:20:00,5.7,9.9,28575300,12:20:00
201905020705,201905110505,2019-05-11,12:25:00,13,12.0,19.0,5187200.0,11:21:00,14.4,26.5,12265200,11:55:00,14.3,25.0,19927700,12:14:00,17.1,30.5,28575300,12:20:00,17.1,30.5,28575300,12:20:00,17.1,30.5,28575300,12:20:00
201905020705,201905110505,2019-05-11,12:25:00,14,18.4,29.2,5187200.0,11:21:00,26.7,49.5,12265200,11:55:00,33.4,58.7,19927700,12:14:00,37.3,66.7,28575300,12:20:00,37.3,66.7,28575300,12:20:00,37.3,66.7,28575300,12:20:00
201905020705,201905110505,2019-05-11,12:25:00,15,1.3,1.7,5187200.0,11:21:00,1.1,1.3,12265200,11:55:00,1.1,1.5,19927700,12:14:00,1.1,1.5,28575300,12:20:00,1.1,1.5,28575300,12:20:00,1.1,1.5,28575300,12:20:00
201905020705,201905110505,2019-05-11,12:25:00,16,1.5,2.1,5187200.0,11:21:00,1.5,2.4,12265200,11:55:00,1.4,2.1,19927700,12:14:00,1.3,1.9,28575300,12:20:00,1.3,1.9,28575300,12:20:00,1.3,1.9,28575300,12:20:00
201905020705,201905110505,2019-05-11,12:25:00,17,1.5,2.1,5187200.0,11:21:00,1.4,2.1,12265200,11:55:00,1.4,2.1,19927700,12:14:00,1.5,2.4,28575300,12:20:00,1.5,2.4,28575300,12:20:00,1.5,2.4,28575300,12:20:00
201905020706,201905110506,2019-05-11,12:55:00,01,2.3,2.9,6094900.0,11:52:00,2.6,3.2,8087900,12:22:00,2.4,3.2,17918200,12:44:00,2.6,3.5,28766300,12:50:00,2.6,3.5,28766300,12:50:00,2.6,3.5,28766300,12:50:00
201905020706,201905110506,2019-05-11,12:55:00,02,3.8,4.9,6094900.0,11:52:00,4.5,5.8,8087900,12:22:00,4.7,6.4,17918200,12:44:00,4.6,6.4,28766300,12:50:00,4.6,6.4,28766300,12:50:00,4.6,6.4,28766300,12:50:00
201905020706,201905110506,2019-05-11,12:55:00,03,2.4,3.1,6094900.0,11:52:00,2.6,3.2,8087900,12:22:00,2.5,3.2,17918200,12:44:00,2.2,3.0,28766300,12:50:00,2.2,3.0,28766300,12:50:00,2.2,3.0,28766300,12:50:00
201905020706,201905110506,2019-05-11,12:55:00,04,2.8,3.5,6094900.0,11:52:00,2.4,3.0,8087900,12:22:00,2.2,2.8,17918200,12:44:00,1.8,2.2,28766300,12:50:00,1.8,2.2,28766300,12:50:00,1.8,2.2,28766300,12:50:00
201905020706,201905110506,2019-05-11,12:55:00,05,3.3,4.2,6094900.0,11:52:00,3.2,4.0,8087900,12:22:00,3.3,4.5,17918200,12:44:00,3.2,4.3,28766300,12:50:00,3.2,4.3,28766300,12:50:00,3.2,4.3,28766300,12:50:00
201905020706,201905110506,2019-05-11,12:55:00,06,12.6,16.4,6094900.0,11:52:00,13.0,16.9,8087900,12:22:00,15.6,21.5,17918200,12:44:00,19.7,27.7,28766300,12:50:00,19.7,27.7,28766300,12:50:00,19.7,27.7,28766300,12:50:00
201905020706,201905110506,2019-05-11,12:55:00,07,7.8,10.1,6094900.0,11:52:00,7.5,9.7,8087900,12:22:00,6.7,9.1,17918200,12:44:00,7.5,10.4,28766300,12:50:00,7.5,10.4,28766300,12:50:00,7.5,10.4,28766300,12:50:00
201905020706,201905110506,2019-05-11,12:55:00,08,13.0,16.9,6094900.0,11:52:00,14.2,18.4,8087900,12:22:00,16.2,22.3,17918200,12:44:00,17.2,24.2,28766300,12:50:00,17.2,24.2,28766300,12:50:00,17.2,24.2,28766300,12:50:00
201905020706,201905110506,2019-05-11,12:55:00,09,2.1,2.6,6094900.0,11:52:00,2.1,2.6,8087900,12:22:00,2.2,2.9,17918200,12:44:00,2.3,3.1,28766300,12:50:00,2.3,3.1,28766300,12:50:00,2.3,3.1,28766300,12:50:00
201905020706,201905110506,2019-05-11,12:55:00,10,8.8,11.4,6094900.0,11:52:00,9.8,12.7,8087900,12:22:00,12.3,16.9,17918200,12:44:00,14.8,20.8,28766300,12:50:00,14.8,20.8,28766300,12:50:00,14.8,20.8,28766300,12:50:00
201905020706,201905110506,2019-05-11,12:55:00,11,4.4,5.6,6094900.0,11:52:00,4.8,6.1,8087900,12:22:00,6.0,8.1,17918200,12:44:00,6.6,9.1,28766300,12:50:00,6.6,9.1,28766300,12:50:00,6.6,9.1,28766300,12:50:00
201905020706,201905110506,2019-05-11,12:55:00,12,7.6,9.8,6094900.0,11:52:00,7.1,9.2,8087900,12:22:00,6.4,8.7,17918200,12:44:00,6.9,9.6,28766300,12:50:00,6.9,9.6,28766300,12:50:00,6.9,9.6,28766300,12:50:00
201905020706,201905110506,2019-05-11,12:55:00,13,2.2,2.7,6094900.0,11:52:00,2.1,2.6,8087900,12:22:00,2.1,2.8,17918200,12:44:00,1.9,2.5,28766300,12:50:00,1.9,2.5,28766300,12:50:00,1.9,2.5,28766300,12:50:00
201905020706,201905110506,2019-05-11,12:55:00,14,11.3,14.7,6094900.0,11:52:00,12.2,15.9,8087900,12:22:00,8.3,11.4,17918200,12:44:00,9.3,13.0,28766300,12:50:00,9.3,13.0,28766300,12:50:00,9.3,13.0,28766300,12:50:00
201905020706,201905110506,2019-05-11,12:55:00,15,9.6,12.5,6094900.0,11:52:00,6.9,9.0,8087900,12:22:00,9.5,13.1,17918200,12:44:00,12.3,17.2,28766300,12:50:00,12.3,17.2,28766300,12:50:00,12.3,17.2,28766300,12:50:00
201905020706,201905110506,2019-05-11,12:55:00,16,1.9,2.3,6094900.0,11:52:00,1.9,2.3,8087900,12:22:00,1.6,1.9,17918200,12:44:00,1.7,2.1,28766300,12:50:00,1.7,2.1,28766300,12:50:00,1.7,2.1,28766300,12:50:00
201905020707,201905110507,2019-05-11,13:25:00,01,7.1,10.3,5094300.0,12:22:00,7.1,11.3,6978200,12:52:00,8.8,14.9,17355400,13:14:00,9.4,17.2,27751900,13:20:00,9.4,17.2,27751900,13:20:00,9.4,17.2,27751900,13:20:00
201905020707,201905110507,2019-05-11,13:25:00,02,2.7,3.8,5094300.0,12:22:00,2.8,4.2,6978200,12:52:00,3.1,5.0,17355400,13:14:00,2.9,5.0,27751900,13:20:00,2.9,5.0,27751900,13:20:00,2.9,5.0,27751900,13:20:00
201905020707,201905110507,2019-05-11,13:25:00,03,3.0,4.2,5094300.0,12:22:00,3.2,4.9,6978200,12:52:00,3.6,5.8,17355400,13:14:00,3.1,5.3,27751900,13:20:00,3.1,5.3,27751900,13:20:00,3.1,5.3,27751900,13:20:00
201905020707,201905110507,2019-05-11,13:25:00,04,10.7,15.5,5094300.0,12:22:00,11.8,19.0,6978200,12:52:00,17.7,30.6,17355400,13:14:00,19.5,36.3,27751900,13:20:00,19.5,36.3,27751900,13:20:00,19.5,36.3,27751900,13:20:00
201905020707,201905110507,2019-05-11,13:25:00,05,2.9,4.0,5094300.0,12:22:00,2.7,4.1,6978200,12:52:00,2.2,3.6,17355400,13:14:00,2.2,3.6,27751900,13:20:00,2.2,3.6,27751900,13:20:00,2.2,3.6,27751900,13:20:00
201905020707,201905110507,2019-05-11,13:25:00,06,2.9,4.1,5094300.0,12:22:00,2.8,4.2,6978200,12:52:00,1.7,2.6,17355400,13:14:00,1.7,2.8,27751900,13:20:00,1.7,2.8,27751900,13:20:00,1.7,2.8,27751900,13:20:00
201905020707,201905110507,2019-05-11,13:25:00,07,2.7,3.8,5094300.0,12:22:00,2.7,4.1,6978200,12:52:00,3.4,5.5,17355400,13:14:00,3.7,6.6,27751900,13:20:00,3.7,6.6,27751900,13:20:00,3.7,6.6,27751900,13:20:00
201905020707,201905110507,2019-05-11,13:25:00,08,1.4,1.6,5094300.0,12:22:00,1.2,1.4,6978200,12:52:00,1.2,1.5,17355400,13:14:00,1.2,1.5,27751900,13:20:00,1.2,1.5,27751900,13:20:00,1.2,1.5,27751900,13:20:00
201905020707,201905110507,2019-05-11,13:25:00,09,7.3,10.5,5094300.0,12:22:00,6.9,11.0,6978200,12:52:00,7.4,12.5,17355400,13:14:00,7.2,13.1,27751900,13:20:00,7.2,13.1,27751900,13:20:00,7.2,13.1,27751900,13:20:00
201905020707,201905110507,2019-05-11,13:25:00,10,2.3,3.0,5094300.0,12:22:00,2.0,2.8,6978200,12:52:00,1.4,2.0,17355400,13:14:00,1.3,1.7,27751900,13:20:00,1.3,1.7,27751900,13:20:00,1.3,1.7,27751900,13:20:00
201905020707,201905110507,2019-05-11,13:25:00,11,8.6,12.4,5094300.0,12:22:00,8.5,13.6,6978200,12:52:00,9.8,16.7,17355400,13:14:00,8.5,15.5,27751900,13:20:00,8.5,15.5,27751900,13:20:00,8.5,15.5,27751900,13:20:00
201905020707,201905110507,2019-05-11,13:25:00,12,5.0,7.2,5094300.0,12:22:00,4.9,7.7,6978200,12:52:00,5.0,8.4,17355400,13:14:00,5.1,9.2,27751900,13:20:00,5.1,9.2,27751900,13:20:00,5.1,9.2,27751900,13:20:00
201905020707,201905110507,2019-05-11,13:25:00,13,32.5,47.1,5094300.0,12:22:00,34.2,55.3,6978200,12:52:00,52.6,90.9,17355400,13:14:00,58.0,108.1,27751900,13:20:00,58.0,108.1,27751900,13:20:00,58.0,108.1,27751900,13:20:00
201905020707,201905110507,2019-05-11,13:25:00,14,6.1,8.7,5094300.0,12:22:00,6.3,10.1,6978200,12:52:00,6.8,11.4,17355400,13:14:00,7.7,14.0,27751900,13:20:00,7.7,14.0,27751900,13:20:00,7.7,14.0,27751900,13:20:00
201905020707,201905110507,2019-05-11,13:25:00,15,15.0,21.8,5094300.0,12:22:00,15.6,25.2,6978200,12:52:00,25.0,43.2,17355400,13:14:00,26.9,50.1,27751900,13:20:00,26.9,50.1,27751900,13:20:00,26.9,50.1,27751900,13:20:00
201905020707,201905110507,2019-05-11,13:25:00,16,3.9,5.5,5094300.0,12:22:00,4.2,6.5,6978200,12:52:00,6.3,10.7,17355400,13:14:00,7.3,13.3,27751900,13:20:00,7.3,13.3,27751900,13:20:00,7.3,13.3,27751900,13:20:00
201905020707,201905110507,2019-05-11,13:25:00,17,7.8,11.3,5094300.0,12:22:00,8.0,12.7,6978200,12:52:00,9.8,16.8,17355400,13:14:00,9.7,17.8,27751900,13:20:00,9.7,17.8,27751900,13:20:00,9.7,17.8,27751900,13:20:00
201905020707,201905110507,2019-05-11,13:25:00,18,5.8,8.3,5094300.0,12:22:00,6.3,10.0,6978200,12:52:00,7.5,12.7,17355400,13:14:00,8.0,14.5,27751900,13:20:00,8.0,14.5,27751900,13:20:00,8.0,14.5,27751900,13:20:00
201905020708,201905110508,2019-05-11,14:01:00,01,5.9,10.7,5154500.0,12:53:00,5.5,10.3,7719700,13:30:00,5.6,10.3,20968200,13:50:00,6.0,11.3,27905500,13:55:00,6.0,11.3,27905500,13:55:00,6.0,11.3,27905500,13:55:00
201905020708,201905110508,2019-05-11,14:01:00,02,1.7,2.7,5154500.0,12:53:00,1.5,2.4,7719700,13:30:00,1.5,2.4,20968200,13:50:00,1.5,2.6,27905500,13:55:00,1.5,2.6,27905500,13:55:00,1.5,2.6,27905500,13:55:00
201905020708,201905110508,2019-05-11,14:01:00,03,4.1,7.3,5154500.0,12:53:00,3.7,6.8,7719700,13:30:00,2.6,4.6,20968200,13:50:00,2.8,5.0,27905500,13:55:00,2.8,5.0,27905500,13:55:00,2.8,5.0,27905500,13:55:00
201905020708,201905110508,2019-05-11,14:01:00,04,4.8,8.5,5154500.0,12:53:00,4.7,8.7,7719700,13:30:00,4.2,7.7,20968200,13:50:00,3.9,7.3,27905500,13:55:00,3.9,7.3,27905500,13:55:00,3.9,7.3,27905500,13:55:00
201905020708,201905110508,2019-05-11,14:01:00,05,3.9,6.9,5154500.0,12:53:00,4.3,7.9,7719700,13:30:00,7.9,14.7,20968200,13:50:00,9.2,17.6,27905500,13:55:00,9.2,17.6,27905500,13:55:00,9.2,17.6,27905500,13:55:00
201905020708,201905110508,2019-05-11,14:01:00,06,17.2,31.6,5154500.0,12:53:00,15.3,29.5,7719700,13:30:00,25.2,47.8,20968200,13:50:00,28.3,55.1,27905500,13:55:00,28.3,55.1,27905500,13:55:00,28.3,55.1,27905500,13:55:00
201905020708,201905110508,2019-05-11,14:01:00,07,1.7,2.8,5154500.0,12:53:00,1.7,2.8,7719700,13:30:00,1.3,1.9,20968200,13:50:00,1.3,2.0,27905500,13:55:00,1.3,2.0,27905500,13:55:00,1.3,2.0,27905500,13:55:00
201905020708,201905110508,2019-05-11,14:01:00,08,2.6,4.5,5154500.0,12:53:00,2.7,4.8,7719700,13:30:00,2.7,4.8,20968200,13:50:00,2.4,4.3,27905500,13:55:00,2.4,4.3,27905500,13:55:00,2.4,4.3,27905500,13:55:00
201905020708,201905110508,2019-05-11,14:01:00,09,13.0,23.8,5154500.0,12:53:00,14.7,28.5,7719700,13:30:00,19.0,36.0,20968200,13:50:00,21.4,41.5,27905500,13:55:00,21.4,41.5,27905500,13:55:00,21.4,41.5,27905500,13:55:00
201905020708,201905110508,2019-05-11,14:01:00,10,3.1,5.4,5154500.0,12:53:00,3.1,5.6,7719700,13:30:00,3.0,5.3,20968200,13:50:00,2.8,5.0,27905500,13:55:00,2.8,5.0,27905500,13:55:00,2.8,5.0,27905500,13:55:00
201905020708,201905110508,2019-05-11,14:01:00,11,4.1,7.2,5154500.0,12:53:00,4.2,7.8,7719700,13:30:00,4.3,7.8,20968200,13:50:00,4.2,7.9,27905500,13:55:00,4.2,7.9,27905500,13:55:00,4.2,7.9,27905500,13:55:00
201905020708,201905110508,2019-05-11,14:01:00,12,5.6,10.0,5154500.0,12:53:00,6.7,12.6,7719700,13:30:00,9.9,18.5,20968200,13:50:00,9.9,19.0,27905500,13:55:00,9.9,19.0,27905500,13:55:00,9.9,19.0,27905500,13:55:00
201905020708,201905110508,2019-05-11,14:01:00,13,3.8,6.7,5154500.0,12:53:00,3.7,6.8,7719700,13:30:00,4.0,7.2,20968200,13:50:00,4.1,7.6,27905500,13:55:00,4.1,7.6,27905500,13:55:00,4.1,7.6,27905500,13:55:00
201905020708,201905110508,2019-05-11,14:01:00,14,10.8,19.8,5154500.0,12:53:00,13.3,25.7,7719700,13:30:00,21.2,40.2,20968200,13:50:00,22.3,43.3,27905500,13:55:00,22.3,43.3,27905500,13:55:00,22.3,43.3,27905500,13:55:00
201905020708,201905110508,2019-05-11,14:01:00,15,10.9,20.0,5154500.0,12:53:00,13.4,25.8,7719700,13:30:00,16.7,31.6,20968200,13:50:00,19.2,37.2,27905500,13:55:00,19.2,37.2,27905500,13:55:00,19.2,37.2,27905500,13:55:00
201905020708,201905110508,2019-05-11,14:01:00,16,1.1,1.2,5154500.0,12:53:00,1.1,1.2,7719700,13:30:00,1.1,1.3,20968200,13:50:00,1.1,1.3,27905500,13:55:00,1.1,1.3,27905500,13:55:00,1.1,1.3,27905500,13:55:00
201905020709,201905110509,2019-05-11,14:35:00,01,9.4,35.8,9069400.0,13:33:00,8.7,31.3,11856900,14:05:00,12.5,39.5,24807200,14:24:00,12.5,38.6,35683000,14:30:00,12.5,38.6,35683000,14:30:00,12.5,38.6,35683000,14:30:00
201905020709,201905110509,2019-05-11,14:35:00,02,1.2,3.4,9069400.0,13:33:00,1.2,3.1,11856900,14:05:00,1.3,3.0,24807200,14:24:00,1.2,2.9,35683000,14:30:00,1.2,2.9,35683000,14:30:00,1.2,2.9,35683000,14:30:00
201905020709,201905110509,2019-05-11,14:35:00,03,1.1,1.1,9069400.0,13:33:00,1.1,1.1,11856900,14:05:00,1.1,1.1,24807200,14:24:00,1.1,1.1,35683000,14:30:00,1.1,1.1,35683000,14:30:00,1.1,1.1,35683000,14:30:00
201905020709,201905110509,2019-05-11,14:35:00,04,4.5,16.6,9069400.0,13:33:00,5.5,19.2,11856900,14:05:00,8.7,27.2,24807200,14:24:00,10.2,31.4,35683000,14:30:00,10.2,31.4,35683000,14:30:00,10.2,31.4,35683000,14:30:00
201905020709,201905110509,2019-05-11,14:35:00,05,13.3,51.2,9069400.0,13:33:00,15.3,56.0,11856900,14:05:00,21.1,67.3,24807200,14:24:00,23.1,71.6,35683000,14:30:00,23.1,71.6,35683000,14:30:00,23.1,71.6,35683000,14:30:00
201905020709,201905110509,2019-05-11,14:35:00,06,1.6,5.2,9069400.0,13:33:00,1.8,5.4,11856900,14:05:00,1.9,5.2,24807200,14:24:00,1.9,5.0,35683000,14:30:00,1.9,5.0,35683000,14:30:00,1.9,5.0,35683000,14:30:00
201905020709,201905110509,2019-05-11,14:35:00,07,1.1,1.5,9069400.0,13:33:00,1.1,1.5,11856900,14:05:00,1.1,1.5,24807200,14:24:00,1.1,1.6,35683000,14:30:00,1.1,1.6,35683000,14:30:00,1.1,1.6,35683000,14:30:00
201905020709,201905110509,2019-05-11,14:35:00,08,3.1,11.2,9069400.0,13:33:00,3.3,11.1,11856900,14:05:00,2.6,7.3,24807200,14:24:00,2.6,7.0,35683000,14:30:00,2.6,7.0,35683000,14:30:00,2.6,7.0,35683000,14:30:00
201905020709,201905110509,2019-05-11,14:35:00,09,1.9,6.3,9069400.0,13:33:00,1.7,5.1,11856900,14:05:00,1.5,3.6,24807200,14:24:00,1.5,3.6,35683000,14:30:00,1.5,3.6,35683000,14:30:00,1.5,3.6,35683000,14:30:00
201905020710,201905110510,2019-05-11,15:10:00,01,2.0,3.1,8936200.0,14:10:00,1.8,2.8,10695400,14:36:00,1.6,2.8,26015800,14:59:00,1.5,3.1,38776700,15:04:00,1.5,3.1,38776700,15:04:00,1.5,3.1,38776700,15:04:00
201905020710,201905110510,2019-05-11,15:10:00,02,5.5,9.0,8936200.0,14:10:00,6.0,9.7,10695400,14:36:00,8.2,16.2,26015800,14:59:00,9.1,21.2,38776700,15:04:00,9.1,21.2,38776700,15:04:00,9.1,21.2,38776700,15:04:00
201905020710,201905110510,2019-05-11,15:10:00,03,2.4,3.8,8936200.0,14:10:00,2.3,3.6,10695400,14:36:00,2.7,5.0,26015800,14:59:00,2.8,6.1,38776700,15:04:00,2.8,6.1,38776700,15:04:00,2.8,6.1,38776700,15:04:00
201905020710,201905110510,2019-05-11,15:10:00,04,3.7,6.1,8936200.0,14:10:00,3.9,6.3,10695400,14:36:00,4.4,8.5,26015800,14:59:00,4.4,10.0,38776700,15:04:00,4.4,10.0,38776700,15:04:00,4.4,10.0,38776700,15:04:00
201905020710,201905110510,2019-05-11,15:10:00,05,1.3,1.8,8936200.0,14:10:00,1.3,1.8,10695400,14:36:00,1.2,2.0,26015800,14:59:00,1.3,2.3,38776700,15:04:00,1.3,2.3,38776700,15:04:00,1.3,2.3,38776700,15:04:00
201905020710,201905110510,2019-05-11,15:10:00,06,4.0,6.5,8936200.0,14:10:00,4.0,6.4,10695400,14:36:00,4.2,8.2,26015800,14:59:00,4.5,10.3,38776700,15:04:00,4.5,10.3,38776700,15:04:00,4.5,10.3,38776700,15:04:00
201905020710,201905110510,2019-05-11,15:10:00,07,1.3,1.9,8936200.0,14:10:00,1.3,1.9,10695400,14:36:00,1.3,2.2,26015800,14:59:00,1.3,2.4,38776700,15:04:00,1.3,2.4,38776700,15:04:00,1.3,2.4,38776700,15:04:00
201905020710,201905110510,2019-05-11,15:10:00,08,2.2,3.5,8936200.0,14:10:00,2.3,3.5,10695400,14:36:00,2.4,4.5,26015800,14:59:00,2.5,5.4,38776700,15:04:00,2.5,5.4,38776700,15:04:00,2.5,5.4,38776700,15:04:00
201905020710,201905110510,2019-05-11,15:10:00,09,1.1,1.4,8936200.0,14:10:00,1.1,1.4,10695400,14:36:00,1.1,1.2,26015800,14:59:00,1.1,1.1,38776700,15:04:00,1.1,1.1,38776700,15:04:00,1.1,1.1,38776700,15:04:00
201905020711,201905110511,2019-05-11,15:45:00,01,7.1,9.3,95734700.0,14:42:00,7.6,10.1,121710700,15:10:00,8.1,11.1,189452100,15:34:00,8.3,11.4,223530300,15:39:00,8.3,11.4,223530300,15:39:00,7.0,10.5,320417900,15:44:00
201905020711,201905110511,2019-05-11,15:45:00,02,5.4,7.1,95734700.0,14:42:00,5.6,7.4,121710700,15:10:00,5.9,8.0,189452100,15:34:00,6.0,8.1,223530300,15:39:00,6.0,8.1,223530300,15:39:00,5.1,7.6,320417900,15:44:00
201905020711,201905110511,2019-05-11,15:45:00,03,2.2,2.8,95734700.0,14:42:00,2.3,2.9,121710700,15:10:00,2.1,2.7,189452100,15:34:00,2.1,2.7,223530300,15:39:00,2.1,2.7,223530300,15:39:00,2.1,2.7,320417900,15:44:00
201905020711,201905110511,2019-05-11,15:45:00,04,2.3,2.9,95734700.0,14:42:00,2.4,3.0,121710700,15:10:00,2.2,2.8,189452100,15:34:00,2.1,2.7,223530300,15:39:00,2.1,2.7,223530300,15:39:00,1.7,2.4,320417900,15:44:00
201905020711,201905110511,2019-05-11,15:45:00,05,6.3,8.4,95734700.0,14:42:00,6.7,8.9,121710700,15:10:00,7.0,9.5,189452100,15:34:00,7.3,9.9,223530300,15:39:00,7.3,9.9,223530300,15:39:00,6.4,9.5,320417900,15:44:00
201905020711,201905110511,2019-05-11,15:45:00,06,2.4,3.0,95734700.0,14:42:00,2.3,3.0,121710700,15:10:00,2.2,2.9,189452100,15:34:00,2.1,2.8,223530300,15:39:00,2.1,2.8,223530300,15:39:00,1.6,2.2,320417900,15:44:00
201905020711,201905110511,2019-05-11,15:45:00,07,3.9,5.0,95734700.0,14:42:00,3.9,5.1,121710700,15:10:00,3.8,5.1,189452100,15:34:00,3.9,5.3,223530300,15:39:00,3.9,5.3,223530300,15:39:00,3.1,4.5,320417900,15:44:00
201905020711,201905110511,2019-05-11,15:45:00,08,3.7,4.8,95734700.0,14:42:00,3.7,4.8,121710700,15:10:00,3.9,5.3,189452100,15:34:00,4.2,5.6,223530300,15:39:00,4.2,5.6,223530300,15:39:00,3.8,5.5,320417900,15:44:00
201905020711,201905110511,2019-05-11,15:45:00,09,1.8,2.2,95734700.0,14:42:00,1.8,2.2,121710700,15:10:00,1.7,2.1,189452100,15:34:00,1.7,2.1,223530300,15:39:00,1.7,2.1,223530300,15:39:00,1.4,1.8,320417900,15:44:00
201905020711,201905110511,2019-05-11,15:45:00,10,11.4,15.2,95734700.0,14:42:00,12.3,16.4,121710700,15:10:00,13.4,18.5,189452100,15:34:00,13.2,18.1,223530300,15:39:00,13.2,18.1,223530300,15:39:00,12.0,18.1,320417900,15:44:00
201905020711,201905110511,2019-05-11,15:45:00,11,3.1,4.0,95734700.0,14:42:00,2.6,3.3,121710700,15:10:00,2.7,3.5,189452100,15:34:00,2.9,3.8,223530300,15:39:00,2.9,3.8,223530300,15:39:00,2.6,3.8,320417900,15:44:00
201905020711,201905110511,2019-05-11,15:45:00,12,3.1,4.1,95734700.0,14:42:00,3.2,4.2,121710700,15:10:00,3.6,4.8,189452100,15:34:00,3.8,5.1,223530300,15:39:00,3.8,5.1,223530300,15:39:00,3.4,5.0,320417900,15:44:00
201905020711,201905110511,2019-05-11,15:45:00,13,50.2,66.4,95734700.0,14:42:00,56.2,74.6,121710700,15:10:00,66.9,91.7,189452100,15:34:00,72.0,98.4,223530300,15:39:00,72.0,98.4,223530300,15:39:00,68.7,103.7,320417900,15:44:00
201905020711,201905110511,2019-05-11,15:45:00,14,5.7,7.5,95734700.0,14:42:00,6.0,7.9,121710700,15:10:00,6.5,8.8,189452100,15:34:00,5.9,8.1,223530300,15:39:00,5.9,8.1,223530300,15:39:00,5.6,8.3,320417900,15:44:00
201905020711,201905110511,2019-05-11,15:45:00,15,18.8,25.0,95734700.0,14:42:00,20.4,27.2,121710700,15:10:00,21.8,30.0,189452100,15:34:00,23.2,31.8,223530300,15:39:00,23.2,31.8,223530300,15:39:00,22.3,33.6,320417900,15:44:00
201905020711,201905110511,2019-05-11,15:45:00,16,2.9,3.7,95734700.0,14:42:00,3.0,3.9,121710700,15:10:00,2.7,3.6,189452100,15:34:00,2.6,3.4,223530300,15:39:00,2.6,3.4,223530300,15:39:00,2.2,3.2,320417900,15:44:00
201905020712,201905110512,2019-05-11,16:25:00,01,3.5,5.2,9070200.0,15:22:00,3.5,5.1,11325200,15:53:00,4.5,6.7,37408300,16:14:00,4.7,7.1,60153300,16:19:00,4.7,7.1,60153300,16:19:00,4.7,7.1,60153300,16:19:00
201905020712,201905110512,2019-05-11,16:25:00,02,1.9,2.7,9070200.0,15:22:00,1.9,2.6,11325200,15:53:00,1.8,2.5,37408300,16:14:00,1.9,2.7,60153300,16:19:00,1.9,2.7,60153300,16:19:00,1.9,2.7,60153300,16:19:00
201905020712,201905110512,2019-05-11,16:25:00,03,3.7,5.5,9070200.0,15:22:00,3.8,5.5,11325200,15:53:00,4.7,7.0,37408300,16:14:00,4.7,7.0,60153300,16:19:00,4.7,7.0,60153300,16:19:00,4.7,7.0,60153300,16:19:00
201905020712,201905110512,2019-05-11,16:25:00,04,6.7,10.2,9070200.0,15:22:00,7.1,10.6,11325200,15:53:00,8.4,12.6,37408300,16:14:00,9.0,13.9,60153300,16:19:00,9.0,13.9,60153300,16:19:00,9.0,13.9,60153300,16:19:00
201905020712,201905110512,2019-05-11,16:25:00,05,6.4,9.8,9070200.0,15:22:00,7.0,10.5,11325200,15:53:00,8.4,12.6,37408300,16:14:00,8.4,13.0,60153300,16:19:00,8.4,13.0,60153300,16:19:00,8.4,13.0,60153300,16:19:00
201905020712,201905110512,2019-05-11,16:25:00,06,7.9,12.1,9070200.0,15:22:00,8.5,12.8,11325200,15:53:00,9.7,14.6,37408300,16:14:00,8.6,13.3,60153300,16:19:00,8.6,13.3,60153300,16:19:00,8.6,13.3,60153300,16:19:00
201905020712,201905110512,2019-05-11,16:25:00,07,12.5,19.1,9070200.0,15:22:00,12.3,18.4,11325200,15:53:00,18.0,27.2,37408300,16:14:00,19.5,30.2,60153300,16:19:00,19.5,30.2,60153300,16:19:00,19.5,30.2,60153300,16:19:00
201905020712,201905110512,2019-05-11,16:25:00,08,10.4,15.8,9070200.0,15:22:00,11.0,16.5,11325200,15:53:00,14.5,22.0,37408300,16:14:00,19.0,29.4,60153300,16:19:00,19.0,29.4,60153300,16:19:00,19.0,29.4,60153300,16:19:00
201905020712,201905110512,2019-05-11,16:25:00,09,6.2,9.5,9070200.0,15:22:00,6.7,10.1,11325200,15:53:00,6.2,9.2,37408300,16:14:00,6.1,9.2,60153300,16:19:00,6.1,9.2,60153300,16:19:00,6.1,9.2,60153300,16:19:00
201905020712,201905110512,2019-05-11,16:25:00,10,6.6,10.0,9070200.0,15:22:00,7.3,10.9,11325200,15:53:00,12.1,18.4,37408300,16:14:00,13.6,21.0,60153300,16:19:00,13.6,21.0,60153300,16:19:00,13.6,21.0,60153300,16:19:00
201905020712,201905110512,2019-05-11,16:25:00,11,3.2,4.8,9070200.0,15:22:00,3.0,4.3,11325200,15:53:00,1.7,2.4,37408300,16:14:00,2.0,2.9,60153300,16:19:00,2.0,2.9,60153300,16:19:00,2.0,2.9,60153300,16:19:00
201905020712,201905110512,2019-05-11,16:25:00,12,1.3,1.5,9070200.0,15:22:00,1.3,1.5,11325200,15:53:00,1.3,1.6,37408300,16:14:00,1.3,1.6,60153300,16:19:00,1.3,1.6,60153300,16:19:00,1.3,1.6,60153300,16:19:00
201905020712,201905110512,2019-05-11,16:25:00,13,1.8,2.5,9070200.0,15:22:00,1.9,2.6,11325200,15:53:00,2.1,3.0,37408300,16:14:00,1.8,2.5,60153300,16:19:00,1.8,2.5,60153300,16:19:00,1.8,2.5,60153300,16:19:00
201905020712,201905110512,2019-05-11,16:25:00,14,4.0,5.9,9070200.0,15:22:00,3.8,5.5,11325200,15:53:00,4.0,5.9,37408300,16:14:00,3.5,5.1,60153300,16:19:00,3.5,5.1,60153300,16:19:00,3.5,5.1,60153300,16:19:00
201905020712,201905110512,2019-05-11,16:25:00,15,2.1,3.1,9070200.0,15:22:00,2.1,3.0,11325200,15:53:00,1.8,2.5,37408300,16:14:00,1.7,2.4,60153300,16:19:00,1.7,2.4,60153300,16:19:00,1.7,2.4,60153300,16:19:00
201905020712,201905110512,2019-05-11,16:25:00,16,6.6,10.0,9070200.0,15:22:00,6.2,9.2,11325200,15:53:00,10.5,16.0,37408300,16:14:00,11.7,18.0,60153300,16:19:00,11.7,18.0,60153300,16:19:00,11.7,18.0,60153300,16:19:00
201905020801,201905120501,2019-05-12,10:05:00,01,3.7,5.8,3262200.0,09:05:00,3.8,6.3,5709600,09:35:00,4.0,6.7,10747200,09:54:00,4.3,8.5,18686100,09:59:00,4.3,8.5,18686100,09:59:00,4.3,8.5,18686100,09:59:00
201905020801,201905120501,2019-05-12,10:05:00,02,36.9,59.5,3262200.0,09:05:00,39.5,68.2,5709600,09:35:00,45.7,78.7,10747200,09:54:00,49.6,102.4,18686100,09:59:00,49.6,102.4,18686100,09:59:00,49.6,102.4,18686100,09:59:00
201905020801,201905120501,2019-05-12,10:05:00,03,2.2,3.3,3262200.0,09:05:00,2.5,4.0,5709600,09:35:00,2.4,3.8,10747200,09:54:00,2.3,4.3,18686100,09:59:00,2.3,4.3,18686100,09:59:00,2.3,4.3,18686100,09:59:00
201905020801,201905120501,2019-05-12,10:05:00,04,13.9,22.3,3262200.0,09:05:00,15.0,25.9,5709600,09:35:00,16.3,28.0,10747200,09:54:00,19.0,39.0,18686100,09:59:00,19.0,39.0,18686100,09:59:00,19.0,39.0,18686100,09:59:00
201905020801,201905120501,2019-05-12,10:05:00,05,1.5,2.2,3262200.0,09:05:00,1.5,2.3,5709600,09:35:00,1.4,2.2,10747200,09:54:00,1.4,2.3,18686100,09:59:00,1.4,2.3,18686100,09:59:00,1.4,2.3,18686100,09:59:00
201905020801,201905120501,2019-05-12,10:05:00,06,1.2,1.5,3262200.0,09:05:00,1.2,1.5,5709600,09:35:00,1.2,1.5,10747200,09:54:00,1.1,1.3,18686100,09:59:00,1.1,1.3,18686100,09:59:00,1.1,1.3,18686100,09:59:00
201905020801,201905120501,2019-05-12,10:05:00,07,8.6,13.8,3262200.0,09:05:00,7.6,12.9,5709600,09:35:00,7.6,12.9,10747200,09:54:00,8.4,17.1,18686100,09:59:00,8.4,17.1,18686100,09:59:00,8.4,17.1,18686100,09:59:00
201905020801,201905120501,2019-05-12,10:05:00,08,9.2,14.8,3262200.0,09:05:00,9.7,16.7,5709600,09:35:00,9.5,16.2,10747200,09:54:00,10.3,21.1,18686100,09:59:00,10.3,21.1,18686100,09:59:00,10.3,21.1,18686100,09:59:00
201905020801,201905120501,2019-05-12,10:05:00,09,7.1,11.3,3262200.0,09:05:00,7.7,13.1,5709600,09:35:00,7.4,12.6,10747200,09:54:00,8.2,16.6,18686100,09:59:00,8.2,16.6,18686100,09:59:00,8.2,16.6,18686100,09:59:00
201905020801,201905120501,2019-05-12,10:05:00,10,11.7,18.6,3262200.0,09:05:00,11.7,18.6,5709600,09:35:00,11.7,18.6,10747200,09:54:00,11.7,18.6,18686100,09:59:00,11.7,18.6,18686100,09:59:00,11.7,18.6,18686100,09:59:00
201905020801,201905120501,2019-05-12,10:05:00,11,1.6,2.2,3262200.0,09:05:00,1.3,1.9,5709600,09:35:00,1.4,2.0,10747200,09:54:00,1.2,1.7,18686100,09:59:00,1.2,1.7,18686100,09:59:00,1.2,1.7,18686100,09:59:00
201905020801,201905120501,2019-05-12,10:05:00,12,3.6,5.5,3262200.0,09:05:00,3.5,5.7,5709600,09:35:00,3.4,5.6,10747200,09:54:00,3.2,6.1,18686100,09:59:00,3.2,6.1,18686100,09:59:00,3.2,6.1,18686100,09:59:00
201905020801,201905120501,2019-05-12,10:05:00,13,2.7,4.1,3262200.0,09:05:00,2.3,3.6,5709600,09:35:00,2.5,4.0,10747200,09:54:00,2.5,4.8,18686100,09:59:00,2.5,4.8,18686100,09:59:00,2.5,4.8,18686100,09:59:00
201905020801,201905120501,2019-05-12,10:05:00,14,7.7,12.4,3262200.0,09:05:00,7.8,13.4,5709600,09:35:00,7.9,13.4,10747200,09:54:00,9.0,18.3,18686100,09:59:00,9.0,18.3,18686100,09:59:00,9.0,18.3,18686100,09:59:00
201905020801,201905120501,2019-05-12,10:05:00,15,3.3,5.1,3262200.0,09:05:00,3.2,5.4,5709600,09:35:00,3.7,6.1,10747200,09:54:00,3.9,7.6,18686100,09:59:00,3.9,7.6,18686100,09:59:00,3.9,7.6,18686100,09:59:00
201905020801,201905120501,2019-05-12,10:05:00,16,6.7,10.7,3262200.0,09:05:00,8.5,14.6,5709600,09:35:00,8.8,15.1,10747200,09:54:00,10.1,20.6,18686100,09:59:00,10.1,20.6,18686100,09:59:00,10.1,20.6,18686100,09:59:00
201905020802,201905120502,2019-05-12,10:30:00,01,15.8,24.0,2929600.0,09:22:00,13.4,19.4,4678100,09:55:00,15.2,24.6,10308400,10:19:00,20.5,33.0,19102400,10:25:00,20.5,33.0,19102400,10:25:00,20.5,33.0,19102400,10:25:00
201905020802,201905120502,2019-05-12,10:30:00,02,1.5,1.9,2929600.0,09:22:00,1.6,2.0,4678100,09:55:00,1.4,1.8,10308400,10:19:00,1.3,1.7,19102400,10:25:00,1.3,1.7,19102400,10:25:00,1.3,1.7,19102400,10:25:00
201905020802,201905120502,2019-05-12,10:30:00,03,7.7,11.5,2929600.0,09:22:00,6.7,9.5,4678100,09:55:00,6.5,10.3,10308400,10:19:00,7.0,11.0,19102400,10:25:00,7.0,11.0,19102400,10:25:00,7.0,11.0,19102400,10:25:00
201905020802,201905120502,2019-05-12,10:30:00,04,3.9,5.8,2929600.0,09:22:00,3.8,5.3,4678100,09:55:00,3.2,4.9,10308400,10:19:00,3.4,5.2,19102400,10:25:00,3.4,5.2,19102400,10:25:00,3.4,5.2,19102400,10:25:00
201905020802,201905120502,2019-05-12,10:30:00,05,18.5,28.2,2929600.0,09:22:00,16.3,23.6,4678100,09:55:00,21.0,34.0,10308400,10:19:00,24.3,39.0,19102400,10:25:00,24.3,39.0,19102400,10:25:00,24.3,39.0,19102400,10:25:00
201905020802,201905120502,2019-05-12,10:30:00,06,1.7,2.4,2929600.0,09:22:00,1.9,2.5,4678100,09:55:00,1.7,2.5,10308400,10:19:00,1.5,2.1,19102400,10:25:00,1.5,2.1,19102400,10:25:00,1.5,2.1,19102400,10:25:00
201905020802,201905120502,2019-05-12,10:30:00,07,1.9,2.6,2929600.0,09:22:00,1.9,2.6,4678100,09:55:00,2.0,2.9,10308400,10:19:00,2.0,2.9,19102400,10:25:00,2.0,2.9,19102400,10:25:00,2.0,2.9,19102400,10:25:00
201905020802,201905120502,2019-05-12,10:30:00,08,4.3,6.4,2929600.0,09:22:00,3.5,4.9,4678100,09:55:00,3.9,6.0,10308400,10:19:00,4.2,6.5,19102400,10:25:00,4.2,6.5,19102400,10:25:00,4.2,6.5,19102400,10:25:00
201905020802,201905120502,2019-05-12,10:30:00,09,3.9,5.7,2929600.0,09:22:00,3.5,4.9,4678100,09:55:00,3.5,5.4,10308400,10:19:00,4.1,6.3,19102400,10:25:00,4.1,6.3,19102400,10:25:00,4.1,6.3,19102400,10:25:00
201905020802,201905120502,2019-05-12,10:30:00,10,19.1,29.1,2929600.0,09:22:00,13.1,18.9,4678100,09:55:00,18.3,29.6,10308400,10:19:00,22.7,36.4,19102400,10:25:00,22.7,36.4,19102400,10:25:00,22.7,36.4,19102400,10:25:00
201905020802,201905120502,2019-05-12,10:30:00,11,1.5,2.0,2929600.0,09:22:00,1.6,2.1,4678100,09:55:00,1.4,1.8,10308400,10:19:00,1.4,2.0,19102400,10:25:00,1.4,2.0,19102400,10:25:00,1.4,2.0,19102400,10:25:00
201905020802,201905120502,2019-05-12,10:30:00,12,2.5,3.6,2929600.0,09:22:00,2.8,3.9,4678100,09:55:00,2.7,4.0,10308400,10:19:00,2.5,3.8,19102400,10:25:00,2.5,3.8,19102400,10:25:00,2.5,3.8,19102400,10:25:00
201905020802,201905120502,2019-05-12,10:30:00,13,6.2,9.3,2929600.0,09:22:00,5.0,7.1,4678100,09:55:00,6.0,9.6,10308400,10:19:00,7.3,11.5,19102400,10:25:00,7.3,11.5,19102400,10:25:00,7.3,11.5,19102400,10:25:00
201905020802,201905120502,2019-05-12,10:30:00,14,3.1,4.5,2929600.0,09:22:00,3.5,4.9,4678100,09:55:00,3.8,6.0,10308400,10:19:00,4.0,6.1,19102400,10:25:00,4.0,6.1,19102400,10:25:00,4.0,6.1,19102400,10:25:00
201905020803,201905120503,2019-05-12,11:00:00,01,13.0,22.4,5576000.0,09:56:00,14.4,25.5,7393000,10:26:00,14.9,25.1,17840500,10:49:00,17.6,29.6,28283700,10:55:00,17.6,29.6,28283700,10:55:00,17.6,29.6,28283700,10:55:00
201905020803,201905120503,2019-05-12,11:00:00,02,2.6,4.1,5576000.0,09:56:00,2.5,4.1,7393000,10:26:00,2.9,4.7,17840500,10:49:00,3.6,5.8,28283700,10:55:00,3.6,5.8,28283700,10:55:00,3.6,5.8,28283700,10:55:00
201905020803,201905120503,2019-05-12,11:00:00,03,2.5,4.1,5576000.0,09:56:00,2.5,4.2,7393000,10:26:00,2.0,3.1,17840500,10:49:00,1.9,2.9,28283700,10:55:00,1.9,2.9,28283700,10:55:00,1.9,2.9,28283700,10:55:00
201905020803,201905120503,2019-05-12,11:00:00,04,20.4,35.5,5576000.0,09:56:00,23.6,42.1,7393000,10:26:00,28.6,48.5,17840500,10:49:00,33.8,57.3,28283700,10:55:00,33.8,57.3,28283700,10:55:00,33.8,57.3,28283700,10:55:00
201905020803,201905120503,2019-05-12,11:00:00,05,20.6,35.9,5576000.0,09:56:00,22.2,39.4,7393000,10:26:00,35.9,61.0,17840500,10:49:00,45.6,77.3,28283700,10:55:00,45.6,77.3,28283700,10:55:00,45.6,77.3,28283700,10:55:00
201905020803,201905120503,2019-05-12,11:00:00,06,4.4,7.4,5576000.0,09:56:00,4.2,7.2,7393000,10:26:00,3.3,5.3,17840500,10:49:00,3.2,5.1,28283700,10:55:00,3.2,5.1,28283700,10:55:00,3.2,5.1,28283700,10:55:00
201905020803,201905120503,2019-05-12,11:00:00,07,8.5,14.6,5576000.0,09:56:00,9.3,16.3,7393000,10:26:00,10.9,18.2,17840500,10:49:00,11.8,19.8,28283700,10:55:00,11.8,19.8,28283700,10:55:00,11.8,19.8,28283700,10:55:00
201905020803,201905120503,2019-05-12,11:00:00,08,3.0,4.9,5576000.0,09:56:00,3.1,5.3,7393000,10:26:00,3.8,6.1,17840500,10:49:00,4.2,6.8,28283700,10:55:00,4.2,6.8,28283700,10:55:00,4.2,6.8,28283700,10:55:00
201905020803,201905120503,2019-05-12,11:00:00,09,8.2,14.0,5576000.0,09:56:00,8.8,15.5,7393000,10:26:00,9.2,15.4,17840500,10:49:00,10.1,16.9,28283700,10:55:00,10.1,16.9,28283700,10:55:00,10.1,16.9,28283700,10:55:00
201905020803,201905120503,2019-05-12,11:00:00,10,1.2,1.5,5576000.0,09:56:00,1.1,1.4,7393000,10:26:00,1.2,1.6,17840500,10:49:00,1.2,1.6,28283700,10:55:00,1.2,1.6,28283700,10:55:00,1.2,1.6,28283700,10:55:00
201905020803,201905120503,2019-05-12,11:00:00,11,2.2,3.5,5576000.0,09:56:00,2.4,3.9,7393000,10:26:00,2.8,4.4,17840500,10:49:00,2.7,4.3,28283700,10:55:00,2.7,4.3,28283700,10:55:00,2.7,4.3,28283700,10:55:00
201905020803,201905120503,2019-05-12,11:00:00,12,10.9,18.8,5576000.0,09:56:00,10.2,17.9,7393000,10:26:00,13.1,22.0,17840500,10:49:00,12.9,21.7,28283700,10:55:00,12.9,21.7,28283700,10:55:00,12.9,21.7,28283700,10:55:00
201905020803,201905120503,2019-05-12,11:00:00,13,20.3,35.3,5576000.0,09:56:00,19.3,34.4,7393000,10:26:00,26.8,45.5,17840500,10:49:00,32.9,55.8,28283700,10:55:00,32.9,55.8,28283700,10:55:00,32.9,55.8,28283700,10:55:00
201905020803,201905120503,2019-05-12,11:00:00,14,1.4,2.0,5576000.0,09:56:00,1.5,2.3,7393000,10:26:00,1.4,2.1,17840500,10:49:00,1.4,2.0,28283700,10:55:00,1.4,2.0,28283700,10:55:00,1.4,2.0,28283700,10:55:00
201905020803,201905120503,2019-05-12,11:00:00,15,12.8,22.0,5576000.0,09:56:00,13.1,23.1,7393000,10:26:00,18.6,31.4,17840500,10:49:00,18.9,31.8,28283700,10:55:00,18.9,31.8,28283700,10:55:00,18.9,31.8,28283700,10:55:00
201905020803,201905120503,2019-05-12,11:00:00,16,1.7,2.6,5576000.0,09:56:00,1.6,2.4,7393000,10:26:00,1.4,2.0,17840500,10:49:00,1.3,1.9,28283700,10:55:00,1.3,1.9,28283700,10:55:00,1.3,1.9,28283700,10:55:00
201905020803,201905120503,2019-05-12,11:00:00,17,21.7,37.7,5576000.0,09:56:00,25.6,45.6,7393000,10:26:00,32.7,55.4,17840500,10:49:00,40.1,68.0,28283700,10:55:00,40.1,68.0,28283700,10:55:00,40.1,68.0,28283700,10:55:00
201905020804,201905120504,2019-05-12,11:30:00,01,4.7,17.0,4688900.0,10:27:00,5.1,20.0,7124000,10:59:00,8.8,30.7,18529100,11:19:00,10.5,38.6,31866000,11:25:00,10.5,38.6,31866000,11:25:00,10.5,38.6,31866000,11:25:00
201905020804,201905120504,2019-05-12,11:30:00,02,3.6,12.8,4688900.0,10:27:00,3.7,14.1,7124000,10:59:00,5.0,17.1,18529100,11:19:00,5.4,19.2,31866000,11:25:00,5.4,19.2,31866000,11:25:00,5.4,19.2,31866000,11:25:00
201905020804,201905120504,2019-05-12,11:30:00,03,11.9,45.1,4688900.0,10:27:00,12.7,52.5,7124000,10:59:00,20.0,71.5,18529100,11:19:00,21.8,81.5,31866000,11:25:00,21.8,81.5,31866000,11:25:00,21.8,81.5,31866000,11:25:00
201905020804,201905120504,2019-05-12,11:30:00,04,2.2,7.1,4688900.0,10:27:00,2.3,8.1,7124000,10:59:00,1.9,5.8,18529100,11:19:00,2.0,6.3,31866000,11:25:00,2.0,6.3,31866000,11:25:00,2.0,6.3,31866000,11:25:00
201905020804,201905120504,2019-05-12,11:30:00,05,19.5,75.1,4688900.0,10:27:00,21.6,89.8,7124000,10:59:00,33.6,121.1,18529100,11:19:00,41.7,156.6,31866000,11:25:00,41.7,156.6,31866000,11:25:00,41.7,156.6,31866000,11:25:00
201905020804,201905120504,2019-05-12,11:30:00,06,1.4,3.6,4688900.0,10:27:00,1.2,3.0,7124000,10:59:00,1.2,2.8,18529100,11:19:00,1.1,2.6,31866000,11:25:00,1.1,2.6,31866000,11:25:00,1.1,2.6,31866000,11:25:00
201905020804,201905120504,2019-05-12,11:30:00,07,19.8,76.0,4688900.0,10:27:00,18.9,78.7,7124000,10:59:00,28.3,102.0,18529100,11:19:00,27.6,103.3,31866000,11:25:00,27.6,103.3,31866000,11:25:00,27.6,103.3,31866000,11:25:00
201905020804,201905120504,2019-05-12,11:30:00,08,3.7,13.1,4688900.0,10:27:00,3.8,14.7,7124000,10:59:00,6.2,21.5,18529100,11:19:00,7.0,25.1,31866000,11:25:00,7.0,25.1,31866000,11:25:00,7.0,25.1,31866000,11:25:00
201905020804,201905120504,2019-05-12,11:30:00,09,6.5,24.0,4688900.0,10:27:00,6.7,26.8,7124000,10:59:00,9.8,34.4,18529100,11:19:00,10.4,38.0,31866000,11:25:00,10.4,38.0,31866000,11:25:00,10.4,38.0,31866000,11:25:00
201905020804,201905120504,2019-05-12,11:30:00,10,2.5,8.5,4688900.0,10:27:00,2.6,9.3,7124000,10:59:00,1.9,5.8,18529100,11:19:00,1.9,5.8,31866000,11:25:00,1.9,5.8,31866000,11:25:00,1.9,5.8,31866000,11:25:00
201905020804,201905120504,2019-05-12,11:30:00,11,4.7,17.1,4688900.0,10:27:00,5.2,20.4,7124000,10:59:00,7.4,25.7,18529100,11:19:00,8.2,29.7,31866000,11:25:00,8.2,29.7,31866000,11:25:00,8.2,29.7,31866000,11:25:00
201905020804,201905120504,2019-05-12,11:30:00,12,2.4,8.0,4688900.0,10:27:00,2.2,7.6,7124000,10:59:00,2.4,7.4,18529100,11:19:00,2.4,7.8,31866000,11:25:00,2.4,7.8,31866000,11:25:00,2.4,7.8,31866000,11:25:00
201905020804,201905120504,2019-05-12,11:30:00,13,2.0,6.3,4688900.0,10:27:00,1.9,6.3,7124000,10:59:00,1.5,4.3,18529100,11:19:00,1.4,4.0,31866000,11:25:00,1.4,4.0,31866000,11:25:00,1.4,4.0,31866000,11:25:00
201905020804,201905120504,2019-05-12,11:30:00,14,1.1,1.1,4688900.0,10:27:00,1.1,1.1,7124000,10:59:00,1.1,1.1,18529100,11:19:00,1.1,1.1,31866000,11:25:00,1.1,1.1,31866000,11:25:00,1.1,1.1,31866000,11:25:00
201905020805,201905120505,2019-05-12,12:20:00,01,3.4,4.8,4130000.0,11:19:00,4.2,6.4,8959200,11:49:00,4.0,6.1,18130000,12:09:00,4.3,6.5,24796300,12:14:00,4.3,6.5,24796300,12:14:00,4.3,6.5,24796300,12:14:00
201905020805,201905120505,2019-05-12,12:20:00,02,20.0,29.8,4130000.0,11:19:00,29.7,46.7,8959200,11:49:00,31.4,49.8,18130000,12:09:00,37.8,59.8,24796300,12:14:00,37.8,59.8,24796300,12:14:00,37.8,59.8,24796300,12:14:00
201905020805,201905120505,2019-05-12,12:20:00,03,3.6,5.2,4130000.0,11:19:00,4.2,6.4,8959200,11:49:00,4.3,6.6,18130000,12:09:00,4.1,6.3,24796300,12:14:00,4.1,6.3,24796300,12:14:00,4.1,6.3,24796300,12:14:00
201905020805,201905120505,2019-05-12,12:20:00,04,2.6,3.7,4130000.0,11:19:00,2.1,3.1,8959200,11:49:00,1.8,2.6,18130000,12:09:00,1.9,2.7,24796300,12:14:00,1.9,2.7,24796300,12:14:00,1.9,2.7,24796300,12:14:00
201905020805,201905120505,2019-05-12,12:20:00,05,30.0,44.5,4130000.0,11:19:00,41.5,65.4,8959200,11:49:00,46.0,72.9,18130000,12:09:00,38.3,60.6,24796300,12:14:00,38.3,60.6,24796300,12:14:00,38.3,60.6,24796300,12:14:00
201905020805,201905120505,2019-05-12,12:20:00,06,5.6,8.1,4130000.0,11:19:00,4.7,7.2,8959200,11:49:00,5.7,8.8,18130000,12:09:00,6.2,9.6,24796300,12:14:00,6.2,9.6,24796300,12:14:00,6.2,9.6,24796300,12:14:00
201905020805,201905120505,2019-05-12,12:20:00,07,11.2,16.6,4130000.0,11:19:00,15.6,24.4,8959200,11:49:00,19.9,31.5,18130000,12:09:00,21.8,34.4,24796300,12:14:00,21.8,34.4,24796300,12:14:00,21.8,34.4,24796300,12:14:00
201905020805,201905120505,2019-05-12,12:20:00,08,1.6,2.2,4130000.0,11:19:00,1.5,2.1,8959200,11:49:00,1.5,2.0,18130000,12:09:00,1.4,1.9,24796300,12:14:00,1.4,1.9,24796300,12:14:00,1.4,1.9,24796300,12:14:00
201905020805,201905120505,2019-05-12,12:20:00,09,23.0,34.1,4130000.0,11:19:00,30.9,48.6,8959200,11:49:00,38.3,60.7,18130000,12:09:00,39.0,61.8,24796300,12:14:00,39.0,61.8,24796300,12:14:00,39.0,61.8,24796300,12:14:00
201905020805,201905120505,2019-05-12,12:20:00,10,2.9,4.1,4130000.0,11:19:00,3.6,5.4,8959200,11:49:00,4.1,6.3,18130000,12:09:00,3.7,5.6,24796300,12:14:00,3.7,5.6,24796300,12:14:00,3.7,5.6,24796300,12:14:00
201905020805,201905120505,2019-05-12,12:20:00,11,1.6,2.2,4130000.0,11:19:00,1.6,2.3,8959200,11:49:00,1.4,1.9,18130000,12:09:00,1.4,2.0,24796300,12:14:00,1.4,2.0,24796300,12:14:00,1.4,2.0,24796300,12:14:00
201905020805,201905120505,2019-05-12,12:20:00,12,2.1,2.8,4130000.0,11:19:00,2.0,2.9,8959200,11:49:00,2.4,3.5,18130000,12:09:00,2.3,3.4,24796300,12:14:00,2.3,3.4,24796300,12:14:00,2.3,3.4,24796300,12:14:00
201905020805,201905120505,2019-05-12,12:20:00,13,3.9,5.6,4130000.0,11:19:00,3.3,4.9,8959200,11:49:00,4.0,6.1,18130000,12:09:00,4.4,6.6,24796300,12:14:00,4.4,6.6,24796300,12:14:00,4.4,6.6,24796300,12:14:00
201905020805,201905120505,2019-05-12,12:20:00,14,1.5,1.9,4130000.0,11:19:00,1.4,1.8,8959200,11:49:00,1.4,1.8,18130000,12:09:00,1.4,1.8,24796300,12:14:00,1.4,1.8,24796300,12:14:00,1.4,1.8,24796300,12:14:00
201905020806,201905120506,2019-05-12,12:55:00,01,2.6,9.7,9454600.0,11:52:00,2.3,15.4,23449000,12:25:00,2.2,8.9,42614000,12:44:00,2.2,9.3,65772800,12:49:00,2.2,9.3,65772800,12:49:00,2.2,9.3,65772800,12:49:00
201905020806,201905120506,2019-05-12,12:55:00,02,8.9,37.8,9454600.0,11:52:00,8.7,66.6,23449000,12:25:00,13.2,64.5,42614000,12:44:00,15.6,77.9,65772800,12:49:00,15.6,77.9,65772800,12:49:00,15.6,77.9,65772800,12:49:00
201905020806,201905120506,2019-05-12,12:55:00,03,2.9,11.2,9454600.0,11:52:00,2.9,20.2,23449000,12:25:00,3.1,13.9,42614000,12:44:00,3.4,15.2,65772800,12:49:00,3.4,15.2,65772800,12:49:00,3.4,15.2,65772800,12:49:00
201905020806,201905120506,2019-05-12,12:55:00,04,5.1,21.1,9454600.0,11:52:00,5.7,42.8,23449000,12:25:00,2.4,10.3,42614000,12:44:00,2.9,12.9,65772800,12:49:00,2.9,12.9,65772800,12:49:00,2.9,12.9,65772800,12:49:00
201905020806,201905120506,2019-05-12,12:55:00,05,16.7,72.6,9454600.0,11:52:00,14.9,116.0,23449000,12:25:00,21.5,105.8,42614000,12:44:00,24.3,122.6,65772800,12:49:00,24.3,122.6,65772800,12:49:00,24.3,122.6,65772800,12:49:00
201905020806,201905120506,2019-05-12,12:55:00,06,1.8,5.9,9454600.0,11:52:00,1.4,6.7,23449000,12:25:00,1.5,5.0,42614000,12:44:00,1.5,4.8,65772800,12:49:00,1.5,4.8,65772800,12:49:00,1.5,4.8,65772800,12:49:00
201905020806,201905120506,2019-05-12,12:55:00,07,4.9,20.2,9454600.0,11:52:00,5.4,39.9,23449000,12:25:00,9.4,45.5,42614000,12:44:00,9.8,48.3,65772800,12:49:00,9.8,48.3,65772800,12:49:00,9.8,48.3,65772800,12:49:00
201905020806,201905120506,2019-05-12,12:55:00,08,3.4,13.4,9454600.0,11:52:00,3.3,22.8,23449000,12:25:00,2.4,9.9,42614000,12:44:00,2.4,10.3,65772800,12:49:00,2.4,10.3,65772800,12:49:00,2.4,10.3,65772800,12:49:00
201905020806,201905120506,2019-05-12,12:55:00,09,2.2,8.1,9454600.0,11:52:00,2.3,15.3,23449000,12:25:00,2.5,10.4,42614000,12:44:00,2.0,8.2,65772800,12:49:00,2.0,8.2,65772800,12:49:00,2.0,8.2,65772800,12:49:00
201905020806,201905120506,2019-05-12,12:55:00,10,8.0,34.2,9454600.0,11:52:00,6.4,47.8,23449000,12:25:00,8.4,40.2,42614000,12:44:00,8.6,42.2,65772800,12:49:00,8.6,42.2,65772800,12:49:00,8.6,42.2,65772800,12:49:00
201905020806,201905120506,2019-05-12,12:55:00,11,1.1,1.1,9454600.0,11:52:00,1.0,1.0,23449000,12:25:00,1.1,1.1,42614000,12:44:00,1.1,1.1,65772800,12:49:00,1.1,1.1,65772800,12:49:00,1.1,1.1,65772800,12:49:00
201905020806,201905120506,2019-05-12,12:55:00,12,11.2,48.1,9454600.0,11:52:00,10.9,84.6,23449000,12:25:00,18.1,89.2,42614000,12:44:00,18.7,93.8,65772800,12:49:00,18.7,93.8,65772800,12:49:00,18.7,93.8,65772800,12:49:00
201905020806,201905120506,2019-05-12,12:55:00,13,9.7,41.4,9454600.0,11:52:00,8.9,68.1,23449000,12:25:00,14.8,72.2,42614000,12:44:00,14.3,71.1,65772800,12:49:00,14.3,71.1,65772800,12:49:00,14.3,71.1,65772800,12:49:00
201905020806,201905120506,2019-05-12,12:55:00,14,3.4,13.5,9454600.0,11:52:00,3.3,23.5,23449000,12:25:00,4.8,22.2,42614000,12:44:00,5.0,23.5,65772800,12:49:00,5.0,23.5,65772800,12:49:00,5.0,23.5,65772800,12:49:00
201905020806,201905120506,2019-05-12,12:55:00,15,25.1,109.6,9454600.0,11:52:00,25.6,202.4,23449000,12:25:00,32.5,161.2,42614000,12:44:00,31.1,157.3,65772800,12:49:00,31.1,157.3,65772800,12:49:00,31.1,157.3,65772800,12:49:00
201905020806,201905120506,2019-05-12,12:55:00,16,2.2,8.1,9454600.0,11:52:00,2.3,15.4,23449000,12:25:00,2.6,11.1,42614000,12:44:00,2.5,10.6,65772800,12:49:00,2.5,10.6,65772800,12:49:00,2.5,10.6,65772800,12:49:00
201905020807,201905120507,2019-05-12,13:25:00,01,1.2,2.2,4566600.0,12:19:00,1.1,2.0,7125600,12:54:00,1.1,2.9,24345100,13:14:00,1.1,2.3,32224100,13:19:00,1.1,2.3,32224100,13:19:00,1.1,2.3,32224100,13:19:00
201905020807,201905120507,2019-05-12,13:25:00,02,1.4,2.9,4566600.0,12:19:00,1.4,3.2,7125600,12:54:00,1.3,3.9,24345100,13:14:00,1.3,3.5,32224100,13:19:00,1.3,3.5,32224100,13:19:00,1.3,3.5,32224100,13:19:00
201905020807,201905120507,2019-05-12,13:25:00,03,1.1,1.1,4566600.0,12:19:00,1.1,1.1,7125600,12:54:00,1.1,1.1,24345100,13:14:00,1.1,1.1,32224100,13:19:00,1.1,1.1,32224100,13:19:00,1.1,1.1,32224100,13:19:00
201905020807,201905120507,2019-05-12,13:25:00,04,1.7,3.8,4566600.0,12:19:00,1.8,4.6,7125600,12:54:00,1.8,6.2,24345100,13:14:00,1.8,5.7,32224100,13:19:00,1.8,5.7,32224100,13:19:00,1.8,5.7,32224100,13:19:00
201905020807,201905120507,2019-05-12,13:25:00,05,2.5,6.1,4566600.0,12:19:00,3.0,8.1,7125600,12:54:00,2.2,7.9,24345100,13:14:00,2.3,7.5,32224100,13:19:00,2.3,7.5,32224100,13:19:00,2.3,7.5,32224100,13:19:00
201905020807,201905120507,2019-05-12,13:25:00,06,6.0,15.1,4566600.0,12:19:00,7.1,20.5,7125600,12:54:00,8.6,34.1,24345100,13:14:00,9.5,34.3,32224100,13:19:00,9.5,34.3,32224100,13:19:00,9.5,34.3,32224100,13:19:00
201905020807,201905120507,2019-05-12,13:25:00,07,1.7,3.8,4566600.0,12:19:00,1.4,3.4,7125600,12:54:00,1.7,5.5,24345100,13:14:00,1.6,4.8,32224100,13:19:00,1.6,4.8,32224100,13:19:00,1.6,4.8,32224100,13:19:00
201905020807,201905120507,2019-05-12,13:25:00,08,4.4,11.0,4566600.0,12:19:00,4.8,13.5,7125600,12:54:00,6.1,23.9,24345100,13:14:00,6.1,21.4,32224100,13:19:00,6.1,21.4,32224100,13:19:00,6.1,21.4,32224100,13:19:00
201905020808,201905120508,2019-05-12,13:55:00,01,2.7,3.3,5381900.0,12:51:00,2.8,3.5,7170900,13:21:00,2.5,3.5,19568300,13:44:00,2.2,3.1,28808300,13:50:00,2.2,3.1,28808300,13:50:00,2.2,3.1,28808300,13:50:00
201905020808,201905120508,2019-05-12,13:55:00,02,2.8,3.3,5381900.0,12:51:00,2.6,3.2,7170900,13:21:00,2.6,3.5,19568300,13:44:00,2.4,3.3,28808300,13:50:00,2.4,3.3,28808300,13:50:00,2.4,3.3,28808300,13:50:00
201905020808,201905120508,2019-05-12,13:55:00,03,2.2,2.6,5381900.0,12:51:00,2.3,2.8,7170900,13:21:00,3.2,4.4,19568300,13:44:00,3.2,4.4,28808300,13:50:00,3.2,4.4,28808300,13:50:00,3.2,4.4,28808300,13:50:00
201905020808,201905120508,2019-05-12,13:55:00,04,2.1,2.5,5381900.0,12:51:00,2.2,2.6,7170900,13:21:00,2.4,3.2,19568300,13:44:00,2.4,3.2,28808300,13:50:00,2.4,3.2,28808300,13:50:00,2.4,3.2,28808300,13:50:00
201905020808,201905120508,2019-05-12,13:55:00,05,1.9,2.2,5381900.0,12:51:00,2.0,2.4,7170900,13:21:00,1.5,1.9,19568300,13:44:00,1.5,1.9,28808300,13:50:00,1.5,1.9,28808300,13:50:00,1.5,1.9,28808300,13:50:00
201905020808,201905120508,2019-05-12,13:55:00,06,2.0,2.3,5381900.0,12:51:00,1.7,2.0,7170900,13:21:00,1.5,2.0,19568300,13:44:00,1.5,2.0,28808300,13:50:00,1.5,2.0,28808300,13:50:00,1.5,2.0,28808300,13:50:00
201905020808,201905120508,2019-05-12,13:55:00,07,2.2,2.6,5381900.0,12:51:00,2.0,2.4,7170900,13:21:00,2.0,2.7,19568300,13:44:00,2.1,2.8,28808300,13:50:00,2.1,2.8,28808300,13:50:00,2.1,2.8,28808300,13:50:00
201905020808,201905120508,2019-05-12,13:55:00,08,5.2,6.1,5381900.0,12:51:00,5.7,6.8,7170900,13:21:00,7.6,10.5,19568300,13:44:00,7.8,10.8,28808300,13:50:00,7.8,10.8,28808300,13:50:00,7.8,10.8,28808300,13:50:00
201905020808,201905120508,2019-05-12,13:55:00,09,2.1,2.5,5381900.0,12:51:00,2.1,2.6,7170900,13:21:00,1.6,2.0,19568300,13:44:00,1.7,2.2,28808300,13:50:00,1.7,2.2,28808300,13:50:00,1.7,2.2,28808300,13:50:00
201905020808,201905120508,2019-05-12,13:55:00,10,4.4,5.2,5381900.0,12:51:00,4.5,5.4,7170900,13:21:00,6.8,9.3,19568300,13:44:00,7.1,9.8,28808300,13:50:00,7.1,9.8,28808300,13:50:00,7.1,9.8,28808300,13:50:00
201905020809,201905120509,2019-05-12,14:25:00,01,1.2,1.4,12104000.0,13:18:00,1.1,1.5,16627900,13:50:00,1.1,1.3,32267000,14:14:00,1.1,1.2,50519000,14:20:00,1.1,1.2,50519000,14:20:00,1.1,1.2,50519000,14:20:00
201905020809,201905120509,2019-05-12,14:25:00,02,6.4,10.9,12104000.0,13:18:00,7.5,13.0,16627900,13:50:00,8.9,17.5,32267000,14:14:00,10.6,21.4,50519000,14:20:00,10.6,21.4,50519000,14:20:00,10.6,21.4,50519000,14:20:00
201905020809,201905120509,2019-05-12,14:25:00,03,2.6,4.3,12104000.0,13:18:00,2.4,4.0,16627900,13:50:00,2.4,4.4,32267000,14:14:00,2.6,4.9,50519000,14:20:00,2.6,4.9,50519000,14:20:00,2.6,4.9,50519000,14:20:00
201905020809,201905120509,2019-05-12,14:25:00,04,2.6,4.2,12104000.0,13:18:00,2.9,4.8,16627900,13:50:00,2.6,4.8,32267000,14:14:00,2.6,5.0,50519000,14:20:00,2.6,5.0,50519000,14:20:00,2.6,5.0,50519000,14:20:00
201905020809,201905120509,2019-05-12,14:25:00,05,4.4,7.6,12104000.0,13:18:00,5.0,8.7,16627900,13:50:00,5.0,9.6,32267000,14:14:00,4.9,9.7,50519000,14:20:00,4.9,9.7,50519000,14:20:00,4.9,9.7,50519000,14:20:00
201905020809,201905120509,2019-05-12,14:25:00,06,6.0,10.2,12104000.0,13:18:00,6.3,10.9,16627900,13:50:00,6.5,12.7,32267000,14:14:00,7.1,14.4,50519000,14:20:00,7.1,14.4,50519000,14:20:00,7.1,14.4,50519000,14:20:00
201905020809,201905120509,2019-05-12,14:25:00,07,1.3,1.8,12104000.0,13:18:00,1.2,1.7,16627900,13:50:00,1.2,1.8,32267000,14:14:00,1.2,1.9,50519000,14:20:00,1.2,1.9,50519000,14:20:00,1.2,1.9,50519000,14:20:00
201905020809,201905120509,2019-05-12,14:25:00,08,4.8,8.2,12104000.0,13:18:00,5.4,9.5,16627900,13:50:00,5.6,10.8,32267000,14:14:00,5.6,11.1,50519000,14:20:00,5.6,11.1,50519000,14:20:00,5.6,11.1,50519000,14:20:00
201905020809,201905120509,2019-05-12,14:25:00,09,4.4,7.4,12104000.0,13:18:00,5.4,9.5,16627900,13:50:00,7.6,14.8,32267000,14:14:00,9.2,18.6,50519000,14:20:00,9.2,18.6,50519000,14:20:00,9.2,18.6,50519000,14:20:00
201905020809,201905120509,2019-05-12,14:25:00,10,3.3,5.5,12104000.0,13:18:00,3.7,6.3,16627900,13:50:00,3.4,6.4,32267000,14:14:00,3.6,7.0,50519000,14:20:00,3.6,7.0,50519000,14:20:00,3.6,7.0,50519000,14:20:00
201905020809,201905120509,2019-05-12,14:25:00,11,1.7,2.6,12104000.0,13:18:00,1.5,2.3,16627900,13:50:00,1.4,2.4,32267000,14:14:00,1.3,2.2,50519000,14:20:00,1.3,2.2,50519000,14:20:00,1.3,2.2,50519000,14:20:00
201905020809,201905120509,2019-05-12,14:25:00,12,2.5,4.1,12104000.0,13:18:00,2.2,3.6,16627900,13:50:00,2.4,4.3,32267000,14:14:00,2.6,4.9,50519000,14:20:00,2.6,4.9,50519000,14:20:00,2.6,4.9,50519000,14:20:00
201905020810,201905120510,2019-05-12,15:01:00,01,2.3,3.2,18757700.0,14:00:00,2.3,3.1,22336300,14:26:00,2.4,3.3,45910800,14:50:00,2.5,3.5,66904300,14:55:00,2.5,3.5,66904300,14:55:00,2.5,3.5,66904300,14:55:00
201905020810,201905120510,2019-05-12,15:01:00,02,2.8,4.0,18757700.0,14:00:00,2.9,4.0,22336300,14:26:00,2.7,3.8,45910800,14:50:00,2.9,4.1,66904300,14:55:00,2.9,4.1,66904300,14:55:00,2.9,4.1,66904300,14:55:00
201905020810,201905120510,2019-05-12,15:01:00,03,4.8,6.9,18757700.0,14:00:00,5.1,7.2,22336300,14:26:00,5.4,7.7,45910800,14:50:00,5.7,8.3,66904300,14:55:00,5.7,8.3,66904300,14:55:00,5.7,8.3,66904300,14:55:00
201905020810,201905120510,2019-05-12,15:01:00,04,2.2,3.0,18757700.0,14:00:00,2.2,3.0,22336300,14:26:00,2.3,3.1,45910800,14:50:00,2.3,3.2,66904300,14:55:00,2.3,3.2,66904300,14:55:00,2.3,3.2,66904300,14:55:00
201905020810,201905120510,2019-05-12,15:01:00,05,4.1,5.9,18757700.0,14:00:00,3.8,5.3,22336300,14:26:00,4.1,5.8,45910800,14:50:00,4.3,6.3,66904300,14:55:00,4.3,6.3,66904300,14:55:00,4.3,6.3,66904300,14:55:00
201905020810,201905120510,2019-05-12,15:01:00,06,4.6,6.6,18757700.0,14:00:00,4.1,5.8,22336300,14:26:00,4.2,6.0,45910800,14:50:00,3.5,5.0,66904300,14:55:00,3.5,5.0,66904300,14:55:00,3.5,5.0,66904300,14:55:00
201905020810,201905120510,2019-05-12,15:01:00,07,11.4,16.8,18757700.0,14:00:00,11.9,17.1,22336300,14:26:00,14.5,21.1,45910800,14:50:00,17.3,25.8,66904300,14:55:00,17.3,25.8,66904300,14:55:00,17.3,25.8,66904300,14:55:00
201905020810,201905120510,2019-05-12,15:01:00,08,2.8,4.0,18757700.0,14:00:00,2.9,4.0,22336300,14:26:00,2.7,3.8,45910800,14:50:00,2.8,3.9,66904300,14:55:00,2.8,3.9,66904300,14:55:00,2.8,3.9,66904300,14:55:00
201905020810,201905120510,2019-05-12,15:01:00,09,5.5,8.0,18757700.0,14:00:00,5.7,8.2,22336300,14:26:00,6.3,9.1,45910800,14:50:00,6.8,10.0,66904300,14:55:00,6.8,10.0,66904300,14:55:00,6.8,10.0,66904300,14:55:00
201905020810,201905120510,2019-05-12,15:01:00,10,1.8,2.4,18757700.0,14:00:00,1.9,2.5,22336300,14:26:00,2.1,2.8,45910800,14:50:00,1.9,2.6,66904300,14:55:00,1.9,2.6,66904300,14:55:00,1.9,2.6,66904300,14:55:00
201905020810,201905120510,2019-05-12,15:01:00,11,2.4,3.3,18757700.0,14:00:00,2.3,3.2,22336300,14:26:00,2.1,2.8,45910800,14:50:00,1.9,2.6,66904300,14:55:00,1.9,2.6,66904300,14:55:00,1.9,2.6,66904300,14:55:00
201905020810,201905120510,2019-05-12,15:01:00,12,1.4,1.7,18757700.0,14:00:00,1.5,1.7,22336300,14:26:00,1.4,1.6,45910800,14:50:00,1.4,1.7,66904300,14:55:00,1.4,1.7,66904300,14:55:00,1.4,1.7,66904300,14:55:00
201905020810,201905120510,2019-05-12,15:01:00,13,18.8,27.5,18757700.0,14:00:00,20.8,29.8,22336300,14:26:00,23.7,34.5,45910800,14:50:00,26.8,39.9,66904300,14:55:00,26.8,39.9,66904300,14:55:00,26.8,39.9,66904300,14:55:00
201905020810,201905120510,2019-05-12,15:01:00,14,8.8,12.9,18757700.0,14:00:00,9.1,13.1,22336300,14:26:00,10.3,15.1,45910800,14:50:00,12.4,18.4,66904300,14:55:00,12.4,18.4,66904300,14:55:00,12.4,18.4,66904300,14:55:00
201905020811,201905120511,2019-05-12,15:40:00,01,5.2,6.8,297189400.0,14:36:00,5.2,6.9,369916300,15:10:00,5.3,7.1,520471700,15:29:00,5.4,7.3,607865100,15:34:00,5.4,7.3,607865100,15:34:00,5.4,7.3,607865100,15:34:00
201905020811,201905120511,2019-05-12,15:40:00,02,2.1,2.6,297189400.0,14:36:00,2.0,2.6,369916300,15:10:00,2.0,2.5,520471700,15:29:00,2.0,2.5,607865100,15:34:00,2.0,2.5,607865100,15:34:00,2.0,2.5,607865100,15:34:00
201905020811,201905120511,2019-05-12,15:40:00,03,6.0,7.9,297189400.0,14:36:00,6.1,8.1,369916300,15:10:00,6.2,8.5,520471700,15:29:00,6.4,8.7,607865100,15:34:00,6.4,8.7,607865100,15:34:00,6.4,8.7,607865100,15:34:00
201905020811,201905120511,2019-05-12,15:40:00,04,3.0,3.9,297189400.0,14:36:00,3.0,3.9,369916300,15:10:00,3.1,4.1,520471700,15:29:00,3.1,4.1,607865100,15:34:00,3.1,4.1,607865100,15:34:00,3.1,4.1,607865100,15:34:00
201905020811,201905120511,2019-05-12,15:40:00,05,33.9,44.6,297189400.0,14:36:00,35.7,47.7,369916300,15:10:00,39.4,53.9,520471700,15:29:00,41.9,57.3,607865100,15:34:00,41.9,57.3,607865100,15:34:00,41.9,57.3,607865100,15:34:00
201905020811,201905120511,2019-05-12,15:40:00,06,1.9,2.2,297189400.0,14:36:00,1.8,2.2,369916300,15:10:00,1.7,2.1,520471700,15:29:00,1.7,2.1,607865100,15:34:00,1.7,2.1,607865100,15:34:00,1.7,2.1,607865100,15:34:00
201905020811,201905120511,2019-05-12,15:40:00,07,3.2,4.1,297189400.0,14:36:00,3.1,4.1,369916300,15:10:00,2.8,3.7,520471700,15:29:00,2.8,3.7,607865100,15:34:00,2.8,3.7,607865100,15:34:00,2.8,3.7,607865100,15:34:00
201905020811,201905120511,2019-05-12,15:40:00,08,5.1,6.6,297189400.0,14:36:00,5.2,6.9,369916300,15:10:00,5.6,7.6,520471700,15:29:00,5.7,7.7,607865100,15:34:00,5.7,7.7,607865100,15:34:00,5.7,7.7,607865100,15:34:00
201905020811,201905120511,2019-05-12,15:40:00,09,2.3,3.0,297189400.0,14:36:00,2.3,3.0,369916300,15:10:00,2.2,2.9,520471700,15:29:00,2.2,2.8,607865100,15:34:00,2.2,2.8,607865100,15:34:00,2.2,2.8,607865100,15:34:00
201905020811,201905120511,2019-05-12,15:40:00,10,10.9,14.4,297189400.0,14:36:00,11.1,14.8,369916300,15:10:00,11.9,16.4,520471700,15:29:00,12.0,16.4,607865100,15:34:00,12.0,16.4,607865100,15:34:00,12.0,16.4,607865100,15:34:00
201905020811,201905120511,2019-05-12,15:40:00,11,2.3,2.9,297189400.0,14:36:00,2.2,2.8,369916300,15:10:00,2.2,2.9,520471700,15:29:00,2.1,2.8,607865100,15:34:00,2.1,2.8,607865100,15:34:00,2.1,2.8,607865100,15:34:00
201905020811,201905120511,2019-05-12,15:40:00,12,12.9,17.0,297189400.0,14:36:00,13.2,17.7,369916300,15:10:00,14.2,19.5,520471700,15:29:00,15.0,20.5,607865100,15:34:00,15.0,20.5,607865100,15:34:00,15.0,20.5,607865100,15:34:00
201905020811,201905120511,2019-05-12,15:40:00,13,11.2,14.8,297189400.0,14:36:00,11.8,15.8,369916300,15:10:00,11.8,16.2,520471700,15:29:00,12.1,16.6,607865100,15:34:00,12.1,16.6,607865100,15:34:00,12.1,16.6,607865100,15:34:00
201905020811,201905120511,2019-05-12,15:40:00,14,6.9,9.0,297189400.0,14:36:00,6.9,9.1,369916300,15:10:00,7.4,10.0,520471700,15:29:00,7.8,10.6,607865100,15:34:00,7.8,10.6,607865100,15:34:00,7.8,10.6,607865100,15:34:00
201905020811,201905120511,2019-05-12,15:40:00,15,3.6,4.6,297189400.0,14:36:00,3.6,4.8,369916300,15:10:00,3.7,5.0,520471700,15:29:00,3.7,5.0,607865100,15:34:00,3.7,5.0,607865100,15:34:00,3.7,5.0,607865100,15:34:00
201905020811,201905120511,2019-05-12,15:40:00,16,5.6,7.3,297189400.0,14:36:00,5.7,7.5,369916300,15:10:00,6.1,8.3,520471700,15:29:00,6.3,8.6,607865100,15:34:00,6.3,8.6,607865100,15:34:00,6.3,8.6,607865100,15:34:00
201905020811,201905120511,2019-05-12,15:40:00,17,10.7,14.1,297189400.0,14:36:00,11.2,15.0,369916300,15:10:00,12.7,17.4,520471700,15:29:00,12.8,17.5,607865100,15:34:00,12.8,17.5,607865100,15:34:00,12.8,17.5,607865100,15:34:00
201905020811,201905120511,2019-05-12,15:40:00,18,5.3,6.9,297189400.0,14:36:00,5.3,7.0,369916300,15:10:00,5.5,7.4,520471700,15:29:00,5.3,7.2,607865100,15:34:00,5.3,7.2,607865100,15:34:00,5.3,7.2,607865100,15:34:00
201905020812,201905120512,2019-05-12,16:25:00,01,15.5,23.5,12243000.0,15:22:00,17.9,27.2,18922100,15:52:00,21.1,33.5,60344400,16:14:00,21.6,34.4,90804200,16:19:00,21.6,34.4,90804200,16:19:00,21.6,34.4,90804200,16:19:00
201905020812,201905120512,2019-05-12,16:25:00,02,1.5,2.0,12243000.0,15:22:00,1.4,1.9,18922100,15:52:00,1.3,1.7,60344400,16:14:00,1.3,1.7,90804200,16:19:00,1.3,1.7,90804200,16:19:00,1.3,1.7,90804200,16:19:00
201905020812,201905120512,2019-05-12,16:25:00,03,4.1,6.0,12243000.0,15:22:00,4.3,6.3,18922100,15:52:00,4.6,7.1,60344400,16:14:00,4.3,6.6,90804200,16:19:00,4.3,6.6,90804200,16:19:00,4.3,6.6,90804200,16:19:00
201905020812,201905120512,2019-05-12,16:25:00,04,11.4,17.2,12243000.0,15:22:00,12.9,19.6,18922100,15:52:00,14.8,23.3,60344400,16:14:00,14.0,22.2,90804200,16:19:00,14.0,22.2,90804200,16:19:00,14.0,22.2,90804200,16:19:00
201905020812,201905120512,2019-05-12,16:25:00,05,14.4,21.9,12243000.0,15:22:00,16.8,25.6,18922100,15:52:00,21.0,33.2,60344400,16:14:00,24.4,38.9,90804200,16:19:00,24.4,38.9,90804200,16:19:00,24.4,38.9,90804200,16:19:00
201905020812,201905120512,2019-05-12,16:25:00,06,4.5,6.7,12243000.0,15:22:00,5.5,8.1,18922100,15:52:00,4.7,7.2,60344400,16:14:00,4.9,7.6,90804200,16:19:00,4.9,7.6,90804200,16:19:00,4.9,7.6,90804200,16:19:00
201905020812,201905120512,2019-05-12,16:25:00,07,3.1,4.5,12243000.0,15:22:00,3.1,4.5,18922100,15:52:00,2.4,3.5,60344400,16:14:00,2.3,3.4,90804200,16:19:00,2.3,3.4,90804200,16:19:00,2.3,3.4,90804200,16:19:00
201905020812,201905120512,2019-05-12,16:25:00,08,12.6,19.1,12243000.0,15:22:00,16.6,25.3,18922100,15:52:00,21.9,34.7,60344400,16:14:00,23.4,37.4,90804200,16:19:00,23.4,37.4,90804200,16:19:00,23.4,37.4,90804200,16:19:00
201905020812,201905120512,2019-05-12,16:25:00,09,3.4,4.9,12243000.0,15:22:00,2.9,4.3,18922100,15:52:00,2.4,3.6,60344400,16:14:00,2.4,3.6,90804200,16:19:00,2.4,3.6,90804200,16:19:00,2.4,3.6,90804200,16:19:00
201905020812,201905120512,2019-05-12,16:25:00,10,2.6,3.8,12243000.0,15:22:00,2.7,3.9,18922100,15:52:00,3.1,4.7,60344400,16:14:00,3.0,4.5,90804200,16:19:00,3.0,4.5,90804200,16:19:00,3.0,4.5,90804200,16:19:00
201905020812,201905120512,2019-05-12,16:25:00,11,3.5,5.2,12243000.0,15:22:00,4.0,5.9,18922100,15:52:00,5.4,8.4,60344400,16:14:00,5.2,8.1,90804200,16:19:00,5.2,8.1,90804200,16:19:00,5.2,8.1,90804200,16:19:00
201905020812,201905120512,2019-05-12,16:25:00,12,1.5,1.9,12243000.0,15:22:00,1.5,2.0,18922100,15:52:00,1.5,2.0,60344400,16:14:00,1.5,2.1,90804200,16:19:00,1.5,2.1,90804200,16:19:00,1.5,2.1,90804200,16:19:00
201905020812,201905120512,2019-05-12,16:25:00,13,1.8,2.5,12243000.0,15:22:00,1.6,2.1,18922100,15:52:00,1.6,2.3,60344400,16:14:00,1.7,2.4,90804200,16:19:00,1.7,2.4,90804200,16:19:00,1.7,2.4,90804200,16:19:00
201905020812,201905120512,2019-05-12,16:25:00,14,3.7,5.5,12243000.0,15:22:00,3.8,5.5,18922100,15:52:00,3.5,5.3,60344400,16:14:00,3.3,5.0,90804200,16:19:00,3.3,5.0,90804200,16:19:00,3.3,5.0,90804200,16:19:00
201905020812,201905120512,2019-05-12,16:25:00,15,8.8,13.2,12243000.0,15:22:00,10.5,15.8,18922100,15:52:00,12.7,20.0,60344400,16:14:00,11.8,18.6,90804200,16:19:00,11.8,18.6,90804200,16:19:00,11.8,18.6,90804200,16:19:00
201905020812,201905120512,2019-05-12,16:25:00,16,5.1,7.6,12243000.0,15:22:00,6.3,9.4,18922100,15:52:00,8.2,12.8,60344400,16:14:00,8.1,12.8,90804200,16:19:00,8.1,12.8,90804200,16:19:00,8.1,12.8,90804200,16:19:00
201905020901,201905180501,2019-05-18,10:15:00,01,5.6,9.6,6061100.0,09:11:00,6.9,11.4,9724000,09:41:00,6.9,12.1,18564300,10:04:00,7.3,13.5,26019700,10:10:00,7.3,13.5,26019700,10:10:00,7.3,13.5,26019700,10:10:00
201905020901,201905180501,2019-05-18,10:15:00,02,1.7,2.6,6061100.0,09:11:00,1.8,2.7,9724000,09:41:00,1.8,2.9,18564300,10:04:00,1.8,3.0,26019700,10:10:00,1.8,3.0,26019700,10:10:00,1.8,3.0,26019700,10:10:00
201905020901,201905180501,2019-05-18,10:15:00,03,10.2,17.6,6061100.0,09:11:00,9.1,15.1,9724000,09:41:00,9.9,17.3,18564300,10:04:00,9.3,17.2,26019700,10:10:00,9.3,17.2,26019700,10:10:00,9.3,17.2,26019700,10:10:00
201905020901,201905180501,2019-05-18,10:15:00,04,16.0,27.8,6061100.0,09:11:00,14.0,23.3,9724000,09:41:00,13.8,24.4,18564300,10:04:00,16.1,30.2,26019700,10:10:00,16.1,30.2,26019700,10:10:00,16.1,30.2,26019700,10:10:00
201905020901,201905180501,2019-05-18,10:15:00,05,10.6,18.3,6061100.0,09:11:00,11.9,19.8,9724000,09:41:00,12.6,22.2,18564300,10:04:00,14.0,26.1,26019700,10:10:00,14.0,26.1,26019700,10:10:00,14.0,26.1,26019700,10:10:00
201905020901,201905180501,2019-05-18,10:15:00,06,2.5,4.1,6061100.0,09:11:00,2.3,3.6,9724000,09:41:00,2.3,3.7,18564300,10:04:00,2.3,3.9,26019700,10:10:00,2.3,3.9,26019700,10:10:00,2.3,3.9,26019700,10:10:00
201905020901,201905180501,2019-05-18,10:15:00,07,10.4,18.0,6061100.0,09:11:00,11.6,19.3,9724000,09:41:00,12.3,21.6,18564300,10:04:00,14.2,26.6,26019700,10:10:00,14.2,26.6,26019700,10:10:00,14.2,26.6,26019700,10:10:00
201905020901,201905180501,2019-05-18,10:15:00,08,6.4,10.9,6061100.0,09:11:00,5.1,8.3,9724000,09:41:00,4.8,8.2,18564300,10:04:00,5.2,9.4,26019700,10:10:00,5.2,9.4,26019700,10:10:00,5.2,9.4,26019700,10:10:00
201905020901,201905180501,2019-05-18,10:15:00,09,25.6,44.7,6061100.0,09:11:00,27.3,45.5,9724000,09:41:00,27.0,47.8,18564300,10:04:00,30.7,57.7,26019700,10:10:00,30.7,57.7,26019700,10:10:00,30.7,57.7,26019700,10:10:00
201905020901,201905180501,2019-05-18,10:15:00,10,2.4,3.9,6061100.0,09:11:00,2.3,3.6,9724000,09:41:00,2.3,3.8,18564300,10:04:00,2.3,4.0,26019700,10:10:00,2.3,4.0,26019700,10:10:00,2.3,4.0,26019700,10:10:00
201905020901,201905180501,2019-05-18,10:15:00,11,2.1,3.3,6061100.0,09:11:00,2.1,3.3,9724000,09:41:00,2.0,3.2,18564300,10:04:00,1.9,3.2,26019700,10:10:00,1.9,3.2,26019700,10:10:00,1.9,3.2,26019700,10:10:00
201905020901,201905180501,2019-05-18,10:15:00,12,12.8,22.2,6061100.0,09:11:00,9.5,15.7,9724000,09:41:00,12.0,21.1,18564300,10:04:00,12.5,23.4,26019700,10:10:00,12.5,23.4,26019700,10:10:00,12.5,23.4,26019700,10:10:00
201905020901,201905180501,2019-05-18,10:15:00,13,1.2,1.6,6061100.0,09:11:00,1.2,1.5,9724000,09:41:00,1.2,1.6,18564300,10:04:00,1.1,1.4,26019700,10:10:00,1.1,1.4,26019700,10:10:00,1.1,1.4,26019700,10:10:00
201905020901,201905180501,2019-05-18,10:15:00,14,9.8,17.0,6061100.0,09:11:00,9.6,15.9,9724000,09:41:00,10.3,18.1,18564300,10:04:00,10.5,19.5,26019700,10:10:00,10.5,19.5,26019700,10:10:00,10.5,19.5,26019700,10:10:00
201905020901,201905180501,2019-05-18,10:15:00,15,3.8,6.3,6061100.0,09:11:00,4.0,6.4,9724000,09:41:00,4.0,6.8,18564300,10:04:00,4.0,7.2,26019700,10:10:00,4.0,7.2,26019700,10:10:00,4.0,7.2,26019700,10:10:00
201905020901,201905180501,2019-05-18,10:15:00,16,1.3,1.8,6061100.0,09:11:00,1.5,2.0,9724000,09:41:00,1.3,1.7,18564300,10:04:00,1.3,1.8,26019700,10:10:00,1.3,1.8,26019700,10:10:00,1.3,1.8,26019700,10:10:00
201905020902,201905180502,2019-05-18,10:45:00,01,4.8,7.2,2628400.0,09:36:00,4.5,6.5,3873100,10:14:00,4.3,6.5,9274800,10:34:00,3.6,5.5,15884600,10:40:00,3.6,5.5,15884600,10:40:00,3.6,5.5,15884600,10:40:00
201905020902,201905180502,2019-05-18,10:45:00,02,1.5,1.9,2628400.0,09:36:00,1.6,2.2,3873100,10:14:00,1.6,2.2,9274800,10:34:00,1.6,2.3,15884600,10:40:00,1.6,2.3,15884600,10:40:00,1.6,2.3,15884600,10:40:00
201905020902,201905180502,2019-05-18,10:45:00,03,3.8,5.7,2628400.0,09:36:00,4.6,6.6,3873100,10:14:00,5.4,8.3,9274800,10:34:00,5.7,8.8,15884600,10:40:00,5.7,8.8,15884600,10:40:00,5.7,8.8,15884600,10:40:00
201905020902,201905180502,2019-05-18,10:45:00,04,10.3,15.7,2628400.0,09:36:00,10.5,15.4,3873100,10:14:00,12.1,18.8,9274800,10:34:00,14.7,23.3,15884600,10:40:00,14.7,23.3,15884600,10:40:00,14.7,23.3,15884600,10:40:00
201905020902,201905180502,2019-05-18,10:45:00,05,2.3,3.3,2628400.0,09:36:00,2.7,3.8,3873100,10:14:00,2.2,3.2,9274800,10:34:00,1.9,2.7,15884600,10:40:00,1.9,2.7,15884600,10:40:00,1.9,2.7,15884600,10:40:00
201905020902,201905180502,2019-05-18,10:45:00,06,1.8,2.6,2628400.0,09:36:00,1.7,2.4,3873100,10:14:00,1.5,2.1,9274800,10:34:00,1.4,2.0,15884600,10:40:00,1.4,2.0,15884600,10:40:00,1.4,2.0,15884600,10:40:00
201905020902,201905180502,2019-05-18,10:45:00,07,11.6,17.7,2628400.0,09:36:00,10.9,16.0,3873100,10:14:00,13.6,21.1,9274800,10:34:00,17.0,27.1,15884600,10:40:00,17.0,27.1,15884600,10:40:00,17.0,27.1,15884600,10:40:00
201905020902,201905180502,2019-05-18,10:45:00,08,2.9,4.2,2628400.0,09:36:00,3.0,4.3,3873100,10:14:00,3.5,5.3,9274800,10:34:00,3.8,5.8,15884600,10:40:00,3.8,5.8,15884600,10:40:00,3.8,5.8,15884600,10:40:00
201905020902,201905180502,2019-05-18,10:45:00,09,5.5,8.2,2628400.0,09:36:00,6.1,8.8,3873100,10:14:00,8.2,12.6,9274800,10:34:00,7.4,11.7,15884600,10:40:00,7.4,11.7,15884600,10:40:00,7.4,11.7,15884600,10:40:00
201905020902,201905180502,2019-05-18,10:45:00,10,14.3,21.9,2628400.0,09:36:00,16.4,24.1,3873100,10:14:00,19.9,31.0,9274800,10:34:00,22.3,35.6,15884600,10:40:00,22.3,35.6,15884600,10:40:00,22.3,35.6,15884600,10:40:00
201905020902,201905180502,2019-05-18,10:45:00,11,1.5,1.9,2628400.0,09:36:00,1.5,1.9,3873100,10:14:00,1.3,1.7,9274800,10:34:00,1.3,1.7,15884600,10:40:00,1.3,1.7,15884600,10:40:00,1.3,1.7,15884600,10:40:00
201905020902,201905180502,2019-05-18,10:45:00,12,2.0,2.8,2628400.0,09:36:00,1.8,2.5,3873100,10:14:00,1.8,2.6,9274800,10:34:00,1.9,2.8,15884600,10:40:00,1.9,2.8,15884600,10:40:00,1.9,2.8,15884600,10:40:00
201905020902,201905180502,2019-05-18,10:45:00,13,10.8,16.5,2628400.0,09:36:00,9.7,14.3,3873100,10:14:00,12.3,19.1,9274800,10:34:00,14.0,22.3,15884600,10:40:00,14.0,22.3,15884600,10:40:00,14.0,22.3,15884600,10:40:00
201905020902,201905180502,2019-05-18,10:45:00,14,6.5,9.7,2628400.0,09:36:00,5.3,7.7,3873100,10:14:00,6.0,9.2,9274800,10:34:00,7.4,11.6,15884600,10:40:00,7.4,11.6,15884600,10:40:00,7.4,11.6,15884600,10:40:00
201905020902,201905180502,2019-05-18,10:45:00,15,13.8,21.2,2628400.0,09:36:00,13.5,19.9,3873100,10:14:00,16.4,25.6,9274800,10:34:00,20.4,32.6,15884600,10:40:00,20.4,32.6,15884600,10:40:00,20.4,32.6,15884600,10:40:00
201905020902,201905180502,2019-05-18,10:45:00,16,19.2,29.4,2628400.0,09:36:00,19.8,29.2,3873100,10:14:00,22.9,35.6,9274800,10:34:00,29.1,46.5,15884600,10:40:00,29.1,46.5,15884600,10:40:00,29.1,46.5,15884600,10:40:00
201905020903,201905180503,2019-05-18,11:15:00,01,15.6,25.6,4613300.0,10:15:00,17.3,28.1,5894200,10:40:00,21.1,32.8,14063500,11:04:00,23.7,38.2,21898600,11:10:00,23.7,38.2,21898600,11:10:00,23.7,38.2,21898600,11:10:00
201905020903,201905180503,2019-05-18,11:15:00,02,8.3,13.6,4613300.0,10:15:00,9.1,14.8,5894200,10:40:00,13.0,20.2,14063500,11:04:00,15.8,25.5,21898600,11:10:00,15.8,25.5,21898600,11:10:00,15.8,25.5,21898600,11:10:00
201905020903,201905180503,2019-05-18,11:15:00,03,2.1,3.1,4613300.0,10:15:00,2.1,3.2,5894200,10:40:00,2.2,3.2,14063500,11:04:00,2.2,3.4,21898600,11:10:00,2.2,3.4,21898600,11:10:00,2.2,3.4,21898600,11:10:00
201905020903,201905180503,2019-05-18,11:15:00,04,1.9,2.8,4613300.0,10:15:00,1.8,2.6,5894200,10:40:00,1.7,2.3,14063500,11:04:00,1.4,1.9,21898600,11:10:00,1.4,1.9,21898600,11:10:00,1.4,1.9,21898600,11:10:00
201905020903,201905180503,2019-05-18,11:15:00,05,21.5,35.4,4613300.0,10:15:00,22.3,36.1,5894200,10:40:00,25.4,39.5,14063500,11:04:00,29.4,47.4,21898600,11:10:00,29.4,47.4,21898600,11:10:00,29.4,47.4,21898600,11:10:00
201905020903,201905180503,2019-05-18,11:15:00,06,,,4613300.0,10:15:00,,,5894200,10:40:00,,,14063500,11:04:00,,,21898600,11:10:00,,,21898600,11:10:00,,,21898600,11:10:00
201905020903,201905180503,2019-05-18,11:15:00,07,1.5,2.0,4613300.0,10:15:00,1.5,2.1,5894200,10:40:00,1.7,2.4,14063500,11:04:00,1.8,2.6,21898600,11:10:00,1.8,2.6,21898600,11:10:00,1.8,2.6,21898600,11:10:00
201905020903,201905180503,2019-05-18,11:15:00,08,6.8,11.1,4613300.0,10:15:00,7.8,12.5,5894200,10:40:00,5.5,8.4,14063500,11:04:00,6.3,9.9,21898600,11:10:00,6.3,9.9,21898600,11:10:00,6.3,9.9,21898600,11:10:00
201905020903,201905180503,2019-05-18,11:15:00,09,1.8,2.7,4613300.0,10:15:00,1.7,2.5,5894200,10:40:00,1.9,2.7,14063500,11:04:00,1.5,2.2,21898600,11:10:00,1.5,2.2,21898600,11:10:00,1.5,2.2,21898600,11:10:00
201905020903,201905180503,2019-05-18,11:15:00,10,2.8,4.4,4613300.0,10:15:00,3.1,4.8,5894200,10:40:00,2.8,4.1,14063500,11:04:00,2.9,4.5,21898600,11:10:00,2.9,4.5,21898600,11:10:00,2.9,4.5,21898600,11:10:00
201905020903,201905180503,2019-05-18,11:15:00,11,5.9,9.6,4613300.0,10:15:00,6.4,10.2,5894200,10:40:00,5.6,8.5,14063500,11:04:00,6.4,10.2,21898600,11:10:00,6.4,10.2,21898600,11:10:00,6.4,10.2,21898600,11:10:00
201905020903,201905180503,2019-05-18,11:15:00,12,1.3,1.6,4613300.0,10:15:00,1.3,1.6,5894200,10:40:00,1.3,1.6,14063500,11:04:00,1.3,1.7,21898600,11:10:00,1.3,1.7,21898600,11:10:00,1.3,1.7,21898600,11:10:00
201905020903,201905180503,2019-05-18,11:15:00,13,7.5,12.2,4613300.0,10:15:00,8.0,12.8,5894200,10:40:00,10.3,15.9,14063500,11:04:00,11.8,18.9,21898600,11:10:00,11.8,18.9,21898600,11:10:00,11.8,18.9,21898600,11:10:00
201905020903,201905180503,2019-05-18,11:15:00,14,9.6,15.7,4613300.0,10:15:00,10.2,16.6,5894200,10:40:00,11.9,18.4,14063500,11:04:00,14.0,22.6,21898600,11:10:00,14.0,22.6,21898600,11:10:00,14.0,22.6,21898600,11:10:00
201905020903,201905180503,2019-05-18,11:15:00,15,4.8,7.7,4613300.0,10:15:00,4.9,7.7,5894200,10:40:00,3.6,5.4,14063500,11:04:00,3.6,5.6,21898600,11:10:00,3.6,5.6,21898600,11:10:00,3.6,5.6,21898600,11:10:00
201905020903,201905180503,2019-05-18,11:15:00,16,6.7,11.0,4613300.0,10:15:00,7.5,12.0,5894200,10:40:00,9.4,14.4,14063500,11:04:00,9.6,15.3,21898600,11:10:00,9.6,15.3,21898600,11:10:00,9.6,15.3,21898600,11:10:00
201905020904,201905180504,2019-05-18,11:45:00,01,1.7,2.2,4625900.0,10:40:00,1.7,2.2,5612000,11:10:00,1.9,2.6,14128000,11:34:00,1.7,2.2,23003600,11:40:00,1.7,2.2,23003600,11:40:00,1.7,2.2,23003600,11:40:00
201905020904,201905180504,2019-05-18,11:45:00,02,4.3,6.1,4625900.0,10:40:00,4.3,6.2,5612000,11:10:00,2.7,3.7,14128000,11:34:00,2.9,4.1,23003600,11:40:00,2.9,4.1,23003600,11:40:00,2.9,4.1,23003600,11:40:00
201905020904,201905180504,2019-05-18,11:45:00,03,10.5,15.3,4625900.0,10:40:00,11.2,16.4,5612000,11:10:00,18.6,26.3,14128000,11:34:00,14.2,20.8,23003600,11:40:00,14.2,20.8,23003600,11:40:00,14.2,20.8,23003600,11:40:00
201905020904,201905180504,2019-05-18,11:45:00,04,15.7,23.0,4625900.0,10:40:00,14.2,20.8,5612000,11:10:00,22.4,31.9,14128000,11:34:00,27.2,40.0,23003600,11:40:00,27.2,40.0,23003600,11:40:00,27.2,40.0,23003600,11:40:00
201905020904,201905180504,2019-05-18,11:45:00,05,29.5,43.4,4625900.0,10:40:00,32.0,47.2,5612000,11:10:00,52.1,74.4,14128000,11:34:00,67.2,99.2,23003600,11:40:00,67.2,99.2,23003600,11:40:00,67.2,99.2,23003600,11:40:00
201905020904,201905180504,2019-05-18,11:45:00,06,7.3,10.6,4625900.0,10:40:00,7.4,10.8,5612000,11:10:00,6.7,9.4,14128000,11:34:00,6.1,8.9,23003600,11:40:00,6.1,8.9,23003600,11:40:00,6.1,8.9,23003600,11:40:00
201905020904,201905180504,2019-05-18,11:45:00,07,2.2,3.0,4625900.0,10:40:00,2.4,3.3,5612000,11:10:00,2.9,4.0,14128000,11:34:00,3.1,4.4,23003600,11:40:00,3.1,4.4,23003600,11:40:00,3.1,4.4,23003600,11:40:00
201905020904,201905180504,2019-05-18,11:45:00,08,2.1,2.9,4625900.0,10:40:00,2.2,3.0,5612000,11:10:00,2.0,2.6,14128000,11:34:00,2.0,2.7,23003600,11:40:00,2.0,2.7,23003600,11:40:00,2.0,2.7,23003600,11:40:00
201905020904,201905180504,2019-05-18,11:45:00,09,20.8,30.5,4625900.0,10:40:00,22.4,33.0,5612000,11:10:00,34.3,48.9,14128000,11:34:00,38.6,56.9,23003600,11:40:00,38.6,56.9,23003600,11:40:00,38.6,56.9,23003600,11:40:00
201905020904,201905180504,2019-05-18,11:45:00,10,29.0,42.7,4625900.0,10:40:00,31.7,46.8,5612000,11:10:00,48.2,68.7,14128000,11:34:00,53.8,79.5,23003600,11:40:00,53.8,79.5,23003600,11:40:00,53.8,79.5,23003600,11:40:00
201905020904,201905180504,2019-05-18,11:45:00,11,1.6,1.9,4625900.0,10:40:00,1.6,2.0,5612000,11:10:00,1.6,2.0,14128000,11:34:00,1.5,2.0,23003600,11:40:00,1.5,2.0,23003600,11:40:00,1.5,2.0,23003600,11:40:00
201905020904,201905180504,2019-05-18,11:45:00,12,35.5,52.3,4625900.0,10:40:00,37.1,54.7,5612000,11:10:00,48.3,69.0,14128000,11:34:00,54.8,80.8,23003600,11:40:00,54.8,80.8,23003600,11:40:00,54.8,80.8,23003600,11:40:00
201905020904,201905180504,2019-05-18,11:45:00,13,3.3,4.6,4625900.0,10:40:00,3.0,4.2,5612000,11:10:00,4.0,5.6,14128000,11:34:00,4.4,6.4,23003600,11:40:00,4.4,6.4,23003600,11:40:00,4.4,6.4,23003600,11:40:00
201905020904,201905180504,2019-05-18,11:45:00,14,4.0,5.7,4625900.0,10:40:00,4.0,5.7,5612000,11:10:00,5.3,7.4,14128000,11:34:00,5.2,7.5,23003600,11:40:00,5.2,7.5,23003600,11:40:00,5.2,7.5,23003600,11:40:00
201905020904,201905180504,2019-05-18,11:45:00,15,8.1,11.8,4625900.0,10:40:00,8.3,12.1,5612000,11:10:00,12.8,18.1,14128000,11:34:00,12.9,18.8,23003600,11:40:00,12.9,18.8,23003600,11:40:00,12.9,18.8,23003600,11:40:00
201905020904,201905180504,2019-05-18,11:45:00,16,4.6,6.6,4625900.0,10:40:00,4.5,6.4,5612000,11:10:00,2.5,3.4,14128000,11:34:00,2.7,3.7,23003600,11:40:00,2.7,3.7,23003600,11:40:00,2.7,3.7,23003600,11:40:00
201905020904,201905180504,2019-05-18,11:45:00,17,2.0,2.8,4625900.0,10:40:00,1.9,2.6,5612000,11:10:00,1.9,2.5,14128000,11:34:00,1.7,2.3,23003600,11:40:00,1.7,2.3,23003600,11:40:00,1.7,2.3,23003600,11:40:00
201905020904,201905180504,2019-05-18,11:45:00,18,6.4,9.2,4625900.0,10:40:00,6.0,8.6,5612000,11:10:00,8.6,12.1,14128000,11:34:00,9.2,13.5,23003600,11:40:00,9.2,13.5,23003600,11:40:00,9.2,13.5,23003600,11:40:00
201905020905,201905180505,2019-05-18,12:35:00,01,4.8,8.6,4925700.0,11:32:00,5.2,9.3,9426000,12:05:00,6.2,10.7,18690700,12:24:00,6.5,11.5,30494200,12:30:00,6.5,11.5,30494200,12:30:00,6.5,11.5,30494200,12:30:00
201905020905,201905180505,2019-05-18,12:35:00,02,22.4,42.0,4925700.0,11:32:00,29.1,53.6,9426000,12:05:00,36.1,64.7,18690700,12:24:00,43.6,79.0,30494200,12:30:00,43.6,79.0,30494200,12:30:00,43.6,79.0,30494200,12:30:00
201905020905,201905180505,2019-05-18,12:35:00,03,30.4,57.1,4925700.0,11:32:00,30.8,56.8,9426000,12:05:00,35.3,63.2,18690700,12:24:00,41.2,74.7,30494200,12:30:00,41.2,74.7,30494200,12:30:00,41.2,74.7,30494200,12:30:00
201905020905,201905180505,2019-05-18,12:35:00,04,20.9,39.3,4925700.0,11:32:00,28.0,51.6,9426000,12:05:00,37.6,67.3,18690700,12:24:00,53.6,97.3,30494200,12:30:00,53.6,97.3,30494200,12:30:00,53.6,97.3,30494200,12:30:00
201905020905,201905180505,2019-05-18,12:35:00,05,1.7,2.8,4925700.0,11:32:00,1.6,2.5,9426000,12:05:00,1.5,2.3,18690700,12:24:00,1.5,2.4,30494200,12:30:00,1.5,2.4,30494200,12:30:00,1.5,2.4,30494200,12:30:00
201905020905,201905180505,2019-05-18,12:35:00,06,15.5,29.0,4925700.0,11:32:00,18.9,34.6,9426000,12:05:00,24.4,43.5,18690700,12:24:00,32.9,59.6,30494200,12:30:00,32.9,59.6,30494200,12:30:00,32.9,59.6,30494200,12:30:00
201905020905,201905180505,2019-05-18,12:35:00,07,1.2,1.7,4925700.0,11:32:00,1.2,1.6,9426000,12:05:00,1.3,1.9,18690700,12:24:00,1.4,2.2,30494200,12:30:00,1.4,2.2,30494200,12:30:00,1.4,2.2,30494200,12:30:00
201905020905,201905180505,2019-05-18,12:35:00,08,12.5,23.3,4925700.0,11:32:00,13.9,25.4,9426000,12:05:00,18.4,32.7,18690700,12:24:00,24.2,43.6,30494200,12:30:00,24.2,43.6,30494200,12:30:00,24.2,43.6,30494200,12:30:00
201905020905,201905180505,2019-05-18,12:35:00,09,21.9,41.2,4925700.0,11:32:00,31.3,57.7,9426000,12:05:00,39.8,71.3,18690700,12:24:00,54.6,99.0,30494200,12:30:00,54.6,99.0,30494200,12:30:00,54.6,99.0,30494200,12:30:00
201905020905,201905180505,2019-05-18,12:35:00,10,3.0,5.3,4925700.0,11:32:00,2.8,4.9,9426000,12:05:00,2.8,4.6,18690700,12:24:00,2.6,4.3,30494200,12:30:00,2.6,4.3,30494200,12:30:00,2.6,4.3,30494200,12:30:00
201905020905,201905180505,2019-05-18,12:35:00,11,17.4,32.6,4925700.0,11:32:00,24.6,45.3,9426000,12:05:00,28.2,50.4,18690700,12:24:00,40.7,73.9,30494200,12:30:00,40.7,73.9,30494200,12:30:00,40.7,73.9,30494200,12:30:00
201905020905,201905180505,2019-05-18,12:35:00,12,2.7,4.7,4925700.0,11:32:00,3.3,5.7,9426000,12:05:00,3.2,5.4,18690700,12:24:00,4.1,7.0,30494200,12:30:00,4.1,7.0,30494200,12:30:00,4.1,7.0,30494200,12:30:00
201905020905,201905180505,2019-05-18,12:35:00,13,1.2,1.5,4925700.0,11:32:00,1.2,1.6,9426000,12:05:00,1.2,1.5,18690700,12:24:00,1.1,1.4,30494200,12:30:00,1.1,1.4,30494200,12:30:00,1.1,1.4,30494200,12:30:00
201905020905,201905180505,2019-05-18,12:35:00,14,5.2,9.5,4925700.0,11:32:00,5.4,9.5,9426000,12:05:00,4.8,8.2,18690700,12:24:00,5.0,8.8,30494200,12:30:00,5.0,8.8,30494200,12:30:00,5.0,8.8,30494200,12:30:00
201905020905,201905180505,2019-05-18,12:35:00,15,4.4,7.9,4925700.0,11:32:00,4.7,8.4,9426000,12:05:00,4.9,8.4,18690700,12:24:00,4.9,8.6,30494200,12:30:00,4.9,8.6,30494200,12:30:00,4.9,8.6,30494200,12:30:00
201905020905,201905180505,2019-05-18,12:35:00,16,4.1,7.4,4925700.0,11:32:00,4.9,8.6,9426000,12:05:00,5.0,8.6,18690700,12:24:00,5.5,9.6,30494200,12:30:00,5.5,9.6,30494200,12:30:00,5.5,9.6,30494200,12:30:00
201905020905,201905180505,2019-05-18,12:35:00,17,2.3,3.9,4925700.0,11:32:00,1.9,3.1,9426000,12:05:00,1.9,3.0,18690700,12:24:00,1.6,2.5,30494200,12:30:00,1.6,2.5,30494200,12:30:00,1.6,2.5,30494200,12:30:00
201905020905,201905180505,2019-05-18,12:35:00,18,6.2,11.3,4925700.0,11:32:00,5.9,10.6,9426000,12:05:00,7.1,12.4,18690700,12:24:00,7.9,14.0,30494200,12:30:00,7.9,14.0,30494200,12:30:00,7.9,14.0,30494200,12:30:00
201905020906,201905180506,2019-05-18,13:05:00,01,8.9,14.8,5962800.0,12:02:00,8.5,14.0,7593300,12:32:00,9.0,13.6,17462000,12:54:00,10.1,17.4,31825000,13:00:00,10.1,17.4,31825000,13:00:00,10.1,17.4,31825000,13:00:00
201905020906,201905180506,2019-05-18,13:05:00,02,5.0,8.2,5962800.0,12:02:00,4.5,7.3,7593300,12:32:00,3.5,5.1,17462000,12:54:00,3.3,5.5,31825000,13:00:00,3.3,5.5,31825000,13:00:00,3.3,5.5,31825000,13:00:00
201905020906,201905180506,2019-05-18,13:05:00,03,6.5,10.8,5962800.0,12:02:00,7.1,11.6,7593300,12:32:00,10.1,15.3,17462000,12:54:00,10.4,17.9,31825000,13:00:00,10.4,17.9,31825000,13:00:00,10.4,17.9,31825000,13:00:00
201905020906,201905180506,2019-05-18,13:05:00,04,5.4,8.9,5962800.0,12:02:00,5.1,8.3,7593300,12:32:00,5.3,7.9,17462000,12:54:00,4.7,7.9,31825000,13:00:00,4.7,7.9,31825000,13:00:00,4.7,7.9,31825000,13:00:00
201905020906,201905180506,2019-05-18,13:05:00,05,1.7,2.5,5962800.0,12:02:00,1.8,2.6,7593300,12:32:00,2.4,3.4,17462000,12:54:00,2.1,3.3,31825000,13:00:00,2.1,3.3,31825000,13:00:00,2.1,3.3,31825000,13:00:00
201905020906,201905180506,2019-05-18,13:05:00,06,3.2,5.1,5962800.0,12:02:00,3.0,4.7,7593300,12:32:00,1.7,2.4,17462000,12:54:00,1.9,3.0,31825000,13:00:00,1.9,3.0,31825000,13:00:00,1.9,3.0,31825000,13:00:00
201905020906,201905180506,2019-05-18,13:05:00,07,8.0,13.4,5962800.0,12:02:00,7.8,12.9,7593300,12:32:00,10.0,15.1,17462000,12:54:00,8.8,15.2,31825000,13:00:00,8.8,15.2,31825000,13:00:00,8.8,15.2,31825000,13:00:00
201905020906,201905180506,2019-05-18,13:05:00,08,31.7,53.0,5962800.0,12:02:00,36.5,60.5,7593300,12:32:00,37.7,57.3,17462000,12:54:00,50.8,88.0,31825000,13:00:00,50.8,88.0,31825000,13:00:00,50.8,88.0,31825000,13:00:00
201905020906,201905180506,2019-05-18,13:05:00,09,1.2,1.4,5962800.0,12:02:00,1.2,1.5,7593300,12:32:00,1.4,1.7,17462000,12:54:00,1.2,1.5,31825000,13:00:00,1.2,1.5,31825000,13:00:00,1.2,1.5,31825000,13:00:00
201905020906,201905180506,2019-05-18,13:05:00,10,2.1,3.2,5962800.0,12:02:00,1.9,2.9,7593300,12:32:00,1.7,2.3,17462000,12:54:00,1.5,2.1,31825000,13:00:00,1.5,2.1,31825000,13:00:00,1.5,2.1,31825000,13:00:00
201905020906,201905180506,2019-05-18,13:05:00,11,4.5,7.3,5962800.0,12:02:00,4.8,7.8,7593300,12:32:00,7.1,10.7,17462000,12:54:00,7.8,13.3,31825000,13:00:00,7.8,13.3,31825000,13:00:00,7.8,13.3,31825000,13:00:00
201905020906,201905180506,2019-05-18,13:05:00,12,19.9,33.2,5962800.0,12:02:00,20.1,33.2,7593300,12:32:00,26.4,40.1,17462000,12:54:00,32.3,55.8,31825000,13:00:00,32.3,55.8,31825000,13:00:00,32.3,55.8,31825000,13:00:00
201905020906,201905180506,2019-05-18,13:05:00,13,1.7,2.6,5962800.0,12:02:00,1.5,2.2,7593300,12:32:00,1.8,2.5,17462000,12:54:00,1.8,2.8,31825000,13:00:00,1.8,2.8,31825000,13:00:00,1.8,2.8,31825000,13:00:00
201905020906,201905180506,2019-05-18,13:05:00,14,5.6,9.2,5962800.0,12:02:00,6.4,10.5,7593300,12:32:00,11.4,17.4,17462000,12:54:00,13.1,22.6,31825000,13:00:00,13.1,22.6,31825000,13:00:00,13.1,22.6,31825000,13:00:00
201905020906,201905180506,2019-05-18,13:05:00,15,3.3,5.2,5962800.0,12:02:00,3.7,5.9,7593300,12:32:00,4.3,6.3,17462000,12:54:00,4.2,7.0,31825000,13:00:00,4.2,7.0,31825000,13:00:00,4.2,7.0,31825000,13:00:00
201905020906,201905180506,2019-05-18,13:05:00,16,5.3,8.6,5962800.0,12:02:00,5.5,9.0,7593300,12:32:00,5.6,8.4,17462000,12:54:00,5.1,8.5,31825000,13:00:00,5.1,8.5,31825000,13:00:00,5.1,8.5,31825000,13:00:00
201905020907,201905180507,2019-05-18,13:35:00,01,2.1,2.7,3296500.0,12:32:00,2.1,2.8,4428200,13:02:00,2.1,2.9,11045300,13:24:00,2.0,2.9,21955700,13:30:00,2.0,2.9,21955700,13:30:00,2.0,2.9,21955700,13:30:00
201905020907,201905180507,2019-05-18,13:35:00,02,12.9,17.1,3296500.0,12:32:00,14.6,20.5,4428200,13:02:00,23.1,34.6,11183600,13:24:00,29.5,45.8,21955700,13:30:00,29.5,45.8,21955700,13:30:00,29.5,45.8,21955700,13:30:00
201905020907,201905180507,2019-05-18,13:35:00,03,2.0,2.4,3296500.0,12:32:00,1.7,2.2,4428200,13:02:00,1.5,2.0,11183600,13:24:00,1.6,2.2,21955700,13:30:00,1.6,2.2,21955700,13:30:00,1.6,2.2,21955700,13:30:00
201905020907,201905180507,2019-05-18,13:35:00,04,9.4,12.4,3296500.0,12:32:00,9.8,13.8,4428200,13:02:00,10.8,16.0,11183600,13:24:00,11.9,18.4,21955700,13:30:00,11.9,18.4,21955700,13:30:00,11.9,18.4,21955700,13:30:00
201905020907,201905180507,2019-05-18,13:35:00,05,2.1,2.6,3296500.0,12:32:00,1.9,2.4,4428200,13:02:00,1.5,2.0,11183600,13:24:00,1.4,1.7,21955700,13:30:00,1.4,1.7,21955700,13:30:00,1.4,1.7,21955700,13:30:00
201905020907,201905180507,2019-05-18,13:35:00,06,6.2,8.1,3296500.0,12:32:00,7.1,10.0,4428200,13:02:00,12.1,18.0,11183600,13:24:00,15.5,24.1,21955700,13:30:00,15.5,24.1,21955700,13:30:00,15.5,24.1,21955700,13:30:00
201905020907,201905180507,2019-05-18,13:35:00,07,9.9,13.1,3296500.0,12:32:00,10.9,15.3,4428200,13:02:00,13.6,20.2,11183600,13:24:00,18.1,28.0,21955700,13:30:00,18.1,28.0,21955700,13:30:00,18.1,28.0,21955700,13:30:00
201905020907,201905180507,2019-05-18,13:35:00,08,3.3,4.2,3296500.0,12:32:00,3.3,4.5,4428200,13:02:00,3.2,4.5,11183600,13:24:00,3.4,5.1,21955700,13:30:00,3.4,5.1,21955700,13:30:00,3.4,5.1,21955700,13:30:00
201905020907,201905180507,2019-05-18,13:35:00,09,12.6,16.7,3296500.0,12:32:00,14.2,20.0,4428200,13:02:00,20.5,30.7,11183600,13:24:00,26.4,41.0,21955700,13:30:00,26.4,41.0,21955700,13:30:00,26.4,41.0,21955700,13:30:00
201905020907,201905180507,2019-05-18,13:35:00,10,3.6,4.7,3296500.0,12:32:00,3.6,5.0,4428200,13:02:00,3.8,5.6,11183600,13:24:00,3.4,5.1,21955700,13:30:00,3.4,5.1,21955700,13:30:00,3.4,5.1,21955700,13:30:00
201905020907,201905180507,2019-05-18,13:35:00,11,4.0,5.3,3296500.0,12:32:00,4.5,6.2,4428200,13:02:00,6.7,9.8,11183600,13:24:00,5.3,8.0,21955700,13:30:00,5.3,8.0,21955700,13:30:00,5.3,8.0,21955700,13:30:00
201905020907,201905180507,2019-05-18,13:35:00,12,11.3,15.0,3296500.0,12:32:00,12.6,17.8,4428200,13:02:00,18.3,27.4,11183600,13:24:00,23.2,36.0,21955700,13:30:00,23.2,36.0,21955700,13:30:00,23.2,36.0,21955700,13:30:00
201905020907,201905180507,2019-05-18,13:35:00,13,2.3,2.9,3296500.0,12:32:00,2.4,3.2,4428200,13:02:00,2.2,3.1,11183600,13:24:00,2.2,3.2,21955700,13:30:00,2.2,3.2,21955700,13:30:00,2.2,3.2,21955700,13:30:00
201905020907,201905180507,2019-05-18,13:35:00,14,4.5,5.9,3296500.0,12:32:00,4.4,6.1,4428200,13:02:00,3.6,5.2,11183600,13:24:00,3.2,4.8,21955700,13:30:00,3.2,4.8,21955700,13:30:00,3.2,4.8,21955700,13:30:00
201905020907,201905180507,2019-05-18,13:35:00,15,10.8,14.4,3296500.0,12:32:00,9.9,13.9,4428200,13:02:00,13.7,20.4,11183600,13:24:00,16.2,25.1,21955700,13:30:00,16.2,25.1,21955700,13:30:00,16.2,25.1,21955700,13:30:00
201905020907,201905180507,2019-05-18,13:35:00,16,1.9,2.3,3296500.0,12:32:00,1.6,2.1,4428200,13:02:00,1.6,2.2,11045300,13:24:00,1.6,2.3,21955700,13:30:00,1.6,2.3,21955700,13:30:00,1.6,2.3,21955700,13:30:00
201905020908,201905180508,2019-05-18,14:05:00,01,8.5,12.6,3838200.0,13:04:00,8.0,11.9,5225000,13:35:00,8.2,13.3,12312100,13:54:00,9.7,16.2,22248700,14:00:00,9.7,16.2,22248700,14:00:00,9.7,16.2,22248700,14:00:00
201905020908,201905180508,2019-05-18,14:05:00,02,6.8,10.0,3838200.0,13:04:00,7.6,11.3,5225000,13:35:00,7.7,12.4,12312100,13:54:00,7.7,12.9,22248700,14:00:00,7.7,12.9,22248700,14:00:00,7.7,12.9,22248700,14:00:00
201905020908,201905180508,2019-05-18,14:05:00,03,11.3,16.7,3838200.0,13:04:00,12.0,17.9,5225000,13:35:00,7.7,12.5,12312100,13:54:00,8.7,14.6,22248700,14:00:00,8.7,14.6,22248700,14:00:00,8.7,14.6,22248700,14:00:00
201905020908,201905180508,2019-05-18,14:05:00,04,2.0,2.8,3838200.0,13:04:00,2.2,3.2,5225000,13:35:00,2.9,4.6,12312100,13:54:00,3.7,6.0,22248700,14:00:00,3.7,6.0,22248700,14:00:00,3.7,6.0,22248700,14:00:00
201905020908,201905180508,2019-05-18,14:05:00,05,2.5,3.6,3838200.0,13:04:00,2.4,3.4,5225000,13:35:00,2.2,3.3,12312100,13:54:00,1.8,2.8,22248700,14:00:00,1.8,2.8,22248700,14:00:00,1.8,2.8,22248700,14:00:00
201905020908,201905180508,2019-05-18,14:05:00,06,2.0,2.7,3838200.0,13:04:00,1.8,2.5,5225000,13:35:00,1.5,2.0,12312100,13:54:00,1.4,1.9,22248700,14:00:00,1.4,1.9,22248700,14:00:00,1.4,1.9,22248700,14:00:00
201905020908,201905180508,2019-05-18,14:05:00,07,4.8,7.0,3838200.0,13:04:00,4.8,7.0,5225000,13:35:00,5.3,8.5,12312100,13:54:00,5.8,9.7,22248700,14:00:00,5.8,9.7,22248700,14:00:00,5.8,9.7,22248700,14:00:00
201905020908,201905180508,2019-05-18,14:05:00,08,1.6,2.1,3838200.0,13:04:00,1.7,2.3,5225000,13:35:00,2.5,3.8,12312100,13:54:00,3.2,5.2,22248700,14:00:00,3.2,5.2,22248700,14:00:00,3.2,5.2,22248700,14:00:00
201905020908,201905180508,2019-05-18,14:05:00,09,3.7,5.4,3838200.0,13:04:00,3.6,5.2,5225000,13:35:00,4.0,6.3,12312100,13:54:00,3.3,5.2,22248700,14:00:00,3.3,5.2,22248700,14:00:00,3.3,5.2,22248700,14:00:00
201905020908,201905180508,2019-05-18,14:05:00,10,3.0,4.2,3838200.0,13:04:00,3.0,4.3,5225000,13:35:00,2.1,3.2,12312100,13:54:00,2.0,3.2,22248700,14:00:00,2.0,3.2,22248700,14:00:00,2.0,3.2,22248700,14:00:00
201905020908,201905180508,2019-05-18,14:05:00,11,16.1,23.9,3838200.0,13:04:00,17.4,26.1,5225000,13:35:00,13.7,22.4,12312100,13:54:00,14.8,25.0,22248700,14:00:00,14.8,25.0,22248700,14:00:00,14.8,25.0,22248700,14:00:00
201905020908,201905180508,2019-05-18,14:05:00,12,22.8,33.9,3838200.0,13:04:00,24.2,36.5,5225000,13:35:00,27.2,44.8,12312100,13:54:00,35.5,60.4,22248700,14:00:00,35.5,60.4,22248700,14:00:00,35.5,60.4,22248700,14:00:00
201905020908,201905180508,2019-05-18,14:05:00,13,1.6,1.9,3838200.0,13:04:00,1.4,1.8,5225000,13:35:00,1.3,1.6,12312100,13:54:00,1.3,1.6,22248700,14:00:00,1.3,1.6,22248700,14:00:00,1.3,1.6,22248700,14:00:00
201905020908,201905180508,2019-05-18,14:05:00,14,2.9,4.1,3838200.0,13:04:00,3.0,4.3,5225000,13:35:00,2.3,3.4,12312100,13:54:00,2.1,3.3,22248700,14:00:00,2.1,3.3,22248700,14:00:00,2.1,3.3,22248700,14:00:00
201905020908,201905180508,2019-05-18,14:05:00,15,18.9,28.2,3838200.0,13:04:00,21.2,31.9,5225000,13:35:00,26.5,43.6,12312100,13:54:00,34.1,58.1,22248700,14:00:00,34.1,58.1,22248700,14:00:00,34.1,58.1,22248700,14:00:00
201905020908,201905180508,2019-05-18,14:05:00,16,22.1,32.9,3838200.0,13:04:00,23.5,35.3,5225000,13:35:00,29.6,48.8,12312100,13:54:00,33.2,56.6,22248700,14:00:00,33.2,56.6,22248700,14:00:00,33.2,56.6,22248700,14:00:00
201905020909,201905180509,2019-05-18,14:35:00,01,5.0,7.6,9057000.0,13:29:00,4.8,7.3,12654600,14:04:00,4.6,7.2,23550400,14:24:00,5.0,8.0,35196000,14:30:00,5.0,8.0,35196000,14:30:00,5.0,8.0,35196000,14:30:00
201905020909,201905180509,2019-05-18,14:35:00,02,24.4,37.6,9057000.0,13:29:00,28.1,42.6,12654600,14:04:00,29.2,46.2,23550400,14:24:00,31.7,51.7,35196000,14:30:00,31.7,51.7,35196000,14:30:00,31.7,51.7,35196000,14:30:00
201905020909,201905180509,2019-05-18,14:35:00,03,3.7,5.7,9057000.0,13:29:00,4.5,6.8,12654600,14:04:00,5.7,8.9,23550400,14:24:00,5.9,9.5,35196000,14:30:00,5.9,9.5,35196000,14:30:00,5.9,9.5,35196000,14:30:00
201905020909,201905180509,2019-05-18,14:35:00,04,3.9,6.0,9057000.0,13:29:00,4.4,6.6,12654600,14:04:00,4.3,6.8,23550400,14:24:00,3.8,6.1,35196000,14:30:00,3.8,6.1,35196000,14:30:00,3.8,6.1,35196000,14:30:00
201905020909,201905180509,2019-05-18,14:35:00,05,1.6,2.2,9057000.0,13:29:00,1.6,2.2,12654600,14:04:00,1.5,2.1,23581900,14:24:00,1.5,2.1,35196000,14:30:00,1.5,2.1,35196000,14:30:00,1.5,2.1,35196000,14:30:00
201905020909,201905180509,2019-05-18,14:35:00,06,3.1,4.7,9057000.0,13:29:00,3.0,4.5,12654600,14:04:00,2.1,3.2,23581900,14:24:00,2.2,3.4,35196000,14:30:00,2.2,3.4,35196000,14:30:00,2.2,3.4,35196000,14:30:00
201905020909,201905180509,2019-05-18,14:35:00,07,3.8,5.8,9057000.0,13:29:00,3.9,5.8,12654600,14:04:00,3.8,6.0,23550400,14:24:00,3.7,5.8,35196000,14:30:00,3.7,5.8,35196000,14:30:00,3.7,5.8,35196000,14:30:00
201905020909,201905180509,2019-05-18,14:35:00,08,1.8,2.5,9057000.0,13:29:00,1.6,2.3,12654600,14:04:00,1.7,2.5,23581900,14:24:00,1.9,2.8,35196000,14:30:00,1.9,2.8,35196000,14:30:00,1.9,2.8,35196000,14:30:00
201905020909,201905180509,2019-05-18,14:35:00,09,2.5,3.8,9057000.0,13:29:00,2.7,4.0,12654600,14:04:00,2.9,4.4,23581900,14:24:00,2.6,4.0,35196000,14:30:00,2.6,4.0,35196000,14:30:00,2.6,4.0,35196000,14:30:00
201905020909,201905180509,2019-05-18,14:35:00,10,1.3,1.7,9057000.0,13:29:00,1.3,1.7,12654600,14:04:00,1.3,1.7,23581900,14:24:00,1.2,1.6,35196000,14:30:00,1.2,1.6,35196000,14:30:00,1.2,1.6,35196000,14:30:00
201905020909,201905180509,2019-05-18,14:35:00,11,1.5,2.2,9057000.0,13:29:00,1.5,2.1,12654600,14:04:00,1.6,2.4,23581900,14:24:00,1.6,2.4,35196000,14:30:00,1.6,2.4,35196000,14:30:00,1.6,2.4,35196000,14:30:00
201905020909,201905180509,2019-05-18,14:35:00,12,34.7,53.5,9057000.0,13:29:00,37.8,57.4,12654600,14:04:00,35.0,55.3,23581900,14:24:00,38.9,63.4,35196000,14:30:00,38.9,63.4,35196000,14:30:00,38.9,63.4,35196000,14:30:00
201905020910,201905180510,2019-05-18,15:10:00,01,1.1,1.1,16152100.0,14:09:00,1.1,1.1,21853300,14:40:00,1.1,1.1,45049200,14:59:00,1.1,1.1,65155000,15:05:00,1.1,1.1,65155000,15:05:00,1.1,1.1,65155000,15:05:00
201905020910,201905180510,2019-05-18,15:10:00,02,2.5,5.9,16152100.0,14:09:00,2.5,6.1,21853300,14:40:00,2.4,6.2,45049200,14:59:00,2.3,6.1,65155000,15:05:00,2.3,6.1,65155000,15:05:00,2.3,6.1,65155000,15:05:00
201905020910,201905180510,2019-05-18,15:10:00,03,8.8,22.9,16152100.0,14:09:00,10.1,26.7,21853300,14:40:00,8.7,25.3,45049200,14:59:00,9.9,29.2,65155000,15:05:00,9.9,29.2,65155000,15:05:00,9.9,29.2,65155000,15:05:00
201905020910,201905180510,2019-05-18,15:10:00,04,9.5,24.6,16152100.0,14:09:00,9.9,26.2,21853300,14:40:00,10.0,29.3,45049200,14:59:00,11.3,33.5,65155000,15:05:00,11.3,33.5,65155000,15:05:00,11.3,33.5,65155000,15:05:00
201905020910,201905180510,2019-05-18,15:10:00,05,7.9,20.5,16152100.0,14:09:00,6.4,16.6,21853300,14:40:00,7.0,20.1,45049200,14:59:00,8.0,23.3,65155000,15:05:00,8.0,23.3,65155000,15:05:00,8.0,23.3,65155000,15:05:00
201905020910,201905180510,2019-05-18,15:10:00,06,1.7,3.5,16152100.0,14:09:00,1.7,3.4,21853300,14:40:00,1.5,3.1,45049200,14:59:00,1.5,3.3,65155000,15:05:00,1.5,3.3,65155000,15:05:00,1.5,3.3,65155000,15:05:00
201905020910,201905180510,2019-05-18,15:10:00,07,2.7,6.5,16152100.0,14:09:00,2.9,7.0,21853300,14:40:00,3.0,8.2,45049200,14:59:00,2.3,6.0,65155000,15:05:00,2.3,6.0,65155000,15:05:00,2.3,6.0,65155000,15:05:00
201905020910,201905180510,2019-05-18,15:10:00,08,2.3,5.4,16152100.0,14:09:00,2.5,5.9,21853300,14:40:00,2.3,6.1,45049200,14:59:00,2.4,6.2,65155000,15:05:00,2.4,6.2,65155000,15:05:00,2.4,6.2,65155000,15:05:00
201905020910,201905180510,2019-05-18,15:10:00,09,11.6,30.3,16152100.0,14:09:00,9.5,25.1,21853300,14:40:00,12.0,35.4,45049200,14:59:00,13.8,41.0,65155000,15:05:00,13.8,41.0,65155000,15:05:00,13.8,41.0,65155000,15:05:00
201905020910,201905180510,2019-05-18,15:10:00,10,16.6,43.6,16152100.0,14:09:00,17.4,46.4,21853300,14:40:00,20.3,60.4,45049200,14:59:00,24.4,73.0,65155000,15:05:00,24.4,73.0,65155000,15:05:00,24.4,73.0,65155000,15:05:00
201905020910,201905180510,2019-05-18,15:10:00,11,3.0,7.1,16152100.0,14:09:00,3.1,7.5,21853300,14:40:00,3.1,8.3,45049200,14:59:00,3.3,9.0,65155000,15:05:00,3.3,9.0,65155000,15:05:00,3.3,9.0,65155000,15:05:00
201905020910,201905180510,2019-05-18,15:10:00,12,2.7,6.6,16152100.0,14:09:00,2.8,6.8,21853300,14:40:00,2.8,7.4,45049200,14:59:00,2.7,7.4,65155000,15:05:00,2.7,7.4,65155000,15:05:00,2.7,7.4,65155000,15:05:00
201905020910,201905180510,2019-05-18,15:10:00,13,3.7,9.2,16152100.0,14:09:00,4.2,10.7,21853300,14:40:00,5.1,14.5,45049200,14:59:00,5.7,16.3,65155000,15:05:00,5.7,16.3,65155000,15:05:00,5.7,16.3,65155000,15:05:00
201905020910,201905180510,2019-05-18,15:10:00,14,5.6,14.2,16152100.0,14:09:00,4.4,11.1,21853300,14:40:00,5.2,14.8,45049200,14:59:00,5.5,15.7,65155000,15:05:00,5.5,15.7,65155000,15:05:00,5.5,15.7,65155000,15:05:00
201905020910,201905180510,2019-05-18,15:10:00,15,15.6,40.9,16152100.0,14:09:00,15.0,40.0,21853300,14:40:00,12.5,36.9,45049200,14:59:00,14.1,41.9,65155000,15:05:00,14.1,41.9,65155000,15:05:00,14.1,41.9,65155000,15:05:00
201905020910,201905180510,2019-05-18,15:10:00,16,3.5,8.5,16152100.0,14:09:00,3.1,7.7,21853300,14:40:00,2.8,7.6,45049200,14:59:00,2.9,7.9,65155000,15:05:00,2.9,7.9,65155000,15:05:00,2.9,7.9,65155000,15:05:00
201905020911,201905180511,2019-05-18,15:45:00,01,1.9,2.6,21386800.0,14:45:00,1.8,2.5,26941100,15:15:00,1.6,2.5,49572500,15:34:00,1.6,2.4,58841900,15:39:00,1.6,2.4,58841900,15:39:00,1.6,2.4,58841900,15:39:00
201905020911,201905180511,2019-05-18,15:45:00,02,1.9,2.5,21386800.0,14:45:00,1.7,2.3,26941100,15:15:00,1.5,2.3,49572500,15:34:00,1.4,2.1,58841900,15:39:00,1.4,2.1,58841900,15:39:00,1.4,2.1,58841900,15:39:00
201905020911,201905180511,2019-05-18,15:45:00,03,2.4,3.3,21386800.0,14:45:00,2.3,3.3,26941100,15:15:00,2.5,4.1,49572500,15:34:00,2.5,4.0,58841900,15:39:00,2.5,4.0,58841900,15:39:00,2.5,4.0,58841900,15:39:00
201905020911,201905180511,2019-05-18,15:45:00,04,16.5,23.7,21386800.0,14:45:00,18.0,26.4,26941100,15:15:00,19.1,33.3,49572500,15:34:00,20.1,35.0,58841900,15:39:00,20.1,35.0,58841900,15:39:00,20.1,35.0,58841900,15:39:00
201905020911,201905180511,2019-05-18,15:45:00,05,5.1,7.3,21386800.0,14:45:00,5.1,7.5,26941100,15:15:00,5.8,9.9,49572500,15:34:00,6.1,10.5,58841900,15:39:00,6.1,10.5,58841900,15:39:00,6.1,10.5,58841900,15:39:00
201905020911,201905180511,2019-05-18,15:45:00,06,2.9,4.0,21386800.0,14:45:00,3.0,4.3,26941100,15:15:00,2.6,4.3,49572500,15:34:00,2.7,4.5,58841900,15:39:00,2.7,4.5,58841900,15:39:00,2.7,4.5,58841900,15:39:00
201905020911,201905180511,2019-05-18,15:45:00,07,3.7,5.2,21386800.0,14:45:00,4.1,5.9,26941100,15:15:00,4.2,7.0,49572500,15:34:00,4.2,7.1,58841900,15:39:00,4.2,7.1,58841900,15:39:00,4.2,7.1,58841900,15:39:00
201905020911,201905180511,2019-05-18,15:45:00,08,8.1,11.7,21386800.0,14:45:00,8.3,12.2,26941100,15:15:00,10.0,17.4,49572500,15:34:00,11.0,19.1,58841900,15:39:00,11.0,19.1,58841900,15:39:00,11.0,19.1,58841900,15:39:00
201905020911,201905180511,2019-05-18,15:45:00,09,2.4,3.2,21386800.0,14:45:00,2.4,3.3,26941100,15:15:00,2.4,3.8,49572500,15:34:00,2.4,3.8,58841900,15:39:00,2.4,3.8,58841900,15:39:00,2.4,3.8,58841900,15:39:00
201905020911,201905180511,2019-05-18,15:45:00,10,6.9,10.0,21386800.0,14:45:00,6.9,10.2,26941100,15:15:00,7.1,12.2,49572500,15:34:00,7.4,12.7,58841900,15:39:00,7.4,12.7,58841900,15:39:00,7.4,12.7,58841900,15:39:00
201905020911,201905180511,2019-05-18,15:45:00,11,8.9,12.8,21386800.0,14:45:00,9.2,13.6,26941100,15:15:00,10.8,18.9,49572500,15:34:00,11.2,19.5,58841900,15:39:00,11.2,19.5,58841900,15:39:00,11.2,19.5,58841900,15:39:00
201905020911,201905180511,2019-05-18,15:45:00,12,5.3,7.6,21386800.0,14:45:00,5.2,7.6,26941100,15:15:00,5.4,9.1,49572500,15:34:00,5.3,9.0,58841900,15:39:00,5.3,9.0,58841900,15:39:00,5.3,9.0,58841900,15:39:00
201905020911,201905180511,2019-05-18,15:45:00,13,5.2,7.5,21386800.0,14:45:00,5.6,8.1,26941100,15:15:00,6.4,11.0,49572500,15:34:00,6.8,11.7,58841900,15:39:00,6.8,11.7,58841900,15:39:00,6.8,11.7,58841900,15:39:00
201905020911,201905180511,2019-05-18,15:45:00,14,6.0,8.6,21386800.0,14:45:00,5.7,8.3,26941100,15:15:00,6.5,11.2,49572500,15:34:00,6.7,11.5,58841900,15:39:00,6.7,11.5,58841900,15:39:00,6.7,11.5,58841900,15:39:00
201905020911,201905180511,2019-05-18,15:45:00,15,1.4,1.7,21386800.0,14:45:00,1.4,1.7,26941100,15:15:00,1.1,1.3,49572500,15:34:00,1.1,1.4,58841900,15:39:00,1.1,1.4,58841900,15:39:00,1.1,1.4,58841900,15:39:00
201905020912,201905180512,2019-05-18,16:25:00,01,2.3,3.5,9745700.0,15:21:00,2.2,3.3,14143600,15:52:00,2.2,3.3,41233500,16:14:00,2.3,3.5,59476100,16:19:00,2.3,3.5,59476100,16:19:00,2.3,3.5,59476100,16:19:00
201905020912,201905180512,2019-05-18,16:25:00,02,4.9,7.8,9745700.0,15:21:00,5.2,8.1,14143600,15:52:00,4.5,7.2,41233500,16:14:00,4.7,7.5,59476100,16:19:00,4.7,7.5,59476100,16:19:00,4.7,7.5,59476100,16:19:00
201905020912,201905180512,2019-05-18,16:25:00,03,2.6,4.0,9745700.0,15:21:00,2.7,4.1,14143600,15:52:00,3.3,5.2,41233500,16:14:00,3.5,5.5,59476100,16:19:00,3.5,5.5,59476100,16:19:00,3.5,5.5,59476100,16:19:00
201905020912,201905180512,2019-05-18,16:25:00,04,5.2,8.3,9745700.0,15:21:00,5.7,8.9,14143600,15:52:00,6.8,11.0,41233500,16:14:00,6.1,9.9,59476100,16:19:00,6.1,9.9,59476100,16:19:00,6.1,9.9,59476100,16:19:00
201905020912,201905180512,2019-05-18,16:25:00,05,7.4,12.0,9745700.0,15:21:00,9.7,15.3,14143600,15:52:00,15.6,25.6,41233500,16:14:00,18.2,30.4,59476100,16:19:00,18.2,30.4,59476100,16:19:00,18.2,30.4,59476100,16:19:00
201905020912,201905180512,2019-05-18,16:25:00,06,1.2,1.4,9745700.0,15:21:00,1.3,1.6,14143600,15:52:00,1.3,1.6,41233500,16:14:00,1.2,1.6,59476100,16:19:00,1.2,1.6,59476100,16:19:00,1.2,1.6,59476100,16:19:00
201905020912,201905180512,2019-05-18,16:25:00,07,23.8,39.1,9745700.0,15:21:00,28.9,46.0,14143600,15:52:00,30.6,50.6,41233500,16:14:00,34.5,58.0,59476100,16:19:00,34.5,58.0,59476100,16:19:00,34.5,58.0,59476100,16:19:00
201905020912,201905180512,2019-05-18,16:25:00,08,4.1,6.5,9745700.0,15:21:00,4.9,7.5,14143600,15:52:00,5.0,8.1,41233500,16:14:00,4.7,7.7,59476100,16:19:00,4.7,7.7,59476100,16:19:00,4.7,7.7,59476100,16:19:00
201905020912,201905180512,2019-05-18,16:25:00,09,38.0,62.5,9745700.0,15:21:00,48.1,76.5,14143600,15:52:00,67.9,112.3,41233500,16:14:00,79.5,133.8,59476100,16:19:00,79.5,133.8,59476100,16:19:00,79.5,133.8,59476100,16:19:00
201905020912,201905180512,2019-05-18,16:25:00,10,15.8,25.9,9745700.0,15:21:00,17.8,28.3,14143600,15:52:00,18.1,29.8,41233500,16:14:00,20.1,33.7,59476100,16:19:00,20.1,33.7,59476100,16:19:00,20.1,33.7,59476100,16:19:00
201905020912,201905180512,2019-05-18,16:25:00,11,2.2,3.3,9745700.0,15:21:00,1.8,2.5,14143600,15:52:00,1.5,2.2,41233500,16:14:00,1.5,2.2,59476100,16:19:00,1.5,2.2,59476100,16:19:00,1.5,2.2,59476100,16:19:00
201905020912,201905180512,2019-05-18,16:25:00,12,12.8,20.9,9745700.0,15:21:00,15.8,25.0,14143600,15:52:00,16.9,27.8,41233500,16:14:00,18.0,30.1,59476100,16:19:00,18.0,30.1,59476100,16:19:00,18.0,30.1,59476100,16:19:00
201905020912,201905180512,2019-05-18,16:25:00,13,3.6,5.7,9745700.0,15:21:00,3.8,5.8,14143600,15:52:00,4.7,7.5,41233500,16:14:00,4.7,7.7,59476100,16:19:00,4.7,7.7,59476100,16:19:00,4.7,7.7,59476100,16:19:00
201905020912,201905180512,2019-05-18,16:25:00,14,5.5,8.8,9745700.0,15:21:00,6.0,9.4,14143600,15:52:00,5.5,8.8,41233500,16:14:00,4.4,7.2,59476100,16:19:00,4.4,7.2,59476100,16:19:00,4.4,7.2,59476100,16:19:00
201905020912,201905180512,2019-05-18,16:25:00,15,3.5,5.5,9745700.0,15:21:00,3.4,5.2,14143600,15:52:00,3.9,6.2,41233500,16:14:00,4.1,6.5,59476100,16:19:00,4.1,6.5,59476100,16:19:00,4.1,6.5,59476100,16:19:00
201905020912,201905180512,2019-05-18,16:25:00,16,1.8,2.6,9745700.0,15:21:00,1.6,2.3,14143600,15:52:00,1.4,2.1,41233500,16:14:00,1.4,2.0,59476100,16:19:00,1.4,2.0,59476100,16:19:00,1.4,2.0,59476100,16:19:00
201905020912,201905180512,2019-05-18,16:25:00,17,5.9,9.4,9745700.0,15:21:00,6.2,9.6,14143600,15:52:00,5.1,8.2,41233500,16:14:00,5.0,8.1,59476100,16:19:00,5.0,8.1,59476100,16:19:00,5.0,8.1,59476100,16:19:00
201905020912,201905180512,2019-05-18,16:25:00,18,29.5,48.5,9745700.0,15:21:00,27.9,44.4,14143600,15:52:00,36.9,61.0,41233500,16:14:00,44.1,74.2,59476100,16:19:00,44.1,74.2,59476100,16:19:00,44.1,74.2,59476100,16:19:00
201905021001,201905190501,2019-05-19,10:05:00,01,1.6,2.3,5088200.0,09:05:00,1.6,2.3,8134900,09:35:00,1.7,2.5,14003900,09:54:00,1.6,2.4,22011300,09:59:00,1.6,2.4,22011300,09:59:00,1.6,2.4,22011300,09:59:00
201905021001,201905190501,2019-05-19,10:05:00,02,27.4,44.6,5088200.0,09:05:00,20.0,32.7,8134900,09:35:00,22.6,38.5,14003900,09:54:00,25.2,44.2,22011300,09:59:00,25.2,44.2,22011300,09:59:00,25.2,44.2,22011300,09:59:00
201905021001,201905190501,2019-05-19,10:05:00,03,3.3,5.1,5088200.0,09:05:00,3.4,5.4,8134900,09:35:00,3.2,5.1,14003900,09:54:00,3.6,6.1,22011300,09:59:00,3.6,6.1,22011300,09:59:00,3.6,6.1,22011300,09:59:00
201905021001,201905190501,2019-05-19,10:05:00,04,10.8,17.5,5088200.0,09:05:00,11.0,17.9,8134900,09:35:00,12.0,20.3,14003900,09:54:00,15.5,27.0,22011300,09:59:00,15.5,27.0,22011300,09:59:00,15.5,27.0,22011300,09:59:00
201905021001,201905190501,2019-05-19,10:05:00,05,1.3,1.7,5088200.0,09:05:00,1.3,1.6,8134900,09:35:00,1.3,1.7,14003900,09:54:00,1.2,1.7,22011300,09:59:00,1.2,1.7,22011300,09:59:00,1.2,1.7,22011300,09:59:00
201905021001,201905190501,2019-05-19,10:05:00,06,1.4,2.0,5088200.0,09:05:00,1.4,2.0,8134900,09:35:00,1.3,1.7,14003900,09:54:00,1.2,1.7,22011300,09:59:00,1.2,1.7,22011300,09:59:00,1.2,1.7,22011300,09:59:00
201905021001,201905190501,2019-05-19,10:05:00,07,1.3,1.9,5088200.0,09:05:00,1.4,2.0,8134900,09:35:00,1.5,2.2,14003900,09:54:00,1.3,2.0,22011300,09:59:00,1.3,2.0,22011300,09:59:00,1.3,2.0,22011300,09:59:00
201905021001,201905190501,2019-05-19,10:05:00,08,14.5,23.6,5088200.0,09:05:00,13.9,22.7,8134900,09:35:00,14.2,24.1,14003900,09:54:00,16.6,29.1,22011300,09:59:00,16.6,29.1,22011300,09:59:00,16.6,29.1,22011300,09:59:00
201905021001,201905190501,2019-05-19,10:05:00,09,9.1,14.7,5088200.0,09:05:00,7.6,12.2,8134900,09:35:00,7.0,11.8,14003900,09:54:00,8.6,14.9,22011300,09:59:00,8.6,14.9,22011300,09:59:00,8.6,14.9,22011300,09:59:00
201905021001,201905190501,2019-05-19,10:05:00,10,11.4,18.5,5088200.0,09:05:00,12.6,20.5,8134900,09:35:00,8.2,13.8,14003900,09:54:00,9.5,16.5,22011300,09:59:00,9.5,16.5,22011300,09:59:00,9.5,16.5,22011300,09:59:00
201905021001,201905190501,2019-05-19,10:05:00,11,4.6,7.3,5088200.0,09:05:00,4.1,6.4,8134900,09:35:00,4.0,6.6,14003900,09:54:00,4.5,7.6,22011300,09:59:00,4.5,7.6,22011300,09:59:00,4.5,7.6,22011300,09:59:00
201905021001,201905190501,2019-05-19,10:05:00,12,4.0,6.4,5088200.0,09:05:00,4.1,6.4,8134900,09:35:00,3.6,5.9,14003900,09:54:00,4.0,6.8,22011300,09:59:00,4.0,6.8,22011300,09:59:00,4.0,6.8,22011300,09:59:00
201905021001,201905190501,2019-05-19,10:05:00,13,25.2,41.0,5088200.0,09:05:00,18.5,30.1,8134900,09:35:00,17.1,29.1,14003900,09:54:00,18.3,32.0,22011300,09:59:00,18.3,32.0,22011300,09:59:00,18.3,32.0,22011300,09:59:00
201905021001,201905190501,2019-05-19,10:05:00,14,9.6,15.6,5088200.0,09:05:00,8.9,14.3,8134900,09:35:00,9.3,15.6,14003900,09:54:00,11.4,19.9,22011300,09:59:00,11.4,19.9,22011300,09:59:00,11.4,19.9,22011300,09:59:00
201905021001,201905190501,2019-05-19,10:05:00,15,6.7,10.8,5088200.0,09:05:00,6.9,11.0,8134900,09:35:00,6.4,10.7,14003900,09:54:00,7.1,12.3,22011300,09:59:00,7.1,12.3,22011300,09:59:00,7.1,12.3,22011300,09:59:00
201905021001,201905190501,2019-05-19,10:05:00,16,7.9,12.8,5088200.0,09:05:00,9.3,15.0,8134900,09:35:00,9.7,16.3,14003900,09:54:00,11.9,20.8,22011300,09:59:00,11.9,20.8,22011300,09:59:00,11.9,20.8,22011300,09:59:00
201905021002,201905190502,2019-05-19,10:30:00,01,1.3,1.8,3149200.0,09:22:00,1.4,1.9,4944800,09:55:00,1.3,1.8,10776400,10:19:00,1.2,1.7,21470000,10:25:00,1.2,1.7,21470000,10:25:00,1.2,1.7,21470000,10:25:00
201905021002,201905190502,2019-05-19,10:30:00,02,3.4,5.5,3149200.0,09:22:00,3.9,6.0,4944800,09:55:00,3.3,5.8,10776400,10:19:00,3.0,6.0,21470000,10:25:00,3.0,6.0,21470000,10:25:00,3.0,6.0,21470000,10:25:00
201905021002,201905190502,2019-05-19,10:30:00,03,4.5,7.4,3149200.0,09:22:00,4.9,7.6,4944800,09:55:00,5.4,9.6,10776400,10:19:00,5.6,11.7,21470000,10:25:00,5.6,11.7,21470000,10:25:00,5.6,11.7,21470000,10:25:00
201905021002,201905190502,2019-05-19,10:30:00,04,14.9,25.2,3149200.0,09:22:00,14.1,22.4,4944800,09:55:00,12.3,22.5,10776400,10:19:00,14.6,31.1,21470000,10:25:00,14.6,31.1,21470000,10:25:00,14.6,31.1,21470000,10:25:00
201905021002,201905190502,2019-05-19,10:30:00,05,20.6,35.1,3149200.0,09:22:00,21.8,34.9,4944800,09:55:00,29.8,55.1,10776400,10:19:00,40.7,87.9,21470000,10:25:00,40.7,87.9,21470000,10:25:00,40.7,87.9,21470000,10:25:00
201905021002,201905190502,2019-05-19,10:30:00,06,1.6,2.4,3149200.0,09:22:00,1.8,2.5,4944800,09:55:00,1.8,2.9,10776400,10:19:00,1.6,2.9,21470000,10:25:00,1.6,2.9,21470000,10:25:00,1.6,2.9,21470000,10:25:00
201905021002,201905190502,2019-05-19,10:30:00,07,16.0,27.2,3149200.0,09:22:00,14.2,22.5,4944800,09:55:00,12.2,22.4,10776400,10:19:00,15.6,33.3,21470000,10:25:00,15.6,33.3,21470000,10:25:00,15.6,33.3,21470000,10:25:00
201905021002,201905190502,2019-05-19,10:30:00,08,33.6,57.3,3149200.0,09:22:00,30.4,48.6,4944800,09:55:00,36.9,68.3,10776400,10:19:00,36.9,79.7,21470000,10:25:00,36.9,79.7,21470000,10:25:00,36.9,79.7,21470000,10:25:00
201905021002,201905190502,2019-05-19,10:30:00,09,29.8,50.8,3149200.0,09:22:00,25.9,41.4,4944800,09:55:00,30.6,56.7,10776400,10:19:00,39.0,84.1,21470000,10:25:00,39.0,84.1,21470000,10:25:00,39.0,84.1,21470000,10:25:00
201905021002,201905190502,2019-05-19,10:30:00,10,4.0,6.5,3149200.0,09:22:00,4.7,7.3,4944800,09:55:00,5.9,10.7,10776400,10:19:00,6.7,14.0,21470000,10:25:00,6.7,14.0,21470000,10:25:00,6.7,14.0,21470000,10:25:00
201905021002,201905190502,2019-05-19,10:30:00,11,1.9,2.9,3149200.0,09:22:00,2.2,3.3,4944800,09:55:00,2.0,3.4,10776400,10:19:00,2.2,4.3,21470000,10:25:00,2.2,4.3,21470000,10:25:00,2.2,4.3,21470000,10:25:00
201905021002,201905190502,2019-05-19,10:30:00,12,1.3,1.7,3149200.0,09:22:00,1.4,1.8,4944800,09:55:00,1.2,1.5,10776400,10:19:00,1.1,1.3,21470000,10:25:00,1.1,1.3,21470000,10:25:00,1.1,1.3,21470000,10:25:00
201905021002,201905190502,2019-05-19,10:30:00,13,3.6,5.8,3149200.0,09:22:00,2.1,3.1,4944800,09:55:00,2.5,4.3,10776400,10:19:00,2.5,5.0,21470000,10:25:00,2.5,5.0,21470000,10:25:00,2.5,5.0,21470000,10:25:00
201905021002,201905190502,2019-05-19,10:30:00,14,6.1,10.2,3149200.0,09:22:00,5.2,8.1,4944800,09:55:00,5.6,10.1,10776400,10:19:00,6.3,13.1,21470000,10:25:00,6.3,13.1,21470000,10:25:00,6.3,13.1,21470000,10:25:00
201905021002,201905190502,2019-05-19,10:30:00,15,2.7,4.3,3149200.0,09:22:00,2.7,4.1,4944800,09:55:00,2.3,4.0,10776400,10:19:00,2.3,4.5,21470000,10:25:00,2.3,4.5,21470000,10:25:00,2.3,4.5,21470000,10:25:00
201905021002,201905190502,2019-05-19,10:30:00,16,13.2,22.3,3149200.0,09:22:00,10.0,15.8,4944800,09:55:00,10.7,19.5,10776400,10:19:00,12.9,27.4,21470000,10:25:00,12.9,27.4,21470000,10:25:00,12.9,27.4,21470000,10:25:00
201905021003,201905190503,2019-05-19,11:00:00,01,2.4,4.2,4142800.0,09:56:00,2.5,5.0,6174100,10:26:00,2.0,4.5,16137600,10:49:00,1.8,4.0,24658200,10:55:00,1.8,4.0,24658200,10:55:00,1.8,4.0,24658200,10:55:00
201905021003,201905190503,2019-05-19,11:00:00,02,6.1,11.0,4142800.0,09:56:00,6.5,14.1,6174100,10:26:00,7.1,18.1,16137600,10:49:00,7.2,18.7,24658200,10:55:00,7.2,18.7,24658200,10:55:00,7.2,18.7,24658200,10:55:00
201905021003,201905190503,2019-05-19,11:00:00,03,1.4,2.2,4142800.0,09:56:00,1.4,2.4,6174100,10:26:00,1.1,1.8,16137600,10:49:00,1.1,1.9,24658200,10:55:00,1.1,1.9,24658200,10:55:00,1.1,1.9,24658200,10:55:00
201905021003,201905190503,2019-05-19,11:00:00,04,3.9,7.0,4142800.0,09:56:00,3.9,8.3,6174100,10:26:00,4.0,9.8,16137600,10:49:00,4.1,10.3,24658200,10:55:00,4.1,10.3,24658200,10:55:00,4.1,10.3,24658200,10:55:00
201905021003,201905190503,2019-05-19,11:00:00,05,2.0,3.3,4142800.0,09:56:00,2.0,4.0,6174100,10:26:00,2.3,5.4,16137600,10:49:00,2.4,5.6,24658200,10:55:00,2.4,5.6,24658200,10:55:00,2.4,5.6,24658200,10:55:00
201905021003,201905190503,2019-05-19,11:00:00,06,3.9,6.9,4142800.0,09:56:00,3.7,7.8,6174100,10:26:00,3.5,8.4,16137600,10:49:00,3.6,8.9,24658200,10:55:00,3.6,8.9,24658200,10:55:00,3.6,8.9,24658200,10:55:00
201905021003,201905190503,2019-05-19,11:00:00,07,10.8,19.9,4142800.0,09:56:00,12.1,26.4,6174100,10:26:00,16.7,43.5,16137600,10:49:00,18.5,48.8,24658200,10:55:00,18.5,48.8,24658200,10:55:00,18.5,48.8,24658200,10:55:00
201905021003,201905190503,2019-05-19,11:00:00,08,1.4,2.3,4142800.0,09:56:00,1.3,2.3,6174100,10:26:00,1.4,2.9,16137600,10:49:00,1.4,3.0,24658200,10:55:00,1.4,3.0,24658200,10:55:00,1.4,3.0,24658200,10:55:00
201905021003,201905190503,2019-05-19,11:00:00,09,7.6,13.9,4142800.0,09:56:00,7.7,16.7,6174100,10:26:00,9.0,23.1,16137600,10:49:00,10.1,26.4,24658200,10:55:00,10.1,26.4,24658200,10:55:00,10.1,26.4,24658200,10:55:00
201905021003,201905190503,2019-05-19,11:00:00,10,10.2,18.8,4142800.0,09:56:00,10.1,22.0,6174100,10:26:00,11.4,29.6,16137600,10:49:00,12.3,32.2,24658200,10:55:00,12.3,32.2,24658200,10:55:00,12.3,32.2,24658200,10:55:00
201905021003,201905190503,2019-05-19,11:00:00,11,1.1,1.3,4142800.0,09:56:00,1.1,1.1,6174100,10:26:00,1.1,1.1,16137600,10:49:00,1.1,1.1,24658200,10:55:00,1.1,1.1,24658200,10:55:00,1.1,1.1,24658200,10:55:00
201905021003,201905190503,2019-05-19,11:00:00,12,3.0,5.2,4142800.0,09:56:00,3.2,6.7,6174100,10:26:00,3.1,7.6,16137600,10:49:00,3.1,7.5,24658200,10:55:00,3.1,7.5,24658200,10:55:00,3.1,7.5,24658200,10:55:00
201905021004,201905190504,2019-05-19,11:30:00,01,1.2,1.6,4179200.0,10:26:00,1.2,1.8,6081800,10:59:00,1.2,2.0,17261800,11:19:00,1.3,2.3,28318400,11:25:00,1.3,2.3,28318400,11:25:00,1.3,2.3,28318400,11:25:00
201905021004,201905190504,2019-05-19,11:30:00,02,1.5,2.6,4179200.0,10:26:00,1.3,1.9,6081800,10:59:00,1.2,1.9,17261800,11:19:00,1.2,1.9,28318400,11:25:00,1.2,1.9,28318400,11:25:00,1.2,1.9,28318400,11:25:00
201905021004,201905190504,2019-05-19,11:30:00,03,2.3,4.3,4179200.0,10:26:00,2.6,4.4,6081800,10:59:00,2.2,3.9,17261800,11:19:00,2.3,4.3,28318400,11:25:00,2.3,4.3,28318400,11:25:00,2.3,4.3,28318400,11:25:00
201905021004,201905190504,2019-05-19,11:30:00,04,7.1,14.3,4179200.0,10:26:00,8.2,14.8,6081800,10:59:00,11.3,21.7,17261800,11:19:00,9.6,20.0,28318400,11:25:00,9.6,20.0,28318400,11:25:00,9.6,20.0,28318400,11:25:00
201905021004,201905190504,2019-05-19,11:30:00,05,1.9,3.5,4179200.0,10:26:00,2.0,3.4,6081800,10:59:00,2.0,3.4,17261800,11:19:00,1.9,3.5,28318400,11:25:00,1.9,3.5,28318400,11:25:00,1.9,3.5,28318400,11:25:00
201905021004,201905190504,2019-05-19,11:30:00,06,14.9,30.0,4179200.0,10:26:00,11.2,20.4,6081800,10:59:00,18.5,35.6,17261800,11:19:00,23.0,48.3,28318400,11:25:00,23.0,48.3,28318400,11:25:00,23.0,48.3,28318400,11:25:00
201905021004,201905190504,2019-05-19,11:30:00,07,12.9,25.9,4179200.0,10:26:00,14.5,26.5,6081800,10:59:00,18.7,36.0,17261800,11:19:00,21.7,45.5,28318400,11:25:00,21.7,45.5,28318400,11:25:00,21.7,45.5,28318400,11:25:00
201905021004,201905190504,2019-05-19,11:30:00,08,4.2,8.1,4179200.0,10:26:00,4.5,7.9,6081800,10:59:00,4.8,9.0,17261800,11:19:00,3.9,7.8,28318400,11:25:00,3.9,7.8,28318400,11:25:00,3.9,7.8,28318400,11:25:00
201905021004,201905190504,2019-05-19,11:30:00,09,1.8,3.3,4179200.0,10:26:00,2.1,3.6,6081800,10:59:00,2.0,3.5,17261800,11:19:00,1.9,3.6,28318400,11:25:00,1.9,3.6,28318400,11:25:00,1.9,3.6,28318400,11:25:00
201905021004,201905190504,2019-05-19,11:30:00,10,1.1,1.4,4179200.0,10:26:00,1.1,1.4,6081800,10:59:00,1.1,1.3,17261800,11:19:00,1.1,1.2,28318400,11:25:00,1.1,1.2,28318400,11:25:00,1.1,1.2,28318400,11:25:00
201905021004,201905190504,2019-05-19,11:30:00,11,5.1,10.1,4179200.0,10:26:00,6.2,11.1,6081800,10:59:00,9.9,19.0,17261800,11:19:00,11.3,23.6,28318400,11:25:00,11.3,23.6,28318400,11:25:00,11.3,23.6,28318400,11:25:00
201905021005,201905190505,2019-05-19,12:20:00,01,2.3,4.9,5574900.0,11:19:00,2.2,5.0,12181100,11:49:00,1.9,4.7,26517200,12:09:00,1.9,5.1,40955600,12:14:00,1.9,5.1,40955600,12:14:00,1.9,5.1,40955600,12:14:00
201905021005,201905190505,2019-05-19,12:20:00,02,8.1,18.6,5574900.0,11:19:00,11.1,29.1,12181100,11:49:00,14.2,42.9,26517200,12:09:00,16.3,52.4,40955600,12:14:00,16.3,52.4,40955600,12:14:00,16.3,52.4,40955600,12:14:00
201905021005,201905190505,2019-05-19,12:20:00,03,2.4,5.0,5574900.0,11:19:00,2.5,5.9,12181100,11:49:00,2.3,6.2,26517200,12:09:00,2.3,6.4,40955600,12:14:00,2.3,6.4,40955600,12:14:00,2.3,6.4,40955600,12:14:00
201905021005,201905190505,2019-05-19,12:20:00,04,12.4,29.0,5574900.0,11:19:00,13.8,36.3,12181100,11:49:00,17.5,53.1,26517200,12:09:00,21.2,68.1,40955600,12:14:00,21.2,68.1,40955600,12:14:00,21.2,68.1,40955600,12:14:00
201905021005,201905190505,2019-05-19,12:20:00,05,1.1,1.1,5574900.0,11:19:00,1.1,1.1,12181100,11:49:00,1.1,1.1,26517200,12:09:00,1.1,1.1,40955600,12:14:00,1.1,1.1,40955600,12:14:00,1.1,1.1,40955600,12:14:00
201905021005,201905190505,2019-05-19,12:20:00,06,10.5,24.4,5574900.0,11:19:00,13.4,35.4,12181100,11:49:00,18.0,54.9,26517200,12:09:00,20.7,66.4,40955600,12:14:00,20.7,66.4,40955600,12:14:00,20.7,66.4,40955600,12:14:00
201905021005,201905190505,2019-05-19,12:20:00,07,1.4,2.6,5574900.0,11:19:00,1.3,2.6,12181100,11:49:00,1.3,3.0,26517200,12:09:00,1.4,3.3,40955600,12:14:00,1.4,3.3,40955600,12:14:00,1.4,3.3,40955600,12:14:00
201905021005,201905190505,2019-05-19,12:20:00,08,1.1,1.8,5574900.0,11:19:00,1.1,1.9,12181100,11:49:00,1.2,2.5,26517200,12:09:00,1.3,2.9,40955600,12:14:00,1.3,2.9,40955600,12:14:00,1.3,2.9,40955600,12:14:00
201905021005,201905190505,2019-05-19,12:20:00,09,1.7,3.5,5574900.0,11:19:00,1.7,3.8,12181100,11:49:00,1.7,4.3,26517200,12:09:00,1.5,3.8,40955600,12:14:00,1.5,3.8,40955600,12:14:00,1.5,3.8,40955600,12:14:00
201905021005,201905190505,2019-05-19,12:20:00,10,2.9,6.3,5574900.0,11:19:00,3.9,9.6,12181100,11:49:00,4.8,14.0,26517200,12:09:00,5.5,16.8,40955600,12:14:00,5.5,16.8,40955600,12:14:00,5.5,16.8,40955600,12:14:00
201905021006,201905190506,2019-05-19,12:50:00,01,5.6,7.9,5339000.0,11:41:00,6.4,9.3,7670800,12:19:00,7.0,10.9,17277400,12:39:00,8.1,12.4,28797000,12:44:00,8.1,12.4,28797000,12:44:00,8.1,12.4,28797000,12:44:00
201905021006,201905190506,2019-05-19,12:50:00,02,4.5,6.3,5339000.0,11:41:00,4.9,7.2,7670800,12:19:00,5.1,7.9,17277400,12:39:00,5.8,8.7,28797000,12:44:00,5.8,8.7,28797000,12:44:00,5.8,8.7,28797000,12:44:00
201905021006,201905190506,2019-05-19,12:50:00,03,3.2,4.4,5339000.0,11:41:00,3.2,4.5,7670800,12:19:00,3.7,5.7,17277400,12:39:00,3.6,5.3,28797000,12:44:00,3.6,5.3,28797000,12:44:00,3.6,5.3,28797000,12:44:00
201905021006,201905190506,2019-05-19,12:50:00,04,2.2,3.0,5339000.0,11:41:00,2.1,2.9,7670800,12:19:00,2.0,2.8,17277400,12:39:00,1.9,2.7,28797000,12:44:00,1.9,2.7,28797000,12:44:00,1.9,2.7,28797000,12:44:00
201905021006,201905190506,2019-05-19,12:50:00,05,3.9,5.5,5339000.0,11:41:00,4.2,6.0,7670800,12:19:00,4.0,6.1,17277400,12:39:00,4.0,5.9,28797000,12:44:00,4.0,5.9,28797000,12:44:00,4.0,5.9,28797000,12:44:00
201905021006,201905190506,2019-05-19,12:50:00,06,20.1,28.7,5339000.0,11:41:00,21.1,31.1,7670800,12:19:00,29.3,46.4,17277400,12:39:00,40.3,62.2,28797000,12:44:00,40.3,62.2,28797000,12:44:00,40.3,62.2,28797000,12:44:00
201905021006,201905190506,2019-05-19,12:50:00,07,2.2,2.9,5339000.0,11:41:00,2.0,2.8,7670800,12:19:00,1.8,2.5,17277400,12:39:00,1.7,2.3,28797000,12:44:00,1.7,2.3,28797000,12:44:00,1.7,2.3,28797000,12:44:00
201905021006,201905190506,2019-05-19,12:50:00,08,10.1,14.4,5339000.0,11:41:00,11.5,16.9,7670800,12:19:00,14.9,23.6,17277400,12:39:00,19.1,29.4,28797000,12:44:00,19.1,29.4,28797000,12:44:00,19.1,29.4,28797000,12:44:00
201905021006,201905190506,2019-05-19,12:50:00,09,1.4,1.7,5339000.0,11:41:00,1.4,1.6,7670800,12:19:00,1.3,1.5,17277400,12:39:00,1.4,1.7,28797000,12:44:00,1.4,1.7,28797000,12:44:00,1.4,1.7,28797000,12:44:00
201905021006,201905190506,2019-05-19,12:50:00,10,3.1,4.3,5339000.0,11:41:00,2.8,4.0,7670800,12:19:00,3.0,4.5,17277400,12:39:00,2.8,4.1,28797000,12:44:00,2.8,4.1,28797000,12:44:00,2.8,4.1,28797000,12:44:00
201905021006,201905190506,2019-05-19,12:50:00,11,5.7,8.1,5339000.0,11:41:00,6.0,8.7,7670800,12:19:00,6.7,10.4,17277400,12:39:00,7.1,10.8,28797000,12:44:00,7.1,10.8,28797000,12:44:00,7.1,10.8,28797000,12:44:00
201905021006,201905190506,2019-05-19,12:50:00,12,4.0,5.5,5339000.0,11:41:00,4.3,6.1,7670800,12:19:00,4.7,7.2,17277400,12:39:00,5.2,7.8,28797000,12:44:00,5.2,7.8,28797000,12:44:00,5.2,7.8,28797000,12:44:00
201905021006,201905190506,2019-05-19,12:50:00,13,14.6,20.9,5339000.0,11:41:00,17.2,25.3,7670800,12:19:00,25.3,40.0,17277400,12:39:00,32.6,50.3,28797000,12:44:00,32.6,50.3,28797000,12:44:00,32.6,50.3,28797000,12:44:00
201905021006,201905190506,2019-05-19,12:50:00,14,6.8,9.7,5339000.0,11:41:00,7.6,11.1,7670800,12:19:00,7.9,12.4,17277400,12:39:00,7.7,11.7,28797000,12:44:00,7.7,11.7,28797000,12:44:00,7.7,11.7,28797000,12:44:00
201905021006,201905190506,2019-05-19,12:50:00,15,3.3,4.6,5339000.0,11:41:00,3.5,4.9,7670800,12:19:00,3.4,5.1,17277400,12:39:00,3.2,4.7,28797000,12:44:00,3.2,4.7,28797000,12:44:00,3.2,4.7,28797000,12:44:00
201905021006,201905190506,2019-05-19,12:50:00,16,2.6,3.5,5339000.0,11:41:00,2.3,3.3,7670800,12:19:00,2.0,2.9,17277400,12:39:00,1.9,2.8,28797000,12:44:00,1.9,2.8,28797000,12:44:00,1.9,2.8,28797000,12:44:00
201905021007,201905190507,2019-05-19,13:20:00,01,2.9,5.4,3097400.0,12:19:00,3.0,5.3,3849100,12:46:00,3.1,5.7,11940600,13:09:00,3.1,5.4,17380600,13:14:00,3.1,5.4,17380600,13:14:00,3.1,5.4,17380600,13:14:00
201905021007,201905190507,2019-05-19,13:20:00,02,1.5,2.6,3097400.0,12:19:00,1.4,2.2,3849100,12:46:00,1.3,2.1,11940600,13:09:00,1.3,2.1,17380600,13:14:00,1.3,2.1,17380600,13:14:00,1.3,2.1,17380600,13:14:00
201905021007,201905190507,2019-05-19,13:20:00,03,4.4,8.5,3097400.0,12:19:00,5.1,9.4,3849100,12:46:00,8.3,16.1,11940600,13:09:00,9.4,17.3,17380600,13:14:00,9.4,17.3,17380600,13:14:00,9.4,17.3,17380600,13:14:00
201905021007,201905190507,2019-05-19,13:20:00,04,3.4,6.6,3097400.0,12:19:00,3.0,5.4,3849100,12:46:00,2.9,5.3,11940600,13:09:00,2.8,4.8,17380600,13:14:00,2.8,4.8,17380600,13:14:00,2.8,4.8,17380600,13:14:00
201905021007,201905190507,2019-05-19,13:20:00,05,1.8,3.3,3097400.0,12:19:00,1.9,3.3,3849100,12:46:00,1.9,3.4,11940600,13:09:00,1.9,3.2,17380600,13:14:00,1.9,3.2,17380600,13:14:00,1.9,3.2,17380600,13:14:00
201905021007,201905190507,2019-05-19,13:20:00,06,1.3,1.9,3097400.0,12:19:00,1.3,1.9,3849100,12:46:00,1.2,1.7,11940600,13:09:00,1.2,1.7,17380600,13:14:00,1.2,1.7,17380600,13:14:00,1.2,1.7,17380600,13:14:00
201905021007,201905190507,2019-05-19,13:20:00,07,8.0,15.7,3097400.0,12:19:00,8.7,16.4,3849100,12:46:00,10.1,19.6,11940600,13:09:00,9.7,17.8,17380600,13:14:00,9.7,17.8,17380600,13:14:00,9.7,17.8,17380600,13:14:00
201905021007,201905190507,2019-05-19,13:20:00,08,1.1,1.2,3097400.0,12:19:00,1.1,1.3,3849100,12:46:00,1.1,1.4,11940600,13:09:00,1.1,1.4,17380600,13:14:00,1.1,1.4,17380600,13:14:00,1.1,1.4,17380600,13:14:00
201905021007,201905190507,2019-05-19,13:20:00,09,4.0,7.7,3097400.0,12:19:00,4.7,8.7,3849100,12:46:00,6.7,12.8,11940600,13:09:00,6.1,11.0,17380600,13:14:00,6.1,11.0,17380600,13:14:00,6.1,11.0,17380600,13:14:00
201905021007,201905190507,2019-05-19,13:20:00,10,2.5,4.6,3097400.0,12:19:00,2.5,4.4,3849100,12:46:00,2.2,4.0,11940600,13:09:00,2.2,3.7,17380600,13:14:00,2.2,3.7,17380600,13:14:00,2.2,3.7,17380600,13:14:00
201905021007,201905190507,2019-05-19,13:20:00,11,12.1,24.0,3097400.0,12:19:00,12.3,23.2,3849100,12:46:00,15.2,29.6,11940600,13:09:00,17.0,31.3,17380600,13:14:00,17.0,31.3,17380600,13:14:00,17.0,31.3,17380600,13:14:00
201905021008,201905190508,2019-05-19,13:50:00,01,2.8,6.4,3766900.0,12:50:00,2.4,5.9,5061300,13:19:00,2.5,6.0,13962600,13:39:00,2.5,7.1,23772000,13:44:00,2.5,7.1,23772000,13:44:00,2.5,7.1,23772000,13:44:00
201905021008,201905190508,2019-05-19,13:50:00,02,1.1,1.8,3766900.0,12:50:00,1.1,2.0,5061300,13:19:00,1.1,2.1,13962600,13:39:00,1.1,1.9,23772000,13:44:00,1.1,1.9,23772000,13:44:00,1.1,1.9,23772000,13:44:00
201905021008,201905190508,2019-05-19,13:50:00,03,4.9,11.7,3766900.0,12:50:00,5.0,12.7,5061300,13:19:00,5.2,13.2,13962600,13:39:00,4.9,14.7,23772000,13:44:00,4.9,14.7,23772000,13:44:00,4.9,14.7,23772000,13:44:00
201905021008,201905190508,2019-05-19,13:50:00,04,6.9,16.6,3766900.0,12:50:00,7.1,18.3,5061300,13:19:00,8.0,20.6,13962600,13:39:00,8.2,25.4,23772000,13:44:00,8.2,25.4,23772000,13:44:00,8.2,25.4,23772000,13:44:00
201905021008,201905190508,2019-05-19,13:50:00,05,1.1,2.1,3766900.0,12:50:00,1.1,2.2,5061300,13:19:00,1.1,2.2,13962600,13:39:00,1.1,2.5,23772000,13:44:00,1.1,2.5,23772000,13:44:00,1.1,2.5,23772000,13:44:00
201905021008,201905190508,2019-05-19,13:50:00,06,3.4,8.0,3766900.0,12:50:00,3.2,7.8,5061300,13:19:00,2.3,5.3,13962600,13:39:00,2.3,6.5,23772000,13:44:00,2.3,6.5,23772000,13:44:00,2.3,6.5,23772000,13:44:00
201905021008,201905190508,2019-05-19,13:50:00,07,2.1,4.6,3766900.0,12:50:00,2.1,4.9,5061300,13:19:00,2.4,5.5,13962600,13:39:00,2.3,6.3,23772000,13:44:00,2.3,6.3,23772000,13:44:00,2.3,6.3,23772000,13:44:00
201905021008,201905190508,2019-05-19,13:50:00,08,1.1,1.1,3766900.0,12:50:00,1.1,1.1,5061300,13:19:00,1.1,1.1,13962600,13:39:00,1.1,1.1,23772000,13:44:00,1.1,1.1,23772000,13:44:00,1.1,1.1,23772000,13:44:00
201905021008,201905190508,2019-05-19,13:50:00,09,3.4,8.0,3766900.0,12:50:00,3.9,9.9,5061300,13:19:00,4.5,11.2,13962600,13:39:00,4.9,14.9,23772000,13:44:00,4.9,14.9,23772000,13:44:00,4.9,14.9,23772000,13:44:00
201905021009,201905190509,2019-05-19,14:25:00,01,3.5,5.4,7312300.0,13:23:00,3.6,5.7,10698900,13:53:00,4.5,7.7,27612600,14:14:00,4.4,7.5,35599300,14:19:00,4.4,7.5,35599300,14:19:00,4.4,7.5,35599300,14:19:00
201905021009,201905190509,2019-05-19,14:25:00,02,5.4,8.3,7312300.0,13:23:00,5.8,9.2,10698900,13:53:00,7.6,13.2,27612600,14:14:00,8.1,14.1,35599300,14:19:00,8.1,14.1,35599300,14:19:00,8.1,14.1,35599300,14:19:00
201905021009,201905190509,2019-05-19,14:25:00,03,8.5,13.4,7312300.0,13:23:00,10.0,16.2,10698900,13:53:00,12.8,22.3,27612600,14:14:00,13.4,23.4,35599300,14:19:00,13.4,23.4,35599300,14:19:00,13.4,23.4,35599300,14:19:00
201905021009,201905190509,2019-05-19,14:25:00,04,7.7,12.1,7312300.0,13:23:00,8.0,12.9,10698900,13:53:00,10.9,19.0,27612600,14:14:00,11.1,19.5,35599300,14:19:00,11.1,19.5,35599300,14:19:00,11.1,19.5,35599300,14:19:00
201905021009,201905190509,2019-05-19,14:25:00,05,27.9,44.0,7312300.0,13:23:00,32.3,52.3,10698900,13:53:00,32.3,56.6,27612600,14:14:00,36.0,63.3,35599300,14:19:00,36.0,63.3,35599300,14:19:00,36.0,63.3,35599300,14:19:00
201905021009,201905190509,2019-05-19,14:25:00,06,7.6,12.0,7312300.0,13:23:00,6.6,10.6,10698900,13:53:00,8.7,15.1,27612600,14:14:00,9.1,15.8,35599300,14:19:00,9.1,15.8,35599300,14:19:00,9.1,15.8,35599300,14:19:00
201905021009,201905190509,2019-05-19,14:25:00,07,1.4,1.8,7312300.0,13:23:00,1.4,1.9,10698900,13:53:00,1.2,1.8,27612600,14:14:00,1.3,1.9,35599300,14:19:00,1.3,1.9,35599300,14:19:00,1.3,1.9,35599300,14:19:00
201905021009,201905190509,2019-05-19,14:25:00,08,5.4,8.4,7312300.0,13:23:00,5.6,8.9,10698900,13:53:00,5.9,10.0,27612600,14:14:00,5.5,9.4,35599300,14:19:00,5.5,9.4,35599300,14:19:00,5.5,9.4,35599300,14:19:00
201905021009,201905190509,2019-05-19,14:25:00,09,2.5,3.7,7312300.0,13:23:00,2.3,3.5,10698900,13:53:00,2.7,4.4,27612600,14:14:00,2.6,4.3,35599300,14:19:00,2.6,4.3,35599300,14:19:00,2.6,4.3,35599300,14:19:00
201905021009,201905190509,2019-05-19,14:25:00,10,1.7,2.4,7312300.0,13:23:00,1.5,2.2,10698900,13:53:00,1.1,1.6,27612600,14:14:00,1.2,1.6,35599300,14:19:00,1.2,1.6,35599300,14:19:00,1.2,1.6,35599300,14:19:00
201905021009,201905190509,2019-05-19,14:25:00,11,9.9,15.7,7312300.0,13:23:00,11.5,18.7,10698900,13:53:00,15.4,26.9,27612600,14:14:00,15.0,26.4,35599300,14:19:00,15.0,26.4,35599300,14:19:00,15.0,26.4,35599300,14:19:00
201905021009,201905190509,2019-05-19,14:25:00,12,9.6,15.2,7312300.0,13:23:00,11.6,18.8,10698900,13:53:00,13.2,23.1,27612600,14:14:00,13.6,23.9,35599300,14:19:00,13.6,23.9,35599300,14:19:00,13.6,23.9,35599300,14:19:00
201905021009,201905190509,2019-05-19,14:25:00,13,3.3,5.0,7312300.0,13:23:00,3.8,5.9,10698900,13:53:00,4.3,7.2,27612600,14:14:00,4.5,7.6,35599300,14:19:00,4.5,7.6,35599300,14:19:00,4.5,7.6,35599300,14:19:00
201905021009,201905190509,2019-05-19,14:25:00,14,2.3,3.4,7312300.0,13:23:00,2.3,3.5,10698900,13:53:00,2.3,3.6,27612600,14:14:00,2.1,3.4,35599300,14:19:00,2.1,3.4,35599300,14:19:00,2.1,3.4,35599300,14:19:00
201905021009,201905190509,2019-05-19,14:25:00,15,9.6,15.1,7312300.0,13:23:00,10.7,17.3,10698900,13:53:00,12.1,21.2,27612600,14:14:00,13.6,23.8,35599300,14:19:00,13.6,23.8,35599300,14:19:00,13.6,23.8,35599300,14:19:00
201905021009,201905190509,2019-05-19,14:25:00,16,1.4,1.8,7312300.0,13:23:00,1.3,1.7,10698900,13:53:00,1.2,1.8,27612600,14:14:00,1.2,1.7,35599300,14:19:00,1.2,1.7,35599300,14:19:00,1.2,1.7,35599300,14:19:00
201905021010,201905190510,2019-05-19,15:01:00,01,2.4,3.1,7633500.0,13:57:00,2.7,3.7,11630800,14:30:00,2.9,4.1,28370200,14:50:00,3.2,4.7,39293600,14:55:00,3.2,4.7,39293600,14:55:00,3.2,4.7,39293600,14:55:00
201905021010,201905190510,2019-05-19,15:01:00,02,1.8,2.3,7633500.0,13:57:00,1.6,2.1,11630800,14:30:00,1.7,2.3,28370200,14:50:00,1.5,2.1,39293600,14:55:00,1.5,2.1,39293600,14:55:00,1.5,2.1,39293600,14:55:00
201905021010,201905190510,2019-05-19,15:01:00,03,1.4,1.6,7633500.0,13:57:00,1.3,1.5,11630800,14:30:00,1.3,1.5,28370200,14:50:00,1.2,1.5,39293600,14:55:00,1.2,1.5,39293600,14:55:00,1.2,1.5,39293600,14:55:00
201905021010,201905190510,2019-05-19,15:01:00,04,3.4,4.3,7633500.0,13:57:00,3.9,5.3,11630800,14:30:00,5.0,7.1,28370200,14:50:00,5.4,7.8,39293600,14:55:00,5.4,7.8,39293600,14:55:00,5.4,7.8,39293600,14:55:00
201905021010,201905190510,2019-05-19,15:01:00,05,2.3,2.9,7633500.0,13:57:00,2.3,3.1,11630800,14:30:00,1.8,2.5,28370200,14:50:00,1.9,2.7,39293600,14:55:00,1.9,2.7,39293600,14:55:00,1.9,2.7,39293600,14:55:00
201905021010,201905190510,2019-05-19,15:01:00,06,2.1,2.6,7633500.0,13:57:00,2.3,3.2,11630800,14:30:00,2.6,3.8,28370200,14:50:00,2.8,4.0,39293600,14:55:00,2.8,4.0,39293600,14:55:00,2.8,4.0,39293600,14:55:00
201905021010,201905190510,2019-05-19,15:01:00,07,2.3,2.9,7633500.0,13:57:00,2.1,2.8,11630800,14:30:00,1.9,2.7,28370200,14:50:00,1.8,2.4,39293600,14:55:00,1.8,2.4,39293600,14:55:00,1.8,2.4,39293600,14:55:00
201905021010,201905190510,2019-05-19,15:01:00,08,1.7,2.1,7633500.0,13:57:00,1.5,1.9,11630800,14:30:00,1.5,2.0,28370200,14:50:00,1.6,2.1,39293600,14:55:00,1.6,2.1,39293600,14:55:00,1.6,2.1,39293600,14:55:00
201905021010,201905190510,2019-05-19,15:01:00,09,3.1,3.9,7633500.0,13:57:00,3.2,4.4,11630800,14:30:00,3.2,4.6,28370200,14:50:00,3.3,4.8,39293600,14:55:00,3.3,4.8,39293600,14:55:00,3.3,4.8,39293600,14:55:00
201905021011,201905190511,2019-05-19,15:40:00,01,10.9,15.6,394507800.0,14:40:00,10.7,15.5,457056300,15:07:00,11.6,16.8,648731700,15:29:00,12.3,17.9,755446100,15:34:00,12.3,17.9,755446100,15:34:00,12.3,17.9,755446100,15:34:00
201905021011,201905190511,2019-05-19,15:40:00,02,1.5,1.8,394507800.0,14:40:00,1.5,1.8,457056300,15:07:00,1.5,1.9,648731700,15:29:00,1.5,1.9,755446100,15:34:00,1.5,1.9,755446100,15:34:00,1.5,1.9,755446100,15:34:00
201905021011,201905190511,2019-05-19,15:40:00,03,2.1,2.9,394507800.0,14:40:00,2.1,2.9,457056300,15:07:00,2.0,2.7,648731700,15:29:00,2.0,2.7,755446100,15:34:00,2.0,2.7,755446100,15:34:00,2.0,2.7,755446100,15:34:00
201905021011,201905190511,2019-05-19,15:40:00,04,5.7,8.0,394507800.0,14:40:00,5.8,8.2,457056300,15:07:00,6.3,9.0,648731700,15:29:00,6.5,9.4,755446100,15:34:00,6.5,9.4,755446100,15:34:00,6.5,9.4,755446100,15:34:00
201905021011,201905190511,2019-05-19,15:40:00,05,4.2,5.8,394507800.0,14:40:00,4.1,5.8,457056300,15:07:00,3.8,5.3,648731700,15:29:00,3.7,5.3,755446100,15:34:00,3.7,5.3,755446100,15:34:00,3.7,5.3,755446100,15:34:00
201905021011,201905190511,2019-05-19,15:40:00,06,15.6,22.4,394507800.0,14:40:00,14.9,21.6,457056300,15:07:00,16.0,23.3,648731700,15:29:00,16.5,24.2,755446100,15:34:00,16.5,24.2,755446100,15:34:00,16.5,24.2,755446100,15:34:00
201905021011,201905190511,2019-05-19,15:40:00,07,2.5,3.4,394507800.0,14:40:00,2.5,3.5,457056300,15:07:00,2.6,3.6,648731700,15:29:00,2.7,3.7,755446100,15:34:00,2.7,3.7,755446100,15:34:00,2.7,3.7,755446100,15:34:00
201905021011,201905190511,2019-05-19,15:40:00,08,2.3,3.1,394507800.0,14:40:00,2.3,3.1,457056300,15:07:00,2.3,3.1,648731700,15:29:00,2.3,3.2,755446100,15:34:00,2.3,3.2,755446100,15:34:00,2.3,3.2,755446100,15:34:00
201905021011,201905190511,2019-05-19,15:40:00,09,37.8,54.3,394507800.0,14:40:00,38.2,55.4,457056300,15:07:00,42.8,62.5,648731700,15:29:00,46.1,67.7,755446100,15:34:00,46.1,67.7,755446100,15:34:00,46.1,67.7,755446100,15:34:00
201905021011,201905190511,2019-05-19,15:40:00,10,12.1,17.3,394507800.0,14:40:00,10.9,15.7,457056300,15:07:00,12.2,17.7,648731700,15:29:00,12.8,18.7,755446100,15:34:00,12.8,18.7,755446100,15:34:00,12.8,18.7,755446100,15:34:00
201905021011,201905190511,2019-05-19,15:40:00,11,2.6,3.5,394507800.0,14:40:00,2.6,3.6,457056300,15:07:00,2.8,3.9,648731700,15:29:00,2.8,3.9,755446100,15:34:00,2.8,3.9,755446100,15:34:00,2.8,3.9,755446100,15:34:00
201905021011,201905190511,2019-05-19,15:40:00,12,3.5,4.9,394507800.0,14:40:00,3.5,4.9,457056300,15:07:00,3.4,4.8,648731700,15:29:00,3.3,4.6,755446100,15:34:00,3.3,4.6,755446100,15:34:00,3.3,4.6,755446100,15:34:00
201905021011,201905190511,2019-05-19,15:40:00,13,2.0,2.6,394507800.0,14:40:00,1.9,2.5,457056300,15:07:00,1.8,2.4,648731700,15:29:00,1.8,2.3,755446100,15:34:00,1.8,2.3,755446100,15:34:00,1.8,2.3,755446100,15:34:00
201905021011,201905190511,2019-05-19,15:40:00,14,7.7,11.0,394507800.0,14:40:00,7.9,11.3,457056300,15:07:00,8.6,12.4,648731700,15:29:00,8.6,12.5,755446100,15:34:00,8.6,12.5,755446100,15:34:00,8.6,12.5,755446100,15:34:00
201905021011,201905190511,2019-05-19,15:40:00,15,21.5,31.0,394507800.0,14:40:00,21.6,31.4,457056300,15:07:00,24.5,35.8,648731700,15:29:00,26.5,38.9,755446100,15:34:00,26.5,38.9,755446100,15:34:00,26.5,38.9,755446100,15:34:00
201905021011,201905190511,2019-05-19,15:40:00,16,4.1,5.7,394507800.0,14:40:00,4.0,5.7,457056300,15:07:00,3.8,5.4,648731700,15:29:00,3.5,5.0,755446100,15:34:00,3.5,5.0,755446100,15:34:00,3.5,5.0,755446100,15:34:00
201905021011,201905190511,2019-05-19,15:40:00,17,19.7,28.4,394507800.0,14:40:00,20.2,29.3,457056300,15:07:00,22.2,32.3,648731700,15:29:00,23.6,34.7,755446100,15:34:00,23.6,34.7,755446100,15:34:00,23.6,34.7,755446100,15:34:00
201905021011,201905190511,2019-05-19,15:40:00,18,30.1,43.3,394507800.0,14:40:00,30.6,44.4,457056300,15:07:00,34.4,50.2,648731700,15:29:00,37.0,54.4,755446100,15:34:00,37.0,54.4,755446100,15:34:00,37.0,54.4,755446100,15:34:00
201905021012,201905190512,2019-05-19,16:25:00,01,8.0,10.4,11535400.0,15:21:00,9.0,12.1,14797600,15:51:00,12.8,18.7,49737200,16:14:00,14.8,21.3,79586100,16:19:00,14.8,21.3,79586100,16:19:00,14.8,21.3,79586100,16:19:00
201905021012,201905190512,2019-05-19,16:25:00,02,2.2,2.7,11535400.0,15:21:00,2.1,2.6,14797600,15:51:00,1.7,2.3,49737200,16:14:00,1.8,2.4,79586100,16:19:00,1.8,2.4,79586100,16:19:00,1.8,2.4,79586100,16:19:00
201905021012,201905190512,2019-05-19,16:25:00,03,3.3,4.2,11535400.0,15:21:00,2.7,3.5,14797600,15:51:00,2.8,4.0,49737200,16:14:00,2.6,3.6,79586100,16:19:00,2.6,3.6,79586100,16:19:00,2.6,3.6,79586100,16:19:00
201905021012,201905190512,2019-05-19,16:25:00,04,3.3,4.2,11535400.0,15:21:00,3.2,4.2,14797600,15:51:00,3.1,4.3,49737200,16:14:00,3.2,4.5,79586100,16:19:00,3.2,4.5,79586100,16:19:00,3.2,4.5,79586100,16:19:00
201905021012,201905190512,2019-05-19,16:25:00,05,3.0,3.8,11535400.0,15:21:00,2.9,3.8,14797600,15:51:00,2.2,3.0,49737200,16:14:00,2.0,2.7,79586100,16:19:00,2.0,2.7,79586100,16:19:00,2.0,2.7,79586100,16:19:00
201905021012,201905190512,2019-05-19,16:25:00,06,3.7,4.8,11535400.0,15:21:00,4.0,5.3,14797600,15:51:00,4.6,6.7,49737200,16:14:00,5.1,7.2,79586100,16:19:00,5.1,7.2,79586100,16:19:00,5.1,7.2,79586100,16:19:00
201905021012,201905190512,2019-05-19,16:25:00,07,6.8,8.8,11535400.0,15:21:00,7.3,9.8,14797600,15:51:00,10.6,15.5,49737200,16:14:00,9.5,13.7,79586100,16:19:00,9.5,13.7,79586100,16:19:00,9.5,13.7,79586100,16:19:00
201905021012,201905190512,2019-05-19,16:25:00,08,8.7,11.3,11535400.0,15:21:00,9.2,12.3,14797600,15:51:00,11.9,17.5,49737200,16:14:00,13.8,19.8,79586100,16:19:00,13.8,19.8,79586100,16:19:00,13.8,19.8,79586100,16:19:00
201905021012,201905190512,2019-05-19,16:25:00,09,6.0,7.7,11535400.0,15:21:00,6.4,8.6,14797600,15:51:00,8.3,12.2,49737200,16:14:00,8.4,12.1,79586100,16:19:00,8.4,12.1,79586100,16:19:00,8.4,12.1,79586100,16:19:00
201905021012,201905190512,2019-05-19,16:25:00,10,4.8,6.3,11535400.0,15:21:00,4.9,6.5,14797600,15:51:00,4.7,6.7,49737200,16:14:00,4.9,6.9,79586100,16:19:00,4.9,6.9,79586100,16:19:00,4.9,6.9,79586100,16:19:00
201905021012,201905190512,2019-05-19,16:25:00,11,3.2,4.1,11535400.0,15:21:00,3.4,4.4,14797600,15:51:00,3.8,5.3,49737200,16:14:00,3.3,4.6,79586100,16:19:00,3.3,4.6,79586100,16:19:00,3.3,4.6,79586100,16:19:00
201905021012,201905190512,2019-05-19,16:25:00,12,1.8,2.0,11535400.0,15:21:00,1.7,1.9,14797600,15:51:00,1.5,1.8,49737200,16:14:00,1.5,1.8,79586100,16:19:00,1.5,1.8,79586100,16:19:00,1.5,1.8,79586100,16:19:00
201905021012,201905190512,2019-05-19,16:25:00,13,5.6,7.3,11535400.0,15:21:00,6.1,8.1,14797600,15:51:00,7.5,10.9,49737200,16:14:00,8.5,12.2,79586100,16:19:00,8.5,12.2,79586100,16:19:00,8.5,12.2,79586100,16:19:00
201905021012,201905190512,2019-05-19,16:25:00,14,3.1,3.9,11535400.0,15:21:00,3.4,4.5,14797600,15:51:00,5.5,8.0,49737200,16:14:00,6.3,8.9,79586100,16:19:00,6.3,8.9,79586100,16:19:00,6.3,8.9,79586100,16:19:00
201905021012,201905190512,2019-05-19,16:25:00,15,5.8,7.5,11535400.0,15:21:00,6.2,8.2,14797600,15:51:00,8.2,12.0,49737200,16:14:00,10.0,14.4,79586100,16:19:00,10.0,14.4,79586100,16:19:00,10.0,14.4,79586100,16:19:00
201905021012,201905190512,2019-05-19,16:25:00,16,3.2,4.1,11535400.0,15:21:00,2.9,3.8,14797600,15:51:00,1.9,2.6,49737200,16:14:00,1.9,2.6,79586100,16:19:00,1.9,2.6,79586100,16:19:00,1.9,2.6,79586100,16:19:00
201905021101,201905250501,2019-05-25,10:10:00,01,7.5,12.4,8987900.0,09:10:00,6.5,10.6,12629500,09:36:00,6.4,10.6,22050400,09:59:00,7.1,12.3,35155800,10:05:00,7.1,12.3,35155800,10:05:00,7.1,12.3,35155800,10:05:00
201905021101,201905250501,2019-05-25,10:10:00,02,24.8,42.1,8987900.0,09:10:00,22.9,38.1,12629500,09:36:00,25.0,42.2,22050400,09:59:00,28.3,50.2,35155800,10:05:00,28.3,50.2,35155800,10:05:00,28.3,50.2,35155800,10:05:00
201905021101,201905250501,2019-05-25,10:10:00,03,4.2,6.8,8987900.0,09:10:00,4.5,7.2,12629500,09:36:00,4.6,7.4,22050400,09:59:00,5.2,8.9,35155800,10:05:00,5.2,8.9,35155800,10:05:00,5.2,8.9,35155800,10:05:00
201905021101,201905250501,2019-05-25,10:10:00,04,2.0,3.1,8987900.0,09:10:00,2.1,3.1,12629500,09:36:00,2.0,3.0,22050400,09:59:00,1.8,2.9,35155800,10:05:00,1.8,2.9,35155800,10:05:00,1.8,2.9,35155800,10:05:00
201905021101,201905250501,2019-05-25,10:10:00,05,25.5,43.2,8987900.0,09:10:00,23.0,38.2,12629500,09:36:00,24.3,41.0,22050400,09:59:00,28.5,50.6,35155800,10:05:00,28.5,50.6,35155800,10:05:00,28.5,50.6,35155800,10:05:00
201905021101,201905250501,2019-05-25,10:10:00,06,24.8,42.1,8987900.0,09:10:00,23.1,38.4,12629500,09:36:00,21.0,35.4,22050400,09:59:00,21.3,37.8,35155800,10:05:00,21.3,37.8,35155800,10:05:00,21.3,37.8,35155800,10:05:00
201905021101,201905250501,2019-05-25,10:10:00,07,3.3,5.3,8987900.0,09:10:00,3.0,4.7,12629500,09:36:00,3.0,4.7,22050400,09:59:00,2.9,4.7,35155800,10:05:00,2.9,4.7,35155800,10:05:00,2.9,4.7,35155800,10:05:00
201905021101,201905250501,2019-05-25,10:10:00,08,22.2,37.6,8987900.0,09:10:00,23.4,38.9,12629500,09:36:00,24.6,41.5,22050400,09:59:00,27.7,49.2,35155800,10:05:00,27.7,49.2,35155800,10:05:00,27.7,49.2,35155800,10:05:00
201905021101,201905250501,2019-05-25,10:10:00,09,11.0,18.5,8987900.0,09:10:00,11.8,19.5,12629500,09:36:00,13.4,22.4,22050400,09:59:00,12.5,21.9,35155800,10:05:00,12.5,21.9,35155800,10:05:00,12.5,21.9,35155800,10:05:00
201905021101,201905250501,2019-05-25,10:10:00,10,3.1,4.9,8987900.0,09:10:00,3.0,4.7,12629500,09:36:00,2.9,4.6,22050400,09:59:00,2.9,4.8,35155800,10:05:00,2.9,4.8,35155800,10:05:00,2.9,4.8,35155800,10:05:00
201905021101,201905250501,2019-05-25,10:10:00,11,1.8,2.8,8987900.0,09:10:00,2.0,3.0,12629500,09:36:00,2.1,3.2,22050400,09:59:00,2.3,3.8,35155800,10:05:00,2.3,3.8,35155800,10:05:00,2.3,3.8,35155800,10:05:00
201905021101,201905250501,2019-05-25,10:10:00,12,6.4,10.5,8987900.0,09:10:00,5.7,9.3,12629500,09:36:00,5.6,9.2,22050400,09:59:00,6.4,11.0,35155800,10:05:00,6.4,11.0,35155800,10:05:00,6.4,11.0,35155800,10:05:00
201905021101,201905250501,2019-05-25,10:10:00,13,2.8,4.4,8987900.0,09:10:00,2.9,4.5,12629500,09:36:00,2.9,4.6,22050400,09:59:00,2.9,4.9,35155800,10:05:00,2.9,4.9,35155800,10:05:00,2.9,4.9,35155800,10:05:00
201905021101,201905250501,2019-05-25,10:10:00,14,3.4,5.5,8987900.0,09:10:00,3.3,5.2,12629500,09:36:00,3.1,5.0,22050400,09:59:00,2.8,4.5,35155800,10:05:00,2.8,4.5,35155800,10:05:00,2.8,4.5,35155800,10:05:00
201905021101,201905250501,2019-05-25,10:10:00,15,1.4,1.9,8987900.0,09:10:00,1.4,1.9,12629500,09:36:00,1.4,1.9,22050400,09:59:00,1.4,2.0,35155800,10:05:00,1.4,2.0,35155800,10:05:00,1.4,2.0,35155800,10:05:00
201905021101,201905250501,2019-05-25,10:10:00,16,1.3,1.6,8987900.0,09:10:00,1.3,1.6,12629500,09:36:00,1.3,1.6,22050400,09:59:00,1.2,1.5,35155800,10:05:00,1.2,1.5,35155800,10:05:00,1.2,1.5,35155800,10:05:00
201905021102,201905250502,2019-05-25,10:40:00,01,1.2,1.7,5108100.0,09:34:00,1.2,1.7,7646600,10:09:00,1.2,1.7,16547000,10:29:00,1.1,1.6,28017500,10:34:00,1.1,1.6,28017500,10:34:00,1.1,1.6,28017500,10:34:00
201905021102,201905250502,2019-05-25,10:40:00,02,25.5,53.6,5108100.0,09:34:00,25.8,56.9,7646600,10:09:00,28.7,66.2,16547000,10:29:00,35.2,81.1,28017500,10:34:00,35.2,81.1,28017500,10:34:00,35.2,81.1,28017500,10:34:00
201905021102,201905250502,2019-05-25,10:40:00,03,1.1,1.3,5108100.0,09:34:00,1.1,1.3,7646600,10:09:00,1.1,1.2,16547000,10:29:00,1.1,1.3,28017500,10:34:00,1.1,1.3,28017500,10:34:00,1.1,1.3,28017500,10:34:00
201905021102,201905250502,2019-05-25,10:40:00,04,11.5,24.0,5108100.0,09:34:00,11.5,25.0,7646600,10:09:00,11.6,26.5,16547000,10:29:00,12.9,29.4,28017500,10:34:00,12.9,29.4,28017500,10:34:00,12.9,29.4,28017500,10:34:00
201905021102,201905250502,2019-05-25,10:40:00,05,4.7,9.5,5108100.0,09:34:00,4.7,9.9,7646600,10:09:00,4.5,9.8,16547000,10:29:00,3.9,8.4,28017500,10:34:00,3.9,8.4,28017500,10:34:00,3.9,8.4,28017500,10:34:00
201905021102,201905250502,2019-05-25,10:40:00,06,4.6,9.2,5108100.0,09:34:00,4.4,9.2,7646600,10:09:00,5.2,11.4,16547000,10:29:00,6.5,14.6,28017500,10:34:00,6.5,14.6,28017500,10:34:00,6.5,14.6,28017500,10:34:00
201905021102,201905250502,2019-05-25,10:40:00,07,13.4,28.0,5108100.0,09:34:00,14.4,31.7,7646600,10:09:00,18.6,42.8,16547000,10:29:00,23.0,52.7,28017500,10:34:00,23.0,52.7,28017500,10:34:00,23.0,52.7,28017500,10:34:00
201905021102,201905250502,2019-05-25,10:40:00,08,3.9,7.8,5108100.0,09:34:00,4.0,8.2,7646600,10:09:00,4.5,9.8,16547000,10:29:00,4.5,9.7,28017500,10:34:00,4.5,9.7,28017500,10:34:00,4.5,9.7,28017500,10:34:00
201905021102,201905250502,2019-05-25,10:40:00,09,1.7,3.1,5108100.0,09:34:00,1.8,3.3,7646600,10:09:00,1.7,3.3,16547000,10:29:00,1.7,3.3,28017500,10:34:00,1.7,3.3,28017500,10:34:00,1.7,3.3,28017500,10:34:00
201905021102,201905250502,2019-05-25,10:40:00,10,14.0,29.3,5108100.0,09:34:00,14.6,32.1,7646600,10:09:00,19.0,43.8,16547000,10:29:00,23.0,52.8,28017500,10:34:00,23.0,52.8,28017500,10:34:00,23.0,52.8,28017500,10:34:00
201905021102,201905250502,2019-05-25,10:40:00,11,2.7,5.2,5108100.0,09:34:00,3.0,6.1,7646600,10:09:00,2.9,6.2,16547000,10:29:00,2.9,6.1,28017500,10:34:00,2.9,6.1,28017500,10:34:00,2.9,6.1,28017500,10:34:00
201905021102,201905250502,2019-05-25,10:40:00,12,3.7,7.4,5108100.0,09:34:00,3.6,7.4,7646600,10:09:00,3.7,7.9,16547000,10:29:00,3.5,7.4,28017500,10:34:00,3.5,7.4,28017500,10:34:00,3.5,7.4,28017500,10:34:00
201905021102,201905250502,2019-05-25,10:40:00,13,16.8,35.3,5108100.0,09:34:00,15.8,34.7,7646600,10:09:00,21.1,48.6,16547000,10:29:00,22.5,51.7,28017500,10:34:00,22.5,51.7,28017500,10:34:00,22.5,51.7,28017500,10:34:00
201905021102,201905250502,2019-05-25,10:40:00,14,11.1,23.0,5108100.0,09:34:00,9.1,19.8,7646600,10:09:00,8.2,18.5,16547000,10:29:00,7.5,16.8,28017500,10:34:00,7.5,16.8,28017500,10:34:00,7.5,16.8,28017500,10:34:00
201905021102,201905250502,2019-05-25,10:40:00,15,20.9,44.0,5108100.0,09:34:00,14.9,32.7,7646600,10:09:00,21.9,50.5,16547000,10:29:00,29.2,67.1,28017500,10:34:00,29.2,67.1,28017500,10:34:00,29.2,67.1,28017500,10:34:00
201905021102,201905250502,2019-05-25,10:40:00,16,8.0,16.5,5108100.0,09:34:00,8.0,17.3,7646600,10:09:00,10.4,23.6,16547000,10:29:00,12.4,28.1,28017500,10:34:00,12.4,28.1,28017500,10:34:00,12.4,28.1,28017500,10:34:00
201905021102,201905250502,2019-05-25,10:40:00,17,4.4,8.7,5108100.0,09:34:00,4.4,9.1,7646600,10:09:00,3.7,7.9,16547000,10:29:00,4.0,8.5,28017500,10:34:00,4.0,8.5,28017500,10:34:00,4.0,8.5,28017500,10:34:00
201905021102,201905250502,2019-05-25,10:40:00,18,2.3,4.4,5108100.0,09:34:00,2.3,4.5,7646600,10:09:00,2.2,4.4,16547000,10:29:00,2.0,3.9,28017500,10:34:00,2.0,3.9,28017500,10:34:00,2.0,3.9,28017500,10:34:00
201905021103,201905250503,2019-05-25,11:10:00,01,1.6,2.7,7503900.0,10:05:00,1.5,3.2,12999900,10:38:00,1.4,3.3,35848600,10:59:00,1.2,2.6,64578900,11:05:00,1.2,2.6,64578900,11:05:00,1.2,2.6,64578900,11:05:00
201905021103,201905250503,2019-05-25,11:10:00,02,7.9,15.5,7503900.0,10:05:00,7.4,19.4,12999900,10:38:00,7.6,25.7,35848600,10:59:00,8.0,26.2,64578900,11:05:00,8.0,26.2,64578900,11:05:00,8.0,26.2,64578900,11:05:00
201905021103,201905250503,2019-05-25,11:10:00,03,8.4,16.7,7503900.0,10:05:00,8.0,21.1,12999900,10:38:00,9.8,33.6,35848600,10:59:00,10.6,35.2,64578900,11:05:00,10.6,35.2,64578900,11:05:00,10.6,35.2,64578900,11:05:00
201905021103,201905250503,2019-05-25,11:10:00,04,4.1,7.8,7503900.0,10:05:00,4.1,10.3,12999900,10:38:00,4.0,12.9,35848600,10:59:00,3.7,11.6,64578900,11:05:00,3.7,11.6,64578900,11:05:00,3.7,11.6,64578900,11:05:00
201905021103,201905250503,2019-05-25,11:10:00,05,2.3,4.2,7503900.0,10:05:00,2.3,5.4,12999900,10:38:00,2.0,5.9,35848600,10:59:00,1.8,5.1,64578900,11:05:00,1.8,5.1,64578900,11:05:00,1.8,5.1,64578900,11:05:00
201905021103,201905250503,2019-05-25,11:10:00,06,8.1,16.0,7503900.0,10:05:00,8.7,22.9,12999900,10:38:00,11.3,39.0,35848600,10:59:00,15.8,53.1,64578900,11:05:00,15.8,53.1,64578900,11:05:00,15.8,53.1,64578900,11:05:00
201905021103,201905250503,2019-05-25,11:10:00,07,1.8,3.2,7503900.0,10:05:00,1.9,4.3,12999900,10:38:00,1.8,5.2,35848600,10:59:00,1.8,4.9,64578900,11:05:00,1.8,4.9,64578900,11:05:00,1.8,4.9,64578900,11:05:00
201905021103,201905250503,2019-05-25,11:10:00,08,24.8,49.9,7503900.0,10:05:00,27.7,74.7,12999900,10:38:00,20.7,72.2,35848600,10:59:00,28.1,95.3,64578900,11:05:00,28.1,95.3,64578900,11:05:00,28.1,95.3,64578900,11:05:00
201905021103,201905250503,2019-05-25,11:10:00,09,5.5,10.6,7503900.0,10:05:00,4.5,11.5,12999900,10:38:00,4.4,14.3,35848600,10:59:00,4.3,13.5,64578900,11:05:00,4.3,13.5,64578900,11:05:00,4.3,13.5,64578900,11:05:00
201905021103,201905250503,2019-05-25,11:10:00,10,14.5,29.1,7503900.0,10:05:00,14.3,38.3,12999900,10:38:00,19.2,67.0,35848600,10:59:00,23.0,77.9,64578900,11:05:00,23.0,77.9,64578900,11:05:00,23.0,77.9,64578900,11:05:00
201905021103,201905250503,2019-05-25,11:10:00,11,4.9,9.6,7503900.0,10:05:00,4.5,11.5,12999900,10:38:00,5.0,16.4,35848600,10:59:00,5.1,16.2,64578900,11:05:00,5.1,16.2,64578900,11:05:00,5.1,16.2,64578900,11:05:00
201905021103,201905250503,2019-05-25,11:10:00,12,1.6,2.7,7503900.0,10:05:00,1.6,3.6,12999900,10:38:00,1.6,4.5,35848600,10:59:00,1.7,4.6,64578900,11:05:00,1.7,4.6,64578900,11:05:00,1.7,4.6,64578900,11:05:00
201905021103,201905250503,2019-05-25,11:10:00,13,21.4,43.1,7503900.0,10:05:00,23.9,64.4,12999900,10:38:00,34.9,122.6,35848600,10:59:00,51.0,173.7,64578900,11:05:00,51.0,173.7,64578900,11:05:00,51.0,173.7,64578900,11:05:00
201905021103,201905250503,2019-05-25,11:10:00,14,1.1,1.2,7503900.0,10:05:00,1.1,1.1,12999900,10:38:00,1.1,1.1,35848600,10:59:00,1.1,1.1,64578900,11:05:00,1.1,1.1,64578900,11:05:00,1.1,1.1,64578900,11:05:00
201905021103,201905250503,2019-05-25,11:10:00,15,14.0,28.0,7503900.0,10:05:00,14.0,37.5,12999900,10:38:00,15.2,52.8,35848600,10:59:00,20.3,68.5,64578900,11:05:00,20.3,68.5,64578900,11:05:00,20.3,68.5,64578900,11:05:00
201905021103,201905250503,2019-05-25,11:10:00,16,8.7,17.2,7503900.0,10:05:00,8.9,23.6,12999900,10:38:00,10.4,35.7,35848600,10:59:00,10.5,35.0,64578900,11:05:00,10.5,35.0,64578900,11:05:00,10.5,35.0,64578900,11:05:00
201905021103,201905250503,2019-05-25,11:10:00,17,13.3,26.7,7503900.0,10:05:00,14.6,39.2,12999900,10:38:00,17.4,60.7,35848600,10:59:00,22.4,75.7,64578900,11:05:00,22.4,75.7,64578900,11:05:00,22.4,75.7,64578900,11:05:00
201905021105,201905250505,2019-05-25,12:30:00,01,4.1,5.9,9335500.0,11:30:00,3.7,5.5,15313400,11:57:00,3.9,6.0,25918500,12:19:00,4.5,7.1,45431000,12:25:00,4.5,7.1,45431000,12:25:00,4.5,7.1,45431000,12:25:00
201905021105,201905250505,2019-05-25,12:30:00,02,1.9,2.6,9335500.0,11:30:00,1.9,2.7,15313400,11:57:00,2.0,3.0,25918500,12:19:00,2.0,2.9,45431000,12:25:00,2.0,2.9,45431000,12:25:00,2.0,2.9,45431000,12:25:00
201905021105,201905250505,2019-05-25,12:30:00,03,18.2,26.7,9335500.0,11:30:00,18.0,27.6,15313400,11:57:00,17.2,27.1,25918500,12:19:00,20.5,32.8,45431000,12:25:00,20.5,32.8,45431000,12:25:00,20.5,32.8,45431000,12:25:00
201905021105,201905250505,2019-05-25,12:30:00,04,4.6,6.7,9335500.0,11:30:00,4.7,7.0,15313400,11:57:00,4.5,6.9,25918500,12:19:00,4.8,7.5,45431000,12:25:00,4.8,7.5,45431000,12:25:00,4.8,7.5,45431000,12:25:00
201905021105,201905250505,2019-05-25,12:30:00,05,6.6,9.7,9335500.0,11:30:00,7.2,10.9,15313400,11:57:00,6.6,10.3,25918500,12:19:00,7.4,11.8,45431000,12:25:00,7.4,11.8,45431000,12:25:00,7.4,11.8,45431000,12:25:00
201905021105,201905250505,2019-05-25,12:30:00,06,3.0,4.3,9335500.0,11:30:00,2.7,3.9,15313400,11:57:00,2.6,3.9,25918500,12:19:00,2.2,3.4,45431000,12:25:00,2.2,3.4,45431000,12:25:00,2.2,3.4,45431000,12:25:00
201905021105,201905250505,2019-05-25,12:30:00,07,4.7,6.7,9335500.0,11:30:00,5.0,7.5,15313400,11:57:00,5.2,8.1,25918500,12:19:00,6.2,9.8,45431000,12:25:00,6.2,9.8,45431000,12:25:00,6.2,9.8,45431000,12:25:00
201905021105,201905250505,2019-05-25,12:30:00,08,5.9,8.5,9335500.0,11:30:00,6.3,9.5,15313400,11:57:00,6.1,9.5,25918500,12:19:00,7.0,11.0,45431000,12:25:00,7.0,11.0,45431000,12:25:00,7.0,11.0,45431000,12:25:00
201905021105,201905250505,2019-05-25,12:30:00,09,9.9,14.5,9335500.0,11:30:00,11.5,17.6,15313400,11:57:00,12.5,19.7,25918500,12:19:00,15.9,25.5,45431000,12:25:00,15.9,25.5,45431000,12:25:00,15.9,25.5,45431000,12:25:00
201905021105,201905250505,2019-05-25,12:30:00,10,8.4,12.3,9335500.0,11:30:00,8.1,12.4,15313400,11:57:00,8.4,13.2,25918500,12:19:00,9.5,15.2,45431000,12:25:00,9.5,15.2,45431000,12:25:00,9.5,15.2,45431000,12:25:00
201905021105,201905250505,2019-05-25,12:30:00,11,3.2,4.5,9335500.0,11:30:00,3.4,5.1,15313400,11:57:00,3.2,4.8,25918500,12:19:00,3.5,5.3,45431000,12:25:00,3.5,5.3,45431000,12:25:00,3.5,5.3,45431000,12:25:00
201905021105,201905250505,2019-05-25,12:30:00,12,2.3,3.2,9335500.0,11:30:00,2.1,3.0,15313400,11:57:00,2.1,3.1,25918500,12:19:00,1.8,2.7,45431000,12:25:00,1.8,2.7,45431000,12:25:00,1.8,2.7,45431000,12:25:00
201905021105,201905250505,2019-05-25,12:30:00,13,1.4,1.7,9335500.0,11:30:00,1.3,1.6,15313400,11:57:00,1.3,1.6,25918500,12:19:00,1.3,1.5,45431000,12:25:00,1.3,1.5,45431000,12:25:00,1.3,1.5,45431000,12:25:00
201905021105,201905250505,2019-05-25,12:30:00,14,1.7,2.3,9335500.0,11:30:00,1.8,2.4,15313400,11:57:00,1.6,2.2,25918500,12:19:00,1.6,2.3,45431000,12:25:00,1.6,2.3,45431000,12:25:00,1.6,2.3,45431000,12:25:00
201905021105,201905250505,2019-05-25,12:30:00,15,8.6,12.6,9335500.0,11:30:00,9.6,14.6,15313400,11:57:00,8.7,13.7,25918500,12:19:00,9.2,14.7,45431000,12:25:00,9.2,14.7,45431000,12:25:00,9.2,14.7,45431000,12:25:00
201905021105,201905250505,2019-05-25,12:30:00,16,5.5,8.0,9335500.0,11:30:00,6.3,9.5,15313400,11:57:00,6.9,10.7,25918500,12:19:00,7.0,11.1,45431000,12:25:00,7.0,11.1,45431000,12:25:00,7.0,11.1,45431000,12:25:00
201905021106,201905250506,2019-05-25,13:00:00,01,3.0,8.9,5605400.0,12:00:00,3.1,8.9,6998500,12:28:00,3.7,10.6,16806600,12:49:00,4.1,11.7,33996500,12:54:00,4.1,11.7,33996500,12:54:00,3.5,9.7,66330600,12:59:00
201905021106,201905250506,2019-05-25,13:00:00,02,2.7,8.0,5605400.0,12:00:00,2.9,8.4,6998500,12:28:00,2.8,7.8,16806600,12:49:00,3.1,8.5,33996500,12:54:00,3.1,8.5,33996500,12:54:00,3.6,10.0,66330600,12:59:00
201905021106,201905250506,2019-05-25,13:00:00,03,1.8,5.0,5605400.0,12:00:00,1.6,4.2,6998500,12:28:00,1.6,4.2,16806600,12:49:00,1.6,3.8,33996500,12:54:00,1.6,3.8,33996500,12:54:00,1.6,3.8,66330600,12:59:00
201905021106,201905250506,2019-05-25,13:00:00,04,2.0,5.5,5605400.0,12:00:00,2.1,5.6,6998500,12:28:00,1.9,5.1,16806600,12:49:00,1.9,4.8,33996500,12:54:00,1.9,4.8,33996500,12:54:00,2.0,5.0,66330600,12:59:00
201905021106,201905250506,2019-05-25,13:00:00,05,6.6,20.9,5605400.0,12:00:00,7.6,23.2,6998500,12:28:00,10.0,30.1,16806600,12:49:00,12.5,37.1,33996500,12:54:00,12.5,37.1,33996500,12:54:00,12.5,37.1,66330600,12:59:00
201905021106,201905250506,2019-05-25,13:00:00,06,1.1,1.1,5605400.0,12:00:00,1.1,1.1,6998500,12:28:00,1.1,1.1,16806600,12:49:00,1.1,1.1,33996500,12:54:00,1.1,1.1,33996500,12:54:00,1.1,1.1,66330600,12:59:00
201905021106,201905250506,2019-05-25,13:00:00,07,3.0,9.0,5605400.0,12:00:00,2.7,7.8,6998500,12:28:00,2.9,8.3,16806600,12:49:00,3.2,8.9,33996500,12:54:00,3.2,8.9,33996500,12:54:00,2.8,7.6,66330600,12:59:00
201905021106,201905250506,2019-05-25,13:00:00,08,2.0,5.6,5605400.0,12:00:00,2.0,5.4,6998500,12:28:00,1.8,4.5,16806600,12:49:00,1.7,4.3,33996500,12:54:00,1.7,4.3,33996500,12:54:00,1.5,3.6,66330600,12:59:00
201905021106,201905250506,2019-05-25,13:00:00,09,1.1,1.7,5605400.0,12:00:00,1.1,1.8,6998500,12:28:00,1.1,1.7,16806600,12:49:00,1.1,1.5,33996500,12:54:00,1.1,1.5,33996500,12:54:00,1.1,1.6,66330600,12:59:00
201905021106,201905250506,2019-05-25,13:00:00,10,4.7,14.7,5605400.0,12:00:00,5.3,15.8,6998500,12:28:00,7.1,21.1,16806600,12:49:00,6.6,19.2,33996500,12:54:00,6.6,19.2,33996500,12:54:00,9.0,26.2,66330600,12:59:00
201905021107,201905250507,2019-05-25,13:30:00,01,3.6,9.0,7927100.0,12:24:00,3.9,9.2,10012300,12:56:00,5.8,12.9,19956000,13:19:00,7.2,16.1,33805900,13:24:00,7.2,16.1,33805900,13:24:00,7.2,16.1,33805900,13:24:00
201905021107,201905250507,2019-05-25,13:30:00,02,11.0,29.4,7927100.0,12:24:00,11.3,27.7,10012300,12:56:00,10.8,24.5,19956000,13:19:00,13.6,31.0,33805900,13:24:00,13.6,31.0,33805900,13:24:00,13.6,31.0,33805900,13:24:00
201905021107,201905250507,2019-05-25,13:30:00,03,10.5,28.0,7927100.0,12:24:00,11.3,27.9,10012300,12:56:00,12.1,27.6,19956000,13:19:00,10.9,24.7,33805900,13:24:00,10.9,24.7,33805900,13:24:00,10.9,24.7,33805900,13:24:00
201905021107,201905250507,2019-05-25,13:30:00,04,2.8,6.7,7927100.0,12:24:00,2.7,6.1,10012300,12:56:00,3.1,6.5,19956000,13:19:00,2.8,5.8,33805900,13:24:00,2.8,5.8,33805900,13:24:00,2.8,5.8,33805900,13:24:00
201905021107,201905250507,2019-05-25,13:30:00,05,2.4,5.7,7927100.0,12:24:00,2.3,5.2,10012300,12:56:00,2.3,4.6,19956000,13:19:00,2.2,4.6,33805900,13:24:00,2.2,4.6,33805900,13:24:00,2.2,4.6,33805900,13:24:00
201905021107,201905250507,2019-05-25,13:30:00,06,19.4,52.2,7927100.0,12:24:00,7.6,18.4,10012300,12:56:00,28.3,65.0,19956000,13:19:00,36.5,83.7,33805900,13:24:00,36.5,83.7,33805900,13:24:00,36.5,83.7,33805900,13:24:00
201905021107,201905250507,2019-05-25,13:30:00,07,3.0,7.4,7927100.0,12:24:00,2.7,6.1,10012300,12:56:00,2.9,6.1,19956000,13:19:00,3.0,6.4,33805900,13:24:00,3.0,6.4,33805900,13:24:00,3.0,6.4,33805900,13:24:00
201905021107,201905250507,2019-05-25,13:30:00,08,13.2,35.4,7927100.0,12:24:00,15.1,37.2,10012300,12:56:00,18.2,41.6,19956000,13:19:00,19.7,44.9,33805900,13:24:00,19.7,44.9,33805900,13:24:00,19.7,44.9,33805900,13:24:00
201905021107,201905250507,2019-05-25,13:30:00,09,4.0,10.1,7927100.0,12:24:00,4.6,11.0,10012300,12:56:00,4.6,10.0,19956000,13:19:00,5.2,11.5,33805900,13:24:00,5.2,11.5,33805900,13:24:00,5.2,11.5,33805900,13:24:00
201905021107,201905250507,2019-05-25,13:30:00,10,1.7,3.5,7927100.0,12:24:00,1.6,2.9,10012300,12:56:00,1.4,2.3,19956000,13:19:00,1.3,1.9,33805900,13:24:00,1.3,1.9,33805900,13:24:00,1.3,1.9,33805900,13:24:00
201905021107,201905250507,2019-05-25,13:30:00,11,3.5,8.9,7927100.0,12:24:00,3.6,8.4,10012300,12:56:00,2.8,5.9,19956000,13:19:00,2.5,5.2,33805900,13:24:00,2.5,5.2,33805900,13:24:00,2.5,5.2,33805900,13:24:00
201905021107,201905250507,2019-05-25,13:30:00,12,3.7,9.3,7927100.0,12:24:00,3.9,9.1,10012300,12:56:00,3.4,7.3,19956000,13:19:00,3.4,7.3,33805900,13:24:00,3.4,7.3,33805900,13:24:00,3.4,7.3,33805900,13:24:00
201905021107,201905250507,2019-05-25,13:30:00,13,3.8,9.6,7927100.0,12:24:00,4.3,10.2,10012300,12:56:00,4.4,9.6,19956000,13:19:00,4.4,9.6,33805900,13:24:00,4.4,9.6,33805900,13:24:00,4.4,9.6,33805900,13:24:00
201905021107,201905250507,2019-05-25,13:30:00,14,3.0,7.4,7927100.0,12:24:00,3.0,6.8,10012300,12:56:00,2.8,5.9,19956000,13:19:00,2.7,5.7,33805900,13:24:00,2.7,5.7,33805900,13:24:00,2.7,5.7,33805900,13:24:00
201905021107,201905250507,2019-05-25,13:30:00,15,8.5,22.6,7927100.0,12:24:00,9.2,22.5,10012300,12:56:00,5.0,11.1,19956000,13:19:00,5.1,11.3,33805900,13:24:00,5.1,11.3,33805900,13:24:00,5.1,11.3,33805900,13:24:00
201905021107,201905250507,2019-05-25,13:30:00,16,1.1,1.1,7927100.0,12:24:00,1.1,1.1,10012300,12:56:00,1.1,1.1,19956000,13:19:00,1.1,1.2,33805900,13:24:00,1.1,1.2,33805900,13:24:00,1.1,1.2,33805900,13:24:00
201905021108,201905250508,2019-05-25,14:01:00,01,1.1,1.1,5857100.0,13:00:00,1.1,1.2,6774900,13:27:00,1.1,1.2,16170400,13:50:00,1.1,1.2,23005600,13:55:00,1.1,1.2,23005600,13:55:00,1.1,1.2,23005600,13:55:00
201905021108,201905250508,2019-05-25,14:01:00,02,1.5,2.5,5857100.0,13:00:00,1.4,2.3,6774900,13:27:00,1.4,2.3,16170400,13:50:00,1.3,2.2,23005600,13:55:00,1.3,2.2,23005600,13:55:00,1.3,2.2,23005600,13:55:00
201905021108,201905250508,2019-05-25,14:01:00,03,6.3,12.6,5857100.0,13:00:00,6.2,12.3,6774900,13:27:00,7.9,16.1,16170400,13:50:00,8.2,17.2,23005600,13:55:00,8.2,17.2,23005600,13:55:00,8.2,17.2,23005600,13:55:00
201905021108,201905250508,2019-05-25,14:01:00,04,1.7,3.0,5857100.0,13:00:00,1.7,3.1,6774900,13:27:00,1.5,2.7,16170400,13:50:00,1.5,2.7,23005600,13:55:00,1.5,2.7,23005600,13:55:00,1.5,2.7,23005600,13:55:00
201905021108,201905250508,2019-05-25,14:01:00,05,5.4,10.7,5857100.0,13:00:00,5.5,10.7,6774900,13:27:00,6.6,13.5,16170400,13:50:00,6.7,14.0,23005600,13:55:00,6.7,14.0,23005600,13:55:00,6.7,14.0,23005600,13:55:00
201905021108,201905250508,2019-05-25,14:01:00,06,5.3,10.7,5857100.0,13:00:00,4.8,9.3,6774900,13:27:00,5.7,11.6,16170400,13:50:00,6.6,13.6,23005600,13:55:00,6.6,13.6,23005600,13:55:00,6.6,13.6,23005600,13:55:00
201905021108,201905250508,2019-05-25,14:01:00,07,5.8,11.7,5857100.0,13:00:00,5.9,11.6,6774900,13:27:00,7.3,14.9,16170400,13:50:00,7.7,16.0,23005600,13:55:00,7.7,16.0,23005600,13:55:00,7.7,16.0,23005600,13:55:00
201905021108,201905250508,2019-05-25,14:01:00,08,11.9,24.5,5857100.0,13:00:00,11.6,23.3,6774900,13:27:00,11.0,22.8,16170400,13:50:00,12.7,27.0,23005600,13:55:00,12.7,27.0,23005600,13:55:00,12.7,27.0,23005600,13:55:00
201905021108,201905250508,2019-05-25,14:01:00,09,2.6,4.8,5857100.0,13:00:00,2.6,4.8,6774900,13:27:00,2.7,5.2,16170400,13:50:00,2.6,5.0,23005600,13:55:00,2.6,5.0,23005600,13:55:00,2.6,5.0,23005600,13:55:00
201905021108,201905250508,2019-05-25,14:01:00,10,5.5,11.1,5857100.0,13:00:00,5.7,11.3,6774900,13:27:00,5.9,11.9,16170400,13:50:00,6.3,13.0,23005600,13:55:00,6.3,13.0,23005600,13:55:00,6.3,13.0,23005600,13:55:00
201905021108,201905250508,2019-05-25,14:01:00,11,12.1,24.8,5857100.0,13:00:00,12.6,25.3,6774900,13:27:00,16.9,35.2,16170400,13:50:00,19.3,41.0,23005600,13:55:00,19.3,41.0,23005600,13:55:00,19.3,41.0,23005600,13:55:00
201905021108,201905250508,2019-05-25,14:01:00,12,9.4,19.1,5857100.0,13:00:00,9.1,18.1,6774900,13:27:00,9.9,20.4,16170400,13:50:00,11.1,23.4,23005600,13:55:00,11.1,23.4,23005600,13:55:00,11.1,23.4,23005600,13:55:00
201905021108,201905250508,2019-05-25,14:01:00,13,2.1,4.0,5857100.0,13:00:00,2.1,3.7,6774900,13:27:00,1.7,3.0,16170400,13:50:00,1.6,2.9,23005600,13:55:00,1.6,2.9,23005600,13:55:00,1.6,2.9,23005600,13:55:00
201905021108,201905250508,2019-05-25,14:01:00,14,7.9,16.0,5857100.0,13:00:00,7.8,15.4,6774900,13:27:00,7.9,16.3,16170400,13:50:00,8.2,17.1,23005600,13:55:00,8.2,17.1,23005600,13:55:00,8.2,17.1,23005600,13:55:00
201905021108,201905250508,2019-05-25,14:01:00,15,18.4,37.8,5857100.0,13:00:00,19.7,39.7,6774900,13:27:00,30.8,64.3,16170400,13:50:00,36.1,76.9,23005600,13:55:00,36.1,76.9,23005600,13:55:00,36.1,76.9,23005600,13:55:00
201905021108,201905250508,2019-05-25,14:01:00,16,3.1,5.9,5857100.0,13:00:00,3.1,5.8,6774900,13:27:00,4.1,8.1,16170400,13:50:00,4.5,9.2,23005600,13:55:00,4.5,9.2,23005600,13:55:00,4.5,9.2,23005600,13:55:00
201905021109,201905250509,2019-05-25,14:35:00,01,6.3,8.8,9440300.0,13:31:00,6.8,9.7,12784000,14:03:00,7.2,10.6,27529300,14:24:00,8.1,12.1,37840100,14:29:00,8.1,12.1,37840100,14:29:00,8.1,12.1,37840100,14:29:00
201905021109,201905250509,2019-05-25,14:35:00,02,4.0,5.4,9440300.0,13:31:00,4.0,5.6,12784000,14:03:00,4.3,6.3,27529300,14:24:00,4.7,6.8,37840100,14:29:00,4.7,6.8,37840100,14:29:00,4.7,6.8,37840100,14:29:00
201905021109,201905250509,2019-05-25,14:35:00,03,2.1,2.7,9440300.0,13:31:00,2.0,2.7,12784000,14:03:00,1.7,2.3,27529300,14:24:00,1.8,2.4,37840100,14:29:00,1.8,2.4,37840100,14:29:00,1.8,2.4,37840100,14:29:00
201905021109,201905250509,2019-05-25,14:35:00,04,3.4,4.7,9440300.0,13:31:00,3.9,5.5,12784000,14:03:00,4.5,6.5,27529300,14:24:00,4.3,6.3,37840100,14:29:00,4.3,6.3,37840100,14:29:00,4.3,6.3,37840100,14:29:00
201905021109,201905250509,2019-05-25,14:35:00,05,5.0,6.9,9440300.0,13:31:00,4.8,6.7,12784000,14:03:00,4.7,6.8,27529300,14:24:00,4.8,7.0,37840100,14:29:00,4.8,7.0,37840100,14:29:00,4.8,7.0,37840100,14:29:00
201905021109,201905250509,2019-05-25,14:35:00,06,2.8,3.8,9440300.0,13:31:00,2.9,4.0,12784000,14:03:00,3.3,4.7,27529300,14:24:00,3.2,4.7,37840100,14:29:00,3.2,4.7,37840100,14:29:00,3.2,4.7,37840100,14:29:00
201905021109,201905250509,2019-05-25,14:35:00,07,2.7,3.6,9440300.0,13:31:00,2.6,3.5,12784000,14:03:00,2.4,3.3,27529300,14:24:00,2.3,3.2,37840100,14:29:00,2.3,3.2,37840100,14:29:00,2.3,3.2,37840100,14:29:00
201905021109,201905250509,2019-05-25,14:35:00,08,6.6,9.1,9440300.0,13:31:00,7.5,10.6,12784000,14:03:00,10.4,15.4,27529300,14:24:00,11.3,16.8,37840100,14:29:00,11.3,16.8,37840100,14:29:00,11.3,16.8,37840100,14:29:00
201905021109,201905250509,2019-05-25,14:35:00,09,1.6,1.9,9440300.0,13:31:00,1.6,1.9,12784000,14:03:00,1.5,1.8,27529300,14:24:00,1.4,1.7,37840100,14:29:00,1.4,1.7,37840100,14:29:00,1.4,1.7,37840100,14:29:00
201905021109,201905250509,2019-05-25,14:35:00,10,35.3,48.5,9440300.0,13:31:00,37.5,52.7,12784000,14:03:00,44.7,66.3,27529300,14:24:00,52.8,78.9,37840100,14:29:00,52.8,78.9,37840100,14:29:00,52.8,78.9,37840100,14:29:00
201905021109,201905250509,2019-05-25,14:35:00,11,6.4,8.8,9440300.0,13:31:00,7.0,9.9,12784000,14:03:00,8.2,12.1,27529300,14:24:00,8.6,12.7,37840100,14:29:00,8.6,12.7,37840100,14:29:00,8.6,12.7,37840100,14:29:00
201905021109,201905250509,2019-05-25,14:35:00,12,3.9,5.4,9440300.0,13:31:00,4.1,5.6,12784000,14:03:00,4.4,6.4,27529300,14:24:00,4.6,6.7,37840100,14:29:00,4.6,6.7,37840100,14:29:00,4.6,6.7,37840100,14:29:00
201905021109,201905250509,2019-05-25,14:35:00,13,4.9,6.7,9440300.0,13:31:00,4.8,6.6,12784000,14:03:00,5.4,7.9,27529300,14:24:00,6.1,9.0,37840100,14:29:00,6.1,9.0,37840100,14:29:00,6.1,9.0,37840100,14:29:00
201905021109,201905250509,2019-05-25,14:35:00,14,3.8,5.1,9440300.0,13:31:00,3.1,4.2,12784000,14:03:00,2.6,3.7,27529300,14:24:00,2.2,3.1,37840100,14:29:00,2.2,3.1,37840100,14:29:00,2.2,3.1,37840100,14:29:00
201905021109,201905250509,2019-05-25,14:35:00,15,2.0,2.7,9440300.0,13:31:00,1.9,2.6,12784000,14:03:00,1.8,2.5,27529300,14:24:00,1.9,2.6,37840100,14:29:00,1.9,2.6,37840100,14:29:00,1.9,2.6,37840100,14:29:00
201905021109,201905250509,2019-05-25,14:35:00,16,28.3,38.9,9440300.0,13:31:00,32.5,45.6,12784000,14:03:00,37.6,55.7,27529300,14:24:00,43.2,64.5,37840100,14:29:00,43.2,64.5,37840100,14:29:00,43.2,64.5,37840100,14:29:00
201905021110,201905250510,2019-05-25,15:10:00,01,3.6,5.2,11461200.0,14:06:00,3.4,5.1,16004700,14:40:00,3.0,4.4,30651700,14:59:00,3.1,4.6,39123500,15:04:00,3.1,4.6,39123500,15:04:00,3.1,4.6,39123500,15:04:00
201905021110,201905250510,2019-05-25,15:10:00,02,3.9,5.6,11461200.0,14:06:00,4.0,5.9,16004700,14:40:00,4.1,6.3,30651700,14:59:00,4.4,6.7,39123500,15:04:00,4.4,6.7,39123500,15:04:00,4.4,6.7,39123500,15:04:00
201905021110,201905250510,2019-05-25,15:10:00,03,2.0,2.7,11461200.0,14:06:00,1.8,2.6,16004700,14:40:00,1.6,2.2,30651700,14:59:00,1.5,2.2,39123500,15:04:00,1.5,2.2,39123500,15:04:00,1.5,2.2,39123500,15:04:00
201905021110,201905250510,2019-05-25,15:10:00,04,5.6,8.2,11461200.0,14:06:00,5.8,8.8,16004700,14:40:00,6.1,9.2,30651700,14:59:00,6.3,9.5,39123500,15:04:00,6.3,9.5,39123500,15:04:00,6.3,9.5,39123500,15:04:00
201905021110,201905250510,2019-05-25,15:10:00,05,2.8,4.0,11461200.0,14:06:00,2.7,3.9,16004700,14:40:00,3.5,5.2,30651700,14:59:00,3.8,5.8,39123500,15:04:00,3.8,5.8,39123500,15:04:00,3.8,5.8,39123500,15:04:00
201905021110,201905250510,2019-05-25,15:10:00,06,4.9,7.2,11461200.0,14:06:00,5.4,8.2,16004700,14:40:00,4.9,7.4,30651700,14:59:00,4.9,7.4,39123500,15:04:00,4.9,7.4,39123500,15:04:00,4.9,7.4,39123500,15:04:00
201905021110,201905250510,2019-05-25,15:10:00,07,1.5,2.0,11461200.0,14:06:00,1.5,1.9,16004700,14:40:00,1.4,1.8,30651700,14:59:00,1.4,1.8,39123500,15:04:00,1.4,1.8,39123500,15:04:00,1.4,1.8,39123500,15:04:00
201905021110,201905250510,2019-05-25,15:10:00,08,5.0,7.4,11461200.0,14:06:00,5.5,8.3,16004700,14:40:00,6.3,9.6,30651700,14:59:00,6.8,10.3,39123500,15:04:00,6.8,10.3,39123500,15:04:00,6.8,10.3,39123500,15:04:00
201905021110,201905250510,2019-05-25,15:10:00,09,2.1,2.9,11461200.0,14:06:00,2.2,3.1,16004700,14:40:00,2.3,3.4,30651700,14:59:00,2.0,2.9,39123500,15:04:00,2.0,2.9,39123500,15:04:00,2.0,2.9,39123500,15:04:00
201905021110,201905250510,2019-05-25,15:10:00,10,1.3,1.6,11461200.0,14:06:00,1.3,1.6,16004700,14:40:00,1.3,1.6,30651700,14:59:00,1.3,1.7,39123500,15:04:00,1.3,1.7,39123500,15:04:00,1.3,1.7,39123500,15:04:00
201905021110,201905250510,2019-05-25,15:10:00,11,1.8,2.5,11461200.0,14:06:00,1.8,2.6,16004700,14:40:00,1.9,2.8,30651700,14:59:00,2.0,2.8,39123500,15:04:00,2.0,2.8,39123500,15:04:00,2.0,2.8,39123500,15:04:00
201905021111,201905250511,2019-05-25,15:45:00,01,1.5,1.8,29038900.0,14:45:00,1.5,1.7,37070300,15:11:00,1.3,1.5,68532200,15:34:00,1.3,1.5,85083700,15:39:00,1.3,1.5,85083700,15:39:00,1.3,1.5,85083700,15:39:00
201905021111,201905250511,2019-05-25,15:45:00,02,3.4,4.5,29038900.0,14:45:00,3.4,4.7,37070300,15:11:00,3.2,4.8,68532200,15:34:00,3.0,4.4,85083700,15:39:00,3.0,4.4,85083700,15:39:00,3.0,4.4,85083700,15:39:00
201905021111,201905250511,2019-05-25,15:45:00,03,4.8,6.5,29038900.0,14:45:00,4.9,6.8,37070300,15:11:00,4.7,7.0,68532200,15:34:00,4.7,7.0,85083700,15:39:00,4.7,7.0,85083700,15:39:00,4.7,7.0,85083700,15:39:00
201905021111,201905250511,2019-05-25,15:45:00,04,5.3,7.2,29038900.0,14:45:00,5.5,7.7,37070300,15:11:00,5.8,8.7,68532200,15:34:00,6.3,9.4,85083700,15:39:00,6.3,9.4,85083700,15:39:00,6.3,9.4,85083700,15:39:00
201905021111,201905250511,2019-05-25,15:45:00,05,2.2,2.9,29038900.0,14:45:00,2.2,2.9,37070300,15:11:00,2.0,2.8,68532200,15:34:00,1.9,2.7,85083700,15:39:00,1.9,2.7,85083700,15:39:00,1.9,2.7,85083700,15:39:00
201905021111,201905250511,2019-05-25,15:45:00,06,8.7,12.0,29038900.0,14:45:00,8.3,11.7,37070300,15:11:00,8.5,13.0,68532200,15:34:00,8.3,12.5,85083700,15:39:00,8.3,12.5,85083700,15:39:00,8.3,12.5,85083700,15:39:00
201905021111,201905250511,2019-05-25,15:45:00,07,2.7,3.6,29038900.0,14:45:00,2.6,3.5,37070300,15:11:00,2.2,3.1,68532200,15:34:00,2.2,3.1,85083700,15:39:00,2.2,3.1,85083700,15:39:00,2.2,3.1,85083700,15:39:00
201905021111,201905250511,2019-05-25,15:45:00,08,6.1,8.3,29038900.0,14:45:00,6.2,8.7,37070300,15:11:00,7.6,11.6,68532200,15:34:00,8.3,12.6,85083700,15:39:00,8.3,12.6,85083700,15:39:00,8.3,12.6,85083700,15:39:00
201905021111,201905250511,2019-05-25,15:45:00,09,3.0,3.9,29038900.0,14:45:00,3.0,4.1,37070300,15:11:00,3.1,4.5,68532200,15:34:00,3.0,4.3,85083700,15:39:00,3.0,4.3,85083700,15:39:00,3.0,4.3,85083700,15:39:00
201905021111,201905250511,2019-05-25,15:45:00,10,3.3,4.4,29038900.0,14:45:00,3.1,4.3,37070300,15:11:00,2.6,3.8,68532200,15:34:00,2.7,3.9,85083700,15:39:00,2.7,3.9,85083700,15:39:00,2.7,3.9,85083700,15:39:00
201905021111,201905250511,2019-05-25,15:45:00,11,3.2,4.3,29038900.0,14:45:00,3.3,4.5,37070300,15:11:00,3.1,4.6,68532200,15:34:00,2.7,3.9,85083700,15:39:00,2.7,3.9,85083700,15:39:00,2.7,3.9,85083700,15:39:00
201905021111,201905250511,2019-05-25,15:45:00,12,6.3,8.6,29038900.0,14:45:00,6.5,9.2,37070300,15:11:00,7.3,11.0,68532200,15:34:00,7.8,11.8,85083700,15:39:00,7.8,11.8,85083700,15:39:00,7.8,11.8,85083700,15:39:00
201905021111,201905250511,2019-05-25,15:45:00,13,18.7,25.6,29038900.0,14:45:00,16.9,23.7,37070300,15:11:00,19.6,29.8,68532200,15:34:00,21.9,33.2,85083700,15:39:00,21.9,33.2,85083700,15:39:00,21.9,33.2,85083700,15:39:00
201905021111,201905250511,2019-05-25,15:45:00,14,6.2,8.5,29038900.0,14:45:00,6.2,8.7,37070300,15:11:00,6.8,10.2,68532200,15:34:00,7.0,10.6,85083700,15:39:00,7.0,10.6,85083700,15:39:00,7.0,10.6,85083700,15:39:00
201905021111,201905250511,2019-05-25,15:45:00,15,10.3,14.1,29038900.0,14:45:00,10.8,15.2,37070300,15:11:00,12.2,18.6,68532200,15:34:00,13.1,19.9,85083700,15:39:00,13.1,19.9,85083700,15:39:00,13.1,19.9,85083700,15:39:00
201905021111,201905250511,2019-05-25,15:45:00,16,2.2,2.9,29038900.0,14:45:00,2.2,3.0,37070300,15:11:00,2.8,4.1,68532200,15:34:00,3.2,4.7,85083700,15:39:00,3.2,4.7,85083700,15:39:00,3.2,4.7,85083700,15:39:00
201905021112,201905250512,2019-05-25,16:25:00,01,4.1,6.2,11841800.0,15:25:00,4.5,6.7,16482200,15:51:00,4.0,5.8,44898700,16:14:00,3.8,5.6,63546300,16:19:00,3.8,5.6,63546300,16:19:00,3.8,5.6,63546300,16:19:00
201905021112,201905250512,2019-05-25,16:25:00,02,10.0,15.5,11841800.0,15:25:00,11.8,18.1,16482200,15:51:00,13.7,20.7,44898700,16:14:00,15.7,24.1,63546300,16:19:00,15.7,24.1,63546300,16:19:00,15.7,24.1,63546300,16:19:00
201905021112,201905250512,2019-05-25,16:25:00,03,1.4,1.8,11841800.0,15:25:00,1.5,2.0,16482200,15:51:00,1.5,2.0,44898700,16:14:00,1.4,2.0,63546300,16:19:00,1.4,2.0,63546300,16:19:00,1.4,2.0,63546300,16:19:00
201905021112,201905250512,2019-05-25,16:25:00,04,3.3,5.0,11841800.0,15:25:00,3.8,5.7,16482200,15:51:00,5.2,7.7,44898700,16:14:00,5.2,7.8,63546300,16:19:00,5.2,7.8,63546300,16:19:00,5.2,7.8,63546300,16:19:00
201905021112,201905250512,2019-05-25,16:25:00,05,1.9,2.8,11841800.0,15:25:00,1.7,2.4,16482200,15:51:00,1.5,1.9,44898700,16:14:00,1.4,2.0,63546300,16:19:00,1.4,2.0,63546300,16:19:00,1.4,2.0,63546300,16:19:00
201905021112,201905250512,2019-05-25,16:25:00,06,8.6,13.5,11841800.0,15:25:00,10.2,15.6,16482200,15:51:00,13.7,20.6,44898700,16:14:00,14.5,22.3,63546300,16:19:00,14.5,22.3,63546300,16:19:00,14.5,22.3,63546300,16:19:00
201905021112,201905250512,2019-05-25,16:25:00,07,3.8,5.8,11841800.0,15:25:00,3.5,5.2,16482200,15:51:00,3.6,5.3,44898700,16:14:00,3.3,4.8,63546300,16:19:00,3.3,4.8,63546300,16:19:00,3.3,4.8,63546300,16:19:00
201905021112,201905250512,2019-05-25,16:25:00,08,2.5,3.6,11841800.0,15:25:00,2.6,3.7,16482200,15:51:00,2.2,3.1,44898700,16:14:00,2.3,3.3,63546300,16:19:00,2.3,3.3,63546300,16:19:00,2.3,3.3,63546300,16:19:00
201905021112,201905250512,2019-05-25,16:25:00,09,18.4,28.8,11841800.0,15:25:00,21.3,32.5,16482200,15:51:00,21.2,32.0,44898700,16:14:00,26.1,40.1,63546300,16:19:00,26.1,40.1,63546300,16:19:00,26.1,40.1,63546300,16:19:00
201905021112,201905250512,2019-05-25,16:25:00,10,7.4,11.6,11841800.0,15:25:00,8.2,12.4,16482200,15:51:00,8.7,13.0,44898700,16:14:00,9.6,14.7,63546300,16:19:00,9.6,14.7,63546300,16:19:00,9.6,14.7,63546300,16:19:00
201905021112,201905250512,2019-05-25,16:25:00,11,4.5,6.9,11841800.0,15:25:00,5.1,7.7,16482200,15:51:00,5.4,8.1,44898700,16:14:00,5.5,8.3,63546300,16:19:00,5.5,8.3,63546300,16:19:00,5.5,8.3,63546300,16:19:00
201905021112,201905250512,2019-05-25,16:25:00,12,1.4,1.8,11841800.0,15:25:00,1.4,1.8,16482200,15:51:00,1.4,1.9,44898700,16:14:00,1.4,1.9,63546300,16:19:00,1.4,1.9,63546300,16:19:00,1.4,1.9,63546300,16:19:00
201905021112,201905250512,2019-05-25,16:25:00,13,4.2,6.5,11841800.0,15:25:00,5.0,7.5,16482200,15:51:00,5.8,8.6,44898700,16:14:00,6.0,9.0,63546300,16:19:00,6.0,9.0,63546300,16:19:00,6.0,9.0,63546300,16:19:00
201905021112,201905250512,2019-05-25,16:25:00,14,2.9,4.3,11841800.0,15:25:00,2.6,3.7,16482200,15:51:00,3.0,4.4,44898700,16:14:00,3.0,4.4,63546300,16:19:00,3.0,4.4,63546300,16:19:00,3.0,4.4,63546300,16:19:00
201905021112,201905250512,2019-05-25,16:25:00,15,4.2,6.4,11841800.0,15:25:00,4.0,5.9,16482200,15:51:00,4.6,6.7,44898700,16:14:00,4.8,7.3,63546300,16:19:00,4.8,7.3,63546300,16:19:00,4.8,7.3,63546300,16:19:00
201905021112,201905250512,2019-05-25,16:25:00,16,8.4,17.0,11841800.0,15:25:00,8.4,17.0,16482200,15:51:00,8.4,17.0,44898700,16:14:00,8.4,17.0,63546300,16:19:00,8.4,17.0,63546300,16:19:00,8.4,17.0,63546300,16:19:00
201905021201,201905260501,2019-05-26,09:40:00,01,16.4,23.9,7591200.0,08:40:00,15.1,22.5,10811700,09:10:00,14.2,20.8,19472200,09:29:00,15.3,23.9,28444700,09:34:00,15.3,23.9,28444700,09:34:00,15.3,23.9,28444700,09:34:00
201905021201,201905260501,2019-05-26,09:40:00,02,1.6,2.2,7591200.0,08:40:00,1.7,2.3,10811700,09:10:00,1.6,2.1,19472200,09:29:00,1.6,2.1,28444700,09:34:00,1.6,2.1,28444700,09:34:00,1.6,2.1,28444700,09:34:00
201905021201,201905260501,2019-05-26,09:40:00,03,1.6,2.1,7591200.0,08:40:00,1.5,1.9,10811700,09:10:00,1.6,2.0,19472200,09:29:00,1.4,1.8,28444700,09:34:00,1.4,1.8,28444700,09:34:00,1.4,1.8,28444700,09:34:00
201905021201,201905260501,2019-05-26,09:40:00,04,38.6,56.5,7591200.0,08:40:00,39.0,58.4,10811700,09:10:00,38.3,56.6,19472200,09:29:00,42.6,66.9,28444700,09:34:00,42.6,66.9,28444700,09:34:00,42.6,66.9,28444700,09:34:00
201905021201,201905260501,2019-05-26,09:40:00,05,3.3,4.6,7591200.0,08:40:00,3.2,4.6,10811700,09:10:00,2.7,3.7,19472200,09:29:00,2.7,4.0,28444700,09:34:00,2.7,4.0,28444700,09:34:00,2.7,4.0,28444700,09:34:00
201905021201,201905260501,2019-05-26,09:40:00,06,22.6,33.0,7591200.0,08:40:00,24.5,36.7,10811700,09:10:00,26.2,38.8,19472200,09:29:00,26.3,41.3,28444700,09:34:00,26.3,41.3,28444700,09:34:00,26.3,41.3,28444700,09:34:00
201905021201,201905260501,2019-05-26,09:40:00,07,2.6,3.6,7591200.0,08:40:00,2.3,3.3,10811700,09:10:00,2.3,3.1,19472200,09:29:00,2.1,3.0,28444700,09:34:00,2.1,3.0,28444700,09:34:00,2.1,3.0,28444700,09:34:00
201905021201,201905260501,2019-05-26,09:40:00,08,1.6,2.2,7591200.0,08:40:00,1.7,2.4,10811700,09:10:00,1.8,2.5,19472200,09:29:00,1.8,2.6,28444700,09:34:00,1.8,2.6,28444700,09:34:00,1.8,2.6,28444700,09:34:00
201905021201,201905260501,2019-05-26,09:40:00,09,2.1,2.8,7591200.0,08:40:00,2.0,2.8,10811700,09:10:00,2.3,3.2,19472200,09:29:00,2.4,3.5,28444700,09:34:00,2.4,3.5,28444700,09:34:00,2.4,3.5,28444700,09:34:00
201905021201,201905260501,2019-05-26,09:40:00,10,22.0,32.1,7591200.0,08:40:00,20.3,30.3,10811700,09:10:00,20.0,29.5,19472200,09:29:00,20.6,32.3,28444700,09:34:00,20.6,32.3,28444700,09:34:00,20.6,32.3,28444700,09:34:00
201905021201,201905260501,2019-05-26,09:40:00,11,26.3,38.5,7591200.0,08:40:00,22.6,33.9,10811700,09:10:00,25.5,37.7,19472200,09:29:00,23.6,37.0,28444700,09:34:00,23.6,37.0,28444700,09:34:00,23.6,37.0,28444700,09:34:00
201905021201,201905260501,2019-05-26,09:40:00,12,63.4,92.7,7591200.0,08:40:00,62.8,93.9,10811700,09:10:00,51.4,75.8,19472200,09:29:00,46.8,73.6,28444700,09:34:00,46.8,73.6,28444700,09:34:00,46.8,73.6,28444700,09:34:00
201905021201,201905260501,2019-05-26,09:40:00,13,2.3,3.2,7591200.0,08:40:00,2.4,3.4,10811700,09:10:00,2.2,3.0,19472200,09:29:00,2.3,3.3,28444700,09:34:00,2.3,3.3,28444700,09:34:00,2.3,3.3,28444700,09:34:00
201905021201,201905260501,2019-05-26,09:40:00,14,5.0,7.2,7591200.0,08:40:00,5.3,7.8,10811700,09:10:00,5.8,8.4,19472200,09:29:00,6.1,9.3,28444700,09:34:00,6.1,9.3,28444700,09:34:00,6.1,9.3,28444700,09:34:00
201905021201,201905260501,2019-05-26,09:40:00,15,13.7,20.0,7591200.0,08:40:00,14.1,21.0,10811700,09:10:00,15.1,22.2,19472200,09:29:00,15.3,23.9,28444700,09:34:00,15.3,23.9,28444700,09:34:00,15.3,23.9,28444700,09:34:00
201905021201,201905260501,2019-05-26,09:40:00,16,3.5,5.0,7591200.0,08:40:00,3.5,5.0,10811700,09:10:00,3.4,4.9,19472200,09:29:00,3.4,5.1,28444700,09:34:00,3.4,5.1,28444700,09:34:00,3.4,5.1,28444700,09:34:00
201905021202,201905260502,2019-05-26,10:10:00,01,4.1,8.1,3839100.0,09:08:00,3.6,6.8,5177100,09:36:00,3.4,6.7,14055000,09:59:00,3.6,7.2,29501600,10:04:00,3.6,7.2,29501600,10:04:00,3.6,7.2,29501600,10:04:00
201905021202,201905260502,2019-05-26,10:10:00,02,1.1,1.2,3839100.0,09:08:00,1.1,1.2,5177100,09:36:00,1.1,1.3,14055000,09:59:00,1.1,1.2,29501600,10:04:00,1.1,1.2,29501600,10:04:00,1.1,1.2,29501600,10:04:00
201905021202,201905260502,2019-05-26,10:10:00,03,14.8,30.4,3839100.0,09:08:00,15.5,30.1,5177100,09:36:00,17.6,37.3,14055000,09:59:00,26.1,56.1,29501600,10:04:00,26.1,56.1,29501600,10:04:00,26.1,56.1,29501600,10:04:00
201905021202,201905260502,2019-05-26,10:10:00,04,17.0,35.1,3839100.0,09:08:00,19.9,38.9,5177100,09:36:00,23.4,49.7,14055000,09:59:00,34.2,73.5,29501600,10:04:00,34.2,73.5,29501600,10:04:00,34.2,73.5,29501600,10:04:00
201905021202,201905260502,2019-05-26,10:10:00,05,3.8,7.4,3839100.0,09:08:00,3.6,6.6,5177100,09:36:00,3.8,7.6,14055000,09:59:00,3.9,8.0,29501600,10:04:00,3.9,8.0,29501600,10:04:00,3.9,8.0,29501600,10:04:00
201905021202,201905260502,2019-05-26,10:10:00,06,7.4,15.0,3839100.0,09:08:00,6.6,12.5,5177100,09:36:00,6.0,12.2,14055000,09:59:00,5.6,11.6,29501600,10:04:00,5.6,11.6,29501600,10:04:00,5.6,11.6,29501600,10:04:00
201905021202,201905260502,2019-05-26,10:10:00,07,1.7,3.0,3839100.0,09:08:00,1.8,3.0,5177100,09:36:00,1.5,2.7,14055000,09:59:00,1.5,2.7,29501600,10:04:00,1.5,2.7,29501600,10:04:00,1.5,2.7,29501600,10:04:00
201905021202,201905260502,2019-05-26,10:10:00,08,18.8,38.8,3839100.0,09:08:00,18.6,36.3,5177100,09:36:00,21.6,45.8,14055000,09:59:00,29.1,62.5,29501600,10:04:00,29.1,62.5,29501600,10:04:00,29.1,62.5,29501600,10:04:00
201905021202,201905260502,2019-05-26,10:10:00,09,4.8,9.6,3839100.0,09:08:00,4.9,9.3,5177100,09:36:00,7.0,14.5,14055000,09:59:00,6.5,13.6,29501600,10:04:00,6.5,13.6,29501600,10:04:00,6.5,13.6,29501600,10:04:00
201905021202,201905260502,2019-05-26,10:10:00,10,11.2,22.9,3839100.0,09:08:00,10.2,19.8,5177100,09:36:00,12.6,26.5,14055000,09:59:00,16.0,34.2,29501600,10:04:00,16.0,34.2,29501600,10:04:00,16.0,34.2,29501600,10:04:00
201905021202,201905260502,2019-05-26,10:10:00,11,3.7,7.1,3839100.0,09:08:00,3.6,6.6,5177100,09:36:00,3.8,7.7,14055000,09:59:00,4.2,8.5,29501600,10:04:00,4.2,8.5,29501600,10:04:00,4.2,8.5,29501600,10:04:00
201905021202,201905260502,2019-05-26,10:10:00,12,6.4,12.8,3839100.0,09:08:00,6.8,12.9,5177100,09:36:00,10.0,20.9,14055000,09:59:00,14.4,30.7,29501600,10:04:00,14.4,30.7,29501600,10:04:00,14.4,30.7,29501600,10:04:00
201905021202,201905260502,2019-05-26,10:10:00,13,1.9,3.4,3839100.0,09:08:00,2.0,3.4,5177100,09:36:00,2.0,3.7,14055000,09:59:00,1.9,3.6,29501600,10:04:00,1.9,3.6,29501600,10:04:00,1.9,3.6,29501600,10:04:00
201905021202,201905260502,2019-05-26,10:10:00,14,27.5,56.8,3839100.0,09:08:00,26.0,50.9,5177100,09:36:00,34.6,73.4,14055000,09:59:00,50.2,108.1,29501600,10:04:00,50.2,108.1,29501600,10:04:00,50.2,108.1,29501600,10:04:00
201905021202,201905260502,2019-05-26,10:10:00,15,1.5,2.4,3839100.0,09:08:00,1.5,2.3,5177100,09:36:00,1.2,1.8,14055000,09:59:00,1.2,1.9,29501600,10:04:00,1.2,1.9,29501600,10:04:00,1.2,1.9,29501600,10:04:00
201905021202,201905260502,2019-05-26,10:10:00,16,2.7,5.0,3839100.0,09:08:00,2.6,4.7,5177100,09:36:00,2.6,5.1,14055000,09:59:00,2.3,4.4,29501600,10:04:00,2.3,4.4,29501600,10:04:00,2.3,4.4,29501600,10:04:00
201905021203,201905260503,2019-05-26,10:40:00,01,2.0,3.2,3488400.0,09:36:00,2.0,3.2,5159000,10:06:00,1.6,3.0,15208700,10:29:00,1.7,3.1,32550100,10:34:00,1.7,3.1,32550100,10:34:00,1.7,3.1,32550100,10:34:00
201905021203,201905260503,2019-05-26,10:40:00,02,7.9,14.2,3488400.0,09:36:00,8.1,14.3,5159000,10:06:00,10.5,22.5,15208700,10:29:00,13.2,28.6,32550100,10:34:00,13.2,28.6,32550100,10:34:00,13.2,28.6,32550100,10:34:00
201905021203,201905260503,2019-05-26,10:40:00,03,15.1,27.5,3488400.0,09:36:00,18.3,33.0,5159000,10:06:00,15.2,32.8,15208700,10:29:00,16.7,36.3,32550100,10:34:00,16.7,36.3,32550100,10:34:00,16.7,36.3,32550100,10:34:00
201905021203,201905260503,2019-05-26,10:40:00,04,23.1,42.1,3488400.0,09:36:00,26.4,47.7,5159000,10:06:00,28.6,62.3,15208700,10:29:00,34.1,74.8,32550100,10:34:00,34.1,74.8,32550100,10:34:00,34.1,74.8,32550100,10:34:00
201905021203,201905260503,2019-05-26,10:40:00,05,7.9,14.2,3488400.0,09:36:00,9.2,16.4,5159000,10:06:00,9.8,21.0,15208700,10:29:00,12.0,26.1,32550100,10:34:00,12.0,26.1,32550100,10:34:00,12.0,26.1,32550100,10:34:00
201905021203,201905260503,2019-05-26,10:40:00,06,3.0,5.1,3488400.0,09:36:00,2.5,4.2,5159000,10:06:00,2.3,4.5,15208700,10:29:00,2.2,4.3,32550100,10:34:00,2.2,4.3,32550100,10:34:00,2.2,4.3,32550100,10:34:00
201905021203,201905260503,2019-05-26,10:40:00,07,11.2,20.2,3488400.0,09:36:00,13.3,24.0,5159000,10:06:00,20.8,45.2,15208700,10:29:00,28.2,61.9,32550100,10:34:00,28.2,61.9,32550100,10:34:00,28.2,61.9,32550100,10:34:00
201905021203,201905260503,2019-05-26,10:40:00,08,4.1,7.2,3488400.0,09:36:00,4.7,8.3,5159000,10:06:00,5.2,10.9,15208700,10:29:00,4.8,10.0,32550100,10:34:00,4.8,10.0,32550100,10:34:00,4.8,10.0,32550100,10:34:00
201905021203,201905260503,2019-05-26,10:40:00,09,7.9,14.2,3488400.0,09:36:00,10.2,18.3,5159000,10:06:00,13.5,29.2,15208700,10:29:00,17.3,37.7,32550100,10:34:00,17.3,37.7,32550100,10:34:00,17.3,37.7,32550100,10:34:00
201905021203,201905260503,2019-05-26,10:40:00,10,1.1,1.5,3488400.0,09:36:00,1.1,1.4,5159000,10:06:00,1.1,1.2,15208700,10:29:00,1.1,1.4,32550100,10:34:00,1.1,1.4,32550100,10:34:00,1.1,1.4,32550100,10:34:00
201905021203,201905260503,2019-05-26,10:40:00,11,3.2,5.6,3488400.0,09:36:00,3.9,6.7,5159000,10:06:00,3.7,7.6,15208700,10:29:00,3.3,6.6,32550100,10:34:00,3.3,6.6,32550100,10:34:00,3.3,6.6,32550100,10:34:00
201905021203,201905260503,2019-05-26,10:40:00,12,1.4,2.2,3488400.0,09:36:00,1.3,2.0,5159000,10:06:00,1.4,2.5,15208700,10:29:00,1.3,2.4,32550100,10:34:00,1.3,2.4,32550100,10:34:00,1.3,2.4,32550100,10:34:00
201905021203,201905260503,2019-05-26,10:40:00,13,1.3,1.8,3488400.0,09:36:00,1.3,1.9,5159000,10:06:00,1.2,2.0,15208700,10:29:00,1.1,1.5,32550100,10:34:00,1.1,1.5,32550100,10:34:00,1.1,1.5,32550100,10:34:00
201905021203,201905260503,2019-05-26,10:40:00,14,13.0,23.7,3488400.0,09:36:00,15.6,28.1,5159000,10:06:00,22.1,48.1,15208700,10:29:00,27.9,61.3,32550100,10:34:00,27.9,61.3,32550100,10:34:00,27.9,61.3,32550100,10:34:00
201905021203,201905260503,2019-05-26,10:40:00,15,6.1,10.8,3488400.0,09:36:00,7.2,12.8,5159000,10:06:00,7.5,16.0,15208700,10:29:00,8.8,18.9,32550100,10:34:00,8.8,18.9,32550100,10:34:00,8.8,18.9,32550100,10:34:00
201905021203,201905260503,2019-05-26,10:40:00,16,10.3,18.6,3488400.0,09:36:00,12.0,21.6,5159000,10:06:00,13.8,29.9,15208700,10:29:00,19.5,42.5,32550100,10:34:00,19.5,42.5,32550100,10:34:00,19.5,42.5,32550100,10:34:00
201905021204,201905260504,2019-05-26,11:10:00,01,1.2,3.7,5824000.0,10:07:00,1.2,3.8,9483600,10:40:00,1.1,2.9,23991700,10:59:00,1.1,2.7,41520000,11:05:00,1.1,2.7,41520000,11:05:00,1.1,2.7,41520000,11:05:00
201905021204,201905260504,2019-05-26,11:10:00,02,8.3,35.9,5824000.0,10:07:00,8.2,39.2,9483600,10:40:00,8.7,36.2,23991700,10:59:00,9.7,36.6,41520000,11:05:00,9.7,36.6,41520000,11:05:00,9.7,36.6,41520000,11:05:00
201905021204,201905260504,2019-05-26,11:10:00,03,8.1,35.2,5824000.0,10:07:00,8.2,39.3,9483600,10:40:00,10.0,41.5,23991700,10:59:00,12.7,48.2,41520000,11:05:00,12.7,48.2,41520000,11:05:00,12.7,48.2,41520000,11:05:00
201905021204,201905260504,2019-05-26,11:10:00,04,1.1,2.8,5824000.0,10:07:00,1.1,2.8,9483600,10:40:00,1.1,1.9,23991700,10:59:00,1.1,2.0,41520000,11:05:00,1.1,2.0,41520000,11:05:00,1.1,2.0,41520000,11:05:00
201905021204,201905260504,2019-05-26,11:10:00,05,4.0,16.6,5824000.0,10:07:00,4.3,19.6,9483600,10:40:00,5.0,20.2,23991700,10:59:00,4.8,17.6,41520000,11:05:00,4.8,17.6,41520000,11:05:00,4.8,17.6,41520000,11:05:00
201905021204,201905260504,2019-05-26,11:10:00,06,3.2,13.2,5824000.0,10:07:00,3.3,14.8,9483600,10:40:00,3.3,12.7,23991700,10:59:00,3.1,10.9,41520000,11:05:00,3.1,10.9,41520000,11:05:00,3.1,10.9,41520000,11:05:00
201905021204,201905260504,2019-05-26,11:10:00,07,2.2,8.3,5824000.0,10:07:00,2.4,10.3,9483600,10:40:00,2.8,10.4,23991700,10:59:00,2.7,9.0,41520000,11:05:00,2.7,9.0,41520000,11:05:00,2.7,9.0,41520000,11:05:00
201905021204,201905260504,2019-05-26,11:10:00,08,4.9,20.6,5824000.0,10:07:00,5.3,24.8,9483600,10:40:00,6.9,28.4,23991700,10:59:00,7.6,28.4,41520000,11:05:00,7.6,28.4,41520000,11:05:00,7.6,28.4,41520000,11:05:00
201905021204,201905260504,2019-05-26,11:10:00,09,1.1,1.1,5824000.0,10:07:00,1.1,1.1,9483600,10:40:00,1.1,1.1,23991700,10:59:00,1.1,1.1,41520000,11:05:00,1.1,1.1,41520000,11:05:00,1.1,1.1,41520000,11:05:00
201905021204,201905260504,2019-05-26,11:10:00,10,2.1,8.1,5824000.0,10:07:00,2.0,8.1,9483600,10:40:00,2.2,7.8,23991700,10:59:00,2.3,7.6,41520000,11:05:00,2.3,7.6,41520000,11:05:00,2.3,7.6,41520000,11:05:00
201905021204,201905260504,2019-05-26,11:10:00,11,,,5824000.0,10:07:00,,,9483600,10:40:00,,,23991700,10:59:00,,,41520000,11:05:00,,,41520000,11:05:00,,,41520000,11:05:00
201905021205,201905260505,2019-05-26,12:10:00,01,2.8,3.8,5102500.0,11:07:00,3.5,4.8,15587300,11:38:00,3.6,5.0,33307400,11:59:00,3.5,5.1,42792500,12:04:00,3.5,5.1,42792500,12:04:00,3.5,5.1,42792500,12:04:00
201905021205,201905260505,2019-05-26,12:10:00,02,1.8,2.3,5102500.0,11:07:00,1.9,2.4,15587300,11:38:00,1.8,2.3,33307400,11:59:00,1.7,2.2,42792500,12:04:00,1.7,2.2,42792500,12:04:00,1.7,2.2,42792500,12:04:00
201905021205,201905260505,2019-05-26,12:10:00,03,3.2,4.3,5102500.0,11:07:00,2.3,3.1,15587300,11:38:00,2.5,3.4,33307400,11:59:00,2.4,3.3,42792500,12:04:00,2.4,3.3,42792500,12:04:00,2.4,3.3,42792500,12:04:00
201905021205,201905260505,2019-05-26,12:10:00,04,2.4,3.2,5102500.0,11:07:00,2.4,3.3,15587300,11:38:00,2.3,3.1,33307400,11:59:00,2.2,3.1,42792500,12:04:00,2.2,3.1,42792500,12:04:00,2.2,3.1,42792500,12:04:00
201905021205,201905260505,2019-05-26,12:10:00,05,4.3,6.0,5102500.0,11:07:00,5.8,8.2,15587300,11:38:00,6.3,8.9,33307400,11:59:00,6.4,9.3,42792500,12:04:00,6.4,9.3,42792500,12:04:00,6.4,9.3,42792500,12:04:00
201905021205,201905260505,2019-05-26,12:10:00,06,2.7,3.6,5102500.0,11:07:00,3.1,4.3,15587300,11:38:00,3.1,4.3,33307400,11:59:00,3.2,4.5,42792500,12:04:00,3.2,4.5,42792500,12:04:00,3.2,4.5,42792500,12:04:00
201905021205,201905260505,2019-05-26,12:10:00,07,35.6,49.6,5102500.0,11:07:00,53.5,75.9,15587300,11:38:00,65.1,93.3,33307400,11:59:00,67.6,99.5,42792500,12:04:00,67.6,99.5,42792500,12:04:00,67.6,99.5,42792500,12:04:00
201905021205,201905260505,2019-05-26,12:10:00,08,3.5,4.8,5102500.0,11:07:00,3.0,4.2,15587300,11:38:00,2.8,3.8,33307400,11:59:00,2.7,3.8,42792500,12:04:00,2.7,3.8,42792500,12:04:00,2.7,3.8,42792500,12:04:00
201905021205,201905260505,2019-05-26,12:10:00,09,3.4,4.6,5102500.0,11:07:00,4.0,5.6,15587300,11:38:00,4.7,6.6,33307400,11:59:00,4.6,6.6,42792500,12:04:00,4.6,6.6,42792500,12:04:00,4.6,6.6,42792500,12:04:00
201905021205,201905260505,2019-05-26,12:10:00,10,1.7,2.1,5102500.0,11:07:00,1.6,2.0,15587300,11:38:00,1.6,2.0,33307400,11:59:00,1.6,1.9,42792500,12:04:00,1.6,1.9,42792500,12:04:00,1.6,1.9,42792500,12:04:00
201905021205,201905260505,2019-05-26,12:10:00,11,9.3,13.1,5102500.0,11:07:00,11.7,16.6,15587300,11:38:00,9.3,13.4,33307400,11:59:00,9.8,14.4,42792500,12:04:00,9.8,14.4,42792500,12:04:00,9.8,14.4,42792500,12:04:00
201905021205,201905260505,2019-05-26,12:10:00,12,9.6,13.4,5102500.0,11:07:00,11.3,16.1,15587300,11:38:00,11.4,16.3,33307400,11:59:00,11.8,17.5,42792500,12:04:00,11.8,17.5,42792500,12:04:00,11.8,17.5,42792500,12:04:00
201905021205,201905260505,2019-05-26,12:10:00,13,4.5,6.2,5102500.0,11:07:00,4.5,6.2,15587300,11:38:00,4.6,6.5,33307400,11:59:00,4.9,7.1,42792500,12:04:00,4.9,7.1,42792500,12:04:00,4.9,7.1,42792500,12:04:00
201905021205,201905260505,2019-05-26,12:10:00,14,15.4,21.5,5102500.0,11:07:00,21.3,30.4,15587300,11:38:00,27.0,38.7,33307400,11:59:00,29.4,43.3,42792500,12:04:00,29.4,43.3,42792500,12:04:00,29.4,43.3,42792500,12:04:00
201905021205,201905260505,2019-05-26,12:10:00,15,3.9,5.3,5102500.0,11:07:00,2.5,3.4,15587300,11:38:00,2.5,3.4,33307400,11:59:00,2.5,3.5,42792500,12:04:00,2.5,3.5,42792500,12:04:00,2.5,3.5,42792500,12:04:00
201905021205,201905260505,2019-05-26,12:10:00,16,6.5,9.1,5102500.0,11:07:00,8.9,12.7,15587300,11:38:00,7.9,11.4,33307400,11:59:00,8.8,12.9,42792500,12:04:00,8.8,12.9,42792500,12:04:00,8.8,12.9,42792500,12:04:00
201905021206,201905260506,2019-05-26,12:40:00,01,2.0,2.9,6786900.0,11:36:00,1.9,2.9,9164100,12:10:00,1.7,2.7,21500000,12:29:00,1.6,2.4,36235400,12:34:00,1.6,2.4,36235400,12:34:00,1.6,2.4,36235400,12:34:00
201905021206,201905260506,2019-05-26,12:40:00,02,9.9,16.0,6786900.0,11:36:00,10.5,17.5,9164100,12:10:00,7.8,14.0,21500000,12:29:00,10.5,17.9,36235400,12:34:00,10.5,17.9,36235400,12:34:00,10.5,17.9,36235400,12:34:00
201905021206,201905260506,2019-05-26,12:40:00,03,14.5,23.7,6786900.0,11:36:00,14.7,24.7,9164100,12:10:00,16.5,30.1,21500000,12:29:00,16.4,28.2,36235400,12:34:00,16.4,28.2,36235400,12:34:00,16.4,28.2,36235400,12:34:00
201905021206,201905260506,2019-05-26,12:40:00,04,3.5,5.5,6786900.0,11:36:00,3.7,5.9,9164100,12:10:00,4.8,8.5,21500000,12:29:00,5.9,9.9,36235400,12:34:00,5.9,9.9,36235400,12:34:00,5.9,9.9,36235400,12:34:00
201905021206,201905260506,2019-05-26,12:40:00,05,14.7,23.9,6786900.0,11:36:00,16.4,27.6,9164100,12:10:00,21.3,39.0,21500000,12:29:00,29.8,51.5,36235400,12:34:00,29.8,51.5,36235400,12:34:00,29.8,51.5,36235400,12:34:00
201905021206,201905260506,2019-05-26,12:40:00,06,1.4,2.0,6786900.0,11:36:00,1.4,2.0,9164100,12:10:00,1.4,2.1,21500000,12:29:00,1.4,2.0,36235400,12:34:00,1.4,2.0,36235400,12:34:00,1.4,2.0,36235400,12:34:00
201905021206,201905260506,2019-05-26,12:40:00,07,6.4,10.2,6786900.0,11:36:00,6.2,10.2,9164100,12:10:00,6.8,12.1,21500000,12:29:00,6.1,10.3,36235400,12:34:00,6.1,10.3,36235400,12:34:00,6.1,10.3,36235400,12:34:00
201905021206,201905260506,2019-05-26,12:40:00,08,26.5,43.3,6786900.0,11:36:00,29.7,49.8,9164100,12:10:00,41.8,76.6,21500000,12:29:00,53.0,91.6,36235400,12:34:00,53.0,91.6,36235400,12:34:00,53.0,91.6,36235400,12:34:00
201905021206,201905260506,2019-05-26,12:40:00,09,26.6,43.4,6786900.0,11:36:00,24.9,41.8,9164100,12:10:00,27.0,49.4,21500000,12:29:00,36.5,63.1,36235400,12:34:00,36.5,63.1,36235400,12:34:00,36.5,63.1,36235400,12:34:00
201905021206,201905260506,2019-05-26,12:40:00,10,1.2,1.6,6786900.0,11:36:00,1.2,1.6,9164100,12:10:00,1.1,1.4,21500000,12:29:00,1.2,1.5,36235400,12:34:00,1.2,1.5,36235400,12:34:00,1.2,1.5,36235400,12:34:00
201905021206,201905260506,2019-05-26,12:40:00,11,4.4,6.9,6786900.0,11:36:00,3.9,6.3,9164100,12:10:00,3.6,6.2,21500000,12:29:00,3.4,5.6,36235400,12:34:00,3.4,5.6,36235400,12:34:00,3.4,5.6,36235400,12:34:00
201905021206,201905260506,2019-05-26,12:40:00,12,6.6,10.6,6786900.0,11:36:00,6.8,11.1,9164100,12:10:00,9.2,16.6,21500000,12:29:00,11.1,18.9,36235400,12:34:00,11.1,18.9,36235400,12:34:00,11.1,18.9,36235400,12:34:00
201905021206,201905260506,2019-05-26,12:40:00,13,4.0,6.3,6786900.0,11:36:00,4.3,6.9,9164100,12:10:00,4.9,8.6,21500000,12:29:00,5.5,9.3,36235400,12:34:00,5.5,9.3,36235400,12:34:00,5.5,9.3,36235400,12:34:00
201905021206,201905260506,2019-05-26,12:40:00,14,12.6,20.6,6786900.0,11:36:00,13.5,22.6,9164100,12:10:00,16.5,30.1,21500000,12:29:00,18.5,31.8,36235400,12:34:00,18.5,31.8,36235400,12:34:00,18.5,31.8,36235400,12:34:00
201905021206,201905260506,2019-05-26,12:40:00,15,1.5,2.1,6786900.0,11:36:00,1.5,2.1,9164100,12:10:00,1.4,2.1,21500000,12:29:00,1.4,2.1,36235400,12:34:00,1.4,2.1,36235400,12:34:00,1.4,2.1,36235400,12:34:00
201905021206,201905260506,2019-05-26,12:40:00,16,2.8,4.3,6786900.0,11:36:00,2.9,4.5,9164100,12:10:00,3.0,5.2,21500000,12:29:00,2.8,4.5,36235400,12:34:00,2.8,4.5,36235400,12:34:00,2.8,4.5,36235400,12:34:00
201905021207,201905260507,2019-05-26,13:10:00,01,2.0,2.5,5445100.0,12:04:00,1.7,2.1,7606000,12:35:00,1.3,1.6,20422600,12:59:00,1.4,1.7,35787900,13:04:00,1.4,1.7,35787900,13:04:00,1.4,1.7,35787900,13:04:00
201905021207,201905260507,2019-05-26,13:10:00,02,20.0,27.6,5445100.0,12:04:00,23.5,34.5,7606000,12:35:00,33.5,52.8,20422600,12:59:00,42.6,63.9,35787900,13:04:00,42.6,63.9,35787900,13:04:00,42.6,63.9,35787900,13:04:00
201905021207,201905260507,2019-05-26,13:10:00,03,1.6,1.9,5445100.0,12:04:00,1.5,1.8,7606000,12:35:00,1.7,2.3,20422600,12:59:00,1.8,2.4,35787900,13:04:00,1.8,2.4,35787900,13:04:00,1.8,2.4,35787900,13:04:00
201905021207,201905260507,2019-05-26,13:10:00,04,5.0,6.9,5445100.0,12:04:00,5.7,8.4,7606000,12:35:00,4.6,7.1,20422600,12:59:00,5.2,7.6,35787900,13:04:00,5.2,7.6,35787900,13:04:00,5.2,7.6,35787900,13:04:00
201905021207,201905260507,2019-05-26,13:10:00,05,2.3,3.0,5445100.0,12:04:00,2.2,3.1,7606000,12:35:00,3.0,4.4,20422600,12:59:00,3.3,4.8,35787900,13:04:00,3.3,4.8,35787900,13:04:00,3.3,4.8,35787900,13:04:00
201905021207,201905260507,2019-05-26,13:10:00,06,5.1,7.0,5445100.0,12:04:00,5.9,8.7,7606000,12:35:00,5.4,8.4,20422600,12:59:00,6.0,8.8,35787900,13:04:00,6.0,8.8,35787900,13:04:00,6.0,8.8,35787900,13:04:00
201905021207,201905260507,2019-05-26,13:10:00,07,3.5,4.7,5445100.0,12:04:00,3.9,5.6,7606000,12:35:00,5.2,8.1,20422600,12:59:00,5.7,8.5,35787900,13:04:00,5.7,8.5,35787900,13:04:00,5.7,8.5,35787900,13:04:00
201905021207,201905260507,2019-05-26,13:10:00,08,7.3,10.1,5445100.0,12:04:00,8.0,11.8,7606000,12:35:00,8.0,12.5,20422600,12:59:00,6.5,9.7,35787900,13:04:00,6.5,9.7,35787900,13:04:00,6.5,9.7,35787900,13:04:00
201905021207,201905260507,2019-05-26,13:10:00,09,3.3,4.4,5445100.0,12:04:00,3.2,4.6,7606000,12:35:00,2.3,3.3,20422600,12:59:00,2.0,2.8,35787900,13:04:00,2.0,2.8,35787900,13:04:00,2.0,2.8,35787900,13:04:00
201905021207,201905260507,2019-05-26,13:10:00,10,3.6,4.9,5445100.0,12:04:00,4.2,6.1,7606000,12:35:00,4.1,6.3,20422600,12:59:00,3.8,5.6,35787900,13:04:00,3.8,5.6,35787900,13:04:00,3.8,5.6,35787900,13:04:00
201905021207,201905260507,2019-05-26,13:10:00,11,8.6,12.0,5445100.0,12:04:00,8.5,12.6,7606000,12:35:00,11.5,18.1,20422600,12:59:00,13.2,19.8,35787900,13:04:00,13.2,19.8,35787900,13:04:00,13.2,19.8,35787900,13:04:00
201905021207,201905260507,2019-05-26,13:10:00,12,2.6,3.5,5445100.0,12:04:00,2.4,3.4,7606000,12:35:00,3.0,4.5,20422600,12:59:00,3.2,4.6,35787900,13:04:00,3.2,4.6,35787900,13:04:00,3.2,4.6,35787900,13:04:00
201905021207,201905260507,2019-05-26,13:10:00,13,3.3,4.5,5445100.0,12:04:00,2.6,3.6,7606000,12:35:00,3.0,4.4,20422600,12:59:00,3.0,4.3,35787900,13:04:00,3.0,4.3,35787900,13:04:00,3.0,4.3,35787900,13:04:00
201905021207,201905260507,2019-05-26,13:10:00,14,5.1,7.0,5445100.0,12:04:00,5.4,7.8,7606000,12:35:00,6.3,9.8,20422600,12:59:00,8.2,12.3,35787900,13:04:00,8.2,12.3,35787900,13:04:00,8.2,12.3,35787900,13:04:00
201905021207,201905260507,2019-05-26,13:10:00,15,3.8,5.1,5445100.0,12:04:00,3.9,5.6,7606000,12:35:00,2.3,3.4,20422600,12:59:00,2.1,3.0,35787900,13:04:00,2.1,3.0,35787900,13:04:00,2.1,3.0,35787900,13:04:00
201905021207,201905260507,2019-05-26,13:10:00,16,10.9,15.1,5445100.0,12:04:00,11.8,17.4,7606000,12:35:00,13.6,21.3,20422600,12:59:00,16.1,24.2,35787900,13:04:00,16.1,24.2,35787900,13:04:00,16.1,24.2,35787900,13:04:00
201905021208,201905260508,2019-05-26,13:40:00,01,3.9,6.9,4778000.0,12:35:00,4.6,8.0,6429400,13:06:00,5.4,9.4,16357000,13:29:00,6.1,10.3,27090500,13:34:00,6.1,10.3,27090500,13:34:00,6.1,10.3,27090500,13:34:00
201905021208,201905260508,2019-05-26,13:40:00,02,1.3,2.1,4778000.0,12:35:00,1.3,1.9,6429400,13:06:00,1.3,2.0,16357000,13:29:00,1.4,2.1,27090500,13:34:00,1.4,2.1,27090500,13:34:00,1.4,2.1,27090500,13:34:00
201905021208,201905260508,2019-05-26,13:40:00,03,2.3,3.9,4778000.0,12:35:00,2.6,4.4,6429400,13:06:00,2.4,4.0,16357000,13:29:00,2.1,3.5,27090500,13:34:00,2.1,3.5,27090500,13:34:00,2.1,3.5,27090500,13:34:00
201905021208,201905260508,2019-05-26,13:40:00,04,1.1,1.2,4778000.0,12:35:00,1.1,1.3,6429400,13:06:00,1.1,1.3,16357000,13:29:00,1.1,1.4,27090500,13:34:00,1.1,1.4,27090500,13:34:00,1.1,1.4,27090500,13:34:00
201905021208,201905260508,2019-05-26,13:40:00,05,3.3,5.8,4778000.0,12:35:00,3.6,6.2,6429400,13:06:00,3.1,5.3,16357000,13:29:00,2.6,4.4,27090500,13:34:00,2.6,4.4,27090500,13:34:00,2.6,4.4,27090500,13:34:00
201905021208,201905260508,2019-05-26,13:40:00,06,1.3,2.0,4778000.0,12:35:00,1.2,1.9,6429400,13:06:00,1.3,1.9,16357000,13:29:00,1.2,1.8,27090500,13:34:00,1.2,1.8,27090500,13:34:00,1.2,1.8,27090500,13:34:00
201905021208,201905260508,2019-05-26,13:40:00,07,2.3,4.0,4778000.0,12:35:00,2.6,4.4,6429400,13:06:00,2.6,4.4,16357000,13:29:00,2.5,4.2,27090500,13:34:00,2.5,4.2,27090500,13:34:00,2.5,4.2,27090500,13:34:00
201905021208,201905260508,2019-05-26,13:40:00,08,4.4,7.9,4778000.0,12:35:00,5.1,8.8,6429400,13:06:00,5.0,8.7,16357000,13:29:00,5.6,9.5,27090500,13:34:00,5.6,9.5,27090500,13:34:00,5.6,9.5,27090500,13:34:00
201905021208,201905260508,2019-05-26,13:40:00,09,2.2,3.7,4778000.0,12:35:00,1.9,3.1,6429400,13:06:00,2.0,3.2,16357000,13:29:00,1.9,3.2,27090500,13:34:00,1.9,3.2,27090500,13:34:00,1.9,3.2,27090500,13:34:00
201905021209,201905260509,2019-05-26,14:15:00,01,11.9,17.1,11855600.0,13:13:00,12.4,18.0,16283500,13:43:00,17.4,26.3,46102800,14:04:00,18.4,27.8,70385700,14:09:00,18.4,27.8,70385700,14:09:00,18.4,27.8,70385700,14:09:00
201905021209,201905260509,2019-05-26,14:15:00,02,19.3,27.6,11855600.0,13:13:00,21.5,31.0,16283500,13:43:00,27.5,41.6,46102800,14:04:00,29.0,43.8,70385700,14:09:00,29.0,43.8,70385700,14:09:00,29.0,43.8,70385700,14:09:00
201905021209,201905260509,2019-05-26,14:15:00,03,2.7,3.8,11855600.0,13:13:00,2.6,3.6,16283500,13:43:00,2.1,3.0,46102800,14:04:00,2.1,3.0,70385700,14:09:00,2.1,3.0,70385700,14:09:00,2.1,3.0,70385700,14:09:00
201905021209,201905260509,2019-05-26,14:15:00,04,2.5,3.5,11855600.0,13:13:00,2.5,3.5,16283500,13:43:00,2.8,4.1,46102800,14:04:00,2.7,3.9,70385700,14:09:00,2.7,3.9,70385700,14:09:00,2.7,3.9,70385700,14:09:00
201905021209,201905260509,2019-05-26,14:15:00,05,2.7,3.8,11855600.0,13:13:00,2.8,3.9,16283500,13:43:00,2.1,3.0,46102800,14:04:00,2.0,2.9,70385700,14:09:00,2.0,2.9,70385700,14:09:00,2.0,2.9,70385700,14:09:00
201905021209,201905260509,2019-05-26,14:15:00,06,5.1,7.2,11855600.0,13:13:00,5.3,7.6,16283500,13:43:00,6.3,9.5,46102800,14:04:00,6.6,9.9,70385700,14:09:00,6.6,9.9,70385700,14:09:00,6.6,9.9,70385700,14:09:00
201905021209,201905260509,2019-05-26,14:15:00,07,6.5,9.3,11855600.0,13:13:00,6.4,9.2,16283500,13:43:00,7.7,11.7,46102800,14:04:00,7.5,11.3,70385700,14:09:00,7.5,11.3,70385700,14:09:00,7.5,11.3,70385700,14:09:00
201905021209,201905260509,2019-05-26,14:15:00,08,2.6,3.6,11855600.0,13:13:00,2.6,3.7,16283500,13:43:00,3.1,4.6,46102800,14:04:00,3.5,5.1,70385700,14:09:00,3.5,5.1,70385700,14:09:00,3.5,5.1,70385700,14:09:00
201905021209,201905260509,2019-05-26,14:15:00,09,2.5,3.4,11855600.0,13:13:00,2.6,3.6,16283500,13:43:00,2.3,3.3,46102800,14:04:00,2.4,3.5,70385700,14:09:00,2.4,3.5,70385700,14:09:00,2.4,3.5,70385700,14:09:00
201905021209,201905260509,2019-05-26,14:15:00,10,1.9,2.4,11855600.0,13:13:00,2.1,2.7,16283500,13:43:00,1.7,2.2,46102800,14:04:00,1.6,2.2,70385700,14:09:00,1.6,2.2,70385700,14:09:00,1.6,2.2,70385700,14:09:00
201905021209,201905260509,2019-05-26,14:15:00,11,3.7,5.2,11855600.0,13:13:00,3.7,5.2,16283500,13:43:00,3.3,4.8,46102800,14:04:00,3.0,4.3,70385700,14:09:00,3.0,4.3,70385700,14:09:00,3.0,4.3,70385700,14:09:00
201905021209,201905260509,2019-05-26,14:15:00,12,5.5,7.9,11855600.0,13:13:00,5.1,7.4,16283500,13:43:00,7.5,11.4,46102800,14:04:00,8.6,12.9,70385700,14:09:00,8.6,12.9,70385700,14:09:00,8.6,12.9,70385700,14:09:00
201905021209,201905260509,2019-05-26,14:15:00,13,5.2,7.4,11855600.0,13:13:00,5.2,7.5,16283500,13:43:00,6.1,9.2,46102800,14:04:00,6.2,9.2,70385700,14:09:00,6.2,9.2,70385700,14:09:00,6.2,9.2,70385700,14:09:00
201905021209,201905260509,2019-05-26,14:15:00,14,7.1,10.1,11855600.0,13:13:00,7.3,10.5,16283500,13:43:00,9.5,14.4,46102800,14:04:00,11.4,17.2,70385700,14:09:00,11.4,17.2,70385700,14:09:00,11.4,17.2,70385700,14:09:00
201905021209,201905260509,2019-05-26,14:15:00,15,1.5,1.8,11855600.0,13:13:00,1.4,1.7,16283500,13:43:00,1.4,1.8,46102800,14:04:00,1.5,1.8,70385700,14:09:00,1.5,1.8,70385700,14:09:00,1.5,1.8,70385700,14:09:00
201905021210,201905260510,2019-05-26,14:50:00,01,4.4,6.5,9705800.0,13:49:00,4.7,7.2,13181900,14:19:00,6.3,9.6,39781300,14:39:00,5.7,9.3,63163900,14:44:00,5.7,9.3,63163900,14:44:00,5.7,9.3,63163900,14:44:00
201905021210,201905260510,2019-05-26,14:50:00,02,1.3,1.7,9705800.0,13:49:00,1.3,1.7,13181900,14:19:00,1.3,1.6,39781300,14:39:00,1.2,1.5,63163900,14:44:00,1.2,1.5,63163900,14:44:00,1.2,1.5,63163900,14:44:00
201905021210,201905260510,2019-05-26,14:50:00,03,2.0,2.8,9705800.0,13:49:00,1.8,2.6,13181900,14:19:00,1.7,2.4,39781300,14:39:00,1.7,2.5,63163900,14:44:00,1.7,2.5,63163900,14:44:00,1.7,2.5,63163900,14:44:00
201905021210,201905260510,2019-05-26,14:50:00,04,7.7,11.4,9705800.0,13:49:00,7.6,11.5,13181900,14:19:00,10.8,16.4,39781300,14:39:00,11.3,18.5,63163900,14:44:00,11.3,18.5,63163900,14:44:00,11.3,18.5,63163900,14:44:00
201905021210,201905260510,2019-05-26,14:50:00,05,2.7,3.9,9705800.0,13:49:00,2.8,4.2,13181900,14:19:00,4.1,6.2,39781300,14:39:00,4.4,7.2,63163900,14:44:00,4.4,7.2,63163900,14:44:00,4.4,7.2,63163900,14:44:00
201905021210,201905260510,2019-05-26,14:50:00,06,1.6,2.2,9705800.0,13:49:00,1.6,2.2,13181900,14:19:00,1.6,2.3,39590600,14:39:00,1.7,2.5,63163900,14:44:00,1.7,2.5,63163900,14:44:00,1.7,2.5,63163900,14:44:00
201905021210,201905260510,2019-05-26,14:50:00,07,2.2,3.1,9705800.0,13:49:00,2.3,3.3,13181900,14:19:00,1.8,2.5,39781300,14:39:00,1.7,2.6,63163900,14:44:00,1.7,2.6,63163900,14:44:00,1.7,2.6,63163900,14:44:00
201905021210,201905260510,2019-05-26,14:50:00,08,6.0,9.0,9705800.0,13:49:00,6.0,9.1,13181900,14:19:00,8.2,12.6,39781300,14:39:00,8.4,13.7,63163900,14:44:00,8.4,13.7,63163900,14:44:00,8.4,13.7,63163900,14:44:00
201905021210,201905260510,2019-05-26,14:50:00,09,1.4,1.9,9705800.0,13:49:00,1.4,1.8,13181900,14:19:00,1.5,2.1,39590600,14:39:00,1.4,2.0,63163900,14:44:00,1.4,2.0,63163900,14:44:00,1.4,2.0,63163900,14:44:00
201905021210,201905260510,2019-05-26,14:50:00,10,2.3,3.2,9705800.0,13:49:00,2.3,3.4,13181900,14:19:00,2.1,3.0,39590600,14:39:00,2.1,3.2,63163900,14:44:00,2.1,3.2,63163900,14:44:00,2.1,3.2,63163900,14:44:00
201905021211,201905260511,2019-05-26,15:40:00,01,5.6,10.3,443958400.0,14:40:00,5.5,10.4,560464600,15:10:00,5.7,12.1,815292500,15:29:00,5.8,13.1,967009800,15:34:00,5.8,13.1,967009800,15:34:00,5.8,13.1,967009800,15:34:00
201905021211,201905260511,2019-05-26,15:40:00,02,18.1,34.7,443958400.0,14:40:00,18.6,36.7,560464600,15:10:00,20.4,44.4,815292500,15:29:00,21.1,49.1,967009800,15:34:00,21.1,49.1,967009800,15:34:00,21.1,49.1,967009800,15:34:00
201905021211,201905260511,2019-05-26,15:40:00,03,7.0,13.1,443958400.0,14:40:00,7.3,14.1,560464600,15:10:00,8.0,17.1,815292500,15:29:00,8.2,18.8,967009800,15:34:00,8.2,18.8,967009800,15:34:00,8.2,18.8,967009800,15:34:00
201905021211,201905260511,2019-05-26,15:40:00,04,5.6,10.4,443958400.0,14:40:00,5.7,10.9,560464600,15:10:00,5.3,11.1,815292500,15:29:00,5.4,12.0,967009800,15:34:00,5.4,12.0,967009800,15:34:00,5.4,12.0,967009800,15:34:00
201905021211,201905260511,2019-05-26,15:40:00,05,28.2,54.2,443958400.0,14:40:00,29.7,58.5,560464600,15:10:00,32.8,71.6,815292500,15:29:00,33.4,78.1,967009800,15:34:00,33.4,78.1,967009800,15:34:00,33.4,78.1,967009800,15:34:00
201905021211,201905260511,2019-05-26,15:40:00,06,1.1,1.3,443958400.0,14:40:00,1.1,1.2,560464600,15:10:00,1.1,1.1,815292500,15:29:00,1.1,1.1,967009800,15:34:00,1.1,1.1,967009800,15:34:00,1.1,1.1,967009800,15:34:00
201905021211,201905260511,2019-05-26,15:40:00,07,1.5,2.4,443958400.0,14:40:00,1.4,2.4,560464600,15:10:00,1.4,2.4,815292500,15:29:00,1.3,2.5,967009800,15:34:00,1.3,2.5,967009800,15:34:00,1.3,2.5,967009800,15:34:00
201905021211,201905260511,2019-05-26,15:40:00,08,7.1,13.2,443958400.0,14:40:00,7.4,14.2,560464600,15:10:00,7.9,16.8,815292500,15:29:00,8.2,18.7,967009800,15:34:00,8.2,18.7,967009800,15:34:00,8.2,18.7,967009800,15:34:00
201905021211,201905260511,2019-05-26,15:40:00,09,7.0,13.1,443958400.0,14:40:00,7.2,13.8,560464600,15:10:00,7.7,16.3,815292500,15:29:00,7.3,16.6,967009800,15:34:00,7.3,16.6,967009800,15:34:00,7.3,16.6,967009800,15:34:00
201905021211,201905260511,2019-05-26,15:40:00,10,4.4,8.0,443958400.0,14:40:00,4.3,8.1,560464600,15:10:00,4.2,8.8,815292500,15:29:00,4.2,9.4,967009800,15:34:00,4.2,9.4,967009800,15:34:00,4.2,9.4,967009800,15:34:00
201905021211,201905260511,2019-05-26,15:40:00,11,6.7,12.6,443958400.0,14:40:00,6.9,13.3,560464600,15:10:00,7.3,15.5,815292500,15:29:00,7.5,16.9,967009800,15:34:00,7.5,16.9,967009800,15:34:00,7.5,16.9,967009800,15:34:00
201905021211,201905260511,2019-05-26,15:40:00,12,3.0,5.3,443958400.0,14:40:00,3.1,5.7,560464600,15:10:00,3.2,6.5,815292500,15:29:00,3.3,7.0,967009800,15:34:00,3.3,7.0,967009800,15:34:00,3.3,7.0,967009800,15:34:00
201905021211,201905260511,2019-05-26,15:40:00,13,1.4,2.2,443958400.0,14:40:00,1.4,2.2,560464600,15:10:00,1.3,2.2,815292500,15:29:00,1.2,2.1,967009800,15:34:00,1.2,2.1,967009800,15:34:00,1.2,2.1,967009800,15:34:00
201905021211,201905260511,2019-05-26,15:40:00,14,3.1,5.6,443958400.0,14:40:00,3.1,5.8,560464600,15:10:00,3.1,6.3,815292500,15:29:00,3.1,6.7,967009800,15:34:00,3.1,6.7,967009800,15:34:00,3.1,6.7,967009800,15:34:00
201905021211,201905260511,2019-05-26,15:40:00,15,4.4,8.2,443958400.0,14:40:00,4.5,8.4,560464600,15:10:00,4.7,9.8,815292500,15:29:00,4.9,10.8,967009800,15:34:00,4.9,10.8,967009800,15:34:00,4.9,10.8,967009800,15:34:00
201905021211,201905260511,2019-05-26,15:40:00,16,10.4,19.8,443958400.0,14:40:00,10.9,21.2,560464600,15:10:00,12.1,26.2,815292500,15:29:00,12.6,29.1,967009800,15:34:00,12.6,29.1,967009800,15:34:00,12.6,29.1,967009800,15:34:00
201905021211,201905260511,2019-05-26,15:40:00,17,24.9,47.8,443958400.0,14:40:00,25.9,51.0,560464600,15:10:00,28.5,62.2,815292500,15:29:00,29.4,68.6,967009800,15:34:00,29.4,68.6,967009800,15:34:00,29.4,68.6,967009800,15:34:00
201905021211,201905260511,2019-05-26,15:40:00,18,5.9,11.0,443958400.0,14:40:00,5.6,10.6,560464600,15:10:00,5.6,11.7,815292500,15:29:00,5.6,12.5,967009800,15:34:00,5.6,12.5,967009800,15:34:00,5.6,12.5,967009800,15:34:00
201905021212,201905260512,2019-05-26,17:00:00,01,4.0,6.2,75581700.0,15:56:00,4.2,6.6,134582400,16:26:00,4.1,6.4,198874500,16:49:00,3.7,5.8,251353800,16:54:00,3.7,5.8,251353800,16:54:00,3.7,5.8,251353800,16:54:00
201905021212,201905260512,2019-05-26,17:00:00,02,8.5,13.5,75581700.0,15:56:00,10.1,16.2,134582400,16:26:00,11.9,18.8,198874500,16:49:00,13.6,21.5,251353800,16:54:00,13.6,21.5,251353800,16:54:00,13.6,21.5,251353800,16:54:00
201905021212,201905260512,2019-05-26,17:00:00,03,3.2,5.0,75581700.0,15:56:00,3.4,5.3,134582400,16:26:00,3.0,4.6,198874500,16:49:00,3.1,4.8,251353800,16:54:00,3.1,4.8,251353800,16:54:00,3.1,4.8,251353800,16:54:00
201905021212,201905260512,2019-05-26,17:00:00,04,1.5,2.0,75581700.0,15:56:00,1.5,2.0,134582400,16:26:00,1.4,1.9,198874500,16:49:00,1.5,1.9,251353800,16:54:00,1.5,1.9,251353800,16:54:00,1.5,1.9,251353800,16:54:00
201905021212,201905260512,2019-05-26,17:00:00,05,2.6,4.0,75581700.0,15:56:00,2.4,3.7,134582400,16:26:00,2.8,4.2,198874500,16:49:00,2.8,4.3,251353800,16:54:00,2.8,4.3,251353800,16:54:00,2.8,4.3,251353800,16:54:00
201905021212,201905260512,2019-05-26,17:00:00,06,1.3,1.6,75581700.0,15:56:00,1.3,1.6,134582400,16:26:00,1.3,1.7,198874500,16:49:00,1.3,1.7,251353800,16:54:00,1.3,1.7,251353800,16:54:00,1.3,1.7,251353800,16:54:00
201905021212,201905260512,2019-05-26,17:00:00,07,2.9,4.5,75581700.0,15:56:00,3.1,4.8,134582400,16:26:00,2.7,4.1,198874500,16:49:00,2.7,4.1,251353800,16:54:00,2.7,4.1,251353800,16:54:00,2.7,4.1,251353800,16:54:00
201905021212,201905260512,2019-05-26,17:00:00,08,5.2,8.2,75581700.0,15:56:00,5.1,8.2,134582400,16:26:00,5.6,8.9,198874500,16:49:00,5.7,9.0,251353800,16:54:00,5.7,9.0,251353800,16:54:00,5.7,9.0,251353800,16:54:00
201905021212,201905260512,2019-05-26,17:00:00,09,5.3,8.4,75581700.0,15:56:00,5.9,9.5,134582400,16:26:00,6.1,9.6,198874500,16:49:00,6.0,9.5,251353800,16:54:00,6.0,9.5,251353800,16:54:00,6.0,9.5,251353800,16:54:00
201905021212,201905260512,2019-05-26,17:00:00,10,1.9,2.9,75581700.0,15:56:00,1.9,2.8,134582400,16:26:00,1.8,2.7,198874500,16:49:00,1.8,2.7,251353800,16:54:00,1.8,2.7,251353800,16:54:00,1.8,2.7,251353800,16:54:00
201905021212,201905260512,2019-05-26,17:00:00,11,2.8,4.3,75581700.0,15:56:00,3.0,4.6,134582400,16:26:00,3.3,5.1,198874500,16:49:00,3.5,5.4,251353800,16:54:00,3.5,5.4,251353800,16:54:00,3.5,5.4,251353800,16:54:00
201905021212,201905260512,2019-05-26,17:00:00,12,2.6,3.9,75581700.0,15:56:00,2.3,3.4,134582400,16:26:00,2.3,3.4,198874500,16:49:00,2.2,3.2,251353800,16:54:00,2.2,3.2,251353800,16:54:00,2.2,3.2,251353800,16:54:00
201905021212,201905260512,2019-05-26,17:00:00,13,12.3,19.5,75581700.0,15:56:00,14.0,22.4,134582400,16:26:00,15.2,24.1,198874500,16:49:00,14.8,23.4,251353800,16:54:00,14.8,23.4,251353800,16:54:00,14.8,23.4,251353800,16:54:00
201908030501,201905040801,2019-05-04,10:05:00,01,14.1,23.7,6440000.0,09:05:00,13.8,22.6,9945400,09:35:00,16.1,27.3,20837600,09:54:00,19.2,33.8,32431700,10:00:00,19.2,33.8,32431700,10:00:00,19.2,33.8,32431700,10:00:00
201908030501,201905040801,2019-05-04,10:05:00,02,17.4,29.5,6440000.0,09:05:00,16.9,27.9,9945400,09:35:00,17.4,29.7,20837600,09:54:00,18.4,32.4,32431700,10:00:00,18.4,32.4,32431700,10:00:00,18.4,32.4,32431700,10:00:00
201908030501,201905040801,2019-05-04,10:05:00,03,6.2,10.3,6440000.0,09:05:00,6.0,9.6,9945400,09:35:00,5.2,8.6,20837600,09:54:00,4.5,7.7,32431700,10:00:00,4.5,7.7,32431700,10:00:00,4.5,7.7,32431700,10:00:00
201908030501,201905040801,2019-05-04,10:05:00,04,24.6,41.6,6440000.0,09:05:00,22.8,37.6,9945400,09:35:00,24.1,41.2,20837600,09:54:00,25.7,45.5,32431700,10:00:00,25.7,45.5,32431700,10:00:00,25.7,45.5,32431700,10:00:00
201908030501,201905040801,2019-05-04,10:05:00,05,2.8,4.4,6440000.0,09:05:00,3.0,4.7,9945400,09:35:00,2.9,4.7,20837600,09:54:00,3.0,4.9,32431700,10:00:00,3.0,4.9,32431700,10:00:00,3.0,4.9,32431700,10:00:00
201908030501,201905040801,2019-05-04,10:05:00,06,1.4,2.0,6440000.0,09:05:00,1.4,1.9,9945400,09:35:00,1.4,2.0,20837600,09:54:00,1.4,2.0,32431700,10:00:00,1.4,2.0,32431700,10:00:00,1.4,2.0,32431700,10:00:00
201908030501,201905040801,2019-05-04,10:05:00,07,39.7,67.5,6440000.0,09:05:00,37.1,61.5,9945400,09:35:00,39.1,67.0,20837600,09:54:00,43.5,77.2,32431700,10:00:00,43.5,77.2,32431700,10:00:00,43.5,77.2,32431700,10:00:00
201908030501,201905040801,2019-05-04,10:05:00,08,4.0,6.5,6440000.0,09:05:00,3.6,5.7,9945400,09:35:00,3.5,5.6,20837600,09:54:00,3.6,6.0,32431700,10:00:00,3.6,6.0,32431700,10:00:00,3.6,6.0,32431700,10:00:00
201908030501,201905040801,2019-05-04,10:05:00,09,8.9,14.8,6440000.0,09:05:00,8.1,13.2,9945400,09:35:00,7.7,13.0,20837600,09:54:00,8.6,14.9,32431700,10:00:00,8.6,14.9,32431700,10:00:00,8.6,14.9,32431700,10:00:00
201908030501,201905040801,2019-05-04,10:05:00,10,39.0,66.2,6440000.0,09:05:00,34.9,57.8,9945400,09:35:00,39.1,67.0,20837600,09:54:00,43.1,76.5,32431700,10:00:00,43.1,76.5,32431700,10:00:00,43.1,76.5,32431700,10:00:00
201908030501,201905040801,2019-05-04,10:05:00,11,1.2,1.6,6440000.0,09:05:00,1.3,1.7,9945400,09:35:00,1.2,1.6,20837600,09:54:00,1.1,1.5,32431700,10:00:00,1.1,1.5,32431700,10:00:00,1.1,1.5,32431700,10:00:00
201908030501,201905040801,2019-05-04,10:05:00,12,2.8,4.5,6440000.0,09:05:00,3.0,4.7,9945400,09:35:00,3.1,5.0,20837600,09:54:00,3.5,5.9,32431700,10:00:00,3.5,5.9,32431700,10:00:00,3.5,5.9,32431700,10:00:00
201908030501,201905040801,2019-05-04,10:05:00,13,2.4,3.7,6440000.0,09:05:00,2.3,3.4,9945400,09:35:00,2.1,3.2,20837600,09:54:00,1.8,2.9,32431700,10:00:00,1.8,2.9,32431700,10:00:00,1.8,2.9,32431700,10:00:00
201908030501,201905040801,2019-05-04,10:05:00,14,3.1,4.9,6440000.0,09:05:00,3.3,5.2,9945400,09:35:00,3.8,6.2,20837600,09:54:00,4.1,6.9,32431700,10:00:00,4.1,6.9,32431700,10:00:00,4.1,6.9,32431700,10:00:00
201908030501,201905040801,2019-05-04,10:05:00,15,36.8,62.4,6440000.0,09:05:00,37.9,62.8,9945400,09:35:00,43.1,73.9,20837600,09:54:00,48.4,85.9,32431700,10:00:00,48.4,85.9,32431700,10:00:00,48.4,85.9,32431700,10:00:00
201908030501,201905040801,2019-05-04,10:05:00,16,1.4,2.0,6440000.0,09:05:00,1.3,1.9,9945400,09:35:00,1.3,1.9,20837600,09:54:00,1.4,2.1,32431700,10:00:00,1.4,2.1,32431700,10:00:00,1.4,2.1,32431700,10:00:00
201908030502,201905040802,2019-05-04,10:35:00,01,5.0,7.4,2217400.0,09:28:00,5.0,7.4,3500500,10:04:00,4.8,8.3,9314800,10:24:00,5.6,9.7,17783200,10:30:00,5.6,9.7,17783200,10:30:00,5.6,9.7,17783200,10:30:00
201908030502,201905040802,2019-05-04,10:35:00,02,2.4,3.5,2217400.0,09:28:00,2.3,3.3,3500500,10:04:00,1.9,3.0,9314800,10:24:00,1.8,2.9,17783200,10:30:00,1.8,2.9,17783200,10:30:00,1.8,2.9,17783200,10:30:00
201908030502,201905040802,2019-05-04,10:35:00,03,1.8,2.6,2217400.0,09:28:00,1.8,2.6,3500500,10:04:00,1.7,2.8,9314800,10:24:00,1.6,2.6,17783200,10:30:00,1.6,2.6,17783200,10:30:00,1.6,2.6,17783200,10:30:00
201908030502,201905040802,2019-05-04,10:35:00,04,7.2,10.8,2217400.0,09:28:00,5.7,8.6,3500500,10:04:00,6.7,11.8,9314800,10:24:00,8.5,15.1,17783200,10:30:00,8.5,15.1,17783200,10:30:00,8.5,15.1,17783200,10:30:00
201908030502,201905040802,2019-05-04,10:35:00,05,1.4,1.9,2217400.0,09:28:00,1.5,1.9,3500500,10:04:00,1.5,2.1,9314800,10:24:00,1.4,2.0,17783200,10:30:00,1.4,2.0,17783200,10:30:00,1.4,2.0,17783200,10:30:00
201908030502,201905040802,2019-05-04,10:35:00,06,7.4,11.2,2217400.0,09:28:00,5.5,8.2,3500500,10:04:00,8.0,14.1,9314800,10:24:00,11.9,21.2,17783200,10:30:00,11.9,21.2,17783200,10:30:00,11.9,21.2,17783200,10:30:00
201908030502,201905040802,2019-05-04,10:35:00,07,2.0,2.8,2217400.0,09:28:00,2.1,3.0,3500500,10:04:00,1.9,3.1,9314800,10:24:00,1.9,3.0,17783200,10:30:00,1.9,3.0,17783200,10:30:00,1.9,3.0,17783200,10:30:00
201908030502,201905040802,2019-05-04,10:35:00,08,18.8,28.3,2217400.0,09:28:00,19.1,28.6,3500500,10:04:00,22.3,39.4,9314800,10:24:00,23.5,42.0,17783200,10:30:00,23.5,42.0,17783200,10:30:00,23.5,42.0,17783200,10:30:00
201908030502,201905040802,2019-05-04,10:35:00,09,1.5,2.1,2217400.0,09:28:00,1.7,2.3,3500500,10:04:00,1.9,3.0,9314800,10:24:00,2.0,3.2,17783200,10:30:00,2.0,3.2,17783200,10:30:00,2.0,3.2,17783200,10:30:00
201908030502,201905040802,2019-05-04,10:35:00,10,6.8,10.2,2217400.0,09:28:00,6.5,9.7,3500500,10:04:00,6.6,11.5,9314800,10:24:00,6.1,10.6,17783200,10:30:00,6.1,10.6,17783200,10:30:00,6.1,10.6,17783200,10:30:00
201908030502,201905040802,2019-05-04,10:35:00,11,6.7,10.0,2217400.0,09:28:00,6.3,9.4,3500500,10:04:00,8.2,14.5,9314800,10:24:00,11.0,19.6,17783200,10:30:00,11.0,19.6,17783200,10:30:00,11.0,19.6,17783200,10:30:00
201908030502,201905040802,2019-05-04,10:35:00,12,1.4,1.8,2217400.0,09:28:00,1.4,1.8,3500500,10:04:00,1.1,1.3,9314800,10:24:00,1.1,1.4,17783200,10:30:00,1.1,1.4,17783200,10:30:00,1.1,1.4,17783200,10:30:00
201908030503,201905040803,2019-05-04,11:05:00,01,1.6,2.2,4788300.0,10:05:00,1.5,2.1,6993000,10:35:00,1.3,1.9,14793600,10:54:00,1.3,2.0,21596000,10:59:00,1.3,2.0,21596000,10:59:00,1.3,2.0,21596000,10:59:00
201908030503,201905040803,2019-05-04,11:05:00,02,3.0,4.3,4788300.0,10:05:00,3.3,5.0,6993000,10:35:00,2.7,4.3,14793600,10:54:00,2.5,4.1,21596000,10:59:00,2.5,4.1,21596000,10:59:00,2.5,4.1,21596000,10:59:00
201908030503,201905040803,2019-05-04,11:05:00,03,9.3,13.7,4788300.0,10:05:00,9.0,14.3,6993000,10:35:00,10.7,18.3,14793600,10:54:00,11.1,19.4,21596000,10:59:00,11.1,19.4,21596000,10:59:00,11.1,19.4,21596000,10:59:00
201908030503,201905040803,2019-05-04,11:05:00,04,15.5,23.1,4788300.0,10:05:00,17.5,28.0,6993000,10:35:00,17.9,30.8,14793600,10:54:00,20.5,36.1,21596000,10:59:00,20.5,36.1,21596000,10:59:00,20.5,36.1,21596000,10:59:00
201908030503,201905040803,2019-05-04,11:05:00,05,5.8,8.6,4788300.0,10:05:00,6.3,9.9,6993000,10:35:00,8.3,14.1,14793600,10:54:00,8.9,15.4,21596000,10:59:00,8.9,15.4,21596000,10:59:00,8.9,15.4,21596000,10:59:00
201908030503,201905040803,2019-05-04,11:05:00,06,15.6,23.3,4788300.0,10:05:00,10.9,17.3,6993000,10:35:00,15.9,27.4,14793600,10:54:00,17.7,31.1,21596000,10:59:00,17.7,31.1,21596000,10:59:00,17.7,31.1,21596000,10:59:00
201908030503,201905040803,2019-05-04,11:05:00,07,8.0,11.8,4788300.0,10:05:00,8.5,13.5,6993000,10:35:00,8.8,14.9,14793600,10:54:00,8.6,15.0,21596000,10:59:00,8.6,15.0,21596000,10:59:00,8.6,15.0,21596000,10:59:00
201908030503,201905040803,2019-05-04,11:05:00,08,8.1,12.0,4788300.0,10:05:00,8.6,13.7,6993000,10:35:00,9.0,15.3,14793600,10:54:00,9.2,16.1,21596000,10:59:00,9.2,16.1,21596000,10:59:00,9.2,16.1,21596000,10:59:00
201908030503,201905040803,2019-05-04,11:05:00,09,1.6,2.2,4788300.0,10:05:00,1.7,2.4,6993000,10:35:00,2.0,3.2,14793600,10:54:00,1.9,3.1,21596000,10:59:00,1.9,3.1,21596000,10:59:00,1.9,3.1,21596000,10:59:00
201908030503,201905040803,2019-05-04,11:05:00,10,1.5,1.9,4788300.0,10:05:00,1.3,1.7,6993000,10:35:00,1.2,1.6,14793600,10:54:00,1.2,1.6,21596000,10:59:00,1.2,1.6,21596000,10:59:00,1.2,1.6,21596000,10:59:00
201908030503,201905040803,2019-05-04,11:05:00,11,19.7,29.4,4788300.0,10:05:00,22.2,35.6,6993000,10:35:00,22.6,38.9,14793600,10:54:00,25.5,45.0,21596000,10:59:00,25.5,45.0,21596000,10:59:00,25.5,45.0,21596000,10:59:00
201908030503,201905040803,2019-05-04,11:05:00,12,5.6,8.1,4788300.0,10:05:00,6.0,9.5,6993000,10:35:00,7.0,11.7,14793600,10:54:00,7.2,12.5,21596000,10:59:00,7.2,12.5,21596000,10:59:00,7.2,12.5,21596000,10:59:00
201908030503,201905040803,2019-05-04,11:05:00,13,36.4,54.4,4788300.0,10:05:00,39.3,63.2,6993000,10:35:00,51.6,89.1,14793600,10:54:00,47.0,83.1,21596000,10:59:00,47.0,83.1,21596000,10:59:00,47.0,83.1,21596000,10:59:00
201908030503,201905040803,2019-05-04,11:05:00,14,4.1,5.9,4788300.0,10:05:00,3.7,5.8,6993000,10:35:00,3.8,6.3,14793600,10:54:00,4.0,6.8,21596000,10:59:00,4.0,6.8,21596000,10:59:00,4.0,6.8,21596000,10:59:00
201908030503,201905040803,2019-05-04,11:05:00,15,3.8,5.5,4788300.0,10:05:00,4.2,6.4,6993000,10:35:00,3.7,6.1,14793600,10:54:00,3.7,6.2,21596000,10:59:00,3.7,6.2,21596000,10:59:00,3.7,6.2,21596000,10:59:00
201908030503,201905040803,2019-05-04,11:05:00,16,1.6,2.1,4788300.0,10:05:00,1.5,2.1,6993000,10:35:00,1.3,1.8,14793600,10:54:00,1.2,1.7,21596000,10:59:00,1.2,1.7,21596000,10:59:00,1.2,1.7,21596000,10:59:00
201908030503,201905040803,2019-05-04,11:05:00,17,23.2,34.7,4788300.0,10:05:00,25.3,40.7,6993000,10:35:00,33.4,57.7,14793600,10:54:00,33.8,59.8,21596000,10:59:00,33.8,59.8,21596000,10:59:00,33.8,59.8,21596000,10:59:00
201908030504,201905040804,2019-05-04,11:35:00,01,13.1,25.3,2547400.0,10:30:00,13.3,25.4,3153900,11:01:00,20.5,36.4,8908700,11:24:00,24.8,50.1,16336800,11:29:00,24.8,50.1,16336800,11:29:00,24.8,50.1,16336800,11:29:00
201908030504,201905040804,2019-05-04,11:35:00,02,8.0,15.5,2547400.0,10:30:00,8.6,16.4,3153900,11:01:00,13.1,23.1,8908700,11:24:00,16.4,33.0,16336800,11:29:00,16.4,33.0,16336800,11:29:00,16.4,33.0,16336800,11:29:00
201908030504,201905040804,2019-05-04,11:35:00,03,1.1,1.4,2547400.0,10:30:00,1.1,1.4,3153900,11:01:00,1.2,1.5,8908700,11:24:00,1.1,1.3,16336800,11:29:00,1.1,1.3,16336800,11:29:00,1.1,1.3,16336800,11:29:00
201908030504,201905040804,2019-05-04,11:35:00,04,2.6,4.8,2547400.0,10:30:00,2.5,4.5,3153900,11:01:00,2.4,4.0,8908700,11:24:00,2.3,4.3,16336800,11:29:00,2.3,4.3,16336800,11:29:00,2.3,4.3,16336800,11:29:00
201908030504,201905040804,2019-05-04,11:35:00,05,1.9,3.4,2547400.0,10:30:00,2.1,3.7,3153900,11:01:00,2.1,3.4,8908700,11:24:00,1.9,3.4,16336800,11:29:00,1.9,3.4,16336800,11:29:00,1.9,3.4,16336800,11:29:00
201908030504,201905040804,2019-05-04,11:35:00,06,8.0,15.5,2547400.0,10:30:00,8.3,15.8,3153900,11:01:00,11.4,20.2,8908700,11:24:00,12.3,24.7,16336800,11:29:00,12.3,24.7,16336800,11:29:00,12.3,24.7,16336800,11:29:00
201908030504,201905040804,2019-05-04,11:35:00,07,2.7,5.0,2547400.0,10:30:00,2.9,5.2,3153900,11:01:00,3.5,5.8,8908700,11:24:00,3.6,6.9,16336800,11:29:00,3.6,6.9,16336800,11:29:00,3.6,6.9,16336800,11:29:00
201908030504,201905040804,2019-05-04,11:35:00,08,10.2,19.7,2547400.0,10:30:00,11.1,21.2,3153900,11:01:00,15.5,27.5,8908700,11:24:00,18.4,37.0,16336800,11:29:00,18.4,37.0,16336800,11:29:00,18.4,37.0,16336800,11:29:00
201908030504,201905040804,2019-05-04,11:35:00,09,1.2,1.7,2547400.0,10:30:00,1.2,1.7,3153900,11:01:00,1.3,1.8,8908700,11:24:00,1.2,1.7,16336800,11:29:00,1.2,1.7,16336800,11:29:00,1.2,1.7,16336800,11:29:00
201908030504,201905040804,2019-05-04,11:35:00,10,6.0,11.4,2547400.0,10:30:00,5.8,10.9,3153900,11:01:00,6.5,11.2,8908700,11:24:00,6.2,12.2,16336800,11:29:00,6.2,12.2,16336800,11:29:00,6.2,12.2,16336800,11:29:00
201908030504,201905040804,2019-05-04,11:35:00,11,2.9,5.2,2547400.0,10:30:00,2.9,5.2,3153900,11:01:00,2.5,4.0,8908700,11:24:00,2.4,4.5,16336800,11:29:00,2.4,4.5,16336800,11:29:00,2.4,4.5,16336800,11:29:00
201908030504,201905040804,2019-05-04,11:35:00,12,3.5,6.5,2547400.0,10:30:00,3.3,6.0,3153900,11:01:00,4.0,6.7,8908700,11:24:00,3.7,7.1,16336800,11:29:00,3.7,7.1,16336800,11:29:00,3.7,7.1,16336800,11:29:00
201908030504,201905040804,2019-05-04,11:35:00,13,1.8,3.0,2547400.0,10:30:00,1.6,2.8,3153900,11:01:00,1.4,2.2,8908700,11:24:00,1.5,2.6,16336800,11:29:00,1.5,2.6,16336800,11:29:00,1.5,2.6,16336800,11:29:00
201908030505,201905040805,2019-05-04,12:25:00,01,2.5,3.1,5177800.0,11:23:00,2.9,3.8,8558000,11:51:00,3.0,4.1,21637400,12:14:00,2.9,4.0,28684100,12:19:00,2.9,4.0,28684100,12:19:00,2.9,4.0,28684100,12:19:00
201908030505,201905040805,2019-05-04,12:25:00,02,2.3,2.8,5177800.0,11:23:00,2.1,2.7,8558000,11:51:00,1.9,2.5,21637400,12:14:00,1.9,2.6,28684100,12:19:00,1.9,2.6,28684100,12:19:00,1.9,2.6,28684100,12:19:00
201908030505,201905040805,2019-05-04,12:25:00,03,4.2,5.2,5177800.0,11:23:00,4.0,5.3,8558000,11:51:00,3.0,4.1,21637400,12:14:00,2.8,4.0,28684100,12:19:00,2.8,4.0,28684100,12:19:00,2.8,4.0,28684100,12:19:00
201908030505,201905040805,2019-05-04,12:25:00,04,6.2,7.8,5177800.0,11:23:00,6.1,8.1,8558000,11:51:00,5.5,7.7,21637400,12:14:00,5.5,7.8,28684100,12:19:00,5.5,7.8,28684100,12:19:00,5.5,7.8,28684100,12:19:00
201908030505,201905040805,2019-05-04,12:25:00,05,2.6,3.2,5177800.0,11:23:00,2.0,2.5,8558000,11:51:00,1.8,2.4,21637400,12:14:00,1.8,2.4,28684100,12:19:00,1.8,2.4,28684100,12:19:00,1.8,2.4,28684100,12:19:00
201908030505,201905040805,2019-05-04,12:25:00,06,4.1,5.1,5177800.0,11:23:00,4.9,6.5,8558000,11:51:00,4.7,6.6,21637400,12:14:00,4.8,6.8,28684100,12:19:00,4.8,6.8,28684100,12:19:00,4.8,6.8,28684100,12:19:00
201908030505,201905040805,2019-05-04,12:25:00,07,11.1,13.9,5177800.0,11:23:00,13.0,17.3,8558000,11:51:00,19.2,27.5,21637400,12:14:00,17.9,26.1,28684100,12:19:00,17.9,26.1,28684100,12:19:00,17.9,26.1,28684100,12:19:00
201908030505,201905040805,2019-05-04,12:25:00,08,7.8,9.7,5177800.0,11:23:00,8.3,11.2,8558000,11:51:00,12.5,17.9,21637400,12:14:00,13.8,20.1,28684100,12:19:00,13.8,20.1,28684100,12:19:00,13.8,20.1,28684100,12:19:00
201908030505,201905040805,2019-05-04,12:25:00,09,2.5,3.0,5177800.0,11:23:00,2.4,3.1,8558000,11:51:00,2.1,2.9,21637400,12:14:00,2.2,3.0,28684100,12:19:00,2.2,3.0,28684100,12:19:00,2.2,3.0,28684100,12:19:00
201908030505,201905040805,2019-05-04,12:25:00,10,3.8,4.7,5177800.0,11:23:00,3.9,5.1,8558000,11:51:00,5.4,7.7,21637400,12:14:00,5.8,8.3,28684100,12:19:00,5.8,8.3,28684100,12:19:00,5.8,8.3,28684100,12:19:00
201908030505,201905040805,2019-05-04,12:25:00,11,2.0,2.4,5177800.0,11:23:00,1.7,2.1,8558000,11:51:00,1.5,1.8,21637400,12:14:00,1.5,1.8,28684100,12:19:00,1.5,1.8,28684100,12:19:00,1.5,1.8,28684100,12:19:00
201908030505,201905040805,2019-05-04,12:25:00,12,9.5,11.9,5177800.0,11:23:00,9.6,12.9,8558000,11:51:00,9.4,13.5,21637400,12:14:00,9.3,13.5,28684100,12:19:00,9.3,13.5,28684100,12:19:00,9.3,13.5,28684100,12:19:00
201908030505,201905040805,2019-05-04,12:25:00,13,4.3,5.3,5177800.0,11:23:00,5.6,7.5,8558000,11:51:00,8.1,11.5,21637400,12:14:00,8.8,12.8,28684100,12:19:00,8.8,12.8,28684100,12:19:00,8.8,12.8,28684100,12:19:00
201908030505,201905040805,2019-05-04,12:25:00,14,3.0,3.7,5177800.0,11:23:00,2.8,3.6,8558000,11:51:00,3.1,4.3,21637400,12:14:00,2.9,4.1,28684100,12:19:00,2.9,4.1,28684100,12:19:00,2.9,4.1,28684100,12:19:00
201908030505,201905040805,2019-05-04,12:25:00,15,8.3,10.4,5177800.0,11:23:00,9.1,12.2,8558000,11:51:00,10.0,14.3,21637400,12:14:00,10.3,15.1,28684100,12:19:00,10.3,15.1,28684100,12:19:00,10.3,15.1,28684100,12:19:00
201908030505,201905040805,2019-05-04,12:25:00,16,6.9,8.6,5177800.0,11:23:00,7.4,9.9,8558000,11:51:00,9.1,13.1,21637400,12:14:00,9.1,13.3,28684100,12:19:00,9.1,13.3,28684100,12:19:00,9.1,13.3,28684100,12:19:00
201908030506,201905040806,2019-05-04,12:55:00,01,2.3,10.0,8312000.0,11:53:00,2.3,11.8,13276600,12:23:00,3.4,17.4,32492500,12:44:00,3.0,15.9,54962100,12:49:00,3.0,15.9,54962100,12:49:00,3.0,15.9,54962100,12:49:00
201908030506,201905040806,2019-05-04,12:55:00,02,1.1,1.1,8312000.0,11:53:00,1.1,1.1,13276600,12:23:00,1.1,1.1,32492500,12:44:00,1.1,1.1,54962100,12:49:00,1.1,1.1,54962100,12:49:00,1.1,1.1,54962100,12:49:00
201908030506,201905040806,2019-05-04,12:55:00,03,2.9,12.7,8312000.0,11:53:00,3.0,15.9,13276600,12:23:00,2.1,9.8,32492500,12:44:00,4.5,25.1,54962100,12:49:00,4.5,25.1,54962100,12:49:00,4.5,25.1,54962100,12:49:00
201908030506,201905040806,2019-05-04,12:55:00,04,4.0,18.2,8312000.0,11:53:00,3.9,21.3,13276600,12:23:00,4.7,25.4,32492500,12:44:00,4.4,24.2,54962100,12:49:00,4.4,24.2,54962100,12:49:00,4.4,24.2,54962100,12:49:00
201908030506,201905040806,2019-05-04,12:55:00,05,1.5,5.4,8312000.0,11:53:00,1.4,6.0,13276600,12:23:00,1.2,4.5,32492500,12:44:00,1.2,4.8,54962100,12:49:00,1.2,4.8,54962100,12:49:00,1.2,4.8,54962100,12:49:00
201908030506,201905040806,2019-05-04,12:55:00,06,9.6,46.5,8312000.0,11:53:00,10.6,61.4,13276600,12:23:00,12.8,72.2,32492500,12:44:00,15.4,90.9,54962100,12:49:00,15.4,90.9,54962100,12:49:00,15.4,90.9,54962100,12:49:00
201908030506,201905040806,2019-05-04,12:55:00,07,2.5,10.7,8312000.0,11:53:00,2.4,12.0,13276600,12:23:00,2.1,9.9,32492500,12:44:00,1.7,7.8,54962100,12:49:00,1.7,7.8,54962100,12:49:00,1.7,7.8,54962100,12:49:00
201908030506,201905040806,2019-05-04,12:55:00,08,1.8,7.4,8312000.0,11:53:00,1.9,9.2,13276600,12:23:00,1.9,8.9,32492500,12:44:00,1.9,9.4,54962100,12:49:00,1.9,9.4,54962100,12:49:00,1.9,9.4,54962100,12:49:00
201908030506,201905040806,2019-05-04,12:55:00,09,1.4,4.8,8312000.0,11:53:00,1.3,5.3,13276600,12:23:00,1.5,6.2,32492500,12:44:00,1.4,5.8,54962100,12:49:00,1.4,5.8,54962100,12:49:00,1.4,5.8,54962100,12:49:00
201908030506,201905040806,2019-05-04,12:55:00,10,8.2,39.3,8312000.0,11:53:00,9.1,52.1,13276600,12:23:00,9.6,53.5,32492500,12:44:00,10.9,63.8,54962100,12:49:00,10.9,63.8,54962100,12:49:00,10.9,63.8,54962100,12:49:00
201908030507,201905040807,2019-05-04,13:25:00,01,1.6,2.5,2872700.0,12:23:00,1.5,2.3,3830500,12:53:00,1.3,1.9,9614400,13:14:00,1.3,2.1,17104000,13:19:00,1.3,2.1,17104000,13:19:00,1.3,2.1,17104000,13:19:00
201908030507,201905040807,2019-05-04,13:25:00,02,2.8,4.8,2872700.0,12:23:00,2.8,5.0,3830500,12:53:00,1.8,3.0,9614400,13:14:00,1.8,3.2,17104000,13:19:00,1.8,3.2,17104000,13:19:00,1.8,3.2,17104000,13:19:00
201908030507,201905040807,2019-05-04,13:25:00,03,5.8,10.4,2872700.0,12:23:00,6.8,12.6,3830500,12:53:00,8.1,15.0,9614400,13:14:00,9.7,18.6,17104000,13:19:00,9.7,18.6,17104000,13:19:00,9.7,18.6,17104000,13:19:00
201908030507,201905040807,2019-05-04,13:25:00,04,3.7,6.6,2872700.0,12:23:00,4.1,7.5,3830500,12:53:00,5.2,9.6,9614400,13:14:00,3.9,7.4,17104000,13:19:00,3.9,7.4,17104000,13:19:00,3.9,7.4,17104000,13:19:00
201908030507,201905040807,2019-05-04,13:25:00,05,2.8,4.7,2872700.0,12:23:00,2.4,4.3,3830500,12:53:00,3.4,6.0,9614400,13:14:00,3.0,5.5,17104000,13:19:00,3.0,5.5,17104000,13:19:00,3.0,5.5,17104000,13:19:00
201908030507,201905040807,2019-05-04,13:25:00,06,2.1,3.5,2872700.0,12:23:00,1.9,3.2,3830500,12:53:00,1.4,2.2,9614400,13:14:00,1.4,2.3,17104000,13:19:00,1.4,2.3,17104000,13:19:00,1.4,2.3,17104000,13:19:00
201908030507,201905040807,2019-05-04,13:25:00,07,1.1,1.2,2872700.0,12:23:00,1.1,1.2,3830500,12:53:00,1.1,1.3,9614400,13:14:00,1.1,1.2,17104000,13:19:00,1.1,1.2,17104000,13:19:00,1.1,1.2,17104000,13:19:00
201908030507,201905040807,2019-05-04,13:25:00,08,4.0,7.1,2872700.0,12:23:00,3.9,7.3,3830500,12:53:00,3.6,6.5,9614400,13:14:00,3.6,6.8,17104000,13:19:00,3.6,6.8,17104000,13:19:00,3.6,6.8,17104000,13:19:00
201908030507,201905040807,2019-05-04,13:25:00,09,6.0,10.7,2872700.0,12:23:00,6.4,11.9,3830500,12:53:00,7.2,13.2,9614400,13:14:00,9.0,17.2,17104000,13:19:00,9.0,17.2,17104000,13:19:00,9.0,17.2,17104000,13:19:00
201908030507,201905040807,2019-05-04,13:25:00,10,3.2,5.5,2872700.0,12:23:00,3.5,6.4,3830500,12:53:00,4.6,8.3,9614400,13:14:00,5.1,9.7,17104000,13:19:00,5.1,9.7,17104000,13:19:00,5.1,9.7,17104000,13:19:00
201908030507,201905040807,2019-05-04,13:25:00,11,1.5,2.5,2872700.0,12:23:00,1.7,2.8,3830500,12:53:00,2.6,4.4,9614400,13:14:00,2.7,4.9,17104000,13:19:00,2.7,4.9,17104000,13:19:00,2.7,4.9,17104000,13:19:00
201908030508,201905040808,2019-05-04,13:55:00,01,4.9,7.3,5044500.0,12:54:00,5.3,8.0,6211300,13:19:00,6.5,10.1,13701900,13:44:00,5.8,9.1,21649000,13:49:00,5.8,9.1,21649000,13:49:00,5.8,9.1,21649000,13:49:00
201908030508,201905040808,2019-05-04,13:55:00,02,5.0,7.5,5044500.0,12:54:00,5.3,8.0,6211300,13:19:00,8.2,12.6,13701900,13:44:00,9.8,15.5,21649000,13:49:00,9.8,15.5,21649000,13:49:00,9.8,15.5,21649000,13:49:00
201908030508,201905040808,2019-05-04,13:55:00,03,1.8,2.5,5044500.0,12:54:00,1.6,2.0,6211300,13:19:00,1.5,1.9,13701900,13:44:00,1.4,1.8,21649000,13:49:00,1.4,1.8,21649000,13:49:00,1.4,1.8,21649000,13:49:00
201908030508,201905040808,2019-05-04,13:55:00,04,11.5,17.4,5044500.0,12:54:00,12.4,19.1,6211300,13:19:00,9.7,15.1,13701900,13:44:00,11.3,18.0,21649000,13:49:00,11.3,18.0,21649000,13:49:00,11.3,18.0,21649000,13:49:00
201908030508,201905040808,2019-05-04,13:55:00,05,4.3,6.4,5044500.0,12:54:00,3.9,5.7,6211300,13:19:00,3.7,5.6,13701900,13:44:00,3.2,4.9,21649000,13:49:00,3.2,4.9,21649000,13:49:00,3.2,4.9,21649000,13:49:00
201908030508,201905040808,2019-05-04,13:55:00,06,14.1,21.4,5044500.0,12:54:00,14.6,22.4,6211300,13:19:00,16.1,25.2,13701900,13:44:00,15.3,24.4,21649000,13:49:00,15.3,24.4,21649000,13:49:00,15.3,24.4,21649000,13:49:00
201908030508,201905040808,2019-05-04,13:55:00,07,5.3,7.9,5044500.0,12:54:00,5.6,8.4,6211300,13:19:00,5.6,8.5,13701900,13:44:00,5.9,9.3,21649000,13:49:00,5.9,9.3,21649000,13:49:00,5.9,9.3,21649000,13:49:00
201908030508,201905040808,2019-05-04,13:55:00,08,7.0,10.5,5044500.0,12:54:00,7.4,11.2,6211300,13:19:00,8.9,13.7,13701900,13:44:00,9.3,14.8,21649000,13:49:00,9.3,14.8,21649000,13:49:00,9.3,14.8,21649000,13:49:00
201908030508,201905040808,2019-05-04,13:55:00,09,1.3,1.6,5044500.0,12:54:00,1.4,1.8,6211300,13:19:00,1.4,1.8,13701900,13:44:00,1.4,1.8,21649000,13:49:00,1.4,1.8,21649000,13:49:00,1.4,1.8,21649000,13:49:00
201908030508,201905040808,2019-05-04,13:55:00,10,2.8,4.1,5044500.0,12:54:00,2.7,3.9,6211300,13:19:00,1.8,2.6,13701900,13:44:00,1.9,2.8,21649000,13:49:00,1.9,2.8,21649000,13:49:00,1.9,2.8,21649000,13:49:00
201908030508,201905040808,2019-05-04,13:55:00,11,2.0,2.8,5044500.0,12:54:00,1.9,2.6,6211300,13:19:00,1.9,2.8,13701900,13:44:00,1.8,2.6,21649000,13:49:00,1.8,2.6,21649000,13:49:00,1.8,2.6,21649000,13:49:00
201908030508,201905040808,2019-05-04,13:55:00,12,10.6,16.0,5044500.0,12:54:00,10.9,16.6,6211300,13:19:00,12.7,19.8,13701900,13:44:00,14.5,23.2,21649000,13:49:00,14.5,23.2,21649000,13:49:00,14.5,23.2,21649000,13:49:00
201908030508,201905040808,2019-05-04,13:55:00,13,1.8,2.5,5044500.0,12:54:00,2.0,2.8,6211300,13:19:00,2.3,3.4,13701900,13:44:00,2.3,3.4,21649000,13:49:00,2.3,3.4,21649000,13:49:00,2.3,3.4,21649000,13:49:00
201908030508,201905040808,2019-05-04,13:55:00,14,5.7,8.5,5044500.0,12:54:00,5.5,8.3,6211300,13:19:00,3.6,5.5,13701900,13:44:00,3.5,5.4,21649000,13:49:00,3.5,5.4,21649000,13:49:00,3.5,5.4,21649000,13:49:00
201908030508,201905040808,2019-05-04,13:55:00,15,13.0,19.7,5044500.0,12:54:00,14.9,22.9,6211300,13:19:00,19.7,30.8,13701900,13:44:00,22.9,36.6,21649000,13:49:00,22.9,36.6,21649000,13:49:00,22.9,36.6,21649000,13:49:00
201908030508,201905040808,2019-05-04,13:55:00,16,3.7,5.4,5044500.0,12:54:00,3.5,5.1,6211300,13:19:00,5.3,8.1,13701900,13:44:00,6.6,10.3,21649000,13:49:00,6.6,10.3,21649000,13:49:00,6.6,10.3,21649000,13:49:00
201908030509,201905040809,2019-05-04,14:25:00,01,5.2,8.6,5012400.0,13:20:00,5.5,9.2,6232900,13:54:00,5.8,10.1,13049700,14:14:00,6.5,11.9,22811900,14:19:00,6.5,11.9,22811900,14:19:00,6.5,11.9,22811900,14:19:00
201908030509,201905040809,2019-05-04,14:25:00,02,2.4,3.7,5012400.0,13:20:00,2.3,3.6,6232900,13:54:00,2.1,3.5,13049700,14:14:00,2.0,3.4,22811900,14:19:00,2.0,3.4,22811900,14:19:00,2.0,3.4,22811900,14:19:00
201908030509,201905040809,2019-05-04,14:25:00,03,1.8,2.7,5012400.0,13:20:00,1.8,2.8,6232900,13:54:00,1.6,2.6,13049700,14:14:00,1.7,2.8,22811900,14:19:00,1.7,2.8,22811900,14:19:00,1.7,2.8,22811900,14:19:00
201908030509,201905040809,2019-05-04,14:25:00,04,3.4,5.5,5012400.0,13:20:00,3.4,5.5,6232900,13:54:00,4.0,6.9,13049700,14:14:00,4.7,8.5,22811900,14:19:00,4.7,8.5,22811900,14:19:00,4.7,8.5,22811900,14:19:00
201908030509,201905040809,2019-05-04,14:25:00,05,1.6,2.2,5012400.0,13:20:00,1.5,2.2,6232900,13:54:00,1.3,1.7,13049700,14:14:00,1.3,1.8,22811900,14:19:00,1.3,1.8,22811900,14:19:00,1.3,1.8,22811900,14:19:00
201908030509,201905040809,2019-05-04,14:25:00,06,1.2,1.4,5012400.0,13:20:00,1.1,1.3,6232900,13:54:00,1.2,1.5,13049700,14:14:00,1.1,1.4,22811900,14:19:00,1.1,1.4,22811900,14:19:00,1.1,1.4,22811900,14:19:00
201908030509,201905040809,2019-05-04,14:25:00,07,10.2,16.9,5012400.0,13:20:00,10.3,17.4,6232900,13:54:00,9.6,16.8,13049700,14:14:00,11.5,21.3,22811900,14:19:00,11.5,21.3,22811900,14:19:00,11.5,21.3,22811900,14:19:00
201908030509,201905040809,2019-05-04,14:25:00,08,3.3,5.4,5012400.0,13:20:00,3.6,5.9,6232900,13:54:00,4.2,7.2,13049700,14:14:00,4.8,8.7,22811900,14:19:00,4.8,8.7,22811900,14:19:00,4.8,8.7,22811900,14:19:00
201908030509,201905040809,2019-05-04,14:25:00,09,2.0,3.1,5012400.0,13:20:00,2.1,3.3,6232900,13:54:00,2.4,4.0,13049700,14:14:00,2.8,5.0,22811900,14:19:00,2.8,5.0,22811900,14:19:00,2.8,5.0,22811900,14:19:00
201908030509,201905040809,2019-05-04,14:25:00,10,7.5,12.4,5012400.0,13:20:00,6.9,11.5,6232900,13:54:00,8.4,14.7,13049700,14:14:00,10.8,20.1,22811900,14:19:00,10.8,20.1,22811900,14:19:00,10.8,20.1,22811900,14:19:00
201908030509,201905040809,2019-05-04,14:25:00,11,2.0,3.1,5012400.0,13:20:00,2.0,3.1,6232900,13:54:00,1.7,2.8,13049700,14:14:00,1.5,2.4,22811900,14:19:00,1.5,2.4,22811900,14:19:00,1.5,2.4,22811900,14:19:00
201908030510,201905040810,2019-05-04,15:01:00,01,2.5,4.1,10796700.0,13:59:00,2.7,4.4,14500500,14:31:00,2.6,3.8,31652200,14:50:00,2.6,4.0,44492300,14:55:00,2.6,4.0,44492300,14:55:00,2.6,4.0,44492300,14:55:00
201908030510,201905040810,2019-05-04,15:01:00,02,2.9,4.7,10796700.0,13:59:00,2.8,4.6,14500500,14:31:00,2.8,4.1,31652200,14:50:00,2.7,4.1,44492300,14:55:00,2.7,4.1,44492300,14:55:00,2.7,4.1,44492300,14:55:00
201908030510,201905040810,2019-05-04,15:01:00,03,3.9,6.6,10796700.0,13:59:00,3.8,6.3,14500500,14:31:00,4.8,7.4,31652200,14:50:00,5.1,8.0,44492300,14:55:00,5.1,8.0,44492300,14:55:00,5.1,8.0,44492300,14:55:00
201908030510,201905040810,2019-05-04,15:01:00,04,12.3,20.7,10796700.0,13:59:00,13.4,22.9,14500500,14:31:00,19.6,29.9,31652200,14:50:00,22.6,35.4,44492300,14:55:00,22.6,35.4,44492300,14:55:00,22.6,35.4,44492300,14:55:00
201908030510,201905040810,2019-05-04,15:01:00,05,1.3,1.8,10796700.0,13:59:00,1.3,1.8,14500500,14:31:00,1.4,2.0,31652200,14:50:00,1.4,1.9,44492300,14:55:00,1.4,1.9,44492300,14:55:00,1.4,1.9,44492300,14:55:00
201908030510,201905040810,2019-05-04,15:01:00,06,1.9,2.9,10796700.0,13:59:00,1.8,2.8,14500500,14:31:00,1.5,2.1,31652200,14:50:00,1.6,2.2,44492300,14:55:00,1.6,2.2,44492300,14:55:00,1.6,2.2,44492300,14:55:00
201908030510,201905040810,2019-05-04,15:01:00,07,4.0,6.7,10796700.0,13:59:00,4.0,6.7,14500500,14:31:00,4.9,7.5,31652200,14:50:00,4.7,7.3,44492300,14:55:00,4.7,7.3,44492300,14:55:00,4.7,7.3,44492300,14:55:00
201908030510,201905040810,2019-05-04,15:01:00,08,6.5,11.0,10796700.0,13:59:00,6.9,11.8,14500500,14:31:00,9.2,14.0,31652200,14:50:00,9.6,15.0,44492300,14:55:00,9.6,15.0,44492300,14:55:00,9.6,15.0,44492300,14:55:00
201908030510,201905040810,2019-05-04,15:01:00,09,1.2,1.5,10796700.0,13:59:00,1.2,1.5,14500500,14:31:00,1.3,1.7,31652200,14:50:00,1.3,1.7,44492300,14:55:00,1.3,1.7,44492300,14:55:00,1.3,1.7,44492300,14:55:00
201908030510,201905040810,2019-05-04,15:01:00,10,3.9,6.6,10796700.0,13:59:00,4.5,7.7,14500500,14:31:00,5.1,7.8,31652200,14:50:00,5.3,8.4,44492300,14:55:00,5.3,8.4,44492300,14:55:00,5.3,8.4,44492300,14:55:00
201908030510,201905040810,2019-05-04,15:01:00,11,1.9,2.9,10796700.0,13:59:00,1.8,2.8,14500500,14:31:00,1.8,2.6,31652200,14:50:00,1.7,2.4,44492300,14:55:00,1.7,2.4,44492300,14:55:00,1.7,2.4,44492300,14:55:00
201908030510,201905040810,2019-05-04,15:01:00,12,3.9,6.6,10796700.0,13:59:00,4.2,7.1,14500500,14:31:00,4.1,6.2,31652200,14:50:00,4.6,7.1,44492300,14:55:00,4.6,7.1,44492300,14:55:00,4.6,7.1,44492300,14:55:00
201908030511,201905040811,2019-05-04,15:35:00,01,2.1,2.7,60772800.0,14:31:00,2.1,2.7,76212000,15:04:00,2.0,2.5,112023300,15:24:00,1.8,2.3,139567800,15:29:00,1.8,2.3,139567800,15:29:00,1.8,2.3,139567800,15:29:00
201908030511,201905040811,2019-05-04,15:35:00,02,5.7,7.7,60772800.0,14:31:00,5.7,7.7,76212000,15:04:00,5.7,7.8,112023300,15:24:00,5.9,8.2,139567800,15:29:00,5.9,8.2,139567800,15:29:00,5.9,8.2,139567800,15:29:00
201908030511,201905040811,2019-05-04,15:35:00,03,1.8,2.2,60772800.0,14:31:00,1.8,2.3,76212000,15:04:00,1.8,2.3,112023300,15:24:00,1.8,2.3,139567800,15:29:00,1.8,2.3,139567800,15:29:00,1.8,2.3,139567800,15:29:00
201908030511,201905040811,2019-05-04,15:35:00,04,2.1,2.7,60772800.0,14:31:00,2.2,2.8,76212000,15:04:00,2.2,2.9,112023300,15:24:00,2.2,2.9,139567800,15:29:00,2.2,2.9,139567800,15:29:00,2.2,2.9,139567800,15:29:00
201908030511,201905040811,2019-05-04,15:35:00,05,5.5,7.4,60772800.0,14:31:00,5.8,7.8,76212000,15:04:00,6.4,8.7,112023300,15:24:00,6.7,9.2,139567800,15:29:00,6.7,9.2,139567800,15:29:00,6.7,9.2,139567800,15:29:00
201908030511,201905040811,2019-05-04,15:35:00,06,3.6,4.8,60772800.0,14:31:00,3.5,4.6,76212000,15:04:00,3.7,4.9,112023300,15:24:00,3.8,5.2,139567800,15:29:00,3.8,5.2,139567800,15:29:00,3.8,5.2,139567800,15:29:00
201908030511,201905040811,2019-05-04,15:35:00,07,1.8,2.3,60772800.0,14:31:00,1.7,2.1,76212000,15:04:00,1.7,2.1,112023300,15:24:00,1.7,2.1,139567800,15:29:00,1.7,2.1,139567800,15:29:00,1.7,2.1,139567800,15:29:00
201908030511,201905040811,2019-05-04,15:35:00,08,9.8,13.3,60772800.0,14:31:00,10.3,14.0,76212000,15:04:00,11.3,15.5,112023300,15:24:00,12.0,16.5,139567800,15:29:00,12.0,16.5,139567800,15:29:00,12.0,16.5,139567800,15:29:00
201908030511,201905040811,2019-05-04,15:35:00,09,2.9,3.8,60772800.0,14:31:00,2.7,3.5,76212000,15:04:00,2.4,3.2,112023300,15:24:00,2.4,3.2,139567800,15:29:00,2.4,3.2,139567800,15:29:00,2.4,3.2,139567800,15:29:00
201908030511,201905040811,2019-05-04,15:35:00,10,17.5,23.6,60772800.0,14:31:00,18.3,24.9,76212000,15:04:00,20.4,27.8,112023300,15:24:00,21.1,29.1,139567800,15:29:00,21.1,29.1,139567800,15:29:00,21.1,29.1,139567800,15:29:00
201908030511,201905040811,2019-05-04,15:35:00,11,3.1,4.1,60772800.0,14:31:00,3.2,4.2,76212000,15:04:00,3.2,4.3,112023300,15:24:00,3.5,4.7,139567800,15:29:00,3.5,4.7,139567800,15:29:00,3.5,4.7,139567800,15:29:00
201908030511,201905040811,2019-05-04,15:35:00,12,5.7,7.7,60772800.0,14:31:00,6.0,8.1,76212000,15:04:00,6.6,9.1,112023300,15:24:00,7.1,9.7,139567800,15:29:00,7.1,9.7,139567800,15:29:00,7.1,9.7,139567800,15:29:00
201908030511,201905040811,2019-05-04,15:35:00,13,2.5,3.3,60772800.0,14:31:00,2.5,3.3,76212000,15:04:00,2.4,3.1,112023300,15:24:00,2.4,3.2,139567800,15:29:00,2.4,3.2,139567800,15:29:00,2.4,3.2,139567800,15:29:00
201908030511,201905040811,2019-05-04,15:35:00,14,7.7,10.4,60772800.0,14:31:00,8.2,11.2,76212000,15:04:00,8.7,12.0,112023300,15:24:00,9.4,13.0,139567800,15:29:00,9.4,13.0,139567800,15:29:00,9.4,13.0,139567800,15:29:00
201908030512,201905040812,2019-05-04,16:10:00,01,3.8,4.9,8917400.0,15:09:00,3.9,5.1,10744000,15:37:00,4.2,6.1,35731700,15:59:00,4.8,7.0,52504000,16:04:00,4.8,7.0,52504000,16:04:00,4.8,7.0,52504000,16:04:00
201908030512,201905040812,2019-05-04,16:10:00,02,7.1,9.4,8917400.0,15:09:00,7.4,10.0,10744000,15:37:00,11.6,17.0,35731700,15:59:00,13.0,19.3,52504000,16:04:00,13.0,19.3,52504000,16:04:00,13.0,19.3,52504000,16:04:00
201908030512,201905040812,2019-05-04,16:10:00,03,5.9,7.8,8917400.0,15:09:00,6.4,8.6,10744000,15:37:00,7.9,11.6,35731700,15:59:00,9.0,13.3,52504000,16:04:00,9.0,13.3,52504000,16:04:00,9.0,13.3,52504000,16:04:00
201908030512,201905040812,2019-05-04,16:10:00,04,3.6,4.7,8917400.0,15:09:00,3.5,4.6,10744000,15:37:00,2.3,3.2,35731700,15:59:00,2.3,3.3,52504000,16:04:00,2.3,3.3,52504000,16:04:00,2.3,3.3,52504000,16:04:00
201908030512,201905040812,2019-05-04,16:10:00,05,1.6,1.8,8917400.0,15:09:00,1.6,1.8,10744000,15:37:00,1.5,1.8,35731700,15:59:00,1.4,1.8,52504000,16:04:00,1.4,1.8,52504000,16:04:00,1.4,1.8,52504000,16:04:00
201908030512,201905040812,2019-05-04,16:10:00,06,4.9,6.5,8917400.0,15:09:00,5.3,7.0,10744000,15:37:00,7.2,10.6,35731700,15:59:00,7.7,11.3,52504000,16:04:00,7.7,11.3,52504000,16:04:00,7.7,11.3,52504000,16:04:00
201908030512,201905040812,2019-05-04,16:10:00,07,9.5,12.5,8917400.0,15:09:00,9.9,13.3,10744000,15:37:00,12.1,17.9,35731700,15:59:00,13.2,19.5,52504000,16:04:00,13.2,19.5,52504000,16:04:00,13.2,19.5,52504000,16:04:00
201908030512,201905040812,2019-05-04,16:10:00,08,7.7,10.2,8917400.0,15:09:00,8.1,10.9,10744000,15:37:00,12.3,18.1,35731700,15:59:00,12.9,19.2,52504000,16:04:00,12.9,19.2,52504000,16:04:00,12.9,19.2,52504000,16:04:00
201908030512,201905040812,2019-05-04,16:10:00,09,2.7,3.5,8917400.0,15:09:00,3.0,3.9,10744000,15:37:00,3.9,5.6,35731700,15:59:00,3.8,5.4,52504000,16:04:00,3.8,5.4,52504000,16:04:00,3.8,5.4,52504000,16:04:00
201908030512,201905040812,2019-05-04,16:10:00,10,3.3,4.3,8917400.0,15:09:00,3.1,4.0,10744000,15:37:00,3.0,4.3,35731700,15:59:00,3.0,4.3,52504000,16:04:00,3.0,4.3,52504000,16:04:00,3.0,4.3,52504000,16:04:00
201908030512,201905040812,2019-05-04,16:10:00,11,5.7,7.5,8917400.0,15:09:00,5.5,7.4,10744000,15:37:00,6.8,9.9,35731700,15:59:00,6.6,9.6,52504000,16:04:00,6.6,9.6,52504000,16:04:00,6.6,9.6,52504000,16:04:00
201908030512,201905040812,2019-05-04,16:10:00,12,2.5,3.2,8917400.0,15:09:00,2.5,3.2,10744000,15:37:00,2.6,3.6,35731700,15:59:00,2.5,3.5,52504000,16:04:00,2.5,3.5,52504000,16:04:00,2.5,3.5,52504000,16:04:00
201908030512,201905040812,2019-05-04,16:10:00,13,3.3,4.3,8917400.0,15:09:00,3.5,4.6,10744000,15:37:00,3.6,5.2,35731700,15:59:00,3.2,4.6,52504000,16:04:00,3.2,4.6,52504000,16:04:00,3.2,4.6,52504000,16:04:00
201908030512,201905040812,2019-05-04,16:10:00,14,2.7,3.5,8917400.0,15:09:00,2.4,3.0,10744000,15:37:00,1.7,2.3,35731700,15:59:00,1.7,2.3,52504000,16:04:00,1.7,2.3,52504000,16:04:00,1.7,2.3,52504000,16:04:00
201908030512,201905040812,2019-05-04,16:10:00,15,2.8,3.5,8917400.0,15:09:00,2.6,3.4,10744000,15:37:00,1.9,2.6,35731700,15:59:00,1.9,2.6,52504000,16:04:00,1.9,2.6,52504000,16:04:00,1.9,2.6,52504000,16:04:00
201908030512,201905040812,2019-05-04,16:10:00,16,14.2,18.8,8917400.0,15:09:00,15.7,21.0,10744000,15:37:00,29.0,42.6,35731700,15:59:00,32.4,48.1,52504000,16:04:00,32.4,48.1,52504000,16:04:00,32.4,48.1,52504000,16:04:00
201908030601,201905050801,2019-05-05,09:55:00,01,6.3,9.9,3582700.0,08:54:00,6.3,9.9,5081500,09:24:00,5.6,9.0,10317200,09:44:00,5.8,9.2,14612500,09:49:00,5.8,9.2,14612500,09:49:00,5.8,9.2,14612500,09:49:00
201908030601,201905050801,2019-05-05,09:55:00,02,2.8,4.2,3582700.0,08:54:00,3.0,4.6,5081500,09:24:00,3.5,5.5,10317200,09:44:00,3.5,5.4,14612500,09:49:00,3.5,5.4,14612500,09:49:00,3.5,5.4,14612500,09:49:00
201908030601,201905050801,2019-05-05,09:55:00,03,10.3,16.3,3582700.0,08:54:00,9.7,15.4,5081500,09:24:00,9.1,14.9,10317200,09:44:00,10.1,16.2,14612500,09:49:00,10.1,16.2,14612500,09:49:00,10.1,16.2,14612500,09:49:00
201908030601,201905050801,2019-05-05,09:55:00,04,11.1,17.6,3582700.0,08:54:00,12.4,19.8,5081500,09:24:00,13.3,21.8,10317200,09:44:00,16.1,26.0,14612500,09:49:00,16.1,26.0,14612500,09:49:00,16.1,26.0,14612500,09:49:00
201908030601,201905050801,2019-05-05,09:55:00,05,2.3,3.4,3582700.0,08:54:00,2.3,3.4,5081500,09:24:00,1.9,2.9,10317200,09:44:00,1.8,2.6,14612500,09:49:00,1.8,2.6,14612500,09:49:00,1.8,2.6,14612500,09:49:00
201908030601,201905050801,2019-05-05,09:55:00,06,4.0,6.2,3582700.0,08:54:00,4.3,6.7,5081500,09:24:00,4.1,6.5,10317200,09:44:00,4.3,6.8,14612500,09:49:00,4.3,6.8,14612500,09:49:00,4.3,6.8,14612500,09:49:00
201908030601,201905050801,2019-05-05,09:55:00,07,2.3,3.3,3582700.0,08:54:00,2.3,3.4,5081500,09:24:00,2.2,3.3,10317200,09:44:00,2.1,3.2,14612500,09:49:00,2.1,3.2,14612500,09:49:00,2.1,3.2,14612500,09:49:00
201908030601,201905050801,2019-05-05,09:55:00,08,1.4,1.7,3582700.0,08:54:00,1.4,1.7,5081500,09:24:00,1.3,1.6,10317200,09:44:00,1.3,1.6,14612500,09:49:00,1.3,1.6,14612500,09:49:00,1.3,1.6,14612500,09:49:00
201908030601,201905050801,2019-05-05,09:55:00,09,11.0,17.4,3582700.0,08:54:00,10.5,16.8,5081500,09:24:00,11.3,18.5,10317200,09:44:00,12.3,19.8,14612500,09:49:00,12.3,19.8,14612500,09:49:00,12.3,19.8,14612500,09:49:00
201908030601,201905050801,2019-05-05,09:55:00,10,12.8,20.3,3582700.0,08:54:00,14.3,22.8,5081500,09:24:00,16.5,27.0,10317200,09:44:00,17.8,28.7,14612500,09:49:00,17.8,28.7,14612500,09:49:00,17.8,28.7,14612500,09:49:00
201908030601,201905050801,2019-05-05,09:55:00,11,11.7,18.5,3582700.0,08:54:00,12.8,20.4,5081500,09:24:00,11.2,18.3,10317200,09:44:00,11.6,18.7,14612500,09:49:00,11.6,18.7,14612500,09:49:00,11.6,18.7,14612500,09:49:00
201908030601,201905050801,2019-05-05,09:55:00,12,2.6,3.8,3582700.0,08:54:00,2.3,3.4,5081500,09:24:00,2.4,3.7,10317200,09:44:00,2.4,3.5,14612500,09:49:00,2.4,3.5,14612500,09:49:00,2.4,3.5,14612500,09:49:00
201908030601,201905050801,2019-05-05,09:55:00,13,3.0,4.6,3582700.0,08:54:00,3.1,4.7,5081500,09:24:00,3.1,4.9,10317200,09:44:00,3.3,5.1,14612500,09:49:00,3.3,5.1,14612500,09:49:00,3.3,5.1,14612500,09:49:00
201908030601,201905050801,2019-05-05,09:55:00,14,1.5,1.9,3582700.0,08:54:00,1.5,1.9,5081500,09:24:00,1.5,2.0,10317200,09:44:00,1.5,2.1,14612500,09:49:00,1.5,2.1,14612500,09:49:00,1.5,2.1,14612500,09:49:00
201908030601,201905050801,2019-05-05,09:55:00,15,2.9,4.3,3582700.0,08:54:00,2.9,4.4,5081500,09:24:00,3.6,5.7,10317200,09:44:00,3.9,6.1,14612500,09:49:00,3.9,6.1,14612500,09:49:00,3.9,6.1,14612500,09:49:00
201908030602,201905050802,2019-05-05,10:25:00,01,1.6,3.4,4290600.0,09:22:00,1.6,3.8,7956800,09:54:00,1.4,5.1,30517000,10:14:00,1.4,5.6,54968600,10:19:00,1.4,5.6,54968600,10:19:00,1.4,5.6,54968600,10:19:00
201908030602,201905050802,2019-05-05,10:25:00,02,18.8,52.3,4290600.0,09:22:00,16.5,54.3,7956800,09:54:00,19.2,115.4,30517000,10:14:00,24.5,165.6,54968600,10:19:00,24.5,165.6,54968600,10:19:00,24.5,165.6,54968600,10:19:00
201908030602,201905050802,2019-05-05,10:25:00,03,21.4,59.6,4290600.0,09:22:00,16.7,55.0,7956800,09:54:00,17.2,103.3,30517000,10:14:00,20.1,135.5,54968600,10:19:00,20.1,135.5,54968600,10:19:00,20.1,135.5,54968600,10:19:00
201908030602,201905050802,2019-05-05,10:25:00,04,5.2,13.9,4290600.0,09:22:00,5.3,16.7,7956800,09:54:00,5.8,33.1,30517000,10:14:00,6.6,42.5,54968600,10:19:00,6.6,42.5,54968600,10:19:00,6.6,42.5,54968600,10:19:00
201908030602,201905050802,2019-05-05,10:25:00,05,4.0,10.4,4290600.0,09:22:00,4.0,12.3,7956800,09:54:00,4.2,23.6,30517000,10:14:00,3.9,23.8,54968600,10:19:00,3.9,23.8,54968600,10:19:00,3.9,23.8,54968600,10:19:00
201908030602,201905050802,2019-05-05,10:25:00,06,7.0,18.9,4290600.0,09:22:00,7.2,23.2,7956800,09:54:00,9.6,56.6,30517000,10:14:00,12.1,80.5,54968600,10:19:00,12.1,80.5,54968600,10:19:00,12.1,80.5,54968600,10:19:00
201908030602,201905050802,2019-05-05,10:25:00,07,2.8,7.1,4290600.0,09:22:00,2.7,8.0,7956800,09:54:00,2.4,12.2,30517000,10:14:00,2.2,12.3,54968600,10:19:00,2.2,12.3,54968600,10:19:00,2.2,12.3,54968600,10:19:00
201908030602,201905050802,2019-05-05,10:25:00,08,3.3,8.5,4290600.0,09:22:00,3.0,9.0,7956800,09:54:00,2.8,14.6,30517000,10:14:00,2.6,14.9,54968600,10:19:00,2.6,14.9,54968600,10:19:00,2.6,14.9,54968600,10:19:00
201908030602,201905050802,2019-05-05,10:25:00,09,1.7,4.1,4290600.0,09:22:00,2.0,5.7,7956800,09:54:00,2.3,11.7,30517000,10:14:00,2.3,13.3,54968600,10:19:00,2.3,13.3,54968600,10:19:00,2.3,13.3,54968600,10:19:00
201908030602,201905050802,2019-05-05,10:25:00,10,5.4,14.4,4290600.0,09:22:00,4.6,14.3,7956800,09:54:00,4.4,24.6,30517000,10:14:00,5.3,33.4,54968600,10:19:00,5.3,33.4,54968600,10:19:00,5.3,33.4,54968600,10:19:00
201908030602,201905050802,2019-05-05,10:25:00,11,1.1,1.1,4290600.0,09:22:00,1.1,1.1,7956800,09:54:00,1.1,1.1,30517000,10:14:00,1.0,1.1,54968600,10:19:00,1.0,1.1,54968600,10:19:00,1.0,1.1,54968600,10:19:00
201908030602,201905050802,2019-05-05,10:25:00,12,5.6,15.0,4290600.0,09:22:00,5.9,18.6,7956800,09:54:00,7.3,42.1,30517000,10:14:00,8.2,53.5,54968600,10:19:00,8.2,53.5,54968600,10:19:00,8.2,53.5,54968600,10:19:00
201908030602,201905050802,2019-05-05,10:25:00,13,2.5,6.1,4290600.0,09:22:00,2.4,7.1,7956800,09:54:00,2.0,9.7,30517000,10:14:00,1.9,10.2,54968600,10:19:00,1.9,10.2,54968600,10:19:00,1.9,10.2,54968600,10:19:00
201908030602,201905050802,2019-05-05,10:25:00,14,11.2,30.9,4290600.0,09:22:00,9.8,31.7,7956800,09:54:00,12.3,72.8,30517000,10:14:00,15.7,105.3,54968600,10:19:00,15.7,105.3,54968600,10:19:00,15.7,105.3,54968600,10:19:00
201908030602,201905050802,2019-05-05,10:25:00,15,2.8,7.1,4290600.0,09:22:00,2.7,8.0,7956800,09:54:00,2.9,15.6,30517000,10:14:00,3.0,17.6,54968600,10:19:00,3.0,17.6,54968600,10:19:00,3.0,17.6,54968600,10:19:00
201908030603,201905050803,2019-05-05,10:55:00,01,4.1,6.0,1910300.0,09:48:00,4.8,7.7,2910600,10:24:00,6.5,10.5,7538400,10:44:00,8.1,13.0,12051200,10:49:00,8.1,13.0,12051200,10:49:00,8.1,13.0,12051200,10:49:00
201908030603,201905050803,2019-05-05,10:55:00,02,1.5,2.1,1910300.0,09:48:00,1.3,1.8,2910600,10:24:00,1.5,2.2,7538400,10:44:00,1.5,2.2,12051200,10:49:00,1.5,2.2,12051200,10:49:00,1.5,2.2,12051200,10:49:00
201908030603,201905050803,2019-05-05,10:55:00,03,3.4,5.1,1910300.0,09:48:00,3.6,5.6,2910600,10:24:00,3.5,5.4,7538400,10:44:00,3.5,5.5,12051200,10:49:00,3.5,5.5,12051200,10:49:00,3.5,5.5,12051200,10:49:00
201908030603,201905050803,2019-05-05,10:55:00,04,1.7,2.3,1910300.0,09:48:00,1.4,2.0,2910600,10:24:00,1.4,2.1,7538400,10:44:00,1.4,1.9,12051200,10:49:00,1.4,1.9,12051200,10:49:00,1.4,1.9,12051200,10:49:00
201908030603,201905050803,2019-05-05,10:55:00,05,2.7,3.9,1910300.0,09:48:00,2.9,4.5,2910600,10:24:00,2.9,4.5,7538400,10:44:00,3.0,4.6,12051200,10:49:00,3.0,4.6,12051200,10:49:00,3.0,4.6,12051200,10:49:00
201908030603,201905050803,2019-05-05,10:55:00,06,2.0,2.8,1910300.0,09:48:00,2.1,3.2,2910600,10:24:00,2.0,3.1,7538400,10:44:00,2.0,3.0,12051200,10:49:00,2.0,3.0,12051200,10:49:00,2.0,3.0,12051200,10:49:00
201908030603,201905050803,2019-05-05,10:55:00,07,11.7,17.3,1910300.0,09:48:00,14.0,22.4,2910600,10:24:00,16.5,26.5,7538400,10:44:00,14.9,24.0,12051200,10:49:00,14.9,24.0,12051200,10:49:00,14.9,24.0,12051200,10:49:00
201908030603,201905050803,2019-05-05,10:55:00,08,7.4,11.0,1910300.0,09:48:00,8.4,13.5,2910600,10:24:00,10.3,16.5,7538400,10:44:00,12.6,20.3,12051200,10:49:00,12.6,20.3,12051200,10:49:00,12.6,20.3,12051200,10:49:00
201908030603,201905050803,2019-05-05,10:55:00,09,1.3,1.7,1910300.0,09:48:00,1.2,1.6,2910600,10:24:00,1.3,1.7,7538400,10:44:00,1.3,1.7,12051200,10:49:00,1.3,1.7,12051200,10:49:00,1.3,1.7,12051200,10:49:00
201908030603,201905050803,2019-05-05,10:55:00,10,1.6,2.2,1910300.0,09:48:00,1.6,2.3,2910600,10:24:00,1.3,1.8,7538400,10:44:00,1.3,1.8,12051200,10:49:00,1.3,1.8,12051200,10:49:00,1.3,1.8,12051200,10:49:00
201908030604,201905050804,2019-05-05,11:25:00,01,1.3,1.6,2058900.0,10:19:00,1.5,1.7,2683200,10:53:00,1.4,1.7,7056200,11:14:00,1.3,1.6,12604100,11:19:00,1.3,1.6,12604100,11:19:00,1.3,1.6,12604100,11:19:00
201908030604,201905050804,2019-05-05,11:25:00,02,3.6,5.3,2058900.0,10:19:00,2.9,4.1,2683200,10:53:00,5.7,8.4,7056200,11:14:00,7.0,11.6,12604100,11:19:00,7.0,11.6,12604100,11:19:00,7.0,11.6,12604100,11:19:00
201908030604,201905050804,2019-05-05,11:25:00,03,5.2,7.8,2058900.0,10:19:00,4.5,6.4,2683200,10:53:00,5.5,8.2,7056200,11:14:00,6.3,10.4,12604100,11:19:00,6.3,10.4,12604100,11:19:00,6.3,10.4,12604100,11:19:00
201908030604,201905050804,2019-05-05,11:25:00,04,1.9,2.6,2058900.0,10:19:00,2.0,2.7,2683200,10:53:00,1.8,2.4,7056200,11:14:00,1.5,2.0,12604100,11:19:00,1.5,2.0,12604100,11:19:00,1.5,2.0,12604100,11:19:00
201908030604,201905050804,2019-05-05,11:25:00,05,6.3,9.4,2058900.0,10:19:00,6.6,9.5,2683200,10:53:00,6.4,9.5,7056200,11:14:00,6.3,10.3,12604100,11:19:00,6.3,10.3,12604100,11:19:00,6.3,10.3,12604100,11:19:00
201908030604,201905050804,2019-05-05,11:25:00,06,1.1,1.1,2058900.0,10:19:00,1.1,1.1,2683200,10:53:00,1.1,1.1,7056200,11:14:00,1.1,1.1,12604100,11:19:00,1.1,1.1,12604100,11:19:00,1.1,1.1,12604100,11:19:00
201908030604,201905050804,2019-05-05,11:25:00,07,11.3,17.1,2058900.0,10:19:00,10.7,15.7,2683200,10:53:00,12.4,18.8,7056200,11:14:00,15.1,25.3,12604100,11:19:00,15.1,25.3,12604100,11:19:00,15.1,25.3,12604100,11:19:00
201908030604,201905050804,2019-05-05,11:25:00,08,22.1,33.5,2058900.0,10:19:00,23.6,34.3,2683200,10:53:00,23.9,36.1,7056200,11:14:00,28.3,47.2,12604100,11:19:00,28.3,47.2,12604100,11:19:00,28.3,47.2,12604100,11:19:00
201908030604,201905050804,2019-05-05,11:25:00,09,2.1,3.0,2058900.0,10:19:00,2.2,3.1,2683200,10:53:00,2.0,2.9,7056200,11:14:00,2.1,3.2,12604100,11:19:00,2.1,3.2,12604100,11:19:00,2.1,3.2,12604100,11:19:00
201908030604,201905050804,2019-05-05,11:25:00,10,3.3,4.9,2058900.0,10:19:00,3.4,4.8,2683200,10:53:00,2.9,4.2,7056200,11:14:00,2.7,4.2,12604100,11:19:00,2.7,4.2,12604100,11:19:00,2.7,4.2,12604100,11:19:00
201908030604,201905050804,2019-05-05,11:25:00,11,5.5,8.3,2058900.0,10:19:00,4.8,6.9,2683200,10:53:00,8.2,12.3,7056200,11:14:00,9.1,15.1,12604100,11:19:00,9.1,15.1,12604100,11:19:00,9.1,15.1,12604100,11:19:00
201908030604,201905050804,2019-05-05,11:25:00,12,3.0,4.3,2058900.0,10:19:00,3.2,4.5,2683200,10:53:00,3.4,4.9,7056200,11:14:00,3.1,5.0,12604100,11:19:00,3.1,5.0,12604100,11:19:00,3.1,5.0,12604100,11:19:00
201908030604,201905050804,2019-05-05,11:25:00,13,2.1,3.0,2058900.0,10:19:00,2.3,3.2,2683200,10:53:00,1.8,2.5,7056200,11:14:00,1.8,2.7,12604100,11:19:00,1.8,2.7,12604100,11:19:00,1.8,2.7,12604100,11:19:00
201908030604,201905050804,2019-05-05,11:25:00,14,2.7,3.9,2058900.0,10:19:00,2.6,3.6,2683200,10:53:00,2.2,3.1,7056200,11:14:00,2.0,3.1,12604100,11:19:00,2.0,3.1,12604100,11:19:00,2.0,3.1,12604100,11:19:00
201908030604,201905050804,2019-05-05,11:25:00,15,21.9,33.2,2058900.0,10:19:00,23.1,33.6,2683200,10:53:00,37.3,56.3,7056200,11:14:00,43.8,73.2,12604100,11:19:00,43.8,73.2,12604100,11:19:00,43.8,73.2,12604100,11:19:00
201908030604,201905050804,2019-05-05,11:25:00,16,4.8,7.2,2058900.0,10:19:00,5.3,7.6,2683200,10:53:00,6.4,9.6,7056200,11:14:00,6.7,11.0,12604100,11:19:00,6.7,11.0,12604100,11:19:00,6.7,11.0,12604100,11:19:00
201908030605,201905050805,2019-05-05,12:15:00,01,10.6,19.9,2551900.0,11:12:00,13.4,25.7,4705600,11:42:00,14.4,35.4,14075400,12:04:00,12.8,33.8,20428900,12:09:00,12.8,33.8,20428900,12:09:00,12.8,33.8,20428900,12:09:00
201908030605,201905050805,2019-05-05,12:15:00,02,8.9,16.5,2551900.0,11:12:00,12.7,24.4,4705600,11:42:00,17.4,42.8,14075400,12:04:00,18.3,48.6,20428900,12:09:00,18.3,48.6,20428900,12:09:00,18.3,48.6,20428900,12:09:00
201908030605,201905050805,2019-05-05,12:15:00,03,1.5,2.3,2551900.0,11:12:00,1.6,2.6,4705600,11:42:00,1.5,2.9,14075400,12:04:00,1.4,3.1,20428900,12:09:00,1.4,3.1,20428900,12:09:00,1.4,3.1,20428900,12:09:00
201908030605,201905050805,2019-05-05,12:15:00,04,9.7,18.1,2551900.0,11:12:00,12.1,23.2,4705600,11:42:00,14.4,35.3,14075400,12:04:00,16.6,44.2,20428900,12:09:00,16.6,44.2,20428900,12:09:00,16.6,44.2,20428900,12:09:00
201908030605,201905050805,2019-05-05,12:15:00,05,1.7,2.7,2551900.0,11:12:00,1.5,2.4,4705600,11:42:00,1.2,2.2,14075400,12:04:00,1.3,2.4,20428900,12:09:00,1.3,2.4,20428900,12:09:00,1.3,2.4,20428900,12:09:00
201908030605,201905050805,2019-05-05,12:15:00,06,2.8,4.9,2551900.0,11:12:00,3.4,6.3,4705600,11:42:00,2.4,5.4,14075400,12:04:00,2.1,4.9,20428900,12:09:00,2.1,4.9,20428900,12:09:00,2.1,4.9,20428900,12:09:00
201908030605,201905050805,2019-05-05,12:15:00,07,1.1,1.2,2551900.0,11:12:00,1.1,1.3,4705600,11:42:00,1.1,1.1,14075400,12:04:00,1.1,1.1,20428900,12:09:00,1.1,1.1,20428900,12:09:00,1.1,1.1,20428900,12:09:00
201908030605,201905050805,2019-05-05,12:15:00,08,3.2,5.7,2551900.0,11:12:00,3.8,7.0,4705600,11:42:00,3.5,8.2,14075400,12:04:00,3.5,8.7,20428900,12:09:00,3.5,8.7,20428900,12:09:00,3.5,8.7,20428900,12:09:00
201908030605,201905050805,2019-05-05,12:15:00,09,9.2,17.2,2551900.0,11:12:00,11.0,21.1,4705600,11:42:00,12.4,30.4,14075400,12:04:00,14.4,38.1,20428900,12:09:00,14.4,38.1,20428900,12:09:00,14.4,38.1,20428900,12:09:00
201908030605,201905050805,2019-05-05,12:15:00,10,10.1,18.9,2551900.0,11:12:00,12.7,24.4,4705600,11:42:00,16.3,40.2,14075400,12:04:00,15.6,41.5,20428900,12:09:00,15.6,41.5,20428900,12:09:00,15.6,41.5,20428900,12:09:00
201908030605,201905050805,2019-05-05,12:15:00,11,2.0,3.4,2551900.0,11:12:00,1.3,2.0,4705600,11:42:00,1.8,3.7,14075400,12:04:00,2.0,4.5,20428900,12:09:00,2.0,4.5,20428900,12:09:00,2.0,4.5,20428900,12:09:00
201908030605,201905050805,2019-05-05,12:15:00,12,2.2,3.7,2551900.0,11:12:00,2.5,4.5,4705600,11:42:00,2.4,5.4,14075400,12:04:00,2.4,5.8,20428900,12:09:00,2.4,5.8,20428900,12:09:00,2.4,5.8,20428900,12:09:00
201908030605,201905050805,2019-05-05,12:15:00,13,4.9,9.0,2551900.0,11:12:00,5.9,11.1,4705600,11:42:00,5.4,12.8,14075400,12:04:00,5.3,13.7,20428900,12:09:00,5.3,13.7,20428900,12:09:00,5.3,13.7,20428900,12:09:00
201908030605,201905050805,2019-05-05,12:15:00,14,12.5,23.4,2551900.0,11:12:00,18.2,35.0,4705600,11:42:00,21.1,52.1,14075400,12:04:00,23.4,62.5,20428900,12:09:00,23.4,62.5,20428900,12:09:00,23.4,62.5,20428900,12:09:00
201908030606,201905050806,2019-05-05,12:45:00,01,6.0,8.8,4125100.0,11:45:00,6.8,10.3,5459600,12:14:00,8.2,12.6,12193200,12:34:00,10.5,17.0,20796400,12:39:00,10.5,17.0,20796400,12:39:00,10.5,17.0,20796400,12:39:00
201908030606,201905050806,2019-05-05,12:45:00,02,4.5,6.6,4125100.0,11:45:00,4.6,6.9,5459600,12:14:00,5.7,8.7,12193200,12:34:00,6.8,10.9,20796400,12:39:00,6.8,10.9,20796400,12:39:00,6.8,10.9,20796400,12:39:00
201908030606,201905050806,2019-05-05,12:45:00,03,3.5,5.0,4125100.0,11:45:00,2.9,4.3,5459600,12:14:00,1.8,2.6,12193200,12:34:00,1.7,2.5,20796400,12:39:00,1.7,2.5,20796400,12:39:00,1.7,2.5,20796400,12:39:00
201908030606,201905050806,2019-05-05,12:45:00,04,3.2,4.6,4125100.0,11:45:00,3.8,5.6,5459600,12:14:00,6.3,9.7,12193200,12:34:00,8.3,13.4,20796400,12:39:00,8.3,13.4,20796400,12:39:00,8.3,13.4,20796400,12:39:00
201908030606,201905050806,2019-05-05,12:45:00,05,1.4,1.7,4125100.0,11:45:00,1.4,1.7,5459600,12:14:00,1.3,1.7,12193200,12:34:00,1.3,1.8,20796400,12:39:00,1.3,1.8,20796400,12:39:00,1.3,1.8,20796400,12:39:00
201908030606,201905050806,2019-05-05,12:45:00,06,2.8,4.0,4125100.0,11:45:00,2.9,4.2,5459600,12:14:00,4.3,6.5,12193200,12:34:00,5.2,8.3,20796400,12:39:00,5.2,8.3,20796400,12:39:00,5.2,8.3,20796400,12:39:00
201908030606,201905050806,2019-05-05,12:45:00,07,11.2,16.6,4125100.0,11:45:00,12.3,18.7,5459600,12:14:00,14.1,21.8,12193200,12:34:00,12.3,19.9,20796400,12:39:00,12.3,19.9,20796400,12:39:00,12.3,19.9,20796400,12:39:00
201908030606,201905050806,2019-05-05,12:45:00,08,5.6,8.2,4125100.0,11:45:00,5.3,8.0,5459600,12:14:00,5.4,8.2,12193200,12:34:00,4.9,7.8,20796400,12:39:00,4.9,7.8,20796400,12:39:00,4.9,7.8,20796400,12:39:00
201908030606,201905050806,2019-05-05,12:45:00,09,2.1,2.9,4125100.0,11:45:00,1.9,2.7,5459600,12:14:00,1.5,2.1,12193200,12:34:00,1.3,1.8,20796400,12:39:00,1.3,1.8,20796400,12:39:00,1.3,1.8,20796400,12:39:00
201908030606,201905050806,2019-05-05,12:45:00,10,5.3,7.8,4125100.0,11:45:00,5.7,8.6,5459600,12:14:00,7.9,12.2,12193200,12:34:00,9.3,15.1,20796400,12:39:00,9.3,15.1,20796400,12:39:00,9.3,15.1,20796400,12:39:00
201908030606,201905050806,2019-05-05,12:45:00,11,23.7,35.0,4125100.0,11:45:00,23.5,35.6,5459600,12:14:00,33.7,52.4,12193200,12:34:00,44.7,72.4,20796400,12:39:00,44.7,72.4,20796400,12:39:00,44.7,72.4,20796400,12:39:00
201908030606,201905050806,2019-05-05,12:45:00,12,1.8,2.4,4125100.0,11:45:00,1.7,2.2,5459600,12:14:00,1.5,2.1,12193200,12:34:00,1.5,2.2,20796400,12:39:00,1.5,2.2,20796400,12:39:00,1.5,2.2,20796400,12:39:00
201908030606,201905050806,2019-05-05,12:45:00,13,4.4,6.5,4125100.0,11:45:00,4.8,7.1,5459600,12:14:00,5.6,8.6,12193200,12:34:00,7.0,11.2,20796400,12:39:00,7.0,11.2,20796400,12:39:00,7.0,11.2,20796400,12:39:00
201908030606,201905050806,2019-05-05,12:45:00,14,3.1,4.5,4125100.0,11:45:00,3.2,4.7,5459600,12:14:00,3.9,5.8,12193200,12:34:00,3.1,4.9,20796400,12:39:00,3.1,4.9,20796400,12:39:00,3.1,4.9,20796400,12:39:00
201908030606,201905050806,2019-05-05,12:45:00,15,7.7,11.3,4125100.0,11:45:00,7.2,11.0,5459600,12:14:00,9.5,14.8,12193200,12:34:00,9.0,14.5,20796400,12:39:00,9.0,14.5,20796400,12:39:00,9.0,14.5,20796400,12:39:00
201908030606,201905050806,2019-05-05,12:45:00,16,4.3,6.2,4125100.0,11:45:00,4.5,6.7,5459600,12:14:00,5.2,8.0,12193200,12:34:00,3.9,6.1,20796400,12:39:00,3.9,6.1,20796400,12:39:00,3.9,6.1,20796400,12:39:00
201908030607,201905050807,2019-05-05,13:15:00,01,2.2,4.4,2512700.0,12:12:00,2.2,4.1,3100000,12:45:00,2.7,4.9,7575600,13:04:00,2.8,4.8,12101300,13:09:00,2.8,4.8,12101300,13:09:00,2.8,4.8,12101300,13:09:00
201908030607,201905050807,2019-05-05,13:15:00,02,1.1,1.2,2512700.0,12:12:00,1.1,1.3,3100000,12:45:00,1.1,1.6,7575600,13:04:00,1.1,1.5,12101300,13:09:00,1.1,1.5,12101300,13:09:00,1.1,1.5,12101300,13:09:00
201908030607,201905050807,2019-05-05,13:15:00,03,8.4,18.1,2512700.0,12:12:00,9.4,18.8,3100000,12:45:00,12.5,23.8,7575600,13:04:00,14.3,25.7,12101300,13:09:00,14.3,25.7,12101300,13:09:00,14.3,25.7,12101300,13:09:00
201908030607,201905050807,2019-05-05,13:15:00,04,5.7,12.1,2512700.0,12:12:00,6.1,12.0,3100000,12:45:00,6.1,11.4,7575600,13:04:00,6.7,11.9,12101300,13:09:00,6.7,11.9,12101300,13:09:00,6.7,11.9,12101300,13:09:00
201908030607,201905050807,2019-05-05,13:15:00,05,1.4,2.5,2512700.0,12:12:00,1.2,2.1,3100000,12:45:00,1.1,1.8,7575600,13:04:00,1.2,1.8,12101300,13:09:00,1.2,1.8,12101300,13:09:00,1.2,1.8,12101300,13:09:00
201908030607,201905050807,2019-05-05,13:15:00,06,2.9,5.9,2512700.0,12:12:00,3.2,6.1,3100000,12:45:00,3.8,6.9,7575600,13:04:00,4.3,7.6,12101300,13:09:00,4.3,7.6,12101300,13:09:00,4.3,7.6,12101300,13:09:00
201908030607,201905050807,2019-05-05,13:15:00,07,2.7,5.5,2512700.0,12:12:00,3.1,6.0,3100000,12:45:00,3.2,5.8,7575600,13:04:00,2.7,4.7,12101300,13:09:00,2.7,4.7,12101300,13:09:00,2.7,4.7,12101300,13:09:00
201908030607,201905050807,2019-05-05,13:15:00,08,4.6,9.8,2512700.0,12:12:00,4.4,8.6,3100000,12:45:00,3.7,6.8,7575600,13:04:00,3.2,5.6,12101300,13:09:00,3.2,5.6,12101300,13:09:00,3.2,5.6,12101300,13:09:00
201908030607,201905050807,2019-05-05,13:15:00,09,3.0,6.2,2512700.0,12:12:00,3.3,6.4,3100000,12:45:00,3.5,6.4,7575600,13:04:00,3.6,6.4,12101300,13:09:00,3.6,6.4,12101300,13:09:00,3.6,6.4,12101300,13:09:00
201908030607,201905050807,2019-05-05,13:15:00,10,4.8,10.1,2512700.0,12:12:00,5.1,10.0,3100000,12:45:00,5.6,10.5,7575600,13:04:00,4.7,8.3,12101300,13:09:00,4.7,8.3,12101300,13:09:00,4.7,8.3,12101300,13:09:00
201908030607,201905050807,2019-05-05,13:15:00,11,1.2,1.8,2512700.0,12:12:00,1.1,1.7,3100000,12:45:00,1.1,1.4,7575600,13:04:00,1.1,1.6,12101300,13:09:00,1.1,1.6,12101300,13:09:00,1.1,1.6,12101300,13:09:00
201908030608,201905050808,2019-05-05,13:45:00,01,1.1,1.1,3310900.0,12:44:00,1.1,1.1,4299700,13:14:00,1.1,1.1,11063100,13:34:00,1.1,1.1,19474200,13:39:00,1.1,1.1,19474200,13:39:00,1.1,1.1,19474200,13:39:00
201908030608,201905050808,2019-05-05,13:45:00,02,7.8,23.6,3310900.0,12:44:00,8.4,24.5,4299700,13:14:00,13.4,31.7,11063100,13:34:00,16.5,41.3,19474200,13:39:00,16.5,41.3,19474200,13:39:00,16.5,41.3,19474200,13:39:00
201908030608,201905050808,2019-05-05,13:45:00,03,1.5,3.6,3310900.0,12:44:00,1.3,2.8,4299700,13:14:00,1.4,2.6,11063100,13:34:00,1.2,2.3,19474200,13:39:00,1.2,2.3,19474200,13:39:00,1.2,2.3,19474200,13:39:00
201908030608,201905050808,2019-05-05,13:45:00,04,2.0,5.2,3310900.0,12:44:00,2.1,5.3,4299700,13:14:00,1.9,3.9,11063100,13:34:00,1.9,4.1,19474200,13:39:00,1.9,4.1,19474200,13:39:00,1.9,4.1,19474200,13:39:00
201908030608,201905050808,2019-05-05,13:45:00,05,5.8,17.3,3310900.0,12:44:00,6.4,18.5,4299700,13:14:00,10.0,23.6,11063100,13:34:00,10.2,25.4,19474200,13:39:00,10.2,25.4,19474200,13:39:00,10.2,25.4,19474200,13:39:00
201908030608,201905050808,2019-05-05,13:45:00,06,6.1,18.2,3310900.0,12:44:00,6.4,18.5,4299700,13:14:00,9.7,22.9,11063100,13:34:00,10.5,26.2,19474200,13:39:00,10.5,26.2,19474200,13:39:00,10.5,26.2,19474200,13:39:00
201908030608,201905050808,2019-05-05,13:45:00,07,1.5,3.8,3310900.0,12:44:00,1.4,3.2,4299700,13:14:00,1.2,2.1,11063100,13:34:00,1.1,2.0,19474200,13:39:00,1.1,2.0,19474200,13:39:00,1.1,2.0,19474200,13:39:00
201908030608,201905050808,2019-05-05,13:45:00,08,4.0,11.7,3310900.0,12:44:00,4.3,12.2,4299700,13:14:00,4.5,10.2,11063100,13:34:00,5.1,12.3,19474200,13:39:00,5.1,12.3,19474200,13:39:00,5.1,12.3,19474200,13:39:00
201908030608,201905050808,2019-05-05,13:45:00,09,2.2,5.8,3310900.0,12:44:00,2.5,6.5,4299700,13:14:00,3.6,8.1,11063100,13:34:00,3.7,8.6,19474200,13:39:00,3.7,8.6,19474200,13:39:00,3.7,8.6,19474200,13:39:00
201908030608,201905050808,2019-05-05,13:45:00,10,1.8,4.7,3310900.0,12:44:00,1.8,4.4,4299700,13:14:00,1.4,2.8,11063100,13:34:00,1.6,3.4,19474200,13:39:00,1.6,3.4,19474200,13:39:00,1.6,3.4,19474200,13:39:00
201908030609,201905050809,2019-05-05,14:15:00,01,4.4,6.2,6521900.0,13:11:00,4.1,6.0,8283900,13:41:00,5.3,8.2,16929300,14:04:00,6.5,11.0,31953500,14:10:00,6.5,11.0,31953500,14:10:00,6.5,11.0,31953500,14:10:00
201908030609,201905050809,2019-05-05,14:15:00,02,2.8,3.8,6521900.0,13:11:00,2.8,4.0,8283900,13:41:00,2.9,4.3,16929300,14:04:00,2.6,4.1,31953500,14:10:00,2.6,4.1,31953500,14:10:00,2.6,4.1,31953500,14:10:00
201908030609,201905050809,2019-05-05,14:15:00,03,10.0,14.2,6521900.0,13:11:00,10.5,15.5,8283900,13:41:00,14.0,22.1,16929300,14:04:00,17.9,30.9,31953500,14:10:00,17.9,30.9,31953500,14:10:00,17.9,30.9,31953500,14:10:00
201908030609,201905050809,2019-05-05,14:15:00,04,6.0,8.5,6521900.0,13:11:00,6.4,9.4,8283900,13:41:00,7.9,12.5,16929300,14:04:00,8.7,14.8,31953500,14:10:00,8.7,14.8,31953500,14:10:00,8.7,14.8,31953500,14:10:00
201908030609,201905050809,2019-05-05,14:15:00,05,4.4,6.1,6521900.0,13:11:00,4.6,6.7,8283900,13:41:00,3.9,6.1,16929300,14:04:00,3.8,6.4,31953500,14:10:00,3.8,6.4,31953500,14:10:00,3.8,6.4,31953500,14:10:00
201908030609,201905050809,2019-05-05,14:15:00,06,5.4,7.7,6521900.0,13:11:00,5.7,8.4,8283900,13:41:00,6.6,10.3,16929300,14:04:00,8.1,13.8,31953500,14:10:00,8.1,13.8,31953500,14:10:00,8.1,13.8,31953500,14:10:00
201908030609,201905050809,2019-05-05,14:15:00,07,1.7,2.0,6521900.0,13:11:00,1.5,1.8,8283900,13:41:00,1.4,1.7,16929300,14:04:00,1.2,1.4,31953500,14:10:00,1.2,1.4,31953500,14:10:00,1.2,1.4,31953500,14:10:00
201908030609,201905050809,2019-05-05,14:15:00,08,2.6,3.6,6521900.0,13:11:00,2.5,3.6,8283900,13:41:00,2.6,3.9,16929300,14:04:00,2.4,3.8,31953500,14:10:00,2.4,3.8,31953500,14:10:00,2.4,3.8,31953500,14:10:00
201908030609,201905050809,2019-05-05,14:15:00,09,36.1,51.2,6521900.0,13:11:00,39.0,57.4,8283900,13:41:00,40.1,63.3,16929300,14:04:00,51.7,89.3,31953500,14:10:00,51.7,89.3,31953500,14:10:00,51.7,89.3,31953500,14:10:00
201908030609,201905050809,2019-05-05,14:15:00,10,4.2,5.8,6521900.0,13:11:00,4.7,6.9,8283900,13:41:00,5.3,8.3,16929300,14:04:00,7.2,12.3,31953500,14:10:00,7.2,12.3,31953500,14:10:00,7.2,12.3,31953500,14:10:00
201908030609,201905050809,2019-05-05,14:15:00,11,2.7,3.7,6521900.0,13:11:00,2.9,4.1,8283900,13:41:00,2.2,3.2,16929300,14:04:00,2.0,3.2,31953500,14:10:00,2.0,3.2,31953500,14:10:00,2.0,3.2,31953500,14:10:00
201908030609,201905050809,2019-05-05,14:15:00,12,3.4,4.7,6521900.0,13:11:00,2.7,3.9,8283900,13:41:00,2.7,4.1,16929300,14:04:00,2.6,4.1,31953500,14:10:00,2.6,4.1,31953500,14:10:00,2.6,4.1,31953500,14:10:00
201908030609,201905050809,2019-05-05,14:15:00,13,7.6,10.9,6521900.0,13:11:00,7.8,11.5,8283900,13:41:00,9.6,15.2,16929300,14:04:00,11.6,19.9,31953500,14:10:00,11.6,19.9,31953500,14:10:00,11.6,19.9,31953500,14:10:00
201908030609,201905050809,2019-05-05,14:15:00,14,4.0,5.7,6521900.0,13:11:00,3.7,5.3,8283900,13:41:00,2.9,4.4,16929300,14:04:00,2.9,4.7,31953500,14:10:00,2.9,4.7,31953500,14:10:00,2.9,4.7,31953500,14:10:00
201908030609,201905050809,2019-05-05,14:15:00,15,1.8,2.2,6521900.0,13:11:00,1.7,2.2,8283900,13:41:00,1.5,2.0,16929300,14:04:00,1.6,2.3,31953500,14:10:00,1.6,2.3,31953500,14:10:00,1.6,2.3,31953500,14:10:00
201908030609,201905050809,2019-05-05,14:15:00,16,3.5,4.8,6521900.0,13:11:00,3.9,5.6,8283900,13:41:00,5.4,8.3,16929300,14:04:00,7.0,12.0,31953500,14:10:00,7.0,12.0,31953500,14:10:00,7.0,12.0,31953500,14:10:00
201908030610,201905050810,2019-05-05,14:50:00,01,1.5,1.8,10590200.0,13:50:00,1.4,1.7,12661800,14:17:00,1.4,1.7,27232700,14:39:00,1.3,1.5,40365300,14:45:00,1.3,1.5,40365300,14:45:00,1.3,1.5,40365300,14:45:00
201908030610,201905050810,2019-05-05,14:50:00,02,1.9,2.6,10590200.0,13:50:00,2.0,2.7,12661800,14:17:00,2.6,4.0,27232700,14:39:00,2.8,4.5,40365300,14:45:00,2.8,4.5,40365300,14:45:00,2.8,4.5,40365300,14:45:00
201908030610,201905050810,2019-05-05,14:50:00,03,3.0,4.2,10590200.0,13:50:00,2.9,4.0,12661800,14:17:00,2.5,3.8,27232700,14:39:00,2.5,3.9,40365300,14:45:00,2.5,3.9,40365300,14:45:00,2.5,3.9,40365300,14:45:00
201908030610,201905050810,2019-05-05,14:50:00,04,4.4,6.2,10590200.0,13:50:00,4.7,6.6,12661800,14:17:00,3.9,6.2,27232700,14:39:00,3.9,6.5,40365300,14:45:00,3.9,6.5,40365300,14:45:00,3.9,6.5,40365300,14:45:00
201908030610,201905050810,2019-05-05,14:50:00,05,2.8,3.9,10590200.0,13:50:00,2.6,3.6,12661800,14:17:00,2.4,3.6,27232700,14:39:00,2.3,3.6,40365300,14:45:00,2.3,3.6,40365300,14:45:00,2.3,3.6,40365300,14:45:00
201908030610,201905050810,2019-05-05,14:50:00,06,5.2,7.4,10590200.0,13:50:00,5.6,8.0,12661800,14:17:00,5.8,9.3,27232700,14:39:00,5.7,9.5,40365300,14:45:00,5.7,9.5,40365300,14:45:00,5.7,9.5,40365300,14:45:00
201908030610,201905050810,2019-05-05,14:50:00,07,1.9,2.5,10590200.0,13:50:00,2.0,2.6,12661800,14:17:00,1.4,1.8,27232700,14:39:00,1.5,2.0,40365300,14:45:00,1.5,2.0,40365300,14:45:00,1.5,2.0,40365300,14:45:00
201908030610,201905050810,2019-05-05,14:50:00,08,5.6,8.0,10590200.0,13:50:00,5.3,7.6,12661800,14:17:00,5.3,8.5,27232700,14:39:00,5.5,9.1,40365300,14:45:00,5.5,9.1,40365300,14:45:00,5.5,9.1,40365300,14:45:00
201908030610,201905050810,2019-05-05,14:50:00,09,16.0,23.1,10590200.0,13:50:00,17.0,24.6,12661800,14:17:00,20.1,33.0,27232700,14:39:00,24.2,41.2,40365300,14:45:00,24.2,41.2,40365300,14:45:00,24.2,41.2,40365300,14:45:00
201908030610,201905050810,2019-05-05,14:50:00,10,3.1,4.3,10590200.0,13:50:00,3.3,4.6,12661800,14:17:00,3.4,5.4,27232700,14:39:00,3.5,5.7,40365300,14:45:00,3.5,5.7,40365300,14:45:00,3.5,5.7,40365300,14:45:00
201908030610,201905050810,2019-05-05,14:50:00,11,12.1,17.4,10590200.0,13:50:00,12.4,18.0,12661800,14:17:00,13.1,21.5,27232700,14:39:00,13.8,23.6,40365300,14:45:00,13.8,23.6,40365300,14:45:00,13.8,23.6,40365300,14:45:00
201908030610,201905050810,2019-05-05,14:50:00,12,15.1,21.8,10590200.0,13:50:00,16.4,23.8,12661800,14:17:00,17.1,28.1,27232700,14:39:00,18.1,30.7,40365300,14:45:00,18.1,30.7,40365300,14:45:00,18.1,30.7,40365300,14:45:00
201908030610,201905050810,2019-05-05,14:50:00,13,5.4,7.7,10590200.0,13:50:00,5.9,8.4,12661800,14:17:00,7.4,12.0,27232700,14:39:00,7.9,13.2,40365300,14:45:00,7.9,13.2,40365300,14:45:00,7.9,13.2,40365300,14:45:00
201908030610,201905050810,2019-05-05,14:50:00,14,2.6,3.6,10590200.0,13:50:00,2.4,3.3,12661800,14:17:00,2.3,3.5,27232700,14:39:00,2.1,3.4,40365300,14:45:00,2.1,3.4,40365300,14:45:00,2.1,3.4,40365300,14:45:00
201908030610,201905050810,2019-05-05,14:50:00,15,7.3,10.4,10590200.0,13:50:00,7.4,10.6,12661800,14:17:00,6.1,9.9,27232700,14:39:00,6.0,10.1,40365300,14:45:00,6.0,10.1,40365300,14:45:00,6.0,10.1,40365300,14:45:00
201908030610,201905050810,2019-05-05,14:50:00,16,7.4,10.6,10590200.0,13:50:00,7.4,10.7,12661800,14:17:00,7.3,11.9,27232700,14:39:00,6.9,11.6,40365300,14:45:00,6.9,11.6,40365300,14:45:00,6.9,11.6,40365300,14:45:00
201908030611,201905050811,2019-05-05,15:30:00,01,6.6,10.5,19153700.0,14:28:00,6.6,10.3,23273300,14:56:00,7.5,12.0,41629200,15:19:00,7.4,12.7,54164300,15:24:00,7.4,12.7,54164300,15:24:00,7.4,12.7,54164300,15:24:00
201908030611,201905050811,2019-05-05,15:30:00,02,4.8,7.6,19153700.0,14:28:00,4.4,6.7,23273300,14:56:00,5.1,8.0,41629200,15:19:00,5.1,8.7,54164300,15:24:00,5.1,8.7,54164300,15:24:00,5.1,8.7,54164300,15:24:00
201908030611,201905050811,2019-05-05,15:30:00,03,3.9,6.1,19153700.0,14:28:00,3.5,5.4,23273300,14:56:00,3.8,6.0,41629200,15:19:00,3.9,6.5,54164300,15:24:00,3.9,6.5,54164300,15:24:00,3.9,6.5,54164300,15:24:00
201908030611,201905050811,2019-05-05,15:30:00,04,1.2,1.3,19153700.0,14:28:00,1.2,1.3,23273300,14:56:00,1.2,1.3,41629200,15:19:00,1.1,1.2,54164300,15:24:00,1.1,1.2,54164300,15:24:00,1.1,1.2,54164300,15:24:00
201908030611,201905050811,2019-05-05,15:30:00,05,4.5,6.9,19153700.0,14:28:00,4.2,6.5,23273300,14:56:00,4.4,6.9,41629200,15:19:00,4.6,7.8,54164300,15:24:00,4.6,7.8,54164300,15:24:00,4.6,7.8,54164300,15:24:00
201908030611,201905050811,2019-05-05,15:30:00,06,6.8,10.7,19153700.0,14:28:00,7.3,11.5,23273300,14:56:00,8.1,13.0,41629200,15:19:00,9.1,15.8,54164300,15:24:00,9.1,15.8,54164300,15:24:00,9.1,15.8,54164300,15:24:00
201908030611,201905050811,2019-05-05,15:30:00,07,2.5,3.8,19153700.0,14:28:00,2.5,3.8,23273300,14:56:00,2.3,3.4,41629200,15:19:00,2.2,3.5,54164300,15:24:00,2.2,3.5,54164300,15:24:00,2.2,3.5,54164300,15:24:00
201908030611,201905050811,2019-05-05,15:30:00,08,18.5,29.4,19153700.0,14:28:00,19.5,30.5,23273300,14:56:00,25.2,40.4,41629200,15:19:00,27.3,47.6,54164300,15:24:00,27.3,47.6,54164300,15:24:00,27.3,47.6,54164300,15:24:00
201908030611,201905050811,2019-05-05,15:30:00,09,2.6,3.9,19153700.0,14:28:00,2.5,3.7,23273300,14:56:00,2.4,3.7,41629200,15:19:00,2.4,3.9,54164300,15:24:00,2.4,3.9,54164300,15:24:00,2.4,3.9,54164300,15:24:00
201908030611,201905050811,2019-05-05,15:30:00,10,2.6,3.9,19153700.0,14:28:00,2.6,3.9,23273300,14:56:00,2.4,3.7,41629200,15:19:00,2.3,3.6,54164300,15:24:00,2.3,3.6,54164300,15:24:00,2.3,3.6,54164300,15:24:00
201908030611,201905050811,2019-05-05,15:30:00,11,2.8,4.2,19153700.0,14:28:00,3.0,4.4,23273300,14:56:00,2.9,4.4,41629200,15:19:00,2.9,4.8,54164300,15:24:00,2.9,4.8,54164300,15:24:00,2.9,4.8,54164300,15:24:00
201908030611,201905050811,2019-05-05,15:30:00,12,8.4,13.3,19153700.0,14:28:00,9.0,14.1,23273300,14:56:00,10.6,16.9,41629200,15:19:00,11.3,19.7,54164300,15:24:00,11.3,19.7,54164300,15:24:00,11.3,19.7,54164300,15:24:00
201908030611,201905050811,2019-05-05,15:30:00,13,8.3,13.1,19153700.0,14:28:00,7.9,12.5,23273300,14:56:00,7.9,12.6,41629200,15:19:00,8.6,14.9,54164300,15:24:00,8.6,14.9,54164300,15:24:00,8.6,14.9,54164300,15:24:00
201908030611,201905050811,2019-05-05,15:30:00,14,4.8,7.5,19153700.0,14:28:00,5.0,7.8,23273300,14:56:00,5.0,7.9,41629200,15:19:00,4.8,8.1,54164300,15:24:00,4.8,8.1,54164300,15:24:00,4.8,8.1,54164300,15:24:00
201908030611,201905050811,2019-05-05,15:30:00,15,7.2,11.3,19153700.0,14:28:00,7.3,11.3,23273300,14:56:00,8.0,12.8,41629200,15:19:00,8.7,15.1,54164300,15:24:00,8.7,15.1,54164300,15:24:00,8.7,15.1,54164300,15:24:00
201908030611,201905050811,2019-05-05,15:30:00,16,4.6,7.2,19153700.0,14:28:00,4.9,7.5,23273300,14:56:00,4.8,7.5,41629200,15:19:00,4.9,8.4,54164300,15:24:00,4.9,8.4,54164300,15:24:00,4.9,8.4,54164300,15:24:00
201908030611,201905050811,2019-05-05,15:30:00,17,3.5,5.3,19153700.0,14:28:00,3.5,5.4,23273300,14:56:00,3.0,4.6,41629200,15:19:00,3.0,4.9,54164300,15:24:00,3.0,4.9,54164300,15:24:00,3.0,4.9,54164300,15:24:00
201908030612,201905050812,2019-05-05,16:10:00,01,2.3,3.0,4792200.0,15:10:00,2.5,3.2,5884400,15:36:00,2.2,3.1,14556300,15:59:00,2.1,2.9,24333900,16:04:00,2.1,2.9,24333900,16:04:00,2.1,2.9,24333900,16:04:00
201908030612,201905050812,2019-05-05,16:10:00,02,1.5,1.8,4792200.0,15:10:00,1.5,1.9,5884400,15:36:00,1.6,2.2,14556300,15:59:00,1.5,2.0,24333900,16:04:00,1.5,2.0,24333900,16:04:00,1.5,2.0,24333900,16:04:00
201908030612,201905050812,2019-05-05,16:10:00,03,1.7,2.2,4792200.0,15:10:00,1.6,2.1,5884400,15:36:00,1.3,1.7,14556300,15:59:00,1.5,1.9,24333900,16:04:00,1.5,1.9,24333900,16:04:00,1.5,1.9,24333900,16:04:00
201908030612,201905050812,2019-05-05,16:10:00,04,2.8,3.7,4792200.0,15:10:00,2.7,3.6,5884400,15:36:00,3.7,5.4,14556300,15:59:00,3.9,5.5,24333900,16:04:00,3.9,5.5,24333900,16:04:00,3.9,5.5,24333900,16:04:00
201908030612,201905050812,2019-05-05,16:10:00,05,1.6,2.1,4792200.0,15:10:00,1.6,2.0,5884400,15:36:00,1.5,2.0,14556300,15:59:00,1.6,2.1,24333900,16:04:00,1.6,2.1,24333900,16:04:00,1.6,2.1,24333900,16:04:00
201908030612,201905050812,2019-05-05,16:10:00,06,3.2,4.2,4792200.0,15:10:00,3.6,4.7,5884400,15:36:00,4.7,6.8,14556300,15:59:00,5.3,7.5,24333900,16:04:00,5.3,7.5,24333900,16:04:00,5.3,7.5,24333900,16:04:00
201908030612,201905050812,2019-05-05,16:10:00,07,2.3,3.1,4792200.0,15:10:00,2.1,2.8,5884400,15:36:00,2.2,3.1,14556300,15:59:00,2.0,2.8,24333900,16:04:00,2.0,2.8,24333900,16:04:00,2.0,2.8,24333900,16:04:00
201908030612,201905050812,2019-05-05,16:10:00,08,6.0,7.8,4792200.0,15:10:00,6.7,8.7,5884400,15:36:00,8.9,12.8,14556300,15:59:00,10.9,15.2,24333900,16:04:00,10.9,15.2,24333900,16:04:00,10.9,15.2,24333900,16:04:00
201908030612,201905050812,2019-05-05,16:10:00,09,1.6,2.0,4792200.0,15:10:00,1.7,2.2,5884400,15:36:00,1.4,1.9,14556300,15:59:00,1.5,1.9,24333900,16:04:00,1.5,1.9,24333900,16:04:00,1.5,1.9,24333900,16:04:00
201908030701,201905110801,2019-05-11,09:55:00,01,3.1,5.9,5412700.0,08:55:00,2.9,5.5,7742700,09:25:00,3.0,5.8,13457300,09:44:00,3.0,5.8,17810500,09:50:00,3.0,5.8,17810500,09:50:00,3.0,5.8,17810500,09:50:00
201908030701,201905110801,2019-05-11,09:55:00,02,3.7,7.1,5412700.0,08:55:00,3.7,7.2,7742700,09:25:00,3.9,7.7,13457300,09:44:00,3.8,7.4,17810500,09:50:00,3.8,7.4,17810500,09:50:00,3.8,7.4,17810500,09:50:00
201908030701,201905110801,2019-05-11,09:55:00,03,44.1,88.9,5412700.0,08:55:00,46.7,96.6,7742700,09:25:00,46.3,97.1,13457300,09:44:00,46.6,95.8,17810500,09:50:00,46.6,95.8,17810500,09:50:00,46.6,95.8,17810500,09:50:00
201908030701,201905110801,2019-05-11,09:55:00,04,3.0,5.7,5412700.0,08:55:00,3.1,6.0,7742700,09:25:00,3.0,5.9,13457300,09:44:00,3.1,5.9,17810500,09:50:00,3.1,5.9,17810500,09:50:00,3.1,5.9,17810500,09:50:00
201908030701,201905110801,2019-05-11,09:55:00,05,5.4,10.5,5412700.0,08:55:00,4.9,9.8,7742700,09:25:00,5.6,11.4,13457300,09:44:00,5.6,11.0,17810500,09:50:00,5.6,11.0,17810500,09:50:00,5.6,11.0,17810500,09:50:00
201908030701,201905110801,2019-05-11,09:55:00,06,21.8,43.7,5412700.0,08:55:00,22.9,47.4,7742700,09:25:00,23.4,49.0,13457300,09:44:00,25.2,51.7,17810500,09:50:00,25.2,51.7,17810500,09:50:00,25.2,51.7,17810500,09:50:00
201908030701,201905110801,2019-05-11,09:55:00,07,7.1,14.0,5412700.0,08:55:00,7.6,15.4,7742700,09:25:00,8.2,16.8,13457300,09:44:00,8.3,16.7,17810500,09:50:00,8.3,16.7,17810500,09:50:00,8.3,16.7,17810500,09:50:00
201908030701,201905110801,2019-05-11,09:55:00,08,1.5,2.3,5412700.0,08:55:00,1.5,2.5,7742700,09:25:00,1.4,2.3,13457300,09:44:00,1.4,2.4,17810500,09:50:00,1.4,2.4,17810500,09:50:00,1.4,2.4,17810500,09:50:00
201908030701,201905110801,2019-05-11,09:55:00,09,8.0,15.7,5412700.0,08:55:00,8.7,17.6,7742700,09:25:00,9.8,20.3,13457300,09:44:00,10.2,20.7,17810500,09:50:00,10.2,20.7,17810500,09:50:00,10.2,20.7,17810500,09:50:00
201908030701,201905110801,2019-05-11,09:55:00,10,4.6,8.9,5412700.0,08:55:00,4.6,9.0,7742700,09:25:00,5.0,10.0,13457300,09:44:00,5.0,9.9,17810500,09:50:00,5.0,9.9,17810500,09:50:00,5.0,9.9,17810500,09:50:00
201908030701,201905110801,2019-05-11,09:55:00,11,16.6,33.4,5412700.0,08:55:00,17.3,35.7,7742700,09:25:00,21.4,44.7,13457300,09:44:00,22.9,47.0,17810500,09:50:00,22.9,47.0,17810500,09:50:00,22.9,47.0,17810500,09:50:00
201908030701,201905110801,2019-05-11,09:55:00,12,12.4,24.7,5412700.0,08:55:00,13.0,26.7,7742700,09:25:00,14.5,30.1,13457300,09:44:00,13.8,28.1,17810500,09:50:00,13.8,28.1,17810500,09:50:00,13.8,28.1,17810500,09:50:00
201908030701,201905110801,2019-05-11,09:55:00,13,1.7,2.9,5412700.0,08:55:00,1.7,3.1,7742700,09:25:00,1.7,3.0,13457300,09:44:00,1.6,2.8,17810500,09:50:00,1.6,2.8,17810500,09:50:00,1.6,2.8,17810500,09:50:00
201908030701,201905110801,2019-05-11,09:55:00,14,2.7,4.9,5412700.0,08:55:00,2.7,5.2,7742700,09:25:00,2.6,5.0,13457300,09:44:00,2.6,4.9,17810500,09:50:00,2.6,4.9,17810500,09:50:00,2.6,4.9,17810500,09:50:00
201908030701,201905110801,2019-05-11,09:55:00,15,2.7,5.1,5412700.0,08:55:00,2.6,5.0,7742700,09:25:00,2.4,4.6,13457300,09:44:00,2.5,4.6,17810500,09:50:00,2.5,4.6,17810500,09:50:00,2.5,4.6,17810500,09:50:00
201908030701,201905110801,2019-05-11,09:55:00,16,1.1,1.2,5412700.0,08:55:00,1.1,1.1,7742700,09:25:00,1.1,1.2,13457300,09:44:00,1.1,1.2,17810500,09:50:00,1.1,1.2,17810500,09:50:00,1.1,1.2,17810500,09:50:00
201908030702,201905110802,2019-05-11,10:25:00,01,2.5,3.3,2524400.0,09:19:00,2.5,3.3,4060600,09:55:00,2.3,3.4,9011300,10:14:00,1.7,2.5,15366200,10:20:00,1.7,2.5,15366200,10:20:00,1.7,2.5,15366200,10:20:00
201908030702,201905110802,2019-05-11,10:25:00,02,2.9,3.9,2524400.0,09:19:00,2.9,3.8,4060600,09:55:00,2.3,3.4,9011300,10:14:00,2.3,3.4,15366200,10:20:00,2.3,3.4,15366200,10:20:00,2.3,3.4,15366200,10:20:00
201908030702,201905110802,2019-05-11,10:25:00,03,8.8,12.0,2524400.0,09:19:00,7.8,10.5,4060600,09:55:00,11.2,17.9,9011300,10:14:00,15.7,25.0,15366200,10:20:00,15.7,25.0,15366200,10:20:00,15.7,25.0,15366200,10:20:00
201908030702,201905110802,2019-05-11,10:25:00,04,3.3,4.3,2524400.0,09:19:00,3.1,4.1,4060600,09:55:00,3.0,4.6,9011300,10:14:00,2.7,4.1,15366200,10:20:00,2.7,4.1,15366200,10:20:00,2.7,4.1,15366200,10:20:00
201908030702,201905110802,2019-05-11,10:25:00,05,6.5,8.9,2524400.0,09:19:00,6.3,8.4,4060600,09:55:00,6.0,9.4,9011300,10:14:00,7.0,11.1,15366200,10:20:00,7.0,11.1,15366200,10:20:00,7.0,11.1,15366200,10:20:00
201908030702,201905110802,2019-05-11,10:25:00,06,6.3,8.5,2524400.0,09:19:00,7.1,9.5,4060600,09:55:00,8.4,13.4,9011300,10:14:00,9.4,14.9,15366200,10:20:00,9.4,14.9,15366200,10:20:00,9.4,14.9,15366200,10:20:00
201908030702,201905110802,2019-05-11,10:25:00,07,11.4,15.5,2524400.0,09:19:00,12.7,16.9,4060600,09:55:00,16.0,25.5,9011300,10:14:00,17.7,28.1,15366200,10:20:00,17.7,28.1,15366200,10:20:00,17.7,28.1,15366200,10:20:00
201908030702,201905110802,2019-05-11,10:25:00,08,5.8,7.9,2524400.0,09:19:00,5.6,7.4,4060600,09:55:00,7.2,11.5,9011300,10:14:00,10.0,15.9,15366200,10:20:00,10.0,15.9,15366200,10:20:00,10.0,15.9,15366200,10:20:00
201908030702,201905110802,2019-05-11,10:25:00,09,2.7,3.6,2524400.0,09:19:00,3.1,4.1,4060600,09:55:00,3.4,5.2,9011300,10:14:00,4.0,6.2,15366200,10:20:00,4.0,6.2,15366200,10:20:00,4.0,6.2,15366200,10:20:00
201908030702,201905110802,2019-05-11,10:25:00,10,2.2,2.8,2524400.0,09:19:00,2.4,3.0,4060600,09:55:00,1.7,2.4,9011300,10:14:00,1.7,2.3,15366200,10:20:00,1.7,2.3,15366200,10:20:00,1.7,2.3,15366200,10:20:00
201908030702,201905110802,2019-05-11,10:25:00,11,3.5,4.7,2524400.0,09:19:00,3.6,4.7,4060600,09:55:00,3.3,5.1,9011300,10:14:00,3.1,4.7,15366200,10:20:00,3.1,4.7,15366200,10:20:00,3.1,4.7,15366200,10:20:00
201908030702,201905110802,2019-05-11,10:25:00,12,3.8,5.2,2524400.0,09:19:00,4.0,5.3,4060600,09:55:00,4.2,6.5,9011300,10:14:00,4.6,7.1,15366200,10:20:00,4.6,7.1,15366200,10:20:00,4.6,7.1,15366200,10:20:00
201908030702,201905110802,2019-05-11,10:25:00,13,4.3,5.8,2524400.0,09:19:00,3.6,4.7,4060600,09:55:00,4.2,6.5,9011300,10:14:00,5.1,8.0,15366200,10:20:00,5.1,8.0,15366200,10:20:00,5.1,8.0,15366200,10:20:00
201908030702,201905110802,2019-05-11,10:25:00,14,5.0,6.7,2524400.0,09:19:00,4.6,6.1,4060600,09:55:00,4.5,7.1,9011300,10:14:00,5.2,8.2,15366200,10:20:00,5.2,8.2,15366200,10:20:00,5.2,8.2,15366200,10:20:00
201908030702,201905110802,2019-05-11,10:25:00,15,5.5,7.5,2524400.0,09:19:00,6.1,8.1,4060600,09:55:00,7.8,12.4,9011300,10:14:00,9.1,14.4,15366200,10:20:00,9.1,14.4,15366200,10:20:00,9.1,14.4,15366200,10:20:00
201908030702,201905110802,2019-05-11,10:25:00,16,1.6,1.8,2524400.0,09:19:00,1.6,1.8,4060600,09:55:00,1.3,1.5,9011300,10:14:00,1.3,1.5,15366200,10:20:00,1.3,1.5,15366200,10:20:00,1.3,1.5,15366200,10:20:00
201908030703,201905110803,2019-05-11,10:55:00,01,1.2,4.6,8419700.0,09:55:00,1.2,4.5,11368500,10:20:00,1.1,3.7,23316300,10:44:00,1.0,3.9,47411100,10:50:00,1.0,3.9,47411100,10:50:00,1.0,3.9,47411100,10:50:00
201908030703,201905110803,2019-05-11,10:55:00,02,12.3,85.8,8419700.0,09:55:00,11.2,87.0,11368500,10:20:00,15.6,113.9,23316300,10:44:00,21.3,182.4,47411100,10:50:00,21.3,182.4,47411100,10:50:00,21.3,182.4,47411100,10:50:00
201908030703,201905110803,2019-05-11,10:55:00,03,5.3,35.0,8419700.0,09:55:00,5.7,42.8,11368500,10:20:00,8.1,57.9,23316300,10:44:00,10.9,91.8,47411100,10:50:00,10.9,91.8,47411100,10:50:00,10.9,91.8,47411100,10:50:00
201908030703,201905110803,2019-05-11,10:55:00,04,3.9,24.9,8419700.0,09:55:00,3.9,27.8,11368500,10:20:00,3.8,25.7,23316300,10:44:00,4.5,35.2,47411100,10:50:00,4.5,35.2,47411100,10:50:00,4.5,35.2,47411100,10:50:00
201908030703,201905110803,2019-05-11,10:55:00,05,2.5,15.1,8419700.0,09:55:00,2.5,16.7,11368500,10:20:00,2.3,13.9,23316300,10:44:00,2.7,19.6,47411100,10:50:00,2.7,19.6,47411100,10:50:00,2.7,19.6,47411100,10:50:00
201908030703,201905110803,2019-05-11,10:55:00,06,3.9,24.9,8419700.0,09:55:00,4.0,28.8,11368500,10:20:00,4.0,27.2,23316300,10:44:00,4.5,35.6,47411100,10:50:00,4.5,35.6,47411100,10:50:00,4.5,35.6,47411100,10:50:00
201908030703,201905110803,2019-05-11,10:55:00,07,8.3,57.1,8419700.0,09:55:00,9.0,69.7,11368500,10:20:00,12.7,92.7,23316300,10:44:00,15.8,134.5,47411100,10:50:00,15.8,134.5,47411100,10:50:00,15.8,134.5,47411100,10:50:00
201908030703,201905110803,2019-05-11,10:55:00,08,9.2,63.4,8419700.0,09:55:00,10.4,80.6,11368500,10:20:00,9.9,71.4,23316300,10:44:00,11.6,97.7,47411100,10:50:00,11.6,97.7,47411100,10:50:00,11.6,97.7,47411100,10:50:00
201908030703,201905110803,2019-05-11,10:55:00,09,14.9,104.4,8419700.0,09:55:00,15.6,122.6,11368500,10:20:00,14.7,107.7,23316300,10:44:00,18.3,156.0,47411100,10:50:00,18.3,156.0,47411100,10:50:00,18.3,156.0,47411100,10:50:00
201908030703,201905110803,2019-05-11,10:55:00,10,17.4,122.5,8419700.0,09:55:00,18.6,146.9,11368500,10:20:00,26.4,195.1,23316300,10:44:00,30.5,262.5,47411100,10:50:00,30.5,262.5,47411100,10:50:00,30.5,262.5,47411100,10:50:00
201908030703,201905110803,2019-05-11,10:55:00,11,2.3,13.8,8419700.0,09:55:00,2.2,14.8,11368500,10:20:00,2.2,13.4,23316300,10:44:00,2.1,14.8,47411100,10:50:00,2.1,14.8,47411100,10:50:00,2.1,14.8,47411100,10:50:00
201908030703,201905110803,2019-05-11,10:55:00,12,12.4,86.1,8419700.0,09:55:00,12.0,93.4,11368500,10:20:00,11.5,83.6,23316300,10:44:00,14.0,118.7,47411100,10:50:00,14.0,118.7,47411100,10:50:00,14.0,118.7,47411100,10:50:00
201908030703,201905110803,2019-05-11,10:55:00,13,3.8,24.3,8419700.0,09:55:00,3.7,26.3,11368500,10:20:00,3.8,25.7,23316300,10:44:00,4.2,32.8,47411100,10:50:00,4.2,32.8,47411100,10:50:00,4.2,32.8,47411100,10:50:00
201908030703,201905110803,2019-05-11,10:55:00,14,5.5,36.9,8419700.0,09:55:00,5.6,42.2,11368500,10:20:00,8.3,59.0,23316300,10:44:00,10.1,84.4,47411100,10:50:00,10.1,84.4,47411100,10:50:00,10.1,84.4,47411100,10:50:00
201908030703,201905110803,2019-05-11,10:55:00,15,1.0,1.1,8419700.0,09:55:00,1.0,1.1,11368500,10:20:00,1.0,1.1,23316300,10:44:00,1.0,1.1,47411100,10:50:00,1.0,1.1,47411100,10:50:00,1.0,1.1,47411100,10:50:00
201908030703,201905110803,2019-05-11,10:55:00,16,3.1,19.1,8419700.0,09:55:00,3.1,21.7,11368500,10:20:00,3.3,21.5,23316300,10:44:00,2.8,20.9,47411100,10:50:00,2.8,20.9,47411100,10:50:00,2.8,20.9,47411100,10:50:00
201908030703,201905110803,2019-05-11,10:55:00,17,2.5,15.1,8419700.0,09:55:00,2.5,16.6,11368500,10:20:00,2.0,11.9,23316300,10:44:00,1.6,10.0,47411100,10:50:00,1.6,10.0,47411100,10:50:00,1.6,10.0,47411100,10:50:00
201908030704,201905110804,2019-05-11,11:25:00,01,1.4,2.3,1315900.0,10:22:00,1.4,2.3,1754600,10:52:00,1.1,1.9,6297600,11:14:00,1.1,1.9,9734700,11:20:00,1.1,1.9,9734700,11:20:00,1.1,1.9,9734700,11:20:00
201908030704,201905110804,2019-05-11,11:25:00,02,3.8,6.9,1315900.0,10:22:00,3.1,5.8,1754600,10:52:00,4.9,11.2,6297600,11:14:00,5.8,12.9,9734700,11:20:00,5.8,12.9,9734700,11:20:00,5.8,12.9,9734700,11:20:00
201908030704,201905110804,2019-05-11,11:25:00,03,4.8,8.8,1315900.0,10:22:00,4.9,9.5,1754600,10:52:00,8.4,19.7,6297600,11:14:00,9.9,22.4,9734700,11:20:00,9.9,22.4,9734700,11:20:00,9.9,22.4,9734700,11:20:00
201908030704,201905110804,2019-05-11,11:25:00,04,3.2,5.8,1315900.0,10:22:00,3.5,6.7,1754600,10:52:00,4.6,10.5,6297600,11:14:00,4.9,10.9,9734700,11:20:00,4.9,10.9,9734700,11:20:00,4.9,10.9,9734700,11:20:00
201908030704,201905110804,2019-05-11,11:25:00,05,1.2,2.0,1315900.0,10:22:00,1.3,2.2,1754600,10:52:00,1.3,2.5,6297600,11:14:00,1.2,2.2,9734700,11:20:00,1.2,2.2,9734700,11:20:00,1.2,2.2,9734700,11:20:00
201908030704,201905110804,2019-05-11,11:25:00,06,1.1,1.6,1315900.0,10:22:00,1.2,1.8,1754600,10:52:00,1.1,1.5,6297600,11:14:00,1.1,1.6,9734700,11:20:00,1.1,1.6,9734700,11:20:00,1.1,1.6,9734700,11:20:00
201908030704,201905110804,2019-05-11,11:25:00,07,1.1,1.3,1315900.0,10:22:00,1.1,1.2,1754600,10:52:00,1.1,1.2,6297600,11:14:00,1.1,1.2,9734700,11:20:00,1.1,1.2,9734700,11:20:00,1.1,1.2,9734700,11:20:00
201908030704,201905110804,2019-05-11,11:25:00,08,4.9,8.9,1315900.0,10:22:00,5.0,9.8,1754600,10:52:00,7.6,17.7,6297600,11:14:00,8.1,18.3,9734700,11:20:00,8.1,18.3,9734700,11:20:00,8.1,18.3,9734700,11:20:00
201908030704,201905110804,2019-05-11,11:25:00,09,4.4,8.1,1315900.0,10:22:00,4.4,8.6,1754600,10:52:00,7.8,18.1,6297600,11:14:00,8.9,20.1,9734700,11:20:00,8.9,20.1,9734700,11:20:00,8.9,20.1,9734700,11:20:00
201908030705,201905110805,2019-05-11,12:15:00,01,23.3,41.1,2697700.0,11:12:00,30.2,55.1,5552100,11:45:00,35.1,61.7,11128500,12:04:00,36.7,71.4,15204100,12:09:00,36.7,71.4,15204100,12:09:00,46.6,81.0,29578000,12:14:00
201908030705,201905110805,2019-05-11,12:15:00,02,6.4,11.2,2697700.0,11:12:00,7.7,13.9,5552100,11:45:00,8.3,14.3,11128500,12:04:00,8.4,16.1,15204100,12:09:00,8.4,16.1,15204100,12:09:00,9.2,15.7,29578000,12:14:00
201908030705,201905110805,2019-05-11,12:15:00,03,2.2,3.5,2697700.0,11:12:00,1.9,3.1,5552100,11:45:00,1.7,2.7,11128500,12:04:00,1.7,2.8,15204100,12:09:00,1.7,2.8,15204100,12:09:00,1.8,2.7,29578000,12:14:00
201908030705,201905110805,2019-05-11,12:15:00,04,8.9,15.6,2697700.0,11:12:00,13.2,23.9,5552100,11:45:00,16.8,29.5,11128500,12:04:00,18.0,34.9,15204100,12:09:00,18.0,34.9,15204100,12:09:00,29.2,50.6,29578000,12:14:00
201908030705,201905110805,2019-05-11,12:15:00,05,2.5,4.1,2697700.0,11:12:00,2.1,3.4,5552100,11:45:00,1.8,2.9,11128500,12:04:00,1.8,3.1,15204100,12:09:00,1.8,3.1,15204100,12:09:00,1.8,2.8,29578000,12:14:00
201908030705,201905110805,2019-05-11,12:15:00,06,1.4,2.2,2697700.0,11:12:00,1.6,2.5,5552100,11:45:00,1.7,2.7,11128500,12:04:00,1.8,3.0,15204100,12:09:00,1.8,3.0,15204100,12:09:00,1.7,2.5,29578000,12:14:00
201908030705,201905110805,2019-05-11,12:15:00,07,5.3,9.1,2697700.0,11:12:00,6.7,12.0,5552100,11:45:00,6.5,11.2,11128500,12:04:00,6.4,12.2,15204100,12:09:00,6.4,12.2,15204100,12:09:00,7.3,12.4,29578000,12:14:00
201908030705,201905110805,2019-05-11,12:15:00,08,18.4,32.4,2697700.0,11:12:00,25.1,45.8,5552100,11:45:00,26.2,46.0,11128500,12:04:00,24.7,48.0,15204100,12:09:00,24.7,48.0,15204100,12:09:00,20.4,35.3,29578000,12:14:00
201908030705,201905110805,2019-05-11,12:15:00,09,2.0,3.2,2697700.0,11:12:00,1.8,3.0,5552100,11:45:00,1.9,2.9,11128500,12:04:00,1.8,3.1,15204100,12:09:00,1.8,3.1,15204100,12:09:00,1.7,2.6,29578000,12:14:00
201908030705,201905110805,2019-05-11,12:15:00,10,1.2,1.7,2697700.0,11:12:00,1.2,1.6,5552100,11:45:00,1.3,1.6,11128500,12:04:00,1.1,1.4,15204100,12:09:00,1.1,1.4,15204100,12:09:00,1.2,1.5,29578000,12:14:00
201908030705,201905110805,2019-05-11,12:15:00,11,4.3,7.3,2697700.0,11:12:00,5.4,9.5,5552100,11:45:00,6.2,10.6,11128500,12:04:00,6.6,12.6,15204100,12:09:00,6.6,12.6,15204100,12:09:00,7.2,12.1,29578000,12:14:00
201908030705,201905110805,2019-05-11,12:15:00,12,1.2,1.6,2697700.0,11:12:00,1.2,1.6,5552100,11:45:00,1.3,1.7,11128500,12:04:00,1.3,1.8,15204100,12:09:00,1.3,1.8,15204100,12:09:00,1.4,2.0,29578000,12:14:00
201908030705,201905110805,2019-05-11,12:15:00,13,10.9,19.2,2697700.0,11:12:00,14.9,27.2,5552100,11:45:00,17.8,31.3,11128500,12:04:00,20.1,38.9,15204100,12:09:00,20.1,38.9,15204100,12:09:00,30.7,53.2,29578000,12:14:00
201908030706,201905110806,2019-05-11,12:45:00,01,1.1,1.1,3221600.0,11:44:00,1.1,1.1,3943500,12:12:00,1.1,1.2,7579500,12:34:00,1.1,1.1,13452800,12:39:00,1.1,1.1,13452800,12:39:00,1.1,1.1,13452800,12:39:00
201908030706,201905110806,2019-05-11,12:45:00,02,2.1,4.7,3221600.0,11:44:00,2.0,4.3,3943500,12:12:00,1.7,3.4,7579500,12:34:00,2.0,4.3,13452800,12:39:00,2.0,4.3,13452800,12:39:00,2.0,4.3,13452800,12:39:00
201908030706,201905110806,2019-05-11,12:45:00,03,1.2,2.3,3221600.0,11:44:00,1.3,2.4,3943500,12:12:00,1.3,2.3,7579500,12:34:00,1.2,2.3,13452800,12:39:00,1.2,2.3,13452800,12:39:00,1.2,2.3,13452800,12:39:00
201908030706,201905110806,2019-05-11,12:45:00,04,2.0,4.4,3221600.0,11:44:00,2.2,4.7,3943500,12:12:00,2.3,4.7,7579500,12:34:00,2.3,5.1,13452800,12:39:00,2.3,5.1,13452800,12:39:00,2.3,5.1,13452800,12:39:00
201908030706,201905110806,2019-05-11,12:45:00,05,2.5,5.7,3221600.0,11:44:00,2.2,4.7,3943500,12:12:00,2.1,4.3,7579500,12:34:00,2.3,5.0,13452800,12:39:00,2.3,5.0,13452800,12:39:00,2.3,5.0,13452800,12:39:00
201908030706,201905110806,2019-05-11,12:45:00,06,8.6,20.3,3221600.0,11:44:00,8.2,18.5,3943500,12:12:00,10.5,22.0,7579500,12:34:00,14.1,33.5,13452800,12:39:00,14.1,33.5,13452800,12:39:00,14.1,33.5,13452800,12:39:00
201908030706,201905110806,2019-05-11,12:45:00,07,2.6,5.8,3221600.0,11:44:00,2.3,5.0,3943500,12:12:00,2.5,5.0,7579500,12:34:00,2.5,5.5,13452800,12:39:00,2.5,5.5,13452800,12:39:00,2.5,5.5,13452800,12:39:00
201908030706,201905110806,2019-05-11,12:45:00,08,1.1,2.0,3221600.0,11:44:00,1.1,1.8,3943500,12:12:00,1.1,1.5,7579500,12:34:00,1.1,1.5,13452800,12:39:00,1.1,1.5,13452800,12:39:00,1.1,1.5,13452800,12:39:00
201908030707,201905110807,2019-05-11,13:15:00,01,1.9,2.9,2713800.0,12:14:00,1.7,2.9,3684400,12:45:00,1.4,2.4,8786100,13:04:00,1.5,2.7,14271100,13:09:00,1.5,2.7,14271100,13:09:00,1.5,2.7,14271100,13:09:00
201908030707,201905110807,2019-05-11,13:15:00,02,1.3,1.7,2713800.0,12:14:00,1.2,1.6,3684400,12:45:00,1.2,1.8,8786100,13:04:00,1.2,1.6,14271100,13:09:00,1.2,1.6,14271100,13:09:00,1.2,1.6,14271100,13:09:00
201908030707,201905110807,2019-05-11,13:15:00,03,4.1,6.8,2713800.0,12:14:00,4.1,7.3,3684400,12:45:00,3.0,5.5,8786100,13:04:00,2.8,5.2,14271100,13:09:00,2.8,5.2,14271100,13:09:00,2.8,5.2,14271100,13:09:00
201908030707,201905110807,2019-05-11,13:15:00,04,5.4,9.0,2713800.0,12:14:00,5.3,9.7,3684400,12:45:00,7.9,15.0,8786100,13:04:00,9.1,18.2,14271100,13:09:00,9.1,18.2,14271100,13:09:00,9.1,18.2,14271100,13:09:00
201908030707,201905110807,2019-05-11,13:15:00,05,2.6,4.2,2713800.0,12:14:00,2.6,4.5,3684400,12:45:00,3.1,5.5,8786100,13:04:00,2.8,5.3,14271100,13:09:00,2.8,5.3,14271100,13:09:00,2.8,5.3,14271100,13:09:00
201908030707,201905110807,2019-05-11,13:15:00,06,3.3,5.3,2713800.0,12:14:00,3.6,6.5,3684400,12:45:00,5.3,10.0,8786100,13:04:00,4.6,8.9,14271100,13:09:00,4.6,8.9,14271100,13:09:00,4.6,8.9,14271100,13:09:00
201908030707,201905110807,2019-05-11,13:15:00,07,9.8,16.6,2713800.0,12:14:00,10.0,18.6,3684400,12:45:00,13.1,25.2,8786100,13:04:00,15.2,30.7,14271100,13:09:00,15.2,30.7,14271100,13:09:00,15.2,30.7,14271100,13:09:00
201908030707,201905110807,2019-05-11,13:15:00,08,8.3,14.1,2713800.0,12:14:00,8.6,16.0,3684400,12:45:00,12.2,23.4,8786100,13:04:00,14.4,28.9,14271100,13:09:00,14.4,28.9,14271100,13:09:00,14.4,28.9,14271100,13:09:00
201908030707,201905110807,2019-05-11,13:15:00,09,6.8,11.5,2713800.0,12:14:00,7.4,13.8,3684400,12:45:00,11.6,22.3,8786100,13:04:00,14.9,30.1,14271100,13:09:00,14.9,30.1,14271100,13:09:00,14.9,30.1,14271100,13:09:00
201908030707,201905110807,2019-05-11,13:15:00,10,7.2,12.1,2713800.0,12:14:00,7.7,14.3,3684400,12:45:00,11.3,21.7,8786100,13:04:00,12.7,25.6,14271100,13:09:00,12.7,25.6,14271100,13:09:00,12.7,25.6,14271100,13:09:00
201908030707,201905110807,2019-05-11,13:15:00,11,3.7,6.1,2713800.0,12:14:00,3.5,6.2,3684400,12:45:00,4.6,8.5,8786100,13:04:00,5.2,10.2,14271100,13:09:00,5.2,10.2,14271100,13:09:00,5.2,10.2,14271100,13:09:00
201908030707,201905110807,2019-05-11,13:15:00,12,2.9,4.8,2713800.0,12:14:00,3.3,5.8,3684400,12:45:00,4.2,7.8,8786100,13:04:00,4.5,8.8,14271100,13:09:00,4.5,8.8,14271100,13:09:00,4.5,8.8,14271100,13:09:00
201908030707,201905110807,2019-05-11,13:15:00,13,1.2,1.6,2713800.0,12:14:00,1.1,1.4,3684400,12:45:00,1.1,1.4,8786100,13:04:00,1.1,1.4,14271100,13:09:00,1.1,1.4,14271100,13:09:00,1.1,1.4,14271100,13:09:00
201908030707,201905110807,2019-05-11,13:15:00,14,2.6,4.2,2713800.0,12:14:00,2.6,4.6,3684400,12:45:00,1.9,3.2,8786100,13:04:00,1.7,2.9,14271100,13:09:00,1.7,2.9,14271100,13:09:00,1.7,2.9,14271100,13:09:00
201908030709,201905110809,2019-05-11,14:25:00,01,3.9,5.1,4554500.0,13:21:00,4.3,5.8,6215600,13:54:00,5.4,7.9,14112500,14:14:00,6.1,10.1,22872100,14:19:00,6.1,10.1,22872100,14:19:00,6.1,10.1,22872100,14:19:00
201908030709,201905110809,2019-05-11,14:25:00,02,2.8,3.6,4554500.0,13:21:00,3.1,4.1,6215600,13:54:00,2.3,3.2,14112500,14:14:00,2.1,3.3,22872100,14:19:00,2.1,3.3,22872100,14:19:00,2.1,3.3,22872100,14:19:00
201908030709,201905110809,2019-05-11,14:25:00,03,3.9,5.1,4554500.0,13:21:00,4.2,5.7,6215600,13:54:00,4.8,6.9,14112500,14:14:00,5.7,9.5,22872100,14:19:00,5.7,9.5,22872100,14:19:00,5.7,9.5,22872100,14:19:00
201908030709,201905110809,2019-05-11,14:25:00,04,3.4,4.3,4554500.0,13:21:00,3.5,4.8,6215600,13:54:00,4.4,6.4,14112500,14:14:00,4.2,7.0,22872100,14:19:00,4.2,7.0,22872100,14:19:00,4.2,7.0,22872100,14:19:00
201908030709,201905110809,2019-05-11,14:25:00,05,2.4,3.1,4554500.0,13:21:00,2.3,3.0,6215600,13:54:00,2.1,2.9,14112500,14:14:00,2.3,3.6,22872100,14:19:00,2.3,3.6,22872100,14:19:00,2.3,3.6,22872100,14:19:00
201908030709,201905110809,2019-05-11,14:25:00,06,3.0,3.9,4554500.0,13:21:00,2.7,3.6,6215600,13:54:00,2.4,3.4,14112500,14:14:00,2.2,3.5,22872100,14:19:00,2.2,3.5,22872100,14:19:00,2.2,3.5,22872100,14:19:00
201908030709,201905110809,2019-05-11,14:25:00,07,2.5,3.3,4554500.0,13:21:00,2.7,3.6,6215600,13:54:00,2.9,4.0,14112500,14:14:00,2.8,4.5,22872100,14:19:00,2.8,4.5,22872100,14:19:00,2.8,4.5,22872100,14:19:00
201908030709,201905110809,2019-05-11,14:25:00,08,1.7,2.1,4554500.0,13:21:00,1.6,2.0,6215600,13:54:00,1.6,2.0,14112500,14:14:00,1.2,1.5,22872100,14:19:00,1.2,1.5,22872100,14:19:00,1.2,1.5,22872100,14:19:00
201908030709,201905110809,2019-05-11,14:25:00,09,1.8,2.3,4554500.0,13:21:00,1.7,2.2,6215600,13:54:00,1.8,2.4,14112500,14:14:00,1.8,2.8,22872100,14:19:00,1.8,2.8,22872100,14:19:00,1.8,2.8,22872100,14:19:00
201908030709,201905110809,2019-05-11,14:25:00,10,14.7,18.8,4554500.0,13:21:00,17.0,22.6,6215600,13:54:00,22.4,32.2,14112500,14:14:00,27.0,45.4,22872100,14:19:00,27.0,45.4,22872100,14:19:00,27.0,45.4,22872100,14:19:00
201908030709,201905110809,2019-05-11,14:25:00,11,1.9,2.4,4554500.0,13:21:00,1.7,2.2,6215600,13:54:00,1.5,1.8,14112500,14:14:00,1.4,1.9,22872100,14:19:00,1.4,1.9,22872100,14:19:00,1.4,1.9,22872100,14:19:00
201908030709,201905110809,2019-05-11,14:25:00,12,4.9,6.3,4554500.0,13:21:00,5.6,7.6,6215600,13:54:00,6.6,9.5,14112500,14:14:00,7.7,12.9,22872100,14:19:00,7.7,12.9,22872100,14:19:00,7.7,12.9,22872100,14:19:00
201908030710,201905110810,2019-05-11,15:01:00,01,1.9,2.3,7966700.0,13:57:00,1.7,2.1,10263100,14:29:00,1.5,1.9,22250700,14:50:00,1.4,1.8,30037900,14:55:00,1.4,1.8,30037900,14:55:00,1.4,1.8,30037900,14:55:00
201908030710,201905110810,2019-05-11,15:01:00,02,3.4,4.4,7966700.0,13:57:00,3.2,4.3,10263100,14:29:00,3.3,4.6,22250700,14:50:00,3.2,4.5,30037900,14:55:00,3.2,4.5,30037900,14:55:00,3.2,4.5,30037900,14:55:00
201908030710,201905110810,2019-05-11,15:01:00,03,9.8,13.0,7966700.0,13:57:00,10.0,13.9,10263100,14:29:00,12.4,17.9,22250700,14:50:00,12.9,19.1,30037900,14:55:00,12.9,19.1,30037900,14:55:00,12.9,19.1,30037900,14:55:00
201908030710,201905110810,2019-05-11,15:01:00,04,3.3,4.2,7966700.0,13:57:00,3.4,4.6,10263100,14:29:00,3.2,4.5,22250700,14:50:00,3.2,4.6,30037900,14:55:00,3.2,4.6,30037900,14:55:00,3.2,4.6,30037900,14:55:00
201908030710,201905110810,2019-05-11,15:01:00,05,9.0,11.9,7966700.0,13:57:00,9.0,12.6,10263100,14:29:00,9.7,13.9,22250700,14:50:00,10.3,15.2,30037900,14:55:00,10.3,15.2,30037900,14:55:00,10.3,15.2,30037900,14:55:00
201908030710,201905110810,2019-05-11,15:01:00,06,1.9,2.4,7966700.0,13:57:00,1.8,2.2,10263100,14:29:00,1.7,2.2,22250700,14:50:00,1.7,2.3,30037900,14:55:00,1.7,2.3,30037900,14:55:00,1.7,2.3,30037900,14:55:00
201908030710,201905110810,2019-05-11,15:01:00,07,3.5,4.5,7966700.0,13:57:00,3.4,4.6,10263100,14:29:00,4.4,6.2,22250700,14:50:00,4.3,6.3,30037900,14:55:00,4.3,6.3,30037900,14:55:00,4.3,6.3,30037900,14:55:00
201908030710,201905110810,2019-05-11,15:01:00,08,11.2,14.8,7966700.0,13:57:00,12.3,17.2,10263100,14:29:00,17.4,25.1,22250700,14:50:00,19.5,28.9,30037900,14:55:00,19.5,28.9,30037900,14:55:00,19.5,28.9,30037900,14:55:00
201908030710,201905110810,2019-05-11,15:01:00,09,3.1,4.0,7966700.0,13:57:00,3.0,4.1,10263100,14:29:00,3.1,4.3,22250700,14:50:00,3.0,4.3,30037900,14:55:00,3.0,4.3,30037900,14:55:00,3.0,4.3,30037900,14:55:00
201908030710,201905110810,2019-05-11,15:01:00,10,4.7,6.1,7966700.0,13:57:00,5.2,7.1,10263100,14:29:00,7.3,10.4,22250700,14:50:00,8.1,12.0,30037900,14:55:00,8.1,12.0,30037900,14:55:00,8.1,12.0,30037900,14:55:00
201908030710,201905110810,2019-05-11,15:01:00,11,17.6,23.2,7966700.0,13:57:00,17.4,24.2,10263100,14:29:00,18.8,27.1,22250700,14:50:00,19.7,29.2,30037900,14:55:00,19.7,29.2,30037900,14:55:00,19.7,29.2,30037900,14:55:00
201908030710,201905110810,2019-05-11,15:01:00,12,10.2,13.6,7966700.0,13:57:00,9.8,13.6,10263100,14:29:00,11.8,17.0,22250700,14:50:00,12.8,19.0,30037900,14:55:00,12.8,19.0,30037900,14:55:00,12.8,19.0,30037900,14:55:00
201908030710,201905110810,2019-05-11,15:01:00,13,2.2,2.9,7966700.0,13:57:00,2.2,3.0,10263100,14:29:00,1.9,2.6,22250700,14:50:00,1.9,2.6,30037900,14:55:00,1.9,2.6,30037900,14:55:00,1.9,2.6,30037900,14:55:00
201908030710,201905110810,2019-05-11,15:01:00,14,2.2,2.8,7966700.0,13:57:00,2.2,2.9,10263100,14:29:00,1.8,2.4,22250700,14:50:00,1.8,2.4,30037900,14:55:00,1.8,2.4,30037900,14:55:00,1.8,2.4,30037900,14:55:00
201908030710,201905110810,2019-05-11,15:01:00,15,3.6,4.7,7966700.0,13:57:00,3.5,4.7,10263100,14:29:00,4.1,5.7,22250700,14:50:00,4.1,6.0,30037900,14:55:00,4.1,6.0,30037900,14:55:00,4.1,6.0,30037900,14:55:00
201908030710,201905110810,2019-05-11,15:01:00,16,7.2,9.5,7966700.0,13:57:00,8.3,11.5,10263100,14:29:00,8.4,12.0,22250700,14:50:00,10.0,14.8,30037900,14:55:00,10.0,14.8,30037900,14:55:00,10.0,14.8,30037900,14:55:00
201908030711,201905110811,2019-05-11,15:35:00,01,9.8,15.2,14205400.0,14:34:00,10.8,16.7,16995200,15:01:00,11.9,19.3,31926400,15:24:00,13.0,22.1,42799500,15:29:00,13.0,22.1,42799500,15:29:00,13.0,22.1,42799500,15:29:00
201908030711,201905110811,2019-05-11,15:35:00,02,4.0,6.1,14205400.0,14:34:00,4.1,6.3,16995200,15:01:00,4.3,6.9,31926400,15:24:00,4.2,7.1,42799500,15:29:00,4.2,7.1,42799500,15:29:00,4.2,7.1,42799500,15:29:00
201908030711,201905110811,2019-05-11,15:35:00,03,1.4,1.7,14205400.0,14:34:00,1.4,1.8,16995200,15:01:00,1.4,1.8,31926400,15:24:00,1.3,1.8,42799500,15:29:00,1.3,1.8,42799500,15:29:00,1.3,1.8,42799500,15:29:00
201908030711,201905110811,2019-05-11,15:35:00,04,2.1,3.1,14205400.0,14:34:00,2.1,3.1,16995200,15:01:00,2.3,3.6,31926400,15:24:00,2.3,3.7,42799500,15:29:00,2.3,3.7,42799500,15:29:00,2.3,3.7,42799500,15:29:00
201908030711,201905110811,2019-05-11,15:35:00,05,1.8,2.7,14205400.0,14:34:00,1.8,2.6,16995200,15:01:00,1.8,2.6,31926400,15:24:00,1.8,2.7,42799500,15:29:00,1.8,2.7,42799500,15:29:00,1.8,2.7,42799500,15:29:00
201908030711,201905110811,2019-05-11,15:35:00,06,2.3,3.5,14205400.0,14:34:00,2.4,3.6,16995200,15:01:00,2.2,3.3,31926400,15:24:00,2.3,3.6,42799500,15:29:00,2.3,3.6,42799500,15:29:00,2.3,3.6,42799500,15:29:00
201908030711,201905110811,2019-05-11,15:35:00,07,1.4,1.8,14205400.0,14:34:00,1.4,1.7,16995200,15:01:00,1.3,1.6,31926400,15:24:00,1.2,1.5,42799500,15:29:00,1.2,1.5,42799500,15:29:00,1.2,1.5,42799500,15:29:00
201908030711,201905110811,2019-05-11,15:35:00,08,2.3,3.4,14205400.0,14:34:00,2.2,3.2,16995200,15:01:00,1.9,2.8,31926400,15:24:00,1.9,2.9,42799500,15:29:00,1.9,2.9,42799500,15:29:00,1.9,2.9,42799500,15:29:00
201908030711,201905110811,2019-05-11,15:35:00,09,3.9,6.1,14205400.0,14:34:00,4.1,6.4,16995200,15:01:00,5.2,8.4,31926400,15:24:00,5.4,9.1,42799500,15:29:00,5.4,9.1,42799500,15:29:00,5.4,9.1,42799500,15:29:00
201908030711,201905110811,2019-05-11,15:35:00,10,2.5,3.8,14205400.0,14:34:00,2.5,3.7,16995200,15:01:00,2.6,4.1,31926400,15:24:00,2.4,3.9,42799500,15:29:00,2.4,3.9,42799500,15:29:00,2.4,3.9,42799500,15:29:00
201908030711,201905110811,2019-05-11,15:35:00,11,9.3,14.4,14205400.0,14:34:00,9.9,15.3,16995200,15:01:00,12.0,19.6,31926400,15:24:00,13.4,22.9,42799500,15:29:00,13.4,22.9,42799500,15:29:00,13.4,22.9,42799500,15:29:00
201908030712,201905110812,2019-05-11,16:10:00,01,4.3,5.9,7928000.0,15:07:00,4.4,6.1,9804000,15:38:00,5.2,7.8,20100000,15:59:00,6.2,9.2,31483600,16:04:00,6.2,9.2,31483600,16:04:00,7.4,10.6,69154000,16:09:00
201908030712,201905110812,2019-05-11,16:10:00,02,4.0,5.5,7928000.0,15:07:00,3.7,5.1,9804000,15:38:00,4.2,6.3,20100000,15:59:00,3.7,5.5,31483600,16:04:00,3.7,5.5,31483600,16:04:00,2.6,3.6,69154000,16:09:00
201908030712,201905110812,2019-05-11,16:10:00,03,2.8,3.8,7928000.0,15:07:00,2.8,3.8,9804000,15:38:00,2.0,2.8,20100000,15:59:00,1.8,2.5,31483600,16:04:00,1.8,2.5,31483600,16:04:00,1.8,2.4,69154000,16:09:00
201908030712,201905110812,2019-05-11,16:10:00,04,5.4,7.5,7928000.0,15:07:00,5.6,7.9,9804000,15:38:00,7.2,11.0,20100000,15:59:00,8.5,12.8,31483600,16:04:00,8.5,12.8,31483600,16:04:00,10.3,14.8,69154000,16:09:00
201908030712,201905110812,2019-05-11,16:10:00,05,3.1,4.1,7928000.0,15:07:00,2.9,4.0,9804000,15:38:00,2.5,3.6,20100000,15:59:00,2.3,3.2,31483600,16:04:00,2.3,3.2,31483600,16:04:00,2.3,3.1,69154000,16:09:00
201908030712,201905110812,2019-05-11,16:10:00,06,11.6,16.2,7928000.0,15:07:00,10.3,14.6,9804000,15:38:00,11.8,18.0,20100000,15:59:00,14.0,21.1,31483600,16:04:00,14.0,21.1,31483600,16:04:00,21.1,30.4,69154000,16:09:00
201908030712,201905110812,2019-05-11,16:10:00,07,2.9,4.0,7928000.0,15:07:00,3.1,4.3,9804000,15:38:00,3.9,5.8,20100000,15:59:00,4.8,7.2,31483600,16:04:00,4.8,7.2,31483600,16:04:00,6.1,8.7,69154000,16:09:00
201908030712,201905110812,2019-05-11,16:10:00,08,1.7,2.0,7928000.0,15:07:00,1.6,1.9,9804000,15:38:00,1.4,1.6,20100000,15:59:00,1.4,1.7,31483600,16:04:00,1.4,1.7,31483600,16:04:00,1.5,1.8,69154000,16:09:00
201908030712,201905110812,2019-05-11,16:10:00,09,1.8,2.2,7928000.0,15:07:00,1.7,2.1,9804000,15:38:00,1.6,2.2,20100000,15:59:00,1.6,2.2,31483600,16:04:00,1.6,2.2,31483600,16:04:00,1.9,2.5,69154000,16:09:00
201908030712,201905110812,2019-05-11,16:10:00,10,8.3,11.6,7928000.0,15:07:00,8.3,11.8,9804000,15:38:00,8.4,12.8,20100000,15:59:00,9.8,14.8,31483600,16:04:00,9.8,14.8,31483600,16:04:00,11.7,16.8,69154000,16:09:00
201908030712,201905110812,2019-05-11,16:10:00,11,4.8,6.6,7928000.0,15:07:00,5.0,7.1,9804000,15:38:00,5.3,8.0,20100000,15:59:00,6.4,9.6,31483600,16:04:00,6.4,9.6,31483600,16:04:00,7.2,10.3,69154000,16:09:00
201908030712,201905110812,2019-05-11,16:10:00,12,3.5,4.8,7928000.0,15:07:00,3.8,5.2,9804000,15:38:00,3.6,5.3,20100000,15:59:00,3.7,5.4,31483600,16:04:00,3.7,5.4,31483600,16:04:00,3.7,5.2,69154000,16:09:00
201908030712,201905110812,2019-05-11,16:10:00,13,3.1,4.1,7928000.0,15:07:00,2.9,4.0,9804000,15:38:00,3.0,4.3,20100000,15:59:00,3.0,4.3,31483600,16:04:00,3.0,4.3,31483600,16:04:00,2.8,3.9,69154000,16:09:00
201908030712,201905110812,2019-05-11,16:10:00,14,10.2,14.1,7928000.0,15:07:00,10.5,15.0,9804000,15:38:00,13.2,20.1,20100000,15:59:00,15.6,23.6,31483600,16:04:00,15.6,23.6,31483600,16:04:00,14.5,20.9,69154000,16:09:00
201908030712,201905110812,2019-05-11,16:10:00,15,3.3,4.5,7928000.0,15:07:00,3.6,5.0,9804000,15:38:00,3.9,5.8,20100000,15:59:00,3.4,4.9,31483600,16:04:00,3.4,4.9,31483600,16:04:00,3.1,4.3,69154000,16:09:00
201908030712,201905110812,2019-05-11,16:10:00,16,7.0,9.8,7928000.0,15:07:00,7.0,10.0,9804000,15:38:00,7.7,11.8,20100000,15:59:00,9.0,13.6,31483600,16:04:00,9.0,13.6,31483600,16:04:00,11.3,16.2,69154000,16:09:00
201908030801,201905120801,2019-05-12,09:55:00,01,9.7,15.9,4076900.0,08:53:00,9.3,16.6,5980100,09:23:00,11.3,19.9,11030100,09:44:00,11.9,22.4,15454000,09:49:00,11.9,22.4,15454000,09:49:00,11.9,22.4,15454000,09:49:00
201908030801,201905120801,2019-05-12,09:55:00,02,27.9,46.2,4076900.0,08:53:00,28.8,52.1,5980100,09:23:00,28.7,50.8,11030100,09:44:00,31.2,59.4,15454000,09:49:00,31.2,59.4,15454000,09:49:00,31.2,59.4,15454000,09:49:00
201908030801,201905120801,2019-05-12,09:55:00,03,5.4,8.8,4076900.0,08:53:00,5.8,10.2,5980100,09:23:00,6.1,10.6,11030100,09:44:00,6.4,11.9,15454000,09:49:00,6.4,11.9,15454000,09:49:00,6.4,11.9,15454000,09:49:00
201908030801,201905120801,2019-05-12,09:55:00,04,2.1,3.3,4076900.0,08:53:00,2.2,3.6,5980100,09:23:00,2.1,3.4,11030100,09:44:00,2.0,3.4,15454000,09:49:00,2.0,3.4,15454000,09:49:00,2.0,3.4,15454000,09:49:00
201908030801,201905120801,2019-05-12,09:55:00,05,1.4,2.0,4076900.0,08:53:00,1.4,2.1,5980100,09:23:00,1.5,2.3,11030100,09:44:00,1.5,2.4,15454000,09:49:00,1.5,2.4,15454000,09:49:00,1.5,2.4,15454000,09:49:00
201908030801,201905120801,2019-05-12,09:55:00,06,5.6,9.1,4076900.0,08:53:00,5.4,9.4,5980100,09:23:00,5.7,9.9,11030100,09:44:00,5.3,9.7,15454000,09:49:00,5.3,9.7,15454000,09:49:00,5.3,9.7,15454000,09:49:00
201908030801,201905120801,2019-05-12,09:55:00,07,7.5,12.2,4076900.0,08:53:00,6.2,10.9,5980100,09:23:00,6.6,11.5,11030100,09:44:00,6.8,12.6,15454000,09:49:00,6.8,12.6,15454000,09:49:00,6.8,12.6,15454000,09:49:00
201908030801,201905120801,2019-05-12,09:55:00,08,4.8,7.8,4076900.0,08:53:00,4.3,7.5,5980100,09:23:00,3.3,5.4,11030100,09:44:00,3.3,5.9,15454000,09:49:00,3.3,5.9,15454000,09:49:00,3.3,5.9,15454000,09:49:00
201908030801,201905120801,2019-05-12,09:55:00,09,20.6,33.9,4076900.0,08:53:00,23.1,41.7,5980100,09:23:00,23.3,41.3,11030100,09:44:00,25.6,48.6,15454000,09:49:00,25.6,48.6,15454000,09:49:00,25.6,48.6,15454000,09:49:00
201908030801,201905120801,2019-05-12,09:55:00,10,10.0,16.4,4076900.0,08:53:00,11.1,19.8,5980100,09:23:00,12.2,21.5,11030100,09:44:00,13.3,25.2,15454000,09:49:00,13.3,25.2,15454000,09:49:00,13.3,25.2,15454000,09:49:00
201908030801,201905120801,2019-05-12,09:55:00,11,9.4,15.3,4076900.0,08:53:00,9.8,17.5,5980100,09:23:00,8.1,14.2,11030100,09:44:00,7.9,14.7,15454000,09:49:00,7.9,14.7,15454000,09:49:00,7.9,14.7,15454000,09:49:00
201908030801,201905120801,2019-05-12,09:55:00,12,17.6,29.0,4076900.0,08:53:00,16.4,29.6,5980100,09:23:00,17.2,30.4,11030100,09:44:00,17.5,33.2,15454000,09:49:00,17.5,33.2,15454000,09:49:00,17.5,33.2,15454000,09:49:00
201908030801,201905120801,2019-05-12,09:55:00,13,1.3,1.9,4076900.0,08:53:00,1.2,1.6,5980100,09:23:00,1.3,1.7,11030100,09:44:00,1.3,1.8,15454000,09:49:00,1.3,1.8,15454000,09:49:00,1.3,1.8,15454000,09:49:00
201908030801,201905120801,2019-05-12,09:55:00,14,16.3,27.0,4076900.0,08:53:00,15.0,27.0,5980100,09:23:00,13.9,24.6,11030100,09:44:00,14.4,27.3,15454000,09:49:00,14.4,27.3,15454000,09:49:00,14.4,27.3,15454000,09:49:00
201908030801,201905120801,2019-05-12,09:55:00,15,1.3,1.7,4076900.0,08:53:00,1.2,1.7,5980100,09:23:00,1.2,1.6,11030100,09:44:00,1.1,1.4,15454000,09:49:00,1.1,1.4,15454000,09:49:00,1.1,1.4,15454000,09:49:00
201908030801,201905120801,2019-05-12,09:55:00,16,1.8,2.7,4076900.0,08:53:00,1.9,3.1,5980100,09:23:00,1.8,2.8,11030100,09:44:00,1.9,3.2,15454000,09:49:00,1.9,3.2,15454000,09:49:00,1.9,3.2,15454000,09:49:00
201908030802,201905120802,2019-05-12,10:20:00,01,1.8,2.5,1559800.0,09:15:00,2.0,2.9,2343500,09:48:00,2.2,3.4,4277300,10:09:00,2.6,4.3,7850500,10:15:00,2.6,4.3,7850500,10:15:00,2.6,4.3,7850500,10:15:00
201908030802,201905120802,2019-05-12,10:20:00,02,21.2,33.5,1559800.0,09:15:00,14.5,23.1,2343500,09:48:00,18.0,30.1,4277300,10:09:00,18.9,33.6,7850500,10:15:00,18.9,33.6,7850500,10:15:00,18.9,33.6,7850500,10:15:00
201908030802,201905120802,2019-05-12,10:20:00,03,9.7,15.4,1559800.0,09:15:00,9.1,14.5,2343500,09:48:00,8.8,14.7,4277300,10:09:00,10.1,17.9,7850500,10:15:00,10.1,17.9,7850500,10:15:00,10.1,17.9,7850500,10:15:00
201908030802,201905120802,2019-05-12,10:20:00,04,2.4,3.5,1559800.0,09:15:00,2.2,3.2,2343500,09:48:00,2.2,3.4,4277300,10:09:00,2.4,4.0,7850500,10:15:00,2.4,4.0,7850500,10:15:00,2.4,4.0,7850500,10:15:00
201908030802,201905120802,2019-05-12,10:20:00,05,1.5,2.1,1559800.0,09:15:00,1.6,2.2,2343500,09:48:00,1.5,2.3,4277300,10:09:00,1.3,2.0,7850500,10:15:00,1.3,2.0,7850500,10:15:00,1.3,2.0,7850500,10:15:00
201908030802,201905120802,2019-05-12,10:20:00,06,11.4,18.0,1559800.0,09:15:00,9.8,15.5,2343500,09:48:00,11.1,18.6,4277300,10:09:00,7.9,14.0,7850500,10:15:00,7.9,14.0,7850500,10:15:00,7.9,14.0,7850500,10:15:00
201908030802,201905120802,2019-05-12,10:20:00,07,8.6,13.5,1559800.0,09:15:00,9.5,15.1,2343500,09:48:00,9.8,16.4,4277300,10:09:00,11.3,20.0,7850500,10:15:00,11.3,20.0,7850500,10:15:00,11.3,20.0,7850500,10:15:00
201908030802,201905120802,2019-05-12,10:20:00,08,7.2,11.2,1559800.0,09:15:00,7.2,11.4,2343500,09:48:00,7.7,12.8,4277300,10:09:00,9.5,16.9,7850500,10:15:00,9.5,16.9,7850500,10:15:00,9.5,16.9,7850500,10:15:00
201908030802,201905120802,2019-05-12,10:20:00,09,1.6,2.2,1559800.0,09:15:00,1.5,2.1,2343500,09:48:00,1.5,2.2,4277300,10:09:00,1.4,2.1,7850500,10:15:00,1.4,2.1,7850500,10:15:00,1.4,2.1,7850500,10:15:00
201908030802,201905120802,2019-05-12,10:20:00,10,8.8,13.8,1559800.0,09:15:00,8.4,13.4,2343500,09:48:00,8.7,14.5,4277300,10:09:00,9.9,17.5,7850500,10:15:00,9.9,17.5,7850500,10:15:00,9.9,17.5,7850500,10:15:00
201908030802,201905120802,2019-05-12,10:20:00,11,1.3,1.6,1559800.0,09:15:00,1.2,1.6,2343500,09:48:00,1.2,1.4,4277300,10:09:00,1.1,1.4,7850500,10:15:00,1.1,1.4,7850500,10:15:00,1.1,1.4,7850500,10:15:00
201908030802,201905120802,2019-05-12,10:20:00,12,2.7,4.0,1559800.0,09:15:00,2.5,3.7,2343500,09:48:00,2.2,3.5,4277300,10:09:00,2.1,3.5,7850500,10:15:00,2.1,3.5,7850500,10:15:00,2.1,3.5,7850500,10:15:00
201908030802,201905120802,2019-05-12,10:20:00,13,2.9,4.4,1559800.0,09:15:00,3.0,4.5,2343500,09:48:00,3.0,4.7,4277300,10:09:00,2.9,4.8,7850500,10:15:00,2.9,4.8,7850500,10:15:00,2.9,4.8,7850500,10:15:00
201908030803,201905120803,2019-05-12,10:50:00,01,5.0,8.0,1970200.0,09:48:00,4.9,7.6,2520900,10:18:00,5.2,9.3,6388400,10:39:00,4.0,7.4,12033100,10:45:00,4.0,7.4,12033100,10:45:00,4.0,7.4,12033100,10:45:00
201908030803,201905120803,2019-05-12,10:50:00,02,1.2,1.6,1970200.0,09:48:00,1.3,1.8,2520900,10:18:00,1.2,1.5,6388400,10:39:00,1.2,1.7,12033100,10:45:00,1.2,1.7,12033100,10:45:00,1.2,1.7,12033100,10:45:00
201908030803,201905120803,2019-05-12,10:50:00,03,10.0,16.4,1970200.0,09:48:00,10.8,17.0,2520900,10:18:00,12.6,23.4,6388400,10:39:00,15.0,29.0,12033100,10:45:00,15.0,29.0,12033100,10:45:00,15.0,29.0,12033100,10:45:00
201908030803,201905120803,2019-05-12,10:50:00,04,7.5,12.3,1970200.0,09:48:00,8.6,13.5,2520900,10:18:00,10.1,18.6,6388400,10:39:00,10.7,20.5,12033100,10:45:00,10.7,20.5,12033100,10:45:00,10.7,20.5,12033100,10:45:00
201908030803,201905120803,2019-05-12,10:50:00,05,13.5,22.2,1970200.0,09:48:00,14.6,23.0,2520900,10:18:00,14.0,26.0,6388400,10:39:00,15.6,30.2,12033100,10:45:00,15.6,30.2,12033100,10:45:00,15.6,30.2,12033100,10:45:00
201908030803,201905120803,2019-05-12,10:50:00,06,1.3,1.8,1970200.0,09:48:00,1.4,1.9,2520900,10:18:00,1.6,2.7,6388400,10:39:00,1.6,2.8,12033100,10:45:00,1.6,2.8,12033100,10:45:00,1.6,2.8,12033100,10:45:00
201908030803,201905120803,2019-05-12,10:50:00,07,9.1,15.0,1970200.0,09:48:00,9.6,15.1,2520900,10:18:00,10.8,19.9,6388400,10:39:00,14.3,27.7,12033100,10:45:00,14.3,27.7,12033100,10:45:00,14.3,27.7,12033100,10:45:00
201908030803,201905120803,2019-05-12,10:50:00,08,7.1,11.6,1970200.0,09:48:00,7.9,12.4,2520900,10:18:00,8.5,15.6,6388400,10:39:00,8.8,16.8,12033100,10:45:00,8.8,16.8,12033100,10:45:00,8.8,16.8,12033100,10:45:00
201908030803,201905120803,2019-05-12,10:50:00,09,1.8,2.7,1970200.0,09:48:00,1.7,2.4,2520900,10:18:00,1.5,2.4,6388400,10:39:00,1.4,2.3,12033100,10:45:00,1.4,2.3,12033100,10:45:00,1.4,2.3,12033100,10:45:00
201908030803,201905120803,2019-05-12,10:50:00,10,1.7,2.6,1970200.0,09:48:00,1.8,2.5,2520900,10:18:00,1.6,2.5,6388400,10:39:00,1.7,2.8,12033100,10:45:00,1.7,2.8,12033100,10:45:00,1.7,2.8,12033100,10:45:00
201908030803,201905120803,2019-05-12,10:50:00,11,1.3,1.9,1970200.0,09:48:00,1.3,1.8,2520900,10:18:00,1.2,1.6,6388400,10:39:00,1.1,1.4,12033100,10:45:00,1.1,1.4,12033100,10:45:00,1.1,1.4,12033100,10:45:00
201908030803,201905120803,2019-05-12,10:50:00,12,5.0,8.0,1970200.0,09:48:00,4.6,7.1,2520900,10:18:00,4.1,7.3,6388400,10:39:00,4.2,7.8,12033100,10:45:00,4.2,7.8,12033100,10:45:00,4.2,7.8,12033100,10:45:00
201908030804,201905120804,2019-05-12,11:20:00,01,10.7,87.3,9546800.0,10:19:00,12.2,110.1,14280000,10:46:00,15.5,92.4,28113900,11:09:00,16.6,108.0,52555100,11:15:00,16.6,108.0,52555100,11:15:00,16.6,108.0,52555100,11:15:00
201908030804,201905120804,2019-05-12,11:20:00,02,4.7,36.4,9546800.0,10:19:00,4.3,36.2,14280000,10:46:00,8.0,46.7,28113900,11:09:00,10.6,68.3,52555100,11:15:00,10.6,68.3,52555100,11:15:00,10.6,68.3,52555100,11:15:00
201908030804,201905120804,2019-05-12,11:20:00,03,12.4,101.8,9546800.0,10:19:00,14.5,131.3,14280000,10:46:00,21.5,128.7,28113900,11:09:00,26.5,174.0,52555100,11:15:00,26.5,174.0,52555100,11:15:00,26.5,174.0,52555100,11:15:00
201908030804,201905120804,2019-05-12,11:20:00,04,3.0,22.2,9546800.0,10:19:00,2.9,23.2,14280000,10:46:00,2.9,15.4,28113900,11:09:00,2.9,16.7,52555100,11:15:00,2.9,16.7,52555100,11:15:00,2.9,16.7,52555100,11:15:00
201908030804,201905120804,2019-05-12,11:20:00,05,1.9,12.9,9546800.0,10:19:00,2.1,15.9,14280000,10:46:00,2.8,14.5,28113900,11:09:00,2.9,16.3,52555100,11:15:00,2.9,16.3,52555100,11:15:00,2.9,16.3,52555100,11:15:00
201908030804,201905120804,2019-05-12,11:20:00,06,5.0,39.1,9546800.0,10:19:00,3.9,32.8,14280000,10:46:00,6.9,39.6,28113900,11:09:00,7.2,45.3,52555100,11:15:00,7.2,45.3,52555100,11:15:00,7.2,45.3,52555100,11:15:00
201908030804,201905120804,2019-05-12,11:20:00,07,17.0,140.3,9546800.0,10:19:00,19.0,172.8,14280000,10:46:00,29.5,177.7,28113900,11:09:00,39.5,260.4,52555100,11:15:00,39.5,260.4,52555100,11:15:00,39.5,260.4,52555100,11:15:00
201908030804,201905120804,2019-05-12,11:20:00,08,2.2,15.0,9546800.0,10:19:00,2.3,17.1,14280000,10:46:00,2.6,13.3,28113900,11:09:00,2.7,15.2,52555100,11:15:00,2.7,15.2,52555100,11:15:00,2.7,15.2,52555100,11:15:00
201908030804,201905120804,2019-05-12,11:20:00,09,2.2,14.7,9546800.0,10:19:00,2.2,16.3,14280000,10:46:00,1.7,7.8,28113900,11:09:00,1.6,7.9,52555100,11:15:00,1.6,7.9,52555100,11:15:00,1.6,7.9,52555100,11:15:00
201908030804,201905120804,2019-05-12,11:20:00,10,1.0,1.0,9546800.0,10:19:00,1.0,1.0,14280000,10:46:00,1.0,1.1,28113900,11:09:00,1.0,1.1,52555100,11:15:00,1.0,1.1,52555100,11:15:00,1.0,1.1,52555100,11:15:00
201908030804,201905120804,2019-05-12,11:20:00,11,7.8,63.1,9546800.0,10:19:00,9.1,81.2,14280000,10:46:00,9.1,53.5,28113900,11:09:00,8.8,55.8,52555100,11:15:00,8.8,55.8,52555100,11:15:00,8.8,55.8,52555100,11:15:00
201908030804,201905120804,2019-05-12,11:20:00,12,2.0,13.4,9546800.0,10:19:00,1.9,13.7,14280000,10:46:00,1.4,6.3,28113900,11:09:00,1.4,6.2,52555100,11:15:00,1.4,6.2,52555100,11:15:00,1.4,6.2,52555100,11:15:00
201908030804,201905120804,2019-05-12,11:20:00,13,1.9,12.5,9546800.0,10:19:00,1.8,12.0,14280000,10:46:00,1.5,6.4,28113900,11:09:00,1.4,6.7,52555100,11:15:00,1.4,6.7,52555100,11:15:00,1.4,6.7,52555100,11:15:00
201908030805,201905120805,2019-05-12,12:10:00,01,3.0,4.5,3233400.0,11:05:00,3.1,5.5,6764400,11:40:00,3.9,7.5,15651000,11:59:00,4.2,8.3,20877500,12:04:00,4.2,8.3,20877500,12:04:00,4.2,8.3,20877500,12:04:00
201908030805,201905120805,2019-05-12,12:10:00,02,1.5,1.9,3233400.0,11:05:00,1.2,1.5,6764400,11:40:00,1.1,1.5,15651000,11:59:00,1.2,1.5,20877500,12:04:00,1.2,1.5,20877500,12:04:00,1.2,1.5,20877500,12:04:00
201908030805,201905120805,2019-05-12,12:10:00,03,5.1,7.9,3233400.0,11:05:00,4.3,7.8,6764400,11:40:00,5.0,9.8,15651000,11:59:00,4.8,9.4,20877500,12:04:00,4.8,9.4,20877500,12:04:00,4.8,9.4,20877500,12:04:00
201908030805,201905120805,2019-05-12,12:10:00,04,12.0,18.7,3233400.0,11:05:00,10.6,19.6,6764400,11:40:00,13.3,26.7,15651000,11:59:00,14.4,29.1,20877500,12:04:00,14.4,29.1,20877500,12:04:00,14.4,29.1,20877500,12:04:00
201908030805,201905120805,2019-05-12,12:10:00,05,3.6,5.5,3233400.0,11:05:00,3.4,6.1,6764400,11:40:00,3.4,6.5,15651000,11:59:00,3.4,6.6,20877500,12:04:00,3.4,6.6,20877500,12:04:00,3.4,6.6,20877500,12:04:00
201908030805,201905120805,2019-05-12,12:10:00,06,4.8,7.5,3233400.0,11:05:00,4.6,8.3,6764400,11:40:00,4.3,8.5,15651000,11:59:00,4.0,7.7,20877500,12:04:00,4.0,7.7,20877500,12:04:00,4.0,7.7,20877500,12:04:00
201908030805,201905120805,2019-05-12,12:10:00,07,3.6,5.5,3233400.0,11:05:00,3.0,5.2,6764400,11:40:00,3.0,5.7,15651000,11:59:00,3.1,5.8,20877500,12:04:00,3.1,5.8,20877500,12:04:00,3.1,5.8,20877500,12:04:00
201908030805,201905120805,2019-05-12,12:10:00,08,3.5,5.3,3233400.0,11:05:00,2.7,4.6,6764400,11:40:00,2.4,4.4,15651000,11:59:00,2.4,4.5,20877500,12:04:00,2.4,4.5,20877500,12:04:00,2.4,4.5,20877500,12:04:00
201908030805,201905120805,2019-05-12,12:10:00,09,2.3,3.4,3233400.0,11:05:00,2.3,3.8,6764400,11:40:00,2.3,3.8,15651000,11:59:00,2.3,3.8,20877500,12:04:00,2.3,3.8,20877500,12:04:00,2.3,3.8,20877500,12:04:00
201908030805,201905120805,2019-05-12,12:10:00,10,3.0,4.5,3233400.0,11:05:00,2.6,4.6,6764400,11:40:00,2.2,4.1,15651000,11:59:00,1.9,3.5,20877500,12:04:00,1.9,3.5,20877500,12:04:00,1.9,3.5,20877500,12:04:00
201908030805,201905120805,2019-05-12,12:10:00,11,22.2,34.7,3233400.0,11:05:00,26.1,48.8,6764400,11:40:00,31.9,64.6,15651000,11:59:00,36.9,74.9,20877500,12:04:00,36.9,74.9,20877500,12:04:00,36.9,74.9,20877500,12:04:00
201908030805,201905120805,2019-05-12,12:10:00,12,6.4,10.0,3233400.0,11:05:00,6.3,11.6,6764400,11:40:00,6.6,13.2,15651000,11:59:00,7.0,14.0,20877500,12:04:00,7.0,14.0,20877500,12:04:00,7.0,14.0,20877500,12:04:00
201908030805,201905120805,2019-05-12,12:10:00,13,1.4,1.7,3233400.0,11:05:00,1.3,1.7,6764400,11:40:00,1.2,1.5,15651000,11:59:00,1.1,1.5,20877500,12:04:00,1.1,1.5,20877500,12:04:00,1.1,1.5,20877500,12:04:00
201908030805,201905120805,2019-05-12,12:10:00,14,4.9,7.5,3233400.0,11:05:00,3.7,6.6,6764400,11:40:00,4.4,8.5,15651000,11:59:00,4.5,8.7,20877500,12:04:00,4.5,8.7,20877500,12:04:00,4.5,8.7,20877500,12:04:00
201908030805,201905120805,2019-05-12,12:10:00,15,6.9,10.8,3233400.0,11:05:00,6.8,12.5,6764400,11:40:00,7.3,14.6,15651000,11:59:00,7.9,15.7,20877500,12:04:00,7.9,15.7,20877500,12:04:00,7.9,15.7,20877500,12:04:00
201908030805,201905120805,2019-05-12,12:10:00,16,3.7,5.7,3233400.0,11:05:00,2.9,5.2,6764400,11:40:00,2.7,5.1,15651000,11:59:00,3.0,5.6,20877500,12:04:00,3.0,5.6,20877500,12:04:00,3.0,5.6,20877500,12:04:00
201908030806,201905120806,2019-05-12,12:45:00,01,1.9,3.7,2852100.0,11:39:00,1.5,3.8,5376900,12:15:00,1.5,4.5,18754900,12:34:00,1.4,4.7,28698500,12:39:00,1.4,4.7,28698500,12:39:00,1.4,4.7,28698500,12:39:00
201908030806,201905120806,2019-05-12,12:45:00,02,6.0,12.7,2852100.0,11:39:00,6.2,18.1,5376900,12:15:00,7.7,28.8,18754900,12:34:00,7.4,30.9,28698500,12:39:00,7.4,30.9,28698500,12:39:00,7.4,30.9,28698500,12:39:00
201908030806,201905120806,2019-05-12,12:45:00,03,1.1,1.2,2852100.0,11:39:00,1.1,1.1,5376900,12:15:00,1.1,1.1,18754900,12:34:00,1.1,1.1,28698500,12:39:00,1.1,1.1,28698500,12:39:00,1.1,1.1,28698500,12:39:00
201908030806,201905120806,2019-05-12,12:45:00,04,1.1,1.8,2852100.0,11:39:00,1.2,2.7,5376900,12:15:00,1.2,3.5,18754900,12:34:00,1.2,3.8,28698500,12:39:00,1.2,3.8,28698500,12:39:00,1.2,3.8,28698500,12:39:00
201908030806,201905120806,2019-05-12,12:45:00,05,6.7,14.3,2852100.0,11:39:00,6.3,18.5,5376900,12:15:00,9.9,37.1,18754900,12:34:00,10.5,44.7,28698500,12:39:00,10.5,44.7,28698500,12:39:00,10.5,44.7,28698500,12:39:00
201908030806,201905120806,2019-05-12,12:45:00,06,1.1,1.9,2852100.0,11:39:00,1.1,1.9,5376900,12:15:00,1.1,1.6,18754900,12:34:00,1.1,1.8,28698500,12:39:00,1.1,1.8,28698500,12:39:00,1.1,1.8,28698500,12:39:00
201908030806,201905120806,2019-05-12,12:45:00,07,2.9,5.9,2852100.0,11:39:00,3.2,9.2,5376900,12:15:00,3.8,13.7,18754900,12:34:00,3.7,14.8,28698500,12:39:00,3.7,14.8,28698500,12:39:00,3.7,14.8,28698500,12:39:00
201908030806,201905120806,2019-05-12,12:45:00,08,2.1,4.1,2852100.0,11:39:00,2.0,5.2,5376900,12:15:00,1.6,4.9,18754900,12:34:00,1.7,6.1,28698500,12:39:00,1.7,6.1,28698500,12:39:00,1.7,6.1,28698500,12:39:00
201908030807,201905120807,2019-05-12,13:15:00,01,3.9,5.0,3289400.0,12:15:00,3.8,4.9,4066700,12:42:00,4.0,5.7,9984200,13:04:00,3.9,5.5,18411800,13:09:00,3.9,5.5,18411800,13:09:00,4.0,6.0,45949700,13:14:00
201908030807,201905120807,2019-05-12,13:15:00,02,4.4,5.6,3289400.0,12:15:00,4.9,6.4,4066700,12:42:00,6.9,10.0,9984200,13:04:00,8.7,12.6,18411800,13:09:00,8.7,12.6,18411800,13:09:00,12.0,18.4,45949700,13:14:00
201908030807,201905120807,2019-05-12,13:15:00,03,5.3,6.8,3289400.0,12:15:00,5.2,6.9,4066700,12:42:00,5.5,8.0,9984200,13:04:00,5.7,8.2,18411800,13:09:00,5.7,8.2,18411800,13:09:00,5.9,8.9,45949700,13:14:00
201908030807,201905120807,2019-05-12,13:15:00,04,3.1,3.9,3289400.0,12:15:00,3.4,4.4,4066700,12:42:00,3.3,4.7,9984200,13:04:00,2.2,3.0,18411800,13:09:00,2.2,3.0,18411800,13:09:00,2.5,3.6,45949700,13:14:00
201908030807,201905120807,2019-05-12,13:15:00,05,2.9,3.6,3289400.0,12:15:00,3.1,3.9,4066700,12:42:00,3.5,5.0,9984200,13:04:00,4.4,6.2,18411800,13:09:00,4.4,6.2,18411800,13:09:00,3.0,4.3,45949700,13:14:00
201908030807,201905120807,2019-05-12,13:15:00,06,2.4,3.0,3289400.0,12:15:00,2.3,2.9,4066700,12:42:00,1.7,2.2,9984200,13:04:00,1.7,2.1,18411800,13:09:00,1.7,2.1,18411800,13:09:00,1.5,1.9,45949700,13:14:00
201908030807,201905120807,2019-05-12,13:15:00,07,2.8,3.5,3289400.0,12:15:00,2.9,3.7,4066700,12:42:00,2.2,3.1,9984200,13:04:00,2.0,2.7,18411800,13:09:00,2.0,2.7,18411800,13:09:00,2.1,3.1,45949700,13:14:00
201908030807,201905120807,2019-05-12,13:15:00,08,11.8,15.4,3289400.0,12:15:00,12.4,16.5,4066700,12:42:00,10.2,14.9,9984200,13:04:00,14.4,21.0,18411800,13:09:00,14.4,21.0,18411800,13:09:00,14.4,21.0,45949700,13:14:00
201908030807,201905120807,2019-05-12,13:15:00,09,2.4,3.0,3289400.0,12:15:00,2.3,2.9,4066700,12:42:00,2.4,3.3,9984200,13:04:00,2.9,4.0,18411800,13:09:00,2.9,4.0,18411800,13:09:00,2.6,3.8,45949700,13:14:00
201908030807,201905120807,2019-05-12,13:15:00,10,1.9,2.2,3289400.0,12:15:00,1.8,2.1,4066700,12:42:00,1.5,1.8,9984200,13:04:00,1.6,2.0,18411800,13:09:00,1.6,2.0,18411800,13:09:00,1.5,2.0,45949700,13:14:00
201908030807,201905120807,2019-05-12,13:15:00,11,12.5,16.3,3289400.0,12:15:00,13.0,17.2,4066700,12:42:00,12.2,17.9,9984200,13:04:00,16.4,23.9,18411800,13:09:00,16.4,23.9,18411800,13:09:00,20.7,31.8,45949700,13:14:00
201908030807,201905120807,2019-05-12,13:15:00,12,2.6,3.3,3289400.0,12:15:00,2.3,2.9,4066700,12:42:00,2.1,2.9,9984200,13:04:00,2.0,2.7,18411800,13:09:00,2.0,2.7,18411800,13:09:00,1.8,2.5,45949700,13:14:00
201908030807,201905120807,2019-05-12,13:15:00,13,8.6,11.1,3289400.0,12:15:00,8.6,11.3,4066700,12:42:00,7.8,11.3,9984200,13:04:00,8.6,12.5,18411800,13:09:00,8.6,12.5,18411800,13:09:00,10.5,16.0,45949700,13:14:00
201908030807,201905120807,2019-05-12,13:15:00,14,4.0,5.1,3289400.0,12:15:00,4.0,5.2,4066700,12:42:00,5.4,7.8,9984200,13:04:00,6.6,9.5,18411800,13:09:00,6.6,9.5,18411800,13:09:00,6.3,9.5,45949700,13:14:00
201908030807,201905120807,2019-05-12,13:15:00,15,7.9,10.3,3289400.0,12:15:00,7.9,10.5,4066700,12:42:00,8.4,12.3,9984200,13:04:00,9.8,14.2,18411800,13:09:00,9.8,14.2,18411800,13:09:00,11.9,18.2,45949700,13:14:00
201908030807,201905120807,2019-05-12,13:15:00,16,24.9,32.3,3289400.0,12:15:00,24.7,32.7,4066700,12:42:00,27.5,40.2,9984200,13:04:00,34.4,50.1,18411800,13:09:00,34.4,50.1,18411800,13:09:00,48.3,74.0,45949700,13:14:00
201908030808,201905120808,2019-05-12,13:45:00,01,8.8,11.9,3724800.0,12:38:00,8.9,12.6,5279600,13:15:00,11.0,17.3,12525100,13:34:00,13.1,22.1,21878600,13:40:00,13.1,22.1,21878600,13:40:00,13.1,22.1,21878600,13:40:00
201908030808,201905120808,2019-05-12,13:45:00,02,5.0,6.6,3724800.0,12:38:00,4.5,6.3,5279600,13:15:00,4.1,6.3,12525100,13:34:00,3.9,6.4,21878600,13:40:00,3.9,6.4,21878600,13:40:00,3.9,6.4,21878600,13:40:00
201908030808,201905120808,2019-05-12,13:45:00,03,2.7,3.5,3724800.0,12:38:00,2.1,2.8,5279600,13:15:00,2.4,3.5,12525100,13:34:00,2.4,3.7,21878600,13:40:00,2.4,3.7,21878600,13:40:00,2.4,3.7,21878600,13:40:00
201908030808,201905120808,2019-05-12,13:45:00,04,5.2,7.0,3724800.0,12:38:00,6.0,8.4,5279600,13:15:00,6.9,10.7,12525100,13:34:00,6.8,11.3,21878600,13:40:00,6.8,11.3,21878600,13:40:00,6.8,11.3,21878600,13:40:00
201908030808,201905120808,2019-05-12,13:45:00,05,3.6,4.8,3724800.0,12:38:00,3.7,5.0,5279600,13:15:00,3.9,5.9,12525100,13:34:00,3.4,5.5,21878600,13:40:00,3.4,5.5,21878600,13:40:00,3.4,5.5,21878600,13:40:00
201908030808,201905120808,2019-05-12,13:45:00,06,3.5,4.6,3724800.0,12:38:00,4.0,5.5,5279600,13:15:00,4.5,6.8,12525100,13:34:00,4.3,7.0,21878600,13:40:00,4.3,7.0,21878600,13:40:00,4.3,7.0,21878600,13:40:00
201908030808,201905120808,2019-05-12,13:45:00,07,4.0,5.3,3724800.0,12:38:00,4.6,6.4,5279600,13:15:00,5.3,8.2,12525100,13:34:00,5.6,9.3,21878600,13:40:00,5.6,9.3,21878600,13:40:00,5.6,9.3,21878600,13:40:00
201908030808,201905120808,2019-05-12,13:45:00,08,3.0,4.0,3724800.0,12:38:00,3.0,4.1,5279600,13:15:00,4.3,6.5,12525100,13:34:00,4.5,7.4,21878600,13:40:00,4.5,7.4,21878600,13:40:00,4.5,7.4,21878600,13:40:00
201908030808,201905120808,2019-05-12,13:45:00,09,2.3,2.9,3724800.0,12:38:00,2.3,3.1,5279600,13:15:00,1.6,2.1,12525100,13:34:00,1.5,2.0,21878600,13:40:00,1.5,2.0,21878600,13:40:00,1.5,2.0,21878600,13:40:00
201908030808,201905120808,2019-05-12,13:45:00,10,4.5,6.0,3724800.0,12:38:00,4.8,6.7,5279600,13:15:00,3.9,5.9,12525100,13:34:00,4.1,6.7,21878600,13:40:00,4.1,6.7,21878600,13:40:00,4.1,6.7,21878600,13:40:00
201908030808,201905120808,2019-05-12,13:45:00,11,2.7,3.5,3724800.0,12:38:00,2.8,3.9,5279600,13:15:00,3.2,4.8,12525100,13:34:00,2.9,4.7,21878600,13:40:00,2.9,4.7,21878600,13:40:00,2.9,4.7,21878600,13:40:00
201908030808,201905120808,2019-05-12,13:45:00,12,12.5,17.0,3724800.0,12:38:00,14.7,20.8,5279600,13:15:00,14.7,23.1,12525100,13:34:00,19.6,32.9,21878600,13:40:00,19.6,32.9,21878600,13:40:00,19.6,32.9,21878600,13:40:00
201908030808,201905120808,2019-05-12,13:45:00,13,10.2,13.9,3724800.0,12:38:00,10.3,14.5,5279600,13:15:00,12.7,20.0,12639700,13:34:00,13.3,22.4,21878600,13:40:00,13.3,22.4,21878600,13:40:00,13.3,22.4,21878600,13:40:00
201908030808,201905120808,2019-05-12,13:45:00,14,1.6,1.9,3724800.0,12:38:00,1.5,1.7,5279600,13:15:00,1.3,1.6,12639700,13:34:00,1.2,1.5,21878600,13:40:00,1.2,1.5,21878600,13:40:00,1.2,1.5,21878600,13:40:00
201908030808,201905120808,2019-05-12,13:45:00,15,2.8,3.7,3724800.0,12:38:00,2.4,3.3,5279600,13:15:00,1.7,2.5,12639700,13:34:00,1.8,2.7,21878600,13:40:00,1.8,2.7,21878600,13:40:00,1.8,2.7,21878600,13:40:00
201908030808,201905120808,2019-05-12,13:45:00,16,13.3,18.0,3724800.0,12:38:00,15.2,21.5,5279600,13:15:00,17.7,27.8,12639700,13:34:00,16.5,27.8,21878600,13:40:00,16.5,27.8,21878600,13:40:00,16.5,27.8,21878600,13:40:00
201908030809,201905120809,2019-05-12,14:15:00,01,1.9,2.5,6483500.0,13:14:00,1.6,2.1,8328100,13:44:00,1.7,2.5,17263800,14:04:00,1.9,3.0,30123600,14:10:00,1.9,3.0,30123600,14:10:00,1.9,3.0,30123600,14:10:00
201908030809,201905120809,2019-05-12,14:15:00,02,1.8,2.4,6483500.0,13:14:00,2.1,2.8,8328100,13:44:00,2.8,4.2,17263800,14:04:00,3.3,5.3,30123600,14:10:00,3.3,5.3,30123600,14:10:00,3.3,5.3,30123600,14:10:00
201908030809,201905120809,2019-05-12,14:15:00,03,2.9,4.0,6483500.0,13:14:00,3.0,4.2,8328100,13:44:00,2.6,3.9,17263800,14:04:00,2.1,3.3,30123600,14:10:00,2.1,3.3,30123600,14:10:00,2.1,3.3,30123600,14:10:00
201908030809,201905120809,2019-05-12,14:15:00,04,2.9,3.9,6483500.0,13:14:00,2.8,3.9,8328100,13:44:00,1.9,2.8,17263800,14:04:00,1.7,2.5,30123600,14:10:00,1.7,2.5,30123600,14:10:00,1.7,2.5,30123600,14:10:00
201908030809,201905120809,2019-05-12,14:15:00,05,2.4,3.3,6483500.0,13:14:00,2.6,3.6,8328100,13:44:00,3.2,4.9,17263800,14:04:00,3.4,5.4,30123600,14:10:00,3.4,5.4,30123600,14:10:00,3.4,5.4,30123600,14:10:00
201908030809,201905120809,2019-05-12,14:15:00,06,19.9,28.1,6483500.0,13:14:00,20.0,29.4,8328100,13:44:00,22.4,35.7,17263800,14:04:00,25.9,43.9,30123600,14:10:00,25.9,43.9,30123600,14:10:00,25.9,43.9,30123600,14:10:00
201908030809,201905120809,2019-05-12,14:15:00,07,5.7,8.0,6483500.0,13:14:00,5.9,8.6,8328100,13:44:00,5.1,7.9,17263800,14:04:00,5.5,9.1,30123600,14:10:00,5.5,9.1,30123600,14:10:00,5.5,9.1,30123600,14:10:00
201908030809,201905120809,2019-05-12,14:15:00,08,1.6,2.0,6483500.0,13:14:00,1.5,2.0,8328100,13:44:00,1.4,1.8,17263800,14:04:00,1.3,1.8,30123600,14:10:00,1.3,1.8,30123600,14:10:00,1.3,1.8,30123600,14:10:00
201908030809,201905120809,2019-05-12,14:15:00,09,11.7,16.6,6483500.0,13:14:00,12.6,18.6,8328100,13:44:00,10.5,16.7,17263800,14:04:00,14.4,24.4,30123600,14:10:00,14.4,24.4,30123600,14:10:00,14.4,24.4,30123600,14:10:00
201908030809,201905120809,2019-05-12,14:15:00,10,1.7,2.3,6483500.0,13:14:00,1.5,2.0,8328100,13:44:00,1.4,1.8,17263800,14:04:00,1.3,1.7,30123600,14:10:00,1.3,1.7,30123600,14:10:00,1.3,1.7,30123600,14:10:00
201908030809,201905120809,2019-05-12,14:15:00,11,3.5,4.8,6483500.0,13:14:00,3.7,5.3,8328100,13:44:00,3.9,6.1,17263800,14:04:00,3.6,5.8,30123600,14:10:00,3.6,5.8,30123600,14:10:00,3.6,5.8,30123600,14:10:00
201908030809,201905120809,2019-05-12,14:15:00,12,5.3,7.4,6483500.0,13:14:00,5.7,8.2,8328100,13:44:00,5.0,7.8,17263800,14:04:00,5.0,8.2,30123600,14:10:00,5.0,8.2,30123600,14:10:00,5.0,8.2,30123600,14:10:00
201908030809,201905120809,2019-05-12,14:15:00,13,12.5,17.7,6483500.0,13:14:00,13.2,19.4,8328100,13:44:00,12.2,19.5,17263800,14:04:00,15.5,26.3,30123600,14:10:00,15.5,26.3,30123600,14:10:00,15.5,26.3,30123600,14:10:00
201908030810,201905120810,2019-05-12,14:50:00,01,2.1,3.0,7861100.0,13:49:00,2.0,3.2,10952400,14:20:00,1.9,2.9,24543100,14:39:00,1.8,2.8,37424400,14:45:00,1.8,2.8,37424400,14:45:00,1.8,2.8,37424400,14:45:00
201908030810,201905120810,2019-05-12,14:50:00,02,3.2,4.7,7861100.0,13:49:00,3.4,5.5,10952400,14:20:00,4.0,6.5,24543100,14:39:00,4.2,6.8,37424400,14:45:00,4.2,6.8,37424400,14:45:00,4.2,6.8,37424400,14:45:00
201908030810,201905120810,2019-05-12,14:50:00,03,1.6,2.3,7861100.0,13:49:00,1.5,2.2,10952400,14:20:00,1.6,2.4,24543100,14:39:00,1.6,2.4,37424400,14:45:00,1.6,2.4,37424400,14:45:00,1.6,2.4,37424400,14:45:00
201908030810,201905120810,2019-05-12,14:50:00,04,1.7,2.4,7861100.0,13:49:00,1.7,2.6,10952400,14:20:00,1.5,2.1,24543100,14:39:00,1.4,2.0,37424400,14:45:00,1.4,2.0,37424400,14:45:00,1.4,2.0,37424400,14:45:00
201908030810,201905120810,2019-05-12,14:50:00,05,3.1,4.6,7861100.0,13:49:00,3.3,5.3,10952400,14:20:00,4.2,6.9,24543100,14:39:00,4.6,7.5,37424400,14:45:00,4.6,7.5,37424400,14:45:00,4.6,7.5,37424400,14:45:00
201908030810,201905120810,2019-05-12,14:50:00,06,1.9,2.7,7861100.0,13:49:00,2.1,3.2,10952400,14:20:00,1.8,2.7,24543100,14:39:00,1.7,2.6,37424400,14:45:00,1.7,2.6,37424400,14:45:00,1.7,2.6,37424400,14:45:00
201908030810,201905120810,2019-05-12,14:50:00,07,17.7,26.1,7861100.0,13:49:00,18.9,31.1,10952400,14:20:00,17.8,29.1,24543100,14:39:00,21.7,35.7,37424400,14:45:00,21.7,35.7,37424400,14:45:00,21.7,35.7,37424400,14:45:00
201908030810,201905120810,2019-05-12,14:50:00,08,3.6,5.3,7861100.0,13:49:00,3.6,6.0,10952400,14:20:00,4.5,7.3,24543100,14:39:00,4.7,7.7,37424400,14:45:00,4.7,7.7,37424400,14:45:00,4.7,7.7,37424400,14:45:00
201908030810,201905120810,2019-05-12,14:50:00,09,2.7,4.0,7861100.0,13:49:00,2.2,3.6,10952400,14:20:00,2.3,3.6,24543100,14:39:00,2.4,3.8,37424400,14:45:00,2.4,3.8,37424400,14:45:00,2.4,3.8,37424400,14:45:00
201908030810,201905120810,2019-05-12,14:50:00,10,1.2,1.4,7861100.0,13:49:00,1.1,1.3,10952400,14:20:00,1.2,1.4,24543100,14:39:00,1.2,1.4,37424400,14:45:00,1.2,1.4,37424400,14:45:00,1.2,1.4,37424400,14:45:00
201908030811,201905120811,2019-05-12,15:30:00,01,2.0,3.1,17331800.0,14:26:00,2.1,3.4,23558300,15:00:00,2.2,3.6,38853000,15:19:00,2.4,4.0,49219200,15:24:00,2.4,4.0,49219200,15:24:00,2.4,4.0,49219200,15:24:00
201908030811,201905120811,2019-05-12,15:30:00,02,12.1,20.8,17331800.0,14:26:00,12.2,21.6,23558300,15:00:00,14.0,25.1,38853000,15:19:00,15.1,27.2,49219200,15:24:00,15.1,27.2,49219200,15:24:00,15.1,27.2,49219200,15:24:00
201908030811,201905120811,2019-05-12,15:30:00,03,3.5,5.7,17331800.0,14:26:00,3.4,5.8,23558300,15:00:00,3.1,5.3,38853000,15:19:00,2.7,4.6,49219200,15:24:00,2.7,4.6,49219200,15:24:00,2.7,4.6,49219200,15:24:00
201908030811,201905120811,2019-05-12,15:30:00,04,1.7,2.6,17331800.0,14:26:00,1.6,2.4,23558300,15:00:00,1.5,2.2,38853000,15:19:00,1.5,2.3,49219200,15:24:00,1.5,2.3,49219200,15:24:00,1.5,2.3,49219200,15:24:00
201908030811,201905120811,2019-05-12,15:30:00,05,1.1,1.3,17331800.0,14:26:00,1.1,1.3,23558300,15:00:00,1.1,1.3,38853000,15:19:00,1.1,1.3,49219200,15:24:00,1.1,1.3,49219200,15:24:00,1.1,1.3,49219200,15:24:00
201908030811,201905120811,2019-05-12,15:30:00,06,17.9,31.0,17331800.0,14:26:00,18.5,32.9,23558300,15:00:00,20.7,37.0,38853000,15:19:00,22.5,40.7,49219200,15:24:00,22.5,40.7,49219200,15:24:00,22.5,40.7,49219200,15:24:00
201908030811,201905120811,2019-05-12,15:30:00,07,10.1,17.4,17331800.0,14:26:00,10.0,17.8,23558300,15:00:00,10.9,19.5,38853000,15:19:00,11.8,21.3,49219200,15:24:00,11.8,21.3,49219200,15:24:00,11.8,21.3,49219200,15:24:00
201908030811,201905120811,2019-05-12,15:30:00,08,5.3,9.0,17331800.0,14:26:00,4.8,8.3,23558300,15:00:00,5.4,9.5,38853000,15:19:00,5.7,10.1,49219200,15:24:00,5.7,10.1,49219200,15:24:00,5.7,10.1,49219200,15:24:00
201908030811,201905120811,2019-05-12,15:30:00,09,2.1,3.3,17331800.0,14:26:00,2.2,3.6,23558300,15:00:00,2.2,3.5,38853000,15:19:00,2.2,3.6,49219200,15:24:00,2.2,3.6,49219200,15:24:00,2.2,3.6,49219200,15:24:00
201908030811,201905120811,2019-05-12,15:30:00,10,2.3,3.7,17331800.0,14:26:00,2.2,3.6,23558300,15:00:00,2.0,3.3,38853000,15:19:00,2.0,3.3,49219200,15:24:00,2.0,3.3,49219200,15:24:00,2.0,3.3,49219200,15:24:00
201908030811,201905120811,2019-05-12,15:30:00,11,7.9,13.6,17331800.0,14:26:00,8.5,15.0,23558300,15:00:00,9.6,17.0,38853000,15:19:00,10.5,18.9,49219200,15:24:00,10.5,18.9,49219200,15:24:00,10.5,18.9,49219200,15:24:00
201908030811,201905120811,2019-05-12,15:30:00,12,4.0,6.7,17331800.0,14:26:00,4.1,7.1,23558300,15:00:00,4.2,7.2,38853000,15:19:00,4.1,7.2,49219200,15:24:00,4.1,7.2,49219200,15:24:00,4.1,7.2,49219200,15:24:00
201908030811,201905120811,2019-05-12,15:30:00,13,3.5,5.8,17331800.0,14:26:00,3.6,6.1,23558300,15:00:00,3.4,5.8,38853000,15:19:00,3.3,5.7,49219200,15:24:00,3.3,5.7,49219200,15:24:00,3.3,5.7,49219200,15:24:00
201908030811,201905120811,2019-05-12,15:30:00,14,3.1,5.0,17331800.0,14:26:00,2.9,4.9,23558300,15:00:00,3.0,5.0,38853000,15:19:00,3.0,5.1,49219200,15:24:00,3.0,5.1,49219200,15:24:00,3.0,5.1,49219200,15:24:00
201908030812,201905120812,2019-05-12,16:10:00,01,8.8,11.0,8237500.0,15:07:00,6.3,7.8,10523900,15:37:00,9.1,12.3,22844800,15:59:00,10.3,14.1,35055200,16:04:00,10.3,14.1,35055200,16:04:00,10.3,14.1,35055200,16:04:00
201908030812,201905120812,2019-05-12,16:10:00,02,2.0,2.3,8237500.0,15:07:00,2.2,2.6,10523900,15:37:00,2.3,3.0,22844800,15:59:00,2.4,3.1,35055200,16:04:00,2.4,3.1,35055200,16:04:00,2.4,3.1,35055200,16:04:00
201908030812,201905120812,2019-05-12,16:10:00,03,2.6,3.2,8237500.0,15:07:00,2.6,3.2,10523900,15:37:00,2.5,3.3,22844800,15:59:00,2.3,3.1,35055200,16:04:00,2.3,3.1,35055200,16:04:00,2.3,3.1,35055200,16:04:00
201908030812,201905120812,2019-05-12,16:10:00,04,3.7,4.6,8237500.0,15:07:00,2.9,3.6,10523900,15:37:00,2.9,3.8,22844800,15:59:00,2.9,3.9,35055200,16:04:00,2.9,3.9,35055200,16:04:00,2.9,3.9,35055200,16:04:00
201908030812,201905120812,2019-05-12,16:10:00,05,3.4,4.2,8237500.0,15:07:00,3.7,4.6,10523900,15:37:00,3.6,4.8,22844800,15:59:00,3.5,4.6,35055200,16:04:00,3.5,4.6,35055200,16:04:00,3.5,4.6,35055200,16:04:00
201908030812,201905120812,2019-05-12,16:10:00,06,4.1,5.1,8237500.0,15:07:00,4.2,5.2,10523900,15:37:00,5.5,7.3,22844800,15:59:00,6.2,8.5,35055200,16:04:00,6.2,8.5,35055200,16:04:00,6.2,8.5,35055200,16:04:00
201908030812,201905120812,2019-05-12,16:10:00,07,2.5,3.1,8237500.0,15:07:00,2.2,2.6,10523900,15:37:00,1.8,2.1,22844800,15:59:00,1.7,1.9,35055200,16:04:00,1.7,1.9,35055200,16:04:00,1.7,1.9,35055200,16:04:00
201908030812,201905120812,2019-05-12,16:10:00,08,17.9,22.2,8237500.0,15:07:00,18.4,22.9,10523900,15:37:00,23.7,32.0,22844800,15:59:00,28.7,39.3,35055200,16:04:00,28.7,39.3,35055200,16:04:00,28.7,39.3,35055200,16:04:00
201908030812,201905120812,2019-05-12,16:10:00,09,4.4,5.5,8237500.0,15:07:00,4.4,5.5,10523900,15:37:00,4.1,5.4,22844800,15:59:00,4.2,5.7,35055200,16:04:00,4.2,5.7,35055200,16:04:00,4.2,5.7,35055200,16:04:00
201908030812,201905120812,2019-05-12,16:10:00,10,2.9,3.5,8237500.0,15:07:00,2.9,3.6,10523900,15:37:00,1.9,2.4,22844800,15:59:00,2.0,2.6,35055200,16:04:00,2.0,2.6,35055200,16:04:00,2.0,2.6,35055200,16:04:00
201908030812,201905120812,2019-05-12,16:10:00,11,5.3,6.6,8237500.0,15:07:00,6.0,7.5,10523900,15:37:00,6.9,9.3,22844800,15:59:00,7.6,10.4,35055200,16:04:00,7.6,10.4,35055200,16:04:00,7.6,10.4,35055200,16:04:00
201908030812,201905120812,2019-05-12,16:10:00,12,3.9,4.8,8237500.0,15:07:00,3.7,4.6,10523900,15:37:00,3.7,4.9,22844800,15:59:00,3.7,5.0,35055200,16:04:00,3.7,5.0,35055200,16:04:00,3.7,5.0,35055200,16:04:00
201908030812,201905120812,2019-05-12,16:10:00,13,3.9,4.8,8237500.0,15:07:00,4.4,5.5,10523900,15:37:00,4.0,5.4,22844800,15:59:00,3.6,4.8,35055200,16:04:00,3.6,4.8,35055200,16:04:00,3.6,4.8,35055200,16:04:00
201908030812,201905120812,2019-05-12,16:10:00,14,8.8,11.0,8237500.0,15:07:00,9.4,11.8,10523900,15:37:00,9.3,12.6,22844800,15:59:00,9.7,13.4,35055200,16:04:00,9.7,13.4,35055200,16:04:00,9.7,13.4,35055200,16:04:00
201908030812,201905120812,2019-05-12,16:10:00,15,3.0,3.6,8237500.0,15:07:00,3.2,3.9,10523900,15:37:00,3.2,4.2,22844800,15:59:00,3.2,4.2,35055200,16:04:00,3.2,4.2,35055200,16:04:00,3.2,4.2,35055200,16:04:00
201908030812,201905120812,2019-05-12,16:10:00,16,5.7,7.1,8237500.0,15:07:00,6.8,8.5,10523900,15:37:00,9.3,12.6,22844800,15:59:00,10.5,14.4,35055200,16:04:00,10.5,14.4,35055200,16:04:00,10.5,14.4,35055200,16:04:00
201908030901,201905180801,2019-05-18,10:05:00,01,5.6,13.5,7438600.0,09:05:00,4.7,12.3,12476200,09:35:00,5.1,14.4,25311300,09:54:00,5.5,16.4,36912500,10:00:00,5.5,16.4,36912500,10:00:00,5.5,16.4,36912500,10:00:00
201908030901,201905180801,2019-05-18,10:05:00,02,3.7,8.6,7438600.0,09:05:00,3.3,8.3,12476200,09:35:00,3.1,8.4,25311300,09:54:00,3.1,8.9,36912500,10:00:00,3.1,8.9,36912500,10:00:00,3.1,8.9,36912500,10:00:00
201908030901,201905180801,2019-05-18,10:05:00,03,1.7,3.6,7438600.0,09:05:00,1.7,3.8,12476200,09:35:00,1.6,4.0,25311300,09:54:00,1.6,4.2,36912500,10:00:00,1.6,4.2,36912500,10:00:00,1.6,4.2,36912500,10:00:00
201908030901,201905180801,2019-05-18,10:05:00,04,7.3,17.8,7438600.0,09:05:00,8.5,22.8,12476200,09:35:00,8.1,23.6,25311300,09:54:00,8.5,26.3,36912500,10:00:00,8.5,26.3,36912500,10:00:00,8.5,26.3,36912500,10:00:00
201908030901,201905180801,2019-05-18,10:05:00,05,5.5,13.3,7438600.0,09:05:00,5.1,13.4,12476200,09:35:00,3.5,9.7,25311300,09:54:00,3.8,11.1,36912500,10:00:00,3.8,11.1,36912500,10:00:00,3.8,11.1,36912500,10:00:00
201908030901,201905180801,2019-05-18,10:05:00,06,32.5,81.7,7438600.0,09:05:00,35.1,96.5,12476200,09:35:00,38.4,115.2,25311300,09:54:00,42.1,133.3,36912500,10:00:00,42.1,133.3,36912500,10:00:00,42.1,133.3,36912500,10:00:00
201908030901,201905180801,2019-05-18,10:05:00,07,4.3,10.2,7438600.0,09:05:00,4.3,11.1,12476200,09:35:00,4.6,13.0,25311300,09:54:00,4.6,13.8,36912500,10:00:00,4.6,13.8,36912500,10:00:00,4.6,13.8,36912500,10:00:00
201908030901,201905180801,2019-05-18,10:05:00,08,12.4,30.9,7438600.0,09:05:00,11.9,32.3,12476200,09:35:00,10.4,30.7,25311300,09:54:00,8.4,25.9,36912500,10:00:00,8.4,25.9,36912500,10:00:00,8.4,25.9,36912500,10:00:00
201908030901,201905180801,2019-05-18,10:05:00,09,16.4,41.1,7438600.0,09:05:00,14.4,39.1,12476200,09:35:00,17.1,50.8,25311300,09:54:00,20.0,63.1,36912500,10:00:00,20.0,63.1,36912500,10:00:00,20.0,63.1,36912500,10:00:00
201908030901,201905180801,2019-05-18,10:05:00,10,2.2,4.9,7438600.0,09:05:00,2.5,6.2,12476200,09:35:00,2.9,7.9,25311300,09:54:00,3.0,8.5,36912500,10:00:00,3.0,8.5,36912500,10:00:00,3.0,8.5,36912500,10:00:00
201908030901,201905180801,2019-05-18,10:05:00,11,1.2,2.1,7438600.0,09:05:00,1.1,1.9,12476200,09:35:00,1.2,2.3,25311300,09:54:00,1.2,2.4,36912500,10:00:00,1.2,2.4,36912500,10:00:00,1.2,2.4,36912500,10:00:00
201908030901,201905180801,2019-05-18,10:05:00,12,1.1,1.1,7438600.0,09:05:00,1.1,1.1,12476200,09:35:00,1.1,1.1,25311300,09:54:00,1.1,1.1,36912500,10:00:00,1.1,1.1,36912500,10:00:00,1.1,1.1,36912500,10:00:00
201908030901,201905180801,2019-05-18,10:05:00,13,14.9,37.1,7438600.0,09:05:00,15.3,41.6,12476200,09:35:00,12.4,36.6,25311300,09:54:00,13.4,41.9,36912500,10:00:00,13.4,41.9,36912500,10:00:00,13.4,41.9,36912500,10:00:00
201908030901,201905180801,2019-05-18,10:05:00,14,5.5,13.4,7438600.0,09:05:00,6.0,15.9,12476200,09:35:00,7.3,21.1,25311300,09:54:00,8.2,25.2,36912500,10:00:00,8.2,25.2,36912500,10:00:00,8.2,25.2,36912500,10:00:00
201908030901,201905180801,2019-05-18,10:05:00,15,6.4,15.5,7438600.0,09:05:00,7.5,20.1,12476200,09:35:00,9.0,26.5,25311300,09:54:00,10.4,32.3,36912500,10:00:00,10.4,32.3,36912500,10:00:00,10.4,32.3,36912500,10:00:00
201908030901,201905180801,2019-05-18,10:05:00,16,2.1,4.6,7438600.0,09:05:00,2.0,4.8,12476200,09:35:00,2.1,5.3,25311300,09:54:00,1.9,4.9,36912500,10:00:00,1.9,4.9,36912500,10:00:00,1.9,4.9,36912500,10:00:00
201908030902,201905180802,2019-05-18,10:35:00,01,3.0,7.1,4637000.0,09:28:00,2.9,6.3,6613500,10:04:00,3.5,10.1,16542300,10:24:00,3.7,10.6,23326900,10:29:00,3.7,10.6,23326900,10:29:00,3.7,10.6,23326900,10:29:00
201908030902,201905180802,2019-05-18,10:35:00,02,4.4,10.8,4637000.0,09:28:00,4.3,9.6,6613500,10:04:00,3.2,9.2,16542300,10:24:00,2.9,8.1,23326900,10:29:00,2.9,8.1,23326900,10:29:00,2.9,8.1,23326900,10:29:00
201908030902,201905180802,2019-05-18,10:35:00,03,12.5,31.9,4637000.0,09:28:00,8.5,19.9,6613500,10:04:00,11.9,37.0,16542300,10:24:00,11.6,35.1,23326900,10:29:00,11.6,35.1,23326900,10:29:00,11.6,35.1,23326900,10:29:00
201908030902,201905180802,2019-05-18,10:35:00,04,1.5,3.2,4637000.0,09:28:00,1.6,3.1,6613500,10:04:00,1.5,3.8,16542300,10:24:00,1.6,3.8,23326900,10:29:00,1.6,3.8,23326900,10:29:00,1.6,3.8,23326900,10:29:00
201908030902,201905180802,2019-05-18,10:35:00,05,2.7,6.4,4637000.0,09:28:00,2.8,6.1,6613500,10:04:00,2.6,7.2,16542300,10:24:00,2.5,6.8,23326900,10:29:00,2.5,6.8,23326900,10:29:00,2.5,6.8,23326900,10:29:00
201908030902,201905180802,2019-05-18,10:35:00,06,1.2,2.0,4637000.0,09:28:00,1.2,1.9,6613500,10:04:00,1.2,2.2,16542300,10:24:00,1.1,2.1,23326900,10:29:00,1.1,2.1,23326900,10:29:00,1.1,2.1,23326900,10:29:00
201908030902,201905180802,2019-05-18,10:35:00,07,6.7,16.6,4637000.0,09:28:00,6.1,13.9,6613500,10:04:00,8.0,24.6,16542300,10:24:00,9.1,27.3,23326900,10:29:00,9.1,27.3,23326900,10:29:00,9.1,27.3,23326900,10:29:00
201908030902,201905180802,2019-05-18,10:35:00,08,13.1,33.3,4637000.0,09:28:00,11.9,27.9,6613500,10:04:00,11.9,37.0,16542300,10:24:00,11.1,33.4,23326900,10:29:00,11.1,33.4,23326900,10:29:00,11.1,33.4,23326900,10:29:00
201908030902,201905180802,2019-05-18,10:35:00,09,9.6,24.1,4637000.0,09:28:00,10.6,24.8,6613500,10:04:00,9.4,28.9,16542300,10:24:00,11.0,33.3,23326900,10:29:00,11.0,33.3,23326900,10:29:00,11.0,33.3,23326900,10:29:00
201908030902,201905180802,2019-05-18,10:35:00,10,3.2,7.5,4637000.0,09:28:00,3.3,7.3,6613500,10:04:00,3.4,9.7,16542300,10:24:00,3.3,9.4,23326900,10:29:00,3.3,9.4,23326900,10:29:00,3.3,9.4,23326900,10:29:00
201908030902,201905180802,2019-05-18,10:35:00,11,1.1,1.1,4637000.0,09:28:00,1.1,1.1,6613500,10:04:00,1.1,1.1,16542300,10:24:00,1.1,1.1,23326900,10:29:00,1.1,1.1,23326900,10:29:00,1.1,1.1,23326900,10:29:00
201908030902,201905180802,2019-05-18,10:35:00,12,17.1,43.6,4637000.0,09:28:00,18.7,44.0,6613500,10:04:00,20.4,64.0,16542300,10:24:00,19.7,60.0,23326900,10:29:00,19.7,60.0,23326900,10:29:00,19.7,60.0,23326900,10:29:00
201908030902,201905180802,2019-05-18,10:35:00,13,3.8,9.1,4637000.0,09:28:00,4.1,9.2,6613500,10:04:00,5.0,14.8,16542300,10:24:00,5.7,16.8,23326900,10:29:00,5.7,16.8,23326900,10:29:00,5.7,16.8,23326900,10:29:00
201908030902,201905180802,2019-05-18,10:35:00,14,3.5,8.2,4637000.0,09:28:00,3.3,7.4,6613500,10:04:00,3.2,9.3,16542300,10:24:00,2.8,7.8,23326900,10:29:00,2.8,7.8,23326900,10:29:00,2.8,7.8,23326900,10:29:00
201908030902,201905180802,2019-05-18,10:35:00,15,22.7,58.0,4637000.0,09:28:00,22.3,52.8,6613500,10:04:00,22.3,70.3,16542300,10:24:00,18.5,56.3,23326900,10:29:00,18.5,56.3,23326900,10:29:00,18.5,56.3,23326900,10:29:00
201908030902,201905180802,2019-05-18,10:35:00,16,7.4,18.4,4637000.0,09:28:00,7.4,17.1,6613500,10:04:00,7.3,22.4,16542300,10:24:00,7.5,22.2,23326900,10:29:00,7.5,22.2,23326900,10:29:00,7.5,22.2,23326900,10:29:00
201908030903,201905180803,2019-05-18,11:05:00,01,1.8,4.3,6487800.0,10:05:00,1.6,4.1,8678200,10:31:00,1.5,4.0,19990200,10:54:00,1.4,3.6,29998700,10:59:00,1.4,3.6,29998700,10:59:00,1.4,3.6,29998700,10:59:00
201908030903,201905180803,2019-05-18,11:05:00,02,2.0,4.9,6487800.0,10:05:00,1.9,4.9,8678200,10:31:00,1.7,4.6,19990200,10:54:00,1.6,4.1,29998700,10:59:00,1.6,4.1,29998700,10:59:00,1.6,4.1,29998700,10:59:00
201908030903,201905180803,2019-05-18,11:05:00,03,3.3,8.8,6487800.0,10:05:00,3.4,9.6,8678200,10:31:00,3.2,9.9,19990200,10:54:00,3.4,10.1,29998700,10:59:00,3.4,10.1,29998700,10:59:00,3.4,10.1,29998700,10:59:00
201908030903,201905180803,2019-05-18,11:05:00,04,9.3,26.8,6487800.0,10:05:00,10.2,30.8,8678200,10:31:00,13.9,46.5,19990200,10:54:00,16.1,52.1,29998700,10:59:00,16.1,52.1,29998700,10:59:00,16.1,52.1,29998700,10:59:00
201908030903,201905180803,2019-05-18,11:05:00,05,1.6,3.6,6487800.0,10:05:00,1.5,3.7,8678200,10:31:00,1.4,3.5,19990200,10:54:00,1.4,3.3,29998700,10:59:00,1.4,3.3,29998700,10:59:00,1.4,3.3,29998700,10:59:00
201908030903,201905180803,2019-05-18,11:05:00,06,7.2,20.4,6487800.0,10:05:00,7.9,23.6,8678200,10:31:00,8.6,28.5,19990200,10:54:00,8.6,27.3,29998700,10:59:00,8.6,27.3,29998700,10:59:00,8.6,27.3,29998700,10:59:00
201908030903,201905180803,2019-05-18,11:05:00,07,11.5,33.1,6487800.0,10:05:00,11.5,34.9,8678200,10:31:00,14.0,46.8,19990200,10:54:00,16.4,53.0,29998700,10:59:00,16.4,53.0,29998700,10:59:00,16.4,53.0,29998700,10:59:00
201908030903,201905180803,2019-05-18,11:05:00,08,12.9,37.3,6487800.0,10:05:00,14.7,45.0,8678200,10:31:00,17.8,59.8,19990200,10:54:00,22.6,73.6,29998700,10:59:00,22.6,73.6,29998700,10:59:00,22.6,73.6,29998700,10:59:00
201908030903,201905180803,2019-05-18,11:05:00,09,19.3,56.2,6487800.0,10:05:00,16.5,50.5,8678200,10:31:00,23.9,80.6,19990200,10:54:00,29.4,95.8,29998700,10:59:00,29.4,95.8,29998700,10:59:00,29.4,95.8,29998700,10:59:00
201908030903,201905180803,2019-05-18,11:05:00,10,8.7,24.9,6487800.0,10:05:00,8.5,25.6,8678200,10:31:00,9.5,31.3,19990200,10:54:00,10.5,33.5,29998700,10:59:00,10.5,33.5,29998700,10:59:00,10.5,33.5,29998700,10:59:00
201908030903,201905180803,2019-05-18,11:05:00,11,2.8,7.3,6487800.0,10:05:00,3.0,8.3,8678200,10:31:00,3.3,10.0,19990200,10:54:00,3.7,11.0,29998700,10:59:00,3.7,11.0,29998700,10:59:00,3.7,11.0,29998700,10:59:00
201908030903,201905180803,2019-05-18,11:05:00,12,1.1,1.1,6487800.0,10:05:00,1.1,1.1,8678200,10:31:00,1.1,1.1,19990200,10:54:00,1.1,1.1,29998700,10:59:00,1.1,1.1,29998700,10:59:00,1.1,1.1,29998700,10:59:00
201908030903,201905180803,2019-05-18,11:05:00,13,4.0,11.0,6487800.0,10:05:00,4.0,11.6,8678200,10:31:00,3.8,12.0,19990200,10:54:00,3.8,11.5,29998700,10:59:00,3.8,11.5,29998700,10:59:00,3.8,11.5,29998700,10:59:00
201908030903,201905180803,2019-05-18,11:05:00,14,4.6,12.6,6487800.0,10:05:00,4.7,13.7,8678200,10:31:00,5.9,19.1,19990200,10:54:00,7.1,22.3,29998700,10:59:00,7.1,22.3,29998700,10:59:00,7.1,22.3,29998700,10:59:00
201908030903,201905180803,2019-05-18,11:05:00,15,3.2,8.4,6487800.0,10:05:00,3.5,9.8,8678200,10:31:00,4.4,13.8,19990200,10:54:00,4.7,14.5,29998700,10:59:00,4.7,14.5,29998700,10:59:00,4.7,14.5,29998700,10:59:00
201908030904,201905180804,2019-05-18,11:35:00,01,18.3,27.3,3637200.0,10:31:00,20.0,30.3,4773100,11:01:00,29.8,50.0,12460800,11:24:00,38.2,63.3,19071400,11:29:00,38.2,63.3,19071400,11:29:00,38.2,63.3,19071400,11:29:00
201908030904,201905180804,2019-05-18,11:35:00,02,1.4,1.6,3637200.0,10:31:00,1.4,1.6,4773100,11:01:00,1.2,1.4,12460800,11:24:00,1.2,1.5,19071400,11:29:00,1.2,1.5,19071400,11:29:00,1.2,1.5,19071400,11:29:00
201908030904,201905180804,2019-05-18,11:35:00,03,1.9,2.5,3637200.0,10:31:00,1.8,2.4,4773100,11:01:00,1.7,2.5,12460800,11:24:00,1.6,2.3,19071400,11:29:00,1.6,2.3,19071400,11:29:00,1.6,2.3,19071400,11:29:00
201908030904,201905180804,2019-05-18,11:35:00,04,10.3,15.4,3637200.0,10:31:00,10.6,16.1,4773100,11:01:00,15.9,26.8,12460800,11:24:00,18.6,30.7,19071400,11:29:00,18.6,30.7,19071400,11:29:00,18.6,30.7,19071400,11:29:00
201908030904,201905180804,2019-05-18,11:35:00,05,8.1,12.1,3637200.0,10:31:00,7.6,11.4,4773100,11:01:00,7.6,12.6,12460800,11:24:00,9.1,14.9,19071400,11:29:00,9.1,14.9,19071400,11:29:00,9.1,14.9,19071400,11:29:00
201908030904,201905180804,2019-05-18,11:35:00,06,3.6,5.3,3637200.0,10:31:00,3.8,5.6,4773100,11:01:00,4.7,7.6,12460800,11:24:00,4.3,6.8,19071400,11:29:00,4.3,6.8,19071400,11:29:00,4.3,6.8,19071400,11:29:00
201908030904,201905180804,2019-05-18,11:35:00,07,2.5,3.5,3637200.0,10:31:00,2.4,3.4,4773100,11:01:00,1.8,2.8,12460800,11:24:00,1.6,2.3,19071400,11:29:00,1.6,2.3,19071400,11:29:00,1.6,2.3,19071400,11:29:00
201908030904,201905180804,2019-05-18,11:35:00,08,2.4,3.4,3637200.0,10:31:00,2.4,3.5,4773100,11:01:00,2.5,4.0,12460800,11:24:00,2.4,3.7,19071400,11:29:00,2.4,3.7,19071400,11:29:00,2.4,3.7,19071400,11:29:00
201908030904,201905180804,2019-05-18,11:35:00,09,3.1,4.4,3637200.0,10:31:00,2.5,3.7,4773100,11:01:00,2.1,3.3,12460800,11:24:00,2.1,3.3,19071400,11:29:00,2.1,3.3,19071400,11:29:00,2.1,3.3,19071400,11:29:00
201908030904,201905180804,2019-05-18,11:35:00,10,9.3,13.9,3637200.0,10:31:00,10.7,16.2,4773100,11:01:00,13.8,23.1,12460800,11:24:00,17.3,28.7,19071400,11:29:00,17.3,28.7,19071400,11:29:00,17.3,28.7,19071400,11:29:00
201908030904,201905180804,2019-05-18,11:35:00,11,2.8,4.0,3637200.0,10:31:00,2.5,3.5,4773100,11:01:00,2.6,4.0,12460800,11:24:00,3.0,4.6,19071400,11:29:00,3.0,4.6,19071400,11:29:00,3.0,4.6,19071400,11:29:00
201908030904,201905180804,2019-05-18,11:35:00,12,2.0,2.8,3637200.0,10:31:00,2.4,3.4,4773100,11:01:00,2.8,4.4,12460800,11:24:00,2.9,4.5,19071400,11:29:00,2.9,4.5,19071400,11:29:00,2.9,4.5,19071400,11:29:00
201908030904,201905180804,2019-05-18,11:35:00,13,5.9,8.7,3637200.0,10:31:00,6.5,9.7,4773100,11:01:00,6.9,11.4,12460800,11:24:00,7.7,12.6,19071400,11:29:00,7.7,12.6,19071400,11:29:00,7.7,12.6,19071400,11:29:00
201908030904,201905180804,2019-05-18,11:35:00,14,6.5,9.6,3637200.0,10:31:00,7.1,10.7,4773100,11:01:00,7.9,13.1,12460800,11:24:00,8.7,14.2,19071400,11:29:00,8.7,14.2,19071400,11:29:00,8.7,14.2,19071400,11:29:00
201908030904,201905180804,2019-05-18,11:35:00,15,9.8,14.6,3637200.0,10:31:00,11.2,17.0,4773100,11:01:00,11.2,18.7,12460800,11:24:00,12.3,20.2,19071400,11:29:00,12.3,20.2,19071400,11:29:00,12.3,20.2,19071400,11:29:00
201908030904,201905180804,2019-05-18,11:35:00,16,13.1,19.6,3637200.0,10:31:00,12.6,19.1,4773100,11:01:00,20.7,34.7,12460800,11:24:00,28.1,46.5,19071400,11:29:00,28.1,46.5,19071400,11:29:00,28.1,46.5,19071400,11:29:00
201908030905,201905180805,2019-05-18,12:25:00,01,9.0,14.9,2729000.0,11:22:00,10.5,18.6,4617900,11:51:00,17.1,32.5,12892800,12:14:00,20.1,36.4,16745600,12:19:00,20.1,36.4,16745600,12:19:00,20.1,36.4,16745600,12:19:00
201908030905,201905180805,2019-05-18,12:25:00,02,4.4,7.2,2729000.0,11:22:00,5.8,10.1,4617900,11:51:00,9.5,17.8,12892800,12:14:00,11.0,19.8,16745600,12:19:00,11.0,19.8,16745600,12:19:00,11.0,19.8,16745600,12:19:00
201908030905,201905180805,2019-05-18,12:25:00,03,2.6,4.1,2729000.0,11:22:00,2.8,4.6,4617900,11:51:00,3.2,5.7,12892800,12:14:00,3.1,5.2,16745600,12:19:00,3.1,5.2,16745600,12:19:00,3.1,5.2,16745600,12:19:00
201908030905,201905180805,2019-05-18,12:25:00,04,1.3,1.6,2729000.0,11:22:00,1.3,1.8,4617900,11:51:00,1.3,1.8,12892800,12:14:00,1.3,1.8,16745600,12:19:00,1.3,1.8,16745600,12:19:00,1.3,1.8,16745600,12:19:00
201908030905,201905180805,2019-05-18,12:25:00,05,5.8,9.4,2729000.0,11:22:00,5.2,9.1,4617900,11:51:00,5.5,10.2,12892800,12:14:00,5.2,9.1,16745600,12:19:00,5.2,9.1,16745600,12:19:00,5.2,9.1,16745600,12:19:00
201908030905,201905180805,2019-05-18,12:25:00,06,2.0,3.1,2729000.0,11:22:00,2.1,3.3,4617900,11:51:00,2.1,3.7,12892800,12:14:00,2.0,3.3,16745600,12:19:00,2.0,3.3,16745600,12:19:00,2.0,3.3,16745600,12:19:00
201908030905,201905180805,2019-05-18,12:25:00,07,9.3,15.4,2729000.0,11:22:00,8.3,14.6,4617900,11:51:00,10.4,19.6,12892800,12:14:00,11.4,20.5,16745600,12:19:00,11.4,20.5,16745600,12:19:00,11.4,20.5,16745600,12:19:00
201908030905,201905180805,2019-05-18,12:25:00,08,12.3,20.4,2729000.0,11:22:00,13.1,23.2,4617900,11:51:00,16.6,31.5,12892800,12:14:00,19.9,36.0,16745600,12:19:00,19.9,36.0,16745600,12:19:00,19.9,36.0,16745600,12:19:00
201908030905,201905180805,2019-05-18,12:25:00,09,2.4,3.7,2729000.0,11:22:00,1.8,3.0,4617900,11:51:00,1.6,2.6,12892800,12:14:00,1.6,2.5,16745600,12:19:00,1.6,2.5,16745600,12:19:00,1.6,2.5,16745600,12:19:00
201908030905,201905180805,2019-05-18,12:25:00,10,10.3,17.0,2729000.0,11:22:00,9.3,16.5,4617900,11:51:00,6.3,11.7,12892800,12:14:00,6.6,11.8,16745600,12:19:00,6.6,11.8,16745600,12:19:00,6.6,11.8,16745600,12:19:00
201908030905,201905180805,2019-05-18,12:25:00,11,7.7,12.8,2729000.0,11:22:00,7.1,12.5,4617900,11:51:00,9.8,18.4,12892800,12:14:00,11.2,20.2,16745600,12:19:00,11.2,20.2,16745600,12:19:00,11.2,20.2,16745600,12:19:00
201908030905,201905180805,2019-05-18,12:25:00,12,13.9,23.1,2729000.0,11:22:00,15.8,28.1,4617900,11:51:00,17.1,32.5,12892800,12:14:00,17.8,32.3,16745600,12:19:00,17.8,32.3,16745600,12:19:00,17.8,32.3,16745600,12:19:00
201908030905,201905180805,2019-05-18,12:25:00,13,1.4,1.9,2729000.0,11:22:00,1.2,1.5,4617900,11:51:00,1.1,1.4,12892800,12:14:00,1.2,1.5,16745600,12:19:00,1.2,1.5,16745600,12:19:00,1.2,1.5,16745600,12:19:00
201908030905,201905180805,2019-05-18,12:25:00,14,2.1,3.3,2729000.0,11:22:00,2.3,3.7,4617900,11:51:00,1.8,3.1,12892800,12:14:00,1.8,2.9,16745600,12:19:00,1.8,2.9,16745600,12:19:00,1.8,2.9,16745600,12:19:00
201908030905,201905180805,2019-05-18,12:25:00,15,2.8,4.4,2729000.0,11:22:00,3.3,5.6,4617900,11:51:00,4.3,7.8,12892800,12:14:00,4.6,8.0,16745600,12:19:00,4.6,8.0,16745600,12:19:00,4.6,8.0,16745600,12:19:00
201908030906,201905180806,2019-05-18,12:55:00,01,2.0,5.0,3329700.0,11:53:00,2.3,5.4,4166700,12:23:00,2.7,6.7,9150900,12:44:00,2.5,7.3,16594100,12:49:00,2.5,7.3,16594100,12:49:00,2.5,7.3,16594100,12:49:00
201908030906,201905180806,2019-05-18,12:55:00,02,1.3,3.0,3329700.0,11:53:00,1.3,2.7,4166700,12:23:00,1.1,2.3,9150900,12:44:00,1.1,2.7,16594100,12:49:00,1.1,2.7,16594100,12:49:00,1.1,2.7,16594100,12:49:00
201908030906,201905180806,2019-05-18,12:55:00,03,2.3,4.1,3329700.0,11:53:00,2.3,4.1,4166700,12:23:00,2.3,4.1,9150900,12:44:00,2.3,4.1,16594100,12:49:00,2.3,4.1,16594100,12:49:00,2.3,4.1,16594100,12:49:00
201908030906,201905180806,2019-05-18,12:55:00,04,3.0,8.1,3329700.0,11:53:00,3.2,8.0,4166700,12:23:00,5.6,14.7,9150900,12:44:00,7.0,22.5,16594100,12:49:00,7.0,22.5,16594100,12:49:00,7.0,22.5,16594100,12:49:00
201908030906,201905180806,2019-05-18,12:55:00,05,3.9,10.8,3329700.0,11:53:00,4.1,10.6,4166700,12:23:00,5.2,13.7,9150900,12:44:00,5.1,16.2,16594100,12:49:00,5.1,16.2,16594100,12:49:00,5.1,16.2,16594100,12:49:00
201908030906,201905180806,2019-05-18,12:55:00,06,2.0,5.1,3329700.0,11:53:00,1.8,4.1,4166700,12:23:00,1.9,4.3,9150900,12:44:00,1.7,4.8,16594100,12:49:00,1.7,4.8,16594100,12:49:00,1.7,4.8,16594100,12:49:00
201908030906,201905180806,2019-05-18,12:55:00,07,8.9,25.2,3329700.0,11:53:00,9.8,25.8,4166700,12:23:00,10.7,28.5,9150900,12:44:00,11.9,39.0,16594100,12:49:00,11.9,39.0,16594100,12:49:00,11.9,39.0,16594100,12:49:00
201908030906,201905180806,2019-05-18,12:55:00,08,1.1,1.4,3329700.0,11:53:00,1.1,1.4,4166700,12:23:00,1.1,1.4,9150900,12:44:00,1.1,1.4,16594100,12:49:00,1.1,1.4,16594100,12:49:00,1.1,1.4,16594100,12:49:00
201908030906,201905180806,2019-05-18,12:55:00,09,2.9,7.8,3329700.0,11:53:00,3.1,7.9,4166700,12:23:00,2.2,5.4,9150900,12:44:00,2.5,7.4,16594100,12:49:00,2.5,7.4,16594100,12:49:00,2.5,7.4,16594100,12:49:00
201908030906,201905180806,2019-05-18,12:55:00,10,1.1,1.1,3329700.0,11:53:00,1.1,1.2,4166700,12:23:00,1.1,1.2,9150900,12:44:00,1.1,1.1,16594100,12:49:00,1.1,1.1,16594100,12:49:00,1.1,1.1,16594100,12:49:00
201908030907,201905180807,2019-05-18,13:25:00,01,2.7,3.7,4177600.0,12:23:00,2.2,3.1,5532200,12:53:00,1.7,2.4,12602700,13:14:00,1.4,2.0,22836100,13:19:00,1.4,2.0,22836100,13:19:00,1.4,2.0,22836100,13:19:00
201908030907,201905180807,2019-05-18,13:25:00,02,2.5,3.5,4177600.0,12:23:00,2.8,3.9,5532200,12:53:00,3.2,5.0,12602700,13:14:00,3.5,6.0,22836100,13:19:00,3.5,6.0,22836100,13:19:00,3.5,6.0,22836100,13:19:00
201908030907,201905180807,2019-05-18,13:25:00,03,2.2,3.0,4177600.0,12:23:00,2.1,2.8,5532200,12:53:00,1.7,2.5,12602700,13:14:00,1.5,2.3,22836100,13:19:00,1.5,2.3,22836100,13:19:00,1.5,2.3,22836100,13:19:00
201908030907,201905180807,2019-05-18,13:25:00,04,1.4,1.7,4177600.0,12:23:00,1.4,1.6,5532200,12:53:00,1.2,1.4,12602700,13:14:00,1.1,1.4,22836100,13:19:00,1.1,1.4,22836100,13:19:00,1.1,1.4,22836100,13:19:00
201908030907,201905180807,2019-05-18,13:25:00,05,14.9,21.3,4177600.0,12:23:00,16.5,24.0,5532200,12:53:00,14.3,23.1,12602700,13:14:00,13.1,23.7,22836100,13:19:00,13.1,23.7,22836100,13:19:00,13.1,23.7,22836100,13:19:00
201908030907,201905180807,2019-05-18,13:25:00,06,4.0,5.6,4177600.0,12:23:00,4.1,5.8,5532200,12:53:00,4.3,6.8,12602700,13:14:00,4.7,8.3,22836100,13:19:00,4.7,8.3,22836100,13:19:00,4.7,8.3,22836100,13:19:00
201908030907,201905180807,2019-05-18,13:25:00,07,4.5,6.4,4177600.0,12:23:00,3.6,5.1,5532200,12:53:00,3.9,6.2,12602700,13:14:00,3.7,6.3,22836100,13:19:00,3.7,6.3,22836100,13:19:00,3.7,6.3,22836100,13:19:00
201908030907,201905180807,2019-05-18,13:25:00,08,19.1,27.3,4177600.0,12:23:00,21.9,31.9,5532200,12:53:00,30.5,49.4,12602700,13:14:00,39.1,70.7,22836100,13:19:00,39.1,70.7,22836100,13:19:00,39.1,70.7,22836100,13:19:00
201908030907,201905180807,2019-05-18,13:25:00,09,4.0,5.6,4177600.0,12:23:00,4.4,6.4,5532200,12:53:00,5.6,9.0,12602700,13:14:00,5.6,9.9,22836100,13:19:00,5.6,9.9,22836100,13:19:00,5.6,9.9,22836100,13:19:00
201908030907,201905180807,2019-05-18,13:25:00,10,7.7,11.0,4177600.0,12:23:00,6.1,8.8,5532200,12:53:00,7.1,11.4,12602700,13:14:00,9.7,17.4,22836100,13:19:00,9.7,17.4,22836100,13:19:00,9.7,17.4,22836100,13:19:00
201908030907,201905180807,2019-05-18,13:25:00,11,2.1,2.8,4177600.0,12:23:00,2.3,3.2,5532200,12:53:00,2.8,4.4,12602700,13:14:00,3.1,5.3,22836100,13:19:00,3.1,5.3,22836100,13:19:00,3.1,5.3,22836100,13:19:00
201908030907,201905180807,2019-05-18,13:25:00,12,4.2,5.9,4177600.0,12:23:00,4.4,6.3,5532200,12:53:00,4.0,6.4,12602700,13:14:00,3.9,6.7,22836100,13:19:00,3.9,6.7,22836100,13:19:00,3.9,6.7,22836100,13:19:00
201908030907,201905180807,2019-05-18,13:25:00,13,5.8,8.3,4177600.0,12:23:00,6.3,9.1,5532200,12:53:00,6.4,10.3,12602700,13:14:00,7.9,14.1,22836100,13:19:00,7.9,14.1,22836100,13:19:00,7.9,14.1,22836100,13:19:00
201908030907,201905180807,2019-05-18,13:25:00,14,4.0,5.6,4177600.0,12:23:00,4.1,5.9,5532200,12:53:00,5.4,8.7,12602700,13:14:00,6.5,11.5,22836100,13:19:00,6.5,11.5,22836100,13:19:00,6.5,11.5,22836100,13:19:00
201908030907,201905180807,2019-05-18,13:25:00,15,4.2,5.8,4177600.0,12:23:00,4.8,6.9,5532200,12:53:00,3.7,5.9,12602700,13:14:00,3.6,6.3,22836100,13:19:00,3.6,6.3,22836100,13:19:00,3.6,6.3,22836100,13:19:00
201908030907,201905180807,2019-05-18,13:25:00,16,8.1,11.6,4177600.0,12:23:00,8.8,12.8,5532200,12:53:00,6.5,10.5,12602700,13:14:00,7.5,13.3,22836100,13:19:00,7.5,13.3,22836100,13:19:00,7.5,13.3,22836100,13:19:00
201908030908,201905180808,2019-05-18,13:55:00,01,1.6,2.2,2847400.0,12:54:00,1.5,2.1,3612800,13:19:00,1.4,2.0,8950100,13:44:00,1.3,2.0,16046300,13:49:00,1.3,2.0,16046300,13:49:00,1.3,2.0,16046300,13:49:00
201908030908,201905180808,2019-05-18,13:55:00,02,2.3,3.2,2847400.0,12:54:00,2.4,3.4,3612800,13:19:00,2.1,3.1,8950100,13:44:00,1.8,2.8,16046300,13:49:00,1.8,2.8,16046300,13:49:00,1.8,2.8,16046300,13:49:00
201908030908,201905180808,2019-05-18,13:55:00,03,2.5,3.4,2847400.0,12:54:00,2.6,3.7,3612800,13:19:00,2.2,3.3,8950100,13:44:00,2.4,3.9,16046300,13:49:00,2.4,3.9,16046300,13:49:00,2.4,3.9,16046300,13:49:00
201908030908,201905180808,2019-05-18,13:55:00,04,1.5,1.8,2847400.0,12:54:00,1.4,1.9,3612800,13:19:00,1.4,1.9,8950100,13:44:00,1.3,2.0,16046300,13:49:00,1.3,2.0,16046300,13:49:00,1.3,2.0,16046300,13:49:00
201908030908,201905180808,2019-05-18,13:55:00,05,1.6,2.2,2847400.0,12:54:00,1.7,2.3,3612800,13:19:00,1.8,2.5,8950100,13:44:00,2.0,3.1,16046300,13:49:00,2.0,3.1,16046300,13:49:00,2.0,3.1,16046300,13:49:00
201908030908,201905180808,2019-05-18,13:55:00,06,1.5,2.0,2847400.0,12:54:00,1.4,1.8,3612800,13:19:00,1.3,1.7,8950100,13:44:00,1.1,1.4,16046300,13:49:00,1.1,1.4,16046300,13:49:00,1.1,1.4,16046300,13:49:00
201908030908,201905180808,2019-05-18,13:55:00,07,7.1,10.2,2847400.0,12:54:00,7.4,11.0,3612800,13:19:00,9.8,15.5,8950100,13:44:00,12.5,21.6,16046300,13:49:00,12.5,21.6,16046300,13:49:00,12.5,21.6,16046300,13:49:00
201908030908,201905180808,2019-05-18,13:55:00,08,7.9,11.4,2847400.0,12:54:00,8.2,12.2,3612800,13:19:00,12.7,19.9,8950100,13:44:00,15.8,27.5,16046300,13:49:00,15.8,27.5,16046300,13:49:00,15.8,27.5,16046300,13:49:00
201908030908,201905180808,2019-05-18,13:55:00,09,6.0,8.6,2847400.0,12:54:00,4.9,7.2,3612800,13:19:00,6.9,10.8,8950100,13:44:00,8.2,14.2,16046300,13:49:00,8.2,14.2,16046300,13:49:00,8.2,14.2,16046300,13:49:00
201908030908,201905180808,2019-05-18,13:55:00,10,2.6,3.6,2847400.0,12:54:00,2.8,4.1,3612800,13:19:00,3.3,5.0,8950100,13:44:00,3.3,5.6,16046300,13:49:00,3.3,5.6,16046300,13:49:00,3.3,5.6,16046300,13:49:00
201908030909,201905180809,2019-05-18,14:25:00,01,1.6,3.9,7501500.0,13:20:00,1.5,3.6,11387400,13:54:00,1.5,4.0,25392200,14:14:00,1.5,4.4,43624100,14:19:00,1.5,4.4,43624100,14:19:00,1.5,4.4,43624100,14:19:00
201908030909,201905180809,2019-05-18,14:25:00,02,1.4,3.2,7501500.0,13:20:00,1.5,3.7,11387400,13:54:00,1.5,3.8,25392200,14:14:00,1.5,4.3,43624100,14:19:00,1.5,4.3,43624100,14:19:00,1.5,4.3,43624100,14:19:00
201908030909,201905180809,2019-05-18,14:25:00,03,1.6,4.0,7501500.0,13:20:00,1.8,4.7,11387400,13:54:00,1.7,4.6,25392200,14:14:00,1.6,4.9,43624100,14:19:00,1.6,4.9,43624100,14:19:00,1.6,4.9,43624100,14:19:00
201908030909,201905180809,2019-05-18,14:25:00,04,10.3,30.4,7501500.0,13:20:00,9.0,26.9,11387400,13:54:00,10.0,33.0,25392200,14:14:00,12.1,45.7,43624100,14:19:00,12.1,45.7,43624100,14:19:00,12.1,45.7,43624100,14:19:00
201908030909,201905180809,2019-05-18,14:25:00,05,1.1,1.1,7501500.0,13:20:00,1.1,1.1,11387400,13:54:00,1.1,1.1,25392200,14:14:00,1.1,1.1,43624100,14:19:00,1.1,1.1,43624100,14:19:00,1.1,1.1,43624100,14:19:00
201908030909,201905180809,2019-05-18,14:25:00,06,1.9,4.8,7501500.0,13:20:00,1.6,3.8,11387400,13:54:00,1.7,4.7,25392200,14:14:00,1.7,5.5,43624100,14:19:00,1.7,5.5,43624100,14:19:00,1.7,5.5,43624100,14:19:00
201908030909,201905180809,2019-05-18,14:25:00,07,2.2,5.7,7501500.0,13:20:00,2.3,6.2,11387400,13:54:00,2.4,7.3,25392200,14:14:00,2.2,7.3,43624100,14:19:00,2.2,7.3,43624100,14:19:00,2.2,7.3,43624100,14:19:00
201908030909,201905180809,2019-05-18,14:25:00,08,4.5,12.8,7501500.0,13:20:00,5.2,15.2,11387400,13:54:00,5.9,19.0,25392200,14:14:00,6.6,24.4,43624100,14:19:00,6.6,24.4,43624100,14:19:00,6.6,24.4,43624100,14:19:00
201908030909,201905180809,2019-05-18,14:25:00,09,3.8,10.8,7501500.0,13:20:00,4.8,13.8,11387400,13:54:00,4.2,13.4,25392200,14:14:00,5.0,18.1,43624100,14:19:00,5.0,18.1,43624100,14:19:00,5.0,18.1,43624100,14:19:00
201908030910,201905180810,2019-05-18,15:01:00,01,7.1,11.1,10780100.0,13:59:00,7.3,11.5,13329800,14:31:00,7.7,13.0,27366600,14:50:00,7.4,13.4,38812400,14:55:00,7.4,13.4,38812400,14:55:00,7.4,13.4,38812400,14:55:00
201908030910,201905180810,2019-05-18,15:01:00,02,8.2,12.8,10780100.0,13:59:00,8.7,13.7,13329800,14:31:00,10.6,17.9,27366600,14:50:00,10.0,18.1,38812400,14:55:00,10.0,18.1,38812400,14:55:00,10.0,18.1,38812400,14:55:00
201908030910,201905180810,2019-05-18,15:01:00,03,2.9,4.4,10780100.0,13:59:00,2.7,4.1,13329800,14:31:00,2.6,4.1,27366600,14:50:00,2.2,3.7,38812400,14:55:00,2.2,3.7,38812400,14:55:00,2.2,3.7,38812400,14:55:00
201908030910,201905180810,2019-05-18,15:01:00,04,4.6,7.1,10780100.0,13:59:00,4.7,7.2,13329800,14:31:00,4.6,7.6,27366600,14:50:00,3.6,6.3,38812400,14:55:00,3.6,6.3,38812400,14:55:00,3.6,6.3,38812400,14:55:00
201908030910,201905180810,2019-05-18,15:01:00,05,9.7,15.1,10780100.0,13:59:00,8.8,14.0,13329800,14:31:00,9.3,15.6,27366600,14:50:00,8.5,15.4,38812400,14:55:00,8.5,15.4,38812400,14:55:00,8.5,15.4,38812400,14:55:00
201908030910,201905180810,2019-05-18,15:01:00,06,1.9,2.8,10780100.0,13:59:00,1.9,2.8,13329800,14:31:00,1.8,2.8,27366600,14:50:00,1.6,2.6,38812400,14:55:00,1.6,2.6,38812400,14:55:00,1.6,2.6,38812400,14:55:00
201908030910,201905180810,2019-05-18,15:01:00,07,5.4,8.4,10780100.0,13:59:00,5.5,8.5,13329800,14:31:00,5.6,9.3,27366600,14:50:00,4.9,8.7,38812400,14:55:00,4.9,8.7,38812400,14:55:00,4.9,8.7,38812400,14:55:00
201908030910,201905180810,2019-05-18,15:01:00,08,7.3,11.3,10780100.0,13:59:00,7.1,11.1,13329800,14:31:00,7.5,12.5,27366600,14:50:00,6.5,11.6,38812400,14:55:00,6.5,11.6,38812400,14:55:00,6.5,11.6,38812400,14:55:00
201908030910,201905180810,2019-05-18,15:01:00,09,3.7,5.7,10780100.0,13:59:00,3.9,6.0,13329800,14:31:00,3.9,6.3,27366600,14:50:00,3.4,5.8,38812400,14:55:00,3.4,5.8,38812400,14:55:00,3.4,5.8,38812400,14:55:00
201908030910,201905180810,2019-05-18,15:01:00,10,4.8,7.4,10780100.0,13:59:00,5.1,7.9,13329800,14:31:00,6.9,11.6,27366600,14:50:00,5.9,10.5,38812400,14:55:00,5.9,10.5,38812400,14:55:00,5.9,10.5,38812400,14:55:00
201908030910,201905180810,2019-05-18,15:01:00,11,5.1,7.8,10780100.0,13:59:00,4.4,6.8,13329800,14:31:00,4.0,6.6,27366600,14:50:00,3.4,5.8,38812400,14:55:00,3.4,5.8,38812400,14:55:00,3.4,5.8,38812400,14:55:00
201908030910,201905180810,2019-05-18,15:01:00,12,1.2,1.5,10780100.0,13:59:00,1.2,1.4,13329800,14:31:00,1.2,1.4,27366600,14:50:00,1.1,1.2,38812400,14:55:00,1.1,1.2,38812400,14:55:00,1.1,1.2,38812400,14:55:00
201908030910,201905180810,2019-05-18,15:01:00,13,32.9,51.3,10780100.0,13:59:00,31.8,50.3,13329800,14:31:00,37.9,64.2,27366600,14:50:00,34.5,62.8,38812400,14:55:00,34.5,62.8,38812400,14:55:00,34.5,62.8,38812400,14:55:00
201908030910,201905180810,2019-05-18,15:01:00,14,2.1,3.1,10780100.0,13:59:00,2.2,3.3,13329800,14:31:00,2.3,3.6,27366600,14:50:00,1.7,2.8,38812400,14:55:00,1.7,2.8,38812400,14:55:00,1.7,2.8,38812400,14:55:00
201908030910,201905180810,2019-05-18,15:01:00,15,4.3,6.6,10780100.0,13:59:00,4.3,6.7,13329800,14:31:00,4.2,6.9,27366600,14:50:00,3.2,5.5,38812400,14:55:00,3.2,5.5,38812400,14:55:00,3.2,5.5,38812400,14:55:00
201908030910,201905180810,2019-05-18,15:01:00,16,1.9,2.7,10780100.0,13:59:00,1.8,2.6,13329800,14:31:00,1.6,2.3,27366600,14:50:00,1.6,2.3,38812400,14:55:00,1.6,2.3,38812400,14:55:00,1.6,2.3,38812400,14:55:00
201908030911,201905180811,2019-05-18,15:35:00,01,2.4,3.5,59181500.0,14:31:00,2.1,3.3,77705300,15:04:00,2.1,3.3,113949900,15:24:00,2.2,3.4,142010000,15:29:00,2.2,3.4,142010000,15:29:00,2.2,3.4,142010000,15:29:00
201908030911,201905180811,2019-05-18,15:35:00,02,12.6,20.1,59181500.0,14:31:00,13.7,22.6,77705300,15:04:00,14.7,25.1,113949900,15:24:00,15.9,27.6,142010000,15:29:00,15.9,27.6,142010000,15:29:00,15.9,27.6,142010000,15:29:00
201908030911,201905180811,2019-05-18,15:35:00,03,6.0,9.4,59181500.0,14:31:00,6.1,9.9,77705300,15:04:00,6.3,10.5,113949900,15:24:00,6.4,10.8,142010000,15:29:00,6.4,10.8,142010000,15:29:00,6.4,10.8,142010000,15:29:00
201908030911,201905180811,2019-05-18,15:35:00,04,46.6,74.8,59181500.0,14:31:00,51.6,85.6,77705300,15:04:00,45.2,77.9,113949900,15:24:00,51.8,90.3,142010000,15:29:00,51.8,90.3,142010000,15:29:00,51.8,90.3,142010000,15:29:00
201908030911,201905180811,2019-05-18,15:35:00,05,2.3,3.4,59181500.0,14:31:00,2.3,3.4,77705300,15:04:00,2.2,3.4,113949900,15:24:00,2.1,3.3,142010000,15:29:00,2.1,3.3,142010000,15:29:00,2.1,3.3,142010000,15:29:00
201908030911,201905180811,2019-05-18,15:35:00,06,12.4,19.7,59181500.0,14:31:00,12.7,20.9,77705300,15:04:00,12.8,21.8,113949900,15:24:00,13.2,22.9,142010000,15:29:00,13.2,22.9,142010000,15:29:00,13.2,22.9,142010000,15:29:00
201908030911,201905180811,2019-05-18,15:35:00,07,1.4,1.7,59181500.0,14:31:00,1.3,1.6,77705300,15:04:00,1.2,1.5,113949900,15:24:00,1.2,1.5,142010000,15:29:00,1.2,1.5,142010000,15:29:00,1.2,1.5,142010000,15:29:00
201908030911,201905180811,2019-05-18,15:35:00,08,1.6,2.1,59181500.0,14:31:00,1.6,2.2,77705300,15:04:00,1.6,2.1,113949900,15:24:00,1.5,2.1,142010000,15:29:00,1.5,2.1,142010000,15:29:00,1.5,2.1,142010000,15:29:00
201908030911,201905180811,2019-05-18,15:35:00,09,2.6,3.9,59181500.0,14:31:00,2.7,4.2,77705300,15:04:00,2.6,4.2,113949900,15:24:00,2.6,4.2,142010000,15:29:00,2.6,4.2,142010000,15:29:00,2.6,4.2,142010000,15:29:00
201908030911,201905180811,2019-05-18,15:35:00,10,3.7,5.8,59181500.0,14:31:00,3.6,5.8,77705300,15:04:00,3.7,6.0,113949900,15:24:00,3.7,6.1,142010000,15:29:00,3.7,6.1,142010000,15:29:00,3.7,6.1,142010000,15:29:00
201908030911,201905180811,2019-05-18,15:35:00,11,3.7,5.7,59181500.0,14:31:00,3.9,6.2,77705300,15:04:00,3.8,6.2,113949900,15:24:00,4.1,6.8,142010000,15:29:00,4.1,6.8,142010000,15:29:00,4.1,6.8,142010000,15:29:00
201908030911,201905180811,2019-05-18,15:35:00,12,26.6,42.7,59181500.0,14:31:00,27.7,45.9,77705300,15:04:00,29.7,51.1,113949900,15:24:00,32.0,55.7,142010000,15:29:00,32.0,55.7,142010000,15:29:00,32.0,55.7,142010000,15:29:00
201908030911,201905180811,2019-05-18,15:35:00,13,34.3,55.0,59181500.0,14:31:00,38.3,63.5,77705300,15:04:00,42.1,72.5,113949900,15:24:00,42.8,74.7,142010000,15:29:00,42.8,74.7,142010000,15:29:00,42.8,74.7,142010000,15:29:00
201908030911,201905180811,2019-05-18,15:35:00,14,5.6,8.7,59181500.0,14:31:00,5.3,8.6,77705300,15:04:00,5.7,9.5,113949900,15:24:00,5.7,9.7,142010000,15:29:00,5.7,9.7,142010000,15:29:00,5.7,9.7,142010000,15:29:00
201908030911,201905180811,2019-05-18,15:35:00,15,2.8,4.2,59181500.0,14:31:00,2.8,4.4,77705300,15:04:00,2.9,4.6,113949900,15:24:00,2.9,4.6,142010000,15:29:00,2.9,4.6,142010000,15:29:00,2.9,4.6,142010000,15:29:00
201908030911,201905180811,2019-05-18,15:35:00,16,2.5,3.7,59181500.0,14:31:00,2.6,4.1,77705300,15:04:00,2.7,4.3,113949900,15:24:00,2.6,4.2,142010000,15:29:00,2.6,4.2,142010000,15:29:00,2.6,4.2,142010000,15:29:00
201908030912,201905180812,2019-05-18,16:10:00,01,1.6,9.2,17693700.0,15:09:00,1.5,8.9,21305900,15:37:00,1.4,6.5,43384000,15:59:00,1.4,7.1,62218300,16:04:00,1.4,7.1,62218300,16:04:00,1.4,7.1,62218300,16:04:00
201908030912,201905180812,2019-05-18,16:10:00,02,2.6,17.8,17693700.0,15:09:00,2.6,18.0,21305900,15:37:00,3.1,18.1,43384000,15:59:00,3.1,19.6,62218300,16:04:00,3.1,19.6,62218300,16:04:00,3.1,19.6,62218300,16:04:00
201908030912,201905180812,2019-05-18,16:10:00,03,2.7,18.5,17693700.0,15:09:00,2.7,18.2,21305900,15:37:00,2.9,17.2,43384000,15:59:00,2.9,18.7,62218300,16:04:00,2.9,18.7,62218300,16:04:00,2.9,18.7,62218300,16:04:00
201908030912,201905180812,2019-05-18,16:10:00,04,3.5,24.7,17693700.0,15:09:00,3.7,26.6,21305900,15:37:00,4.4,26.9,43384000,15:59:00,4.4,29.1,62218300,16:04:00,4.4,29.1,62218300,16:04:00,4.4,29.1,62218300,16:04:00
201908030912,201905180812,2019-05-18,16:10:00,05,1.3,6.6,17693700.0,15:09:00,1.2,6.2,21305900,15:37:00,1.1,4.4,43384000,15:59:00,1.2,5.0,62218300,16:04:00,1.2,5.0,62218300,16:04:00,1.2,5.0,62218300,16:04:00
201908030912,201905180812,2019-05-18,16:10:00,06,1.0,1.0,17693700.0,15:09:00,1.0,1.0,21305900,15:37:00,1.0,1.1,43384000,15:59:00,1.0,1.1,62218300,16:04:00,1.0,1.1,62218300,16:04:00,1.0,1.1,62218300,16:04:00
201908030912,201905180812,2019-05-18,16:10:00,07,1.3,7.2,17693700.0,15:09:00,1.3,7.1,21305900,15:37:00,1.2,5.6,43384000,15:59:00,1.3,6.3,62218300,16:04:00,1.3,6.3,62218300,16:04:00,1.3,6.3,62218300,16:04:00
201908030912,201905180812,2019-05-18,16:10:00,08,3.2,22.5,17693700.0,15:09:00,3.5,24.7,21305900,15:37:00,4.3,26.5,43384000,15:59:00,3.9,25.8,62218300,16:04:00,3.9,25.8,62218300,16:04:00,3.9,25.8,62218300,16:04:00
201908031001,201905190801,2019-05-19,09:55:00,01,3.4,5.6,4978200.0,08:54:00,3.4,5.4,6888300,09:24:00,3.5,6.4,13566000,09:44:00,3.2,6.9,21793900,09:49:00,3.2,6.9,21793900,09:49:00,3.2,6.9,21793900,09:49:00
201908031001,201905190801,2019-05-19,09:55:00,02,6.9,11.7,4978200.0,08:54:00,8.1,13.4,6888300,09:24:00,8.1,15.7,13566000,09:44:00,8.9,20.1,21793900,09:49:00,8.9,20.1,21793900,09:49:00,8.9,20.1,21793900,09:49:00
201908031001,201905190801,2019-05-19,09:55:00,03,7.4,12.5,4978200.0,08:54:00,7.9,13.0,6888300,09:24:00,5.3,10.0,13566000,09:44:00,5.2,11.4,21793900,09:49:00,5.2,11.4,21793900,09:49:00,5.2,11.4,21793900,09:49:00
201908031001,201905190801,2019-05-19,09:55:00,04,1.2,1.7,4978200.0,08:54:00,1.4,1.9,6888300,09:24:00,1.5,2.4,13566000,09:44:00,1.6,2.9,21793900,09:49:00,1.6,2.9,21793900,09:49:00,1.6,2.9,21793900,09:49:00
201908031001,201905190801,2019-05-19,09:55:00,05,5.1,8.5,4978200.0,08:54:00,4.3,7.0,6888300,09:24:00,4.6,8.7,13566000,09:44:00,4.7,10.3,21793900,09:49:00,4.7,10.3,21793900,09:49:00,4.7,10.3,21793900,09:49:00
201908031001,201905190801,2019-05-19,09:55:00,06,6.1,10.3,4978200.0,08:54:00,7.1,11.6,6888300,09:24:00,6.5,12.4,13566000,09:44:00,6.3,13.9,21793900,09:49:00,6.3,13.9,21793900,09:49:00,6.3,13.9,21793900,09:49:00
201908031001,201905190801,2019-05-19,09:55:00,07,8.2,13.9,4978200.0,08:54:00,9.0,14.8,6888300,09:24:00,7.4,14.3,13566000,09:44:00,7.5,16.7,21793900,09:49:00,7.5,16.7,21793900,09:49:00,7.5,16.7,21793900,09:49:00
201908031001,201905190801,2019-05-19,09:55:00,08,21.7,37.4,4978200.0,08:54:00,23.2,38.6,6888300,09:24:00,20.9,41.0,13566000,09:44:00,14.5,33.1,21793900,09:49:00,14.5,33.1,21793900,09:49:00,14.5,33.1,21793900,09:49:00
201908031001,201905190801,2019-05-19,09:55:00,09,3.8,6.2,4978200.0,08:54:00,2.2,3.4,6888300,09:24:00,2.5,4.4,13566000,09:44:00,2.7,5.6,21793900,09:49:00,2.7,5.6,21793900,09:49:00,2.7,5.6,21793900,09:49:00
201908031001,201905190801,2019-05-19,09:55:00,10,13.6,23.3,4978200.0,08:54:00,16.0,26.6,6888300,09:24:00,17.0,33.4,13566000,09:44:00,19.3,43.9,21793900,09:49:00,19.3,43.9,21793900,09:49:00,19.3,43.9,21793900,09:49:00
201908031001,201905190801,2019-05-19,09:55:00,11,6.3,10.5,4978200.0,08:54:00,7.1,11.6,6888300,09:24:00,5.1,9.7,13566000,09:44:00,5.0,11.0,21793900,09:49:00,5.0,11.0,21793900,09:49:00,5.0,11.0,21793900,09:49:00
201908031001,201905190801,2019-05-19,09:55:00,12,2.1,3.3,4978200.0,08:54:00,2.1,3.2,6888300,09:24:00,1.9,3.3,13566000,09:44:00,1.8,3.6,21793900,09:49:00,1.8,3.6,21793900,09:49:00,1.8,3.6,21793900,09:49:00
201908031001,201905190801,2019-05-19,09:55:00,13,1.3,2.0,4978200.0,08:54:00,1.5,2.2,6888300,09:24:00,1.8,3.1,13566000,09:44:00,1.8,3.6,21793900,09:49:00,1.8,3.6,21793900,09:49:00,1.8,3.6,21793900,09:49:00
201908031001,201905190801,2019-05-19,09:55:00,14,35.6,61.4,4978200.0,08:54:00,41.8,69.7,6888300,09:24:00,33.1,65.1,13566000,09:44:00,34.6,79.3,21793900,09:49:00,34.6,79.3,21793900,09:49:00,34.6,79.3,21793900,09:49:00
201908031001,201905190801,2019-05-19,09:55:00,15,1.2,1.7,4978200.0,08:54:00,1.3,1.7,6888300,09:24:00,1.1,1.2,13566000,09:44:00,1.1,1.1,21793900,09:49:00,1.1,1.1,21793900,09:49:00,1.1,1.1,21793900,09:49:00
201908031001,201905190801,2019-05-19,09:55:00,16,6.0,10.1,4978200.0,08:54:00,6.8,11.1,6888300,09:24:00,5.6,10.7,13566000,09:44:00,5.8,12.7,21793900,09:49:00,5.8,12.7,21793900,09:49:00,5.8,12.7,21793900,09:49:00
201908031002,201905190802,2019-05-19,10:20:00,01,1.8,2.2,1905200.0,09:15:00,2.1,2.5,2965900,09:48:00,1.9,2.3,5318300,10:09:00,1.4,1.7,10600600,10:15:00,1.4,1.7,10600600,10:15:00,1.4,1.7,10600600,10:15:00
201908031002,201905190802,2019-05-19,10:20:00,02,13.9,18.5,1905200.0,09:15:00,12.9,16.2,2965900,09:48:00,15.1,19.9,5318300,10:09:00,16.0,23.2,10600600,10:15:00,16.0,23.2,10600600,10:15:00,16.0,23.2,10600600,10:15:00
201908031002,201905190802,2019-05-19,10:20:00,03,7.0,9.4,1905200.0,09:15:00,7.8,9.8,2965900,09:48:00,8.7,11.5,5318300,10:09:00,10.1,14.7,10600600,10:15:00,10.1,14.7,10600600,10:15:00,10.1,14.7,10600600,10:15:00
201908031002,201905190802,2019-05-19,10:20:00,04,2.2,2.9,1905200.0,09:15:00,2.5,3.1,2965900,09:48:00,2.6,3.4,5318300,10:09:00,2.1,2.9,10600600,10:15:00,2.1,2.9,10600600,10:15:00,2.1,2.9,10600600,10:15:00
201908031002,201905190802,2019-05-19,10:20:00,05,3.8,5.1,1905200.0,09:15:00,4.1,5.1,2965900,09:48:00,3.9,5.1,5318300,10:09:00,3.6,5.1,10600600,10:15:00,3.6,5.1,10600600,10:15:00,3.6,5.1,10600600,10:15:00
201908031002,201905190802,2019-05-19,10:20:00,06,1.9,2.3,1905200.0,09:15:00,2.3,2.9,2965900,09:48:00,2.0,2.5,5318300,10:09:00,2.0,2.6,10600600,10:15:00,2.0,2.6,10600600,10:15:00,2.0,2.6,10600600,10:15:00
201908031002,201905190802,2019-05-19,10:20:00,07,6.4,8.5,1905200.0,09:15:00,5.8,7.2,2965900,09:48:00,6.6,8.6,5318300,10:09:00,8.1,11.8,10600600,10:15:00,8.1,11.8,10600600,10:15:00,8.1,11.8,10600600,10:15:00
201908031002,201905190802,2019-05-19,10:20:00,08,6.1,8.2,1905200.0,09:15:00,5.0,6.2,2965900,09:48:00,6.0,7.8,5318300,10:09:00,8.6,12.4,10600600,10:15:00,8.6,12.4,10600600,10:15:00,8.6,12.4,10600600,10:15:00
201908031002,201905190802,2019-05-19,10:20:00,09,2.3,3.0,1905200.0,09:15:00,2.7,3.3,2965900,09:48:00,3.1,3.9,5318300,10:09:00,2.8,3.8,10600600,10:15:00,2.8,3.8,10600600,10:15:00,2.8,3.8,10600600,10:15:00
201908031002,201905190802,2019-05-19,10:20:00,10,3.1,4.0,1905200.0,09:15:00,2.3,2.8,2965900,09:48:00,2.1,2.7,5318300,10:09:00,2.3,3.2,10600600,10:15:00,2.3,3.2,10600600,10:15:00,2.3,3.2,10600600,10:15:00
201908031002,201905190802,2019-05-19,10:20:00,11,4.3,5.7,1905200.0,09:15:00,3.5,4.3,2965900,09:48:00,3.0,3.8,5318300,10:09:00,3.1,4.4,10600600,10:15:00,3.1,4.4,10600600,10:15:00,3.1,4.4,10600600,10:15:00
201908031002,201905190802,2019-05-19,10:20:00,12,5.1,6.8,1905200.0,09:15:00,4.8,6.0,2965900,09:48:00,4.5,5.9,5318300,10:09:00,5.3,7.6,10600600,10:15:00,5.3,7.6,10600600,10:15:00,5.3,7.6,10600600,10:15:00
201908031002,201905190802,2019-05-19,10:20:00,13,6.9,9.3,1905200.0,09:15:00,7.2,9.1,2965900,09:48:00,6.9,9.0,5318300,10:09:00,6.9,10.0,10600600,10:15:00,6.9,10.0,10600600,10:15:00,6.9,10.0,10600600,10:15:00
201908031002,201905190802,2019-05-19,10:20:00,14,14.2,18.9,1905200.0,09:15:00,13.6,17.0,2965900,09:48:00,16.4,21.5,5318300,10:09:00,18.0,26.1,10600600,10:15:00,18.0,26.1,10600600,10:15:00,18.0,26.1,10600600,10:15:00
201908031002,201905190802,2019-05-19,10:20:00,15,5.8,7.7,1905200.0,09:15:00,6.4,8.0,2965900,09:48:00,5.8,7.6,5318300,10:09:00,5.5,7.8,10600600,10:15:00,5.5,7.8,10600600,10:15:00,5.5,7.8,10600600,10:15:00
201908031002,201905190802,2019-05-19,10:20:00,16,2.6,3.4,1905200.0,09:15:00,3.0,3.7,2965900,09:48:00,3.0,3.8,5318300,10:09:00,2.8,4.0,10600600,10:15:00,2.8,4.0,10600600,10:15:00,2.8,4.0,10600600,10:15:00
201908031003,201905190803,2019-05-19,10:50:00,01,14.1,22.3,2302600.0,09:48:00,16.1,26.7,3267100,10:18:00,22.2,39.5,9728500,10:39:00,29.8,53.3,17458700,10:45:00,29.8,53.3,17458700,10:45:00,29.8,53.3,17458700,10:45:00
201908031003,201905190803,2019-05-19,10:50:00,02,4.7,7.3,2302600.0,09:48:00,5.2,8.5,3267100,10:18:00,6.7,11.7,9728500,10:39:00,7.0,12.2,17458700,10:45:00,7.0,12.2,17458700,10:45:00,7.0,12.2,17458700,10:45:00
201908031003,201905190803,2019-05-19,10:50:00,03,10.3,16.2,2302600.0,09:48:00,8.9,14.6,3267100,10:18:00,14.9,26.3,9728500,10:39:00,18.7,33.4,17458700,10:45:00,18.7,33.4,17458700,10:45:00,18.7,33.4,17458700,10:45:00
201908031003,201905190803,2019-05-19,10:50:00,04,11.7,18.4,2302600.0,09:48:00,13.9,23.0,3267100,10:18:00,19.2,34.0,9728500,10:39:00,27.1,48.4,17458700,10:45:00,27.1,48.4,17458700,10:45:00,27.1,48.4,17458700,10:45:00
201908031003,201905190803,2019-05-19,10:50:00,05,12.3,19.5,2302600.0,09:48:00,14.3,23.7,3267100,10:18:00,10.5,18.5,9728500,10:39:00,13.4,23.7,17458700,10:45:00,13.4,23.7,17458700,10:45:00,13.4,23.7,17458700,10:45:00
201908031003,201905190803,2019-05-19,10:50:00,06,5.4,8.4,2302600.0,09:48:00,6.1,9.9,3267100,10:18:00,5.1,8.8,9728500,10:39:00,5.7,9.9,17458700,10:45:00,5.7,9.9,17458700,10:45:00,5.7,9.9,17458700,10:45:00
201908031003,201905190803,2019-05-19,10:50:00,07,10.2,16.1,2302600.0,09:48:00,10.5,17.4,3267100,10:18:00,20.0,35.5,9728500,10:39:00,25.1,44.9,17458700,10:45:00,25.1,44.9,17458700,10:45:00,25.1,44.9,17458700,10:45:00
201908031003,201905190803,2019-05-19,10:50:00,08,1.9,2.8,2302600.0,09:48:00,2.1,3.2,3267100,10:18:00,1.9,3.1,9728500,10:39:00,2.1,3.4,17458700,10:45:00,2.1,3.4,17458700,10:45:00,2.1,3.4,17458700,10:45:00
201908031003,201905190803,2019-05-19,10:50:00,09,12.7,20.1,2302600.0,09:48:00,15.3,25.4,3267100,10:18:00,22.5,40.1,9728500,10:39:00,26.8,47.9,17458700,10:45:00,26.8,47.9,17458700,10:45:00,26.8,47.9,17458700,10:45:00
201908031003,201905190803,2019-05-19,10:50:00,10,1.8,2.6,2302600.0,09:48:00,1.6,2.3,3267100,10:18:00,1.4,2.1,9728500,10:39:00,1.2,1.8,17458700,10:45:00,1.2,1.8,17458700,10:45:00,1.2,1.8,17458700,10:45:00
201908031003,201905190803,2019-05-19,10:50:00,11,4.2,6.4,2302600.0,09:48:00,4.7,7.5,3267100,10:18:00,6.0,10.3,9728500,10:39:00,7.4,13.0,17458700,10:45:00,7.4,13.0,17458700,10:45:00,7.4,13.0,17458700,10:45:00
201908031003,201905190803,2019-05-19,10:50:00,12,2.1,3.0,2302600.0,09:48:00,1.9,2.8,3267100,10:18:00,2.2,3.5,9728500,10:39:00,2.2,3.6,17458700,10:45:00,2.2,3.6,17458700,10:45:00,2.2,3.6,17458700,10:45:00
201908031003,201905190803,2019-05-19,10:50:00,13,28.5,45.0,2302600.0,09:48:00,31.8,53.1,3267100,10:18:00,27.5,48.9,9728500,10:39:00,39.6,70.9,17458700,10:45:00,39.6,70.9,17458700,10:45:00,39.6,70.9,17458700,10:45:00
201908031003,201905190803,2019-05-19,10:50:00,14,3.4,5.2,2302600.0,09:48:00,3.5,5.5,3267100,10:18:00,3.5,5.9,9728500,10:39:00,3.5,6.0,17458700,10:45:00,3.5,6.0,17458700,10:45:00,3.5,6.0,17458700,10:45:00
201908031003,201905190803,2019-05-19,10:50:00,15,1.6,2.2,2302600.0,09:48:00,1.6,2.4,3267100,10:18:00,1.3,2.0,9728500,10:39:00,1.2,1.7,17458700,10:45:00,1.2,1.7,17458700,10:45:00,1.2,1.7,17458700,10:45:00
201908031003,201905190803,2019-05-19,10:50:00,16,20.0,31.7,2302600.0,09:48:00,25.2,41.9,3267100,10:18:00,38.2,67.9,9728500,10:39:00,53.4,95.6,17458700,10:45:00,53.4,95.6,17458700,10:45:00,53.4,95.6,17458700,10:45:00
201908031003,201905190803,2019-05-19,10:50:00,17,1.3,1.6,2302600.0,09:48:00,1.2,1.5,3267100,10:18:00,1.1,1.5,9728500,10:39:00,1.1,1.6,17458700,10:45:00,1.1,1.6,17458700,10:45:00,1.1,1.6,17458700,10:45:00
201908031004,201905190804,2019-05-19,11:20:00,01,3.3,4.5,4271400.0,10:19:00,3.0,4.2,5580300,10:46:00,1.6,2.2,14065500,11:09:00,1.6,2.2,24189100,11:15:00,1.6,2.2,24189100,11:15:00,1.6,2.2,24189100,11:15:00
201908031004,201905190804,2019-05-19,11:20:00,02,2.8,3.8,4271400.0,10:19:00,2.9,4.0,5580300,10:46:00,3.0,4.5,14065500,11:09:00,2.9,4.2,24189100,11:15:00,2.9,4.2,24189100,11:15:00,2.9,4.2,24189100,11:15:00
201908031004,201905190804,2019-05-19,11:20:00,03,1.9,2.4,4271400.0,10:19:00,1.9,2.4,5580300,10:46:00,1.4,1.7,14065500,11:09:00,1.4,1.8,24189100,11:15:00,1.4,1.8,24189100,11:15:00,1.4,1.8,24189100,11:15:00
201908031004,201905190804,2019-05-19,11:20:00,04,2.2,2.9,4271400.0,10:19:00,2.1,2.9,5580300,10:46:00,2.2,3.2,14065500,11:09:00,1.6,2.3,24189100,11:15:00,1.6,2.3,24189100,11:15:00,1.6,2.3,24189100,11:15:00
201908031004,201905190804,2019-05-19,11:20:00,05,22.4,31.4,4271400.0,10:19:00,24.8,35.8,5580300,10:46:00,30.0,46.6,14065500,11:09:00,40.7,62.8,24189100,11:15:00,40.7,62.8,24189100,11:15:00,40.7,62.8,24189100,11:15:00
201908031004,201905190804,2019-05-19,11:20:00,06,3.8,5.1,4271400.0,10:19:00,3.3,4.6,5580300,10:46:00,3.9,5.8,14065500,11:09:00,4.4,6.5,24189100,11:15:00,4.4,6.5,24189100,11:15:00,4.4,6.5,24189100,11:15:00
201908031004,201905190804,2019-05-19,11:20:00,07,1.7,2.0,4271400.0,10:19:00,1.6,1.9,5580300,10:46:00,1.6,2.3,14065500,11:09:00,1.7,2.3,24189100,11:15:00,1.7,2.3,24189100,11:15:00,1.7,2.3,24189100,11:15:00
201908031004,201905190804,2019-05-19,11:20:00,08,4.8,6.5,4271400.0,10:19:00,5.5,7.8,5580300,10:46:00,9.4,14.4,14065500,11:09:00,9.9,15.1,24189100,11:15:00,9.9,15.1,24189100,11:15:00,9.9,15.1,24189100,11:15:00
201908031004,201905190804,2019-05-19,11:20:00,09,2.2,2.9,4271400.0,10:19:00,2.4,3.3,5580300,10:46:00,2.8,4.0,14065500,11:09:00,3.2,4.7,24189100,11:15:00,3.2,4.7,24189100,11:15:00,3.2,4.7,24189100,11:15:00
201908031004,201905190804,2019-05-19,11:20:00,10,3.5,4.8,4271400.0,10:19:00,3.6,5.1,5580300,10:46:00,4.4,6.5,14065500,11:09:00,4.9,7.3,24189100,11:15:00,4.9,7.3,24189100,11:15:00,4.9,7.3,24189100,11:15:00
201908031004,201905190804,2019-05-19,11:20:00,11,7.3,10.1,4271400.0,10:19:00,7.1,10.2,5580300,10:46:00,7.7,11.8,14065500,11:09:00,8.1,12.3,24189100,11:15:00,8.1,12.3,24189100,11:15:00,8.1,12.3,24189100,11:15:00
201908031004,201905190804,2019-05-19,11:20:00,12,19.2,26.8,4271400.0,10:19:00,21.0,30.4,5580300,10:46:00,30.2,46.9,14065500,11:09:00,40.5,62.5,24189100,11:15:00,40.5,62.5,24189100,11:15:00,40.5,62.5,24189100,11:15:00
201908031004,201905190804,2019-05-19,11:20:00,13,9.5,13.3,4271400.0,10:19:00,9.9,14.1,5580300,10:46:00,13.1,20.2,14065500,11:09:00,17.7,27.2,24189100,11:15:00,17.7,27.2,24189100,11:15:00,17.7,27.2,24189100,11:15:00
201908031004,201905190804,2019-05-19,11:20:00,14,13.6,18.9,4271400.0,10:19:00,13.5,19.5,5580300,10:46:00,10.9,16.8,14065500,11:09:00,12.3,18.7,24189100,11:15:00,12.3,18.7,24189100,11:15:00,12.3,18.7,24189100,11:15:00
201908031004,201905190804,2019-05-19,11:20:00,15,21.5,30.0,4271400.0,10:19:00,22.2,32.2,5580300,10:46:00,25.4,39.5,14065500,11:09:00,27.7,42.6,24189100,11:15:00,27.7,42.6,24189100,11:15:00,27.7,42.6,24189100,11:15:00
201908031004,201905190804,2019-05-19,11:20:00,16,5.1,7.0,4271400.0,10:19:00,5.4,7.7,5580300,10:46:00,6.4,9.7,14065500,11:09:00,8.1,12.2,24189100,11:15:00,8.1,12.2,24189100,11:15:00,8.1,12.2,24189100,11:15:00
201908031004,201905190804,2019-05-19,11:20:00,17,24.1,33.7,4271400.0,10:19:00,25.4,36.7,5580300,10:46:00,35.5,55.2,14065500,11:09:00,40.7,62.8,24189100,11:15:00,40.7,62.8,24189100,11:15:00,40.7,62.8,24189100,11:15:00
201908031004,201905190804,2019-05-19,11:20:00,18,5.3,7.2,4271400.0,10:19:00,4.7,6.6,5580300,10:46:00,5.7,8.7,14065500,11:09:00,7.4,11.1,24189100,11:15:00,7.4,11.1,24189100,11:15:00,7.4,11.1,24189100,11:15:00
201908031005,201905190805,2019-05-19,12:10:00,01,1.5,1.9,1834100.0,11:10:00,1.4,1.9,3987000,11:40:00,1.4,1.9,8180000,11:59:00,1.3,1.8,11136100,12:04:00,1.3,1.8,11136100,12:04:00,1.3,1.8,11136100,12:04:00
201908031005,201905190805,2019-05-19,12:10:00,02,4.7,6.8,1834100.0,11:10:00,6.6,10.7,3987000,11:40:00,6.4,10.3,8180000,11:59:00,7.0,11.9,11136100,12:04:00,7.0,11.9,11136100,12:04:00,7.0,11.9,11136100,12:04:00
201908031005,201905190805,2019-05-19,12:10:00,03,9.5,14.0,1834100.0,11:10:00,13.5,22.3,3987000,11:40:00,16.8,27.5,8180000,11:59:00,17.8,31.0,11136100,12:04:00,17.8,31.0,11136100,12:04:00,17.8,31.0,11136100,12:04:00
201908031005,201905190805,2019-05-19,12:10:00,04,1.8,2.5,1834100.0,11:10:00,1.4,2.0,3987000,11:40:00,1.5,2.1,8180000,11:59:00,1.4,2.2,11136100,12:04:00,1.4,2.2,11136100,12:04:00,1.4,2.2,11136100,12:04:00
201908031005,201905190805,2019-05-19,12:10:00,05,2.6,3.7,1834100.0,11:10:00,2.9,4.6,3987000,11:40:00,3.8,6.0,8180000,11:59:00,3.9,6.5,11136100,12:04:00,3.9,6.5,11136100,12:04:00,3.9,6.5,11136100,12:04:00
201908031005,201905190805,2019-05-19,12:10:00,06,7.1,10.4,1834100.0,11:10:00,10.9,18.0,3987000,11:40:00,12.7,20.7,8180000,11:59:00,14.0,24.4,11136100,12:04:00,14.0,24.4,11136100,12:04:00,14.0,24.4,11136100,12:04:00
201908031005,201905190805,2019-05-19,12:10:00,07,1.5,1.9,1834100.0,11:10:00,1.2,1.6,3987000,11:40:00,1.3,1.6,8180000,11:59:00,1.2,1.6,11136100,12:04:00,1.2,1.6,11136100,12:04:00,1.2,1.6,11136100,12:04:00
201908031005,201905190805,2019-05-19,12:10:00,08,12.2,18.1,1834100.0,11:10:00,13.0,21.4,3987000,11:40:00,15.9,26.0,8180000,11:59:00,16.8,29.2,11136100,12:04:00,16.8,29.2,11136100,12:04:00,16.8,29.2,11136100,12:04:00
201908031005,201905190805,2019-05-19,12:10:00,09,4.4,6.3,1834100.0,11:10:00,4.7,7.5,3987000,11:40:00,4.5,7.2,8180000,11:59:00,4.8,8.0,11136100,12:04:00,4.8,8.0,11136100,12:04:00,4.8,8.0,11136100,12:04:00
201908031005,201905190805,2019-05-19,12:10:00,10,7.5,11.0,1834100.0,11:10:00,9.2,15.1,3987000,11:40:00,8.5,13.8,8180000,11:59:00,8.5,14.5,11136100,12:04:00,8.5,14.5,11136100,12:04:00,8.5,14.5,11136100,12:04:00
201908031005,201905190805,2019-05-19,12:10:00,11,4.4,6.4,1834100.0,11:10:00,5.2,8.5,3987000,11:40:00,5.3,8.5,8180000,11:59:00,5.4,9.1,11136100,12:04:00,5.4,9.1,11136100,12:04:00,5.4,9.1,11136100,12:04:00
201908031005,201905190805,2019-05-19,12:10:00,12,10.3,15.2,1834100.0,11:10:00,12.4,20.4,3987000,11:40:00,17.4,28.5,8180000,11:59:00,18.3,31.7,11136100,12:04:00,18.3,31.7,11136100,12:04:00,18.3,31.7,11136100,12:04:00
201908031005,201905190805,2019-05-19,12:10:00,13,7.5,11.1,1834100.0,11:10:00,10.9,18.0,3987000,11:40:00,14.3,23.4,8180000,11:59:00,15.7,27.3,11136100,12:04:00,15.7,27.3,11136100,12:04:00,15.7,27.3,11136100,12:04:00
201908031005,201905190805,2019-05-19,12:10:00,14,3.0,4.3,1834100.0,11:10:00,2.8,4.3,3987000,11:40:00,2.3,3.6,8180000,11:59:00,2.2,3.5,11136100,12:04:00,2.2,3.5,11136100,12:04:00,2.2,3.5,11136100,12:04:00
201908031005,201905190805,2019-05-19,12:10:00,15,2.0,2.8,1834100.0,11:10:00,2.0,3.0,3987000,11:40:00,1.7,2.5,8180000,11:59:00,1.8,2.7,11136100,12:04:00,1.8,2.7,11136100,12:04:00,1.8,2.7,11136100,12:04:00
201908031006,201905190806,2019-05-19,12:40:00,01,1.8,10.5,15457700.0,11:39:00,1.7,8.0,18591900,12:09:00,1.4,5.9,30002400,12:29:00,1.4,5.1,50423000,12:34:00,1.4,5.1,50423000,12:34:00,1.4,5.1,50423000,12:34:00
201908031006,201905190806,2019-05-19,12:40:00,02,2.7,18.1,15457700.0,11:39:00,2.7,16.3,18591900,12:09:00,3.0,18.7,30002400,12:29:00,2.8,15.0,50423000,12:34:00,2.8,15.0,50423000,12:34:00,2.8,15.0,50423000,12:34:00
201908031006,201905190806,2019-05-19,12:40:00,03,2.8,18.6,15457700.0,11:39:00,2.8,17.1,18591900,12:09:00,2.7,16.1,30002400,12:29:00,3.0,16.4,50423000,12:34:00,3.0,16.4,50423000,12:34:00,3.0,16.4,50423000,12:34:00
201908031006,201905190806,2019-05-19,12:40:00,04,4.6,32.8,15457700.0,11:39:00,4.8,31.1,18591900,12:09:00,4.6,29.6,30002400,12:29:00,3.8,20.9,50423000,12:34:00,3.8,20.9,50423000,12:34:00,3.8,20.9,50423000,12:34:00
201908031006,201905190806,2019-05-19,12:40:00,05,5.8,42.2,15457700.0,11:39:00,5.0,32.5,18591900,12:09:00,3.9,24.9,30002400,12:29:00,4.7,26.8,50423000,12:34:00,4.7,26.8,50423000,12:34:00,4.7,26.8,50423000,12:34:00
201908031006,201905190806,2019-05-19,12:40:00,06,4.1,29.0,15457700.0,11:39:00,4.1,26.0,18591900,12:09:00,3.9,24.7,30002400,12:29:00,4.3,24.1,50423000,12:34:00,4.3,24.1,50423000,12:34:00,4.3,24.1,50423000,12:34:00
201908031006,201905190806,2019-05-19,12:40:00,07,5.0,36.5,15457700.0,11:39:00,5.8,38.2,18591900,12:09:00,6.5,43.5,30002400,12:29:00,8.5,50.2,50423000,12:34:00,8.5,50.2,50423000,12:34:00,8.5,50.2,50423000,12:34:00
201908031006,201905190806,2019-05-19,12:40:00,08,5.5,40.2,15457700.0,11:39:00,4.7,30.0,18591900,12:09:00,5.2,34.4,30002400,12:29:00,6.3,36.4,50423000,12:34:00,6.3,36.4,50423000,12:34:00,6.3,36.4,50423000,12:34:00
201908031006,201905190806,2019-05-19,12:40:00,09,8.3,62.2,15457700.0,11:39:00,8.6,57.7,18591900,12:09:00,10.0,68.1,30002400,12:29:00,13.2,79.0,50423000,12:34:00,13.2,79.0,50423000,12:34:00,13.2,79.0,50423000,12:34:00
201908031006,201905190806,2019-05-19,12:40:00,10,1.0,1.0,15457700.0,11:39:00,1.0,1.0,18591900,12:09:00,1.0,1.1,30002400,12:29:00,1.1,1.1,50423000,12:34:00,1.1,1.1,50423000,12:34:00,1.1,1.1,50423000,12:34:00
201908031006,201905190806,2019-05-19,12:40:00,11,2.2,14.3,15457700.0,11:39:00,2.4,13.8,18591900,12:09:00,2.4,14.4,30002400,12:29:00,2.0,10.1,50423000,12:34:00,2.0,10.1,50423000,12:34:00,2.0,10.1,50423000,12:34:00
201908031006,201905190806,2019-05-19,12:40:00,12,6.8,50.3,15457700.0,11:39:00,5.8,37.8,18591900,12:09:00,6.0,39.6,30002400,12:29:00,5.2,29.7,50423000,12:34:00,5.2,29.7,50423000,12:34:00,5.2,29.7,50423000,12:34:00
201908031006,201905190806,2019-05-19,12:40:00,13,2.3,15.2,15457700.0,11:39:00,2.2,12.8,18591900,12:09:00,2.2,12.6,30002400,12:29:00,2.1,10.5,50423000,12:34:00,2.1,10.5,50423000,12:34:00,2.1,10.5,50423000,12:34:00
201908031006,201905190806,2019-05-19,12:40:00,14,5.9,42.9,15457700.0,11:39:00,5.8,38.0,18591900,12:09:00,6.2,41.3,30002400,12:29:00,6.0,34.7,50423000,12:34:00,6.0,34.7,50423000,12:34:00,6.0,34.7,50423000,12:34:00
201908031006,201905190806,2019-05-19,12:40:00,15,7.0,51.8,15457700.0,11:39:00,7.9,52.4,18591900,12:09:00,8.6,58.2,30002400,12:29:00,11.0,66.0,50423000,12:34:00,11.0,66.0,50423000,12:34:00,11.0,66.0,50423000,12:34:00
201908031007,201905190807,2019-05-19,13:10:00,01,2.9,4.2,2348000.0,12:06:00,3.3,4.7,2957800,12:39:00,3.9,5.9,7542400,12:59:00,4.5,7.2,13146200,13:04:00,4.5,7.2,13146200,13:04:00,4.5,7.2,13146200,13:04:00
201908031007,201905190807,2019-05-19,13:10:00,02,6.2,8.9,2348000.0,12:06:00,6.9,10.1,2957800,12:39:00,10.0,15.3,7542400,12:59:00,9.2,15.0,13146200,13:04:00,9.2,15.0,13146200,13:04:00,9.2,15.0,13146200,13:04:00
201908031007,201905190807,2019-05-19,13:10:00,03,3.7,5.3,2348000.0,12:06:00,3.7,5.4,2957800,12:39:00,2.8,4.2,7542400,12:59:00,2.9,4.6,13146200,13:04:00,2.9,4.6,13146200,13:04:00,2.9,4.6,13146200,13:04:00
201908031007,201905190807,2019-05-19,13:10:00,04,2.5,3.6,2348000.0,12:06:00,2.7,3.8,2957800,12:39:00,3.1,4.7,7542400,12:59:00,3.3,5.2,13146200,13:04:00,3.3,5.2,13146200,13:04:00,3.3,5.2,13146200,13:04:00
201908031007,201905190807,2019-05-19,13:10:00,05,2.3,3.1,2348000.0,12:06:00,2.3,3.2,2957800,12:39:00,1.8,2.5,7542400,12:59:00,1.6,2.2,13146200,13:04:00,1.6,2.2,13146200,13:04:00,1.6,2.2,13146200,13:04:00
201908031007,201905190807,2019-05-19,13:10:00,06,4.2,6.1,2348000.0,12:06:00,4.6,6.7,2957800,12:39:00,4.9,7.5,7542400,12:59:00,5.2,8.4,13146200,13:04:00,5.2,8.4,13146200,13:04:00,5.2,8.4,13146200,13:04:00
201908031007,201905190807,2019-05-19,13:10:00,07,1.4,1.7,2348000.0,12:06:00,1.4,1.6,2957800,12:39:00,1.3,1.5,7542400,12:59:00,1.2,1.4,13146200,13:04:00,1.2,1.4,13146200,13:04:00,1.2,1.4,13146200,13:04:00
201908031007,201905190807,2019-05-19,13:10:00,08,1.7,2.1,2348000.0,12:06:00,1.8,2.3,2957800,12:39:00,2.1,3.1,7542400,12:59:00,2.5,3.9,13146200,13:04:00,2.5,3.9,13146200,13:04:00,2.5,3.9,13146200,13:04:00
201908031007,201905190807,2019-05-19,13:10:00,09,8.0,11.4,2348000.0,12:06:00,8.3,12.1,2957800,12:39:00,11.0,16.8,7542400,12:59:00,13.0,21.1,13146200,13:04:00,13.0,21.1,13146200,13:04:00,13.0,21.1,13146200,13:04:00
201908031007,201905190807,2019-05-19,13:10:00,10,3.1,4.5,2348000.0,12:06:00,3.1,4.4,2957800,12:39:00,3.5,5.3,7542400,12:59:00,3.8,6.0,13146200,13:04:00,3.8,6.0,13146200,13:04:00,3.8,6.0,13146200,13:04:00
201908031007,201905190807,2019-05-19,13:10:00,11,3.5,5.0,2348000.0,12:06:00,3.2,4.6,2957800,12:39:00,4.0,6.0,7542400,12:59:00,3.7,5.9,13146200,13:04:00,3.7,5.9,13146200,13:04:00,3.7,5.9,13146200,13:04:00
201908031007,201905190807,2019-05-19,13:10:00,12,3.6,5.2,2348000.0,12:06:00,2.8,4.0,2957800,12:39:00,2.0,2.9,7542400,12:59:00,1.7,2.5,13146200,13:04:00,1.7,2.5,13146200,13:04:00,1.7,2.5,13146200,13:04:00
201908031007,201905190807,2019-05-19,13:10:00,13,3.2,4.6,2348000.0,12:06:00,3.3,4.7,2957800,12:39:00,3.4,5.0,7542400,12:59:00,3.0,4.7,13146200,13:04:00,3.0,4.7,13146200,13:04:00,3.0,4.7,13146200,13:04:00
201908031008,201905190808,2019-05-19,13:40:00,01,1.4,1.6,2811800.0,12:37:00,1.4,1.6,3634600,13:07:00,1.3,1.5,8537900,13:29:00,1.3,1.6,14606800,13:34:00,1.3,1.6,14606800,13:34:00,1.3,1.6,14606800,13:34:00
201908031008,201905190808,2019-05-19,13:40:00,02,5.2,7.0,2811800.0,12:37:00,5.3,7.2,3634600,13:07:00,6.9,9.6,8537900,13:29:00,8.2,11.3,14606800,13:34:00,8.2,11.3,14606800,13:34:00,8.2,11.3,14606800,13:34:00
201908031008,201905190808,2019-05-19,13:40:00,03,2.0,2.6,2811800.0,12:37:00,2.1,2.7,3634600,13:07:00,2.5,3.4,8537900,13:29:00,2.8,3.8,14606800,13:34:00,2.8,3.8,14606800,13:34:00,2.8,3.8,14606800,13:34:00
201908031008,201905190808,2019-05-19,13:40:00,04,3.8,5.0,2811800.0,12:37:00,3.5,4.7,3634600,13:07:00,3.8,5.3,8537900,13:29:00,4.2,5.8,14606800,13:34:00,4.2,5.8,14606800,13:34:00,4.2,5.8,14606800,13:34:00
201908031008,201905190808,2019-05-19,13:40:00,05,2.2,2.9,2811800.0,12:37:00,2.2,2.9,3634600,13:07:00,1.9,2.5,8537900,13:29:00,1.7,2.2,14606800,13:34:00,1.7,2.2,14606800,13:34:00,1.7,2.2,14606800,13:34:00
201908031008,201905190808,2019-05-19,13:40:00,06,5.8,7.7,2811800.0,12:37:00,6.2,8.5,3634600,13:07:00,6.0,8.3,8537900,13:29:00,5.6,7.8,14606800,13:34:00,5.6,7.8,14606800,13:34:00,5.6,7.8,14606800,13:34:00
201908031008,201905190808,2019-05-19,13:40:00,07,1.8,2.4,2811800.0,12:37:00,1.8,2.4,3634600,13:07:00,1.7,2.2,8537900,13:29:00,1.7,2.3,14606800,13:34:00,1.7,2.3,14606800,13:34:00,1.7,2.3,14606800,13:34:00
201908031009,201905190809,2019-05-19,14:15:00,01,1.7,2.2,5035100.0,13:12:00,1.6,2.0,6507900,13:42:00,1.3,1.6,17433300,14:04:00,1.3,1.6,23381300,14:09:00,1.3,1.6,23381300,14:09:00,1.3,1.6,23381300,14:09:00
201908031009,201905190809,2019-05-19,14:15:00,02,6.7,9.3,5035100.0,13:12:00,7.1,10.2,6507900,13:42:00,9.5,14.8,17433300,14:04:00,10.5,16.6,23381300,14:09:00,10.5,16.6,23381300,14:09:00,10.5,16.6,23381300,14:09:00
201908031009,201905190809,2019-05-19,14:15:00,03,8.9,12.4,5035100.0,13:12:00,8.7,12.7,6507900,13:42:00,10.0,15.6,17433300,14:04:00,8.0,12.6,23381300,14:09:00,8.0,12.6,23381300,14:09:00,8.0,12.6,23381300,14:09:00
201908031009,201905190809,2019-05-19,14:15:00,04,3.2,4.3,5035100.0,13:12:00,3.0,4.3,6507900,13:42:00,2.3,3.3,17433300,14:04:00,2.3,3.4,23381300,14:09:00,2.3,3.4,23381300,14:09:00,2.3,3.4,23381300,14:09:00
201908031009,201905190809,2019-05-19,14:15:00,05,5.7,7.8,5035100.0,13:12:00,5.6,8.0,6507900,13:42:00,6.9,10.7,17433300,14:04:00,6.3,9.7,23381300,14:09:00,6.3,9.7,23381300,14:09:00,6.3,9.7,23381300,14:09:00
201908031009,201905190809,2019-05-19,14:15:00,06,1.6,2.1,5035100.0,13:12:00,1.6,2.0,6507900,13:42:00,1.7,2.4,17433300,14:04:00,1.5,2.1,23381300,14:09:00,1.5,2.1,23381300,14:09:00,1.5,2.1,23381300,14:09:00
201908031009,201905190809,2019-05-19,14:15:00,07,18.3,25.5,5035100.0,13:12:00,17.4,25.3,6507900,13:42:00,20.8,32.4,17433300,14:04:00,23.1,36.4,23381300,14:09:00,23.1,36.4,23381300,14:09:00,23.1,36.4,23381300,14:09:00
201908031009,201905190809,2019-05-19,14:15:00,08,7.2,10.0,5035100.0,13:12:00,7.9,11.4,6507900,13:42:00,10.0,15.6,17433300,14:04:00,11.0,17.4,23381300,14:09:00,11.0,17.4,23381300,14:09:00,11.0,17.4,23381300,14:09:00
201908031009,201905190809,2019-05-19,14:15:00,09,1.9,2.5,5035100.0,13:12:00,2.0,2.7,6507900,13:42:00,3.2,4.8,17433300,14:04:00,3.6,5.5,23381300,14:09:00,3.6,5.5,23381300,14:09:00,3.6,5.5,23381300,14:09:00
201908031009,201905190809,2019-05-19,14:15:00,10,2.3,3.0,5035100.0,13:12:00,2.1,2.8,6507900,13:42:00,1.6,2.2,17433300,14:04:00,1.6,2.3,23381300,14:09:00,1.6,2.3,23381300,14:09:00,1.6,2.3,23381300,14:09:00
201908031009,201905190809,2019-05-19,14:15:00,11,2.7,3.6,5035100.0,13:12:00,2.7,3.8,6507900,13:42:00,3.5,5.2,17433300,14:04:00,3.9,6.0,23381300,14:09:00,3.9,6.0,23381300,14:09:00,3.9,6.0,23381300,14:09:00
201908031009,201905190809,2019-05-19,14:15:00,12,7.2,10.0,5035100.0,13:12:00,7.5,11.0,6507900,13:42:00,9.7,15.0,17433300,14:04:00,10.9,17.1,23381300,14:09:00,10.9,17.1,23381300,14:09:00,10.9,17.1,23381300,14:09:00
201908031009,201905190809,2019-05-19,14:15:00,13,4.8,6.7,5035100.0,13:12:00,4.6,6.6,6507900,13:42:00,2.9,4.4,17433300,14:04:00,3.0,4.5,23381300,14:09:00,3.0,4.5,23381300,14:09:00,3.0,4.5,23381300,14:09:00
201908031009,201905190809,2019-05-19,14:15:00,14,3.4,4.6,5035100.0,13:12:00,3.3,4.7,6507900,13:42:00,3.0,4.4,17433300,14:04:00,2.7,4.0,23381300,14:09:00,2.7,4.0,23381300,14:09:00,2.7,4.0,23381300,14:09:00
201908031009,201905190809,2019-05-19,14:15:00,15,7.0,9.7,5035100.0,13:12:00,7.4,10.8,6507900,13:42:00,7.0,10.8,17433300,14:04:00,7.6,11.9,23381300,14:09:00,7.6,11.9,23381300,14:09:00,7.6,11.9,23381300,14:09:00
201908031009,201905190809,2019-05-19,14:15:00,16,13.0,18.2,5035100.0,13:12:00,14.0,20.4,6507900,13:42:00,14.8,23.0,17433300,14:04:00,15.5,24.4,23381300,14:09:00,15.5,24.4,23381300,14:09:00,15.5,24.4,23381300,14:09:00
201908031010,201905190810,2019-05-19,14:50:00,01,2.5,3.6,5950200.0,13:45:00,2.4,3.7,7696100,14:18:00,2.6,4.0,15358200,14:39:00,2.6,3.9,21626800,14:44:00,2.6,3.9,21626800,14:44:00,2.6,3.9,21626800,14:44:00
201908031010,201905190810,2019-05-19,14:50:00,02,4.0,5.7,5950200.0,13:45:00,4.4,6.5,7696100,14:18:00,5.0,7.5,15358200,14:39:00,5.8,8.8,21626800,14:44:00,5.8,8.8,21626800,14:44:00,5.8,8.8,21626800,14:44:00
201908031010,201905190810,2019-05-19,14:50:00,03,1.9,2.7,5950200.0,13:45:00,1.9,2.8,7696100,14:18:00,1.8,2.5,15358200,14:39:00,1.7,2.5,21626800,14:44:00,1.7,2.5,21626800,14:44:00,1.7,2.5,21626800,14:44:00
201908031010,201905190810,2019-05-19,14:50:00,04,1.3,1.6,5950200.0,13:45:00,1.2,1.6,7696100,14:18:00,1.3,1.8,15358200,14:39:00,1.3,1.8,21626800,14:44:00,1.3,1.8,21626800,14:44:00,1.3,1.8,21626800,14:44:00
201908031010,201905190810,2019-05-19,14:50:00,05,1.2,1.5,5950200.0,13:45:00,1.2,1.6,7696100,14:18:00,1.2,1.6,15358200,14:39:00,1.2,1.6,21626800,14:44:00,1.2,1.6,21626800,14:44:00,1.2,1.6,21626800,14:44:00
201908031010,201905190810,2019-05-19,14:50:00,06,2.2,3.1,5950200.0,13:45:00,2.2,3.3,7696100,14:18:00,2.2,3.3,15358200,14:39:00,2.3,3.5,21626800,14:44:00,2.3,3.5,21626800,14:44:00,2.3,3.5,21626800,14:44:00
201908031010,201905190810,2019-05-19,14:50:00,07,1.3,1.7,5950200.0,13:45:00,1.3,1.7,7696100,14:18:00,1.2,1.5,15358200,14:39:00,1.2,1.5,21626800,14:44:00,1.2,1.5,21626800,14:44:00,1.2,1.5,21626800,14:44:00
201908031010,201905190810,2019-05-19,14:50:00,08,2.6,3.8,5950200.0,13:45:00,2.7,4.1,7696100,14:18:00,2.6,3.9,15358200,14:39:00,2.6,3.9,21626800,14:44:00,2.6,3.9,21626800,14:44:00,2.6,3.9,21626800,14:44:00
201908031011,201905190811,2019-05-19,15:30:00,01,4.8,19.9,21392600.0,14:29:00,4.9,20.2,25718200,14:57:00,5.7,22.1,40004100,15:19:00,5.8,26.1,54498400,15:24:00,5.8,26.1,54498400,15:24:00,5.8,26.1,54498400,15:24:00
201908031011,201905190811,2019-05-19,15:30:00,02,1.3,4.3,21392600.0,14:29:00,1.3,4.3,25718200,14:57:00,1.3,4.0,40004100,15:19:00,1.3,4.5,54498400,15:24:00,1.3,4.5,54498400,15:24:00,1.3,4.5,54498400,15:24:00
201908031011,201905190811,2019-05-19,15:30:00,03,1.1,1.1,21392600.0,14:29:00,1.1,1.1,25718200,14:57:00,1.1,1.1,40004100,15:19:00,1.1,1.1,54498400,15:24:00,1.1,1.1,54498400,15:24:00,1.1,1.1,54498400,15:24:00
201908031011,201905190811,2019-05-19,15:30:00,04,1.1,2.7,21392600.0,14:29:00,1.1,2.5,25718200,14:57:00,1.1,2.3,40004100,15:19:00,1.1,2.6,54498400,15:24:00,1.1,2.6,54498400,15:24:00,1.1,2.6,54498400,15:24:00
201908031011,201905190811,2019-05-19,15:30:00,05,3.2,12.9,21392600.0,14:29:00,3.2,12.9,25718200,14:57:00,3.5,13.2,40004100,15:19:00,3.6,15.6,54498400,15:24:00,3.6,15.6,54498400,15:24:00,3.6,15.6,54498400,15:24:00
201908031011,201905190811,2019-05-19,15:30:00,06,1.5,5.3,21392600.0,14:29:00,1.5,5.1,25718200,14:57:00,1.4,4.5,40004100,15:19:00,1.5,5.3,54498400,15:24:00,1.5,5.3,54498400,15:24:00,1.5,5.3,54498400,15:24:00
201908031011,201905190811,2019-05-19,15:30:00,07,2.2,8.4,21392600.0,14:29:00,2.2,8.1,25718200,14:57:00,2.2,7.5,40004100,15:19:00,2.0,7.9,54498400,15:24:00,2.0,7.9,54498400,15:24:00,2.0,7.9,54498400,15:24:00
201908031011,201905190811,2019-05-19,15:30:00,08,2.9,11.6,21392600.0,14:29:00,3.0,11.7,25718200,14:57:00,3.2,12.1,40004100,15:19:00,3.3,14.4,54498400,15:24:00,3.3,14.4,54498400,15:24:00,3.3,14.4,54498400,15:24:00
201908031012,201905190812,2019-05-19,16:10:00,01,2.6,3.4,6031700.0,15:10:00,2.5,3.5,7411300,15:36:00,2.8,3.9,15916100,15:59:00,2.5,3.6,25376500,16:04:00,2.5,3.6,25376500,16:04:00,2.5,3.6,25376500,16:04:00
201908031012,201905190812,2019-05-19,16:10:00,02,1.9,2.3,6031700.0,15:10:00,1.7,2.2,7411300,15:36:00,1.5,1.9,15916100,15:59:00,1.5,1.8,25376500,16:04:00,1.5,1.8,25376500,16:04:00,1.5,1.8,25376500,16:04:00
201908031012,201905190812,2019-05-19,16:10:00,03,10.1,13.8,6031700.0,15:10:00,10.9,15.7,7411300,15:36:00,15.1,22.3,15916100,15:59:00,18.7,27.8,25376500,16:04:00,18.7,27.8,25376500,16:04:00,18.7,27.8,25376500,16:04:00
201908031012,201905190812,2019-05-19,16:10:00,04,7.0,9.5,6031700.0,15:10:00,7.3,10.4,7411300,15:36:00,8.8,12.9,15916100,15:59:00,7.8,11.4,25376500,16:04:00,7.8,11.4,25376500,16:04:00,7.8,11.4,25376500,16:04:00
201908031012,201905190812,2019-05-19,16:10:00,05,3.8,5.0,6031700.0,15:10:00,4.0,5.6,7411300,15:36:00,3.2,4.5,15916100,15:59:00,2.9,4.2,25376500,16:04:00,2.9,4.2,25376500,16:04:00,2.9,4.2,25376500,16:04:00
201908031012,201905190812,2019-05-19,16:10:00,06,15.8,21.5,6031700.0,15:10:00,16.8,24.2,7411300,15:36:00,27.2,40.3,15916100,15:59:00,32.4,48.3,25376500,16:04:00,32.4,48.3,25376500,16:04:00,32.4,48.3,25376500,16:04:00
201908031012,201905190812,2019-05-19,16:10:00,07,6.2,8.4,6031700.0,15:10:00,6.3,9.0,7411300,15:36:00,5.4,7.9,15916100,15:59:00,6.1,8.9,25376500,16:04:00,6.1,8.9,25376500,16:04:00,6.1,8.9,25376500,16:04:00
201908031012,201905190812,2019-05-19,16:10:00,08,3.3,4.4,6031700.0,15:10:00,3.4,4.8,7411300,15:36:00,4.4,6.3,15916100,15:59:00,4.7,6.8,25376500,16:04:00,4.7,6.8,25376500,16:04:00,4.7,6.8,25376500,16:04:00
201908031012,201905190812,2019-05-19,16:10:00,09,6.3,8.6,6031700.0,15:10:00,7.0,10.0,7411300,15:36:00,11.1,16.3,15916100,15:59:00,12.2,18.1,25376500,16:04:00,12.2,18.1,25376500,16:04:00,12.2,18.1,25376500,16:04:00
201908031012,201905190812,2019-05-19,16:10:00,10,5.3,7.1,6031700.0,15:10:00,5.3,7.5,7411300,15:36:00,5.2,7.6,15916100,15:59:00,5.2,7.6,25376500,16:04:00,5.2,7.6,25376500,16:04:00,5.2,7.6,25376500,16:04:00
201908031012,201905190812,2019-05-19,16:10:00,11,1.8,2.2,6031700.0,15:10:00,1.6,2.0,7411300,15:36:00,1.6,2.1,15916100,15:59:00,1.7,2.2,25376500,16:04:00,1.7,2.2,25376500,16:04:00,1.7,2.2,25376500,16:04:00
201908031012,201905190812,2019-05-19,16:10:00,12,2.9,3.8,6031700.0,15:10:00,2.6,3.6,7411300,15:36:00,3.2,4.5,15916100,15:59:00,3.5,5.0,25376500,16:04:00,3.5,5.0,25376500,16:04:00,3.5,5.0,25376500,16:04:00
201908031012,201905190812,2019-05-19,16:10:00,13,3.2,4.2,6031700.0,15:10:00,3.1,4.4,7411300,15:36:00,2.7,3.8,15916100,15:59:00,2.5,3.6,25376500,16:04:00,2.5,3.6,25376500,16:04:00,2.5,3.6,25376500,16:04:00
201908031012,201905190812,2019-05-19,16:10:00,14,3.1,4.1,6031700.0,15:10:00,3.1,4.3,7411300,15:36:00,3.2,4.6,15916100,15:59:00,3.5,5.0,25376500,16:04:00,3.5,5.0,25376500,16:04:00,3.5,5.0,25376500,16:04:00
201908031012,201905190812,2019-05-19,16:10:00,15,2.5,3.3,6031700.0,15:10:00,2.5,3.4,7411300,15:36:00,1.9,2.6,15916100,15:59:00,1.9,2.6,25376500,16:04:00,1.9,2.6,25376500,16:04:00,1.9,2.6,25376500,16:04:00
201908031012,201905190812,2019-05-19,16:10:00,16,13.2,17.9,6031700.0,15:10:00,14.1,20.3,7411300,15:36:00,19.9,29.5,15916100,15:59:00,22.2,33.1,25376500,16:04:00,22.2,33.1,25376500,16:04:00,22.2,33.1,25376500,16:04:00
201908031101,201905250801,2019-05-25,09:55:00,01,3.9,21.8,14683900.0,08:53:00,3.8,25.6,26683400,09:25:00,4.3,28.6,46637500,09:44:00,4.9,34.0,71594600,09:49:00,4.9,34.0,71594600,09:49:00,4.9,34.0,71594600,09:49:00
201908031101,201905250801,2019-05-25,09:55:00,02,1.9,9.5,14683900.0,08:53:00,1.8,10.4,26683400,09:25:00,1.7,9.7,46637500,09:44:00,1.4,7.9,71594600,09:49:00,1.4,7.9,71594600,09:49:00,1.4,7.9,71594600,09:49:00
201908031101,201905250801,2019-05-25,09:55:00,03,1.5,6.3,14683900.0,08:53:00,1.3,5.9,26683400,09:25:00,1.3,5.5,46637500,09:44:00,1.2,5.0,71594600,09:49:00,1.2,5.0,71594600,09:49:00,1.2,5.0,71594600,09:49:00
201908031101,201905250801,2019-05-25,09:55:00,04,11.6,70.4,14683900.0,08:53:00,12.8,94.0,26683400,09:25:00,12.2,87.7,46637500,09:44:00,13.3,99.0,71594600,09:49:00,13.3,99.0,71594600,09:49:00,13.3,99.0,71594600,09:49:00
201908031101,201905250801,2019-05-25,09:55:00,05,9.5,57.3,14683900.0,08:53:00,9.7,70.6,26683400,09:25:00,11.5,82.6,46637500,09:44:00,13.8,102.9,71594600,09:49:00,13.8,102.9,71594600,09:49:00,13.8,102.9,71594600,09:49:00
201908031101,201905250801,2019-05-25,09:55:00,06,2.5,13.1,14683900.0,08:53:00,2.5,15.5,26683400,09:25:00,2.2,13.4,46637500,09:44:00,2.5,15.7,71594600,09:49:00,2.5,15.7,71594600,09:49:00,2.5,15.7,71594600,09:49:00
201908031101,201905250801,2019-05-25,09:55:00,07,20.9,128.6,14683900.0,08:53:00,16.2,120.1,26683400,09:25:00,17.5,127.0,46637500,09:44:00,21.2,159.6,71594600,09:49:00,21.2,159.6,71594600,09:49:00,21.2,159.6,71594600,09:49:00
201908031101,201905250801,2019-05-25,09:55:00,08,7.3,43.4,14683900.0,08:53:00,6.5,46.5,26683400,09:25:00,6.5,45.5,46637500,09:44:00,7.8,56.3,71594600,09:49:00,7.8,56.3,71594600,09:49:00,7.8,56.3,71594600,09:49:00
201908031101,201905250801,2019-05-25,09:55:00,09,9.3,56.1,14683900.0,08:53:00,10.1,73.9,26683400,09:25:00,8.4,59.6,46637500,09:44:00,9.3,68.2,71594600,09:49:00,9.3,68.2,71594600,09:49:00,9.3,68.2,71594600,09:49:00
201908031101,201905250801,2019-05-25,09:55:00,10,5.1,29.4,14683900.0,08:53:00,5.0,35.0,26683400,09:25:00,5.6,38.7,46637500,09:44:00,5.5,39.4,71594600,09:49:00,5.5,39.4,71594600,09:49:00,5.5,39.4,71594600,09:49:00
201908031101,201905250801,2019-05-25,09:55:00,11,1.0,1.1,14683900.0,08:53:00,1.0,1.1,26683400,09:25:00,1.0,1.1,46637500,09:44:00,1.0,1.1,71594600,09:49:00,1.0,1.1,71594600,09:49:00,1.0,1.1,71594600,09:49:00
201908031101,201905250801,2019-05-25,09:55:00,12,5.5,25.8,14683900.0,08:53:00,5.5,25.8,26683400,09:25:00,5.5,25.8,46637500,09:44:00,5.5,25.8,71594600,09:49:00,5.5,25.8,71594600,09:49:00,5.5,25.8,71594600,09:49:00
201908031101,201905250801,2019-05-25,09:55:00,13,4.4,25.1,14683900.0,08:53:00,4.4,30.6,26683400,09:25:00,4.9,33.7,46637500,09:44:00,5.5,38.9,71594600,09:49:00,5.5,38.9,71594600,09:49:00,5.5,38.9,71594600,09:49:00
201908031101,201905250801,2019-05-25,09:55:00,14,1.9,9.4,14683900.0,08:53:00,1.9,11.5,26683400,09:25:00,1.9,11.3,46637500,09:44:00,2.0,12.0,71594600,09:49:00,2.0,12.0,71594600,09:49:00,2.0,12.0,71594600,09:49:00
201908031101,201905250801,2019-05-25,09:55:00,15,2.2,11.4,14683900.0,08:53:00,2.6,16.4,26683400,09:25:00,2.6,16.3,46637500,09:44:00,2.6,17.0,71594600,09:49:00,2.6,17.0,71594600,09:49:00,2.6,17.0,71594600,09:49:00
201908031102,201905250802,2019-05-25,10:25:00,01,5.9,9.0,3446000.0,09:20:00,5.6,8.6,5304100,09:55:00,5.5,9.4,10377800,10:14:00,4.9,8.5,18379800,10:19:00,4.9,8.5,18379800,10:19:00,4.9,8.5,18379800,10:19:00
201908031102,201905250802,2019-05-25,10:25:00,02,2.9,4.2,3446000.0,09:20:00,3.0,4.5,5304100,09:55:00,2.9,4.8,10377800,10:14:00,2.6,4.3,18379800,10:19:00,2.6,4.3,18379800,10:19:00,2.6,4.3,18379800,10:19:00
201908031102,201905250802,2019-05-25,10:25:00,03,1.3,1.7,3446000.0,09:20:00,1.4,1.7,5304100,09:55:00,1.2,1.6,10377800,10:14:00,1.2,1.6,18379800,10:19:00,1.2,1.6,18379800,10:19:00,1.2,1.6,18379800,10:19:00
201908031102,201905250802,2019-05-25,10:25:00,04,1.6,2.2,3446000.0,09:20:00,1.7,2.4,5304100,09:55:00,1.6,2.5,10377800,10:14:00,1.8,2.8,18379800,10:19:00,1.8,2.8,18379800,10:19:00,1.8,2.8,18379800,10:19:00
201908031102,201905250802,2019-05-25,10:25:00,05,2.8,4.2,3446000.0,09:20:00,2.8,4.1,5304100,09:55:00,3.3,5.5,10377800,10:14:00,3.5,5.8,18379800,10:19:00,3.5,5.8,18379800,10:19:00,3.5,5.8,18379800,10:19:00
201908031102,201905250802,2019-05-25,10:25:00,06,1.5,2.0,3446000.0,09:20:00,1.6,2.1,5304100,09:55:00,1.3,1.8,10377800,10:14:00,1.3,1.8,18379800,10:19:00,1.3,1.8,18379800,10:19:00,1.3,1.8,18379800,10:19:00
201908031102,201905250802,2019-05-25,10:25:00,07,5.6,8.6,3446000.0,09:20:00,5.4,8.2,5304100,09:55:00,5.0,8.5,10377800,10:14:00,5.0,8.6,18379800,10:19:00,5.0,8.6,18379800,10:19:00,5.0,8.6,18379800,10:19:00
201908031102,201905250802,2019-05-25,10:25:00,08,18.3,28.7,3446000.0,09:20:00,18.9,29.4,5304100,09:55:00,21.8,37.9,10377800,10:14:00,25.3,44.7,18379800,10:19:00,25.3,44.7,18379800,10:19:00,25.3,44.7,18379800,10:19:00
201908031102,201905250802,2019-05-25,10:25:00,09,3.2,4.7,3446000.0,09:20:00,2.7,4.0,5304100,09:55:00,2.4,3.8,10377800,10:14:00,2.1,3.3,18379800,10:19:00,2.1,3.3,18379800,10:19:00,2.1,3.3,18379800,10:19:00
201908031102,201905250802,2019-05-25,10:25:00,10,26.6,41.6,3446000.0,09:20:00,26.3,40.8,5304100,09:55:00,35.1,61.0,10377800,10:14:00,40.6,71.9,18379800,10:19:00,40.6,71.9,18379800,10:19:00,40.6,71.9,18379800,10:19:00
201908031102,201905250802,2019-05-25,10:25:00,11,5.6,8.6,3446000.0,09:20:00,5.9,9.1,5304100,09:55:00,7.3,12.5,10377800,10:14:00,9.1,15.9,18379800,10:19:00,9.1,15.9,18379800,10:19:00,9.1,15.9,18379800,10:19:00
201908031102,201905250802,2019-05-25,10:25:00,12,3.4,5.1,3446000.0,09:20:00,3.2,4.7,5304100,09:55:00,3.0,4.9,10377800,10:14:00,2.8,4.5,18379800,10:19:00,2.8,4.5,18379800,10:19:00,2.8,4.5,18379800,10:19:00
201908031102,201905250802,2019-05-25,10:25:00,13,5.5,8.4,3446000.0,09:20:00,5.5,8.4,5304100,09:55:00,6.1,10.3,10377800,10:14:00,6.3,10.9,18379800,10:19:00,6.3,10.9,18379800,10:19:00,6.3,10.9,18379800,10:19:00
201908031102,201905250802,2019-05-25,10:25:00,14,8.0,12.4,3446000.0,09:20:00,6.5,9.9,5304100,09:55:00,7.6,13.0,10377800,10:14:00,9.0,15.7,18379800,10:19:00,9.0,15.7,18379800,10:19:00,9.0,15.7,18379800,10:19:00
201908031102,201905250802,2019-05-25,10:25:00,15,6.5,10.0,3446000.0,09:20:00,7.4,11.3,5304100,09:55:00,8.5,14.7,10377800,10:14:00,9.2,16.0,18379800,10:19:00,9.2,16.0,18379800,10:19:00,9.2,16.0,18379800,10:19:00
201908031102,201905250802,2019-05-25,10:25:00,16,12.1,18.9,3446000.0,09:20:00,12.3,19.0,5304100,09:55:00,13.5,23.4,10377800,10:14:00,15.9,28.0,18379800,10:19:00,15.9,28.0,18379800,10:19:00,15.9,28.0,18379800,10:19:00
201908031103,201905250803,2019-05-25,10:55:00,01,1.6,2.3,3518700.0,09:51:00,1.4,1.9,5256400,10:24:00,1.2,1.8,12973700,10:44:00,1.3,1.9,25397100,10:50:00,1.3,1.9,25397100,10:50:00,1.3,1.9,25397100,10:50:00
201908031103,201905250803,2019-05-25,10:55:00,02,1.3,1.6,3518700.0,09:51:00,1.3,1.6,5256400,10:24:00,1.2,1.6,12973700,10:44:00,1.2,1.6,25397100,10:50:00,1.2,1.6,25397100,10:50:00,1.2,1.6,25397100,10:50:00
201908031103,201905250803,2019-05-25,10:55:00,03,8.6,13.5,3518700.0,09:51:00,10.5,17.2,5256400,10:24:00,13.9,24.4,12973700,10:44:00,18.5,32.3,25397100,10:50:00,18.5,32.3,25397100,10:50:00,18.5,32.3,25397100,10:50:00
201908031103,201905250803,2019-05-25,10:55:00,04,2.5,3.7,3518700.0,09:51:00,2.6,4.0,5256400,10:24:00,2.7,4.5,12973700,10:44:00,2.9,4.7,25397100,10:50:00,2.9,4.7,25397100,10:50:00,2.9,4.7,25397100,10:50:00
201908031103,201905250803,2019-05-25,10:55:00,05,11.8,18.6,3518700.0,09:51:00,14.0,23.2,5256400,10:24:00,21.1,37.2,12973700,10:44:00,31.0,54.2,25397100,10:50:00,31.0,54.2,25397100,10:50:00,31.0,54.2,25397100,10:50:00
201908031103,201905250803,2019-05-25,10:55:00,06,2.9,4.3,3518700.0,09:51:00,2.5,3.9,5256400,10:24:00,2.5,4.1,12973700,10:44:00,2.2,3.6,25397100,10:50:00,2.2,3.6,25397100,10:50:00,2.2,3.6,25397100,10:50:00
201908031103,201905250803,2019-05-25,10:55:00,07,15.6,24.8,3518700.0,09:51:00,18.9,31.3,5256400,10:24:00,26.7,47.0,12973700,10:44:00,32.6,57.1,25397100,10:50:00,32.6,57.1,25397100,10:50:00,32.6,57.1,25397100,10:50:00
201908031103,201905250803,2019-05-25,10:55:00,08,1.5,2.1,3518700.0,09:51:00,1.5,2.2,5256400,10:24:00,1.2,1.7,12973700,10:44:00,1.4,2.1,25397100,10:50:00,1.4,2.1,25397100,10:50:00,1.4,2.1,25397100,10:50:00
201908031103,201905250803,2019-05-25,10:55:00,09,42.7,67.7,3518700.0,09:51:00,34.8,57.7,5256400,10:24:00,51.0,89.9,12973700,10:44:00,46.3,81.1,25397100,10:50:00,46.3,81.1,25397100,10:50:00,46.3,81.1,25397100,10:50:00
201908031103,201905250803,2019-05-25,10:55:00,10,2.1,3.2,3518700.0,09:51:00,2.1,3.2,5256400,10:24:00,2.2,3.5,12973700,10:44:00,1.7,2.6,25397100,10:50:00,1.7,2.6,25397100,10:50:00,1.7,2.6,25397100,10:50:00
201908031103,201905250803,2019-05-25,10:55:00,11,4.0,6.2,3518700.0,09:51:00,4.7,7.5,5256400,10:24:00,7.1,12.2,12973700,10:44:00,8.3,14.3,25397100,10:50:00,8.3,14.3,25397100,10:50:00,8.3,14.3,25397100,10:50:00
201908031103,201905250803,2019-05-25,10:55:00,12,2.6,3.9,3518700.0,09:51:00,2.8,4.3,5256400,10:24:00,2.9,4.9,12973700,10:44:00,3.2,5.2,25397100,10:50:00,3.2,5.2,25397100,10:50:00,3.2,5.2,25397100,10:50:00
201908031103,201905250803,2019-05-25,10:55:00,13,4.4,6.8,3518700.0,09:51:00,4.7,7.6,5256400,10:24:00,6.2,10.6,12973700,10:44:00,6.0,10.2,25397100,10:50:00,6.0,10.2,25397100,10:50:00,6.0,10.2,25397100,10:50:00
201908031104,201905250804,2019-05-25,11:25:00,01,2.5,4.0,4806400.0,10:24:00,2.4,3.8,6020600,10:54:00,2.3,3.5,12531600,11:14:00,2.3,3.6,23333500,11:19:00,2.3,3.6,23333500,11:19:00,2.3,3.6,23333500,11:19:00
201908031104,201905250804,2019-05-25,11:25:00,02,4.7,7.6,4806400.0,10:24:00,5.0,8.0,6020600,10:54:00,5.8,9.3,12531600,11:14:00,6.8,11.0,23333500,11:19:00,6.8,11.0,23333500,11:19:00,6.8,11.0,23333500,11:19:00
201908031104,201905250804,2019-05-25,11:25:00,03,1.8,2.6,4806400.0,10:24:00,1.8,2.7,6020600,10:54:00,2.0,3.0,12531600,11:14:00,2.0,3.1,23333500,11:19:00,2.0,3.1,23333500,11:19:00,2.0,3.1,23333500,11:19:00
201908031104,201905250804,2019-05-25,11:25:00,04,10.4,17.5,4806400.0,10:24:00,10.2,16.8,6020600,10:54:00,12.3,20.1,12531600,11:14:00,15.4,25.3,23333500,11:19:00,15.4,25.3,23333500,11:19:00,15.4,25.3,23333500,11:19:00
201908031104,201905250804,2019-05-25,11:25:00,05,2.8,4.5,4806400.0,10:24:00,2.8,4.4,6020600,10:54:00,2.3,3.5,12531600,11:14:00,2.0,3.0,23333500,11:19:00,2.0,3.0,23333500,11:19:00,2.0,3.0,23333500,11:19:00
201908031104,201905250804,2019-05-25,11:25:00,06,1.2,1.4,4806400.0,10:24:00,1.2,1.4,6020600,10:54:00,1.2,1.4,12531600,11:14:00,1.2,1.5,23333500,11:19:00,1.2,1.5,23333500,11:19:00,1.2,1.5,23333500,11:19:00
201908031104,201905250804,2019-05-25,11:25:00,07,14.7,24.8,4806400.0,10:24:00,12.4,20.4,6020600,10:54:00,16.3,26.8,12531600,11:14:00,20.5,33.8,23333500,11:19:00,20.5,33.8,23333500,11:19:00,20.5,33.8,23333500,11:19:00
201908031104,201905250804,2019-05-25,11:25:00,08,2.2,3.5,4806400.0,10:24:00,2.4,3.6,6020600,10:54:00,2.9,4.5,12531600,11:14:00,3.0,4.6,23333500,11:19:00,3.0,4.6,23333500,11:19:00,3.0,4.6,23333500,11:19:00
201908031104,201905250804,2019-05-25,11:25:00,09,15.1,25.5,4806400.0,10:24:00,16.5,27.4,6020600,10:54:00,20.7,34.1,12531600,11:14:00,27.8,46.0,23333500,11:19:00,27.8,46.0,23333500,11:19:00,27.8,46.0,23333500,11:19:00
201908031104,201905250804,2019-05-25,11:25:00,10,30.2,51.0,4806400.0,10:24:00,35.2,58.3,6020600,10:54:00,46.4,76.5,12531600,11:14:00,63.9,105.6,23333500,11:19:00,63.9,105.6,23333500,11:19:00,63.9,105.6,23333500,11:19:00
201908031104,201905250804,2019-05-25,11:25:00,11,3.0,4.9,4806400.0,10:24:00,3.0,4.7,6020600,10:54:00,3.7,5.8,12531600,11:14:00,3.3,5.2,23333500,11:19:00,3.3,5.2,23333500,11:19:00,3.3,5.2,23333500,11:19:00
201908031104,201905250804,2019-05-25,11:25:00,12,18.1,30.5,4806400.0,10:24:00,17.5,28.9,6020600,10:54:00,20.9,34.5,12531600,11:14:00,25.5,42.2,23333500,11:19:00,25.5,42.2,23333500,11:19:00,25.5,42.2,23333500,11:19:00
201908031104,201905250804,2019-05-25,11:25:00,13,31.9,54.0,4806400.0,10:24:00,35.2,58.3,6020600,10:54:00,51.7,85.2,12531600,11:14:00,72.0,119.1,23333500,11:19:00,72.0,119.1,23333500,11:19:00,72.0,119.1,23333500,11:19:00
201908031104,201905250804,2019-05-25,11:25:00,14,2.1,3.2,4806400.0,10:24:00,2.0,3.0,6020600,10:54:00,1.9,2.8,12531600,11:14:00,1.8,2.6,23333500,11:19:00,1.8,2.6,23333500,11:19:00,1.8,2.6,23333500,11:19:00
201908031104,201905250804,2019-05-25,11:25:00,15,2.3,3.6,4806400.0,10:24:00,2.2,3.4,6020600,10:54:00,1.8,2.7,12531600,11:14:00,1.9,2.8,23333500,11:19:00,1.9,2.8,23333500,11:19:00,1.9,2.8,23333500,11:19:00
201908031104,201905250804,2019-05-25,11:25:00,16,12.7,21.3,4806400.0,10:24:00,13.9,23.0,6020600,10:54:00,18.1,29.7,12531600,11:14:00,25.6,42.3,23333500,11:19:00,25.6,42.3,23333500,11:19:00,25.6,42.3,23333500,11:19:00
201908031105,201905250805,2019-05-25,12:15:00,01,26.1,80.6,8675700.0,11:15:00,32.3,91.4,14528500,11:42:00,33.6,87.0,32714500,12:04:00,39.0,101.5,44476100,12:10:00,39.0,101.5,44476100,12:10:00,39.0,101.5,44476100,12:10:00
201908031105,201905250805,2019-05-25,12:15:00,02,2.1,5.6,8675700.0,11:15:00,1.9,4.5,14528500,11:42:00,1.6,3.4,32714500,12:04:00,1.7,3.7,44476100,12:10:00,1.7,3.7,44476100,12:10:00,1.7,3.7,44476100,12:10:00
201908031105,201905250805,2019-05-25,12:15:00,03,4.3,12.5,8675700.0,11:15:00,4.1,10.9,14528500,11:42:00,3.3,7.7,32714500,12:04:00,3.2,7.6,44476100,12:10:00,3.2,7.6,44476100,12:10:00,3.2,7.6,44476100,12:10:00
201908031105,201905250805,2019-05-25,12:15:00,04,6.6,19.5,8675700.0,11:15:00,7.4,20.3,14528500,11:42:00,8.4,21.3,32714500,12:04:00,8.7,22.2,44476100,12:10:00,8.7,22.2,44476100,12:10:00,8.7,22.2,44476100,12:10:00
201908031105,201905250805,2019-05-25,12:15:00,05,6.5,19.2,8675700.0,11:15:00,7.5,20.6,14528500,11:42:00,7.3,18.5,32714500,12:04:00,6.6,16.6,44476100,12:10:00,6.6,16.6,44476100,12:10:00,6.6,16.6,44476100,12:10:00
201908031105,201905250805,2019-05-25,12:15:00,06,7.7,23.0,8675700.0,11:15:00,10.0,27.8,14528500,11:42:00,12.2,31.3,32714500,12:04:00,12.9,33.0,44476100,12:10:00,12.9,33.0,44476100,12:10:00,12.9,33.0,44476100,12:10:00
201908031105,201905250805,2019-05-25,12:15:00,07,2.0,5.2,8675700.0,11:15:00,1.9,4.6,14528500,11:42:00,1.9,4.1,32714500,12:04:00,1.9,4.1,44476100,12:10:00,1.9,4.1,44476100,12:10:00,1.9,4.1,44476100,12:10:00
201908031105,201905250805,2019-05-25,12:15:00,08,14.5,44.3,8675700.0,11:15:00,15.2,42.6,14528500,11:42:00,22.6,58.4,32714500,12:04:00,25.0,65.0,44476100,12:10:00,25.0,65.0,44476100,12:10:00,25.0,65.0,44476100,12:10:00
201908031105,201905250805,2019-05-25,12:15:00,09,8.1,24.2,8675700.0,11:15:00,9.9,27.4,14528500,11:42:00,12.3,31.5,32714500,12:04:00,12.2,31.3,44476100,12:10:00,12.2,31.3,44476100,12:10:00,12.2,31.3,44476100,12:10:00
201908031105,201905250805,2019-05-25,12:15:00,10,1.1,1.1,8675700.0,11:15:00,1.1,1.1,14528500,11:42:00,1.1,1.1,32714500,12:04:00,1.1,1.1,44476100,12:10:00,1.1,1.1,44476100,12:10:00,1.1,1.1,44476100,12:10:00
201908031105,201905250805,2019-05-25,12:15:00,11,1.2,2.0,8675700.0,11:15:00,1.2,1.9,14528500,11:42:00,1.2,2.1,32714500,12:04:00,1.1,1.8,44476100,12:10:00,1.1,1.8,44476100,12:10:00,1.1,1.8,44476100,12:10:00
201908031105,201905250805,2019-05-25,12:15:00,12,14.3,43.8,8675700.0,11:15:00,17.1,48.0,14528500,11:42:00,20.6,53.0,32714500,12:04:00,23.2,60.2,44476100,12:10:00,23.2,60.2,44476100,12:10:00,23.2,60.2,44476100,12:10:00
201908031105,201905250805,2019-05-25,12:15:00,13,4.0,11.5,8675700.0,11:15:00,4.5,12.1,14528500,11:42:00,6.2,15.5,32714500,12:04:00,6.0,14.9,44476100,12:10:00,6.0,14.9,44476100,12:10:00,6.0,14.9,44476100,12:10:00
201908031105,201905250805,2019-05-25,12:15:00,14,9.8,29.6,8675700.0,11:15:00,12.3,34.3,14528500,11:42:00,15.6,40.0,32714500,12:04:00,16.2,41.7,44476100,12:10:00,16.2,41.7,44476100,12:10:00,16.2,41.7,44476100,12:10:00
201908031105,201905250805,2019-05-25,12:15:00,15,24.8,76.4,8675700.0,11:15:00,9.7,26.9,14528500,11:42:00,18.7,48.1,32714500,12:04:00,20.6,53.4,44476100,12:10:00,20.6,53.4,44476100,12:10:00,20.6,53.4,44476100,12:10:00
201908031105,201905250805,2019-05-25,12:15:00,16,6.4,19.1,8675700.0,11:15:00,7.8,21.3,14528500,11:42:00,8.8,22.4,32714500,12:04:00,9.5,24.3,44476100,12:10:00,9.5,24.3,44476100,12:10:00,9.5,24.3,44476100,12:10:00
201908031105,201905250805,2019-05-25,12:15:00,17,7.7,23.0,8675700.0,11:15:00,9.4,26.0,14528500,11:42:00,10.8,27.6,32714500,12:04:00,11.7,29.9,44476100,12:10:00,11.7,29.9,44476100,12:10:00,11.7,29.9,44476100,12:10:00
201908031105,201905250805,2019-05-25,12:15:00,18,2.0,5.1,8675700.0,11:15:00,1.9,4.5,14528500,11:42:00,1.9,4.2,32714500,12:04:00,1.8,3.9,44476100,12:10:00,1.8,3.9,44476100,12:10:00,1.8,3.9,44476100,12:10:00
201908031106,201905250806,2019-05-25,12:45:00,01,2.3,3.1,4735200.0,11:40:00,1.7,2.3,6565700,12:14:00,1.7,2.4,14087000,12:34:00,1.5,2.1,27107400,12:39:00,1.5,2.1,27107400,12:39:00,1.5,2.1,27107400,12:39:00
201908031106,201905250806,2019-05-25,12:45:00,02,3.2,4.5,4735200.0,11:40:00,3.6,5.1,6565700,12:14:00,4.4,7.1,14087000,12:34:00,4.9,8.1,27107400,12:39:00,4.9,8.1,27107400,12:39:00,4.9,8.1,27107400,12:39:00
201908031106,201905250806,2019-05-25,12:45:00,03,3.3,4.5,4735200.0,11:40:00,3.4,4.8,6565700,12:14:00,3.2,5.0,14087000,12:34:00,2.8,4.4,27107400,12:39:00,2.8,4.4,27107400,12:39:00,2.8,4.4,27107400,12:39:00
201908031106,201905250806,2019-05-25,12:45:00,04,7.4,10.4,4735200.0,11:40:00,5.1,7.3,6565700,12:14:00,3.9,6.3,14087000,12:34:00,4.6,7.5,27107400,12:39:00,4.6,7.5,27107400,12:39:00,4.6,7.5,27107400,12:39:00
201908031106,201905250806,2019-05-25,12:45:00,05,8.4,12.0,4735200.0,11:40:00,9.1,13.2,6565700,12:14:00,8.5,14.0,14087000,12:34:00,7.3,12.2,27107400,12:39:00,7.3,12.2,27107400,12:39:00,7.3,12.2,27107400,12:39:00
201908031106,201905250806,2019-05-25,12:45:00,06,4.1,5.7,4735200.0,11:40:00,4.1,5.9,6565700,12:14:00,5.0,8.1,14087000,12:34:00,5.9,9.8,27107400,12:39:00,5.9,9.8,27107400,12:39:00,5.9,9.8,27107400,12:39:00
201908031106,201905250806,2019-05-25,12:45:00,07,1.5,1.8,4735200.0,11:40:00,1.5,1.8,6565700,12:14:00,1.2,1.4,14087000,12:34:00,1.2,1.5,27107400,12:39:00,1.2,1.5,27107400,12:39:00,1.2,1.5,27107400,12:39:00
201908031106,201905250806,2019-05-25,12:45:00,08,6.4,9.1,4735200.0,11:40:00,6.8,9.8,6565700,12:14:00,5.5,8.9,14087000,12:34:00,5.6,9.2,27107400,12:39:00,5.6,9.2,27107400,12:39:00,5.6,9.2,27107400,12:39:00
201908031106,201905250806,2019-05-25,12:45:00,09,2.3,3.2,4735200.0,11:40:00,2.5,3.5,6565700,12:14:00,2.7,4.2,14087000,12:34:00,2.2,3.5,27107400,12:39:00,2.2,3.5,27107400,12:39:00,2.2,3.5,27107400,12:39:00
201908031106,201905250806,2019-05-25,12:45:00,10,1.9,2.5,4735200.0,11:40:00,1.9,2.6,6565700,12:14:00,2.0,3.0,14087000,12:34:00,2.2,3.4,27107400,12:39:00,2.2,3.4,27107400,12:39:00,2.2,3.4,27107400,12:39:00
201908031106,201905250806,2019-05-25,12:45:00,11,7.5,10.6,4735200.0,11:40:00,8.2,11.8,6565700,12:14:00,10.4,17.3,14087000,12:34:00,11.4,19.3,27107400,12:39:00,11.4,19.3,27107400,12:39:00,11.4,19.3,27107400,12:39:00
201908031106,201905250806,2019-05-25,12:45:00,12,2.5,3.4,4735200.0,11:40:00,2.5,3.5,6565700,12:14:00,2.4,3.8,14087000,12:34:00,2.4,3.8,27107400,12:39:00,2.4,3.8,27107400,12:39:00,2.4,3.8,27107400,12:39:00
201908031106,201905250806,2019-05-25,12:45:00,13,8.1,11.6,4735200.0,11:40:00,9.3,13.4,6565700,12:14:00,10.2,16.9,14087000,12:34:00,12.1,20.6,27107400,12:39:00,12.1,20.6,27107400,12:39:00,12.1,20.6,27107400,12:39:00
201908031106,201905250806,2019-05-25,12:45:00,14,14.8,21.0,4735200.0,11:40:00,15.8,22.9,6565700,12:14:00,11.9,19.8,14087000,12:34:00,16.8,28.6,27107400,12:39:00,16.8,28.6,27107400,12:39:00,16.8,28.6,27107400,12:39:00
201908031106,201905250806,2019-05-25,12:45:00,15,10.7,15.2,4735200.0,11:40:00,12.2,17.8,6565700,12:14:00,13.4,22.2,14087000,12:34:00,16.8,28.5,27107400,12:39:00,16.8,28.5,27107400,12:39:00,16.8,28.5,27107400,12:39:00
201908031106,201905250806,2019-05-25,12:45:00,16,4.1,5.7,4735200.0,11:40:00,4.4,6.3,6565700,12:14:00,4.0,6.4,14087000,12:34:00,3.5,5.7,27107400,12:39:00,3.5,5.7,27107400,12:39:00,3.5,5.7,27107400,12:39:00
201908031107,201905250807,2019-05-25,13:15:00,01,1.4,2.6,3419500.0,12:14:00,1.3,3.0,5605800,12:44:00,1.3,2.4,11562000,13:04:00,1.3,2.7,19484100,13:09:00,1.3,2.7,19484100,13:09:00,1.3,2.7,19484100,13:09:00
201908031107,201905250807,2019-05-25,13:15:00,02,2.9,6.2,3419500.0,12:14:00,3.1,8.0,5605800,12:44:00,3.4,7.5,11562000,13:04:00,3.7,9.3,19484100,13:09:00,3.7,9.3,19484100,13:09:00,3.7,9.3,19484100,13:09:00
201908031107,201905250807,2019-05-25,13:15:00,03,5.4,11.8,3419500.0,12:14:00,6.3,17.1,5605800,12:44:00,7.3,16.8,11562000,13:04:00,8.6,22.1,19484100,13:09:00,8.6,22.1,19484100,13:09:00,8.6,22.1,19484100,13:09:00
201908031107,201905250807,2019-05-25,13:15:00,04,2.7,5.8,3419500.0,12:14:00,3.1,8.0,5605800,12:44:00,4.5,10.2,11562000,13:04:00,4.2,10.5,19484100,13:09:00,4.2,10.5,19484100,13:09:00,4.2,10.5,19484100,13:09:00
201908031107,201905250807,2019-05-25,13:15:00,05,1.1,1.1,3419500.0,12:14:00,1.1,1.1,5605800,12:44:00,1.1,1.1,11562000,13:04:00,1.1,1.1,19484100,13:09:00,1.1,1.1,19484100,13:09:00,1.1,1.1,19484100,13:09:00
201908031107,201905250807,2019-05-25,13:15:00,06,1.6,3.0,3419500.0,12:14:00,1.4,3.3,5605800,12:44:00,1.3,2.6,11562000,13:04:00,1.3,2.6,19484100,13:09:00,1.3,2.6,19484100,13:09:00,1.3,2.6,19484100,13:09:00
201908031107,201905250807,2019-05-25,13:15:00,07,1.2,2.1,3419500.0,12:14:00,1.3,2.7,5605800,12:44:00,1.1,1.9,11562000,13:04:00,1.1,1.7,19484100,13:09:00,1.1,1.7,19484100,13:09:00,1.1,1.7,19484100,13:09:00
201908031107,201905250807,2019-05-25,13:15:00,08,3.1,6.5,3419500.0,12:14:00,3.4,8.8,5605800,12:44:00,3.3,7.3,11562000,13:04:00,3.1,7.6,19484100,13:09:00,3.1,7.6,19484100,13:09:00,3.1,7.6,19484100,13:09:00
201908031107,201905250807,2019-05-25,13:15:00,09,3.9,8.5,3419500.0,12:14:00,4.2,11.2,5605800,12:44:00,5.7,13.1,11562000,13:04:00,5.9,15.0,19484100,13:09:00,5.9,15.0,19484100,13:09:00,5.9,15.0,19484100,13:09:00
201908031108,201905250808,2019-05-25,13:50:00,01,2.1,2.5,5134000.0,12:49:00,1.7,2.3,8759800,13:19:00,1.5,1.9,22613000,13:39:00,1.5,2.0,40439600,13:45:00,1.5,2.0,40439600,13:45:00,1.5,2.0,40439600,13:45:00
201908031108,201905250808,2019-05-25,13:50:00,02,2.7,3.4,5134000.0,12:49:00,3.2,4.6,8759800,13:19:00,2.9,4.1,22613000,13:39:00,2.5,3.6,40439600,13:45:00,2.5,3.6,40439600,13:45:00,2.5,3.6,40439600,13:45:00
201908031108,201905250808,2019-05-25,13:50:00,03,4.3,5.5,5134000.0,12:49:00,4.7,6.9,8759800,13:19:00,3.4,4.9,22613000,13:39:00,3.4,5.0,40439600,13:45:00,3.4,5.0,40439600,13:45:00,3.4,5.0,40439600,13:45:00
201908031108,201905250808,2019-05-25,13:50:00,04,3.4,4.4,5134000.0,12:49:00,3.1,4.5,8759800,13:19:00,2.7,3.8,22613000,13:39:00,2.6,3.8,40439600,13:45:00,2.6,3.8,40439600,13:45:00,2.6,3.8,40439600,13:45:00
201908031108,201905250808,2019-05-25,13:50:00,05,2.2,2.7,5134000.0,12:49:00,2.4,3.4,8759800,13:19:00,1.9,2.6,22613000,13:39:00,1.8,2.6,40439600,13:45:00,1.8,2.6,40439600,13:45:00,1.8,2.6,40439600,13:45:00
201908031108,201905250808,2019-05-25,13:50:00,06,10.7,13.9,5134000.0,12:49:00,13.6,20.3,8759800,13:19:00,23.2,35.2,22613000,13:39:00,28.6,44.7,40439600,13:45:00,28.6,44.7,40439600,13:45:00,28.6,44.7,40439600,13:45:00
201908031108,201905250808,2019-05-25,13:50:00,07,5.7,7.3,5134000.0,12:49:00,6.9,10.2,8759800,13:19:00,7.8,11.7,22613000,13:39:00,8.9,13.7,40439600,13:45:00,8.9,13.7,40439600,13:45:00,8.9,13.7,40439600,13:45:00
201908031108,201905250808,2019-05-25,13:50:00,08,2.6,3.2,5134000.0,12:49:00,3.0,4.2,8759800,13:19:00,4.3,6.3,22613000,13:39:00,4.5,6.8,40439600,13:45:00,4.5,6.8,40439600,13:45:00,4.5,6.8,40439600,13:45:00
201908031108,201905250808,2019-05-25,13:50:00,09,13.0,16.8,5134000.0,12:49:00,17.4,25.9,8759800,13:19:00,24.3,36.9,22613000,13:39:00,29.0,45.2,40439600,13:45:00,29.0,45.2,40439600,13:45:00,29.0,45.2,40439600,13:45:00
201908031108,201905250808,2019-05-25,13:50:00,10,2.0,2.5,5134000.0,12:49:00,1.6,2.1,8759800,13:19:00,1.6,2.0,22613000,13:39:00,1.4,1.8,40439600,13:45:00,1.4,1.8,40439600,13:45:00,1.4,1.8,40439600,13:45:00
201908031108,201905250808,2019-05-25,13:50:00,11,7.8,10.0,5134000.0,12:49:00,9.4,13.9,8759800,13:19:00,13.7,20.7,22613000,13:39:00,16.9,26.3,40439600,13:45:00,16.9,26.3,40439600,13:45:00,16.9,26.3,40439600,13:45:00
201908031108,201905250808,2019-05-25,13:50:00,12,4.1,5.3,5134000.0,12:49:00,5.0,7.3,8759800,13:19:00,5.9,8.8,22613000,13:39:00,6.3,9.7,40439600,13:45:00,6.3,9.7,40439600,13:45:00,6.3,9.7,40439600,13:45:00
201908031108,201905250808,2019-05-25,13:50:00,13,10.9,14.1,5134000.0,12:49:00,12.8,19.1,8759800,13:19:00,17.0,25.8,22613000,13:39:00,18.8,29.2,40439600,13:45:00,18.8,29.2,40439600,13:45:00,18.8,29.2,40439600,13:45:00
201908031108,201905250808,2019-05-25,13:50:00,14,17.0,21.9,5134000.0,12:49:00,21.5,32.0,8759800,13:19:00,27.2,41.2,22613000,13:39:00,29.5,46.1,40439600,13:45:00,29.5,46.1,40439600,13:45:00,29.5,46.1,40439600,13:45:00
201908031108,201905250808,2019-05-25,13:50:00,15,3.0,3.7,5134000.0,12:49:00,1.5,1.9,8759800,13:19:00,1.9,2.7,22613000,13:39:00,2.0,2.9,40439600,13:45:00,2.0,2.9,40439600,13:45:00,2.0,2.9,40439600,13:45:00
201908031108,201905250808,2019-05-25,13:50:00,16,3.9,4.9,5134000.0,12:49:00,4.0,5.7,8759800,13:19:00,4.3,6.3,22613000,13:39:00,4.1,6.1,40439600,13:45:00,4.1,6.1,40439600,13:45:00,4.1,6.1,40439600,13:45:00
201908031109,201905250809,2019-05-25,14:25:00,01,1.1,1.1,10142800.0,13:24:00,1.1,1.1,13823900,13:55:00,1.1,1.1,36678400,14:14:00,1.1,1.1,55652900,14:19:00,1.1,1.1,55652900,14:19:00,1.1,1.1,55652900,14:19:00
201908031109,201905250809,2019-05-25,14:25:00,02,2.8,6.1,10142800.0,13:24:00,2.9,7.0,13823900,13:55:00,2.7,5.5,36678400,14:14:00,2.7,5.6,55652900,14:19:00,2.7,5.6,55652900,14:19:00,2.7,5.6,55652900,14:19:00
201908031109,201905250809,2019-05-25,14:25:00,03,7.2,16.8,10142800.0,13:24:00,7.6,19.4,13823900,13:55:00,9.7,21.2,36678400,14:14:00,10.6,24.0,55652900,14:19:00,10.6,24.0,55652900,14:19:00,10.6,24.0,55652900,14:19:00
201908031109,201905250809,2019-05-25,14:25:00,04,4.6,10.4,10142800.0,13:24:00,4.4,10.9,13823900,13:55:00,4.3,9.0,36678400,14:14:00,4.5,10.0,55652900,14:19:00,4.5,10.0,55652900,14:19:00,4.5,10.0,55652900,14:19:00
201908031109,201905250809,2019-05-25,14:25:00,05,3.4,7.7,10142800.0,13:24:00,3.5,8.5,13823900,13:55:00,4.4,9.3,36678400,14:14:00,4.4,9.7,55652900,14:19:00,4.4,9.7,55652900,14:19:00,4.4,9.7,55652900,14:19:00
201908031109,201905250809,2019-05-25,14:25:00,06,3.7,8.2,10142800.0,13:24:00,3.7,9.0,13823900,13:55:00,3.3,6.7,36678400,14:14:00,3.1,6.6,55652900,14:19:00,3.1,6.6,55652900,14:19:00,3.1,6.6,55652900,14:19:00
201908031109,201905250809,2019-05-25,14:25:00,07,19.3,45.8,10142800.0,13:24:00,20.1,52.4,13823900,13:55:00,17.0,37.2,36678400,14:14:00,20.8,47.7,55652900,14:19:00,20.8,47.7,55652900,14:19:00,20.8,47.7,55652900,14:19:00
201908031109,201905250809,2019-05-25,14:25:00,08,1.6,2.8,10142800.0,13:24:00,1.4,2.5,13823900,13:55:00,1.4,2.3,36678400,14:14:00,1.4,2.3,55652900,14:19:00,1.4,2.3,55652900,14:19:00,1.4,2.3,55652900,14:19:00
201908031109,201905250809,2019-05-25,14:25:00,09,5.4,12.3,10142800.0,13:24:00,4.9,12.3,13823900,13:55:00,5.0,10.5,36678400,14:14:00,5.0,11.0,55652900,14:19:00,5.0,11.0,55652900,14:19:00,5.0,11.0,55652900,14:19:00
201908031109,201905250809,2019-05-25,14:25:00,10,4.3,9.8,10142800.0,13:24:00,4.5,11.1,13823900,13:55:00,3.9,8.1,36678400,14:14:00,4.0,8.6,55652900,14:19:00,4.0,8.6,55652900,14:19:00,4.0,8.6,55652900,14:19:00
201908031109,201905250809,2019-05-25,14:25:00,11,2.3,4.9,10142800.0,13:24:00,2.3,5.2,13823900,13:55:00,2.1,4.2,36678400,14:14:00,2.1,4.2,55652900,14:19:00,2.1,4.2,55652900,14:19:00,2.1,4.2,55652900,14:19:00
201908031109,201905250809,2019-05-25,14:25:00,12,3.9,8.6,10142800.0,13:24:00,3.8,9.4,13823900,13:55:00,3.4,7.0,36678400,14:14:00,3.7,7.9,55652900,14:19:00,3.7,7.9,55652900,14:19:00,3.7,7.9,55652900,14:19:00
201908031109,201905250809,2019-05-25,14:25:00,13,2.5,5.3,10142800.0,13:24:00,2.4,5.6,13823900,13:55:00,2.4,4.8,36678400,14:14:00,2.3,4.7,55652900,14:19:00,2.3,4.7,55652900,14:19:00,2.3,4.7,55652900,14:19:00
201908031109,201905250809,2019-05-25,14:25:00,14,6.3,14.5,10142800.0,13:24:00,6.7,17.0,13823900,13:55:00,9.5,20.7,36678400,14:14:00,10.5,23.9,55652900,14:19:00,10.5,23.9,55652900,14:19:00,10.5,23.9,55652900,14:19:00
201908031109,201905250809,2019-05-25,14:25:00,15,8.3,19.5,10142800.0,13:24:00,8.9,22.8,13823900,13:55:00,10.4,22.7,36678400,14:14:00,10.6,24.0,55652900,14:19:00,10.6,24.0,55652900,14:19:00,10.6,24.0,55652900,14:19:00
201908031109,201905250809,2019-05-25,14:25:00,16,10.0,23.4,10142800.0,13:24:00,10.2,26.3,13823900,13:55:00,15.3,33.3,36678400,14:14:00,17.0,38.8,55652900,14:19:00,17.0,38.8,55652900,14:19:00,17.0,38.8,55652900,14:19:00
201908031110,201905250810,2019-05-25,15:01:00,01,4.3,7.7,19398700.0,14:01:00,4.4,7.4,23285800,14:29:00,4.9,7.7,48170000,14:50:00,4.9,7.4,70573200,14:56:00,4.9,7.4,70573200,14:56:00,4.9,7.4,70573200,14:56:00
201908031110,201905250810,2019-05-25,15:01:00,02,26.1,48.9,19398700.0,14:01:00,30.4,52.5,23285800,14:29:00,40.6,65.0,48170000,14:50:00,47.1,73.8,70573200,14:56:00,47.1,73.8,70573200,14:56:00,47.1,73.8,70573200,14:56:00
201908031110,201905250810,2019-05-25,15:01:00,03,7.9,14.7,19398700.0,14:01:00,8.9,15.3,23285800,14:29:00,10.7,17.1,48170000,14:50:00,11.1,17.4,70573200,14:56:00,11.1,17.4,70573200,14:56:00,11.1,17.4,70573200,14:56:00
201908031110,201905250810,2019-05-25,15:01:00,04,3.9,7.0,19398700.0,14:01:00,3.9,6.5,23285800,14:29:00,3.2,4.9,48170000,14:50:00,2.8,4.2,70573200,14:56:00,2.8,4.2,70573200,14:56:00,2.8,4.2,70573200,14:56:00
201908031110,201905250810,2019-05-25,15:01:00,05,1.5,2.3,19398700.0,14:01:00,1.5,2.3,23285800,14:29:00,1.3,1.7,48170000,14:50:00,1.3,1.8,70573200,14:56:00,1.3,1.8,70573200,14:56:00,1.3,1.8,70573200,14:56:00
201908031110,201905250810,2019-05-25,15:01:00,06,9.9,18.4,19398700.0,14:01:00,10.6,18.2,23285800,14:29:00,11.8,18.8,48170000,14:50:00,13.0,20.3,70573200,14:56:00,13.0,20.3,70573200,14:56:00,13.0,20.3,70573200,14:56:00
201908031110,201905250810,2019-05-25,15:01:00,07,1.9,3.2,19398700.0,14:01:00,1.7,2.7,23285800,14:29:00,1.5,2.2,48170000,14:50:00,1.5,2.1,70573200,14:56:00,1.5,2.1,70573200,14:56:00,1.5,2.1,70573200,14:56:00
201908031110,201905250810,2019-05-25,15:01:00,08,4.3,7.7,19398700.0,14:01:00,4.6,7.7,23285800,14:29:00,4.7,7.4,48170000,14:50:00,4.8,7.4,70573200,14:56:00,4.8,7.4,70573200,14:56:00,4.8,7.4,70573200,14:56:00
201908031110,201905250810,2019-05-25,15:01:00,09,3.3,5.8,19398700.0,14:01:00,3.5,5.8,23285800,14:29:00,3.2,4.9,48170000,14:50:00,3.5,5.3,70573200,14:56:00,3.5,5.3,70573200,14:56:00,3.5,5.3,70573200,14:56:00
201908031110,201905250810,2019-05-25,15:01:00,10,6.5,12.1,19398700.0,14:01:00,7.3,12.5,23285800,14:29:00,8.6,13.6,48170000,14:50:00,8.7,13.5,70573200,14:56:00,8.7,13.5,70573200,14:56:00,8.7,13.5,70573200,14:56:00
201908031110,201905250810,2019-05-25,15:01:00,11,1.8,3.1,19398700.0,14:01:00,1.8,2.8,23285800,14:29:00,2.0,2.9,48170000,14:50:00,2.0,2.9,70573200,14:56:00,2.0,2.9,70573200,14:56:00,2.0,2.9,70573200,14:56:00
201908031110,201905250810,2019-05-25,15:01:00,12,1.1,1.2,19398700.0,14:01:00,1.1,1.4,23285800,14:29:00,1.4,1.9,48170000,14:50:00,1.5,2.0,70573200,14:56:00,1.5,2.0,70573200,14:56:00,1.5,2.0,70573200,14:56:00
201908031110,201905250810,2019-05-25,15:01:00,13,10.5,19.5,19398700.0,14:01:00,11.8,20.4,23285800,14:29:00,15.5,24.8,48170000,14:50:00,17.2,26.9,70573200,14:56:00,17.2,26.9,70573200,14:56:00,17.2,26.9,70573200,14:56:00
201908031110,201905250810,2019-05-25,15:01:00,14,4.1,7.4,19398700.0,14:01:00,4.2,7.0,23285800,14:29:00,4.0,6.2,48170000,14:50:00,4.3,6.5,70573200,14:56:00,4.3,6.5,70573200,14:56:00,4.3,6.5,70573200,14:56:00
201908031110,201905250810,2019-05-25,15:01:00,15,3.7,6.6,19398700.0,14:01:00,3.6,5.9,23285800,14:29:00,4.7,7.4,48170000,14:50:00,4.9,7.5,70573200,14:56:00,4.9,7.5,70573200,14:56:00,4.9,7.5,70573200,14:56:00
201908031111,201905250811,2019-05-25,15:35:00,01,1.8,2.8,53884100.0,14:32:00,1.8,2.7,66146400,15:04:00,1.8,2.7,110546600,15:24:00,1.9,3.1,150019100,15:29:00,1.9,3.1,150019100,15:29:00,1.9,3.1,150019100,15:29:00
201908031111,201905250811,2019-05-25,15:35:00,02,4.5,7.3,53884100.0,14:32:00,4.2,6.8,66146400,15:04:00,4.6,7.5,110546600,15:24:00,4.6,7.9,150019100,15:29:00,4.6,7.9,150019100,15:29:00,4.6,7.9,150019100,15:29:00
201908031111,201905250811,2019-05-25,15:35:00,03,6.0,9.8,53884100.0,14:32:00,5.8,9.5,66146400,15:04:00,6.6,10.9,110546600,15:24:00,6.9,12.0,150019100,15:29:00,6.9,12.0,150019100,15:29:00,6.9,12.0,150019100,15:29:00
201908031111,201905250811,2019-05-25,15:35:00,04,4.6,7.5,53884100.0,14:32:00,4.4,7.1,66146400,15:04:00,4.3,7.0,110546600,15:24:00,4.4,7.6,150019100,15:29:00,4.4,7.6,150019100,15:29:00,4.4,7.6,150019100,15:29:00
201908031111,201905250811,2019-05-25,15:35:00,05,4.8,7.8,53884100.0,14:32:00,5.0,8.2,66146400,15:04:00,5.8,9.5,110546600,15:24:00,6.1,10.6,150019100,15:29:00,6.1,10.6,150019100,15:29:00,6.1,10.6,150019100,15:29:00
201908031111,201905250811,2019-05-25,15:35:00,06,1.2,1.5,53884100.0,14:32:00,1.2,1.5,66146400,15:04:00,1.2,1.5,110546600,15:24:00,1.1,1.4,150019100,15:29:00,1.1,1.4,150019100,15:29:00,1.1,1.4,150019100,15:29:00
201908031111,201905250811,2019-05-25,15:35:00,07,1.9,2.8,53884100.0,14:32:00,1.9,2.9,66146400,15:04:00,1.7,2.5,110546600,15:24:00,1.6,2.4,150019100,15:29:00,1.6,2.4,150019100,15:29:00,1.6,2.4,150019100,15:29:00
201908031111,201905250811,2019-05-25,15:35:00,08,25.7,42.1,53884100.0,14:32:00,26.5,43.8,66146400,15:04:00,30.2,50.5,110546600,15:24:00,30.6,54.0,150019100,15:29:00,30.6,54.0,150019100,15:29:00,30.6,54.0,150019100,15:29:00
201908031111,201905250811,2019-05-25,15:35:00,09,3.6,5.7,53884100.0,14:32:00,3.7,6.0,66146400,15:04:00,4.0,6.4,110546600,15:24:00,3.9,6.5,150019100,15:29:00,3.9,6.5,150019100,15:29:00,3.9,6.5,150019100,15:29:00
201908031111,201905250811,2019-05-25,15:35:00,10,4.0,6.4,53884100.0,14:32:00,4.2,6.7,66146400,15:04:00,4.6,7.6,110546600,15:24:00,4.6,7.9,150019100,15:29:00,4.6,7.9,150019100,15:29:00,4.6,7.9,150019100,15:29:00
201908031111,201905250811,2019-05-25,15:35:00,11,1.5,2.1,53884100.0,14:32:00,1.5,2.2,66146400,15:04:00,1.5,2.1,110546600,15:24:00,1.4,2.0,150019100,15:29:00,1.4,2.0,150019100,15:29:00,1.4,2.0,150019100,15:29:00
201908031111,201905250811,2019-05-25,15:35:00,12,7.1,11.6,53884100.0,14:32:00,7.2,11.9,66146400,15:04:00,7.9,13.1,110546600,15:24:00,7.6,13.2,150019100,15:29:00,7.6,13.2,150019100,15:29:00,7.6,13.2,150019100,15:29:00
201908031111,201905250811,2019-05-25,15:35:00,13,6.5,10.6,53884100.0,14:32:00,6.7,11.0,66146400,15:04:00,7.3,12.2,110546600,15:24:00,7.5,13.1,150019100,15:29:00,7.5,13.1,150019100,15:29:00,7.5,13.1,150019100,15:29:00
201908031111,201905250811,2019-05-25,15:35:00,14,7.5,12.2,53884100.0,14:32:00,7.5,12.4,66146400,15:04:00,8.6,14.4,110546600,15:24:00,9.1,16.0,150019100,15:29:00,9.1,16.0,150019100,15:29:00,9.1,16.0,150019100,15:29:00
201908031111,201905250811,2019-05-25,15:35:00,15,5.0,8.1,53884100.0,14:32:00,4.9,8.0,66146400,15:04:00,4.5,7.4,110546600,15:24:00,4.1,6.9,150019100,15:29:00,4.1,6.9,150019100,15:29:00,4.1,6.9,150019100,15:29:00
201908031111,201905250811,2019-05-25,15:35:00,16,13.5,22.1,53884100.0,14:32:00,14.2,23.5,66146400,15:04:00,16.7,27.9,110546600,15:24:00,17.7,31.2,150019100,15:29:00,17.7,31.2,150019100,15:29:00,17.7,31.2,150019100,15:29:00
201908031112,201905250812,2019-05-25,16:10:00,01,8.4,14.1,8259900.0,15:09:00,8.2,14.2,10817000,15:40:00,9.8,17.0,31419000,15:59:00,11.2,19.8,46539500,16:04:00,11.2,19.8,46539500,16:04:00,11.2,19.8,46539500,16:04:00
201908031112,201905250812,2019-05-25,16:10:00,02,2.9,4.7,8259900.0,15:09:00,3.1,5.1,10817000,15:40:00,2.2,3.6,31419000,15:59:00,2.3,3.7,46539500,16:04:00,2.3,3.7,46539500,16:04:00,2.3,3.7,46539500,16:04:00
201908031112,201905250812,2019-05-25,16:10:00,03,1.3,1.9,8259900.0,15:09:00,1.2,1.6,10817000,15:40:00,1.2,1.6,31419000,15:59:00,1.2,1.6,46539500,16:04:00,1.2,1.6,46539500,16:04:00,1.2,1.6,46539500,16:04:00
201908031112,201905250812,2019-05-25,16:10:00,04,2.9,4.6,8259900.0,15:09:00,2.5,4.1,10817000,15:40:00,1.9,2.9,31419000,15:59:00,2.0,3.2,46539500,16:04:00,2.0,3.2,46539500,16:04:00,2.0,3.2,46539500,16:04:00
201908031112,201905250812,2019-05-25,16:10:00,05,1.1,1.5,8259900.0,15:09:00,1.2,1.6,10817000,15:40:00,1.3,1.7,31419000,15:59:00,1.2,1.6,46539500,16:04:00,1.2,1.6,46539500,16:04:00,1.2,1.6,46539500,16:04:00
201908031112,201905250812,2019-05-25,16:10:00,06,4.7,7.7,8259900.0,15:09:00,4.8,8.3,10817000,15:40:00,5.4,9.2,31419000,15:59:00,5.3,9.2,46539500,16:04:00,5.3,9.2,46539500,16:04:00,5.3,9.2,46539500,16:04:00
201908031112,201905250812,2019-05-25,16:10:00,07,5.6,9.4,8259900.0,15:09:00,4.7,8.1,10817000,15:40:00,3.9,6.6,31419000,15:59:00,3.7,6.2,46539500,16:04:00,3.7,6.2,46539500,16:04:00,3.7,6.2,46539500,16:04:00
201908031112,201905250812,2019-05-25,16:10:00,08,4.1,6.7,8259900.0,15:09:00,4.5,7.6,10817000,15:40:00,5.3,9.1,31419000,15:59:00,5.1,8.8,46539500,16:04:00,5.1,8.8,46539500,16:04:00,5.1,8.8,46539500,16:04:00
201908031112,201905250812,2019-05-25,16:10:00,09,1.3,2.0,8259900.0,15:09:00,1.4,2.1,10817000,15:40:00,1.7,2.6,31419000,15:59:00,1.7,2.7,46539500,16:04:00,1.7,2.7,46539500,16:04:00,1.7,2.7,46539500,16:04:00
201908031112,201905250812,2019-05-25,16:10:00,10,9.1,15.3,8259900.0,15:09:00,8.6,15.0,10817000,15:40:00,8.4,14.6,31419000,15:59:00,8.2,14.5,46539500,16:04:00,8.2,14.5,46539500,16:04:00,8.2,14.5,46539500,16:04:00
201908031112,201905250812,2019-05-25,16:10:00,11,7.0,11.8,8259900.0,15:09:00,7.9,13.8,10817000,15:40:00,8.5,14.7,31419000,15:59:00,9.2,16.2,46539500,16:04:00,9.2,16.2,46539500,16:04:00,9.2,16.2,46539500,16:04:00
201908031112,201905250812,2019-05-25,16:10:00,12,3.1,5.1,8259900.0,15:09:00,2.9,4.7,10817000,15:40:00,3.5,5.8,31419000,15:59:00,3.7,6.3,46539500,16:04:00,3.7,6.3,46539500,16:04:00,3.7,6.3,46539500,16:04:00
201908031112,201905250812,2019-05-25,16:10:00,13,4.1,6.8,8259900.0,15:09:00,4.4,7.5,10817000,15:40:00,4.6,7.8,31419000,15:59:00,4.0,6.9,46539500,16:04:00,4.0,6.9,46539500,16:04:00,4.0,6.9,46539500,16:04:00
201908031201,201905260801,2019-05-26,09:55:00,01,4.2,8.4,6697100.0,08:55:00,4.3,7.3,10508700,09:25:00,4.8,8.3,19062100,09:44:00,5.3,9.6,31394900,09:49:00,5.3,9.6,31394900,09:49:00,5.3,9.6,31394900,09:49:00
201908031201,201905260801,2019-05-26,09:55:00,02,8.4,17.2,6697100.0,08:55:00,8.5,14.8,10508700,09:25:00,8.5,15.1,19062100,09:44:00,7.6,14.2,31394900,09:49:00,7.6,14.2,31394900,09:49:00,7.6,14.2,31394900,09:49:00
201908031201,201905260801,2019-05-26,09:55:00,03,34.6,72.0,6697100.0,08:55:00,45.8,80.5,10508700,09:25:00,50.6,91.1,19062100,09:44:00,57.2,108.0,31394900,09:49:00,57.2,108.0,31394900,09:49:00,57.2,108.0,31394900,09:49:00
201908031201,201905260801,2019-05-26,09:55:00,04,5.7,11.6,6697100.0,08:55:00,6.4,11.1,10508700,09:25:00,7.2,12.7,19062100,09:44:00,8.4,15.6,31394900,09:49:00,8.4,15.6,31394900,09:49:00,8.4,15.6,31394900,09:49:00
201908031201,201905260801,2019-05-26,09:55:00,05,2.1,4.0,6697100.0,08:55:00,1.7,2.7,10508700,09:25:00,2.0,3.2,19062100,09:44:00,1.7,2.8,31394900,09:49:00,1.7,2.8,31394900,09:49:00,1.7,2.8,31394900,09:49:00
201908031201,201905260801,2019-05-26,09:55:00,06,1.5,2.6,6697100.0,08:55:00,1.4,2.2,10508700,09:25:00,1.3,2.0,19062100,09:44:00,1.4,2.3,31394900,09:49:00,1.4,2.3,31394900,09:49:00,1.4,2.3,31394900,09:49:00
201908031201,201905260801,2019-05-26,09:55:00,07,9.0,18.6,6697100.0,08:55:00,11.7,20.4,10508700,09:25:00,10.9,19.5,19062100,09:44:00,9.3,17.4,31394900,09:49:00,9.3,17.4,31394900,09:49:00,9.3,17.4,31394900,09:49:00
201908031201,201905260801,2019-05-26,09:55:00,08,6.3,12.8,6697100.0,08:55:00,7.2,12.4,10508700,09:25:00,6.8,12.1,19062100,09:44:00,7.0,13.0,31394900,09:49:00,7.0,13.0,31394900,09:49:00,7.0,13.0,31394900,09:49:00
201908031201,201905260801,2019-05-26,09:55:00,09,12.4,25.6,6697100.0,08:55:00,15.1,26.4,10508700,09:25:00,15.9,28.5,19062100,09:44:00,12.7,23.9,31394900,09:49:00,12.7,23.9,31394900,09:49:00,12.7,23.9,31394900,09:49:00
201908031201,201905260801,2019-05-26,09:55:00,10,28.1,58.4,6697100.0,08:55:00,31.8,55.9,10508700,09:25:00,32.5,58.5,19062100,09:44:00,37.7,71.2,31394900,09:49:00,37.7,71.2,31394900,09:49:00,37.7,71.2,31394900,09:49:00
201908031201,201905260801,2019-05-26,09:55:00,11,2.8,5.5,6697100.0,08:55:00,3.0,4.9,10508700,09:25:00,2.7,4.5,19062100,09:44:00,2.8,4.9,31394900,09:49:00,2.8,4.9,31394900,09:49:00,2.8,4.9,31394900,09:49:00
201908031201,201905260801,2019-05-26,09:55:00,12,9.4,19.2,6697100.0,08:55:00,9.1,15.8,10508700,09:25:00,9.8,17.4,19062100,09:44:00,10.4,19.5,31394900,09:49:00,10.4,19.5,31394900,09:49:00,10.4,19.5,31394900,09:49:00
201908031201,201905260801,2019-05-26,09:55:00,13,4.0,8.0,6697100.0,08:55:00,5.1,8.7,10508700,09:25:00,4.4,7.6,19062100,09:44:00,4.5,8.1,31394900,09:49:00,4.5,8.1,31394900,09:49:00,4.5,8.1,31394900,09:49:00
201908031201,201905260801,2019-05-26,09:55:00,14,1.1,1.3,6697100.0,08:55:00,1.2,1.6,10508700,09:25:00,1.1,1.4,19062100,09:44:00,1.1,1.4,31394900,09:49:00,1.1,1.4,31394900,09:49:00,1.1,1.4,31394900,09:49:00
201908031201,201905260801,2019-05-26,09:55:00,15,1.2,1.7,6697100.0,08:55:00,1.3,1.8,10508700,09:25:00,1.3,2.0,19062100,09:44:00,1.3,1.9,31394900,09:49:00,1.3,1.9,31394900,09:49:00,1.3,1.9,31394900,09:49:00
201908031201,201905260801,2019-05-26,09:55:00,16,3.7,7.2,6697100.0,08:55:00,4.4,7.4,10508700,09:25:00,4.9,8.5,19062100,09:44:00,4.9,9.0,31394900,09:49:00,4.9,9.0,31394900,09:49:00,4.9,9.0,31394900,09:49:00
201908031202,201905260802,2019-05-26,10:25:00,01,3.8,6.3,3988500.0,09:20:00,3.1,5.7,7316700,09:53:00,3.4,7.4,17141500,10:14:00,3.9,8.7,30761800,10:19:00,3.9,8.7,30761800,10:19:00,4.4,9.8,62970900,10:24:00
201908031202,201905260802,2019-05-26,10:25:00,02,2.3,3.6,3988500.0,09:20:00,2.5,4.5,7316700,09:53:00,2.0,4.1,17141500,10:14:00,1.9,3.9,30761800,10:19:00,1.9,3.9,30761800,10:19:00,1.7,3.4,62970900,10:24:00
201908031202,201905260802,2019-05-26,10:25:00,03,2.4,3.8,3988500.0,09:20:00,2.6,4.7,7316700,09:53:00,2.4,5.1,17141500,10:14:00,2.1,4.4,30761800,10:19:00,2.1,4.4,30761800,10:19:00,2.1,4.2,62970900,10:24:00
201908031202,201905260802,2019-05-26,10:25:00,04,1.1,1.3,3988500.0,09:20:00,1.1,1.1,7316700,09:53:00,1.1,1.1,17141500,10:14:00,1.1,1.1,30761800,10:19:00,1.1,1.1,30761800,10:19:00,1.1,1.1,62970900,10:24:00
201908031202,201905260802,2019-05-26,10:25:00,05,3.3,5.3,3988500.0,09:20:00,3.1,5.8,7316700,09:53:00,2.8,6.1,17141500,10:14:00,2.7,5.9,30761800,10:19:00,2.7,5.9,30761800,10:19:00,2.7,5.8,62970900,10:24:00
201908031202,201905260802,2019-05-26,10:25:00,06,20.3,34.9,3988500.0,09:20:00,22.9,45.4,7316700,09:53:00,23.4,54.6,17141500,10:14:00,30.8,73.2,30761800,10:19:00,30.8,73.2,30761800,10:19:00,38.0,88.5,62970900,10:24:00
201908031202,201905260802,2019-05-26,10:25:00,07,2.0,3.0,3988500.0,09:20:00,1.9,3.1,7316700,09:53:00,1.4,2.2,17141500,10:14:00,1.4,2.3,30761800,10:19:00,1.4,2.3,30761800,10:19:00,1.5,2.8,62970900,10:24:00
201908031202,201905260802,2019-05-26,10:25:00,08,4.1,6.8,3988500.0,09:20:00,4.4,8.3,7316700,09:53:00,4.8,10.6,17141500,10:14:00,4.7,10.6,30761800,10:19:00,4.7,10.6,30761800,10:19:00,5.3,11.9,62970900,10:24:00
201908031202,201905260802,2019-05-26,10:25:00,09,7.5,12.8,3988500.0,09:20:00,6.5,12.6,7316700,09:53:00,8.7,20.0,17141500,10:14:00,12.0,28.1,30761800,10:19:00,12.0,28.1,30761800,10:19:00,14.6,33.8,62970900,10:24:00
201908031202,201905260802,2019-05-26,10:25:00,10,19.9,34.3,3988500.0,09:20:00,19.5,38.6,7316700,09:53:00,23.2,54.2,17141500,10:14:00,30.9,73.5,30761800,10:19:00,30.9,73.5,30761800,10:19:00,41.8,97.5,62970900,10:24:00
201908031202,201905260802,2019-05-26,10:25:00,11,3.6,6.0,3988500.0,09:20:00,3.8,7.1,7316700,09:53:00,3.9,8.6,17141500,10:14:00,4.0,8.9,30761800,10:19:00,4.0,8.9,30761800,10:19:00,4.7,10.4,62970900,10:24:00
201908031202,201905260802,2019-05-26,10:25:00,12,15.9,27.3,3988500.0,09:20:00,17.6,34.8,7316700,09:53:00,17.5,40.7,17141500,10:14:00,18.7,44.3,30761800,10:19:00,18.7,44.3,30761800,10:19:00,18.9,43.7,62970900,10:24:00
201908031202,201905260802,2019-05-26,10:25:00,13,2.3,3.6,3988500.0,09:20:00,2.6,4.7,7316700,09:53:00,3.0,6.4,17141500,10:14:00,3.1,6.8,30761800,10:19:00,3.1,6.8,30761800,10:19:00,3.2,6.8,62970900,10:24:00
201908031202,201905260802,2019-05-26,10:25:00,14,13.2,22.6,3988500.0,09:20:00,12.0,23.7,7316700,09:53:00,12.1,27.9,17141500,10:14:00,14.0,32.9,30761800,10:19:00,14.0,32.9,30761800,10:19:00,13.5,31.0,62970900,10:24:00
201908031202,201905260802,2019-05-26,10:25:00,15,5.1,8.6,3988500.0,09:20:00,4.0,7.6,7316700,09:53:00,3.8,8.3,17141500,10:14:00,3.7,8.3,30761800,10:19:00,3.7,8.3,30761800,10:19:00,3.4,7.4,62970900,10:24:00
201908031202,201905260802,2019-05-26,10:25:00,16,21.2,36.5,3988500.0,09:20:00,22.7,45.1,7316700,09:53:00,27.1,63.3,17141500,10:14:00,35.8,85.1,30761800,10:19:00,35.8,85.1,30761800,10:19:00,49.8,116.3,62970900,10:24:00
201908031202,201905260802,2019-05-26,10:25:00,17,5.2,8.6,3988500.0,09:20:00,4.6,8.8,7316700,09:53:00,5.1,11.4,17141500,10:14:00,5.7,13.1,30761800,10:19:00,5.7,13.1,30761800,10:19:00,5.5,12.3,62970900,10:24:00
201908031203,201905260803,2019-05-26,10:55:00,01,7.6,20.8,5403400.0,09:54:00,9.1,23.8,7465500,10:24:00,11.9,35.1,21407200,10:44:00,15.3,41.1,38672300,10:49:00,15.3,41.1,38672300,10:49:00,15.3,41.1,38672300,10:49:00
201908031203,201905260803,2019-05-26,10:55:00,02,3.1,8.0,5403400.0,09:54:00,3.6,8.8,7465500,10:24:00,4.5,12.8,21407200,10:44:00,4.1,10.5,38672300,10:49:00,4.1,10.5,38672300,10:49:00,4.1,10.5,38672300,10:49:00
201908031203,201905260803,2019-05-26,10:55:00,03,5.5,14.6,5403400.0,09:54:00,6.1,15.7,7465500,10:24:00,6.7,19.5,21407200,10:44:00,6.7,17.5,38672300,10:49:00,6.7,17.5,38672300,10:49:00,6.7,17.5,38672300,10:49:00
201908031203,201905260803,2019-05-26,10:55:00,04,1.4,2.7,5403400.0,09:54:00,1.5,3.0,7465500,10:24:00,1.4,3.2,21407200,10:44:00,1.3,2.5,38672300,10:49:00,1.3,2.5,38672300,10:49:00,1.3,2.5,38672300,10:49:00
201908031203,201905260803,2019-05-26,10:55:00,05,16.2,44.8,5403400.0,09:54:00,18.0,47.4,7465500,10:24:00,18.7,55.9,21407200,10:44:00,24.4,66.2,38672300,10:49:00,24.4,66.2,38672300,10:49:00,24.4,66.2,38672300,10:49:00
201908031203,201905260803,2019-05-26,10:55:00,06,3.0,7.6,5403400.0,09:54:00,3.2,7.8,7465500,10:24:00,2.6,7.0,21407200,10:44:00,2.8,7.0,38672300,10:49:00,2.8,7.0,38672300,10:49:00,2.8,7.0,38672300,10:49:00
201908031203,201905260803,2019-05-26,10:55:00,07,3.2,8.3,5403400.0,09:54:00,2.6,6.3,7465500,10:24:00,3.4,9.3,21407200,10:44:00,3.4,8.6,38672300,10:49:00,3.4,8.6,38672300,10:49:00,3.4,8.6,38672300,10:49:00
201908031203,201905260803,2019-05-26,10:55:00,08,3.7,9.6,5403400.0,09:54:00,4.3,10.7,7465500,10:24:00,5.3,15.2,21407200,10:44:00,6.7,17.7,38672300,10:49:00,6.7,17.7,38672300,10:49:00,6.7,17.7,38672300,10:49:00
201908031203,201905260803,2019-05-26,10:55:00,09,1.7,4.0,5403400.0,09:54:00,1.6,3.5,7465500,10:24:00,1.3,3.0,21407200,10:44:00,1.5,3.2,38672300,10:49:00,1.5,3.2,38672300,10:49:00,1.5,3.2,38672300,10:49:00
201908031203,201905260803,2019-05-26,10:55:00,10,1.1,1.1,5403400.0,09:54:00,1.1,1.1,7465500,10:24:00,1.1,1.1,21407200,10:44:00,1.1,1.1,38672300,10:49:00,1.1,1.1,38672300,10:49:00,1.1,1.1,38672300,10:49:00
201908031203,201905260803,2019-05-26,10:55:00,11,2.5,6.3,5403400.0,09:54:00,2.4,5.6,7465500,10:24:00,2.1,5.5,21407200,10:44:00,1.6,3.6,38672300,10:49:00,1.6,3.6,38672300,10:49:00,1.6,3.6,38672300,10:49:00
201908031203,201905260803,2019-05-26,10:55:00,12,6.5,17.7,5403400.0,09:54:00,7.6,19.6,7465500,10:24:00,8.3,24.5,21407200,10:44:00,9.0,24.0,38672300,10:49:00,9.0,24.0,38672300,10:49:00,9.0,24.0,38672300,10:49:00
201908031203,201905260803,2019-05-26,10:55:00,13,6.0,16.0,5403400.0,09:54:00,6.4,16.4,7465500,10:24:00,9.2,27.0,21407200,10:44:00,12.1,32.4,38672300,10:49:00,12.1,32.4,38672300,10:49:00,12.1,32.4,38672300,10:49:00
201908031203,201905260803,2019-05-26,10:55:00,14,4.7,12.5,5403400.0,09:54:00,4.8,12.2,7465500,10:24:00,5.3,15.1,21407200,10:44:00,5.7,14.7,38672300,10:49:00,5.7,14.7,38672300,10:49:00,5.7,14.7,38672300,10:49:00
201908031205,201905260805,2019-05-26,12:25:00,01,4.4,8.1,6671900.0,11:25:00,4.4,7.9,12804000,11:55:00,4.2,7.7,21121800,12:14:00,3.9,6.9,34358700,12:19:00,3.9,6.9,34358700,12:19:00,3.9,6.9,34358700,12:19:00
201908031205,201905260805,2019-05-26,12:25:00,02,2.5,4.5,6671900.0,11:25:00,3.0,5.2,12804000,11:55:00,2.9,5.2,21121800,12:14:00,2.7,4.6,34358700,12:19:00,2.7,4.6,34358700,12:19:00,2.7,4.6,34358700,12:19:00
201908031205,201905260805,2019-05-26,12:25:00,03,2.1,3.7,6671900.0,11:25:00,1.6,2.6,12804000,11:55:00,1.7,2.9,21121800,12:14:00,1.5,2.4,34358700,12:19:00,1.5,2.4,34358700,12:19:00,1.5,2.4,34358700,12:19:00
201908031205,201905260805,2019-05-26,12:25:00,04,7.1,13.4,6671900.0,11:25:00,8.3,15.1,12804000,11:55:00,8.7,16.7,21121800,12:14:00,9.7,17.6,34358700,12:19:00,9.7,17.6,34358700,12:19:00,9.7,17.6,34358700,12:19:00
201908031205,201905260805,2019-05-26,12:25:00,05,11.1,21.1,6671900.0,11:25:00,12.2,22.6,12804000,11:55:00,12.8,24.8,21121800,12:14:00,16.6,30.4,34358700,12:19:00,16.6,30.4,34358700,12:19:00,16.6,30.4,34358700,12:19:00
201908031205,201905260805,2019-05-26,12:25:00,06,15.2,29.0,6671900.0,11:25:00,15.9,29.4,12804000,11:55:00,15.4,30.1,21121800,12:14:00,18.9,34.6,34358700,12:19:00,18.9,34.6,34358700,12:19:00,18.9,34.6,34358700,12:19:00
201908031205,201905260805,2019-05-26,12:25:00,07,5.7,10.6,6671900.0,11:25:00,5.3,9.6,12804000,11:55:00,5.5,10.4,21121800,12:14:00,6.6,11.9,34358700,12:19:00,6.6,11.9,34358700,12:19:00,6.6,11.9,34358700,12:19:00
201908031205,201905260805,2019-05-26,12:25:00,08,6.6,12.3,6671900.0,11:25:00,7.0,12.8,12804000,11:55:00,7.3,14.0,21121800,12:14:00,8.1,14.6,34358700,12:19:00,8.1,14.6,34358700,12:19:00,8.1,14.6,34358700,12:19:00
201908031205,201905260805,2019-05-26,12:25:00,09,18.6,35.6,6671900.0,11:25:00,21.2,39.3,12804000,11:55:00,22.0,43.0,21121800,12:14:00,29.3,53.7,34358700,12:19:00,29.3,53.7,34358700,12:19:00,29.3,53.7,34358700,12:19:00
201908031205,201905260805,2019-05-26,12:25:00,10,1.2,1.5,6671900.0,11:25:00,1.1,1.4,12804000,11:55:00,1.1,1.4,21121800,12:14:00,1.2,1.6,34358700,12:19:00,1.2,1.6,34358700,12:19:00,1.2,1.6,34358700,12:19:00
201908031205,201905260805,2019-05-26,12:25:00,11,3.5,6.4,6671900.0,11:25:00,3.6,6.3,12804000,11:55:00,3.9,7.2,21121800,12:14:00,3.4,5.9,34358700,12:19:00,3.4,5.9,34358700,12:19:00,3.4,5.9,34358700,12:19:00
201908031205,201905260805,2019-05-26,12:25:00,12,2.6,4.5,6671900.0,11:25:00,3.1,5.4,12804000,11:55:00,2.7,4.9,21121800,12:14:00,3.0,5.1,34358700,12:19:00,3.0,5.1,34358700,12:19:00,3.0,5.1,34358700,12:19:00
201908031205,201905260805,2019-05-26,12:25:00,13,22.7,43.6,6671900.0,11:25:00,25.8,48.0,12804000,11:55:00,28.0,54.8,21121800,12:14:00,34.6,63.6,34358700,12:19:00,34.6,63.6,34358700,12:19:00,34.6,63.6,34358700,12:19:00
201908031205,201905260805,2019-05-26,12:25:00,14,2.6,4.5,6671900.0,11:25:00,2.7,4.7,12804000,11:55:00,2.8,5.1,21121800,12:14:00,2.9,4.9,34358700,12:19:00,2.9,4.9,34358700,12:19:00,2.9,4.9,34358700,12:19:00
201908031205,201905260805,2019-05-26,12:25:00,15,3.4,6.1,6671900.0,11:25:00,3.5,6.2,12804000,11:55:00,3.3,6.0,21121800,12:14:00,3.7,6.5,34358700,12:19:00,3.7,6.5,34358700,12:19:00,3.7,6.5,34358700,12:19:00
201908031205,201905260805,2019-05-26,12:25:00,16,1.3,1.7,6671900.0,11:25:00,1.3,1.8,12804000,11:55:00,1.3,1.8,21121800,12:14:00,1.2,1.7,34358700,12:19:00,1.2,1.7,34358700,12:19:00,1.2,1.7,34358700,12:19:00
201908031206,201905260806,2019-05-26,12:55:00,01,6.9,9.8,4741400.0,11:52:00,6.7,9.9,5900100,12:20:00,6.9,11.2,15185700,12:44:00,9.2,14.9,30654200,12:49:00,9.2,14.9,30654200,12:49:00,9.2,14.9,30654200,12:49:00
201908031206,201905260806,2019-05-26,12:55:00,02,1.4,1.6,4741400.0,11:52:00,1.3,1.5,5900100,12:20:00,1.2,1.3,15185700,12:44:00,1.2,1.4,30654200,12:49:00,1.2,1.4,30654200,12:49:00,1.2,1.4,30654200,12:49:00
201908031206,201905260806,2019-05-26,12:55:00,03,8.7,12.5,4741400.0,11:52:00,8.8,12.9,5900100,12:20:00,8.1,13.3,15185700,12:44:00,11.1,18.0,30654200,12:49:00,11.1,18.0,30654200,12:49:00,11.1,18.0,30654200,12:49:00
201908031206,201905260806,2019-05-26,12:55:00,04,7.9,11.3,4741400.0,11:52:00,7.0,10.3,5900100,12:20:00,6.2,10.0,15185700,12:44:00,10.3,16.7,30654200,12:49:00,10.3,16.7,30654200,12:49:00,10.3,16.7,30654200,12:49:00
201908031206,201905260806,2019-05-26,12:55:00,05,4.8,6.7,4741400.0,11:52:00,4.5,6.6,5900100,12:20:00,3.8,6.1,15185700,12:44:00,4.4,7.0,30654200,12:49:00,4.4,7.0,30654200,12:49:00,4.4,7.0,30654200,12:49:00
201908031206,201905260806,2019-05-26,12:55:00,06,2.1,2.7,4741400.0,11:52:00,2.1,2.9,5900100,12:20:00,1.9,2.8,15185700,12:44:00,1.7,2.4,30654200,12:49:00,1.7,2.4,30654200,12:49:00,1.7,2.4,30654200,12:49:00
201908031206,201905260806,2019-05-26,12:55:00,07,3.6,5.0,4741400.0,11:52:00,3.8,5.5,5900100,12:20:00,4.1,6.6,15185700,12:44:00,5.1,8.1,30654200,12:49:00,5.1,8.1,30654200,12:49:00,5.1,8.1,30654200,12:49:00
201908031206,201905260806,2019-05-26,12:55:00,08,7.6,10.8,4741400.0,11:52:00,8.2,12.1,5900100,12:20:00,11.6,18.9,15185700,12:44:00,17.1,27.7,30654200,12:49:00,17.1,27.7,30654200,12:49:00,17.1,27.7,30654200,12:49:00
201908031206,201905260806,2019-05-26,12:55:00,09,2.8,3.9,4741400.0,11:52:00,2.9,4.1,5900100,12:20:00,2.3,3.5,15185700,12:44:00,1.7,2.6,30654200,12:49:00,1.7,2.6,30654200,12:49:00,1.7,2.6,30654200,12:49:00
201908031206,201905260806,2019-05-26,12:55:00,10,3.9,5.5,4741400.0,11:52:00,3.8,5.5,5900100,12:20:00,2.9,4.6,15185700,12:44:00,2.8,4.3,30654200,12:49:00,2.8,4.3,30654200,12:49:00,2.8,4.3,30654200,12:49:00
201908031206,201905260806,2019-05-26,12:55:00,11,4.5,6.3,4741400.0,11:52:00,4.7,6.8,5900100,12:20:00,5.0,8.1,15185700,12:44:00,6.1,9.8,30654200,12:49:00,6.1,9.8,30654200,12:49:00,6.1,9.8,30654200,12:49:00
201908031206,201905260806,2019-05-26,12:55:00,12,4.3,6.0,4741400.0,11:52:00,4.1,6.0,5900100,12:20:00,4.3,6.9,15185700,12:44:00,4.4,7.0,30654200,12:49:00,4.4,7.0,30654200,12:49:00,4.4,7.0,30654200,12:49:00
201908031206,201905260806,2019-05-26,12:55:00,13,5.2,7.4,4741400.0,11:52:00,5.0,7.3,5900100,12:20:00,6.6,10.8,15185700,12:44:00,7.5,12.1,30654200,12:49:00,7.5,12.1,30654200,12:49:00,7.5,12.1,30654200,12:49:00
201908031206,201905260806,2019-05-26,12:55:00,14,2.2,3.0,4741400.0,11:52:00,2.4,3.3,5900100,12:20:00,3.4,5.4,15185700,12:44:00,3.7,5.7,30654200,12:49:00,3.7,5.7,30654200,12:49:00,3.7,5.7,30654200,12:49:00
201908031206,201905260806,2019-05-26,12:55:00,15,2.8,3.9,4741400.0,11:52:00,2.7,3.8,5900100,12:20:00,2.7,4.1,15185700,12:44:00,2.1,3.2,30654200,12:49:00,2.1,3.2,30654200,12:49:00,2.1,3.2,30654200,12:49:00
201908031206,201905260806,2019-05-26,12:55:00,16,5.7,8.0,4741400.0,11:52:00,5.5,8.1,5900100,12:20:00,5.4,8.6,15185700,12:44:00,5.6,9.0,30654200,12:49:00,5.6,9.0,30654200,12:49:00,5.6,9.0,30654200,12:49:00
201908031207,201905260807,2019-05-26,13:25:00,01,2.5,3.4,3328000.0,12:24:00,2.4,3.3,4739800,12:54:00,2.6,4.1,12404400,13:14:00,2.5,3.8,24295800,13:19:00,2.5,3.8,24295800,13:19:00,2.5,3.8,24295800,13:19:00
201908031207,201905260807,2019-05-26,13:25:00,02,1.5,1.8,3328000.0,12:24:00,1.5,1.7,4739800,12:54:00,1.2,1.4,12404400,13:14:00,1.4,1.7,24295800,13:19:00,1.4,1.7,24295800,13:19:00,1.4,1.7,24295800,13:19:00
201908031207,201905260807,2019-05-26,13:25:00,03,3.3,4.6,3328000.0,12:24:00,3.2,4.5,4739800,12:54:00,2.9,4.7,12404400,13:14:00,2.6,3.9,24295800,13:19:00,2.6,3.9,24295800,13:19:00,2.6,3.9,24295800,13:19:00
201908031207,201905260807,2019-05-26,13:25:00,04,5.9,8.2,3328000.0,12:24:00,6.7,9.6,4739800,12:54:00,8.3,13.9,12404400,13:14:00,11.5,18.2,24295800,13:19:00,11.5,18.2,24295800,13:19:00,11.5,18.2,24295800,13:19:00
201908031207,201905260807,2019-05-26,13:25:00,05,1.6,1.9,3328000.0,12:24:00,1.6,1.9,4739800,12:54:00,1.4,1.9,12404400,13:14:00,1.4,1.8,24295800,13:19:00,1.4,1.8,24295800,13:19:00,1.4,1.8,24295800,13:19:00
201908031207,201905260807,2019-05-26,13:25:00,06,4.2,5.9,3328000.0,12:24:00,4.8,7.0,4739800,12:54:00,3.6,5.9,12404400,13:14:00,3.8,5.8,24295800,13:19:00,3.8,5.8,24295800,13:19:00,3.8,5.8,24295800,13:19:00
201908031207,201905260807,2019-05-26,13:25:00,07,3.3,4.5,3328000.0,12:24:00,3.6,5.2,4739800,12:54:00,4.4,7.3,12404400,13:14:00,5.4,8.4,24295800,13:19:00,5.4,8.4,24295800,13:19:00,5.4,8.4,24295800,13:19:00
201908031207,201905260807,2019-05-26,13:25:00,08,3.3,4.7,3328000.0,12:24:00,3.2,4.6,4739800,12:54:00,2.5,4.0,12404400,13:14:00,2.2,3.2,24295800,13:19:00,2.2,3.2,24295800,13:19:00,2.2,3.2,24295800,13:19:00
201908031207,201905260807,2019-05-26,13:25:00,09,4.5,6.3,3328000.0,12:24:00,5.2,7.5,4739800,12:54:00,5.6,9.2,12404400,13:14:00,7.7,12.1,24295800,13:19:00,7.7,12.1,24295800,13:19:00,7.7,12.1,24295800,13:19:00
201908031207,201905260807,2019-05-26,13:25:00,10,3.5,4.9,3328000.0,12:24:00,3.8,5.5,4739800,12:54:00,5.1,8.4,12404400,13:14:00,6.3,9.9,24295800,13:19:00,6.3,9.9,24295800,13:19:00,6.3,9.9,24295800,13:19:00
201908031207,201905260807,2019-05-26,13:25:00,11,2.7,3.7,3328000.0,12:24:00,2.2,3.1,4739800,12:54:00,2.1,3.2,12404400,13:14:00,1.9,2.9,24295800,13:19:00,1.9,2.9,24295800,13:19:00,1.9,2.9,24295800,13:19:00
201908031207,201905260807,2019-05-26,13:25:00,12,2.9,4.0,3328000.0,12:24:00,3.0,4.2,4739800,12:54:00,3.4,5.6,12404400,13:14:00,3.6,5.7,24295800,13:19:00,3.6,5.7,24295800,13:19:00,3.6,5.7,24295800,13:19:00
201908031207,201905260807,2019-05-26,13:25:00,13,3.8,5.3,3328000.0,12:24:00,4.0,5.7,4739800,12:54:00,4.2,6.9,12404400,13:14:00,4.0,6.3,24295800,13:19:00,4.0,6.3,24295800,13:19:00,4.0,6.3,24295800,13:19:00
201908031208,201905260808,2019-05-26,13:55:00,01,1.2,1.3,6432900.0,12:52:00,1.2,1.4,8273500,13:22:00,1.1,1.3,19494000,13:44:00,1.1,1.4,33310100,13:49:00,1.1,1.4,33310100,13:49:00,1.1,1.4,33310100,13:49:00
201908031208,201905260808,2019-05-26,13:55:00,02,5.8,9.5,6432900.0,12:52:00,5.2,8.4,8273500,13:22:00,6.3,11.0,19494000,13:44:00,7.0,12.4,33310100,13:49:00,7.0,12.4,33310100,13:49:00,7.0,12.4,33310100,13:49:00
201908031208,201905260808,2019-05-26,13:55:00,03,6.2,10.3,6432900.0,12:52:00,6.1,9.8,8273500,13:22:00,4.0,6.9,19494000,13:44:00,4.4,7.6,33310100,13:49:00,4.4,7.6,33310100,13:49:00,4.4,7.6,33310100,13:49:00
201908031208,201905260808,2019-05-26,13:55:00,04,6.3,10.4,6432900.0,12:52:00,6.7,10.9,8273500,13:22:00,8.3,14.8,19494000,13:44:00,10.1,18.0,33310100,13:49:00,10.1,18.0,33310100,13:49:00,10.1,18.0,33310100,13:49:00
201908031208,201905260808,2019-05-26,13:55:00,05,4.0,6.4,6432900.0,12:52:00,4.2,6.7,8273500,13:22:00,2.6,4.4,19494000,13:44:00,2.9,5.0,33310100,13:49:00,2.9,5.0,33310100,13:49:00,2.9,5.0,33310100,13:49:00
201908031208,201905260808,2019-05-26,13:55:00,06,3.8,6.2,6432900.0,12:52:00,4.1,6.4,8273500,13:22:00,4.5,7.9,19494000,13:44:00,4.4,7.7,33310100,13:49:00,4.4,7.7,33310100,13:49:00,4.4,7.7,33310100,13:49:00
201908031208,201905260808,2019-05-26,13:55:00,07,12.7,21.0,6432900.0,12:52:00,14.9,24.0,8273500,13:22:00,16.7,29.7,19494000,13:44:00,22.6,40.4,33310100,13:49:00,22.6,40.4,33310100,13:49:00,22.6,40.4,33310100,13:49:00
201908031208,201905260808,2019-05-26,13:55:00,08,1.8,2.6,6432900.0,12:52:00,1.6,2.2,8273500,13:22:00,1.5,2.3,19494000,13:44:00,1.4,2.0,33310100,13:49:00,1.4,2.0,33310100,13:49:00,1.4,2.0,33310100,13:49:00
201908031208,201905260808,2019-05-26,13:55:00,09,2.3,3.5,6432900.0,12:52:00,2.2,3.3,8273500,13:22:00,1.9,3.1,19494000,13:44:00,1.7,2.7,33310100,13:49:00,1.7,2.7,33310100,13:49:00,1.7,2.7,33310100,13:49:00
201908031208,201905260808,2019-05-26,13:55:00,10,2.4,3.8,6432900.0,12:52:00,2.3,3.5,8273500,13:22:00,2.7,4.4,19494000,13:44:00,2.5,4.2,33310100,13:49:00,2.5,4.2,33310100,13:49:00,2.5,4.2,33310100,13:49:00
201908031208,201905260808,2019-05-26,13:55:00,11,5.7,9.4,6432900.0,12:52:00,6.6,10.6,8273500,13:22:00,9.0,16.0,19494000,13:44:00,12.4,22.1,33310100,13:49:00,12.4,22.1,33310100,13:49:00,12.4,22.1,33310100,13:49:00
201908031208,201905260808,2019-05-26,13:55:00,12,2.8,4.4,6432900.0,12:52:00,3.3,5.2,8273500,13:22:00,5.1,9.0,19494000,13:44:00,6.9,12.2,33310100,13:49:00,6.9,12.2,33310100,13:49:00,6.9,12.2,33310100,13:49:00
201908031208,201905260808,2019-05-26,13:55:00,13,6.2,10.3,6432900.0,12:52:00,6.6,10.7,8273500,13:22:00,7.1,12.5,19494000,13:44:00,7.6,13.4,33310100,13:49:00,7.6,13.4,33310100,13:49:00,7.6,13.4,33310100,13:49:00
201908031208,201905260808,2019-05-26,13:55:00,14,2.6,4.0,6432900.0,12:52:00,2.3,3.4,8273500,13:22:00,2.4,4.0,19494000,13:44:00,2.2,3.5,33310100,13:49:00,2.2,3.5,33310100,13:49:00,2.2,3.5,33310100,13:49:00
201908031208,201905260808,2019-05-26,13:55:00,15,5.8,9.6,6432900.0,12:52:00,5.5,8.8,8273500,13:22:00,5.0,8.7,19494000,13:44:00,4.9,8.5,33310100,13:49:00,4.9,8.5,33310100,13:49:00,4.9,8.5,33310100,13:49:00
201908031209,201905260809,2019-05-26,14:30:00,01,8.3,11.3,6825500.0,13:26:00,8.4,12.1,9075300,13:56:00,8.0,14.1,21397900,14:19:00,9.8,18.5,36451500,14:24:00,9.8,18.5,36451500,14:24:00,9.8,18.5,36451500,14:24:00
201908031209,201905260809,2019-05-26,14:30:00,02,3.0,4.1,6825500.0,13:26:00,3.0,4.2,9075300,13:56:00,3.6,6.1,21397900,14:19:00,3.8,6.9,36451500,14:24:00,3.8,6.9,36451500,14:24:00,3.8,6.9,36451500,14:24:00
201908031209,201905260809,2019-05-26,14:30:00,03,2.7,3.6,6825500.0,13:26:00,2.6,3.7,9075300,13:56:00,2.7,4.5,21397900,14:19:00,2.4,4.1,36451500,14:24:00,2.4,4.1,36451500,14:24:00,2.4,4.1,36451500,14:24:00
201908031209,201905260809,2019-05-26,14:30:00,04,2.5,3.3,6825500.0,13:26:00,2.7,3.7,9075300,13:56:00,2.9,4.9,21397900,14:19:00,3.6,6.4,36451500,14:24:00,3.6,6.4,36451500,14:24:00,3.6,6.4,36451500,14:24:00
201908031209,201905260809,2019-05-26,14:30:00,05,3.2,4.2,6825500.0,13:26:00,3.1,4.3,9075300,13:56:00,3.5,5.9,21397900,14:19:00,3.8,6.8,36451500,14:24:00,3.8,6.8,36451500,14:24:00,3.8,6.8,36451500,14:24:00
201908031209,201905260809,2019-05-26,14:30:00,06,1.9,2.3,6825500.0,13:26:00,1.7,2.0,9075300,13:56:00,1.4,1.8,21397900,14:19:00,1.2,1.6,36451500,14:24:00,1.2,1.6,36451500,14:24:00,1.2,1.6,36451500,14:24:00
201908031209,201905260809,2019-05-26,14:30:00,07,6.5,8.9,6825500.0,13:26:00,7.2,10.4,9075300,13:56:00,8.0,14.0,21397900,14:19:00,9.1,17.0,36451500,14:24:00,9.1,17.0,36451500,14:24:00,9.1,17.0,36451500,14:24:00
201908031209,201905260809,2019-05-26,14:30:00,08,5.4,7.4,6825500.0,13:26:00,5.5,7.9,9075300,13:56:00,5.5,9.6,21397900,14:19:00,5.3,9.8,36451500,14:24:00,5.3,9.8,36451500,14:24:00,5.3,9.8,36451500,14:24:00
201908031209,201905260809,2019-05-26,14:30:00,09,2.9,3.8,6825500.0,13:26:00,2.7,3.7,9075300,13:56:00,2.3,3.7,21397900,14:19:00,2.0,3.5,36451500,14:24:00,2.0,3.5,36451500,14:24:00,2.0,3.5,36451500,14:24:00
201908031209,201905260809,2019-05-26,14:30:00,10,6.4,8.8,6825500.0,13:26:00,6.7,9.7,9075300,13:56:00,7.3,12.8,21397900,14:19:00,8.5,16.0,36451500,14:24:00,8.5,16.0,36451500,14:24:00,8.5,16.0,36451500,14:24:00
201908031209,201905260809,2019-05-26,14:30:00,11,8.6,11.9,6825500.0,13:26:00,8.2,11.8,9075300,13:56:00,7.1,12.5,21397900,14:19:00,8.8,16.5,36451500,14:24:00,8.8,16.5,36451500,14:24:00,8.8,16.5,36451500,14:24:00
201908031209,201905260809,2019-05-26,14:30:00,12,1.6,1.9,6825500.0,13:26:00,1.6,1.9,9075300,13:56:00,1.2,1.4,21397900,14:19:00,1.2,1.4,36451500,14:24:00,1.2,1.4,36451500,14:24:00,1.2,1.4,36451500,14:24:00
201908031209,201905260809,2019-05-26,14:30:00,13,5.0,6.8,6825500.0,13:26:00,4.9,6.9,9075300,13:56:00,4.2,7.2,21397900,14:19:00,3.5,6.3,36451500,14:24:00,3.5,6.3,36451500,14:24:00,3.5,6.3,36451500,14:24:00
201908031209,201905260809,2019-05-26,14:30:00,14,4.8,6.6,6825500.0,13:26:00,4.1,5.8,9075300,13:56:00,3.6,6.2,21397900,14:19:00,3.4,6.0,36451500,14:24:00,3.4,6.0,36451500,14:24:00,3.4,6.0,36451500,14:24:00
201908031209,201905260809,2019-05-26,14:30:00,15,7.3,10.0,6825500.0,13:26:00,7.5,10.8,9075300,13:56:00,7.8,13.7,21397900,14:19:00,9.0,17.0,36451500,14:24:00,9.0,17.0,36451500,14:24:00,9.0,17.0,36451500,14:24:00
201908031209,201905260809,2019-05-26,14:30:00,16,5.0,6.9,6825500.0,13:26:00,5.6,8.0,9075300,13:56:00,6.0,10.4,21397900,14:19:00,6.3,11.8,36451500,14:24:00,6.3,11.8,36451500,14:24:00,6.3,11.8,36451500,14:24:00
201908031210,201905260810,2019-05-26,15:15:00,01,1.4,1.8,16072900.0,14:11:00,1.2,1.6,24701100,14:44:00,1.2,1.6,51279600,15:04:00,1.2,1.6,67863800,15:09:00,1.2,1.6,67863800,15:09:00,1.2,1.6,67863800,15:09:00
201908031210,201905260810,2019-05-26,15:15:00,02,8.5,15.0,16072900.0,14:11:00,7.2,13.0,24701100,14:44:00,9.9,17.4,51279600,15:04:00,10.6,19.1,67863800,15:09:00,10.6,19.1,67863800,15:09:00,10.6,19.1,67863800,15:09:00
201908031210,201905260810,2019-05-26,15:15:00,03,2.6,4.3,16072900.0,14:11:00,2.4,4.0,24701100,14:44:00,2.3,3.7,51279600,15:04:00,2.2,3.7,67863800,15:09:00,2.2,3.7,67863800,15:09:00,2.2,3.7,67863800,15:09:00
201908031210,201905260810,2019-05-26,15:15:00,04,7.7,13.5,16072900.0,14:11:00,6.4,11.5,24701100,14:44:00,7.4,13.0,51279600,15:04:00,8.2,14.8,67863800,15:09:00,8.2,14.8,67863800,15:09:00,8.2,14.8,67863800,15:09:00
201908031210,201905260810,2019-05-26,15:15:00,05,5.3,9.3,16072900.0,14:11:00,5.4,9.7,24701100,14:44:00,5.6,9.7,51279600,15:04:00,5.6,10.0,67863800,15:09:00,5.6,10.0,67863800,15:09:00,5.6,10.0,67863800,15:09:00
201908031210,201905260810,2019-05-26,15:15:00,06,2.7,4.4,16072900.0,14:11:00,2.7,4.6,24701100,14:44:00,2.4,3.9,51279600,15:04:00,2.4,4.0,67863800,15:09:00,2.4,4.0,67863800,15:09:00,2.4,4.0,67863800,15:09:00
201908031210,201905260810,2019-05-26,15:15:00,07,1.2,1.4,16072900.0,14:11:00,1.2,1.5,24701100,14:44:00,1.2,1.6,51279600,15:04:00,1.2,1.6,67863800,15:09:00,1.2,1.6,67863800,15:09:00,1.2,1.6,67863800,15:09:00
201908031210,201905260810,2019-05-26,15:15:00,08,2.2,3.6,16072900.0,14:11:00,2.3,3.8,24701100,14:44:00,2.3,3.7,51279600,15:04:00,2.3,3.8,67863800,15:09:00,2.3,3.8,67863800,15:09:00,2.3,3.8,67863800,15:09:00
201908031210,201905260810,2019-05-26,15:15:00,09,2.4,4.0,16072900.0,14:11:00,2.6,4.4,24701100,14:44:00,3.3,5.5,51279600,15:04:00,3.3,5.7,67863800,15:09:00,3.3,5.7,67863800,15:09:00,3.3,5.7,67863800,15:09:00
201908031210,201905260810,2019-05-26,15:15:00,10,3.1,5.2,16072900.0,14:11:00,3.7,6.4,24701100,14:44:00,5.4,9.3,51279600,15:04:00,6.0,10.8,67863800,15:09:00,6.0,10.8,67863800,15:09:00,6.0,10.8,67863800,15:09:00
201908031210,201905260810,2019-05-26,15:15:00,11,9.6,16.9,16072900.0,14:11:00,10.3,18.7,24701100,14:44:00,11.9,21.0,51279600,15:04:00,11.9,21.5,67863800,15:09:00,11.9,21.5,67863800,15:09:00,11.9,21.5,67863800,15:09:00
201908031210,201905260810,2019-05-26,15:15:00,12,5.8,10.1,16072900.0,14:11:00,7.2,13.0,24701100,14:44:00,8.3,14.6,51279600,15:04:00,9.3,16.8,67863800,15:09:00,9.3,16.8,67863800,15:09:00,9.3,16.8,67863800,15:09:00
201908031210,201905260810,2019-05-26,15:15:00,13,2.2,3.6,16072900.0,14:11:00,2.0,3.4,24701100,14:44:00,1.6,2.5,51279600,15:04:00,1.6,2.5,67863800,15:09:00,1.6,2.5,67863800,15:09:00,1.6,2.5,67863800,15:09:00
201908031211,201905260811,2019-05-26,16:05:00,01,1.7,2.3,12287400.0,15:02:00,1.7,2.4,17100600,15:33:00,1.6,2.2,26661500,15:54:00,1.5,2.0,40210700,15:59:00,1.5,2.0,40210700,15:59:00,1.5,2.0,40210700,15:59:00
201908031211,201905260811,2019-05-26,16:05:00,02,3.9,5.5,12287400.0,15:02:00,3.2,4.7,17100600,15:33:00,3.3,4.9,26661500,15:54:00,3.1,4.7,40210700,15:59:00,3.1,4.7,40210700,15:59:00,3.1,4.7,40210700,15:59:00
201908031211,201905260811,2019-05-26,16:05:00,03,2.2,3.0,12287400.0,15:02:00,2.1,3.1,17100600,15:33:00,2.1,3.0,26661500,15:54:00,2.2,3.2,40210700,15:59:00,2.2,3.2,40210700,15:59:00,2.2,3.2,40210700,15:59:00
201908031211,201905260811,2019-05-26,16:05:00,04,1.5,2.0,12287400.0,15:02:00,1.6,2.3,17100600,15:33:00,1.7,2.5,26661500,15:54:00,1.7,2.4,40210700,15:59:00,1.7,2.4,40210700,15:59:00,1.7,2.4,40210700,15:59:00
201908031211,201905260811,2019-05-26,16:05:00,05,5.3,7.5,12287400.0,15:02:00,5.1,7.5,17100600,15:33:00,4.4,6.6,26661500,15:54:00,4.3,6.5,40210700,15:59:00,4.3,6.5,40210700,15:59:00,4.3,6.5,40210700,15:59:00
201908031211,201905260811,2019-05-26,16:05:00,06,3.6,5.2,12287400.0,15:02:00,3.6,5.4,17100600,15:33:00,3.8,5.7,26661500,15:54:00,3.2,4.8,40210700,15:59:00,3.2,4.8,40210700,15:59:00,3.2,4.8,40210700,15:59:00
201908031211,201905260811,2019-05-26,16:05:00,07,2.4,3.4,12287400.0,15:02:00,2.5,3.7,17100600,15:33:00,2.8,4.2,26661500,15:54:00,3.3,5.0,40210700,15:59:00,3.3,5.0,40210700,15:59:00,3.3,5.0,40210700,15:59:00
201908031211,201905260811,2019-05-26,16:05:00,08,1.5,2.0,12287400.0,15:02:00,1.5,1.9,17100600,15:33:00,1.5,2.0,26661500,15:54:00,1.6,2.2,40210700,15:59:00,1.6,2.2,40210700,15:59:00,1.6,2.2,40210700,15:59:00
201908031211,201905260811,2019-05-26,16:05:00,09,16.9,23.9,12287400.0,15:02:00,16.1,23.8,17100600,15:33:00,18.4,27.7,26661500,15:54:00,21.3,31.8,40210700,15:59:00,21.3,31.8,40210700,15:59:00,21.3,31.8,40210700,15:59:00
201908031211,201905260811,2019-05-26,16:05:00,10,1.4,1.8,12287400.0,15:02:00,1.3,1.7,17100600,15:33:00,1.3,1.6,26661500,15:54:00,1.3,1.5,40210700,15:59:00,1.3,1.5,40210700,15:59:00,1.3,1.5,40210700,15:59:00
201908031212,201905260812,2019-05-26,16:40:00,01,5.2,8.5,10814800.0,15:37:00,5.2,8.3,17387100,16:07:00,5.2,8.4,53251600,16:29:00,5.4,8.9,68270500,16:34:00,5.4,8.9,68270500,16:34:00,5.4,8.9,68270500,16:34:00
201908031212,201905260812,2019-05-26,16:40:00,02,5.1,8.4,10814800.0,15:37:00,6.1,9.8,17387100,16:07:00,4.7,7.6,53251600,16:29:00,4.5,7.4,68270500,16:34:00,4.5,7.4,68270500,16:34:00,4.5,7.4,68270500,16:34:00
201908031212,201905260812,2019-05-26,16:40:00,03,7.7,12.9,10814800.0,15:37:00,7.9,12.8,17387100,16:07:00,10.0,16.5,53251600,16:29:00,10.5,17.6,68270500,16:34:00,10.5,17.6,68270500,16:34:00,10.5,17.6,68270500,16:34:00
201908031212,201905260812,2019-05-26,16:40:00,04,2.0,3.0,10814800.0,15:37:00,2.0,3.0,17387100,16:07:00,1.8,2.6,53251600,16:29:00,1.7,2.5,68270500,16:34:00,1.7,2.5,68270500,16:34:00,1.7,2.5,68270500,16:34:00
201908031212,201905260812,2019-05-26,16:40:00,05,16.2,27.2,10814800.0,15:37:00,19.2,31.1,17387100,16:07:00,27.3,45.5,53251600,16:29:00,28.5,47.8,68270500,16:34:00,28.5,47.8,68270500,16:34:00,28.5,47.8,68270500,16:34:00
201908031212,201905260812,2019-05-26,16:40:00,06,7.8,13.0,10814800.0,15:37:00,10.2,16.5,17387100,16:07:00,14.8,24.6,53251600,16:29:00,15.6,26.2,68270500,16:34:00,15.6,26.2,68270500,16:34:00,15.6,26.2,68270500,16:34:00
201908031212,201905260812,2019-05-26,16:40:00,07,4.7,7.6,10814800.0,15:37:00,6.1,9.8,17387100,16:07:00,4.4,7.1,53251600,16:29:00,4.8,7.8,68270500,16:34:00,4.8,7.8,68270500,16:34:00,4.8,7.8,68270500,16:34:00
201908031212,201905260812,2019-05-26,16:40:00,08,1.2,1.4,10814800.0,15:37:00,1.2,1.5,17387100,16:07:00,1.2,1.5,53251600,16:29:00,1.2,1.5,68270500,16:34:00,1.2,1.5,68270500,16:34:00,1.2,1.5,68270500,16:34:00
201908031212,201905260812,2019-05-26,16:40:00,09,5.3,8.7,10814800.0,15:37:00,6.3,10.1,17387100,16:07:00,7.8,12.8,53251600,16:29:00,8.3,13.7,68270500,16:34:00,8.3,13.7,68270500,16:34:00,8.3,13.7,68270500,16:34:00
201908031212,201905260812,2019-05-26,16:40:00,10,2.4,3.7,10814800.0,15:37:00,1.6,2.3,17387100,16:07:00,1.8,2.7,53251600,16:29:00,1.8,2.7,68270500,16:34:00,1.8,2.7,68270500,16:34:00,1.8,2.7,68270500,16:34:00
201908031212,201905260812,2019-05-26,16:40:00,11,4.3,7.0,10814800.0,15:37:00,5.2,8.3,17387100,16:07:00,4.8,7.8,53251600,16:29:00,4.7,7.7,68270500,16:34:00,4.7,7.7,68270500,16:34:00,4.7,7.7,68270500,16:34:00
201908031212,201905260812,2019-05-26,16:40:00,12,1.5,2.1,10814800.0,15:37:00,1.5,2.2,17387100,16:07:00,1.5,2.1,53251600,16:29:00,1.5,2.1,68270500,16:34:00,1.5,2.1,68270500,16:34:00,1.5,2.1,68270500,16:34:00
201908031212,201905260812,2019-05-26,16:40:00,13,4.6,7.6,10814800.0,15:37:00,5.5,8.8,17387100,16:07:00,5.0,8.1,53251600,16:29:00,5.0,8.1,68270500,16:34:00,5.0,8.1,68270500,16:34:00,5.0,8.1,68270500,16:34:00
201908031212,201905260812,2019-05-26,16:40:00,14,3.2,5.2,10814800.0,15:37:00,3.3,5.2,17387100,16:07:00,3.0,4.7,53251600,16:29:00,3.0,4.7,68270500,16:34:00,3.0,4.7,68270500,16:34:00,3.0,4.7,68270500,16:34:00
201908031212,201905260812,2019-05-26,16:40:00,15,3.7,5.9,10814800.0,15:37:00,4.5,7.1,17387100,16:07:00,5.7,9.3,53251600,16:29:00,5.6,9.2,68270500,16:34:00,5.6,9.2,68270500,16:34:00,5.6,9.2,68270500,16:34:00
201908031212,201905260812,2019-05-26,16:40:00,16,7.1,11.8,10814800.0,15:37:00,8.6,13.9,17387100,16:07:00,12.6,20.9,53251600,16:29:00,12.9,21.6,68270500,16:34:00,12.9,21.6,68270500,16:34:00,12.9,21.6,68270500,16:34:00
