race_id,finish_position,bracket_number,horse_number,horse_name,sex_age,impost,jockey,finish_time,margin,passing,last_3f,odds_win,popularity,horse_weight,horse_weight_change,trainer,owner,prize,horse_id,jockey_id,trainer_id,owner_id
201701020501,1,1,1,ハヤブサレジェンド,牡2,54.0,ルメール,1:45.7,,1-1-1-1,38.5,1.1,1.0,494.0,2.0,[東]伊藤圭三,武田修,500.0,2015105584,05339,01023,837008
201701020501,2,5,8,ワンダーツー,牡2,54.0,勝浦正樹,1:47.0,8,6-6-4-4,39.1,27.2,3.0,504.0,0.0,[東]田村康仁,山口裕介,200.0,2015105708,01025,01027,798033
201701020501,3,4,6,ブロンズケイ,牡2,51.0,横山武史,1:47.5,3,2-2-3-3,39.9,39.1,8.0,496.0,0.0,[西]角田晃一,畑佐博,130.0,2015100786,01170,01121,078006
201701020501,4,4,5,トーセンヴィータ,牡2,53.0,木幡初也,1:47.7,1,6-6-5-5,39.5,30.4,6.0,522.0,8.0,[東]古賀慎明,島川隆哉,75.0,2015101125,01153,01079,270006
201701020501,5,8,13,メイショウタイシ,牡2,54.0,蛯名正義,1:47.7,アタマ,4-4-2-2,40.4,28.1,4.0,476.0,-4.0,[西]安田隆行,松本好雄,50.0,2015103364,00663,00438,523005
201701020501,6,5,7,リアルハニー,牝2,54.0,岩田康誠,1:48.6,5,9-9-9-7,40.0,23.0,2.0,450.0,-6.0,[東]大竹正博,湊義明,0.0,2015105310,05203,01102,793030
201701020501,7,6,10,ペイシャスター,牝2,54.0,横山和生,1:48.7,クビ,10-10-10-9,39.5,132.2,11.0,474.0,-4.0,[東]土田稔,北所直人,0.0,2015102254,01140,00417,163002
201701020501,8,8,14,ウインタイムリープ,牝2,54.0,菱田裕二,1:49.4,4,8-8-7-6,41.0,130.1,10.0,452.0,12.0,[西]飯田雄三,ウイン,0.0,2015102837,01144,01050,494800
201701020501,9,2,2,サムライロード,牡2,54.0,松田大作,1:49.8,2.1/2,5-4-5-7,41.6,33.3,7.0,462.0,0.0,[東]栗田徹,ＫＴレーシング,0.0,2015101859,01030,01127,051803
201701020501,10,6,9,アルドーレ,牡2,54.0,四位洋文,1:50.2,2.1/2,11-11-11-10,40.4,28.3,5.0,472.0,8.0,[西]昆貢,安原浩司,0.0,2015103217,00700,01044,271008
201701020501,11,3,3,クローバーレッド,牝2,54.0,国分恭介,1:50.3,1/2,2-2-7-10,41.8,121.1,9.0,454.0,-4.0,[西]湯窪幸雄,高橋ファーム,0.0,2015106304,01124,01057,884800
201701020501,12,3,4,ピワ,牝2,54.0,古川吉洋,1:52.3,大,12-12-12-12,41.8,287.3,13.0,428.0,8.0,[西]崎山博樹,北山敏隆,0.0,2015103773,01015,00365,789002
201701020501,-1,7,12,ペイシャジャン,牡2,53.0,城戸義政,,,,,,,,,[西]吉田直弘,北所直人,0.0,2015102765,01147,01101,163002
201701020501,-3,7,11,ビビッドプルメージ,牡2,54.0,松岡正海,,,,,,,,,[東]水野貴広,コスモヴューファーム,0.0,2015100237,01085,01094,030803
201701020502,1,2,2,マイハートビート,牡2,54.0,ルメール,2:05.2,,8-7-7-4,36.3,4.0,3.0,444.0,-6.0,[西]高橋義忠,三田昌宏,500.0,2015104899,05339,01129,872800
201701020502,2,7,8,サヤカチャン,牝2,53.0,坂井瑠星,2:05.6,2.1/2,1-1-1-1,37.5,11.5,4.0,444.0,-4.0,[西]田所秀孝,瀬谷隆雄,200.0,2015105843,01163,01009,775006
201701020502,3,6,6,ゴールドフラッグ,牡2,54.0,岩田康誠,2:05.6,クビ,5-3-3-2,37.1,2.3,1.0,492.0,-4.0,[西]須貝尚介,小林英一ホールディングス,130.0,2015101700,05203,01105,882800
201701020502,4,7,7,ユニオンローズ,牡2,54.0,松岡正海,2:06.5,5,4-5-5-2,37.8,3.4,2.0,452.0,4.0,[西]牧田和弥,山紫水明,75.0,2015105968,01085,01123,091803
201701020502,5,1,1,ヒダルマ,牡2,54.0,勝浦正樹,2:06.8,2,10-10-9-8,37.5,28.0,7.0,452.0,-2.0,[西]森秀行,冨士井直哉,50.0,2015100648,01025,00427,338033
201701020502,6,4,4,クリノカポネ,牡2,54.0,藤岡佑介,2:07.2,2.1/2,5-5-5-6,38.5,24.1,5.0,456.0,4.0,[西]谷潔,栗本博晴,0.0,2015101581,01093,00431,970006
201701020502,7,3,3,パワースピネル,牝2,53.0,井上敏樹,2:07.2,アタマ,8-9-9-9,37.9,26.4,6.0,434.0,2.0,[東]萱野浩二,田頭勇貴,0.0,2015106249,01151,01024,855030
201701020502,8,5,5,タガノロッソ,牡2,54.0,中井裕二,2:07.3,クビ,2-3-4-6,38.7,98.3,8.0,468.0,-6.0,[西]加用正,八木良司,0.0,2015100541,01141,00425,859002
201701020502,9,8,9,トーセンアスター,牝2,54.0,黛弘人,2:08.1,5,5-7-8-9,39.0,156.6,10.0,438.0,4.0,[東]池上昌和,島川隆哉,0.0,2015101094,01109,01150,270006
201701020502,10,8,10,ドナキンバリー,牝2,54.0,菱田裕二,2:09.1,6,2-2-2-5,40.9,121.7,9.0,438.0,-4.0,[東]畠山吉宏,小川眞査雄,0.0,2015100543,01144,01048,042033
201701020503,1,3,3,メモリーフェイス,牝3,54.0,池添謙一,1:46.5,,1-1-1-1,38.0,1.3,1.0,526.0,4.0,[西]池添兼雄,シンザンクラブ,500.0,2014103304,01032,01021,351800
201701020503,2,8,14,クリスタルバブルス,牡3,56.0,岩田康誠,1:46.5,アタマ,2-2-2-2,37.8,8.4,3.0,454.0,2.0,[西]加用正,ＨｉｍＲｏｃｋＲａｃｉｎｇ,200.0,2014102133,05203,00425,064700
201701020503,3,2,2,ベルメーリャ,牝3,54.0,菱田裕二,1:47.2,4,5-6-6-6,38.1,17.1,4.0,542.0,2.0,[西]森田直行,吉田安惠,130.0,2014105300,01144,01142,221007
201701020503,4,5,8,モーリーファ,牝3,54.0,丸山元気,1:47.7,3,13-13-8-6,38.4,33.2,6.0,462.0,2.0,[東]和田雄二,シルクレーシング,75.0,2014106019,01127,01143,506800
201701020503,5,1,1,ハレカイ,牡3,56.0,勝浦正樹,1:47.7,クビ,11-12-13-10,38.1,7.9,2.0,486.0,2.0,[東]萩原清,ノースヒルズ,50.0,2014100615,01025,01017,788800
201701020503,6,6,9,アキラ,牡3,55.0,坂井瑠星,1:47.7,ハナ,7-7-10-10,38.3,56.3,9.0,466.0,-2.0,[西]吉村圭司,薪浦英稔,0.0,2014104186,01163,01130,040030
201701020503,7,6,10,カリエラ,牝3,54.0,吉田隼人,1:47.9,1.1/4,4-4-3-3,39.1,52.7,8.0,460.0,0.0,[西]杉山晴紀,谷岡牧場,0.0,2014104676,01095,01157,992800
201701020503,8,8,13,コーリンマカロン,牝3,54.0,横山和生,1:48.2,1.3/4,5-5-3-4,39.3,68.4,11.0,480.0,0.0,[東]小野次郎,伊藤恵子,0.0,2014101672,01140,01125,698002
201701020503,9,4,6,ストレンジャー,牡3,56.0,松田大作,1:48.3,クビ,8-8-10-8,38.9,216.3,13.0,466.0,-12.0,[東]奥村武,ＫＴレーシング,0.0,2014100808,01030,01145,051803
201701020503,10,7,12,アテンソード,牡3,56.0,酒井学,1:48.4,1/2,8-8-8-10,39.2,306.0,14.0,432.0,4.0,[西]谷潔,齊藤直信,0.0,2014106343,01034,00431,571006
201701020503,11,5,7,シロイバラ,牡3,53.0,横山武史,1:48.5,3/4,8-10-12-10,39.0,66.1,10.0,464.0,-18.0,[東]和田正道,和田牧場,0.0,2014102080,01170,00353,251800
201701020503,12,7,11,ベルウッドデナリ,牡3,55.0,木幡初也,1:48.6,1/2,11-10-6-8,39.6,17.7,5.0,490.0,6.0,[東]本間忍,鈴木照雄,0.0,2014104276,01153,01056,137030
201701020503,13,3,4,エスペレラヴニール,牝3,54.0,原田和真,1:48.8,1.1/2,2-2-3-4,40.0,41.1,7.0,442.0,-8.0,[東]粕谷昌央,藤井亮輔,0.0,2014103985,01143,01096,467033
201701020503,14,4,5,ブライトゴールド,牡3,56.0,藤岡康太,1:49.5,4,14-14-14-14,39.5,106.0,12.0,510.0,18.0,[西]宮徹,山田弘,0.0,2014100439,01116,01018,518002
201701020504,1,1,2,パールズベスト,牝3,54.0,福永祐一,1:10.7,,4-4,35.5,3.7,2.0,450.0,-4.0,[西]高橋亮,谷掛龍夫,500.0,2014105609,01014,01136,727008
201701020504,2,4,7,デンコウアリオン,牡3,56.0,池添謙一,1:10.8,3/4,3-3,35.8,3.5,1.0,472.0,-6.0,[西]本田優,田中康弘,200.0,2014102975,01032,01099,484007
201701020504,3,7,13,スマートサクソン,牝3,54.0,藤岡佑介,1:11.1,1.3/4,12-12,35.2,10.9,6.0,486.0,2.0,[西]浅見秀一,大川徹,130.0,2014100333,01093,00411,007803
201701020504,4,2,3,ミステリーモリオン,牡3,56.0,菱田裕二,1:11.3,1,13-8,35.2,8.7,5.0,470.0,-4.0,[東]岩戸孝樹,田頭勇貴,75.0,2014101243,01144,01051,855030
201701020504,5,5,10,アドマイヤホルン,牝3,54.0,三浦皇成,1:11.3,クビ,6-5,36.0,6.4,3.0,398.0,2.0,[西]中尾秀正,近藤利一,50.0,2014105843,01122,01069,398002
201701020504,6,4,8,マイネルプラヌール,牡3,56.0,柴田大知,1:11.3,ハナ,7-5,35.8,8.3,4.0,428.0,8.0,[東]和田正道,サラブレッドクラブ・ラフィアン,0.0,2014100692,01009,00353,546800
201701020504,7,8,15,マリーナプリンセス,牝3,53.0,坂井瑠星,1:11.3,ハナ,2-2,36.6,20.8,9.0,432.0,0.0,[東]高橋裕,早川経一,0.0,2014104283,01163,00412,681006
201701020504,8,1,1,サンマルペンダント,牝3,54.0,竹之下智,1:11.9,3.1/2,10-8,36.1,18.1,7.0,458.0,14.0,[西]千田輝彦,相馬勇,0.0,2014103147,01036,01120,580007
201701020504,9,8,16,スマイルウィーク,牝3,54.0,岩田康誠,1:12.1,1,10-12,36.4,28.6,10.0,434.0,-2.0,[東]斎藤誠,原禮子,0.0,2014105445,05203,01086,008803
201701020504,10,7,14,ハナエミ,牝3,53.0,木幡初也,1:12.2,1/2,7-8,36.7,124.8,11.0,414.0,6.0,[東]本間忍,日進牧場,0.0,2014103439,01153,01056,100800
201701020504,11,3,6,ラブパレード,牝3,54.0,横山和生,1:12.3,1/2,14-14,36.0,180.0,13.0,466.0,2.0,[東]菊沢隆徳,田頭勇貴,0.0,2014104484,01140,01115,855030
201701020504,12,2,4,ベルウッドカペラ,牡3,56.0,荻野琢真,1:12.5,1.1/4,9-8,36.9,136.1,12.0,448.0,-2.0,[西]高橋康之,鈴木照雄,0.0,2014102653,01112,01135,137030
201701020504,13,3,5,クリュティエ,牝3,54.0,藤岡康太,1:12.6,3/4,14-15,36.3,20.3,8.0,456.0,6.0,[東]松山将樹,ノルマンディーサラブレッドレーシング,0.0,2014104260,01116,01100,854800
201701020504,14,6,12,フレンドリーナイト,牡3,53.0,横山武史,1:12.9,1.3/4,4-5,37.7,237.1,14.0,452.0,-16.0,[東]松山将樹,増山武志,0.0,2014103332,01170,01100,786006
201701020504,15,5,9,クララフトゥーラ,牝3,53.0,井上敏樹,1:13.0,クビ,1-1,38.5,347.9,16.0,420.0,-10.0,[東]高橋義博,岡田牧雄,0.0,2014100438,01151,01036,851009
201701020504,16,6,11,ナイスメジャー,牡3,56.0,中井裕二,1:16.2,大,16-16,39.3,306.2,15.0,488.0,-4.0,[東]伊藤伸一,鎌田博隆,0.0,2014103478,01141,01031,957030
201701020505,1,6,6,スズカフェラリー,牝2,54.0,福永祐一,1:32.9,,8-8-4,35.1,2.6,2.0,430.0,0.0,[西]橋田満,永井啓弍,700.0,2015103210,01014,00362,382004
201701020505,2,5,5,アンブロジオ,牡2,54.0,藤岡康太,1:33.5,3.1/2,8-7-7,35.8,12.2,4.0,448.0,0.0,[東]菊沢隆徳,シルクレーシング,280.0,2015104675,01116,01115,506800
201701020505,3,8,10,サトノテラス,牡2,54.0,ルメール,1:33.5,クビ,4-4-4,36.0,2.2,1.0,528.0,0.0,[東]藤沢和雄,里見治,180.0,2015104325,05339,00386,790031
201701020505,4,3,3,ケイツーリラ,牝2,51.0,横山武史,1:33.7,1.1/2,4-4-2,36.3,41.0,7.0,438.0,0.0,[東]鈴木伸尋,楠本勝美,110.0,2015100130,01170,01026,103006
201701020505,5,2,2,クルーズヴォイス,牝2,54.0,三浦皇成,1:34.4,4,1-1-1,37.3,19.8,6.0,426.0,0.0,[東]伊藤伸一,本間茂,70.0,2015106291,01122,01031,694008
201701020505,6,7,7,ジョーダンドリーム,牝2,54.0,吉田隼人,1:34.4,アタマ,4-8-8,36.5,15.6,5.0,398.0,0.0,[西]藤原英昭,廣崎利洋ＨＤ,0.0,2015106199,01095,01055,037803
201701020505,7,7,8,コスモダリア,牝2,54.0,蛯名正義,1:34.5,1/2,2-2-2,37.3,9.0,3.0,422.0,0.0,[東]二ノ宮敬,田中由子,0.0,2015100398,00663,00409,294002
201701020505,8,1,1,ディーズフェイク,牝2,54.0,勝浦正樹,1:34.7,1.1/4,4-4-8,37.2,46.1,8.0,468.0,0.0,[東]藤原辰雄,秋谷壽之,0.0,2015105613,01025,00435,970007
201701020505,9,8,9,ペイシャキャサリン,牝2,53.0,木幡初也,1:34.8,1/2,2-2-4,37.6,102.7,10.0,432.0,0.0,[東]本間忍,北所直人,0.0,2015100148,01153,01056,163002
201701020505,10,4,4,アルマライル,牡2,54.0,藤岡佑介,1:34.9,1/2,10-10-10,36.8,80.9,9.0,490.0,0.0,[東]伊藤大士,コウトミックレーシング,0.0,2015106049,01093,01109,095700
201701020506,1,6,7,ヤマニンアンプリメ,牝3,53.0,国分恭介,0:58.7,,3-3,35.2,20.1,7.0,466.0,14.0,[西]中村均,土井肇,750.0,2014104002,01124,00261,329004
201701020506,2,4,4,モズワッショイ,牝4,55.0,藤岡康太,0:58.8,1/2,1-1,35.5,6.2,4.0,412.0,2.0,[西]牧浦充徳,キャピタル・システム,300.0,2013100991,01116,01113,005803
201701020506,3,3,3,サンデュランゴ,牝3,50.0,横山武史,0:58.8,クビ,3-5,35.3,4.2,3.0,476.0,4.0,[東]蛯名利弘,加藤ステーブル,190.0,2014101353,01170,01131,059803
201701020506,4,7,9,スズカグラーテ,牝3,53.0,菱田裕二,0:58.9,クビ,3-3,35.4,2.8,1.0,446.0,14.0,[東]柄崎孝,永井啓弍,110.0,2014104418,01144,00380,382004
201701020506,5,7,10,ハイデンガールズ,牝4,55.0,丸山元気,0:59.2,2,2-2,35.8,15.2,6.0,454.0,0.0,[東]上原博之,友駿ホースクラブ,75.0,2013104593,01127,00423,321800
201701020506,6,1,1,プリモガナドール,牝3,53.0,池添謙一,0:59.4,1.1/4,6-6,35.6,3.7,2.0,454.0,2.0,[西]本田優,水谷昌晃,0.0,2014103509,01032,01099,616030
201701020506,7,2,2,ミスユー,牝4,55.0,黛弘人,0:59.6,1.1/4,6-6,35.8,47.6,8.0,460.0,6.0,[東]藤原辰雄,グランド牧場,0.0,2013104168,01109,00435,367800
201701020506,8,8,11,ボストンビリーヴ,牝7,54.0,坂井瑠星,0:59.9,2,10-10,35.7,61.0,9.0,478.0,2.0,[西]岩元市三,ボストンホース,0.0,2010105167,01163,00397,320800
201701020506,9,5,6,ココロノキャンバス,牝4,54.0,井上敏樹,1:00.1,1,11-11,35.7,289.1,12.0,410.0,16.0,[東]石毛善彦,田頭勇貴,0.0,2013100062,01151,00428,855030
201701020506,10,8,12,ラガーユミリン,牝3,52.0,城戸義政,1:00.3,1.1/4,6-6,36.5,14.1,5.0,452.0,2.0,[西]池添兼雄,奥村啓二,0.0,2014102639,01147,01021,263005
201701020506,11,6,8,トウカイマインド,牝6,55.0,横山和生,1:00.5,3/4,12-12,36.0,264.7,11.0,464.0,0.0,[東]的場均,内村正則,0.0,2011105627,01140,01063,695004
201701020506,12,5,5,ロイヤルフレア,牝4,55.0,柴田大知,1:00.6,3/4,9-9,36.5,134.4,10.0,444.0,-2.0,[東]金成貴史,片山晃,0.0,2013105630,01009,01132,140033
201701020507,1,3,3,セイカエドミザカ,牡4,57.0,ルメール,1:45.7,,5-5-5-2,37.3,5.1,3.0,488.0,6.0,[東]相沢郁,久米大,750.0,2013100655,05339,01020,284008
201701020507,2,4,6,シンコーマーチャン,牡3,54.0,丸山元気,1:45.9,1.1/2,2-2-2-1,38.0,7.2,4.0,482.0,2.0,[東]土田稔,豊原正嗣,300.0,2014104753,01127,00417,982006
201701020507,3,4,5,マコトシャムロック,牡4,57.0,岩田康誠,1:46.2,1.3/4,3-3-3-2,38.1,2.7,1.0,496.0,8.0,[西]松田国英,ディアマント,190.0,2013101765,05203,01011,864800
201701020507,4,1,1,ドラゴンイモン,牡4,56.0,木幡初也,1:46.2,クビ,7-7-7-6,37.5,14.3,6.0,474.0,0.0,[東]小西一男,井門敏雄,110.0,2013100258,01153,00405,605009
201701020507,5,8,13,オクラホマ,牡3,54.0,福永祐一,1:46.6,2.1/2,5-5-6-6,38.1,4.8,2.0,506.0,12.0,[西]石坂正,馬場幸夫,75.0,2014106104,01014,01022,431002
201701020507,6,2,2,メイショウカマクラ,牡4,57.0,古川吉洋,1:47.2,3.1/2,11-10-10-10,38.2,19.5,7.0,528.0,-2.0,[西]沖芳夫,松本好雄,0.0,2013102819,01015,00378,523005
201701020507,7,7,11,クラウンロマン,牝4,55.0,横山和生,1:47.5,2,7-7-8-8,38.6,37.0,10.0,456.0,0.0,[東]小野次郎,矢野まり子,0.0,2013102133,01140,01125,251033
201701020507,8,5,8,ヴィレッジダンサー,牝4,55.0,勝浦正樹,1:47.5,ハナ,11-12-11-10,38.3,12.3,5.0,486.0,8.0,[東]伊藤大士,木村牧場,0.0,2013100215,01025,01109,935800
201701020507,9,5,7,シルヴァーメテオ,牡3,53.0,坂井瑠星,1:47.7,1.1/4,14-14-14-14,37.6,79.7,11.0,478.0,8.0,[東]畠山吉宏,ライオンレースホース,0.0,2014103590,01163,01048,542800
201701020507,10,8,14,サンレイフローラ,牝7,54.0,井上敏樹,1:47.9,1.1/4,10-7-8-9,39.0,189.6,14.0,454.0,-2.0,[西]西橋豊治,永井宏明,0.0,2010100109,01151,00434,979033
201701020507,11,6,10,クリノゼノビア,牝3,52.0,菱田裕二,1:48.0,クビ,7-10-12-12,38.6,105.0,13.0,420.0,6.0,[西]田所秀孝,栗本博晴,0.0,2014103980,01144,01009,970006
201701020507,12,6,9,リトルプリンス,牡3,51.0,横山武史,1:48.0,クビ,3-3-3-2,39.9,101.4,12.0,498.0,-4.0,[西]山内研二,本間茂,0.0,2014105183,01170,00388,694008
201701020507,13,7,12,ゴッドカリビアン,牝4,55.0,藤岡佑介,1:48.1,1/2,13-13-12-12,38.7,19.7,8.0,448.0,-4.0,[西]角田晃一,中西憲治,0.0,2013102105,01093,01121,998007
201701020507,14,3,4,メイショウラクエン,牡3,53.0,城戸義政,1:49.1,6,1-1-1-2,41.2,30.2,9.0,452.0,6.0,[西]池添兼雄,松本好雄,0.0,2014102613,01147,01021,523005
201701020508,1,4,7,エルリストン,セ4,57.0,福永祐一,2:02.5,,9-10-10-2,36.0,15.6,7.0,474.0,6.0,[西]橋口慎介,Ｇ１レーシング,750.0,2013105214,01014,01154,808800
201701020508,2,5,9,ルナーランダー,牡4,57.0,ルメール,2:02.8,1.3/4,6-5-7-6,36.5,3.9,1.0,498.0,0.0,[西]岡田稲男,Ｈ．Ｈ．シェイク・モハメド,300.0,2013100597,05339,01066,003060
201701020508,3,8,16,グレンマクナス,牡3,54.0,吉田隼人,2:02.9,3/4,7-7-6-1,36.7,6.5,3.0,508.0,10.0,[西]藤岡健一,社台レースホース,190.0,2014105748,01095,01062,415800
201701020508,4,8,15,アドマイヤアロマ,牝6,55.0,藤岡佑介,2:03.2,2,14-13-13-6,36.4,76.9,14.0,468.0,18.0,[西]中尾秀正,近藤利一,110.0,2011104013,01093,01069,398002
201701020508,5,4,8,ゴージャスガール,牝5,55.0,藤岡康太,2:03.4,1.1/2,8-7-7-6,37.1,10.2,5.0,454.0,2.0,[東]大竹正博,飯田正剛,75.0,2012103146,01116,01102,994002
201701020508,6,1,2,レレオーネ,牡5,57.0,蛯名正義,2:03.5,クビ,11-10-10-10,37.0,39.8,11.0,482.0,-8.0,[西]吉田直弘,キャロットファーム,0.0,2012104832,00663,01101,486800
201701020508,7,2,3,ウインドオブホープ,セ4,56.0,木幡初也,2:03.9,2.1/2,9-7-10-6,37.4,70.4,13.0,524.0,4.0,[東]鹿戸雄一,木村牧場,0.0,2013100206,01153,01097,935800
201701020508,8,7,14,アドマイヤガスト,牡5,57.0,丸山元気,2:04.4,3,12-12-13-12,37.5,148.6,16.0,522.0,-12.0,[東]上原博之,近藤利一,0.0,2012104872,01127,00423,398002
201701020508,9,6,12,ナンヨープルートー,牡3,54.0,岩田康誠,2:04.7,1.3/4,15-13-13-14,37.8,11.5,6.0,514.0,10.0,[西]松永幹夫,中村徳也,0.0,2014104506,05203,01092,512031
201701020508,10,3,6,スウィフトハート,牡3,54.0,井上俊彦,2:04.9,3/4,13-13-16-15,37.5,125.9,15.0,478.0,-4.0,[地]林和弘,平井ひろみ,0.0,2014102468,00837,05111,857033
201701020508,11,2,4,マイネルクラフト,牡4,57.0,柴田大知,2:05.2,1.3/4,16-16-2-10,39.2,7.0,4.0,486.0,-2.0,[東]岩戸孝樹,サラブレッドクラブ・ラフィアン,0.0,2013101946,01009,01051,546800
201701020508,12,5,10,スカイロックゲート,牡3,54.0,岩橋勇二,2:05.2,クビ,1-1-1-2,39.3,51.6,12.0,488.0,-4.0,[地]田中淳司,下河辺牧場,0.0,2014105213,05389,05630,362800
201701020508,13,3,5,ドロウアカード,牝3,52.0,四位洋文,2:05.3,1/2,4-5-2-2,39.3,4.2,2.0,454.0,6.0,[西]角田晃一,Ｇ１レーシング,0.0,2014105389,00700,01121,808800
201701020508,14,6,11,マイネルズイーガー,牡3,54.0,黛弘人,2:05.3,ハナ,2-2-2-2,39.3,22.5,9.0,508.0,0.0,[東]国枝栄,サラブレッドクラブ・ラフィアン,0.0,2014100726,01109,00399,546800
201701020508,15,7,13,コールストーム,牡3,54.0,三浦皇成,2:06.4,7,2-3-2-12,40.4,17.0,8.0,490.0,0.0,[西]鈴木孝志,ノースヒルズ,0.0,2014104111,01122,01111,788800
201701020508,16,1,1,トモジャヴァリ,牡3,54.0,勝浦正樹,2:07.6,7,4-3-7-15,41.3,32.6,10.0,456.0,12.0,[東]鈴木伸尋,吉冨学,0.0,2014105117,01025,01026,905033
201701020509,1,3,3,ストロボスコープ,牡3,54.0,ルメール,1:45.7,,2-3-3-2,38.7,1.5,1.0,470.0,-6.0,[東]藤沢和雄,Ｈ．Ｈ．シェイク・モハメド,750.0,2014110077,05339,00386,003060
201701020509,2,3,4,アンリキャトル,セ6,57.0,吉田隼人,1:46.0,2,9-7-8-7,38.4,41.6,9.0,446.0,-14.0,[東]古賀慎明,村野康司,300.0,2011104443,01095,01079,338007
201701020509,3,6,9,スプリングフット,牡3,53.0,井上敏樹,1:46.0,ハナ,5-5-3-3,39.0,8.4,2.0,488.0,-4.0,[東]小桧山悟,島川隆哉,190.0,2014101710,01151,01005,270006
201701020509,4,6,10,アシャカリブラ,牡3,54.0,石川倭,1:46.1,クビ,7-7-5-4,38.8,11.8,5.0,516.0,6.0,[西]斉藤崇史,吉冨学,110.0,2014102666,05534,01151,905033
201701020509,5,5,8,セレニティフレア,牝3,52.0,横山和生,1:46.4,2,5-5-5-4,39.1,69.6,10.0,446.0,6.0,[東]土田稔,島川隆哉,75.0,2014101707,01140,00417,270006
201701020509,6,7,11,メイショウナゴミ,牝5,54.0,坂井瑠星,1:46.8,2.1/2,7-9-9-9,39.1,20.0,6.0,450.0,6.0,[西]南井克巳,松本好隆,0.0,2012102849,01163,01049,911008
201701020509,7,2,2,ホワイトドラゴン,牡3,54.0,藤岡康太,1:46.9,3/4,14-13-12-9,38.9,9.9,4.0,510.0,0.0,[西]鮫島一歩,窪田康志,0.0,2014110017,01116,01046,514008
201701020509,8,4,5,カゼノドリーム,牡5,57.0,蛯名正義,1:47.2,2,13-13-10-11,39.3,151.5,12.0,448.0,-4.0,[東]中野栄治,深井孟,0.0,2012102542,00663,01010,186006
201701020509,9,1,1,キンイロジャッカル,牡3,54.0,岩田康誠,1:47.4,1.1/4,4-4-5-7,40.1,9.3,3.0,504.0,4.0,[東]相沢郁,石瀬浩三,0.0,2014102258,05203,01020,812008
201701020509,10,7,12,マスラオ,牡3,53.0,木幡初也,1:47.7,2,11-12-13-13,39.4,31.0,7.0,442.0,2.0,[東]金成貴史,Ｇリビエール・レーシング,0.0,2014102038,01153,01132,098803
201701020509,11,8,13,ショーカノン,牝3,49.0,横山武史,1:47.8,1/2,10-10-10-11,39.9,31.9,8.0,508.0,8.0,[東]鈴木伸尋,吉冨学,0.0,2014101763,01170,01026,905033
201701020509,12,4,6,ジュアンマリエ,牝4,55.0,原田和真,1:47.8,アタマ,2-2-2-4,41.1,143.2,11.0,444.0,2.0,[東]池上昌弘,ヒダカ・ブリーダーズ・ユニオン,0.0,2013104911,01143,00390,547800
201701020509,13,8,14,ブルーヘヴン,牝3,52.0,黛弘人,1:48.3,3,1-1-1-1,42.7,176.6,13.0,496.0,-4.0,[東]伊藤圭三,ヒダカ・ブリーダーズ・ユニオン,0.0,2014104468,01109,01023,547800
201701020509,14,5,7,サンマルドライヴ,牡4,57.0,竹之下智,1:48.6,1.3/4,11-11-13-13,40.3,237.6,14.0,444.0,10.0,[西]千田輝彦,相馬勇,0.0,2013100550,01036,01120,580007
201701020510,1,7,14,アットザシーサイド,牝4,55.0,四位洋文,1:09.1,,5-5,34.3,3.2,2.0,440.0,-4.0,[西]浅見秀一,吉田照哉,1535.0,2013105721,00700,00411,758005
201701020510,2,5,10,ベリースコール,セ4,57.0,菱田裕二,1:09.7,3.1/2,8-7,34.7,29.3,10.0,492.0,12.0,[西]岩元市三,田畑利彦,610.0,2013110119,01144,00397,464030
201701020510,3,6,11,シンフォニア,牝5,55.0,古川吉洋,1:09.8,1/2,12-7,34.5,38.4,11.0,494.0,6.0,[西]昆貢,安原浩司,385.0,2012105410,01015,01044,271008
201701020510,4,3,5,カルヴァリオ,セ4,57.0,福永祐一,1:10.0,1.1/4,8-7,35.0,8.0,3.0,466.0,6.0,[東]大竹正博,ノルマンディーサラブレッドレーシング,230.0,2013103934,01014,01102,854800
201701020510,5,8,16,イキオイ,牡5,57.0,三浦皇成,1:10.1,1/2,15-12,34.5,26.3,9.0,448.0,6.0,[東]杉浦宏昭,西村憲人,150.0,2012102808,01122,01008,537006
201701020510,6,2,3,ペイシャフェリシタ,牝4,55.0,ルメール,1:10.1,ハナ,12-12,34.8,2.8,1.0,482.0,2.0,[東]高木登,北所直人,0.0,2013104606,05339,01088,163002
201701020510,7,6,12,マイネルエスパス,牡5,57.0,柴田大知,1:10.2,1/2,3-2,35.8,17.6,7.0,514.0,4.0,[東]菊川正達,サラブレッドクラブ・ラフィアン,0.0,2012102281,01009,01052,546800
201701020510,8,5,9,デスティニーソング,牝3,53.0,藤岡康太,1:10.2,クビ,3-2,35.8,14.1,6.0,428.0,8.0,[西]松下武士,ノルマンディーサラブレッドレーシング,0.0,2014104304,01116,01149,854800
201701020510,9,3,6,アズールムーン,牝3,53.0,藤岡佑介,1:10.4,1,11-7,35.3,12.4,4.0,522.0,14.0,[東]斎藤誠,シルクレーシング,0.0,2014106011,01093,01086,506800
201701020510,10,4,7,アドマイヤクーガー,牡9,57.0,北村友一,1:10.6,1,15-15,35.0,234.0,16.0,478.0,6.0,[西]須貝尚介,近藤利一,0.0,2008102644,01102,01105,398002
201701020510,11,4,8,イリスファルコン,牝3,53.0,蛯名正義,1:10.6,クビ,5-5,35.9,21.8,8.0,420.0,4.0,[西]安田隆行,菅原広隆,0.0,2014103850,00663,00438,547033
201701020510,12,7,13,トゥルームーン,牝5,55.0,勝浦正樹,1:11.3,4,2-2,37.0,159.6,14.0,500.0,-2.0,[東]牧光二,鈴木芳夫,0.0,2012101040,01025,01106,639009
201701020510,13,1,2,ロイヤルメジャー,牝3,53.0,城戸義政,1:11.3,クビ,5-11,36.6,12.8,5.0,452.0,4.0,[西]山内研二,本間茂,0.0,2014102733,01147,00388,694008
201701020510,14,2,4,リバティーホール,牝8,55.0,池添謙一,1:12.0,4,12-15,36.7,78.1,13.0,462.0,12.0,[東]堀井雅広,吉田好雄,0.0,2009100706,01032,00436,029007
201701020510,15,8,15,ジュエルアラモード,牝5,55.0,丸山元気,1:12.0,ハナ,1-1,37.8,165.6,15.0,512.0,4.0,[東]松山将樹,西川礦,0.0,2012101349,01127,01100,936800
201701020510,16,1,1,ブラックジョー,セ4,57.0,岩田康誠,1:13.2,7,8-14,38.2,72.9,12.0,478.0,8.0,[西]安達昭夫,山内邦一,0.0,2013102856,05203,01042,381002
201701020511,1,7,11,ロックディスタウン,牝2,54.0,ルメール,1:51.4,,7-6-6-4,36.1,3.0,1.0,490.0,0.0,[東]二ノ宮敬,サンデーレーシング,3149.7,2015104185,05339,00409,226800
201701020511,2,8,14,ファストアプローチ,牡2,54.0,蛯名正義,1:51.4,クビ,3-3-2-2,36.4,8.9,4.0,538.0,6.0,[東]藤沢和雄,山本英俊,1214.2,2015104835,00663,00386,124008
201701020511,3,5,7,ダブルシャープ,牡2,54.0,石川倭,1:51.4,アタマ,14-14-14-4,35.3,17.8,7.0,470.0,0.0,[地]米川昇,小林克己,787.1,2015100887,05534,05509,395031
201701020511,4,1,1,シスターフラッグ,牝2,54.0,岩田康誠,1:51.7,1.3/4,8-8-7-7,36.3,13.0,5.0,496.0,0.0,[西]西村真幸,小林正和,470.0,2015101701,05203,01148,168033
201701020511,5,4,6,コスモインザハート,牡2,54.0,柴田大知,1:51.7,ハナ,5-5-4-4,36.5,20.5,8.0,478.0,8.0,[西]西園正都,ビッグレッドファーム,310.0,2015106379,01009,01028,716800
201701020511,6,6,10,クリノクーニング,牡2,54.0,北村友一,1:51.7,ハナ,8-10-10-12,36.0,4.5,2.0,456.0,-2.0,[西]須貝尚介,栗本博晴,0.0,2015102743,01102,01105,970006
201701020511,7,3,3,ミスマンマミーア,牝2,54.0,宮崎光行,1:51.7,クビ,11-10-10-12,36.0,16.5,6.0,458.0,-2.0,[地]松本隆宏,新生ファーム,0.0,2015101465,05089,05453,396803
201701020511,8,6,9,ロードトレジャー,牡2,54.0,三浦皇成,1:52.0,1.3/4,11-13-13-10,36.1,29.3,10.0,464.0,-6.0,[東]小島茂之,ロードホースクラブ,0.0,2015102741,01122,01068,170800
201701020511,9,8,13,マツカゼ,牡2,54.0,福永祐一,1:52.1,1/2,2-2-2-1,37.2,31.5,11.0,502.0,4.0,[西]矢作芳人,ライオンレースホース,0.0,2015110024,01014,01075,542800
201701020511,10,3,4,カレンシリエージョ,牝2,54.0,池添謙一,1:52.3,1.1/4,8-8-7-7,36.9,6.5,3.0,460.0,0.0,[西]鈴木孝志,鈴木隆司,0.0,2015104988,01032,01111,869006
201701020511,11,5,8,ディバインブリーズ,牡2,54.0,藤岡康太,1:52.7,2.1/2,11-10-10-12,37.0,52.7,12.0,490.0,4.0,[西]須貝尚介,杉山忠国,0.0,2015103211,01116,01105,053803
201701020511,12,2,2,ヴィオトポス,牝2,54.0,木幡初也,1:52.8,1/2,5-6-7-10,37.4,106.7,13.0,434.0,0.0,[東]田村康仁,サラブレッドクラブ・ラフィアン,0.0,2015100726,01153,01027,546800
201701020511,13,4,5,ロジャージーニアス,牡2,54.0,吉田隼人,1:53.6,5,3-3-4-7,38.5,28.2,9.0,470.0,0.0,[東]武井亮,武田修,0.0,2015103925,01095,01147,837008
201701020511,14,7,12,サージュミノル,牡2,54.0,坂井瑠星,1:54.2,3.1/2,1-1-1-2,39.4,132.0,14.0,458.0,0.0,[西]本田優,吉岡實,0.0,2015106180,01163,01099,265008
201701020512,1,2,3,トリコロールブルー,牡3,54.0,ルメール,2:03.3,,7-7-8-4,36.1,3.2,1.0,506.0,32.0,[西]友道康夫,シルクレーシング,1535.7,2014106132,05339,01061,506800
201701020512,2,8,16,レッドローゼス,牡3,54.0,蛯名正義,2:03.3,クビ,8-7-4-2,36.2,4.2,2.0,476.0,4.0,[東]国枝栄,東京ホースレーシング,610.2,2014101558,00663,00399,180800
201701020512,3,5,10,ミスズダンディー,牡5,57.0,国分恭介,2:03.5,1,4-4-2-1,36.5,53.4,9.0,470.0,-2.0,[西]加藤敬二,永井啓弍,385.1,2012106040,01124,00379,382004
201701020512,4,8,15,スズカヴァンガード,セ6,57.0,古川吉洋,2:03.5,クビ,11-10-11-4,36.0,116.6,13.0,484.0,0.0,[東]小島茂之,永井啓弍,230.0,2011101045,01015,01068,382004
201701020512,5,4,8,アンドリエッテ,牝5,55.0,福永祐一,2:03.6,1/2,11-10-11-8,36.1,8.5,4.0,470.0,4.0,[西]牧田和弥,永田和彦,150.0,2012101989,01014,01123,875006
201701020512,6,4,7,ハナズレジェンド,牡4,57.0,三浦皇成,2:03.9,1.1/2,13-13-15-11,36.1,4.6,3.0,458.0,-2.0,[西]矢作芳人,広尾レース,0.0,2013103324,01122,01075,553800
201701020512,7,3,5,サウンドメモリー,牡6,57.0,藤岡康太,2:04.0,1/2,15-15-1-2,37.2,36.6,8.0,494.0,4.0,[東]田中清隆,嶋田賢,0.0,2011102450,01116,00408,399009
201701020512,8,6,11,メイショウテンシャ,牡3,54.0,池添謙一,2:04.0,クビ,8-9-11-6,36.6,12.3,6.0,468.0,4.0,[西]池添兼雄,松本好雄,0.0,2014103577,01032,01021,523005
201701020512,9,7,14,ストーンリバー,牡3,54.0,井上幹太,2:04.3,2,13-13-4-8,37.2,74.8,12.0,500.0,2.0,[地]堂山芳則,石川幸司,0.0,2014101408,05522,05055,279008
201701020512,10,5,9,コスモピクシス,牝4,55.0,柴田大知,2:04.4,クビ,16-15-14-14,36.8,64.1,11.0,420.0,0.0,[東]中野栄治,ビッグレッドファーム,0.0,2013101930,01009,01010,716800
201701020512,11,2,4,クラウンディバイダ,牡4,57.0,藤岡佑介,2:04.9,3,4-4-8-8,37.6,12.4,7.0,476.0,8.0,[東]斎藤誠,クラウン,0.0,2013103687,01093,01086,826800
201701020512,12,6,12,ラヴアンドポップ,牡4,57.0,北村友一,2:05.0,3/4,1-1-2-6,38.0,55.6,10.0,460.0,-8.0,[西]安田隆行,Ｈ．Ｈ．シェイク・モハメド,0.0,2013100637,01102,00438,003060
201701020512,13,1,1,フォワードカフェ,牡5,57.0,四位洋文,2:05.2,1,4-4-8-14,37.9,10.4,5.0,524.0,8.0,[東]小島太,西川恭子,0.0,2012103796,00700,01013,505007
201701020512,14,1,2,ランドオザリール,牡6,57.0,岩田康誠,2:05.4,1.1/4,2-2-4-11,38.3,127.8,14.0,524.0,4.0,[西]岡田稲男,サンデーレーシング,0.0,2011103554,05203,01066,226800
201701020512,15,3,6,トーセンラーク,牝5,55.0,横山和生,2:05.6,1.1/4,3-3-4-11,38.5,217.3,15.0,502.0,8.0,[東]古賀史生,島川隆哉,0.0,2012105999,01140,00392,270006
201701020512,16,7,13,エヴォリューション,牝6,55.0,城戸義政,2:06.2,3.1/2,8-10-16-16,38.1,218.7,16.0,494.0,2.0,[西]佐藤正雄,岡田隆寛,0.0,2011101806,01147,01025,055030
201701020601,1,8,13,ドラゴンハート,牡2,53.0,木幡初也,1:31.8,,9-8-6,37.3,3.1,1.0,438.0,-6.0,[東]小西一男,スリースターズレーシング,500.0,2015102553,01153,00405,022700
201701020601,2,7,12,トーセンクロノス,牡2,54.0,福永祐一,1:31.8,アタマ,7-6-4,37.5,4.6,2.0,418.0,0.0,[東]小笠倫弘,島川隆哉,200.0,2015105539,01014,01076,270006
201701020601,3,6,9,ジュリーハーツ,牝2,54.0,藤岡佑介,1:32.8,6,2-2-2,39.3,19.3,8.0,484.0,10.0,[東]池上昌和,林正道,130.0,2015103656,01093,01150,675030
201701020601,4,7,11,ハピネスメーカー,牝2,54.0,丹内祐次,1:32.9,1/2,4-4-4,38.9,10.0,5.0,422.0,0.0,[東]高橋祥泰,サラブレッドクラブ・ラフィアン,75.0,2015100719,01091,00359,546800
201701020601,5,4,5,オモウツボ,牝2,53.0,坂井瑠星,1:33.0,3/4,7-8-7,38.6,10.6,6.0,474.0,8.0,[東]浅野洋一,鹽田久義,50.0,2015102730,01163,00421,973006
201701020601,6,5,7,カシノデジール,牝2,51.0,横山武史,1:33.2,1.1/4,14-14-14,37.3,7.2,3.0,438.0,-2.0,[東]二本柳俊,柏木務,0.0,2015101920,01170,00370,514009
201701020601,7,3,4,フェアリーソング,牝2,54.0,菱田裕二,1:33.3,3/4,12-13-13,38.3,221.1,14.0,422.0,0.0,[東]加藤征弘,高橋正雄,0.0,2015103918,01144,01059,665033
201701020601,8,1,1,トラストロン,牝2,54.0,吉田隼人,1:33.4,クビ,5-6-11,39.1,30.7,9.0,424.0,-6.0,[東]高橋文雅,菅波立知子,0.0,2015100918,01095,01134,767008
201701020601,9,3,3,キングスキャット,牡2,54.0,古川吉洋,1:33.4,クビ,1-1-1,40.0,13.3,7.0,502.0,16.0,[東]和田正一,スピードファーム,0.0,2015100333,01015,01114,911800
201701020601,10,8,14,ネオブラスト,牡2,54.0,藤岡康太,1:33.4,ハナ,10-10-9,38.7,52.0,10.0,428.0,-2.0,[西]岡田稲男,杉山忠国,0.0,2015102670,01116,01066,053803
201701020601,11,6,10,マリームーン,牝2,54.0,蛯名正義,1:34.0,3.1/2,2-3-3,40.3,8.7,4.0,474.0,12.0,[東]藤沢和雄,多田信尊,0.0,2015104006,00663,00386,845008
201701020601,12,2,2,デルママンハッタン,牡2,54.0,横山和生,1:34.4,2.1/2,10-10-12,39.8,92.8,11.0,446.0,0.0,[東]青木孝文,浅沼廣幸,0.0,2015104569,01140,01156,274002
201701020601,13,4,6,アフオラカ,牝2,54.0,勝浦正樹,1:34.5,3/4,12-12-7,39.7,105.7,12.0,450.0,-10.0,[西]加用正,ローレルレーシング,0.0,2015101555,01025,00425,032800
201701020601,14,5,8,ソルトテラス,牡2,54.0,池添謙一,1:35.7,7,5-4-9,41.7,123.8,13.0,416.0,-4.0,[東]和田正道,スピードファーム,0.0,2015100337,01032,00353,911800
201701020602,1,5,10,タイセイアベニール,牡2,54.0,ルメール,1:12.0,,5-4,36.8,2.4,1.0,458.0,4.0,[西]西村真幸,田中成奉,500.0,2015100822,05339,01148,224007
201701020602,2,3,5,ネオヴォイス,牝2,54.0,古川吉洋,1:12.3,1.3/4,8-4,36.8,40.2,9.0,438.0,2.0,[西]安達昭夫,山内邦一,200.0,2015100919,01015,01042,381002
201701020602,3,8,16,ミトノアミーゴ,牡2,54.0,藤岡佑介,1:12.4,クビ,2-2,37.4,7.7,3.0,440.0,0.0,[西]崎山博樹,ロイヤルパーク,130.0,2015103893,01093,00365,018700
201701020602,4,7,14,ハガキノハナ,牝2,54.0,五十嵐冬,1:12.4,クビ,5-4,37.1,31.0,8.0,410.0,-6.0,[東]小桧山悟,本杉芳郎,75.0,2015105632,05091,01005,331006
201701020602,5,4,7,ノーモアサイレンス,牝2,51.0,横山武史,1:12.5,3/4,1-1,37.6,2.8,2.0,424.0,10.0,[東]粕谷昌央,岡田牧雄,50.0,2015102488,01170,01096,851009
201701020602,6,6,11,エウプロシュネ,牝2,54.0,国分恭介,1:12.7,1.1/2,11-9,36.9,143.5,11.0,432.0,2.0,[西]湯窪幸雄,高橋ファーム,0.0,2015105804,01124,01057,884800
201701020602,7,7,13,ニシノオトコマサリ,牝2,54.0,勝浦正樹,1:13.1,2.1/2,15-15,36.9,13.8,4.0,404.0,0.0,[東]加藤和宏,西山茂行,0.0,2015103937,01025,01077,897009
201701020602,8,2,3,クオーレカルド,牝2,53.0,坂井瑠星,1:13.2,3/4,8-9,37.7,23.9,7.0,438.0,6.0,[東]加藤和宏,岡田牧雄,0.0,2015102529,01163,01077,851009
201701020602,9,4,8,トーセンスピネル,牝2,54.0,黛弘人,1:13.3,クビ,2-2,38.3,278.1,14.0,426.0,-2.0,[東]奥平雅士,島川隆哉,0.0,2015101088,01109,01074,270006
201701020602,10,6,12,ニュートリック,牡2,54.0,横山和生,1:13.5,1.1/4,15-11,37.3,373.4,15.0,452.0,0.0,[東]小野次郎,Ｂａｓｉｃ,0.0,2015109013,01140,01125,895800
201701020602,11,1,1,ドナジェイダ,牝2,53.0,木幡初也,1:13.7,1.1/2,7-8,38.3,99.6,10.0,390.0,-12.0,[西]作田誠二,小川眞査雄,0.0,2015102428,01153,01006,042033
201701020602,12,2,4,ミテルテ,牝2,54.0,荻野琢真,1:13.8,1/2,13-15,37.8,223.4,12.0,452.0,2.0,[東]伊藤大士,山田裕仁,0.0,2015102045,01112,01109,513008
201701020602,13,5,9,アクアリブラ,牝2,54.0,池添謙一,1:14.0,1.1/2,8-11,38.4,21.9,6.0,420.0,-6.0,[西]西村真幸,大塚亮一,0.0,2015105103,01032,01148,858800
201701020602,14,3,6,パスポート,牝2,54.0,杉原誠人,1:14.8,5,13-11,38.8,253.9,13.0,432.0,0.0,[東]高市圭二,ミルファーム,0.0,2015103879,01135,01014,629800
201701020602,15,8,15,マロンスライム,牡2,53.0,城戸義政,1:14.9,1/2,11-11,39.1,387.6,16.0,428.0,10.0,[東]石毛善彦,田頭勇貴,0.0,2015109033,01147,00428,855030
201701020602,16,1,2,レベルスリー,牡2,54.0,丸山元気,1:15.0,3/4,2-4,39.9,14.8,5.0,446.0,-2.0,[東]松永康利,山口裕介,0.0,2015101796,01127,01093,798033
201701020603,1,6,8,アイアムエメラルド,牝3,54.0,菱田裕二,0:59.9,,2-2,35.7,9.4,4.0,456.0,-6.0,[東]奥平雅士,堀紘一,500.0,2014103789,01144,01074,505006
201701020603,2,3,3,クラシカルレディ,牝3,54.0,国分恭介,0:59.9,クビ,1-1,35.8,7.9,3.0,426.0,2.0,[西]牧田和弥,友駿ホースクラブ,200.0,2014101304,01124,01123,321800
201701020603,3,5,6,サンモントレー,牝3,54.0,中井裕二,1:00.3,2.1/2,3-3,35.9,23.1,7.0,430.0,-8.0,[東]菊川正達,加藤ステーブル,130.0,2014101860,01141,01052,059803
201701020603,4,2,2,サンコロナ,牝3,51.0,横山武史,1:00.4,1/2,3-3,36.1,3.0,2.0,412.0,10.0,[東]天間昭一,加藤ステーブル,75.0,2014101856,01170,01090,059803
201701020603,5,1,1,サンレイハリケーン,牝3,54.0,藤岡佑介,1:00.6,1.1/4,7-6,36.0,13.8,5.0,440.0,2.0,[西]西橋豊治,永井啓弍,50.0,2014104454,01093,00434,382004
201701020603,6,6,7,ザウォルドルフ,牡3,56.0,藤岡康太,1:00.6,アタマ,5-3,36.1,2.1,1.0,472.0,0.0,[西]友道康夫,大塚亮一,0.0,2014105829,01116,01061,858800
201701020603,7,7,9,ビーハッピー,牡3,56.0,杉原誠人,1:01.1,3,5-7,36.6,238.6,11.0,472.0,10.0,[東]伊藤正徳,ミルファーム,0.0,2014102964,01135,00383,629800
201701020603,8,5,5,ディーエスファニー,牡3,56.0,勝浦正樹,1:01.6,3,12-12,36.1,20.6,6.0,444.0,0.0,[東]藤原辰雄,秋谷壽之,0.0,2014104408,01025,00435,970007
201701020603,9,4,4,コントロヴェント,牝3,54.0,黛弘人,1:01.8,1.1/2,10-8,36.8,68.7,10.0,406.0,-6.0,[東]奥平雅士,Ｇ１レーシング,0.0,2014106202,01109,01074,808800
201701020603,10,8,11,トミケンリディカ,牝3,54.0,横山和生,1:01.9,クビ,10-10,36.9,37.7,8.0,416.0,8.0,[東]大和田成,冨樫賢二,0.0,2014100293,01140,01124,901007
201701020603,11,8,12,ビターレ,牡3,55.0,坂井瑠星,1:02.9,6,7-8,38.2,38.7,9.0,442.0,6.0,[西]羽月友彦,ノルマンディーサラブレッドレーシング,0.0,2014101071,01163,01091,854800
201701020603,12,7,10,レヴリミット,牡3,56.0,原田和真,1:03.3,2.1/2,7-11,38.6,338.1,12.0,502.0,-10.0,[東]小桧山悟,アドバンス・サッポロ,0.0,2014103433,01143,01005,970800
201701020604,1,6,10,ヒミノブリランテ,牡3,55.0,坂井瑠星,1:47.9,,10-9-6-4,40.0,14.5,7.0,478.0,2.0,[西]矢作芳人,佐々木八郎,500.0,2014104152,01163,01075,742005
201701020604,2,7,12,シンゼンムサシ,牡3,56.0,四位洋文,1:47.9,アタマ,5-4-2-2,40.3,2.3,1.0,446.0,4.0,[西]飯田祐史,原司郎,200.0,2014101804,00700,01139,043030
201701020604,3,1,1,マヤノオラティオ,牝3,54.0,丹内祐次,1:47.9,クビ,1-1-1-1,40.6,5.1,2.0,464.0,2.0,[東]牧光二,田所英子,130.0,2014101621,01091,01106,635009
201701020604,4,7,11,ガクチカキッズ,牡3,53.0,横山武史,1:48.2,1.3/4,4-4-6-5,40.4,9.8,4.0,464.0,0.0,[東]大江原哲,菊地祐司,75.0,2014105274,01170,01012,656033
201701020604,5,3,4,タガノビッググッド,牡3,56.0,菱田裕二,1:48.4,1,12-11-14-9,39.6,21.6,8.0,460.0,0.0,[西]牧浦充徳,八木良司,50.0,2014100518,01144,01113,859002
201701020604,6,4,6,ヒスイ,牝3,54.0,杉原誠人,1:48.5,1/2,5-7-8-8,40.5,34.3,9.0,492.0,8.0,[東]谷原義明,ミルファーム,0.0,2014101247,01135,00402,629800
201701020604,7,4,5,ヴィトンリード,牡3,56.0,藤岡佑介,1:48.5,アタマ,14-14-9-6,40.3,66.7,11.0,494.0,4.0,[西]野中賢二,杉山一穂,0.0,2014103532,01093,01098,975033
201701020604,8,3,3,サウンドベティ,牝3,54.0,勝浦正樹,1:48.7,1,12-11-2-3,41.2,10.9,5.0,428.0,2.0,[東]水野貴広,増田雄一,0.0,2014104107,01025,01094,168006
201701020604,9,5,8,スマイルプリティ,牝3,53.0,木幡初也,1:49.3,3.1/2,10-11-11-11,40.8,6.3,3.0,464.0,4.0,[東]本間忍,臼倉勲,0.0,2014102358,01153,01056,192009
201701020604,10,8,13,キョウエイハッチ,牡3,56.0,丸山元気,1:50.1,5,3-3-4-7,42.4,87.1,12.0,466.0,0.0,[東]武藤善則,田中晴夫,0.0,2014106326,01127,01064,619002
201701020604,11,5,7,リネンスカッシュ,牝3,54.0,五十嵐冬,1:50.1,アタマ,5-8-13-11,41.5,12.2,6.0,476.0,-6.0,[東]南田美知,戸山光男,0.0,2014101014,05091,00437,851005
201701020604,12,2,2,ハナノバード,牝3,54.0,国分恭介,1:50.3,1,9-9-11-13,41.8,113.7,14.0,460.0,2.0,[西]作田誠二,華山龍一,0.0,2014103586,01124,01006,932006
201701020604,13,6,9,トモジャヴェール,牡3,56.0,横山和生,1:50.6,1.3/4,2-2-4-9,42.9,59.7,10.0,496.0,-8.0,[東]鈴木伸尋,吉冨朝美,0.0,2014104357,01140,01026,238033
201701020604,14,8,14,スウィートグロリア,牝3,54.0,服部茂史,1:51.9,8,5-6-9-14,43.7,97.0,13.0,464.0,2.0,[東]矢野英一,グリーンファーム,0.0,2014106009,05286,01108,148800
201701020605,1,3,6,ブリシンガメン,牝3,54.0,ルメール,2:05.7,,3-4-4-2,36.7,3.0,1.0,446.0,0.0,[西]奥村豊,吉田照哉,500.0,2014105584,05339,01146,758005
201701020605,2,1,2,シンボリブーケ,牝3,54.0,蛯名正義,2:05.7,アタマ,7-6-6-5,36.5,4.2,2.0,466.0,-4.0,[西]荒川義之,シンボリ牧場,200.0,2014102673,00663,01095,431800
201701020605,3,8,16,メイショウユーコン,牝3,54.0,四位洋文,2:06.1,2.1/2,9-9-9-4,36.8,21.4,7.0,446.0,8.0,[東]小島太,松本好雄,130.0,2014102935,00700,01013,523005
201701020605,4,6,11,レッドラフィーネ,牝3,54.0,藤岡康太,2:06.2,1/2,14-13-10-7,36.7,8.4,5.0,432.0,-2.0,[西]高野友和,東京ホースレーシング,75.0,2014106313,01116,01117,180800
201701020605,5,4,7,サワヤカフェスタ,牝3,54.0,原田和真,2:06.4,1.1/4,12-12-13-11,36.7,20.3,6.0,406.0,6.0,[西]渡辺薫彦,ノルマンディーサラブレッドレーシング,50.0,2014102718,01143,01155,854800
201701020605,6,3,5,コスモヴァーズ,牡3,56.0,黛弘人,2:06.8,2.1/2,10-9-10-11,37.3,25.4,8.0,438.0,-2.0,[西]森田直行,ビッグレッドファーム,0.0,2014100709,01109,01142,716800
201701020605,7,6,12,リンネルクロス,牝3,54.0,丸山元気,2:06.8,ハナ,1-1-1-1,38.3,26.3,9.0,404.0,8.0,[東]相沢郁,飯田正剛,0.0,2014104760,01127,01020,994002
201701020605,8,5,10,キクノデア,牝3,54.0,池添謙一,2:07.0,1.1/2,7-6-6-7,37.8,8.1,4.0,406.0,-4.0,[西]松田国英,菊池五郎,0.0,2014105195,01032,01011,372002
201701020605,9,4,8,キャッチヒストリー,牡3,56.0,勝浦正樹,2:07.2,1.1/4,15-15-14-14,37.2,151.6,12.0,500.0,6.0,[東]国枝栄,嶋田賢,0.0,2014104323,01025,00399,399009
201701020605,10,1,1,カパルチャルシュ,牝3,54.0,丹内祐次,2:07.3,3/4,6-6-6-11,38.2,28.5,10.0,460.0,8.0,[東]佐藤吉勝,ビッグレッドファーム,0.0,2014100684,01091,01035,716800
201701020605,11,8,15,アフロディーテ,牝3,51.0,横山武史,2:07.4,クビ,3-4-4-2,38.5,135.4,11.0,414.0,-8.0,[西]寺島良,近藤英子,0.0,2014102790,01170,01158,372006
201701020605,12,2,4,アドマイヤマンバイ,牡3,56.0,福永祐一,2:07.8,2.1/2,10-9-10-7,38.4,4.8,3.0,550.0,2.0,[西]梅田智之,近藤利一,0.0,2014103744,01014,01084,398002
201701020605,13,2,3,ヴォワルドール,牝3,54.0,杉原誠人,2:08.3,3,3-2-2-10,39.5,251.2,13.0,450.0,14.0,[東]小島茂之,ヒダカ・ブリーダーズ・ユニオン,0.0,2014100822,01135,01068,547800
201701020605,14,7,13,ヤマニンカプシーヌ,牝3,54.0,横山和生,2:08.5,1,2-2-2-5,39.7,309.3,15.0,458.0,4.0,[西]松永幹夫,土井肇,0.0,2014100556,01140,01092,329004
201701020605,15,5,9,アイアイハッピー,牡3,55.0,坂井瑠星,2:10.8,大,12-14-15-15,39.8,272.8,14.0,462.0,-2.0,[東]浅野洋一,齊藤敬,0.0,2014106362,01163,00421,200006
201701020605,-2,7,14,フジワンキララ,牝3,54.0,吉田隼人,,,,,,,,,[東]鹿戸雄一,富士開発,0.0,2014105231,01095,01097,717800
201701020606,1,8,11,ユキノカトレア,牝5,55.0,古川吉洋,0:59.5,,2-2,36.1,4.4,2.0,486.0,2.0,[西]坂口正則,北所直人,750.0,2012101186,01015,00356,163002
201701020606,2,7,10,タイセイラビッシュ,牡5,57.0,丸山元気,0:59.7,1.1/4,2-1,36.4,6.5,4.0,484.0,-8.0,[東]青木孝文,田中成奉,300.0,2012104594,01127,01156,224007
201701020606,3,3,3,トキワ,牝5,55.0,池添謙一,0:59.7,クビ,4-3,36.1,7.5,5.0,478.0,4.0,[西]西村真幸,田畑利彦,190.0,2012102200,01032,01148,464030
201701020606,4,6,8,シゲルヒョウ,牡3,55.0,桑村真明,1:00.0,2,6-6,36.3,4.5,3.0,484.0,4.0,[東]伊藤圭三,森中蕃,110.0,2014104228,05411,01023,674004
201701020606,5,2,2,スズカオーショウ,牡6,57.0,五十嵐冬,1:00.3,2,4-5,36.7,22.1,8.0,510.0,-2.0,[東]柄崎孝,永井啓弍,75.0,2011105789,05091,00380,382004
201701020606,6,7,9,セイウンアワード,牡5,57.0,勝浦正樹,1:00.4,クビ,9-7,36.0,38.1,11.0,530.0,-2.0,[東]杉浦宏昭,西山茂行,0.0,2012100999,01025,01008,897009
201701020606,7,5,6,ブランシュ,牝3,50.0,横山武史,1:00.9,3,7-7,36.9,4.3,1.0,434.0,8.0,[東]根本康広,Ｂａｓｉｃ,0.0,2014101498,01170,01029,895800
201701020606,8,8,12,ジャンダラリン,牝3,52.0,木幡初也,1:01.0,1/2,8-7,36.8,35.3,10.0,468.0,12.0,[西]宮本博,岡浩二,0.0,2014101602,01153,01073,370008
201701020606,9,6,7,トライデントミノル,牡3,55.0,蛯名正義,1:01.2,1.1/4,12-11,36.7,13.0,6.0,450.0,4.0,[東]中舘英二,吉岡實,0.0,2014105033,00663,01153,265008
201701020606,10,5,5,ジュラーレ,牝4,54.0,坂井瑠星,1:01.4,1.1/2,9-12,37.0,66.1,12.0,414.0,0.0,[西]杉山晴紀,ヒダカ・ブリーダーズ・ユニオン,0.0,2013104873,01163,01157,547800
201701020606,11,1,1,ジャスティンラヴ,牝3,53.0,藤岡康太,1:01.7,1.3/4,9-10,37.4,15.6,7.0,408.0,0.0,[西]牧浦充徳,前原敏行,0.0,2014102688,01116,01113,427030
201701020606,12,4,4,スマートダフネ,牝3,53.0,福永祐一,1:01.9,1.1/4,1-3,38.7,27.4,9.0,450.0,-2.0,[西]小崎憲,大川徹,0.0,2014103774,01014,01085,007803
201701020607,1,2,4,コロラトゥーレ,牝3,53.0,福永祐一,1:10.6,,6-6,35.3,3.5,1.0,440.0,2.0,[西]梅田智之,廣崎利洋ＨＤ,750.0,2014102019,01014,01084,037803
201701020607,2,4,7,メイショウギガース,牡3,55.0,池添謙一,1:10.8,1.1/4,10-9,35.2,15.6,7.0,472.0,6.0,[西]岡田稲男,松本好雄,300.0,2014102973,01032,01066,523005
201701020607,3,1,2,タカミツサクラ,牝3,53.0,丸山元気,1:11.0,1.1/4,2-2,36.0,7.4,3.0,442.0,2.0,[東]高橋裕,タカミツ,190.0,2014101826,01127,00412,036803
201701020607,4,8,15,サンマルバロン,セ5,57.0,小島太一,1:11.0,クビ,10-9,35.4,14.0,6.0,470.0,2.0,[東]小島太,相馬勇,110.0,2012101289,01097,01013,580007
201701020607,5,5,9,ヴィーナスフローラ,牝3,53.0,藤岡康太,1:11.0,アタマ,9-9,35.5,11.3,5.0,480.0,0.0,[西]須貝尚介,大塚亮一,75.0,2014105352,01116,01105,858800
201701020607,6,8,16,エアオブザドラゴン,牡4,56.0,木幡初也,1:11.1,1/2,4-6,36.0,45.2,14.0,506.0,0.0,[東]大江原哲,岡田牧雄,0.0,2013110055,01153,01012,851009
201701020607,7,4,8,ジングルベルロック,牝4,55.0,菱田裕二,1:11.1,アタマ,6-6,35.8,34.6,12.0,466.0,18.0,[西]高野友和,吉田和美,0.0,2013110036,01144,01117,138007
201701020607,8,1,1,サクラヴィオーラ,牝6,55.0,勝浦正樹,1:11.3,1.1/4,14-13,35.2,26.4,10.0,488.0,4.0,[東]田島俊明,さくらコマース,0.0,2011102144,01025,01112,019800
201701020607,9,2,3,ムーンドロップ,牡6,57.0,横山和生,1:11.5,1.1/4,6-3,36.3,88.0,16.0,448.0,-6.0,[東]小野次郎,Ｂａｓｉｃ,0.0,2011101117,01140,01125,895800
201701020607,10,6,12,ゲンパチケンシン,牡3,55.0,吉田隼人,1:11.6,1/2,2-3,36.7,8.1,4.0,466.0,0.0,[西]加用正,平野武志,0.0,2014103601,01095,00425,689002
201701020607,11,7,14,ユトリチャン,牝3,50.0,横山武史,1:11.6,ハナ,1-1,36.9,16.7,8.0,424.0,8.0,[東]的場均,田端修,0.0,2014106442,01170,01063,054030
201701020607,12,6,11,マカレア,牝4,55.0,ルメール,1:11.6,アタマ,4-3,36.5,4.6,2.0,418.0,0.0,[西]西村真幸,キャロットファーム,0.0,2013106192,05339,01148,486800
201701020607,13,3,6,ルノートル,セ4,57.0,服部茂史,1:11.6,ハナ,12-12,35.8,29.9,11.0,472.0,12.0,[東]和田正一,吉田照哉,0.0,2013105743,05286,01114,758005
201701020607,14,7,13,ツキミチャン,牝6,55.0,酒井学,1:12.1,3,12-13,36.3,75.9,15.0,446.0,0.0,[西]田所秀孝,瀬谷隆雄,0.0,2011106417,01034,01009,775006
201701020607,15,3,5,アオアラシ,牝3,52.0,坂井瑠星,1:12.5,2.1/2,15-15,36.1,24.2,9.0,440.0,-8.0,[西]松下武士,松田整二,0.0,2014101569,01163,01149,304030
201701020607,16,5,10,パッションチカ,牝3,53.0,国分恭介,1:13.9,8,15-16,37.4,44.2,13.0,432.0,-2.0,[西]崎山博樹,冨沢敦子,0.0,2014103015,01124,00365,609009
201701020608,1,2,2,キングラディウス,牡4,57.0,丸山元気,1:45.6,,6-6-5-4,38.0,2.3,1.0,466.0,-6.0,[西]羽月友彦,菅原広隆,750.0,2013101748,01127,01091,547033
201701020608,2,6,9,アドマイヤカロ,牡6,57.0,藤岡康太,1:46.0,2.1/2,3-3-3-1,39.1,7.4,3.0,544.0,-4.0,[西]中尾秀正,近藤利一,300.0,2011103805,01116,01069,398002
201701020608,3,3,4,アルセナーレ,牝4,55.0,勝浦正樹,1:46.6,4,2-2-2-2,39.8,9.2,4.0,524.0,8.0,[東]新開幸一,ロードホースクラブ,190.0,2013102296,01025,01116,170800
201701020608,4,7,12,フィルムフランセ,牝3,49.0,横山武史,1:47.2,3.1/2,4-5-5-5,39.7,10.6,5.0,494.0,6.0,[西]牧浦充徳,吉田照哉,110.0,2014105654,01170,01113,758005
201701020608,5,4,5,ティーコア,牡3,54.0,蛯名正義,1:47.2,ハナ,7-7-5-5,39.6,24.7,7.0,504.0,-2.0,[西]牧田和弥,深見富朗,75.0,2014101669,00663,01123,966002
201701020608,6,8,14,ホープライズ,牡3,54.0,服部茂史,1:47.5,1.3/4,5-4-4-7,40.1,62.0,12.0,468.0,0.0,[地]田中淳司,伏木田達之,0.0,2014104013,05286,05630,823033
201701020608,7,1,1,ミュゼリバイアサン,牡4,56.0,木幡初也,1:47.9,2.1/2,1-1-1-3,41.1,31.7,10.0,512.0,4.0,[東]黒岩陽一,菊地祐司,0.0,2013102549,01153,01133,656033
201701020608,8,5,7,カシノカーム,牡6,57.0,原田和真,1:47.9,クビ,9-8-8-9,39.8,63.9,13.0,478.0,-4.0,[東]和田雄二,柏木務,0.0,2011109010,01143,01143,514009
201701020608,9,6,10,キタノユーリン,牝3,52.0,福永祐一,1:48.0,3/4,10-10-9-8,39.8,26.0,9.0,482.0,10.0,[西]坂口正則,北所直人,0.0,2014104081,01014,00356,163002
201701020608,10,5,8,スズカガルチ,牡3,53.0,城戸義政,1:48.2,1,8-9-10-12,39.8,20.3,6.0,512.0,4.0,[西]湯窪幸雄,永井啓弍,0.0,2014100976,01147,01057,382004
201701020608,11,3,3,ペンタプリズム,牝5,55.0,黛弘人,1:48.4,3/4,12-12-12-10,39.8,269.8,14.0,474.0,2.0,[東]堀井雅広,吉川朋宏,0.0,2012104920,01109,00436,838030
201701020608,12,8,13,ライトブリンガー,牡4,56.0,坂井瑠星,1:48.6,1.1/4,12-14-14-14,39.5,25.5,8.0,476.0,6.0,[西]佐々木晶,日進牧場,0.0,2013103653,01163,00429,100800
201701020608,13,4,6,エンドレスコール,牝3,52.0,菱田裕二,1:48.6,ハナ,14-12-12-10,40.0,55.1,11.0,472.0,-4.0,[西]橋口慎介,キャロットファーム,0.0,2014105999,01144,01154,486800
201701020608,14,7,11,レッドゼノン,牡3,54.0,古川吉洋,1:49.3,4,11-10-10-12,40.9,4.1,2.0,454.0,-4.0,[西]昆貢,東京ホースレーシング,0.0,2014103170,01015,01044,180800
201701020609,1,2,2,コーカス,牡3,54.0,吉田隼人,1:50.6,,9-12-12-11,36.3,3.5,2.0,504.0,4.0,[西]藤原英昭,Ｈ．Ｈ．シェイク・モハメド,750.0,2014102190,01095,01055,003060
201701020609,2,3,4,トリニティプレイス,牝6,55.0,藤岡康太,1:50.6,クビ,3-3-3-2,37.2,56.6,9.0,444.0,12.0,[西]奥村豊,下河辺牧場,300.0,2011100323,01116,01146,362800
201701020609,3,1,1,ピックミータッチ,セ4,57.0,ルメール,1:50.7,1/2,12-11-11-7,36.5,2.6,1.0,504.0,4.0,[東]藤沢和雄,山本英俊,190.0,2013106172,05339,00386,124008
201701020609,4,4,6,ティーエスクライ,牝5,55.0,菱田裕二,1:50.7,クビ,9-8-7-7,36.9,14.6,6.0,454.0,2.0,[西]岩元市三,田畑利彦,110.0,2012105115,01144,00397,464030
201701020609,5,6,10,パラノーマル,牝4,55.0,丹内祐次,1:51.0,2,12-13-9-2,37.1,108.9,13.0,436.0,6.0,[東]水野貴広,サラブレッドクラブ・ラフィアン,75.0,2013101945,01091,01094,546800
201701020609,6,6,9,エクストラファイン,牝5,55.0,荻野琢真,1:51.2,1,2-2-2-1,38.1,7.8,4.0,462.0,0.0,[東]矢野英一,グリーンファーム,0.0,2012104281,01112,01108,148800
201701020609,7,7,11,アルマレイモミ,牝4,55.0,福永祐一,1:51.4,1,6-5-3-4,38.0,10.2,5.0,450.0,-2.0,[西]西浦勝一,コウトミックレーシング,0.0,2013102171,01014,01016,095700
201701020609,8,8,14,グリトニル,牡3,53.0,坂井瑠星,1:51.9,3,8-8-7-4,38.1,66.9,11.0,430.0,6.0,[西]浅見秀一,杉山忠国,0.0,2014101390,01163,00411,053803
201701020609,9,4,5,アドマイヤアルパマ,牝3,52.0,池添謙一,1:52.0,1/2,3-5-6-7,38.4,7.0,3.0,430.0,8.0,[西]須貝尚介,近藤利一,0.0,2014106068,01032,01105,398002
201701020609,10,8,13,ウェイト,牡4,57.0,黛弘人,1:52.1,3/4,3-3-3-4,38.8,17.0,7.0,502.0,-2.0,[東]青木孝文,コスモヴューファーム,0.0,2013101112,01109,01156,030803
201701020609,11,3,3,スパーキングジョイ,牡4,57.0,藤岡佑介,1:53.1,6,14-13-14-12,38.5,47.7,8.0,500.0,12.0,[西]藤岡健一,幅田京子,0.0,2013104796,01093,01062,320030
201701020609,12,5,7,コトブキファルコン,牡3,54.0,原田和真,1:53.6,3,6-7-9-12,39.6,104.8,12.0,512.0,-4.0,[東]金成貴史,尾上松壽,0.0,2014102784,01143,01132,566006
201701020609,13,5,8,ヒマワリノヤクソク,牝3,52.0,古川吉洋,1:54.9,8,1-1-1-7,41.8,64.1,10.0,468.0,0.0,[西]斉藤崇史,山口敦広,0.0,2014101017,01015,01151,895030
201701020609,14,7,12,ディアパヴォーネ,牝3,52.0,蛯名正義,1:55.0,3/4,9-10-12-14,40.6,159.9,14.0,414.0,4.0,[東]二ノ宮敬,ディアレストクラブ,0.0,2014100372,00663,00409,013803
201701020610,1,6,10,リュウノユキナ,牡2,54.0,五十嵐冬,1:10.8,,7-5,35.9,55.3,9.0,468.0,-8.0,[地]桑原義光,蓑島竜一,1632.9,2015106125,05091,00844,099031
201701020610,2,4,7,モルトアレグロ,牝2,54.0,吉田隼人,1:11.1,1.3/4,9-9,35.9,6.3,4.0,470.0,2.0,[東]武井亮,吉田千津,649.4,2015110036,01095,01147,310007
201701020610,3,3,4,ハッピーグリン,牡2,54.0,服部茂史,1:11.5,2.1/2,5-3,36.7,4.5,2.0,450.0,4.0,[地]田中淳司,会田裕一,404.7,2015104624,05286,05630,131031
201701020610,4,1,1,オジョーノキセキ,牝2,54.0,藤岡佑介,1:11.5,クビ,3-3,36.9,7.4,5.0,496.0,2.0,[東]伊藤大士,前原敏行,240.0,2015101480,01093,01109,427030
201701020610,5,4,6,オーヴァーライト,牡2,54.0,ルメール,1:11.7,1.1/4,13-10,36.1,4.6,3.0,478.0,10.0,[東]手塚貴久,サンデーレーシング,160.0,2015100309,05339,01038,226800
201701020610,6,8,14,ウインジェルベーラ,牝2,55.0,福永祐一,1:11.8,3/4,7-7,36.8,3.8,1.0,474.0,2.0,[東]金成貴史,ウイン,0.0,2015100231,01014,01132,494800
201701020610,7,7,12,デニストン,牡2,54.0,伊藤千尋,1:11.8,ハナ,13-10,36.2,177.0,13.0,486.0,0.0,[地]田中正二,和田博美,0.0,2015102341,05414,00886,822033
201701020610,8,2,2,ディーエスソアラー,牡2,54.0,宮崎光行,1:12.3,3,2-2,38.0,127.6,11.0,496.0,-2.0,[地]松本隆宏,秋谷壽之,0.0,2015100129,05089,05453,970007
201701020610,9,7,13,トランプ,牡2,54.0,藤岡康太,1:12.4,1/2,1-1,38.2,40.3,8.0,434.0,2.0,[東]高橋裕,大塚亮一,0.0,2015100640,01116,00412,858800
201701020610,10,5,9,ヨシノファルコン,牝2,54.0,桑村真明,1:12.8,2.1/2,3-5,38.2,189.1,14.0,438.0,-4.0,[地]松本隆宏,中村吉隆,0.0,2015102113,05411,05453,821033
201701020610,11,8,15,サフランブーケ,牝2,54.0,古川吉洋,1:12.9,1/2,5-7,38.1,12.1,6.0,434.0,4.0,[西]北出成人,海原聖一,0.0,2015103755,01015,01078,471002
201701020610,12,3,5,ソイカウボーイ,牡2,54.0,岩橋勇二,1:13.1,1,13-12,37.6,26.3,7.0,454.0,-2.0,[地]田中淳司,日吉伸人,0.0,2015103800,05389,05630,824033
201701020610,13,5,8,ラヴバインド,牝2,54.0,丹内祐次,1:14.4,8,11-14,39.0,92.0,10.0,470.0,2.0,[西]飯田雄三,コスモヴューファーム,0.0,2015100249,01091,01050,030803
201701020610,14,2,3,サンダベンポート,牝2,54.0,中井裕二,1:14.5,1/2,9-12,39.3,154.8,12.0,426.0,-8.0,[東]中野栄治,加藤信之,0.0,2015104012,01141,01010,453006
201701020610,15,6,11,レディオブザレイク,牝2,54.0,杉原誠人,1:15.0,3,11-15,39.6,398.4,15.0,454.0,4.0,[東]石毛善彦,ミルファーム,0.0,2015100127,01135,00428,629800
201701020611,1,7,11,プレストウィック,牡6,54.0,ルメール,2:44.2,,5-6-7-4,37.3,5.2,2.0,526.0,-2.0,[東]武藤善則,シルクレーシング,2430.1,2011104030,05339,01064,506800
201701020611,2,4,6,アングライフェン,牡5,55.0,古川吉洋,2:44.2,アタマ,5-8-7-4,37.2,9.7,7.0,476.0,-2.0,[西]安田隆行,前田幸治,968.6,2012100627,01015,00438,948006
201701020611,3,8,14,バロンドゥフォール,セ7,53.0,丸山元気,2:44.4,1.1/4,14-14-14-8,36.7,16.9,9.0,476.0,4.0,[東]久保田貴,窪田康志,604.3,2010104343,01127,01067,514008
201701020611,4,6,9,マイネルサージュ,牡5,55.0,木幡初也,2:44.4,アタマ,13-12-10-8,37.2,16.7,8.0,502.0,-4.0,[東]鹿戸雄一,サラブレッドクラブ・ラフィアン,360.0,2012103930,01153,01097,546800
201701020611,5,2,2,タマモベストプレイ,牡7,57.0,吉田隼人,2:44.6,1.1/4,3-3-3-8,37.8,6.2,3.0,484.0,8.0,[西]南井克巳,タマモ,240.0,2010104866,01095,01049,515800
201701020611,6,5,7,プロレタリアト,牝6,51.0,杉原誠人,2:44.8,1.1/4,3-3-3-2,38.0,60.0,13.0,448.0,14.0,[東]小島茂之,田原邦男,0.0,2011103739,01135,01068,016008
201701020611,7,6,10,タッチングスピーチ,牝5,55.0,福永祐一,2:44.9,3/4,9-9-10-8,37.7,9.4,6.0,482.0,14.0,[西]石坂正,サンデーレーシング,0.0,2012104906,01014,01022,226800
201701020611,8,3,4,パリカラノテガミ,牡6,53.0,菱田裕二,2:45.3,2.1/2,9-12-13-12,38.0,42.6,11.0,458.0,4.0,[東]清水英克,嶋田賢,0.0,2011101814,01144,01080,399009
201701020611,9,4,5,ラブラドライト,セ8,53.0,酒井学,2:45.5,1.1/4,2-2-2-1,39.0,4.8,1.0,502.0,-2.0,[西]斉藤崇史,吉田勝己,0.0,2009106222,01034,01151,790005
201701020611,10,5,8,ヒラボクディープ,牡7,56.0,蛯名正義,2:45.8,1.3/4,9-6-3-2,39.1,49.2,12.0,512.0,-4.0,[東]国枝栄,平田牧場,0.0,2010100460,00663,00399,984800
201701020611,11,1,1,サラトガスピリット,牡5,54.0,四位洋文,2:46.5,4,8-9-10-12,39.3,7.6,5.0,508.0,0.0,[西]友道康夫,平井裕,0.0,2012101422,00700,01061,686006
201701020611,12,3,3,トラスト,牡3,53.0,丹内祐次,2:47.0,3,1-1-1-4,40.5,6.9,4.0,480.0,8.0,[西]中村均,岡田繁幸,0.0,2014100465,01091,00261,760008
201701020611,13,8,13,ジェベルムーサ,牡7,56.0,池添謙一,2:47.1,1/2,9-9-7-4,40.1,40.2,10.0,568.0,6.0,[東]大竹正博,キャロットファーム,0.0,2010104029,01032,01102,486800
201701020611,14,7,12,カムフィー,牡8,53.0,勝浦正樹,2:47.7,3.1/2,5-3-3-14,41.0,133.1,14.0,470.0,-2.0,[東]池上昌和,清水二朗,0.0,2009104380,01025,01150,276008
201701020612,1,7,12,ヴォカツィオーネ,牝3,52.0,丹内祐次,1:45.8,,5-4-4-2,36.9,51.4,11.0,434.0,2.0,[西]田所秀孝,サラブレッドクラブ・ラフィアン,1532.2,2014102730,01091,01009,546800
201701020612,2,3,3,キチロクステージ,牡4,57.0,二本柳壮,1:45.9,1/2,8-8-7-7,36.7,18.6,8.0,478.0,2.0,[東]二本柳俊,山本正美,609.2,2013101414,01049,00370,462030
201701020612,3,5,7,ケルティックソード,牡4,57.0,ルメール,1:45.9,ハナ,5-4-4-5,36.9,1.9,1.0,486.0,2.0,[西]須貝尚介,吉田晴哉,384.6,2013102840,05339,01105,231033
201701020612,4,3,4,ディアコンチェルト,牡5,57.0,蛯名正義,1:46.2,2,9-8-11-7,36.8,12.9,5.0,464.0,0.0,[東]高木登,ディアレストクラブ,230.0,2012103387,00663,01088,013803
201701020612,5,1,1,リヴァイアサン,牡3,54.0,福永祐一,1:46.4,3/4,3-4-4-5,37.4,11.3,4.0,508.0,0.0,[東]相沢郁,星野祐介,150.0,2014109075,01014,01020,362030
201701020612,6,6,10,ランドハイパワー,牡4,57.0,国分恭介,1:46.5,1/2,2-2-2-2,37.7,40.5,9.0,498.0,4.0,[西]安達昭夫,木村昌三,0.0,2013102941,01124,01042,862009
201701020612,7,7,11,ディアドナテロ,牡5,57.0,藤岡佑介,1:46.5,クビ,3-3-2-1,37.7,7.2,3.0,486.0,6.0,[東]池上昌弘,ディアレストクラブ,0.0,2012100361,01093,00390,013803
201701020612,8,6,9,アグネッタ,牝4,55.0,丸山元気,1:46.6,クビ,1-1-1-2,38.0,105.1,12.0,462.0,4.0,[西]羽月友彦,菅原広隆,0.0,2013102192,01127,01091,547033
201701020612,9,4,5,スマイルフォース,牡5,57.0,藤岡康太,1:47.0,2.1/2,11-11-7-7,37.8,40.7,10.0,462.0,4.0,[西]森田直行,上茶谷一,0.0,2012106055,01116,01142,218008
201701020612,10,5,8,テイエムジョウネツ,牝5,55.0,四位洋文,1:47.2,1.1/2,13-13-14-14,37.3,13.5,6.0,456.0,8.0,[西]木原一良,竹園正繼,0.0,2012100801,00700,01033,356002
201701020612,11,8,14,ヴァッハウ,牡5,57.0,桑村真明,1:47.8,3.1/2,11-11-13-11,38.1,193.5,13.0,508.0,0.0,[東]勢司和浩,ラ・メール,0.0,2012100009,05411,01047,877800
201701020612,12,4,6,ウエスタンオウジ,セ7,57.0,横山和生,1:47.9,1/2,7-7-7-7,38.7,255.8,14.0,482.0,-10.0,[東]大竹正博,西川賢,0.0,2010102405,01140,01102,929006
201701020612,13,2,2,ディープオーパス,牡4,57.0,吉田隼人,1:48.1,1.1/2,14-13-10-11,38.8,6.0,2.0,494.0,4.0,[西]藤岡健一,深見敏男,0.0,2013110103,01095,01062,128008
201701020612,14,8,13,ミスズスター,牡4,57.0,池添謙一,1:49.3,7,9-8-11-11,39.9,17.4,7.0,458.0,0.0,[西]加藤敬二,永井啓弍,0.0,2013102626,01032,00379,382004
201704021101,1,8,14,グラファイト,牡2,54.0,田辺裕信,1:56.6,,9-7-7-4,39.8,13.8,7.0,464.0,8.0,[東]宗像義忠,社台レースホース,500.0,2015104302,01075,00420,415800
201704021101,2,4,6,マイネルサリューエ,牡2,54.0,丹内祐次,1:56.8,1.1/2,14-14-4-4,40.1,4.4,1.0,482.0,0.0,[東]上原博之,サラブレッドクラブ・ラフィアン,200.0,2015100020,01091,00423,546800
201704021101,3,3,5,マイネルメモーリア,牡2,54.0,嘉藤貴行,1:57.3,3,10-10-11-8,40.0,181.6,15.0,474.0,18.0,[東]宗像義忠,サラブレッドクラブ・ラフィアン,130.0,2015100762,01051,00420,546800
201704021101,4,8,15,レッドチェイサー,牡2,54.0,丸田恭介,1:57.4,1/2,4-5-3-2,40.9,20.8,8.0,480.0,8.0,[東]国枝栄,東京ホースレーシング,75.0,2015104620,01117,00399,180800
201704021101,5,6,11,ポルカシュネル,牝2,54.0,石橋脩,1:57.5,1/2,6-6-4-7,40.8,11.4,6.0,468.0,-8.0,[東]畠山吉宏,社台レースホース,50.0,2015104538,01077,01048,415800
201704021101,6,1,1,ニシノホクサイ,牡2,51.0,野中悠太,1:58.0,3,14-15-15-15,39.2,45.0,12.0,460.0,-6.0,[東]根本康広,西山茂行,0.0,2015101790,01158,01029,897009
201704021101,7,2,3,ヤマタケパンチ,牡2,54.0,内田博幸,1:58.2,3/4,7-7-8-9,41.2,4.8,2.0,480.0,10.0,[東]萱野浩二,山中和子,0.0,2015103112,00422,01024,631002
201704021101,8,2,2,オルレアンノムスコ,牡2,54.0,杉原誠人,1:58.4,1.1/4,12-12-14-13,40.6,28.5,9.0,456.0,0.0,[東]武市康男,ミルファーム,0.0,2015103870,01135,01089,629800
201704021101,9,5,9,フロースヒルデ,牝2,51.0,武藤雅,1:58.4,アタマ,4-4-4-4,41.8,33.6,10.0,430.0,-4.0,[東]蛯名利弘,宮川保,0.0,2015101083,01169,01131,290033
201704021101,10,5,8,ウサギノパンチ,牡2,54.0,北村宏司,1:58.4,ハナ,2-2-2-2,42.1,36.7,11.0,454.0,14.0,[東]堀井雅広,桐谷茂,0.0,2015102173,01043,00436,129005
201704021101,11,6,10,ビレッジキング,牡2,54.0,大野拓弥,1:58.5,1/2,8-9-11-12,41.3,6.9,4.0,456.0,0.0,[東]土田稔,村山輝雄,0.0,2015102629,01096,00417,160008
201704021101,12,4,7,マヤノフロスティ,牡2,54.0,柴田善臣,1:58.7,1.1/2,1-1-1-1,42.5,6.3,3.0,500.0,4.0,[東]牧光二,田所英子,0.0,2015101022,00641,01106,635009
201704021101,13,3,4,オールドナシュワン,牡2,53.0,木幡巧也,1:58.8,クビ,12-12-10-11,41.7,10.7,5.0,490.0,0.0,[東]松永康利,リーヴァ,0.0,2015104179,01162,01093,781800
201704021101,14,7,13,ウェディングベール,牝2,51.0,藤田菜七,1:58.8,クビ,2-3-8-9,41.9,55.0,13.0,426.0,0.0,[東]菊川正達,岡田牧雄,0.0,2015105455,01164,01052,851009
201704021101,15,7,12,ウェルズレジェンド,牡2,54.0,田中勝春,1:59.3,3,11-10-11-13,42.0,66.9,14.0,480.0,2.0,[東]大江原哲,菊地祐司,0.0,2015102587,00684,01012,656033
201704021102,1,6,7,オウケンムーン,牡2,54.0,北村宏司,2:01.8,,3-3-2-2,35.3,2.6,1.0,456.0,-10.0,[東]国枝栄,福井明,500.0,2015105033,01043,00399,731006
201704021102,2,1,1,アイリスロード,牝2,53.0,木幡巧也,2:02.8,6,4-3-4-4,36.2,44.0,7.0,442.0,2.0,[東]和田雄二,荻伏服部牧場,200.0,2015101852,01162,01143,912800
201704021102,3,7,9,ニシノラヴコール,牝2,54.0,戸崎圭太,2:02.8,ハナ,1-1-1-1,36.4,7.3,4.0,436.0,2.0,[東]尾形充弘,西山茂行,130.0,2015101782,05386,00349,897009
201704021102,4,8,10,モノドラマ,牡2,54.0,丸田恭介,2:03.2,2.1/2,9-9-8-10,36.2,10.5,5.0,486.0,0.0,[東]宗像義忠,シルクレーシング,75.0,2015106472,01117,00420,506800
201704021102,5,5,5,エスポワールカフェ,牡2,51.0,菊沢一樹,2:03.4,1.1/4,8-7-8-7,36.5,101.7,9.0,454.0,4.0,[東]小島太,西川光一,50.0,2015103107,01161,01013,629007
201704021102,6,4,4,ファーマフローラ,牝2,51.0,武藤雅,2:03.7,1.3/4,10-9-8-7,36.8,85.8,8.0,420.0,0.0,[東]谷原義明,中西功,0.0,2015101533,01169,00402,117030
201704021102,7,6,6,プトラナ,牝2,54.0,内田博幸,2:04.6,5,7-7-4-4,38.0,3.2,2.0,474.0,6.0,[東]相沢郁,畑佐博,0.0,2015100780,00422,01020,078006
201704021102,8,8,11,ジュヴィ,牝2,54.0,石橋脩,2:04.7,1/2,2-2-2-2,38.2,5.4,3.0,460.0,6.0,[西]松下武士,井高義光,0.0,2015105372,01077,01149,050002
201704021102,9,2,2,ビッグフライト,牡2,54.0,吉田豊,2:05.5,5,11-11-11-11,37.4,214.5,11.0,462.0,4.0,[東]小西一男,スピードファーム,0.0,2015100335,00733,00405,911800
201704021102,10,3,3,マイネルパブリック,牡2,54.0,丹内祐次,2:06.1,3.1/2,4-5-6-7,39.3,118.1,10.0,468.0,4.0,[東]和田正一,サラブレッドクラブ・ラフィアン,0.0,2015105638,01091,01114,546800
201704021102,11,7,8,ハクユウフラッシュ,牡2,54.0,大野拓弥,2:06.4,2,4-6-6-6,39.6,34.4,6.0,482.0,2.0,[東]中川公成,Ｈ．Ｉコーポレーション,0.0,2015100273,01096,01081,840800
201704021103,1,8,15,アーガマ,牝3,54.0,大野拓弥,1:13.0,,5-4,37.7,20.4,7.0,456.0,12.0,[東]新開幸一,外池榮一郎,500.0,2014105488,01096,01116,525030
201704021103,2,2,3,ヘルデンレーベン,牡3,56.0,吉田豊,1:13.0,クビ,7-7,37.1,4.5,2.0,496.0,-10.0,[東]中舘英二,社台レースホース,200.0,2014105727,00733,01153,415800
201704021103,3,1,1,マッジョネラ,セ3,53.0,菊沢一樹,1:13.1,1/2,4-4,38.0,4.8,3.0,490.0,6.0,[東]菊沢隆徳,堂守貴志,130.0,2014101818,01161,01115,425030
201704021103,4,5,8,デザートトリップ,牡3,56.0,的場勇人,1:13.2,3/4,11-11,37.0,4.0,1.0,482.0,6.0,[東]的場均,グランデオーナーズ,75.0,2014100135,01108,01063,910800
201704021103,5,7,12,ロバリーゴー,牡3,56.0,田辺裕信,1:13.4,1,6-6,37.8,7.0,5.0,480.0,2.0,[東]尾形和幸,木村廣太,50.0,2014101310,01075,01141,603033
201704021103,6,4,7,プラクティス,牡3,56.0,田中勝春,1:13.4,ハナ,8-8,37.4,35.3,8.0,484.0,4.0,[東]松永康利,ターフ・スポート,0.0,2014104621,00684,01093,102800
201704021103,7,8,14,レディーフランソワ,牝3,54.0,江田照男,1:13.5,クビ,2-2,38.5,37.1,9.0,498.0,14.0,[東]伊藤正徳,植木茂年,0.0,2014105068,00689,00383,017030
201704021103,8,2,2,ローブ,牝3,51.0,藤田菜七,1:13.8,2,1-1,38.9,11.2,6.0,462.0,-6.0,[東]栗田博憲,辻牧場,0.0,2014103375,01164,00341,302800
201704021103,9,4,6,ショーショーサ,牡3,56.0,津村明秀,1:14.0,1.1/2,11-11,37.7,51.0,10.0,488.0,8.0,[東]鈴木伸尋,吉冨学,0.0,2014105648,01092,01026,905033
201704021103,10,7,13,スティーレナハト,牝3,51.0,武藤雅,1:14.2,1,9-8,38.1,69.5,14.0,458.0,14.0,[東]高橋文雅,加藤徹,0.0,2014106320,01169,01134,036006
201704021103,11,3,5,プリンセスライン,牝3,54.0,武士沢友,1:14.2,クビ,13-13,37.6,71.9,15.0,426.0,6.0,[東]小桧山悟,加藤徹,0.0,2014102420,01029,01005,036006
201704021103,12,6,11,ペラッチ,セ3,56.0,内田博幸,1:14.3,クビ,9-8,38.2,6.7,4.0,470.0,8.0,[東]手塚貴久,荒牧政美,0.0,2014106232,00422,01038,007060
201704021103,13,3,4,マイネフレッシュ,牝3,52.0,伴啓太,1:14.8,3,2-2,39.8,62.8,13.0,464.0,0.0,[東]高橋祥泰,南波壽,0.0,2014100364,01149,00359,393002
201704021103,14,6,10,バーンザブリッジ,牡3,56.0,丸田恭介,1:14.8,アタマ,15-14,37.9,52.0,11.0,522.0,4.0,[東]宗像義忠,西城公雄,0.0,2014106495,01117,00420,770006
201704021103,15,5,9,アラロケ,牝3,53.0,木幡巧也,1:17.4,大,14-15,40.7,59.2,12.0,426.0,-6.0,[東]高橋裕,アラキファーム,0.0,2014100052,01162,00412,471800
201704021104,1,3,4,リセンティート,牡3,53.0,武藤雅,1:54.5,,8-7-12-12,38.3,41.3,10.0,506.0,8.0,[東]尾形和幸,米津佳昭,500.0,2014104238,01169,01141,195033
201704021104,2,6,11,ニシノキッカセキ,牡3,56.0,大野拓弥,1:54.7,1.1/4,8-9-9-9,38.7,10.3,6.0,468.0,-2.0,[東]手塚貴久,西山茂行,200.0,2014102316,01096,01038,897009
201704021104,3,7,13,リフトトゥヘヴン,牡3,56.0,戸崎圭太,1:54.8,1/2,10-10-9-11,38.7,2.7,1.0,484.0,2.0,[東]加藤征弘,丸山担,130.0,2014105599,05386,01059,922030
201704021104,4,4,7,バレッティ,セ3,56.0,田辺裕信,1:54.8,アタマ,7-7-9-9,38.8,6.0,2.0,504.0,0.0,[東]久保田貴,社台レースホース,75.0,2014105506,01075,01067,415800
201704021104,5,6,10,アリスカン,牡3,56.0,嘉藤貴行,1:54.8,クビ,4-5-6-6,39.1,8.0,4.0,510.0,2.0,[東]田島俊明,高瀬真尚,50.0,2014102503,01051,01112,227007
201704021104,6,1,1,ウインコーラル,牡3,55.0,木幡巧也,1:54.9,クビ,4-2-3-3,39.4,44.8,11.0,480.0,5.0,[東]黒岩陽一,ウイン,0.0,2014104695,01162,01133,494800
201704021104,7,5,9,ティアップアンジュ,牝3,51.0,菊沢一樹,1:55.2,1.3/4,10-10-7-6,39.3,11.8,7.0,458.0,0.0,[東]奥平雅士,田中昇,0.0,2014103809,01161,01074,122008
201704021104,8,2,2,ヒロノワカムシャ,セ3,56.0,宮崎北斗,1:55.3,3/4,12-12-5-2,39.7,41.3,9.0,462.0,2.0,[東]柴田政人,小野博郷,0.0,2014102442,01118,01007,212008
201704021104,9,3,5,センノギモーヴ,牝3,54.0,西田雄一,1:55.4,1/2,6-6-7-6,39.6,27.6,8.0,430.0,2.0,[東]浅野洋一,浅野正敏,0.0,2014104373,01004,00421,591006
201704021104,10,4,6,ステラエスペランサ,牡3,56.0,北村宏司,1:55.7,1.3/4,14-12-13-12,39.3,55.6,12.0,546.0,0.0,[東]中川公成,キャロットファーム,0.0,2014105905,01043,01081,486800
201704021104,11,7,12,モンスーンジャイア,牡3,53.0,藤田菜七,1:56.0,1.3/4,2-2-2-3,40.6,61.4,13.0,456.0,0.0,[東]新開幸一,大塚亮一,0.0,2014103014,01164,01116,858800
201704021104,12,5,8,ウイントリニティー,牡3,56.0,内田博幸,1:56.2,1.1/4,15-15-15-15,39.3,7.5,3.0,484.0,-4.0,[東]高橋祥泰,ウイン,0.0,2014103901,00422,00359,494800
201704021104,13,2,3,チケットトゥライド,牡3,56.0,石橋脩,1:56.5,2,1-1-1-1,41.3,9.0,5.0,502.0,4.0,[東]大和田成,松岡研司,0.0,2014102473,01077,01124,415030
201704021104,14,8,15,エーブインブレム,牡3,53.0,野中悠太,1:56.6,クビ,12-14-13-14,40.1,76.5,15.0,424.0,-2.0,[東]根本康広,阿部紀子,0.0,2014101337,01158,01029,082006
201704021104,15,8,14,ショットザバニティ,牡3,56.0,丹内祐次,1:58.6,大,2-2-3-3,43.1,75.1,14.0,508.0,8.0,[東]武市康男,パニオロ,0.0,2014100825,01091,01089,022803
201704021105,1,8,16,ランスマン,牡2,54.0,内田博幸,1:23.0,,9-8,35.7,7.6,2.0,550.0,0.0,[東]上原博之,吉田勝己,700.0,2015105058,00422,00423,790005
201704021105,2,3,6,ダノンスマッシュ,牡2,54.0,戸崎圭太,1:23.0,アタマ,2-1,36.4,1.7,1.0,466.0,0.0,[西]安田隆行,ダノックス,280.0,2015102377,05386,00438,619800
201704021105,3,7,14,ナイルデルタ,牡2,54.0,丸田恭介,1:23.3,1.3/4,14-13,35.2,46.1,9.0,484.0,0.0,[西]松下武士,キャロットファーム,180.0,2015104673,01117,01149,486800
201704021105,4,4,8,ナンヨーイヴェール,牝2,54.0,柴田善臣,1:23.5,1,5-5,36.5,9.2,3.0,486.0,0.0,[東]田中剛,中村徳也,110.0,2015102871,00641,01119,512031
201704021105,5,6,11,ミントグリーン,牝2,54.0,大野拓弥,1:23.7,1.1/4,9-8,36.4,64.9,12.0,426.0,0.0,[東]手塚貴久,ミルファーム,70.0,2015106371,01096,01038,629800
201704021105,6,2,4,サンクトゥスレーン,牡2,54.0,津村明秀,1:23.7,クビ,11-11,36.2,47.9,10.0,476.0,0.0,[東]金成貴史,コスモヴューファーム,0.0,2015100232,01092,01132,030803
201704021105,7,1,2,クニノオーシャン,牡2,54.0,西田雄一,1:23.8,クビ,15-15,35.3,196.3,18.0,464.0,0.0,[東]浅野洋一,太陽光,0.0,2015101838,01004,00421,881800
201704021105,8,5,10,サイモンルチアーノ,牡2,54.0,吉田豊,1:23.8,クビ,5-5,36.9,34.8,8.0,492.0,0.0,[東]田中清隆,澤田昭紀,0.0,2015109012,00733,00408,132030
201704021105,9,5,9,サマーシャドウ,牝2,51.0,野中悠太,1:24.0,1.1/2,5-7,37.0,109.7,14.0,460.0,0.0,[東]勢司和浩,飯塚知一,0.0,2015104488,01158,01047,308002
201704021105,10,8,17,アルベルティーヌ,牝2,54.0,田辺裕信,1:24.0,ハナ,2-2,37.4,12.2,4.0,428.0,0.0,[東]栗田徹,村野康司,0.0,2015104371,01075,01127,338007
201704021105,11,7,15,セレブレイトダンス,牝2,54.0,長岡禎仁,1:24.1,3/4,13-13,36.2,68.7,13.0,418.0,0.0,[東]竹内正洋,シルクレーシング,0.0,2015104859,01142,01152,506800
201704021105,12,3,5,エスターテ,牝2,51.0,武藤雅,1:24.2,3/4,1-2,37.7,19.6,6.0,422.0,0.0,[東]伊藤伸一,グリーンスウォード,0.0,2015100494,01169,01031,055700
201704021105,13,4,7,ハットワンスター,牝2,51.0,菊沢一樹,1:24.7,3,8-8,37.6,17.1,5.0,462.0,0.0,[東]菊沢隆徳,服部邦繁,0.0,2015104605,01161,01115,916033
201704021105,14,8,18,ショウナンパーリオ,牡2,54.0,北村宏司,1:24.8,クビ,18-18,35.7,185.8,16.0,450.0,0.0,[東]竹内正洋,国本哲秀,0.0,2015105719,01043,01152,331002
201704021105,15,7,13,ケルース,牡2,54.0,田中勝春,1:25.1,2,2-2,38.6,193.5,17.0,494.0,0.0,[東]柴田政人,橋本忠雄,0.0,2015105422,00684,01007,434006
201704021105,16,1,1,ザブルグ,牡2,52.0,伴啓太,1:26.5,8,15-16,38.0,31.7,7.0,452.0,0.0,[東]高柳瑞樹,中村智幸,0.0,2015103961,01149,01118,669033
201704021105,17,6,12,ダイメイヒゴ,牝2,51.0,木幡育也,1:27.1,3.1/2,12-12,39.4,59.8,11.0,414.0,0.0,[東]石毛善彦,宮本孝一,0.0,2015100870,01167,00428,688006
201704021105,18,2,3,デルマウーゾ,牡2,54.0,武士沢友,1:27.5,2.1/2,17-17,38.6,180.4,15.0,458.0,0.0,[東]堀井雅広,浅沼廣幸,0.0,2015104291,01029,00436,274002
201704021106,1,3,5,ルックアットミー,牝3,51.0,武藤雅,1:35.0,,7-7,33.3,5.8,3.0,462.0,6.0,[東]高橋義博,高橋信博,500.0,2014100140,01169,01036,871006
201704021106,2,3,6,プンメリン,牝3,54.0,丹内祐次,1:35.2,1.1/4,3-3,33.9,16.7,6.0,456.0,4.0,[東]鹿戸雄一,サラブレッドクラブ・ラフィアン,200.0,2014102893,01091,01097,546800
201704021106,3,4,7,タックボーイ,牡3,56.0,津村明秀,1:35.3,3/4,3-3,34.2,6.0,4.0,438.0,4.0,[東]高橋祥泰,ビッグレッドファーム,130.0,2014100702,01092,00359,716800
201704021106,4,2,4,ダノンスウィート,牝3,51.0,木幡育也,1:35.3,クビ,10-9,33.2,67.1,10.0,394.0,-6.0,[東]藤沢和雄,ダノックス,75.0,2014106145,01167,00386,619800
201704021106,5,2,3,ヴェルデミーティア,牝3,54.0,吉田豊,1:35.3,アタマ,5-5,33.7,16.9,7.0,414.0,-6.0,[東]戸田博文,小濱忠一,50.0,2014105457,00733,01054,166033
201704021106,6,8,16,ブリッツシュラーク,牡3,56.0,田辺裕信,1:35.3,ハナ,15-16,32.8,3.3,1.0,484.0,12.0,[東]大竹正博,ノースヒルズ,0.0,2014100586,01075,01102,788800
201704021106,7,7,14,アンヴェルス,牡3,53.0,藤田菜七,1:35.4,クビ,1-1,34.5,60.1,9.0,444.0,0.0,[東]清水英克,ヒダカ・ブリーダーズ・ユニオン,0.0,2014100812,01164,01080,547800
201704021106,8,1,1,ティナカヌメ,牝3,52.0,伴啓太,1:35.5,3/4,2-2,34.6,68.1,11.0,464.0,8.0,[東]尾形和幸,澤田孝之,0.0,2014104337,01149,01141,214033
201704021106,9,7,13,シゲルゴリラ,牡3,56.0,柴田善臣,1:35.8,1.3/4,9-9,33.7,266.6,16.0,462.0,2.0,[東]蛯名利弘,森中蕃,0.0,2014103141,00641,01131,674004
201704021106,10,6,11,ゲートウェイアーチ,牡3,56.0,戸崎圭太,1:36.0,1,10-11,33.8,3.9,2.0,432.0,0.0,[東]久保田貴,シルクレーシング,0.0,2014103549,05386,01067,506800
201704021106,11,6,12,スキーマー,牡3,56.0,内田博幸,1:36.0,アタマ,14-13,33.6,57.7,8.0,484.0,0.0,[東]尾関知人,Ｈ．Ｈ．シェイク・モハメド,0.0,2014102192,00422,01103,003060
201704021106,12,4,8,クリノダヴィンチ,牡3,56.0,西田雄一,1:36.2,1.1/4,10-11,34.0,414.9,18.0,474.0,-12.0,[東]天間昭一,栗本博晴,0.0,2014104730,01004,01090,970006
201704021106,13,5,9,ピエスドール,牝3,54.0,石橋脩,1:36.3,1/2,17-16,33.6,6.7,5.0,418.0,10.0,[東]古賀慎明,サンデーレーシング,0.0,2014106161,01077,01079,226800
201704021106,14,8,18,ダノンブルース,牡3,55.0,木幡巧也,1:36.5,1.1/4,13-13,34.2,200.5,13.0,444.0,-8.0,[東]萩原清,ダノックス,0.0,2014105565,01162,01017,619800
201704021106,15,7,15,ライズユアフラッグ,牡3,56.0,宮崎北斗,1:36.8,2,18-18,34.2,260.9,14.0,450.0,-2.0,[東]松永康利,西城公雄,0.0,2014102560,01118,01093,770006
201704021106,16,1,2,グレーミーティア,牝3,54.0,武士沢友,1:37.0,1.1/2,7-7,35.2,265.5,15.0,450.0,2.0,[東]天間昭一,ローレルレーシング,0.0,2014103340,01029,01090,032800
201704021106,17,5,10,ボンジュールブリエ,牝3,51.0,野中悠太,1:37.1,クビ,15-13,34.9,118.0,12.0,494.0,14.0,[東]天間昭一,田中善次郎,0.0,2014103673,01158,01090,397030
201704021106,18,8,17,スカーレットベスト,牝3,54.0,大野拓弥,1:38.1,6,5-5,36.3,321.0,17.0,446.0,14.0,[東]大和田成,那須野牧場,0.0,2014109084,01096,01124,051800
201704021107,1,4,7,マッタナシ,牡3,56.0,西田雄一,0:55.8,,4,33.1,4.7,2.0,476.0,0.0,[東]岩戸孝樹,芳賀克也,500.0,2014104402,01004,01051,247030
201704021107,2,8,18,モアナブルー,牝3,54.0,丸田恭介,0:56.0,1.1/4,8,33.0,2.8,1.0,454.0,0.0,[東]栗田博憲,平川浩之,200.0,2014104301,01117,00341,136007
201704021107,3,4,8,エリーヒストリー,牝3,54.0,宮崎北斗,0:56.1,3/4,3,33.6,9.2,4.0,464.0,0.0,[東]武市康男,谷川正純,130.0,2014100203,01118,01089,012033
201704021107,4,7,13,ネオヴェルモット,牝3,54.0,大野拓弥,0:56.3,1.1/2,1,33.9,6.8,3.0,424.0,-2.0,[東]伊藤正徳,小林仁幸,75.0,2014105600,01096,00383,234008
201704021107,5,1,1,リョウランプリーモ,牡3,56.0,田中勝春,0:56.3,ハナ,12,33.1,19.0,8.0,460.0,2.0,[東]小野次郎,佐藤啓子,50.0,2014103458,00684,01125,606033
201704021107,6,7,14,タマノプリマベーラ,牝3,52.0,伴啓太,0:56.3,ハナ,4,33.6,16.4,7.0,464.0,-2.0,[東]伊藤大士,玉腰勇吉,0.0,2014106394,01149,01109,960030
201704021107,7,6,12,セイソ,牝3,54.0,杉原誠人,0:56.4,クビ,14,33.1,70.9,13.0,416.0,12.0,[東]小野次郎,ミルファーム,0.0,2014105115,01135,01125,629800
201704021107,8,7,15,イリューム,牝3,54.0,内田博幸,0:56.5,3/4,18,32.7,12.5,5.0,422.0,11.0,[東]尾関知人,水上行雄,0.0,2014103749,00422,01103,482002
201704021107,9,6,11,セイユウダンサー,牝3,54.0,津村明秀,0:56.5,クビ,4,33.8,36.5,11.0,418.0,-2.0,[東]鈴木伸尋,松岡正二,0.0,2014101772,01092,01026,765007
201704021107,10,3,6,エフティリンダ,牝3,54.0,村田一誠,0:56.5,ハナ,15,33.1,14.6,6.0,432.0,2.0,[東]粕谷昌央,吉野英子,0.0,2014104793,01031,01096,034030
201704021107,11,5,9,トーアポリネシア,牝3,54.0,丹内祐次,0:56.6,クビ,8,33.6,233.7,18.0,480.0,6.0,[東]加藤和宏,高山ランド,0.0,2014102808,01091,01077,784800
201704021107,12,1,2,アキラノテソーロ,牡3,53.0,野中悠太,0:56.6,クビ,15,33.2,171.3,17.0,462.0,6.0,[東]池上昌和,了徳寺健二,0.0,2014103511,01158,01150,980033
201704021107,13,2,4,スミトアンドチャー,牡3,55.0,木幡巧也,0:56.8,1,1,34.4,75.6,14.0,480.0,0.0,[東]黒岩陽一,澤田孝之,0.0,2014100226,01162,01133,214033
201704021107,14,8,17,アクロスユニバース,牝3,51.0,木幡育也,0:56.9,クビ,17,33.4,55.7,12.0,426.0,2.0,[東]萱野浩二,ヒダカ・ブリーダーズ・ユニオン,0.0,2014102030,01167,01024,547800
201704021107,15,2,3,キョッコウ,牝3,54.0,菅原隆一,0:57.0,1/2,11,33.9,138.0,15.0,434.0,4.0,[東]武市康男,ミルファーム,0.0,2014101244,01129,01089,629800
201704021107,16,5,10,コッコリーノ,牝3,54.0,北村宏司,0:57.2,1,8,34.2,31.3,10.0,428.0,10.0,[東]池上昌和,ラ・メール,0.0,2014100383,01043,01150,877800
201704021107,17,8,16,ウインクリーヴ,牡3,56.0,江田照男,0:57.5,2,12,34.3,145.0,16.0,478.0,-10.0,[東]田中剛,ウイン,0.0,2014103677,00689,01119,494800
201704021107,18,3,5,タイセイラブリー,牝3,51.0,藤田菜七,0:57.7,1.1/4,7,34.8,21.6,9.0,478.0,-4.0,[東]蛯名利弘,田中成奉,0.0,2014100125,01164,01131,224007
201704021108,1,1,1,ドゥリーミン,牝4,52.0,木幡育也,1:52.8,,1-1-1-1,38.7,18.7,7.0,462.0,6.0,[東]大江原哲,菊地祐司,750.0,2013100270,01167,01012,656033
201704021108,2,3,4,クリノヴィクトリア,牝3,52.0,杉原誠人,1:54.1,8,7-7-6-5,39.1,11.9,6.0,440.0,-10.0,[東]高市圭二,栗本博晴,300.0,2014109007,01135,01014,970006
201704021108,3,4,6,ウインミストレス,牝3,52.0,宮崎北斗,1:54.1,クビ,4-4-4-3,39.4,35.3,9.0,458.0,0.0,[東]武市康男,ウイン,190.0,2014100221,01118,01089,494800
201704021108,4,3,5,トキメキユキチャン,牝4,52.0,武藤雅,1:54.1,アタマ,12-11-11-11,38.7,78.6,14.0,440.0,-4.0,[東]佐藤吉勝,片岡正雄,110.0,2013104089,01169,01035,268006
201704021108,5,7,13,ハッピーサークル,牝5,55.0,石橋脩,1:54.2,クビ,3-3-2-2,39.8,9.5,4.0,478.0,0.0,[東]田島俊明,西村專次,75.0,2012102119,01077,01112,099007
201704021108,6,4,7,デフィニール,牝4,55.0,丸田恭介,1:54.4,1,9-9-9-8,39.2,42.5,11.0,472.0,-6.0,[東]矢野英一,ローレルレーシング,0.0,2013101391,01117,01108,032800
201704021108,7,2,3,シトロプシス,牝4,55.0,田辺裕信,1:54.4,クビ,13-13-13-12,38.7,7.8,3.0,474.0,4.0,[東]畠山吉宏,社台レースホース,0.0,2013105703,01075,01048,415800
201704021108,8,6,10,ラインセイラ,牝4,55.0,武士沢友,1:54.6,1.1/4,15-15-14-14,38.2,61.4,12.0,466.0,4.0,[東]水野貴広,大澤繁昌,0.0,2013105365,01029,01094,796002
201704021108,9,8,14,レアファインド,牝4,55.0,北村宏司,1:54.9,1.3/4,10-10-9-8,39.7,23.5,8.0,460.0,6.0,[東]田村康仁,Ｇ１レーシング,0.0,2013105569,01043,01027,808800
201704021108,10,6,11,ピアノイッチョウ,牝3,52.0,戸崎圭太,1:55.1,1.1/4,8-8-6-5,40.1,2.1,1.0,526.0,2.0,[東]尾形充弘,小林祥晃,0.0,2014103937,05386,00349,966007
201704021108,11,8,15,チャームクォーク,牝3,52.0,大野拓弥,1:55.3,1.1/4,5-5-4-5,40.5,10.9,5.0,444.0,-8.0,[東]大和田成,キャロットファーム,0.0,2014106095,01096,01124,486800
201704021108,12,5,8,モアアピール,牝5,55.0,吉田豊,1:55.4,クビ,5-6-6-8,40.4,36.0,10.0,490.0,0.0,[東]尾関知人,岩切企画,0.0,2012104786,00733,01103,056803
201704021108,13,2,2,デルマアツヒメ,牝4,52.0,野中悠太,1:56.0,3.1/2,13-13-14-14,39.6,196.3,15.0,400.0,6.0,[東]伊藤伸一,南條浩輝,0.0,2013105402,01158,01031,807033
201704021108,14,7,12,エバーパッション,牝4,54.0,木幡巧也,1:56.0,クビ,11-11-11-13,40.5,62.8,13.0,428.0,-2.0,[東]小笠倫弘,宇田豊,0.0,2013105434,01162,01076,039030
201704021108,15,5,9,マースチェル,牝3,52.0,丹内祐次,1:57.6,10,2-2-2-3,43.2,6.6,2.0,438.0,0.0,[東]奥平雅士,サラブレッドクラブ・ラフィアン,0.0,2014100719,01091,01074,546800
201704021109,1,1,1,サンシロウ,牡3,54.0,柴田善臣,2:13.3,,6-6-6-8,35.1,28.6,8.0,490.0,-6.0,[東]柄崎孝,三度屋,1091.3,2014103367,00641,00380,020803
201704021109,2,4,8,ジュンファイトクン,牡5,57.0,武藤雅,2:13.4,1/2,1-1-1-1,36.7,9.3,5.0,448.0,-12.0,[西]森秀行,河合純二,431.8,2012104194,01169,00427,165033
201704021109,3,1,2,ラスイエットロス,牝4,55.0,丹内祐次,2:13.5,3/4,4-3-4-4,35.5,225.1,15.0,426.0,6.0,[東]水野貴広,サラブレッドクラブ・ラフィアン,265.9,2013101887,01091,01094,546800
201704021109,4,8,18,フリージングレイン,牡3,54.0,内田博幸,2:13.5,ハナ,12-12-10-10,35.1,17.8,6.0,512.0,8.0,[東]古賀慎明,社台レースホース,160.0,2014105760,00422,01079,415800
201704021109,5,2,4,オーダードリブン,牡4,57.0,Ｍ．デム,2:13.5,クビ,5-5-4-2,35.5,2.7,1.0,454.0,0.0,[東]加藤征弘,社台レースホース,105.0,2013105451,05212,01059,415800
201704021109,6,4,7,ミルトプレスト,牡3,54.0,大野拓弥,2:13.6,1/2,8-8-10-10,35.2,35.9,10.0,504.0,12.0,[東]佐藤吉勝,永山勝敏,0.0,2014101640,01096,01035,695033
201704021109,7,8,17,ハートオブスワロー,牝3,52.0,吉田豊,2:13.6,クビ,15-15-15-14,34.7,18.0,7.0,426.0,2.0,[東]粕谷昌央,ターフ・スポート,0.0,2014104044,00733,01096,102800
201704021109,8,6,12,アルカサル,セ4,57.0,田辺裕信,2:13.6,ハナ,13-13-6-6,35.4,5.3,2.0,522.0,-8.0,[東]大竹正博,サンデーレーシング,0.0,2013105771,01075,01102,226800
201704021109,9,7,15,クイックモーション,牝4,55.0,戸崎圭太,2:13.7,クビ,10-10-6-8,35.5,5.6,3.0,464.0,2.0,[東]木村哲也,キャロットファーム,0.0,2013105846,05386,01126,486800
201704021109,10,2,3,バリンジャー,牡3,54.0,北村宏司,2:13.8,1/2,7-6-6-6,35.6,7.3,4.0,442.0,-4.0,[東]奥村武,金子真人ホールディングス,0.0,2014102390,01043,01145,708800
201704021109,11,3,6,ゴールドエフォート,牝4,55.0,丸田恭介,2:13.8,クビ,16-17-16-16,34.6,64.6,12.0,446.0,-4.0,[東]田島俊明,シルクレーシング,0.0,2013105986,01117,01112,506800
201704021109,12,7,14,キーフォーサクセス,牡5,57.0,津村明秀,2:13.9,クビ,10-10-10-12,35.5,125.2,14.0,444.0,-2.0,[東]田中剛,社台レースホース,0.0,2012104289,01092,01119,415800
201704021109,13,3,5,ベストレート,牝4,55.0,江田照男,2:14.1,1.1/4,2-2-2-2,36.4,33.1,9.0,504.0,2.0,[東]牧光二,Ｇ１レーシング,0.0,2013106068,00689,01106,808800
201704021109,14,8,16,レオニーズ,牡6,57.0,田中勝春,2:14.4,2,13-13-14-14,35.7,97.0,13.0,492.0,0.0,[東]小島茂之,社台レースホース,0.0,2011103679,00684,01068,415800
201704021109,15,5,9,シンボリラパス,牡4,57.0,木幡巧也,2:14.5,1/2,3-3-3-4,36.6,231.1,16.0,480.0,-4.0,[東]菊川正達,シンボリ牧場,0.0,2013100464,01162,01052,431800
201704021109,16,7,13,グランドバローズ,セ4,57.0,石橋脩,2:14.9,2.1/2,16-15-13-12,36.4,42.9,11.0,464.0,-6.0,[東]堀宣行,猪熊広次,0.0,2013105545,01077,01070,859007
201704021109,17,6,11,フランチェスコ,牡4,57.0,武士沢友,2:15.8,5,8-8-16-17,36.7,366.1,17.0,464.0,-13.0,[東]高橋義博,海谷幸司,0.0,2013103937,01029,01036,457002
201704021109,-3,5,10,イタリアンフェッテ,牝6,55.0,西田雄一,,,,,,,,,[東]中野栄治,芳賀克也,0.0,2011101086,01004,01010,247030
201704021110,1,7,8,アクート,牡4,57.0,Ｍ．デム,1:46.5,,11-11,33.0,2.4,1.0,434.0,2.0,[東]宗像義忠,サンデーレーシング,1525.9,2013105900,05212,00420,226800
201704021110,2,7,9,エテレインミノル,牡3,54.0,石橋脩,1:46.7,1.1/4,3-3,33.9,13.9,5.0,478.0,10.0,[西]北出成人,吉岡實,607.4,2014103163,01077,01078,265008
201704021110,3,5,5,レーヌドブリエ,牝5,55.0,吉田豊,1:46.7,ハナ,10-10,33.6,4.7,3.0,438.0,0.0,[西]矢作芳人,シルクレーシング,383.7,2012103942,00733,01075,506800
201704021110,4,4,4,ベストリゾート,牡3,54.0,田辺裕信,1:46.7,クビ,7-5,33.8,6.2,4.0,474.0,10.0,[東]木村哲也,保坂和孝,230.0,2014105879,01075,01126,398030
201704021110,5,1,1,ショウボート,牡5,57.0,戸崎圭太,1:46.8,1/2,8-8,33.7,4.6,2.0,480.0,-4.0,[西]石坂正,馬場幸夫,150.0,2012104787,05386,01022,431002
201704021110,6,3,3,ヒメタチバナ,牝4,55.0,内田博幸,1:47.1,1.3/4,5-5,34.2,20.8,6.0,462.0,0.0,[東]柴田政人,岡田勇,0.0,2013104536,00422,01007,548009
201704021110,7,6,7,テスタメント,牡6,57.0,杉原誠人,1:47.1,ハナ,5-5,34.2,22.7,7.0,448.0,2.0,[東]小島茂之,田原邦男,0.0,2011104031,01135,01068,016008
201704021110,8,6,6,ヴェゼール,牡4,57.0,大野拓弥,1:47.1,ハナ,3-3,34.4,22.8,8.0,544.0,0.0,[西]河内洋,畑佐博,0.0,2013103050,01096,01072,078006
201704021110,9,2,2,リノリオ,牡6,57.0,丸田恭介,1:47.1,クビ,8-8,34.0,24.6,9.0,518.0,4.0,[西]西園正都,錦岡牧場,0.0,2011105050,01117,01028,425800
201704021110,10,8,10,メナスコ,セ5,57.0,津村明秀,1:47.6,3,2-2,35.0,99.0,10.0,438.0,-4.0,[西]藤岡健一,Ｈ．Ｈ．シェイク・モハメド,0.0,2012101568,01092,01062,003060
201704021110,11,8,11,スワンボート,牡7,57.0,菊沢一樹,1:48.9,8,1-1,36.6,426.1,11.0,470.0,6.0,[東]柴田政人,田頭勇貴,0.0,2010101988,01161,01007,855030
201704021111,1,2,3,バンゴール,牝5,55.0,田辺裕信,1:33.9,,3-2,33.2,10.5,4.0,440.0,10.0,[東]尾関知人,サンデーレーシング,1852.2,2012104938,01075,01103,226800
201704021111,2,3,4,ハクサンルドルフ,牡4,57.0,戸崎圭太,1:34.1,1.1/4,8-8,32.8,2.1,1.0,464.0,6.0,[西]西園正都,河崎五市,739.2,2013104956,05386,01028,841030
201704021111,3,4,6,フロンテアクイーン,牝4,55.0,北村宏司,1:34.1,ハナ,4-4,33.2,4.2,2.0,464.0,2.0,[東]国枝栄,三協ファーム,464.6,2013103682,01043,00399,061803
201704021111,4,6,10,ルグランパントル,セ5,57.0,柴田善臣,1:34.2,1/2,6-4,33.3,24.7,8.0,476.0,2.0,[東]栗田博憲,ノルマンディーサラブレッドレーシング,270.0,2012103634,00641,00341,854800
201704021111,5,7,12,ストーミーシー,牡4,57.0,大野拓弥,1:34.2,クビ,13-12,32.7,6.3,3.0,520.0,-2.0,[東]斎藤誠,ミルファーム,182.0,2013103817,01096,01086,629800
201704021111,6,8,14,チャンピオンルパン,牡6,57.0,内田博幸,1:34.4,1.1/2,13-12,32.9,22.0,6.0,494.0,12.0,[東]勢司和浩,坪野谷和平,0.0,2011104759,00422,01047,750005
201704021111,7,6,11,ディアマイダーリン,牝5,55.0,横山典弘,1:34.5,1/2,10-10,33.0,20.5,5.0,490.0,0.0,[東]菊沢隆徳,窪田康志,0.0,2012103979,00660,01115,514008
201704021111,8,5,9,マコトサダイジン,セ6,57.0,吉田豊,1:34.7,1.1/4,8-8,33.5,31.3,9.0,444.0,-4.0,[西]松田国英,ディアマント,0.0,2011105044,00733,01011,864800
201704021111,9,5,8,アルテ,牡6,57.0,村田一誠,1:34.8,1/2,1-1,34.7,123.7,13.0,464.0,-6.0,[西]北出成人,フジワラ・ファーム,0.0,2011102532,01031,01078,616800
201704021111,10,2,2,ペガサスボス,牡5,57.0,二本柳壮,1:34.9,クビ,4-4,34.0,44.0,10.0,524.0,16.0,[西]矢作芳人,天羽牧場,0.0,2012101006,01049,01075,261800
201704021111,11,3,5,レッドライジェル,牡5,57.0,田中勝春,1:34.9,クビ,10-10,33.6,23.3,7.0,446.0,0.0,[東]藤沢和雄,東京ホースレーシング,0.0,2012104625,00684,00386,180800
201704021111,12,7,13,カバーストーリー,牡6,57.0,津村明秀,1:35.2,1.1/2,15-15,33.5,132.0,14.0,472.0,-8.0,[西]清水久詞,前田晋二,0.0,2011101390,01092,01110,041002
201704021111,13,4,7,マリオーロ,牡5,57.0,丸田恭介,1:35.2,ハナ,10-12,33.7,47.0,11.0,498.0,-4.0,[東]斎藤誠,菊地剛,0.0,2012104103,01117,01086,857030
201704021111,14,1,1,クロフネビームス,牝5,55.0,木幡巧也,1:35.9,4,7-7,34.7,59.1,12.0,492.0,0.0,[東]尾形充弘,古川嘉治,0.0,2012101889,01162,00349,017009
201704021111,15,8,15,ダイシンブラック,牡8,57.0,武藤雅,1:36.4,3,2-2,35.6,208.3,15.0,474.0,-14.0,[東]戸田博文,大八木信行,0.0,2009105378,01169,01054,929002
201704021112,1,6,10,エクスシア,牝6,52.0,木幡育也,1:11.9,,2-2,36.5,14.1,6.0,438.0,2.0,[東]大江原哲,岡田牧雄,750.0,2011104803,01167,01012,851009
201704021112,2,3,5,グランアラミス,セ5,57.0,宮崎北斗,1:12.1,1.1/2,4-3,36.5,3.5,1.0,488.0,0.0,[東]粕谷昌央,岡田牧雄,300.0,2012102675,01118,01096,851009
201704021112,3,7,12,アサクサレーサー,牡6,54.0,武藤雅,1:12.4,1.3/4,7-6,36.6,4.9,3.0,468.0,-2.0,[東]戸田博文,田原慶子,190.0,2011104167,01169,01054,537009
201704021112,4,5,8,ビレッジエンパイア,牡4,57.0,大野拓弥,1:12.8,2.1/2,9-9,36.8,51.5,11.0,478.0,4.0,[東]土田稔,村山浩伸,110.0,2013102345,01096,00417,438033
201704021112,5,8,15,カシノキングダム,牡5,55.0,伴啓太,1:12.8,アタマ,9-9,36.8,196.3,15.0,474.0,-2.0,[東]二本柳俊,柏木務,75.0,2012102008,01149,00370,514009
201704021112,6,7,13,ハートイズハート,牡4,54.0,藤田菜七,1:12.9,クビ,1-1,37.8,7.1,4.0,460.0,-8.0,[東]中野栄治,北村和江,0.0,2013106425,01164,01010,263006
201704021112,7,4,6,ルア,牝3,53.0,丸田恭介,1:12.9,クビ,2-3,37.5,54.0,12.0,466.0,-8.0,[東]高橋裕,榊原浩一,0.0,2014104313,01117,00412,285008
201704021112,8,2,2,ノットオンリー,牡3,55.0,石橋脩,1:13.1,1.1/4,7-8,37.3,28.2,8.0,430.0,-2.0,[東]大和田成,久保田定,0.0,2014105604,01077,01124,308033
201704021112,9,3,4,ティアップサンダー,牡5,57.0,江田照男,1:13.2,1/2,13-13,36.7,36.9,9.0,462.0,-11.0,[東]小野次郎,田中昇,0.0,2012105841,00689,01125,122008
201704021112,10,2,3,サンアルパイン,セ5,57.0,岩部純二,1:13.2,クビ,4-6,37.6,101.9,14.0,498.0,0.0,[東]萱野浩二,加藤ステーブル,0.0,2012105076,00726,01024,059803
201704021112,11,1,1,ヒラボクメジャー,牡3,55.0,柴田善臣,1:13.4,1,9-9,37.4,14.8,7.0,490.0,-2.0,[東]竹内正洋,平田牧場,0.0,2014101975,00641,01152,984800
201704021112,12,8,14,キョウエイスコール,牡4,57.0,戸崎圭太,1:13.5,1/2,4-3,37.9,3.9,2.0,500.0,8.0,[東]勢司和浩,田中晴夫,0.0,2013102476,05386,01047,619002
201704021112,13,5,9,ベルベットムーブ,牝4,54.0,木幡巧也,1:13.8,1.3/4,12-12,37.5,56.8,13.0,438.0,6.0,[東]佐藤吉勝,伊東純一,0.0,2013100979,01162,01035,934006
201704021112,14,4,7,サンマルライバル,牡3,55.0,横山典弘,1:14.1,1.3/4,15-15,36.5,13.3,5.0,468.0,2.0,[東]佐藤吉勝,相馬勇,0.0,2014102135,00660,01035,580007
201704021112,15,6,11,シャイニードライヴ,牡3,52.0,野中悠太,1:14.5,2.1/2,13-13,38.0,37.8,10.0,436.0,-6.0,[東]尾形充弘,小林昌志,0.0,2014101590,01158,00349,531006
201704021201,1,2,3,カーボナード,牡2,54.0,岩田康誠,1:35.3,,2-2,34.0,1.4,1.0,466.0,4.0,[東]栗田徹,山口功一郎,500.0,2015102423,05203,01127,849030
201704021201,2,8,17,ランウェイデビュー,牝2,54.0,田辺裕信,1:35.7,2.1/2,14-14,33.6,12.0,4.0,480.0,2.0,[東]奥村武,吉田勝己,200.0,2015105303,01075,01145,790005
201704021201,3,5,10,ダンシングチコ,牝2,54.0,丸田恭介,1:35.7,アタマ,7-10,34.0,5.6,2.0,482.0,18.0,[東]大竹正博,石瀬浩三,130.0,2015104414,01117,01102,812008
201704021201,4,4,8,コウユーホクト,牡2,54.0,吉田豊,1:35.9,1.1/2,11-12,34.0,120.1,11.0,490.0,4.0,[東]竹内正洋,加治屋貞光,75.0,2015103481,00733,01152,116033
201704021201,5,6,11,マイネルテンプス,牡2,54.0,柴田大知,1:36.0,クビ,6-3,34.5,10.4,3.0,452.0,2.0,[東]田中清隆,サラブレッドクラブ・ラフィアン,50.0,2015100693,01009,00408,546800
201704021201,6,5,9,ハンドリー,牝2,54.0,大野拓弥,1:36.2,1.1/2,16-15,33.9,62.1,8.0,432.0,-2.0,[東]青木孝文,大倉佑介,0.0,2015109031,01096,01156,687033
201704021201,7,7,13,タイドオーバー,牝2,54.0,宮崎北斗,1:36.3,1/2,3-3,34.9,144.1,12.0,426.0,6.0,[東]勢司和浩,ビッグレッドファーム,0.0,2015103456,01118,01047,716800
201704021201,8,7,15,アシェット,牝2,54.0,大庭和弥,1:36.4,1/2,11-10,34.6,148.1,13.0,434.0,-8.0,[東]高橋文雅,加藤徹,0.0,2015106344,01061,01134,036006
201704021201,9,1,1,アースフライト,牝2,54.0,石橋脩,1:36.6,1.1/2,3-3,35.1,13.8,5.0,414.0,4.0,[東]牧光二,伊東純一,0.0,2015105731,01077,01106,934006
201704021201,10,4,7,ニシノベイオウルフ,牡2,53.0,井上敏樹,1:37.2,3.1/2,16-15,34.9,277.6,15.0,470.0,2.0,[東]小桧山悟,西山茂行,0.0,2015101785,01151,01005,897009
201704021201,11,2,4,ラインマッシモ,牡2,54.0,津村明秀,1:37.2,アタマ,7-7,35.5,39.3,6.0,452.0,6.0,[東]蛯名利弘,大澤繁昌,0.0,2015103569,01092,01131,796002
201704021201,12,7,14,イセベル,牝2,54.0,田中勝春,1:37.5,1.3/4,1-1,36.2,88.6,9.0,450.0,6.0,[東]大江原哲,谷掛龍夫,0.0,2015102330,00684,01012,727008
201704021201,13,8,16,テイエムナタリー,牝2,54.0,江田照男,1:37.7,1,7-7,36.1,453.0,16.0,428.0,2.0,[東]石栗龍彦,竹園正繼,0.0,2015100151,00689,01043,356002
201704021201,14,1,2,サバイバルオオオク,牝2,51.0,野中悠太,1:37.7,クビ,3-3,36.2,42.1,7.0,444.0,0.0,[東]小桧山悟,福田光博,0.0,2015101932,01158,01005,615030
201704021201,15,6,12,アンクルブレイク,牡2,54.0,長岡禎仁,1:37.9,1.1/2,7-7,36.2,513.8,18.0,470.0,-6.0,[東]石栗龍彦,青山英昭,0.0,2015105489,01142,01043,305033
201704021201,16,3,5,カポラヴォーロ,牡2,51.0,武藤雅,1:38.3,2.1/2,11-12,36.2,106.5,10.0,482.0,0.0,[東]和田正道,ヒダカ・ブリーダーズ・ユニオン,0.0,2015110005,01169,00353,547800
201704021201,17,3,6,スロットマシーン,牡2,54.0,岩部純二,1:38.4,3/4,15-15,36.0,479.8,17.0,432.0,10.0,[東]谷原義明,田頭勇貴,0.0,2015102524,00726,00402,855030
201704021201,18,8,18,ミートボール,牡2,54.0,伊藤工真,1:43.5,大,18-18,38.2,262.1,14.0,502.0,0.0,[東]石毛善彦,田頭勇貴,0.0,2015104599,01119,00428,855030
201704021202,1,3,5,ヒシデルマー,牡3,56.0,石橋脩,1:13.0,,1-1,37.1,4.7,3.0,524.0,2.0,[東]牧光二,阿部雅英,500.0,2014100132,01077,01106,044008
201704021202,2,4,6,アレジャポン,牡3,56.0,丸田恭介,1:13.3,1.3/4,7-6,36.7,10.9,5.0,454.0,2.0,[東]栗田博憲,吉田千津,200.0,2014105530,01117,00341,310007
201704021202,3,6,10,リマインドミー,牝3,54.0,宮崎北斗,1:13.6,2,2-2,37.5,41.5,9.0,496.0,4.0,[東]粕谷昌央,岡田牧雄,130.0,2014100940,01118,01096,851009
201704021202,4,1,1,ショウブノセック,牡3,53.0,武藤雅,1:13.7,3/4,3-3,37.4,10.6,4.0,466.0,4.0,[東]尾形和幸,古賀慎一,75.0,2014102740,01169,01141,535033
201704021202,5,8,15,キロロチャン,牝3,54.0,吉田豊,1:14.0,1.3/4,3-3,37.6,2.9,1.0,460.0,0.0,[東]小西一男,明栄商事,50.0,2014104934,00733,00405,040803
201704021202,6,7,12,キングアスリート,牡3,56.0,田中勝春,1:14.0,ハナ,6-6,37.5,117.4,12.0,480.0,10.0,[東]宗像義忠,長谷川清英,0.0,2014101187,00684,00420,830030
201704021202,7,6,11,カヴァレリア,牡3,56.0,中谷雄太,1:14.1,クビ,10-11,37.1,11.0,6.0,496.0,-4.0,[東]新開幸一,グリーンファーム,0.0,2014109085,01038,01116,148800
201704021202,8,8,14,コウギョウスター,牡3,56.0,北村宏司,1:14.2,3/4,7-6,37.5,3.5,2.0,502.0,-3.0,[東]伊藤大士,菊地捷士,0.0,2014101983,01043,01109,876002
201704021202,9,2,3,ハマオリ,牝3,54.0,津村明秀,1:14.2,ハナ,10-10,37.3,52.6,10.0,432.0,0.0,[東]大和田成,サンデーレーシング,0.0,2014105289,01092,01124,226800
201704021202,10,3,4,サーストンヒーロー,牡3,55.0,木幡巧也,1:14.5,1.3/4,13-12,37.2,143.6,14.0,498.0,6.0,[東]勢司和浩,齊藤宣勝,0.0,2014102160,01162,01047,157002
201704021202,11,4,7,ブラーゼン,牝3,51.0,野中悠太,1:14.8,1.3/4,7-6,38.1,30.5,8.0,414.0,-14.0,[東]栗田徹,社台レースホース,0.0,2014105698,01158,01127,415800
201704021202,12,2,2,ウバトーバン,牝3,51.0,菊沢一樹,1:15.0,1,12-12,37.9,122.2,13.0,452.0,4.0,[東]奥平雅士,石瀬浩三,0.0,2014100669,01161,01074,812008
201704021202,13,7,13,サクセスイースター,牡3,56.0,柴田大知,1:15.0,ハナ,3-3,38.7,26.6,7.0,498.0,30.0,[東]高橋祥泰,コスモヴューファーム,0.0,2014100220,01009,00359,030803
201704021202,14,5,9,キッド,牡3,56.0,西田雄一,1:15.4,2.1/2,13-12,38.1,217.1,15.0,454.0,4.0,[東]根本康広,高橋長治,0.0,2014101426,01004,01029,251030
201704021202,15,5,8,ホウザンキングダム,牡3,56.0,内田博幸,1:15.7,2,15-15,38.0,96.5,11.0,512.0,0.0,[東]南田美知,加藤豊三,0.0,2014106549,00422,00437,388002
201704021203,1,3,4,ピンキージョーンズ,牝3,54.0,柴田大知,1:54.6,,4-3-3-2,39.0,3.0,1.0,430.0,4.0,[東]清水英克,ビッグレッドファーム,500.0,2014100705,01009,01080,716800
201704021203,2,8,14,ミッキークルソラ,牝3,51.0,菊沢一樹,1:54.7,1/2,2-2-2-2,39.2,14.2,7.0,460.0,4.0,[東]菊沢隆徳,野田みづき,200.0,2014105894,01161,01115,441007
201704021203,3,4,7,ラインディオーネ,牝3,51.0,武藤雅,1:54.7,クビ,6-6-6-5,38.8,5.4,3.0,444.0,6.0,[東]水野貴広,大澤繁昌,130.0,2014100193,01169,01094,796002
201704021203,4,6,10,スギノエンプレス,牝3,54.0,内田博幸,1:55.2,3,4-5-3-4,39.5,4.5,2.0,476.0,-6.0,[東]斎藤誠,杉山忠国,75.0,2014101387,00422,01086,053803
201704021203,5,6,11,サンピッツバーグ,牝3,54.0,丸田恭介,1:56.0,5,14-14-10-8,39.4,12.4,6.0,434.0,-2.0,[東]田島俊明,加藤ステーブル,50.0,2014106288,01117,01112,059803
201704021203,6,2,2,ジャンヌ,牝3,54.0,嶋田純次,1:56.3,1.3/4,8-8-6-7,40.3,92.2,12.0,392.0,10.0,[東]手塚貴久,荒牧政美,0.0,2014105976,01134,01038,007060
201704021203,7,1,1,クリノアンヌ,牝3,54.0,三浦皇成,1:56.5,1.1/2,12-10-9-8,40.2,57.3,10.0,456.0,4.0,[東]伊藤伸一,栗本博晴,0.0,2014102612,01122,01031,970006
201704021203,8,2,3,カフェガーネット,牝3,51.0,木幡育也,1:57.5,6,12-13-14-14,40.0,188.4,14.0,456.0,12.0,[東]古賀慎明,西川光一,0.0,2014101369,01167,01079,629007
201704021203,9,4,6,カホティ,牝3,52.0,伴啓太,1:57.7,1.1/2,10-10-11-11,40.8,163.9,13.0,454.0,4.0,[東]中舘英二,瀬谷隆雄,0.0,2014105882,01149,01153,775006
201704021203,10,5,8,ウインアルディー,牝3,54.0,岩田康誠,1:57.9,1,3-3-3-5,42.2,14.7,8.0,462.0,2.0,[東]池上昌弘,ウイン,0.0,2014100227,05203,00390,494800
201704021203,11,3,5,シルヴァーナ,牝3,54.0,伊藤工真,1:58.1,1,15-15-13-12,40.8,58.3,11.0,452.0,-2.0,[東]宗像義忠,キャロットファーム,0.0,2014105893,01119,00420,486800
201704021203,12,5,9,トゥーシェ,牝3,54.0,石橋脩,1:58.9,5,6-6-8-10,42.7,41.4,9.0,470.0,6.0,[東]萩原清,ノースヒルズ,0.0,2014100578,01077,01017,788800
201704021203,13,7,12,ストレヌア,牝3,54.0,津村明秀,1:59.0,クビ,1-1-1-1,43.6,7.8,4.0,432.0,0.0,[東]和田正一,鈴木慈雄,0.0,2014105405,01092,01114,638033
201704021203,14,7,13,ファントムレディ,牝3,51.0,野中悠太,2:00.6,10,8-8-12-12,43.4,236.2,15.0,442.0,-2.0,[東]池上昌弘,ライオンレースホース,0.0,2014102018,01158,00390,542800
201704021203,15,8,15,メイキャロル,牝3,54.0,大野拓弥,2:02.7,大,10-10-14-14,45.3,10.9,5.0,470.0,0.0,[東]勢司和浩,千明牧場,0.0,2014109097,01096,01047,075800
201704021205,1,3,5,サンリヴァル,牡2,54.0,Ｍ．デム,1:50.1,,3-3,33.4,3.4,1.0,482.0,0.0,[西]藤岡健一,幅田京子,700.0,2015100258,05212,01062,320030
201704021205,2,8,14,キングスヴァリュー,牡2,54.0,内田博幸,1:50.1,アタマ,5-6,33.3,5.5,3.0,486.0,0.0,[東]国枝栄,シルクレーシング,280.0,2015104680,00422,00399,506800
201704021205,3,4,6,ナラトゥリス,牝2,54.0,大野拓弥,1:50.1,クビ,8-7,33.0,14.0,7.0,446.0,0.0,[東]加藤征弘,キャロットファーム,180.0,2015104683,01096,01059,486800
201704021205,4,1,1,アメリカンツイスト,牡2,54.0,田辺裕信,1:50.6,3,2-2,34.1,4.8,2.0,484.0,0.0,[東]中舘英二,グリーンファーム,110.0,2015104243,01075,01153,148800
201704021205,5,6,10,プロトスター,牡2,54.0,岩田康誠,1:50.8,1,3-4,34.1,6.3,4.0,480.0,0.0,[東]戸田博文,社台レースホース,70.0,2015104557,05203,01054,415800
201704021205,6,5,9,コスモグラトナス,牡2,54.0,柴田大知,1:50.9,3/4,5-7,33.9,55.0,11.0,440.0,0.0,[東]高橋祥泰,ビッグレッドファーム,0.0,2015100732,01009,00359,716800
201704021205,7,4,7,ペイシャレイナ,牝2,54.0,的場勇人,1:50.9,クビ,8-11,33.3,234.7,14.0,446.0,0.0,[東]高橋義博,北所直人,0.0,2015101938,01108,01036,163002
201704021205,8,2,3,オスカーレーヴ,牝2,54.0,丸田恭介,1:50.9,ハナ,5-4,34.2,176.4,13.0,448.0,0.0,[東]金成貴史,森保彦,0.0,2015104433,01117,01132,748009
201704021205,9,2,2,バケットリスト,牝2,54.0,石橋脩,1:51.6,4,1-1,35.3,50.6,10.0,470.0,0.0,[東]高橋文雅,宮城寛也,0.0,2015103404,01077,01134,818008
201704021205,10,6,11,コスモロブロイ,牡2,54.0,津村明秀,1:52.0,2.1/2,8-9,34.5,247.3,15.0,516.0,0.0,[東]伊藤伸一,岡田繁幸,0.0,2015100451,01092,01031,760008
201704021205,11,3,4,キタサンヴィクター,牡2,54.0,横山典弘,1:52.0,ハナ,8-9,34.6,36.1,8.0,510.0,0.0,[西]本田優,大野商事,0.0,2015103197,00660,01099,373800
201704021205,12,7,13,タンザニアナイト,牡2,54.0,戸崎圭太,1:52.4,2.1/2,12-11,34.7,13.6,6.0,474.0,0.0,[東]和田雄二,ＨｉｍＲｏｃｋＲａｃｉｎｇ,0.0,2015100560,05386,01143,064700
201704021205,13,5,8,ルナティック,牡2,54.0,北村宏司,1:52.4,クビ,15-15,34.1,112.9,12.0,518.0,0.0,[東]二ノ宮敬,片山浄見,0.0,2015105938,01043,00409,368033
201704021205,14,8,15,ラヴィーズロマーン,牡2,54.0,田中勝春,1:52.6,1.1/4,12-13,34.5,42.9,9.0,442.0,0.0,[東]手塚貴久,藤田在子,0.0,2015101039,00684,01038,491030
201704021205,15,7,12,ササノユキオルフェ,牡2,54.0,三浦皇成,1:52.9,1.3/4,14-14,34.8,9.9,5.0,480.0,0.0,[東]大竹正博,佐々木幸弘,0.0,2015104461,01122,01102,746033
201704021206,1,1,1,セイウンスパイ,牡2,54.0,戸崎圭太,1:14.3,,1-1,37.3,6.0,3.0,500.0,0.0,[東]池上昌和,西山茂行,700.0,2015110085,05386,01150,897009
201704021206,2,8,14,ソングオブファイア,牡2,54.0,三浦皇成,1:14.3,クビ,2-2,37.1,6.1,4.0,470.0,0.0,[東]高柳瑞樹,Ｈ．Ｈ．シェイク・モハメド,280.0,2015101597,01122,01118,003060
201704021206,3,3,5,ハウナニ,牝2,54.0,内田博幸,1:15.2,5,3-2,37.8,3.4,1.0,482.0,0.0,[東]手塚貴久,シルクレーシング,180.0,2015105041,00422,01038,506800
201704021206,4,7,12,ディライトプロミス,牝2,54.0,Ｍ．デム,1:15.7,3,5-6,38.0,4.0,2.0,456.0,0.0,[西]池添学,キャロットファーム,110.0,2015110002,05212,01144,486800
201704021206,5,2,2,カクカクシカジーカ,牝2,54.0,江田照男,1:15.9,1.1/2,3-4,38.5,25.2,6.0,420.0,0.0,[東]中野栄治,芳賀克也,70.0,2015105510,00689,01010,247030
201704021206,6,4,6,ザイオン,牡2,54.0,北村宏司,1:16.2,1.3/4,14-13,37.6,30.6,8.0,456.0,0.0,[東]相沢郁,小泉修,0.0,2015102713,01043,01020,842033
201704021206,7,8,15,ロトヴィーナス,牝2,54.0,武士沢友,1:16.2,ハナ,5-4,38.5,59.3,9.0,516.0,0.0,[東]小桧山悟,國武佳博,0.0,2015102445,01029,01005,262002
201704021206,8,5,8,ラプターゲイル,牝2,54.0,津村明秀,1:16.2,クビ,8-8,38.1,68.7,10.0,436.0,0.0,[東]金成貴史,ビッグレッドファーム,0.0,2015102504,01092,01132,716800
201704021206,9,2,3,パズルリンクス,牡2,54.0,大野拓弥,1:16.2,ハナ,11-10,37.9,180.8,13.0,436.0,0.0,[東]中舘英二,水上行雄,0.0,2015103532,01096,01153,482002
201704021206,10,5,9,アポロエレノア,牝2,51.0,菊沢一樹,1:16.2,ハナ,11-10,37.9,27.8,7.0,470.0,0.0,[東]菊沢隆徳,アポロサラブレッドクラブ,0.0,2015101026,01161,01115,033700
201704021206,11,3,4,クラウンミリオン,牡2,54.0,西田雄一,1:16.3,クビ,8-8,38.2,247.1,14.0,472.0,0.0,[東]伊藤伸一,矢野まり子,0.0,2015101244,01004,01031,251033
201704021206,12,7,13,ノヴィア,牝2,54.0,岩田康誠,1:16.4,3/4,7-7,38.6,7.1,5.0,484.0,0.0,[東]加藤征弘,Ｈ．Ｈ．シェイク・モハメド,0.0,2015101674,05203,01059,003060
201704021206,13,4,7,マイネルクランチ,牡2,54.0,柴田大知,1:17.3,5,14-13,38.7,73.4,11.0,440.0,0.0,[東]和田正一,サラブレッドクラブ・ラフィアン,0.0,2015101187,01009,01114,546800
201704021206,14,6,11,ハクサンテンシ,牝2,51.0,野中悠太,1:17.6,2,13-13,39.1,270.5,15.0,406.0,0.0,[東]浅野洋一,篠崎恒雄,0.0,2015109145,01158,00421,016030
201704021206,15,6,10,アブラカダブラ,牡2,54.0,吉田豊,1:18.7,7,8-10,40.5,128.3,12.0,442.0,0.0,[東]根本康広,平賀久枝,0.0,2015102959,00733,01029,729005
201704021207,1,7,15,キューンハイト,牝3,54.0,柴田大知,2:00.7,,13-12-10-9,35.6,8.9,4.0,424.0,-2.0,[東]高木登,サラブレッドクラブ・ラフィアン,500.0,2014100717,01009,01088,546800
201704021207,2,7,14,エナホープ,牝3,51.0,武藤雅,2:00.8,1/2,9-9-7-6,35.9,23.7,8.0,492.0,8.0,[東]松永康利,宮原廣伸,200.0,2014101752,01169,01093,052009
201704021207,3,5,9,リバーサルフィルム,牡3,56.0,岩田康誠,2:01.1,1.3/4,14-16-16-15,35.4,38.9,11.0,496.0,0.0,[東]加藤征弘,シルクレーシング,130.0,2014106096,05203,01059,506800
201704021207,4,8,16,エスポワールママン,牝3,54.0,江田照男,2:01.2,3/4,6-6-5-4,36.6,12.0,5.0,442.0,-2.0,[東]高木登,吉見典子,75.0,2014104723,00689,01088,492033
201704021207,5,6,11,ベルウッドミライ,牡3,56.0,北村宏司,2:01.3,3/4,3-2-2-1,37.1,14.9,6.0,464.0,10.0,[東]二ノ宮敬,鈴木照雄,50.0,2014103674,01043,00409,137030
201704021207,6,3,5,マイネルハレオ,牡3,56.0,三浦皇成,2:01.4,クビ,9-9-10-9,36.3,23.6,7.0,428.0,6.0,[東]粕谷昌央,サラブレッドクラブ・ラフィアン,0.0,2014101676,01122,01096,546800
201704021207,7,6,12,ディーチェ,牝3,54.0,柴田善臣,2:01.5,3/4,6-7-7-9,36.7,28.0,10.0,448.0,0.0,[東]国枝栄,Ｇ１レーシング,0.0,2014105333,00641,00399,808800
201704021207,8,4,7,バブルウィズジョイ,牝3,54.0,Ｍ．デム,2:01.6,1/2,2-3-3-2,37.1,5.3,2.0,498.0,6.0,[東]尾関知人,サンデーレーシング,0.0,2014105292,05212,01103,226800
201704021207,9,1,2,フラワーシップ,牝3,54.0,丸田恭介,2:01.7,1/2,17-16-16-15,36.1,126.0,14.0,416.0,-12.0,[東]石栗龍彦,小林英一ホールディングス,0.0,2014102257,01117,01043,882800
201704021207,10,2,3,メイスンブルーム,牝3,54.0,田辺裕信,2:01.7,クビ,14-14-13-13,36.3,26.7,9.0,470.0,20.0,[東]小島茂之,梅村浩,0.0,2014103627,01075,01068,380002
201704021207,11,4,8,スズカサニーサイド,牝3,54.0,長岡禎仁,2:01.8,1/2,9-9-10-12,36.7,204.5,15.0,422.0,6.0,[東]柄崎孝,永井啓弍,0.0,2014109045,01142,00380,382004
201704021207,12,8,18,メイグランデ,牝3,54.0,石橋脩,2:02.1,1.3/4,3-3-3-2,37.7,5.4,3.0,480.0,0.0,[東]斎藤誠,千明牧場,0.0,2014105722,01077,01086,075800
201704021207,13,1,1,フライベルク,牡3,56.0,戸崎圭太,2:02.2,3/4,6-7-7-6,37.4,2.5,1.0,496.0,-4.0,[東]木村哲也,キャロットファーム,0.0,2014106103,05386,01126,486800
201704021207,14,5,10,シュメッターリング,牡3,56.0,大野拓弥,2:02.3,1/2,14-14-13-13,36.9,59.7,12.0,488.0,-2.0,[東]小笠倫弘,キャロットファーム,0.0,2014106139,01096,01076,486800
201704021207,15,3,6,バトルオスカー,牡3,54.0,伴啓太,2:02.4,1/2,18-18-18-18,36.6,412.7,18.0,484.0,4.0,[東]尾形和幸,宮川秋信,0.0,2014100184,01149,01141,394009
201704021207,16,7,13,サントリーニ,牡3,55.0,木幡巧也,2:02.7,1.1/2,12-12-15-15,37.2,275.1,17.0,454.0,-6.0,[東]萩原清,飯田良枝,0.0,2014104756,01162,01017,669007
201704021207,17,2,4,ドゥエルインハート,牡3,56.0,田中勝春,2:03.1,2.1/2,5-5-5-6,38.5,256.1,16.0,482.0,10.0,[東]加藤征弘,飯田正剛,0.0,2014104754,00684,01059,994002
201704021207,18,8,17,バトルエニシ,牝3,54.0,的場勇人,2:03.9,5,1-1-1-4,39.7,114.3,13.0,458.0,0.0,[東]牧光二,宮川秋信,0.0,2014105620,01108,01106,394009
201704021208,1,1,1,サバイバルポケット,牝4,55.0,丸田恭介,1:21.3,,1-1,35.8,35.8,11.0,488.0,4.0,[東]和田雄二,福田光博,750.0,2013105680,01117,01143,615030
201704021208,2,4,8,ドウディ,牡3,55.0,大野拓弥,1:21.3,ハナ,3-3,35.5,2.9,1.0,472.0,-2.0,[東]佐藤吉勝,ｅ馬主組合,300.0,2014100786,01096,01035,072700
201704021208,3,6,12,プラトリーナ,牝4,55.0,石橋脩,1:21.5,1.1/4,7-7,35.4,8.0,4.0,408.0,-4.0,[東]木村哲也,サンデーレーシング,190.0,2013106049,01077,01126,226800
201704021208,4,2,4,ハッピーランラン,牝3,53.0,津村明秀,1:21.5,アタマ,17-15,34.3,39.0,12.0,492.0,6.0,[東]手塚貴久,馬場幸夫,110.0,2014106060,01092,01038,431002
201704021208,5,6,11,ブラディーリッパー,牝3,53.0,岩田康誠,1:21.5,クビ,4-3,35.6,18.1,8.0,496.0,0.0,[東]古賀史生,ディアレストクラブ,75.0,2014103847,05203,00392,013803
201704021208,6,5,10,メンデンホール,牝4,55.0,田中勝春,1:21.6,1/2,13-13,35.1,4.2,2.0,488.0,2.0,[東]小島太,Ｈ．Ｈ．シェイク・モハメド,0.0,2013100590,00684,01013,003060
201704021208,7,1,2,エイブルボス,牡5,57.0,柴田善臣,1:21.6,ハナ,15-15,34.7,17.3,7.0,474.0,-2.0,[東]二ノ宮敬,中澤隆,0.0,2012102624,00641,00409,851004
201704021208,8,3,6,ジェルミナーレ,牝4,55.0,三浦皇成,1:21.7,クビ,2-2,36.0,90.5,13.0,448.0,-4.0,[東]天間昭一,ターフ・スポート,0.0,2013103725,01122,01090,102800
201704021208,9,5,9,ヨイミヤ,牝4,55.0,江田照男,1:21.9,1.1/4,7-7,35.8,31.7,9.0,420.0,0.0,[東]高橋祥泰,ミルファーム,0.0,2013103983,00689,00359,629800
201704021208,10,4,7,プロタゴニスト,牡6,54.0,武藤雅,1:21.9,クビ,18-18,34.6,9.6,5.0,426.0,0.0,[東]高橋文雅,佐久間拓士,0.0,2011103555,01169,01134,986033
201704021208,11,7,14,ヒルダ,牝4,55.0,内田博幸,1:22.0,クビ,10-10,35.7,16.6,6.0,466.0,-14.0,[東]黒岩陽一,吉田和美,0.0,2013106014,00422,01133,138007
201704021208,12,7,13,パフォーム,牝3,53.0,柴田大知,1:22.4,2.1/2,10-10,36.1,7.7,3.0,454.0,12.0,[東]相沢郁,ビッグレッドファーム,0.0,2014100718,01009,01020,716800
201704021208,13,2,3,サンバダンサー,牝3,53.0,宮崎北斗,1:22.4,クビ,14-13,35.8,177.4,15.0,436.0,-4.0,[東]和田正道,グリーンスウォード,0.0,2014103103,01118,00353,055700
201704021208,14,8,16,キョウワクロニクル,牝4,54.0,木幡巧也,1:22.5,1/2,10-12,36.1,255.0,17.0,494.0,22.0,[東]和田正一,協和牧場,0.0,2013101396,01162,01114,763800
201704021208,15,3,5,シトロン,牝4,55.0,岩部純二,1:22.6,3/4,15-15,35.8,157.6,14.0,448.0,12.0,[東]田中清隆,ミルファーム,0.0,2013104885,00726,00408,629800
201704021208,16,8,17,ダノンキャップ,牡4,54.0,木幡育也,1:22.9,1.1/2,4-5,37.0,34.9,10.0,536.0,4.0,[東]藤沢和雄,ダノックス,0.0,2013105888,01167,00386,619800
201704021208,17,8,18,レッドエトワール,牝4,52.0,野中悠太,1:23.8,5,7-7,37.7,232.8,16.0,456.0,4.0,[東]久保田貴,東京ホースレーシング,0.0,2013105613,01158,01067,180800
201704021208,18,7,15,サウンディングベル,牡3,53.0,伴啓太,1:25.1,8,4-6,39.2,268.6,18.0,444.0,-8.0,[東]南田美知,伊達敏明,0.0,2014101895,01149,00437,910006
201704021209,1,2,3,スペリオルシチー,牡3,54.0,岩田康誠,1:52.9,,4-3-3-2,37.6,1.6,1.0,464.0,2.0,[東]相沢郁,友駿ホースクラブ,1088.5,2014101854,05203,01020,321800
201704021209,2,6,10,タイセイストーム,牡5,57.0,石橋脩,1:53.7,5,1-1-1-1,38.6,10.2,4.0,496.0,4.0,[東]新開幸一,田中成奉,431.0,2012105434,01077,01116,224007
201704021209,3,7,12,キングドラゴン,セ4,57.0,北村宏司,1:53.9,1.1/4,4-4-5-6,38.4,10.4,5.0,522.0,6.0,[東]藤沢和雄,窪田芳郎,265.5,2013105448,01043,00386,208008
201704021209,4,2,2,ナスノカンザン,牡3,54.0,田辺裕信,1:54.2,1.3/4,12-12-14-14,38.2,15.6,6.0,514.0,2.0,[東]小笠倫弘,那須野牧場,160.0,2014109087,01075,01076,051800
201704021209,5,3,5,データヴァリュー,牡3,54.0,大野拓弥,1:54.2,ハナ,6-6-7-6,38.6,89.7,11.0,474.0,4.0,[東]久保田貴,社台レースホース,105.0,2014105261,01096,01067,415800
201704021209,6,3,4,セガールモチンモク,セ3,54.0,武藤雅,1:54.2,クビ,8-8-11-10,38.4,52.3,9.0,474.0,-4.0,[東]粕谷昌央,小田切有一,0.0,2014106522,01169,01096,334009
201704021209,7,4,7,ダウンザライン,牡3,54.0,戸崎圭太,1:54.3,クビ,8-8-10-10,38.6,9.8,3.0,468.0,8.0,[東]尾形充弘,Ｂａｓｉｃ,0.0,2014100933,05386,00349,895800
201704021209,8,5,8,プレゼンス,牡3,54.0,津村明秀,1:54.5,1.1/4,14-14-7-6,38.9,67.7,10.0,500.0,6.0,[東]尾形充弘,社台レースホース,0.0,2014105251,01092,00349,415800
201704021209,9,6,11,スフェーン,牡4,57.0,吉田豊,1:54.6,1/2,11-11-13-12,38.7,97.9,12.0,456.0,4.0,[東]小西一男,キャピタルクラブ,0.0,2013103448,00733,00405,051700
201704021209,10,7,13,コティニャック,牡5,57.0,柴田大知,1:54.7,1/2,6-6-7-6,39.1,6.4,2.0,538.0,2.0,[東]南田美知,伊達敏明,0.0,2012101265,01009,00437,910006
201704021209,11,1,1,アンジュリンブレス,牡5,57.0,木幡巧也,1:54.7,クビ,14-14-14-14,38.6,118.2,13.0,506.0,6.0,[東]石栗龍彦,塩川和則,0.0,2012105243,01162,01043,430002
201704021209,12,8,15,パルナッソス,セ3,54.0,丸田恭介,1:54.8,クビ,2-4-3-2,39.4,48.1,7.0,482.0,12.0,[東]高橋文雅,キャロットファーム,0.0,2014105862,01117,01134,486800
201704021209,13,8,14,ブラスロック,牡4,57.0,三浦皇成,1:55.2,2.1/2,10-10-11-12,39.4,228.8,15.0,482.0,-14.0,[東]萩原清,金子真人ホールディングス,0.0,2013100821,01122,01017,708800
201704021209,14,5,9,クールジョーカー,牡6,57.0,田中勝春,1:57.5,大,12-12-5-2,42.0,226.1,14.0,456.0,-2.0,[東]松永康利,小林竜太郎,0.0,2011102995,00684,01093,336030
201704021209,15,4,6,ナンヨーファミユ,牡4,57.0,内田博幸,1:57.5,クビ,2-2-2-2,42.3,49.5,8.0,468.0,4.0,[東]武市康男,中村徳也,0.0,2013106042,00422,01089,512031
201704021210,1,4,8,メイショウスイヅキ,牝4,52.0,横山典弘,1:08.6,,8-8,34.2,7.8,5.0,466.0,2.0,[西]本田優,松本好雄,1536.4,2013106291,00660,01099,523005
201704021210,2,3,6,タケショウベスト,牝3,52.0,大野拓弥,1:08.6,ハナ,12-12,33.7,7.3,4.0,464.0,6.0,[東]田中清隆,ナイト商事,610.4,2014103404,01096,00408,592800
201704021210,3,7,13,サレンティーナ,牡3,54.0,戸崎圭太,1:08.6,クビ,6-6,34.4,6.2,3.0,472.0,4.0,[東]萩原清,サンデーレーシング,385.2,2014105353,05386,01017,226800
201704021210,4,8,16,スペチアーレ,牝5,52.0,田中勝春,1:08.7,1/2,2-2,35.0,12.8,6.0,494.0,4.0,[東]矢野英一,青山洋一,230.0,2012101355,00684,01108,015008
201704021210,5,2,3,プリティマックス,牝3,51.0,柴田善臣,1:08.8,クビ,3-3,34.8,22.7,9.0,436.0,2.0,[東]菊川正達,丸岡啓一,150.0,2014105116,00641,01052,530006
201704021210,6,8,17,トーホウハニー,牝5,52.0,木幡巧也,1:08.9,1/2,8-8,34.4,39.3,11.0,438.0,2.0,[東]田中清隆,東豊物産,0.0,2012103720,01162,00408,965800
201704021210,7,1,1,ハッピーノリチャン,牝5,54.0,内田博幸,1:08.9,クビ,1-1,35.3,4.7,2.0,458.0,-2.0,[東]黒岩陽一,足立範子,0.0,2012103033,00422,01133,016033
201704021210,8,5,10,アイリーグレイ,牝5,52.0,江田照男,1:08.9,クビ,3-3,34.9,14.7,7.0,478.0,2.0,[東]牧光二,前原敏行,0.0,2012103729,00689,01106,427030
201704021210,9,1,2,ダイトウキョウ,牡5,56.0,岩田康誠,1:09.2,1.3/4,16-15,33.8,4.3,1.0,464.0,-2.0,[東]戸田博文,市川義美,0.0,2012101157,05203,01054,297002
201704021210,10,4,7,スズカゼ,牝3,52.0,武士沢友,1:09.2,ハナ,10-10,34.5,16.9,8.0,476.0,4.0,[東]伊藤正徳,ヒダカ・ブリーダーズ・ユニオン,0.0,2014105080,01029,00383,547800
201704021210,11,6,12,カレン,牝3,51.0,井上敏樹,1:09.4,1,15-15,34.1,62.4,12.0,476.0,6.0,[東]金成貴史,ミルファーム,0.0,2014105017,01151,01132,629800
201704021210,12,7,14,レンイングランド,牡5,55.0,中谷雄太,1:09.4,クビ,10-10,34.6,74.4,14.0,532.0,6.0,[西]矢作芳人,田畑勝彦,0.0,2012101011,01038,01075,365030
201704021210,13,3,5,タカラジャンヌ,牝6,51.0,木幡育也,1:09.5,クビ,17-17,34.0,85.7,15.0,422.0,-14.0,[東]藤原辰雄,村山義男,0.0,2011104884,01167,00435,480007
201704021210,14,2,4,ブライトエンジェル,牝3,50.0,吉田豊,1:09.5,アタマ,14-14,34.4,173.3,17.0,434.0,-6.0,[東]矢野英一,下河辺隆行,0.0,2014101971,00733,01108,272008
201704021210,15,6,11,トロピカルガーデン,牝5,51.0,武藤雅,1:09.5,クビ,12-12,34.6,67.6,13.0,486.0,4.0,[東]武藤善則,田頭勇貴,0.0,2012102832,01169,01064,855030
201704021210,16,5,9,サウスキング,牡6,53.0,伊藤工真,1:09.9,2,6-6,35.8,123.2,16.0,476.0,0.0,[東]久保田貴,南波壽,0.0,2011104856,01119,01067,393002
201704021210,17,8,15,アースミステリー,牡3,53.0,津村明秀,1:10.4,3,3-5,36.4,25.2,10.0,462.0,2.0,[東]和田正道,グリーンファーム,0.0,2014110100,01092,00353,148800
201704021211,1,1,1,タツゴウゲキ,牡5,55.0,秋山真一,1:57.9,,2-2,34.6,12.0,6.0,486.0,4.0,[西]鮫島一歩,鈴木高幸,4159.5,2012106426,01019,01046,124033
201704021211,2,6,11,アストラエンブレム,牡4,56.5,Ｍ．デム,1:57.9,クビ,4-5,34.1,3.5,1.0,474.0,4.0,[東]小島茂之,シルクレーシング,1617.0,2013106055,05212,01068,506800
201704021211,3,4,7,カフジプリンス,牡4,55.0,中谷雄太,1:57.9,ハナ,3-3,34.2,31.9,12.0,524.0,0.0,[西]矢作芳人,加藤守,1008.5,2013105844,01038,01075,019004
201704021211,4,8,17,ウインガナドル,牡3,52.0,津村明秀,1:58.0,1/2,1-1,34.7,19.6,10.0,458.0,4.0,[東]上原博之,ウイン,620.0,2014100534,01092,00423,494800
201704021211,5,4,8,フルーキー,牡7,57.0,北村宏司,1:58.0,ハナ,12-14,33.8,25.2,11.0,498.0,6.0,[西]角居勝彦,金子真人ホールディングス,410.0,2010104134,01043,01053,708800
201704021211,6,6,12,マイネルフロスト,牡6,57.0,柴田大知,1:58.1,クビ,6-7,34.3,8.6,3.0,488.0,-8.0,[東]高木登,サラブレッドクラブ・ラフィアン,0.0,2011106350,01009,01088,546800
201704021211,7,7,13,トーセンバジル,牡5,56.0,岩田康誠,1:58.1,アタマ,14-15,33.7,6.0,2.0,484.0,4.0,[西]藤原英昭,島川隆哉,0.0,2012104614,05203,01055,270006
201704021211,8,3,5,ロイカバード,牡4,55.0,横山典弘,1:58.1,クビ,8-7,34.2,9.6,5.0,460.0,-2.0,[西]松永幹夫,寺田寿男,0.0,2013105760,00660,01092,866006
201704021211,9,3,6,ハッピーモーメント,牡7,54.0,戸崎圭太,1:58.2,1/2,6-5,34.5,12.8,7.0,498.0,-4.0,[西]角居勝彦,サンデーレーシング,0.0,2010104022,05386,01053,226800
201704021211,10,8,15,マイネルスフェーン,牡3,52.0,丸田恭介,1:58.4,1.1/4,10-11,34.2,73.1,15.0,450.0,-4.0,[東]手塚貴久,サラブレッドクラブ・ラフィアン,0.0,2014100733,01117,01038,546800
201704021211,11,5,10,ソールインパクト,牡5,53.0,大野拓弥,1:58.5,1/2,4-3,34.8,17.7,9.0,490.0,-2.0,[東]戸田博文,窪田康志,0.0,2012103988,01096,01054,514008
201704021211,12,2,4,ロッカフラベイビー,牝5,52.0,内田博幸,1:58.5,ハナ,10-9,34.5,14.0,8.0,474.0,4.0,[東]鹿戸雄一,山田弘,0.0,2012104663,00422,01097,518002
201704021211,13,5,9,スピリッツミノル,牡5,55.0,三浦皇成,1:58.6,3/4,8-9,34.5,69.3,14.0,496.0,2.0,[西]本田優,吉岡實,0.0,2012103484,01122,01099,265008
201704021211,14,1,2,ルミナスウォリアー,牡6,57.0,石橋脩,1:58.7,クビ,12-11,34.6,9.5,4.0,478.0,0.0,[東]和田正一,サンデーレーシング,0.0,2011104117,01077,01114,226800
201704021211,15,2,3,シャドウウィザード,セ7,51.0,木幡巧也,1:58.8,3/4,14-11,34.6,138.1,17.0,492.0,8.0,[東]勢司和浩,飯塚知一,0.0,2010104875,01162,01047,308002
201704021211,16,7,14,ラストインパクト,牡7,57.5,田辺裕信,1:59.0,1,16-15,34.7,35.2,13.0,492.0,6.0,[西]角居勝彦,シルクレーシング,0.0,2010104439,01075,01053,506800
201704021211,17,8,16,トルークマクト,牡7,53.0,江田照男,1:59.5,3,16-17,34.8,133.0,16.0,464.0,0.0,[東]尾関知人,ミルファーム,0.0,2010102243,00689,01103,629800
201704021212,1,8,16,クラウンルシフェル,牡6,57.0,大野拓弥,0:55.2,,2,32.7,13.4,8.0,492.0,0.0,[東]天間昭一,クラウン,1092.0,2011100215,01096,01090,826800
201704021212,2,8,17,ミキノドラマー,牡4,57.0,西田雄一,0:55.2,クビ,8,32.4,4.9,2.0,488.0,8.0,[東]南田美知,谷口久和,432.0,2013106441,01004,00437,918002
201704021212,3,1,1,パストラル,牝3,53.0,岩田康誠,0:55.4,1.1/4,6,32.7,34.4,9.0,456.0,-2.0,[東]和田正道,岡田壮史,266.0,2014104247,05203,00353,684030
201704021212,4,6,12,ファド,牝4,55.0,丸田恭介,0:55.5,クビ,6,32.8,6.0,3.0,498.0,-4.0,[東]矢野英一,Ｇリビエール・レーシング,160.0,2013100782,01117,01108,098803
201704021212,5,2,3,ウーマッハ,牝3,53.0,吉田豊,0:55.6,3/4,12,32.6,55.9,13.0,464.0,0.0,[東]古賀史生,鈴木康弘,105.0,2014106337,00733,00392,624007
201704021212,6,3,6,ヤマニンベルベーヌ,牝3,53.0,菅原隆一,0:55.6,クビ,8,32.8,43.7,10.0,472.0,6.0,[東]中川公成,土井肇,0.0,2014100569,01129,01081,329004
201704021212,7,7,14,トワイライトライフ,牝3,53.0,内田博幸,0:55.7,1/2,10,32.8,9.0,5.0,456.0,4.0,[東]黒岩陽一,サンデーレーシング,0.0,2014105317,00422,01133,226800
201704021212,8,2,4,キャラメルフレンチ,牝3,53.0,戸崎圭太,0:55.9,1.1/4,2,33.4,9.9,6.0,458.0,6.0,[東]尾形和幸,ノルマンディーサラブレッドレーシング,0.0,2014106428,05386,01141,854800
201704021212,9,5,10,クラウンアゲン,牝4,55.0,三浦皇成,0:55.9,アタマ,2,33.4,4.4,1.0,436.0,2.0,[東]萱野浩二,浅川皓司,0.0,2013104907,01122,01024,350004
201704021212,10,6,11,オーバーウェルム,牡5,57.0,木幡巧也,0:55.9,クビ,18,32.0,192.0,17.0,452.0,0.0,[東]池上昌和,Ｂａｓｉｃ,0.0,2012110115,01162,01150,895800
201704021212,11,7,15,スノードーナツ,牝3,53.0,岩部純二,0:56.0,クビ,10,33.1,8.7,4.0,472.0,-4.0,[東]石毛善彦,ミルファーム,0.0,2014102332,00726,00428,629800
201704021212,12,7,13,ケイビイノキセキ,牡5,57.0,村田一誠,0:56.0,クビ,14,32.9,10.2,7.0,524.0,4.0,[東]萱野浩二,菊池昭雄,0.0,2012105306,01031,01024,639006
201704021212,13,8,18,サンドベージュ,牝3,53.0,武士沢友,0:56.0,クビ,1,33.7,50.5,12.0,458.0,-2.0,[東]和田雄二,ヒダカ・ブリーダーズ・ユニオン,0.0,2014103986,01029,01143,547800
201704021212,14,4,7,ラブリイメッセージ,牝3,53.0,津村明秀,0:56.1,1/2,17,32.4,58.8,14.0,454.0,14.0,[東]鈴木伸尋,山王飯店,0.0,2014102658,01092,01026,250800
201704021212,15,5,9,マイティジャック,牡4,57.0,柴田大知,0:56.4,2,12,33.4,103.0,16.0,454.0,0.0,[東]和田雄二,ヒダカ・ブリーダーズ・ユニオン,0.0,2013103101,01009,01143,547800
201704021212,16,3,5,ダイヤインザラフ,牝3,53.0,田中勝春,0:56.6,1.1/4,16,33.3,44.8,11.0,422.0,10.0,[東]尾関知人,ローレルレーシング,0.0,2014100670,00684,01103,032800
201704021212,17,4,8,ヒマラヤキンラン,牝4,55.0,井上敏樹,0:56.7,1/2,5,34.1,230.4,18.0,436.0,8.0,[東]小桧山悟,辻大作,0.0,2013104520,01151,01005,254030
201704021212,18,1,2,バトルグランドリイ,牝4,55.0,江田照男,0:56.9,1.1/4,15,33.7,79.7,15.0,446.0,-10.0,[東]岩戸孝樹,飯田正剛,0.0,2013104452,00689,01051,994002
201706040101,1,8,15,クワトロダッシュ,牡2,54.0,岩田康誠,1:13.6,,4-3,38.9,1.3,1.0,478.0,2.0,[東]牧光二,ザ・チャンピオンズ,500.0,2015105191,05203,01106,021700
201706040101,2,5,10,ユメイチズ,牡2,54.0,松岡正海,1:13.7,3/4,5-5,38.7,22.1,5.0,464.0,2.0,[東]浅野洋一,上田忠男,200.0,2015106010,01085,00421,775002
201706040101,3,4,7,ベルクカッツェ,牡2,51.0,野中悠太,1:13.9,1.1/4,13-10,38.0,139.7,14.0,454.0,6.0,[東]根本康広,田頭勇貴,130.0,2015102620,01158,01029,855030
201706040101,4,5,9,イナンナ,牝2,54.0,長岡禎仁,1:14.3,2.1/2,2-2,39.7,15.0,4.0,454.0,4.0,[東]竹内正洋,北所直人,75.0,2015102291,01142,01152,163002
201706040101,5,2,4,ポイズンピル,牡2,51.0,藤田菜七,1:14.4,3/4,9-7,39.0,95.6,12.0,434.0,0.0,[東]根本康広,田頭勇貴,50.0,2015100044,01164,01029,855030
201706040101,6,6,12,ビクトリーゲート,牝2,51.0,菊沢一樹,1:14.4,ハナ,2-3,39.8,9.5,3.0,434.0,4.0,[東]伊藤圭三,泉俊二,0.0,2015105622,01161,01023,428008
201706040101,7,1,2,アーコサンティ,牝2,51.0,武藤雅,1:14.7,1.1/2,7-6,39.5,82.8,10.0,446.0,-8.0,[東]佐藤吉勝,田頭勇貴,0.0,2015101761,01169,01035,855030
201706040101,8,7,14,マインキング,牡2,54.0,武士沢友,1:14.8,3/4,14-14,37.9,92.4,11.0,452.0,-8.0,[東]星野忍,峰哲馬,0.0,2015106150,01029,01030,684006
201706040101,9,3,6,トニーハピネス,牝2,54.0,江田照男,1:14.8,アタマ,1-1,40.2,9.4,2.0,432.0,2.0,[東]星野忍,トニー倶楽部,0.0,2015105750,00689,01030,073700
201706040101,10,6,11,ソムタム,牝2,54.0,勝浦正樹,1:15.1,1.3/4,9-9,39.6,46.2,9.0,458.0,4.0,[東]的場均,杉浦和也,0.0,2015102613,01025,01063,367033
201706040101,11,3,5,ミフラーブ,牝2,54.0,嘉藤貴行,1:15.5,2.1/2,7-7,40.3,29.7,7.0,478.0,-8.0,[東]高橋祥泰,ミルファーム,0.0,2015105405,01051,00359,629800
201706040101,12,4,8,モテモテホマックス,牡2,51.0,横山武史,1:15.5,クビ,12-12,39.8,26.0,6.0,450.0,4.0,[東]和田正道,スピードファーム,0.0,2015103838,01170,00353,911800
201706040101,13,8,16,カシノベスト,牝2,54.0,二本柳壮,1:15.6,クビ,14-15,38.6,102.7,13.0,428.0,8.0,[東]二本柳俊,柏木務,0.0,2015106282,01049,00370,514009
201706040101,14,7,13,グノーシス,牝2,54.0,内田博幸,1:15.9,2,5-10,40.9,41.4,8.0,466.0,0.0,[東]伊藤大士,清水敏,0.0,2015103873,00422,01109,411033
201706040101,15,1,1,ガンバルタキシード,牝2,52.0,伴啓太,1:16.5,3.1/2,16-16,38.8,260.5,16.0,462.0,12.0,[東]星野忍,江崎聡,0.0,2015100270,01149,01030,661033
201706040101,16,2,3,カシノベラドンナ,牝2,54.0,西田雄一,1:16.9,2.1/2,11-12,41.3,148.4,15.0,448.0,2.0,[東]蛯名利弘,柏木務,0.0,2015105424,01004,01131,514009
201706040102,1,7,9,ハクサンフエロ,牡2,54.0,石橋脩,1:34.4,,1-1-1,35.0,2.7,1.0,444.0,2.0,[東]牧光二,河崎五市,500.0,2015103654,01077,01106,841030
201706040102,2,5,5,ブラックイメル,牝2,54.0,蛯名正義,1:34.7,2,10-8-7,34.6,49.8,10.0,460.0,0.0,[東]小野次郎,杉澤真吾,200.0,2015102353,00663,01125,739033
201706040102,3,8,11,アイスフィヨルド,牡2,54.0,西田雄一,1:34.9,1.1/4,8-10-10,34.6,8.0,3.0,442.0,2.0,[東]武藤善則,佐々木雄二,130.0,2015102841,01004,01064,852030
201706040102,4,6,8,ロマンテソーロ,牝2,54.0,田辺裕信,1:34.9,クビ,12-10-10,34.6,8.3,4.0,452.0,12.0,[東]金成貴史,了徳寺健二,75.0,2015102574,01075,01132,980033
201706040102,5,6,7,マントラ,牝2,54.0,的場勇人,1:35.1,1.1/4,2-3-2,35.4,69.3,11.0,454.0,8.0,[東]的場均,ミルファーム,50.0,2015101013,01108,01063,629800
201706040102,6,7,10,ウメタロウ,牡2,54.0,内田博幸,1:35.2,1/2,2-2-2,35.6,31.0,9.0,484.0,-4.0,[東]伊藤大士,ミルファーム,0.0,2015103867,00422,01109,629800
201706040102,7,8,12,ツインクルテソーロ,牡2,54.0,大野拓弥,1:35.2,アタマ,10-12-10,34.8,19.2,8.0,472.0,-2.0,[東]池上昌和,了徳寺健二,0.0,2015104678,01096,01150,980033
201706040102,8,1,1,デルマラム,牝2,54.0,勝浦正樹,1:35.4,1.1/2,4-5-6,35.5,75.7,12.0,420.0,-10.0,[東]田島俊明,浅沼廣幸,0.0,2015104450,01025,01112,274002
201706040102,9,4,4,ククルカン,牡2,54.0,吉田隼人,1:35.6,1,8-5-5,35.8,4.2,2.0,458.0,4.0,[東]国枝栄,金子真人ホールディングス,0.0,2015101861,01095,00399,708800
201706040102,10,3,3,マリノディアナ,牝2,54.0,三浦皇成,1:35.6,ハナ,5-3-2,35.9,16.6,7.0,432.0,0.0,[東]水野貴広,和田志保,0.0,2015101239,01122,01094,817033
201706040102,11,2,2,ララマ,牡2,51.0,武藤雅,1:35.7,1/2,5-7-7,35.7,12.8,6.0,476.0,16.0,[東]古賀史生,古賀和夫,0.0,2015100417,01169,00392,768005
201706040102,12,5,6,キングリーフィスト,牡2,54.0,柴田善臣,1:36.3,3.1/2,5-8-7,36.2,12.0,5.0,492.0,2.0,[西]清水久詞,山口敦広,0.0,2015101719,00641,01110,895030
201706040103,1,1,2,レアリティバイオ,牡3,56.0,北村宏司,1:12.0,,5-3,37.6,5.5,3.0,500.0,-4.0,[東]松山将樹,バイオ,500.0,2014102287,01043,01100,930800
201706040103,2,3,5,キョウエイガウディ,牡3,56.0,岩部純二,1:12.1,3/4,1-1,37.9,12.6,5.0,494.0,-2.0,[東]中川公成,田中晴夫,200.0,2014101000,00726,01081,619002
201706040103,3,4,7,ピュアアモーレ,牝3,51.0,木幡育也,1:12.2,3/4,2-2,37.9,38.5,10.0,474.0,-2.0,[東]武藤善則,高橋貴士,130.0,2014102864,01167,01064,971033
201706040103,4,8,15,フォルテメンテ,牡3,55.0,木幡初也,1:12.9,4,8-8,38.3,10.8,4.0,492.0,-4.0,[東]尾形充弘,伊東純一,75.0,2014104404,01153,00349,934006
201706040103,5,7,14,フィールザサンダー,牡3,56.0,大野拓弥,1:13.0,1/2,5-6,38.5,2.4,1.0,450.0,2.0,[東]新開幸一,櫻井正,50.0,2014102825,01096,01116,864009
201706040103,6,7,13,スズカバランス,牡3,53.0,武藤雅,1:13.2,1.1/4,14-13,37.5,24.2,8.0,464.0,0.0,[東]伊藤圭三,永井啓弍,0.0,2014104444,01169,01023,382004
201706040103,7,2,3,サウンドマジック,牝3,54.0,津村明秀,1:13.4,1.1/4,10-9,38.7,111.4,12.0,440.0,0.0,[東]和田正一,増田雄一,0.0,2014103373,01092,01114,168006
201706040103,8,6,11,エディフィス,牝3,54.0,戸崎圭太,1:13.5,クビ,2-4,39.2,13.4,6.0,448.0,2.0,[東]尾関知人,吉田勝己,0.0,2014105961,05386,01103,790005
201706040103,9,4,8,ペイシャモンタナ,牝3,52.0,伴啓太,1:13.7,1,13-11,38.1,42.6,11.0,434.0,-6.0,[東]本間忍,北所直人,0.0,2014102960,01149,01056,163002
201706040103,10,5,10,オーバーレイ,牝3,54.0,横山典弘,1:13.8,1/2,5-6,39.3,4.6,2.0,504.0,-4.0,[東]奥平雅士,キャロットファーム,0.0,2014105626,00660,01074,486800
201706040103,11,6,12,クレムフカ,牝3,54.0,江田照男,1:14.1,2,11-11,38.8,192.7,13.0,454.0,-5.0,[東]本間忍,ノルマンディーサラブレッドレーシング,0.0,2014106372,00689,01056,854800
201706040103,12,5,9,ヴァベーネ,牝3,54.0,田辺裕信,1:14.5,2.1/2,2-4,40.2,28.5,9.0,450.0,2.0,[東]小笠倫弘,グリーンファーム,0.0,2014105491,01075,01076,148800
201706040103,13,1,1,フクノディナール,セ3,56.0,二本柳壮,1:14.7,1,15-15,38.4,230.4,14.0,442.0,0.0,[東]二本柳俊,福島祐子,0.0,2014101821,01049,00370,159033
201706040103,14,8,16,ダンスウィズユー,牝3,51.0,藤田菜七,1:15.0,2,8-10,40.4,20.6,7.0,572.0,10.0,[東]木村哲也,シルクレーシング,0.0,2014102881,01164,01126,506800
201706040103,15,2,4,ピーチダイヤ,牝3,51.0,横山武史,1:15.3,1.3/4,12-13,39.9,230.8,15.0,454.0,10.0,[東]小野次郎,大野數芳,0.0,2014104776,01170,01125,339002
201706040103,16,3,6,ゴーフォンテン,牡3,55.0,井上敏樹,1:18.1,大,16-16,39.2,233.8,16.0,496.0,0.0,[東]石毛善彦,吉橋計,0.0,2014102908,01151,00428,186001
201706040105,1,7,7,バレリオ,牡2,54.0,津村明秀,2:05.5,,8-8-4-2,33.7,3.7,1.0,468.0,0.0,[東]相沢郁,サンデーレーシング,700.0,2015105076,01092,01020,226800
201706040105,2,6,6,ニシノマメフク,牝2,54.0,田辺裕信,2:05.7,1.1/4,1-1-1-1,34.1,5.5,4.0,474.0,0.0,[東]中舘英二,西山茂行,280.0,2015105197,01075,01153,897009
201706040105,3,4,4,ハービーナ,牝2,54.0,吉田隼人,2:05.8,1/2,5-5-4-5,33.9,5.2,3.0,442.0,0.0,[東]中川公成,多田賢司,180.0,2015104446,01095,01081,281033
201706040105,4,8,8,パワフルテソーロ,牡2,54.0,大野拓弥,2:06.2,2.1/2,2-2-2-2,34.6,15.9,7.0,486.0,0.0,[東]和田雄二,了徳寺健二,110.0,2015102569,01096,01143,980033
201706040105,5,5,5,ロイヤルアフェア,牡2,54.0,内田博幸,2:06.5,1.3/4,5-5-7-7,34.4,3.9,2.0,488.0,0.0,[東]古賀慎明,シルクレーシング,70.0,2015104782,00422,01079,506800
201706040105,6,1,1,エクセルキング,牡2,54.0,杉原誠人,2:07.0,3,7-7-7-7,34.8,134.3,9.0,480.0,0.0,[東]伊藤伸一,谷川正純,0.0,2015109044,01135,01031,012033
201706040105,7,8,9,ウサギノダンス,牡2,54.0,蛯名正義,2:07.1,1/2,3-3-3-2,35.4,9.6,6.0,472.0,0.0,[東]南田美知,桐谷茂,0.0,2015103181,00663,00437,129005
201706040105,8,2,2,ウインセイラー,牡2,54.0,宮崎北斗,2:07.4,2,9-9-9-9,35.0,84.3,8.0,482.0,0.0,[東]黒岩陽一,ウイン,0.0,2015100248,01118,01133,494800
201706040105,9,3,3,ラッキーチョウサン,牡2,54.0,戸崎圭太,2:07.6,1.1/4,4-4-4-6,35.7,9.2,5.0,544.0,0.0,[東]和田正一,チョウサン,0.0,2015102203,05386,01114,892800
201706040106,1,4,8,タックボーイ,牡3,56.0,津村明秀,1:35.5,,3-2-2,34.2,5.7,3.0,442.0,4.0,[東]高橋祥泰,ビッグレッドファーム,500.0,2014100702,01092,00359,716800
201706040106,2,7,13,プンメリン,牝3,54.0,丹内祐次,1:35.5,クビ,5-4-3,33.9,15.7,9.0,454.0,-2.0,[東]鹿戸雄一,サラブレッドクラブ・ラフィアン,200.0,2014102893,01091,01097,546800
201706040106,3,2,3,ラストプライドワン,牡3,56.0,松岡正海,1:35.6,1/2,5-1-1,34.4,12.9,8.0,468.0,2.0,[東]二ノ宮敬,嶋田賢,130.0,2014104326,01085,00409,399009
201706040106,4,1,1,ヴェリタブル,牝3,54.0,石橋脩,1:35.7,1/2,7-5-5,33.9,4.0,1.0,422.0,-2.0,[東]堀宣行,キャロットファーム,75.0,2014106039,01077,01070,486800
201706040106,5,2,4,ミステリーモリオン,牡3,53.0,武藤雅,1:35.9,1.1/4,7-7-6,34.0,9.3,5.0,472.0,2.0,[東]岩戸孝樹,田頭勇貴,50.0,2014101243,01169,01051,855030
201706040106,6,1,2,リョウランプリーモ,牡3,56.0,田中勝春,1:36.1,1.1/2,3-5-6,34.3,63.1,11.0,456.0,-4.0,[東]小野次郎,佐藤啓子,0.0,2014103458,00684,01125,606033
201706040106,7,8,15,レッドヴィクター,牡3,56.0,北村宏司,1:36.2,3/4,12-15-14,33.7,8.6,4.0,454.0,10.0,[東]藤沢和雄,東京ホースレーシング,0.0,2014105761,01043,00386,180800
201706040106,8,8,16,ノーザンライアン,牡3,54.0,内田博幸,1:36.2,ハナ,14-14-10,33.8,19.7,10.0,462.0,0.0,[東]木村哲也,吉田和美,0.0,2014110120,00422,01126,138007
201706040106,9,4,7,ジャンティオム,牡3,56.0,横山典弘,1:36.4,1.1/4,1-2-3,35.0,12.1,6.0,480.0,-18.0,[東]尾関知人,高橋貴士,0.0,2014102687,00660,01103,971033
201706040106,10,7,14,アリスカン,牡3,56.0,三浦皇成,1:36.9,3,13-8-8,34.8,12.7,7.0,506.0,-4.0,[東]田島俊明,高瀬真尚,0.0,2014102503,01122,01112,227007
201706040106,11,6,12,ヘヴントゥナイト,牡3,56.0,岩田康誠,1:37.1,1.1/2,10-12-12,34.8,4.7,2.0,470.0,-2.0,[東]戸田博文,社台レースホース,0.0,2014105425,05203,01054,415800
201706040106,12,6,11,ビジューブランシュ,牝3,51.0,野中悠太,1:37.4,1.3/4,10-12-12,35.1,113.1,13.0,466.0,16.0,[東]二ノ宮敬,広尾レース,0.0,2014110085,01158,00409,553800
201706040106,13,3,6,ハワ,牡3,53.0,木幡育也,1:37.6,1,2-8-9,35.6,246.3,15.0,436.0,-2.0,[東]大江原哲,田所英子,0.0,2014101484,01167,01012,635009
201706040106,14,3,5,プラウドデイ,牡3,55.0,木幡初也,1:38.2,3.1/2,7-8-14,36.2,228.5,14.0,470.0,1.0,[東]小島茂之,岡田牧雄,0.0,2014110024,01153,01068,851009
201706040106,15,5,9,オーパーツ,牝3,51.0,藤田菜七,1:38.6,2.1/2,14-8-11,36.6,82.3,12.0,442.0,-2.0,[東]加藤和宏,岡田牧雄,0.0,2014110037,01164,01077,851009
201706040106,-3,5,10,リープリッヒターゲ,牝3,51.0,菊沢一樹,,,,,,,,,[東]堀井雅広,藤田在子,0.0,2014104079,01161,00436,491030
201706040107,1,6,12,フェニックスマーク,牡3,54.0,横山典弘,1:52.9,,6-6-4-6,38.7,1.7,1.0,530.0,-14.0,[東]田島俊明,伊東純一,750.0,2014101180,00660,01112,934006
201706040107,2,3,5,マイネルネッツ,牡5,57.0,丹内祐次,1:53.0,3/4,8-6-8-4,38.7,24.0,8.0,480.0,-10.0,[東]金成貴史,サラブレッドクラブ・ラフィアン,300.0,2012100005,01091,01132,546800
201706040107,3,4,8,カブキモノ,牡4,57.0,内田博幸,1:53.6,3.1/2,1-1-1-1,39.8,7.2,3.0,512.0,6.0,[東]武市康男,國分純,190.0,2013100491,00422,01089,243008
201706040107,4,7,14,オールウェイズゼア,牡3,51.0,横山武史,1:53.7,クビ,13-13-13-10,38.9,31.6,9.0,466.0,-6.0,[東]高市圭二,グリーンスウォード,110.0,2014104192,01170,01014,055700
201706040107,5,8,16,リードザフィールド,牡3,54.0,大野拓弥,1:54.1,2.1/2,11-11-10-8,39.5,23.9,7.0,462.0,-4.0,[東]高木登,岡田牧雄,75.0,2014110023,01096,01088,851009
201706040107,6,4,7,ダイワチャーチル,牡4,54.0,野中悠太,1:54.8,4,14-15-15-13,39.8,5.7,2.0,512.0,4.0,[東]国枝栄,大城敬三,0.0,2013105532,01158,00399,587008
201706040107,7,2,4,オケアノス,牡5,57.0,杉原誠人,1:54.9,1/2,16-15-15-13,39.9,74.8,11.0,524.0,-4.0,[東]南田美知,清水敏,0.0,2012105632,01135,00437,411033
201706040107,8,1,1,ミラクルウィング,牡4,57.0,丸山元気,1:54.9,ハナ,2-2-2-2,41.1,80.2,12.0,464.0,6.0,[東]高橋祥泰,星野壽市,0.0,2013100946,01127,00359,265006
201706040107,9,5,10,ベラポーサ,牝4,55.0,岩田康誠,1:54.9,アタマ,4-5-4-7,40.7,15.0,4.0,504.0,-4.0,[東]堀宣行,吉田和子,0.0,2013110091,05203,01070,151006
201706040107,10,1,2,ヤマトワイルド,牡3,54.0,三浦皇成,1:54.9,ハナ,6-6-4-3,40.7,22.8,6.0,474.0,-4.0,[東]田村康仁,醍醐徹,0.0,2014100530,01122,01027,439033
201706040107,11,8,15,カズノテイオー,牡4,57.0,江田照男,1:55.1,3/4,14-14-13-13,40.2,41.3,10.0,478.0,-2.0,[東]田村康仁,鈴木可一,0.0,2013103551,00689,01027,457004
201706040107,12,7,13,ディアクーシー,牡4,57.0,石橋脩,1:55.4,2,2-3-3-4,41.3,278.7,16.0,506.0,16.0,[東]斎藤誠,ディアレストクラブ,0.0,2013105426,01077,01086,013803
201706040107,13,2,3,フィンガーポスト,牡4,54.0,木幡育也,1:55.5,クビ,11-11-10-10,40.8,138.1,13.0,492.0,4.0,[東]尾形充弘,伊東純一,0.0,2013104512,01167,00349,934006
201706040107,14,5,9,ステイリッチ,セ5,57.0,吉田隼人,1:55.5,クビ,10-9-9-10,41.0,164.4,15.0,522.0,0.0,[東]加藤征弘,宇田豊,0.0,2012104136,01095,01059,039030
201706040107,15,6,11,ファンヴィー,牡3,53.0,木幡巧也,1:56.0,3,9-9-10-16,41.3,155.8,14.0,506.0,2.0,[東]黒岩陽一,猿田栄二,0.0,2014104262,01162,01133,054006
201706040107,16,3,6,ルミナリースピン,セ4,57.0,北村宏司,1:56.2,1,4-4-4-8,42.0,18.0,5.0,518.0,-6.0,[東]奥平雅士,中村昭博,0.0,2013105232,01043,01074,422006
201706040108,1,3,4,コパノマイケル,牡4,57.0,戸崎圭太,1:11.5,,2-2,37.7,2.8,1.0,528.0,8.0,[西]村山明,小林祥晃,750.0,2013100295,05386,01107,966007
201706040108,2,1,1,シャインヴィットゥ,牡3,52.0,武藤雅,1:11.6,3/4,1-1,37.8,7.5,4.0,468.0,0.0,[東]小野次郎,皆川博文,300.0,2014101742,01169,01125,369008
201706040108,3,4,5,サウンドストリート,牡3,55.0,田辺裕信,1:11.8,1,8-5,37.3,10.2,5.0,460.0,12.0,[東]和田正道,増田雄一,190.0,2014102218,01075,00353,168006
201706040108,4,4,6,スピーディクール,牡3,55.0,横山典弘,1:11.8,アタマ,13-13,36.1,3.6,2.0,472.0,-4.0,[東]石栗龍彦,ライオンレースホース,110.0,2014102022,00660,01043,542800
201706040108,5,6,9,タイキマロン,牝4,52.0,菊沢一樹,1:12.0,1,10-9,36.8,82.4,12.0,468.0,0.0,[東]伊藤圭三,大樹ファーム,75.0,2013103705,01161,01023,536800
201706040108,6,2,2,サーヒューストン,牡3,55.0,岩田康誠,1:12.2,1.1/2,11-9,36.9,37.9,9.0,472.0,6.0,[東]杉浦宏昭,窪田芳郎,0.0,2014105832,05203,01008,208008
201706040108,7,3,3,スズカゴーディー,牡3,55.0,内田博幸,1:12.2,ハナ,11-11,36.9,6.3,3.0,476.0,-4.0,[東]伊藤圭三,永井啓弍,0.0,2014101462,00422,01023,382004
201706040108,8,6,10,ハイレベルバイオ,牝5,55.0,丹内祐次,1:12.5,1.3/4,3-3,38.5,19.8,7.0,498.0,2.0,[東]牧光二,バイオ,0.0,2012104828,01091,01106,930800
201706040108,9,7,12,ギンゴー,牡4,57.0,松岡正海,1:12.7,1.1/4,3-4,38.6,17.1,6.0,488.0,8.0,[東]武市康男,ミルファーム,0.0,2013104429,01085,01089,629800
201706040108,10,5,8,パブロ,セ4,54.0,藤田菜七,1:12.8,1/2,8-8,38.3,61.5,10.0,458.0,-6.0,[東]手塚貴久,シルクレーシング,0.0,2013105869,01164,01038,506800
201706040108,11,5,7,ニシノレディー,牝3,53.0,大野拓弥,1:13.1,1.3/4,5-5,38.9,23.3,8.0,440.0,0.0,[東]高木登,西山茂行,0.0,2014104182,01096,01088,897009
201706040108,12,8,14,パミーナコラッジョ,牝4,55.0,勝浦正樹,1:13.1,アタマ,5-7,38.8,69.5,11.0,496.0,-4.0,[東]水野貴広,桜井忠隆,0.0,2013101527,01025,01094,360009
201706040108,13,7,11,クイーンズポケット,牝3,53.0,丸田恭介,1:13.1,ハナ,14-14,37.3,273.8,14.0,478.0,8.0,[東]大竹正博,山科統,0.0,2014102861,01117,01102,309008
201706040108,14,8,13,オウケンブライト,牝3,50.0,木幡育也,1:13.8,4,7-11,39.4,160.5,13.0,468.0,2.0,[東]加藤征弘,福井明,0.0,2014103354,01167,01059,731006
201706040109,1,7,7,ノームコア,牝2,54.0,北村宏司,1:35.1,,2-2-2,33.7,2.1,1.0,446.0,10.0,[東]萩原清,池谷誠一,1018.2,2015104765,01043,01017,172002
201706040109,2,1,1,ソイルトゥザソウル,牡2,54.0,田中勝春,1:35.2,3/4,3-3-4,33.6,20.7,6.0,428.0,0.0,[東]高市圭二,グリーンスウォード,405.2,2015100904,00684,01014,055700
201706040109,3,5,5,ルッジェーロ,牡2,54.0,戸崎圭太,1:35.2,ハナ,6-5-4,33.4,3.4,2.0,492.0,0.0,[東]鹿戸雄一,村木隆,252.6,2015104347,05386,01097,379008
201706040109,4,6,6,クレバーバード,牡2,54.0,柴田善臣,1:35.7,3,1-1-1,34.3,6.1,3.0,464.0,-6.0,[西]清水久詞,サンデーレーシング,150.0,2015104174,00641,01110,226800
201706040109,5,4,4,マイティーワークス,牝2,54.0,三浦皇成,1:35.8,3/4,4-3-3,34.2,6.5,4.0,446.0,-2.0,[東]菊川正達,中村祐子,100.0,2015101483,01122,01052,373008
201706040109,6,2,2,トッカータ,牡2,54.0,丸田恭介,1:35.9,1/2,4-5-4,34.2,20.2,5.0,462.0,-2.0,[東]和田雄二,門野重雄,0.0,2015106179,01117,01143,490006
201706040109,7,8,8,ハッピーリフレイン,牝2,54.0,杉原誠人,1:37.1,7,6-7-7,35.2,165.6,8.0,420.0,0.0,[東]南田美知,ミルファーム,0.0,2015103910,01135,00437,629800
201706040109,8,3,3,トーセンエターナル,牡2,54.0,内田博幸,1:41.8,大,8-8-8,37.6,46.0,7.0,474.0,2.0,[東]池上昌和,島川隆哉,0.0,2015101086,00422,01150,270006
201706040110,1,7,10,パルトネルラーフ,牡4,57.0,大野拓弥,1:52.2,,6-7-7-7,36.9,24.5,7.0,502.0,0.0,[東]高木登,ディアレストクラブ,1529.4,2013100786,01096,01088,013803
201706040110,2,8,13,ブレスアロット,牡4,57.0,北村宏司,1:52.2,クビ,3-3-2-3,37.2,11.5,5.0,466.0,4.0,[東]高柳瑞樹,吉田照哉,608.4,2013105463,01043,01118,758005
201706040110,3,2,2,カルムパシオン,セ4,57.0,内田博幸,1:52.3,1/2,2-2-2-2,37.4,2.9,1.0,516.0,0.0,[西]中竹和也,前田晋二,384.2,2013101798,00422,01039,041002
201706040110,4,6,9,ドリームリヴァール,セ7,57.0,原田和真,1:52.7,2.1/2,6-6-6-5,37.5,37.5,11.0,458.0,4.0,[東]池上昌弘,ライオンレースホース,230.0,2010104563,01143,00390,542800
201706040110,5,5,6,アルファアリエス,牡6,57.0,吉田豊,1:53.1,2.1/2,8-8-7-7,37.7,85.5,12.0,460.0,0.0,[東]小西一男,貴悦,150.0,2011104543,00733,00405,472800
201706040110,6,1,1,ウェイトアンドシー,セ6,57.0,勝浦正樹,1:53.2,1/2,1-1-1-1,38.4,28.3,9.0,490.0,-8.0,[東]新開幸一,岡田牧雄,0.0,2011105825,01025,01116,851009
201706040110,7,8,12,アンプラグド,セ6,57.0,田辺裕信,1:53.3,1/2,12-13-11-9,37.6,5.0,3.0,498.0,14.0,[東]大和田成,いとはんホールディングス,0.0,2011104419,01075,01124,063803
201706040110,8,4,4,レインオーバー,セ6,57.0,石橋脩,1:53.5,1,10-10-13-11,37.6,10.3,4.0,458.0,0.0,[東]堀宣行,グリーンファーム,0.0,2011104308,01077,01070,148800
201706040110,9,3,3,ブランシェクール,牝4,55.0,三浦皇成,1:53.5,アタマ,10-10-9-11,37.9,4.0,2.0,500.0,-14.0,[東]高柳瑞樹,キャロットファーム,0.0,2013106120,01122,01118,486800
201706040110,10,7,11,ポッドクヒオ,牝4,55.0,津村明秀,1:53.6,クビ,5-5-4-4,38.5,11.7,6.0,450.0,2.0,[東]武藤善則,小川眞査雄,0.0,2013105388,01092,01064,042033
201706040110,11,5,7,ゴールドリーガル,牡6,57.0,田中勝春,1:53.6,アタマ,9-9-11-11,37.9,33.1,10.0,462.0,-2.0,[東]高市圭二,居城寿与,0.0,2011105264,00684,01014,712033
201706040110,12,6,8,マイネルボルソー,牡6,57.0,丹内祐次,1:53.7,3/4,4-3-4-5,38.6,102.1,13.0,484.0,0.0,[東]黒岩陽一,サラブレッドクラブ・ラフィアン,0.0,2011106393,01091,01133,546800
201706040110,13,4,5,レッツゴースター,牡5,57.0,横山武史,1:54.4,4,12-12-9-9,38.9,25.5,8.0,454.0,2.0,[東]大和田成,Ｂａｓｉｃ,0.0,2012100285,01170,01124,895800
201706040111,1,8,16,ディアドラ,牝3,54.0,岩田康誠,1:59.8,,12-11-10-11,33.8,2.5,1.0,478.0,12.0,[西]橋田満,森田藤治,3563.7,2014106191,05203,00362,034009
201706040111,2,6,11,カリビアンゴールド,牝3,54.0,田中勝春,1:59.8,ハナ,5-5-6-5,34.0,15.7,6.0,454.0,4.0,[東]小島太,Ｈ．Ｈ．シェイク・モハメド,1418.2,2014102161,00684,01013,003060
201706040111,3,4,7,ポールヴァンドル,牝3,54.0,三浦皇成,1:59.8,ハナ,10-10-12-11,33.7,8.4,4.0,528.0,-6.0,[東]上原博之,シルクレーシング,889.1,2014106243,01122,00423,506800
201706040111,4,1,2,ブラックオニキス,牝3,54.0,大野拓弥,2:00.1,1.3/4,8-8-10-7,34.1,48.7,13.0,420.0,10.0,[東]加藤和宏,岡田牧雄,530.0,2014102424,01096,01077,851009
201706040111,5,2,3,ライジングリーズン,牝3,54.0,丸田恭介,2:00.1,クビ,14-14-15-15,33.7,13.9,5.0,482.0,-6.0,[東]奥村武,岡田牧雄,350.0,2014101903,01117,01145,851009
201706040111,6,7,15,ルヴォワール,牝3,54.0,戸崎圭太,2:00.2,クビ,12-11-13-11,34.0,5.6,2.0,522.0,0.0,[東]手塚貴久,キャロットファーム,0.0,2014106218,05386,01038,486800
201706040111,7,7,13,ミッシングリンク,牝3,54.0,石橋脩,2:00.3,1/2,1-1-1-1,34.8,28.5,9.0,512.0,-4.0,[東]斎藤誠,小田吉男,0.0,2014101627,01077,01086,268008
201706040111,8,8,18,サロニカ,牝3,54.0,吉田隼人,2:00.3,クビ,8-8-9-7,34.4,19.4,7.0,444.0,14.0,[西]角居勝彦,吉田勝己,0.0,2014105928,01095,01053,790005
201706040111,9,4,8,ホウオウパフューム,牝3,54.0,田辺裕信,2:00.5,1.1/4,16-16-15-15,34.1,6.5,3.0,480.0,6.0,[東]奥村武,小笹芳央,0.0,2014106155,01075,01145,906033
201706040111,10,5,9,プリンセスルーラー,牝3,54.0,丸山元気,2:00.7,1.1/4,2-2-2-2,35.1,28.7,10.0,480.0,-10.0,[西]高橋康之,大森悌次,0.0,2014103864,01127,01135,071803
201706040111,11,8,17,シーズララバイ,牝3,54.0,柴田善臣,2:00.7,ハナ,5-5-2-3,35.1,45.0,12.0,432.0,10.0,[東]竹内正洋,吉田千津,0.0,2014105526,00641,01152,310007
201706040111,12,7,14,ナムラムラサキ,牝3,54.0,津村明秀,2:00.8,3/4,3-3-2-3,35.2,24.3,8.0,420.0,-4.0,[東]岩戸孝樹,奈村睦弘,0.0,2014101663,01092,01051,972002
201706040111,13,6,12,マナローラ,牝3,54.0,蛯名正義,2:01.0,1.1/4,5-5-6-7,35.2,38.0,11.0,458.0,6.0,[西]鮫島一歩,前田幸治,0.0,2014100591,00663,01046,948006
201706040111,14,1,1,フレスコパスト,牝3,54.0,武藤雅,2:01.0,ハナ,18-18-17-18,34.5,241.8,17.0,410.0,0.0,[東]中野栄治,岡田壮史,0.0,2014104281,01169,01010,684030
201706040111,15,3,5,ワラッチャウヨネ,牝3,54.0,勝浦正樹,2:01.0,ハナ,11-11-13-14,34.7,273.5,18.0,420.0,10.0,[東]高橋義博,渡辺牧場,0.0,2014102928,01025,01036,922800
201706040111,16,3,6,ジッパーレーン,牝3,54.0,吉田豊,2:01.2,1.1/4,3-4-6-5,35.4,57.6,14.0,452.0,-8.0,[東]戸田博文,Ｇ１レーシング,0.0,2014105456,00733,01054,808800
201706040111,17,2,4,ガジュマル,牝3,54.0,北村宏司,2:01.2,ハナ,17-16-17-17,34.7,108.2,15.0,476.0,4.0,[東]伊藤大士,山住勲,0.0,2014104138,01043,01109,258030
201706040111,18,5,10,シンボリジュネス,牝3,54.0,木幡巧也,2:01.4,1.1/2,14-14-2-7,35.8,215.4,16.0,470.0,2.0,[東]菊川正達,シンボリ牧場,0.0,2014102663,01162,01052,431800
201706040112,1,6,11,ネバーリグレット,セ4,57.0,石橋脩,1:08.0,,1-1,34.0,4.9,3.0,488.0,0.0,[東]木村哲也,Ｇ１レーシング,750.0,2013105860,01077,01126,808800
201706040112,2,3,6,ウィズアットレース,牝5,54.0,木幡巧也,1:08.4,2.1/2,2-2,34.1,27.7,8.0,426.0,16.0,[東]池上昌弘,岡田牧雄,300.0,2012102169,01162,00390,851009
201706040112,3,1,1,ニシノヒナマツリ,牝3,53.0,丸山元気,1:08.6,1.1/4,4-5,34.2,9.2,5.0,468.0,0.0,[東]根本康広,西山茂行,190.0,2014102705,01127,01029,897009
201706040112,4,3,5,ラッシュハート,牝3,53.0,柴田善臣,1:08.8,1.1/2,11-10,33.8,4.6,2.0,416.0,4.0,[東]戸田博文,小林哲之,110.0,2014101773,00641,01054,555033
201706040112,5,5,9,コスモフレンチ,牡4,57.0,丹内祐次,1:08.9,1/2,7-5,34.2,2.7,1.0,512.0,-6.0,[東]岩戸孝樹,ビッグレッドファーム,75.0,2013104362,01091,01051,716800
201706040112,6,8,15,マイネルパッセ,牡4,57.0,津村明秀,1:08.9,アタマ,4-3,34.5,19.1,6.0,454.0,-18.0,[東]萱野浩二,サラブレッドクラブ・ラフィアン,0.0,2013101901,01092,01024,546800
201706040112,7,1,2,フリームーヴメント,牡4,54.0,藤田菜七,1:09.0,1/2,13-14,33.8,20.0,7.0,450.0,2.0,[東]宗像義忠,ディアレストクラブ,0.0,2013106293,01164,00420,013803
201706040112,8,5,10,クリノヴェルサイユ,牝4,52.0,横山武史,1:09.1,1/2,7-5,34.3,95.4,14.0,440.0,6.0,[東]高市圭二,栗本博晴,0.0,2013102681,01170,01014,970006
201706040112,9,2,3,ナッツスター,牡4,54.0,武藤雅,1:09.1,ハナ,10-11,34.2,66.6,13.0,448.0,0.0,[東]武藤善則,早川経一,0.0,2013103929,01169,01064,681006
201706040112,10,6,12,メガポリゴン,牡3,55.0,田中勝春,1:09.3,1.1/4,6-5,34.8,9.1,4.0,526.0,-6.0,[東]宗像義忠,薗部博之,0.0,2014102886,00684,00420,960006
201706040112,11,4,7,スミレタンポポ,牝5,53.0,伴啓太,1:09.4,1/2,14-13,34.0,182.5,16.0,420.0,2.0,[東]高橋義博,海谷幸司,0.0,2012105327,01149,01036,457002
201706040112,12,4,8,ベルリネッタ,牡6,57.0,三浦皇成,1:09.4,ハナ,7-9,34.6,66.1,12.0,452.0,0.0,[東]中野栄治,大久保和夫,0.0,2011106427,01122,01010,474008
201706040112,13,7,14,フクノクオリア,セ3,55.0,内田博幸,1:09.4,クビ,16-14,33.7,38.7,9.0,496.0,8.0,[東]杉浦宏昭,福島祐子,0.0,2014101419,00422,01008,159033
201706040112,14,8,16,トーホウボニータ,牝3,50.0,木幡育也,1:09.7,1.3/4,11-11,34.7,62.2,11.0,422.0,-6.0,[東]武藤善則,東豊物産,0.0,2014101322,01167,01064,965800
201706040112,15,7,13,ソービック,牝3,53.0,丸田恭介,1:10.8,7,2-3,36.6,48.3,10.0,402.0,10.0,[東]杉浦宏昭,澤村敏雄,0.0,2014103209,01117,01008,467004
201706040112,16,2,4,ピクシーカフェ,牝4,52.0,菊沢一樹,1:11.2,2.1/2,14-16,35.8,141.4,15.0,442.0,6.0,[東]小島太,西川恭子,0.0,2013105024,01161,01013,505007
201706040201,1,1,1,レトリック,牡2,54.0,内田博幸,1:09.3,,1-1,35.7,2.6,2.0,442.0,8.0,[東]黒岩陽一,カナヤマホールディングス,500.0,2015100126,00422,01133,045803
201706040201,2,6,10,クイーンズテソーロ,牝2,54.0,田辺裕信,1:09.5,1.1/4,4-2,35.6,1.9,1.0,438.0,4.0,[東]畠山吉宏,了徳寺健二,200.0,2015106226,01075,01048,980033
201706040201,3,3,3,キーローズ,牝2,54.0,丸山元気,1:09.7,1.1/4,13-13,34.4,117.9,11.0,438.0,-8.0,[東]青木孝文,北前孔一郎,130.0,2015102284,01127,01156,338008
201706040201,4,7,11,カシノクオーレ,牝2,51.0,木幡育也,1:09.7,クビ,5-6,35.6,53.4,9.0,448.0,4.0,[東]天間昭一,柏木務,75.0,2015109048,01167,01090,514009
201706040201,5,6,9,レップウ,牡2,54.0,嘉藤貴行,1:10.0,1.3/4,12-11,34.8,19.2,4.0,460.0,8.0,[東]小野次郎,ケンレーシング組合,50.0,2015102958,01051,01125,026700
201706040201,6,8,13,カシノレガーメ,牡2,54.0,二本柳壮,1:10.2,1.1/4,5-6,36.1,71.5,10.0,448.0,-6.0,[東]二本柳俊,柏木務,0.0,2015101806,01049,00370,514009
201706040201,7,3,4,ニシノシノブ,牝2,51.0,野中悠太,1:10.3,1/2,2-3,36.6,17.2,3.0,436.0,4.0,[東]本間忍,西山茂行,0.0,2015101801,01158,01056,897009
201706040201,8,7,12,チリナリエ,牝2,51.0,横山武史,1:10.4,3/4,8-8,36.0,158.9,13.0,422.0,-2.0,[東]竹内正洋,岡田牧雄,0.0,2015106308,01170,01152,851009
201706040201,9,8,14,ノーブルメジャー,牝2,51.0,藤田菜七,1:10.4,クビ,8-10,36.0,30.7,6.0,400.0,8.0,[東]田村康仁,吉木伸彦,0.0,2015101557,01164,01027,755030
201706040201,10,5,8,ストロングタッグ,牡2,54.0,柴田大知,1:10.4,ハナ,5-4,36.3,27.3,5.0,484.0,-6.0,[東]和田雄二,西村新一郎,0.0,2015105880,01009,01143,772002
201706040201,11,2,2,ホクセツ,セ2,54.0,江田照男,1:10.5,3/4,8-8,36.1,139.1,12.0,484.0,0.0,[東]南田美知,ミルファーム,0.0,2015103872,00689,00437,629800
201706040201,12,5,7,ソンタク,牡2,54.0,的場勇人,1:10.5,ハナ,14-14,34.2,31.1,7.0,444.0,8.0,[東]的場均,田頭勇貴,0.0,2015106447,01108,01063,855030
201706040201,13,4,5,ククリナイフ,牡2,53.0,義英真,1:10.8,1.3/4,11-11,36.0,234.7,14.0,436.0,0.0,[東]谷原義明,田頭勇貴,0.0,2015101947,01155,00402,855030
201706040201,14,4,6,シゲルソラマメ,牡2,51.0,武藤雅,1:11.3,3,2-4,37.5,46.5,8.0,438.0,0.0,[東]粕谷昌央,森中蕃,0.0,2015101050,01169,01096,674004
201706040202,1,6,6,ランリーナ,牝2,54.0,吉田豊,2:02.8,,5-5-6-6,35.3,7.8,4.0,450.0,8.0,[東]竹内正洋,由井健太郎,500.0,2015102676,00733,01152,044803
201706040202,2,4,4,ミレフォリウム,牝2,54.0,津村明秀,2:03.0,1.1/4,8-8-2-2,35.9,1.9,1.0,468.0,-4.0,[東]中舘英二,サンデーレーシング,200.0,2015104994,01092,01153,226800
201706040202,3,5,5,マイネルアーリー,牡2,54.0,柴田大知,2:03.1,3/4,6-6-1-1,36.1,6.4,3.0,492.0,-4.0,[東]高橋祥泰,サラブレッドクラブ・ラフィアン,130.0,2015100365,01009,00359,546800
201706040202,4,2,2,セイカメテオライト,牡2,54.0,吉田隼人,2:03.6,3,4-4-3-3,36.3,11.2,5.0,450.0,-2.0,[東]相沢郁,久米大,75.0,2015100289,01095,01020,284008
201706040202,5,8,8,ファイアプルーフ,牡2,51.0,藤田菜七,2:03.6,クビ,2-2-3-3,36.3,4.7,2.0,488.0,2.0,[東]根本康広,犬塚悠治郎,50.0,2015103291,01164,01029,689033
201706040202,6,7,7,ニシノムソウ,牡2,54.0,丸田恭介,2:03.7,1/2,1-1-3-3,36.4,54.4,8.0,470.0,-10.0,[東]蛯名利弘,西山茂行,0.0,2015101774,01117,01131,897009
201706040202,7,1,1,ルビーロマン,牡2,54.0,勝浦正樹,2:03.8,クビ,7-7-8-8,36.0,53.8,7.0,482.0,-2.0,[東]蛯名利弘,畑佐博,0.0,2015103725,01025,01131,078006
201706040202,8,3,3,カミノコ,牡2,54.0,松若風馬,2:03.9,3/4,3-3-6-7,36.3,15.8,6.0,444.0,2.0,[西]森秀行,門野重雄,0.0,2015110068,01154,00427,490006
201706040203,1,7,14,ハルカノテソーロ,牡3,56.0,三浦皇成,1:54.6,,11-11-3-2,38.7,5.0,2.0,522.0,0.0,[東]高木登,了徳寺健二,500.0,2014104972,01122,01088,980033
201706040203,2,1,1,エルドールサージュ,牡3,56.0,田辺裕信,1:55.6,6,4-4-4-4,39.5,1.5,1.0,466.0,0.0,[東]大和田成,原禮子,200.0,2014104315,01075,01124,008803
201706040203,3,1,2,ウインドフォール,牝3,53.0,木幡巧也,1:55.6,アタマ,2-2-1-2,39.8,13.4,5.0,482.0,-4.0,[東]斎藤誠,下河辺隆行,130.0,2014101969,01162,01086,272008
201706040203,4,2,4,メジャーロール,牡3,56.0,内田博幸,1:55.7,クビ,3-3-2-1,39.9,13.0,4.0,446.0,0.0,[東]黒岩陽一,Ｈ．Ｈ．シェイク・モハメド,75.0,2014102171,00422,01133,003060
201706040203,5,8,15,ノーブルシリウス,牡3,53.0,武藤雅,1:56.4,4,4-5-7-6,40.0,154.3,13.0,470.0,6.0,[東]水野貴広,吉木伸彦,50.0,2014102392,01169,01094,755030
201706040203,6,7,13,ゴールデンマクリス,牝3,51.0,木幡育也,1:56.4,アタマ,4-5-9-8,39.8,42.5,9.0,458.0,2.0,[東]古賀慎明,井手慶祐,0.0,2014105695,01167,01079,153033
201706040203,7,6,12,ルーセントオーデ,牝3,54.0,柴田善臣,1:56.7,2,8-8-6-5,40.4,23.4,6.0,470.0,2.0,[東]松山将樹,吉岡泰治,0.0,2014102549,00641,01100,265005
201706040203,8,5,9,プリンシアステラ,牝3,54.0,伊藤工真,1:57.6,5,7-7-11-8,40.7,104.0,12.0,448.0,6.0,[東]高橋文雅,山本律,0.0,2014100198,01119,01134,682033
201706040203,9,2,3,レオネルコード,牡3,56.0,江田照男,1:57.6,ハナ,10-10-11-8,40.7,12.8,3.0,456.0,-2.0,[東]牧光二,石瀬浩三,0.0,2014100842,00689,01106,812008
201706040203,10,5,10,ジュングレイド,牡3,56.0,北村宏司,1:57.6,クビ,14-14-13-13,40.5,28.8,7.0,454.0,0.0,[東]勢司和浩,河合純二,0.0,2014106157,01043,01047,165033
201706040203,11,3,5,サーロンドン,牡3,56.0,吉田豊,1:57.7,クビ,12-12-10-12,40.9,38.5,8.0,460.0,-6.0,[東]田村康仁,窪田芳郎,0.0,2014105611,00733,01027,208008
201706040203,12,6,11,ティアップジャンコ,牝3,51.0,横山武史,1:58.1,2.1/2,8-9-15-13,40.7,165.2,14.0,436.0,-12.0,[東]小野次郎,田中昇,0.0,2014103819,01170,01125,122008
201706040203,13,4,8,トーアアテナ,牝3,53.0,木幡初也,1:59.3,7,15-15-16-15,41.5,247.2,15.0,466.0,-12.0,[東]藤原辰雄,高山ランド,0.0,2014102813,01153,00435,784800
201706040203,14,4,7,コーリンスライム,牡3,54.0,伴啓太,2:00.2,5,12-13-7-8,43.8,296.5,16.0,468.0,-2.0,[東]柴田政人,伊藤恵子,0.0,2014101671,01149,01007,698002
201706040203,15,8,16,ムックン,牡3,56.0,吉田隼人,2:00.6,2.1/2,1-1-4-6,44.5,97.7,11.0,504.0,10.0,[東]大江原哲,菊地祐司,0.0,2014105199,01095,01012,656033
201706040203,16,3,6,クラプトン,牡3,56.0,丸山元気,2:01.5,5,16-16-13-16,44.5,67.7,10.0,486.0,-4.0,[東]竹内正洋,佐野雅昭,0.0,2014103924,01127,01152,682030
201706040204,1,3,5,スペースファルコン,牡2,54.0,吉田隼人,1:57.2,,1-1-1-1,40.1,5.5,1.0,492.0,0.0,[東]新開幸一,星野隆男,700.0,2015104350,01095,01116,530033
201706040204,2,4,7,ミックベンハー,牡2,51.0,武藤雅,1:57.4,1.1/2,12-12-10-6,39.2,73.8,14.0,484.0,0.0,[東]畠山吉宏,キラット・ワン,280.0,2015105332,01169,01048,159800
201706040204,3,6,11,サムライブルー,牡2,54.0,田辺裕信,1:57.4,アタマ,2-2-2-2,40.1,6.4,4.0,460.0,0.0,[東]矢野英一,青山洋一,180.0,2015105920,01075,01108,015008
201706040204,4,8,15,エンドウォーニング,牡2,54.0,武士沢友,1:57.7,1.3/4,7-10-7-4,39.9,47.1,11.0,482.0,0.0,[東]高市圭二,井上久光,110.0,2015100073,01029,01014,959030
201706040204,5,3,6,オワゾードール,牡2,54.0,北村宏司,1:58.3,3.1/2,7-8-9-8,40.4,6.0,3.0,482.0,0.0,[東]久保田貴,ＶｉｒｉｄｉａｎＫｅｉｂａＣｌｕｂ,70.0,2015104474,01043,01067,092700
201706040204,6,2,3,ホウオウスクラム,牡2,54.0,松岡正海,1:59.2,5,11-11-4-3,41.6,9.9,6.0,492.0,0.0,[東]奥村武,小笹芳央,0.0,2015105411,01085,01145,906033
201706040204,7,1,2,テンワールドレイナ,牝2,54.0,三浦皇成,1:59.7,3,5-5-3-4,42.2,5.8,2.0,462.0,0.0,[東]矢野英一,天白泰司,0.0,2015104612,01122,01108,075006
201706040204,8,7,13,サクラトップタイム,牡2,54.0,内田博幸,2:00.7,6,16-16-12-10,42.2,42.7,10.0,482.0,0.0,[東]二ノ宮敬,トップフェロウ,0.0,2015105930,00422,00409,018803
201706040204,9,2,4,ウインリコルド,牡2,54.0,丹内祐次,2:01.2,3,15-15-13-11,42.6,11.2,7.0,490.0,0.0,[東]高橋祥泰,ウイン,0.0,2015100214,01091,00359,494800
201706040204,10,5,9,コスモロッソ,牡2,54.0,宮崎北斗,2:01.2,クビ,6-7-7-6,43.4,91.5,15.0,470.0,0.0,[東]松山将樹,岡田繁幸,0.0,2015106397,01118,01100,760008
201706040204,11,4,8,ダイワウェッジ,牡2,51.0,野中悠太,2:01.3,クビ,14-14-16-14,41.7,49.7,12.0,490.0,0.0,[東]宗像義忠,大城敬三,0.0,2015105978,01158,00420,587008
201706040204,12,5,10,ツクバマカナ,牡2,54.0,柴田大知,2:02.8,9,12-13-14-12,44.0,65.3,13.0,468.0,0.0,[東]蛯名利弘,細谷武史,0.0,2015105242,01009,01131,363030
201706040204,13,1,1,オビシャ,牡2,54.0,大庭和弥,2:03.4,4,7-8-15-14,44.2,170.0,16.0,468.0,0.0,[東]浅野洋一,内藤好江,0.0,2015101736,01061,00421,663007
201706040204,14,7,14,タイセイレーベン,牡2,54.0,柴田善臣,2:04.9,9,7-5-4-9,47.3,16.2,8.0,510.0,0.0,[東]菊川正達,田中成奉,0.0,2015102684,00641,01052,224007
201706040204,15,6,12,アストロローグ,牡2,53.0,木幡巧也,2:05.2,1.3/4,3-3-10-14,46.9,26.8,9.0,498.0,0.0,[東]武井亮,ヒダカ・ブリーダーズ・ユニオン,0.0,2015105507,01162,01147,547800
201706040204,16,8,16,ロードゲイル,牡2,54.0,津村明秀,2:12.3,大,4-3-6-12,54.6,8.5,5.0,500.0,0.0,[東]尾形和幸,ロードホースクラブ,0.0,2015103154,01092,01141,170800
201706040205,1,7,14,ウインディマンシュ,牝2,54.0,丹内祐次,1:37.0,,9-9-6,34.9,56.8,10.0,414.0,0.0,[東]田中剛,ウイン,700.0,2015100242,01091,01119,494800
201706040205,2,6,12,ネイビーアッシュ,牝2,54.0,三浦皇成,1:37.1,1/2,8-6-3,35.2,2.9,1.0,460.0,0.0,[東]萩原清,吉田勝己,280.0,2015104870,01122,01017,790005
201706040205,3,4,7,コスモレリア,牡2,54.0,柴田大知,1:37.3,1.1/4,14-12-10,35.1,4.1,2.0,466.0,0.0,[東]奥村武,ビッグレッドファーム,180.0,2015100731,01009,01145,716800
201706040205,4,4,8,スワーリングミスト,牝2,53.0,木幡巧也,1:37.3,クビ,5-6-5,35.4,19.2,6.0,448.0,0.0,[東]高橋祥泰,Ｈ．Ｈ．シェイク・モハメド,110.0,2015101575,01162,00359,003060
201706040205,5,1,2,イッツマイターン,牡2,51.0,武藤雅,1:37.7,2.1/2,5-5-8,35.9,8.2,4.0,498.0,0.0,[東]天間昭一,岡田牧雄,70.0,2015100400,01169,01090,851009
201706040205,6,6,11,オペラサンデー,牡2,54.0,勝浦正樹,1:38.1,2.1/2,11-14-12,35.8,12.3,5.0,426.0,0.0,[東]谷原義明,戸部政彦,0.0,2015106223,01025,00402,190033
201706040205,7,5,10,ティエンラン,牝2,51.0,野中悠太,1:38.3,1.1/4,1-1-1,37.0,85.2,13.0,446.0,0.0,[東]栗田博憲,山口功一郎,0.0,2015103847,01158,00341,849030
201706040205,8,8,15,エピリマイ,牝2,54.0,吉田豊,1:38.5,1.1/2,3-3-3,36.9,57.5,11.0,490.0,0.0,[東]伊藤圭三,大樹ファーム,0.0,2015103316,00733,01023,536800
201706040205,9,1,1,ジャンバイカ,牡2,54.0,丸山元気,1:39.0,3,11-9-11,36.9,25.6,8.0,494.0,0.0,[東]高橋裕,西森鶴,0.0,2015102521,01127,00412,677009
201706040205,10,7,13,ディアフェルスパー,牡2,54.0,田辺裕信,1:39.1,3/4,3-2-2,37.7,6.5,3.0,452.0,0.0,[東]菊川正達,ディアレストクラブ,0.0,2015103898,01075,01052,013803
201706040205,11,2,4,ソッフィダモーレ,牝2,54.0,杉原誠人,1:39.5,2.1/2,9-12-12,37.3,84.8,12.0,450.0,0.0,[東]伊藤伸一,ミルファーム,0.0,2015100482,01135,01031,629800
201706040205,12,3,6,ファインドザウェイ,牝2,54.0,松岡正海,1:39.6,1/2,14-15-15,37.0,35.1,9.0,448.0,0.0,[東]松山将樹,堀口晴男,0.0,2015103468,01085,01100,407033
201706040205,13,3,5,トーセンエピソード,牝2,53.0,井上敏樹,1:39.9,1.3/4,16-16-15,37.1,86.7,14.0,448.0,0.0,[東]小桧山悟,島川隆哉,0.0,2015101113,01151,01005,270006
201706040205,14,2,3,ブライターデイズ,牝2,54.0,松山弘平,1:40.3,2.1/2,5-8-14,38.3,19.6,7.0,474.0,0.0,[東]和田正道,ノルマンディーサラブレッドレーシング,0.0,2015100826,01126,00353,854800
201706040205,15,8,16,スワンレイクカフェ,牝2,51.0,菊沢一樹,1:40.4,3/4,2-3-6,38.8,142.1,16.0,434.0,0.0,[東]小島太,西川恭子,0.0,2015102791,01161,01013,505007
201706040205,16,5,9,ディセントファミリ,牡2,51.0,横山武史,1:40.6,1.1/2,13-9-8,38.5,121.0,15.0,468.0,0.0,[東]和田正道,和田牧場,0.0,2015100935,01170,00353,251800
201706040206,1,6,8,スクラッタ,牝4,55.0,三浦皇成,1:55.1,,7-7-7-5,36.9,6.6,5.0,412.0,8.0,[東]武市康男,吉田照哉,750.0,2013105408,01122,01089,758005
201706040206,2,7,11,ジュブリーユ,牝3,52.0,江田照男,1:55.3,1.1/4,3-3-3-3,37.6,8.3,6.0,486.0,-2.0,[東]牧光二,岡田牧雄,300.0,2014103600,00689,01106,851009
201706040206,3,5,7,ホノカ,牝3,49.0,藤田菜七,1:55.5,1.1/2,2-2-2-2,37.9,5.9,4.0,480.0,8.0,[東]菊川正達,ＫＴレーシング,190.0,2014104248,01164,01052,051803
201706040206,4,3,3,ボールドアテンプト,牝4,55.0,北村宏司,1:55.5,ハナ,5-5-5-3,37.5,5.0,3.0,462.0,8.0,[東]古賀慎明,Ｇ１レーシング,110.0,2013105250,01043,01079,808800
201706040206,5,6,9,トーセンメリッサ,牝5,55.0,小野寺祐,1:55.9,2.1/2,13-13-10-7,37.3,65.2,9.0,484.0,10.0,[東]加藤征弘,島川隆哉,75.0,2012101108,01123,01059,270006
201706040206,6,8,12,ドラゴンホマレ,牝3,52.0,吉田隼人,1:56.3,2.1/2,5-5-4-5,38.4,3.8,1.0,476.0,20.0,[東]久保田貴,窪田芳郎,0.0,2014106119,01095,01067,208008
201706040206,7,4,5,モアアピール,牝5,55.0,吉田豊,1:56.5,3/4,10-10-12-11,37.8,20.8,7.0,488.0,-2.0,[東]尾関知人,岩切企画,0.0,2012104786,00733,01103,056803
201706040206,8,2,2,デルマアツヒメ,牝4,55.0,松若風馬,1:56.5,ハナ,8-8-8-7,38.0,190.0,13.0,398.0,-2.0,[東]伊藤伸一,南條浩輝,0.0,2013105402,01154,01031,807033
201706040206,9,5,6,サトノシャルマン,牝5,55.0,田辺裕信,1:56.5,ハナ,1-1-1-1,38.9,4.3,2.0,496.0,-4.0,[東]奥村武,里見治,0.0,2012104222,01075,01145,790031
201706040206,10,4,4,マーヤ,牝4,52.0,武藤雅,1:56.8,1.3/4,12-12-13-11,38.0,32.3,8.0,474.0,0.0,[東]小笠倫弘,中田和宏,0.0,2013101185,01169,01076,573002
201706040206,11,8,13,オンワードラスター,牝3,52.0,木幡初広,1:57.1,1.3/4,11-11-8-7,38.7,116.0,11.0,426.0,-2.0,[東]杉浦宏昭,樫山章子,0.0,2014100354,00629,01008,752005
201706040206,12,1,1,ウインアルディー,牝3,52.0,丹内祐次,1:57.1,アタマ,3-3-5-7,39.1,90.2,10.0,460.0,-2.0,[東]池上昌弘,ウイン,0.0,2014100227,01091,00390,494800
201706040206,13,7,10,タカラユメ,牝3,49.0,野中悠太,1:59.0,大,9-8-10-13,40.4,141.7,12.0,396.0,0.0,[東]伊藤正徳,村山義男,0.0,2014100401,01158,00383,480007
201706040207,1,3,6,ブラヴォバンビーノ,牡3,52.0,武藤雅,1:11.6,,4-2,36.7,7.0,3.0,484.0,2.0,[東]武藤善則,シルクレーシング,750.0,2014101327,01169,01064,506800
201706040207,2,4,7,アイアムキャツアイ,牝3,53.0,蛯名正義,1:11.7,1/2,1-1,37.2,4.1,1.0,440.0,-6.0,[東]奥平雅士,堀紘一,300.0,2014101537,00663,01074,505006
201706040207,3,5,9,ドラグーン,セ5,57.0,吉田隼人,1:11.9,1.1/4,2-2,37.3,7.2,4.0,518.0,-6.0,[東]土田稔,Ｈ．Ｈ．シェイク・モハメド,190.0,2012101517,01095,00417,003060
201706040207,4,5,10,トウショウデュエル,牡5,56.0,木幡初也,1:11.9,クビ,4-4,37.0,50.0,12.0,516.0,0.0,[東]杉浦宏昭,トウショウ産業,110.0,2012103265,01153,01008,078800
201706040207,5,4,8,トウショウスレッジ,牡4,54.0,横山武史,1:12.3,2.1/2,9-9,36.9,70.5,15.0,488.0,0.0,[東]栗田博憲,トウショウ産業,75.0,2013104579,01170,00341,078800
201706040207,6,6,11,ウインアンビション,牡4,57.0,松山弘平,1:12.3,クビ,9-9,36.9,35.5,10.0,502.0,0.0,[東]畠山吉宏,ウイン,0.0,2013105139,01126,01048,494800
201706040207,7,2,3,エビスリアン,牡4,57.0,菱田裕二,1:12.3,ハナ,7-7,37.2,4.9,2.0,474.0,-8.0,[東]加藤征弘,加藤友三郎,0.0,2013102798,01144,01059,410005
201706040207,8,6,12,リトルレグルス,牡3,55.0,松岡正海,1:12.4,クビ,6-6,37.4,10.8,5.0,484.0,4.0,[東]手塚貴久,藤田在子,0.0,2014101637,01085,01038,491030
201706040207,9,7,13,スリラーインマニラ,セ4,57.0,内田博幸,1:12.5,3/4,2-4,37.8,12.1,7.0,444.0,-4.0,[東]武井亮,古賀慎一,0.0,2013106375,00422,01147,535033
201706040207,10,1,1,ネコフッピー,牝3,50.0,野中悠太,1:12.7,1.1/4,12-12,36.8,52.2,13.0,416.0,-2.0,[東]星野忍,桐谷茂,0.0,2014100304,01158,01030,129005
201706040207,11,3,5,キセキノムスメ,牝4,55.0,中井裕二,1:12.7,アタマ,14-16,36.6,11.3,6.0,456.0,-2.0,[東]小野次郎,協和牧場,0.0,2013101394,01141,01125,763800
201706040207,12,7,14,ユアザスター,牡4,57.0,北村宏司,1:12.9,1,11-11,37.3,14.6,8.0,502.0,0.0,[東]伊藤圭三,西村專次,0.0,2013104169,01043,01023,099007
201706040207,13,2,4,イデアオブダンディ,牡4,57.0,三浦皇成,1:12.9,アタマ,14-15,36.7,38.5,11.0,484.0,4.0,[東]柄崎孝,益田修一,0.0,2013101036,01122,00380,949030
201706040207,14,8,16,ココロノキャンバス,牝4,54.0,義英真,1:13.0,1/2,14-13,36.9,219.9,16.0,406.0,-4.0,[東]石毛善彦,田頭勇貴,0.0,2013100062,01155,00428,855030
201706040207,15,1,2,ガッテンパートナー,牡3,55.0,柴田善臣,1:13.1,3/4,7-7,38.0,55.2,14.0,444.0,-4.0,[東]本間忍,大島芳子,0.0,2014100956,00641,01056,052033
201706040207,16,8,15,チェアーグライド,牡3,55.0,田中勝春,1:13.5,2.1/2,12-13,37.7,15.2,9.0,502.0,-4.0,[東]矢野英一,社台レースホース,0.0,2014105750,00684,01108,415800
201706040208,1,3,4,ラッシュアタック,牡5,56.0,木幡巧也,1:47.6,,5-5-6-4,34.4,7.6,4.0,496.0,-2.0,[東]菊川正達,キャロットファーム,750.0,2012103944,01162,01052,486800
201706040208,2,2,2,ラベンダーメモリー,牝4,55.0,津村明秀,1:47.6,ハナ,1-1-1-1,34.8,5.4,3.0,448.0,2.0,[東]岩戸孝樹,田頭勇貴,300.0,2013109166,01092,01051,855030
201706040208,3,4,7,クィーンビー,牝4,55.0,横山典弘,1:47.6,ハナ,5-7-10-11,34.1,54.4,12.0,472.0,16.0,[東]和田正道,和田牧場,190.0,2013101630,00660,00353,251800
201706040208,4,3,5,アンドトゥモロー,牝5,55.0,松山弘平,1:47.8,1.1/2,10-10-12-12,34.2,40.5,11.0,468.0,-2.0,[東]戸田博文,吉田和子,110.0,2012104062,01126,01054,151006
201706040208,5,7,12,レッドアルカナ,牝4,55.0,蛯名正義,1:47.9,クビ,10-10-2-2,35.0,4.8,2.0,488.0,4.0,[東]国枝栄,東京ホースレーシング,75.0,2013105489,00663,00399,180800
201706040208,6,1,1,クラウンジーニアス,セ5,57.0,宮崎北斗,1:47.9,ハナ,5-4-6-4,34.7,147.8,15.0,488.0,0.0,[東]松永康利,クラウン,0.0,2012100793,01118,01093,826800
201706040208,7,7,13,ベイビーステップ,牡3,51.0,武藤雅,1:47.9,クビ,14-14-13-14,34.0,15.7,8.0,484.0,4.0,[東]菊川正達,大塚Ｒｙ’ｓＣＬＵＢ,0.0,2014103156,01169,01052,079700
201706040208,8,8,14,ヤマニンリュウセイ,牡4,57.0,江田照男,1:48.0,3/4,5-7-6-8,34.8,14.3,7.0,474.0,0.0,[東]栗田博憲,土井肇,0.0,2013101793,00689,00341,329004
201706040208,9,2,3,ドンチャブ,牡4,57.0,北村宏司,1:48.2,1.1/4,9-7-10-8,34.7,85.2,14.0,472.0,-8.0,[東]中川公成,古川智洋,0.0,2013102194,01043,01081,362008
201706040208,10,6,10,レッドミラベル,牝3,52.0,吉田豊,1:48.3,1/2,12-10-13-12,34.5,10.5,5.0,440.0,-8.0,[東]尾関知人,東京ホースレーシング,0.0,2014105575,00733,01103,180800
201706040208,11,5,8,プレシャスブルー,牡3,54.0,内田博幸,1:48.6,1.3/4,12-13-2-4,35.6,3.7,1.0,424.0,-6.0,[東]相沢郁,石瀬浩三,0.0,2014100063,00422,01020,812008
201706040208,12,6,11,ラヴィソント,牝3,52.0,的場勇人,1:48.6,ハナ,3-3-6-4,35.4,31.3,10.0,430.0,4.0,[東]加藤和宏,岡田壮史,0.0,2014104251,01108,01077,684030
201706040208,13,5,9,マイネルシュバリエ,セ5,57.0,柴田大知,1:48.9,1.3/4,15-15-15-14,34.8,25.2,9.0,486.0,-16.0,[東]和田正道,サラブレッドクラブ・ラフィアン,0.0,2012100734,01009,00353,546800
201706040208,14,8,15,ナイアガラモンロー,牝5,53.0,伴啓太,1:48.9,ハナ,4-5-2-8,35.9,58.8,13.0,508.0,10.0,[東]堀井雅広,塩田清,0.0,2012105927,01149,00436,315006
201706040208,15,4,6,ネオヴェルザンディ,牝4,55.0,三浦皇成,1:49.6,4,2-2-2-2,36.7,12.0,6.0,480.0,8.0,[東]鹿戸雄一,小林仁幸,0.0,2013110104,01122,01097,234008
201706040209,1,6,6,パルティトゥーラ,牝3,52.0,横山典弘,1:33.3,,8-7-6,33.5,3.1,1.0,464.0,0.0,[東]和田正一,キャロットファーム,1522.4,2014106097,00660,01114,486800
201706040209,2,2,2,コートシャルマン,牝5,52.0,横山和生,1:33.4,3/4,1-1-1,34.3,37.1,8.0,468.0,10.0,[西]松永幹夫,社台レースホース,606.4,2012104217,01140,01092,415800
201706040209,3,5,5,ダイワドレッサー,牝4,55.5,三浦皇成,1:33.5,クビ,4-4-4,34.1,6.4,4.0,468.0,-2.0,[東]鹿戸雄一,大城敬三,383.2,2013105715,01122,01097,587008
201706040209,4,4,4,キャプテンペリー,セ4,57.0,吉田隼人,1:33.5,クビ,2-2-2,34.3,3.5,3.0,486.0,6.0,[東]岩戸孝樹,千明牧場,230.0,2013109027,01095,01051,075800
201706040209,5,7,7,ジャッキー,牡3,54.0,内田博幸,1:33.7,1,6-7-8,33.9,12.8,5.0,482.0,-2.0,[東]高橋祥泰,小田切有一,150.0,2014103268,00422,00359,334009
201706040209,6,8,9,アッラサルーテ,牝4,55.0,津村明秀,1:33.7,クビ,2-3-3,34.4,3.5,2.0,482.0,-2.0,[東]手塚貴久,吉田勝己,0.0,2013106131,01092,01038,790005
201706040209,7,8,8,マイネルディアベル,牡6,55.0,宮崎北斗,1:33.7,クビ,6-6-6,34.1,18.9,6.0,474.0,4.0,[東]土田稔,サラブレッドクラブ・ラフィアン,0.0,2011105136,01118,00417,546800
201706040209,8,1,1,レッドアフレイム,牡5,54.0,北村宏司,1:33.8,1/2,4-4-4,34.4,22.5,7.0,442.0,0.0,[東]久保田貴,東京ホースレーシング,0.0,2012106129,01043,01067,180800
201706040209,9,3,3,イリューム,牝3,50.0,松若風馬,1:34.2,2.1/2,8-9-9,34.1,56.5,9.0,422.0,0.0,[東]尾関知人,水上行雄,0.0,2014103749,01154,01103,482002
201706040210,1,8,15,ウインオスカー,牡4,57.0,菱田裕二,1:11.0,,3-3,36.7,2.2,1.0,506.0,-4.0,[西]飯田雄三,ウイン,1853.6,2013101678,01144,01050,494800
201706040210,2,7,14,グラスエトワール,牝5,55.0,丹内祐次,1:11.1,3/4,7-5,36.5,18.8,5.0,492.0,0.0,[東]牧光二,伊東純一,739.6,2012102978,01091,01106,934006
201706040210,3,3,6,インディーズゲーム,牡9,57.0,田中勝春,1:11.4,2,12-11,36.3,206.2,16.0,468.0,-2.0,[東]宗像義忠,薗部博之,464.8,2008110132,00684,00420,960006
201706040210,4,4,8,ディープミタカ,牡6,57.0,津村明秀,1:11.5,クビ,8-8,36.8,13.6,4.0,464.0,2.0,[西]藤岡健一,深見敏男,270.0,2011102525,01092,01062,128008
201706040210,5,1,1,クワドループル,牡5,57.0,蛯名正義,1:11.5,ハナ,13-15,36.2,43.6,12.0,496.0,0.0,[東]小島太,Ｈ．Ｈ．シェイク・モハメド,182.0,2012101567,00663,01013,003060
201706040210,6,6,12,アトランタ,牡5,57.0,武士沢友,1:11.6,1/2,1-1,37.9,5.0,2.0,542.0,-6.0,[東]古賀史生,桐谷茂,0.0,2012100342,01029,00392,129005
201706040210,7,3,5,ヒカリマサムネ,牡7,57.0,江田照男,1:11.6,ハナ,9-8,36.8,20.9,8.0,464.0,0.0,[東]池上昌弘,ヒカリクラブ,0.0,2010102007,00689,00390,817800
201706040210,8,6,11,ウィッシュハピネス,牝5,55.0,三浦皇成,1:11.6,ハナ,2-2,37.4,30.9,10.0,484.0,-12.0,[西]沖芳夫,前田晋二,0.0,2012100613,01122,00378,041002
201706040210,9,1,2,ノボリクリーン,牡5,57.0,水口優也,1:11.6,クビ,6-5,37.1,20.2,7.0,476.0,2.0,[西]石橋守,原田豊,0.0,2012105205,01133,01140,945006
201706040210,10,8,16,リバーソウル,牡6,57.0,柴田善臣,1:11.6,ハナ,15-11,36.2,54.9,13.0,462.0,-10.0,[西]浅見秀一,林正道,0.0,2011103937,00641,00411,675030
201706040210,11,5,9,ハングリーベン,牡3,55.0,北村宏司,1:11.7,クビ,5-5,37.3,19.4,6.0,442.0,11.0,[東]武井亮,石瀬浩三,0.0,2014100668,01043,01147,812008
201706040210,12,4,7,ナイトフォックス,牡5,57.0,丸田恭介,1:11.8,1/2,9-8,36.9,34.3,11.0,472.0,2.0,[東]大竹正博,石瀬浩三,0.0,2012104122,01117,01102,812008
201706040210,13,7,13,フレンドスイート,牝6,55.0,丸山元気,1:11.8,クビ,13-14,36.5,105.5,14.0,464.0,0.0,[東]南田美知,横尾晴人,0.0,2011101463,01127,00437,145030
201706040210,14,5,10,スズカアーサー,牡8,57.0,長岡禎仁,1:11.8,アタマ,15-15,36.4,118.9,15.0,502.0,6.0,[東]柄崎孝,永井啓弍,0.0,2009101967,01142,00380,382004
201706040210,15,2,3,ヨウライフク,セ5,57.0,吉田隼人,1:12.3,3,3-3,38.0,24.9,9.0,500.0,0.0,[西]奥村豊,小野建,0.0,2012106375,01095,01146,612030
201706040210,16,2,4,エルフィンコーブ,牝4,55.0,松山弘平,1:12.7,2.1/2,9-11,37.8,5.8,3.0,518.0,14.0,[西]池添学,吉田和子,0.0,2013110109,01126,01144,151006
201706040211,1,3,6,グランシルク,牡5,56.0,田辺裕信,1:31.6,,8-9-7,33.4,3.0,1.0,504.0,0.0,[東]戸田博文,シルクレーシング,3958.1,2012104915,01075,01054,506800
201706040211,2,2,3,ガリバルディ,牡6,57.0,北村宏司,1:31.9,1.3/4,12-11-11,33.6,28.5,11.0,504.0,0.0,[西]藤原英昭,社台レースホース,1616.6,2011104243,01043,01055,415800
201706040211,3,7,13,ダノンリバティ,牡5,56.0,松若風馬,1:31.9,クビ,8-7-7,34.0,13.7,6.0,524.0,-2.0,[西]音無秀孝,ダノックス,988.3,2012104672,01154,01002,619800
201706040211,4,3,5,マルターズアポジー,牡5,58.0,武士沢友,1:32.2,1.3/4,1-1-1,35.1,4.5,2.0,528.0,0.0,[東]堀井雅広,藤田在子,590.0,2012100939,01029,00436,491030
201706040211,5,6,12,トーセンデューク,牡6,55.0,三浦皇成,1:32.3,1/2,13-13-14,33.7,25.4,9.0,452.0,2.0,[西]藤原英昭,島川隆哉,390.0,2011104284,01122,01055,270006
201706040211,6,6,11,アスカビレン,牝5,54.0,松田大作,1:32.3,クビ,11-11-12,33.9,19.3,7.0,464.0,-2.0,[西]中尾秀正,神田紘爾,0.0,2012105832,01030,01069,333007
201706040211,7,1,1,ダイワリベラル,牡6,56.0,津村明秀,1:32.4,1/2,8-9-10,34.3,42.9,13.0,510.0,-14.0,[東]菊沢隆徳,大城敬三,0.0,2011104205,01092,01115,587008
201706040211,8,8,15,ロサギガンティア,牡6,57.0,杉原誠人,1:32.5,クビ,5-4-5,35.0,95.8,15.0,526.0,-8.0,[東]藤沢和雄,社台レースホース,0.0,2011104295,01135,00386,415800
201706040211,9,7,14,ミッキージョイ,牡5,55.0,内田博幸,1:32.6,3/4,15-15-15,33.8,20.1,8.0,506.0,6.0,[東]萩原清,野田みづき,0.0,2012103711,00422,01017,441007
201706040211,10,2,4,オールザゴー,牡3,53.0,坂井瑠星,1:32.7,1/2,5-7-7,34.9,51.9,14.0,482.0,4.0,[西]矢作芳人,サンデーレーシング,0.0,2014105338,01163,01075,226800
201706040211,11,1,2,ボンセルヴィーソ,牡3,54.0,松山弘平,1:32.7,アタマ,3-4-3,35.2,6.9,3.0,462.0,0.0,[西]池添学,名古屋友豊,0.0,2014102036,01126,01144,463800
201706040211,12,4,8,ブラックスピネル,牡4,57.0,吉田隼人,1:33.0,1.3/4,5-4-5,35.5,8.4,4.0,506.0,6.0,[西]音無秀孝,サンデーレーシング,0.0,2013106118,01095,01002,226800
201706040211,13,4,7,ウインフルブルーム,牡6,57.0,松岡正海,1:33.1,1/2,2-2-2,35.9,26.1,10.0,518.0,4.0,[西]宮本博,ウイン,0.0,2011105223,01085,01073,494800
201706040211,14,5,9,ウキヨノカゼ,牝7,55.0,横山典弘,1:33.7,3.1/2,13-13-12,35.1,13.4,5.0,480.0,-8.0,[東]菊沢隆徳,國分純,0.0,2010100975,00660,01115,243008
201706040211,15,8,16,マイネルアウラート,牡6,57.0,柴田大知,1:33.7,クビ,3-3-3,36.4,32.1,12.0,464.0,-2.0,[東]高橋裕,サラブレッドクラブ・ラフィアン,0.0,2011105236,01009,00412,546800
201706040211,-2,5,10,ダノンプラチナ,牡5,58.0,蛯名正義,,,,,,,,,[東]国枝栄,ダノックス,0.0,2012103193,00663,00399,619800
201706040212,1,2,3,チュラカーギー,牝4,55.0,田辺裕信,1:10.8,,2-1,37.0,2.7,1.0,482.0,4.0,[東]中舘英二,瀬谷隆雄,1050.0,2013105838,01075,01153,775006
201706040212,2,7,13,プリンセスロック,牝5,55.0,北村宏司,1:11.1,2,8-6,36.6,22.7,7.0,480.0,8.0,[東]大和田成,吉田和美,420.0,2012106308,01043,01124,138007
201706040212,3,7,14,シェアード,牡4,57.0,柴田大知,1:11.1,ハナ,3-4,36.9,6.3,3.0,478.0,2.0,[東]牧光二,伊東純一,260.0,2013104275,01009,01106,934006
201706040212,4,4,7,タッチシタイ,牡7,57.0,松若風馬,1:11.4,1.3/4,14-14,35.8,121.1,14.0,498.0,4.0,[西]音無秀孝,小田切有一,160.0,2010101326,01154,01002,334009
201706040212,5,1,1,ダウトレス,セ6,57.0,江田照男,1:11.5,1/2,9-8,36.7,103.7,13.0,510.0,4.0,[東]小島太,ノースヒルズ,105.0,2011105075,00689,01013,788800
201706040212,6,4,8,タケルラグーン,牡5,57.0,勝浦正樹,1:11.7,1.1/4,15-15,35.9,23.1,8.0,492.0,8.0,[東]池上昌弘,森保彦,0.0,2012102147,01025,00390,748009
201706040212,7,2,4,タイセイラルーナ,牝4,52.0,野中悠太,1:11.7,アタマ,3-4,37.4,125.4,15.0,482.0,4.0,[東]蛯名利弘,田中成奉,0.0,2013103523,01158,01131,224007
201706040212,8,5,10,タマモシルクハット,牡4,54.0,武藤雅,1:11.8,クビ,10-8,36.9,43.2,10.0,464.0,0.0,[東]水野貴広,タマモ,0.0,2013101425,01169,01094,515800
201706040212,9,1,2,コパノディール,牝4,52.0,藤田菜七,1:11.8,クビ,11-12,36.8,23.8,9.0,444.0,2.0,[東]尾形充弘,小林照弘,0.0,2013105028,01164,00349,304033
201706040212,10,8,16,ケンコンイッテキ,牡4,57.0,三浦皇成,1:11.9,1/2,3-3,37.7,5.1,2.0,500.0,-6.0,[東]田島俊明,ＣＨＥＶＡＬＡＴＴＡＣＨＥ,0.0,2013101848,01122,01112,888800
201706040212,11,3,5,メイショウタラチネ,牝5,55.0,丸田恭介,1:12.0,クビ,11-10,37.0,21.9,6.0,470.0,4.0,[西]高橋義忠,松本好雄,0.0,2012103583,01117,01129,523005
201706040212,12,5,9,アフターバーナー,牡3,55.0,内田博幸,1:12.1,1/2,13-13,36.9,6.8,4.0,512.0,2.0,[東]伊藤圭三,Ｈ．Ｈ．シェイク・モハメド,0.0,2014102200,00422,01023,003060
201706040212,13,6,11,サルタート,牝3,53.0,菱田裕二,1:12.1,クビ,7-7,37.7,96.6,12.0,444.0,-4.0,[東]加藤征弘,サンデーレーシング,0.0,2014105780,01144,01059,226800
201706040212,14,8,15,ヒカルランナー,牡8,54.0,菊沢一樹,1:12.6,3,15-16,36.7,323.0,16.0,510.0,-8.0,[東]柄崎孝,安蒜一修,0.0,2009109113,01161,00380,482033
201706040212,15,3,6,レンレン,牝3,50.0,横山武史,1:12.7,1/2,1-2,38.9,53.8,11.0,454.0,0.0,[西]牧浦充徳,石川幸司,0.0,2014104855,01170,01113,279008
201706040212,16,6,12,アシャカセルクル,牡3,55.0,吉田隼人,1:13.0,1.3/4,3-10,38.8,7.4,5.0,500.0,-2.0,[東]小笠倫弘,吉冨学,0.0,2014102484,01095,01076,905033
201706040301,1,8,16,シスル,牝2,54.0,三浦皇成,1:12.7,,8-9,37.8,6.8,2.0,474.0,8.0,[東]新開幸一,中村祐子,500.0,2015102313,01122,01116,373008
201706040301,2,7,14,ディアバビアナ,牝2,54.0,戸崎圭太,1:12.8,1/2,4-2,38.3,1.9,1.0,484.0,-6.0,[東]高橋裕,ディアレストクラブ,200.0,2015103085,05386,00412,013803
201706040301,3,6,12,デルマシャンパン,牝2,53.0,木幡初也,1:13.0,1.1/2,15-14,37.2,73.7,13.0,458.0,4.0,[東]鹿戸雄一,浅沼廣幸,130.0,2015101404,01153,01097,274002
201706040301,4,3,5,イサチルルンルン,牝2,54.0,津村明秀,1:13.1,3/4,4-4,38.6,8.9,3.0,426.0,-6.0,[東]竹内正洋,小坂功,75.0,2015103042,01092,01152,162033
201706040301,5,2,3,ジャベルアンドレ,牝2,54.0,石橋脩,1:13.3,1.1/4,1-1,39.1,9.2,4.0,524.0,-2.0,[東]牧光二,高嶋航,50.0,2015103858,01077,01106,440030
201706040301,6,7,13,グラスコマチ,牝2,51.0,藤田菜七,1:13.4,3/4,12-12,38.0,64.7,10.0,432.0,-4.0,[東]尾形充弘,半沢,0.0,2015106257,01164,00349,541800
201706040301,7,5,9,サイモンジルバ,牝2,54.0,大野拓弥,1:13.5,クビ,13-12,37.9,68.9,12.0,470.0,12.0,[東]根本康広,澤田昭紀,0.0,2015103377,01096,01029,132030
201706040301,8,4,8,タイセイパルフェ,牝2,53.0,木幡巧也,1:13.8,1.3/4,7-6,39.2,20.2,6.0,456.0,-2.0,[東]池上昌和,田中成奉,0.0,2015103934,01162,01150,224007
201706040301,9,8,15,クレマン,牝2,51.0,野中悠太,1:13.8,アタマ,8-8,39.0,96.4,14.0,460.0,-4.0,[東]佐藤吉勝,片山博志,0.0,2015100853,01158,01035,563002
201706040301,10,5,10,ショウナンダズル,牝2,54.0,北村宏司,1:14.2,2.1/2,2-2,39.8,21.2,7.0,502.0,-2.0,[東]古賀史生,国本哲秀,0.0,2015101374,01043,00392,331002
201706040301,11,6,11,ニシノバーチョ,牝2,54.0,田辺裕信,1:14.2,ハナ,10-10,39.0,51.4,9.0,440.0,0.0,[東]松永康利,西山茂行,0.0,2015101773,01075,01093,897009
201706040301,12,2,4,マイキャラット,牝2,54.0,柴田善臣,1:14.2,アタマ,16-15,38.2,14.3,5.0,454.0,-2.0,[東]小島茂之,飯田正剛,0.0,2015105955,00641,01068,994002
201706040301,13,1,1,シガール,牝2,54.0,柴田大知,1:14.4,1.1/4,10-10,39.2,40.6,8.0,474.0,-2.0,[東]田中清隆,ブルースターズファーム,0.0,2015106129,01009,00408,027803
201706040301,14,1,2,ジョリルミエール,牝2,54.0,丸山元気,1:14.6,1.1/4,4-6,40.1,127.0,16.0,422.0,-6.0,[東]青木孝文,後藤英成,0.0,2015105459,01127,01156,470030
201706040301,15,3,6,カクカクシカジーカ,牝2,54.0,江田照男,1:15.2,3.1/2,2-4,40.8,64.7,11.0,418.0,-2.0,[東]中野栄治,芳賀克也,0.0,2015105510,00689,01010,247030
201706040301,16,4,7,ビバラエポボン,牝2,54.0,杉原誠人,1:15.4,1.1/4,14-16,39.7,111.2,15.0,454.0,-2.0,[東]本間忍,ミルファーム,0.0,2015101966,01135,01056,629800
201706040302,1,2,4,ミッキーチャイルド,牡2,54.0,横山典弘,1:56.8,,2-2-2-2,40.0,2.9,1.0,460.0,2.0,[東]久保田貴,野田みづき,500.0,2015104142,00660,01067,441007
201706040302,2,5,10,アメノムラクモ,牡2,54.0,吉田隼人,1:57.0,1.1/4,8-8-5-6,39.9,5.1,2.0,504.0,0.0,[東]尾形和幸,高橋文男,200.0,2015102146,01095,01141,371009
201706040302,3,1,1,アシャカデッシュ,牡2,54.0,津村明秀,1:57.3,2,1-1-1-1,40.7,5.2,3.0,494.0,-6.0,[東]鈴木伸尋,吉冨学,130.0,2015104004,01092,01026,905033
201706040302,4,7,14,ムルシェラゴ,牡2,54.0,戸崎圭太,1:57.4,クビ,6-6-4-4,40.5,6.3,4.0,526.0,12.0,[東]奥村武,ＫＴレーシング,75.0,2015103686,05386,01145,051803
201706040302,5,1,2,ロージズキング,牡2,54.0,木幡初広,1:57.5,3/4,3-3-5-4,40.4,46.1,8.0,506.0,0.0,[東]牧光二,鈴木芳夫,50.0,2015106260,00629,01106,639009
201706040302,6,6,12,ビビッドプルメージ,牡2,53.0,井上敏樹,1:57.6,1/2,3-3-2-2,40.8,9.6,5.0,468.0,12.0,[東]水野貴広,コスモヴューファーム,0.0,2015100237,01151,01094,030803
201706040302,7,8,15,サンマルアナザー,牡2,54.0,小島太一,1:58.2,3.1/2,11-10-7-7,40.8,46.5,9.0,470.0,0.0,[東]小島太,相馬勇,0.0,2015101560,01097,01013,580007
201706040302,8,7,13,エルノヴィオ,牡2,52.0,伴啓太,1:58.4,1.1/4,13-13-12-9,40.6,203.2,16.0,462.0,4.0,[東]本間忍,橋本忠雄,0.0,2015101917,01149,01056,434006
201706040302,9,6,11,セイカフェボリット,牡2,54.0,田辺裕信,1:59.5,7,15-15-15-12,41.1,47.7,10.0,466.0,2.0,[東]南田美知,久米誠,0.0,2015100291,01075,00437,578005
201706040302,10,3,5,キタノペガサス,牡2,54.0,長岡禎仁,1:59.7,1,15-15-14-12,41.5,90.9,13.0,446.0,0.0,[東]竹内正洋,北所直人,0.0,2015101894,01142,01152,163002
201706040302,11,4,8,マイネルポーチカ,牡2,54.0,丹内祐次,1:59.9,1.1/4,5-5-10-12,42.3,109.9,14.0,484.0,2.0,[東]武市康男,サラブレッドクラブ・ラフィアン,0.0,2015103730,01091,01089,546800
201706040302,12,3,6,ファーストペンギン,牡2,54.0,大野拓弥,2:00.0,3/4,12-10-7-7,42.5,19.3,6.0,496.0,6.0,[東]新開幸一,松田整二,0.0,2015102223,01096,01116,304030
201706040302,13,5,9,エムティトランプ,牡2,54.0,丸山元気,2:00.1,3/4,9-8-7-10,42.7,70.8,12.0,496.0,-4.0,[東]清水英克,門別牧場,0.0,2015100418,01127,01080,014803
201706040302,14,4,7,カシノソルジャー,牡2,54.0,二本柳壮,2:00.1,ハナ,9-10-13-15,42.2,50.2,11.0,490.0,12.0,[東]二本柳俊,柏木務,0.0,2015109007,01049,00370,514009
201706040302,15,8,16,カシノクリス,牝2,51.0,藤田菜七,2:00.4,1.3/4,14-14-16-16,41.9,40.9,7.0,450.0,4.0,[東]和田雄二,柏木務,0.0,2015105773,01164,01143,514009
201706040302,16,2,3,グランカナーレ,牡2,54.0,武士沢友,2:00.6,1.1/4,7-6-11-11,42.9,118.1,15.0,460.0,0.0,[東]小桧山悟,浅田次郎,0.0,2015100156,01029,01005,108007
201706040303,1,5,9,ディアジラソル,牝2,54.0,勝浦正樹,1:09.6,,7-7,34.9,13.4,7.0,424.0,2.0,[東]高橋裕,ディアレストクラブ,500.0,2015102478,01025,00412,013803
201706040303,2,4,7,キャクタス,牝2,51.0,野中悠太,1:09.6,クビ,2-2,35.3,17.9,8.0,448.0,0.0,[東]栗田徹,中村祐子,200.0,2015105877,01158,01127,373008
201706040303,3,8,14,セイウンクールガイ,牡2,54.0,大野拓弥,1:09.9,1.3/4,3-3,35.4,8.8,6.0,438.0,4.0,[東]奥平雅士,西山茂行,130.0,2015100272,01096,01074,897009
201706040303,4,6,10,レディライク,牝2,51.0,横山武史,1:09.9,アタマ,8-8,35.1,7.0,4.0,420.0,-2.0,[東]蛯名利弘,荻伏服部牧場,75.0,2015103509,01170,01131,912800
201706040303,5,7,12,ダイメイジャスミン,牝2,54.0,丸田恭介,1:10.0,1/2,4-3,35.4,6.1,2.0,392.0,-4.0,[東]石毛善彦,宮本孝一,50.0,2015103146,01117,00428,688006
201706040303,6,3,5,シゲルコシアブラ,牡2,54.0,丸山元気,1:10.1,1/2,4-5,35.5,213.3,13.0,454.0,16.0,[東]青木孝文,森中蕃,0.0,2015106265,01127,01156,674004
201706040303,7,1,1,マヤノフロスティ,牡2,53.0,木幡巧也,1:10.2,1/2,8-8,35.4,7.8,5.0,498.0,-2.0,[東]牧光二,田所英子,0.0,2015101022,01162,01106,635009
201706040303,8,2,2,サカショウクィーン,牝2,54.0,岩部純二,1:10.3,3/4,1-1,36.1,216.5,14.0,420.0,2.0,[東]天間昭一,坂田行夫,0.0,2015109054,00726,01090,244008
201706040303,9,8,15,ナンヨーセゾニエ,牝2,54.0,柴田善臣,1:10.6,1.3/4,4-5,36.0,6.2,3.0,418.0,6.0,[東]宗像義忠,中村徳也,0.0,2015104148,00641,00420,512031
201706040303,10,5,8,ニシノエイユウ,牡2,54.0,吉田隼人,1:11.0,2.1/2,8-10,36.2,140.0,11.0,476.0,0.0,[東]尾形充弘,西山茂行,0.0,2015101781,01095,00349,897009
201706040303,11,3,4,イセベル,牝2,54.0,田中勝春,1:11.4,2.1/2,12-12,36.2,55.3,9.0,450.0,0.0,[東]大江原哲,谷掛龍夫,0.0,2015102330,00684,01012,727008
201706040303,12,4,6,トリプルキセキ,牡2,54.0,戸崎圭太,1:11.4,ハナ,11-11,36.3,3.4,1.0,442.0,-2.0,[西]森秀行,ＬＳ．Ｍ,0.0,2015102691,05386,00427,978800
201706040303,13,6,11,ククリナイフ,牡2,54.0,大庭和弥,1:11.7,1.1/2,14-12,36.0,365.8,15.0,432.0,-4.0,[東]谷原義明,田頭勇貴,0.0,2015101947,01061,00402,855030
201706040303,14,2,3,ホクセツ,セ2,54.0,杉原誠人,1:12.3,3.1/2,13-14,36.8,94.5,10.0,480.0,-4.0,[東]南田美知,ミルファーム,0.0,2015103872,01135,00437,629800
201706040303,15,7,13,キラメキサマー,牝2,51.0,藤田菜七,1:13.6,8,15-15,37.3,159.6,12.0,404.0,0.0,[東]和田正道,スピードファーム,0.0,2015100325,01164,00353,911800
201706040304,1,3,5,ダノンイーグル,牡3,56.0,田辺裕信,1:12.3,,2-2,38.1,1.6,1.0,492.0,2.0,[東]久保田貴,ダノックス,500.0,2014105483,01075,01067,619800
201706040304,2,6,11,ラヴタクティクス,牝3,54.0,黛弘人,1:12.3,クビ,10-12,37.3,78.4,9.0,492.0,17.0,[東]天間昭一,岡田牧雄,200.0,2014102640,01109,01090,851009
201706040304,3,1,2,ジャルダンヴェール,牝3,54.0,伊藤工真,1:12.4,クビ,1-1,38.2,10.7,4.0,436.0,4.0,[東]金成貴史,平井裕,130.0,2014103078,01119,01132,686006
201706040304,4,2,3,キャプテンルフィ,牡3,56.0,大野拓弥,1:12.8,2.1/2,7-6,38.1,7.7,3.0,482.0,-2.0,[東]岩戸孝樹,千明牧場,75.0,2014109100,01096,01051,075800
201706040304,5,7,14,トウカイジュリア,牝3,51.0,野中悠太,1:12.8,アタマ,7-7,38.1,218.3,15.0,470.0,6.0,[東]栗田博憲,内村正則,50.0,2014103079,01158,00341,695004
201706040304,6,5,10,ミラドール,牝3,54.0,丹内祐次,1:12.8,ハナ,5-4,38.3,19.1,6.0,440.0,-2.0,[東]武市康男,水上行雄,0.0,2014104801,01091,01089,482002
201706040304,7,3,6,ピネローロ,牝3,51.0,菊沢一樹,1:12.9,1/2,12-10,37.8,29.6,8.0,456.0,10.0,[東]菊沢隆徳,Ｇ１レーシング,0.0,2014105669,01161,01115,808800
201706040304,8,8,16,エーデルワイス,牝3,53.0,井上敏樹,1:13.3,2.1/2,7-7,38.6,4.9,2.0,490.0,-8.0,[東]高木登,河原義宏,0.0,2014103773,01151,01088,973030
201706040304,9,6,12,ショウブノセック,牡3,54.0,伴啓太,1:13.5,1.1/4,3-4,39.2,18.7,5.0,470.0,4.0,[東]尾形和幸,古賀慎一,0.0,2014102740,01149,01141,535033
201706040304,10,4,7,ハニーポット,牝3,54.0,吉田隼人,1:13.5,アタマ,10-10,38.5,27.9,7.0,440.0,-4.0,[東]中川公成,平田修,0.0,2014106475,01095,01081,011008
201706040304,11,5,9,シセイウタゲ,牝3,54.0,吉田豊,1:13.6,クビ,3-2,39.3,168.1,12.0,412.0,2.0,[東]高橋文雅,猪苗代勇,0.0,2014102554,00733,01134,441009
201706040304,12,1,1,サコウイッパク,牡3,56.0,丸山元気,1:14.0,2.1/2,13-13,38.6,180.8,14.0,506.0,12.0,[東]根本康広,村島昭男,0.0,2014104388,01127,01029,015006
201706040304,13,8,15,テイクマイチャンス,牝3,53.0,木幡巧也,1:14.5,3,5-7,40.0,180.7,13.0,458.0,4.0,[東]小笠倫弘,岡田牧雄,0.0,2014100382,01162,01076,851009
201706040304,14,7,13,サーカディアン,牝3,54.0,武士沢友,1:14.5,ハナ,13-14,39.1,441.0,16.0,452.0,-12.0,[東]小桧山悟,加藤徹,0.0,2014106318,01029,01005,036006
201706040304,15,2,4,ヴァンドゥーズ,牝3,54.0,小野寺祐,1:14.6,1/2,15-15,38.9,126.6,11.0,408.0,-14.0,[東]木村哲也,Ｈ．Ｈ．シェイク・モハメド,0.0,2014102221,01123,01126,003060
201706040304,16,4,8,ブルーアステル,牡3,53.0,藤田菜七,1:17.1,大,16-16,39.6,101.0,10.0,482.0,0.0,[東]根本康広,ブルーマネジメント,0.0,2014101777,01164,01029,188800
201706040305,1,2,2,スピアーノ,牝2,54.0,松岡正海,1:50.3,,1-1-1-1,35.2,26.1,8.0,452.0,0.0,[東]池上昌和,清水正江,700.0,2015101059,01085,01150,998033
201706040305,2,3,4,マイネルファンロン,牡2,54.0,柴田大知,1:50.3,ハナ,3-4-3-2,35.0,2.0,1.0,450.0,0.0,[東]手塚貴久,サラブレッドクラブ・ラフィアン,280.0,2015100744,01009,01038,546800
201706040305,3,8,15,サラーブ,牝2,54.0,戸崎圭太,1:50.5,1.1/4,13-12-7-4,34.8,4.4,2.0,482.0,0.0,[東]木村哲也,シルクレーシング,180.0,2015104789,05386,01126,506800
201706040305,4,4,6,ショウナンワダツミ,牡2,54.0,蛯名正義,1:50.8,1.3/4,5-5-4-5,35.3,13.1,4.0,440.0,0.0,[東]二ノ宮敬,国本哲秀,110.0,2015105718,00663,00409,331002
201706040305,5,3,5,ケイアイスープラ,牡2,54.0,吉田豊,1:50.9,3/4,9-9-10-10,35.0,39.1,9.0,438.0,0.0,[東]田村康仁,亀田和弘,70.0,2015106254,00733,01027,331803
201706040305,6,6,11,レイナデルビエント,牝2,54.0,吉田隼人,1:50.9,クビ,5-6-7-7,35.2,8.2,3.0,436.0,0.0,[東]小笠倫弘,サンデーレーシング,0.0,2015105086,01095,01076,226800
201706040305,7,5,8,シャドウラーテル,牡2,54.0,石橋脩,1:51.3,2.1/2,11-13-12-13,35.2,20.9,6.0,478.0,0.0,[東]斎藤誠,橋本征道,0.0,2015104342,01077,01086,684033
201706040305,8,5,9,スリル,牡2,54.0,柴田善臣,1:51.4,1/2,14-14-12-10,35.3,63.0,11.0,492.0,0.0,[東]的場均,林正道,0.0,2015100021,00641,01063,675030
201706040305,9,4,7,モダンクラシック,牡2,54.0,三浦皇成,1:51.5,1/2,8-8-7-7,35.8,55.5,10.0,454.0,0.0,[東]菊川正達,中村祐子,0.0,2015102827,01122,01052,373008
201706040305,10,2,3,ハッスルボーイ,牡2,54.0,津村明秀,1:51.6,3/4,2-2-2-2,36.4,149.9,15.0,450.0,0.0,[東]南田美知,田畑富子,0.0,2015103455,01092,00437,307033
201706040305,11,1,1,アースジーニアス,牡2,51.0,横山武史,1:51.8,1.1/4,3-3-4-5,36.4,82.5,13.0,492.0,0.0,[東]和田正道,グリーンファーム,0.0,2015110079,01170,00353,148800
201706040305,12,7,13,ニシノエクレール,牝2,54.0,田辺裕信,1:52.0,1.1/4,14-14-10-7,36.1,20.1,5.0,468.0,0.0,[東]小西一男,西山茂行,0.0,2015105196,01075,00405,897009
201706040305,13,7,12,ベリッシマ,牝2,54.0,横山典弘,1:53.4,9,10-10-12-14,37.3,75.9,12.0,460.0,0.0,[東]武井亮,磯波勇,0.0,2015100920,00660,01147,445030
201706040305,14,6,10,ヘルムスマン,牡2,54.0,内田博幸,1:53.8,2.1/2,5-6-6-10,38.2,23.8,7.0,492.0,0.0,[東]黒岩陽一,ノースヒルズ,0.0,2015100675,00422,01133,788800
201706040305,15,8,14,マンバノケンチャン,牡2,54.0,丸山元気,1:54.2,2.1/2,11-10-12-14,38.0,104.8,14.0,508.0,0.0,[東]根本康広,内田玄祥,0.0,2015101287,01127,01029,149033
201706040306,1,1,2,メイショウヒサカタ,牝2,54.0,戸崎圭太,1:13.4,,1-1,38.0,1.8,1.0,470.0,0.0,[西]浅見秀一,松本好雄,700.0,2015103379,05386,00411,523005
201706040306,2,7,13,ミコジェンヌ,牝2,54.0,丹内祐次,1:14.0,3.1/2,4-2,38.3,20.6,5.0,442.0,0.0,[東]谷原義明,古賀慎一,280.0,2015103089,01091,00402,535033
201706040306,3,8,16,ラッキーチャンス,牝2,54.0,勝浦正樹,1:14.0,クビ,2-2,38.4,7.4,3.0,452.0,0.0,[東]杉浦宏昭,堀口晴男,180.0,2015101800,01025,01008,407033
201706040306,4,1,1,レファレンスブック,牝2,54.0,吉田隼人,1:14.7,4,4-5,39.0,16.6,4.0,458.0,0.0,[東]池上昌和,岡田牧雄,110.0,2015110050,01095,01150,851009
201706040306,5,3,6,ウィンターパレス,牝2,54.0,田辺裕信,1:14.8,クビ,15-13,36.7,4.5,2.0,482.0,0.0,[東]黒岩陽一,Ｈ．Ｒ．Ｈ．プリンセス・ハヤ,70.0,2015101667,01075,01133,001060
201706040306,6,8,15,アサヒキリ,牝2,54.0,柴田大知,1:15.0,1.1/2,13-13,37.4,105.9,13.0,484.0,0.0,[東]蛯名利弘,ビッグレッドファーム,0.0,2015100681,01009,01131,716800
201706040306,7,6,11,ショーエクセレント,牝2,54.0,津村明秀,1:15.1,3/4,6-6,39.2,53.8,10.0,472.0,0.0,[東]鈴木伸尋,吉冨学,0.0,2015106230,01092,01026,905033
201706040306,8,2,3,ロータスクイーン,牝2,51.0,横山武史,1:15.3,3/4,9-9,38.4,45.3,8.0,494.0,0.0,[東]和田正道,那須野牧場,0.0,2015110089,01170,00353,051800
201706040306,9,7,14,エリンゼフィール,牝2,54.0,大野拓弥,1:16.0,4,7-8,39.8,54.8,11.0,470.0,0.0,[東]岩戸孝樹,田頭勇貴,0.0,2015100389,01096,01051,855030
201706040306,10,3,5,アーチャーズリング,牝2,53.0,木幡巧也,1:16.1,1/2,11-11,38.9,41.1,7.0,428.0,0.0,[東]柴田政人,門野文典,0.0,2015101047,01162,01007,041030
201706040306,11,5,10,タツオウカランブ,牝2,52.0,伴啓太,1:16.2,1/2,11-11,38.9,52.8,9.0,450.0,0.0,[東]古賀史生,鈴木高幸,0.0,2015103256,01149,00392,124033
201706040306,12,2,4,ホーリークロス,牝2,54.0,菅原隆一,1:16.4,1.1/4,10-10,39.3,271.3,16.0,436.0,0.0,[東]的場均,田頭勇貴,0.0,2015103950,01129,01063,855030
201706040306,13,5,9,カシノリヤン,牝2,54.0,二本柳壮,1:16.6,1.1/2,8-7,40.2,114.8,14.0,470.0,0.0,[東]二本柳俊,柏木務,0.0,2015103132,01049,00370,514009
201706040306,14,4,8,アドバンスマルス,牡2,54.0,内田博幸,1:16.6,クビ,15-16,38.6,60.3,12.0,508.0,0.0,[東]二ノ宮敬,広尾レース,0.0,2015104481,00422,00409,553800
201706040306,15,4,7,ゴルゴンゾーラ,牝2,54.0,江田照男,1:16.7,クビ,2-2,41.2,30.0,6.0,406.0,0.0,[東]星野忍,内田玄祥,0.0,2015100793,00689,01030,149033
201706040306,16,6,12,ラブリートーク,牝2,51.0,菊沢一樹,1:17.3,3.1/2,14-15,39.4,183.2,15.0,446.0,0.0,[東]加藤和宏,福田光博,0.0,2015102607,01161,01077,615030
201706040307,1,4,8,クインズゴールド,牝3,54.0,津村明秀,2:03.0,,4-4-4-4,34.6,17.4,9.0,428.0,4.0,[東]尾形充弘,亀田和弘,500.0,2014105988,01092,00349,331803
201706040307,2,3,5,スパイラルダイブ,牡3,56.0,三浦皇成,2:03.2,1.1/4,9-10-10-10,34.3,4.1,1.0,430.0,-4.0,[東]小島茂之,Ｇ１レーシング,200.0,2014105992,01122,01068,808800
201706040307,3,5,9,ムスターヴェルク,牝3,54.0,戸崎圭太,2:03.3,1/2,7-6-4-4,34.9,5.0,2.0,476.0,12.0,[東]加藤征弘,キャロットファーム,130.0,2014105819,05386,01059,486800
201706040307,4,3,6,ホウオウジャンプ,牡3,56.0,大野拓弥,2:03.4,3/4,4-6-7-6,34.8,9.2,5.0,510.0,6.0,[東]池上昌和,小笹芳央,75.0,2014105549,01096,01150,906033
201706040307,5,8,17,エナホープ,牝3,54.0,勝浦正樹,2:03.4,ハナ,2-2-2-1,35.2,8.3,3.0,492.0,0.0,[東]松永康利,宮原廣伸,50.0,2014101752,01025,01093,052009
201706040307,6,2,4,イムノス,牡3,53.0,野中悠太,2:03.5,クビ,9-8-9-8,34.8,13.8,6.0,396.0,-4.0,[東]尾関知人,サンデーレーシング,0.0,2014105351,01158,01103,226800
201706040307,7,2,3,メイプルストロング,牡3,53.0,横山武史,2:03.5,ハナ,16-16-16-14,34.1,25.9,12.0,500.0,-4.0,[東]高市圭二,節英司,0.0,2014101517,01170,01014,390002
201706040307,8,1,1,ピンクスパイダー,牡3,56.0,吉田豊,2:03.7,1.1/2,16-16-18-16,34.0,18.9,10.0,434.0,8.0,[東]和田雄二,ＨｉｍＲｏｃｋＲａｃｉｎｇ,0.0,2014101820,00733,01143,064700
201706040307,9,7,15,エスポワールママン,牝3,54.0,江田照男,2:03.7,クビ,13-13-10-10,34.8,16.1,8.0,450.0,8.0,[東]高木登,吉見典子,0.0,2014104723,00689,01088,492033
201706040307,10,7,14,リバーサルフィルム,牡3,56.0,内田博幸,2:03.7,ハナ,16-16-14-14,34.5,15.1,7.0,488.0,-8.0,[東]加藤征弘,シルクレーシング,0.0,2014106096,00422,01059,506800
201706040307,11,5,10,パラディラタン,牝3,51.0,菊沢一樹,2:03.7,ハナ,4-4-6-6,35.2,36.8,13.0,434.0,6.0,[東]加藤和宏,堀祥子,0.0,2014105742,01161,01077,847030
201706040307,12,1,2,メイショウユーコン,牝3,54.0,蛯名正義,2:04.0,1.1/2,12-12-13-13,34.9,50.1,14.0,436.0,-10.0,[東]小島太,松本好雄,0.0,2014102935,00663,01013,523005
201706040307,13,8,18,ベルウッドミライ,牡3,56.0,松岡正海,2:04.0,ハナ,9-10-10-10,35.1,21.3,11.0,468.0,4.0,[東]二ノ宮敬,鈴木照雄,0.0,2014103674,01085,00409,137030
201706040307,14,8,16,スカイノーヴァ,牝3,54.0,北村宏司,2:04.1,1/2,7-8-7-8,35.5,127.9,15.0,432.0,-4.0,[東]藤沢和雄,シルクレーシング,0.0,2014105978,01043,00386,506800
201706040307,15,4,7,ミニマルプラン,牝3,54.0,丸田恭介,2:04.1,クビ,14-14-16-16,34.8,182.7,16.0,416.0,2.0,[東]宗像義忠,薗部博之,0.0,2014103700,01117,00420,960006
201706040307,16,7,13,プリンセスアイリス,牝3,53.0,井上敏樹,2:04.3,1.1/4,1-1-1-2,36.2,399.5,18.0,464.0,14.0,[東]和田正一,山内晃,0.0,2014105469,01151,01114,010033
201706040307,17,6,11,オーランガバード,牡3,56.0,石橋脩,2:04.4,3/4,2-3-2-2,36.2,8.3,4.0,462.0,0.0,[東]堀宣行,Ｇ１レーシング,0.0,2014105409,01077,01070,808800
201706040307,18,6,12,アンヌヴン,牝3,54.0,的場勇人,2:05.0,3.1/2,14-14-14-18,35.8,235.0,17.0,480.0,12.0,[東]高木登,一村哲也,0.0,2014102101,01108,01088,798008
201706040308,1,8,16,サノココ,牝4,55.0,津村明秀,1:11.2,,1-1,37.8,7.0,5.0,500.0,0.0,[東]栗田徹,佐野信幸,750.0,2013101578,01092,01127,735033
201706040308,2,2,3,プティトシャンティ,牝3,50.0,菊沢一樹,1:11.7,3,8-7,37.4,61.5,11.0,458.0,16.0,[東]伊藤圭三,三野順一郎,300.0,2014105123,01161,01023,611033
201706040308,3,5,9,ワシントンレガシー,牝3,53.0,吉田豊,1:11.7,ハナ,2-2,38.1,3.5,1.0,458.0,-4.0,[東]戸田博文,吉田勝己,190.0,2014106109,00733,01054,790005
201706040308,4,5,10,シーエーパイロット,牝3,53.0,大野拓弥,1:11.7,クビ,15-14,36.3,6.5,4.0,482.0,4.0,[東]勢司和浩,小林弘明,110.0,2014101545,01096,01047,933008
201706040308,5,3,5,パパラヴズマンボ,牝5,55.0,北村宏司,1:11.8,3/4,10-7,37.2,93.1,15.0,450.0,-2.0,[東]藤原辰雄,グランド牧場,75.0,2012102883,01043,00435,367800
201706040308,6,1,2,ウィズエモーション,牝4,55.0,田辺裕信,1:12.1,1.3/4,6-6,38.0,5.1,2.0,480.0,-2.0,[東]栗田博憲,社台レースホース,0.0,2013105665,01075,00341,415800
201706040308,7,7,14,サンクタリリアス,牝5,55.0,江田照男,1:12.2,1/2,10-10,37.5,61.7,12.0,484.0,10.0,[東]田中清隆,ミルファーム,0.0,2012100961,00689,00408,629800
201706040308,8,4,7,ヴァルール,牝4,54.0,木幡初也,1:12.4,1.1/2,12-13,37.3,168.5,16.0,444.0,0.0,[東]蛯名利弘,荻伏服部牧場,0.0,2013102828,01153,01131,912800
201706040308,9,4,8,オヒアレフア,牝4,52.0,藤田菜七,1:12.6,1,16-15,37.1,32.2,9.0,448.0,6.0,[東]粕谷昌央,錦岡牧場,0.0,2013101771,01164,01096,425800
201706040308,10,1,1,メイショウルミナス,牝3,53.0,田中勝春,1:12.6,ハナ,12-12,37.5,71.9,13.0,468.0,2.0,[東]小島太,松本好雄,0.0,2014103578,00684,01013,523005
201706040308,11,7,13,フレンドパリ,牝3,50.0,野中悠太,1:12.8,1.1/4,3-3,39.1,26.4,8.0,446.0,12.0,[東]南田美知,横尾晴人,0.0,2014101295,01158,00437,145030
201706040308,12,6,11,ハイブリッドダンス,牝4,55.0,蛯名正義,1:13.1,1.3/4,3-3,39.4,5.4,3.0,476.0,2.0,[東]萩原清,水上行雄,0.0,2013102521,00663,01017,482002
201706040308,13,2,4,ハイデンガールズ,牝4,55.0,丸山元気,1:13.1,アタマ,3-5,39.4,21.5,7.0,454.0,0.0,[東]上原博之,友駿ホースクラブ,0.0,2013104593,01127,00423,321800
201706040308,14,3,6,シグナリング,牝4,54.0,木幡巧也,1:13.2,1/2,6-7,39.1,39.7,10.0,454.0,-4.0,[東]小西一男,明栄商事,0.0,2013102214,01162,00405,040803
201706040308,15,6,12,ノボホウセイ,牝4,55.0,三浦皇成,1:13.6,2.1/2,8-10,39.2,12.1,6.0,494.0,-6.0,[東]尾関知人,ＬＳ．Ｍ,0.0,2013102932,01122,01103,978800
201706040308,16,8,15,リオファンク,牝3,50.0,横山武史,1:14.6,6,12-16,39.5,80.2,14.0,486.0,4.0,[東]松山将樹,阿部善武,0.0,2014100434,01170,01100,571033
201706040309,1,2,3,コスモヨハネ,牡5,57.0,柴田大知,1:33.3,,16-16-13,34.4,5.7,2.0,492.0,-4.0,[東]高橋裕,ビッグレッドファーム,1089.2,2012102070,01009,00412,716800
201706040309,2,1,2,アドマイヤシナイ,牡3,55.0,田辺裕信,1:33.4,1/2,4-5-3,35.4,9.8,6.0,454.0,4.0,[東]上原博之,近藤利一,431.2,2014102888,01075,00423,398002
201706040309,3,4,7,キングリッド,牡3,55.0,松岡正海,1:33.5,1/2,9-12-8,35.2,9.2,5.0,440.0,-8.0,[東]池上昌弘,吉田安惠,265.6,2014105250,01085,00390,221007
201706040309,4,6,12,フローラデマリポサ,牝3,51.0,内田博幸,1:33.5,クビ,4-2-2,35.8,6.8,3.0,468.0,-4.0,[東]堀宣行,吉田和美,160.0,2014110118,00422,01070,138007
201706040309,5,2,4,ショウナンサスケ,牡4,57.0,石橋脩,1:33.6,クビ,4-5-8,35.6,3.6,1.0,476.0,-2.0,[東]高橋文雅,国本哲秀,105.0,2013103004,01077,01134,331002
201706040309,6,7,14,ミッキーグローリー,牡4,57.0,北村宏司,1:33.7,1/2,4-5-5,35.7,8.4,4.0,542.0,24.0,[東]国枝栄,野田みづき,0.0,2013103999,01043,00399,441007
201706040309,7,3,5,ドウディ,牡3,55.0,大野拓弥,1:33.7,クビ,9-10-12,35.5,10.2,7.0,474.0,2.0,[東]佐藤吉勝,ｅ馬主組合,0.0,2014100786,01096,01035,072700
201706040309,8,4,8,ジョイフル,牡3,55.0,蛯名正義,1:33.7,ハナ,1-1-1,36.0,42.8,11.0,504.0,-2.0,[東]小島太,Ｈ．Ｈ．シェイク・モハメド,0.0,2014102185,00663,01013,003060
201706040309,9,3,6,ランプルール,牡3,55.0,戸崎圭太,1:33.8,クビ,9-5-5,35.9,10.9,8.0,468.0,6.0,[東]萩原清,吉田勝己,0.0,2014105864,05386,01017,790005
201706040309,10,1,1,メイショウフェイク,牡5,57.0,嘉藤貴行,1:33.9,1/2,12-10-8,35.7,20.5,9.0,502.0,2.0,[東]奥平雅士,内田玄祥,0.0,2012104825,01051,01074,149033
201706040309,11,8,15,ロンバルディア,牡5,57.0,田中勝春,1:33.9,クビ,12-12-13,35.6,60.6,12.0,472.0,0.0,[東]畠山吉宏,村野康司,0.0,2012104133,00684,01048,338007
201706040309,12,5,10,アーリーサプライズ,牡3,55.0,木幡巧也,1:33.9,アタマ,14-14-13,35.4,211.1,14.0,492.0,2.0,[東]栗田博憲,岡田牧雄,0.0,2014100546,01162,00341,851009
201706040309,13,8,16,アンノートル,牡3,55.0,丹内祐次,1:34.2,2,2-4-3,36.4,241.5,15.0,474.0,0.0,[東]池上昌弘,ビッグレッドファーム,0.0,2014102617,01091,00390,716800
201706040309,14,7,13,プレシャスギフト,牝4,55.0,津村明秀,1:34.5,1.3/4,14-14-13,35.9,123.6,13.0,442.0,2.0,[東]武井亮,キャロットファーム,0.0,2013105876,01092,01147,486800
201706040309,15,5,9,レッドルチア,牝3,53.0,三浦皇成,1:34.5,クビ,4-9-8,36.4,28.2,10.0,398.0,-10.0,[東]鹿戸雄一,東京ホースレーシング,0.0,2014105922,01122,01097,180800
201706040309,16,6,11,スフバータル,牡4,57.0,西村太一,1:34.9,2.1/2,2-2-5,37.2,355.0,16.0,498.0,16.0,[東]和田正道,和田牧場,0.0,2013104310,01131,00353,251800
201706040310,1,8,8,バイタルフォース,セ5,57.0,戸崎圭太,2:34.9,,6-6-3-3,37.8,1.6,1.0,506.0,-4.0,[東]萩原清,前田幸治,1523.1,2012100601,05386,01017,948006
201706040310,2,8,9,テイエムコンドル,牡6,54.0,丸山元気,2:34.9,ハナ,7-7-5-5,37.6,12.9,5.0,464.0,-4.0,[東]石栗龍彦,竹園正繼,606.6,2011100643,01127,01043,356002
201706040310,3,4,4,スズカマサル,牡4,54.0,内田博幸,2:35.3,2.1/2,1-1-1-2,38.4,7.6,3.0,444.0,-2.0,[西]橋田満,永井啓弍,383.3,2013101079,00422,00362,382004
201706040310,4,1,1,メイショウキトラ,牡6,53.0,北村宏司,2:35.4,3/4,3-3-4-3,38.2,19.2,6.0,492.0,0.0,[西]牧浦充徳,松本好雄,230.0,2011105520,01043,01113,523005
201706040310,5,5,5,デグニティクローズ,牡6,55.0,石橋脩,2:35.6,1,2-2-2-1,38.7,9.9,4.0,542.0,6.0,[東]栗田徹,ノースヒルズ,150.0,2011105098,01077,01127,788800
201706040310,6,6,6,キールコネクション,牡5,54.0,吉田豊,2:35.7,1/2,4-4-7-6,38.0,23.7,8.0,480.0,4.0,[東]尾関知人,水上行雄,0.0,2012105800,00733,01103,482002
201706040310,7,3,3,ベストセラーアスク,牝6,52.0,荻野琢真,2:35.9,1.1/4,9-9-8-8,36.9,19.8,7.0,424.0,-12.0,[西]梅田智之,廣崎利洋ＨＤ,0.0,2011102577,01112,01084,037803
201706040310,8,7,7,ティーラウレア,牡3,53.0,松岡正海,2:36.1,1,4-4-5-6,38.8,6.2,2.0,528.0,-12.0,[東]伊藤伸一,深見富朗,0.0,2014104041,01085,01031,966002
201706040310,9,2,2,ワイドリーザワン,牡5,54.0,横山和生,2:36.4,1.3/4,8-8-9-9,36.5,26.5,9.0,448.0,-12.0,[東]奥村武,坂本浩一,0.0,2012104192,01140,01145,113030
201706040311,1,5,6,ゲッカコウ,牝4,55.0,丹内祐次,2:01.4,,1-1-1-1,34.2,11.8,5.0,474.0,12.0,[東]高橋義博,サラブレッドクラブ・ラフィアン,1848.0,2013102323,01091,01036,546800
201706040311,2,3,3,スズカビスタ,牡6,57.0,田辺裕信,2:01.7,2,2-2-2-2,34.3,18.9,6.0,462.0,6.0,[西]谷潔,永井啓弍,738.0,2011101042,01075,00431,382004
201706040311,3,1,1,ショウナンマルシェ,セ6,57.0,三浦皇成,2:01.7,クビ,3-3-5-5,33.9,9.0,4.0,470.0,4.0,[東]二ノ宮敬,国本哲秀,464.0,2011103696,01122,00409,331002
201706040311,4,7,10,ウインオリアート,牝6,55.0,松岡正海,2:01.7,アタマ,4-4-3-2,34.2,77.4,10.0,460.0,2.0,[東]鹿戸雄一,ウイン,270.0,2011104718,01085,01097,494800
201706040311,5,4,5,プロフェット,牡4,57.0,内田博幸,2:02.0,1.1/2,8-7-8-7,34.0,5.0,2.0,464.0,2.0,[西]池江泰寿,キャロットファーム,182.0,2013105930,00422,01071,486800
201706040311,6,4,4,テオドール,牡4,57.0,戸崎圭太,2:02.1,1/2,5-5-5-5,34.4,1.8,1.0,548.0,10.0,[東]国枝栄,サンデーレーシング,0.0,2013105781,05386,00399,226800
201706040311,7,7,11,ソールインパクト,牡5,57.0,大野拓弥,2:02.1,ハナ,5-6-3-4,34.6,6.8,3.0,488.0,-2.0,[東]戸田博文,窪田康志,0.0,2012103988,01096,01054,514008
201706040311,8,8,13,ハツガツオ,牝6,55.0,北村宏司,2:02.4,1.3/4,11-12-9-9,34.2,100.9,12.0,508.0,6.0,[東]石栗龍彦,江川伸夫,0.0,2011104643,01043,01043,338006
201706040311,9,6,9,カレンリスベット,牝6,55.0,津村明秀,2:02.4,クビ,7-7-7-7,34.5,41.7,9.0,502.0,8.0,[東]国枝栄,鈴木隆司,0.0,2011104256,01092,00399,869006
201706040311,10,6,8,マイネルラフレシア,牡4,57.0,柴田大知,2:02.4,ハナ,13-12-9-9,34.3,31.1,7.0,460.0,6.0,[東]高橋裕,サラブレッドクラブ・ラフィアン,0.0,2013101928,01009,00412,546800
201706040311,11,2,2,ワトソンクリック,牡5,57.0,武士沢友,2:02.5,1/2,9-9-9-9,34.4,185.9,13.0,508.0,-4.0,[東]小桧山悟,本杉芳郎,0.0,2012101970,01029,01005,331006
201706040311,12,5,7,ワールドレーヴ,牡7,57.0,蛯名正義,2:02.9,2.1/2,11-11-13-12,34.5,34.0,8.0,468.0,-4.0,[東]二ノ宮敬,嶋田賢,0.0,2010103182,00663,00409,399009
201706040311,13,8,12,ウインブルーローズ,牡5,57.0,吉田隼人,2:03.0,1/2,9-9-9-12,34.8,100.5,11.0,490.0,4.0,[東]高橋祥泰,ウイン,0.0,2012106200,01095,00359,494800
201706040312,1,4,8,シャムロック,牡3,54.0,吉田豊,1:54.7,,11-12-12-11,38.2,21.1,8.0,498.0,4.0,[東]小笠倫弘,いとはんホールディングス,750.0,2014105686,00733,01076,063803
201706040312,2,2,3,ギンザマトリックス,牡4,57.0,勝浦正樹,1:54.9,1.1/4,9-9-10-8,38.6,84.3,12.0,448.0,-4.0,[東]水野貴広,有馬博文,300.0,2013102907,01025,01094,230008
201706040312,3,1,1,ジェイケイライジン,牡3,54.0,横山典弘,1:54.9,クビ,15-16-15-13,37.6,35.9,10.0,470.0,0.0,[東]柴田政人,小谷野次郎,190.0,2014103927,00660,01007,702009
201706040312,4,2,4,サクラレガーロ,牡3,54.0,三浦皇成,1:55.0,3/4,1-1-1-1,39.4,9.2,5.0,464.0,-4.0,[東]高柳瑞樹,さくらコマース,110.0,2014104910,01122,01118,019800
201706040312,5,6,11,キングドラゴン,セ4,57.0,北村宏司,1:55.1,クビ,5-4-4-4,39.2,3.7,2.0,518.0,-4.0,[東]藤沢和雄,窪田芳郎,75.0,2013105448,01043,00386,208008
201706040312,6,5,10,プレゼンス,牡3,54.0,吉田隼人,1:55.1,クビ,7-7-6-6,39.1,16.9,6.0,492.0,-8.0,[東]尾形充弘,社台レースホース,0.0,2014105251,01095,00349,415800
201706040312,7,1,2,クラウンロマン,牝4,52.0,横山武史,1:55.4,1.1/2,5-6-6-6,39.3,60.0,11.0,454.0,-2.0,[東]小野次郎,矢野まり子,0.0,2013102133,01170,01125,251033
201706040312,8,3,5,ファイナルコール,セ4,57.0,西村太一,1:55.7,2,3-4-4-4,39.8,175.0,15.0,478.0,-1.0,[東]加藤征弘,山田和正,0.0,2013105455,01131,01059,588006
201706040312,9,6,12,ナポレオンズワード,セ4,57.0,丸田恭介,1:55.7,ハナ,3-3-2-2,40.0,5.9,3.0,486.0,16.0,[東]上原博之,ヒダカ・ブリーダーズ・ユニオン,0.0,2013101293,01117,00423,547800
201706040312,10,4,7,ディアクーシー,牡4,57.0,石橋脩,1:55.9,1.1/4,2-2-2-2,40.3,119.5,13.0,504.0,-2.0,[東]斎藤誠,ディアレストクラブ,0.0,2013105426,01077,01086,013803
201706040312,11,8,16,オールデン,牡3,54.0,田辺裕信,1:55.9,アタマ,11-10-9-8,39.7,3.5,1.0,438.0,2.0,[東]小西一男,金山敏也,0.0,2014103191,01075,00405,693033
201706040312,12,8,15,マイネルツァイト,牡3,54.0,柴田大知,1:55.9,クビ,7-7-10-12,39.6,27.4,9.0,490.0,-2.0,[東]大和田成,サラブレッドクラブ・ラフィアン,0.0,2014104991,01009,01124,546800
201706040312,13,7,13,ゲンパチマサムネ,牡3,54.0,内田博幸,1:56.0,クビ,14-14-6-8,39.9,19.9,7.0,500.0,4.0,[東]田村康仁,平野武志,0.0,2014101372,00422,01027,689002
201706040312,14,7,14,スターズインヘヴン,牝3,49.0,野中悠太,1:56.0,クビ,9-10-14-15,39.1,146.7,14.0,460.0,5.0,[東]田村康仁,キャロットファーム,0.0,2014105290,01158,01027,486800
201706040312,15,3,6,クリノアパッチ,牡3,54.0,西田雄一,1:57.4,9,15-15-16-16,39.8,344.0,16.0,450.0,-6.0,[東]天間昭一,栗本博晴,0.0,2014100273,01004,01090,970006
201706040312,16,5,9,ロジブリランテ,牡3,54.0,戸崎圭太,1:58.0,3.1/2,13-13-12-13,41.5,6.6,4.0,548.0,2.0,[東]国枝栄,久米田正明,0.0,2014105863,05386,00399,399030
201706040401,1,2,3,ニシノオリーブ,牝2,54.0,戸崎圭太,1:11.7,,2-2,37.9,17.3,6.0,452.0,2.0,[東]武藤善則,西山茂行,500.0,2015105199,05386,01064,897009
201706040401,2,1,2,ドリュウ,牡2,54.0,江田照男,1:11.9,1.1/4,10-9,37.1,16.1,5.0,432.0,10.0,[東]土田稔,ミルファーム,200.0,2015105549,00689,00417,629800
201706040401,3,3,6,ザイオン,牡2,54.0,石橋脩,1:12.0,3/4,16-15,36.4,71.0,9.0,456.0,0.0,[東]相沢郁,小泉修,130.0,2015102713,01077,01020,842033
201706040401,4,5,10,トキノカサドール,牡2,54.0,平野優,1:12.5,3,3-3,38.4,171.4,13.0,430.0,2.0,[東]竹内正洋,田中準市,75.0,2015100172,01132,01152,443030
201706040401,5,4,7,ランドキングスター,牡2,54.0,柴田善臣,1:12.6,1/2,7-6,38.2,162.3,12.0,490.0,-4.0,[東]本間忍,木村昌三,50.0,2015106525,00641,01056,862009
201706040401,6,4,8,ゴウノモノ,牡2,51.0,横山武史,1:12.7,クビ,11-12,37.7,131.8,10.0,464.0,4.0,[東]的場均,岡浩二,0.0,2015106115,01170,01063,370008
201706040401,7,7,13,サンシャンペーン,牡2,54.0,松岡正海,1:12.9,1.1/4,3-3,38.8,29.0,7.0,460.0,8.0,[東]小野次郎,加藤信之,0.0,2015103941,01085,01125,453006
201706040401,8,3,5,ヴォルフスブルク,牡2,51.0,菊沢一樹,1:12.9,クビ,7-6,38.5,6.4,3.0,438.0,8.0,[東]奥平雅士,コスモヴューファーム,0.0,2015100216,01161,01074,030803
201706040401,9,1,1,ソングオブファイア,牡2,54.0,三浦皇成,1:12.9,ハナ,1-1,39.1,1.9,1.0,470.0,0.0,[東]高柳瑞樹,Ｈ．Ｈ．シェイク・モハメド,0.0,2015101597,01122,01118,003060
201706040401,10,6,11,ブラウローゼット,牡2,54.0,宮崎北斗,1:13.5,3.1/2,6-8,39.3,30.9,8.0,472.0,8.0,[東]粕谷昌央,コスモヴューファーム,0.0,2015102342,01118,01096,030803
201706040401,11,6,12,ミヤビチーター,牡2,51.0,藤田菜七,1:14.0,3,3-3,40.0,12.6,4.0,468.0,8.0,[東]高橋文雅,村上義勝,0.0,2015105712,01164,01134,127002
201706040401,12,7,14,グランエクシト,牡2,54.0,内田博幸,1:14.1,クビ,11-10,39.1,4.6,2.0,468.0,8.0,[東]高橋文雅,迎徹,0.0,2015102253,00422,01134,337030
201706040401,13,2,4,ブルベアアシタバ,牡2,54.0,丹内祐次,1:14.7,3.1/2,14-12,39.4,152.2,11.0,448.0,2.0,[東]青木孝文,ブルアンドベア,0.0,2015103098,01091,01156,843800
201706040401,14,8,15,アンクルブレイク,牡2,54.0,丸田恭介,1:14.8,1/2,13-12,39.6,216.3,15.0,458.0,-12.0,[東]石栗龍彦,青山英昭,0.0,2015105489,01117,01043,305033
201706040401,15,8,16,マロンスライム,牡2,54.0,岩部純二,1:15.2,2.1/2,14-15,39.9,474.5,16.0,418.0,-10.0,[東]石毛善彦,田頭勇貴,0.0,2015109033,00726,00428,855030
201706040401,16,5,9,デルママンハッタン,牡2,54.0,横山和生,1:16.4,7,9-11,41.7,195.2,14.0,452.0,6.0,[東]青木孝文,浅沼廣幸,0.0,2015104569,01140,01156,274002
201706040402,1,7,13,メルムサール,牡2,54.0,江田照男,1:36.6,,7-6-5,35.7,18.5,8.0,422.0,0.0,[東]田中剛,ノースヒルズ,500.0,2015102492,00689,01119,788800
201706040402,2,2,4,エスターテ,牝2,51.0,野中悠太,1:36.6,クビ,2-3-2,36.1,31.3,11.0,414.0,-8.0,[東]伊藤伸一,グリーンスウォード,200.0,2015100494,01158,01031,055700
201706040402,3,4,8,オールドナシュワン,牡2,54.0,丸山元気,1:36.8,1.1/4,12-10-8,35.5,21.5,9.0,498.0,8.0,[東]松永康利,リーヴァ,130.0,2015104179,01127,01093,781800
201706040402,4,4,7,カガスター,牡2,54.0,田中勝春,1:36.8,クビ,8-8-5,35.8,7.2,4.0,436.0,2.0,[東]高市圭二,香川憲次,75.0,2015101890,00684,01014,700006
201706040402,5,8,16,ゴールドシャッツ,牝2,54.0,柴田大知,1:36.8,アタマ,8-8-8,35.7,5.7,2.0,412.0,-2.0,[東]粕谷昌央,ビッグレッドファーム,50.0,2015100707,01009,01096,716800
201706040402,6,5,10,ニシノトランザム,牡2,54.0,戸崎圭太,1:36.9,1/2,11-10-11,35.5,3.6,1.0,476.0,6.0,[西]森秀行,西山茂行,0.0,2015110065,05386,00427,897009
201706040402,7,6,11,トレジャード,牡2,54.0,北村宏司,1:37.0,1/2,14-13-11,35.3,10.8,5.0,476.0,4.0,[東]勢司和浩,ターフ・スポート,0.0,2015103144,01043,01047,102800
201706040402,8,6,12,キーポジション,牡2,54.0,吉田豊,1:37.0,クビ,4-4-5,36.3,58.0,13.0,440.0,-6.0,[東]土田稔,北前孔一郎,0.0,2015100115,00733,00417,338008
201706040402,9,3,6,スピードウイング,牡2,54.0,柴田善臣,1:37.0,ハナ,4-6-8,36.1,16.0,7.0,454.0,2.0,[東]石毛善彦,池田草龍,0.0,2015100154,00641,00428,204033
201706040402,10,7,14,サンクトゥスレーン,牡2,54.0,津村明秀,1:37.2,3/4,6-4-4,36.6,15.8,6.0,480.0,4.0,[東]金成貴史,コスモヴューファーム,0.0,2015100232,01092,01132,030803
201706040402,11,2,3,マイネルフィリップ,牡2,54.0,宮崎北斗,1:37.2,クビ,10-12-11,35.7,82.5,14.0,456.0,4.0,[東]萱野浩二,サラブレッドクラブ・ラフィアン,0.0,2015102826,01118,01024,546800
201706040402,12,5,9,マイネルイノメ,牡2,54.0,丹内祐次,1:38.1,5,12-13-14,36.5,26.6,10.0,484.0,6.0,[東]鹿戸雄一,サラブレッドクラブ・ラフィアン,0.0,2015101057,01091,01097,546800
201706040402,13,3,5,ウメタロウ,牡2,54.0,岩部純二,1:38.8,4,1-1-2,38.4,6.9,3.0,488.0,4.0,[東]伊藤大士,ミルファーム,0.0,2015103867,00726,01109,629800
201706040402,14,1,1,ウインファルコン,牡2,54.0,松岡正海,1:39.0,1.1/4,2-2-1,38.6,53.9,12.0,444.0,2.0,[東]奥平雅士,ウイン,0.0,2015109029,01085,01074,494800
201706040402,15,1,2,アブラカダブラ,牡2,51.0,藤田菜七,1:39.8,5,15-15-15,37.7,83.4,15.0,444.0,2.0,[東]根本康広,平賀久枝,0.0,2015102959,01164,01029,729005
201706040402,-2,8,15,マリーツァ,牝2,54.0,木幡初広,,,,,,,,,[東]宗像義忠,鈴木芳夫,0.0,2015106261,00629,00420,639009
201706040403,1,8,10,ムーランナヴァン,牝2,54.0,津村明秀,1:51.9,,1-1-1-1,36.0,1.9,1.0,420.0,0.0,[東]尾形和幸,サンデーレーシング,500.0,2015104809,01092,01141,226800
201706040403,2,7,7,バケットリスト,牝2,54.0,吉田豊,1:52.1,1.1/2,4-6-5-5,35.7,19.6,5.0,460.0,-10.0,[東]高橋文雅,宮城寛也,200.0,2015103404,00733,01134,818008
201706040403,3,8,9,モンファロン,牡2,54.0,石橋脩,1:52.2,クビ,5-4-3-2,36.1,7.5,4.0,462.0,0.0,[西]高橋義忠,杉山忠国,130.0,2015102660,01077,01129,053803
201706040403,4,5,5,ウインスラーヴァ,牡2,54.0,松岡正海,1:52.3,3/4,2-2-4-4,36.1,4.9,3.0,468.0,0.0,[東]上原博之,ウイン,75.0,2015100476,01085,00423,494800
201706040403,5,1,1,ジェネラルシップ,牡2,54.0,内田博幸,1:52.5,1.1/4,5-4-6-6,35.9,4.9,2.0,440.0,6.0,[東]黒岩陽一,ヒダカ・ブリーダーズ・ユニオン,50.0,2015100805,00422,01133,547800
201706040403,6,6,6,ジェイケイバスター,牝2,54.0,三浦皇成,1:52.7,1.1/2,10-10-9-8,35.5,23.8,6.0,454.0,-6.0,[東]柴田政人,小谷野次郎,0.0,2015100844,01122,01007,702009
201706040403,7,7,8,ニシノベイオウルフ,牡2,54.0,武士沢友,1:52.9,1.1/4,3-2-2-2,36.9,80.4,8.0,470.0,0.0,[東]小桧山悟,西山茂行,0.0,2015101785,01029,01005,897009
201706040403,8,4,4,ダイメイヒゴ,牝2,54.0,丸田恭介,1:53.4,3,8-8-7-7,36.5,196.2,10.0,406.0,-8.0,[東]石毛善彦,宮本孝一,0.0,2015100870,01117,00428,688006
201706040403,9,3,3,マイネルグリージョ,牡2,54.0,柴田大知,1:53.9,3,8-9-10-10,36.6,63.4,7.0,472.0,24.0,[東]相沢郁,サラブレッドクラブ・ラフィアン,0.0,2015100717,01009,01020,546800
201706040403,10,2,2,ヒビケカゼン,牡2,54.0,嘉藤貴行,1:54.6,4,7-7-7-8,37.7,101.3,9.0,500.0,-4.0,[東]田島俊明,ベニバナ組合,0.0,2015103426,01051,01112,005700
201706040404,1,1,1,グラスブルース,牡3,56.0,石橋脩,1:11.0,,5-5,37.2,2.8,1.0,518.0,6.0,[東]牧光二,半沢,500.0,2014104550,01077,01106,541800
201706040404,2,2,4,ユキノドリーム,牡3,56.0,北村宏司,1:11.4,2.1/2,2-2,37.8,11.7,4.0,464.0,-6.0,[東]新開幸一,井上基之,200.0,2014100421,01043,01116,623005
201706040404,3,5,10,ヒロイックアゲン,牝3,51.0,菊沢一樹,1:11.4,クビ,3-3,37.7,13.0,5.0,468.0,8.0,[東]加藤和宏,浅川皓司,130.0,2014103017,01161,01077,350004
201706040404,4,7,13,レッドオリアナ,牝3,54.0,大野拓弥,1:11.5,クビ,7-6,37.6,21.9,9.0,450.0,0.0,[東]手塚貴久,東京ホースレーシング,75.0,2014105525,01096,01038,180800
201706040404,5,8,15,アレジャポン,牡3,56.0,戸崎圭太,1:11.6,1/2,9-8,37.4,4.1,2.0,448.0,-6.0,[東]栗田博憲,吉田千津,50.0,2014105530,05386,00341,310007
201706040404,6,2,3,アルーリングデイズ,セ3,55.0,木幡巧也,1:12.3,4,14-13,37.6,16.9,8.0,452.0,-6.0,[東]武井亮,社台レースホース,0.0,2014105339,01162,01147,415800
201706040404,7,5,9,ヴィオラ,牝3,54.0,内田博幸,1:12.4,1/2,14-15,37.7,6.5,3.0,450.0,0.0,[東]二ノ宮敬,Ｈ．Ｈ．シェイク・モハメド,0.0,2014102165,00422,00409,003060
201706040404,8,3,6,ラッシュバンガード,牡3,56.0,西村太一,1:12.5,1/2,12-13,38.1,33.0,10.0,460.0,12.0,[東]久保田貴,柳内光子,0.0,2014101831,01131,01067,038033
201706040404,9,3,5,クロンヌ,牝3,51.0,横山武史,1:12.7,1.1/4,3-3,39.0,64.9,13.0,454.0,0.0,[東]菊沢隆徳,シルクレーシング,0.0,2014105919,01170,01115,506800
201706040404,10,7,14,オシノイッテ,牡3,55.0,木幡初也,1:12.7,ハナ,5-6,38.9,15.6,7.0,446.0,2.0,[東]天間昭一,西村新一郎,0.0,2014109024,01153,01090,772002
201706040404,11,4,7,カラーアゲン,牝3,54.0,江田照男,1:12.9,1.1/2,9-10,38.6,13.9,6.0,480.0,6.0,[東]岩戸孝樹,浅川皓司,0.0,2014104773,00689,01051,350004
201706040404,12,8,16,マラン,牝3,54.0,岩部純二,1:13.3,2.1/2,1-1,39.8,44.9,12.0,464.0,6.0,[東]田中清隆,ミルファーム,0.0,2014106200,00726,00408,629800
201706040404,13,6,12,モダンフォーチュン,牝3,54.0,丹内祐次,1:13.3,アタマ,9-10,39.1,282.2,15.0,442.0,-12.0,[東]田島俊明,田島榮二郎,0.0,2014103279,01091,01112,713005
201706040404,14,6,11,キャルフ,牝3,54.0,丸田恭介,1:13.4,1/2,13-10,38.9,75.1,14.0,462.0,4.0,[東]高橋文雅,佐久間拓士,0.0,2014100835,01117,01134,986033
201706040404,15,4,8,アキサージュ,牝3,54.0,杉原誠人,1:13.5,クビ,16-16,38.5,388.1,16.0,460.0,-6.0,[東]佐藤吉勝,石山嘉七,0.0,2014104704,01135,01035,468033
201706040404,16,1,2,リマインドミー,牝3,54.0,宮崎北斗,1:13.9,2.1/2,7-8,40.0,43.0,11.0,496.0,0.0,[東]粕谷昌央,岡田牧雄,0.0,2014100940,01118,01096,851009
201706040405,1,5,9,トーセンブレス,牝2,54.0,柴田善臣,1:37.5,,16-14-12,34.0,4.7,2.0,466.0,0.0,[東]加藤征弘,島川隆哉,700.0,2015104513,00641,01059,270006
201706040405,2,2,4,プリモシーン,牝2,54.0,戸崎圭太,1:37.8,1.3/4,3-4-4,35.8,1.7,1.0,470.0,0.0,[東]木村哲也,シルクレーシング,280.0,2015105036,05386,01126,506800
201706040405,3,4,8,ヒメベニサクラ,牝2,54.0,丸田恭介,1:38.0,1.1/2,13-11-8,35.1,21.6,6.0,512.0,0.0,[東]柴田政人,岡田勇,180.0,2015105909,01117,01007,548009
201706040405,4,6,12,レネット,牝2,54.0,三浦皇成,1:38.1,3/4,10-8-8,35.6,20.7,5.0,456.0,0.0,[東]久保田貴,ロードホースクラブ,110.0,2015102389,01122,01067,170800
201706040405,5,3,6,ワタシヲマッテル,牝2,54.0,丸山元気,1:38.2,1/2,6-4-4,36.1,69.5,13.0,466.0,0.0,[東]粕谷昌央,小田切有一,70.0,2015103021,01127,01096,334009
201706040405,6,3,5,セイウンミツコ,牝2,54.0,勝浦正樹,1:38.2,アタマ,1-1-1,36.4,57.4,12.0,450.0,0.0,[東]杉浦宏昭,西山茂行,0.0,2015105203,01025,01008,897009
201706040405,7,7,13,ウィナーポイント,牝2,51.0,藤田菜七,1:38.3,クビ,3-7-7,36.0,37.8,9.0,404.0,0.0,[東]栗田博憲,岡田牧雄,0.0,2015101702,01164,00341,851009
201706040405,8,1,1,スキスキレンパツ,牝2,54.0,蛯名正義,1:38.3,クビ,6-6-4,36.1,46.6,10.0,458.0,0.0,[東]高橋祥泰,小田切有一,0.0,2015106533,00663,00359,334009
201706040405,9,2,3,タイプムーン,牝2,54.0,丹内祐次,1:38.5,3/4,10-8-8,36.1,87.8,14.0,468.0,0.0,[東]池上昌弘,コスモヴューファーム,0.0,2015100246,01091,00390,030803
201706040405,10,8,16,マオノキャッツアイ,牝2,53.0,木幡巧也,1:38.7,1.1/4,3-3-3,36.8,31.3,7.0,462.0,0.0,[東]黒岩陽一,湯浅健司,0.0,2015104348,01162,01133,793033
201706040405,11,8,15,アポロレイア,牝2,54.0,津村明秀,1:38.9,1.1/4,15-12-12,35.8,37.5,8.0,464.0,0.0,[東]鈴木伸尋,アポロサラブレッドクラブ,0.0,2015101025,01092,01026,033700
201706040405,12,6,11,ゴッデスオブエッジ,牝2,54.0,松岡正海,1:39.2,1.3/4,8-8-8,36.8,14.4,3.0,474.0,0.0,[東]中舘英二,コスモヴューファーム,0.0,2015102926,01085,01153,030803
201706040405,13,4,7,ココリエルサ,牝2,54.0,北村宏司,1:39.4,1.1/4,10-12-14,36.4,46.6,11.0,480.0,0.0,[東]古賀慎明,美崎光二郎,0.0,2015105929,01043,01079,675033
201706040405,14,5,10,ショウナンアーデン,牝2,54.0,石橋脩,1:39.5,3/4,2-2-2,37.7,15.9,4.0,448.0,0.0,[東]上原博之,国本哲秀,0.0,2015104054,01077,00423,331002
201706040405,15,1,2,トーセンウィズダム,牝2,54.0,横山和生,1:40.9,8,13-16-15,36.8,133.6,15.0,456.0,0.0,[東]古賀史生,島川隆哉,0.0,2015101131,01140,00392,270006
201706040405,16,7,14,グラスキューティー,牝2,54.0,田中勝春,1:45.7,大,9-14-16,42.3,235.5,16.0,470.0,0.0,[東]大江原哲,半沢,0.0,2015102072,00684,01012,541800
201706040406,1,3,5,タイセイロブスト,牡3,55.0,木幡巧也,1:53.9,,2-1-1-1,38.6,12.8,6.0,548.0,2.0,[東]斎藤誠,田中成奉,500.0,2014105657,01162,01086,224007
201706040406,2,6,11,ジャカンドジョー,牡3,56.0,黛弘人,1:54.0,1/2,6-6-7-7,38.0,14.3,7.0,452.0,-4.0,[東]田中剛,井上一郎,200.0,2014101963,01109,01119,593006
201706040406,3,7,13,アロンジェ,牡3,53.0,野中悠太,1:54.0,ハナ,6-6-5-4,38.3,8.9,4.0,464.0,0.0,[東]大江原哲,吉田晴哉,130.0,2014105293,01158,01012,231033
201706040406,4,8,15,フルオブグレース,牝3,54.0,戸崎圭太,1:54.2,1.1/4,2-3-3-3,38.7,4.4,2.0,496.0,10.0,[東]木村哲也,社台レースホース,75.0,2014105437,05386,01126,415800
201706040406,5,3,6,ロジキャロル,牡3,56.0,大野拓弥,1:54.2,クビ,4-3-5-4,38.5,2.8,1.0,444.0,-8.0,[東]新開幸一,久米田正明,50.0,2014103060,01096,01116,399030
201706040406,6,5,9,スズノフブキ,牡3,56.0,柴田善臣,1:54.7,3,1-2-2-2,39.3,8.9,5.0,484.0,6.0,[東]高橋裕,小紫嘉之,0.0,2014100050,00641,00412,835030
201706040406,7,6,12,マズルカ,牡3,56.0,嘉藤貴行,1:54.9,1.1/4,9-9-7-8,38.9,99.1,11.0,534.0,-14.0,[東]大和田成,阿部善武,0.0,2014100109,01051,01124,571033
201706040406,8,1,1,ゴールドアドミラル,牡3,53.0,横山武史,1:55.6,4,5-3-4-4,40.0,32.7,9.0,492.0,2.0,[東]高木登,山田弘,0.0,2014102657,01170,01088,518002
201706040406,9,1,2,ジャイアンヴォーグ,牡3,56.0,武士沢友,1:55.9,1.3/4,8-8-7-9,40.0,5.6,3.0,508.0,-8.0,[東]鈴木伸尋,千明牧場,0.0,2014109102,01029,01026,075800
201706040406,10,2,3,キタバイキング,牡3,56.0,菅原隆一,1:56.1,1.1/2,11-11-11-10,39.8,239.5,15.0,472.0,-10.0,[東]奥平雅士,北村守彦,0.0,2014109023,01129,01074,767033
201706040406,11,2,4,ノーブルデザイア,牝3,52.0,伴啓太,1:56.2,1/2,9-9-11-10,39.9,153.8,12.0,448.0,8.0,[東]菊川正達,吉木伸彦,0.0,2014101741,01149,01052,755030
201706040406,12,4,8,レッドカイラス,セ3,56.0,北村宏司,1:56.3,クビ,15-15-10-10,40.1,24.0,8.0,476.0,4.0,[東]藤沢和雄,東京ホースレーシング,0.0,2014104787,01043,00386,180800
201706040406,13,4,7,エスプリドゥルミエ,牝3,51.0,菊沢一樹,1:57.2,5,14-13-14-14,40.2,214.5,14.0,424.0,2.0,[東]武藤善則,高橋貴士,0.0,2014105138,01161,01064,971033
201706040406,14,5,10,ジュンマシュウ,牡3,55.0,井上敏樹,1:57.3,クビ,11-11-11-13,40.9,163.7,13.0,526.0,-4.0,[東]斎藤誠,河合純二,0.0,2014102879,01151,01086,165033
201706040406,15,7,14,ウインエアリーズ,牡3,56.0,柴田大知,1:58.3,6,13-13-14-14,41.3,59.6,10.0,464.0,0.0,[東]宗像義忠,ウイン,0.0,2014101776,01009,00420,494800
201706040406,-2,8,16,アウトオンアリム,牡3,56.0,丸田恭介,,,,,,,,,[東]大竹正博,ノースヒルズ,0.0,2014100604,01117,01102,788800
201706040407,1,1,1,バラダガール,牝3,52.0,戸崎圭太,2:37.0,,11-12-7-5,36.9,5.5,4.0,548.0,12.0,[東]国枝栄,シルクレーシング,750.0,2014106066,05386,00399,506800
201706040407,2,5,7,アルカサル,セ4,57.0,蛯名正義,2:37.0,ハナ,8-8-2-2,37.2,4.7,2.0,520.0,-2.0,[東]大竹正博,サンデーレーシング,300.0,2013105771,00663,01102,226800
201706040407,3,7,11,エール,セ3,54.0,北村宏司,2:37.3,1.3/4,6-6-2-2,37.5,18.0,7.0,430.0,8.0,[西]矢作芳人,ノースヒルズ,190.0,2014100590,01043,01075,788800
201706040407,4,4,5,グリントオブライト,牝4,55.0,三浦皇成,2:37.3,クビ,10-10-8-8,36.9,6.6,5.0,452.0,18.0,[東]戸田博文,サンデーレーシング,110.0,2013105769,01122,01054,226800
201706040407,5,4,6,ラベルヴィー,牡3,54.0,杉原誠人,2:37.4,3/4,6-6-8-8,37.1,49.7,10.0,486.0,-16.0,[東]国枝栄,キャロットファーム,75.0,2014105792,01135,00399,486800
201706040407,6,8,13,マリネリス,牝4,52.0,菊沢一樹,2:37.6,1,5-4-5-5,37.6,96.8,12.0,422.0,8.0,[東]小桧山悟,今中俊平,0.0,2013101893,01161,01005,428033
201706040407,7,6,9,サムワンライクユー,牡4,57.0,柴田大知,2:37.8,1.1/2,9-9-12-12,37.2,15.8,6.0,464.0,4.0,[東]小島茂之,丸山担,0.0,2013103139,01009,01068,922030
201706040407,8,3,3,コンボルド,牡3,54.0,吉田豊,2:37.9,1/2,2-2-1-1,38.2,3.6,1.0,444.0,0.0,[東]中川公成,金山敏也,0.0,2014105688,00733,01081,693033
201706040407,9,8,14,ピジョンレッド,牝3,49.0,藤田菜七,2:38.2,2,4-4-10-11,37.7,53.8,11.0,400.0,4.0,[東]田村康仁,ディアレストクラブ,0.0,2014103854,01164,01027,013803
201706040407,10,3,4,ノーブルソニック,牝5,55.0,石橋脩,2:38.2,ハナ,11-11-10-8,37.7,37.6,9.0,474.0,-4.0,[西]斉藤崇史,シルクレーシング,0.0,2012104697,01077,01151,506800
201706040407,11,2,2,アスコットチャンプ,セ4,57.0,大野拓弥,2:39.4,7,1-1-5-5,39.4,19.4,8.0,468.0,6.0,[東]新開幸一,星野隆男,0.0,2013105386,01096,01116,530033
201706040407,12,6,10,ミッキーロイヤル,牡3,54.0,中谷雄太,2:39.5,1/2,3-3-2-4,39.7,5.4,3.0,494.0,0.0,[西]矢作芳人,野田みづき,0.0,2014105772,01038,01075,441007
201706040407,13,7,12,フランチェスコ,牡4,57.0,武士沢友,2:40.3,5,13-13-13-13,39.0,259.6,14.0,464.0,0.0,[東]高橋義博,海谷幸司,0.0,2013103937,01029,01036,457002
201706040407,14,5,8,ドゥエルインハート,牡3,54.0,丹内祐次,2:41.6,8,14-14-14-14,39.5,244.6,13.0,478.0,-4.0,[東]加藤征弘,飯田正剛,0.0,2014104754,01091,01059,994002
201706040408,1,1,2,アスタリスク,牡4,57.0,戸崎圭太,1:52.9,,1-1-1-1,38.9,3.9,1.0,470.0,-6.0,[東]奥村武,石川達絵,750.0,2013104917,05386,01145,248030
201706040408,2,6,11,ペイシャボム,牡3,54.0,江田照男,1:53.2,1.3/4,5-5-4-3,38.8,7.3,4.0,458.0,-10.0,[東]本間忍,北所直人,300.0,2014102395,00689,01056,163002
201706040408,3,8,16,コットンボウル,牡3,54.0,大野拓弥,1:53.3,1/2,11-10-8-6,38.6,14.1,8.0,476.0,6.0,[東]高木登,サンデーレーシング,190.0,2014105917,01096,01088,226800
201706040408,4,3,6,シルヴァーメテオ,牡3,54.0,中谷雄太,1:53.6,1.3/4,11-12-13-13,38.4,26.4,9.0,474.0,-4.0,[東]畠山吉宏,ライオンレースホース,110.0,2014103590,01038,01048,542800
201706040408,5,7,13,トーホウリーガル,牡4,57.0,吉田豊,1:53.7,1/2,7-7-8-4,39.0,7.4,5.0,520.0,8.0,[東]古賀史生,東豊物産,75.0,2013100522,00733,00392,965800
201706040408,6,4,8,ディライトラッシュ,牡3,54.0,北村宏司,1:53.9,1.1/2,7-7-12-9,38.9,9.3,6.0,500.0,8.0,[東]堀井雅広,ノルマンディーサラブレッドレーシング,0.0,2014103092,01043,00436,854800
201706040408,7,4,7,ハシカミ,牡4,57.0,内田博幸,1:54.1,1.1/4,14-15-13-12,38.9,6.2,3.0,472.0,2.0,[東]小桧山悟,中村勝彦,0.0,2013109095,00422,01005,981002
201706040408,8,8,15,アイヅヒリュウ,牡3,54.0,三浦皇成,1:54.3,1.1/4,10-10-10-9,39.4,11.9,7.0,494.0,8.0,[東]小笠倫弘,真部晴徳,0.0,2014104512,01122,01076,975007
201706040408,9,7,14,エポックメーカー,牡3,53.0,木幡巧也,1:54.5,3/4,7-7-6-4,40.0,42.2,11.0,512.0,4.0,[東]上原博之,林正道,0.0,2014104784,01162,00423,675030
201706040408,10,5,9,マーヤ,牝4,52.0,横山武史,1:55.3,5,14-13-10-9,40.5,144.9,14.0,474.0,0.0,[東]小笠倫弘,中田和宏,0.0,2013101185,01170,01076,573002
201706040408,11,6,12,アポロノホウリン,牡4,57.0,勝浦正樹,1:55.4,3/4,5-6-4-6,41.0,5.5,2.0,488.0,2.0,[東]中舘英二,アポロサラブレッドクラブ,0.0,2013100022,01025,01153,033700
201706040408,12,2,3,カムイ,牡4,57.0,柴田善臣,1:55.5,クビ,2-2-2-2,41.4,59.7,12.0,464.0,-6.0,[東]大和田成,川島吉男,0.0,2013102276,00641,01124,341002
201706040408,13,5,10,ロカビリー,牡4,57.0,的場勇人,1:56.2,4,13-13-15-15,40.9,220.4,15.0,494.0,-6.0,[東]的場均,米井勝,0.0,2013100572,01108,01063,863009
201706040408,14,2,4,メイショウアンカー,セ4,57.0,小島太一,1:56.5,2,3-2-3-8,42.2,120.2,13.0,504.0,6.0,[東]小島太,松本好雄,0.0,2013103771,01097,01013,523005
201706040408,15,3,5,マイネルルミノーソ,牡3,54.0,丹内祐次,1:57.9,8,4-4-6-14,43.3,34.3,10.0,474.0,-10.0,[東]小野次郎,サラブレッドクラブ・ラフィアン,0.0,2014104173,01091,01125,546800
201706040408,-3,1,1,ナンヨーファミユ,牡4,57.0,石橋脩,,,,,,,,,[東]武市康男,中村徳也,0.0,2013106042,01077,01089,512031
201706040409,1,2,3,ミッキークロス,牝3,52.0,内田博幸,2:03.6,,1-1-1-1,36.7,15.9,6.0,406.0,-10.0,[東]国枝栄,野田みづき,1090.6,2014106190,00422,00399,441007
201706040409,2,4,8,レッドジェノヴァ,牝3,52.0,戸崎圭太,2:03.6,ハナ,4-4-5-6,36.3,3.6,1.0,494.0,2.0,[東]小島茂之,東京ホースレーシング,431.6,2014105484,05386,01068,180800
201706040409,3,6,12,ヨシノザクラ,牝4,55.0,三浦皇成,2:03.6,ハナ,12-12-13-6,35.7,3.8,2.0,458.0,-2.0,[東]萩原清,前田晋二,265.8,2013101794,01122,01017,041002
201706040409,4,5,9,ジャポニカーラ,牝5,55.0,石橋脩,2:03.7,1/2,15-16-16-15,35.3,9.1,4.0,408.0,-8.0,[東]勢司和浩,シルクレーシング,160.0,2012104609,01077,01047,506800
201706040409,5,3,6,レーヌジャルダン,牝3,52.0,大野拓弥,2:03.7,クビ,2-2-3-3,36.6,29.9,10.0,442.0,-6.0,[東]高柳瑞樹,グリーンファーム,105.0,2014105470,01096,01118,148800
201706040409,6,8,15,バレエダンサー,牝4,55.0,黛弘人,2:03.8,クビ,10-10-8-6,36.2,103.2,13.0,456.0,4.0,[東]尾関知人,前迫義幸,0.0,2013102016,01109,01103,903007
201706040409,7,1,2,アンネリース,牝3,52.0,柴田大知,2:03.8,ハナ,7-7-8-9,36.3,10.9,5.0,472.0,0.0,[東]尾関知人,サラブレッドクラブ・ラフィアン,0.0,2014100752,01009,01103,546800
201706040409,8,3,5,ウインシトリン,牝3,52.0,丸山元気,2:03.8,アタマ,17-17-16-15,35.3,152.5,14.0,446.0,6.0,[東]鹿戸雄一,ウイン,0.0,2014100214,01127,01097,494800
201706040409,9,5,10,ネオヴィットーリア,牝3,52.0,吉田豊,2:03.8,クビ,9-9-10-11,36.1,30.0,11.0,466.0,8.0,[東]古賀史生,小林仁幸,0.0,2014102558,00733,00392,234008
201706040409,10,2,4,イタリアンホワイト,牝3,52.0,津村明秀,2:03.9,クビ,4-4-6-9,36.5,4.9,3.0,502.0,0.0,[東]相沢郁,サンデーレーシング,0.0,2014106219,01092,01020,226800
201706040409,11,6,11,ルフォール,牝4,55.0,丸田恭介,2:03.9,クビ,15-15-10-13,36.2,20.3,7.0,478.0,-6.0,[東]堀宣行,サンデーレーシング,0.0,2013105335,01117,01070,226800
201706040409,12,7,13,エバープリンセス,牝3,52.0,柴田善臣,2:04.0,3/4,13-13-14-13,35.9,22.1,8.0,448.0,14.0,[東]久保田貴,宇田豊,0.0,2014105672,00641,01067,039030
201706040409,13,7,14,ラスイエットロス,牝4,55.0,丹内祐次,2:04.1,クビ,4-4-3-2,36.9,46.8,12.0,430.0,4.0,[東]水野貴広,サラブレッドクラブ・ラフィアン,0.0,2013101887,01091,01094,546800
201706040409,14,4,7,エクストラファイン,牝5,55.0,中谷雄太,2:04.4,2,10-10-12-11,36.6,25.6,9.0,460.0,-2.0,[東]矢野英一,グリーンファーム,0.0,2012104281,01038,01108,148800
201706040409,15,8,16,アマノガワ,牝3,52.0,木幡巧也,2:04.5,1/2,7-7-6-3,37.1,169.1,16.0,434.0,6.0,[東]菊川正達,三嶋牧場,0.0,2014103579,01162,01052,363800
201706040409,16,8,17,ハーツブライト,牝3,52.0,勝浦正樹,2:04.8,1.3/4,2-2-2-3,37.8,163.6,15.0,480.0,-18.0,[東]尾形充弘,伊東純一,0.0,2014105953,01025,00349,934006
201706040409,17,1,1,アドラビリティ,牝5,55.0,松岡正海,2:06.2,8,13-13-14-15,38.1,271.5,17.0,502.0,0.0,[東]堀井雅広,藤田在子,0.0,2012100934,01085,00436,491030
201706040410,1,2,3,ダイメイプリンセス,牝4,55.0,北村宏司,1:08.3,,2-2,35.3,19.2,9.0,490.0,-2.0,[西]森田直行,宮本孝一,1535.0,2013101042,01043,01142,688006
201706040410,2,3,5,タケショウベスト,牝3,53.0,蛯名正義,1:08.4,3/4,5-3,34.9,3.7,1.0,460.0,-4.0,[東]田中清隆,ナイト商事,610.0,2014103404,00663,00408,592800
201706040410,3,7,12,アイファープリティ,牝4,55.0,内田博幸,1:08.6,1.1/4,9-8,34.9,5.8,3.0,442.0,0.0,[西]鮫島一歩,中島稔,385.0,2013101358,00422,01046,119007
201706040410,4,2,2,ワイナルダム,牡3,55.0,宮崎北斗,1:08.7,クビ,1-1,35.8,15.8,7.0,458.0,6.0,[東]水野貴広,コスモヴューファーム,230.0,2014109012,01118,01094,030803
201706040410,5,4,7,ペスカネラ,牝3,53.0,大野拓弥,1:08.7,ハナ,3-3,35.4,5.6,2.0,442.0,4.0,[西]松下武士,山口敦広,150.0,2014100253,01096,01149,895030
201706040410,6,1,1,ダイイチターミナル,牡3,55.0,杉原誠人,1:08.9,1.1/2,10-9,35.0,18.1,8.0,436.0,0.0,[東]高市圭二,ミルファーム,0.0,2014103615,01135,01014,629800
201706040410,7,8,15,クリーンファンキー,牝4,55.0,津村明秀,1:09.2,1.3/4,5-6,35.7,14.0,6.0,492.0,2.0,[東]鈴木伸尋,石橋和夫,0.0,2013100389,01092,01026,726008
201706040410,8,6,11,エナジータウン,牡5,57.0,三浦皇成,1:09.2,ハナ,5-6,35.7,6.1,4.0,454.0,-10.0,[西]藤岡健一,幅田昌伸,0.0,2012110068,01122,01062,331007
201706040410,9,3,4,レンイングランド,牡5,57.0,中谷雄太,1:09.4,1.1/2,13-13,35.0,82.1,12.0,532.0,0.0,[西]矢作芳人,田畑勝彦,0.0,2012101011,01038,01075,365030
201706040410,9,4,6,トロピカルガーデン,牝5,55.0,横山和生,1:09.4,同着,15-15,34.7,137.3,14.0,486.0,0.0,[東]武藤善則,田頭勇貴,0.0,2012102832,01140,01064,855030
201706040410,11,8,14,アイリーグレイ,牝5,55.0,江田照男,1:09.4,アタマ,3-3,36.2,26.6,10.0,470.0,-8.0,[東]牧光二,前原敏行,0.0,2012103729,00689,01106,427030
201706040410,12,7,13,スビールアスール,牝3,53.0,戸崎圭太,1:09.4,アタマ,10-11,35.5,6.9,5.0,472.0,8.0,[東]武藤善則,アスール,0.0,2014104206,05386,01064,047803
201706040410,13,6,10,フローラルダンサー,牝5,55.0,柴田大知,1:09.5,1/2,8-9,35.9,92.1,13.0,532.0,-13.0,[東]田島俊明,岡田牧雄,0.0,2012100974,01009,01112,851009
201706040410,14,5,8,カレン,牝3,53.0,西田雄一,1:09.6,3/4,12-12,35.5,71.0,11.0,470.0,-6.0,[東]金成貴史,ミルファーム,0.0,2014105017,01004,01132,629800
201706040410,15,5,9,レヴァンタール,セ8,57.0,黛弘人,1:09.8,1.1/4,14-14,35.2,140.1,15.0,462.0,4.0,[東]蛯名利弘,岡田牧雄,0.0,2009104888,01109,01131,851009
201706040411,1,7,13,センチュリオン,牡5,56.0,大野拓弥,1:51.0,,11-11-11-11,37.0,5.2,2.0,530.0,2.0,[東]田村康仁,窪田康志,2233.6,2012104019,01096,01027,514008
201706040411,2,7,14,カゼノコ,牡6,57.0,石橋脩,1:51.1,1/2,15-15-14-14,36.2,14.6,6.0,454.0,0.0,[西]野中賢二,ヌデ嶋孝司,889.6,2011102128,01077,01098,630009
201706040411,3,1,1,サンライズソア,牡3,53.0,戸崎圭太,1:51.1,クビ,2-2-1-2,37.9,2.5,1.0,494.0,-8.0,[西]河内洋,松岡隆雄,554.8,2014103385,05386,01072,306008
201706040411,4,4,8,コスモカナディアン,牡4,56.0,柴田大知,1:51.1,アタマ,7-7-9-5,37.4,5.5,3.0,472.0,2.0,[東]金成貴史,ビッグレッドファーム,330.0,2013100001,01009,01132,716800
201706040411,5,1,2,メイショウウタゲ,牡6,57.0,内田博幸,1:51.2,クビ,4-3-6-3,37.7,26.3,8.0,514.0,-4.0,[西]安達昭夫,松本好雄,220.0,2011104831,00422,01042,523005
201706040411,6,4,7,リッカルド,セ6,58.0,黛弘人,1:51.3,1/2,6-5-6-9,37.8,35.3,9.0,498.0,8.0,[東]黒岩陽一,岡田牧雄,0.0,2011101738,01109,01133,851009
201706040411,7,6,12,メイショウスミトモ,牡6,57.0,津村明秀,1:51.3,ハナ,10-9-9-10,37.5,49.0,12.0,472.0,-4.0,[西]南井克巳,松本好雄,0.0,2011102556,01092,01049,523005
201706040411,8,6,11,キクノソル,牡7,56.0,柴田善臣,1:51.7,2.1/2,13-13-13-12,37.5,71.9,13.0,506.0,4.0,[西]吉田直弘,菊池五郎,0.0,2010101569,00641,01101,372002
201706040411,9,2,4,タムロミラクル,牡5,57.0,田中勝春,1:51.8,3/4,8-8-8-5,38.2,13.5,5.0,472.0,1.0,[西]西園正都,谷口屯,0.0,2012105612,00684,01028,586006
201706040411,10,3,6,モズライジン,牡5,56.0,中谷雄太,1:52.1,1.3/4,12-12-3-4,38.8,37.5,10.0,482.0,8.0,[西]矢作芳人,キャピタル・システム,0.0,2012101974,01038,01075,005803
201706040411,11,8,16,スズカリバー,牡5,56.0,三浦皇成,1:52.5,2.1/2,1-1-2-1,39.3,16.1,7.0,492.0,-2.0,[東]伊藤圭三,永井啓弍,0.0,2012102897,01122,01023,382004
201706040411,12,5,9,トラキチシャチョウ,牡6,57.0,丹内祐次,1:52.6,3/4,13-14-15-15,37.3,44.7,11.0,516.0,4.0,[西]目野哲也,ミキハウスＨＫサービス,0.0,2011105350,01091,00387,756800
201706040411,13,8,15,サンマルデューク,牡8,58.0,武士沢友,1:52.6,クビ,15-15-16-16,37.2,120.2,15.0,516.0,-6.0,[東]小島太,相馬勇,0.0,2009102606,01029,01013,580007
201706040411,14,2,3,ディアデルレイ,牡6,57.0,北村宏司,1:52.8,1.1/4,3-3-3-5,39.4,8.9,4.0,506.0,-7.0,[東]牧光二,キャロットファーム,0.0,2011103964,01043,01106,486800
201706040411,15,3,5,ストロングサウザー,牡6,59.0,蛯名正義,1:53.0,1.1/4,4-5-3-5,39.6,110.7,14.0,478.0,2.0,[東]久保田貴,村木篤,0.0,2011104189,00663,01067,122009
201706040411,16,5,10,ヨヨギマック,牡6,56.0,松岡正海,1:53.6,3.1/2,9-9-11-13,39.6,173.3,16.0,500.0,2.0,[西]岡田稲男,一村哲也,0.0,2011101638,01085,01066,798008
201706040412,1,3,5,リモンディ,牡3,53.0,石橋脩,1:10.3,,2-2,37.2,3.0,1.0,526.0,0.0,[東]木村哲也,吉田和美,750.0,2014110070,01077,01126,138007
201706040412,2,1,2,ダノンアイリス,牝4,55.0,戸崎圭太,1:10.7,2.1/2,1-1,37.7,6.8,3.0,470.0,-2.0,[東]尾関知人,ダノックス,300.0,2013105833,05386,01103,619800
201706040412,3,4,7,エターナルフレイム,牡3,55.0,大野拓弥,1:10.8,1/2,3-3,37.6,5.3,2.0,514.0,2.0,[東]高木登,岡田牧雄,190.0,2014101023,01096,01088,851009
201706040412,4,1,1,テンプルツリー,牝4,55.0,勝浦正樹,1:10.8,クビ,6-5,37.1,12.8,6.0,452.0,-2.0,[東]栗田博憲,山口功一郎,110.0,2013102098,01025,00341,849030
201706040412,5,2,3,シルバーストーン,牡3,55.0,丸田恭介,1:10.9,1/2,9-7,36.8,35.6,11.0,492.0,0.0,[東]石栗龍彦,峰哲馬,75.0,2014105032,01117,01043,684006
201706040412,6,2,4,ファインダッシュ,牡5,57.0,田中勝春,1:11.1,1.1/4,11-10,36.7,9.0,4.0,526.0,0.0,[東]的場均,井山登,0.0,2012100085,00684,01063,149002
201706040412,7,8,16,セイウンアワード,牡5,57.0,三浦皇成,1:11.2,クビ,9-9,37.0,31.1,10.0,530.0,0.0,[東]杉浦宏昭,西山茂行,0.0,2012100999,01122,01008,897009
201706040412,8,5,9,マンゴジェリー,牡5,54.0,野中悠太,1:11.5,1.3/4,11-12,37.1,13.8,7.0,454.0,-6.0,[東]田島俊明,窪田康志,0.0,2012104464,01158,01112,514008
201706040412,9,5,10,スリラーインマニラ,セ4,57.0,丹内祐次,1:11.7,1.1/4,4-5,38.2,14.0,8.0,440.0,-4.0,[東]武井亮,古賀慎一,0.0,2013106375,01091,01147,535033
201706040412,10,6,11,シュエットヌーベル,牝3,53.0,内田博幸,1:11.7,アタマ,16-14,36.8,59.7,13.0,462.0,16.0,[東]伊藤圭三,ノルマンディーサラブレッドレーシング,0.0,2014104261,00422,01023,854800
201706040412,11,8,15,ベルウッドタマド,牡4,57.0,武士沢友,1:12.0,2,11-13,37.6,162.1,16.0,472.0,-2.0,[東]武市康男,鈴木照雄,0.0,2013102384,01029,01089,137030
201706040412,12,7,14,エーシンザピーク,牡7,57.0,菅原隆一,1:12.2,1,14-14,37.5,55.6,12.0,476.0,-2.0,[東]南田美知,本田恒雄,0.0,2010110063,01129,00437,816008
201706040412,13,3,6,ブランシュ,牝3,50.0,横山武史,1:12.2,アタマ,4-4,38.7,9.8,5.0,434.0,0.0,[東]根本康広,Ｂａｓｉｃ,0.0,2014101498,01170,01029,895800
201706040412,14,4,8,ネオビッグバン,牡4,57.0,丸山元気,1:12.3,3/4,6-8,38.5,62.2,14.0,476.0,12.0,[東]清水英克,関駿也,0.0,2013109002,01127,01080,532006
201706040412,15,6,12,ポートレイト,牝4,55.0,大庭和弥,1:12.9,3.1/2,8-10,38.9,129.4,15.0,432.0,2.0,[東]高市圭二,グリーンスウォード,0.0,2013101702,01061,01014,055700
201706040412,16,7,13,ヒラボクメジャー,牡3,55.0,柴田善臣,1:13.0,クビ,14-16,38.2,26.7,9.0,484.0,-6.0,[東]竹内正洋,平田牧場,0.0,2014101975,00641,01152,984800
201706040501,1,6,9,マイネルアンファン,牡2,54.0,宮崎北斗,1:54.9,クビ,7-7-5-4,38.6,17.5,6.0,476.0,2.0,[東]和田正道,サラブレッドクラブ・ラフィアン,500.0,2015105131,01118,00353,546800
201706040501,0,7,12,マイネルサリューエ,牡2,54.0,丹内祐次,1:54.9,,4-5-2-2,39.0,4.4,2.0,482.0,0.0,[東]上原博之,サラブレッドクラブ・ラフィアン,200.0,2015100020,01091,00423,546800
201706040501,3,6,10,ハンドリー,牝2,54.0,大野拓弥,1:56.1,7,13-13-7-6,39.4,9.1,3.0,436.0,4.0,[東]青木孝文,大倉佑介,130.0,2015109031,01096,01156,687033
201706040501,4,3,4,コスモロブロイ,牡2,54.0,松岡正海,1:56.2,3/4,4-5-5-6,39.9,88.9,10.0,512.0,-4.0,[東]伊藤伸一,岡田繁幸,75.0,2015100451,01085,01031,760008
201706040501,5,7,11,シゲルジャンボイモ,牡2,51.0,武藤雅,1:56.2,ハナ,3-3-2-1,40.3,14.9,5.0,494.0,-2.0,[東]武藤善則,森中蕃,50.0,2015102753,01169,01064,674004
201706040501,6,8,14,モリトディライト,牡2,54.0,武士沢友,1:56.5,1.1/2,9-10-10-8,39.5,90.7,11.0,502.0,-2.0,[東]水野貴広,石橋忠之,0.0,2015101231,01029,01094,239002
201706040501,7,1,1,ニシノホクサイ,牡2,51.0,野中悠太,1:57.8,8,11-11-13-13,40.4,48.9,9.0,458.0,-2.0,[東]根本康広,西山茂行,0.0,2015101790,01158,01029,897009
201706040501,8,5,7,オルレアンノムスコ,牡2,54.0,杉原誠人,1:58.4,3.1/2,12-12-10-10,41.4,143.1,13.0,460.0,4.0,[東]武市康男,ミルファーム,0.0,2015103870,01135,01089,629800
201706040501,9,4,6,ビレッジキング,牡2,54.0,田中勝春,1:58.8,2.1/2,2-2-1-2,42.9,33.4,7.0,454.0,-2.0,[東]土田稔,村山輝雄,0.0,2015102629,00684,00417,160008
201706040501,10,3,3,ディーズファクター,牝2,54.0,戸崎圭太,1:58.9,1/2,7-7-7-9,42.2,12.0,4.0,456.0,-2.0,[東]伊藤圭三,秋谷壽之,0.0,2015105591,05386,01023,970007
201706040501,11,5,8,フレキシビリティー,牝2,53.0,井上敏樹,1:59.0,クビ,9-9-10-11,42.0,190.8,14.0,488.0,-2.0,[東]小桧山悟,福田光博,0.0,2015101513,01151,01005,615030
201706040501,12,4,5,アビーム,牝2,54.0,ルメール,1:59.5,3,1-1-2-5,43.5,1.8,1.0,452.0,-2.0,[東]加藤征弘,ローレルレーシング,0.0,2015100846,05339,01059,032800
201706040501,13,8,13,タンザニアナイト,牡2,54.0,内田博幸,2:00.1,3.1/2,14-14-14-14,41.8,41.0,8.0,476.0,2.0,[東]和田雄二,ＨｉｍＲｏｃｋＲａｃｉｎｇ,0.0,2015100560,00422,01143,064700
201706040501,14,2,2,コスモハーキュリー,牡2,54.0,柴田大知,2:00.4,2,4-3-7-12,43.6,129.5,12.0,442.0,6.0,[東]伊藤大士,ビッグレッドファーム,0.0,2015100701,01009,01109,716800
201706040502,1,5,6,ラソワドール,牝2,54.0,ルメール,1:37.7,,6-6-4,34.2,1.9,1.0,498.0,2.0,[東]戸田博文,シルクレーシング,500.0,2015105081,05339,01054,506800
201706040502,2,7,10,ディアサルファー,牝2,54.0,吉田隼人,1:37.8,1/2,3-3-2,34.6,3.5,2.0,482.0,8.0,[東]菊川正達,ディアレストクラブ,200.0,2015103901,01095,01052,013803
201706040502,3,5,5,ハーレムライン,牝2,54.0,大野拓弥,1:38.0,1.1/4,3-5-4,34.6,22.5,6.0,456.0,-2.0,[東]田中清隆,吉田千津,130.0,2015104542,01096,00408,310007
201706040502,4,4,4,コスモフェリーク,牝2,54.0,柴田大知,1:38.0,クビ,1-1-1,35.0,8.9,3.0,412.0,4.0,[東]菊川正達,ビッグレッドファーム,75.0,2015100705,01009,01052,716800
201706040502,5,6,7,シエルクレール,牝2,54.0,吉田豊,1:38.1,3/4,7-6-7,34.6,14.7,5.0,488.0,-2.0,[東]尾関知人,カナヤマホールディングス,50.0,2015103054,00733,01103,045803
201706040502,6,7,9,レユシット,牝2,54.0,田辺裕信,1:38.3,1.1/4,10-11-10,34.3,10.8,4.0,458.0,6.0,[東]矢野英一,落合幸弘,0.0,2015100170,01075,01108,252030
201706040502,7,8,11,メヒティヒ,牝2,51.0,横山武史,1:38.4,1/2,8-8-7,34.7,224.7,11.0,434.0,2.0,[東]田村康仁,ラ・メール,0.0,2015103891,01170,01027,877800
201706040502,8,3,3,アポロアミ,牝2,51.0,武藤雅,1:38.4,クビ,11-12-11,34.2,45.3,8.0,434.0,0.0,[東]矢野英一,アポロサラブレッドクラブ,0.0,2015101491,01169,01108,033700
201706040502,9,2,2,グラスルーナ,牝2,51.0,藤田菜七,1:38.9,3,3-3-4,35.6,114.0,10.0,480.0,-6.0,[東]杉浦宏昭,半沢,0.0,2015102459,01164,01008,541800
201706040502,10,8,12,サマーシャドウ,牝2,54.0,内田博幸,1:38.9,アタマ,11-8-7,35.2,101.1,9.0,454.0,-6.0,[東]勢司和浩,飯塚知一,0.0,2015104488,00422,01047,308002
201706040502,11,1,1,クルーズヴォイス,牝2,54.0,三浦皇成,1:38.9,アタマ,8-10-11,35.1,42.3,7.0,420.0,-6.0,[東]伊藤伸一,本間茂,0.0,2015106291,01122,01031,694008
201706040502,12,6,8,ヤエノメイク,牝2,54.0,御神本訓,1:39.3,2.1/2,2-2-2,36.2,272.0,12.0,410.0,-12.0,[東]和田雄二,柳田英子,0.0,2015103515,05404,01143,623033
201706040503,1,5,5,プロトスター,牡2,54.0,ルメール,2:03.5,,7-7-7-7,35.4,2.7,1.0,470.0,-10.0,[東]戸田博文,社台レースホース,500.0,2015104557,05339,01054,415800
201706040503,2,3,3,グランサム,牡2,54.0,吉田隼人,2:03.6,3/4,3-2-2-2,36.1,12.5,6.0,456.0,-2.0,[東]古賀慎明,キャロットファーム,200.0,2015104927,01095,01079,486800
201706040503,3,4,4,インプレスシチー,牡2,54.0,柴山雄一,2:03.7,3/4,10-10-10-9,35.4,5.7,3.0,452.0,-2.0,[東]上原博之,友駿ホースクラブ,130.0,2015101184,05243,00423,321800
201706040503,4,6,6,マイネルソラニテ,牡2,51.0,武藤雅,2:04.1,2.1/2,8-7-7-7,36.0,48.1,9.0,510.0,2.0,[東]水野貴広,サラブレッドクラブ・ラフィアン,75.0,2015102948,01169,01094,546800
201706040503,5,7,9,ウインイノベーター,牡2,54.0,戸崎圭太,2:04.2,1/2,1-1-1-1,36.7,5.9,4.0,446.0,-2.0,[西]西園正都,ウイン,50.0,2015105715,05386,01028,494800
201706040503,6,6,7,ハヤブサカノン,牝2,54.0,御神本訓,2:04.2,クビ,11-11-11-9,35.5,68.7,10.0,452.0,26.0,[東]尾形和幸,武田修,0.0,2015106220,05404,01141,837008
201706040503,7,1,1,アイリスロード,牝2,53.0,木幡巧也,2:04.4,1,5-4-4-3,36.7,7.8,5.0,438.0,-4.0,[東]和田雄二,荻伏服部牧場,0.0,2015101852,01162,01143,912800
201706040503,7,2,2,エスポワールカフェ,牡2,51.0,菊沢一樹,2:04.4,同着,5-5-4-3,36.6,43.5,8.0,456.0,2.0,[東]小島太,西川光一,0.0,2015103107,01161,01013,629007
201706040503,9,8,10,パワースピネル,牝2,51.0,野中悠太,2:04.4,クビ,3-5-6-3,36.5,38.9,7.0,426.0,-8.0,[東]萱野浩二,田頭勇貴,0.0,2015106249,01158,01024,855030
201706040503,10,8,11,ウェルズレジェンド,牡2,51.0,横山武史,2:05.1,4,8-9-7-9,36.9,314.2,11.0,476.0,-4.0,[東]大江原哲,菊地祐司,0.0,2015102587,01170,01012,656033
201706040503,11,7,8,マイネルシクザール,牡2,54.0,宮崎北斗,2:07.5,大,2-2-2-6,39.9,5.4,2.0,542.0,4.0,[東]高橋裕,サラブレッドクラブ・ラフィアン,0.0,2015103322,01118,00412,546800
201706040505,1,1,2,アンフィトリテ,牝2,54.0,ルメール,1:09.8,,6-7,34.2,1.8,1.0,464.0,0.0,[東]宗像義忠,キャロットファーム,700.0,2015104662,05339,00420,486800
201706040505,2,8,15,イランカラプテ,牝2,54.0,横山和生,1:10.1,2,2-2,35.0,23.0,6.0,424.0,0.0,[東]小野次郎,ミルファーム,280.0,2015101854,01140,01125,629800
201706040505,3,7,13,サンタガール,牝2,54.0,丸山元気,1:10.4,2,3-3,35.0,23.8,8.0,418.0,0.0,[東]武市康男,ＨｉｍＲｏｃｋＲａｃｉｎｇ,180.0,2015100549,01127,01089,064700
201706040505,4,4,7,アリババ,牡2,51.0,武藤雅,1:10.4,アタマ,3-3,35.0,12.5,4.0,434.0,0.0,[東]粕谷昌央,小田切有一,110.0,2015106529,01169,01096,334009
201706040505,5,4,8,マウントレーニア,牝2,54.0,杉原誠人,1:10.4,ハナ,3-3,35.1,49.1,11.0,442.0,0.0,[東]高橋文雅,ミルファーム,70.0,2015100962,01135,01134,629800
201706040505,6,5,9,ミスジーナ,牝2,54.0,丸田恭介,1:10.6,1.1/4,6-6,35.0,48.4,10.0,410.0,0.0,[東]青木孝文,長塩豊,0.0,2015101739,01117,01156,148002
201706040505,7,6,12,フルコスト,牡2,54.0,的場勇人,1:10.6,ハナ,9-9,34.6,38.0,9.0,418.0,0.0,[東]的場均,福田光博,0.0,2015106364,01108,01063,615030
201706040505,8,1,1,ヒヤシンス,牝2,54.0,西田雄一,1:10.6,アタマ,8-8,34.9,23.2,7.0,470.0,0.0,[東]岩戸孝樹,ミルファーム,0.0,2015104007,01004,01051,629800
201706040505,9,5,10,ミコサン,牝2,54.0,岩部純二,1:10.9,1.3/4,1-1,35.8,10.9,3.0,448.0,0.0,[東]萱野浩二,古賀慎一,0.0,2015105286,00726,01024,535033
201706040505,10,3,6,ターキッシュバン,牝2,54.0,内田博幸,1:10.9,ハナ,10-11,34.5,18.3,5.0,434.0,0.0,[東]田島俊明,岡田牧雄,0.0,2015102321,00422,01112,851009
201706040505,11,8,16,カネトシダウティ,牡2,54.0,宮崎北斗,1:11.0,クビ,12-11,34.4,78.6,13.0,430.0,0.0,[東]松永康利,兼松昌男,0.0,2015100360,01118,01093,939006
201706040505,12,7,14,グロウアイリス,牝2,54.0,江田照男,1:11.3,1.3/4,10-9,34.9,75.4,12.0,426.0,0.0,[東]金成貴史,飯田政子,0.0,2015105942,00689,01132,627009
201706040505,13,2,4,ライトストーリー,牡2,51.0,横山武史,1:11.4,1/2,12-11,34.8,137.5,16.0,418.0,0.0,[東]武井亮,那須野牧場,0.0,2015103860,01170,01147,051800
201706040505,14,2,3,ハクサンキャノン,牡2,54.0,武士沢友,1:12.1,4,14-14,35.2,115.1,15.0,484.0,0.0,[東]古賀史生,河崎五市,0.0,2015103648,01029,00392,841030
201706040505,15,6,11,コハクノユメ,牡2,54.0,柴田善臣,1:12.1,クビ,15-15,35.0,88.4,14.0,490.0,0.0,[東]本間忍,橋本忠雄,0.0,2015103179,00641,01056,434006
201706040505,16,3,5,ミヤコスマイル,牝2,54.0,田辺裕信,1:13.0,5,16-16,35.5,6.1,2.0,446.0,0.0,[東]堀井雅広,吉田都枝江,0.0,2015104340,01075,00436,308008
201706040506,1,7,14,アズレージョ,牝3,54.0,杉原誠人,1:53.3,,3-2-2-2,38.4,8.5,7.0,460.0,-8.0,[東]小西一男,吉田和美,500.0,2014105806,01135,00405,138007
201706040506,2,8,16,キンナリー,牝3,54.0,戸崎圭太,1:54.4,7,7-7-5-5,39.1,4.0,1.0,470.0,0.0,[東]田島俊明,シルクレーシング,200.0,2014105869,05386,01112,506800
201706040506,3,3,5,マヤノオラティオ,牝3,54.0,丹内祐次,1:54.5,3/4,2-2-1-1,39.6,7.7,4.0,464.0,0.0,[東]牧光二,田所英子,130.0,2014101621,01091,01106,635009
201706040506,4,4,7,シルバーコンパス,牝3,54.0,内田博幸,1:55.2,4,4-4-7-8,39.6,8.0,5.0,534.0,-8.0,[東]斎藤誠,キャロットファーム,75.0,2014105838,00422,01086,486800
201706040506,5,7,13,グランデセーヌ,牝3,54.0,ルメール,1:55.2,クビ,8-8-7-7,39.6,21.5,9.0,482.0,0.0,[東]藤沢和雄,キャロットファーム,50.0,2014106213,05339,00386,486800
201706040506,6,1,1,ラインディオーネ,牝3,51.0,武藤雅,1:55.2,ハナ,8-8-9-8,39.3,6.0,2.0,448.0,4.0,[東]水野貴広,大澤繁昌,0.0,2014100193,01169,01094,796002
201706040506,7,5,9,ノーブルクラウン,牝3,54.0,石橋脩,1:55.3,クビ,10-8-4-3,40.3,6.8,3.0,514.0,2.0,[東]木村哲也,シルクレーシング,0.0,2014105890,01077,01126,506800
201706040506,8,2,3,ナムラアヴィ,牝3,51.0,横山武史,1:55.3,アタマ,16-15-16-14,37.9,23.1,10.0,464.0,2.0,[東]石栗龍彦,奈村信重,0.0,2014104224,01170,01043,945004
201706040506,9,8,15,ミルキークォーツ,牝3,51.0,野中悠太,1:55.4,3/4,4-6-5-6,40.1,18.2,8.0,410.0,-4.0,[東]池上昌和,キャロットファーム,0.0,2014105913,01158,01150,486800
201706040506,10,6,12,カズノスイセイ,牝3,51.0,藤田菜七,1:56.0,3.1/2,13-14-13-13,39.4,61.8,12.0,484.0,2.0,[東]尾形充弘,鈴木可一,0.0,2014101326,01164,00349,457004
201706040506,11,5,10,ミッキークルソラ,牝3,51.0,菊沢一樹,1:56.4,2.1/2,1-1-2-3,41.5,8.3,6.0,462.0,2.0,[東]菊沢隆徳,野田みづき,0.0,2014105894,01161,01115,441007
201706040506,12,6,11,ステレオグラム,牝3,54.0,丸山元気,1:56.6,1.1/4,10-11-11-10,40.4,101.8,13.0,484.0,-4.0,[東]田中剛,社台レースホース,0.0,2014105540,01127,01119,415800
201706040506,13,2,4,ルミナスコースト,牝3,53.0,木幡巧也,1:57.7,7,4-4-9-11,41.9,173.5,15.0,434.0,-8.0,[東]和田正一,社台レースホース,0.0,2014105755,01162,01114,415800
201706040506,14,4,8,カフェアルカノ,牝3,54.0,吉田隼人,1:57.9,1.1/4,14-13-14-14,41.0,375.9,16.0,418.0,2.0,[東]古賀慎明,西川光一,0.0,2014101370,01095,01079,629007
201706040506,15,3,6,キスミーダーリン,牝3,54.0,吉田豊,1:58.0,クビ,12-11-12-12,41.7,59.7,11.0,420.0,14.0,[東]尾関知人,キャロットファーム,0.0,2014102896,00733,01103,486800
201706040506,16,1,2,サンシャインキッス,牝3,54.0,勝浦正樹,1:59.0,6,14-15-15-14,41.9,110.4,14.0,436.0,6.0,[東]的場均,野村茂雄,0.0,2014102224,01025,01063,319007
201706040507,1,3,3,サンホッブズ,牡4,57.0,松岡正海,2:35.6,,1-1-1-1,38.7,1.7,1.0,472.0,-6.0,[東]中舘英二,加藤ステーブル,750.0,2013103690,01085,01153,059803
201706040507,2,5,5,イルフォーコン,牡4,57.0,田辺裕信,2:36.1,3,9-8-4-4,38.5,4.4,2.0,468.0,16.0,[東]武市康男,Ｈ．ＦＡｓｓｏｃｉａｔｉｏｎ,300.0,2013103707,01075,01089,070700
201706040507,3,6,7,ミザイ,牝3,52.0,北村宏司,2:36.4,2,3-3-2-2,39.4,21.2,5.0,488.0,0.0,[西]牧浦充徳,山住勲,190.0,2014105799,01043,01113,258030
201706040507,4,4,4,プレツィオーゼ,セ5,54.0,菊沢一樹,2:37.2,5,2-2-2-3,40.1,31.1,7.0,436.0,0.0,[東]武藤善則,高橋貴士,110.0,2012103911,01161,01064,971033
201706040507,5,7,9,トーホウデサント,牡4,57.0,嘉藤貴行,2:37.6,2.1/2,11-10-10-7,39.2,98.7,12.0,492.0,10.0,[東]田中清隆,東豊物産,75.0,2013100528,01051,00408,965800
201706040507,6,5,6,シフォンカール,牝4,54.0,井上敏樹,2:37.7,3/4,7-7-7-6,39.6,43.2,8.0,442.0,-10.0,[東]奥平雅士,シルクレーシング,0.0,2013105835,01151,01074,506800
201706040507,7,8,11,リセンティート,牡3,51.0,武藤雅,2:38.5,5,12-12-7-7,40.3,10.1,4.0,508.0,2.0,[東]尾形和幸,米津佳昭,0.0,2014104238,01169,01141,195033
201706040507,8,1,1,サイドチェンジ,牡3,54.0,丹内祐次,2:38.7,1.1/4,3-3-4-5,41.1,7.1,3.0,498.0,0.0,[東]池上昌弘,大塚亮一,0.0,2014101287,01091,00390,858800
201706040507,9,2,2,ウインウェルス,牡4,57.0,柴田大知,2:39.8,7,5-5-7-10,41.7,22.7,6.0,508.0,-14.0,[西]吉田直弘,ウイン,0.0,2013103498,01009,01101,494800
201706040507,10,8,12,サトノオマージュ,牡4,57.0,岩田康誠,2:40.8,6,5-5-6-7,42.9,65.4,10.0,498.0,4.0,[東]高柳瑞樹,里見治,0.0,2013104524,05203,01118,790031
201706040507,11,7,10,シュメッターリング,牡3,54.0,大野拓弥,2:41.0,1.1/4,8-8-11-11,42.5,79.8,11.0,480.0,-8.0,[東]小笠倫弘,キャロットファーム,0.0,2014106139,01096,01076,486800
201706040507,12,6,8,ステラエスペランサ,牡3,54.0,吉田隼人,2:41.4,2.1/2,9-10-12-12,42.5,51.5,9.0,532.0,-14.0,[東]中川公成,キャロットファーム,0.0,2014105905,01095,01081,486800
201706040508,1,8,15,キョウエイスコール,牡4,57.0,戸崎圭太,1:11.1,,7-5,36.3,6.7,3.0,494.0,-6.0,[東]勢司和浩,田中晴夫,750.0,2013102476,05386,01047,619002
201706040508,2,4,7,レアドロップ,牝4,52.0,武藤雅,1:11.1,クビ,4-2,37.1,7.9,5.0,454.0,-4.0,[東]栗田徹,岡田牧雄,300.0,2013101236,01169,01127,851009
201706040508,3,4,8,ハートフルタイム,牡3,55.0,北村宏司,1:11.1,アタマ,10-7,36.1,7.8,4.0,500.0,-2.0,[西]牧浦充徳,青山洋一,190.0,2014101924,01043,01113,015008
201706040508,4,2,3,テンキセキ,牝4,55.0,柴田大知,1:11.5,2.1/2,10-7,36.5,6.5,2.0,480.0,4.0,[東]牧光二,天白泰司,110.0,2013104516,01009,01106,075006
201706040508,5,6,12,スフェーン,牡4,57.0,吉田豊,1:11.9,2.1/2,13-13,36.6,12.1,6.0,448.0,-8.0,[東]小西一男,キャピタルクラブ,75.0,2013103448,00733,00405,051700
201706040508,6,7,13,コアコンピタンス,牡4,57.0,武士沢友,1:12.2,2,14-14,36.6,85.7,12.0,502.0,-8.0,[東]武市康男,社台レースホース,0.0,2013105502,01029,01089,415800
201706040508,7,8,16,カキツバタチグサ,牡4,57.0,津村明秀,1:12.3,1/2,2-2,38.4,2.6,1.0,514.0,-4.0,[東]岩戸孝樹,芳賀克也,0.0,2013102718,01092,01051,247030
201706040508,8,1,2,サンアルパイン,セ5,57.0,岩部純二,1:12.4,3/4,15-14,36.6,84.4,11.0,504.0,6.0,[東]萱野浩二,加藤ステーブル,0.0,2012105076,00726,01024,059803
201706040508,9,2,4,ラスカルグレイ,セ4,57.0,丸山元気,1:12.6,1,1-1,38.9,102.0,14.0,472.0,6.0,[東]青木孝文,岡田牧雄,0.0,2013103959,01127,01156,851009
201706040508,10,1,1,ハートイズハート,牡4,57.0,御神本訓,1:12.6,クビ,12-9,37.5,19.9,8.0,460.0,0.0,[東]中野栄治,北村和江,0.0,2013106425,05404,01010,263006
201706040508,11,5,10,カシノワンパンチ,牡3,52.0,菊沢一樹,1:13.2,3.1/2,16-16,37.2,191.6,15.0,468.0,10.0,[東]天間昭一,柏木務,0.0,2014101321,01161,01090,514009
201706040508,12,6,11,カンタベリーマイン,牡4,57.0,横山典弘,1:13.2,ハナ,8-9,38.3,16.1,7.0,458.0,4.0,[東]石栗龍彦,峰哲馬,0.0,2013104770,00660,01043,684006
201706040508,13,3,6,ユイノルフィ,牡3,55.0,大野拓弥,1:13.3,1/2,5-5,38.8,44.1,10.0,454.0,-6.0,[東]尾関知人,由井健太郎,0.0,2014100936,01096,01103,044803
201706040508,14,7,14,キャラメルフレンチ,牝3,50.0,藤田菜七,1:13.4,クビ,2-2,39.6,21.4,9.0,454.0,-4.0,[東]尾形和幸,ノルマンディーサラブレッドレーシング,0.0,2014106428,01164,01141,854800
201706040508,15,5,9,シゲルサケガシラ,牡4,54.0,横山武史,1:13.4,クビ,8-12,38.5,85.9,13.0,460.0,-2.0,[東]伊藤圭三,森中蕃,0.0,2013106230,01170,01023,674004
201706040508,16,3,5,ピクニックランチ,牝3,53.0,長岡禎仁,1:15.9,大,5-9,41.3,272.0,16.0,428.0,2.0,[東]竹内正洋,吉田千津,0.0,2014105504,01142,01152,310007
201706040509,1,5,6,ハナズレジェンド,牡4,57.0,ルメール,1:48.4,,6-5-5-5,33.4,3.8,2.0,458.0,0.0,[西]矢作芳人,広尾レース,1528.0,2013103324,05339,01075,553800
201706040509,2,6,8,フローレスマジック,牝3,52.0,戸崎圭太,1:48.4,クビ,1-1-1-1,33.9,1.5,1.0,458.0,10.0,[東]木村哲也,サンデーレーシング,608.0,2014106151,05386,01126,226800
201706040509,3,4,4,テスタメント,牡6,57.0,杉原誠人,1:48.9,3,5-5-5-5,33.9,35.2,8.0,442.0,-6.0,[東]小島茂之,田原邦男,384.0,2011104031,01135,01068,016008
201706040509,4,3,3,ワンダーアツレッタ,牡5,57.0,津村明秀,1:48.9,クビ,2-3-3-3,34.1,32.2,7.0,480.0,-6.0,[西]河内洋,山本信行,230.0,2012106019,01092,01072,634001
201706040509,5,5,5,フォワードカフェ,牡5,57.0,田辺裕信,1:49.2,2,8-8-7-7,34.0,10.6,3.0,522.0,-2.0,[東]小島太,西川恭子,150.0,2012103796,01075,01013,505007
201706040509,6,1,1,ベストドリーム,牡6,57.0,西田雄一,1:49.3,クビ,8-8-9-9,33.8,28.9,6.0,470.0,2.0,[東]中川公成,堀口晴男,0.0,2011100715,01004,01081,407033
201706040509,7,7,9,マイネルユニブラン,牡3,54.0,柴田大知,1:49.4,1/2,2-2-2-2,34.8,25.1,5.0,516.0,-8.0,[東]高橋裕,サラブレッドクラブ・ラフィアン,0.0,2014101754,01009,00412,546800
201706040509,8,8,12,ギブアンドテイク,セ6,57.0,岩田康誠,1:49.4,アタマ,10-10-9-9,33.9,16.2,4.0,468.0,-2.0,[東]二ノ宮敬,嶋田賢,0.0,2011106405,05203,00409,399009
201706040509,9,6,7,シングンジョーカー,牡6,57.0,武士沢友,1:49.5,1/2,7-7-7-7,34.3,39.0,10.0,474.0,2.0,[東]高市圭二,伊坂重憲,0.0,2011105155,01029,01014,771009
201706040509,10,7,10,サクラエンパイア,牡4,57.0,石橋脩,1:49.7,1.1/2,11-11-11-11,33.8,36.1,9.0,470.0,2.0,[東]堀宣行,さくらコマース,0.0,2013104415,01077,01070,019800
201706040509,11,2,2,エリモジパング,牡7,57.0,御神本訓,1:50.0,1.3/4,12-12-12-12,34.0,168.3,11.0,470.0,4.0,[東]中野栄治,山本三津子,0.0,2010101767,05404,01010,953030
201706040509,12,8,11,スワンボート,牡7,57.0,菅原隆一,1:50.2,1,4-4-3-3,35.4,315.8,12.0,462.0,-8.0,[東]柴田政人,田頭勇貴,0.0,2010101988,01129,01007,855030
201706040510,1,4,5,ヨンカー,セ4,57.0,ルメール,1:10.4,,1-1,36.2,2.8,1.0,536.0,-4.0,[東]和田正一,吉田和美,1535.7,2013110122,05339,01114,138007
201706040510,2,6,10,サザンボルケーノ,牡3,55.0,北村友一,1:10.6,1,2-3,36.4,10.9,5.0,488.0,0.0,[西]加用正,南波壽,610.2,2014101832,01102,00425,393002
201706040510,3,8,14,リンガスウーノ,牝4,55.0,内田博幸,1:11.2,3.1/2,5-5,36.6,7.8,4.0,494.0,12.0,[東]高橋祥泰,伊藤巖,385.1,2013104896,00422,00359,321006
201706040510,4,1,1,トロピカルスパート,牝3,53.0,石橋脩,1:11.2,クビ,14-14,35.4,20.3,9.0,480.0,2.0,[東]高橋文雅,日向均,230.0,2014104487,01077,01134,598002
201706040510,5,7,12,ソルプレーサ,牡5,57.0,江田照男,1:11.2,アタマ,9-9,36.0,19.4,8.0,516.0,-4.0,[東]堀井雅広,西森鶴,150.0,2012105747,00689,00436,677009
201706040510,6,7,11,ナムラヒューマン,牡5,57.0,大野拓弥,1:11.3,1/2,9-9,36.0,31.5,10.0,464.0,-6.0,[西]浜田多実,奈村信重,0.0,2012102701,01096,01138,945004
201706040510,7,5,8,トーセンミッション,牡5,57.0,横山和生,1:11.3,アタマ,12-13,35.8,96.9,13.0,512.0,-8.0,[東]菊沢隆徳,島川隆哉,0.0,2012101116,01140,01115,270006
201706040510,8,5,7,クイーンズターフ,牝5,55.0,丸田恭介,1:11.3,ハナ,9-9,36.1,50.6,12.0,482.0,4.0,[東]石栗龍彦,小林英一ホールディングス,0.0,2012104793,01117,01043,882800
201706040510,9,2,2,ペイシャバラード,牝4,55.0,三浦皇成,1:11.3,ハナ,4-4,36.8,5.1,2.0,452.0,-4.0,[東]高市圭二,北所直人,0.0,2013102795,01122,01014,163002
201706040510,10,3,4,ビービーサレンダー,牡4,57.0,岩田康誠,1:11.5,3/4,6-6,36.7,6.7,3.0,498.0,-2.0,[東]久保田貴,坂東牧場,0.0,2013101169,05203,01067,185800
201706040510,11,8,13,ツウローゼズ,牝5,55.0,木幡初広,1:11.6,3/4,7-6,36.7,255.5,14.0,492.0,18.0,[東]高橋祥泰,鈴木芳夫,0.0,2012100671,00629,00359,639009
201706040510,12,4,6,タイセイラナキラ,牝4,55.0,北村宏司,1:11.6,アタマ,2-2,37.4,14.1,7.0,514.0,-4.0,[西]西村真幸,田中成奉,0.0,2013103144,01043,01148,224007
201706040510,13,3,3,タッチシタイ,牡7,57.0,御神本訓,1:11.7,クビ,12-12,36.2,32.0,11.0,492.0,-6.0,[西]音無秀孝,小田切有一,0.0,2010101326,05404,01002,334009
201706040510,14,6,9,サウンドジャンゴ,牡5,57.0,戸崎圭太,1:11.7,アタマ,7-6,36.8,13.4,6.0,520.0,2.0,[東]和田正道,増田雄一,0.0,2012110089,05386,00353,168006
201706040511,1,3,5,ミッキースワロー,牡3,56.0,横山典弘,2:12.7,,8-6-6-6,33.4,6.1,2.0,482.0,-2.0,[東]菊沢隆徳,野田みづき,5510.6,2014106160,00660,01115,441007
201706040511,2,4,7,アルアイン,牡3,56.0,ルメール,2:13.0,1.3/4,5-5-5-4,33.8,1.7,1.0,526.0,10.0,[西]池江泰寿,サンデーレーシング,2231.6,2014106046,05339,01071,226800
201706040511,3,2,2,サトノクロニクル,牡3,56.0,Ｍ．デム,2:13.2,1.1/4,3-4-3-4,34.2,6.6,3.0,462.0,12.0,[西]池江泰寿,里見治,1415.8,2014106038,05212,01071,790031
201706040511,4,8,15,スティッフェリオ,牡3,56.0,北村友一,2:13.3,3/4,2-2-2-2,34.5,23.6,6.0,438.0,-4.0,[西]音無秀孝,社台レースホース,810.0,2014105517,01102,01002,415800
201706040511,5,5,9,プラチナヴォイス,牡3,56.0,内田博幸,2:13.5,1.1/4,6-8-8-7,34.1,26.0,8.0,510.0,2.0,[西]鮫島一歩,本間茂,540.0,2014105192,00422,01046,694008
201706040511,6,6,10,サンデームーティエ,牡3,56.0,吉田豊,2:13.7,1.1/4,1-1-1-1,35.0,24.6,7.0,444.0,10.0,[東]谷原義明,戸部政彦,0.0,2014105102,00733,00402,190033
201706040511,7,4,6,サーレンブラント,牡3,56.0,岩田康誠,2:13.7,ハナ,8-9-9-9,34.1,17.5,5.0,450.0,0.0,[東]戸田博文,窪田芳郎,0.0,2014101769,05203,01054,208008
201706040511,8,8,14,クレッシェンドラヴ,牡3,56.0,戸崎圭太,2:13.7,クビ,10-10-10-11,34.0,39.3,10.0,492.0,4.0,[東]二ノ宮敬,広尾レース,0.0,2014104386,05386,00409,553800
201706040511,9,3,4,クリンチャー,牡3,56.0,藤岡佑介,2:13.8,クビ,3-3-3-2,34.8,10.7,4.0,490.0,18.0,[西]宮本博,前田幸治,0.0,2014100656,01093,01073,948006
201706040511,10,7,13,ストロングレヴィル,牡3,56.0,石橋脩,2:13.9,3/4,10-10-10-9,34.2,111.2,13.0,474.0,-2.0,[東]堀宣行,村木篤,0.0,2014105247,01077,01070,122009
201706040511,11,1,1,サンシロウ,牡3,56.0,柴田善臣,2:14.0,クビ,6-6-6-8,34.7,36.6,9.0,486.0,-4.0,[東]柄崎孝,三度屋,0.0,2014103367,00641,00380,020803
201706040511,12,7,12,ローリングタワー,牡3,56.0,三浦皇成,2:14.4,2.1/2,13-12-12-11,34.4,80.0,12.0,432.0,-6.0,[東]伊藤伸一,本間茂,0.0,2014103335,01122,01031,694008
201706040511,13,6,11,インペリアルフィズ,牡3,56.0,田辺裕信,2:14.4,アタマ,15-15-14-13,34.2,45.2,11.0,458.0,2.0,[東]小島太,社台レースホース,0.0,2014105709,01075,01013,415800
201706040511,14,5,8,ブラックギムレット,牡3,56.0,大野拓弥,2:15.1,4,14-14-14-13,34.9,337.1,15.0,448.0,-2.0,[東]柴田政人,黒澤尚,0.0,2014104267,01096,01007,627007
201706040511,15,2,3,ブラックロード,牡3,56.0,御神本訓,2:15.4,2,12-12-13-15,35.3,264.6,14.0,498.0,-2.0,[地]矢野義幸,欠畑圭一,0.0,2014101674,05404,05575,826033
201706040512,1,4,7,ハナレイムーン,牝3,52.0,Ｍ．デム,1:48.7,,2-2-2-2,33.8,3.4,2.0,432.0,18.0,[東]堀宣行,金子真人ホールディングス,750.0,2014105608,05212,01070,708800
201706040512,2,6,11,サトノキングダム,牡4,57.0,戸崎圭太,1:48.7,クビ,12-12-3-3,33.7,1.9,1.0,470.0,-4.0,[東]国枝栄,里見治,300.0,2013105535,05386,00399,790031
201706040512,3,4,6,マイネルザウバア,牡3,54.0,柴田大知,1:48.8,3/4,1-1-1-1,34.2,14.5,4.0,452.0,22.0,[東]小笠倫弘,サラブレッドクラブ・ラフィアン,190.0,2014104310,01009,01076,546800
201706040512,4,1,1,ドリームマジック,牝3,52.0,北村宏司,1:49.2,2.1/2,6-6-8-6,33.8,43.4,9.0,466.0,-10.0,[東]中川公成,堀口晴男,110.0,2014103913,01043,01081,407033
201706040512,5,2,2,クインズラミントン,牡3,54.0,藤岡佑介,1:49.5,1.3/4,3-3-5-3,34.4,106.5,10.0,478.0,-4.0,[東]池上昌和,亀田和弘,75.0,2014100533,01093,01150,390803
201706040512,6,6,10,レッドシルヴィ,牝4,55.0,三浦皇成,1:49.6,3/4,11-11-12-9,33.8,19.5,6.0,436.0,-18.0,[東]鹿戸雄一,東京ホースレーシング,0.0,2013105540,01122,01097,180800
201706040512,7,3,4,ヴィガーエッジ,セ4,57.0,内田博幸,1:49.8,1.1/2,5-5-6-6,34.6,133.2,11.0,484.0,-8.0,[東]池上昌和,島川隆哉,0.0,2013100077,00422,01150,270006
201706040512,8,8,14,ヴェルラヴニール,牡3,54.0,ルメール,1:49.9,3/4,13-13-12-12,34.2,7.3,3.0,430.0,2.0,[東]加藤征弘,サンデーレーシング,0.0,2014105355,05339,01059,226800
201706040512,9,2,3,グラスルーチェ,牝3,49.0,武藤雅,1:50.4,3,8-8-9-9,34.9,198.9,13.0,446.0,2.0,[東]杉浦宏昭,半沢,0.0,2014101182,01169,01008,541800
201706040512,10,5,8,ヴァンベールシチー,牡3,54.0,田辺裕信,1:50.4,ハナ,14-14-14-14,34.4,14.8,5.0,432.0,12.0,[東]池上昌弘,友駿ホースクラブ,0.0,2014101302,01075,00390,321800
201706040512,11,5,9,アオイシンゴ,牡3,54.0,吉田隼人,1:50.4,クビ,6-6-6-6,35.1,30.6,7.0,480.0,2.0,[東]古賀慎明,新谷幸義,0.0,2014105531,01095,01079,443033
201706040512,12,8,15,マッシュクール,牡3,54.0,江田照男,1:50.4,ハナ,14-15-14-14,34.4,156.3,12.0,502.0,8.0,[東]本間忍,島川隆哉,0.0,2014101733,00689,01056,270006
201706040512,13,3,5,ロザンジェ,牡3,53.0,木幡初也,1:50.5,クビ,10-8-11-12,34.9,391.8,15.0,470.0,8.0,[東]杉浦宏昭,西村憲人,0.0,2014103588,01153,01008,537006
201706040512,14,7,13,オンザロックス,牡4,57.0,御神本訓,1:50.7,1.1/2,8-10-9-9,35.2,34.1,8.0,484.0,4.0,[西]森秀行,稻井田安史,0.0,2013101965,05404,00427,498033
201706040512,15,7,12,マコトグラディウス,牡4,57.0,吉田豊,1:50.8,クビ,3-3-3-3,35.8,280.2,14.0,472.0,0.0,[東]尾形充弘,ディアマント,0.0,2013101026,00733,00349,864800
201706040601,1,7,12,ユイノシンドバッド,牡2,54.0,吉田豊,1:54.9,,4-3-2-1,39.9,21.4,7.0,490.0,-2.0,[東]竹内正洋,由井健太郎,500.0,2015101395,00733,01152,044803
201706040601,2,5,9,トーセンヴィータ,牡2,54.0,内田博幸,1:55.2,2,6-6-5-3,40.0,3.4,1.0,526.0,4.0,[東]古賀慎明,島川隆哉,200.0,2015101125,00422,01079,270006
201706040601,3,3,5,ウサギノパンチ,牡2,54.0,北村宏司,1:56.1,5,14-14-12-10,40.0,57.1,8.0,452.0,-2.0,[東]堀井雅広,桐谷茂,130.0,2015102173,01043,00436,129005
201706040601,4,5,8,ナリノリリー,牝2,54.0,田辺裕信,1:56.3,1.1/4,15-15-14-13,39.2,7.6,4.0,460.0,-8.0,[東]上原博之,成塚清志,75.0,2015105963,01075,00423,333030
201706040601,5,6,10,フロースヒルデ,牝2,54.0,吉田隼人,1:56.3,ハナ,10-9-5-3,41.1,62.9,10.0,432.0,2.0,[東]蛯名利弘,宮川保,50.0,2015101083,01095,01131,290033
201706040601,6,2,3,アポロエレノア,牝2,51.0,菊沢一樹,1:56.4,1/2,4-3-5-7,41.3,58.2,9.0,474.0,4.0,[東]菊沢隆徳,アポロサラブレッドクラブ,0.0,2015101026,01161,01115,033700
201706040601,7,7,13,コスモグラトナス,牡2,54.0,柴田大知,1:56.4,ハナ,6-7-9-10,40.9,6.4,3.0,442.0,2.0,[東]高橋祥泰,ビッグレッドファーム,0.0,2015100732,01009,00359,716800
201706040601,8,2,2,ハイチーズ,牡2,54.0,丸山元気,1:56.4,クビ,6-7-8-7,41.0,7.7,5.0,476.0,6.0,[東]小島茂之,ローレルレーシング,0.0,2015100849,01127,01068,032800
201706040601,9,3,4,ヤマタケパンチ,牡2,54.0,岩部純二,1:56.5,クビ,2-2-2-5,41.5,16.0,6.0,478.0,-2.0,[東]萱野浩二,山中和子,0.0,2015103112,00726,01024,631002
201706040601,10,8,15,アルマライル,牡2,54.0,三浦皇成,1:56.5,クビ,12-13-10-7,40.8,67.4,12.0,494.0,4.0,[東]伊藤大士,コウトミックレーシング,0.0,2015106049,01122,01109,095700
201706040601,11,8,14,マイネルクランチ,牡2,54.0,津村明秀,1:56.6,クビ,12-11-10-10,40.9,201.6,13.0,440.0,0.0,[東]和田正一,サラブレッドクラブ・ラフィアン,0.0,2015101187,01092,01114,546800
201706040601,12,6,11,ニシノラヴコール,牝2,54.0,戸崎圭太,1:56.8,1,3-3-2-2,41.8,3.6,2.0,434.0,-2.0,[東]尾形充弘,西山茂行,0.0,2015101782,05386,00349,897009
201706040601,13,1,1,カポラヴォーロ,牡2,51.0,武藤雅,1:59.9,大,1-1-1-5,45.0,63.9,11.0,480.0,-2.0,[東]和田正道,ヒダカ・ブリーダーズ・ユニオン,0.0,2015110005,01169,00353,547800
201706040601,14,4,7,アンクルブレイク,牡2,54.0,丸田恭介,2:00.7,5,9-9-13-14,44.5,222.8,15.0,454.0,-4.0,[東]石栗龍彦,青山英昭,0.0,2015105489,01117,01043,305033
201706040601,-1,4,6,ロデオチャーム,牝2,54.0,菅原隆一,,,,,,,,,[東]石毛善彦,田頭勇貴,0.0,2015106073,01129,00428,855030
201706040602,1,4,8,ヴェルスパー,牝2,54.0,吉田隼人,1:09.9,,3-3,34.8,2.2,1.0,442.0,2.0,[東]加藤征弘,サンデーレーシング,500.0,2015104705,01095,01059,226800
201706040602,2,2,3,ミントグリーン,牝2,54.0,大野拓弥,1:10.0,3/4,1-1,35.2,28.5,9.0,424.0,-2.0,[東]手塚貴久,ミルファーム,200.0,2015106371,01096,01038,629800
201706040602,3,2,4,ジョブックコメン,牝2,54.0,田辺裕信,1:10.2,1,4-4,35.0,14.5,6.0,414.0,-4.0,[東]小桧山悟,萩本企画,130.0,2015105352,01075,01005,976800
201706040602,4,3,6,ノーモアサイレンス,牝2,54.0,柴田大知,1:10.3,1/2,2-2,35.4,7.0,2.0,424.0,0.0,[東]粕谷昌央,岡田牧雄,75.0,2015102488,01009,01096,851009
201706040602,5,1,2,オモウツボ,牝2,54.0,柴山雄一,1:10.7,2.1/2,7-7,35.3,24.4,8.0,468.0,-6.0,[東]浅野洋一,鹽田久義,50.0,2015102730,05243,00421,973006
201706040602,6,8,15,テルキーネス,牝2,54.0,蛯名正義,1:10.7,ハナ,10-9,35.1,7.9,4.0,418.0,6.0,[東]田中清隆,嶋田賢,0.0,2015106097,00663,00408,399009
201706040602,7,5,10,モシモ,牝2,54.0,戸崎圭太,1:10.8,3/4,5-5,35.5,23.8,7.0,444.0,6.0,[東]本間忍,小田切有一,0.0,2015102734,05386,01056,334009
201706040602,8,7,14,ナンヨーイヴェール,牝2,54.0,柴田善臣,1:11.0,1.1/4,7-7,35.5,7.2,3.0,482.0,-4.0,[東]田中剛,中村徳也,0.0,2015102871,00641,01119,512031
201706040602,9,6,11,ニシノアリオス,牝2,51.0,野中悠太,1:11.1,3/4,10-9,35.5,58.0,11.0,440.0,0.0,[東]古賀慎明,西山茂行,0.0,2015101784,01158,01079,897009
201706040602,10,7,13,プリティロコガール,牝2,51.0,武藤雅,1:11.2,1/2,5-5,35.9,213.7,14.0,426.0,-10.0,[東]栗田徹,コロンバスサークル,0.0,2015105416,01169,01127,878800
201706040602,11,6,12,マインプリンセス,牝2,54.0,的場勇人,1:11.2,アタマ,13-13,35.3,342.7,16.0,410.0,-8.0,[東]的場均,峰哲馬,0.0,2015101937,01108,01063,684006
201706040602,12,3,5,ドゥルガー,牝2,54.0,杉原誠人,1:11.2,アタマ,13-13,35.3,36.4,10.0,418.0,0.0,[東]伊藤正徳,ミルファーム,0.0,2015101266,01135,00383,629800
201706040602,13,4,7,ミヤビフィオーラ,牝2,54.0,内田博幸,1:11.3,クビ,16-16,34.8,12.4,5.0,428.0,2.0,[東]中舘英二,村上義勝,0.0,2015105711,00422,01153,127002
201706040602,14,5,9,コントラスト,牝2,51.0,菊沢一樹,1:11.4,3/4,7-9,36.0,177.7,12.0,458.0,8.0,[東]浅野洋一,田頭勇貴,0.0,2015100440,01161,00421,855030
201706040602,15,1,1,レディーブラント,牝2,51.0,横山武史,1:11.5,3/4,15-15,35.3,321.0,15.0,416.0,0.0,[東]石栗龍彦,ダイヤモンドファーム,0.0,2015106527,01170,01043,623800
201706040602,16,8,16,ソパドゥルグムシュ,牝2,54.0,嘉藤貴行,1:11.7,1.1/4,10-9,36.1,188.8,13.0,420.0,0.0,[東]奥平雅士,内田玄祥,0.0,2015102315,01051,01074,149033
201706040603,1,3,3,ゴーフォザサミット,牡2,54.0,蛯名正義,1:49.4,,7-8-6-7,35.9,5.4,3.0,492.0,-12.0,[東]藤沢和雄,山本英俊,500.0,2015106299,00663,00386,124008
201706040603,2,1,1,アイスフィヨルド,牡2,54.0,西田雄一,1:49.8,2.1/2,1-1-1-1,36.9,8.0,5.0,442.0,0.0,[東]武藤善則,佐々木雄二,200.0,2015102841,01004,01064,852030
201706040603,3,7,9,コスモレリア,牡2,54.0,柴田大知,1:50.0,1.1/2,4-4-4-4,36.7,9.9,6.0,464.0,-2.0,[東]奥村武,ビッグレッドファーム,130.0,2015100731,01009,01145,716800
201706040603,4,7,8,カシノデジール,牝2,51.0,横山武史,1:50.1,クビ,10-10-11-11,36.0,43.7,8.0,430.0,-8.0,[東]二本柳俊,柏木務,75.0,2015101920,01170,00370,514009
201706040603,5,8,11,スカルダイヤモンド,牡2,54.0,戸崎圭太,1:50.1,アタマ,11-11-9-10,36.3,6.9,4.0,444.0,4.0,[東]武井亮,ＫＴレーシング,50.0,2015104844,05386,01147,051803
201706040603,6,4,4,ペイシャレイナ,牝2,54.0,的場勇人,1:50.2,3/4,7-8-9-7,36.4,29.1,7.0,456.0,10.0,[東]高橋義博,北所直人,0.0,2015101938,01108,01036,163002
201706040603,7,5,5,オペラサンデー,牡2,54.0,勝浦正樹,1:50.3,3/4,4-4-4-4,37.0,50.6,9.0,422.0,-4.0,[東]谷原義明,戸部政彦,0.0,2015106223,01025,00402,190033
201706040603,8,6,7,アメリカンツイスト,牡2,54.0,田辺裕信,1:50.4,クビ,2-2-2-2,37.5,3.9,2.0,478.0,-6.0,[東]中舘英二,グリーンファーム,0.0,2015104243,01075,01153,148800
201706040603,9,8,10,マツカゼ,牡2,54.0,内田博幸,1:50.7,1.3/4,7-7-6-7,37.3,3.5,1.0,506.0,4.0,[西]矢作芳人,ライオンレースホース,0.0,2015110024,00422,01075,542800
201706040603,10,2,2,ラヴァーズインメイ,牝2,54.0,石橋脩,1:51.0,1.3/4,2-2-3-3,37.8,88.5,10.0,454.0,2.0,[東]青木孝文,サラブレッドクラブ・ラフィアン,0.0,2015103917,01077,01156,546800
201706040603,11,6,6,ソウラセブン,牝2,54.0,黛弘人,1:51.1,1/2,4-4-6-4,37.6,193.0,11.0,428.0,-6.0,[東]柄崎孝,村田滋,0.0,2015103900,01109,00380,648002
201706040604,1,3,6,デザートトリップ,牡3,56.0,的場勇人,1:10.9,,5-4,37.2,5.8,4.0,482.0,0.0,[東]的場均,グランデオーナーズ,500.0,2014100135,01108,01063,910800
201706040604,2,6,11,マッジョネラ,セ3,53.0,菊沢一樹,1:11.1,1,8-9,37.2,5.5,3.0,492.0,2.0,[東]菊沢隆徳,堂守貴志,200.0,2014101818,01161,01115,425030
201706040604,3,5,10,グランティエラ,牡3,56.0,三浦皇成,1:11.3,1.1/4,2-3,37.8,12.3,6.0,510.0,4.0,[東]清水英克,ノルマンディーサラブレッドレーシング,130.0,2014105232,01122,01080,854800
201706040604,4,3,5,ケンユキノオー,牡3,53.0,武藤雅,1:11.3,ハナ,13-10,36.8,134.5,15.0,444.0,-2.0,[東]久保田貴,中西健,75.0,2014100065,01169,01067,441033
201706040604,5,4,8,サンコロナ,牝3,51.0,横山武史,1:11.3,クビ,5-4,37.6,12.0,5.0,402.0,-10.0,[東]天間昭一,加藤ステーブル,50.0,2014101856,01170,01090,059803
201706040604,6,5,9,モアナブルー,牝3,54.0,戸崎圭太,1:11.3,アタマ,2-2,37.9,3.4,1.0,458.0,4.0,[東]栗田博憲,平川浩之,0.0,2014104301,05386,00341,136007
201706040604,7,1,2,キロロチャン,牝3,54.0,田辺裕信,1:11.4,3/4,1-1,38.0,5.1,2.0,460.0,0.0,[東]小西一男,明栄商事,0.0,2014104934,01075,00405,040803
201706040604,8,4,7,サウスカップ,牝3,54.0,丸山元気,1:11.6,3/4,9-7,37.5,39.1,12.0,420.0,-8.0,[東]尾関知人,那須野牧場,0.0,2014109095,01127,01103,051800
201706040604,9,8,16,バンリノユウシャ,牡3,56.0,大野拓弥,1:11.6,アタマ,9-10,37.4,36.0,10.0,516.0,-2.0,[東]高木登,塩川和則,0.0,2014103194,01096,01088,430002
201706040604,10,7,13,チアフルガール,牝3,54.0,柴田大知,1:11.7,3/4,15-14,36.9,39.0,11.0,440.0,0.0,[東]加藤征弘,島川隆哉,0.0,2014106017,01009,01059,270006
201706040604,11,2,4,ブルーグリュック,牡3,53.0,藤田菜七,1:11.9,1.1/4,15-16,37.1,35.5,9.0,470.0,8.0,[東]尾形和幸,ブルーマネジメント,0.0,2014101042,01164,01141,188800
201706040604,12,6,12,シーソルティキッス,牝3,54.0,北村宏司,1:12.5,3.1/2,7-7,38.7,33.2,8.0,416.0,2.0,[東]奥村武,金子真人ホールディングス,0.0,2014106004,01043,01145,708800
201706040604,13,2,3,セイユウロマンス,牝3,51.0,野中悠太,1:12.5,クビ,9-12,38.4,70.8,13.0,478.0,12.0,[東]加藤和宏,松岡正二,0.0,2014102749,01158,01077,765007
201706040604,14,1,1,ジュローズ,牝3,54.0,吉田隼人,1:12.6,クビ,13-14,38.0,107.8,14.0,410.0,2.0,[東]戸田博文,社台レースホース,0.0,2014105345,01095,01054,415800
201706040604,15,8,15,アキノリーツリー,牝3,54.0,江田照男,1:13.9,8,12-13,39.5,327.1,16.0,454.0,10.0,[東]田中剛,穐吉正孝,0.0,2014101410,00689,01119,561006
201706040604,16,7,14,ネオヴェルモット,牝3,53.0,井上敏樹,1:16.0,大,4-6,42.4,13.4,7.0,422.0,-2.0,[東]伊藤正徳,小林仁幸,0.0,2014105600,01151,00383,234008
201706040605,1,2,4,グランドピルエット,牝2,54.0,田辺裕信,1:36.8,,3-4-4,35.0,1.4,1.0,486.0,0.0,[東]田村康仁,社台レースホース,700.0,2015104337,01075,01027,415800
201706040605,2,3,5,クリッパー,牝2,54.0,戸崎圭太,1:36.9,3/4,11-6-7,34.9,5.5,2.0,460.0,0.0,[東]高橋文雅,吉田和美,280.0,2015104752,05386,01134,138007
201706040605,3,3,6,キングドンドルマ,牡2,54.0,嶋田純次,1:37.1,1.1/4,1-1-1,35.6,216.5,13.0,470.0,0.0,[東]伊藤伸一,田頭勇貴,180.0,2015101929,01134,01031,855030
201706040605,4,5,10,マイネルオフショア,牡2,54.0,黛弘人,1:37.3,1,2-2-2,35.7,57.3,10.0,480.0,0.0,[東]菊沢隆徳,サラブレッドクラブ・ラフィアン,110.0,2015106214,01109,01115,546800
201706040605,5,1,1,ジュンパッション,牡2,54.0,大野拓弥,1:37.4,1/2,3-4-4,35.6,99.3,11.0,456.0,0.0,[東]高柳瑞樹,河合純二,70.0,2015104435,01096,01118,165033
201706040605,6,4,8,ショウナンバリウス,牡2,54.0,吉田隼人,1:37.6,1.1/4,9-6-7,35.7,27.3,7.0,492.0,0.0,[東]奥村武,国本哲秀,0.0,2015100655,01095,01145,331002
201706040605,7,5,9,スガノブリランテ,牡2,54.0,津村明秀,1:37.6,クビ,7-6-4,35.6,13.9,3.0,450.0,0.0,[東]清水英克,菅原光博,0.0,2015102299,01092,01080,125009
201706040605,8,1,2,カプリッチョ,牡2,54.0,長岡禎仁,1:38.0,2.1/2,14-14-14,34.8,219.8,14.0,434.0,0.0,[東]堀井雅広,西森鶴,0.0,2015102978,01142,00436,677009
201706040605,9,7,13,アッシジ,牝2,51.0,武藤雅,1:38.2,1.1/4,6-9-9,36.0,225.5,15.0,400.0,0.0,[東]高橋義博,海谷幸司,0.0,2015105406,01169,01036,457002
201706040605,10,6,11,アストルム,牡2,54.0,石橋脩,1:38.4,1.1/4,3-2-2,36.7,44.7,9.0,480.0,0.0,[西]浜田多実,カナヤマホールディングス,0.0,2015106468,01077,01138,045803
201706040605,11,7,14,ベリータ,牝2,54.0,柴田大知,1:38.5,3/4,7-9-9,36.3,19.7,5.0,444.0,0.0,[東]水野貴広,サラブレッドクラブ・ラフィアン,0.0,2015100723,01009,01094,546800
201706040605,12,8,15,ダブルミリオン,牝2,54.0,松岡正海,1:38.8,1.3/4,10-9-9,36.6,38.2,8.0,468.0,0.0,[東]小笠倫弘,サラブレッドクラブ・ラフィアン,0.0,2015100304,01085,01076,546800
201706040605,13,4,7,ロイヤルバースデー,牡2,54.0,横山典弘,1:39.1,1.1/2,11-13-12,36.3,15.1,4.0,494.0,0.0,[東]奥平雅士,松井晴彦,0.0,2015104630,00660,01074,937033
201706040605,14,8,16,ショウナンサラ,牝2,54.0,柴山雄一,1:39.1,アタマ,11-12-12,36.4,143.0,12.0,464.0,0.0,[東]武市康男,国本哲秀,0.0,2015106028,05243,01089,331002
201706040605,15,2,3,クリノローランサン,牝2,54.0,三浦皇成,1:39.1,クビ,15-16-15,35.6,24.2,6.0,420.0,0.0,[東]高市圭二,栗本博晴,0.0,2015102744,01122,01014,970006
201706040605,16,6,12,リードボーカル,牡2,54.0,丸田恭介,1:41.7,大,15-14-16,38.4,270.3,16.0,508.0,0.0,[東]佐藤吉勝,スピードファーム,0.0,2015100329,01117,01035,911800
201706040606,1,4,7,バレッティ,セ3,56.0,田辺裕信,1:53.1,,10-10-7-6,38.3,3.4,1.0,508.0,4.0,[東]久保田貴,社台レースホース,500.0,2014105506,01075,01067,415800
201706040606,2,1,1,ガクチカキッズ,牡3,56.0,吉田隼人,1:53.7,3.1/2,1-1-1-1,39.4,9.0,4.0,460.0,-4.0,[東]大江原哲,菊地祐司,200.0,2014105274,01095,01012,656033
201706040606,3,4,8,ハレカイ,牡3,56.0,戸崎圭太,1:53.8,3/4,14-14-14-12,38.5,5.9,3.0,482.0,-4.0,[東]萩原清,ノースヒルズ,130.0,2014100615,05386,01017,788800
201706040606,4,2,4,ベストプレディクト,牡3,55.0,木幡初也,1:53.9,1/2,7-6-7-8,39.0,16.1,8.0,472.0,-8.0,[東]鹿戸雄一,キャロットファーム,75.0,2014105963,01153,01097,486800
201706040606,5,5,9,ストラギスト,牝3,51.0,菊沢一樹,1:54.1,1,3-3-4-2,39.5,41.8,10.0,444.0,2.0,[東]中川公成,下河辺牧場,50.0,2014101998,01161,01081,362800
201706040606,6,5,10,ニシノキッカセキ,牡3,56.0,大野拓弥,1:54.3,1.1/4,5-5-4-6,39.6,4.1,2.0,472.0,4.0,[東]手塚貴久,西山茂行,0.0,2014102316,01096,01038,897009
201706040606,7,3,5,サンピッツバーグ,牝3,54.0,丸田恭介,1:54.6,2,12-12-10-9,39.5,55.5,12.0,434.0,0.0,[東]田島俊明,加藤ステーブル,0.0,2014106288,01117,01112,059803
201706040606,8,8,15,デストロイ,牡3,56.0,柴田善臣,1:54.7,1/2,7-6-4-2,40.1,9.4,5.0,504.0,8.0,[東]高橋裕,諸岡慶,0.0,2014106286,00641,00412,951033
201706040606,9,2,3,モーリーファ,牝3,54.0,丸山元気,1:54.8,クビ,16-16-16-15,38.6,38.0,9.0,460.0,-2.0,[東]和田雄二,シルクレーシング,0.0,2014106019,01127,01143,506800
201706040606,10,3,6,マジックバラード,牡3,56.0,木幡初広,1:54.8,クビ,15-14-14-12,39.4,74.0,13.0,468.0,-4.0,[東]宗像義忠,鈴木芳夫,0.0,2014105148,00629,00420,639009
201706040606,11,6,11,クオリティスタート,牝3,52.0,伴啓太,1:55.4,3.1/2,10-10-10-9,40.3,49.5,11.0,506.0,12.0,[東]尾形和幸,大谷正嗣,0.0,2014105903,01149,01141,005060
201706040606,12,7,13,ボナジョルナータ,牡3,56.0,伊藤工真,1:55.5,1/2,12-12-10-11,40.4,15.7,7.0,516.0,12.0,[東]宗像義忠,島川利子,0.0,2014105544,01119,00420,440007
201706040606,13,1,2,ショウナンアリオン,牡3,56.0,柴山雄一,1:55.6,1/2,2-2-2-2,41.1,227.9,14.0,454.0,-10.0,[東]勢司和浩,国本哲秀,0.0,2014104634,05243,01047,331002
201706040606,14,6,12,オメガジェルベーラ,牡3,56.0,内田博幸,1:55.6,クビ,3-3-2-2,41.1,10.2,6.0,490.0,4.0,[東]斎藤誠,原禮子,0.0,2014105468,00422,01086,008803
201706040606,15,7,14,ピースワンデュー,牡3,53.0,野中悠太,1:55.8,3/4,9-9-9-12,40.8,256.0,15.0,480.0,-3.0,[東]大竹正博,長谷川成利,0.0,2014104368,01158,01102,057030
201706040606,16,8,16,オーネットマーロン,牡3,53.0,武藤雅,1:59.0,大,5-6-10-16,43.8,314.5,16.0,430.0,2.0,[東]戸田博文,醍醐伸之,0.0,2014103504,01169,01054,844002
201706040607,1,3,6,タイセイスペリオル,牡4,57.0,戸崎圭太,1:10.3,,6-5,36.3,2.2,1.0,470.0,0.0,[東]池上昌弘,田中成奉,750.0,2013105511,05386,00390,224007
201706040607,2,6,11,デピュティプライム,セ4,57.0,田辺裕信,1:10.3,クビ,13-12,35.6,10.7,4.0,478.0,6.0,[東]小島茂之,丸山担,300.0,2013105495,01075,01068,922030
201706040607,3,2,4,トウショウデュエル,牡5,56.0,木幡初也,1:10.7,2.1/2,4-3,36.8,15.8,6.0,516.0,0.0,[東]杉浦宏昭,トウショウ産業,190.0,2012103265,01153,01008,078800
201706040607,4,4,8,アメイズミー,牡3,55.0,津村明秀,1:10.8,1/2,9-7,36.5,12.7,5.0,460.0,0.0,[東]栗田博憲,Ｇ１レーシング,110.0,2014105337,01092,00341,808800
201706040607,5,4,7,デルマオフクロサン,牝3,53.0,松岡正海,1:10.9,1/2,2-2,37.2,6.2,3.0,436.0,-6.0,[東]蛯名利弘,浅沼廣幸,75.0,2014105398,01085,01131,274002
201706040607,6,7,13,モルゲンロート,牡4,57.0,嘉藤貴行,1:10.9,アタマ,8-5,36.8,4.7,2.0,480.0,0.0,[東]竹内正洋,武田茂男,0.0,2013103739,01051,01152,473008
201706040607,7,7,14,ビレッジエンパイア,牡4,57.0,大野拓弥,1:11.0,クビ,11-10,36.6,38.7,9.0,474.0,-4.0,[東]土田稔,村山浩伸,0.0,2013102345,01096,00417,438033
201706040607,8,8,15,タイセイマルス,牡3,52.0,野中悠太,1:11.2,1.1/4,6-10,37.2,101.8,12.0,464.0,10.0,[東]栗田徹,田中成奉,0.0,2014104933,01158,01127,224007
201706040607,9,3,5,シゲルヒョウ,牡3,55.0,吉田隼人,1:11.2,クビ,3-3,37.4,17.8,7.0,486.0,2.0,[東]伊藤圭三,森中蕃,0.0,2014104228,01095,01023,674004
201706040607,10,1,2,ショークール,牡4,54.0,藤田菜七,1:11.3,クビ,13-12,36.6,71.0,11.0,516.0,-2.0,[東]加藤和宏,吉冨学,0.0,2013102154,01164,01077,905033
201706040607,11,5,9,ダッシャークワトロ,セ4,57.0,北村宏司,1:11.5,1.1/4,16-16,36.3,195.4,14.0,454.0,6.0,[東]黒岩陽一,芦田信,0.0,2013100347,01043,01133,601006
201706040607,12,1,1,ホーミー,牡4,57.0,森一馬,1:11.5,クビ,9-7,37.3,139.5,13.0,472.0,0.0,[東]松永康利,小林竜太郎,0.0,2013101520,01139,01093,336030
201706040607,13,5,10,コットンパール,牝4,55.0,西田雄一,1:11.8,1.3/4,15-14,36.9,267.1,16.0,470.0,8.0,[東]高市圭二,ミルファーム,0.0,2013100948,01004,01014,629800
201706040607,14,6,12,ニシノオウカン,牡3,52.0,武藤雅,1:12.5,4,4-7,38.6,22.0,8.0,446.0,-2.0,[東]古賀慎明,西山茂行,0.0,2014100462,01169,01079,897009
201706040607,15,2,3,マグレブ,セ4,57.0,黛弘人,1:12.5,クビ,1-1,38.8,226.4,15.0,476.0,16.0,[東]高橋祥泰,ノルマンディーサラブレッドレーシング,0.0,2013103987,01109,00359,854800
201706040607,16,8,16,アリエルバローズ,牡4,57.0,柴山雄一,1:12.8,2,11-14,38.4,51.4,10.0,456.0,2.0,[東]尾形和幸,猪熊広次,0.0,2013101378,05243,01141,859007
201706040609,1,6,6,マイネルヴンシュ,牡3,54.0,柴田大知,2:34.1,,5-5-5-3,35.3,4.8,3.0,452.0,6.0,[東]水野貴広,サラブレッドクラブ・ラフィアン,1519.6,2014100731,01009,01094,546800
201706040609,2,4,4,ウインヴォラーレ,牡4,57.0,松岡正海,2:34.1,クビ,2-2-2-1,35.5,2.2,1.0,480.0,6.0,[東]手塚貴久,ウイン,605.6,2013101447,01085,01038,494800
201706040609,3,2,2,チャロネグロ,牡3,54.0,田辺裕信,2:34.2,クビ,7-7-6-6,35.2,2.9,2.0,494.0,6.0,[東]大和田成,金子真人ホールディングス,382.8,2014105756,01075,01124,708800
201706040609,4,1,1,タケルラムセス,牡5,57.0,内田博幸,2:34.5,2,7-7-6-6,35.4,24.7,6.0,476.0,-4.0,[東]田村康仁,森保彦,230.0,2012106012,00422,01027,748009
201706040609,5,8,8,スズカヴァンガード,セ6,57.0,西田雄一,2:34.6,1/2,6-6-6-8,35.6,28.0,7.0,488.0,4.0,[東]小島茂之,永井啓弍,150.0,2011101045,01004,01068,382004
201706040609,6,5,5,エアピザレー,牡6,57.0,北村宏司,2:34.6,ハナ,3-3-3-3,35.9,15.6,5.0,480.0,-4.0,[東]高柳瑞樹,ラッキーフィールド,0.0,2011104185,01043,01118,084800
201706040609,7,7,7,フジマサエンペラー,セ8,57.0,柴田善臣,2:35.0,2.1/2,3-3-3-3,36.3,10.5,4.0,496.0,0.0,[東]菊川正達,藤原正一,0.0,2009105863,00641,01052,507007
201706040609,8,3,3,ハヤブサライデン,牡5,57.0,江田照男,2:35.4,2.1/2,1-1-1-2,37.0,37.3,8.0,488.0,2.0,[東]菊川正達,吉田牧場,0.0,2012103921,00689,01052,686800
201706040610,1,1,2,ブレスアロット,牡4,57.0,北村宏司,1:51.6,,2-2-2-1,38.8,7.6,4.0,468.0,2.0,[東]高柳瑞樹,吉田照哉,1535.7,2013105463,01043,01118,758005
201706040610,2,7,14,クラシコ,牡5,57.0,内田博幸,1:51.8,1.1/4,4-4-4-4,38.7,3.4,2.0,516.0,6.0,[東]堀宣行,林正道,610.2,2012104581,00422,01070,675030
201706040610,3,8,15,クリノフウジン,牡3,54.0,戸崎圭太,1:51.8,クビ,2-2-2-2,38.9,25.5,6.0,490.0,10.0,[西]高橋義忠,栗本博晴,385.1,2014106361,05386,01129,970006
201706040610,4,8,16,リヴェルディ,牡3,54.0,吉田隼人,1:51.9,クビ,6-6-4-4,38.8,2.5,1.0,520.0,8.0,[東]中川公成,佐藤牧場,230.0,2014101512,01095,01081,245800
201706040610,5,3,5,フジマサクラウン,牡6,57.0,田中勝春,1:52.0,3/4,11-11-11-9,38.4,45.2,7.0,518.0,-10.0,[東]松永康利,藤原正一,150.0,2011104437,00684,01093,507007
201706040610,6,5,9,エムオーグリッタ,牡3,54.0,勝浦正樹,1:52.1,1/2,6-6-7-6,38.8,46.7,9.0,486.0,2.0,[東]古賀慎明,大浅貢,0.0,2014102848,01025,01079,481002
201706040610,7,2,4,サラセニア,牡4,57.0,吉田豊,1:52.5,2.1/2,9-9-9-9,39.0,6.4,3.0,474.0,-2.0,[東]小西一男,平本敏夫,0.0,2013104274,00733,00405,832008
201706040610,8,6,12,ゼンノスサノヲ,牡6,57.0,柴田大知,1:52.8,1.3/4,16-16-16-16,37.9,209.9,15.0,474.0,-2.0,[西]杉山晴紀,大迫久美子,0.0,2011105337,01009,01157,052803
201706040610,9,4,7,サクレエクスプレス,牝3,52.0,大野拓弥,1:52.8,クビ,13-13-11-12,39.1,9.8,5.0,486.0,4.0,[東]加藤征弘,Ｋ．Ｓ．ヤップ,0.0,2014106080,01096,01059,033060
201706040610,10,3,6,セイカエドミザカ,牡4,57.0,柴山雄一,1:52.9,クビ,10-9-9-9,39.4,61.4,10.0,478.0,-10.0,[東]相沢郁,久米大,0.0,2013100655,05243,01020,284008
201706040610,11,2,3,ツインキャンドル,牝6,55.0,武藤雅,1:53.0,1/2,8-8-7-8,39.6,136.3,14.0,458.0,12.0,[東]武藤善則,下河辺牧場,0.0,2011100379,01169,01064,362800
201706040610,12,7,13,ルーレットクイーン,牝4,55.0,三浦皇成,1:53.3,1.3/4,11-11-11-13,39.7,93.1,13.0,432.0,-6.0,[東]武井亮,ＫＴレーシング,0.0,2013103464,01122,01147,051803
201706040610,13,4,8,ディアグリスター,牡7,57.0,田辺裕信,1:53.4,3/4,14-14-14-14,39.5,72.2,11.0,486.0,0.0,[東]高橋裕,ディアレストクラブ,0.0,2010106032,01075,00412,013803
201706040610,14,1,1,ジュガンティーヤ,牡6,57.0,横山和生,1:53.7,1.3/4,5-4-4-6,40.6,250.9,16.0,530.0,2.0,[東]杉浦宏昭,日進牧場,0.0,2011105968,01140,01008,100800
201706040610,15,6,11,スケロク,牡5,57.0,石橋脩,1:54.0,2,1-1-1-2,41.3,76.1,12.0,508.0,4.0,[東]松山将樹,サミットレーシング,0.0,2012105645,01077,01100,016700
201706040610,16,5,10,ノースランドボーイ,セ5,57.0,西田雄一,1:54.1,1/2,14-15-15-15,39.9,45.4,8.0,498.0,12.0,[東]萱野浩二,河村祥史,0.0,2012105420,01004,01024,889006
201706040611,1,2,4,タマモブリリアン,牝4,54.0,吉田隼人,1:08.0,,2-2,34.4,2.9,2.0,464.0,-2.0,[西]南井克巳,タマモ,1855.0,2013104320,01095,01049,515800
201706040611,2,5,10,アドマイヤナイト,牝5,54.0,戸崎圭太,1:08.1,3/4,5-5,34.0,2.6,1.0,432.0,-4.0,[西]梅田智之,近藤利一,740.0,2012100531,05386,01084,398002
201706040611,3,1,1,デンコウウノ,牡6,55.0,柴山雄一,1:08.1,ハナ,1-1,34.6,15.4,6.0,492.0,-10.0,[西]渡辺薫彦,田中康弘,465.0,2011103009,05243,01155,484007
201706040611,4,3,5,ドラゴンストリート,牡6,54.0,三浦皇成,1:08.2,3/4,6-6,33.9,25.4,9.0,472.0,-2.0,[東]田島俊明,窪田芳郎,270.0,2011100363,01122,01112,208008
201706040611,5,3,6,スマートカルロス,牡5,56.0,丸田恭介,1:08.3,クビ,9-9,33.7,14.7,5.0,476.0,-4.0,[西]浅見秀一,大川徹,182.0,2012101892,01117,00411,007803
201706040611,6,5,9,ユキノアイオロス,セ9,54.0,横山典弘,1:08.4,3/4,4-3,34.4,24.7,8.0,478.0,0.0,[東]和田正道,井上基之,0.0,2008100889,00660,00353,623005
201706040611,7,8,16,ニシオボヌール,セ5,55.0,高田潤,1:08.4,クビ,6-6,34.0,7.5,3.0,490.0,2.0,[西]高橋亮,西尾午郎,0.0,2012105451,01046,01136,446004
201706040611,8,6,11,メイショウブイダン,牡6,54.0,石橋脩,1:08.4,ハナ,6-6,34.1,36.3,10.0,456.0,-8.0,[西]西浦勝一,松本好雄,0.0,2011100740,01077,01016,523005
201706040611,9,7,13,トシザキミ,牝6,52.0,吉田豊,1:08.7,1.3/4,10-11,34.0,64.8,11.0,486.0,0.0,[西]鮫島一歩,上村利幸,0.0,2011105539,00733,01046,577033
201706040611,10,4,7,スズカアーサー,牡8,52.0,長岡禎仁,1:08.7,ハナ,11-15,33.6,94.0,12.0,498.0,-4.0,[東]柄崎孝,永井啓弍,0.0,2009101967,01142,00380,382004
201706040611,11,4,8,クリノタカラチャン,牝7,50.0,木幡初也,1:08.7,アタマ,3-3,34.8,181.5,15.0,420.0,10.0,[東]天間昭一,栗本博晴,0.0,2010102252,01153,01090,970006
201706040611,12,2,3,パイメイメイ,牝6,50.0,横山武史,1:08.8,1/2,14-12,33.3,132.2,13.0,506.0,18.0,[東]鈴木伸尋,西森鶴,0.0,2011104833,01170,01026,677009
201706040611,13,6,12,オデュッセウス,牡4,57.0,内田博幸,1:08.9,1/2,11-9,33.8,24.4,7.0,494.0,6.0,[東]手塚貴久,ユアストーリー,0.0,2013106125,00422,01038,059700
201706040611,14,7,14,モルジアナ,牝5,55.0,北村宏司,1:09.1,1.1/4,11-14,34.0,13.5,4.0,494.0,12.0,[東]木村哲也,シルクレーシング,0.0,2012104626,01043,01126,506800
201706040611,15,1,2,クリノハッチャン,牝6,50.0,武藤雅,1:09.1,クビ,14-12,33.6,164.8,14.0,478.0,16.0,[東]高市圭二,栗本博晴,0.0,2011100941,01169,01014,970006
201706040611,-3,8,15,パラダイスガーデン,牝5,52.0,大野拓弥,,,,,,,,,[東]粕谷昌央,岡田牧雄,0.0,2012110030,01096,01096,851009
201706040612,1,3,6,スマートエレメンツ,牡3,54.0,三浦皇成,2:01.9,,1-1-2-2,35.0,9.8,5.0,496.0,6.0,[東]鹿戸雄一,大川徹,750.0,2014104102,01122,01097,007803
201706040612,2,2,4,キャリアベスト,牡3,54.0,田辺裕信,2:02.0,1/2,13-12-12-9,34.1,14.2,7.0,496.0,0.0,[東]小西一男,明栄商事,300.0,2014105130,01075,00405,040803
201706040612,3,4,7,クラークキー,牡3,54.0,戸崎圭太,2:02.3,2,6-5-5-5,34.9,3.1,1.0,486.0,2.0,[東]池上昌弘,保坂和孝,190.0,2014100485,05386,00390,398030
201706040612,4,8,15,ウォーブル,牝3,52.0,柴田大知,2:02.3,ハナ,13-13-1-1,35.7,17.0,10.0,466.0,0.0,[東]伊藤大士,ビッグレッドファーム,110.0,2014102906,01009,01109,716800
201706040612,5,1,1,ハートオブスワロー,牝3,49.0,武藤雅,2:02.5,1.1/4,7-7-8-10,34.9,8.9,4.0,426.0,0.0,[東]粕谷昌央,ターフ・スポート,75.0,2014104044,01169,01096,102800
201706040612,6,2,3,サトノルーラー,牡3,54.0,横山典弘,2:02.5,クビ,2-2-4-5,35.3,5.2,2.0,500.0,-6.0,[東]国枝栄,里見治,0.0,2014105485,00660,00399,790031
201706040612,7,6,12,プレシャスブルー,牡3,54.0,石橋脩,2:02.7,1.1/4,5-5-5-3,35.4,7.9,3.0,422.0,-2.0,[東]相沢郁,石瀬浩三,0.0,2014100063,01077,01020,812008
201706040612,8,6,11,ロイヤルシーロード,牝3,49.0,野中悠太,2:02.7,ハナ,9-10-13-13,34.6,124.6,12.0,472.0,10.0,[東]尾形和幸,吉田晴哉,0.0,2014105330,01158,01141,231033
201706040612,9,7,13,ジュンヴァリアス,牡3,54.0,北村宏司,2:02.7,クビ,7-8-8-7,35.1,10.1,6.0,446.0,4.0,[東]畠山吉宏,河合純二,0.0,2014100926,01043,01048,165033
201706040612,10,5,9,ジュニエーブル,牡3,54.0,吉田豊,2:02.8,クビ,15-15-13-13,34.6,15.2,8.0,442.0,-4.0,[東]竹内正洋,柴田洋一,0.0,2014103124,00733,01152,932008
201706040612,11,8,16,マイネルパンドーロ,牡3,54.0,内田博幸,2:03.2,2.1/2,10-10-8-7,35.6,41.0,11.0,478.0,-4.0,[東]田中清隆,サラブレッドクラブ・ラフィアン,0.0,2014100701,00422,00408,546800
201706040612,12,7,14,フェアリーフォート,牝3,52.0,津村明秀,2:03.2,ハナ,10-8-8-10,35.6,234.1,13.0,430.0,4.0,[東]栗田徹,サンデーレーシング,0.0,2014106030,01092,01127,226800
201706040612,13,4,8,フラワーシップ,牝3,52.0,丸田恭介,2:03.4,1.1/4,12-13-15-15,35.0,239.0,14.0,416.0,0.0,[東]石栗龍彦,小林英一ホールディングス,0.0,2014102257,01117,01043,882800
201706040612,14,3,5,ラリュール,牝3,49.0,菊沢一樹,2:03.8,2.1/2,4-4-5-10,36.4,292.9,16.0,430.0,-6.0,[東]池上昌和,下河辺牧場,0.0,2014101981,01161,01150,362800
201706040612,15,8,17,バルビエール,牡5,57.0,蛯名正義,2:03.8,クビ,2-2-3-3,36.8,16.9,9.0,518.0,16.0,[東]武井亮,吉田和美,0.0,2012103017,00663,01147,138007
201706040612,16,1,2,リュイザン,牡3,51.0,横山武史,2:04.0,1,17-16-17-16,35.3,274.6,15.0,410.0,6.0,[東]二ノ宮敬,Ｇ１レーシング,0.0,2014105364,01170,00409,808800
201706040612,17,5,10,ホウザンキングダム,牡3,54.0,勝浦正樹,2:04.7,4,15-16-15-16,36.3,386.8,17.0,506.0,-6.0,[東]南田美知,加藤豊三,0.0,2014106549,01025,00437,388002
201706040701,1,5,10,クラウンエンジニア,牡2,54.0,戸崎圭太,1:13.3,,2-2,38.5,5.8,3.0,482.0,6.0,[東]田島俊明,矢野恭裕,500.0,2015101242,05386,01112,043033
201706040701,2,3,6,パズルリンクス,牡2,54.0,大野拓弥,1:13.4,1/2+ハナ,12-8,37.9,116.7,13.0,430.0,-6.0,[東]中舘英二,水上行雄,200.0,2015103532,01096,01153,482002
201706040701,0,2,4,ラプターゲイル,牝2,54.0,柴田大知,1:13.4,,8-6,38.1,124.7,14.0,440.0,4.0,[東]金成貴史,ビッグレッドファーム,130.0,2015102504,01009,01132,716800
201706040701,4,3,5,ニシノシコン,牡2,54.0,嶋田純次,1:13.6,1.1/4,3-4,38.6,38.5,8.0,444.0,-2.0,[東]手塚貴久,西山茂行,75.0,2015101776,01134,01038,897009
201706040701,5,6,11,ラインマッシモ,牡2,54.0,津村明秀,1:13.7,1/2,3-2,38.7,10.9,5.0,458.0,6.0,[東]蛯名利弘,大澤繁昌,50.0,2015103569,01092,01131,796002
201706040701,6,5,9,セグレートシチー,牡2,54.0,三浦皇成,1:13.8,クビ,1-1,39.2,42.7,9.0,508.0,24.0,[東]伊藤圭三,友駿ホースクラブ,0.0,2015105581,01122,01023,321800
201706040701,7,4,7,ベリンダ,牝2,54.0,内田博幸,1:14.0,1.1/4,16-16,38.0,2.9,1.0,426.0,0.0,[東]栗田徹,ノースヒルズ,0.0,2015100634,00422,01127,788800
201706040701,8,2,3,ベルクカッツェ,牡2,51.0,野中悠太,1:14.0,クビ,15-15,38.2,7.7,4.0,450.0,-4.0,[東]根本康広,田頭勇貴,0.0,2015102620,01158,01029,855030
201706040701,9,1,2,クラウンミリオン,牡2,54.0,西田雄一,1:14.1,3/4,10-12,38.7,251.6,15.0,468.0,-4.0,[東]伊藤伸一,矢野まり子,0.0,2015101244,01004,01031,251033
201706040701,10,6,12,サイモンルチアーノ,牡2,54.0,吉田豊,1:14.1,ハナ,3-4,39.2,4.6,2.0,488.0,-4.0,[東]田中清隆,澤田昭紀,0.0,2015109012,00733,00408,132030
201706040701,11,8,16,ポイズンピル,牡2,51.0,藤田菜七,1:14.2,1/2,10-8,38.8,30.3,7.0,430.0,-4.0,[東]根本康広,田頭勇貴,0.0,2015100044,01164,01029,855030
201706040701,12,8,15,ロトヴィーナス,牝2,54.0,武士沢友,1:14.5,2,13-14,38.9,43.2,10.0,508.0,-8.0,[東]小桧山悟,國武佳博,0.0,2015102445,01029,01005,262002
201706040701,13,4,8,マカロン,牝2,51.0,菊沢一樹,1:14.8,1.3/4,13-12,39.2,96.7,12.0,462.0,-4.0,[東]伊藤正徳,小林博雄,0.0,2015106408,01161,00383,226006
201706040701,14,7,13,ミネコガンバロウネ,牝2,54.0,菅原隆一,1:14.9,1/2,6-6,39.7,290.1,16.0,460.0,-4.0,[東]伊藤正徳,栗山道郎,0.0,2015109158,01129,00383,781002
201706040701,15,7,14,ケルース,牡2,54.0,田中勝春,1:15.1,1.1/4,8-8,39.8,50.6,11.0,488.0,-6.0,[東]柴田政人,橋本忠雄,0.0,2015105422,00684,01007,434006
201706040701,16,1,1,パリモンマルトル,牝2,54.0,横山和生,1:16.1,6,6-8,41.0,12.1,6.0,450.0,14.0,[東]小野次郎,ミルファーム,0.0,2015103878,01140,01125,629800
201706040702,1,7,9,タイドオーバー,牝2,54.0,柴田大知,1:36.8,,4-3-3,35.1,20.6,6.0,424.0,-2.0,[東]勢司和浩,ビッグレッドファーム,500.0,2015103456,01009,01047,716800
201706040702,2,5,5,イルルーメ,牡2,51.0,横山武史,1:37.1,2,10-6-6,35.1,19.7,5.0,476.0,-6.0,[東]高市圭二,西森鶴,200.0,2015103128,01170,01014,677009
201706040702,3,4,4,ペイシェンス,牝2,53.0,井上敏樹,1:37.2,1/2,9-9-8,34.9,7.9,3.0,456.0,-10.0,[東]小笠倫弘,北所直人,130.0,2015102118,01151,01076,163002
201706040702,4,8,12,バットオールソー,牡2,54.0,石橋脩,1:37.2,クビ,4-5-4,35.4,4.3,2.0,446.0,2.0,[東]大和田成,久保田定,75.0,2015104514,01077,01124,308033
201706040702,5,6,8,トーセンリゲル,牡2,54.0,本田正重,1:37.2,ハナ,7-9-11,34.9,140.0,10.0,430.0,0.0,[東]土田稔,島川隆哉,50.0,2015101145,05443,00417,270006
201706040702,6,1,1,サトノテラス,牡2,54.0,戸崎圭太,1:37.4,1.1/4,11-9-8,35.1,1.7,1.0,530.0,2.0,[東]藤沢和雄,里見治,0.0,2015104325,05386,00386,790031
201706040702,6,6,7,ウェディングベール,牝2,51.0,藤田菜七,1:37.4,同着,3-3-4,35.7,87.4,9.0,428.0,2.0,[東]粕谷昌央,岡田牧雄,0.0,2015105455,01164,01096,851009
201706040702,8,3,3,アイファートニオー,牡2,54.0,江田照男,1:37.5,クビ,4-6-8,35.5,68.3,8.0,426.0,2.0,[東]竹内正洋,中島稔,0.0,2015106331,00689,01152,119007
201706040702,9,5,6,ミフラーブ,牝2,54.0,嘉藤貴行,1:37.5,クビ,1-2-2,36.1,282.4,12.0,480.0,2.0,[東]高橋祥泰,ミルファーム,0.0,2015105405,01051,00359,629800
201706040702,10,7,10,クニノオーシャン,牡2,54.0,松岡正海,1:37.7,1.1/4,7-6-6,35.7,18.0,4.0,468.0,4.0,[東]浅野洋一,太陽光,0.0,2015101838,01085,00421,881800
201706040702,11,2,2,マイネルパブリック,牡2,54.0,宮崎北斗,1:38.1,2.1/2,2-1-1,37.1,247.0,11.0,476.0,8.0,[東]和田正一,サラブレッドクラブ・ラフィアン,0.0,2015105638,01118,01114,546800
201706040702,12,8,11,ウサギノダンス,牡2,54.0,蛯名正義,1:40.3,大,12-12-12,34.5,21.2,7.0,466.0,-6.0,[東]南田美知,桐谷茂,0.0,2015103181,00663,00437,129005
201706040703,1,1,2,デザートスネーク,牡3,56.0,吉田隼人,1:53.5,,3-3-4-3,37.5,12.8,5.0,486.0,-4.0,[東]武井亮,石瀬浩三,500.0,2014102253,01095,01147,812008
201706040703,2,4,8,シャープシューター,牡3,56.0,戸崎圭太,1:53.5,クビ,1-1-1-1,37.8,3.4,2.0,506.0,6.0,[東]久保田貴,サンデーレーシング,200.0,2014105944,05386,01067,226800
201706040703,3,1,1,アウトオンアリム,牡3,56.0,丸田恭介,1:53.9,2.1/2,7-7-5-5,37.7,2.3,1.0,518.0,4.0,[東]大竹正博,ノースヒルズ,130.0,2014100604,01117,01102,788800
201706040703,4,7,13,ランボシ,牡3,56.0,宮崎北斗,1:54.3,2,3-3-2-2,38.6,12.2,4.0,478.0,-8.0,[東]中川公成,古川智洋,75.0,2014105145,01118,01081,362008
201706040703,5,5,10,ルーファス,牡3,56.0,三浦皇成,1:55.9,10,8-8-8-6,39.6,63.4,9.0,472.0,-8.0,[東]田中剛,Ｇ１レーシング,50.0,2014105248,01122,01119,808800
201706040703,6,3,6,カドモス,牡3,56.0,柴山雄一,1:56.2,1.3/4,14-13-3-4,40.3,91.4,11.0,542.0,4.0,[東]高橋祥泰,吉田勝己,0.0,2014106133,05243,00359,790005
201706040703,7,6,11,ヘイポーラ,牝3,54.0,武士沢友,1:56.3,3/4,8-8-8-6,40.0,17.1,6.0,496.0,6.0,[東]新開幸一,稲川一,0.0,2014105438,01029,01116,138030
201706040703,8,7,14,ラディアンスウェイ,牡3,56.0,石橋脩,1:56.9,3.1/2,5-5-5-6,40.7,17.8,7.0,432.0,2.0,[東]堀宣行,社台レースホース,0.0,2014105467,01077,01070,415800
201706040703,9,4,7,スギノエンプレス,牝3,54.0,内田博幸,1:57.1,1,10-10-15-15,39.8,6.0,3.0,472.0,-4.0,[東]斎藤誠,杉山忠国,0.0,2014101387,00422,01086,053803
201706040703,10,5,9,コスモライジン,牡3,56.0,柴田大知,1:57.1,ハナ,13-13-10-9,40.4,86.3,10.0,456.0,4.0,[東]高橋祥泰,ビッグレッドファーム,0.0,2014110022,01009,00359,716800
201706040703,11,2,3,テンゴールドラブ,牝3,52.0,伴啓太,1:57.3,1.1/2,11-10-10-9,40.5,232.1,14.0,438.0,-12.0,[東]尾形和幸,天白泰司,0.0,2014106281,01149,01141,075006
201706040703,12,2,4,クインズダルビー,セ3,56.0,黛弘人,1:57.3,アタマ,16-16-14-12,40.4,97.9,12.0,460.0,0.0,[東]奥平雅士,亀田和弘,0.0,2014101381,01109,01074,390803
201706040703,13,8,16,エンジェルナンバー,牝3,54.0,江田照男,1:57.7,2.1/2,11-10-10-13,41.0,152.7,13.0,430.0,-2.0,[東]武市康男,岡田牧雄,0.0,2014102239,00689,01089,851009
201706040703,14,6,12,パープルハート,牝3,53.0,井上敏樹,1:58.0,1.3/4,2-2-5-9,41.8,259.1,15.0,494.0,-8.0,[東]菊川正達,吉田牧場,0.0,2014102871,01151,01052,686800
201706040703,15,8,15,サクラトップキング,牡3,53.0,野中悠太,1:58.4,2.1/2,15-15-16-16,40.3,401.9,16.0,512.0,-6.0,[東]宗像義忠,トップフェロウ,0.0,2014104736,01158,00420,018803
201706040703,16,3,5,ドラゴンワーグナー,牡3,56.0,北村宏司,1:59.2,5,5-5-10-13,42.4,31.0,8.0,484.0,3.0,[東]高柳瑞樹,窪田康志,0.0,2014105911,01043,01118,514008
201706040704,1,8,16,デンコウケンジャ,牡2,54.0,柴田善臣,1:11.7,,5-2,37.5,6.4,3.0,488.0,0.0,[西]高橋亮,田中康弘,700.0,2015103498,00641,01136,484007
201706040704,2,5,9,リードザウインド,牝2,54.0,三浦皇成,1:12.3,3.1/2,5-3,38.1,15.5,4.0,462.0,0.0,[東]小島茂之,吉田照哉,280.0,2015104378,01122,01068,758005
201706040704,3,4,8,タガノアム,牝2,54.0,田辺裕信,1:12.9,3.1/2,2-1,38.9,4.2,2.0,480.0,0.0,[西]浅見秀一,八木良司,180.0,2015100512,01075,00411,859002
201706040704,4,3,6,カナメ,牡2,54.0,北村宏司,1:13.1,1.1/4,9-7,37.7,36.7,6.0,526.0,0.0,[東]伊藤大士,玉腰勇吉,110.0,2015103373,01043,01109,960030
201706040704,5,4,7,エルモアレッタ,牝2,51.0,野中悠太,1:14.0,5,3-5,39.9,20.1,5.0,470.0,0.0,[東]小西一男,田頭勇貴,70.0,2015103080,01158,00405,855030
201706040704,6,8,15,パスイ,牡2,54.0,岩部純二,1:14.4,2.1/2,7-6,39.7,62.5,11.0,476.0,0.0,[東]高市圭二,ミルファーム,0.0,2015106416,00726,01014,629800
201706040704,7,1,1,ブルベアタカナ,牡2,51.0,武藤雅,1:14.6,1.1/4,11-10,38.9,46.7,10.0,434.0,0.0,[東]中野栄治,ブルアンドベア,0.0,2015101066,01169,01010,843800
201706040704,8,7,14,タケノライデン,牡2,54.0,嘉藤貴行,1:15.0,2.1/2,8-9,39.9,83.4,12.0,484.0,0.0,[東]田島俊明,礒野日出夫,0.0,2015100277,01051,01112,405006
201706040704,9,3,5,ソウシソウアイ,牝2,53.0,木幡初也,1:15.6,3.1/2,9-10,40.1,243.2,15.0,472.0,0.0,[東]天間昭一,西村新一郎,0.0,2015109017,01153,01090,772002
201706040704,10,2,3,ペンテコステ,牝2,54.0,杉原誠人,1:16.1,3,13-12,39.9,230.6,14.0,432.0,0.0,[東]石毛善彦,ミルファーム,0.0,2015105805,01135,00428,629800
201706040704,11,5,10,プタハ,牡2,54.0,戸崎圭太,1:16.1,アタマ,14-14,39.2,1.9,1.0,522.0,0.0,[東]斎藤誠,高瀬真尚,0.0,2015101348,05386,01086,227007
201706040704,12,2,4,ダッシュトマホーク,牡2,51.0,藤田菜七,1:16.1,クビ,3-7,42.0,46.2,9.0,450.0,0.0,[東]清水英克,田頭勇貴,0.0,2015103044,01164,01080,855030
201706040704,13,6,12,ダイメイジャガー,牡2,54.0,嶋田純次,1:16.2,1/2,12-12,40.2,367.6,16.0,454.0,0.0,[東]中野栄治,宮本昇,0.0,2015103911,01134,01010,177033
201706040704,14,7,13,スズカアーチスト,牝2,54.0,内田博幸,1:16.4,1.1/2,15-15,38.2,40.8,7.0,470.0,0.0,[東]伊藤圭三,永井啓弍,0.0,2015102123,00422,01023,382004
201706040704,15,1,2,プリンシアブラスカ,牝2,54.0,西村太一,1:16.5,3/4,1-3,42.5,42.8,8.0,434.0,0.0,[東]久保田貴,芳川貴行,0.0,2015103550,01131,01067,253030
201706040704,16,6,11,トウショウデヴィル,牡2,54.0,丸山元気,1:17.2,4,16-16,37.5,203.3,13.0,520.0,0.0,[東]土田稔,トウショウ産業,0.0,2015109057,01127,00417,078800
201706040705,1,8,12,ダイワメモリー,牝2,54.0,内田博幸,2:06.1,,4-4-5-5,34.2,4.9,2.0,466.0,0.0,[東]国枝栄,大城敬三,700.0,2015104406,00422,00399,587008
201706040705,2,1,1,マイネルプリンチペ,牡2,54.0,柴田大知,2:06.2,3/4,1-1-1-1,34.7,2.6,1.0,446.0,0.0,[東]畠山吉宏,サラブレッドクラブ・ラフィアン,280.0,2015100751,01009,01048,546800
201706040705,3,3,3,エピキュリアン,牡2,54.0,吉田隼人,2:06.2,クビ,10-11-3-3,34.4,6.5,4.0,494.0,0.0,[東]加藤征弘,村野康司,180.0,2015104226,01095,01059,338007
201706040705,4,7,9,シャープスティーン,牝2,54.0,戸崎圭太,2:06.4,1.1/4,6-6-9-9,34.1,4.9,3.0,458.0,0.0,[東]武井亮,林正道,110.0,2015106081,05386,01147,675030
201706040705,5,5,6,マノン,牝2,54.0,石橋脩,2:06.7,2,2-2-2-2,35.2,40.4,8.0,440.0,0.0,[東]岩戸孝樹,ビッグレッドファーム,70.0,2015100756,01077,01051,716800
201706040705,6,6,8,ハーツイグニション,牝2,54.0,北村宏司,2:06.8,1/2,7-7-6-6,34.7,15.0,6.0,444.0,0.0,[東]宗像義忠,吉田勝己,0.0,2015104940,01043,00420,790005
201706040705,7,7,10,ツォルニッヒ,牝2,54.0,三浦皇成,2:07.2,2.1/2,9-10-6-7,35.2,55.3,10.0,468.0,0.0,[東]高木登,ラ・メール,0.0,2015103423,01122,01088,877800
201706040705,8,6,7,ショウナンカマクラ,牡2,54.0,津村明秀,2:07.4,1.1/4,12-7-3-3,35.7,96.0,11.0,482.0,0.0,[東]蛯名利弘,国本哲秀,0.0,2015105816,01092,01131,331002
201706040705,9,4,4,ニコラオス,牡2,54.0,勝浦正樹,2:07.5,クビ,4-4-6-7,35.5,40.4,7.0,498.0,0.0,[東]中野栄治,八巻弘一,0.0,2015104000,01025,01010,461008
201706040705,10,8,11,ドーファン,牡2,54.0,柴山雄一,2:07.5,アタマ,10-11-11-10,34.9,11.0,5.0,506.0,0.0,[東]中川公成,シルクレーシング,0.0,2015104805,05243,01081,506800
201706040705,11,5,5,シックスマイル,牝2,54.0,吉田豊,2:07.6,1/2,7-7-11-10,35.0,112.4,12.0,456.0,0.0,[東]尾形充弘,古川嘉治,0.0,2015101941,00733,00349,017009
201706040705,12,2,2,ジャストアキッス,牝2,51.0,武藤雅,2:07.6,アタマ,2-3-9-10,35.3,53.0,9.0,494.0,0.0,[東]武藤善則,ターフ・スポート,0.0,2015103674,01169,01064,102800
201706040706,1,5,10,モリトシラユリ,牝3,52.0,戸崎圭太,1:53.4,,9-8-8-8,37.6,1.6,1.0,480.0,-2.0,[東]堀井雅広,石橋忠之,750.0,2014102387,05386,00436,239002
201706040706,2,4,8,シトロプシス,牝4,55.0,田中勝春,1:53.5,1/2,7-7-6-6,38.1,22.2,7.0,474.0,0.0,[東]畠山吉宏,社台レースホース,300.0,2013105703,00684,01048,415800
201706040706,3,2,3,ジュブリーユ,牝3,52.0,江田照男,1:53.6,3/4,4-4-6-6,38.3,6.0,2.0,486.0,0.0,[東]牧光二,岡田牧雄,190.0,2014103600,00689,01106,851009
201706040706,4,2,4,ハッピーサークル,牝5,55.0,石橋脩,1:54.0,2.1/2,2-2-3-2,39.2,20.9,6.0,482.0,4.0,[東]田島俊明,西村專次,110.0,2012102119,01077,01112,099007
201706040706,5,6,12,ライムチャン,牝4,55.0,勝浦正樹,1:54.0,クビ,2-2-1-1,39.7,12.2,4.0,484.0,10.0,[東]牧光二,ケンレーシング組合,75.0,2013105436,01025,01106,026700
201706040706,6,3,5,スプリングキャロル,牝4,55.0,長岡禎仁,1:54.1,1/2,10-10-4-4,39.0,67.4,12.0,432.0,8.0,[東]小島茂之,サンデーレーシング,0.0,2013106142,01142,01068,226800
201706040706,7,8,16,テンノサクラコ,牝4,52.0,野中悠太,1:54.3,1.1/4,7-8-8-9,38.6,72.1,13.0,482.0,14.0,[東]小西一男,天白泰司,0.0,2013101497,01158,00405,075006
201706040706,8,7,13,デフィニール,牝4,55.0,柴田大知,1:54.3,アタマ,6-6-4-4,39.2,54.3,10.0,472.0,0.0,[東]矢野英一,ローレルレーシング,0.0,2013101391,01009,01108,032800
201706040706,9,7,14,トキメキユキチャン,牝4,52.0,武藤雅,1:54.3,クビ,10-11-12-10,38.3,37.3,9.0,436.0,-4.0,[東]佐藤吉勝,片岡正雄,0.0,2013104089,01169,01035,268006
201706040706,10,3,6,ホノカ,牝3,49.0,藤田菜七,1:54.7,2.1/2,1-1-2-2,40.0,8.3,3.0,482.0,2.0,[東]菊川正達,ＫＴレーシング,0.0,2014104248,01164,01052,051803
201706040706,11,1,2,ラインセイラ,牝4,55.0,武士沢友,1:55.0,2,14-15-15-15,38.3,65.9,11.0,470.0,4.0,[東]水野貴広,大澤繁昌,0.0,2013105365,01029,01094,796002
201706040706,12,1,1,ウインミストレス,牝3,52.0,内田博幸,1:55.0,ハナ,14-13-13-13,38.7,19.5,5.0,460.0,2.0,[東]武市康男,ウイン,0.0,2014100221,00422,01089,494800
201706040706,13,8,15,テイア,牝5,55.0,嶋田純次,1:55.4,2.1/2,13-13-13-13,39.0,302.0,15.0,428.0,10.0,[東]石毛善彦,ミルファーム,0.0,2012103681,01134,00428,629800
201706040706,14,4,7,バブルウィズジョイ,牝3,49.0,横山武史,1:56.5,7,12-12-11-12,40.6,28.2,8.0,490.0,-8.0,[東]尾関知人,サンデーレーシング,0.0,2014105292,01170,01103,226800
201706040706,15,6,11,ジャンヌ,牝3,51.0,井上敏樹,1:56.7,1.1/2,4-4-8-10,41.0,352.8,16.0,392.0,0.0,[東]手塚貴久,荒牧政美,0.0,2014105976,01151,01038,007060
201706040706,16,5,9,シルヴァーナ,牝3,52.0,伊藤工真,1:57.0,1.1/2,16-16-16-16,39.9,203.9,14.0,456.0,4.0,[東]宗像義忠,キャロットファーム,0.0,2014105893,01119,00420,486800
201706040707,1,2,4,ファド,牝4,52.0,武藤雅,1:08.3,,1-1,34.0,6.0,3.0,496.0,-2.0,[東]矢野英一,Ｇリビエール・レーシング,750.0,2013100782,01169,01108,098803
201706040707,2,1,2,プレイヤード,牡4,57.0,江田照男,1:08.6,2,10-11,33.4,16.2,6.0,506.0,-6.0,[東]田中剛,前田幸治,300.0,2013102424,00689,01119,948006
201706040707,3,8,16,ショウナンアエラ,牡3,55.0,内田博幸,1:08.7,3/4,3-2,34.0,2.4,1.0,478.0,6.0,[東]奥村武,国本哲秀,190.0,2014103714,00422,01145,331002
201706040707,4,6,11,ニシノヒナマツリ,牝3,53.0,丸山元気,1:09.0,1.3/4,5-4,34.2,15.5,5.0,468.0,0.0,[東]根本康広,西山茂行,110.0,2014102705,01127,01029,897009
201706040707,5,3,6,コスモフレンチ,牡4,57.0,柴田大知,1:09.0,クビ,8-8,34.0,5.1,2.0,518.0,6.0,[東]岩戸孝樹,ビッグレッドファーム,75.0,2013104362,01009,01051,716800
201706040707,6,5,10,プルメリアブーケ,牝4,55.0,柴山雄一,1:09.1,クビ,5-4,34.3,23.3,10.0,460.0,10.0,[東]高橋裕,吉田勝己,0.0,2013106078,05243,00412,790005
201706040707,7,1,1,サンマルバロン,セ5,57.0,小島太一,1:09.2,1/2,13-13,33.8,22.5,9.0,470.0,0.0,[東]小島太,相馬勇,0.0,2012101289,01097,01013,580007
201706040707,8,3,5,ウィズアットレース,牝5,52.0,横山武史,1:09.2,クビ,8-8,34.3,12.0,4.0,426.0,0.0,[東]池上昌弘,岡田牧雄,0.0,2012102169,01170,00390,851009
201706040707,9,6,12,パストラル,牝3,53.0,黛弘人,1:09.3,クビ,2-2,34.7,41.7,12.0,456.0,0.0,[東]和田正道,岡田壮史,0.0,2014104247,01109,00353,684030
201706040707,10,7,13,ブラディーリッパー,牝3,53.0,吉田豊,1:09.3,クビ,13-11,33.9,16.8,7.0,500.0,4.0,[東]古賀史生,ディアレストクラブ,0.0,2014103847,00733,00392,013803
201706040707,11,2,3,ダーリンラブラ,牝4,55.0,勝浦正樹,1:09.3,ハナ,3-4,34.6,90.7,13.0,442.0,-26.0,[東]岩戸孝樹,三嶋牧場,0.0,2013103743,01025,01051,363800
201706040707,12,7,14,スキャットエディ,牡4,57.0,戸崎圭太,1:09.5,1,10-10,34.3,19.1,8.0,494.0,8.0,[東]斎藤誠,林正道,0.0,2013110105,05386,01086,675030
201706040707,13,8,15,ミキノドラマー,牡4,57.0,西田雄一,1:09.7,1,5-7,34.9,37.5,11.0,488.0,0.0,[東]南田美知,谷口久和,0.0,2013106441,01004,00437,918002
201706040707,14,4,7,フォーワンタイキ,牡5,57.0,柴田善臣,1:10.0,1.3/4,15-16,34.3,129.5,15.0,452.0,-2.0,[東]石毛善彦,川島与市,0.0,2012102188,00641,00428,011033
201706040707,15,5,9,ラトゥール,牝5,52.0,藤田菜七,1:10.0,クビ,15-15,34.3,100.3,14.0,456.0,4.0,[東]宗像義忠,佐藤壽男,0.0,2012104235,01164,00420,274008
201706040707,16,4,8,オウケンダイヤ,牝4,52.0,野中悠太,1:10.0,ハナ,12-13,34.7,322.4,16.0,406.0,2.0,[東]根本康広,福井明,0.0,2013103572,01158,01029,731006
201706040708,1,5,9,スプリングフット,牡3,53.0,井上敏樹,1:52.5,,7-6-5-4,37.4,8.3,4.0,488.0,0.0,[東]小桧山悟,島川隆哉,750.0,2014101710,01151,01005,270006
201706040708,2,6,11,アポロナイスジャブ,牡4,57.0,吉田豊,1:52.6,1/2,2-2-2-2,37.9,6.8,3.0,436.0,4.0,[東]中舘英二,アポロサラブレッドクラブ,300.0,2013104828,00733,01153,033700
201706040708,3,6,12,セガールモチンモク,セ3,51.0,武藤雅,1:53.2,3.1/2,3-4-5-6,38.1,14.0,6.0,482.0,8.0,[東]粕谷昌央,小田切有一,190.0,2014106522,01169,01096,334009
201706040708,4,4,8,スターフラッシュ,牡3,54.0,吉田隼人,1:53.7,3,15-16-16-14,37.5,94.1,11.0,466.0,0.0,[東]武井亮,中西功,110.0,2014102106,01095,01147,117030
201706040708,5,7,13,ハイアーグラウンド,牡3,54.0,内田博幸,1:53.8,クビ,10-10-9-7,38.3,15.7,8.0,496.0,2.0,[東]大和田成,小村アセットＭ,75.0,2014105391,00422,01124,783800
201706040708,6,8,15,アドマイヤガスト,牡5,57.0,丸山元気,1:53.9,1/2,12-10-14-14,38.0,194.6,15.0,524.0,2.0,[東]上原博之,近藤利一,0.0,2012104872,01127,00423,398002
201706040708,7,5,10,ミラクルウィング,牡4,55.0,伴啓太,1:53.9,クビ,1-1-1-1,39.3,56.8,10.0,458.0,-6.0,[東]高橋祥泰,星野壽市,0.0,2013100946,01149,00359,265006
201706040708,8,8,16,リードザフィールド,牡3,54.0,大野拓弥,1:54.0,クビ,9-8-7-7,38.6,19.6,9.0,460.0,-2.0,[東]高木登,岡田牧雄,0.0,2014110023,01096,01088,851009
201706040708,9,2,3,ビークイック,牡4,57.0,蛯名正義,1:54.0,クビ,6-6-3-3,39.1,14.1,7.0,480.0,16.0,[東]田中清隆,フジワラ・ファーム,0.0,2013104779,00663,00408,616800
201706040708,10,2,4,フィスキオ,牡3,54.0,北村宏司,1:54.6,3.1/2,8-8-10-9,39.0,10.7,5.0,478.0,10.0,[東]栗田徹,ノースヒルズ,0.0,2014100658,01043,01127,788800
201706040708,11,1,1,サリーバットマン,セ3,51.0,横山武史,1:54.9,1.3/4,3-4-7-9,39.6,142.6,13.0,498.0,-2.0,[東]鈴木伸尋,黒須不二男,0.0,2014104888,01170,01026,143033
201706040708,12,4,7,ナスノカンザン,牡3,54.0,田辺裕信,1:55.1,1,14-13-10-9,39.5,2.7,1.0,508.0,-6.0,[東]小笠倫弘,那須野牧場,0.0,2014109087,01075,01076,051800
201706040708,13,7,14,シーサイドジャズ,牡5,57.0,石橋脩,1:55.3,1.1/4,3-2-3-4,40.4,101.1,12.0,502.0,-4.0,[東]萩原清,金子真人ホールディングス,0.0,2012104829,01077,01017,708800
201706040708,14,3,6,コトブキファルコン,牡3,54.0,原田和真,1:55.5,1.1/4,12-13-10-12,39.9,187.0,14.0,502.0,-10.0,[東]金成貴史,尾上松壽,0.0,2014102784,01143,01132,566006
201706040708,15,3,5,フィンガーポスト,牡4,54.0,野中悠太,1:55.5,アタマ,10-10-10-16,39.8,251.4,16.0,492.0,0.0,[東]尾形充弘,伊東純一,0.0,2013104512,01158,00349,934006
201706040708,16,1,2,ショワドゥロワ,牡3,54.0,三浦皇成,1:55.7,1.1/2,15-15-14-12,39.8,4.6,2.0,498.0,-2.0,[東]鹿戸雄一,村野康司,0.0,2014105476,01122,01097,338007
201706040709,1,4,4,サンリヴァル,牡2,54.0,田辺裕信,2:03.6,,2-2-2-2,34.1,4.6,3.0,482.0,0.0,[西]藤岡健一,幅田京子,1617.5,2015100258,01075,01062,320030
201706040709,2,6,6,ファストアプローチ,牡2,55.0,蛯名正義,2:03.8,1.1/4,3-3-2-2,34.2,2.9,2.0,536.0,-2.0,[東]藤沢和雄,山本英俊,645.0,2015104835,00663,00386,124008
201706040709,3,2,2,スターフィールド,牡2,54.0,大野拓弥,2:04.0,1.1/4,4-4-4-4,34.2,8.6,4.0,478.0,8.0,[東]手塚貴久,星野壽市,402.5,2015105084,01096,01038,265006
201706040709,4,8,8,トゥザフロンティア,牡2,54.0,戸崎圭太,2:04.0,アタマ,4-4-4-5,34.1,2.2,1.0,488.0,6.0,[西]池江泰寿,キャロットファーム,240.0,2015104898,05386,01071,486800
201706040709,5,3,3,コスモイグナーツ,牡2,54.0,柴田大知,2:04.1,1/2,1-1-1-1,34.8,36.4,6.0,458.0,2.0,[東]高橋祥泰,ビッグレッドファーム,160.0,2015103120,01009,00359,716800
201706040709,6,5,5,ノーブルバルカン,牡2,54.0,武藤雅,2:04.2,3/4,6-6-6-5,34.2,19.7,5.0,442.0,-2.0,[東]武藤善則,吉木伸彦,0.0,2015103495,01169,01064,755030
201706040709,7,1,1,トーセンブル,牡2,54.0,本田正重,2:05.0,5,8-8-7-7,34.9,93.6,7.0,414.0,-13.0,[地]山中尊徳,島川隆哉,0.0,2015101106,05443,05628,270006
201706040709,8,7,7,ソッフィダモーレ,牝2,54.0,杉原誠人,2:06.3,8,6-7-8-8,36.1,276.3,8.0,450.0,0.0,[東]伊藤伸一,ミルファーム,0.0,2015100482,01135,01031,629800
201706040710,1,8,9,ウイングチップ,セ5,57.0,丸田恭介,1:33.6,,6-8-6,34.2,12.3,5.0,498.0,0.0,[東]宗像義忠,社台レースホース,1521.7,2012104139,01117,00420,415800
201706040710,2,8,8,ハウメア,牝3,53.0,戸崎圭太,1:33.6,クビ,3-5-3,34.4,2.0,1.0,466.0,2.0,[東]藤沢和雄,サンデーレーシング,606.2,2014106012,05386,00386,226800
201706040710,3,3,3,ヴェアリアスサマー,牡6,57.0,野中悠太,1:33.6,ハナ,1-1-1,34.9,28.1,6.0,512.0,-4.0,[東]伊藤大士,小林秀樹,383.1,2011103403,01158,01109,928030
201706040710,4,1,1,マイネルディアベル,牡6,57.0,宮崎北斗,1:33.7,3/4,3-3-3,34.7,33.7,7.0,478.0,4.0,[東]土田稔,サラブレッドクラブ・ラフィアン,230.0,2011105136,01118,00417,546800
201706040710,5,5,5,キャプテンペリー,セ4,57.0,大野拓弥,1:33.7,アタマ,6-5-6,34.4,3.8,2.0,488.0,2.0,[東]岩戸孝樹,千明牧場,150.0,2013109027,01096,01051,075800
201706040710,6,4,4,ペルソナリテ,牝4,55.0,柴田大知,1:33.8,1/2,6-5-6,34.6,8.7,4.0,432.0,4.0,[東]相沢郁,サラブレッドクラブ・ラフィアン,0.0,2013101932,01009,01020,546800
201706040710,7,2,2,トーセンラーク,牝5,55.0,横山和生,1:33.9,クビ,9-9-9,34.4,98.7,9.0,484.0,-18.0,[東]古賀史生,島川隆哉,0.0,2012105999,01140,00392,270006
201706040710,8,7,7,エメラルスター,牡3,55.0,石橋脩,1:34.2,2,3-3-3,35.1,4.8,3.0,458.0,8.0,[東]相沢郁,高橋勉,0.0,2014103189,01077,01020,630006
201706040710,9,6,6,サバイバルポケット,牝4,55.0,丸山元気,1:34.3,クビ,2-2-2,35.5,47.7,8.0,484.0,-4.0,[東]和田雄二,福田光博,0.0,2013105680,01127,01143,615030
201706040711,1,3,6,ルージュバック,牝5,55.0,北村宏司,2:13.8,,4-4-4-3,33.9,7.8,5.0,456.0,4.0,[東]大竹正博,キャロットファーム,6819.0,2012104669,01043,01102,486800
201706040711,2,4,8,ステファノス,牡6,56.0,戸崎圭太,2:13.9,1/2,4-6-5-3,33.9,3.8,1.0,482.0,-2.0,[西]藤原英昭,キャロットファーム,2734.0,2011103854,05386,01055,486800
201706040711,3,5,9,タンタアレグリア,牡5,57.0,蛯名正義,2:13.9,クビ,7-7-8-5,33.6,5.4,3.0,480.0,-8.0,[東]国枝栄,Ｇ１レーシング,1717.0,2012104008,00663,00399,808800
201706040711,4,5,10,マイネルミラノ,牡7,56.0,柴田大知,2:14.0,クビ,1-1-1-1,35.0,40.4,10.0,494.0,14.0,[東]相沢郁,サラブレッドクラブ・ラフィアン,1000.0,2010105964,01009,01020,546800
201706040711,5,2,3,ショウナンバッハ,牡6,56.0,柴田善臣,2:14.0,アタマ,12-11-10-8,33.5,87.9,13.0,448.0,0.0,[東]上原博之,国本哲秀,670.0,2011106394,00641,00423,331002
201706040711,6,4,7,ディサイファ,牡8,56.0,柴山雄一,2:14.1,1/2,2-2-2-2,34.6,135.2,14.0,504.0,4.0,[東]小島太,Ｈ．Ｈ．シェイク・モハメド,0.0,2009102678,05243,01013,003060
201706040711,7,1,2,アルバート,牡6,57.0,石橋脩,2:14.3,1.1/4,10-11-10-8,33.7,6.4,4.0,482.0,2.0,[東]堀宣行,林正道,0.0,2011104019,01077,01070,675030
201706040711,8,6,12,デニムアンドルビー,牝7,54.0,吉田隼人,2:14.3,ハナ,15-14-13-11,33.5,20.8,8.0,456.0,-8.0,[西]角居勝彦,金子真人ホールディングス,0.0,2010104287,01095,01053,708800
201706040711,9,7,14,モンドインテロ,牡5,56.0,田辺裕信,2:14.6,2,16-16-15-15,33.5,5.3,2.0,482.0,-10.0,[東]手塚貴久,シルクレーシング,0.0,2012104650,01075,01038,506800
201706040711,10,2,4,ブラックバゴ,牡5,56.0,内田博幸,2:14.8,1.1/2,17-17-17-16,33.4,13.5,7.0,520.0,4.0,[東]斎藤誠,シルクレーシング,0.0,2012104678,00422,01086,506800
201706040711,11,1,1,パリカラノテガミ,牡6,56.0,田中勝春,2:14.9,3/4,9-7-7-7,34.7,199.0,15.0,454.0,-4.0,[東]清水英克,嶋田賢,0.0,2011101814,00684,01080,399009
201706040711,12,8,16,ツクバアズマオー,牡6,56.0,吉田豊,2:14.9,ハナ,12-13-13-13,34.2,30.8,9.0,480.0,0.0,[東]尾形充弘,荻原昭二,0.0,2011103985,00733,00349,576009
201706040711,13,8,15,カフジプリンス,牡4,56.0,丸田恭介,2:15.1,1.1/4,7-7-8-13,34.8,11.2,6.0,514.0,-10.0,[西]矢作芳人,加藤守,0.0,2013105844,01117,01075,019004
201706040711,14,6,11,マイネルサージュ,牡5,56.0,松岡正海,2:15.3,1.1/4,10-10-10-10,34.8,51.2,12.0,500.0,-2.0,[東]鹿戸雄一,サラブレッドクラブ・ラフィアン,0.0,2012103930,01085,01097,546800
201706040711,15,3,5,グランアルマダ,牡5,56.0,津村明秀,2:15.6,2,14-14-15-17,34.6,47.3,11.0,526.0,0.0,[西]西園正都,サンデーレーシング,0.0,2012104926,01092,01028,226800
201706040711,16,8,17,トルークマクト,牡7,56.0,大野拓弥,2:16.3,4,4-4-5-11,36.3,486.7,17.0,454.0,-10.0,[東]尾関知人,ミルファーム,0.0,2010102243,01096,01103,629800
201706040711,17,7,13,マイネルディーン,牡8,56.0,三浦皇成,2:16.4,1/2,3-3-3-5,36.6,325.0,16.0,460.0,-6.0,[東]鹿戸雄一,サラブレッドクラブ・ラフィアン,0.0,2009104977,01122,01097,546800
201706040712,1,7,14,エニグマ,牡3,55.0,吉田豊,1:11.2,,12-11,36.3,5.3,2.0,494.0,-2.0,[東]高橋文雅,石瀬浩三,750.0,2014101658,00733,01134,812008
201706040712,2,8,16,スズカグラーテ,牝3,53.0,長岡禎仁,1:11.2,クビ,2-2,37.3,3.0,1.0,440.0,-6.0,[東]柄崎孝,永井啓弍,300.0,2014104418,01142,00380,382004
201706040712,3,1,1,タイガーヴォーグ,牡4,57.0,勝浦正樹,1:11.5,2,4-4,37.5,21.3,8.0,494.0,-6.0,[東]鈴木伸尋,千明牧場,190.0,2013109028,01025,01026,075800
201706040712,4,2,4,メランコリア,牝5,55.0,内田博幸,1:11.8,1.1/2,2-2,38.0,17.8,7.0,494.0,10.0,[東]蛯名利弘,ミルファーム,110.0,2012105638,00422,01131,629800
201706040712,5,1,2,サンデュランゴ,牝3,50.0,横山武史,1:11.8,クビ,1-1,38.2,6.8,4.0,476.0,0.0,[東]蛯名利弘,加藤ステーブル,75.0,2014101353,01170,01131,059803
201706040712,6,7,13,アサクサレーサー,牡6,54.0,武藤雅,1:12.0,1,10-7,37.3,8.5,5.0,472.0,4.0,[東]戸田博文,田原慶子,0.0,2011104167,01169,01054,537009
201706040712,7,5,9,グローリアスクロワ,牝4,55.0,大野拓弥,1:12.0,クビ,10-7,37.3,64.1,11.0,464.0,16.0,[東]土田稔,日下部勝徳,0.0,2013102398,01096,00417,641030
201706040712,8,8,15,ギンゴー,牡4,57.0,柴山雄一,1:12.3,1.3/4,5-5,38.2,13.7,6.0,488.0,0.0,[東]武市康男,ミルファーム,0.0,2013104429,05243,01089,629800
201706040712,9,6,11,コスモコレクション,牡4,57.0,柴田大知,1:12.3,アタマ,12-11,37.4,70.9,12.0,476.0,4.0,[東]田島俊明,ビッグレッドファーム,0.0,2013103299,01009,01112,716800
201706040712,10,6,12,カシノキングダム,牡5,55.0,伴啓太,1:12.5,3/4,14-14,37.4,187.9,15.0,480.0,6.0,[東]二本柳俊,柏木務,0.0,2012102008,01149,00370,514009
201706040712,11,3,6,サウスリュウセイ,牡5,57.0,西田雄一,1:12.6,3/4,8-7,38.0,143.2,14.0,460.0,-7.0,[東]武藤善則,南波壽,0.0,2012105964,01004,01064,393002
201706040712,12,4,8,バトルサンバ,牡3,55.0,田辺裕信,1:13.0,2.1/2,14-16,37.9,5.9,3.0,514.0,0.0,[東]尾形和幸,山科統,0.0,2014103843,01075,01141,309008
201706040712,13,5,10,タイキマロン,牝4,52.0,菊沢一樹,1:13.1,1/2,8-11,38.5,30.7,10.0,474.0,6.0,[東]伊藤圭三,大樹ファーム,0.0,2013103705,01161,01023,536800
201706040712,14,4,7,チェアーグライド,牡3,55.0,津村明秀,1:13.4,1.3/4,7-7,39.0,129.2,13.0,498.0,-4.0,[東]矢野英一,社台レースホース,0.0,2014105750,01092,01108,415800
201706040712,15,2,3,サンマルトゥーレ,牡4,57.0,杉原誠人,1:13.4,クビ,16-15,37.4,360.5,16.0,472.0,8.0,[東]佐藤吉勝,相馬勇,0.0,2013100549,01135,01035,580007
201706040712,16,3,5,アントレーン,牝3,53.0,松岡正海,1:14.7,8,6-6,40.4,25.3,9.0,440.0,10.0,[東]浅野洋一,鹽田久義,0.0,2014100264,01085,00421,973006
201706040801,1,2,3,ミックベンハー,牡2,51.0,武藤雅,1:56.9,,3-4-5-3,39.7,4.4,2.0,484.0,0.0,[東]畠山吉宏,キラット・ワン,500.0,2015105332,01169,01048,159800
201706040801,2,5,10,コパノステラート,牝2,51.0,藤田菜七,1:57.3,2.1/2,2-2-2-2,40.3,18.1,6.0,478.0,12.0,[東]小島茂之,小林祥晃,200.0,2015105509,01164,01068,966007
201706040801,3,4,8,ロージズキング,牡2,54.0,木幡初広,1:57.5,3/4,9-9-7-6,40.2,19.4,8.0,506.0,0.0,[東]牧光二,鈴木芳夫,130.0,2015106260,00629,01106,639009
201706040801,4,5,9,ロイヤルアフェア,牡2,54.0,戸崎圭太,1:57.6,1/2,11-9-7-6,40.3,3.7,1.0,482.0,-6.0,[東]古賀慎明,シルクレーシング,75.0,2015104782,05386,01079,506800
201706040801,5,1,2,ポルカシュネル,牝2,54.0,田中勝春,1:57.7,1/2,11-12-12-11,39.7,27.3,9.0,464.0,-4.0,[東]畠山吉宏,社台レースホース,50.0,2015104538,00684,01048,415800
201706040801,6,3,6,モリトユウブ,牡2,54.0,内田博幸,1:57.7,クビ,6-7-10-8,40.0,5.3,3.0,484.0,6.0,[東]堀井雅広,石橋忠之,0.0,2015103677,00422,00436,239002
201706040801,7,7,14,エンドウォーニング,牡2,54.0,武士沢友,1:57.9,1.1/2,15-14-9-8,40.3,11.3,5.0,482.0,0.0,[東]高市圭二,井上久光,0.0,2015100073,01029,01014,959030
201706040801,8,8,15,パワフルテソーロ,牡2,54.0,大野拓弥,1:58.0,1/2,6-6-3-3,40.9,5.7,4.0,492.0,6.0,[東]和田雄二,了徳寺健二,0.0,2015102569,01096,01143,980033
201706040801,9,8,16,サムライロード,牡2,54.0,松田大作,1:58.1,クビ,3-3-3-3,41.0,80.0,10.0,456.0,-6.0,[東]栗田徹,ＫＴレーシング,0.0,2015101859,01030,01127,051803
201706040801,10,6,12,ウインリコルド,牡2,54.0,宮崎北斗,1:58.5,2.1/2,9-12-12-11,40.5,146.2,13.0,470.0,-20.0,[東]高橋祥泰,ウイン,0.0,2015100214,01118,00359,494800
201706040801,11,7,13,コスモロブロイ,牡2,54.0,松岡正海,1:58.6,1/2,16-16-12-11,40.6,18.7,7.0,512.0,0.0,[東]伊藤伸一,岡田繁幸,0.0,2015100451,01085,01031,760008
201706040801,12,2,4,チクタクボンボン,牝2,54.0,柴山雄一,1:58.7,1/2,14-14-16-15,40.1,109.1,12.0,480.0,8.0,[東]斎藤誠,ミルファーム,0.0,2015103763,05243,01086,629800
201706040801,13,4,7,グランカナーレ,牡2,51.0,菊沢一樹,1:58.9,1.1/4,1-1-1-1,42.0,398.6,16.0,462.0,2.0,[東]小桧山悟,浅田次郎,0.0,2015100156,01161,01005,108007
201706040801,14,1,1,エリンゼフィール,牝2,54.0,西田雄一,1:59.8,5,6-7-10-11,42.1,280.8,14.0,472.0,2.0,[東]岩戸孝樹,田頭勇貴,0.0,2015100389,01004,01051,855030
201706040801,15,6,11,エクセルキング,牡2,54.0,杉原誠人,2:00.8,6,11-9-12-16,42.8,96.7,11.0,476.0,-4.0,[東]伊藤伸一,谷川正純,0.0,2015109044,01135,01031,012033
201706040801,16,3,5,ヒビケカゼン,牡2,54.0,嘉藤貴行,2:01.0,1.1/2,3-4-5-8,43.8,360.1,15.0,502.0,2.0,[東]田島俊明,ベニバナ組合,0.0,2015103426,01051,01112,005700
201706040802,1,6,11,キャクタス,牝2,51.0,野中悠太,1:09.5,,2-1,35.6,2.9,1.0,448.0,0.0,[東]栗田徹,中村祐子,500.0,2015105877,01158,01127,373008
201706040802,2,7,12,ベルウッドキング,牡2,54.0,黛弘人,1:09.7,1.1/4,3-3,35.4,5.2,2.0,438.0,0.0,[東]和田雄二,鈴木照雄,200.0,2015102002,01109,01143,137030
201706040802,3,2,2,ハガキノハナ,牝2,54.0,五十嵐冬,1:09.9,1.1/4,6-6,35.2,9.8,5.0,414.0,4.0,[東]小桧山悟,本杉芳郎,130.0,2015105632,05091,01005,331006
201706040802,4,3,5,カシノクオーレ,牝2,54.0,木幡初広,1:10.2,1.3/4,4-4,35.8,26.4,7.0,452.0,4.0,[東]天間昭一,柏木務,75.0,2015109048,00629,01090,514009
201706040802,5,6,10,セイウンクールガイ,牡2,54.0,幸英明,1:10.2,クビ,4-4,35.7,6.9,4.0,432.0,-6.0,[東]奥平雅士,西山茂行,50.0,2015100272,00732,01074,897009
201706040802,6,8,15,マウントレーニア,牝2,54.0,杉原誠人,1:10.2,クビ,10-11,35.1,32.4,11.0,442.0,0.0,[東]高橋文雅,ミルファーム,0.0,2015100962,01135,01134,629800
201706040802,7,1,1,レップウ,牡2,54.0,嘉藤貴行,1:10.4,1.1/4,10-10,35.3,28.9,8.0,456.0,-4.0,[東]小野次郎,ケンレーシング組合,0.0,2015102958,01051,01125,026700
201706040802,8,3,4,アリババ,牡2,51.0,武藤雅,1:10.4,ハナ,9-9,35.6,6.5,3.0,432.0,-2.0,[東]粕谷昌央,小田切有一,0.0,2015106529,01169,01096,334009
201706040802,9,5,8,テイエムヘニーズ,牡2,54.0,柴山雄一,1:10.6,1.1/4,10-12,35.5,194.7,14.0,466.0,2.0,[東]石栗龍彦,竹園正繼,0.0,2015100768,05243,01043,356002
201706040802,10,4,7,ノーブルメジャー,牝2,51.0,藤田菜七,1:10.6,アタマ,6-6,35.9,82.0,12.0,400.0,0.0,[東]田村康仁,吉木伸彦,0.0,2015101557,01164,01027,755030
201706040802,11,4,6,ペイシャキャサリン,牝2,53.0,木幡初也,1:10.6,アタマ,6-8,36.0,122.8,13.0,432.0,0.0,[東]本間忍,北所直人,0.0,2015100148,01153,01056,163002
201706040802,12,8,14,ララマ,牡2,54.0,田中勝春,1:10.7,3/4,14-14,34.4,30.9,10.0,476.0,0.0,[東]古賀史生,古賀和夫,0.0,2015100417,00684,00392,768005
201706040802,13,2,3,ヴィーダ,牡2,54.0,丸山元気,1:11.2,3,15-14,34.5,30.4,9.0,422.0,4.0,[東]清水英克,中村広樹,0.0,2015105143,01127,01080,923033
201706040802,14,5,9,チリナリエ,牝2,51.0,横山武史,1:11.3,クビ,13-13,35.5,256.8,15.0,420.0,-2.0,[東]竹内正洋,岡田牧雄,0.0,2015106308,01170,01152,851009
201706040802,15,7,13,ディアフェルスパー,牡2,54.0,江田照男,1:11.5,1.1/4,1-2,37.6,15.0,6.0,450.0,-2.0,[東]菊川正達,ディアレストクラブ,0.0,2015103898,00689,01052,013803
201706040803,1,5,9,ライバーバード,牡3,56.0,戸崎圭太,1:11.4,,4-4,37.2,2.6,1.0,496.0,6.0,[東]手塚貴久,馬場幸夫,500.0,2014110098,05386,01038,431002
201706040803,2,3,5,ヘルデンレーベン,牡3,56.0,内田博幸,1:11.4,ハナ,9-6,36.7,2.9,2.0,498.0,2.0,[東]中舘英二,社台レースホース,200.0,2014105727,00422,01153,415800
201706040803,3,6,12,ノヴァルーナ,牝3,54.0,五十嵐冬,1:11.4,クビ,2-2,37.8,10.8,4.0,458.0,0.0,[東]堀宣行,林正道,130.0,2014105266,05091,01070,675030
201706040803,4,6,11,ミラクルローカス,牝3,54.0,丸田恭介,1:12.0,3.1/2,1-1,38.5,20.1,8.0,450.0,4.0,[東]大竹正博,飯田正剛,75.0,2014104782,01117,01102,994002
201706040803,5,8,16,エリーヒストリー,牝3,54.0,宮崎北斗,1:12.0,クビ,3-3,38.1,15.3,5.0,464.0,0.0,[東]武市康男,谷川正純,50.0,2014100203,01118,01089,012033
201706040803,6,5,10,ヴェルデミーティア,牝3,54.0,吉田隼人,1:12.1,1/2,7-8,37.6,8.5,3.0,418.0,4.0,[東]戸田博文,小濱忠一,0.0,2014105457,01095,01054,166033
201706040803,7,8,15,サンモントレー,牝3,54.0,中井裕二,1:12.1,ハナ,7-9,37.6,16.7,7.0,430.0,0.0,[東]菊川正達,加藤ステーブル,0.0,2014101860,01141,01052,059803
201706040803,8,2,4,ロバリーゴー,牡3,56.0,田辺裕信,1:12.2,クビ,4-4,37.9,15.7,6.0,482.0,2.0,[東]尾形和幸,木村廣太,0.0,2014101310,01075,01141,603033
201706040803,9,1,2,カクタスバンガー,牡3,56.0,西田雄一,1:12.5,2,10-10,37.7,227.9,14.0,456.0,10.0,[東]大竹正博,ヒダカ・ブリーダーズ・ユニオン,0.0,2014104977,01004,01102,547800
201706040803,10,7,13,サンセリテ,牝3,54.0,柴田善臣,1:13.3,5,12-13,38.2,26.2,9.0,470.0,0.0,[東]大竹正博,下河辺牧場,0.0,2014101939,00641,01102,362800
201706040803,11,2,3,トウカイリオナ,牝3,54.0,黛弘人,1:13.3,ハナ,12-11,38.3,124.7,12.0,448.0,-6.0,[東]菊川正達,内村正則,0.0,2014103237,01109,01052,695004
201706040803,12,4,7,スウィートセシル,牝3,51.0,横山武史,1:13.5,1.1/4,14-15,38.3,93.4,11.0,548.0,0.0,[東]鈴木伸尋,鈴木正浩,0.0,2014104665,01170,01026,317033
201706040803,13,3,6,スプリングアゲン,牝3,51.0,菊沢一樹,1:13.8,1.3/4,10-11,39.0,443.1,16.0,444.0,16.0,[東]加藤和宏,浅川皓司,0.0,2014102958,01161,01077,350004
201706040803,14,4,8,ガーリー,牝3,51.0,藤田菜七,1:14.2,2.1/2,4-6,39.9,170.3,13.0,426.0,2.0,[東]伊藤大士,佐久間拓士,0.0,2014101127,01164,01109,986033
201706040803,15,7,14,シュケット,牝3,54.0,石橋脩,1:15.2,6,15-14,39.8,53.0,10.0,442.0,-2.0,[東]大和田成,吉田照哉,0.0,2014105567,01077,01124,758005
201706040803,16,1,1,ベルビュー,牝3,54.0,吉田豊,1:15.3,クビ,16-16,39.7,247.1,15.0,424.0,-2.0,[東]高橋文雅,ローレルレーシング,0.0,2014104131,00733,01134,032800
201706040805,1,6,10,デュッセルドルフ,牝2,54.0,田辺裕信,1:37.1,,6-4-4,34.3,2.7,1.0,448.0,0.0,[東]木村哲也,保坂和孝,700.0,2015104745,01075,01126,398030
201706040805,2,8,14,カッパツハッチ,牝2,54.0,吉田豊,1:37.1,クビ,3-4-4,34.4,11.2,5.0,456.0,0.0,[東]矢野英一,ターフ・スポート,280.0,2015103267,00733,01108,102800
201706040805,3,7,12,カサーレ,牝2,54.0,石橋脩,1:37.2,クビ,3-3-2,34.6,71.7,10.0,434.0,0.0,[東]古賀慎明,飯田良枝,180.0,2015105960,01077,01079,669007
201706040805,4,5,8,コンセッションズ,牝2,54.0,蛯名正義,1:37.4,1.1/4,3-4-6,34.6,41.3,8.0,416.0,0.0,[西]牧浦充徳,山住勲,110.0,2015101340,00663,01113,258030
201706040805,5,4,7,ムーンライトナイト,牝2,54.0,吉田隼人,1:37.5,3/4,8-8-8,34.5,3.8,2.0,440.0,0.0,[東]久保田貴,シルクレーシング,70.0,2015105003,01095,01067,506800
201706040805,6,2,2,ミラクルブラッド,牝2,54.0,津村明秀,1:37.8,2,12-12-8,34.7,20.0,6.0,466.0,0.0,[東]相沢郁,芹澤精一,0.0,2015102983,01092,01020,683002
201706040805,7,7,13,モデレイト,牝2,51.0,武藤雅,1:37.9,1/2,2-1-1,35.4,244.2,13.0,468.0,0.0,[東]和田正道,和田牧場,0.0,2015103738,01169,00353,251800
201706040805,8,3,5,プライマル,牝2,54.0,江田照男,1:38.3,2,11-13-12,35.0,85.1,11.0,464.0,0.0,[東]田中剛,ノースヒルズ,0.0,2015102493,00689,01119,788800
201706040805,9,5,9,ラブリースマッシュ,牝2,54.0,大野拓弥,1:38.3,アタマ,6-4-6,35.5,52.3,9.0,454.0,0.0,[東]岩戸孝樹,村山卓也,0.0,2015105350,01096,01051,047030
201706040805,10,6,11,ゼットイーリス,牝2,54.0,三浦皇成,1:38.6,1.3/4,8-8-8,35.6,20.4,7.0,462.0,0.0,[東]伊藤大士,フォーレスト,0.0,2015105173,01122,01109,730800
201706040805,11,2,3,アビリティ,牝2,54.0,的場勇人,1:38.8,1.1/2,13-15-14,35.4,253.6,14.0,454.0,0.0,[東]的場均,西村專次,0.0,2015106534,01108,01063,099007
201706040805,12,4,6,ハシレウマザンマイ,牝2,54.0,柴山雄一,1:38.9,クビ,13-13-15,35.6,300.1,15.0,426.0,0.0,[東]和田正一,鈴木慈雄,0.0,2015104515,05243,01114,638033
201706040805,13,1,1,ロジヒューズ,牝2,54.0,内田博幸,1:39.0,3/4,15-8-12,36.1,8.6,4.0,462.0,0.0,[東]古賀慎明,久米田正明,0.0,2015100131,00422,01079,399030
201706040805,14,3,4,エスシーハンコック,牝2,54.0,戸崎圭太,1:39.0,クビ,8-8-8,36.1,5.5,3.0,450.0,0.0,[西]森秀行,工藤圭司,0.0,2015103689,05386,00427,703030
201706040805,15,8,15,ダイメイスズ,牝2,54.0,幸英明,1:39.1,1/2,1-2-2,36.6,188.3,12.0,428.0,0.0,[西]森田直行,宮本昇,0.0,2015102094,00732,01142,177033
201706040806,1,2,4,ストロングレヴィル,牡3,54.0,石橋脩,2:15.3,,7-7-7-5,34.0,5.5,2.0,470.0,-4.0,[東]堀宣行,村木篤,750.0,2014105247,01077,01070,122009
201706040806,2,4,8,コルコバード,牝4,55.0,戸崎圭太,2:15.6,2,17-16-5-6,34.5,1.8,1.0,444.0,0.0,[東]木村哲也,キャロットファーム,300.0,2013105816,05386,01126,486800
201706040806,3,5,9,トータルソッカー,牡3,54.0,吉田隼人,2:15.6,アタマ,2-2-2-2,34.8,9.1,4.0,484.0,-10.0,[東]尾形充弘,渡邊隆,190.0,2014105104,01095,00349,321009
201706040806,4,3,5,レンジャックマン,牡3,54.0,内田博幸,2:15.7,3/4,4-4-3-3,34.7,13.8,5.0,446.0,0.0,[西]矢作芳人,田畑勝彦,110.0,2014101616,00422,01075,365030
201706040806,5,5,10,ベイビーステップ,牡3,51.0,武藤雅,2:15.9,1.1/4,8-8-10-9,34.4,24.3,7.0,480.0,-4.0,[東]菊川正達,大塚Ｒｙ’ｓＣＬＵＢ,75.0,2014103156,01169,01052,079700
201706040806,6,6,11,マイネルクラフト,牡4,57.0,津村明秀,2:15.9,クビ,14-12-7-6,34.6,16.3,6.0,486.0,0.0,[東]岩戸孝樹,サラブレッドクラブ・ラフィアン,0.0,2013101946,01092,01051,546800
201706040806,7,8,17,シンボリジュネス,牝3,52.0,柴田善臣,2:16.2,1.3/4,5-5-7-9,35.0,110.2,9.0,470.0,0.0,[東]菊川正達,シンボリ牧場,0.0,2014102663,00641,01052,431800
201706040806,8,8,15,ハウエバー,牡3,54.0,柴山雄一,2:16.3,1/2,3-3-3-3,35.4,114.1,10.0,410.0,2.0,[東]和田正一,古賀和夫,0.0,2014102061,05243,01114,768005
201706040806,9,7,13,ピエスドール,牝3,49.0,野中悠太,2:16.3,ハナ,5-5-5-6,35.2,166.1,12.0,412.0,-6.0,[東]古賀慎明,サンデーレーシング,0.0,2014106161,01158,01079,226800
201706040806,10,2,3,カスタディーヴァ,牝3,47.0,藤田菜七,2:16.3,アタマ,1-1-1-1,35.6,6.0,3.0,454.0,6.0,[東]田村康仁,ディアレストクラブ,0.0,2014110121,01164,01027,013803
201706040806,11,7,14,スパークルメノウ,牡3,54.0,横山和生,2:16.4,1/2,8-8-10-9,34.8,36.9,8.0,466.0,0.0,[東]土田稔,島川隆哉,0.0,2014104759,01140,00417,270006
201706040806,12,8,16,ウインドオブホープ,セ4,56.0,木幡初也,2:16.4,アタマ,11-11-13-13,34.6,164.9,11.0,534.0,10.0,[東]鹿戸雄一,木村牧場,0.0,2013100206,01153,01097,935800
201706040806,13,1,1,トーアツキヒカリ,牡3,54.0,黛弘人,2:16.7,1.1/2,10-10-10-12,35.1,556.9,16.0,462.0,-4.0,[東]藤原辰雄,高山ランド,0.0,2014102807,01109,00435,784800
201706040806,14,1,2,カトリーヌ,牝3,52.0,吉田豊,2:17.6,5,13-14-17-17,35.3,452.4,14.0,462.0,2.0,[東]高橋文雅,荒牧政美,0.0,2014106032,00733,01134,007060
201706040806,15,3,6,フランチェスコ,牡4,57.0,武士沢友,2:17.6,ハナ,14-16-13-14,35.9,387.9,13.0,474.0,10.0,[東]高橋義博,海谷幸司,0.0,2013103937,01029,01036,457002
201706040806,16,4,7,クリノダヴィンチ,牡3,54.0,西田雄一,2:17.7,1/2,11-12-15-14,35.6,534.1,15.0,480.0,6.0,[東]天間昭一,栗本博晴,0.0,2014104730,01004,01090,970006
201706040806,17,6,12,テンゴールドラブ,牝3,52.0,嶋田純次,2:18.3,3.1/2,14-14-15-16,36.2,620.9,17.0,434.0,-4.0,[東]尾形和幸,天白泰司,0.0,2014106281,01134,01141,075006
201706040807,1,7,14,ダノンアイリス,牝4,55.0,戸崎圭太,1:10.5,,2-3,36.8,2.7,1.0,468.0,-2.0,[東]尾関知人,ダノックス,750.0,2013105833,05386,01103,619800
201706040807,2,1,1,レアドロップ,牝4,52.0,武藤雅,1:10.5,クビ,1-1,36.9,5.4,3.0,460.0,6.0,[東]栗田徹,岡田牧雄,300.0,2013101236,01169,01127,851009
201706040807,3,7,13,ワシントンレガシー,牝3,53.0,柴山雄一,1:10.6,クビ,2-2,36.9,3.6,2.0,460.0,2.0,[東]戸田博文,吉田勝己,190.0,2014106109,05243,01054,790005
201706040807,4,1,2,ミスパイロ,牝3,53.0,松岡正海,1:11.2,3.1/2,12-13,36.5,8.7,4.0,468.0,4.0,[東]浅野洋一,村田哲朗,110.0,2014102262,01085,00421,493006
201706040807,5,4,7,シャンパンサーベル,牝5,55.0,吉田隼人,1:11.4,1.1/2,10-5,37.0,86.2,12.0,474.0,6.0,[東]佐藤吉勝,田頭勇貴,75.0,2012100798,01095,01035,855030
201706040807,6,2,4,メランコリア,牝5,55.0,内田博幸,1:11.7,1.3/4,8-5,37.4,18.4,6.0,494.0,0.0,[東]蛯名利弘,ミルファーム,0.0,2012105638,00422,01131,629800
201706040807,7,3,6,アースヴィグラス,牝3,53.0,蛯名正義,1:11.7,クビ,10-8,37.3,48.2,10.0,444.0,-6.0,[東]粕谷昌央,松山増男,0.0,2014102814,00663,01096,339008
201706040807,8,8,15,リチュアルローズ,牝4,55.0,田中勝春,1:11.8,クビ,15-15,36.9,37.7,9.0,470.0,14.0,[東]新開幸一,社台レースホース,0.0,2013105644,00684,01116,415800
201706040807,9,2,3,パパラヴズマンボ,牝5,55.0,村田一誠,1:12.3,3,4-4,38.4,51.2,11.0,454.0,4.0,[東]藤原辰雄,グランド牧場,0.0,2012102883,01031,00435,367800
201706040807,10,5,9,テンキセキ,牝4,55.0,石橋脩,1:12.4,1/2,12-13,37.7,10.0,5.0,480.0,0.0,[東]牧光二,天白泰司,0.0,2013104516,01077,01106,075006
201706040807,11,5,10,カネトシユキミ,牝3,53.0,勝浦正樹,1:12.5,クビ,8-8,38.2,93.4,13.0,394.0,-2.0,[東]水野貴広,兼松昌男,0.0,2014103989,01025,01094,939006
201706040807,12,6,12,ラブユーミー,牝3,53.0,江田照男,1:12.5,クビ,5-5,38.5,25.0,7.0,488.0,8.0,[東]星野忍,増田陽一,0.0,2014105149,00689,01030,291002
201706040807,13,4,8,キキズブルーム,牝4,55.0,武士沢友,1:12.8,1.3/4,12-11,38.1,352.1,14.0,464.0,16.0,[東]小桧山悟,加藤徹,0.0,2013106266,01029,01005,036006
201706040807,14,8,16,シンキングカミユ,牝4,54.0,木幡初也,1:13.2,2.1/2,7-8,39.1,447.7,15.0,436.0,-4.0,[東]粕谷昌央,佐藤雄司,0.0,2013101864,01153,01096,844008
201706040807,15,3,5,ホッコーモモタン,牝4,55.0,幸英明,1:14.3,7,5-11,40.3,31.7,8.0,426.0,-4.0,[東]松永康利,北幸商事,0.0,2013100195,00732,01093,057803
201706040807,-3,6,11,スズダリア,牝5,52.0,菊沢一樹,,,,,,,,,[東]伊藤正徳,小紫惠美子,0.0,2012102094,01161,00383,654030
201706040808,1,2,4,エグジットラック,牡3,54.0,柴山雄一,1:52.5,,14-13-9-8,37.4,77.8,9.0,504.0,6.0,[東]田村康仁,戸賀智子,750.0,2014101508,05243,01027,625008
201706040808,2,1,1,カブキモノ,牡4,57.0,内田博幸,1:52.7,1,1-1-1-2,38.4,6.2,3.0,512.0,0.0,[東]武市康男,國分純,300.0,2013100491,00422,01089,243008
201706040808,3,5,10,コティニャック,牡5,57.0,丸山元気,1:52.7,アタマ,2-2-2-1,38.4,8.8,4.0,526.0,-12.0,[東]南田美知,伊達敏明,190.0,2012101265,01127,00437,910006
201706040808,4,2,3,ニーマルサンデー,牡3,54.0,吉田豊,1:53.0,1.3/4,3-3-3-5,38.5,9.5,5.0,470.0,6.0,[東]田村康仁,板橋秋,110.0,2014104957,00733,01027,704006
201706040808,5,1,2,コットンボウル,牡3,54.0,大野拓弥,1:53.0,クビ,9-9-8-5,38.2,14.9,7.0,474.0,-2.0,[東]高木登,サンデーレーシング,75.0,2014105917,01096,01088,226800
201706040808,6,8,15,マイネルネッツ,牡5,57.0,戸崎圭太,1:53.9,5,7-7-3-3,39.4,2.5,1.0,482.0,2.0,[東]金成貴史,サラブレッドクラブ・ラフィアン,0.0,2012100005,05386,01132,546800
201706040808,7,3,6,リリカルホワイト,牝4,55.0,津村明秀,1:53.9,アタマ,3-5-6-5,39.3,4.2,2.0,534.0,2.0,[東]相沢郁,サンデーレーシング,0.0,2013106153,01092,01020,226800
201706040808,8,7,14,ステラルーチェ,牡5,57.0,村田一誠,1:54.0,1/2,3-3-3-3,39.6,85.5,10.0,478.0,2.0,[東]蛯名利弘,池田草龍,0.0,2012102583,01031,01131,204033
201706040808,9,4,8,オールウェイズゼア,牡3,51.0,横山武史,1:54.2,1,11-11-9-9,39.1,12.7,6.0,466.0,0.0,[東]高市圭二,グリーンスウォード,0.0,2014104192,01170,01014,055700
201706040808,10,5,9,ウインブルースカイ,牡4,57.0,松岡正海,1:54.7,3,16-16-14-13,39.1,233.6,15.0,468.0,0.0,[東]清水英克,ウイン,0.0,2013109024,01085,01080,494800
201706040808,11,3,5,セレニティフレア,牝3,52.0,横山和生,1:55.2,3,13-14-14-11,39.5,98.3,11.0,444.0,-2.0,[東]土田稔,島川隆哉,0.0,2014101707,01140,00417,270006
201706040808,12,6,12,レアルイモン,牡5,57.0,二本柳壮,1:56.4,7,14-14-12-11,41.1,367.3,16.0,508.0,4.0,[東]松山将樹,井門昭二,0.0,2012101252,01049,01100,516002
201706040808,13,4,7,プレツィオーゼ,セ5,54.0,菊沢一樹,1:56.5,1/2,9-9-12-14,41.1,204.1,14.0,438.0,2.0,[東]武藤善則,高橋貴士,0.0,2012103911,01161,01064,971033
201706040808,14,8,16,アポロノホウリン,牡4,54.0,武藤雅,1:56.9,2.1/2,6-5-6-10,42.3,27.0,8.0,486.0,-2.0,[東]中舘英二,アポロサラブレッドクラブ,0.0,2013100022,01169,01153,033700
201706040808,15,7,13,サノマル,牡4,54.0,藤田菜七,1:57.3,2.1/2,12-12-16-16,41.5,114.7,12.0,492.0,-14.0,[東]中野栄治,佐野信幸,0.0,2013101842,01164,01010,735033
201706040808,16,6,11,サーストンウィナー,牡3,54.0,松田大作,1:57.5,1.1/4,8-8-9-15,42.3,173.4,13.0,486.0,4.0,[東]武井亮,齊藤宣勝,0.0,2014103911,01030,01147,157002
201706040809,1,1,1,ペイシャルアス,牝2,54.0,石橋脩,1:09.2,,4-4,34.9,8.2,3.0,480.0,10.0,[西]坂口正則,北所直人,1634.3,2015102980,01077,00356,163002
201706040809,2,3,6,リンシャンカイホウ,牡2,54.0,松田大作,1:09.3,1/2,1-1,35.2,18.3,6.0,434.0,-2.0,[東]田中剛,ＫＴレーシング,649.8,2015105287,01030,01119,051803
201706040809,3,6,11,オジョーノキセキ,牝2,54.0,吉田隼人,1:09.3,クビ,5-6,34.9,17.6,5.0,498.0,2.0,[東]伊藤大士,前原敏行,404.9,2015101480,01095,01109,427030
201706040809,4,2,4,シスル,牝2,54.0,三浦皇成,1:09.5,1.1/4,8-8,34.9,93.5,11.0,472.0,-2.0,[東]新開幸一,中村祐子,240.0,2015102313,01122,01116,373008
201706040809,5,7,13,リュウノユキナ,牡2,55.0,五十嵐冬,1:09.5,ハナ,13-11,34.6,5.6,2.0,468.0,0.0,[地]桑原義光,蓑島竜一,160.0,2015106125,05091,00844,099031
201706040809,6,4,7,ヴァイザー,牡2,54.0,戸崎圭太,1:09.6,1/2,10-8,34.9,1.7,1.0,430.0,-2.0,[西]高橋亮,キャロットファーム,0.0,2015104697,05386,01136,486800
201706040809,7,3,5,ルリハリ,牝2,54.0,嘉藤貴行,1:09.7,1/2,16-14,34.5,78.7,10.0,410.0,-12.0,[東]萱野浩二,ビッグレッドファーム,0.0,2015100703,01051,01024,716800
201706040809,8,8,15,セイウンリリシイ,牝2,54.0,内田博幸,1:09.8,1/2,8-8,35.2,26.2,8.0,462.0,0.0,[東]水野貴広,西山茂行,0.0,2015104320,00422,01094,897009
201706040809,9,4,8,ココロノイコロ,牡2,54.0,田辺裕信,1:10.0,1.1/4,15-16,34.9,72.0,9.0,430.0,14.0,[東]高橋祥泰,海谷幸司,0.0,2015105858,01075,00359,457002
201706040809,10,5,9,パッセ,牝2,54.0,大野拓弥,1:10.1,1/2,11-11,35.3,14.9,4.0,496.0,10.0,[東]蛯名利弘,ミルファーム,0.0,2015103877,01096,01131,629800
201706040809,11,1,2,ピカピカ,牝2,54.0,西田雄一,1:10.1,クビ,5-6,35.7,104.6,13.0,474.0,-6.0,[東]石毛善彦,ミルファーム,0.0,2015104014,01004,00428,629800
201706040809,12,8,16,ジスモンダ,牝2,54.0,岩部純二,1:10.3,1.1/4,13-15,35.3,309.5,16.0,468.0,8.0,[東]谷原義明,ミルファーム,0.0,2015101498,00726,00402,629800
201706040809,13,6,12,トランプ,牡2,54.0,柴山雄一,1:10.4,1/2,2-2,36.2,233.0,14.0,436.0,2.0,[東]高橋裕,大塚亮一,0.0,2015100640,05243,00412,858800
201706040809,14,2,3,ナムラストロベリー,牝2,54.0,津村明秀,1:10.4,クビ,11-11,35.6,290.5,15.0,436.0,2.0,[東]谷原義明,奈村睦弘,0.0,2015106076,01092,00402,972002
201706040809,15,7,14,ニシノコデマリ,牝2,54.0,武藤雅,1:10.4,アタマ,5-4,36.0,25.6,7.0,420.0,4.0,[東]松山将樹,西山茂行,0.0,2015105200,01169,01100,897009
201706040809,16,5,10,ビリーバー,牝2,54.0,杉原誠人,1:10.7,1.3/4,2-2,36.6,101.3,12.0,430.0,-10.0,[東]石毛善彦,ミルファーム,0.0,2015103875,01135,00428,629800
201706040810,1,2,4,オウケンブラック,牡6,57.0,松田大作,1:59.5,,13-11-11-8,34.8,52.5,10.0,474.0,-8.0,[東]田中剛,福井明,1535.7,2011102899,01030,01119,731006
201706040810,2,7,14,シャインアロー,セ5,57.0,松岡正海,1:59.6,1/2,10-9-9-6,35.2,85.3,11.0,458.0,-6.0,[東]柴田政人,岡田勇,610.2,2012100091,01085,01007,548009
201706040810,3,5,9,レッドローゼス,牡3,54.0,蛯名正義,1:59.6,クビ,6-7-6-3,35.4,1.7,1.0,474.0,-2.0,[東]国枝栄,東京ホースレーシング,385.1,2014101558,00663,00399,180800
201706040810,4,1,2,エフティスパークル,牡4,57.0,三浦皇成,1:59.7,1/2,11-11-11-8,35.0,5.1,2.0,450.0,-4.0,[東]鹿戸雄一,吉野英子,230.0,2013105807,01122,01097,034030
201706040810,5,8,15,ミッシングリンク,牝3,52.0,戸崎圭太,1:59.7,クビ,1-2-2-2,35.9,10.0,4.0,514.0,2.0,[東]斎藤誠,小田吉男,150.0,2014101627,05386,01086,268008
201706040810,6,6,11,イチダイ,牡4,57.0,内田博幸,1:59.9,3/4,15-15-14-14,34.8,15.8,5.0,520.0,-10.0,[東]柄崎孝,三度屋,0.0,2013103589,00422,00380,020803
201706040810,7,2,3,ピッツバーグ,セ4,57.0,勝浦正樹,1:59.9,ハナ,4-4-3-5,35.9,122.9,13.0,496.0,-2.0,[西]矢作芳人,ラ・メール,0.0,2013100677,01025,01075,877800
201706040810,8,3,6,ジョンブドール,牝5,55.0,大野拓弥,1:59.9,アタマ,6-6-7-6,35.6,25.4,8.0,448.0,10.0,[東]高橋文雅,サンデーレーシング,0.0,2012104643,01096,01134,226800
201706040810,9,3,5,ラッシュアタック,牡5,57.0,吉田隼人,2:00.0,1/2,2-3-5-3,35.9,90.2,12.0,496.0,0.0,[東]菊川正達,キャロットファーム,0.0,2012103944,01095,01052,486800
201706040810,10,4,8,ユニゾンデライト,牡4,57.0,田中勝春,2:00.0,ハナ,11-13-13-12,35.1,9.5,3.0,488.0,-4.0,[東]小島茂之,社台レースホース,0.0,2013105661,00684,01068,415800
201706040810,11,4,7,ベストリゾート,牡3,54.0,石橋脩,2:00.4,2.1/2,2-1-1-1,36.7,18.4,6.0,472.0,-2.0,[東]木村哲也,保坂和孝,0.0,2014105879,01077,01126,398030
201706040810,12,8,16,ドラゴンカップ,牡4,57.0,田辺裕信,2:00.6,1.1/4,14-14-14-16,35.4,24.2,7.0,454.0,2.0,[西]角居勝彦,窪田芳郎,0.0,2013105481,01075,01053,208008
201706040810,13,5,10,シングンジョーカー,牡6,57.0,武士沢友,2:00.7,1/2,8-9-10-12,36.1,210.5,14.0,470.0,-4.0,[東]高市圭二,伊坂重憲,0.0,2011105155,01029,01014,771009
201706040810,14,7,13,ワンスインアライフ,牡4,57.0,幸英明,2:01.0,2,16-16-14-14,35.8,38.8,9.0,456.0,-2.0,[西]谷潔,前田幸治,0.0,2013103777,00732,00431,948006
201706040810,15,1,1,スワンボート,牡7,57.0,菊沢一樹,2:01.4,2.1/2,8-8-7-8,37.1,583.4,16.0,460.0,-2.0,[東]柴田政人,田頭勇貴,0.0,2010101988,01161,01007,855030
201706040810,16,6,12,マイネボニータ,牝6,55.0,津村明秀,2:02.2,5,4-4-3-8,38.2,453.3,15.0,430.0,6.0,[東]粕谷昌央,サラブレッドクラブ・ラフィアン,0.0,2011104731,01092,01096,546800
201706040811,1,2,2,ジュールポレール,牝4,55.0,幸英明,1:34.8,,3-3-4,33.7,1.7,1.0,466.0,14.0,[西]西園正都,Ｇ１レーシング,1850.1,2013105318,00732,01028,808800
201706040811,2,3,3,フロンテアクイーン,牝4,55.0,田中勝春,1:34.8,クビ,7-8-7,33.3,6.9,3.0,466.0,2.0,[東]国枝栄,三協ファーム,738.6,2013103682,00684,00399,061803
201706040811,3,4,5,ヴェネト,牡5,57.0,戸崎圭太,1:35.0,1.1/4,3-5-5,33.7,6.4,2.0,448.0,-8.0,[西]藤原英昭,サンデーレーシング,464.3,2012104085,05386,01055,226800
201706040811,4,5,7,デアレガーロ,牝3,53.0,蛯名正義,1:35.1,1/2,6-5-5,33.8,31.5,8.0,464.0,-6.0,[東]大竹正博,サンデーレーシング,270.0,2014105996,00663,01102,226800
201706040811,5,6,10,ストーミーシー,牡4,57.0,大野拓弥,1:35.1,クビ,11-11-9,33.2,11.2,5.0,528.0,8.0,[東]斎藤誠,ミルファーム,182.0,2013103817,01096,01086,629800
201706040811,6,3,4,ルグランフリソン,牡4,57.0,三浦皇成,1:35.1,アタマ,1-1-1,34.5,11.3,6.0,466.0,4.0,[西]中竹和也,前田幸治,0.0,2013110046,01122,01039,948006
201706040811,7,7,11,マイネルメリエンダ,牡6,57.0,松岡正海,1:35.2,クビ,2-2-2,34.4,73.9,9.0,486.0,-18.0,[東]和田正一,サラブレッドクラブ・ラフィアン,0.0,2011101095,01085,01114,546800
201706040811,8,7,12,ルグランパントル,セ5,57.0,柴田善臣,1:35.4,1.1/4,10-10-12,33.7,24.2,7.0,476.0,0.0,[東]栗田博憲,ノルマンディーサラブレッドレーシング,0.0,2012103634,00641,00341,854800
201706040811,9,6,9,メイクアップ,牡6,57.0,内田博幸,1:35.4,クビ,3-3-3,34.3,109.0,10.0,468.0,-2.0,[西]谷潔,岡浩二,0.0,2011102076,00422,00431,370008
201706040811,10,8,13,マリオーロ,牡5,57.0,吉田隼人,1:35.4,ハナ,14-11-9,33.5,120.3,12.0,496.0,-2.0,[東]斎藤誠,菊地剛,0.0,2012104103,01095,01086,857030
201706040811,11,5,8,ストレンジクォーク,牡5,57.0,田辺裕信,1:35.4,アタマ,11-11-13,33.6,10.5,4.0,494.0,-4.0,[東]小島太,キャロットファーム,0.0,2012104785,01075,01013,486800
201706040811,12,1,1,カバーストーリー,牡6,57.0,津村明秀,1:35.5,1/2,7-5-7,34.1,287.1,13.0,474.0,2.0,[西]清水久詞,前田晋二,0.0,2011101390,01092,01110,041002
201706040811,13,8,14,オコレマルーナ,牡8,57.0,石橋脩,1:35.8,1.3/4,11-14-13,33.7,117.8,11.0,460.0,0.0,[東]堀宣行,金子真人ホールディングス,0.0,2009106017,01077,01070,708800
201706040811,14,4,6,ダイシンブラック,牡8,57.0,柴山雄一,1:37.0,7,7-8-9,35.5,412.3,14.0,474.0,0.0,[東]戸田博文,大八木信行,0.0,2009105378,05243,01054,929002
201706040812,1,7,14,ブランオラージュ,牡3,55.0,勝浦正樹,1:10.4,,5-3,36.5,11.6,6.0,436.0,4.0,[東]田村康仁,ディアレストクラブ,750.0,2014105134,01025,01027,013803
201706040812,2,3,6,シャインヴィットゥ,牡3,52.0,武藤雅,1:10.6,1.1/4,2-2,37.0,2.9,1.0,472.0,4.0,[東]小野次郎,皆川博文,300.0,2014101742,01169,01125,369008
201706040812,3,1,2,アオテン,牡4,57.0,三浦皇成,1:11.0,2.1/2,8-6,36.7,9.1,5.0,512.0,10.0,[東]高橋文雅,ヒダカ・ブリーダーズ・ユニオン,190.0,2013102025,01122,01134,547800
201706040812,4,3,5,シルバーストーン,牡3,55.0,丸田恭介,1:11.1,3/4,9-8,36.7,21.2,7.0,492.0,0.0,[東]石栗龍彦,峰哲馬,110.0,2014105032,01117,01043,684006
201706040812,5,4,8,トウショウスレッジ,牡4,54.0,横山武史,1:11.2,クビ,13-10,36.4,52.0,9.0,496.0,8.0,[東]栗田博憲,トウショウ産業,75.0,2013104579,01170,00341,078800
201706040812,6,2,4,ペニーウェディング,牝4,55.0,吉田豊,1:11.5,2,12-8,36.8,63.6,11.0,512.0,14.0,[東]高橋文雅,吉田和子,0.0,2013110082,00733,01134,151006
201706040812,7,1,1,ハイレベルバイオ,牝5,55.0,江田照男,1:11.6,1/2,1-1,38.2,56.6,10.0,506.0,8.0,[東]牧光二,バイオ,0.0,2012104828,00689,01106,930800
201706040812,8,6,11,フクノクオリア,セ3,55.0,松岡正海,1:12.3,4,16-14,36.8,77.8,12.0,500.0,4.0,[東]杉浦宏昭,福島祐子,0.0,2014101419,01085,01008,159033
201706040812,9,6,12,サウンドストリート,牡3,55.0,田辺裕信,1:12.3,アタマ,5-6,38.4,4.0,2.0,460.0,0.0,[東]和田正道,増田雄一,0.0,2014102218,01075,00353,168006
201706040812,10,2,3,ドラグーン,セ5,57.0,吉田隼人,1:12.5,1.1/4,3-3,38.7,8.2,4.0,518.0,0.0,[東]土田稔,Ｈ．Ｈ．シェイク・モハメド,0.0,2012101517,01095,00417,003060
201706040812,11,4,7,アイーダ,牝3,50.0,菊沢一樹,1:12.5,クビ,11-12,37.9,187.7,13.0,440.0,-23.0,[東]浅野洋一,ローレルレーシング,0.0,2014109080,01161,00421,032800
201706040812,12,8,15,クラウンジューン,牡5,57.0,西田雄一,1:12.7,1,9-10,38.2,413.8,16.0,488.0,16.0,[東]伊藤伸一,クラウン,0.0,2012101214,01004,01031,826800
201706040812,13,7,13,カシノアーニング,牡4,57.0,二本柳壮,1:13.1,2.1/2,15-16,37.8,388.8,15.0,434.0,-10.0,[東]二本柳俊,柏木務,0.0,2013100435,01049,00370,514009
201706040812,14,5,10,トーホウボニータ,牝3,50.0,野中悠太,1:13.5,2.1/2,14-14,38.5,261.7,14.0,422.0,0.0,[東]武藤善則,東豊物産,0.0,2014101322,01158,01064,965800
201706040812,15,5,9,ノリノリコユキ,牝3,53.0,大野拓弥,1:14.2,4,3-3,40.4,27.8,8.0,438.0,-2.0,[東]勢司和浩,大久保和夫,0.0,2014101613,01096,01047,474008
201706040812,-1,8,16,サリネロ,牝3,53.0,津村明秀,,,,,,,,,[東]中川公成,吉田和美,0.0,2014110083,01092,01081,138007
201709040101,1,7,8,ブルベアジネンジョ,牡2,54.0,酒井学,1:54.5,,1-1-1-1,37.4,251.4,10.0,446.0,-4.0,[西]湯窪幸雄,ブルアンドベア,500.0,2015106325,01034,01057,843800
201709040101,2,7,7,ビッグスモーキー,牡2,54.0,浜中俊,1:54.8,2,6-5-7-7,37.2,1.1,1.0,532.0,-10.0,[西]清水久詞,社台レースホース,200.0,2015104384,01115,01110,415800
201709040101,3,8,9,タイセイビスタ,牡2,54.0,松若風馬,1:55.5,4,2-2-2-2,38.2,9.6,2.0,482.0,-6.0,[西]宮本博,田中成奉,130.0,2015105015,01154,01073,224007
201709040101,4,2,2,タラニス,牡2,51.0,富田暁,1:55.5,ハナ,3-3-4-4,38.0,96.4,9.0,476.0,-2.0,[西]角田晃一,藤田孟司,75.0,2015106427,01168,01121,260006
201709040101,5,1,1,イチネンプリンス,牡2,54.0,幸英明,1:55.5,クビ,8-8-8-8,37.7,33.0,7.0,450.0,2.0,[西]吉田直弘,国田正忠,50.0,2015103167,00732,01101,819008
201709040101,6,4,4,グーテンターク,牡2,54.0,福永祐一,1:56.2,4,5-5-4-4,38.7,21.5,5.0,482.0,14.0,[西]石坂正,馬場幸夫,0.0,2015104837,01014,01022,431002
201709040101,7,8,10,グローリーグローリ,牡2,54.0,国分恭介,1:56.2,ハナ,3-3-2-3,38.9,21.2,4.0,478.0,-16.0,[西]五十嵐忠,深見富朗,0.0,2015105502,01124,00422,966002
201709040101,8,6,6,リリーマイスター,牡2,54.0,池添謙一,1:56.6,2.1/2,6-5-4-4,39.1,12.4,3.0,502.0,-4.0,[西]池添兼雄,土井孝夫,0.0,2015105511,01032,01021,862006
201709040101,9,5,5,スカイルーク,牡2,54.0,和田竜二,1:58.7,大,8-9-9-9,40.7,26.1,6.0,456.0,16.0,[西]羽月友彦,菅原広隆,0.0,2015109143,01018,01091,547033
201709040101,10,3,3,メイショウイズモ,牡2,53.0,岩崎翼,2:02.7,大,8-9-10-10,43.7,80.1,8.0,500.0,6.0,[西]本田優,松本好雄,0.0,2015102795,01146,01099,523005
201709040102,1,5,5,ヤエノグラフ,牝2,54.0,福永祐一,1:22.9,,2-2,34.3,4.2,3.0,430.0,-4.0,[西]安田隆行,増田和啓,500.0,2015104821,01014,00438,345033
201709040102,2,1,1,リリカルドリーム,牝2,54.0,松若風馬,1:23.0,1/2,2-3,34.3,7.4,4.0,434.0,4.0,[西]音無秀孝,水上行雄,200.0,2015103524,01154,01002,482002
201709040102,3,6,6,メイショウツバキ,牝2,53.0,鮫島克駿,1:23.1,3/4,1-1,34.7,21.2,7.0,442.0,6.0,[西]西橋豊治,松本好隆,130.0,2015102817,01157,00434,911008
201709040102,4,7,8,ノーブルジャーニー,牝2,54.0,高倉稜,1:23.1,ハナ,9-9,33.9,30.8,8.0,430.0,-8.0,[西]宮本博,吉木伸彦,75.0,2015103928,01130,01073,755030
201709040102,5,3,3,ケイココサージュ,牝2,54.0,和田竜二,1:23.3,1.1/4,9-9,34.2,20.8,6.0,446.0,6.0,[西]坂口正則,コロンバスサークル,50.0,2015106136,01018,00356,878800
201709040102,6,8,11,バトルガラクシア,牝2,54.0,国分恭介,1:23.3,ハナ,6-6,34.3,72.2,9.0,482.0,0.0,[西]本田優,宮川秋信,0.0,2015102636,01124,01099,394009
201709040102,7,8,10,ロンス,牝2,54.0,北村友一,1:23.3,アタマ,4-3,34.5,4.0,2.0,460.0,4.0,[西]松永昌博,熊澤浩樹,0.0,2015105396,01102,01083,162008
201709040102,8,2,2,ラペールノアール,牝2,54.0,武豊,1:23.6,2,6-7,34.7,2.7,1.0,390.0,-2.0,[西]松永幹夫,ノースヒルズ,0.0,2015100620,00666,01092,788800
201709040102,9,7,9,メイショウリボベジ,牝2,54.0,幸英明,1:23.7,クビ,11-11,34.1,88.9,10.0,434.0,-8.0,[西]藤沢則雄,松本好雄,0.0,2015102913,00732,01041,523005
201709040102,10,4,4,ディストワルビー,牝2,54.0,酒井学,1:23.8,3/4,6-7,34.8,92.1,11.0,414.0,0.0,[西]北出成人,西川茂樹,0.0,2015102652,01034,01078,269033
201709040102,11,6,7,ミヤビララ,牝2,54.0,浜中俊,1:24.1,2,4-5,35.3,19.4,5.0,444.0,-4.0,[西]笹田和秀,村上義勝,0.0,2015105798,01115,01104,127002
201709040103,1,8,8,シースプラッシュ,牡2,54.0,Ｍ．デム,1:47.4,,6-6,34.6,2.0,1.0,490.0,0.0,[西]本田優,社台レースホース,500.0,2015104356,05212,01099,415800
201709040103,2,4,4,クリノダイヤモンド,牡2,53.0,荻野極,1:47.6,1.1/2,3-3,35.1,4.0,2.0,474.0,-8.0,[西]荒川義之,栗本博晴,200.0,2015103920,01160,01095,970006
201709040103,3,7,7,ルリジオン,牡2,54.0,和田竜二,1:48.7,7,4-4,36.1,9.6,5.0,476.0,4.0,[西]石坂正,Ｇ１レーシング,130.0,2015104132,01018,01022,808800
201709040103,4,2,2,メイショウカラタチ,牝2,54.0,鮫島良太,1:48.7,アタマ,7-7,35.8,29.9,6.0,458.0,4.0,[西]西橋豊治,松本好雄,75.0,2015102818,01099,00434,523005
201709040103,5,1,1,サイタターフキング,牡2,53.0,加藤祥太,1:49.1,2.1/2,1-1,36.8,7.2,3.0,440.0,0.0,[西]藤沢則雄,西村憲人,50.0,2015102142,01156,01041,537006
201709040103,6,6,6,タイセイトレイル,牡2,53.0,坂井瑠星,1:49.3,1.1/4,2-2,37.0,7.5,4.0,474.0,-6.0,[西]矢作芳人,田中成奉,0.0,2015105008,01163,01075,224007
201709040103,7,5,5,クリノセッシュウ,牡2,54.0,幸英明,1:49.4,3/4,4-4,36.8,36.2,7.0,432.0,-4.0,[西]中村均,栗本博晴,0.0,2015101485,00732,00261,970006
201709040103,8,3,3,ミトノブラック,牡2,54.0,藤岡佑介,1:49.7,2,8-7,36.8,43.3,8.0,460.0,0.0,[西]崎山博樹,ロイヤルパーク,0.0,2015105312,01093,00365,018700
201709040104,1,5,10,オースミベリル,牡3,56.0,川島信二,1:25.5,,1-1,37.4,7.3,3.0,490.0,-4.0,[西]荒川義之,オースミ,500.0,2014103872,01062,01095,712800
201709040104,2,4,8,プリンセスヨウク,牝3,51.0,森裕太朗,1:25.6,1/2,9-9,36.6,2.1,1.0,448.0,-2.0,[西]鈴木孝志,ライオンレースホース,200.0,2014103036,01165,01111,542800
201709040104,3,8,16,ワンダーリアス,牝3,54.0,荻野琢真,1:25.9,2,14-11,36.4,8.6,4.0,448.0,2.0,[西]今野貞一,山本信行,130.0,2014103196,01112,01128,634001
201709040104,4,3,5,ペプチドボンバー,牡3,53.0,富田暁,1:26.1,1.1/2,11-10,37.0,27.3,10.0,446.0,12.0,[西]木原一良,沼川一彦,75.0,2014103167,01168,01033,500007
201709040104,5,6,12,エイシンクリオネ,牝3,54.0,藤岡佑介,1:26.2,1/2,2-2,38.0,18.0,5.0,468.0,-10.0,[西]奥村豊,栄進堂,50.0,2014103042,01093,01146,785800
201709040104,6,7,14,シャプレドサクレ,牝3,53.0,荻野極,1:26.5,1.3/4,4-4,38.1,4.9,2.0,504.0,10.0,[西]中内田充,吉田勝己,0.0,2014106290,01160,01137,790005
201709040104,7,1,1,オースミペンタス,牝3,54.0,北村友一,1:26.6,1/2,4-5,38.2,23.5,7.0,426.0,-8.0,[西]中尾秀正,オースミ,0.0,2014102413,01102,01069,712800
201709040104,8,7,13,ブルースガール,牝3,54.0,松若風馬,1:27.0,2.1/2,14-15,37.2,165.4,15.0,414.0,-12.0,[西]鈴木孝志,福井明,0.0,2014103350,01154,01111,731006
201709040104,9,8,15,ニホンピロメリーナ,牝3,54.0,田中健,1:27.1,3/4,16-16,37.1,19.3,6.0,452.0,-8.0,[西]服部利之,小林百太郎,0.0,2014104521,01114,01040,985001
201709040104,10,5,9,オーサム,牡3,56.0,川須栄彦,1:27.2,1/2,11-11,37.9,27.0,9.0,480.0,-12.0,[西]中尾秀正,グリーンファーム,0.0,2014105579,01128,01069,148800
201709040104,11,3,6,ウインパソドブレ,牝3,54.0,松山弘平,1:27.2,ハナ,6-6,38.6,25.3,8.0,472.0,16.0,[西]宮本博,ウイン,0.0,2014100215,01126,01073,494800
201709040104,12,2,4,フルスプレンダー,牡3,56.0,幸英明,1:28.0,5,7-6,39.4,68.5,12.0,464.0,2.0,[西]森田直行,岡田牧雄,0.0,2014101172,00732,01142,851009
201709040104,13,6,11,ダイシンアルド,牡3,56.0,国分恭介,1:28.2,1,2-2,40.0,32.1,11.0,504.0,2.0,[西]牧田和弥,大八木信行,0.0,2014100513,01124,01123,929002
201709040104,14,2,3,ワールドスター,牡3,56.0,藤懸貴志,1:28.2,クビ,8-6,39.5,236.0,16.0,460.0,-2.0,[西]安達昭夫,サン,0.0,2014104899,01138,01042,066700
201709040104,15,1,2,ユウキシャルマン,牡3,56.0,国分優作,1:28.7,3,13-13,39.2,143.6,14.0,424.0,5.0,[西]藤沢則雄,雪本秀樹,0.0,2014106524,01125,01041,446002
201709040104,16,4,7,ブルベアマーテン,牡3,56.0,高倉稜,1:28.7,ハナ,9-14,39.6,131.0,13.0,482.0,20.0,[西]千田輝彦,ブルアンドベア,0.0,2014103663,01130,01120,843800
201709040105,1,6,6,ジャンダルム,牡2,54.0,武豊,1:37.3,,3-3,33.7,4.2,2.0,480.0,0.0,[西]池江泰寿,ノースヒルズ,700.0,2015110013,00666,01071,788800
201709040105,2,7,8,ロードラナキラ,牡2,54.0,池添謙一,1:37.5,1.1/4,5-4,33.7,12.0,4.0,446.0,0.0,[西]高野友和,ロードホースクラブ,280.0,2015102371,01032,01117,170800
201709040105,3,6,7,スターリーステージ,牝2,54.0,福永祐一,1:37.5,アタマ,5-4,33.7,1.4,1.0,454.0,0.0,[西]音無秀孝,吉田勝己,180.0,2015104842,01014,01002,790005
201709040105,4,8,10,サンライズナイト,牡2,54.0,浜中俊,1:37.7,1.1/2,7-7,33.7,38.4,5.0,478.0,0.0,[西]石坂正,松岡隆雄,110.0,2015102246,01115,01022,306008
201709040105,5,7,9,サンライズカナロア,牡2,54.0,北村友一,1:37.8,1/2,10-10,33.5,8.7,3.0,446.0,0.0,[西]安田隆行,松岡隆雄,70.0,2015101355,01102,00438,306008
201709040105,6,3,3,ナムラルビー,牝2,54.0,川須栄彦,1:38.0,1.1/4,2-2,34.5,130.6,10.0,440.0,0.0,[西]羽月友彦,奈村睦弘,0.0,2015103139,01128,01091,972002
201709040105,7,4,4,ブルベアトリュフ,牡2,54.0,高倉稜,1:38.2,1.1/4,7-7,34.2,67.4,6.0,440.0,0.0,[西]千田輝彦,ブルアンドベア,0.0,2015103640,01130,01120,843800
201709040105,8,2,2,アスタービアンコ,牡2,54.0,古川吉洋,1:38.3,1/2,3-4,34.6,92.6,8.0,466.0,0.0,[西]木原一良,加藤久枝,0.0,2015103273,01015,01033,935003
201709040105,9,1,1,ストリ,牡2,54.0,松山弘平,1:38.6,2,1-1,35.1,71.8,7.0,480.0,0.0,[西]松下武士,金山敏也,0.0,2015104021,01126,01149,693033
201709040105,10,5,5,メイショウヴァルス,牝2,54.0,酒井学,1:38.7,1/2,9-7,34.7,134.5,11.0,424.0,0.0,[西]飯田祐史,松本好雄,0.0,2015103826,01034,01139,523005
201709040105,11,8,11,クリノユナチャン,牝2,51.0,三津谷隼,1:39.6,5,10-10,35.3,126.6,9.0,458.0,0.0,[西]作田誠二,栗本博晴,0.0,2015100443,01159,01006,970006
201709040106,1,7,13,トゥザクラウン,牡3,56.0,北村友一,1:34.1,,11-10,34.4,6.7,4.0,508.0,-2.0,[西]池江泰寿,キャロットファーム,500.0,2014106036,01102,01071,486800
201709040106,2,3,5,ラーゴブルー,牝3,54.0,福永祐一,1:34.3,1.1/4,4-3,35.1,3.7,1.0,500.0,-10.0,[西]池江泰寿,吉田和美,200.0,2014106128,01014,01071,138007
201709040106,3,4,7,メイショウランポ,牡3,56.0,秋山真一,1:34.4,3/4,4-5,35.1,22.5,8.0,456.0,-6.0,[西]藤沢則雄,松本好雄,130.0,2014102991,01019,01041,523005
201709040106,4,6,12,ワンパーパス,牝3,54.0,酒井学,1:34.8,2.1/2,17-16,34.5,52.1,11.0,430.0,2.0,[西]谷潔,橋本謙一,75.0,2014101929,01034,00431,240033
201709040106,5,8,18,ラニカイワヒネ,牝3,54.0,松山弘平,1:34.8,クビ,14-12,34.8,25.5,9.0,456.0,-6.0,[西]今野貞一,横瀬兼二,50.0,2014102556,01126,01128,532002
201709040106,6,4,8,ハービーラヴド,牝3,54.0,田中健,1:34.9,クビ,6-6,35.5,236.2,17.0,414.0,0.0,[西]高橋亮,ヒダカ・ブリーダーズ・ユニオン,0.0,2014100818,01114,01136,547800
201709040106,7,3,6,アイファーヒロイン,牝3,54.0,藤懸貴志,1:35.0,3/4,18-14,34.8,176.3,14.0,422.0,10.0,[西]鮫島一歩,中島稔,0.0,2014104564,01138,01046,119007
201709040106,8,8,16,イルーシヴハピネス,牝3,54.0,和田竜二,1:35.1,3/4,6-6,35.7,5.1,2.0,506.0,-8.0,[西]角居勝彦,シルクレーシング,0.0,2014105821,01018,01053,506800
201709040106,9,1,2,シャイニーホーム,牝3,53.0,岩崎翼,1:35.3,1.1/4,2-2,36.4,12.3,7.0,422.0,4.0,[西]佐々木晶,小林昌志,0.0,2014101477,01146,00429,531006
201709040106,10,6,11,ピンクリボン,牝3,54.0,鮫島良太,1:35.4,1/2,14-16,35.1,238.3,18.0,432.0,-2.0,[西]牧浦充徳,山住勲,0.0,2014101611,01099,01113,258030
201709040106,11,7,15,プラムステッド,牝3,54.0,高倉稜,1:35.5,クビ,9-8,36.0,205.4,16.0,466.0,4.0,[西]北出成人,東堂,0.0,2014105049,01130,01078,096803
201709040106,12,1,1,ウインドウイスパー,牝3,54.0,川須栄彦,1:35.7,1,1-1,36.9,10.2,6.0,442.0,4.0,[西]森田直行,福原正博,0.0,2014101584,01128,01142,562002
201709040106,13,5,10,クィーンズロード,牝3,54.0,幸英明,1:35.8,1/2,9-10,36.0,95.1,12.0,500.0,0.0,[西]橋口慎介,林正道,0.0,2014110103,00732,01154,675030
201709040106,14,8,17,アルアンダルス,牡3,56.0,藤岡佑介,1:35.8,ハナ,8-8,36.3,45.1,10.0,480.0,2.0,[西]小崎憲,社台レースホース,0.0,2014105394,01093,01085,415800
201709040106,15,2,4,タンバレジーナ,牝3,54.0,岡田祥嗣,1:36.3,3,11-14,36.2,201.0,15.0,446.0,-10.0,[西]千田輝彦,荻野憲夫,0.0,2014102616,05429,01120,246033
201709040106,16,5,9,スカイフ,牝3,54.0,Ｍ．デム,1:36.7,2.1/2,11-12,36.7,5.8,3.0,458.0,-8.0,[西]高野友和,吉田和美,0.0,2014110006,05212,01117,138007
201709040106,17,2,3,サンマルトビー,牡3,56.0,竹之下智,1:37.3,3.1/2,16-18,36.8,172.7,13.0,474.0,-2.0,[西]千田輝彦,相馬勇,0.0,2014102136,01036,01120,580007
201709040106,18,7,14,パールズシャイン,牝3,53.0,荻野極,1:37.4,3/4,2-3,38.3,7.8,5.0,432.0,-10.0,[西]池添学,シルクレーシング,0.0,2014105994,01160,01144,506800
201709040107,1,3,6,タイセイパルサー,牡4,54.0,森裕太朗,1:50.9,,5-5-7-3,36.7,16.8,11.0,488.0,4.0,[西]大橋勇樹,田中成奉,750.0,2013104166,01165,01065,224007
201709040107,2,6,11,トウカイエクレール,牡4,57.0,武豊,1:52.0,7,11-10-9-7,37.5,7.5,4.0,482.0,2.0,[西]田所秀孝,内村正則,300.0,2013101178,00666,01009,695004
201709040107,3,4,7,マイネルブロッケン,牡3,54.0,柴田大知,1:52.1,1/2,8-7-5-6,38.0,12.2,8.0,420.0,-4.0,[西]五十嵐忠,サラブレッドクラブ・ラフィアン,190.0,2014100750,01009,00422,546800
201709040107,4,1,2,ラインフィール,牡4,57.0,幸英明,1:52.1,アタマ,1-1-1-1,38.5,10.9,7.0,502.0,4.0,[西]松永昌博,大澤繁昌,110.0,2013104817,00732,01083,796002
201709040107,5,6,12,メイショウゴテツ,牡4,57.0,菱田裕二,1:52.3,1.1/4,16-16-15-12,37.2,165.4,16.0,476.0,4.0,[西]角田晃一,松本好雄,75.0,2013102945,01144,01121,523005
201709040107,6,1,1,フォレストタウン,牡3,54.0,水口優也,1:52.5,1.1/4,3-4-3-3,38.6,5.7,1.0,512.0,2.0,[西]福島信晴,山上和良,0.0,2014103870,01133,00396,851007
201709040107,7,2,4,シンゼンガンプ,牡5,54.0,富田暁,1:52.7,1.1/2,11-12-13-10,37.9,43.3,12.0,464.0,-2.0,[西]飯田祐史,原司郎,0.0,2012100672,01168,01139,043030
201709040107,8,8,15,ダノンロッソ,牡3,54.0,浜中俊,1:52.9,1,10-9-9-10,38.2,7.9,5.0,438.0,-2.0,[西]松田国英,ダノックス,0.0,2014105892,01115,01011,619800
201709040107,9,4,8,クリノピョートル,牡3,54.0,Ｍ．デム,1:53.4,3,2-2-2-2,39.7,7.4,2.0,490.0,-10.0,[西]作田誠二,栗本博晴,0.0,2014103978,05212,01006,970006
201709040107,10,7,13,ウォーターシャウト,牡4,57.0,福永祐一,1:53.5,クビ,5-7-8-8,39.0,14.1,9.0,492.0,0.0,[西]安田隆行,山岡良一,0.0,2013104334,01014,00438,538009
201709040107,11,5,10,デューズワイルズ,牡4,57.0,松山弘平,1:53.8,2,15-15-15-15,38.4,70.5,15.0,466.0,-6.0,[西]鈴木孝志,キャロットファーム,0.0,2013105931,01126,01111,486800
201709040107,12,3,5,ブルベアラクーン,牡3,54.0,酒井学,1:54.0,1.1/4,13-13-13-14,38.9,46.0,13.0,530.0,0.0,[西]湯窪幸雄,ブルアンドベア,0.0,2014109008,01034,01057,843800
201709040107,13,2,3,カフジナイサー,牡4,57.0,四位洋文,1:54.5,3,5-5-5-8,40.2,7.4,3.0,472.0,4.0,[西]木原一良,加藤守,0.0,2013104326,00700,01033,019004
201709040107,14,7,14,クリノライメイ,牡3,54.0,池添謙一,1:54.6,クビ,3-3-3-3,40.7,10.0,6.0,506.0,-4.0,[西]荒川義之,栗本博晴,0.0,2014101827,01032,01095,970006
201709040107,15,5,9,ナンヨーアーミー,牡4,57.0,藤岡康太,1:54.8,1.1/4,14-13-12-12,39.8,69.7,14.0,530.0,10.0,[西]清水久詞,中村徳也,0.0,2013105895,01116,01110,512031
201709040107,16,8,16,インテグリティー,牡4,57.0,和田竜二,1:55.0,1.1/2,8-10-9-15,39.9,15.2,10.0,474.0,0.0,[西]高橋義忠,前田幸治,0.0,2013105036,01018,01129,948006
201709040108,1,3,5,ハニージェイド,牝3,53.0,Ｍ．デム,1:24.7,,3-2,37.8,1.8,1.0,466.0,0.0,[西]鮫島一歩,吉田和子,750.0,2014110084,05212,01046,151006
201709040108,2,6,11,ペリコール,牝4,52.0,富田暁,1:24.8,1/2,14-12,37.1,224.8,15.0,452.0,-10.0,[西]加藤敬二,門野重雄,300.0,2013104784,01168,00379,490006
201709040108,3,1,1,メイショウオルソ,牡4,57.0,太宰啓介,1:25.0,1.1/2,8-6,37.9,5.3,2.0,500.0,-11.0,[西]松永昌博,松本好雄,190.0,2013103691,01037,01083,523005
201709040108,4,8,16,コンクエストシチー,セ5,57.0,高倉稜,1:25.0,ハナ,15-12,37.1,24.8,7.0,460.0,4.0,[西]村山明,友駿ホースクラブ,110.0,2012102486,01130,01107,321800
201709040108,5,2,3,エスプリゾーン,牡3,52.0,森裕太朗,1:25.1,3/4,11-12,37.4,43.1,10.0,444.0,-2.0,[西]大橋勇樹,村上稔,75.0,2014101899,01165,01065,870004
201709040108,6,4,8,リーサルストライク,牡5,57.0,福永祐一,1:25.4,1.3/4,6-6,38.2,11.8,4.0,514.0,-6.0,[西]石坂正,Ｇ１レーシング,0.0,2012104083,01014,01022,808800
201709040108,7,7,13,ショウサングランド,牡4,57.0,和田竜二,1:25.7,2,13-10,38.0,28.8,9.0,492.0,10.0,[西]牧田和弥,鈴木昭和,0.0,2013100996,01018,01123,305030
201709040108,8,1,2,シゲルキツネダイ,セ4,57.0,酒井学,1:25.8,1/2,9-8,38.4,194.8,13.0,460.0,2.0,[西]千田輝彦,森中蕃,0.0,2013104766,01034,01120,674004
201709040108,9,4,7,アイアンヒロイン,牝4,54.0,岩崎翼,1:26.0,1.1/4,15-15,38.0,83.8,12.0,506.0,4.0,[西]浜田多実,大野照旺,0.0,2013110069,01146,01138,550033
201709040108,10,5,9,バリキ,牡5,57.0,浜中俊,1:26.0,ハナ,6-4,38.9,12.4,5.0,454.0,-4.0,[西]鈴木孝志,杉澤光雄,0.0,2012100849,01115,01111,330007
201709040108,11,7,14,アヴァント,牡3,55.0,幸英明,1:26.3,1.3/4,11-10,38.7,8.7,3.0,470.0,-6.0,[西]中尾秀正,佐々木主浩,0.0,2014105910,00732,01069,006030
201709040108,12,6,12,ロワール,牝4,55.0,中井裕二,1:26.5,1.1/4,9-8,39.1,269.4,16.0,426.0,0.0,[西]飯田雄三,林進,0.0,2013101407,01141,01050,857004
201709040108,13,2,4,キタサンシーザー,牡3,52.0,三津谷隼,1:26.6,1/2,1-1,40.0,18.2,6.0,498.0,3.0,[西]目野哲也,大野商事,0.0,2014105006,01159,00387,373800
201709040108,14,3,6,リアンヴェリテ,牡3,55.0,古川吉洋,1:27.5,5,2-2,40.7,25.9,8.0,462.0,10.0,[西]中竹和也,加藤誠,0.0,2014100618,01015,01039,944030
201709040108,15,8,15,ナイスワン,牡4,57.0,小坂忠士,1:28.4,5,3-4,41.5,216.4,14.0,444.0,-10.0,[西]奥村豊,田畑富子,0.0,2013106221,01063,01146,307033
201709040108,16,5,10,トウケイライデン,牡3,54.0,荻野極,1:29.9,9,3-15,42.6,51.9,11.0,490.0,-6.0,[西]清水久詞,木村信彦,0.0,2014101790,01160,01110,258006
201709040109,1,2,2,ペガサスシャーイン,牡3,53.0,幸英明,2:04.8,,3-3-3-3,37.6,3.7,2.0,534.0,4.0,[西]西村真幸,田畑利彦,1521.0,2014103662,00732,01148,464030
201709040109,2,3,3,ペルランヴェール,牡3,53.0,Ｍ．デム,2:04.8,クビ,6-6-8-8,37.1,2.4,1.0,516.0,0.0,[西]平田修,吉田勝己,606.0,2014106186,05212,01082,790005
201709040109,3,8,10,トミケンシェルフ,牡5,54.0,松田大作,2:04.9,クビ,2-2-2-2,37.9,62.0,9.0,480.0,-4.0,[東]武井亮,冨樫賢二,383.0,2012101132,01030,01147,901007
201709040109,4,6,6,タガノグルナ,牡3,53.0,菱田裕二,2:05.1,1.1/4,1-1-1-1,38.3,5.9,4.0,476.0,2.0,[西]大根田裕,八木良司,230.0,2014100521,01144,01032,859002
201709040109,5,4,4,サハラファイター,牡4,57.0,松山弘平,2:05.2,3/4,4-4-4-4,37.9,12.7,5.0,518.0,2.0,[西]山内研二,本間茂,150.0,2013104825,01126,00388,694008
201709040109,6,5,5,ホーリーブレイズ,牡3,53.0,和田竜二,2:05.2,アタマ,6-6-6-6,37.8,19.6,6.0,466.0,-2.0,[西]佐藤正雄,村上憲政,0.0,2014104332,01018,01025,894030
201709040109,7,8,9,サンライズレーヴ,牡6,54.0,岩崎翼,2:05.5,1.3/4,9-9-10-8,37.7,88.3,10.0,476.0,2.0,[西]崎山博樹,松岡隆雄,0.0,2011106130,01146,00365,306008
201709040109,8,1,1,アルムチャレンジ,牡3,53.0,古川吉洋,2:05.7,1.1/4,8-8-7-6,38.1,28.5,8.0,482.0,-2.0,[西]川村禎彦,崎川美枝子,0.0,2014100508,01015,01003,899030
201709040109,9,7,7,ウォーターマーズ,牡3,54.0,高倉稜,2:06.5,5,9-9-9-8,38.7,5.8,3.0,518.0,-4.0,[西]岡田稲男,山岡良一,0.0,2014103635,01130,01066,538009
201709040109,10,7,8,ロードプレステージ,牡5,53.0,北村友一,2:07.0,3,4-4-4-4,39.6,23.0,7.0,458.0,0.0,[西]杉山晴紀,ロードホースクラブ,0.0,2012102298,01102,01157,170800
201709040110,1,5,5,ギモーヴ,牝4,55.0,福永祐一,1:45.3,,7-7,33.2,3.0,2.0,470.0,2.0,[西]池添学,吉田和美,1521.0,2013106018,01014,01144,138007
201709040110,2,1,1,グラットシエル,牡3,54.0,浜中俊,1:45.4,3/4,4-4,33.6,3.5,3.0,494.0,-2.0,[西]石坂正,社台レースホース,606.0,2014105320,01115,01022,415800
201709040110,3,7,7,フロムマイハート,牝4,55.0,和田竜二,1:45.6,1,6-5,33.7,2.9,1.0,444.0,14.0,[西]宮本博,サラブレッドクラブ・ラフィアン,383.0,2013101938,01018,01073,546800
201709040110,4,8,9,ジェネラルゴジップ,牡5,57.0,武豊,1:45.8,1,8-8,33.4,13.9,5.0,474.0,2.0,[西]平田修,社台レースホース,230.0,2012104220,00666,01082,415800
201709040110,5,4,4,サトノグラン,牡3,54.0,坂井瑠星,1:46.1,2,8-8,33.7,8.6,4.0,480.0,-4.0,[西]矢作芳人,里見治,150.0,2014105991,01163,01075,790031
201709040110,6,6,6,ビオラフォーエバー,セ6,57.0,北村友一,1:46.1,クビ,3-2,34.8,34.4,7.0,468.0,-2.0,[西]松永昌博,熊澤浩樹,0.0,2011101782,01102,01083,162008
201709040110,7,2,2,プレミオテーラー,牝5,55.0,岩崎翼,1:46.3,1.1/2,1-1,35.4,43.0,9.0,476.0,2.0,[西]河内洋,中西浩一,0.0,2012103376,01146,01072,730002
201709040110,8,3,3,トライブキング,牡4,57.0,幸英明,1:46.8,3,5-5,34.8,23.5,6.0,430.0,-14.0,[西]中竹和也,前田幸治,0.0,2013104336,00732,01039,948006
201709040110,9,8,8,サウンドテーブル,牡3,54.0,水口優也,1:47.9,7,2-2,36.6,40.2,8.0,494.0,-6.0,[西]崎山博樹,山上和良,0.0,2014104401,01133,00365,851007
201709040111,1,3,4,ウインムート,牡4,56.0,松山弘平,1:23.4,,1-1,36.0,3.0,1.0,502.0,10.0,[西]加用正,ウイン,2232.9,2013101442,01126,00425,494800
201709040111,2,5,8,ゴーインググレート,牡7,56.0,和田竜二,1:23.6,1,3-2,36.0,18.7,7.0,476.0,-6.0,[西]岩元市三,田畑利彦,889.4,2010102569,01018,00397,464030
201709040111,3,7,13,ラテンロック,牡6,56.0,松若風馬,1:23.8,1.1/4,10-7,35.6,5.6,4.0,500.0,-4.0,[西]吉田直弘,金子真人ホールディングス,554.7,2011100405,01154,01101,708800
201709040111,4,1,1,ブライトアイディア,牡7,56.0,鮫島良太,1:24.0,1.1/4,4-4,36.3,14.9,6.0,524.0,14.0,[西]宮徹,小川勲,330.0,2010104486,01099,01018,075002
201709040111,5,2,3,アールプロセス,牡6,56.0,浜中俊,1:24.0,クビ,2-2,36.5,13.7,5.0,504.0,-8.0,[東]萩原清,池谷誠一,220.0,2011104429,01115,01017,172002
201709040111,6,6,11,スウィープアウェイ,牡6,56.0,秋山真一,1:24.1,1/2,7-7,36.1,155.3,13.0,476.0,-4.0,[東]矢野英一,藤田在子,0.0,2011100024,01019,01108,491030
201709040111,7,8,15,イーデンホール,牡5,56.0,Ｍ．デム,1:24.2,1/2,4-4,36.4,4.7,2.0,494.0,8.0,[西]中内田充,Ｇ１レーシング,0.0,2012103997,05212,01137,808800
201709040111,8,3,5,シンゼンレンジャー,牡8,56.0,福永祐一,1:24.2,ハナ,10-12,36.0,25.2,9.0,508.0,-4.0,[西]飯田祐史,原司郎,0.0,2009102195,01014,01139,043030
201709040111,9,8,14,タイセイファントム,牡9,57.0,幸英明,1:24.4,1.1/4,4-4,36.6,78.1,11.0,456.0,-11.0,[西]高橋義忠,田中成奉,0.0,2008102205,00732,01129,224007
201709040111,10,5,9,サウンドスカイ,牡4,56.0,高倉稜,1:24.6,1.1/4,15-15,36.0,126.9,12.0,494.0,-4.0,[西]佐藤正雄,増田雄一,0.0,2013104773,01130,01025,168006
201709040111,11,4,6,ピンポン,牡7,56.0,池添謙一,1:24.6,クビ,14-14,36.1,27.3,10.0,470.0,4.0,[西]寺島良,小田切有一,0.0,2010106467,01032,01158,334009
201709040111,12,6,10,ナガラオリオン,牡8,57.0,四位洋文,1:24.6,ハナ,12-7,36.3,24.3,8.0,472.0,-2.0,[西]大根田裕,長良レーシングクラブ,0.0,2009100970,00700,01032,024700
201709040111,13,7,12,マイネルバールマン,牡3,54.0,柴田大知,1:24.6,ハナ,7-7,36.6,5.3,3.0,512.0,-6.0,[東]栗田博憲,サラブレッドクラブ・ラフィアン,0.0,2014105018,01009,00341,546800
201709040111,14,2,2,キョウエイアシュラ,牡10,58.0,小牧太,1:24.7,1/2,7-7,36.8,184.1,14.0,466.0,-6.0,[西]森田直行,田中晴夫,0.0,2007100828,00894,01142,619002
201709040111,15,4,7,シャトーウインド,牡7,56.0,北村友一,1:24.9,1,12-12,36.6,230.3,15.0,466.0,2.0,[西]松下武士,円城幸男,0.0,2010101025,01102,01149,155006
201709040112,1,7,9,マイネルアトゥー,牡4,57.0,柴田大知,1:59.9,,9-9-8-8,34.4,22.3,7.0,454.0,-4.0,[西]吉田直弘,サラブレッドクラブ・ラフィアン,750.0,2013101959,01009,01101,546800
201709040112,2,8,11,エアウィンザー,牡3,54.0,Ｍ．デム,1:59.9,クビ,5-7-5-1,34.9,1.6,1.0,492.0,-8.0,[西]角居勝彦,ラッキーフィールド,300.0,2014105427,05212,01053,084800
201709040112,3,5,5,ピスカデーラ,牝3,52.0,福永祐一,2:00.4,3,8-8-8-4,35.1,12.2,5.0,450.0,-10.0,[西]池添学,名古屋友豊,190.0,2014106047,01014,01144,463800
201709040112,4,1,1,ナルハヤ,牝3,52.0,柴田未崎,2:00.4,クビ,5-5-5-8,35.0,10.8,4.0,486.0,12.0,[西]梅田智之,陣内孝則,110.0,2014101505,01010,01084,420006
201709040112,5,6,7,ロードクロムウェル,牡5,57.0,池添謙一,2:00.6,1.1/4,9-9-8-10,34.8,35.4,8.0,468.0,-20.0,[西]安田隆行,ロードホースクラブ,75.0,2012110007,01032,00438,170800
201709040112,6,3,3,メリオラ,牡3,54.0,和田竜二,2:00.7,3/4,2-2-3-4,35.5,37.4,9.0,418.0,10.0,[西]中竹和也,前田幸治,0.0,2014110056,01018,01039,948006
201709040112,7,8,10,ユウチェンジ,牡4,57.0,菱田裕二,2:01.1,2.1/2,5-5-5-4,35.8,6.5,2.0,490.0,-4.0,[西]森秀行,アイテツ,0.0,2013103343,01144,00427,958800
201709040112,8,4,4,アポロテキサス,セ4,57.0,松山弘平,2:01.2,1/2,3-2-2-2,36.2,12.4,6.0,492.0,-4.0,[西]山内研二,アポロサラブレッドクラブ,0.0,2013110108,01126,00388,033700
201709040112,9,6,6,ローレルヴィクター,牡3,54.0,幸英明,2:01.3,クビ,11-11-11-10,35.5,114.1,11.0,458.0,-6.0,[西]羽月友彦,ローレルレーシング,0.0,2014100075,00732,01091,032800
201709040112,10,2,2,シェアザモーメント,牡3,54.0,浜中俊,2:01.8,3,4-4-3-2,36.8,10.3,3.0,470.0,-4.0,[西]石坂正,キャロットファーム,0.0,2014105933,01115,01022,486800
201709040112,11,7,8,ユキノタイガ,牡3,51.0,富田暁,2:02.1,2,1-1-1-4,37.0,56.5,10.0,500.0,-6.0,[西]木原一良,村上幸三,0.0,2014100671,01168,01033,867002
201709040201,1,8,11,テイエムオスカー,牡2,54.0,戸崎圭太,1:26.2,,3-3,38.4,3.6,2.0,462.0,-14.0,[西]山内研二,竹園正繼,500.0,2015101879,05386,00388,356002
201709040201,2,1,1,ナムラキヌ,牝2,54.0,秋山真一,1:26.6,2.1/2,8-6,38.2,7.0,4.0,452.0,-8.0,[西]福島信晴,奈村睦弘,200.0,2015101074,01019,00396,972002
201709040201,3,2,2,ライナス,牡2,54.0,和田竜二,1:27.1,3,5-5,39.1,3.0,1.0,480.0,-6.0,[西]浜田多実,橋元勇氣,130.0,2015103525,01018,01138,943030
201709040201,4,7,8,コウエイアンカ,牡2,54.0,小牧太,1:27.4,1.3/4,2-2,39.8,7.8,5.0,476.0,10.0,[西]柴田光陽,伊東政清,75.0,2015101830,00894,00400,495005
201709040201,5,6,7,サイモンバイタル,牡2,54.0,高倉稜,1:28.0,3.1/2,10-8,39.1,127.6,10.0,436.0,10.0,[西]川村禎彦,澤田昭紀,50.0,2015105882,01130,01003,132030
201709040201,6,3,3,タマモオテンバ,牝2,53.0,鮫島克駿,1:28.3,1.3/4,5-6,40.3,73.6,9.0,434.0,-12.0,[西]五十嵐忠,タマモ,0.0,2015100927,01157,00422,515800
201709040201,7,7,9,セイウンデルレイ,牡2,54.0,幸英明,1:28.4,1/2,7-8,39.8,21.1,7.0,474.0,-2.0,[西]宮本博,西山茂行,0.0,2015102565,00732,01073,897009
201709040201,8,6,6,ケンデスティニー,牡2,54.0,福永祐一,1:28.5,3/4,3-4,40.8,6.2,3.0,466.0,4.0,[西]森秀行,中西宏彰,0.0,2015110076,01014,00427,912002
201709040201,9,8,10,クリノヒビキ,牡2,54.0,高田潤,1:28.9,2.1/2,8-8,40.2,50.4,8.0,474.0,0.0,[西]湯窪幸雄,栗本博晴,0.0,2015103766,01046,01057,970006
201709040201,10,4,4,ノーフェイク,牡2,54.0,藤懸貴志,1:29.0,クビ,1-1,41.5,16.7,6.0,448.0,8.0,[西]平田修,社台レースホース,0.0,2015104195,01138,01082,415800
201709040201,11,5,5,サツキロビン,牝2,54.0,川島信二,1:30.0,6,11-11,40.5,162.1,11.0,454.0,-2.0,[西]服部利之,小野博郷,0.0,2015100824,01062,01040,212008
201709040202,1,6,6,ラテュロス,牝2,54.0,秋山真一,1:37.4,,3-4,33.9,2.2,1.0,418.0,0.0,[西]高野友和,社台レースホース,500.0,2015104183,01019,01117,415800
201709040202,2,8,9,ブラックジルベルト,牡2,54.0,池添謙一,1:37.5,3/4,2-2,34.2,4.4,3.0,458.0,-2.0,[西]安田隆行,安原浩司,200.0,2015103382,01032,00438,271008
201709040202,3,1,1,スプリングフライト,牡2,54.0,小牧太,1:37.7,1,5-6,34.0,91.9,7.0,454.0,0.0,[西]羽月友彦,宮本貞雄,130.0,2015101064,00894,01091,763004
201709040202,4,5,5,サクセステーラー,牡2,53.0,岩崎翼,1:37.8,1/2,7-8,34.0,106.5,9.0,436.0,-6.0,[西]石橋守,中西浩一,75.0,2015102181,01146,01140,730002
201709040202,5,4,4,アオラニ,牝2,54.0,戸崎圭太,1:38.0,1.1/4,7-6,34.4,16.2,5.0,442.0,-6.0,[西]寺島良,山住勲,50.0,2015103004,05386,01158,258030
201709040202,6,8,8,スリーヘリオス,牡2,54.0,北村友一,1:38.0,クビ,1-1,34.8,96.3,8.0,472.0,8.0,[西]村山明,永井商事,0.0,2015103228,01102,01107,061800
201709040202,7,2,2,フルオーライト,牡2,54.0,和田竜二,1:38.2,1.1/2,9-9,34.3,44.3,6.0,502.0,0.0,[西]佐々木晶,キャピタルクラブ,0.0,2015102934,01018,00429,051700
201709040202,8,7,7,ジャスパープリンス,牡2,54.0,浜中俊,1:38.3,1/2,3-4,34.8,3.7,2.0,452.0,0.0,[西]森秀行,加藤和夫,0.0,2015110073,01115,00427,672033
201709040202,9,3,3,コンファーメント,牡2,54.0,福永祐一,1:38.7,2.1/2,5-3,35.3,7.4,4.0,516.0,0.0,[西]西園正都,Ｈ．Ｈ．シェイク・モハメド,0.0,2015101587,01014,01028,003060
201709040203,1,3,6,ビッグアイランド,牡3,56.0,高倉稜,1:53.4,,1-1-1-1,38.7,6.7,3.0,510.0,-4.0,[西]渡辺薫彦,前田幸治,500.0,2014100899,01130,01155,948006
201709040203,2,8,15,アレラーモ,牡3,56.0,北村友一,1:53.5,3/4,13-12-6-5,37.7,1.9,1.0,508.0,4.0,[西]高野友和,サンデーレーシング,200.0,2014106215,01102,01117,226800
201709040203,3,5,9,ギルデドアーマー,牡3,56.0,浜中俊,1:53.7,1.1/4,3-4-4-3,38.3,3.3,2.0,482.0,0.0,[西]中内田充,Ｈ．Ｈ．シェイク・モハメド,130.0,2014105310,01115,01137,003060
201709040203,4,7,13,ブルーオラーリオ,牡3,56.0,太宰啓介,1:53.8,1/2,13-14-12-11,37.0,62.4,11.0,448.0,-4.0,[西]渡辺薫彦,ブルーマネジメント,75.0,2014103702,01037,01155,188800
201709040203,5,4,8,マリナー,セ3,56.0,中谷雄太,1:54.2,2.1/2,7-7-8-7,38.1,43.8,7.0,478.0,-8.0,[西]松下武士,前原敏行,50.0,2014104134,01038,01149,427030
201709040203,6,2,3,モードザナゲット,牝3,54.0,大野拓弥,1:54.8,3.1/2,11-11-10-9,38.4,52.7,9.0,492.0,-10.0,[西]荒川義之,竹本いずみ,0.0,2014103818,01096,01095,118007
201709040203,7,3,5,トウシンアサヒ,牡3,55.0,荻野極,1:55.0,1.1/4,16-16-16-13,37.4,250.6,16.0,448.0,0.0,[西]村山明,サトー,0.0,2014102648,01160,01107,786800
201709040203,8,8,16,プルマン,牡3,56.0,藤岡佑介,1:55.1,3/4,5-2-3-3,39.8,165.9,14.0,520.0,6.0,[西]吉村圭司,市川義美ホールディングス,0.0,2014105616,01093,01130,010803
201709040203,9,6,11,タマモブローチ,牝3,51.0,富田暁,1:55.2,1/2,7-7-8-9,38.9,24.8,6.0,428.0,-2.0,[西]池添学,タマモ,0.0,2014102071,01168,01144,515800
201709040203,10,5,10,ストリートスマート,牡3,55.0,岩崎翼,1:55.3,1/2,7-9-10-12,38.4,56.0,10.0,482.0,0.0,[西]石橋守,畑佐博,0.0,2014104456,01146,01140,078006
201709040203,11,1,2,オブラプリーマ,牡3,53.0,森裕太朗,1:55.4,1/2,3-5-5-5,39.7,45.9,8.0,528.0,0.0,[西]宮本博,名古屋友豊,0.0,2014104501,01165,01073,463800
201709040203,12,2,4,サウンドゴールド,牡3,56.0,幸英明,1:56.0,3.1/2,15-15-15-15,38.5,21.6,5.0,494.0,-12.0,[西]安達昭夫,増田雄一,0.0,2014105871,00732,01042,168006
201709040203,13,1,1,エージャロ,牡3,56.0,和田竜二,1:56.5,3,5-6-6-7,40.6,122.1,13.0,482.0,-8.0,[西]斉藤崇史,岡浩二,0.0,2014106371,01018,01151,370008
201709040203,14,6,12,メイショウタイホウ,牡3,55.0,鮫島克駿,1:56.9,2.1/2,11-12-14-13,39.6,205.6,15.0,474.0,0.0,[西]安達昭夫,松本好隆,0.0,2014103037,01157,01042,911008
201709040203,15,4,7,シャープセンス,牡3,56.0,石橋脩,1:56.9,ハナ,2-2-2-2,42.1,13.1,4.0,522.0,2.0,[西]西園正都,Ｈ．Ｈ．シェイク・モハメド,0.0,2014102220,01077,01028,003060
201709040203,16,7,14,フェアチャイルド,牝3,54.0,酒井学,1:58.8,大,10-9-12-15,41.6,65.7,12.0,442.0,0.0,[西]北出成人,岩崎伸道,0.0,2014102890,01034,01078,482007
201709040205,1,6,6,シルヴァンシャー,牡2,54.0,Ｍ．デム,2:04.1,,8-8-7-5,34.1,1.3,1.0,470.0,0.0,[西]池江泰寿,サンデーレーシング,700.0,2015104649,05212,01071,226800
201709040205,2,3,3,ムーンレイカー,牡2,54.0,池添謙一,2:04.2,3/4,5-5-3-5,34.3,4.6,2.0,472.0,0.0,[西]池添兼雄,門野重雄,280.0,2015106157,01032,01021,490006
201709040205,3,1,1,ケイティクレバー,牡2,54.0,小林徹弥,2:04.3,クビ,1-1-1-1,34.8,42.8,6.0,438.0,0.0,[西]目野哲也,瀧本和義,180.0,2015104582,00722,00387,083006
201709040205,4,8,8,サンディー,牝2,54.0,福永祐一,2:04.7,2.1/2,5-5-6-4,34.9,15.6,4.0,448.0,0.0,[西]千田輝彦,山住勲,110.0,2015105186,01014,01120,258030
201709040205,5,4,4,プルンクザール,牡2,54.0,浜中俊,2:05.1,2.1/2,7-7-7-7,35.1,7.9,3.0,456.0,0.0,[西]石坂正,水上ふじ子,70.0,2015103528,01115,01022,281008
201709040205,6,5,5,エーティーマゼラン,牡2,54.0,幸英明,2:05.2,1/2,3-3-3-2,35.6,23.8,5.0,482.0,0.0,[西]湯窪幸雄,荒木徹,0.0,2015103308,00732,01057,878005
201709040205,7,7,7,ブライトヴィーナス,牝2,54.0,国分恭介,2:07.3,大,2-2-2-2,37.7,59.9,7.0,436.0,0.0,[西]中村均,中地賢次郎,0.0,2015102360,01124,00261,958033
201709040205,8,2,2,ワンダーコンセギル,牡2,54.0,古川吉洋,2:09.4,大,3-3-3-8,39.5,64.1,8.0,490.0,0.0,[西]松永幹夫,山本信行,0.0,2015102715,01015,01092,634001
201709040206,1,7,9,デルニエオール,牝2,54.0,池添謙一,1:23.2,,7-7,34.6,2.5,1.0,408.0,0.0,[西]池江泰寿,サンデーレーシング,700.0,2015104170,01032,01071,226800
201709040206,2,4,4,ピエナミント,牝2,54.0,秋山真一,1:23.3,3/4,4-4,35.0,3.8,2.0,432.0,0.0,[西]飯田祐史,本谷兼三,280.0,2015104381,01019,01139,023007
201709040206,3,1,1,ホウオウサンドラ,牝2,54.0,藤岡康太,1:23.3,クビ,7-7,34.7,7.0,4.0,494.0,0.0,[西]宮徹,小笹芳央,180.0,2015102051,01116,01018,906033
201709040206,4,7,8,リンクスナナ,牝2,54.0,鮫島良太,1:24.1,5,3-1,36.0,106.2,10.0,462.0,0.0,[西]西橋豊治,目谷一幸,110.0,2015103696,01099,00434,457033
201709040206,5,8,11,メイショウタンゴ,牝2,54.0,浜中俊,1:24.1,アタマ,4-4,35.7,4.7,3.0,480.0,0.0,[西]石橋守,松本好雄,70.0,2015103437,01115,01140,523005
201709040206,6,2,2,キフジン,牝2,54.0,川須栄彦,1:24.2,1/2,4-4,35.9,27.4,6.0,378.0,0.0,[西]羽月友彦,阿部東亜子,0.0,2015103443,01128,01091,985033
201709040206,7,5,5,ヴィグランドアテナ,牝2,54.0,幸英明,1:24.9,4,9-9,36.0,15.3,5.0,476.0,0.0,[西]西村真幸,大島豊彦,0.0,2015104219,00732,01148,620033
201709040206,8,6,6,クリノクリストフ,牝2,54.0,国分恭介,1:25.2,2,10-9,36.2,42.1,7.0,442.0,0.0,[西]大根田裕,栗本博晴,0.0,2015106404,01124,01032,970006
201709040206,9,6,7,テイエムチャメワン,牝2,54.0,田中健,1:25.6,2.1/2,2-2,37.5,48.6,8.0,428.0,0.0,[西]福島信晴,竹園正繼,0.0,2015102576,01114,00396,356002
201709040206,10,8,10,カネコメハナコヨ,牝2,54.0,国分優作,1:26.0,2.1/2,11-11,36.7,130.4,11.0,470.0,0.0,[西]中尾秀正,高岡義雄,0.0,2015100872,01125,01069,530007
201709040206,11,3,3,リネンゴール,牝2,54.0,和田竜二,1:27.2,7,1-2,39.1,62.3,9.0,454.0,0.0,[西]坂口正則,戸山光男,0.0,2015101693,01018,00356,851005
201709040207,1,6,10,ヤサシサ,牝3,53.0,浜中俊,1:11.5,,1-1,36.8,6.0,2.0,494.0,8.0,[西]奥村豊,佐久間拓士,750.0,2014100831,01115,01146,986033
201709040207,2,3,5,グラッブユアコート,牝5,55.0,福永祐一,1:11.6,3/4,6-6,35.8,1.7,1.0,476.0,0.0,[西]千田輝彦,Ｇ１レーシング,300.0,2012104210,01014,01120,808800
201709040207,3,4,7,キョウワエステル,牝4,55.0,竹之下智,1:11.9,2,8-7,36.0,14.6,5.0,482.0,-8.0,[西]千田輝彦,協和牧場,190.0,2013101400,01036,01120,763800
201709040207,4,1,1,ラタンドレス,牝4,55.0,戸崎圭太,1:12.0,3/4,14-14,35.2,30.1,9.0,480.0,-4.0,[西]山内研二,ノルマンディーサラブレッドレーシング,110.0,2013103963,05386,00388,854800
201709040207,5,8,14,ウィッシュノート,牝3,53.0,北村友一,1:12.3,1.3/4,11-10,36.0,27.9,7.0,428.0,0.0,[西]安田隆行,シルクレーシング,75.0,2014106027,01102,00438,506800
201709040207,6,2,3,エイシンムー,牝3,53.0,川須栄彦,1:12.4,1/2,5-3,36.7,29.2,8.0,482.0,-2.0,[西]中尾秀正,栄進堂,0.0,2014103058,01128,01069,785800
201709040207,7,8,15,サトノレーヌ,牝3,53.0,中谷雄太,1:12.5,クビ,3-3,36.9,18.3,6.0,434.0,-6.0,[西]高橋康之,里見治,0.0,2014101937,01038,01135,790031
201709040207,8,5,8,マルクデラポム,牝4,55.0,高倉稜,1:12.5,クビ,12-12,35.9,81.4,14.0,484.0,4.0,[西]松下武士,三宅勝俊,0.0,2013106313,01130,01149,372008
201709040207,9,5,9,ラララルジェス,牝4,55.0,和田竜二,1:12.6,クビ,9-9,36.6,11.3,4.0,466.0,-4.0,[西]今野貞一,フジイ興産,0.0,2013105374,01018,01128,851800
201709040207,10,7,12,トーホウビスカヤ,牝3,52.0,鮫島克駿,1:12.7,1/2,2-2,37.4,9.5,3.0,486.0,-2.0,[西]川村禎彦,東豊物産,0.0,2014103212,01157,01003,965800
201709040207,11,2,2,サンマルメジャール,牝5,52.0,森裕太朗,1:12.8,1/2,3-3,37.2,67.5,13.0,470.0,-6.0,[西]山内研二,相馬勇,0.0,2012105194,01165,00388,580007
201709040207,12,7,13,ローザルージュ,牝4,54.0,岩崎翼,1:12.9,1/2,6-7,37.1,48.2,12.0,498.0,6.0,[西]本田優,村上稔,0.0,2013102478,01146,01099,870004
201709040207,13,6,11,エイドローン,牝3,53.0,幸英明,1:12.9,アタマ,9-10,36.7,30.8,10.0,476.0,0.0,[西]鈴木孝志,カナヤマホールディングス,0.0,2014103321,00732,01111,045803
201709040207,14,4,6,メモリーフェーブル,牝3,53.0,荻野琢真,1:14.0,7,14-14,37.2,42.6,11.0,452.0,0.0,[西]大久保龍,シンザンクラブ,0.0,2014103907,01112,01058,351800
201709040207,15,3,4,アイファーチェンジ,牝3,50.0,三津谷隼,1:14.3,1.3/4,12-13,37.7,289.7,15.0,408.0,-2.0,[西]崎山博樹,中島稔,0.0,2014104926,01159,00365,119007
201709040208,1,3,3,ロイヤルネイビー,牡4,57.0,戸崎圭太,2:05.7,,2-2-2-2,36.1,3.6,2.0,468.0,2.0,[西]大久保龍,谷掛龍夫,750.0,2013105741,05386,01058,727008
201709040208,2,5,5,サウスオブボーダー,牡4,57.0,北村友一,2:05.7,ハナ,3-3-3-3,35.9,19.2,6.0,452.0,-12.0,[西]五十嵐忠,三田昌宏,300.0,2013105588,01102,00422,872800
201709040208,3,8,10,ストライクイーグル,牡4,57.0,Ｍ．デム,2:05.8,1/2,7-7-5-5,35.7,2.1,1.0,506.0,18.0,[西]杉山晴紀,キャロットファーム,190.0,2013109025,05212,01157,486800
201709040208,4,8,11,ミキノトランペット,牡3,54.0,福永祐一,2:06.2,2.1/2,8-9-9-5,36.0,4.0,3.0,508.0,2.0,[西]大橋勇樹,谷口久和,110.0,2014103520,01014,01065,918002
201709040208,5,6,7,モンストルコント,牡4,57.0,国分恭介,2:06.5,1.3/4,4-4-3-4,36.7,28.2,7.0,502.0,10.0,[西]本田優,社台レースホース,75.0,2013105732,01124,01099,415800
201709040208,6,2,2,ダンツエンペラー,牡4,56.0,岩崎翼,2:06.7,1.1/2,1-1-1-1,37.3,82.5,8.0,472.0,4.0,[西]本田優,山元哲二,0.0,2013104003,01146,01099,248005
201709040208,7,1,1,ヤマニンシルフ,牡4,54.0,森裕太朗,2:07.0,2,10-10-10-8,36.4,17.1,5.0,446.0,-2.0,[西]山内研二,土井肇,0.0,2013101779,01165,00388,329004
201709040208,8,4,4,オーバーカム,セ4,57.0,鮫島良太,2:07.6,3.1/2,5-5-5-7,37.5,14.4,4.0,492.0,-2.0,[西]松永幹夫,ノースヒルズ,0.0,2013105624,01099,01092,788800
201709040208,9,6,6,エーアガイツ,牡3,54.0,太宰啓介,2:07.6,ハナ,11-11-11-10,36.9,196.4,11.0,440.0,8.0,[西]高橋亮,藤田孟司,0.0,2014100147,01037,01136,260006
201709040208,10,7,8,フィールドリアン,牡5,57.0,秋山真一,2:07.9,2,8-8-7-10,37.6,115.7,10.0,482.0,6.0,[西]西園正都,地田勝三,0.0,2012104376,01019,01028,769009
201709040208,11,7,9,ネフェルティティ,牝4,55.0,石橋脩,2:08.1,3/4,6-6-7-8,38.0,102.8,9.0,478.0,0.0,[西]松元茂樹,前田幸治,0.0,2013101828,01077,00419,948006
201709040209,1,4,6,ディーズプラネット,牝4,55.0,四位洋文,1:23.1,,5-3,36.1,3.0,1.0,500.0,-2.0,[東]藤原辰雄,秋谷壽之,1530.1,2013104133,00700,00435,970007
201709040209,2,6,10,ストリクス,セ4,57.0,福永祐一,1:23.3,1.1/4,7-6,35.9,8.7,4.0,490.0,-6.0,[西]安田隆行,Ｈ．Ｈ．シェイク・モハメド,608.6,2013100624,01014,00438,003060
201709040209,3,8,14,ベルエスメラルダ,牝3,53.0,岩崎翼,1:23.4,1/2,2-2,36.7,17.5,7.0,442.0,-6.0,[西]村山明,内田滋三,384.3,2014105090,01146,01107,216005
201709040209,4,7,12,マイネルラック,牡4,57.0,戸崎圭太,1:23.5,3/4,11-10,35.8,10.4,5.0,478.0,-4.0,[西]梅田智之,サラブレッドクラブ・ラフィアン,230.0,2013103403,05386,01084,546800
201709040209,5,4,5,スマートレイチェル,牝3,53.0,Ｍ．デム,1:23.8,1.1/2,1-1,37.2,3.4,2.0,486.0,4.0,[西]西園正都,大川徹,150.0,2014103776,05212,01028,007803
201709040209,6,8,13,メイショウノボサン,牡4,57.0,幸英明,1:23.8,クビ,13-13,35.5,17.1,6.0,466.0,-10.0,[西]大橋勇樹,松本好雄,0.0,2013103738,00732,01065,523005
201709040209,7,5,8,マテラスカイ,牡3,55.0,浜中俊,1:24.0,1,5-6,36.7,22.7,9.0,504.0,0.0,[西]森秀行,大野剛嗣,0.0,2014110060,01115,00427,265033
201709040209,8,2,2,リアルプロジェクト,牡5,57.0,藤岡康太,1:24.1,1/2,9-8,36.5,33.2,10.0,516.0,0.0,[西]羽月友彦,吉岡泰治,0.0,2012103425,01116,01091,265005
201709040209,9,5,7,ナムライチバンボシ,牡7,57.0,西田雄一,1:24.3,1,3-5,37.3,158.6,14.0,494.0,0.0,[東]大和田成,奈村信重,0.0,2010100819,01004,01124,945004
201709040209,10,7,11,ナムラヒューマン,牡5,57.0,北村友一,1:24.3,クビ,8-8,36.9,22.1,8.0,470.0,-4.0,[西]浜田多実,奈村信重,0.0,2012102701,01102,01138,945004
201709040209,11,6,9,ヒロブレイブ,牡4,57.0,鮫島良太,1:24.3,クビ,12-12,36.2,6.7,3.0,468.0,-4.0,[西]川村禎彦,石川博,0.0,2013102205,01099,01003,752006
201709040209,12,3,4,ゼットマックイーン,牡4,57.0,小牧太,1:24.4,1/2,9-11,36.8,132.7,13.0,458.0,2.0,[西]吉田直弘,フォーレスト,0.0,2013102488,00894,01101,730800
201709040209,13,1,1,スターリーウインド,牝5,55.0,和田竜二,1:24.6,1.1/4,14-13,36.1,85.7,12.0,476.0,-4.0,[西]今野貞一,ヒダカ・ブリーダーズ・ユニオン,0.0,2012103704,01018,01128,547800
201709040209,14,3,3,シゲルゴホウサイ,牝5,55.0,秋山真一,1:24.8,1.1/4,3-3,37.9,61.2,11.0,450.0,0.0,[西]森田直行,森中蕃,0.0,2012100406,01019,01142,674004
201709040210,1,2,2,ジョルジュサンク,牡4,57.0,Ｍ．デム,1:46.5,,1-1,32.8,4.1,2.0,522.0,6.0,[西]鮫島一歩,ＣＨＥＶＡＬＡＴＴＡＣＨＥ,1836.8,2013103338,05212,01046,888800
201709040210,2,4,4,ミエノサクシード,牝4,55.0,川島信二,1:46.6,3/4,8-5,32.5,1.7,1.0,456.0,4.0,[西]高橋亮,里見美惠子,734.8,2013104496,01062,01136,414030
201709040210,3,8,8,エトルディーニュ,牡3,54.0,戸崎圭太,1:46.9,2,6-5,32.8,6.8,4.0,472.0,-12.0,[東]小桧山悟,柴原榮,462.4,2014102087,05386,01005,238009
201709040210,4,6,6,マイネルネーベル,牡5,57.0,和田竜二,1:47.0,クビ,2-2,33.1,27.0,5.0,466.0,14.0,[西]五十嵐忠,サラブレッドクラブ・ラフィアン,270.0,2012100740,01018,00422,546800
201709040210,5,5,5,ケンホファヴァルト,牡4,57.0,浜中俊,1:47.4,2.1/2,4-5,33.3,5.9,3.0,452.0,0.0,[西]森秀行,中西宏彰,182.0,2013106474,01115,00427,912002
201709040210,6,3,3,ブレイヴリー,牡6,57.0,国分恭介,1:47.4,ハナ,4-2,33.5,27.8,6.0,492.0,10.0,[西]宮徹,岡田牧雄,0.0,2011101777,01124,01018,851009
201709040210,7,7,7,メイショウコルノ,牡6,57.0,岩崎翼,1:47.7,1.3/4,2-2,33.9,33.2,7.0,544.0,8.0,[西]河内洋,松本好雄,0.0,2011105920,01146,01072,523005
201709040210,8,1,1,シトロン,牝4,55.0,荻野琢真,1:48.0,2,6-8,33.7,127.3,8.0,444.0,-4.0,[東]田中清隆,ミルファーム,0.0,2013104885,01112,00408,629800
201709040211,1,5,7,ファインニードル,牡4,56.0,Ｍ．デム,1:07.5,,3-3,33.4,3.1,1.0,464.0,-2.0,[西]高橋義忠,Ｈ．Ｈ．シェイク・モハメド,6002.2,2013100612,05212,01129,003060
201709040211,2,4,6,ラインミーティア,牡7,56.0,西田雄一,1:07.7,1.1/4,6-7,33.0,19.3,6.0,470.0,0.0,[東]水野貴広,大澤繁昌,2429.2,2010105298,01004,01094,796002
201709040211,3,8,13,ダンスディレクター,牡7,56.0,浜中俊,1:07.7,クビ,9-9,32.6,8.2,4.0,434.0,-8.0,[西]笹田和秀,太田珠々子,1514.6,2010103303,01115,01104,444030
201709040211,4,2,2,メラグラーナ,牝5,54.0,戸崎圭太,1:07.7,アタマ,11-11,32.4,4.4,3.0,532.0,4.0,[西]池添学,吉田和美,890.0,2012110117,05386,01144,138007
201709040211,5,1,1,アドマイヤゴッド,牡5,56.0,北村友一,1:07.7,ハナ,5-5,33.3,33.3,8.0,494.0,-2.0,[西]須貝尚介,近藤利一,590.0,2012104602,01102,01105,398002
201709040211,6,3,3,アルティマブラッド,牝5,54.0,藤岡康太,1:07.8,クビ,4-3,33.6,9.2,5.0,476.0,-4.0,[西]音無秀孝,社台レースホース,0.0,2012104128,01116,01002,415800
201709040211,7,6,9,ミッキーラブソング,牡6,56.0,和田竜二,1:08.1,2,6-6,33.5,65.9,11.0,462.0,2.0,[西]橋口慎介,野田みづき,0.0,2011104231,01018,01154,441007
201709040211,8,7,11,スノードラゴン,牡9,57.0,大野拓弥,1:08.1,クビ,8-7,33.3,23.3,7.0,504.0,-8.0,[東]高木登,岡田牧雄,0.0,2008104268,01096,01088,851009
201709040211,9,8,14,フィドゥーシア,牝5,54.0,石橋脩,1:08.2,クビ,1-1,34.4,3.6,2.0,480.0,2.0,[西]松元茂樹,前田幸治,0.0,2012110038,01077,00419,948006
201709040211,10,7,12,ラヴァーズポイント,牝7,54.0,川須栄彦,1:08.4,1.1/4,2-2,34.5,58.0,10.0,512.0,0.0,[西]高橋康之,三宅勝俊,0.0,2010104858,01128,01135,372008
201709040211,11,5,8,ワキノブレイブ,牡7,56.0,小牧太,1:08.4,ハナ,9-9,33.4,193.4,14.0,490.0,-10.0,[西]清水久詞,脇山良之,0.0,2010105904,00894,01110,135007
201709040211,12,3,4,ツィンクルソード,牡6,56.0,藤岡佑介,1:08.4,アタマ,13-12,32.8,96.3,12.0,478.0,2.0,[西]松永昌博,サンデーレーシング,0.0,2011103959,01093,01083,226800
201709040211,13,4,5,プレイズエターナル,牡7,56.0,池添謙一,1:08.5,1/2,12-12,33.0,49.2,9.0,484.0,-10.0,[西]安田隆行,Ｈ．Ｈ．シェイク・モハメド,0.0,2010100707,01032,00438,003060
201709040211,14,6,10,ワキノヒビキ,牡5,56.0,荻野極,1:08.8,2,14-14,33.0,186.8,13.0,510.0,4.0,[西]清水久詞,脇山良之,0.0,2012102477,01160,01110,135007
201709040212,1,3,4,エンヴァール,牡4,57.0,福永祐一,1:33.4,,9-9,33.3,1.8,1.0,464.0,0.0,[西]藤原英昭,寺田千代乃,750.0,2013105832,01014,01055,534006
201709040212,2,7,11,マテラアリオン,牡4,57.0,北村友一,1:33.4,クビ,4-4,34.1,34.1,8.0,474.0,2.0,[西]浜田多実,大野照旺,300.0,2013103024,01102,01138,550033
201709040212,3,8,14,ウェーブヒーロー,牡4,57.0,和田竜二,1:33.5,3/4,9-9,33.5,7.4,3.0,490.0,4.0,[西]平田修,万波健二,190.0,2013101763,01018,01082,786002
201709040212,4,6,10,ルエヴェルロール,牝3,53.0,池添謙一,1:33.6,1/2,8-7,33.8,15.1,7.0,414.0,-10.0,[西]大久保龍,キャロットファーム,110.0,2014105350,01032,01058,486800
201709040212,5,6,9,ラントシャフト,牝3,53.0,大野拓弥,1:33.7,クビ,11-11,33.4,86.6,9.0,448.0,0.0,[西]西園正都,サラブレッドクラブ・ラフィアン,75.0,2014100739,01096,01028,546800
201709040212,6,2,2,ディープエクシード,牡4,57.0,戸崎圭太,1:33.9,1.1/4,13-11,33.7,12.1,5.0,480.0,0.0,[西]羽月友彦,菅原広隆,0.0,2013106228,05386,01091,547033
201709040212,7,8,13,ワンダーアマービレ,牝3,52.0,鮫島克駿,1:33.9,アタマ,12-13,33.5,120.0,12.0,430.0,-6.0,[西]杉山晴紀,山本信行,0.0,2014101167,01157,01157,634001
201709040212,8,5,8,グランノーブル,牡4,54.0,森裕太朗,1:33.9,ハナ,1-1,36.3,6.5,2.0,492.0,-6.0,[西]佐々木晶,三宅勝俊,0.0,2013106322,01165,00429,372008
201709040212,9,5,7,ミヤビベスト,牡3,55.0,浜中俊,1:33.9,クビ,3-3,34.8,88.1,11.0,490.0,-4.0,[西]笹田和秀,村上義勝,0.0,2014104605,01115,01104,127002
201709040212,10,4,5,ダノンメモリー,セ4,57.0,幸英明,1:34.0,1/2,2-2,35.3,9.1,4.0,518.0,-2.0,[西]松田国英,ダノックス,0.0,2013105236,00732,01011,619800
201709040212,11,7,12,スズカウルトラ,牡4,57.0,熊沢重文,1:34.1,1/2,5-5,34.6,187.6,14.0,468.0,10.0,[西]大橋勇樹,永井啓弍,0.0,2013103837,00652,01065,382004
201709040212,12,4,6,ジョウショーホマレ,牝3,53.0,小牧太,1:34.3,1.1/4,7-7,34.6,86.7,10.0,458.0,-6.0,[西]服部利之,熊田義孝,0.0,2014100247,00894,01040,380008
201709040212,13,3,3,リングオブハピネス,牝4,55.0,藤岡康太,1:34.3,アタマ,14-14,33.8,175.0,13.0,466.0,-4.0,[西]奥村豊,五影慶則,0.0,2013104776,01116,01146,477006
201709040212,14,1,1,アドマイヤプリヴ,牡3,55.0,Ｍ．デム,1:34.4,クビ,5-5,34.9,12.9,6.0,446.0,2.0,[西]友道康夫,近藤利一,0.0,2014106188,05212,01061,398002
201709040301,1,6,9,ヤマニンレジスタ,牡2,54.0,小坂忠士,1:12.4,,1-1,37.0,16.8,5.0,474.0,-4.0,[西]奥村豊,土井肇,500.0,2015100589,01063,01146,329004
201709040301,2,2,2,バイラ,牡2,54.0,松山弘平,1:12.5,3/4,2-2,36.9,3.0,1.0,486.0,8.0,[西]川村禎彦,杉澤光雄,200.0,2015100198,01126,01003,330007
201709040301,3,4,6,アスターソード,牡2,54.0,岩田康誠,1:13.7,7,12-7,36.8,3.2,2.0,428.0,-8.0,[西]中竹和也,加藤久枝,130.0,2015105144,05203,01039,935003
201709040301,4,7,11,セパヌイール,牝2,54.0,福永祐一,1:14.5,5,4-4,38.5,5.9,4.0,440.0,6.0,[西]松元茂樹,レキップモンターニュ,75.0,2015102566,01014,00419,076700
201709040301,5,3,3,ビッグボス,牡2,54.0,松若風馬,1:14.6,3/4,2-3,38.8,18.3,6.0,472.0,2.0,[西]音無秀孝,小田切光,50.0,2015103015,01154,01002,975030
201709040301,6,8,14,ハルキストン,牡2,53.0,鮫島克駿,1:15.3,4,5-5,38.9,5.7,3.0,434.0,12.0,[西]浅見秀一,若草クラブ,0.0,2015103807,01157,00411,043700
201709040301,7,5,7,ツーエムポラリス,牡2,53.0,加藤祥太,1:15.3,クビ,5-5,39.1,201.1,13.0,454.0,0.0,[西]大橋勇樹,村上憲政,0.0,2015103899,01156,01065,894030
201709040301,8,5,8,ナンゴクユメネット,牝2,54.0,水口優也,1:15.4,3/4,11-10,38.5,91.8,10.0,444.0,-18.0,[西]崎山博樹,渡義光,0.0,2015100874,01133,00365,977007
201709040301,9,1,1,マジックランタン,牡2,53.0,岩崎翼,1:16.5,7,12-13,39.4,67.3,9.0,448.0,0.0,[西]佐々木晶,深澤朝房,0.0,2015104050,01146,00429,437030
201709040301,10,3,4,アイファーフォルテ,牝2,51.0,三津谷隼,1:16.7,1.1/2,5-7,40.4,114.9,12.0,386.0,-6.0,[西]目野哲也,中島稔,0.0,2015103261,01159,00387,119007
201709040301,11,7,12,チョウフレンドリー,牡2,54.0,酒井学,1:16.8,クビ,8-10,40.2,28.0,7.0,446.0,-4.0,[西]西橋豊治,丸山隆雄,0.0,2015103033,01034,00434,034005
201709040301,12,8,13,ジツリキダッシュ,牡2,53.0,城戸義政,1:16.9,1/2,9-9,40.3,114.7,11.0,470.0,4.0,[西]佐藤正雄,河合實貴男,0.0,2015103708,01147,01025,381008
201709040301,13,4,5,ジェネラル,牡2,54.0,幸英明,1:17.5,3.1/2,9-12,40.7,48.2,8.0,452.0,2.0,[西]森田直行,カナヤマホールディングス,0.0,2015101950,00732,01142,045803
201709040301,14,6,10,テイエムゲレイロ,牡2,54.0,田中健,1:21.7,大,14-14,40.1,224.0,14.0,438.0,-14.0,[西]福島信晴,竹園正繼,0.0,2015100280,01114,00396,356002
201709040302,1,5,5,タイムフライヤー,牡2,54.0,ルメール,1:50.3,,2-2,33.3,2.9,2.0,458.0,2.0,[西]松田国英,サンデーレーシング,500.0,2015104107,05339,01011,226800
201709040302,2,1,1,アドマイヤアルバ,牡2,54.0,福永祐一,1:50.4,3/4,6-4,33.3,1.8,1.0,472.0,4.0,[西]須貝尚介,近藤利一,200.0,2015104713,01014,01105,398002
201709040302,3,3,3,ロードマドリード,牡2,54.0,Ｍ．デム,1:51.2,5,3-4,34.0,4.6,3.0,446.0,-2.0,[西]角居勝彦,ロードホースクラブ,130.0,2015102372,05212,01053,170800
201709040302,4,4,4,ジュヴィ,牝2,53.0,荻野極,1:51.4,1.1/4,4-6,34.1,55.4,5.0,456.0,-4.0,[西]松下武士,井高義光,75.0,2015105372,01160,01149,050002
201709040302,5,2,2,キタサンヴィクター,牡2,54.0,池添謙一,1:51.4,クビ,4-2,34.4,67.7,6.0,506.0,-4.0,[西]本田優,大野商事,50.0,2015103197,01032,01099,373800
201709040302,6,6,6,クーファエラン,牝2,54.0,武豊,1:51.6,1.1/2,1-1,34.7,14.1,4.0,448.0,0.0,[西]浅見秀一,大迫久美子,0.0,2015100162,00666,00411,052803
201709040303,1,5,10,エイシンムジカ,牝3,54.0,ルメール,1:54.3,,10-9-6-4,37.8,2.4,1.0,484.0,6.0,[西]西園正都,平井克彦,500.0,2014101061,05339,01028,318033
201709040303,2,6,11,アクロバットラン,牝3,51.0,三津谷隼,1:54.7,2.1/2,11-11-8-5,38.0,39.2,9.0,408.0,2.0,[西]石坂正,吉澤克己,200.0,2014109049,01159,01022,367008
201709040303,3,8,16,パープルミネルバ,牝3,51.0,富田暁,1:55.7,6,3-3-3-2,39.6,5.4,3.0,460.0,10.0,[西]崎山博樹,松岡隆雄,130.0,2014103605,01168,00365,306008
201709040303,4,4,7,タイセイレガシー,牝3,54.0,Ｍ．デム,1:55.8,1/2,9-9-11-8,38.9,3.2,2.0,486.0,10.0,[西]高野友和,田中成奉,75.0,2014105986,05212,01117,224007
201709040303,5,2,3,ナニアヒアヒ,牝3,54.0,川田将雅,1:56.6,5,1-1-1-1,40.7,30.5,8.0,498.0,8.0,[西]須貝尚介,金子真人ホールディングス,50.0,2014105823,01088,01105,708800
201709040303,6,4,8,レクセル,牝3,54.0,中谷雄太,1:56.8,1,14-13-6-5,40.2,102.8,13.0,464.0,8.0,[西]高野友和,キャロットファーム,0.0,2014105847,01038,01117,486800
201709040303,7,6,12,ナリタアマランサス,牝3,51.0,森裕太朗,1:57.0,1.1/2,2-2-2-2,41.0,9.0,4.0,460.0,-6.0,[西]藤沢則雄,オースミ,0.0,2014102024,01165,01041,712800
201709040303,8,2,4,シシャルディン,牝3,54.0,秋山真一,1:57.2,3/4,14-15-16-13,39.4,30.5,7.0,414.0,4.0,[西]牧田和弥,吉田千津,0.0,2014105694,01019,01123,310007
201709040303,9,5,9,グラニーズチップス,牝3,54.0,福永祐一,1:58.3,7,11-11-13-12,40.9,27.7,5.0,474.0,2.0,[西]藤原英昭,キャロットファーム,0.0,2014105916,01014,01055,486800
201709040303,10,7,13,メイショウマッセル,牝3,53.0,加藤祥太,1:59.1,5,8-8-10-10,42.1,361.5,16.0,430.0,12.0,[西]庄野靖志,松本好隆,0.0,2014102008,01156,01087,911008
201709040303,11,1,2,アーキタイプ,牝3,54.0,岡田祥嗣,1:59.1,ハナ,6-6-8-10,42.2,46.2,10.0,462.0,-2.0,[西]藤原英昭,下河邉行雄,0.0,2014101920,05429,01055,041008
201709040303,12,8,15,ジュールドネージュ,牝3,53.0,鮫島克駿,1:59.2,クビ,5-5-4-7,42.7,55.1,12.0,472.0,-12.0,[西]藤岡健一,Ｇ１レーシング,0.0,2014105267,01157,01062,808800
201709040303,13,7,14,ニホンピロモリー,牝3,54.0,高倉稜,2:00.5,8,6-7-11-13,43.1,316.9,15.0,476.0,8.0,[西]服部利之,小林百太郎,0.0,2014104523,01130,01040,985001
201709040303,14,1,1,ゴレアーダ,牝3,54.0,松若風馬,2:00.9,2.1/2,13-13-14-16,43.3,29.7,6.0,422.0,4.0,[西]中尾秀正,キャロットファーム,0.0,2014105822,01154,01069,486800
201709040303,15,3,6,ヴェネーノ,牝3,54.0,藤岡康太,2:01.2,1.3/4,16-16-14-15,43.6,309.2,14.0,404.0,6.0,[西]荒川義之,ＨｉｍＲｏｃｋＲａｃｉｎｇ,0.0,2014102125,01116,01095,064700
201709040303,16,3,5,ロフティードリーム,牝3,53.0,岩崎翼,2:01.2,アタマ,4-3-4-9,44.6,53.1,11.0,488.0,-18.0,[西]佐々木晶,ヒダカ・ブリーダーズ・ユニオン,0.0,2014103280,01146,00429,547800
201709040304,1,6,11,トウカイクルーク,牝3,51.0,富田暁,1:26.5,,10-8,38.1,14.7,6.0,450.0,10.0,[西]安田隆行,内村正則,500.0,2014100483,01168,00438,695004
201709040304,2,8,16,ジェミニズ,牡3,56.0,和田竜二,1:26.6,1/2,4-2,38.8,1.9,1.0,488.0,4.0,[西]岩元市三,ライオンレースホース,200.0,2014103035,01018,00397,542800
201709040304,3,3,5,サンシャーロット,牝3,54.0,幸英明,1:26.9,1.3/4,8-6,38.7,7.2,4.0,446.0,2.0,[西]谷潔,加藤ステーブル,130.0,2014102753,00732,00431,059803
201709040304,4,1,2,オオオヤブン,牡3,56.0,小牧太,1:26.9,クビ,14-13,38.0,44.3,7.0,468.0,-22.0,[西]笹田和秀,幅田昌伸,75.0,2014102589,00894,01104,331007
201709040304,5,1,1,メイショウワンモア,牝3,54.0,池添謙一,1:27.6,4,16-14,38.6,12.8,5.0,454.0,-2.0,[西]西園正都,松本好雄,50.0,2014103545,01032,01028,523005
201709040304,6,2,4,リアンノン,牝3,54.0,菱田裕二,1:27.9,1.3/4,14-15,38.7,315.9,16.0,398.0,8.0,[西]橋田満,森田藤治,0.0,2014102174,01144,00362,034009
201709040304,7,3,6,ムーンシュトラール,牡3,56.0,ルメール,1:27.9,クビ,12-11,39.2,6.0,3.0,494.0,-6.0,[西]藤原英昭,社台レースホース,0.0,2014105725,05339,01055,415800
201709040304,8,6,12,ロードスヴァローグ,牡3,56.0,川田将雅,1:27.9,クビ,2-2,40.4,5.4,2.0,486.0,4.0,[西]松下武士,ロードホースクラブ,0.0,2014104158,01088,01149,170800
201709040304,9,4,8,マンディ,牝3,51.0,森裕太朗,1:28.4,3,11-11,39.9,49.8,9.0,404.0,4.0,[西]小崎憲,キーファーズ,0.0,2014106170,01165,01085,002803
201709040304,10,7,13,ヴァンヴィーノ,牝3,54.0,川須栄彦,1:29.0,3.1/2,2-4,41.3,172.4,13.0,472.0,-4.0,[西]牧田和弥,市川義美ホールディングス,0.0,2014102904,01128,01123,010803
201709040304,11,5,10,ナリタアマリリス,牝3,54.0,松若風馬,1:29.0,アタマ,6-6,41.0,55.7,10.0,428.0,2.0,[西]松元茂樹,オースミ,0.0,2014103869,01154,00419,712800
201709040304,12,7,14,クリノレモンチャン,牝3,51.0,三津谷隼,1:29.1,1/2,1-1,41.7,49.4,8.0,424.0,2.0,[西]田所秀孝,栗本守,0.0,2014101380,01159,01009,488007
201709040304,13,2,3,メイショウユメジ,牝3,54.0,中井裕二,1:29.2,3/4,8-8,41.0,138.1,12.0,430.0,0.0,[西]中内田充,松本好雄,0.0,2014103570,01141,01137,523005
201709040304,14,4,7,トリニダード,牡3,55.0,岩崎翼,1:29.7,3,6-8,41.7,72.8,11.0,492.0,6.0,[西]松下武士,前原敏行,0.0,2014104747,01146,01149,427030
201709040304,15,8,15,テーオーグラジア,牝3,54.0,藤岡康太,1:30.7,6,4-4,43.0,281.0,15.0,448.0,-4.0,[西]奥村豊,小笹公也,0.0,2014102608,01116,01146,304008
201709040304,16,5,9,アイファークッキー,牝3,54.0,藤懸貴志,1:31.3,3.1/2,12-16,42.2,273.2,14.0,440.0,14.0,[西]斉藤崇史,中島稔,0.0,2014104561,01138,01151,119007
201709040305,1,5,5,ハゼル,牡2,54.0,和田竜二,1:23.9,,1-1,35.2,5.8,3.0,486.0,0.0,[西]鈴木孝志,杉澤光雄,700.0,2015100862,01018,01111,330007
201709040305,2,3,3,ピカバ,牝2,54.0,岩田康誠,1:24.0,3/4,6-6,34.8,29.2,7.0,440.0,0.0,[西]牧田和弥,大栄牧場,280.0,2015104019,05203,01123,559800
201709040305,3,6,6,ニシノプログレス,牡2,54.0,幸英明,1:24.2,1.1/4,3-4,35.2,2.9,1.0,458.0,0.0,[西]橋口慎介,西山茂行,180.0,2015101783,00732,01154,897009
201709040305,4,4,4,クォーターバック,牡2,54.0,福永祐一,1:24.3,1/2,3-4,35.3,3.0,2.0,456.0,0.0,[西]安田隆行,新井康司,110.0,2015100952,01014,00438,559033
201709040305,5,2,2,ベルフロレゾン,牝2,53.0,荻野極,1:24.6,2,6-8,35.3,18.5,6.0,426.0,0.0,[西]高橋義忠,シルクレーシング,70.0,2015104690,01160,01129,506800
201709040305,6,7,7,ローズベスト,牝2,51.0,富田暁,1:25.1,3,3-2,36.3,91.3,10.0,446.0,0.0,[西]作田誠二,中島俊房,0.0,2015102277,01168,01006,831033
201709040305,7,8,9,ジョーサブレ,牡2,51.0,森裕太朗,1:25.3,1.1/4,10-9,35.6,67.1,9.0,448.0,0.0,[西]中竹和也,上田けい子,0.0,2015102555,01165,01039,839004
201709040305,8,7,8,ワールドビーター,牡2,54.0,武豊,1:25.3,ハナ,6-6,36.1,6.3,4.0,438.0,0.0,[西]角田晃一,岡浩二,0.0,2015100602,00666,01121,370008
201709040305,9,8,10,ディーズアマーレ,牝2,54.0,菱田裕二,1:25.4,1/2,6-9,36.0,15.8,5.0,436.0,0.0,[西]岡田稲男,秋谷壽之,0.0,2015103566,01144,01066,970007
201709040305,10,1,1,メテオラシチー,牡2,53.0,岩崎翼,1:26.2,5,2-2,37.5,51.4,8.0,488.0,0.0,[西]佐々木晶,友駿ホースクラブ,0.0,2015105969,01146,00429,321800
201709040306,1,6,8,キーグラウンド,牡3,54.0,藤岡康太,1:52.5,,2-2-2-2,37.2,10.8,4.0,480.0,12.0,[西]宮徹,北前孔一郎,750.0,2014100464,01116,01018,338008
201709040306,2,4,4,シップーコウライ,牡5,57.0,松若風馬,1:52.6,1/2,12-12-12-11,36.3,22.7,7.0,478.0,2.0,[西]野中賢二,ヌデ嶋孝司,300.0,2012103076,01154,01098,630009
201709040306,3,6,7,ドライバーズハイ,牡4,57.0,Ｍ．デム,1:53.2,3.1/2,6-5-8-6,37.3,1.9,1.0,448.0,0.0,[西]高橋亮,藤田孟司,190.0,2013101367,05212,01136,260006
201709040306,4,3,3,ルドルフィーナ,牡4,57.0,小牧太,1:53.5,1.3/4,5-5-7-8,37.7,5.0,2.0,468.0,-4.0,[西]松永昌博,ヒダカ・ブリーダーズ・ユニオン,110.0,2013102021,00894,01083,547800
201709040306,5,2,2,ロードソリスト,牡3,54.0,福永祐一,1:53.6,3/4,6-5-4-4,38.0,34.5,10.0,444.0,2.0,[西]橋田満,ロードホースクラブ,75.0,2014101096,01014,00362,170800
201709040306,6,8,11,ハギノスノーボール,牡4,57.0,ルメール,1:53.7,クビ,10-9-10-9,37.7,8.8,3.0,492.0,10.0,[西]松田国英,日隈良江,0.0,2013103157,05339,01011,950006
201709040306,7,5,5,ロバストミノル,牡4,57.0,池添謙一,1:53.8,3/4,3-3-3-3,38.3,16.4,6.0,494.0,-2.0,[西]本田優,吉岡實,0.0,2013104045,01032,01099,265008
201709040306,8,7,9,タイユール,牡5,57.0,北村友一,1:54.1,1.3/4,9-9-9-9,38.1,23.3,9.0,490.0,-2.0,[西]安田隆行,前田幸治,0.0,2012102418,01102,00438,948006
201709040306,9,1,1,マコトタリスマン,牡3,54.0,和田竜二,1:54.7,3.1/2,3-3-4-4,39.1,23.1,8.0,460.0,-12.0,[西]高橋義忠,ディアマント,0.0,2014102962,01018,01129,864800
201709040306,10,7,10,ナムラスパルタクス,牡3,53.0,義英真,1:54.8,1/2,6-5-6-6,39.0,35.3,11.0,462.0,4.0,[西]目野哲也,奈村信重,0.0,2014102293,01155,00387,945004
201709040306,11,8,12,ハニーゴールド,セ3,54.0,水口優也,1:55.2,2.1/2,1-1-1-1,39.9,11.5,5.0,496.0,4.0,[西]池江泰寿,青芝商事,0.0,2014104437,01133,01071,831800
201709040306,12,5,6,アイファーマグオー,牡5,54.0,富田暁,1:55.6,2.1/2,10-11-10-11,39.5,243.9,12.0,508.0,-2.0,[西]飯田雄三,中島稔,0.0,2012103352,01168,01050,119007
201709040307,1,4,7,セネッティ,牡4,57.0,Ｍ．デム,1:24.6,,15-14,36.1,4.6,2.0,496.0,-6.0,[西]音無秀孝,グリーンファーム,750.0,2013105528,05212,01002,148800
201709040307,2,4,8,アドマイヤムテキ,牡4,57.0,和田竜二,1:24.7,1/2,2-2,37.5,2.3,1.0,494.0,-4.0,[西]中尾秀正,近藤利一,300.0,2013105192,01018,01069,398002
201709040307,3,1,1,メイショウバンカラ,牡3,55.0,北村友一,1:24.9,1,16-16,36.3,39.1,11.0,498.0,0.0,[西]飯田祐史,松本和子,190.0,2014103806,01102,01139,789006
201709040307,4,8,16,スマートダンディー,牡3,55.0,武豊,1:24.9,アタマ,6-5,37.3,7.8,3.0,508.0,10.0,[西]石橋守,大川徹,110.0,2014103547,00666,01140,007803
201709040307,5,1,2,イサチルホープ,牡5,57.0,中谷雄太,1:25.2,1.3/4,3-3,37.9,13.6,5.0,470.0,6.0,[西]大根田裕,小坂功,75.0,2012101643,01038,01032,162033
201709040307,6,7,13,タガノジーニアス,牡4,57.0,古川吉洋,1:25.3,1/2,12-9,37.2,13.1,4.0,498.0,-6.0,[西]斉藤崇史,八木秀之,0.0,2013101729,01015,01151,874800
201709040307,7,3,6,バシレウスライオン,牡4,56.0,坂井瑠星,1:25.6,2,11-9,37.6,13.7,6.0,476.0,10.0,[西]矢作芳人,ライオンレースホース,0.0,2013106011,01163,01075,542800
201709040307,8,5,9,セングウ,牝5,54.0,岩崎翼,1:25.6,クビ,12-12,37.5,194.3,13.0,488.0,8.0,[西]加藤敬二,重松國建,0.0,2012105263,01146,00379,260007
201709040307,9,6,11,カロス,牡3,55.0,松山弘平,1:26.0,2.1/2,3-3,38.6,19.0,9.0,484.0,6.0,[西]池添兼雄,カナヤマホールディングス,0.0,2014103646,01126,01021,045803
201709040307,10,7,14,テイルバック,牡3,55.0,幸英明,1:26.0,ハナ,6-8,38.4,27.6,10.0,476.0,-2.0,[西]杉山晴紀,新井康司,0.0,2014102505,00732,01157,559033
201709040307,11,5,10,カプリチオーソ,牡5,57.0,小坂忠士,1:26.1,クビ,8-7,38.4,253.1,15.0,454.0,-4.0,[西]南井克巳,グリーンファーム,0.0,2012104431,01063,01049,148800
201709040307,12,8,15,スナークライデン,牡3,54.0,鮫島克駿,1:26.3,1.1/4,8-9,38.5,134.2,12.0,470.0,-2.0,[西]川村禎彦,杉本豊,0.0,2014100190,01157,01003,478030
201709040307,13,2,3,オーサムバローズ,牡3,55.0,川田将雅,1:26.7,2.1/2,10-12,38.8,14.1,7.0,494.0,2.0,[西]中内田充,猪熊広次,0.0,2014102659,01088,01137,859007
201709040307,14,2,4,ロワゾブルー,牡4,57.0,ルメール,1:26.7,アタマ,5-5,39.3,16.8,8.0,506.0,-6.0,[西]岡田稲男,吉田千津,0.0,2013105576,05339,01066,310007
201709040307,15,3,5,エイユービリーヴ,セ5,57.0,難波剛健,1:26.9,1.1/2,12-14,38.7,326.5,16.0,480.0,-2.0,[西]作田誠二,笹部義則,0.0,2012106351,01066,01006,529002
201709040307,16,6,12,エピックウィン,セ5,54.0,三津谷隼,1:28.6,大,1-1,41.6,204.6,14.0,464.0,10.0,[西]沖芳夫,小林竜太郎,0.0,2012100363,01159,00378,336030
201709040309,1,2,2,ワグネリアン,牡2,54.0,福永祐一,1:49.3,,7-6,33.0,1.9,1.0,450.0,0.0,[西]友道康夫,金子真人ホールディングス,1619.6,2015105022,01014,01061,708800
201709040309,2,6,6,ディロス,牡2,54.0,ルメール,1:49.7,2.1/2,5-5,33.6,3.6,2.0,492.0,-2.0,[東]木村哲也,シルクレーシング,645.6,2015105056,05339,01126,506800
201709040309,3,8,8,シンデレラメイク,牝2,54.0,中谷雄太,1:49.8,1/2,1-1,35.0,62.1,8.0,460.0,-10.0,[西]鮫島一歩,田島政光,402.8,2015102043,01038,01046,504007
201709040309,4,5,5,クリノクーニング,牡2,54.0,岩田康誠,1:49.9,クビ,9-9,32.9,6.0,3.0,462.0,6.0,[西]須貝尚介,栗本博晴,240.0,2015102743,05203,01105,970006
201709040309,5,7,7,テイエムリボー,牡2,54.0,小牧太,1:49.9,クビ,8-8,33.3,29.6,6.0,478.0,0.0,[西]福島信晴,竹園正繼,160.0,2015102163,00894,00396,356002
201709040309,6,8,9,スワーヴポルトス,牡2,54.0,Ｍ．デム,1:50.0,クビ,2-2,34.6,15.5,5.0,428.0,6.0,[西]庄野靖志,ＮＩＣＫＳ,0.0,2015100654,05212,01087,887800
201709040309,7,3,3,ナムラアッパレ,牡2,54.0,国分優作,1:50.1,3/4,3-3,34.3,181.4,9.0,458.0,-2.0,[西]目野哲也,奈村信重,0.0,2015101075,01125,00387,945004
201709040309,8,1,1,ニシノベースマン,牡2,54.0,幸英明,1:50.3,1.1/4,6-6,34.0,36.0,7.0,432.0,-4.0,[西]森秀行,西山茂行,0.0,2015105202,00732,00427,897009
201709040309,9,4,4,ミッキーマインド,牡2,54.0,武豊,1:50.3,クビ,3-3,34.4,13.0,4.0,458.0,6.0,[西]音無秀孝,野田みづき,0.0,2015103366,00666,01002,441007
201709040310,1,1,1,スターオブペルシャ,セ4,57.0,ルメール,1:21.6,,5-5,35.0,3.2,1.0,500.0,-2.0,[東]藤沢和雄,社台レースホース,1529.4,2013105529,05339,00386,415800
201709040310,2,5,7,バリス,牡6,57.0,和田竜二,1:21.8,1.1/4,5-5,35.2,4.6,2.0,494.0,4.0,[西]鈴木孝志,杉澤光雄,608.4,2011104700,01018,01111,330007
201709040310,3,4,5,ウィズアミッション,牝6,55.0,川田将雅,1:21.9,3/4,8-8,35.1,31.8,9.0,432.0,2.0,[西]吉村圭司,吉田安惠,384.2,2011110054,01088,01130,221007
201709040310,4,8,13,シンダーズ,牝5,55.0,Ｍ．デム,1:22.0,3/4,13-12,34.7,8.5,5.0,476.0,-8.0,[西]荒川義之,Ｈ．Ｈ．シェイク・モハメド,230.0,2012101533,05212,01095,003060
201709040310,5,2,2,キャンディバローズ,牝4,55.0,岩田康誠,1:22.1,クビ,3-3,35.7,32.1,10.0,408.0,-4.0,[西]矢作芳人,猪熊広次,150.0,2013103606,05203,01075,859007
201709040310,6,8,12,オールポッシブル,牝3,53.0,福永祐一,1:22.1,クビ,11-10,35.1,4.7,3.0,492.0,4.0,[西]高橋亮,Ｇ１レーシング,0.0,2014105960,01014,01136,808800
201709040310,7,6,8,ブリクスト,牡5,57.0,松若風馬,1:22.4,1.3/4,10-10,35.5,14.9,6.0,488.0,0.0,[西]吉田直弘,サンデーレーシング,0.0,2012104814,01154,01101,226800
201709040310,8,4,4,タガノカムイ,牡5,57.0,川須栄彦,1:22.6,1.1/4,3-3,36.2,16.8,7.0,460.0,-4.0,[西]中尾秀正,八木良司,0.0,2012100529,01128,01069,859002
201709040310,9,3,3,オメガタックスマン,牡5,57.0,北村友一,1:22.6,クビ,1-1,36.5,8.0,4.0,466.0,0.0,[西]今野貞一,原禮子,0.0,2012104172,01102,01128,008803
201709040310,10,7,10,アドマイヤスカイ,牡5,57.0,小牧太,1:23.0,2.1/2,11-12,35.9,46.0,11.0,444.0,-16.0,[西]梅田智之,近藤利一,0.0,2012104509,00894,01084,398002
201709040310,11,6,9,ジャストフォーユー,牡5,57.0,高倉稜,1:23.2,1.1/2,5-5,36.6,162.6,12.0,472.0,8.0,[西]松元茂樹,ノルマンディーサラブレッドレーシング,0.0,2012103656,01130,00419,854800
201709040310,12,7,11,メイショウベルボン,牝3,53.0,幸英明,1:23.3,クビ,8-8,36.5,19.4,8.0,458.0,10.0,[西]南井克巳,松本好雄,0.0,2014103399,00732,01049,523005
201709040310,13,5,6,リリーヴィクトリー,牡5,57.0,松山弘平,1:23.9,3.1/2,2-2,37.7,237.6,13.0,508.0,2.0,[西]池添兼雄,土井孝夫,0.0,2012105587,01126,01021,862006
201709040311,1,6,11,ドラゴンバローズ,牡5,57.0,和田竜二,1:50.9,,7-6-3-4,36.4,3.3,1.0,504.0,-2.0,[西]渡辺薫彦,猪熊広次,1855.7,2012102463,01018,01155,859007
201709040311,2,8,16,ロイヤルパンプ,牡5,57.0,松若風馬,1:51.1,1.1/2,2-2-2-1,36.8,43.3,10.0,524.0,0.0,[西]友道康夫,吉田千津,740.2,2012104493,01154,01061,310007
201709040311,3,3,6,ファドーグ,セ6,57.0,菱田裕二,1:51.2,クビ,14-13-14-12,36.0,39.5,9.0,480.0,4.0,[東]奥平雅士,キャロットファーム,465.1,2011103670,01144,01074,486800
201709040311,4,5,10,イーストオブザサン,牡4,57.0,鮫島克駿,1:51.2,ハナ,7-8-8-6,36.5,12.5,5.0,474.0,2.0,[西]浅見秀一,三田昌宏,270.0,2013105526,01157,00411,872800
201709040311,5,7,14,マイネルトゥラン,牡4,57.0,川田将雅,1:51.4,1.1/2,3-3-3-3,36.9,14.3,7.0,522.0,14.0,[東]武市康男,サラブレッドクラブ・ラフィアン,182.0,2013101939,01088,01089,546800
201709040311,6,3,5,マイネルバサラ,牡4,57.0,国分優作,1:51.8,2.1/2,6-6-10-10,36.9,11.0,4.0,474.0,-2.0,[東]松山将樹,サラブレッドクラブ・ラフィアン,0.0,2013101861,01125,01100,546800
201709040311,7,2,4,クールオープニング,牡6,57.0,福永祐一,1:51.9,3/4,9-8-11-10,36.9,12.7,6.0,468.0,8.0,[西]橋口慎介,前田晋二,0.0,2011105107,01014,01154,041002
201709040311,8,8,15,サンライズネオ,牡7,57.0,高倉稜,1:52.0,クビ,14-15-14-14,36.6,52.9,12.0,484.0,6.0,[西]石坂正,松岡隆雄,0.0,2010100517,01130,01022,306008
201709040311,9,7,13,ガンサリュート,牡3,54.0,北村友一,1:52.1,1/2,10-10-8-6,37.3,6.0,3.0,510.0,-4.0,[西]安田隆行,キャロットファーム,0.0,2014104389,01102,00438,486800
201709040311,10,4,8,メイショウバッハ,牡4,57.0,藤岡康太,1:52.4,2,3-4-5-4,37.8,16.5,8.0,492.0,-4.0,[西]南井克巳,松本好隆,0.0,2013102571,01116,01049,911008
201709040311,11,2,3,ミキノハルモニー,牡6,57.0,岩崎翼,1:52.5,1/2,12-11-13-14,37.3,213.1,16.0,458.0,-2.0,[西]大橋勇樹,谷口久和,0.0,2011101830,01146,01065,918002
201709040311,12,6,12,コパノアラジン,牡4,57.0,Ｍ．デム,1:52.6,1/2,13-13-5-6,37.9,3.5,2.0,514.0,0.0,[西]田所秀孝,小林祥晃,0.0,2013103900,05212,01009,966007
201709040311,13,5,9,ウエスタンパレード,牡6,57.0,古川吉洋,1:52.6,クビ,10-11-11-12,37.5,52.7,11.0,510.0,0.0,[西]西園正都,ウエスタンファーム,0.0,2011101180,01015,01028,844800
201709040311,14,4,7,マッシヴランナー,牡5,57.0,藤岡佑介,1:53.3,4,1-1-1-2,39.0,69.0,13.0,524.0,6.0,[西]大橋勇樹,小川勲,0.0,2012102956,01093,01065,075002
201709040311,15,1,2,イクラトロ,牡6,57.0,中谷雄太,1:54.7,9,5-4-5-6,40.2,79.1,14.0,426.0,0.0,[西]矢作芳人,キャピタル・システム,0.0,2011100964,01038,01075,005803
201709040311,16,1,1,エーティータラント,牡7,57.0,富田暁,1:54.8,クビ,16-16-16-16,39.3,107.3,15.0,510.0,18.0,[西]木原一良,荒木徹,0.0,2010103543,01168,01033,878005
201709040312,1,5,8,アロマドゥルセ,牝3,52.0,松若風馬,2:02.0,,12-12-13-7,34.8,8.9,5.0,420.0,-8.0,[西]音無秀孝,キャロットファーム,750.0,2014105970,01154,01002,486800
201709040312,2,3,5,レッドコルディス,牝3,52.0,藤岡康太,2:02.3,2,2-2-2-2,36.0,19.3,10.0,472.0,2.0,[西]高橋義忠,東京ホースレーシング,300.0,2014103392,01116,01129,180800
201709040312,3,4,7,アドマイヤローザ,牝3,52.0,岩田康誠,2:02.4,3/4,14-14-13-11,35.1,8.6,4.0,468.0,10.0,[西]梅田智之,近藤利一,190.0,2014105794,05203,01084,398002
201709040312,4,1,1,サウンドパラダイス,牝4,55.0,和田竜二,2:02.7,1.3/4,7-6-6-4,35.9,17.9,8.0,504.0,-2.0,[西]安達昭夫,増田雄一,110.0,2013105611,01018,01042,168006
201709040312,5,2,2,リセエンヌ,牝4,55.0,ルメール,2:02.9,1.1/4,11-11-9-7,35.8,11.9,7.0,428.0,10.0,[西]荒川義之,吉田照哉,75.0,2013105707,05339,01095,758005
201709040312,6,4,6,ミスズメサイア,牝5,54.0,岩崎翼,2:03.0,3/4,7-9-11-14,35.8,264.8,14.0,444.0,-4.0,[西]加藤敬二,永井啓弍,0.0,2012105389,01146,00379,382004
201709040312,7,3,4,アネロワ,牝3,49.0,森裕太朗,2:03.0,アタマ,1-1-1-1,37.0,80.5,11.0,414.0,-8.0,[西]浜田多実,大野照旺,0.0,2014101999,01165,01138,550033
201709040312,8,7,12,パーシーズベスト,牝4,55.0,川田将雅,2:03.1,クビ,12-12-12-11,35.9,4.4,2.0,464.0,2.0,[西]石坂正,シルクレーシング,0.0,2013106015,01088,01022,506800
201709040312,9,2,3,ディメンシオン,牝3,52.0,福永祐一,2:03.1,クビ,4-4-4-4,36.4,4.4,1.0,456.0,4.0,[西]藤原英昭,広尾レース,0.0,2014106280,01014,01055,553800
201709040312,10,8,14,シャンティローザ,牝3,51.0,荻野極,2:03.2,クビ,10-9-9-10,36.1,18.8,9.0,456.0,2.0,[西]松永幹夫,ホシノレーシング,0.0,2014105846,01160,01092,358803
201709040312,11,6,11,ザクイーン,牝3,52.0,四位洋文,2:03.9,4,2-2-2-2,37.4,10.5,6.0,472.0,-10.0,[西]角居勝彦,ＮＩＣＫＳ,0.0,2014105925,00700,01053,887800
201709040312,12,6,10,ウインシャトレーヌ,牝3,52.0,Ｍ．デム,2:04.0,クビ,7-6-6-4,37.2,5.1,3.0,488.0,0.0,[西]大久保龍,ウイン,0.0,2014104278,05212,01058,494800
201709040312,13,7,13,ヴィクトリーダンス,牝3,52.0,鮫島良太,2:04.1,3/4,14-15-15-15,36.5,413.2,15.0,416.0,0.0,[西]牧浦充徳,Ｇ１レーシング,0.0,2014106093,01099,01113,808800
201709040312,14,5,9,ベルメール,牝5,52.0,富田暁,2:04.4,2,6-6-8-9,37.4,85.8,12.0,502.0,2.0,[西]寺島良,畑佐博,0.0,2012100779,01168,01158,078006
201709040312,15,8,15,デアリングエッジ,牝4,55.0,幸英明,2:07.0,大,4-4-4-11,40.2,101.1,13.0,440.0,2.0,[西]寺島良,社台レースホース,0.0,2013105551,00732,01158,415800
201709040401,1,4,4,レディバード,牝2,54.0,Ｍ．デム,1:26.0,,3-3,37.6,1.1,1.0,468.0,8.0,[西]小崎憲,吉田和美,500.0,2015104826,05212,01085,138007
201709040401,2,7,8,バーニングガール,牝2,54.0,幸英明,1:26.5,3,2-2,38.2,25.3,3.0,464.0,-12.0,[西]加藤敬二,長谷川光司,200.0,2015103661,00732,00379,895002
201709040401,3,6,7,サンドクイーン,牝2,54.0,福永祐一,1:27.0,3,1-1,38.8,7.2,2.0,506.0,4.0,[西]岡田稲男,ＫＴレーシング,130.0,2015104953,01014,01066,051803
201709040401,4,6,6,ハイヒールモモタン,牝2,54.0,藤岡康太,1:27.5,3,8-8,38.4,38.1,5.0,450.0,8.0,[西]宮徹,小笹公也,75.0,2015103835,01116,01018,304008
201709040401,5,2,2,ブルベアアオジソ,牝2,53.0,義英真,1:27.6,クビ,5-5,38.9,28.9,4.0,422.0,6.0,[西]飯田祐史,ブルアンドベア,50.0,2015103190,01155,01139,843800
201709040401,6,7,9,ブリーズドゥース,牝2,53.0,岩崎翼,1:28.3,4,5-5,39.6,46.6,6.0,498.0,-16.0,[西]村山明,社台レースホース,0.0,2015104511,01146,01107,415800
201709040401,7,8,10,ダッチェス,牝2,54.0,水口優也,1:28.4,クビ,3-3,39.8,151.7,10.0,422.0,4.0,[西]崎山博樹,田頭勇貴,0.0,2015100263,01133,00365,855030
201709040401,8,8,11,アマノラヴィータ,牝2,54.0,松若風馬,1:29.4,6,5-5,40.6,88.2,8.0,466.0,6.0,[西]川村禎彦,中村孝,0.0,2015103817,01154,01003,933006
201709040401,9,1,1,ブライトヴィーナス,牝2,54.0,国分恭介,1:29.6,1.1/2,10-10,39.9,79.4,7.0,436.0,0.0,[西]中村均,中地賢次郎,0.0,2015102360,01124,00261,958033
201709040401,10,3,3,テイエムハエオゴ,牝2,54.0,柴田未崎,1:29.7,1/2,8-9,40.5,196.5,11.0,436.0,6.0,[西]飯田雄三,竹園正繼,0.0,2015109136,01010,01050,356002
201709040401,11,5,5,コパノルーリー,牝2,51.0,三津谷隼,1:32.4,大,11-11,42.1,91.8,9.0,432.0,4.0,[西]田所秀孝,小林祐介,0.0,2015103621,01159,01009,422033
201709040402,1,8,8,フィールシュパース,牡2,54.0,田辺裕信,1:55.1,,8-8-7-5,37.4,6.2,3.0,520.0,22.0,[西]中竹和也,ノースヒルズ,500.0,2015110010,01075,01039,788800
201709040402,2,4,4,シゲルホウレンソウ,牡2,54.0,高倉稜,1:55.2,1/2,2-3-2-1,38.3,2.1,1.0,488.0,0.0,[西]五十嵐忠,森中蕃,200.0,2015105371,01130,00422,674004
201709040402,3,3,3,ラクロアクリスエス,牡2,54.0,岩田康誠,1:56.5,8,5-6-4-3,39.4,13.1,4.0,482.0,-4.0,[西]庄野靖志,辻高史,130.0,2015104917,05203,01087,191033
201709040402,4,2,2,ベティバローズ,牝2,54.0,和田竜二,1:57.0,3,2-2-2-2,40.2,3.1,2.0,470.0,-4.0,[西]角田晃一,猪熊広次,75.0,2015105107,01018,01121,859007
201709040402,5,7,7,マイネルサブリエ,牡2,54.0,川須栄彦,1:57.5,3,5-4-5-6,39.9,94.9,8.0,450.0,-2.0,[西]飯田雄三,サラブレッドクラブ・ラフィアン,50.0,2015102332,01128,01050,546800
201709040402,6,6,6,リベリュール,牡2,53.0,城戸義政,1:58.2,4,7-7-8-8,39.9,18.2,6.0,478.0,6.0,[西]本田優,村上憲政,0.0,2015102811,01147,01099,894030
201709040402,7,5,5,コパノダニエル,牡2,54.0,藤岡康太,2:00.3,大,4-4-5-6,42.9,43.4,7.0,496.0,10.0,[西]宮徹,小林祥晃,0.0,2015105377,01116,01018,966007
201709040402,8,1,1,ラジオタイソウ,牡2,54.0,松若風馬,2:02.0,大,1-1-1-4,45.2,13.4,5.0,486.0,8.0,[西]森秀行,冨士井直哉,0.0,2015110064,01154,00427,338033
201709040403,1,8,14,メイショウドウドウ,牡2,54.0,川島信二,1:10.6,,15-13,34.0,7.9,4.0,456.0,-10.0,[西]荒川義之,松本好雄,500.0,2015103357,01062,01095,523005
201709040403,2,6,10,メイショウトラマツ,牡2,54.0,和田竜二,1:10.6,ハナ,1-1,35.2,4.2,2.0,492.0,12.0,[西]南井克巳,松本好雄,200.0,2015103106,01018,01049,523005
201709040403,3,5,8,ヤマニンルネッタ,牝2,54.0,田中健,1:10.7,1/2,9-8,34.7,3.9,1.0,434.0,8.0,[西]浅見秀一,土井薫,130.0,2015101569,01114,00411,108002
201709040403,4,3,5,グローバルリーチ,牡2,54.0,岩田康誠,1:10.9,1.1/4,5-4,35.2,19.6,7.0,456.0,-8.0,[西]高橋康之,ヒダカ・ブリーダーズ・ユニオン,75.0,2015106092,05203,01135,547800
201709040403,5,2,3,ネオヴォイス,牝2,54.0,古川吉洋,1:10.9,クビ,14-13,34.5,15.1,6.0,428.0,-10.0,[西]安達昭夫,山内邦一,50.0,2015100919,01015,01042,381002
201709040403,6,6,11,アプローズ,牝2,54.0,川田将雅,1:10.9,ハナ,2-2,35.4,5.2,3.0,440.0,2.0,[西]野中賢二,カナヤマホールディングス,0.0,2015103385,01088,01098,045803
201709040403,7,7,12,ディアボレット,牝2,53.0,荻野極,1:10.9,アタマ,3-2,35.3,8.6,5.0,430.0,0.0,[西]加用正,協栄,0.0,2015101549,01160,00425,959800
201709040403,8,4,6,スギノアルテミス,牝2,51.0,森裕太朗,1:11.0,1/2,10-10,34.8,53.3,10.0,410.0,-2.0,[西]西村真幸,杉山忠国,0.0,2015102659,01165,01148,053803
201709040403,9,4,7,シゲルエダマメ,牡2,54.0,酒井学,1:11.0,ハナ,5-6,35.2,91.4,12.0,492.0,6.0,[西]服部利之,森中蕃,0.0,2015101526,01034,01040,674004
201709040403,10,1,1,ゴーオンザステージ,牝2,53.0,加藤祥太,1:11.2,1.1/4,7-7,35.3,97.0,14.0,390.0,-2.0,[西]宮本博,前田剛,0.0,2015105423,01156,01073,182033
201709040403,11,3,4,シゲルビーツ,牝2,54.0,高倉稜,1:11.3,1/2,3-4,35.7,264.8,15.0,426.0,6.0,[西]服部利之,森中蕃,0.0,2015100486,01130,01040,674004
201709040403,12,7,13,スノーガーデン,牝2,54.0,水口優也,1:11.5,1.1/4,7-8,35.5,25.2,9.0,460.0,6.0,[西]吉田直弘,山上和良,0.0,2015101836,01133,01101,851007
201709040403,13,8,15,ワンウイン,牡2,54.0,川須栄彦,1:11.5,クビ,10-10,35.2,96.1,13.0,430.0,-2.0,[西]西浦勝一,竹下千亜子,0.0,2015103539,01128,01016,983033
201709040403,14,5,9,エイシンヘリオス,牡2,54.0,秋山真一,1:11.5,アタマ,10-13,35.1,79.2,11.0,480.0,12.0,[西]藤岡健一,栄進堂,0.0,2015102865,01019,01062,785800
201709040403,15,2,2,スターアイリス,牝2,54.0,幸英明,1:11.5,ハナ,10-10,35.4,24.4,8.0,432.0,6.0,[西]佐々木晶,ＨｉｍＲｏｃｋＲａｃｉｎｇ,0.0,2015105135,00732,00429,064700
201709040404,1,4,7,スズカマイゲスト,牡3,55.0,鮫島克駿,1:55.1,,6-4-4-4,36.7,7.4,3.0,482.0,2.0,[西]橋田満,永井啓弍,500.0,2014103348,01157,00362,382004
201709040404,2,8,15,トーシンキング,牡3,56.0,武豊,1:55.5,2.1/2,3-3-3-2,37.3,7.6,4.0,464.0,-2.0,[西]田所秀孝,長井純一,200.0,2014100915,00666,01009,890007
201709040404,3,1,2,オーシャンセブン,牡3,56.0,藤岡佑介,1:55.7,1,9-7-7-7,37.1,2.6,1.0,466.0,-6.0,[西]中内田充,高嶋祐子,130.0,2014104071,01093,01137,361030
201709040404,4,2,3,スプリングボックス,牡3,56.0,北村友一,1:55.7,ハナ,12-12-10-10,37.0,17.6,7.0,480.0,6.0,[西]寺島良,吉田昌久,75.0,2014102254,01102,01158,479033
201709040404,5,7,13,ゼルビーノ,牡3,55.0,荻野極,1:55.7,クビ,2-2-2-1,37.6,11.6,6.0,472.0,6.0,[西]西園正都,キャロットファーム,50.0,2014106158,01160,01028,486800
201709040404,6,4,8,ブルベアバック,牡3,56.0,幸英明,1:55.8,1/2,7-7-7-7,37.2,10.8,5.0,438.0,-6.0,[西]中村均,ブルアンドベア,0.0,2014101122,00732,00261,843800
201709040404,7,2,4,エイシンブルーム,牝3,54.0,国分恭介,1:56.0,1.1/4,4-4-4-4,37.8,5.3,2.0,446.0,2.0,[西]渡辺薫彦,栄進堂,0.0,2014103269,01124,01155,785800
201709040404,8,7,14,マテンロウオスカー,牡3,56.0,岩田康誠,1:56.0,アタマ,12-12-10-10,37.1,40.4,10.0,474.0,-2.0,[西]藤原英昭,寺田千代乃,0.0,2014106217,05203,01055,534006
201709040404,9,6,11,ピエナアラシ,牡3,56.0,菱田裕二,1:56.4,2.1/2,12-12-15-10,37.5,27.4,8.0,478.0,-4.0,[西]谷潔,本谷兼三,0.0,2014103521,01144,00431,023007
201709040404,10,3,5,タイキリアリティ,牡3,56.0,松田大作,1:56.7,1.3/4,4-4-4-4,38.4,322.1,16.0,472.0,-4.0,[西]西園正都,大樹ファーム,0.0,2014105244,01030,01028,536800
201709040404,11,5,9,ジークグランツ,牡3,56.0,藤岡康太,1:56.7,クビ,15-15-13-14,37.7,60.0,13.0,452.0,0.0,[西]野中賢二,ヒダカ・ブリーダーズ・ユニオン,0.0,2014101977,01116,01098,547800
201709040404,12,1,1,マリンシークレット,牡3,56.0,松山弘平,1:56.8,クビ,7-7-7-7,38.2,68.5,14.0,500.0,-4.0,[西]今野貞一,谷掛龍夫,0.0,2014105524,01126,01128,727008
201709040404,13,6,12,カリブハーブ,牝3,54.0,和田竜二,1:57.0,1.1/2,11-11-10-10,38.2,49.9,12.0,446.0,2.0,[西]河内洋,松岡隆雄,0.0,2014105069,01018,01072,306008
201709040404,14,8,16,メッサーマイスター,牡3,56.0,川島信二,1:57.3,2,9-10-13-16,38.2,30.1,9.0,474.0,4.0,[西]矢作芳人,Ｇ１レーシング,0.0,2014105313,01062,01075,808800
201709040404,15,5,10,ナリタトップスター,牝3,51.0,富田暁,1:57.4,1/2,16-16-16-14,38.2,70.3,15.0,390.0,-10.0,[西]高橋亮,オースミ,0.0,2014105414,01168,01136,712800
201709040404,16,3,6,キクノコア,牡3,56.0,小牧太,1:58.3,5,1-1-1-2,40.3,43.9,11.0,520.0,-4.0,[西]吉田直弘,菊池五郎,0.0,2014103499,00894,01101,372002
201709040405,1,3,3,リュクスポケット,牡2,54.0,藤岡佑介,1:47.7,,1-1,34.8,28.4,8.0,500.0,0.0,[西]庄野靖志,田畑憲士,700.0,2015104780,01093,01087,215008
201709040405,2,5,7,メガリージョン,牡2,54.0,福永祐一,1:47.7,クビ,2-2,34.7,4.4,2.0,470.0,0.0,[西]野中賢二,寺田千代乃,280.0,2015101344,01014,01098,534006
201709040405,3,4,5,ガールズバンド,牝2,54.0,Ｍ．デム,1:48.0,2,4-4,34.7,13.1,5.0,448.0,0.0,[西]須貝尚介,社台レースホース,180.0,2015104260,05212,01105,415800
201709040405,4,7,11,デクレアラー,牡2,54.0,川田将雅,1:48.3,1.3/4,4-4,35.1,7.9,4.0,466.0,0.0,[西]鮫島一歩,Ｇ１レーシング,110.0,2015104209,01088,01046,808800
201709040405,5,7,12,レノヴァール,牡2,54.0,北村友一,1:48.4,1/2,3-3,35.3,17.3,7.0,504.0,0.0,[西]高野友和,キャロットファーム,70.0,2015104897,01102,01117,486800
201709040405,6,3,4,オノリス,牡2,54.0,松山弘平,1:48.6,1,8-9,35.1,36.1,9.0,502.0,0.0,[西]吉田直弘,キャロットファーム,0.0,2015104955,01126,01101,486800
201709040405,7,6,9,ダノンチェリー,牝2,54.0,ルメール,1:48.6,クビ,7-7,35.2,2.9,1.0,464.0,0.0,[西]池江泰寿,ダノックス,0.0,2015104691,05339,01071,619800
201709040405,8,5,8,シャンデリアスピン,牝2,54.0,武豊,1:48.7,3/4,8-7,35.3,5.9,3.0,462.0,0.0,[西]松永幹夫,社台レースホース,0.0,2015104415,00666,01092,415800
201709040405,9,4,6,ビップデヴィット,牡2,53.0,荻野極,1:48.8,クビ,8-9,35.3,178.7,13.0,470.0,0.0,[西]清水久詞,鈴木邦英,0.0,2015102208,01160,01110,524030
201709040405,10,8,13,ロイヤルパールス,牡2,54.0,幸英明,1:49.2,2.1/2,13-13,35.0,43.7,11.0,490.0,0.0,[西]湯窪幸雄,ロイヤルパーク,0.0,2015101281,00732,01057,018700
201709040405,11,8,14,ヴィンセント,牡2,54.0,岩田康誠,1:49.3,3/4,11-12,35.4,14.7,6.0,422.0,0.0,[西]橋口慎介,ノースヒルズ,0.0,2015100622,05203,01154,788800
201709040405,12,6,10,ショウナンバローロ,牡2,54.0,和田竜二,1:49.8,3,11-11,36.1,128.0,12.0,494.0,0.0,[西]西村真幸,国本哲秀,0.0,2015101482,01018,01148,331002
201709040405,13,2,2,ヒシハムザリバー,牡2,54.0,四位洋文,1:50.3,3,13-13,36.0,42.7,10.0,450.0,0.0,[西]角田晃一,阿部雅英,0.0,2015104478,00700,01121,044008
201709040405,14,1,1,デンコウキングダム,牡2,54.0,菱田裕二,1:50.4,クビ,4-4,37.1,191.1,14.0,414.0,0.0,[西]藤沢則雄,田中康弘,0.0,2015105482,01144,01041,484007
201709040406,1,4,8,メイショウブレナム,牡3,55.0,池添謙一,1:11.8,,2-2,36.1,14.4,5.0,466.0,8.0,[西]飯田祐史,松本好雄,750.0,2014103576,01032,01139,523005
201709040406,2,8,16,ナニスンネン,牡5,57.0,松若風馬,1:11.9,3/4,8-8,35.8,33.3,10.0,516.0,6.0,[西]杉山晴紀,杉山忠国,300.0,2012102595,01154,01157,053803
201709040406,3,3,6,バルコラベーロ,牡3,55.0,酒井学,1:11.9,ハナ,4-4,36.1,39.0,11.0,472.0,-2.0,[西]梅田智之,サンデーレーシング,190.0,2014105805,01034,01084,226800
201709040406,4,7,14,タマモサザンクロス,牡3,54.0,義英真,1:12.0,3/4,2-2,36.4,30.3,9.0,444.0,0.0,[西]藤沢則雄,タマモ,110.0,2014102073,01155,01041,515800
201709040406,5,6,12,カゼノカムイ,牡4,57.0,幸英明,1:12.2,3/4,9-8,36.1,21.1,6.0,472.0,-2.0,[西]寺島良,菅原広隆,75.0,2013109177,00732,01158,547033
201709040406,6,3,5,ユアマイラブ,牡4,57.0,岩田康誠,1:12.4,1.1/2,4-4,36.6,8.4,4.0,444.0,0.0,[西]安田隆行,ユアストーリー,0.0,2013105977,05203,00438,059700
201709040406,7,7,13,ホウロクダマ,牡3,52.0,森裕太朗,1:12.5,1/2,4-4,36.6,21.3,7.0,546.0,0.0,[西]中竹和也,ノルマンディーサラブレッドレーシング,0.0,2014104280,01165,01039,854800
201709040406,8,1,2,メジャーガラメキ,牝5,55.0,川田将雅,1:12.6,3/4,13-13,36.1,4.6,3.0,486.0,-8.0,[西]小崎憲,高野哲,0.0,2012104796,01088,01085,473030
201709040406,9,2,4,サンマルスカイ,牡5,57.0,国分優作,1:12.7,クビ,15-15,35.9,54.3,14.0,432.0,0.0,[西]牧浦充徳,相馬勇,0.0,2012101290,01125,01113,580007
201709040406,10,2,3,キョウワヒラリー,牝3,53.0,福永祐一,1:12.7,ハナ,1-1,37.2,4.3,2.0,496.0,-4.0,[西]角田晃一,協和牧場,0.0,2014100172,01014,01121,763800
201709040406,11,5,9,ニューミレニアム,牡3,55.0,小牧太,1:12.8,3/4,13-13,36.2,51.9,13.0,428.0,4.0,[西]吉田直弘,グランデオーナーズ,0.0,2014103757,00894,01101,910800
201709040406,12,5,10,テイエムマンカイ,牡4,57.0,和田竜二,1:12.9,3/4,9-10,36.6,22.6,8.0,544.0,12.0,[西]柴田光陽,竹園正繼,0.0,2013101336,01018,00400,356002
201709040406,13,4,7,サウスリバティー,牡5,54.0,三津谷隼,1:13.5,3.1/2,9-10,37.5,39.0,12.0,472.0,0.0,[西]加用正,南波壽,0.0,2012101201,01159,00425,393002
201709040406,14,1,1,エッシャー,セ3,55.0,田辺裕信,1:13.5,ハナ,4-7,37.7,3.1,1.0,470.0,-10.0,[西]中竹和也,小田吉男,0.0,2014100620,01075,01039,268008
201709040406,15,8,15,リアルスキャット,牡4,56.0,城戸義政,1:14.1,3.1/2,12-12,37.8,98.7,15.0,470.0,12.0,[西]佐藤正雄,村上稔,0.0,2013105038,01147,01025,870004
201709040406,-3,6,11,アグネスエーデル,牡5,57.0,武豊,,,,,,,,,[西]小崎憲,上山牧,0.0,2012105842,00666,01085,710033
201709040407,1,6,11,エオリア,牝3,52.0,菱田裕二,1:52.6,,14-14-12-11,36.8,12.5,7.0,482.0,22.0,[西]角田晃一,Ｈ．Ｈ．シェイク・モハメド,750.0,2014102170,01144,01121,003060
201709040407,2,4,7,メイショウササユリ,牝3,49.0,森裕太朗,1:52.7,3/4,9-9-9-3,37.2,7.3,3.0,490.0,-6.0,[西]松永幹夫,松本好雄,300.0,2014103584,01165,01092,523005
201709040407,3,8,16,コンプリートベスト,牝3,52.0,岩田康誠,1:52.9,1.1/4,15-15-14-13,36.9,27.7,9.0,462.0,-8.0,[西]佐々木晶,吉田照哉,190.0,2014105720,05203,00429,758005
201709040407,4,4,8,セータコローナ,牝4,55.0,武豊,1:53.0,クビ,2-2-2-2,38.2,2.6,1.0,496.0,8.0,[西]池江泰寿,Ｇ１レーシング,110.0,2013105487,00666,01071,808800
201709040407,5,3,5,ノーブルスノー,牝4,55.0,小牧太,1:53.0,アタマ,9-9-7-8,37.8,8.8,4.0,480.0,-6.0,[西]牧浦充徳,吉木伸彦,37.5,2013104595,00894,01113,755030
201709040407,5,5,9,スズカスマート,牝3,52.0,幸英明,1:53.0,同着,7-7-8-8,37.6,18.4,8.0,480.0,0.0,[西]大橋勇樹,永井啓弍,37.5,2014103848,00732,01065,382004
201709040407,7,3,6,リュミエールドール,牝3,52.0,和田竜二,1:53.8,5,5-4-3-3,38.8,9.1,5.0,492.0,-2.0,[西]浜田多実,社台レースホース,0.0,2014105336,01018,01138,415800
201709040407,8,5,10,バイオレットフィズ,牝5,55.0,酒井学,1:53.9,クビ,11-11-10-6,38.4,135.8,14.0,442.0,8.0,[西]飯田祐史,中山泰志,0.0,2012101809,01034,01139,835033
201709040407,9,6,12,イイコトバカリ,牝3,52.0,松若風馬,1:54.4,3,3-3-3-3,39.4,38.7,11.0,472.0,10.0,[西]音無秀孝,小田切有一,0.0,2014103186,01154,01002,334009
201709040407,10,1,1,メイショウサチシオ,牝3,51.0,岩崎翼,1:54.5,クビ,1-1-1-1,39.8,9.5,6.0,498.0,8.0,[西]石橋守,松本好雄,0.0,2014103001,01146,01140,523005
201709040407,11,2,3,マッカナバラ,牝5,55.0,北村友一,1:54.9,2.1/2,7-8-10-13,39.3,98.0,13.0,446.0,2.0,[西]北出成人,協栄,0.0,2012101499,01102,01078,959800
201709040407,12,7,13,クールデザイン,牝3,52.0,Ｍ．デム,1:55.0,1/2,15-15-14-15,38.9,7.0,2.0,448.0,8.0,[西]平田修,社台レースホース,0.0,2014105520,05212,01082,415800
201709040407,13,8,15,トップノート,牝4,52.0,三津谷隼,1:55.1,3/4,4-4-5-6,40.0,36.2,10.0,478.0,-2.0,[西]石坂正,水上行雄,0.0,2013102838,01159,01022,482002
201709040407,14,2,4,サンマルアリュール,牝5,54.0,加藤祥太,1:55.1,ハナ,13-12-12-11,39.4,198.4,16.0,524.0,4.0,[西]大橋勇樹,相馬勇,0.0,2012105273,01156,01065,580007
201709040407,15,7,14,ベルリンガー,牝4,55.0,池添謙一,1:55.8,4,5-4-5-8,40.6,148.8,15.0,496.0,-12.0,[西]西浦勝一,Ｈ．Ｈ．シェイク・モハメド,0.0,2013100602,01032,01016,003060
201709040407,16,1,2,チェリーボンボン,牝3,49.0,富田暁,1:57.2,8,11-12-14-16,41.2,63.3,12.0,444.0,4.0,[西]木原一良,山内邦一,0.0,2014101342,01168,01033,381002
201709040408,1,4,6,クリノヤマトノオー,牡3,54.0,和田竜二,1:47.3,,3-3,33.7,7.0,4.0,448.0,2.0,[西]高橋義忠,栗本守,750.0,2014104922,01018,01129,488007
201709040408,2,2,3,バティスティーニ,牡4,57.0,福永祐一,1:47.3,クビ,8-6,33.4,2.9,1.0,490.0,22.0,[西]池添学,サンデーレーシング,300.0,2013106012,01014,01144,226800
201709040408,3,2,2,ロライマ,セ4,57.0,Ｍ．デム,1:47.3,ハナ,11-9,33.2,7.3,5.0,434.0,-10.0,[西]松田国英,社台レースホース,190.0,2013105677,05212,01011,415800
201709040408,4,7,12,ナリタゴールド,セ5,54.0,富田暁,1:47.4,クビ,6-6,33.5,30.4,7.0,422.0,-4.0,[西]松永昌博,オースミ,110.0,2012104246,01168,01083,712800
201709040408,5,3,5,エイシンルーク,牡3,54.0,ルメール,1:47.4,ハナ,8-9,33.3,6.1,3.0,490.0,-4.0,[西]藤岡健一,栄進堂,75.0,2014103283,05339,01062,785800
201709040408,6,6,11,ワンダープチュック,牡3,54.0,武豊,1:47.4,クビ,11-12,33.1,3.9,2.0,490.0,0.0,[西]河内洋,山本信行,0.0,2014103795,00666,01072,634001
201709040408,7,6,10,レンジャックマン,牡3,53.0,坂井瑠星,1:47.8,2.1/2,2-2,34.4,13.1,6.0,446.0,4.0,[西]矢作芳人,田畑勝彦,0.0,2014101616,01163,01075,365030
201709040408,8,3,4,トゥルーハート,牡4,56.0,加藤祥太,1:48.2,2.1/2,8-9,34.1,56.7,10.0,466.0,0.0,[西]庄野靖志,ヒダカ・ブリーダーズ・ユニオン,0.0,2013102687,01156,01087,547800
201709040408,9,8,14,インウィスパーズ,牡3,54.0,松山弘平,1:48.2,ハナ,1-1,34.8,33.0,8.0,432.0,-10.0,[西]音無秀孝,金子真人ホールディングス,0.0,2014102388,01126,01002,708800
201709040408,10,1,1,レックス,セ3,54.0,川須栄彦,1:48.2,ハナ,14-13,33.8,408.9,14.0,444.0,4.0,[西]作田誠二,小林竜太郎,0.0,2014100094,01128,01006,336030
201709040408,11,5,8,フォルシャー,牡6,57.0,岩田康誠,1:48.3,1/2,15-14,33.7,33.3,9.0,478.0,2.0,[西]杉山晴紀,社台レースホース,0.0,2011103688,05203,01157,415800
201709040408,12,4,7,ヴレ,牡4,56.0,荻野極,1:48.5,1.1/4,6-6,34.6,226.5,13.0,512.0,-10.0,[西]加用正,宮川純造,0.0,2013103616,01160,00425,350002
201709040408,13,8,15,アグネスザルーツ,牡4,56.0,岩崎翼,1:48.6,1/2,3-3,35.0,144.1,12.0,464.0,-10.0,[西]石橋守,畑佐博,0.0,2013105352,01146,01140,078006
201709040408,14,7,13,ピオニエ,牝3,52.0,水口優也,1:48.8,1.1/2,13-14,34.2,486.6,15.0,402.0,-6.0,[西]崎山博樹,田頭勇貴,0.0,2014104287,01133,00365,855030
201709040408,15,5,9,マイネルサグラ,牡4,54.0,三津谷隼,1:49.0,3/4,3-3,35.4,78.8,11.0,480.0,-4.0,[西]中村均,サラブレッドクラブ・ラフィアン,0.0,2013101910,01159,00261,546800
201709040409,1,7,13,オアシスクイーン,牝3,53.0,幸英明,1:11.1,,5-6,35.4,2.6,1.0,478.0,-6.0,[西]佐藤正雄,村上稔,1538.5,2014104352,00732,01025,870004
201709040409,2,8,15,スズカプリズム,牝4,55.0,小牧太,1:11.3,1.1/2,12-11,34.9,44.0,11.0,482.0,6.0,[西]橋田満,永井啓弍,611.0,2013101296,00894,00362,382004
201709040409,3,8,16,アスタースウィング,牡3,55.0,ルメール,1:11.4,クビ,8-7,35.5,3.6,2.0,500.0,8.0,[西]中竹和也,加藤久枝,385.5,2014110107,05339,01039,935003
201709040409,4,6,12,ブルームーン,牡5,57.0,川田将雅,1:11.4,クビ,15-14,34.7,9.9,4.0,472.0,-6.0,[西]清水久詞,ノースヒルズ,230.0,2012100624,01088,01110,788800
201709040409,5,4,7,キングソング,牡7,57.0,北村友一,1:11.4,ハナ,11-11,35.0,16.5,6.0,438.0,-6.0,[西]平田修,松岡隆雄,150.0,2010100463,01102,01082,306008
201709040409,6,2,3,メイショウユメゴゼ,牝8,55.0,和田竜二,1:11.5,1/2,5-5,36.0,12.7,5.0,492.0,2.0,[西]沖芳夫,松本好雄,0.0,2009100976,01018,00378,523005
201709040409,7,3,6,シルバードリーム,牝4,55.0,荻野極,1:11.8,1.3/4,2-2,36.5,22.9,7.0,474.0,-4.0,[西]加用正,南波壽,0.0,2013100211,01160,00425,393002
201709040409,8,3,5,ブロンズテーラー,牝6,55.0,国分恭介,1:11.9,1/2,8-7,36.1,33.2,10.0,472.0,14.0,[西]飯田雄三,中西浩一,0.0,2011101737,01124,01050,730002
201709040409,9,7,14,エイシンパライソ,牡5,57.0,藤岡康太,1:12.1,1.1/4,10-7,36.3,73.2,13.0,510.0,-6.0,[西]藤岡健一,栄進堂,0.0,2012110016,01116,01062,785800
201709040409,10,4,8,ノーブルヴィーナス,牝5,55.0,鮫島良太,1:12.3,1,12-11,35.8,165.1,15.0,464.0,14.0,[西]牧浦充徳,吉木伸彦,0.0,2012103410,01099,01113,755030
201709040409,11,2,4,アメリカントップ,牡4,57.0,藤岡佑介,1:12.6,2,3-2,37.3,7.6,3.0,524.0,-18.0,[西]藤岡健一,吉澤克己,0.0,2013110026,01093,01062,367008
201709040409,12,5,9,ミカエルシチー,牡5,57.0,岩田康誠,1:12.9,2,12-15,36.3,26.3,8.0,530.0,2.0,[西]橋口慎介,友駿ホースクラブ,0.0,2012105305,05203,01154,321800
201709040409,13,5,10,サンレイルージュ,牝5,55.0,坂井瑠星,1:13.4,3,3-4,38.0,199.9,16.0,486.0,12.0,[西]西橋豊治,永井啓弍,0.0,2012104981,01163,00434,382004
201709040409,14,1,1,メイショウボノム,牡5,57.0,秋山真一,1:13.6,1,1-1,38.5,31.3,9.0,474.0,-4.0,[西]松永昌博,松本好雄,0.0,2012103504,01019,01083,523005
201709040409,15,6,11,エンドレスシャイン,牡6,57.0,松若風馬,1:13.6,ハナ,16-16,36.5,82.8,14.0,446.0,6.0,[西]鈴木孝志,岡田牧雄,0.0,2011100419,01154,01111,851009
201709040409,16,1,2,メイショウカロッタ,牡5,57.0,城戸義政,1:13.9,1.3/4,5-7,38.3,48.4,12.0,490.0,-8.0,[西]南井克巳,松本好雄,0.0,2012105495,01147,01049,523005
201709040410,1,2,2,ロードアルバータ,牡3,54.0,ルメール,2:01.2,,8-8-6-8,34.4,3.5,2.0,438.0,-14.0,[西]角居勝彦,ロードホースクラブ,1528.0,2014101095,05339,01053,170800
201709040410,2,3,3,サマーローズ,牝5,55.0,小牧太,2:01.3,1/2,11-11-9-2,35.0,17.9,6.0,482.0,0.0,[西]沖芳夫,樋口稔,608.0,2012103986,00894,00378,859030
201709040410,3,4,4,アルメリアブルーム,牝3,52.0,福永祐一,2:01.3,ハナ,7-6-8-8,34.5,8.6,4.0,424.0,0.0,[西]高橋康之,サンデーレーシング,384.0,2014105249,01014,01135,226800
201709040410,4,7,8,ウォータービルド,牡3,54.0,武豊,2:01.3,クビ,9-9-9-8,34.5,2.1,1.0,482.0,0.0,[西]岡田稲男,山岡良一,230.0,2014104010,00666,01066,538009
201709040410,5,8,11,メイショウミツボシ,牡5,57.0,横山典弘,2:01.4,1/2,1-1-2-3,35.1,95.8,10.0,482.0,0.0,[西]本田優,松本好雄,150.0,2012105498,00660,01099,523005
201709040410,6,1,1,タイセイアプローズ,牡5,57.0,松山弘平,2:01.5,1/2,3-3-6-3,35.0,21.5,7.0,454.0,-8.0,[西]宮本博,田中成奉,0.0,2012101673,01126,01073,224007
201709040410,7,6,6,ファシーノ,牡6,57.0,秋山真一,2:01.5,クビ,6-6-1-1,35.3,49.9,9.0,476.0,0.0,[西]北出成人,社台レースホース,0.0,2011103501,01019,01078,415800
201709040410,8,7,9,ジュンスパーヒカル,牡5,57.0,岩田康誠,2:01.6,クビ,2-2-4-6,35.0,12.4,5.0,466.0,2.0,[西]友道康夫,河合純二,0.0,2012104792,05203,01061,165033
201709040410,9,5,5,アドマイヤツヨシ,牡7,57.0,川須栄彦,2:01.6,ハナ,9-9-11-11,34.6,144.7,11.0,474.0,4.0,[西]梅田智之,近藤利一,0.0,2010105786,01128,01084,398002
201709040410,10,6,7,オールドクラシック,牡4,57.0,川田将雅,2:01.8,1.1/4,3-3-4-6,35.2,22.8,8.0,476.0,-2.0,[西]矢作芳人,リーヴァ,0.0,2013106060,01088,01075,781800
201709040410,11,8,10,ローズウィスパー,牝4,55.0,北村友一,2:01.9,1/2,3-5-3-3,35.5,8.4,3.0,480.0,6.0,[西]池添学,シルクレーシング,0.0,2013106189,01102,01144,506800
201709040411,1,7,14,ラビットラン,牝3,54.0,和田竜二,1:45.5,,13-13,33.5,26.4,8.0,444.0,4.0,[西]角居勝彦,吉田和子,5330.2,2014110010,01018,01053,151006
201709040411,2,8,16,カワキタエンカ,牝3,54.0,横山典弘,1:45.7,1.1/4,1-1,35.1,21.4,6.0,462.0,6.0,[西]浜田多実,川島吉男,2137.2,2014101058,00660,01138,341002
201709040411,3,3,6,リスグラシュー,牝3,54.0,武豊,1:45.8,3/4,13-15,33.7,6.3,3.0,436.0,4.0,[西]矢作芳人,キャロットファーム,1318.6,2014106220,00666,01075,486800
201709040411,4,3,5,ミリッサ,牝3,54.0,福永祐一,1:45.8,ハナ,16-13,33.8,9.7,5.0,420.0,6.0,[西]石坂正,キャロットファーム,780.0,2014105951,01014,01022,486800
201709040411,5,6,11,メイショウオワラ,牝3,54.0,小牧太,1:45.9,クビ,8-8,34.2,48.0,12.0,456.0,-6.0,[西]岡田稲男,松本好雄,520.0,2014103580,00894,01066,523005
201709040411,6,8,17,ファンディーナ,牝3,54.0,岩田康誠,1:46.2,1.3/4,5-5,34.9,2.9,1.0,526.0,22.0,[西]高野友和,ターフ・スポート,0.0,2014103309,05203,01117,102800
201709040411,7,1,2,モズカッチャン,牝3,54.0,Ｍ．デム,1:46.2,クビ,7-7,34.6,4.3,2.0,482.0,14.0,[西]鮫島一歩,キャピタル・システム,0.0,2014102565,05212,01046,005803
201709040411,8,6,12,ブライトムーン,牝3,54.0,藤岡佑介,1:46.2,ハナ,18-18,33.6,380.0,17.0,430.0,0.0,[西]大久保龍,ノースヒルズ,0.0,2014100616,01093,01058,788800
201709040411,9,5,10,レーヌミノル,牝3,54.0,池添謙一,1:46.3,クビ,5-6,34.9,7.5,4.0,474.0,6.0,[西]本田優,吉岡實,0.0,2014105043,01032,01099,265008
201709040411,10,2,4,ミスパンテール,牝3,54.0,四位洋文,1:46.3,ハナ,10-12,34.4,62.0,13.0,508.0,0.0,[西]昆貢,寺田千代乃,0.0,2014101898,00700,01044,534006
201709040411,11,2,3,サトノアリシア,牝3,54.0,北村友一,1:46.3,クビ,8-8,34.6,126.6,15.0,478.0,0.0,[西]平田修,里見治,0.0,2014106205,01102,01082,790031
201709040411,12,1,1,クイーンマンボ,牝3,54.0,ルメール,1:46.4,3/4,10-10,34.6,22.3,7.0,490.0,-8.0,[西]角居勝彦,ヒダカ・ブリーダーズ・ユニオン,0.0,2014104424,05339,01053,547800
201709040411,13,4,7,メイズオブオナー,牝3,54.0,吉田隼人,1:46.4,アタマ,15-16,34.0,45.0,11.0,460.0,-2.0,[西]藤原英昭,ロードホースクラブ,0.0,2014101086,01095,01055,170800
201709040411,14,7,15,カラクレナイ,牝3,54.0,川田将雅,1:46.5,クビ,4-3,35.3,28.2,9.0,496.0,12.0,[西]松下武士,吉田照哉,0.0,2014105621,01088,01149,758005
201709040411,15,5,9,アロンザモナ,牝3,54.0,幸英明,1:47.0,3,12-10,35.2,384.5,18.0,470.0,4.0,[西]西浦勝一,ディアレストクラブ,0.0,2014101289,00732,01016,013803
201709040411,16,4,8,ブラックスビーチ,牝3,54.0,秋山真一,1:47.0,アタマ,3-3,35.8,28.3,10.0,450.0,6.0,[西]角居勝彦,山本英俊,0.0,2014105627,01019,01053,124008
201709040411,17,7,13,ハローユニコーン,牝3,54.0,田辺裕信,1:48.0,6,16-16,35.7,114.1,14.0,448.0,16.0,[西]鮫島一歩,ＣＨＥＶＡＬＡＴＴＡＣＨＥ,0.0,2014104031,01075,01046,888800
201709040411,18,8,18,ヤマカツグレース,牝3,54.0,松山弘平,1:48.6,3.1/2,2-2,37.8,144.7,16.0,448.0,0.0,[西]池添兼雄,山田博康,0.0,2014104351,01126,01021,240005
201709040412,1,1,1,サフランハート,牡4,57.0,福永祐一,1:22.6,,11-13,33.6,3.5,2.0,444.0,-8.0,[西]北出成人,海原聖一,750.0,2013103082,01014,01078,471002
201709040412,2,8,16,クローディオ,セ5,56.0,荻野極,1:22.6,クビ,14-3,34.0,13.5,5.0,456.0,-12.0,[西]石坂正,キャロットファーム,300.0,2012104657,01160,01022,486800
201709040412,3,5,10,ダノンブライト,牡5,57.0,川田将雅,1:22.6,アタマ,2-2,34.3,6.9,4.0,470.0,-6.0,[西]大久保龍,ダノックス,190.0,2012101386,01088,01058,619800
201709040412,4,3,5,ヤマカツサファイヤ,牝4,55.0,池添謙一,1:22.7,クビ,1-1,34.6,29.4,9.0,510.0,8.0,[西]池添兼雄,山田博康,110.0,2013104051,01032,01021,240005
201709040412,5,7,14,ラグナグ,牝4,55.0,四位洋文,1:23.0,1.3/4,11-8,34.1,6.3,3.0,486.0,2.0,[西]石橋守,吉田照哉,75.0,2013105627,00700,01140,758005
201709040412,6,5,9,テイエムイキオイ,牡3,55.0,松山弘平,1:23.1,3/4,7-5,34.5,44.4,13.0,458.0,-4.0,[西]山内研二,竹園正繼,0.0,2014104508,01126,00388,356002
201709040412,7,6,11,キスミーワンス,牝3,53.0,武豊,1:23.2,クビ,11-10,34.3,20.7,7.0,444.0,6.0,[西]角田晃一,吉田千津,0.0,2014105779,00666,01121,310007
201709040412,8,8,18,ウイングタイガー,牝5,55.0,岡田祥嗣,1:23.2,クビ,17-16,33.8,42.0,12.0,448.0,-2.0,[西]服部利之,ミキハウスＨＫサービス,0.0,2012105197,05429,01040,756800
201709040412,9,6,12,ミッキーディナシー,牝4,55.0,北村友一,1:23.3,クビ,14-13,34.1,143.2,16.0,414.0,-10.0,[西]角居勝彦,野田みづき,0.0,2013105978,01102,01053,441007
201709040412,10,1,2,タイセイブレーク,牡3,55.0,Ｍ．デム,1:23.5,1.1/2,14-16,34.2,3.4,1.0,502.0,-2.0,[西]浜田多実,田中成奉,0.0,2014101919,05212,01138,224007
201709040412,11,4,8,ゴールドポセイドン,牡3,55.0,幸英明,1:23.8,1.3/4,5-8,35.2,17.5,6.0,460.0,10.0,[西]西浦勝一,ＨｉｍＲｏｃｋＲａｃｉｎｇ,0.0,2014102248,00732,01016,064700
201709040412,12,8,17,ディープアドラーレ,牝3,53.0,古川吉洋,1:23.8,クビ,7-5,35.2,136.2,15.0,440.0,18.0,[西]本田優,深見敏男,0.0,2014105047,01015,01099,128008
201709040412,13,7,15,ウイングフリオーソ,牝3,50.0,三津谷隼,1:23.9,3/4,2-3,35.6,35.6,10.0,456.0,0.0,[西]目野哲也,杵臼斉藤牧場,0.0,2014103150,01159,00387,406800
201709040412,14,2,3,スリーミスヨハネス,牝3,53.0,国分恭介,1:24.0,クビ,4-5,35.6,125.9,14.0,450.0,-2.0,[西]加藤敬二,永井商事,0.0,2014103379,01124,00379,061800
201709040412,15,7,13,ウインペイザージュ,牝3,53.0,和田竜二,1:24.0,ハナ,7-10,35.2,29.1,8.0,452.0,-6.0,[西]中村均,ウイン,0.0,2014100238,01018,00261,494800
201709040412,16,2,4,メイショウシャチ,牡4,57.0,菱田裕二,1:24.1,3/4,7-13,35.2,39.3,11.0,468.0,-2.0,[西]石橋守,松本好雄,0.0,2013103823,01144,01140,523005
201709040412,17,3,6,アウトリガーカヌー,牡3,55.0,小牧太,1:24.4,2,18-18,34.7,244.7,18.0,522.0,-2.0,[西]村山明,金子真人ホールディングス,0.0,2014102035,00894,01107,708800
201709040412,18,4,7,シーハリケーン,セ3,55.0,荻野琢真,1:24.6,1.1/4,5-10,36.0,158.9,17.0,470.0,10.0,[西]宮本博,社台レースホース,0.0,2014105687,01112,01073,415800
201709040501,1,6,6,ディライトプロミス,牝2,54.0,川田将雅,1:25.8,,5-3,38.3,2.6,1.0,452.0,-4.0,[西]池添学,キャロットファーム,500.0,2015110002,01088,01144,486800
201709040501,2,7,8,リスペクタブル,牡2,54.0,和田竜二,1:26.6,5,10-9,38.0,4.5,2.0,494.0,0.0,[西]橋田満,グランド牧場,200.0,2015105634,01018,00362,367800
201709040501,3,8,11,キングリーフィスト,牡2,53.0,荻野極,1:26.6,クビ,2-2,39.4,7.6,4.0,488.0,-4.0,[西]清水久詞,山口敦広,130.0,2015101719,01160,01110,895030
201709040501,4,7,9,ダンツタイヨウ,牡2,54.0,松若風馬,1:26.7,クビ,1-1,39.6,6.4,3.0,512.0,4.0,[西]山内研二,山元哲二,75.0,2015105439,01154,00388,248005
201709040501,5,4,4,ブルベアノザワナ,牡2,54.0,酒井学,1:27.7,6,7-7,39.6,50.3,9.0,438.0,-6.0,[西]服部利之,ブルアンドベア,50.0,2015100084,01034,01040,843800
201709040501,6,2,2,サイモンバイタル,牡2,54.0,高倉稜,1:28.1,2.1/2,5-5,40.2,40.2,8.0,432.0,-4.0,[西]川村禎彦,澤田昭紀,0.0,2015105882,01130,01003,132030
201709040501,7,6,7,タンロン,牡2,54.0,松山弘平,1:28.2,クビ,2-4,40.7,11.3,6.0,460.0,2.0,[西]寺島良,中辻明,0.0,2015104032,01126,01158,646030
201709040501,8,8,10,アイファーアピール,牝2,51.0,富田暁,1:28.2,クビ,9-9,39.6,23.9,7.0,470.0,12.0,[西]坂口正則,中島稔,0.0,2015105734,01168,00356,119007
201709040501,9,5,5,コスモロッソ,牡2,54.0,菱田裕二,1:29.0,5,11-11,39.6,156.5,11.0,476.0,6.0,[東]松山将樹,岡田繁幸,0.0,2015106397,01144,01100,760008
201709040501,10,3,3,メイショウスイレン,牝2,51.0,森裕太朗,1:29.4,2.1/2,8-7,41.1,70.5,10.0,384.0,8.0,[西]坂口正則,松本好雄,0.0,2015103422,01165,00356,523005
201709040501,11,1,1,カシノアプローズ,牝2,53.0,義英真,1:31.7,大,4-5,44.2,8.9,5.0,508.0,4.0,[西]牧田和弥,柏木務,0.0,2015106419,01155,01123,514009
201709040502,1,3,3,タニノフランケル,牡2,54.0,福永祐一,2:04.7,,1-1-1-1,35.2,1.1,1.0,526.0,-2.0,[西]角居勝彦,谷水雄三,500.0,2015110047,01014,01053,764001
201709040502,2,7,7,ウォーターパルフェ,牡2,54.0,酒井学,2:04.9,1.1/4,2-2-2-2,35.3,4.8,2.0,476.0,0.0,[西]田所秀孝,山岡正人,200.0,2015103079,01034,01009,312006
201709040502,3,2,2,ゼットジガンテ,牡2,54.0,鮫島良太,2:05.1,1.1/2,3-3-3-3,35.3,12.2,3.0,450.0,2.0,[西]宮徹,フォーレスト,130.0,2015106160,01099,01018,730800
201709040502,4,5,5,ディヴァインサーガ,牡2,54.0,松若風馬,2:05.8,4,3-3-3-3,36.0,34.2,5.0,444.0,4.0,[西]大久保龍,杉山忠国,75.0,2015102662,01154,01058,053803
201709040502,5,1,1,ザリーティー,牝2,54.0,和田竜二,2:06.3,3,5-5-5-5,36.3,21.4,4.0,442.0,0.0,[西]杉山晴紀,中村智幸,50.0,2015102742,01018,01157,669033
201709040502,6,6,6,タマモリング,牡2,51.0,富田暁,2:06.4,3/4,6-6-6-5,36.3,103.1,7.0,442.0,0.0,[西]池添学,タマモ,0.0,2015105154,01168,01144,515800
201709040502,7,4,4,ウインストロベリー,牝2,54.0,松山弘平,2:10.7,大,7-7-7-7,39.7,92.8,6.0,434.0,-2.0,[西]宮徹,ウイン,0.0,2015102042,01126,01018,494800
201709040503,1,2,3,デロングスター,牝3,54.0,川田将雅,1:11.4,,2-3,36.2,10.5,7.0,460.0,-4.0,[西]藤原英昭,社台レースホース,500.0,2014105372,01088,01055,415800
201709040503,2,4,8,メイショウヒボタン,牝3,54.0,幸英明,1:11.6,1.1/2,4-4,36.2,5.1,2.0,446.0,2.0,[西]藤沢則雄,松本好雄,200.0,2014104048,00732,01041,523005
201709040503,3,7,14,サウンドビクトリー,牝3,54.0,中谷雄太,1:11.7,クビ,8-8,35.9,5.3,3.0,498.0,-6.0,[西]高橋康之,増田雄一,130.0,2014105157,01038,01135,168006
201709040503,4,3,5,プライムコード,牡3,56.0,四位洋文,1:12.0,2,13-12,35.5,33.1,10.0,476.0,8.0,[西]昆貢,ターフ・スポート,75.0,2014100876,00700,01044,102800
201709040503,5,6,12,タガノラガッツォ,牡3,56.0,酒井学,1:12.1,3/4,10-9,36.3,14.6,8.0,434.0,4.0,[西]川村禎彦,八木良司,50.0,2014100490,01034,01003,859002
201709040503,6,4,7,タイキブリジャール,牡3,56.0,福永祐一,1:12.2,1/2,2-2,37.0,9.4,5.0,456.0,-6.0,[西]大久保龍,大樹ファーム,0.0,2014103492,01014,01058,536800
201709040503,7,8,16,ヒロノランマン,牡3,56.0,松若風馬,1:12.2,アタマ,11-10,36.1,15.4,9.0,504.0,6.0,[西]寺島良,サンエイ開発,0.0,2014103021,01154,01158,807800
201709040503,8,3,6,ホッコーカゲムシャ,牡3,56.0,国分優作,1:12.6,2.1/2,1-1,37.5,6.9,4.0,436.0,-10.0,[西]西浦勝一,北幸商事,0.0,2014101809,01125,01016,057803
201709040503,9,5,9,ウニオミュスティカ,牡3,55.0,荻野極,1:12.9,2,4-4,37.5,9.9,6.0,500.0,2.0,[西]西園正都,吉田勝己,0.0,2014106159,01160,01028,790005
201709040503,10,6,11,スマートニンバス,牝3,54.0,武豊,1:12.9,クビ,12-13,36.5,4.5,1.0,450.0,-6.0,[西]西園正都,大川徹,0.0,2014104381,00666,01028,007803
201709040503,11,7,13,チョコタベチャウゾ,牝3,54.0,太宰啓介,1:13.2,1.3/4,15-14,36.3,177.4,13.0,440.0,0.0,[西]奥村豊,熊澤浩樹,0.0,2014104308,01037,01146,162008
201709040503,12,5,10,メイショウチハヤ,牝3,53.0,義英真,1:13.9,4,8-10,37.9,101.6,12.0,422.0,-8.0,[西]松下武士,松本好雄,0.0,2014103653,01155,01149,523005
201709040503,13,1,1,スプリングノート,牝3,54.0,和田竜二,1:14.3,2.1/2,4-6,38.9,81.0,11.0,420.0,0.0,[西]岡田稲男,サンデーレーシング,0.0,2014105906,01018,01066,226800
201709040503,14,1,2,メイショウコンドル,牡3,56.0,藤岡康太,1:14.4,3/4,4-6,38.9,282.5,15.0,512.0,6.0,[西]荒川義之,松本好隆,0.0,2014104075,01116,01095,911008
201709040503,15,8,15,リッカハピネス,牝3,54.0,田中健,1:16.1,大,13-15,39.2,416.4,16.0,428.0,8.0,[西]北出成人,立花幸雄,0.0,2014101269,01114,01078,972007
201709040503,16,2,4,ニホンピロサーラス,牡3,56.0,小牧太,1:19.8,大,16-16,41.3,252.8,14.0,470.0,-12.0,[西]服部利之,小林百太郎,0.0,2014104522,00894,01040,985001
201709040504,1,6,12,アバルラータ,牝3,51.0,森裕太朗,1:47.6,,8-5,34.7,5.9,2.0,446.0,4.0,[西]鮫島一歩,安原浩司,500.0,2014104346,01165,01046,271008
201709040504,2,4,8,サワヤカフェスタ,牝3,54.0,原田和真,1:47.8,1.1/2,13-14,34.5,131.5,17.0,400.0,-6.0,[西]渡辺薫彦,ノルマンディーサラブレッドレーシング,200.0,2014102718,01143,01155,854800
201709040504,3,2,3,アオイスカーレット,牝3,54.0,川田将雅,1:47.9,1/2,5-7,34.9,4.1,1.0,466.0,8.0,[西]角居勝彦,新谷正子,130.0,2014102676,01088,01053,974033
201709040504,4,8,17,ジェルマ,セ3,56.0,水口優也,1:48.0,3/4,1-1,35.3,119.0,16.0,476.0,-20.0,[西]吉田直弘,吉田照哉,75.0,2014105597,01133,01101,758005
201709040504,5,1,2,ラナイ,牝3,53.0,岩崎翼,1:48.1,クビ,5-7,35.1,87.7,14.0,432.0,-4.0,[西]河内洋,ノースヒルズ,50.0,2014100607,01146,01072,788800
201709040504,6,2,4,プライヤビスタ,牡3,56.0,池添謙一,1:48.1,アタマ,16-16,34.7,7.0,5.0,586.0,-4.0,[西]高橋亮,市川義美ホールディングス,0.0,2014105769,01032,01136,010803
201709040504,7,5,9,レッドジュラーレ,牝3,54.0,松山弘平,1:48.1,クビ,13-10,35.0,25.3,10.0,464.0,-4.0,[西]石坂正,東京ホースレーシング,0.0,2014105407,01126,01022,180800
201709040504,8,7,15,ロードバリスタ,セ3,56.0,太宰啓介,1:48.2,クビ,10-7,35.2,6.5,3.0,486.0,-6.0,[西]昆貢,ロードホースクラブ,0.0,2014101085,01037,01044,170800
201709040504,9,5,10,モズアトラクション,牡3,56.0,幸英明,1:48.3,1/2,8-12,35.1,19.8,7.0,472.0,2.0,[西]松下武士,キャピタル・システム,0.0,2014101197,00732,01149,005803
201709040504,10,3,6,ショウナンサリュー,牡3,56.0,福永祐一,1:48.3,ハナ,5-3,35.5,6.8,4.0,480.0,-2.0,[西]高野友和,国本哲秀,0.0,2014103715,01014,01117,331002
201709040504,11,1,1,モハー,牝3,53.0,義英真,1:48.3,アタマ,4-5,35.4,90.9,15.0,486.0,-12.0,[西]崎山博樹,北山敏隆,0.0,2014103990,01155,00365,789002
201709040504,12,3,5,バーボネラ,牝3,53.0,鮫島克駿,1:48.3,ハナ,2-2,35.6,44.4,12.0,440.0,2.0,[西]荒川義之,社台レースホース,0.0,2014105538,01157,01095,415800
201709040504,13,6,11,サンレイサワヤカ,牝3,54.0,鮫島良太,1:48.5,1,10-10,35.4,81.3,13.0,428.0,6.0,[西]西橋豊治,永井啓弍,0.0,2014102719,01099,00434,382004
201709040504,14,4,7,ハートクレスト,牝3,54.0,秋山真一,1:48.8,1.3/4,10-14,35.5,23.9,8.0,432.0,4.0,[西]鈴木孝志,サンデーレーシング,0.0,2014106165,01019,01111,226800
201709040504,15,7,13,ライズイーグル,牡3,56.0,中井裕二,1:49.0,1,2-3,36.2,25.0,9.0,518.0,14.0,[西]浜田多実,大野照旺,0.0,2014110066,01141,01138,550033
201709040504,16,7,14,スマートシグルズ,牡3,56.0,武豊,1:49.0,クビ,17-16,35.5,8.9,6.0,446.0,4.0,[西]池江泰寿,大川徹,0.0,2014102261,00666,01071,007803
201709040504,17,8,16,スムーズジャズ,牡3,56.0,藤岡康太,1:49.1,3/4,18-18,35.3,198.6,18.0,490.0,-2.0,[西]今野貞一,サンデーレーシング,0.0,2014105256,01116,01128,226800
201709040504,18,8,18,カルトデュモンド,牡3,56.0,和田竜二,1:49.2,3/4,13-12,36.0,26.0,11.0,430.0,0.0,[西]須貝尚介,社台レースホース,0.0,2014105369,01018,01105,415800
201709040505,1,4,4,ボウルズ,牝2,54.0,小牧太,1:38.3,,9-8,33.5,4.6,2.0,454.0,0.0,[西]小崎憲,山住勲,700.0,2015104205,00894,01085,258030
201709040505,2,2,2,ウスベニノキミ,牝2,54.0,和田竜二,1:38.3,クビ,3-3,34.0,7.3,4.0,428.0,0.0,[西]鈴木孝志,岡浩二,280.0,2015106056,01018,01111,370008
201709040505,3,7,7,メサルティム,牝2,53.0,荻野極,1:38.4,3/4,6-7,33.9,18.0,7.0,424.0,0.0,[西]荒川義之,キャロットファーム,180.0,2015104947,01160,01095,486800
201709040505,4,3,3,グアン,牝2,54.0,武豊,1:38.8,2.1/2,2-2,34.7,2.9,1.0,460.0,0.0,[西]池江泰寿,キーファーズ,110.0,2015103368,00666,01071,002803
201709040505,5,8,8,オルボンディール,牝2,54.0,藤岡康太,1:38.9,3/4,1-1,34.8,9.3,6.0,440.0,0.0,[西]西園正都,シルクレーシング,70.0,2015104787,01116,01028,506800
201709040505,6,5,5,メジャーシャルマン,牝2,54.0,福永祐一,1:39.0,3/4,3-3,34.7,5.3,3.0,424.0,0.0,[西]石坂正,吉澤克己,0.0,2015105049,01014,01022,367008
201709040505,7,8,9,ヒナマツリ,牝2,53.0,岩崎翼,1:39.4,2.1/2,6-5,35.0,123.3,9.0,400.0,0.0,[西]村山明,西尾誠一郎,0.0,2015101393,01146,01107,205006
201709040505,8,6,6,ラポートトーク,牝2,54.0,川田将雅,1:40.2,5,5-5,35.8,8.1,5.0,470.0,0.0,[西]須貝尚介,金子真人ホールディングス,0.0,2015101873,01088,01105,708800
201709040505,9,1,1,エイシンヘリテイジ,牝2,54.0,松山弘平,1:40.2,クビ,8-8,35.5,40.2,8.0,458.0,0.0,[西]中尾秀正,栄進堂,0.0,2015102891,01126,01069,785800
201709040506,1,6,6,サクラアリュール,牡2,54.0,福永祐一,1:55.1,,3-3-3-2,37.3,12.5,5.0,452.0,0.0,[西]村山明,さくらコマース,700.0,2015105868,01014,01107,019800
201709040506,2,8,9,ショーム,牡2,54.0,秋山真一,1:55.2,3/4,9-9-9-6,36.5,19.8,8.0,474.0,0.0,[東]鈴木伸尋,西森鶴,280.0,2015100348,01019,01026,677009
201709040506,3,7,7,イグレット,牝2,54.0,武豊,1:55.8,3.1/2,4-4-4-3,37.8,4.1,2.0,450.0,0.0,[西]松永幹夫,前田幸治,180.0,2015110014,00666,01092,948006
201709040506,4,3,3,サンライズハニー,牡2,54.0,松山弘平,1:55.8,クビ,2-2-2-1,38.1,16.0,7.0,480.0,0.0,[西]平田修,松岡隆雄,110.0,2015102241,01126,01082,306008
201709040506,5,5,5,ガッツィーソート,牡2,54.0,和田竜二,1:56.1,1.3/4,7-4-5-5,38.0,2.6,1.0,498.0,0.0,[西]鈴木孝志,小林竜太郎,70.0,2015106216,01018,01111,336030
201709040506,6,7,8,キョウワトレンチ,牡2,54.0,小牧太,1:56.2,クビ,6-7-7-6,37.7,5.9,3.0,490.0,0.0,[西]飯田祐史,協和牧場,0.0,2015100180,00894,01139,763800
201709040506,7,8,10,ハギノグランデ,牡2,54.0,松若風馬,1:57.2,6,10-10-10-9,38.2,10.5,4.0,608.0,0.0,[西]松田国英,日隈良江,0.0,2015104577,01154,01011,950006
201709040506,8,4,4,ミッキーマラン,牡2,54.0,幸英明,1:58.3,7,5-4-5-6,40.1,12.7,6.0,462.0,0.0,[西]中村均,三木久史,0.0,2015103391,00732,00261,052006
201709040506,9,2,2,ドストライク,牡2,54.0,藤懸貴志,1:58.9,3.1/2,8-8-7-9,40.3,109.1,10.0,500.0,0.0,[西]安達昭夫,市川義美ホールディングス,0.0,2015101453,01138,01042,010803
201709040506,10,1,1,アウトバーン,牡2,54.0,国分優作,2:00.0,7,1-1-1-3,42.4,45.2,9.0,460.0,0.0,[西]目野哲也,鳴戸雄一,0.0,2015105736,01125,00387,551008
201709040507,1,5,9,マルカソレイユ,牝3,53.0,福永祐一,1:24.5,,5-4,36.6,4.0,1.0,466.0,0.0,[西]今野貞一,日下部猛,750.0,2014105416,01014,01128,927033
201709040507,2,8,16,トラストマヴィア,牝4,55.0,幸英明,1:24.8,2,15-12,36.2,14.1,8.0,484.0,2.0,[西]羽月友彦,菅波雅巳,300.0,2013101996,00732,01091,125008
201709040507,3,6,12,オールスマイル,牝4,55.0,松若風馬,1:24.9,クビ,12-10,36.5,11.1,7.0,468.0,6.0,[西]橋口慎介,前田晋二,190.0,2013101795,01154,01154,041002
201709040507,4,3,5,ワンダースニュマン,牝4,52.0,森裕太朗,1:25.0,1/2,12-14,36.6,98.7,13.0,484.0,2.0,[西]羽月友彦,山本信行,110.0,2013102826,01165,01091,634001
201709040507,5,1,1,ダノンディーヴァ,牝3,53.0,松山弘平,1:25.0,クビ,7-6,37.0,5.0,2.0,470.0,8.0,[西]大久保龍,ダノックス,75.0,2014101953,01126,01058,619800
201709040507,6,7,13,スキースクール,牝5,55.0,藤岡康太,1:25.1,1/2,9-8,37.0,15.9,9.0,476.0,-8.0,[西]西浦勝一,Ｈ．Ｈ．シェイク・モハメド,0.0,2012101555,01116,01016,003060
201709040507,7,5,10,ガロファノ,牝5,55.0,武豊,1:25.1,ハナ,9-6,37.1,27.1,11.0,464.0,-6.0,[西]高橋康之,前田幸治,0.0,2012100623,00666,01135,948006
201709040507,8,4,7,スノードリーム,牝4,55.0,古川吉洋,1:25.4,2,2-2,37.9,10.2,6.0,454.0,4.0,[西]高橋義忠,三田昌宏,0.0,2013100720,01015,01129,872800
201709040507,9,6,11,ピアレスピンク,牝5,55.0,菱田裕二,1:25.6,3/4,12-10,37.3,23.3,10.0,506.0,0.0,[西]山内研二,ローレルレーシング,0.0,2012105304,01144,00388,032800
201709040507,10,7,14,ピカロ,牝3,53.0,和田竜二,1:25.7,1/2,3-2,38.1,9.2,4.0,460.0,12.0,[西]鈴木孝志,山口敦広,0.0,2014100098,01018,01111,895030
201709040507,11,4,8,クロースフレンド,牝4,55.0,秋山真一,1:26.3,3.1/2,5-4,38.6,9.6,5.0,426.0,6.0,[西]高橋亮,吉田照哉,0.0,2013105658,01019,01136,758005
201709040507,12,1,2,ビーチパラソル,牝5,54.0,荻野極,1:26.5,1.1/2,11-8,38.4,85.8,12.0,482.0,-4.0,[西]加用正,谷掛龍夫,0.0,2012104342,01160,00425,727008
201709040507,13,2,3,トチノマドンナ,牝4,55.0,藤懸貴志,1:27.2,4,15-16,38.5,431.8,16.0,444.0,10.0,[西]斉藤崇史,阿部東亜子,0.0,2013103844,01138,01151,985033
201709040507,14,8,15,ミヤジマミー,牝3,53.0,川田将雅,1:27.4,1,1-1,40.1,6.4,3.0,484.0,22.0,[西]牧田和弥,曽我司,0.0,2014101147,01088,01123,911009
201709040507,15,3,6,ゴールデンローズ,牝4,55.0,岡田祥嗣,1:29.1,大,3-12,41.1,137.5,14.0,488.0,9.0,[西]千田輝彦,太田珠々子,0.0,2013104938,05429,01120,444030
201709040507,16,2,4,アイファーメリッサ,牝4,52.0,富田暁,1:29.2,1/2,7-14,41.0,248.1,15.0,450.0,-3.0,[西]西橋豊治,中島稔,0.0,2013104286,01168,00434,119007
201709040508,1,2,4,スペードクイーン,牝4,55.0,幸英明,1:09.1,,6-5,34.6,13.6,5.0,466.0,-2.0,[西]西村真幸,吉田和子,750.0,2013110114,00732,01148,151006
201709040508,2,8,16,メイショウカリン,牝3,53.0,武豊,1:09.1,クビ,4-4,34.7,29.1,11.0,484.0,-2.0,[西]笹田和秀,松本好雄,300.0,2014102972,00666,01104,523005
201709040508,3,8,15,グランドポピー,牝5,52.0,森裕太朗,1:09.1,ハナ,3-3,34.8,9.2,3.0,490.0,4.0,[西]岩元市三,田畑利彦,190.0,2012105609,01165,00397,464030
201709040508,4,5,9,カノヤパリティ,牝4,55.0,田中健,1:09.3,1.1/4,7-7,34.6,48.4,12.0,468.0,6.0,[西]坂口正則,神田アヤ子,110.0,2013100784,01114,00356,653033
201709040508,5,1,1,ブライティアレディ,牝4,55.0,高倉稜,1:09.4,1/2,13-13,34.1,12.1,4.0,422.0,-6.0,[西]福島信晴,小林昌志,75.0,2013101207,01130,00396,531006
201709040508,6,7,14,パーリオミノル,牝4,55.0,川田将雅,1:09.5,クビ,7-5,34.9,1.9,1.0,454.0,8.0,[西]北出成人,吉岡實,0.0,2013104774,01088,01078,265008
201709040508,7,1,2,アイファーヴリル,牡4,57.0,藤懸貴志,1:09.6,1/2,16-15,34.0,64.2,13.0,446.0,6.0,[西]柴田光陽,中島稔,0.0,2013104655,01138,00400,119007
201709040508,8,3,6,タツデンコーセッカ,牝4,55.0,酒井学,1:09.6,クビ,9-9,34.7,133.8,14.0,456.0,-2.0,[西]鮫島一歩,鈴木高幸,0.0,2013101359,01034,01046,124033
201709040508,9,6,12,チェイスダウン,牡4,57.0,古川吉洋,1:09.8,1.1/4,12-11,34.4,16.8,6.0,482.0,0.0,[西]寺島良,畑佐博,0.0,2013103614,01015,01158,078006
201709040508,10,5,10,ハルク,牡4,57.0,菱田裕二,1:09.9,3/4,1-1,36.3,22.6,8.0,478.0,-2.0,[西]高橋義忠,ダイリン,0.0,2013101753,01144,01129,479800
201709040508,11,7,13,ラソ,牝3,52.0,岩崎翼,1:10.0,クビ,11-11,34.8,203.6,16.0,434.0,0.0,[西]今野貞一,西山茂行,0.0,2014100827,01146,01128,897009
201709040508,12,3,5,セルリアン,牡3,54.0,城戸義政,1:10.3,1.3/4,13-15,34.7,199.1,15.0,474.0,8.0,[西]藤岡健一,サンライズ,0.0,2014103190,01147,01062,866800
201709040508,13,2,3,アメリカンイナズマ,牡4,57.0,和田竜二,1:10.4,1/2,9-10,35.5,28.4,10.0,580.0,0.0,[西]音無秀孝,吉澤克己,0.0,2013110020,01018,01002,367008
201709040508,14,4,8,グランドロワ,牡3,55.0,池添謙一,1:10.4,クビ,4-7,35.9,18.3,7.0,472.0,-6.0,[西]鈴木孝志,田畑利彦,0.0,2014103032,01032,01111,464030
201709040508,15,4,7,オールドベイリー,牡3,55.0,福永祐一,1:10.5,1/2,13-13,35.0,6.8,2.0,462.0,4.0,[西]中内田充,Ｈ．Ｈ．シェイク・モハメド,0.0,2014110080,01014,01137,003060
201709040508,16,6,11,キクノレレ,牝3,53.0,秋山真一,1:10.7,1,2-2,37.0,23.6,9.0,470.0,4.0,[西]今野貞一,菊池五郎,0.0,2014103498,01019,01128,372002
201709040509,1,3,3,チェスナットコート,牡3,54.0,坂井瑠星,2:28.7,,7-7-6-6,34.1,4.4,2.0,452.0,-4.0,[西]矢作芳人,窪田康志,1078.0,2014101985,01163,01075,514008
201709040509,2,1,1,エーティーラッセン,牡3,54.0,四位洋文,2:28.7,クビ,1-1-1-1,34.5,3.8,1.0,482.0,4.0,[西]木原一良,荒木徹,428.0,2014105125,00700,01033,878005
201709040509,3,4,4,メイショウカミシマ,牡3,54.0,幸英明,2:28.8,1/2,4-4-4-6,34.3,16.9,8.0,450.0,4.0,[西]石橋守,松本好雄,264.0,2014104329,00732,01140,523005
201709040509,4,8,10,アドマイヤジョラス,牡3,54.0,藤岡康太,2:29.1,2,5-5-5-3,34.7,12.4,7.0,480.0,16.0,[西]梅田智之,近藤利一,160.0,2014106447,01116,01084,398002
201709040509,5,7,8,ウインテンダネス,牡4,57.0,菱田裕二,2:29.1,クビ,8-8-9-9,34.3,7.1,5.0,492.0,-6.0,[西]杉山晴紀,ウイン,105.0,2013101249,01144,01157,494800
201709040509,6,5,5,ドルフィンマーク,セ4,57.0,福永祐一,2:29.2,クビ,6-6-6-3,34.8,7.6,6.0,494.0,-2.0,[西]渡辺薫彦,大塚亮一,0.0,2013103395,01014,01155,858800
201709040509,7,2,2,ブロウユアマインド,セ5,57.0,和田竜二,2:29.3,1/2,9-8-8-6,34.7,63.4,9.0,440.0,-12.0,[西]斉藤崇史,シルクレーシング,0.0,2012104654,01018,01151,506800
201709040509,8,7,7,フォースフィールド,牡5,57.0,武豊,2:29.5,1.1/4,10-10-9-9,34.7,5.5,3.0,434.0,-2.0,[西]松永幹夫,岡浩二,0.0,2012101150,00666,01092,370008
201709040509,9,8,9,ジュンファイトクン,牡5,57.0,松若風馬,2:29.7,1.1/4,2-2-2-2,35.5,6.9,4.0,452.0,4.0,[西]森秀行,河合純二,0.0,2012104194,01154,00427,165033
201709040509,10,6,6,タマモベルガモ,牡4,57.0,松山弘平,2:29.9,1.1/4,3-3-3-3,35.5,65.9,10.0,478.0,6.0,[西]川村禎彦,タマモ,0.0,2013101248,01126,01003,515800
201709040510,1,7,9,クリノリトミシュル,牝4,55.0,酒井学,1:51.7,,9-9-8-6,36.5,2.3,1.0,502.0,10.0,[西]渡辺薫彦,栗本博晴,1527.3,2013100904,01034,01155,970006
201709040510,2,8,11,ワンダーピルエット,牝4,55.0,岩崎翼,1:52.0,2,4-6-6-5,36.9,9.1,4.0,482.0,0.0,[西]小崎憲,山本能行,607.8,2013106446,01146,01085,306033
201709040510,3,7,10,アガスティア,牡6,57.0,熊沢重文,1:52.4,2.1/2,8-8-8-7,37.1,11.0,6.0,528.0,-10.0,[西]池添兼雄,サンデーレーシング,383.9,2011103537,00652,01021,226800
201709040510,4,6,8,ボンナヴァン,牡4,57.0,和田竜二,1:52.5,クビ,6-3-2-1,38.0,16.0,7.0,530.0,-16.0,[西]藤原英昭,吉田晴哉,230.0,2013105241,01018,01055,231033
201709040510,5,5,5,プレシャスルージュ,セ5,57.0,松若風馬,1:52.7,1.1/4,2-3-3-3,38.0,10.8,5.0,462.0,-12.0,[西]音無秀孝,シルクレーシング,150.0,2012104783,01154,01002,506800
201709040510,6,6,7,タイマツリ,牡6,57.0,森裕太朗,1:53.0,2,7-7-7-7,37.8,29.3,9.0,458.0,-4.0,[西]大橋勇樹,浜ＲＣ組合,0.0,2011101761,01165,01065,015700
201709040510,7,3,3,テイエムグッドマン,牡3,54.0,小牧太,1:53.1,3/4,4-3-4-4,38.3,5.7,2.0,484.0,-2.0,[西]福島信晴,竹園正繼,0.0,2014101308,00894,00396,356002
201709040510,8,2,2,トーコーグリーン,牡7,57.0,幸英明,1:53.5,2.1/2,12-12-11-9,37.9,20.2,8.0,502.0,-4.0,[西]橋田満,森田藤治,0.0,2010102630,00732,00362,034009
201709040510,9,4,4,ニホンピロヘーゼル,牝4,55.0,川田将雅,1:54.0,3,2-2-1-2,39.6,6.0,3.0,490.0,-6.0,[西]安達昭夫,小林百太郎,0.0,2013104602,01088,01042,985001
201709040510,10,5,6,ダンカン,牡5,57.0,松田大作,1:54.1,3/4,11-11-12-11,38.3,63.5,10.0,462.0,2.0,[西]中尾秀正,杉田周作,0.0,2012105828,01030,01069,665030
201709040510,11,1,1,スズカウラノス,牡8,57.0,中谷雄太,1:54.2,クビ,9-9-10-10,38.6,72.6,12.0,454.0,0.0,[西]杉山晴紀,永井啓弍,0.0,2009103495,01038,01157,382004
201709040510,12,8,12,オイルタウン,牡5,57.0,水口優也,1:56.7,大,1-1-4-12,41.5,70.5,11.0,468.0,-16.0,[西]福島信晴,山上和良,0.0,2012101139,01133,00396,851007
201709040511,1,7,10,サングレーザー,牡3,54.0,福永祐一,1:21.3,,11-11,34.0,2.8,1.0,474.0,-8.0,[西]浅見秀一,Ｇ１レーシング,1846.6,2014105304,01014,00411,808800
201709040511,2,6,7,ビップライブリー,牡4,57.0,和田竜二,1:21.5,1.1/4,3-4,35.0,3.6,2.0,450.0,-8.0,[西]清水久詞,鈴木邦英,737.6,2013106051,01018,01110,524030
201709040511,3,8,12,ペガサスボス,牡5,55.0,中谷雄太,1:21.5,クビ,7-7,34.7,51.2,8.0,518.0,-6.0,[西]矢作芳人,天羽牧場,463.8,2012101006,01038,01075,261800
201709040511,4,2,2,ラプソディーア,牝3,52.0,藤岡康太,1:21.8,1.3/4,1-1,35.5,7.9,4.0,414.0,-10.0,[西]友道康夫,キャロットファーム,270.0,2014106061,01116,01061,486800
201709040511,5,4,4,ロイヤルストリート,牝5,53.0,川田将雅,1:21.9,1/2,5-4,35.3,8.5,5.0,460.0,8.0,[西]藤原英昭,下河邉行雄,182.0,2012101374,01088,01055,041008
201709040511,6,1,1,ワキノヒビキ,牡5,55.0,荻野極,1:21.9,クビ,12-11,34.4,52.8,9.0,506.0,-4.0,[西]清水久詞,脇山良之,0.0,2012102477,01160,01110,135007
201709040511,7,7,9,テイエムゲッタドン,セ6,53.0,藤懸貴志,1:22.0,1/2,3-2,35.6,79.0,10.0,508.0,8.0,[西]山内研二,竹園正繼,0.0,2011109191,01138,00388,356002
201709040511,8,5,6,オースミチャド,牡6,53.0,酒井学,1:22.0,クビ,9-7,35.1,231.4,12.0,480.0,2.0,[西]松永昌博,オースミ,0.0,2011104500,01034,01083,712800
201709040511,9,5,5,エスティタート,牝4,55.0,武豊,1:22.0,ハナ,10-10,34.9,4.4,3.0,446.0,8.0,[西]松永幹夫,キャロットファーム,0.0,2013105321,00666,01092,486800
201709040511,10,6,8,ロードセレリティ,牡4,57.0,松山弘平,1:22.1,クビ,2-2,35.7,13.5,6.0,482.0,0.0,[東]高柳瑞樹,ロードホースクラブ,0.0,2013102518,01126,01118,170800
201709040511,11,3,3,ナンヨーマーク,セ6,53.0,加藤祥太,1:22.3,1.1/4,7-7,35.6,187.0,11.0,514.0,-4.0,[西]松田国英,中村徳也,0.0,2011100364,01156,01011,512031
201709040511,12,8,11,アルテ,牡6,53.0,松田大作,1:22.3,クビ,5-6,35.7,44.2,7.0,466.0,2.0,[西]北出成人,フジワラ・ファーム,0.0,2011102532,01030,01078,616800
201709040512,1,5,7,ラバピエス,牡3,54.0,和田竜二,1:53.3,,6-5-6-8,38.2,10.8,5.0,496.0,-2.0,[西]大久保龍,シルクレーシング,750.0,2014105927,01018,01058,506800
201709040512,2,4,6,マテラヴィクトリー,牡4,57.0,岡田祥嗣,1:53.5,1,9-9-9-4,38.4,79.3,13.0,484.0,0.0,[西]浜田多実,大野照旺,300.0,2013110067,05429,01138,550033
201709040512,3,7,11,カレンカカ,牡3,54.0,川田将雅,1:53.5,クビ,5-4-3-6,38.7,3.9,2.0,496.0,-4.0,[西]安田隆行,鈴木隆司,190.0,2014105543,01088,00438,869006
201709040512,4,8,13,アテンフェスタ,牡4,57.0,松山弘平,1:53.9,2.1/2,2-3-3-2,39.2,27.7,10.0,500.0,8.0,[西]寺島良,河村隆平,110.0,2013103507,01126,01158,485007
201709040512,5,6,9,オイカケマショウ,牡3,51.0,富田暁,1:54.0,クビ,13-13-10-10,38.6,46.2,11.0,464.0,-2.0,[西]谷潔,小田切有一,75.0,2014103184,01168,00431,334009
201709040512,6,3,3,アフターミー,牡4,57.0,藤岡康太,1:54.0,クビ,14-14-13-10,38.3,25.2,8.0,438.0,-8.0,[西]奥村豊,下河邉美智子,0.0,2013100359,01116,01146,021007
201709040512,7,6,10,ブリーズスズカ,牡4,54.0,三津谷隼,1:54.0,ハナ,7-7-6-6,39.0,4.8,3.0,464.0,-4.0,[西]大橋勇樹,永井宏明,0.0,2013103668,01159,01065,979033
201709040512,8,1,1,セイイーグル,牡3,54.0,福永祐一,1:54.1,1/2,7-7-6-4,39.0,25.6,9.0,444.0,0.0,[西]石坂正,吉澤克己,0.0,2014105582,01014,01022,367008
201709040512,9,7,12,メイショウアケボノ,牝4,55.0,池添謙一,1:54.2,3/4,9-9-3-2,39.4,70.5,12.0,512.0,-6.0,[西]安達昭夫,松本好隆,0.0,2013103489,01032,01042,911008
201709040512,10,5,8,ショウナンマシェリ,牝4,55.0,武豊,1:54.5,1.1/2,1-2-2-1,39.9,8.4,4.0,460.0,-2.0,[西]梅田智之,湘南,0.0,2013101023,00666,01084,679800
201709040512,11,3,4,デスティネイション,牡3,54.0,幸英明,1:56.0,9,12-12-11-12,40.1,3.3,1.0,484.0,2.0,[西]石橋守,Ｈ．Ｈ．シェイク・モハメド,0.0,2014102217,00732,01140,003060
201709040512,12,8,14,ハッチャンハッピー,牝4,54.0,荻野極,1:57.2,7,2-1-1-8,42.6,24.4,7.0,462.0,2.0,[西]寺島良,野嶋祥二,0.0,2013102691,01160,01158,258033
201709040512,13,2,2,オンザフロウ,牝4,55.0,秋山真一,1:57.4,1.1/4,2-5-11-13,41.3,13.9,6.0,464.0,8.0,[西]福島信晴,五影慶則,0.0,2013104980,01019,00396,477006
201709040512,14,4,5,フォルトラオム,牝3,51.0,加藤祥太,2:00.6,大,11-9-14-13,44.3,231.2,14.0,398.0,-10.0,[西]吉村圭司,Ｇ１レーシング,0.0,2014105341,01156,01130,808800
201709040601,1,8,12,ビッグスモーキー,牡2,54.0,ルメール,1:54.7,,4-5-4-1,37.6,1.1,1.0,532.0,0.0,[西]清水久詞,社台レースホース,500.0,2015104384,05339,01110,415800
201709040601,2,2,2,タイセイビスタ,牡2,54.0,松若風馬,1:55.5,5,1-1-1-2,38.8,15.4,3.0,482.0,0.0,[西]宮本博,田中成奉,200.0,2015105015,01154,01073,224007
201709040601,3,7,10,クリノカポネ,牡2,54.0,藤岡佑介,1:55.6,1/2,12-12-10-9,37.9,34.6,6.0,456.0,0.0,[西]谷潔,栗本博晴,130.0,2015101581,01093,00431,970006
201709040601,4,5,6,ブロンズケイ,牡2,51.0,富田暁,1:55.6,ハナ,4-4-4-4,38.6,10.0,2.0,488.0,-8.0,[西]角田晃一,畑佐博,75.0,2015100786,01168,01121,078006
201709040601,5,6,7,レッドジョルト,牡2,54.0,松山弘平,1:55.8,1.1/2,2-3-2-2,38.8,20.8,4.0,490.0,8.0,[西]平田修,東京ホースレーシング,50.0,2015104942,01126,01082,180800
201709040601,6,5,5,イチネンプリンス,牡2,54.0,幸英明,1:55.9,1/2,11-10-8-6,38.5,29.6,5.0,450.0,0.0,[西]吉田直弘,国田正忠,0.0,2015103167,00732,01101,819008
201709040601,7,8,11,グーテンターク,牡2,54.0,福永祐一,1:56.2,1.3/4,6-6-7-6,38.8,46.7,7.0,474.0,-8.0,[西]石坂正,馬場幸夫,0.0,2015104837,01014,01022,431002
201709040601,8,7,9,シゲルゴボウ,牡2,51.0,森裕太朗,1:57.8,10,10-9-8-10,40.3,91.9,8.0,432.0,0.0,[西]鈴木孝志,森中蕃,0.0,2015105395,01165,01111,674004
201709040601,9,1,1,シミズミナト,牡2,53.0,岩崎翼,1:57.9,3/4,8-7-6-8,40.6,169.0,11.0,476.0,0.0,[西]西橋豊治,山本茂,0.0,2015105476,01146,00434,377008
201709040601,10,4,4,ディストワルビー,牝2,54.0,酒井学,1:59.4,9,2-2-2-5,42.6,177.0,12.0,414.0,0.0,[西]北出成人,西川茂樹,0.0,2015102652,01034,01078,269033
201709040601,11,3,3,ヴィグランドアテナ,牝2,54.0,小牧太,2:00.5,7,6-7-11-11,42.1,105.9,9.0,484.0,8.0,[西]西村真幸,大島豊彦,0.0,2015104219,00894,01148,620033
201709040601,12,6,8,ワンダーコンセギル,牡2,54.0,古川吉洋,2:00.9,2.1/2,9-10-12-11,42.2,108.4,10.0,484.0,-6.0,[西]松永幹夫,山本信行,0.0,2015102715,01015,01092,634001
201709040602,1,4,4,サヤカチャン,牝2,53.0,坂井瑠星,1:35.9,,1-1,34.5,11.5,5.0,450.0,6.0,[西]田所秀孝,瀬谷隆雄,500.0,2015105843,01163,01009,775006
201709040602,2,6,8,シグナライズ,牝2,54.0,ルメール,1:36.0,1/2,7-6,34.1,1.5,1.0,484.0,2.0,[西]藤原英昭,ロードホースクラブ,200.0,2015102392,05339,01055,170800
201709040602,3,5,6,オルニス,牝2,54.0,福永祐一,1:36.3,1.3/4,2-2,34.8,6.2,2.0,538.0,4.0,[西]大久保龍,中辻明,130.0,2015105913,01014,01058,646030
201709040602,4,7,9,ヤマニンヌヌース,牝2,54.0,池添謙一,1:36.9,3.1/2,7-8,34.9,20.4,6.0,422.0,-2.0,[西]浅見秀一,土井肇,75.0,2015100571,01032,00411,329004
201709040602,5,5,5,ノーブルジャーニー,牝2,54.0,高倉稜,1:36.9,クビ,10-9,34.8,8.7,4.0,424.0,-6.0,[西]宮本博,吉木伸彦,50.0,2015103928,01130,01073,755030
201709040602,6,1,1,メイショウカラタチ,牝2,54.0,鮫島良太,1:36.9,アタマ,9-9,34.8,83.6,8.0,460.0,2.0,[西]西橋豊治,松本好雄,0.0,2015102818,01099,00434,523005
201709040602,7,2,2,キンショーブラック,牝2,54.0,幸英明,1:37.1,1.1/4,4-3,35.4,38.8,7.0,460.0,6.0,[西]中村均,礒野日出夫,0.0,2015100454,00732,00261,405006
201709040602,8,8,12,ウインタイムリープ,牝2,54.0,松山弘平,1:37.3,1.1/4,4-6,35.5,189.8,10.0,448.0,-4.0,[西]飯田雄三,ウイン,0.0,2015102837,01126,01050,494800
201709040602,9,6,7,カネコメハナコヨ,牝2,54.0,国分優作,1:37.4,1/2,12-12,35.0,381.2,12.0,468.0,-2.0,[西]中尾秀正,高岡義雄,0.0,2015100872,01125,01069,530007
201709040602,10,3,3,チャノカオリ,牝2,51.0,富田暁,1:37.6,1.1/2,4-3,35.9,307.0,11.0,420.0,-10.0,[西]加藤敬二,山本茂,0.0,2015102288,01168,00379,377008
201709040602,11,8,11,ホウオウサンドラ,牝2,54.0,藤岡康太,1:37.7,1/2,2-3,36.1,8.5,3.0,490.0,-4.0,[西]宮徹,小笹芳央,0.0,2015102051,01116,01018,906033
201709040602,12,7,10,クリノユナチャン,牝2,51.0,三津谷隼,1:39.1,8,10-11,36.8,101.7,9.0,462.0,4.0,[西]作田誠二,栗本博晴,0.0,2015100443,01159,01006,970006
201709040603,1,7,7,マイスターシャーレ,牡2,54.0,ルメール,1:48.2,,5-5,33.6,2.3,1.0,474.0,0.0,[西]松田国英,山紫水明,500.0,2015101329,05339,01011,091803
201709040603,2,2,2,ムーンレイカー,牡2,54.0,池添謙一,1:48.2,クビ,6-6,33.4,3.1,2.0,474.0,2.0,[西]池添兼雄,門野重雄,200.0,2015106157,01032,01021,490006
201709040603,3,4,4,ナリタブルー,牡2,54.0,福永祐一,1:49.3,7,6-6,34.4,11.5,4.0,472.0,10.0,[西]松元茂樹,オースミ,130.0,2015103678,01014,00419,712800
201709040603,4,8,9,ロングランメーカー,牡2,54.0,Ｍ．デム,1:49.3,クビ,8-8,34.2,5.2,3.0,518.0,8.0,[西]池江泰寿,シルクレーシング,75.0,2015105028,05212,01071,506800
201709040603,5,7,8,シャンテューズ,牝2,54.0,藤岡康太,1:49.5,1.1/4,8-8,34.5,120.2,9.0,448.0,2.0,[西]梅田智之,吉田勝己,50.0,2015105017,01116,01084,790005
201709040603,6,5,5,ラストクルセイド,牡2,54.0,幸英明,1:49.7,1.1/4,10-10,34.4,61.3,8.0,468.0,-10.0,[西]西浦勝一,社台レースホース,0.0,2015104314,00732,01016,415800
201709040603,7,3,3,ウィズ,牡2,54.0,武豊,1:49.7,アタマ,2-2,35.4,12.3,5.0,474.0,12.0,[西]清水久詞,カナヤマホールディングス,0.0,2015100964,00666,01110,045803
201709040603,8,6,6,フリーダムソート,牡2,54.0,国分恭介,1:49.7,ハナ,1-1,36.0,267.7,10.0,446.0,2.0,[西]西村真幸,西森鶴,0.0,2015102763,01124,01148,677009
201709040603,9,1,1,キーフラッシュ,牡2,54.0,和田竜二,1:49.8,クビ,4-3,35.4,41.6,7.0,474.0,-8.0,[西]宮徹,北前孔一郎,0.0,2015100659,01018,01018,338008
201709040603,10,8,10,ノーブルスピリット,牡2,54.0,川田将雅,1:50.1,1.3/4,3-3,35.7,22.6,6.0,482.0,-6.0,[西]中内田充,社台レースホース,0.0,2015104454,01088,01137,415800
201709040604,1,6,11,コンテンポラリー,牡3,56.0,福永祐一,1:12.5,,2-2,37.3,8.1,3.0,454.0,-10.0,[西]野中賢二,廣崎利洋,500.0,2014105078,01014,01098,539002
201709040604,2,8,16,スマートサクソン,牝3,54.0,四位洋文,1:12.5,クビ,16-11,36.0,13.3,9.0,480.0,-6.0,[西]浅見秀一,大川徹,200.0,2014100333,00700,00411,007803
201709040604,3,7,13,ダノンコスモス,牝3,54.0,松山弘平,1:12.7,1,6-3,37.2,5.1,1.0,466.0,-8.0,[西]高橋康之,ダノックス,130.0,2014102027,01126,01135,619800
201709040604,4,7,14,アデュラレッセンス,牡3,55.0,岩崎翼,1:13.0,1.3/4,8-8,37.2,11.7,6.0,482.0,12.0,[西]平田修,ターフ・スポート,75.0,2014102289,01146,01082,102800
201709040604,5,2,3,デンコウアリオン,牡3,55.0,城戸義政,1:13.3,1.3/4,1-1,38.3,9.9,4.0,472.0,0.0,[西]本田優,田中康弘,50.0,2014102975,01147,01099,484007
201709040604,6,8,15,サンレイハリケーン,牝3,54.0,藤岡佑介,1:13.3,クビ,15-15,36.9,41.7,13.0,438.0,-2.0,[西]西橋豊治,永井啓弍,0.0,2014104454,01093,00434,382004
201709040604,7,4,7,タガノハウオリ,牝3,54.0,藤懸貴志,1:13.3,アタマ,13-13,37.1,11.8,8.0,454.0,0.0,[西]千田輝彦,八木良司,0.0,2014103899,01138,01120,859002
201709040604,8,5,10,クラシカルレディ,牝3,54.0,国分恭介,1:13.4,1/2,11-13,37.3,14.6,10.0,408.0,-18.0,[西]牧田和弥,友駿ホースクラブ,0.0,2014101304,01124,01123,321800
201709040604,9,3,6,アドマイヤホルン,牝3,54.0,岩田康誠,1:13.5,1/2,6-6,37.9,36.4,12.0,394.0,-4.0,[西]中尾秀正,近藤利一,0.0,2014105843,05203,01069,398002
201709040604,10,5,9,メイショウルーシー,牝3,54.0,和田竜二,1:13.5,ハナ,11-11,37.5,11.7,7.0,412.0,2.0,[西]坂口正則,松本好雄,0.0,2014102978,01018,00356,523005
201709040604,11,2,4,シゲルドラネコ,牡3,56.0,松若風馬,1:13.6,1/2,3-6,38.2,16.2,11.0,448.0,8.0,[西]柴田光陽,森中蕃,0.0,2014104170,01154,00400,674004
201709040604,12,1,2,タイセイブリット,牡3,55.0,坂井瑠星,1:14.0,2.1/2,3-5,38.7,43.8,14.0,470.0,2.0,[西]西村真幸,田中成奉,0.0,2014100056,01163,01148,224007
201709040604,13,4,8,サンブリリアント,牝3,54.0,北村友一,1:14.5,3,8-10,38.7,5.1,2.0,496.0,10.0,[西]寺島良,西本資史,0.0,2014103661,01102,01158,254033
201709040604,14,6,12,ミスパッション,牝3,53.0,鮫島克駿,1:14.8,2,3-3,39.4,10.0,5.0,450.0,-2.0,[西]角田晃一,サンデーレーシング,0.0,2014105827,01157,01121,226800
201709040604,15,1,1,ブラボーミネルバ,牝3,54.0,鮫島良太,1:14.8,アタマ,8-8,39.1,282.2,16.0,452.0,6.0,[西]牧浦充徳,松岡隆雄,0.0,2014102610,01099,01113,306008
201709040604,16,3,5,ヤマニンゲラノス,牝3,54.0,幸英明,1:15.9,7,13-15,39.6,188.4,15.0,478.0,30.0,[西]斉藤崇史,土井肇,0.0,2014104004,00732,01151,329004
201709040605,1,4,4,トンボイ,牝2,54.0,酒井学,1:10.9,,1-1,34.1,3.4,2.0,422.0,0.0,[西]西園正都,幅田京子,700.0,2015103673,01034,01028,320030
201709040605,2,1,1,アリイタヤス,牡2,54.0,松山弘平,1:11.3,2.1/2,3-5,34.2,14.2,5.0,480.0,0.0,[西]池添兼雄,横瀬兼二,280.0,2015100422,01126,01021,532002
201709040605,3,3,3,メジャーレート,牡2,54.0,川田将雅,1:11.4,クビ,3-5,34.3,2.3,1.0,438.0,0.0,[西]斉藤崇史,シルクレーシング,180.0,2015104855,01088,01151,506800
201709040605,4,5,5,タニノビスケット,牝2,54.0,鮫島良太,1:11.5,1/2,2-2,34.6,31.8,7.0,424.0,0.0,[西]寺島良,谷水雄三,110.0,2015106032,01099,01158,764001
201709040605,5,2,2,クリノルーベンス,牡2,54.0,幸英明,1:11.5,アタマ,7-7,34.2,42.3,8.0,430.0,0.0,[西]大根田裕,栗本博晴,70.0,2015101314,00732,01032,970006
201709040605,6,6,6,ヘヴンリーブライド,牝2,53.0,荻野極,1:11.9,2.1/2,3-2,34.9,6.2,3.0,470.0,0.0,[西]浜田多実,キャロットファーム,0.0,2015104938,01160,01138,486800
201709040605,7,7,7,テオゲネス,牡2,54.0,福永祐一,1:12.7,5,7-7,35.4,8.5,4.0,460.0,0.0,[西]小崎憲,ヒダカ・ブリーダーズ・ユニオン,0.0,2015105569,01014,01085,547800
201709040605,8,7,8,アレキサンダー,牡2,54.0,藤岡康太,1:12.8,1/2,9-9,35.2,21.6,6.0,456.0,0.0,[西]宮徹,岡田牧雄,0.0,2015102047,01116,01018,851009
201709040605,9,8,10,エーティードラゴン,牝2,51.0,富田暁,1:13.5,4,3-2,36.5,71.2,9.0,446.0,0.0,[西]木原一良,荒木徹,0.0,2015103978,01168,01033,878005
201709040605,10,8,9,コンノートヒューズ,牡2,53.0,坂井瑠星,1:13.7,1.1/4,9-9,36.1,91.4,10.0,478.0,0.0,[西]清水久詞,浜野順之助,0.0,2015100070,01163,01110,011009
201709040606,1,8,16,クリスタルバブルス,牡3,56.0,岩田康誠,1:54.1,,2-2-2-2,38.1,3.9,2.0,456.0,2.0,[西]加用正,ＨｉｍＲｏｃｋＲａｃｉｎｇ,500.0,2014102133,05203,00425,064700
201709040606,2,1,2,シンボリブーケ,牝3,54.0,福永祐一,1:54.3,1.1/4,3-3-3-4,38.2,4.8,3.0,468.0,2.0,[西]荒川義之,シンボリ牧場,200.0,2014102673,01014,01095,431800
201709040606,3,6,11,ワールドヴィジョン,牡3,56.0,ルメール,1:54.3,アタマ,3-3-3-3,38.2,3.3,1.0,472.0,-18.0,[西]牧浦充徳,河村隆平,130.0,2014103286,05339,01113,485007
201709040606,4,5,10,ラフォリア,牝3,54.0,幸英明,1:54.4,3/4,1-1-1-1,38.5,5.7,5.0,480.0,8.0,[西]高橋亮,窪田康志,75.0,2014106098,00732,01136,514008
201709040606,5,3,6,メイショウトコシエ,牡3,56.0,川田将雅,1:55.2,5,3-3-3-4,39.0,5.3,4.0,450.0,4.0,[西]安田隆行,松本好雄,50.0,2014103561,01088,00438,523005
201709040606,6,3,5,メイショウスイグン,牡3,56.0,古川吉洋,1:56.2,6,13-13-11-11,38.9,31.7,6.0,462.0,-8.0,[西]南井克巳,松本好雄,0.0,2014105061,01015,01049,523005
201709040606,7,4,7,アステロイド,牡3,56.0,菱田裕二,1:56.3,3/4,11-11-9-8,39.4,57.7,8.0,518.0,0.0,[西]松永幹夫,シルクレーシング,0.0,2014106244,01144,01092,506800
201709040606,8,4,8,クラッチヒッター,牝3,54.0,小牧太,1:56.3,ハナ,9-9-10-10,39.1,61.6,9.0,398.0,4.0,[西]小崎憲,キヨタケ牧場,0.0,2014104400,00894,01085,490800
201709040606,9,7,13,オウケンサクラブ,牝3,51.0,森裕太朗,1:56.4,クビ,11-12-14-13,38.6,200.8,13.0,438.0,2.0,[西]安田隆行,福井明,0.0,2014100347,01165,00438,731006
201709040606,10,2,4,ララオーロ,牡3,55.0,荻野極,1:56.4,ハナ,6-6-6-6,40.0,73.2,10.0,444.0,2.0,[西]高野友和,Ｇ１レーシング,0.0,2014105873,01160,01117,808800
201709040606,11,7,14,プラネットナイン,牝3,54.0,小坂忠士,1:57.3,5,8-7-6-7,40.8,166.1,12.0,478.0,10.0,[西]松元茂樹,ライオンレースホース,0.0,2014102015,01063,00419,542800
201709040606,12,1,1,スズカベローナ,牡3,55.0,加藤祥太,1:57.6,2,6-7-8-8,40.9,277.8,14.0,452.0,-2.0,[西]庄野靖志,永井啓弍,0.0,2014102010,01156,01087,382004
201709040606,13,6,12,ロングマリアベール,牝3,54.0,太宰啓介,1:57.6,ハナ,13-13-11-12,40.1,335.5,15.0,448.0,16.0,[西]高橋亮,飯田正剛,0.0,2014104743,01037,01136,994002
201709040606,14,5,9,ソルエユニーク,牝3,51.0,三津谷隼,1:58.2,3.1/2,15-15-15-14,40.4,156.9,11.0,380.0,2.0,[西]平田修,シルクレーシング,0.0,2014106259,01159,01082,506800
201709040606,15,2,3,タガノレオナルド,牡3,56.0,松山弘平,2:01.0,大,9-9-11-14,43.2,31.8,7.0,532.0,-2.0,[西]池添兼雄,八木良司,0.0,2014100516,01126,01021,859002
201709040606,-3,8,15,ローゼンハイン,牝3,54.0,川須栄彦,,,,,,,,,[西]梅田智之,子安裕樹,0.0,2014101509,01128,01084,965030
201709040607,1,5,10,ドライヴナイト,牡4,57.0,藤岡佑介,1:24.1,,3-3,36.3,6.8,2.0,520.0,4.0,[西]奥村豊,桂土地,750.0,2013102037,01093,01146,311800
201709040607,2,6,12,ハーツジュニア,牡5,57.0,太宰啓介,1:24.1,ハナ,1-1,36.5,10.8,4.0,502.0,-2.0,[西]岩元市三,田畑利彦,300.0,2012105108,01037,00397,464030
201709040607,3,4,8,ダイシンカレラ,牡5,56.0,加藤祥太,1:24.4,1.3/4,5-6,36.5,19.2,7.0,492.0,4.0,[西]庄野靖志,大八木信行,190.0,2012101685,01156,01087,929002
201709040607,4,4,7,メイショウヴォルガ,牡3,55.0,武豊,1:24.4,アタマ,10-10,36.0,9.0,3.0,480.0,4.0,[西]本田優,松本好雄,110.0,2014104037,00666,01099,523005
201709040607,5,6,11,ダンツゴウユウ,牡3,55.0,酒井学,1:24.7,1.3/4,7-7,36.6,218.2,15.0,468.0,18.0,[西]谷潔,山元哲二,75.0,2014103977,01034,00431,248005
201709040607,6,3,5,コンクエストシチー,セ5,57.0,高倉稜,1:24.7,クビ,13-14,36.1,55.1,12.0,460.0,0.0,[西]村山明,友駿ホースクラブ,0.0,2012102486,01130,01107,321800
201709040607,7,2,3,ミッキーグッドネス,牝4,55.0,川田将雅,1:24.8,クビ,5-3,36.9,1.8,1.0,424.0,8.0,[西]安田隆行,野田みづき,0.0,2013106298,01088,00438,441007
201709040607,8,1,2,サクセスエナジー,牡3,55.0,和田竜二,1:24.8,ハナ,16-16,35.9,24.5,8.0,520.0,4.0,[西]北出成人,高嶋哲,0.0,2014100377,01018,01078,441006
201709040607,9,7,13,メイショウフウシャ,牝4,54.0,岩崎翼,1:24.8,ハナ,2-2,37.1,182.3,14.0,476.0,14.0,[西]河内洋,松本好雄,0.0,2013103611,01146,01072,523005
201709040607,10,3,6,アシャカリアン,牡3,55.0,幸英明,1:25.0,1.1/4,10-10,36.7,38.3,11.0,456.0,-8.0,[西]大根田裕,吉冨学,0.0,2014102477,00732,01032,905033
201709040607,11,7,14,レッドラシーマ,牡3,55.0,池添謙一,1:25.3,1.3/4,7-7,37.2,95.9,13.0,490.0,12.0,[西]平田修,東京ホースレーシング,0.0,2014105800,01032,01082,180800
201709040607,12,8,16,ハッシュタグ,牡3,55.0,福永祐一,1:25.3,クビ,3-3,37.4,26.5,10.0,466.0,2.0,[西]石坂正,石川達絵,0.0,2014105931,01014,01022,248030
201709040607,13,2,4,デフィ,牡3,55.0,岩田康誠,1:25.4,クビ,7-7,37.3,15.1,5.0,510.0,-4.0,[西]高橋康之,佐藤理,0.0,2014104419,05203,01135,380033
201709040607,14,8,15,ティーコア,牡3,54.0,鮫島克駿,1:25.8,2.1/2,10-12,37.4,24.8,9.0,492.0,-12.0,[西]牧田和弥,深見富朗,0.0,2014101669,01157,01123,966002
201709040607,15,1,1,トミケンカリム,牡3,55.0,菱田裕二,1:26.1,2,13-14,37.6,458.1,16.0,456.0,0.0,[西]藤沢則雄,冨樫賢二,0.0,2014103463,01144,01041,901007
201709040607,16,5,9,クインズマラクータ,牡3,55.0,松若風馬,1:26.7,3.1/2,13-12,38.0,18.1,6.0,514.0,-4.0,[西]山内研二,亀田和弘,0.0,2014100529,01154,00388,390803
201709040608,1,5,10,アポロテキサス,セ4,57.0,和田竜二,2:05.2,,4-3-4-4,38.3,4.6,3.0,494.0,2.0,[西]山内研二,アポロサラブレッドクラブ,750.0,2013110108,01018,00388,033700
201709040608,2,7,13,ブルベアラクーン,牡3,54.0,酒井学,2:05.7,3,3-3-2-1,38.9,23.6,9.0,526.0,-4.0,[西]湯窪幸雄,ブルアンドベア,300.0,2014109008,01034,01057,843800
201709040608,3,3,5,モンストルコント,牡4,57.0,国分恭介,2:06.3,3.1/2,12-13-9-6,38.9,6.5,4.0,500.0,-2.0,[西]本田優,社台レースホース,190.0,2013105732,01124,01099,415800
201709040608,4,6,11,エクロジオン,牝4,55.0,幸英明,2:06.3,ハナ,10-11-11-10,38.7,19.5,8.0,474.0,0.0,[西]宮本博,前田幸治,110.0,2013101874,00732,01073,948006
201709040608,5,3,6,メイショウゴテツ,牡4,57.0,福永祐一,2:06.4,1/2,12-13-13-10,38.7,17.9,7.0,470.0,-6.0,[西]角田晃一,松本好雄,75.0,2013102945,01014,01121,523005
201709040608,6,7,14,ピエナクルーズ,牡4,57.0,古川吉洋,2:06.4,アタマ,16-15-15-15,38.5,60.4,12.0,458.0,-4.0,[西]飯田祐史,本谷兼三,0.0,2013105593,01015,01139,023007
201709040608,7,8,15,ウォータープリアム,牡4,56.0,岩崎翼,2:06.6,1.1/4,8-8-7-6,39.3,143.3,13.0,520.0,6.0,[西]河内洋,山岡良一,0.0,2013104235,01146,01072,538009
201709040608,8,5,9,タピゾー,牡3,54.0,岩田康誠,2:06.9,2,9-9-11-13,39.3,4.0,1.0,492.0,-2.0,[西]友道康夫,大塚亮一,0.0,2014110026,05203,01061,858800
201709040608,9,2,4,キングレイスター,牡3,54.0,小牧太,2:07.0,クビ,12-11-13-16,39.1,38.3,10.0,478.0,8.0,[西]大橋勇樹,伊藤正男,0.0,2014100641,00894,01065,346006
201709040608,10,8,16,マヤノパーチェム,牡5,57.0,藤岡佑介,2:07.3,1.3/4,15-15-15-13,39.4,338.3,16.0,480.0,-12.0,[西]安達昭夫,田所英子,0.0,2012102080,01093,01042,635009
201709040608,11,1,1,エンパイアブレイク,牝4,55.0,Ｍ．デム,2:07.6,1.3/4,6-6-7-6,40.3,4.1,2.0,500.0,4.0,[西]松田国英,飯田良枝,0.0,2013104489,05212,01011,669007
201709040608,12,4,8,ミスティーフリップ,牡5,57.0,武豊,2:07.9,2,2-2-2-2,41.2,10.3,5.0,488.0,4.0,[西]笹田和秀,吉田照哉,0.0,2012104426,00666,01104,758005
201709040608,13,6,12,クリノライメイ,牡3,54.0,藤岡康太,2:08.0,3/4,4-5-4-5,41.0,15.2,6.0,508.0,2.0,[西]荒川義之,栗本博晴,0.0,2014101827,01116,01095,970006
201709040608,14,2,3,スナークレッド,牡4,57.0,太宰啓介,2:08.6,3.1/2,10-10-9-10,41.0,264.1,15.0,490.0,18.0,[西]川村禎彦,杉本豊,0.0,2013102460,01037,01003,478030
201709040608,15,1,2,ウイングアクティブ,牡5,54.0,森裕太朗,2:09.3,4,1-1-1-3,42.6,53.0,11.0,474.0,8.0,[西]野中賢二,池田實,0.0,2012103508,01165,01098,780009
201709040608,16,4,7,アイアンヒロイン,牝4,55.0,川須栄彦,2:11.7,大,6-6-6-9,44.5,220.2,14.0,510.0,4.0,[西]浜田多実,大野照旺,0.0,2013110069,01128,01138,550033
201709040609,1,8,11,タワーオブロンドン,牡2,54.0,ルメール,1:21.7,,9-7,35.2,1.8,1.0,512.0,-10.0,[東]藤沢和雄,Ｈ．Ｈ．シェイク・モハメド,1623.8,2015101621,05339,00386,003060
201709040609,2,1,1,バーニングペスカ,牡2,54.0,武豊,1:22.3,3.1/2,2-2,36.6,8.3,5.0,450.0,4.0,[西]松永昌博,山田信太郎,646.8,2015103374,00666,01083,417030
201709040609,3,6,7,イイコトズクシ,牡2,54.0,荻野極,1:22.6,2,6-5,36.3,31.2,6.0,478.0,8.0,[西]音無秀孝,小田切有一,403.4,2015103024,01160,01002,334009
201709040609,4,7,8,フランシスコダイゴ,牡2,54.0,岩田康誠,1:23.0,2.1/2,3-3,37.1,40.2,8.0,442.0,12.0,[西]加用正,ＨｉｍＲｏｃｋＲａｃｉｎｇ,240.0,2015101553,05203,00425,064700
201709040609,5,2,2,アイアンクロー,牡2,55.0,福永祐一,1:23.0,クビ,3-4,37.1,7.7,4.0,428.0,-2.0,[西]斉藤崇史,藤井聡一郎,160.0,2015105188,01014,01151,303803
201709040609,6,3,3,スーサンドン,牡2,54.0,和田竜二,1:23.2,1.1/4,7-7,36.8,7.0,3.0,466.0,6.0,[西]岩元市三,林千枝子,0.0,2015102849,01018,00397,043008
201709040609,7,6,6,リンガラポップス,牡2,54.0,北村友一,1:23.6,2.1/2,5-5,37.4,36.1,7.0,476.0,8.0,[西]西園正都,吉田勝己,0.0,2015104756,01102,01028,790005
201709040609,8,7,9,ナムラバンザイ,牡2,54.0,国分優作,1:23.7,1/2,9-7,37.3,139.9,9.0,420.0,0.0,[西]目野哲也,奈村信重,0.0,2015102800,01125,00387,945004
201709040609,9,5,5,アントルシャ,牝2,54.0,Ｍ．デム,1:24.3,4,7-7,38.0,6.6,2.0,436.0,0.0,[西]池添学,キャロットファーム,0.0,2015104650,05212,01144,486800
201709040609,10,8,10,ジュンドリーム,牝2,54.0,幸英明,1:24.3,ハナ,1-1,39.1,163.2,10.0,460.0,-4.0,[西]西村真幸,河合純二,0.0,2015103626,00732,01148,165033
201709040609,11,4,4,テイエムスグレモン,牡2,54.0,松山弘平,1:25.1,5,11-11,38.0,266.9,11.0,478.0,4.0,[西]山内研二,竹園正繼,0.0,2015100556,01126,00388,356002
201709040610,1,7,10,レーヌドブリエ,牝5,55.0,川田将雅,1:46.4,,8-8,33.7,12.0,5.0,442.0,4.0,[西]矢作芳人,シルクレーシング,1528.7,2012103942,01088,01075,506800
201709040610,2,5,7,エールデュレーヴ,牝4,55.0,ルメール,1:46.5,3/4,6-5,34.0,12.0,6.0,448.0,-2.0,[西]須貝尚介,キャロットファーム,608.2,2013106181,05339,01105,486800
201709040610,3,4,4,フロムマイハート,牝4,55.0,幸英明,1:46.6,1/2,2-4,34.2,7.6,3.0,446.0,2.0,[西]宮本博,サラブレッドクラブ・ラフィアン,384.1,2013101938,00732,01073,546800
201709040610,4,2,2,テーオービクトリー,牝3,52.0,Ｍ．デム,1:46.6,アタマ,6-5,34.1,3.8,2.0,476.0,6.0,[西]岡田稲男,小笹公也,230.0,2014102607,05212,01066,304008
201709040610,5,8,13,エマノン,牝4,55.0,松山弘平,1:46.6,クビ,12-11,33.7,22.8,8.0,502.0,24.0,[西]平田修,丸山担,150.0,2013106031,01126,01082,922030
201709040610,6,6,8,チトニア,牝3,52.0,松若風馬,1:46.7,クビ,2-2,34.4,8.5,4.0,472.0,4.0,[西]友道康夫,金子真人ホールディングス,0.0,2014102647,01154,01061,708800
201709040610,7,5,6,プレミオテーラー,牝5,55.0,岩崎翼,1:46.8,1/2,1-1,34.7,202.6,13.0,476.0,0.0,[西]河内洋,中西浩一,0.0,2012103376,01146,01072,730002
201709040610,8,3,3,オリエントワークス,牝4,55.0,菱田裕二,1:46.8,クビ,8-10,34.0,34.0,9.0,484.0,0.0,[西]中内田充,Ｇ１レーシング,0.0,2013105234,01144,01137,808800
201709040610,9,1,1,バルベーラ,牝3,52.0,国分優作,1:46.8,ハナ,4-8,34.2,105.2,12.0,420.0,-2.0,[西]渡辺薫彦,カナヤマホールディングス,0.0,2014103208,01125,01155,045803
201709040610,10,8,12,ベルカプリ,牝3,52.0,池添謙一,1:46.9,1/2,11-11,33.9,54.2,11.0,454.0,6.0,[西]西浦勝一,雅苑興業,0.0,2014106138,01032,01016,879800
201709040610,11,4,5,バイナリーコード,牝5,55.0,藤岡佑介,1:46.9,ハナ,13-13,33.7,44.8,10.0,478.0,0.0,[西]野中賢二,社台レースホース,0.0,2012104247,01093,01098,415800
201709040610,12,7,11,ラヴアンドドラゴン,牝4,55.0,福永祐一,1:47.4,3,8-5,34.9,2.6,1.0,480.0,-4.0,[西]藤原英昭,窪田芳郎,0.0,2013104939,01014,01055,208008
201709040610,13,6,9,ナリタピクシー,牝4,55.0,和田竜二,1:48.2,5,4-2,35.9,14.1,7.0,516.0,2.0,[西]高橋亮,オースミ,0.0,2013105747,01018,01136,712800
201709040611,1,4,7,サトノファンタシー,牡4,57.0,Ｍ．デム,1:23.5,,3-3,36.5,1.6,1.0,484.0,4.0,[西]松田国英,里見治,1853.6,2013100358,05212,01011,790031
201709040611,2,6,12,カネトシビバーチェ,牝6,55.0,秋山真一,1:23.6,3/4,3-4,36.6,10.3,3.0,456.0,-2.0,[西]大橋勇樹,兼松忠男,739.6,2011103410,01019,01065,840008
201709040611,3,1,1,ダノンフェイス,牡4,57.0,ルメール,1:23.7,3/4,7-7,36.5,4.6,2.0,532.0,2.0,[西]大久保龍,ダノックス,464.8,2013105340,05339,01058,619800
201709040611,4,5,9,エルフィンコーブ,牝4,55.0,福永祐一,1:24.4,4,1-1,37.7,14.6,5.0,506.0,-12.0,[西]池添学,吉田和子,270.0,2013110109,01014,01144,151006
201709040611,5,5,10,ガンジー,牡6,57.0,松山弘平,1:24.4,アタマ,11-11,36.6,36.7,8.0,506.0,8.0,[西]宮本博,岡浩二,182.0,2011100625,01126,01073,370008
201709040611,6,2,4,ペプチドウォヘッド,牡5,57.0,四位洋文,1:24.4,ハナ,14-14,36.1,100.3,11.0,460.0,-2.0,[西]木原一良,沼川一彦,0.0,2012105212,00700,01033,500007
201709040611,7,3,6,エキマエ,牡6,57.0,宮崎北斗,1:24.4,アタマ,2-2,37.6,19.8,6.0,532.0,4.0,[東]中川公成,古川智洋,0.0,2011104563,01118,01081,362008
201709040611,8,4,8,キープレイヤー,牝6,55.0,荻野極,1:24.4,アタマ,7-7,37.1,275.9,15.0,518.0,-6.0,[東]佐藤吉勝,下河邉博,0.0,2011109135,01160,01035,292030
201709040611,9,8,15,カネコメオスター,牡6,57.0,鮫島克駿,1:24.6,3/4,10-9,37.0,49.0,9.0,498.0,-10.0,[西]服部利之,高岡義雄,0.0,2011102515,01157,01040,530007
201709040611,10,8,16,ハニードント,牝6,55.0,川須栄彦,1:24.7,3/4,7-9,37.2,298.9,16.0,466.0,0.0,[西]梅田智之,薪浦州平,0.0,2011102872,01128,01084,543033
201709040611,11,1,2,ライオンズバイツ,牡7,57.0,北村友一,1:24.7,アタマ,14-15,36.4,35.4,7.0,470.0,8.0,[西]浜田多実,黒岩晴男,0.0,2010110140,01102,01138,723002
201709040611,12,6,11,スティンライクビー,セ5,57.0,松若風馬,1:24.9,1.1/4,13-12,36.8,157.3,13.0,468.0,-18.0,[東]竹内正洋,ローレルレーシング,0.0,2012109217,01154,01152,032800
201709040611,13,7,14,ミキノグランプリ,牡6,57.0,幸英明,1:25.0,クビ,6-5,37.8,103.4,12.0,470.0,2.0,[西]南井克巳,谷口久和,0.0,2011106559,00732,01049,918002
201709040611,14,3,5,リバーソウル,牡6,57.0,池添謙一,1:25.0,クビ,12-12,37.1,97.1,10.0,462.0,0.0,[西]浅見秀一,林正道,0.0,2011103937,01032,00411,675030
201709040611,15,7,13,メイショウカノン,牡6,57.0,岩田康誠,1:26.3,8,16-16,37.0,273.3,14.0,468.0,-18.0,[東]小島太,松本好隆,0.0,2011106071,05203,01013,911008
201709040611,16,2,3,サクラフローラ,牝6,55.0,和田竜二,1:26.6,2,3-5,39.6,13.3,4.0,528.0,-16.0,[東]高柳瑞樹,さくらコマース,0.0,2011102141,01018,01118,019800
201709040612,1,5,10,エアウィンザー,牡3,54.0,Ｍ．デム,2:02.5,,5-5-5-2,33.8,1.8,1.0,492.0,0.0,[西]角居勝彦,ラッキーフィールド,750.0,2014105427,05212,01053,084800
201709040612,2,8,15,ナリタエイト,牡4,57.0,福永祐一,2:02.7,1.1/4,6-7-6-4,34.0,8.6,3.0,464.0,2.0,[西]松永昌博,オースミ,300.0,2013105510,01014,01083,712800
201709040612,3,6,11,ゴードン,セ3,54.0,太宰啓介,2:02.7,クビ,1-1-1-1,34.3,40.3,9.0,472.0,4.0,[西]沖芳夫,カナヤマホールディングス,190.0,2014103414,01037,00378,045803
201709040612,4,7,13,キングパール,牡5,57.0,川田将雅,2:02.8,1/2,2-2-2-2,34.3,19.3,6.0,478.0,2.0,[西]中内田充,Ｈ．Ｈ．シェイク・ファハド,110.0,2012104778,01088,01137,030060
201709040612,5,4,7,シンギュラリティ,牡3,54.0,ルメール,2:02.9,1/2,8-8-10-6,33.9,4.9,2.0,484.0,-4.0,[西]松田国英,吉田勝己,75.0,2014105926,05339,01011,790005
201709040612,6,1,1,リングオブハピネス,牝4,55.0,松若風馬,2:03.0,3/4,3-3-2-4,34.3,333.3,15.0,470.0,4.0,[西]奥村豊,五影慶則,0.0,2013104776,01154,01146,477006
201709040612,7,7,14,ステイキングダム,牡4,57.0,和田竜二,2:03.3,1.3/4,10-11-10-11,34.1,27.2,7.0,424.0,-6.0,[西]吉村圭司,社台レースホース,0.0,2013105720,01018,01130,415800
201709040612,8,4,8,アルティマヒート,牝4,55.0,池添謙一,2:03.4,クビ,11-8-8-6,34.5,170.3,14.0,478.0,4.0,[西]平田修,キャロットファーム,0.0,2013105334,01032,01082,486800
201709040612,9,3,5,ビービーブレスユー,牡4,57.0,幸英明,2:03.5,1/2,14-14-13-6,34.5,15.6,5.0,500.0,-8.0,[西]加用正,坂東牧場,0.0,2013100900,00732,00425,185800
201709040612,10,2,3,ローズカスケイド,牝3,51.0,坂井瑠星,2:03.5,アタマ,6-6-6-11,34.4,400.0,16.0,426.0,-12.0,[西]斉藤崇史,シルクレーシング,0.0,2014106257,01163,01151,506800
201709040612,11,5,9,ユキノタイガ,牡3,51.0,富田暁,2:03.7,1,4-4-4-6,34.9,141.3,13.0,500.0,0.0,[西]木原一良,村上幸三,0.0,2014100671,01168,01033,867002
201709040612,12,2,4,メルヴィンカズマ,牡3,54.0,藤岡康太,2:03.7,ハナ,15-15-13-11,34.4,8.6,4.0,480.0,12.0,[西]西浦勝一,雅苑興業,0.0,2014103833,01116,01016,879800
201709040612,13,1,2,ファスナハト,牡4,57.0,岩田康誠,2:03.7,クビ,13-13-13-11,34.5,30.2,8.0,534.0,-14.0,[西]庄野靖志,社台レースホース,0.0,2013105606,05203,01087,415800
201709040612,14,6,12,トーホウドミンゴ,牡3,54.0,北村友一,2:03.8,クビ,8-8-8-11,34.8,111.4,12.0,468.0,-6.0,[西]谷潔,東豊物産,0.0,2014102121,01102,00431,965800
201709040612,15,3,6,スリープレッピー,セ4,54.0,森裕太朗,2:03.8,ハナ,15-15-13-11,34.6,87.9,11.0,448.0,8.0,[西]加藤敬二,永井商事,0.0,2013104167,01165,00379,061800
201709040612,16,8,16,テイエムナナヒカリ,牡4,57.0,菱田裕二,2:04.2,2.1/2,11-11-12-6,35.4,73.6,10.0,504.0,4.0,[西]山内研二,竹園正繼,0.0,2013104845,01144,00388,356002
201709040701,1,6,8,ソリストサンダー,牡2,54.0,高倉稜,1:12.7,,8-4,36.5,2.2,1.0,470.0,4.0,[西]佐藤正雄,村上稔,500.0,2015100902,01130,01025,870004
201709040701,2,3,3,ラフィングマッチ,牡2,54.0,太宰啓介,1:12.9,1.1/2,1-1,37.7,26.4,7.0,466.0,0.0,[西]北出成人,ノースヒルズ,200.0,2015100672,01037,01078,788800
201709040701,3,5,6,コウエイアンカ,牡2,54.0,小牧太,1:13.2,1.3/4,3-3,37.5,7.3,4.0,466.0,-10.0,[西]柴田光陽,伊東政清,130.0,2015101830,00894,00400,495005
201709040701,4,4,5,タガノプレトリア,牡2,54.0,藤岡康太,1:13.6,2.1/2,6-6,37.5,14.0,6.0,440.0,0.0,[西]宮徹,八木良司,75.0,2015100524,01116,01018,859002
201709040701,5,7,11,ビコーズオブユー,セ2,54.0,川島信二,1:14.5,5,11-11,37.0,9.4,5.0,488.0,2.0,[西]中竹和也,前田晋二,50.0,2015100594,01062,01039,041002
201709040701,6,7,10,モスアゲート,牝2,54.0,川須栄彦,1:14.8,1.3/4,5-4,38.9,132.0,10.0,424.0,2.0,[西]森田直行,ビッグレッドファーム,0.0,2015103009,01128,01142,716800
201709040701,7,8,12,エムケイフローラル,牝2,54.0,藤岡佑介,1:14.9,3/4,2-2,39.5,6.6,3.0,430.0,2.0,[西]本田優,丸幸小林牧場,0.0,2015103325,01093,01099,269800
201709040701,8,4,4,プラチナバローズ,牡2,54.0,川田将雅,1:15.2,1.1/2,12-12,37.2,28.0,8.0,468.0,8.0,[西]松下武士,猪熊広次,0.0,2015103757,01088,01149,859007
201709040701,9,1,1,アーヴァイン,牡2,54.0,福永祐一,1:15.3,3/4,7-8,39.1,5.7,2.0,466.0,-4.0,[西]浅見秀一,林正道,0.0,2015106091,01014,00411,675030
201709040701,10,6,9,クリノヒビキ,牡2,51.0,富田暁,1:15.5,1.1/4,9-9,38.6,146.9,11.0,476.0,2.0,[西]湯窪幸雄,栗本博晴,0.0,2015103766,01168,01057,970006
201709040701,11,5,7,クリノマンチェスー,牝2,54.0,酒井学,1:15.6,3/4,3-6,39.8,114.2,9.0,412.0,-2.0,[西]田所秀孝,栗本博晴,0.0,2015101428,01034,01009,970006
201709040701,12,8,13,ブルベアアシタバ,牡2,53.0,坂井瑠星,1:17.1,9,10-10,39.8,280.1,13.0,442.0,-6.0,[東]青木孝文,ブルアンドベア,0.0,2015103098,01163,01156,843800
201709040701,13,2,2,サツキロビン,牝2,54.0,幸英明,1:17.4,2,13-12,39.2,206.8,12.0,456.0,2.0,[西]服部利之,小野博郷,0.0,2015100824,00732,01040,212008
201709040702,1,3,3,ダノンスマッシュ,牡2,54.0,福永祐一,1:21.9,,7-5,34.4,2.2,1.0,462.0,-4.0,[西]安田隆行,ダノックス,500.0,2015102377,01014,00438,619800
201709040702,2,5,6,ラブカンプー,牝2,54.0,Ｍ．デム,1:22.2,2,1-1,35.3,2.6,2.0,432.0,2.0,[西]森田直行,増田陽一,200.0,2015100978,05212,01142,291002
201709040702,3,4,5,ケイココサージュ,牝2,54.0,和田竜二,1:22.6,2.1/2,4-4,35.4,26.9,4.0,444.0,-2.0,[西]坂口正則,コロンバスサークル,130.0,2015106136,01018,00356,878800
201709040702,4,6,8,ヴァルディノート,牡2,54.0,ルメール,1:22.8,1.1/2,12-11,34.6,4.4,3.0,460.0,-2.0,[西]音無秀孝,キャロットファーム,75.0,2015104799,05339,01002,486800
201709040702,5,2,2,フレネシー,牡2,54.0,四位洋文,1:22.9,クビ,8-7,35.2,48.8,6.0,406.0,-6.0,[西]浅見秀一,三田昌宏,50.0,2015104283,00700,00411,872800
201709040702,6,7,10,セイウンデルレイ,牡2,54.0,幸英明,1:23.3,2.1/2,6-7,35.8,98.6,8.0,478.0,4.0,[西]宮本博,西山茂行,0.0,2015102565,00732,01073,897009
201709040702,7,1,1,エイシンペガサス,牡2,54.0,岩田康誠,1:23.3,アタマ,9-9,35.4,149.4,11.0,416.0,-8.0,[西]野中賢二,栄進堂,0.0,2015106383,05203,01098,785800
201709040702,8,7,11,アスターシャンティ,牡2,54.0,田中健,1:23.3,クビ,5-5,35.9,224.4,12.0,442.0,2.0,[西]南井克巳,加藤久枝,0.0,2015103026,01114,01049,935003
201709040702,9,4,4,メイショウツバキ,牝2,53.0,鮫島克駿,1:23.5,1.1/4,2-2,36.5,29.0,5.0,444.0,2.0,[西]西橋豊治,松本好隆,0.0,2015102817,01157,00434,911008
201709040702,10,5,7,アルマアノン,牝2,54.0,北村友一,1:23.8,1.3/4,11-11,35.6,62.1,7.0,442.0,4.0,[西]佐々木晶,コウトミックレーシング,0.0,2015100195,01102,00429,095700
201709040702,11,6,9,マエガミ,牝2,51.0,三津谷隼,1:23.8,アタマ,12-13,35.4,345.9,13.0,434.0,-4.0,[西]田所秀孝,副島義久,0.0,2015102973,01159,01009,297007
201709040702,12,8,12,スリーヘリオス,牡2,54.0,松山弘平,1:24.0,1.1/4,2-2,36.9,103.7,9.0,466.0,-6.0,[西]村山明,永井商事,0.0,2015103228,01126,01107,061800
201709040702,13,8,13,ダイメイギンガ,牝2,53.0,荻野極,1:24.0,ハナ,9-10,36.1,115.4,10.0,456.0,10.0,[西]森田直行,宮本孝一,0.0,2015102093,01160,01142,688006
201709040703,1,8,16,ジューンアンカー,牡3,56.0,高田潤,1:54.4,,3-3-7-6,37.2,40.9,12.0,454.0,4.0,[西]湯窪幸雄,吉川潤,500.0,2014100474,01046,01057,017803
201709040703,2,2,3,コペルニクス,牡3,56.0,川田将雅,1:54.4,クビ,6-6-4-2,37.7,5.2,3.0,432.0,-4.0,[西]音無秀孝,近藤英子,200.0,2014106253,01088,01002,372006
201709040703,3,5,10,ジョンドゥ,牡3,55.0,荻野極,1:54.6,1,13-13-5-6,37.6,14.1,6.0,508.0,0.0,[西]松下武士,吉田和美,130.0,2014105791,01160,01149,138007
201709040703,4,1,2,ワンダーラジャ,牡3,56.0,和田竜二,1:54.7,3/4,12-10-13-11,37.0,5.0,2.0,494.0,-2.0,[西]沖芳夫,山本信行,75.0,2014103669,01018,00378,634001
201709040703,5,2,4,パーセプション,牡3,56.0,武豊,1:54.8,1/2,2-2-2-2,38.4,12.6,5.0,532.0,-2.0,[西]野中賢二,Ｈ．Ｈ．シェイク・モハメド,50.0,2014102179,00666,01098,003060
201709040703,6,8,15,レディアリエッタ,牝3,54.0,岩田康誠,1:54.9,1/2,15-15-2-4,38.4,33.2,10.0,438.0,-12.0,[西]藤原英昭,寺田千代乃,0.0,2014106025,05203,01055,534006
201709040703,7,1,1,ベルメーリャ,牝3,54.0,松山弘平,1:55.1,1,6-6-10-9,37.7,16.2,8.0,544.0,2.0,[西]森田直行,吉田安惠,0.0,2014105300,01126,01142,221007
201709040703,8,6,11,メイショウクロス,牡3,53.0,富田暁,1:55.1,アタマ,1-1-1-1,38.8,8.0,4.0,516.0,-6.0,[西]坂口正則,松本好雄,0.0,2014103238,01168,00356,523005
201709040703,9,3,5,ジュンハーツ,牝3,54.0,ルメール,1:55.3,1,9-8-15-16,37.1,3.1,1.0,502.0,8.0,[西]友道康夫,河合純二,0.0,2014104091,05339,01061,165033
201709040703,10,4,8,アリストレジェンド,牡3,56.0,北村友一,1:55.4,1/2,4-4-5-5,38.7,14.3,7.0,486.0,-26.0,[西]安田隆行,社台レースホース,0.0,2014105624,01102,00438,415800
201709040703,11,7,13,オルトロス,牡3,56.0,福永祐一,1:55.5,3/4,8-8-7-8,38.1,25.9,9.0,502.0,0.0,[西]大久保龍,サンデーレーシング,0.0,2014106193,01014,01058,226800
201709040703,12,4,7,レッドラフィーネ,牝3,54.0,藤岡康太,1:56.1,3.1/2,13-13-13-13,38.3,34.9,11.0,422.0,-10.0,[西]高野友和,東京ホースレーシング,0.0,2014106313,01116,01117,180800
201709040703,13,6,12,ニホンピロメイデー,牝3,54.0,酒井学,1:56.5,2.1/2,9-10-10-9,39.0,607.7,16.0,440.0,-6.0,[西]田所秀孝,小林百太郎,0.0,2014105001,01034,01009,985001
201709040703,14,7,14,ヴォーチェドーロ,牝3,53.0,加藤祥太,1:56.6,1/2,9-10-10-11,39.0,234.6,14.0,480.0,-10.0,[西]吉村圭司,窪田康志,0.0,2014101557,01156,01130,514008
201709040703,15,5,9,メイショウタカモリ,牡3,56.0,幸英明,1:56.7,1/2,16-16-15-14,38.7,283.6,15.0,486.0,-6.0,[西]中村均,松本好雄,0.0,2014103476,00732,00261,523005
201709040703,16,3,6,グランドホール,牝3,51.0,森裕太朗,1:57.6,5,4-4-9-14,40.0,229.0,13.0,452.0,-4.0,[西]岩元市三,田畑利彦,0.0,2014110126,01165,00397,464030
201709040705,1,5,5,ドンアルゴス,牡2,53.0,加藤祥太,2:02.8,,3-3-2-2,34.0,24.0,6.0,496.0,0.0,[西]庄野靖志,山田貢一,700.0,2015100533,01156,01087,440006
201709040705,2,6,6,アルムフォルツァ,牡2,54.0,幸英明,2:02.9,1/2,4-4-4-3,33.6,6.8,3.0,444.0,0.0,[西]五十嵐忠,崎川美枝子,280.0,2015100523,00732,00422,899030
201709040705,3,2,2,レッドエクシード,牡2,54.0,岩田康誠,2:03.3,2.1/2,5-5-5-3,33.9,1.8,1.0,458.0,0.0,[西]松永幹夫,東京ホースレーシング,180.0,2015104390,05203,01092,180800
201709040705,4,7,7,エタリオウ,牡2,54.0,福永祐一,2:03.4,3/4,7-7-8-6,33.8,9.2,4.0,472.0,0.0,[西]友道康夫,Ｇリビエール・レーシング,110.0,2015104995,01014,01061,098803
201709040705,5,4,4,トーセンブレイヴ,牡2,54.0,ルメール,2:03.5,3/4,6-6-6-6,33.9,3.7,2.0,496.0,0.0,[西]池江泰寿,島川隆哉,70.0,2015104751,05339,01071,270006
201709040705,6,1,1,サニーレイ,牝2,54.0,武豊,2:05.1,10,8-8-6-6,35.5,16.0,5.0,462.0,0.0,[西]野中賢二,橋元勇氣,0.0,2015104883,00666,01098,943030
201709040705,7,8,8,エクスパートラン,牡2,54.0,藤岡佑介,2:05.5,2.1/2,1-1-1-1,37.0,69.8,7.0,444.0,0.0,[西]小崎憲,キヨタケ牧場,0.0,2015105573,01093,01085,490800
201709040705,8,3,3,ヒダザクラ,牝2,54.0,北村友一,2:05.9,2.1/2,2-2-3-3,36.7,110.6,8.0,482.0,0.0,[西]松永昌博,日下部猛,0.0,2015104307,01102,01083,927033
201709040706,1,3,5,オペラグローブ,牝2,54.0,川田将雅,1:26.6,,1-1,38.9,4.0,2.0,478.0,0.0,[西]中内田充,山紫水明,700.0,2015110007,01088,01137,091803
201709040706,2,6,12,スーブレット,牝2,54.0,ルメール,1:26.6,クビ,2-2,38.8,3.0,1.0,472.0,0.0,[西]石坂正,シルクレーシング,280.0,2015104964,05339,01022,506800
201709040706,3,8,16,キッチンウイッチ,牝2,54.0,水口優也,1:27.1,3,4-3,38.9,45.0,10.0,438.0,0.0,[西]崎山博樹,山上和良,180.0,2015100971,01133,00365,851007
201709040706,4,3,6,ブルベアブロッコリ,牡2,53.0,義英真,1:27.2,3/4,11-10,37.9,22.3,7.0,464.0,0.0,[西]藤沢則雄,ブルアンドベア,110.0,2015106302,01155,01041,843800
201709040706,5,1,1,コラード,牡2,54.0,藤岡康太,1:27.5,1.3/4,5-4,39.1,13.6,5.0,494.0,0.0,[西]木原一良,名古屋友豊,70.0,2015103393,01116,01033,463800
201709040706,6,2,4,エンジェルウィング,牝2,54.0,福永祐一,1:27.5,クビ,8-8,38.7,11.1,4.0,516.0,0.0,[西]牧田和弥,キャロットファーム,0.0,2015105100,01014,01123,486800
201709040706,7,7,14,トモジャクアルト,牡2,54.0,幸英明,1:27.6,クビ,7-7,39.0,19.7,6.0,488.0,0.0,[西]大根田裕,吉冨朝美,0.0,2015103932,00732,01032,238033
201709040706,8,1,2,ブラスト,牡2,54.0,松山弘平,1:27.9,2,13-10,38.5,185.9,14.0,538.0,0.0,[西]中村均,槙和美,0.0,2015100606,01126,00261,754033
201709040706,9,4,7,スズカビレッジ,牡2,54.0,和田竜二,1:28.0,クビ,16-15,37.5,77.4,12.0,452.0,0.0,[西]西村真幸,永井啓弍,0.0,2015103199,01018,01148,382004
201709040706,10,4,8,ウォーターボルグ,牡2,53.0,岩崎翼,1:28.1,3/4,8-9,39.2,67.3,11.0,510.0,0.0,[西]河内洋,山岡良一,0.0,2015103797,01146,01072,538009
201709040706,11,5,10,ナムラシシマル,牡2,51.0,三津谷隼,1:28.4,1.3/4,15-15,38.3,277.9,15.0,496.0,0.0,[西]目野哲也,奈村信重,0.0,2015103265,01159,00387,945004
201709040706,12,2,3,デンコウグランデ,牡2,54.0,松若風馬,1:28.7,1.3/4,11-12,39.4,112.6,13.0,476.0,0.0,[西]荒川義之,田中康弘,0.0,2015103610,01154,01095,484007
201709040706,13,6,11,パープルヒストリー,牡2,54.0,田中健,1:29.0,2,13-12,39.5,362.4,16.0,434.0,0.0,[西]福島信晴,中野銀十,0.0,2015102454,01114,00396,554009
201709040706,14,8,15,クールキッズ,牝2,53.0,荻野極,1:30.3,8,5-4,41.9,4.2,3.0,494.0,0.0,[西]清水久詞,川上哲司,0.0,2015102550,01160,01110,762007
201709040706,15,7,13,クラウンチャンプ,牡2,54.0,菱田裕二,1:30.5,1.1/2,2-6,42.4,32.0,8.0,482.0,0.0,[西]梅田智之,矢野恭裕,0.0,2015101241,01144,01084,043033
201709040706,16,5,9,タユウグロ,牡2,54.0,武豊,1:30.6,1/2,8-12,41.4,40.8,9.0,486.0,0.0,[西]小崎憲,田畑利彦,0.0,2015103077,00666,01085,464030
201709040707,1,8,17,モズアスコット,牡3,55.0,ルメール,1:32.7,,5-6,33.9,3.7,2.0,486.0,8.0,[西]矢作芳人,キャピタル・システム,750.0,2014110031,05339,01075,005803
201709040707,2,6,12,キャスパリーグ,牝3,53.0,武豊,1:33.3,3.1/2,9-9,33.9,12.0,3.0,440.0,10.0,[西]浅見秀一,杉山忠国,300.0,2014101392,00666,00411,053803
201709040707,3,7,15,コロナシオン,牝3,53.0,川田将雅,1:33.4,1/2,7-7,34.4,13.6,6.0,460.0,2.0,[西]池添学,サンデーレーシング,190.0,2014106110,01088,01144,226800
201709040707,4,4,8,シャイニーピース,牡3,55.0,幸英明,1:33.5,1/2,11-11,33.9,28.2,10.0,480.0,-2.0,[西]福島信晴,小林昌志,110.0,2014101588,00732,00396,531006
201709040707,5,5,10,アドマイヤアルパマ,牝3,53.0,池添謙一,1:33.7,1.1/2,4-4,35.1,131.7,14.0,426.0,-4.0,[西]須貝尚介,近藤利一,75.0,2014106068,01032,01105,398002
201709040707,6,1,1,グロワールシチー,牡3,55.0,福永祐一,1:33.9,1.1/4,9-9,34.6,20.0,8.0,460.0,-4.0,[西]岡田稲男,友駿ホースクラブ,0.0,2014101964,01014,01066,321800
201709040707,7,3,6,ドロウアカード,牝3,53.0,四位洋文,1:34.0,3/4,5-4,35.4,13.5,5.0,442.0,-12.0,[西]角田晃一,Ｇ１レーシング,0.0,2014105389,00700,01121,808800
201709040707,8,8,18,マテラアリオン,牡4,57.0,北村友一,1:34.1,クビ,2-2,35.7,14.8,7.0,476.0,2.0,[西]浜田多実,大野照旺,0.0,2013103024,01102,01138,550033
201709040707,9,8,16,ティーエスクライ,牝5,55.0,菱田裕二,1:34.1,クビ,14-14,34.0,33.6,12.0,456.0,2.0,[西]岩元市三,田畑利彦,0.0,2012105115,01144,00397,464030
201709040707,10,7,13,ゴールドハット,牡3,55.0,Ｍ．デム,1:34.3,1,7-7,35.2,2.7,1.0,414.0,-4.0,[西]角居勝彦,小林英一ホールディングス,0.0,2014110099,05212,01053,882800
201709040707,11,4,7,マディディ,セ4,56.0,坂井瑠星,1:34.3,アタマ,2-2,35.9,148.6,16.0,470.0,4.0,[西]奥村豊,ラ・メール,0.0,2013110031,01163,01146,877800
201709040707,12,3,5,メリオラ,牡3,55.0,藤岡佑介,1:34.3,ハナ,14-15,34.1,137.8,15.0,418.0,0.0,[西]中竹和也,前田幸治,0.0,2014110056,01093,01039,948006
201709040707,13,1,2,オブリゲーション,牡4,57.0,藤岡康太,1:34.3,クビ,18-17,33.9,13.3,4.0,460.0,-6.0,[西]奥村豊,辻牧場,0.0,2013103573,01116,01146,302800
201709040707,14,5,9,レディギャング,牝3,53.0,秋山真一,1:34.4,クビ,1-1,36.4,20.7,9.0,466.0,2.0,[西]森田直行,近藤克麿,0.0,2014101118,01019,01142,110030
201709040707,15,7,14,サトノマサムネ,セ3,55.0,川島信二,1:34.4,クビ,12-12,34.6,224.4,18.0,464.0,18.0,[西]西園正都,里見治,0.0,2014105848,01062,01028,790031
201709040707,16,2,3,ラハトケレブ,牡4,57.0,松若風馬,1:34.6,1.1/4,12-12,34.7,110.0,13.0,482.0,4.0,[西]牧田和弥,永田和彦,0.0,2013105972,01154,01123,875006
201709040707,17,6,11,シゲルボブキャット,牡3,55.0,太宰啓介,1:34.7,1/2,16-15,34.5,179.0,17.0,448.0,2.0,[西]坂口正則,森中蕃,0.0,2014101357,01037,00356,674004
201709040707,18,2,4,カウントオンイット,牝3,53.0,松山弘平,1:35.4,4,16-17,35.0,28.5,11.0,502.0,12.0,[西]高野友和,飯田正剛,0.0,2014104738,01126,01117,994002
201709040708,1,6,12,タマモアタック,牡5,57.0,小牧太,1:52.5,,3-2-4-2,36.7,5.0,2.0,478.0,-2.0,[西]佐藤正雄,タマモ,750.0,2012102758,00894,01025,515800
201709040708,2,7,14,アドラメレク,牡3,54.0,ルメール,1:52.8,1.3/4,5-5-5-4,36.8,5.9,4.0,454.0,-2.0,[西]石坂正,Ｇ１レーシング,300.0,2014105356,05339,01022,808800
201709040708,3,7,13,フォースライン,牡3,54.0,北村友一,1:53.1,2,12-12-2-2,37.5,10.6,6.0,516.0,6.0,[西]吉田直弘,吉田勝己,190.0,2014106256,01102,01101,790005
201709040708,4,5,9,メイショウマトイ,牡3,54.0,Ｍ．デム,1:53.3,1.1/4,16-15-11-10,36.7,4.8,1.0,468.0,-8.0,[西]本田優,松本好雄,110.0,2014103582,05212,01099,523005
201709040708,5,4,8,マコトシャムロック,牡4,57.0,岩田康誠,1:53.4,1/2,5-6-7-6,37.3,9.3,5.0,484.0,-12.0,[西]松田国英,ディアマント,75.0,2013101765,05203,01011,864800
201709040708,6,4,7,ジョウショーチカラ,牡5,57.0,藤岡康太,1:53.4,ハナ,9-9-9-6,37.0,38.8,9.0,522.0,-4.0,[西]服部利之,熊田義孝,0.0,2012100260,01116,01040,380008
201709040708,7,2,4,キングズアフェアー,セ5,57.0,和田竜二,1:53.7,1.3/4,3-4-5-8,37.6,5.0,3.0,518.0,6.0,[西]奥村豊,吉田照哉,0.0,2012104423,01018,01146,758005
201709040708,8,5,10,デイジーフローラ,牝4,52.0,森裕太朗,1:53.8,1/2,12-12-15-13,36.9,11.9,7.0,508.0,6.0,[西]音無秀孝,松岡隆雄,0.0,2013104987,01165,01002,306008
201709040708,9,6,11,メイショウカマクラ,牡4,57.0,古川吉洋,1:53.8,クビ,8-8-9-8,37.2,42.5,10.0,520.0,-8.0,[西]沖芳夫,松本好雄,0.0,2013102819,01015,00378,523005
201709040708,10,1,1,インテグリティー,牡4,56.0,鮫島克駿,1:53.9,クビ,15-16-15-15,36.7,65.7,12.0,464.0,-10.0,[西]高橋義忠,前田幸治,0.0,2013105036,01157,01129,948006
201709040708,11,3,6,プログレスシチー,牡4,57.0,国分恭介,1:54.0,1/2,12-12-12-11,37.3,50.1,11.0,480.0,-2.0,[西]安達昭夫,友駿ホースクラブ,0.0,2013104079,01124,01042,321800
201709040708,12,1,2,カフジナイサー,牡4,57.0,高田潤,1:54.5,3,1-1-1-1,39.0,14.3,8.0,472.0,0.0,[西]木原一良,加藤守,0.0,2013104326,01046,01033,019004
201709040708,13,2,3,ナガラエンカ,牝3,52.0,松山弘平,1:55.3,5,2-2-3-4,39.6,68.5,13.0,452.0,22.0,[西]五十嵐忠,長良レーシングクラブ,0.0,2014103195,01126,00422,024700
201709040708,14,3,5,サンライズミライ,牡4,57.0,藤懸貴志,1:55.8,3,9-9-12-12,39.2,189.7,16.0,494.0,-6.0,[西]平田修,松岡隆雄,0.0,2013101202,01138,01082,306008
201709040708,15,8,15,ワイドコマンダー,牡3,54.0,幸英明,1:56.3,3,9-9-12-15,39.2,84.5,14.0,512.0,4.0,[西]加用正,幅田京子,0.0,2014106395,00732,00425,320030
201709040708,16,8,16,マーケットレイズン,牝3,49.0,富田暁,1:56.4,1/2,5-6-7-13,39.8,144.7,15.0,440.0,2.0,[西]服部利之,峰哲馬,0.0,2014105031,01168,01040,684006
201709040709,1,1,1,ムーンクエイク,セ4,57.0,ルメール,1:32.9,,2-2,33.5,1.9,1.0,494.0,2.0,[東]藤沢和雄,キャロットファーム,1524.5,2013106148,05339,00386,486800
201709040709,2,4,4,カイザーバル,牝4,55.5,四位洋文,1:33.3,2.1/2,1-1,34.2,4.5,2.0,482.0,6.0,[西]角居勝彦,社台レースホース,607.0,2013105537,00700,01053,415800
201709040709,3,5,5,テラノヴァ,牝4,55.0,Ｍ．デム,1:33.4,クビ,4-4,33.7,5.9,4.0,490.0,6.0,[西]須貝尚介,社台レースホース,383.5,2013105397,05212,01105,415800
201709040709,4,6,6,チャレアーダ,牝3,52.0,福永祐一,1:33.6,1.1/2,6-4,33.9,4.5,3.0,468.0,12.0,[西]中内田充,Ｈ．Ｈ．シェイク・モハメド,230.0,2014102155,01014,01137,003060
201709040709,5,2,2,インクレディブル,牡5,53.0,藤懸貴志,1:34.0,2.1/2,9-8,33.7,118.9,9.0,524.0,3.0,[西]中村均,前田葉子,150.0,2012105352,01138,00261,245030
201709040709,6,8,8,コートシャルマン,牝5,52.0,和田竜二,1:34.2,1.1/4,3-3,34.7,13.6,5.0,466.0,-2.0,[西]松永幹夫,社台レースホース,0.0,2012104217,01018,01092,415800
201709040709,7,8,9,ハッピームーン,牡5,53.0,岩田康誠,1:34.2,アタマ,6-6,34.1,89.2,8.0,458.0,0.0,[東]相沢郁,石瀬浩三,0.0,2012100055,05203,01020,812008
201709040709,8,3,3,ヴェゼール,牡4,56.0,岩崎翼,1:34.2,アタマ,5-6,34.2,81.1,7.0,546.0,2.0,[西]河内洋,畑佐博,0.0,2013103050,01146,01072,078006
201709040709,9,7,7,ナムラアッパー,牡6,53.0,幸英明,1:34.2,ハナ,8-8,33.9,66.0,6.0,420.0,-4.0,[西]福島信晴,奈村信重,0.0,2011105849,00732,00396,945004
201709040710,1,1,1,キンショーユキヒメ,牝4,53.0,和田竜二,2:00.6,,6-6-5-6,34.6,6.8,3.0,512.0,6.0,[西]中村均,礒野日出夫,1852.2,2013105358,01018,00261,405006
201709040710,2,7,12,ラヴィエベール,牡4,56.0,ルメール,2:00.6,クビ,8-8-8-8,34.6,1.8,1.0,488.0,-8.0,[東]藤沢和雄,シルクレーシング,739.2,2013105870,05339,00386,506800
201709040710,3,6,10,ハクサンルドルフ,牡4,57.5,川田将雅,2:00.6,アタマ,10-11-11-11,34.3,7.7,4.0,468.0,4.0,[西]西園正都,河崎五市,464.6,2013104956,01088,01028,841030
201709040710,4,3,4,プリメラアスール,牝5,53.0,岩田康誠,2:00.7,3/4,1-1-1-1,35.1,9.9,5.0,510.0,0.0,[西]鈴木孝志,アスール,270.0,2012102682,05203,01111,047803
201709040710,5,6,9,マイネルネーベル,牡5,54.0,国分恭介,2:00.8,クビ,2-2-2-2,35.1,37.9,9.0,464.0,-2.0,[西]五十嵐忠,サラブレッドクラブ・ラフィアン,182.0,2012100740,01124,00422,546800
201709040710,6,2,2,スズカルパン,牡8,55.0,小牧太,2:00.9,3/4,2-2-4-4,35.1,36.5,8.0,472.0,0.0,[西]西橋豊治,永井宏明,0.0,2009103405,00894,00434,979033
201709040710,7,4,6,ジャズファンク,牡5,54.0,武豊,2:00.9,ハナ,12-11-12-11,34.5,28.9,7.0,492.0,-10.0,[西]角田晃一,市川義美ホールディングス,0.0,2012104772,00666,01121,010803
201709040710,8,4,5,ベルラップ,牡5,56.0,酒井学,2:01.0,1/2,4-4-5-6,35.1,49.9,10.0,508.0,2.0,[西]西村真幸,サンデーレーシング,0.0,2012104823,01034,01148,226800
201709040710,9,8,13,ギモーヴ,牝4,53.0,福永祐一,2:01.2,1.1/4,12-13-13-13,34.7,6.2,2.0,472.0,2.0,[西]池添学,吉田和美,0.0,2013106018,01014,01144,138007
201709040710,10,5,8,クィーンチャーム,牝5,52.0,秋山真一,2:01.3,クビ,6-7-8-8,35.2,25.0,6.0,454.0,12.0,[西]池江泰寿,サンデーレーシング,0.0,2012103980,01019,01071,226800
201709040710,11,8,14,コウエイワンマン,牡6,54.0,松山弘平,2:01.6,2,10-10-2-3,35.9,93.8,11.0,524.0,2.0,[西]川村禎彦,釘田義広,0.0,2011101337,01126,01003,542008
201709040710,12,3,3,メイショウコルノ,牡6,53.0,幸英明,2:01.6,ハナ,8-8-10-10,35.4,147.8,12.0,548.0,4.0,[西]河内洋,松本好雄,0.0,2011105920,00732,01072,523005
201709040710,13,5,7,エーティータラント,牡7,54.0,富田暁,2:01.7,クビ,14-14-13-13,35.2,344.0,14.0,506.0,-4.0,[西]木原一良,荒木徹,0.0,2010103543,01168,01033,878005
201709040710,14,7,11,レインボーソング,牝5,52.0,菱田裕二,2:02.2,3,4-4-5-4,36.4,180.3,13.0,482.0,-8.0,[西]中内田充,吉田和美,0.0,2012104930,01144,01137,138007
201709040711,1,5,8,レイデオロ,牡3,56.0,ルメール,2:24.6,,4-4-3-3,34.1,2.2,1.0,476.0,-4.0,[東]藤沢和雄,キャロットファーム,5500.8,2014106201,05339,00386,486800
201709040711,2,4,5,キセキ,牡3,56.0,Ｍ．デム,2:24.9,2,9-10-9-10,33.9,3.5,2.0,486.0,-12.0,[西]角居勝彦,石川達絵,2228.8,2014101976,05212,01053,248030
201709040711,3,2,2,サトノアーサー,牡3,56.0,川田将雅,2:25.1,3/4,4-5-5-5,34.4,6.9,3.0,480.0,14.0,[西]池江泰寿,里見治,1414.4,2014105887,01088,01071,790031
201709040711,4,3,3,ダンビュライト,牡3,56.0,武豊,2:25.2,1/2,2-2-2-2,35.0,8.6,4.0,480.0,16.0,[西]音無秀孝,サンデーレーシング,810.0,2014106010,00666,01002,226800
201709040711,5,8,14,アドマイヤウイナー,牡3,56.0,秋山真一,2:25.3,1/2,10-8-9-8,34.4,49.0,8.0,484.0,-8.0,[西]須貝尚介,近藤利一,540.0,2014106005,01019,01105,398002
201709040711,6,3,4,ベストアプローチ,牡3,56.0,岩田康誠,2:25.4,3/4,6-8-6-6,34.6,14.9,5.0,484.0,10.0,[西]藤原英昭,Ｈ．Ｈ．シェイク・モハメド,0.0,2014110081,05203,01055,003060
201709040711,7,6,9,マイスタイル,牡3,56.0,横山典弘,2:25.4,ハナ,3-3-3-3,34.9,17.2,7.0,462.0,0.0,[西]昆貢,寺田千代乃,0.0,2014100971,00660,01044,534006
201709040711,8,1,1,メイショウテンシャ,牡3,56.0,藤岡佑介,2:25.8,2.1/2,12-12-12-12,34.5,268.7,13.0,460.0,-8.0,[西]池添兼雄,松本好雄,0.0,2014103577,01093,01021,523005
201709040711,9,7,11,カデナ,牡3,56.0,福永祐一,2:25.9,1/2,6-6-8-6,35.1,15.6,6.0,464.0,10.0,[西]中竹和也,前田幸治,0.0,2014104449,01014,01039,948006
201709040711,10,4,6,アダムバローズ,牡3,56.0,池添謙一,2:26.4,3,1-1-1-1,36.3,74.9,9.0,508.0,10.0,[西]角田晃一,猪熊広次,0.0,2014104968,01032,01121,859007
201709040711,11,7,12,エテレインミノル,牡3,56.0,北村友一,2:26.7,2,6-6-6-8,35.8,209.8,12.0,484.0,6.0,[西]北出成人,吉岡實,0.0,2014103163,01102,01078,265008
201709040711,12,6,10,ホウオウドリーム,牡3,56.0,藤岡康太,2:26.9,1,11-11-11-10,35.9,117.6,10.0,488.0,-4.0,[西]矢作芳人,小笹芳央,0.0,2014102898,01116,01075,906033
201709040711,13,5,7,タガノシャルドネ,牡3,56.0,和田竜二,2:27.0,1/2,13-13-12-13,35.5,142.1,11.0,436.0,-4.0,[西]川村禎彦,八木秀之,0.0,2014102159,01018,01003,874800
201709040711,14,8,13,タガノヤグラ,牡3,56.0,藤懸貴志,2:27.2,1.1/2,14-14-14-13,35.7,323.0,14.0,450.0,-2.0,[西]千田輝彦,八木良司,0.0,2014100523,01138,01120,859002
201709040712,1,2,3,ファッショニスタ,牝3,53.0,川田将雅,1:23.4,,3-3,36.7,3.4,2.0,488.0,0.0,[西]安田隆行,Ｈ．Ｈ．シェイク・モハメド,1050.0,2014102137,01088,00438,003060
201709040712,2,3,6,ヴェンジェンス,牡4,57.0,幸英明,1:23.5,3/4,6-5,36.6,5.7,3.0,482.0,-8.0,[西]大根田裕,宮川純造,420.0,2013103618,00732,01032,350002
201709040712,3,1,2,ソーディヴァイン,牝4,55.0,ルメール,1:23.6,クビ,2-2,37.1,3.1,1.0,536.0,8.0,[西]西村真幸,シルクレーシング,260.0,2013105956,05339,01148,506800
201709040712,4,3,5,ファームフェイス,牝3,53.0,武豊,1:23.6,クビ,10-9,36.3,10.7,5.0,460.0,-4.0,[西]笹田和秀,Ｇ１レーシング,160.0,2014105323,00666,01104,808800
201709040712,5,1,1,メイショウジーク,牡3,55.0,福永祐一,1:23.8,1.1/4,1-1,37.7,22.6,8.0,468.0,6.0,[西]中内田充,松本好隆,105.0,2014102989,01014,01137,911008
201709040712,6,6,12,ユラノト,牡3,55.0,横山典弘,1:23.9,クビ,10-10,36.4,16.5,6.0,470.0,-10.0,[西]松田国英,社台レースホース,0.0,2014105482,00660,01011,415800
201709040712,7,7,14,ラバニーユ,牝5,55.0,岩田康誠,1:24.1,1,13-15,36.4,35.6,9.0,432.0,6.0,[西]森田直行,前田幸治,0.0,2012102422,05203,01142,948006
201709040712,8,8,15,スターカットダイヤ,牡3,55.0,Ｍ．デム,1:24.2,1/2,8-10,37.0,7.3,4.0,450.0,-4.0,[西]平田修,小林仁幸,0.0,2014105778,05212,01082,234008
201709040712,9,4,8,アドマイヤシェル,牡7,57.0,松山弘平,1:24.2,アタマ,3-3,37.5,229.0,15.0,528.0,6.0,[西]中尾秀正,近藤利一,0.0,2010104044,01126,01069,398002
201709040712,10,5,9,ヒルノデンハーグ,セ5,57.0,古川吉洋,1:24.3,1/2,16-10,36.5,89.3,12.0,486.0,6.0,[西]昆貢,ヒルノ,0.0,2012106232,01015,01044,823800
201709040712,11,6,11,ベルクリア,牝4,55.0,松若風馬,1:24.3,クビ,8-7,37.2,21.8,7.0,466.0,6.0,[西]吉田直弘,水上行雄,0.0,2013102849,01154,01101,482002
201709040712,12,5,10,キングカーティス,牡5,57.0,秋山真一,1:24.5,3/4,10-10,37.2,194.5,14.0,448.0,-4.0,[西]小崎憲,ヒダカ・ブリーダーズ・ユニオン,0.0,2012101154,01019,01085,547800
201709040712,13,4,7,ランドハイパワー,牡4,57.0,国分恭介,1:24.5,クビ,13-15,36.9,98.3,13.0,488.0,-10.0,[西]安達昭夫,木村昌三,0.0,2013102941,01124,01042,862009
201709040712,14,7,13,ビタミンエース,牡6,56.0,岩崎翼,1:24.9,2.1/2,13-14,37.3,325.6,16.0,518.0,-1.0,[西]本田優,村上稔,0.0,2011101354,01146,01099,870004
201709040712,15,2,4,マルモレイナ,牝3,53.0,田中健,1:25.3,2.1/2,6-7,38.3,88.9,11.0,466.0,18.0,[西]木原一良,まるも組合,0.0,2014103085,01114,01033,019700
201709040712,16,8,16,トップリバティ,牡5,57.0,和田竜二,1:26.1,5,5-5,39.2,75.5,10.0,532.0,4.0,[西]鈴木孝志,宮内牧場,0.0,2012105613,01018,01111,916800
201709040801,1,4,4,ユニオンローズ,牡2,54.0,岩田康誠,1:25.1,,1-1,37.4,3.6,2.0,448.0,-4.0,[西]牧田和弥,山紫水明,500.0,2015105968,05203,01123,091803
201709040801,2,8,12,ダンツタイヨウ,牡2,54.0,松若風馬,1:26.3,7,3-2,38.3,8.9,3.0,514.0,2.0,[西]山内研二,山元哲二,200.0,2015105439,01154,00388,248005
201709040801,3,5,6,ナムラキヌ,牝2,54.0,秋山真一,1:26.3,ハナ,2-2,38.4,1.8,1.0,452.0,0.0,[西]福島信晴,奈村睦弘,130.0,2015101074,01019,00396,972002
201709040801,4,8,11,コパノマーボー,牡2,54.0,藤岡佑介,1:27.0,4,5-4,38.8,9.8,4.0,492.0,24.0,[西]田所秀孝,小林祥晃,75.0,2015105365,01093,01009,966007
201709040801,5,7,10,サイモンバイタル,牡2,54.0,高倉稜,1:27.2,1.1/2,8-7,38.5,101.4,9.0,428.0,-4.0,[西]川村禎彦,澤田昭紀,50.0,2015105882,01130,01003,132030
201709040801,6,1,1,ミッキーマラン,牡2,54.0,国分恭介,1:27.2,ハナ,4-4,39.0,115.4,10.0,462.0,0.0,[西]中村均,三木久史,0.0,2015103391,01124,00261,052006
201709040801,7,6,8,ダイイチリュウ,牡2,54.0,北村友一,1:27.8,3.1/2,6-6,39.1,34.5,6.0,490.0,6.0,[西]作田誠二,華山龍一,0.0,2015102007,01102,01006,932006
201709040801,8,6,7,スズカビレッジ,牡2,54.0,和田竜二,1:28.2,2.1/2,10-10,39.0,25.7,5.0,448.0,-4.0,[西]西村真幸,永井啓弍,0.0,2015103199,01018,01148,382004
201709040801,9,3,3,アスタービアンコ,牡2,54.0,古川吉洋,1:28.8,3.1/2,10-8,39.7,38.0,7.0,468.0,2.0,[西]木原一良,加藤久枝,0.0,2015103273,01015,01033,935003
201709040801,10,7,9,グリンテソーロ,牝2,53.0,坂井瑠星,1:28.8,アタマ,8-8,39.8,53.4,8.0,436.0,-10.0,[西]高橋康之,了徳寺健二,0.0,2015105908,01163,01135,980033
201709040801,11,2,2,シゲルカボチャ,牝2,53.0,加藤祥太,1:29.6,5,10-10,40.5,215.6,11.0,406.0,8.0,[西]柴田光陽,森中蕃,0.0,2015103731,01156,00400,674004
201709040801,12,5,5,ダッチェス,牝2,54.0,水口優也,1:29.6,ハナ,6-10,40.6,222.8,12.0,408.0,-14.0,[西]崎山博樹,田頭勇貴,0.0,2015100263,01133,00365,855030
201709040802,1,5,5,グローバルリーチ,牡2,54.0,岩田康誠,1:10.3,,7-7,34.4,5.2,3.0,452.0,-4.0,[西]高橋康之,ヒダカ・ブリーダーズ・ユニオン,500.0,2015106092,05203,01135,547800
201709040802,2,7,7,スギノアルテミス,牝2,54.0,松若風馬,1:10.5,1.1/4,3-2,35.0,22.1,5.0,406.0,-4.0,[西]西村真幸,杉山忠国,200.0,2015102659,01154,01148,053803
201709040802,3,4,4,クォーターバック,牡2,54.0,福永祐一,1:10.5,ハナ,2-2,35.0,1.9,1.0,456.0,0.0,[西]安田隆行,新井康司,130.0,2015100952,01014,00438,559033
201709040802,4,2,2,メイショウタンゴ,牝2,54.0,浜中俊,1:10.7,1.1/2,6-5,35.0,4.2,2.0,472.0,-8.0,[西]石橋守,松本好雄,75.0,2015103437,01115,01140,523005
201709040802,5,6,6,アイビリーブ,牡2,54.0,武豊,1:11.0,1.3/4,3-5,35.3,8.3,4.0,450.0,0.0,[西]森秀行,古賀和夫,50.0,2015103690,00666,00427,768005
201709040802,6,8,8,アウトバーン,牡2,54.0,国分優作,1:11.0,クビ,3-2,35.5,86.4,8.0,462.0,2.0,[西]目野哲也,鳴戸雄一,0.0,2015105736,01125,00387,551008
201709040802,7,3,3,ビバラエポボン,牝2,51.0,森裕太朗,1:11.1,クビ,9-7,35.1,56.1,7.0,452.0,-2.0,[東]本間忍,ミルファーム,0.0,2015101966,01165,01056,629800
201709040802,8,1,1,ホクセツ,セ2,53.0,城戸義政,1:11.1,クビ,7-9,35.1,235.5,9.0,466.0,-14.0,[東]南田美知,ミルファーム,0.0,2015103872,01147,00437,629800
201709040802,9,8,9,サカショウクィーン,牝2,54.0,酒井学,1:11.4,1.3/4,1-1,36.0,29.3,6.0,418.0,-2.0,[東]天間昭一,坂田行夫,0.0,2015109054,01034,01090,244008
201709040803,1,7,7,ヘンリーバローズ,牡2,54.0,Ｍ．デム,1:47.5,,1-1,33.8,1.1,1.0,486.0,-2.0,[西]角居勝彦,猪熊広次,500.0,2015104813,05212,01053,859007
201709040803,2,4,4,ショウナンマリブ,牡2,54.0,池添謙一,1:48.2,4,3-3,34.3,56.9,4.0,460.0,10.0,[西]松下武士,国本哲秀,200.0,2015101024,01032,01149,331002
201709040803,3,8,9,プルンクザール,牡2,54.0,浜中俊,1:48.6,2.1/2,3-3,34.7,76.7,5.0,452.0,-4.0,[西]石坂正,水上ふじ子,130.0,2015103528,01115,01022,281008
201709040803,4,1,1,リリカルドリーム,牝2,54.0,松若風馬,1:48.6,ハナ,7-7,34.4,28.2,3.0,434.0,0.0,[西]音無秀孝,水上行雄,75.0,2015103524,01154,01002,482002
201709040803,5,8,8,エーティーマゼラン,牡2,54.0,秋山真一,1:49.0,2.1/2,2-2,35.2,168.1,7.0,492.0,10.0,[西]湯窪幸雄,荒木徹,50.0,2015103308,01019,01057,878005
201709040803,6,3,3,ショウナンバローロ,牡2,54.0,藤岡康太,1:49.1,1/2,8-8,34.8,215.5,9.0,498.0,4.0,[西]西村真幸,国本哲秀,0.0,2015101482,01116,01148,331002
201709040803,7,6,6,ローズサクシード,牡2,54.0,和田竜二,1:49.2,3/4,9-9,34.7,133.6,6.0,496.0,-8.0,[西]吉村圭司,シルクレーシング,0.0,2015104069,01018,01130,506800
201709040803,8,2,2,クリノダイヤモンド,牡2,53.0,荻野極,1:49.2,ハナ,5-5,35.1,18.1,2.0,468.0,-6.0,[西]荒川義之,栗本博晴,0.0,2015103920,01160,01095,970006
201709040803,9,5,5,ブルベアルッコラ,牡2,54.0,酒井学,1:49.7,3,5-5,35.6,184.8,8.0,468.0,20.0,[西]渡辺薫彦,ブルアンドベア,0.0,2015101759,01034,01155,843800
201709040804,1,2,3,ハートフルタイム,牡3,56.0,武豊,1:25.6,,8-4,38.2,1.9,1.0,500.0,0.0,[西]牧浦充徳,青山洋一,500.0,2014101924,00666,01113,015008
201709040804,2,7,14,アイスグレー,牝3,54.0,鮫島良太,1:26.3,4,12-8,38.6,25.2,8.0,482.0,4.0,[西]飯田雄三,ローレルレーシング,200.0,2014100834,01099,01050,032800
201709040804,3,7,13,ブルーアクシス,牡3,56.0,太宰啓介,1:26.5,1,16-16,37.0,83.7,10.0,504.0,0.0,[西]奥村豊,ブルーマネジメント,130.0,2014102349,01037,01146,188800
201709040804,4,6,11,メイショウナンバー,牝3,54.0,国分恭介,1:26.9,2.1/2,7-8,39.5,186.1,13.0,446.0,4.0,[西]高橋義忠,松本好雄,75.0,2014105164,01124,01129,523005
201709040804,5,3,5,シャブリ,牝3,54.0,浜中俊,1:26.9,ハナ,2-2,40.0,5.3,2.0,418.0,0.0,[西]大久保龍,石川達絵,50.0,2014103781,01115,01058,248030
201709040804,6,8,15,サトノシュテルン,牝3,51.0,富田暁,1:26.9,ハナ,1-1,40.2,9.3,5.0,452.0,-4.0,[西]安田隆行,里見治,0.0,2014106013,01168,00438,790031
201709040804,7,1,1,オウケンヴィクトリ,牝3,51.0,森裕太朗,1:26.9,クビ,8-8,39.3,100.8,11.0,432.0,8.0,[西]野中賢二,福井明,0.0,2014103380,01165,01098,731006
201709040804,8,8,16,プライムプラム,牝3,54.0,岩田康誠,1:27.4,3,12-12,39.6,224.9,15.0,480.0,8.0,[西]高橋康之,長谷川守正,0.0,2014105900,05203,01135,370033
201709040804,9,6,12,メイショウタカトラ,牡3,56.0,川島信二,1:27.8,2.1/2,4-2,40.6,22.0,7.0,508.0,-8.0,[西]荒川義之,松本好雄,0.0,2014103551,01062,01095,523005
201709040804,10,4,8,ヒルノケープタウン,牡3,56.0,四位洋文,1:28.5,4,4-4,41.3,18.3,6.0,530.0,8.0,[西]昆貢,ヒルノ,0.0,2014100981,00700,01044,823800
201709040804,11,1,2,プルマブランカ,牝3,54.0,小牧太,1:28.8,2,14-14,40.7,8.8,4.0,480.0,0.0,[西]笹田和秀,協和牧場,0.0,2014100176,00894,01104,763800
201709040804,12,5,9,ワンダープトゥリ,牝3,53.0,加藤祥太,1:28.8,アタマ,10-12,41.1,288.5,16.0,454.0,0.0,[西]吉村圭司,山本信行,0.0,2014106506,01156,01130,634001
201709040804,13,2,4,ロックイット,牡3,56.0,藤岡康太,1:28.9,1/2,4-7,41.7,57.8,9.0,460.0,-10.0,[西]鮫島一歩,ＣＨＥＶＡＬＡＴＴＡＣＨＥ,0.0,2014103719,01116,01046,888800
201709040804,14,4,7,レッドフィエルテ,牝3,54.0,福永祐一,1:29.5,3.1/2,3-4,42.4,7.9,3.0,416.0,0.0,[西]松永幹夫,東京ホースレーシング,0.0,2014103462,01014,01092,180800
201709040804,15,3,6,エイシンプレミアム,牝3,54.0,酒井学,1:29.8,2,14-15,41.5,203.6,14.0,472.0,-2.0,[西]沖芳夫,栄進堂,0.0,2014101057,01034,00378,785800
201709040804,16,5,10,ミスターフウジン,牡3,56.0,藤岡佑介,1:30.5,4,10-11,42.8,144.7,12.0,500.0,10.0,[西]羽月友彦,阿部東亜子,0.0,2014102910,01093,01091,985033
201709040805,1,8,11,アドマイヤキング,牡2,54.0,Ｍ．デム,1:49.9,,4-2,34.1,2.3,1.0,530.0,0.0,[西]友道康夫,近藤利一,700.0,2015104660,05212,01061,398002
201709040805,2,6,6,ナンゴクアイネット,牝2,54.0,松山弘平,1:50.2,2,1-1,34.4,167.9,11.0,462.0,0.0,[西]鮫島一歩,渡義光,280.0,2015100428,01126,01046,977007
201709040805,3,5,5,メールドグラース,牡2,53.0,荻野極,1:50.2,ハナ,4-4,34.2,9.3,4.0,456.0,0.0,[西]清水久詞,キャロットファーム,180.0,2015104773,01160,01110,486800
201709040805,4,8,10,ヴィグール,牝2,54.0,浜中俊,1:50.2,ハナ,2-2,34.4,77.0,9.0,456.0,0.0,[西]渡辺薫彦,サイプレスホールディングス,110.0,2015104849,01115,01155,015803
201709040805,5,6,7,カリマ,牡2,54.0,北村友一,1:50.4,1.1/4,10-10,34.0,14.7,5.0,480.0,0.0,[西]佐々木晶,前田晋二,70.0,2015100603,01102,00429,041002
201709040805,6,7,8,ポジティブスタンド,牡2,54.0,和田竜二,1:50.5,3/4,8-8,34.2,3.4,2.0,476.0,0.0,[西]高橋亮,サンデーレーシング,0.0,2015104101,01018,01136,226800
201709040805,7,3,3,レッドゼノビア,牝2,54.0,福永祐一,1:50.6,クビ,6-7,34.5,5.7,3.0,452.0,0.0,[西]大久保龍,東京ホースレーシング,0.0,2015104480,01014,01058,180800
201709040805,8,4,4,キングフォルテ,牡2,54.0,小牧太,1:50.8,1.1/4,8-8,34.5,64.1,8.0,494.0,0.0,[西]加用正,平口信行,0.0,2015102906,00894,00425,411030
201709040805,9,7,9,バウンスバッカー,牡2,54.0,池添謙一,1:50.8,クビ,6-4,34.8,119.6,10.0,430.0,0.0,[西]池添兼雄,福本圭佐,0.0,2015100394,01032,01021,784006
201709040805,10,1,1,サイン,牡2,54.0,武豊,1:51.3,3,11-11,34.3,16.2,6.0,462.0,0.0,[西]森田直行,ノースヒルズ,0.0,2015100630,00666,01142,788800
201709040805,11,2,2,サトノガバナー,牡2,54.0,岩田康誠,1:51.3,ハナ,3-4,35.3,42.8,7.0,464.0,0.0,[西]中竹和也,里見治,0.0,2015105174,05203,01039,790031
201709040806,1,6,6,メイショウワザシ,牡2,54.0,秋山真一,1:55.9,,2-2-2-2,36.5,1.5,1.0,528.0,0.0,[西]南井克巳,松本好雄,700.0,2015103248,01019,01049,523005
201709040806,2,5,5,カレンガリアード,牡2,54.0,北村友一,1:56.5,3.1/2,4-3-3-3,36.9,3.5,2.0,466.0,0.0,[西]安田隆行,鈴木隆司,280.0,2015101518,01102,00438,869006
201709040806,3,2,2,ダージリンクーラー,牡2,54.0,福永祐一,1:56.7,1,3-3-3-4,37.0,7.5,3.0,460.0,0.0,[西]石坂正,キャロットファーム,180.0,2015104886,01014,01022,486800
201709040806,4,4,4,ミルトジョン,牡2,54.0,岩田康誠,1:57.4,4,1-1-1-1,38.1,9.9,4.0,482.0,0.0,[西]中竹和也,永山勝敏,110.0,2015105335,05203,01039,695033
201709040806,5,1,1,ゴッドスパロウ,牡2,54.0,小牧太,1:58.1,4,5-5-5-5,38.2,24.1,5.0,528.0,0.0,[西]角田晃一,中西憲治,70.0,2015100913,00894,01121,998007
201709040806,6,3,3,ユウクインスター,牝2,54.0,小林徹弥,2:03.4,大,6-6-6-6,42.7,69.3,6.0,450.0,0.0,[西]森秀行,アイテツ,0.0,2015102960,00722,00427,958800
201709040807,1,8,16,メイショウカミシマ,牡3,54.0,松若風馬,2:40.5,,3-2-2-2,35.0,5.8,3.0,454.0,4.0,[西]石橋守,松本好雄,750.0,2014104329,01154,01140,523005
201709040807,2,6,11,スティルウォーター,牝4,55.0,四位洋文,2:40.6,3/4,16-14-13-8,34.4,3.6,1.0,410.0,0.0,[西]寺島良,ヒダカ・ブリーダーズ・ユニオン,300.0,2013104671,00700,01158,547800
201709040807,3,5,9,ローズシュクレ,牝3,51.0,荻野極,2:40.9,1.1/2,9-9-6-5,35.1,11.4,5.0,434.0,-4.0,[西]小崎憲,サンデーレーシング,190.0,2014106251,01160,01085,226800
201709040807,4,8,17,マイブルーヘブン,牡3,54.0,松山弘平,2:41.1,1.1/4,6-6-3-2,35.5,7.5,4.0,458.0,4.0,[西]高橋義忠,三田昌宏,110.0,2014101874,01126,01129,872800
201709040807,5,4,7,タマモベルガモ,牡4,56.0,鮫島克駿,2:41.1,クビ,7-7-4-4,35.4,124.6,12.0,476.0,-2.0,[西]川村禎彦,タマモ,75.0,2013101248,01157,01003,515800
201709040807,6,8,18,メイショウキリマ,牡3,53.0,加藤祥太,2:41.2,クビ,1-1-1-1,35.7,19.4,10.0,514.0,8.0,[西]庄野靖志,松本好雄,0.0,2014103356,01156,01087,523005
201709040807,7,7,13,ロードゼスト,牡3,54.0,岩田康誠,2:41.2,クビ,12-10-8-5,35.3,5.3,2.0,450.0,-2.0,[西]千田輝彦,ロードホースクラブ,0.0,2014104411,05203,01120,170800
201709040807,8,1,1,レレオーネ,牡5,57.0,北村友一,2:41.4,3/4,17-17-16-13,34.7,12.6,6.0,478.0,-4.0,[西]吉田直弘,キャロットファーム,0.0,2012104832,01102,01101,486800
201709040807,9,1,2,ワラッチャウヨネ,牝3,49.0,森裕太朗,2:41.4,クビ,11-12-13-13,34.7,20.2,11.0,418.0,-2.0,[東]高橋義博,渡辺牧場,0.0,2014102928,01165,01036,922800
201709040807,10,3,5,ジャストコーズ,セ4,57.0,菱田裕二,2:41.6,1.1/4,9-10-11-8,35.4,16.6,9.0,506.0,-4.0,[西]岡田稲男,社台レースホース,0.0,2013105332,01144,01066,415800
201709040807,11,3,6,ディスピュート,牡4,57.0,和田竜二,2:41.6,アタマ,13-13-11-5,35.7,14.8,7.0,428.0,-6.0,[西]牧田和弥,畑佐博,0.0,2013100779,01018,01123,078006
201709040807,12,6,12,ダンツペレット,牡4,57.0,藤懸貴志,2:41.7,1/2,14-14-13-12,35.2,15.7,8.0,506.0,4.0,[西]山内研二,山元哲二,0.0,2013104488,01138,00388,248005
201709040807,13,2,3,ナムラメルシー,牝3,49.0,富田暁,2:41.9,1.1/4,7-8-8-11,35.6,251.1,14.0,476.0,6.0,[西]杉山晴紀,奈村睦弘,0.0,2014103415,01168,01157,972002
201709040807,14,7,15,ヤマニンアウォーズ,牡3,53.0,岩崎翼,2:42.5,3.1/2,2-2-6-8,36.3,442.6,18.0,474.0,-12.0,[西]千田輝彦,土井肇,0.0,2014100554,01146,01120,329004
201709040807,15,2,4,ケイアイアン,牡3,53.0,義英真,2:42.8,2,14-14-16-17,35.9,357.1,17.0,472.0,-6.0,[西]中尾秀正,杉田周作,0.0,2014103780,01155,01069,665030
201709040807,16,4,8,マジックルーラー,牝3,51.0,坂井瑠星,2:43.0,1.1/4,4-5-8-13,36.3,205.8,13.0,494.0,-2.0,[西]池添学,シルクレーシング,0.0,2014106029,01163,01144,506800
201709040807,17,5,10,メイショウブルゴー,牡3,53.0,城戸義政,2:45.2,大,17-17-16-18,37.9,323.7,15.0,486.0,2.0,[西]角田晃一,松本好雄,0.0,2014103841,01147,01121,523005
201709040807,18,7,14,ストーミーワンダー,牡3,54.0,菅原隆一,2:49.8,大,4-4-4-16,43.0,337.7,16.0,476.0,-8.0,[西]杉山晴紀,ヒダカ・ブリーダーズ・ユニオン,0.0,2014102533,01129,01157,547800
201709040808,1,4,8,セルリアンアラシ,牡3,54.0,菱田裕二,1:53.0,,1-1-1-1,37.9,25.6,10.0,482.0,0.0,[西]飯田雄三,イクタ,750.0,2014100879,01144,01050,459800
201709040808,2,8,15,マイネルブロッケン,牡3,54.0,国分恭介,1:53.2,1.1/2,8-5-4-4,37.5,6.0,4.0,426.0,6.0,[西]五十嵐忠,サラブレッドクラブ・ラフィアン,300.0,2014100750,01124,00422,546800
201709040808,3,2,4,クレマンダルザス,セ4,56.0,荻野極,1:53.3,クビ,6-7-8-5,37.4,4.3,2.0,452.0,-14.0,[西]松永幹夫,吉田勝己,190.0,2013105898,01160,01092,790005
201709040808,4,8,16,ヤマニンシルフ,牡4,54.0,森裕太朗,1:53.3,アタマ,15-15-14-10,36.7,14.5,6.0,448.0,2.0,[西]山内研二,土井肇,110.0,2013101779,01165,00388,329004
201709040808,5,7,14,ハギノグランコート,牡4,57.0,川須栄彦,1:53.7,2.1/2,3-3-3-3,38.3,24.7,9.0,530.0,12.0,[西]高野友和,日隈良江,75.0,2013101822,01128,01117,950006
201709040808,6,6,11,トウショウコマンチ,牡4,57.0,鮫島良太,1:53.8,3/4,2-2-2-2,38.6,5.9,3.0,510.0,0.0,[西]角田晃一,トウショウ産業,0.0,2013104575,01099,01121,078800
201709040808,7,5,10,スターペスユウコ,牝6,54.0,岩崎翼,1:54.1,1.1/2,6-7-8-8,38.0,16.7,8.0,462.0,-2.0,[西]石橋守,河野和香子,0.0,2011105353,01146,01140,710002
201709040808,8,7,13,マンハッタンロック,牡3,54.0,浜中俊,1:54.4,2,10-10-12-8,38.0,4.2,1.0,446.0,2.0,[西]岡田稲男,サンデーレーシング,0.0,2014105275,01115,01066,226800
201709040808,9,1,1,オイカケマショウ,牡3,51.0,富田暁,1:54.7,1.3/4,15-16-16-14,37.8,114.4,14.0,464.0,0.0,[西]谷潔,小田切有一,0.0,2014103184,01168,00431,334009
201709040808,10,6,12,メイショウダッサイ,牡4,56.0,義英真,1:55.0,1.3/4,13-14-15-16,38.3,129.2,15.0,488.0,-18.0,[西]飯田祐史,松本好雄,0.0,2013104138,01155,01139,523005
201709040808,11,4,7,アルマシャール,牡3,54.0,和田竜二,1:55.1,1/2,5-5-4-5,39.4,7.8,5.0,504.0,4.0,[西]佐々木晶,コウトミックレーシング,0.0,2014103981,01018,00429,095700
201709040808,12,5,9,ミスターウインディ,牡4,57.0,藤岡康太,1:55.4,2,12-12-10-10,39.2,110.6,13.0,528.0,14.0,[西]奥村豊,阿部東亜子,0.0,2013106365,01116,01146,985033
201709040808,13,3,5,モーグリ,牡5,57.0,松若風馬,1:55.6,1,14-12-6-7,39.7,150.4,16.0,558.0,-11.0,[西]村山明,大林一彦,0.0,2012103931,01154,01107,611006
201709040808,14,2,3,イージーマネー,牡3,54.0,松山弘平,1:55.8,1,3-3-6-10,39.8,16.5,7.0,484.0,4.0,[西]吉村圭司,丸山担,0.0,2014106028,01126,01130,922030
201709040808,15,3,6,スズカチャレンジ,牡3,54.0,古川吉洋,1:56.0,1,11-10-12-13,39.8,94.9,12.0,490.0,8.0,[西]木原一良,永井啓弍,0.0,2014104573,01015,01033,382004
201709040808,16,1,2,ベルリンガー,牝4,55.0,池添謙一,1:56.4,2.1/2,9-9-10-14,39.9,82.2,11.0,496.0,0.0,[西]西浦勝一,Ｈ．Ｈ．シェイク・モハメド,0.0,2013100602,01032,01016,003060
201709040809,1,4,5,ドンフォルティス,牡2,54.0,武豊,1:25.0,,8-8,36.8,3.5,2.0,486.0,-6.0,[西]牧浦充徳,山田貢一,1028.0,2015100995,00666,01113,440006
201709040809,2,6,8,オーロスターキス,牝2,54.0,川島信二,1:25.5,3,1-1,38.0,49.3,10.0,472.0,4.0,[西]南井克巳,加藤徹,408.0,2015102580,01062,01049,036006
201709040809,3,5,7,テイエムオスカー,牡2,54.0,松山弘平,1:25.5,クビ,6-4,37.4,14.3,4.0,470.0,8.0,[西]山内研二,竹園正繼,254.0,2015101879,01126,00388,356002
201709040809,4,8,12,ナムラアッパレ,牡2,54.0,国分優作,1:25.9,2.1/2,8-4,37.6,104.3,13.0,460.0,2.0,[西]目野哲也,奈村信重,150.0,2015101075,01125,00387,945004
201709040809,5,3,3,レディバード,牝2,54.0,Ｍ．デム,1:26.2,1.3/4,5-6,38.2,2.1,1.0,468.0,0.0,[西]小崎憲,吉田和美,100.0,2015104826,05212,01085,138007
201709040809,6,4,4,イエローブレイヴ,牡2,54.0,菅原隆一,1:26.3,クビ,3-6,38.5,27.2,7.0,528.0,-4.0,[東]武市康男,本田恒雄,0.0,2015102606,01129,01089,816008
201709040809,7,7,10,ハゼル,牡2,54.0,和田竜二,1:26.6,2,3-2,38.7,17.2,5.0,490.0,4.0,[西]鈴木孝志,杉澤光雄,0.0,2015100862,01018,01111,330007
201709040809,8,5,6,メイショウヒサカタ,牝2,54.0,福永祐一,1:26.6,クビ,8-11,37.6,18.1,6.0,476.0,6.0,[西]浅見秀一,松本好雄,0.0,2015103379,01014,00411,523005
201709040809,9,2,2,ニシノダンテ,牡2,54.0,高倉稜,1:26.6,ハナ,8-9,38.4,84.7,12.0,488.0,10.0,[西]田所秀孝,西山茂行,0.0,2015101771,01130,01009,897009
201709040809,10,6,9,ヒロシゲゴールド,牡2,54.0,酒井学,1:27.4,5,7-9,39.1,35.3,8.0,466.0,4.0,[西]北出成人,西川茂樹,0.0,2015102403,01034,01078,269033
201709040809,11,8,13,ペガッソ,牡2,54.0,北村友一,1:27.9,3,2-2,40.2,40.0,9.0,482.0,0.0,[西]谷潔,ちくしＣＬＵＢ,0.0,2015103193,01102,00431,061700
201709040809,12,7,11,サージュミノル,牡2,54.0,坂井瑠星,1:28.8,5,12-12,39.0,10.2,3.0,454.0,-4.0,[西]本田優,吉岡實,0.0,2015106180,01163,01099,265008
201709040809,13,1,1,ブルベアジネンジョ,牡2,54.0,秋山真一,1:43.8,大,13-13,40.5,51.8,11.0,446.0,0.0,[西]湯窪幸雄,ブルアンドベア,0.0,2015106325,01019,01057,843800
201709040810,1,8,15,グレイトチャーター,牡5,57.0,Ｍ．デム,1:08.9,,5-3,33.7,2.5,1.0,494.0,14.0,[西]鮫島一歩,ノースヒルズ,1537.8,2012100582,05212,01046,788800
201709040810,2,5,9,エンゲルヘン,牝3,53.0,松若風馬,1:08.9,ハナ,2-2,34.0,11.4,5.0,458.0,14.0,[西]五十嵐忠,サラブレッドクラブ・ラフィアン,610.8,2014100686,01154,00422,546800
201709040810,3,3,5,ウォーターラボ,牝5,55.0,岩田康誠,1:09.0,3/4,7-8,33.7,20.1,8.0,460.0,-6.0,[西]安田隆行,山岡良一,385.4,2012103929,05203,00438,538009
201709040810,4,2,4,ブラッククローバー,牡5,57.0,松山弘平,1:09.1,3/4,3-3,34.0,11.6,6.0,494.0,4.0,[西]川村禎彦,巴山尊文,230.0,2012100936,01126,01003,830033
201709040810,5,1,1,ダイトウキョウ,牡5,57.0,武豊,1:09.2,クビ,7-8,33.9,7.9,4.0,460.0,-4.0,[東]戸田博文,市川義美,150.0,2012101157,00666,01054,297002
201709040810,6,2,3,ラヴィングアンサー,牡3,55.0,浜中俊,1:09.2,アタマ,11-11,33.7,18.8,7.0,488.0,6.0,[西]石坂正,江口雄一郎,0.0,2014103751,01115,01022,570009
201709040810,7,5,10,ヤマニンアタシャン,牝6,55.0,岩崎翼,1:09.3,1/2,3-3,34.2,234.1,14.0,442.0,2.0,[西]西橋豊治,土井肇,0.0,2011105062,01146,00434,329004
201709040810,8,7,14,ポップオーヴァー,牝5,55.0,福永祐一,1:09.5,1.1/4,10-8,34.1,5.7,2.0,486.0,12.0,[西]吉村圭司,橋元勇氣,0.0,2012104831,01014,01130,943030
201709040810,9,3,6,キッズライトオン,牡5,57.0,高倉稜,1:09.5,クビ,14-14,33.7,127.4,13.0,426.0,2.0,[西]田所秀孝,瀬谷隆雄,0.0,2012104181,01130,01009,775006
201709040810,10,1,2,ニシノラディアント,牡4,57.0,北村友一,1:09.5,ハナ,15-15,33.3,6.0,3.0,492.0,18.0,[西]北出成人,西山茂行,0.0,2013103801,01102,01078,897009
201709040810,11,7,13,オフクヒメ,牝4,55.0,藤岡佑介,1:09.6,1/2,12-13,34.0,35.4,10.0,454.0,12.0,[西]松下武士,山田裕仁,0.0,2013103410,01093,01149,513008
201709040810,12,4,8,セレッソブランコ,牝5,55.0,荻野極,1:09.7,クビ,1-1,34.9,101.8,12.0,488.0,4.0,[西]奥村豊,三宅勝俊,0.0,2012101015,01160,01146,372008
201709040810,13,6,12,ベリースコール,セ4,57.0,菱田裕二,1:09.9,1.1/2,12-11,34.3,22.0,9.0,486.0,-6.0,[西]岩元市三,田畑利彦,0.0,2013110119,01144,00397,464030
201709040810,14,8,16,ウインハートビート,牡4,57.0,和田竜二,1:10.0,1/2,5-7,34.8,49.7,11.0,500.0,16.0,[西]宮本博,ウイン,0.0,2013101446,01018,01073,494800
201709040810,15,6,11,エンドレスシャイン,牡6,57.0,森裕太朗,1:10.6,3.1/2,9-3,35.3,248.7,15.0,448.0,2.0,[西]鈴木孝志,岡田牧雄,0.0,2011100419,01165,01111,851009
201709040810,-2,4,7,サウンドテーブル,牡3,55.0,水口優也,,,,,,,,,[西]崎山博樹,山上和良,0.0,2014104401,01133,00365,851007
201709040811,1,2,4,メイショウスミトモ,牡6,55.0,古川吉洋,2:03.9,,7-7-9-7,36.8,74.2,11.0,478.0,6.0,[西]南井克巳,松本好雄,3657.4,2011102556,01015,01049,523005
201709040811,2,3,5,ドラゴンバローズ,牡5,54.0,和田竜二,2:03.9,クビ,2-2-2-2,37.6,6.7,5.0,498.0,-6.0,[西]渡辺薫彦,猪熊広次,1416.4,2012102463,01018,01155,859007
201709040811,3,7,13,ピオネロ,牡6,56.0,福永祐一,2:04.0,3/4,3-3-3-3,37.6,5.2,3.0,500.0,6.0,[西]松永幹夫,キャロットファーム,908.2,2011103833,01014,01092,486800
201709040811,4,8,15,トップディーヴォ,牡5,56.0,横山典弘,2:04.3,2,6-5-5-5,37.4,14.4,7.0,488.0,0.0,[西]昆貢,コオロ,540.0,2012100781,00660,01044,973800
201709040811,5,5,10,スリータイタン,セ8,54.0,岩田康誠,2:04.4,クビ,14-13-13-12,36.7,63.8,10.0,454.0,4.0,[西]村山明,永井商事,360.0,2009103516,05203,01107,061800
201709040811,6,4,7,タムロミラクル,牡5,56.0,藤岡康太,2:04.6,1.1/4,7-7-6-5,37.7,150.8,13.0,476.0,4.0,[西]西園正都,谷口屯,0.0,2012105612,01116,01028,586006
201709040811,7,3,6,マスクゾロ,牡6,57.5,酒井学,2:04.7,3/4,1-1-1-1,38.5,3.9,1.0,540.0,2.0,[西]岡田稲男,門野重雄,0.0,2011110069,01034,01066,490006
201709040811,8,6,12,ミツバ,牡5,57.5,松山弘平,2:04.7,ハナ,13-13-14-12,36.9,5.0,2.0,468.0,5.0,[西]加用正,協栄,0.0,2012101502,01126,00425,959800
201709040811,9,6,11,マインシャッツ,牡4,55.0,武豊,2:04.7,ハナ,12-12-10-9,37.3,9.0,6.0,480.0,-2.0,[西]西浦勝一,吉田照哉,0.0,2013105467,00666,01016,758005
201709040811,10,1,1,ブライトアイディア,牡7,54.0,鮫島良太,2:04.9,1.1/4,11-10-10-9,37.5,58.6,9.0,526.0,2.0,[西]宮徹,小川勲,0.0,2010104486,01099,01018,075002
201709040811,11,2,3,モルトベーネ,牡5,57.5,Ｍ．デム,2:05.1,1.1/4,5-5-4-4,38.5,5.4,4.0,468.0,4.0,[西]松永昌博,三宅正義,0.0,2012106253,05212,01083,628008
201709040811,12,4,8,キクノソル,牡7,54.0,小牧太,2:05.2,3/4,9-10-12-12,37.6,162.9,15.0,510.0,4.0,[西]吉田直弘,菊池五郎,0.0,2010101569,00894,01101,372002
201709040811,13,7,14,タガノゴールド,牡6,54.0,松若風馬,2:05.4,3/4,15-15-16-16,37.5,54.5,8.0,472.0,-4.0,[西]川村禎彦,八木良司,0.0,2011104995,01154,01003,859002
201709040811,14,5,9,トラキチシャチョウ,牡6,55.0,池添謙一,2:05.9,3,16-16-14-12,38.1,90.7,12.0,510.0,-6.0,[西]目野哲也,ミキハウスＨＫサービス,0.0,2011105350,01032,00387,756800
201709040811,15,1,2,メイショウイチオシ,牡6,53.0,秋山真一,2:06.0,3/4,3-3-6-9,38.9,272.0,16.0,538.0,-2.0,[西]庄野靖志,松本好雄,0.0,2011105439,01019,01087,523005
201709040811,16,8,16,タイニーダンサー,牝4,53.0,浜中俊,2:06.7,4,9-9-8-8,39.6,161.7,14.0,496.0,0.0,[東]伊藤圭三,グランド牧場,0.0,2013104126,01115,01023,367800
201709040812,1,6,12,ジョーマイク,セ4,57.0,国分恭介,1:20.5,,10-8,34.2,32.9,10.0,460.0,4.0,[西]中竹和也,上田けい子,750.0,2013102480,01124,01039,839004
201709040812,2,1,2,ウインソワレ,牝5,55.0,菱田裕二,1:20.7,1.1/4,1-1,35.2,49.2,12.0,482.0,6.0,[西]宮本博,ウイン,300.0,2012100231,01144,01073,494800
201709040812,3,7,14,ピュアコンチェルト,牝4,55.0,和田竜二,1:20.8,1/2,10-10,34.4,7.4,4.0,442.0,8.0,[西]寺島良,吉田照哉,190.0,2013105666,01018,01158,758005
201709040812,4,8,17,ダノンブライト,牡5,57.0,浜中俊,1:21.0,1.1/2,5-5,35.0,7.7,5.0,466.0,-4.0,[西]大久保龍,ダノックス,110.0,2012101386,01115,01058,619800
201709040812,5,3,6,コパノピエール,牡3,55.0,川須栄彦,1:21.1,1/2,2-2,35.5,17.7,8.0,476.0,4.0,[西]宮徹,小林祥晃,75.0,2014106472,01128,01018,966007
201709040812,6,4,7,ヴィーナスフローラ,牝3,53.0,岩田康誠,1:21.1,ハナ,7-8,34.9,21.1,9.0,474.0,-6.0,[西]須貝尚介,大塚亮一,0.0,2014105352,05203,01105,858800
201709040812,7,1,1,ズアー,牡3,54.0,荻野極,1:21.2,1/2,3-4,35.4,7.3,3.0,500.0,8.0,[西]池添学,吉田和美,0.0,2014110111,01160,01144,138007
201709040812,8,2,3,ラグナグ,牝4,55.0,四位洋文,1:21.3,1/2,10-10,34.9,7.8,6.0,486.0,0.0,[西]石橋守,吉田照哉,0.0,2013105627,00700,01140,758005
201709040812,9,5,10,エスカラード,牡4,54.0,森裕太朗,1:21.4,1/2,17-18,34.1,52.7,13.0,462.0,4.0,[西]鈴木孝志,ノルマンディーサラブレッドレーシング,0.0,2013103949,01165,01111,854800
201709040812,10,3,5,サカジロテンオー,牡4,57.0,国分優作,1:21.5,3/4,3-3,35.8,222.7,17.0,490.0,2.0,[西]湯窪幸雄,ロイヤルパーク,0.0,2013100463,01125,01057,018700
201709040812,11,8,16,カノヤパリティ,牝4,55.0,田中健,1:21.5,ハナ,9-6,35.3,155.0,16.0,468.0,0.0,[西]坂口正則,神田アヤ子,0.0,2013100784,01114,00356,653033
201709040812,12,5,9,サンライズマジック,牡3,55.0,福永祐一,1:21.5,ハナ,16-15,34.6,4.8,1.0,486.0,2.0,[西]石坂正,松岡隆雄,0.0,2014101935,01014,01022,306008
201709040812,13,2,4,レイリオン,牝4,55.0,北村友一,1:21.5,ハナ,13-13,34.8,52.8,14.0,432.0,4.0,[西]安田隆行,キャロットファーム,0.0,2013106154,01102,00438,486800
201709040812,14,7,15,ウェーブヒーロー,牡4,57.0,池添謙一,1:21.6,1/2,17-15,34.6,13.4,7.0,494.0,4.0,[西]平田修,万波健二,0.0,2013101763,01032,01082,786002
201709040812,15,4,8,メイショウベニフジ,牝4,54.0,城戸義政,1:21.8,1.1/4,13-13,35.1,288.9,18.0,438.0,0.0,[西]池添兼雄,松本好雄,0.0,2013103488,01147,01021,523005
201709040812,16,6,11,キラーコンテンツ,牡3,55.0,Ｍ．デム,1:22.1,1.3/4,13-12,35.4,5.1,2.0,478.0,2.0,[西]藤原英昭,シルクレーシング,0.0,2014106179,05212,01055,506800
201709040812,17,7,13,ウメマツサクラ,牝4,55.0,秋山真一,1:22.2,1/2,5-6,36.2,69.1,15.0,472.0,4.0,[西]森田直行,木村信彦,0.0,2013100689,01019,01142,258006
201709040812,18,8,18,フナウタ,牝3,53.0,松山弘平,1:22.4,1.1/2,7-15,35.8,46.1,11.0,466.0,0.0,[西]今野貞一,谷掛龍夫,0.0,2014105417,01126,01128,727008
201710021102,1,1,1,シャルドネゴールド,牡2,54.0,川田将雅,2:01.2,,3-3-3-1,35.7,1.8,1.0,432.0,-4.0,[西]池江泰寿,青芝商事,500.0,2015105280,01088,01071,831800
201710021102,2,8,11,ウォルビスベイ,牡2,54.0,武豊,2:01.3,1/2,5-5-3-2,35.7,3.7,2.0,450.0,4.0,[西]松永幹夫,社台レースホース,200.0,2015104263,00666,01092,415800
201710021102,3,7,8,ウインネプチューン,牡2,54.0,松山弘平,2:02.6,8,8-8-5-4,36.8,4.6,3.0,456.0,0.0,[西]飯田雄三,ウイン,130.0,2015100217,01126,01050,494800
201710021102,4,8,10,スリーケープマンボ,牡2,53.0,岩崎翼,2:03.4,5,2-2-2-3,38.0,49.8,7.0,502.0,-4.0,[西]加藤敬二,永井商事,75.0,2015103296,01146,00379,061800
201710021102,5,6,7,シゲルサツマイモ,牡2,51.0,森裕太朗,2:04.2,5,5-7-9-7,37.8,77.2,8.0,456.0,-2.0,[西]大橋勇樹,森中蕃,50.0,2015101505,01165,01065,674004
201710021102,6,6,6,タンロン,牡2,54.0,和田竜二,2:04.5,1.1/2,4-4-5-5,38.6,43.2,6.0,458.0,0.0,[西]寺島良,中辻明,0.0,2015104032,01018,01158,646030
201710021102,7,2,2,タマモリング,牡2,51.0,富田暁,2:04.5,ハナ,10-11-10-10,37.9,178.2,9.0,442.0,8.0,[西]池添学,タマモ,0.0,2015105154,01168,01144,515800
201710021102,8,4,4,ダイイチリュウ,牡2,54.0,小牧太,2:04.8,1.3/4,10-9-7-8,38.5,215.1,10.0,484.0,6.0,[西]作田誠二,華山龍一,0.0,2015102007,00894,01006,932006
201710021102,9,7,9,マイネルサブリエ,牡2,54.0,川須栄彦,2:05.0,1.1/2,5-5-7-9,38.7,219.1,11.0,452.0,0.0,[西]飯田雄三,サラブレッドクラブ・ラフィアン,0.0,2015102332,01128,01050,546800
201710021102,10,3,3,ダンツタイヨウ,牡2,54.0,松若風馬,2:05.4,2.1/2,1-1-1-5,40.0,30.3,5.0,508.0,-4.0,[西]山内研二,山元哲二,0.0,2015105439,01154,00388,248005
201710021102,11,5,5,ピーナツ,牝2,54.0,幸英明,2:07.7,大,9-9-10-11,41.0,21.7,4.0,464.0,-2.0,[西]谷潔,小田切有一,0.0,2015106538,00732,00431,334009
201710021103,1,5,7,ペガッソ,牡2,54.0,幸英明,1:00.6,,3-3,36.6,3.2,1.0,482.0,-4.0,[西]谷潔,ちくしＣＬＵＢ,500.0,2015103193,00732,00431,061700
201710021103,2,4,6,ソリストサンダー,牡2,54.0,高倉稜,1:00.7,1/2,4-4,36.5,10.3,6.0,466.0,0.0,[西]佐藤正雄,村上稔,200.0,2015100902,01130,01025,870004
201710021103,3,8,13,クインズカトレア,牝2,51.0,森裕太朗,1:01.0,2,8-7,36.0,4.8,3.0,406.0,2.0,[西]宮本博,亀田和弘,130.0,2015105681,01165,01073,390803
201710021103,4,8,14,グローバルリーチ,牡2,54.0,川須栄彦,1:01.3,1.3/4,4-5,37.1,9.4,5.0,464.0,4.0,[西]高橋康之,ヒダカ・ブリーダーズ・ユニオン,75.0,2015106092,01128,01135,547800
201710021103,5,4,5,シゲルアサツキ,牝2,54.0,田中健,1:01.6,2,2-2,37.7,38.4,8.0,434.0,10.0,[西]坂口正則,森中蕃,50.0,2015105139,01114,00356,674004
201710021103,6,6,10,アイファーフォルテ,牝2,51.0,三津谷隼,1:02.3,4,9-9,37.2,72.0,10.0,392.0,-10.0,[西]目野哲也,中島稔,0.0,2015103261,01159,00387,119007
201710021103,7,7,11,ツーエムポラリス,牡2,53.0,加藤祥太,1:02.6,1.3/4,7-8,37.8,163.9,11.0,454.0,2.0,[西]大橋勇樹,村上憲政,0.0,2015103899,01156,01065,894030
201710021103,8,6,9,テイエムハエオゴ,牝2,54.0,柴田未崎,1:02.6,クビ,11-11,37.0,385.2,14.0,430.0,-2.0,[西]飯田雄三,竹園正繼,0.0,2015109136,01010,01050,356002
201710021103,9,1,1,ラガーデリゲート,牝2,54.0,松山弘平,1:02.8,3/4,1-1,39.0,4.1,2.0,438.0,-2.0,[西]池添学,奥村啓二,0.0,2015102600,01126,01144,263005
201710021103,10,3,4,ミク,牝2,53.0,鮫島克駿,1:03.0,1.1/2,6-6,38.5,36.3,7.0,398.0,-6.0,[西]藤沢則雄,武田茂男,0.0,2015103724,01157,01041,473008
201710021103,11,7,12,シゲルネギ,牡2,53.0,義英真,1:03.3,2,10-9,38.0,295.4,13.0,398.0,-10.0,[西]服部利之,森中蕃,0.0,2015106236,01155,01040,674004
201710021103,12,2,2,ラフィングマッチ,牡2,54.0,太宰啓介,1:03.4,1/2,13-12,36.6,7.5,4.0,466.0,2.0,[西]北出成人,ノースヒルズ,0.0,2015100672,01037,01078,788800
201710021103,13,5,8,ダイキリシマ,牡2,53.0,荻野極,1:04.5,7,12-12,38.2,186.7,12.0,468.0,8.0,[西]村山明,西村新一郎,0.0,2015105886,01160,01107,772002
201710021103,14,3,3,テイエムシロボシ,牡2,54.0,和田竜二,1:09.1,大,14-14,41.6,69.8,9.0,460.0,-2.0,[西]岩元市三,竹園正繼,0.0,2015100865,01018,00397,356002
201710021105,1,8,15,レッドルドラ,牡3,56.0,武豊,1:47.8,,3-3-1-1,39.1,7.9,4.0,496.0,-2.0,[西]大久保龍,東京ホースレーシング,500.0,2014105658,00666,01058,180800
201710021105,2,7,13,ファージンゲール,牝3,53.0,荻野極,1:47.8,クビ,1-2-2-2,38.9,2.6,1.0,478.0,6.0,[西]吉村圭司,吉田和美,200.0,2014110110,01160,01130,138007
201710021105,3,3,5,ジュンハーツ,牝3,54.0,浜中俊,1:48.0,3/4,6-5-5-4,38.9,5.2,3.0,494.0,2.0,[西]友道康夫,河合純二,130.0,2014104091,01115,01061,165033
201710021105,4,7,14,メイショウゴウキ,セ3,56.0,和田竜二,1:48.0,アタマ,14-14-10-7,38.5,47.9,9.0,480.0,-2.0,[西]沖芳夫,松本和子,75.0,2014102845,01018,00378,789006
201710021105,5,1,2,デンコウグロリアス,牡3,56.0,幸英明,1:48.1,3/4,9-10-8-7,38.8,20.5,7.0,472.0,4.0,[西]南井克巳,田中康弘,50.0,2014103552,00732,01049,484007
201710021105,6,2,3,ジューンソリドール,牡3,56.0,中谷雄太,1:48.2,3/4,11-11-10-9,38.7,16.1,6.0,480.0,8.0,[西]吉村圭司,吉川潤,0.0,2014105834,01038,01130,017803
201710021105,7,5,10,マイネルエーポス,牡3,53.0,三津谷隼,1:48.4,3/4,14-15-13-13,38.5,35.3,8.0,458.0,-5.0,[西]中村均,サラブレッドクラブ・ラフィアン,0.0,2014100069,01159,00261,546800
201710021105,8,5,9,ナムラメルシー,牝3,53.0,鮫島克駿,1:48.8,2.1/2,3-3-5-4,39.7,48.0,10.0,470.0,4.0,[西]杉山晴紀,奈村睦弘,0.0,2014103415,01157,01157,972002
201710021105,9,6,12,ワンダーセトラ,牡3,56.0,松若風馬,1:48.8,ハナ,2-1-2-6,39.9,4.7,2.0,486.0,12.0,[西]山内研二,ノルマンディーサラブレッドレーシング,0.0,2014110052,01154,00388,854800
201710021105,10,4,7,メイショウレーベン,牡3,56.0,熊沢重文,1:49.0,1.1/4,9-8-8-11,39.7,101.6,12.0,440.0,-12.0,[西]飯田祐史,松本好隆,0.0,2014103885,00652,01139,911008
201710021105,11,8,16,マコトテラメエリタ,牡3,56.0,川田将雅,1:49.1,3/4,5-5-2-3,40.3,8.2,5.0,478.0,-2.0,[西]鮫島一歩,ディアマント,0.0,2014102961,01088,01046,864800
201710021105,12,1,1,アスターフィール,牡3,56.0,秋山真一,1:49.6,3,16-16-10-12,40.0,198.7,15.0,450.0,-8.0,[西]湯窪幸雄,加藤久枝,0.0,2014103440,01019,01057,935003
201710021105,13,6,11,ナガイスパン,牡3,56.0,小牧太,1:49.9,1.3/4,11-13-15-14,39.6,83.0,11.0,508.0,6.0,[西]笹田和秀,山下良子,0.0,2014100402,00894,01104,158033
201710021105,14,2,4,センテンスプリング,牡3,56.0,太宰啓介,1:50.2,2,13-11-5-9,41.0,158.2,14.0,492.0,-1.0,[西]大根田裕,内田玄祥,0.0,2014103759,01037,01032,149033
201710021105,15,3,6,オリヴァー,牡3,56.0,松山弘平,1:52.1,大,8-8-14-15,41.9,140.7,13.0,450.0,-2.0,[西]野中賢二,飯田正剛,0.0,2014104749,01126,01098,994002
201710021105,16,4,8,シルバーフォー,牝3,54.0,高倉稜,1:53.5,8,6-5-15-15,43.2,310.9,16.0,458.0,4.0,[西]宮本博,那須野牧場,0.0,2014110101,01130,01073,051800
201710021106,1,8,17,フィップル,牝3,54.0,松山弘平,2:00.8,,3-5-4-1,35.8,5.0,2.0,448.0,0.0,[西]平田修,キャロットファーム,500.0,2014106289,01126,01082,486800
201710021106,2,2,3,アバルラータ,牝3,54.0,川田将雅,2:00.8,クビ,5-5-4-5,35.7,4.8,1.0,442.0,-4.0,[西]鮫島一歩,安原浩司,200.0,2014104346,01088,01046,271008
201710021106,3,1,1,ハートクレスト,牝3,54.0,和田竜二,2:00.9,1/2,8-7-7-5,35.6,14.4,7.0,428.0,2.0,[西]鈴木孝志,サンデーレーシング,130.0,2014106165,01018,01111,226800
201710021106,4,8,18,レッドジュラーレ,牝3,54.0,浜中俊,2:01.2,2,13-12-10-5,35.8,5.3,3.0,468.0,6.0,[西]石坂正,東京ホースレーシング,75.0,2014105407,01115,01022,180800
201710021106,5,6,12,ラナイ,牝3,53.0,岩崎翼,2:01.3,1/2,11-11-11-8,35.8,62.9,11.0,436.0,12.0,[西]河内洋,ノースヒルズ,50.0,2014100607,01146,01072,788800
201710021106,6,5,10,プライムタイム,牝3,54.0,幸英明,2:01.4,1/2,9-9-6-2,36.2,5.4,4.0,482.0,12.0,[西]松田国英,谷水雄三,0.0,2014104921,00732,01011,764001
201710021106,7,2,4,ボリード,牝3,54.0,武豊,2:01.7,1.3/4,16-16-11-8,36.2,10.6,6.0,488.0,-4.0,[西]西浦勝一,雅苑興業,0.0,2014103796,00666,01016,879800
201710021106,8,3,6,オルファン,牝3,53.0,荻野極,2:01.8,3/4,16-16-15-11,36.0,19.0,8.0,406.0,2.0,[西]池江泰寿,サンデーレーシング,0.0,2014105343,01160,01071,226800
201710021106,9,5,9,フォルトラオム,牝3,53.0,加藤祥太,2:02.2,2.1/2,14-14-15-13,36.4,228.5,16.0,408.0,-2.0,[西]吉村圭司,Ｇ１レーシング,0.0,2014105341,01156,01130,808800
201710021106,10,7,14,メイショウアキヅキ,牝3,51.0,森裕太朗,2:02.2,ハナ,18-18-18-16,35.9,134.3,14.0,432.0,0.0,[西]池添兼雄,松本好雄,0.0,2014103469,01165,01021,523005
201710021106,11,7,15,グラッチェ,牝3,54.0,川島信二,2:02.5,1.3/4,3-3-2-2,37.6,251.3,18.0,464.0,2.0,[西]安達昭夫,市川義美ホールディングス,0.0,2014109044,01062,01042,010803
201710021106,12,7,13,ファーマシスト,牝3,54.0,松若風馬,2:02.7,1.1/4,2-2-2-2,37.9,8.4,5.0,478.0,-2.0,[西]藤岡健一,Ｈ．Ｈ．シェイク・モハメド,0.0,2014102140,01154,01062,003060
201710021106,13,3,5,ピオニームーン,牝3,54.0,川須栄彦,2:02.8,1/2,10-9-11-8,37.3,21.1,9.0,470.0,6.0,[西]高野友和,下河辺隆行,0.0,2014105212,01128,01117,272008
201710021106,14,4,7,ウインミネット,牝3,54.0,高倉稜,2:03.6,5,11-12-15-17,37.7,65.6,12.0,422.0,14.0,[西]奥村豊,ウイン,0.0,2014100209,01130,01146,494800
201710021106,15,8,16,スズカビーバ,牝3,51.0,富田暁,2:03.7,3/4,7-7-7-13,38.4,228.8,17.0,472.0,4.0,[西]橋田満,永井啓弍,0.0,2014103357,01168,00362,382004
201710021106,16,4,8,トウカイフォーゲル,牝3,51.0,三津谷隼,2:03.9,1.1/4,15-14-14-13,38.2,163.3,15.0,450.0,4.0,[西]田所秀孝,内村正則,0.0,2014101565,01159,01009,695004
201710021106,17,6,11,サンマルガイア,牝3,54.0,太宰啓介,2:04.5,3.1/2,1-1-1-11,39.7,37.6,10.0,476.0,-8.0,[西]大根田裕,相馬勇,0.0,2014103144,01037,01032,580007
201710021106,18,1,2,マジックルーラー,牝3,54.0,中谷雄太,2:04.8,2,5-3-7-17,39.5,88.3,13.0,496.0,10.0,[西]池添学,シルクレーシング,0.0,2014106029,01038,01144,506800
201710021107,1,8,16,シャイントレイル,牝3,54.0,小牧太,1:48.3,,14-14-11-10,35.5,9.5,6.0,442.0,4.0,[西]吉田直弘,キャロットファーム,500.0,2014106203,00894,01101,486800
201710021107,2,4,8,ロードバリスタ,セ3,56.0,太宰啓介,1:48.5,1.1/4,10-10-11-14,35.7,34.8,8.0,492.0,10.0,[西]昆貢,ロードホースクラブ,200.0,2014101085,01037,01044,170800
201710021107,3,2,4,ダノンクライム,牡3,56.0,浜中俊,1:48.7,1.1/4,7-7-3-2,36.4,2.7,1.0,518.0,0.0,[西]寺島良,ダノックス,130.0,2014105935,01115,01158,619800
201710021107,4,7,13,カルトデュモンド,牡3,56.0,和田竜二,1:48.9,1.1/4,13-13-11-10,36.1,8.8,5.0,430.0,-6.0,[西]須貝尚介,社台レースホース,75.0,2014105369,01018,01105,415800
201710021107,5,7,14,ジョンドゥ,牡3,55.0,荻野極,1:49.0,3/4,7-9-7-7,36.4,6.7,4.0,508.0,-6.0,[西]松下武士,吉田和美,50.0,2014105791,01160,01149,138007
201710021107,6,4,7,マコトステッラミラ,牝3,51.0,森裕太朗,1:49.1,1/2,10-10-11-10,36.2,105.4,12.0,400.0,-6.0,[西]鮫島一歩,ディアマント,0.0,2014106149,01165,01046,864800
201710021107,7,6,12,ソルーナブルー,牡3,56.0,幸英明,1:49.1,クビ,10-10-7-9,36.5,14.3,7.0,466.0,-10.0,[西]牧浦充徳,ブルーマネジメント,0.0,2014101657,00732,01113,188800
201710021107,8,3,6,ゴッドパイレーツ,牝3,51.0,富田暁,1:49.2,クビ,4-6-5-4,36.8,139.7,13.0,458.0,-4.0,[西]角田晃一,中西憲治,0.0,2014100888,01168,01121,998007
201710021107,9,5,10,ガルトマーン,牡3,56.0,武豊,1:49.4,1.1/4,2-2-1-1,37.3,6.6,3.0,454.0,0.0,[西]高橋亮,社台レースホース,0.0,2014105412,00666,01136,415800
201710021107,10,1,2,ディレットーレ,牡3,55.0,加藤祥太,1:49.4,アタマ,7-7-7-10,36.8,37.9,9.0,444.0,4.0,[西]吉村圭司,Ｈ．Ｈ．シェイク・モハメド,0.0,2014102142,01156,01130,003060
201710021107,11,8,15,スオウ,牝3,51.0,三津谷隼,1:49.6,1.1/4,15-15-15-14,36.4,166.3,14.0,432.0,-2.0,[西]荒川義之,松田整二,0.0,2014101465,01159,01095,304030
201710021107,12,3,5,ボストンアプリコ,牝3,53.0,義英真,1:49.7,1/2,1-1-5-4,37.3,185.8,15.0,456.0,0.0,[西]岩元市三,宮内牧場,0.0,2014102873,01155,00397,916800
201710021107,13,1,1,タマモアーサー,牡3,55.0,鮫島克駿,1:49.8,1/2,4-4-7-7,37.2,38.4,10.0,478.0,4.0,[西]藤岡健一,タマモ,0.0,2014100420,01157,01062,515800
201710021107,14,6,11,サテンドール,牝3,54.0,田中健,1:49.8,ハナ,3-3-2-2,37.6,78.1,11.0,446.0,0.0,[西]浅見秀一,三田昌宏,0.0,2014102895,01114,00411,872800
201710021107,15,2,3,コンゴウトシオー,牡3,56.0,川田将雅,1:50.4,3.1/2,4-4-3-4,38.1,5.6,2.0,462.0,-2.0,[西]西村真幸,田畑利彦,0.0,2014103687,01088,01148,464030
201710021107,16,5,9,シュプリームゾーン,牡3,56.0,高倉稜,1:52.0,10,16-16-16-16,38.3,305.6,16.0,484.0,4.0,[西]佐藤正雄,村上憲政,0.0,2014104353,01130,01025,894030
201710021108,1,7,13,ヴェンジェンス,牡4,57.0,幸英明,1:46.1,,3-3-2-1,37.7,2.5,1.0,490.0,2.0,[西]大根田裕,宮川純造,750.0,2013103618,00732,01032,350002
201710021108,2,7,14,アドマイヤウイング,牝6,55.0,中谷雄太,1:46.7,3.1/2,8-8-4-2,38.2,22.7,9.0,482.0,-2.0,[西]梅田智之,近藤利一,300.0,2011103816,01038,01084,398002
201710021108,3,2,3,デイジーフローラ,牝4,52.0,森裕太朗,1:46.7,アタマ,8-8-10-10,37.7,6.7,4.0,502.0,0.0,[西]音無秀孝,松岡隆雄,190.0,2013104987,01165,01002,306008
201710021108,4,8,16,スターペスユウコ,牝6,54.0,岩崎翼,1:46.8,クビ,4-5-6-7,38.1,5.5,2.0,464.0,-10.0,[西]石橋守,河野和香子,110.0,2011105353,01146,01140,710002
201710021108,5,1,2,ダイシンカレラ,牡5,56.0,加藤祥太,1:46.8,クビ,8-8-9-9,37.9,19.4,6.0,488.0,4.0,[西]庄野靖志,大八木信行,75.0,2012101685,01156,01087,929002
201710021108,6,1,1,キングズアフェアー,セ5,57.0,川田将雅,1:47.0,1.1/4,4-3-4-4,38.4,7.8,5.0,512.0,-8.0,[西]奥村豊,吉田照哉,0.0,2012104423,01088,01146,758005
201710021108,7,3,6,ジョウショーチカラ,牡5,57.0,小牧太,1:47.0,クビ,8-11-10-13,38.0,19.8,7.0,526.0,2.0,[西]服部利之,熊田義孝,0.0,2012100260,00894,01040,380008
201710021108,8,4,7,リリーシューター,牡4,57.0,和田竜二,1:47.5,3,12-12-6-4,38.8,22.3,8.0,494.0,-10.0,[西]平田修,土井孝夫,0.0,2013100401,01018,01082,862006
201710021108,9,4,8,アスカノハヤテ,牡3,54.0,松山弘平,1:47.6,1/2,6-5-12-10,38.5,6.3,3.0,472.0,0.0,[西]川村禎彦,豊田智郎,0.0,2014105221,01126,01003,489007
201710021108,10,8,15,グランプリアクセル,牡4,56.0,荻野極,1:48.0,2.1/2,14-14-12-10,38.8,206.2,15.0,474.0,10.0,[西]矢作芳人,グランプリ,0.0,2013103396,01160,01075,204800
201710021108,11,5,9,エアシーラン,牡5,57.0,川須栄彦,1:48.1,3/4,6-5-6-7,39.4,192.2,14.0,482.0,3.0,[西]小崎憲,村田裕子,0.0,2012102052,01128,01085,472033
201710021108,12,2,4,ミザイ,牝3,52.0,鮫島良太,1:48.2,1/2,12-12-12-13,39.0,63.2,10.0,488.0,10.0,[西]牧浦充徳,山住勲,0.0,2014105799,01099,01113,258030
201710021108,13,5,10,マーケットレイズン,牝3,52.0,田中健,1:48.3,1/2,1-1-1-2,40.0,95.0,12.0,438.0,-8.0,[西]服部利之,峰哲馬,0.0,2014105031,01114,01040,684006
201710021108,14,6,11,スリーチアサウス,牝6,55.0,水口優也,1:48.5,1.1/4,2-2-2-4,40.1,207.7,16.0,486.0,0.0,[西]大橋勇樹,永井商事,0.0,2011101936,01133,01065,061800
201710021108,15,3,5,フジクイーン,牝4,55.0,松若風馬,1:48.8,2,16-16-15-15,39.4,90.9,11.0,486.0,-2.0,[西]加用正,平口信行,0.0,2013103621,01154,00425,411030
201710021108,16,6,12,コパノジョージ,牡5,57.0,高倉稜,1:48.9,クビ,14-15-16-16,39.2,131.3,13.0,492.0,4.0,[西]村山明,小林祥晃,0.0,2012106354,01130,01107,966007
201710021109,1,3,5,ウインハートビート,牡4,57.0,和田竜二,1:09.1,,2-2,34.6,4.9,1.0,484.0,10.0,[西]宮本博,ウイン,1097.6,2013101446,01018,01073,494800
201710021109,2,7,15,ジョーマイク,セ4,57.0,川田将雅,1:09.1,ハナ,10-8,33.9,6.3,3.0,456.0,4.0,[西]中竹和也,上田けい子,433.6,2013102480,01088,01039,839004
201710021109,3,4,8,スペードクイーン,牝4,55.0,幸英明,1:09.1,クビ,7-5,34.2,7.1,4.0,468.0,-2.0,[西]西村真幸,吉田和子,266.8,2013110114,00732,01148,151006
201710021109,4,8,17,ブライティアレディ,牝4,55.0,秋山真一,1:09.3,1.1/4,13-11,33.8,5.1,2.0,428.0,6.0,[西]福島信晴,小林昌志,160.0,2013101207,01019,00396,531006
201710021109,5,4,7,ハルク,牡4,57.0,鮫島克駿,1:09.3,クビ,2-3,34.8,8.1,5.0,480.0,-4.0,[西]高橋義忠,ダイリン,105.0,2013101753,01157,01129,479800
201710021109,6,3,6,テイエムイキオイ,牡3,55.0,松山弘平,1:09.4,クビ,7-8,34.4,9.6,6.0,462.0,10.0,[西]山内研二,竹園正繼,0.0,2014104508,01126,00388,356002
201710021109,7,5,9,ミルトプリンス,牡3,55.0,岩崎翼,1:09.5,3/4,4-3,34.8,58.6,12.0,444.0,10.0,[西]石橋守,永山勝敏,0.0,2014100470,01146,01140,695033
201710021109,8,7,13,オイカケマショウ,牡3,55.0,中谷雄太,1:09.7,1.1/2,13-14,34.2,73.6,14.0,466.0,24.0,[西]谷潔,小田切有一,0.0,2014103184,01038,00431,334009
201710021109,9,8,18,ラブローレル,牝5,55.0,小牧太,1:09.8,クビ,10-8,34.5,18.0,9.0,426.0,0.0,[西]森田直行,増田陽一,0.0,2012100777,00894,01142,291002
201710021109,10,1,2,アルパーシャン,牡5,57.0,太宰啓介,1:09.9,3/4,16-16,33.9,16.3,8.0,466.0,6.0,[西]昆貢,エーティー,0.0,2012103064,01037,01044,642800
201710021109,11,6,11,エスペランサリュウ,牡4,57.0,加藤祥太,1:09.9,ハナ,15-14,34.2,63.8,13.0,480.0,6.0,[西]西橋豊治,江上幸隆,0.0,2013100704,01156,00434,148033
201710021109,12,8,16,サカジロテンオー,牡4,57.0,松若風馬,1:09.9,ハナ,1-1,35.6,41.1,11.0,488.0,-6.0,[西]湯窪幸雄,ロイヤルパーク,0.0,2013100463,01154,01057,018700
201710021109,13,2,3,ブライトメジャー,牝3,53.0,川須栄彦,1:10.1,3/4,4-5,35.4,132.1,17.0,444.0,-2.0,[西]小崎憲,谷和光彦,0.0,2014102689,01128,01085,838008
201710021109,14,2,4,カワキタエビデンス,牝3,53.0,荻野極,1:10.1,アタマ,4-5,35.4,11.7,7.0,440.0,12.0,[西]渡辺薫彦,川島吉男,0.0,2014100160,01160,01155,341002
201710021109,15,6,12,マコトルーメン,牡4,57.0,岡田祥嗣,1:10.2,3/4,16-17,34.3,39.8,10.0,480.0,-6.0,[西]北出成人,ディアマント,0.0,2013102717,05429,01078,864800
201710021109,16,1,1,トップインパクト,牡5,57.0,浜中俊,1:10.7,3,9-11,35.6,103.1,16.0,428.0,4.0,[西]昆貢,コオロ,0.0,2012100903,01115,01044,973800
201710021109,17,7,14,ヨドノベスト,牡3,55.0,小坂忠士,1:10.8,1/2,10-11,35.6,226.3,18.0,434.0,-2.0,[西]松元茂樹,海原聖一,0.0,2014100844,01063,00419,471002
201710021109,18,5,10,テイエムミナンカゼ,牝3,53.0,高倉稜,1:11.0,1,16-18,35.0,83.7,15.0,458.0,10.0,[西]杉山晴紀,竹園正繼,0.0,2014109156,01130,01157,356002
201710021110,1,2,2,サトノケンシロウ,牡4,57.0,川田将雅,1:59.8,,8-9-9-4,33.9,1.8,1.0,464.0,2.0,[西]池江泰寿,里見治,1525.2,2013106088,01088,01071,790031
201710021110,2,8,10,ダイナミックアロー,牡4,54.0,三津谷隼,2:00.0,1.1/4,1-1-1-1,35.1,18.6,4.0,492.0,2.0,[西]目野哲也,小川勲,607.2,2013103370,01159,00387,075002
201710021110,3,5,5,ジュンスパーヒカル,牡5,56.0,松山弘平,2:00.1,3/4,5-5-6-8,34.4,20.7,8.0,464.0,0.0,[西]友道康夫,河合純二,383.6,2012104792,01126,01061,165033
201710021110,4,8,11,メイショウキトラ,牡6,53.0,小牧太,2:00.3,1.1/4,10-10-11-8,34.2,19.5,5.0,492.0,-2.0,[西]牧浦充徳,松本好雄,230.0,2011105520,00894,01113,523005
201710021110,5,7,8,オールドクラシック,牡4,54.0,中谷雄太,2:00.3,アタマ,3-3-3-3,34.8,19.8,7.0,478.0,0.0,[西]矢作芳人,リーヴァ,150.0,2013106060,01038,01075,781800
201710021110,6,4,4,ファシーノ,牡6,54.0,秋山真一,2:00.5,1.1/4,2-2-2-2,35.2,82.8,10.0,476.0,-2.0,[西]北出成人,社台レースホース,0.0,2011103501,01019,01078,415800
201710021110,7,3,3,ワンスインアライフ,牡4,55.0,武豊,2:00.5,クビ,7-7-6-4,34.8,3.8,2.0,458.0,-2.0,[西]谷潔,前田幸治,0.0,2013103777,00666,00431,948006
201710021110,8,6,7,メイショウブシン,牡7,55.0,和田竜二,2:00.6,クビ,11-10-9-8,34.8,19.7,6.0,466.0,-4.0,[西]沖芳夫,松本好雄,0.0,2010101965,01018,00378,523005
201710021110,9,1,1,スリーマキシマム,牡6,54.0,幸英明,2:00.6,クビ,3-3-3-4,35.0,7.4,3.0,492.0,-6.0,[西]高橋康之,永井商事,0.0,2011102115,00732,01135,061800
201710021110,10,6,6,レッドアルティスタ,セ5,54.0,荻野極,2:00.8,1.1/4,8-8-3-4,35.2,31.4,9.0,458.0,-2.0,[西]斉藤崇史,東京ホースレーシング,0.0,2012104675,01160,01151,180800
201710021110,11,7,9,クロニクルスカイ,セ6,53.0,鮫島克駿,2:01.8,6,5-5-6-11,36.1,182.7,11.0,500.0,-24.0,[東]加藤和宏,ノルマンディーサラブレッドレーシング,0.0,2011101724,01157,01077,854800
201710021111,1,7,14,コウエイタケル,牡6,56.0,小牧太,1:08.3,,2-2,34.2,7.9,4.0,502.0,8.0,[西]山内研二,伊東政清,1858.5,2011101542,00894,00388,495005
201710021111,2,1,2,アドマイヤナイト,牝5,53.0,川須栄彦,1:08.3,クビ,5-4,34.0,13.9,7.0,436.0,4.0,[西]梅田智之,近藤利一,741.0,2012100531,01128,01084,398002
201710021111,3,5,10,ニシノラッシュ,牡5,56.0,幸英明,1:08.4,クビ,2-1,34.4,5.2,2.0,488.0,0.0,[西]宮本博,西山茂行,465.5,2012101704,00732,01073,897009
201710021111,4,2,4,テイエムゲッタドン,セ6,53.0,藤懸貴志,1:08.4,ハナ,5-4,34.1,159.6,16.0,500.0,0.0,[西]山内研二,竹園正繼,270.0,2011109191,01138,00388,356002
201710021111,5,1,1,ニシオボヌール,セ5,55.0,高田潤,1:08.4,ハナ,10-8,33.9,18.8,8.0,488.0,-6.0,[西]高橋亮,西尾午郎,182.0,2012105451,01046,01136,446004
201710021111,6,3,6,メイショウブイダン,牡6,54.0,義英真,1:08.5,1/2,14-8,33.7,179.4,18.0,464.0,-4.0,[西]西浦勝一,松本好雄,0.0,2011100740,01155,01016,523005
201710021111,7,3,5,ドラゴンストリート,牡6,54.0,和田竜二,1:08.5,ハナ,5-4,34.2,25.9,9.0,474.0,-8.0,[西]藤原英昭,窪田芳郎,0.0,2011100363,01018,01055,208008
201710021111,8,6,11,スマートカルロス,牡5,56.0,岩崎翼,1:08.5,アタマ,16-12,33.5,27.9,11.0,480.0,6.0,[西]浅見秀一,大川徹,0.0,2012101892,01146,00411,007803
201710021111,9,6,12,ラクアミ,牝5,52.0,松山弘平,1:08.7,1.1/4,1-2,34.7,26.4,10.0,448.0,-2.0,[西]音無秀孝,西浦和男,0.0,2012104923,01126,01002,354006
201710021111,10,5,9,ダノンルージュ,牝7,52.0,秋山真一,1:08.8,1/2,12-12,34.1,10.2,6.0,496.0,4.0,[西]寺島良,ダノックス,0.0,2010104262,01019,01158,619800
201710021111,11,7,15,スカイパッション,牝5,53.0,松若風馬,1:08.9,1/2,14-17,34.1,6.6,3.0,468.0,-2.0,[西]作田誠二,小林都美子,0.0,2012101393,01154,01006,962033
201710021111,12,2,3,デンコウウノ,牡6,56.0,鮫島良太,1:09.0,3/4,16-17,33.9,37.1,12.0,502.0,6.0,[西]渡辺薫彦,田中康弘,0.0,2011103009,01099,01155,484007
201710021111,13,4,8,トシザキミ,牝6,52.0,加藤祥太,1:09.1,クビ,16-12,34.1,173.8,17.0,486.0,-4.0,[西]鮫島一歩,上村利幸,0.0,2011105539,01156,01046,577033
201710021111,14,8,17,ハニードント,牝6,51.0,中谷雄太,1:09.1,クビ,9-8,34.7,142.8,15.0,466.0,0.0,[西]梅田智之,薪浦州平,0.0,2011102872,01038,01084,543033
201710021111,15,8,16,オーヴィレール,牝4,56.0,川田将雅,1:09.2,クビ,4-4,35.0,4.0,1.0,490.0,12.0,[西]今野貞一,下河邉行雄,0.0,2013100339,01088,01128,041008
201710021111,16,8,18,オースミチャド,牡6,54.0,高倉稜,1:09.5,2,12-12,34.9,64.6,13.0,478.0,-12.0,[西]松永昌博,オースミ,0.0,2011104500,01130,01083,712800
201710021111,17,7,13,タガノアザガル,牡5,54.0,太宰啓介,1:09.6,3/4,10-11,35.1,95.8,14.0,446.0,6.0,[西]千田輝彦,八木良司,0.0,2012100528,01037,01120,859002
201710021111,18,4,7,ピンストライプ,牡5,56.0,荻野極,1:11.1,9,5-12,36.8,8.0,5.0,522.0,0.0,[西]中内田充,Ｈ．Ｈ．シェイク・モハメド,0.0,2012101515,01160,01137,003060
201710021112,1,5,7,シルバードリーム,牝4,52.0,森裕太朗,0:59.1,,2-2,36.1,2.3,1.0,478.0,-8.0,[西]加用正,南波壽,750.0,2013100211,01165,00425,393002
201710021112,2,4,6,アグネスエーデル,牡5,57.0,武豊,0:59.4,2,11-9,35.6,5.8,2.0,508.0,-8.0,[西]小崎憲,上山牧,300.0,2012105842,00666,01085,710033
201710021112,3,8,13,ブレーヴブラッド,牡5,57.0,川島信二,0:59.6,1.1/2,8-7,35.9,52.0,12.0,466.0,4.0,[西]佐藤正雄,村上憲政,190.0,2012102753,01062,01025,894030
201710021112,4,4,5,メジャーガラメキ,牝5,55.0,小牧太,0:59.7,クビ,8-8,36.0,12.7,5.0,494.0,-2.0,[西]小崎憲,高野哲,110.0,2012104796,00894,01085,473030
201710021112,5,2,2,タマモサザンクロス,牡3,54.0,義英真,0:59.7,クビ,5-3,36.4,64.5,13.0,444.0,4.0,[西]藤沢則雄,タマモ,75.0,2014102073,01155,01041,515800
201710021112,6,3,4,ハトマークレディ,牝4,55.0,藤懸貴志,0:59.8,クビ,1-1,36.8,15.0,6.0,412.0,-2.0,[西]奥村豊,山田美喜男,0.0,2013105084,01138,01146,699009
201710021112,7,3,3,マッセル,牡3,55.0,川田将雅,0:59.8,クビ,12-12,35.7,7.0,3.0,452.0,8.0,[西]森田直行,ノースヒルズ,0.0,2014104110,01088,01142,788800
201710021112,8,6,10,クリノセゴビア,牝4,55.0,幸英明,1:00.0,1.1/4,5-5,36.6,48.9,10.0,452.0,14.0,[西]川村禎彦,栗本博晴,0.0,2013102680,00732,01003,970006
201710021112,9,6,9,ショウナンカイドウ,牡4,57.0,浜中俊,1:00.0,クビ,3-5,36.8,7.3,4.0,524.0,0.0,[西]高野友和,国本哲秀,0.0,2013100354,01115,01117,331002
201710021112,10,7,12,タイセイプレゼンス,牡4,56.0,荻野極,1:00.1,3/4,13-13,35.8,18.2,7.0,486.0,8.0,[西]高橋義忠,田中成奉,0.0,2013102934,01160,01129,224007
201710021112,11,5,8,アユツリオヤジ,牡3,55.0,松山弘平,1:00.2,クビ,3-3,37.1,19.8,8.0,482.0,0.0,[西]村山明,キャピタル・システム,0.0,2014103867,01126,01107,005803
201710021112,12,1,1,アスターメープル,牝3,52.0,加藤祥太,1:00.6,2.1/2,14-13,35.9,49.9,11.0,430.0,-2.0,[西]中竹和也,加藤久枝,0.0,2014102062,01156,01039,935003
201710021112,13,7,11,タマモスズラン,牝4,55.0,田中健,1:01.0,2.1/2,8-9,37.3,23.5,9.0,440.0,-8.0,[西]木原一良,タマモ,0.0,2013104663,01114,01033,515800
201710021112,14,8,14,シャインスプライト,牡4,54.0,富田暁,1:01.5,3,7-9,38.0,155.4,14.0,528.0,-2.0,[西]本田優,布施光章,0.0,2013102183,01168,01099,334002
201710021201,1,7,13,アンヴァル,牝2,54.0,武豊,1:09.0,,2-2,34.9,4.2,2.0,458.0,-4.0,[西]藤岡健一,社台レースホース,500.0,2015104165,00666,01062,415800
201710021201,2,1,2,ラブカンプー,牝2,54.0,浜中俊,1:09.2,1,1-1,35.2,1.4,1.0,430.0,2.0,[西]森田直行,増田陽一,200.0,2015100978,01115,01142,291002
201710021201,3,4,8,ライリー,牡2,54.0,松若風馬,1:10.1,5,6-4,35.4,17.8,5.0,454.0,2.0,[西]森秀行,古賀和夫,130.0,2015100423,01154,00427,768005
201710021201,4,3,6,ダイメイギンガ,牝2,53.0,荻野極,1:10.4,1.3/4,6-7,35.7,30.9,6.0,446.0,2.0,[西]森田直行,宮本孝一,75.0,2015102093,01160,01142,688006
201710021201,5,2,3,アスターシャンティ,牡2,54.0,田中健,1:10.4,クビ,3-3,36.0,49.7,7.0,440.0,-2.0,[西]南井克巳,加藤久枝,50.0,2015103026,01114,01049,935003
201710021201,6,2,4,チャノカオリ,牝2,51.0,富田暁,1:10.6,1.1/4,9-6,35.8,229.3,13.0,430.0,2.0,[西]加藤敬二,山本茂,0.0,2015102288,01168,00379,377008
201710021201,7,5,9,アイランドクイーン,牝2,54.0,幸英明,1:11.1,3,10-9,36.1,71.8,9.0,442.0,-4.0,[西]西村真幸,大島豊彦,0.0,2015104636,00732,01148,620033
201710021201,8,5,10,モスアゲート,牝2,54.0,嘉藤貴行,1:11.5,2.1/2,3-4,37.0,103.1,10.0,422.0,10.0,[西]森田直行,ビッグレッドファーム,0.0,2015103009,01051,01142,716800
201710021201,9,6,12,タガノシムナ,牝2,54.0,藤懸貴志,1:11.5,クビ,14-14,36.1,122.8,11.0,432.0,0.0,[西]川村禎彦,八木良司,0.0,2015100525,01138,01003,859002
201710021201,10,4,7,モンサンフィエール,牡2,54.0,小牧太,1:11.5,ハナ,10-12,36.5,16.0,4.0,450.0,2.0,[西]飯田祐史,山下新一,0.0,2015100173,00894,01139,919002
201710021201,11,1,1,ジューンナイト,牡2,54.0,松山弘平,1:11.7,1.1/4,12-9,36.6,14.6,3.0,430.0,-4.0,[西]今野貞一,吉川潤,0.0,2015103605,01126,01128,017803
201710021201,12,6,11,ダッチェス,牝2,54.0,水口優也,1:11.8,1/2,6-9,37.1,289.5,15.0,418.0,6.0,[西]崎山博樹,田頭勇貴,0.0,2015100263,01133,00365,855030
201710021201,13,8,17,シゲルアズキ,牝2,54.0,川須栄彦,1:11.9,1/2,12-12,36.7,269.5,14.0,450.0,8.0,[西]高橋康之,森中蕃,0.0,2015106412,01128,01135,674004
201710021201,14,8,15,デンコウメジャー,牡2,54.0,高倉稜,1:12.5,3.1/2,14-14,37.1,429.5,16.0,456.0,2.0,[西]坂口正則,田中康弘,0.0,2015106435,01130,00356,484007
201710021201,15,3,5,クールウイン,牡2,54.0,和田竜二,1:13.0,3,3-7,38.5,148.3,12.0,464.0,10.0,[西]岩元市三,林進,0.0,2015102848,01018,00397,857004
201710021201,16,8,16,カシノシャイン,牝2,54.0,柴田未崎,1:13.2,1,16-16,37.7,446.7,17.0,418.0,0.0,[西]田所秀孝,柏木務,0.0,2015109056,01010,01009,514009
201710021201,-1,7,14,コウエイゴールド,牡2,51.0,森裕太朗,,,,,,,,,[西]山内研二,伊東政清,0.0,2015105692,01165,00388,495005
201710021202,1,8,13,リガス,牡3,56.0,松山弘平,0:59.4,,2-2,36.3,2.8,2.0,504.0,4.0,[西]池添兼雄,カナヤマホールディングス,500.0,2014101645,01126,01021,045803
201710021202,2,5,8,サウンドビクトリー,牝3,54.0,幸英明,0:59.5,1/2,1-1,36.4,2.8,1.0,504.0,-2.0,[西]高橋康之,増田雄一,200.0,2014105157,00732,01135,168006
201710021202,3,3,3,メイショウルーシー,牝3,54.0,和田竜二,0:59.7,1.1/4,4-3,36.3,6.2,4.0,410.0,0.0,[西]坂口正則,松本好雄,130.0,2014102978,01018,00356,523005
201710021202,4,4,6,ヒロノランマン,牡3,55.0,荻野極,1:00.0,1.3/4,7-6,36.2,56.6,9.0,498.0,-4.0,[西]寺島良,サンエイ開発,75.0,2014103021,01160,01158,807800
201710021202,5,7,11,デロングスター,牝3,54.0,浜中俊,1:00.0,クビ,3-3,36.7,5.6,3.0,464.0,-4.0,[西]藤原英昭,社台レースホース,50.0,2014105372,01115,01055,415800
201710021202,6,1,1,ハンドレッドライフ,牝3,53.0,岩崎翼,1:00.9,5,7-7,37.1,72.9,10.0,472.0,16.0,[西]石橋守,伊藤信之,0.0,2014102684,01146,01140,961006
201710021202,7,6,9,ストーミーワンダー,牡3,55.0,鮫島克駿,1:01.0,クビ,4-7,37.5,54.0,8.0,484.0,18.0,[西]杉山晴紀,ヒダカ・ブリーダーズ・ユニオン,0.0,2014102533,01157,01157,547800
201710021202,8,3,4,キンシノスパーク,牡3,56.0,田中健,1:01.0,ハナ,11-11,36.3,18.3,6.0,472.0,6.0,[西]浅見秀一,若草クラブ,0.0,2014104234,01114,00411,043700
201710021202,9,5,7,ゴートゥームーヴ,牡3,53.0,森裕太朗,1:01.1,3/4,6-5,37.5,135.0,12.0,468.0,-4.0,[西]寺島良,飯田正剛,0.0,2014104752,01165,01158,994002
201710021202,10,2,2,オーミルーティン,牡3,56.0,太宰啓介,1:01.2,1/2,13-13,36.3,284.7,13.0,460.0,-2.0,[西]高橋亮,岩崎僖澄,0.0,2014103676,01037,01136,288009
201710021202,11,7,12,スエルテミノル,牝3,54.0,松若風馬,1:01.2,アタマ,11-11,36.5,17.2,5.0,454.0,12.0,[西]北出成人,吉岡實,0.0,2014105052,01154,01078,265008
201710021202,12,4,5,トーアバカラ,牡3,53.0,富田暁,1:01.4,1.1/4,14-14,36.2,74.4,11.0,470.0,0.0,[西]松永昌博,高山ランド,0.0,2014102804,01168,01083,784800
201710021202,13,8,14,マサノカオリ,牝3,53.0,義英真,1:01.5,1/2,10-10,37.4,344.2,14.0,436.0,2.0,[西]加藤敬二,猪野毛雅人,0.0,2014104705,01155,00379,806002
201710021202,14,6,10,エイシンスプリーム,牡3,53.0,三津谷隼,1:01.6,1/2,7-7,37.7,46.3,7.0,480.0,-6.0,[西]田所秀孝,栄進堂,0.0,2014103054,01159,01009,785800
201710021203,1,5,9,ビービーアヴィド,牡3,56.0,武豊,1:47.4,,4-4-2-1,38.9,4.7,2.0,484.0,2.0,[西]吉村圭司,坂東勝彦,500.0,2014102194,00666,01130,974030
201710021203,2,5,10,メイショウトコシエ,牡3,56.0,川田将雅,1:47.8,2.1/2,2-2-1-2,39.3,10.0,5.0,446.0,-2.0,[西]安田隆行,松本好雄,200.0,2014103561,01088,00438,523005
201710021203,3,7,14,ワンダーラジャ,牡3,56.0,和田竜二,1:48.3,3,9-10-5-3,39.5,2.8,1.0,496.0,0.0,[西]沖芳夫,山本信行,130.0,2014103669,01018,00378,634001
201710021203,4,6,11,ジューンアンカー,牡3,56.0,高田潤,1:48.5,3/4,9-9-10-8,39.3,59.0,12.0,450.0,0.0,[西]湯窪幸雄,吉川潤,75.0,2014100474,01046,01057,017803
201710021203,5,7,13,ジュールドネージュ,牝3,53.0,鮫島克駿,1:48.7,1.1/4,4-4-3-3,40.1,95.0,13.0,484.0,0.0,[西]藤岡健一,Ｇ１レーシング,50.0,2014105267,01157,01062,808800
201710021203,6,8,16,メイショウブルゴー,牡3,53.0,富田暁,1:48.8,1/2,4-7-3-5,40.1,198.9,15.0,484.0,-6.0,[西]角田晃一,松本好雄,0.0,2014103841,01168,01121,523005
201710021203,7,1,1,スマイルアゲイン,牡3,56.0,岡田祥嗣,1:48.8,ハナ,14-13-6-7,39.8,23.9,8.0,536.0,0.0,[西]藤原英昭,太田珠々子,0.0,2014105067,05429,01055,444030
201710021203,8,2,4,カナイオ,牡3,56.0,浜中俊,1:48.8,アタマ,4-4-6-6,39.9,13.4,6.0,494.0,12.0,[西]石坂正,守内ひろ子,0.0,2014103747,01115,01022,316033
201710021203,9,2,3,メイショウハチク,牡3,53.0,森裕太朗,1:49.1,1.3/4,4-7-9-8,40.0,8.1,4.0,460.0,0.0,[西]南井克巳,松本好雄,0.0,2014103896,01165,01049,523005
201710021203,10,4,8,ティンガティンガ,牡3,56.0,高倉稜,1:49.5,2.1/2,13-13-13-12,40.0,126.0,14.0,462.0,4.0,[西]湯窪幸雄,新木鈴子,0.0,2014103984,01130,01057,021006
201710021203,11,4,7,ゴールドエンパイア,牡3,56.0,松若風馬,1:49.6,クビ,11-11-12-10,40.2,49.6,10.0,466.0,0.0,[西]野中賢二,寺田寿男,0.0,2014104157,01154,01098,866006
201710021203,12,1,2,アイファーイチオー,牡3,55.0,荻野極,1:49.8,1.1/2,2-2-10-15,40.6,6.2,3.0,490.0,4.0,[西]橋口慎介,中島稔,0.0,2014104563,01160,01154,119007
201710021203,13,3,5,アウラマイスター,牡3,56.0,幸英明,1:49.9,1/2,15-15-15-13,40.0,13.5,7.0,502.0,-2.0,[西]大根田裕,岡浩二,0.0,2014101062,00732,01032,370008
201710021203,14,8,15,ヒストリーメイカー,牡3,56.0,北村友一,1:50.1,3/4,11-11-13-10,40.6,52.6,11.0,530.0,0.0,[西]飯田雄三,岩崎僖澄,0.0,2014102787,01102,01050,288009
201710021203,15,6,12,ヒカリカトレア,牝3,54.0,藤懸貴志,1:50.1,ハナ,15-15-16-14,40.1,456.4,16.0,504.0,2.0,[西]谷潔,ヒカリクラブ,0.0,2014102833,01138,00431,817800
201710021203,16,3,6,サンライズソウマ,牡3,55.0,岩崎翼,1:54.4,大,1-1-6-15,45.5,26.6,9.0,480.0,10.0,[西]河内洋,松岡隆雄,0.0,2014105072,01146,01072,306008
201710021204,1,6,11,マジョラム,牝3,54.0,幸英明,1:08.7,,11-8,34.3,3.6,1.0,430.0,0.0,[西]宮本博,ノースヒルズ,500.0,2014100609,00732,01073,788800
201710021204,2,3,5,サンブリリアント,牝3,54.0,北村友一,1:08.8,3/4,2-1,34.9,3.7,2.0,486.0,4.0,[西]寺島良,西本資史,200.0,2014103661,01102,01158,254033
201710021204,3,4,8,タガノハウオリ,牝3,54.0,藤懸貴志,1:08.9,1/2,6-7,34.7,12.7,7.0,454.0,14.0,[西]千田輝彦,八木良司,130.0,2014103899,01138,01120,859002
201710021204,4,8,18,シゲルドラネコ,牡3,56.0,松若風馬,1:09.0,3/4,1-2,35.2,51.1,10.0,440.0,4.0,[西]柴田光陽,森中蕃,75.0,2014104170,01154,00400,674004
201710021204,5,5,10,レッドフィエルテ,牝3,54.0,松山弘平,1:09.1,1/2,2-2,35.2,6.5,3.0,416.0,2.0,[西]松永幹夫,東京ホースレーシング,50.0,2014103462,01126,01092,180800
201710021204,6,7,15,ヴァージャー,牝3,53.0,鮫島克駿,1:09.5,2.1/2,4-6,35.5,12.0,6.0,446.0,0.0,[西]高橋義忠,Ｈ．Ｈ．シェイク・モハメド,0.0,2014102176,01157,01129,003060
201710021204,7,2,3,タガノイシス,牝3,54.0,川島信二,1:09.7,1,14-12,35.0,7.4,4.0,448.0,-4.0,[西]今野貞一,八木良司,0.0,2014100491,01062,01128,859002
201710021204,8,1,1,メイショウチロル,牝3,54.0,川須栄彦,1:09.7,アタマ,11-13,35.2,83.6,12.0,406.0,-8.0,[西]鮫島一歩,松本好雄,0.0,2014103882,01128,01046,523005
201710021204,9,8,16,ロードアイビス,牡3,56.0,和田竜二,1:09.7,ハナ,4-4,35.7,10.0,5.0,464.0,2.0,[西]清水久詞,ロードホースクラブ,0.0,2014101081,01018,01110,170800
201710021204,10,4,7,テイケイラフイン,牝3,53.0,荻野極,1:09.7,クビ,15-13,34.8,247.4,16.0,410.0,-2.0,[西]荒川義之,兼松忠男,0.0,2014105640,01160,01095,840008
201710021204,11,2,4,タガノアヌビス,牡3,56.0,田中健,1:09.9,1.1/4,6-5,35.8,65.7,11.0,478.0,0.0,[西]浅見秀一,八木良司,0.0,2014100488,01114,00411,859002
201710021204,12,1,2,ワンダーゴレイロ,牡3,53.0,富田暁,1:10.0,3/4,6-10,35.8,101.1,13.0,488.0,4.0,[西]笹田和秀,山本能行,0.0,2014103863,01168,01104,306033
201710021204,13,3,6,ビージュノー,牝3,53.0,岩崎翼,1:10.0,クビ,11-10,35.6,132.6,15.0,384.0,-6.0,[西]斉藤崇史,馬場祥晃,0.0,2014101764,01146,01151,446007
201710021204,14,5,9,ホープバイオ,牡3,53.0,森裕太朗,1:10.2,1.1/4,17-15,35.2,35.3,9.0,434.0,14.0,[西]斉藤崇史,バイオ,0.0,2014105964,01165,01151,930800
201710021204,15,8,17,ダイシンフォルテ,牡3,55.0,加藤祥太,1:10.3,1/2,9-8,36.0,20.3,8.0,554.0,4.0,[西]庄野靖志,大八木信行,0.0,2014104126,01156,01087,929002
201710021204,16,7,13,ケイアイアン,牡3,55.0,義英真,1:10.5,1.1/4,9-15,36.2,111.8,14.0,478.0,4.0,[西]中尾秀正,杉田周作,0.0,2014103780,01155,01069,665030
201710021204,17,7,14,ヤマニンアウォーズ,牡3,53.0,三津谷隼,1:10.5,アタマ,15-17,35.6,482.7,18.0,486.0,6.0,[西]千田輝彦,土井肇,0.0,2014100554,01159,01120,329004
201710021204,18,6,12,アストレアスター,牝3,54.0,高倉稜,1:13.0,大,18-18,36.2,252.7,17.0,408.0,0.0,[西]松下武士,野田善己,0.0,2014100455,01130,01149,537033
201710021205,1,5,9,メイショウテッコン,牡2,53.0,鮫島克駿,1:51.1,,5-7-4-4,34.6,7.3,3.0,486.0,0.0,[西]高橋義忠,松本好雄,700.0,2015102420,01157,01129,523005
201710021205,2,4,8,レッドヴァール,牝2,54.0,浜中俊,1:51.1,クビ,2-2-2-1,34.9,1.8,1.0,472.0,0.0,[西]松田国英,東京ホースレーシング,280.0,2015104617,01115,01011,180800
201710021205,3,7,13,リバプールタウン,牡2,53.0,岩崎翼,1:51.7,3.1/2,11-10-8-7,35.0,124.9,11.0,480.0,0.0,[西]石橋守,薪浦亨,180.0,2015101320,01146,01140,768006
201710021205,4,5,10,ボリウッド,牝2,53.0,荻野極,1:51.7,ハナ,3-3-3-3,35.4,23.2,7.0,470.0,0.0,[西]池添学,吉田和美,110.0,2015104939,01160,01144,138007
201710021205,5,2,4,ノーブルスピリット,牡2,54.0,川田将雅,1:52.2,3,1-1-1-2,36.1,6.3,2.0,488.0,0.0,[西]中内田充,社台レースホース,70.0,2015104454,01088,01137,415800
201710021205,6,8,15,トップオブウイン,牡2,51.0,森裕太朗,1:52.2,ハナ,12-12-11-8,35.0,41.0,10.0,428.0,0.0,[西]松永幹夫,寺田千代乃,0.0,2015103854,01165,01092,534006
201710021205,7,3,5,ラストクルセイド,牡2,54.0,幸英明,1:52.6,2.1/2,13-14-11-10,35.4,12.2,4.0,478.0,0.0,[西]西浦勝一,社台レースホース,0.0,2015104314,00732,01016,415800
201710021205,8,8,16,ローズサクシード,牡2,54.0,和田竜二,1:52.7,3/4,5-4-4-6,36.2,21.2,6.0,504.0,0.0,[西]吉村圭司,シルクレーシング,0.0,2015104069,01018,01130,506800
201710021205,9,2,3,カンズ,牝2,54.0,北村友一,1:52.8,3/4,5-4-4-4,36.3,38.8,9.0,458.0,0.0,[西]松元茂樹,杉澤光雄,0.0,2015106232,01102,00419,330007
201710021205,10,6,12,シャンテューズ,牝2,54.0,武豊,1:53.6,5,16-15-14-15,35.9,14.6,5.0,446.0,0.0,[西]梅田智之,吉田勝己,0.0,2015105017,00666,01084,790005
201710021205,11,6,11,シゲルゴボウ,牡2,54.0,松若風馬,1:53.7,1/2,13-12-14-14,36.1,158.5,14.0,432.0,0.0,[西]鈴木孝志,森中蕃,0.0,2015105395,01154,01111,674004
201710021205,12,3,6,ウインストロベリー,牝2,54.0,松山弘平,1:53.7,クビ,8-8-8-10,36.9,154.4,13.0,436.0,0.0,[西]宮徹,ウイン,0.0,2015102042,01126,01018,494800
201710021205,13,1,2,マエガミ,牝2,51.0,三津谷隼,1:53.9,1.1/4,8-8-8-10,37.1,182.1,15.0,438.0,0.0,[西]田所秀孝,副島義久,0.0,2015102973,01159,01009,297007
201710021205,14,1,1,コパノダニエル,牡2,51.0,藤田菜七,1:54.4,3,15-16-16-16,36.4,30.8,8.0,486.0,0.0,[西]宮徹,小林祥晃,0.0,2015105377,01164,01018,966007
201710021205,15,7,14,インフレーション,牡2,54.0,川島信二,1:54.5,クビ,8-10-13-13,37.2,126.6,12.0,460.0,0.0,[西]高橋康之,アルツト組合,0.0,2015100140,01062,01135,006700
201710021205,16,4,7,ジョウショーダイヤ,牝2,54.0,小牧太,1:54.7,1.1/2,3-4-4-8,38.2,201.8,16.0,436.0,0.0,[西]服部利之,熊田義孝,0.0,2015100257,00894,01040,380008
201710021206,1,8,16,エイシンクリック,牡3,56.0,松山弘平,2:01.5,,15-16-1-3,35.2,4.1,1.0,476.0,-4.0,[西]坂口正則,栄進堂,500.0,2014103040,01126,00356,785800
201710021206,2,4,8,コペルニクス,牡3,56.0,川田将雅,2:01.5,クビ,3-3-3-1,35.1,5.0,3.0,436.0,0.0,[西]音無秀孝,近藤英子,200.0,2014106253,01088,01002,372006
201710021206,3,3,5,プライヤビスタ,牡3,56.0,北村友一,2:01.9,2.1/2,18-18-18-15,34.5,4.8,2.0,590.0,4.0,[西]高橋亮,市川義美ホールディングス,130.0,2014105769,01102,01136,010803
201710021206,4,7,13,モハー,牝3,53.0,義英真,2:01.9,クビ,5-5-5-4,35.3,199.2,16.0,498.0,6.0,[西]崎山博樹,北山敏隆,75.0,2014103990,01155,00365,789002
201710021206,5,2,4,ウインドウイスパー,牝3,54.0,川須栄彦,2:02.0,クビ,6-5-8-5,35.3,45.8,11.0,438.0,2.0,[西]森田直行,福原正博,50.0,2014101584,01128,01142,562002
201710021206,6,7,14,モンドバーグ,牡3,55.0,荻野極,2:02.0,クビ,15-16-10-9,35.2,33.2,10.0,484.0,8.0,[西]吉村圭司,社台レースホース,0.0,2014105374,01160,01130,415800
201710021206,7,1,1,アストロノート,牝3,53.0,鮫島克駿,2:02.1,3/4,9-8-10-9,35.2,12.0,5.0,420.0,0.0,[西]渡辺薫彦,キャロットファーム,0.0,2014106183,01157,01155,486800
201710021206,8,6,11,スリーソードシチー,牡3,56.0,幸英明,2:02.1,アタマ,7-7-5-8,35.5,14.8,7.0,400.0,6.0,[西]北出成人,友駿ホースクラブ,0.0,2014101376,00732,01078,321800
201710021206,9,6,12,ロードフェイム,牡3,56.0,浜中俊,2:02.3,1,12-13-10-5,35.5,14.0,6.0,496.0,6.0,[西]池江泰寿,ロードホースクラブ,0.0,2014110002,01115,01071,170800
201710021206,10,1,2,ファイナンス,牡3,56.0,和田竜二,2:02.5,1,15-15-15-15,35.4,20.8,8.0,474.0,-4.0,[西]音無秀孝,近藤英子,0.0,2014106089,01018,01002,372006
201710021206,11,7,15,バーニングテイスト,牝3,53.0,岩崎翼,2:02.6,1/2,2-2-3-2,36.2,115.8,15.0,486.0,2.0,[西]佐藤正雄,ヒダカ・ブリーダーズ・ユニオン,0.0,2014104345,01146,01025,547800
201710021206,12,2,3,プリンスオブペスカ,牡3,56.0,小牧太,2:02.6,クビ,14-12-10-12,35.7,5.9,4.0,476.0,-4.0,[西]松永昌博,山田信太郎,0.0,2014105081,00894,01083,417030
201710021206,13,8,18,ダノングローリア,牡3,56.0,高倉稜,2:02.8,1.1/4,12-13-5-5,36.2,23.7,9.0,480.0,11.0,[西]村山明,ダノックス,0.0,2014104596,01130,01107,619800
201710021206,14,8,17,ヴィクトリーダンス,牝3,54.0,鮫島良太,2:03.0,1.1/4,9-10-10-12,36.2,259.8,17.0,416.0,-10.0,[西]牧浦充徳,Ｇ１レーシング,0.0,2014106093,01099,01113,808800
201710021206,15,5,10,シャルマンクリール,牡3,53.0,富田暁,2:03.2,1.1/2,7-8-15-15,36.1,474.0,18.0,478.0,-6.0,[西]本田優,水谷昌晃,0.0,2014104348,01168,01099,616030
201710021206,16,4,7,ハニートリップ,牝3,54.0,岡田祥嗣,2:03.5,1.3/4,3-3-8-14,36.8,62.2,14.0,434.0,6.0,[西]藤原英昭,広尾レース,0.0,2014102020,05429,01055,553800
201710021206,17,3,6,ローズカスケイド,牝3,51.0,森裕太朗,2:03.5,クビ,9-10-15-18,36.5,57.5,13.0,438.0,10.0,[西]斉藤崇史,シルクレーシング,0.0,2014106257,01165,01151,506800
201710021206,18,5,9,チュウワフォース,牡3,56.0,松若風馬,2:03.9,2.1/2,1-1-2-9,37.6,51.8,12.0,492.0,0.0,[西]大久保龍,中西忍,0.0,2014105507,01154,01058,628007
201710021207,1,3,3,スズカマサル,牡4,57.0,和田竜二,1:46.5,,3-3-4-4,38.0,6.9,4.0,446.0,-9.0,[西]橋田満,永井啓弍,750.0,2013101079,01018,00362,382004
201710021207,2,1,1,アドラメレク,牡3,54.0,浜中俊,1:46.5,クビ,5-6-5-5,37.7,24.9,7.0,456.0,4.0,[西]石坂正,Ｇ１レーシング,300.0,2014105356,01115,01022,808800
201710021207,3,8,13,マッカートニー,牡4,57.0,武豊,1:46.5,ハナ,5-6-3-1,38.1,2.9,2.0,476.0,2.0,[西]梅田智之,薪浦亨,190.0,2013105180,00666,01084,768006
201710021207,4,8,14,エクロジオン,牝4,55.0,幸英明,1:46.9,2.1/2,11-10-10-9,37.9,28.1,9.0,474.0,0.0,[西]宮本博,前田幸治,110.0,2013101874,00732,01073,948006
201710021207,5,7,11,オンワードハンター,牡6,54.0,藤田菜七,1:47.2,1.3/4,13-12-5-6,38.4,25.6,8.0,472.0,2.0,[西]村山明,樫山章子,75.0,2011103430,01164,01107,752005
201710021207,6,6,9,ナムラヘラクレス,牡3,54.0,田中健,1:47.7,3,2-2-2-2,39.5,134.3,12.0,490.0,6.0,[西]福島信晴,奈村信重,0.0,2014104962,01114,00396,945004
201710021207,7,4,5,ハートフルタイム,牡3,54.0,鮫島良太,1:47.7,ハナ,8-8-10-6,38.7,24.3,6.0,502.0,6.0,[西]牧浦充徳,青山洋一,0.0,2014101924,01099,01113,015008
201710021207,8,2,2,ピエナクルーズ,牡4,56.0,義英真,1:47.7,クビ,13-14-14-14,37.7,122.5,11.0,462.0,-4.0,[西]飯田祐史,本谷兼三,0.0,2013105593,01155,01139,023007
201710021207,9,5,8,ジュンテオドーラ,牝3,52.0,川須栄彦,1:48.2,3,8-8-5-6,39.4,6.8,3.0,460.0,0.0,[西]友道康夫,河合純二,0.0,2014105817,01128,01061,165033
201710021207,10,4,6,エレメンツ,牝4,55.0,小牧太,1:48.3,3/4,1-1-1-3,40.1,2.7,1.0,516.0,6.0,[西]西園正都,Ｈ．Ｈ．シェイク・モハメド,0.0,2013100554,00894,01028,003060
201710021207,11,5,7,サトノユニコーン,牡7,57.0,松山弘平,1:49.1,5,12-12-12-11,39.7,16.7,5.0,472.0,-16.0,[西]橋口慎介,里見治,0.0,2010102640,01126,01154,790031
201710021207,12,7,12,メイショウフウコウ,牝3,49.0,富田暁,1:49.1,クビ,10-10-13-13,39.5,223.4,14.0,418.0,2.0,[西]飯田祐史,松本好雄,0.0,2014103800,01168,01139,523005
201710021207,13,3,4,ダノンキラメキ,牝3,51.0,荻野極,1:49.1,アタマ,5-4-5-11,40.2,223.0,13.0,444.0,-2.0,[西]千田輝彦,ダノックス,0.0,2014106177,01160,01120,619800
201710021207,14,6,10,サンライズミライ,牡4,57.0,藤懸貴志,1:50.1,6,4-4-5-10,41.3,107.7,10.0,500.0,-14.0,[西]平田修,松岡隆雄,0.0,2013101202,01138,01082,306008
201710021208,1,7,14,ウォーターラボ,牝5,55.0,北村友一,1:08.3,,4-4,34.3,5.1,2.0,466.0,2.0,[西]安田隆行,山岡良一,750.0,2012103929,01102,00438,538009
201710021208,2,4,7,グランドポピー,牝5,52.0,森裕太朗,1:08.3,アタマ,1-1,34.7,73.4,15.0,486.0,4.0,[西]岩元市三,田畑利彦,300.0,2012105609,01165,00397,464030
201710021208,3,3,6,フナウタ,牝3,53.0,松山弘平,1:08.4,3/4,4-4,34.4,8.2,4.0,466.0,0.0,[西]今野貞一,谷掛龍夫,190.0,2014105417,01126,01128,727008
201710021208,4,7,15,アリエスムーン,牝6,54.0,加藤祥太,1:08.4,ハナ,6-7,34.2,126.6,17.0,444.0,2.0,[西]庄野靖志,橋場勇二,110.0,2011106466,01156,01087,541008
201710021208,5,5,9,ウインソワレ,牝5,55.0,和田竜二,1:08.4,アタマ,3-3,34.5,11.5,5.0,476.0,8.0,[西]宮本博,ウイン,75.0,2012100231,01018,01073,494800
201710021208,6,8,16,ウイングタイガー,牝5,55.0,岡田祥嗣,1:08.5,1/2,17-16,33.7,31.5,12.0,450.0,-2.0,[西]服部利之,ミキハウスＨＫサービス,0.0,2012105197,05429,01040,756800
201710021208,7,4,8,ペプチドリリー,牝3,50.0,富田暁,1:08.5,ハナ,13-14,33.9,15.0,6.0,436.0,-4.0,[西]木原一良,沼川一彦,0.0,2014103176,01168,01033,500007
201710021208,8,6,12,ウメマツサクラ,牝4,55.0,松若風馬,1:08.6,1/2,2-2,34.9,31.4,11.0,468.0,-2.0,[西]森田直行,木村信彦,0.0,2013100689,01154,01142,258006
201710021208,9,2,4,ダブルスキップ,牝4,55.0,小牧太,1:08.7,1/2,13-14,34.1,25.0,9.0,436.0,2.0,[西]飯田雄三,ザ・チャンピオンズ,0.0,2013104964,00894,01050,021700
201710021208,10,2,3,メイショウラバンド,牝6,55.0,武豊,1:08.7,ハナ,10-7,34.3,5.4,3.0,466.0,4.0,[西]石橋守,松本好雄,0.0,2011101479,00666,01140,523005
201710021208,11,3,5,ハトマークワルツ,牝3,53.0,幸英明,1:08.8,1/2,15-11,34.1,21.1,7.0,436.0,10.0,[西]奥村豊,山田美喜男,0.0,2014102777,00732,01146,699009
201710021208,12,6,11,タイムレスメロディ,牝4,54.0,荻野極,1:08.8,アタマ,10-11,34.4,22.5,8.0,432.0,2.0,[西]高野友和,シルクレーシング,0.0,2013105756,01160,01117,506800
201710021208,13,1,2,クラリティーアイズ,牝4,54.0,鮫島克駿,1:08.8,ハナ,10-11,34.4,44.7,14.0,474.0,-8.0,[西]池添学,キャロットファーム,0.0,2013105980,01157,01144,486800
201710021208,14,5,10,モンスールデジール,牝3,53.0,田中健,1:08.9,クビ,6-4,34.7,143.6,18.0,444.0,-4.0,[西]福島信晴,五影慶則,0.0,2014105058,01114,00396,477006
201710021208,15,7,13,ステラルージュ,牝3,53.0,高倉稜,1:08.9,ハナ,6-7,34.7,3.5,1.0,410.0,14.0,[西]渡辺薫彦,野田善己,0.0,2014100456,01130,01155,537033
201710021208,16,1,1,キョウエイレガシー,牝3,53.0,浜中俊,1:09.3,2.1/2,9-7,35.0,42.5,13.0,404.0,0.0,[西]小崎憲,田中晴夫,0.0,2014100635,01115,01085,619002
201710021208,17,8,17,ヴィクトリアマンボ,牝4,55.0,川田将雅,1:09.4,クビ,15-17,34.7,27.3,10.0,446.0,-6.0,[西]小崎憲,キャロットファーム,0.0,2013105664,01088,01085,486800
201710021208,18,8,18,アルティマヒート,牝4,55.0,藤懸貴志,1:09.6,1.1/4,18-18,34.1,86.6,16.0,474.0,12.0,[西]平田修,キャロットファーム,0.0,2013105334,01138,01082,486800
201710021209,1,8,10,トリオンフ,セ3,54.0,和田竜二,1:48.3,,4-4-3-2,35.2,3.5,2.0,510.0,0.0,[西]須貝尚介,ＫＴレーシング,1080.1,2014102897,01018,01105,051803
201710021209,2,2,2,エルビッシュ,牝4,55.0,川田将雅,1:48.4,1/2,3-3-3-1,35.4,2.2,1.0,448.0,4.0,[西]角居勝彦,吉田勝己,428.6,2013105919,01088,01053,790005
201710021209,3,6,6,カラル,牡3,54.0,浜中俊,1:48.7,2,5-5-5-5,35.4,10.2,5.0,478.0,-4.0,[西]佐々木晶,シルクレーシング,264.3,2014106052,01115,00429,506800
201710021209,4,5,5,ラハトケレブ,牡4,57.0,松若風馬,1:48.8,1/2,11-11-11-11,34.9,54.6,8.0,478.0,0.0,[西]牧田和弥,永田和彦,160.0,2013105972,01154,01123,875006
201710021209,5,1,1,ユイフィーユ,牝3,52.0,武豊,1:48.8,アタマ,6-6-5-5,35.5,4.9,3.0,468.0,8.0,[西]池江泰寿,キーファーズ,105.0,2014103546,00666,01071,002803
201710021209,6,4,4,タガノガジュマル,牡4,57.0,高倉稜,1:48.9,クビ,8-8-9-9,35.4,67.4,9.0,422.0,2.0,[西]本田優,八木良司,0.0,2013101727,01130,01099,859002
201710021209,7,8,11,ドリームソルジャー,牡3,54.0,松山弘平,1:48.9,クビ,2-2-2-2,36.0,8.5,4.0,470.0,16.0,[西]渡辺薫彦,カナヤマホールディングス,0.0,2014102243,01126,01155,045803
201710021209,8,6,7,シゲルボブキャット,牡3,54.0,太宰啓介,1:49.1,1.1/2,6-6-5-5,35.8,36.2,7.0,446.0,4.0,[西]坂口正則,森中蕃,0.0,2014101357,01037,00356,674004
201710021209,9,7,8,サトノマサムネ,セ3,54.0,北村友一,1:49.3,1.1/4,8-8-9-9,35.7,91.9,10.0,446.0,-6.0,[西]西園正都,里見治,0.0,2014105848,01102,01028,790031
201710021209,10,3,3,グリーンラヴ,牡7,57.0,幸英明,1:49.6,2,10-8-5-5,36.3,30.5,6.0,476.0,-2.0,[西]中村均,グリーンファーム,0.0,2010109118,00732,00261,148800
201710021209,11,7,9,カレンヴィットリア,牡6,57.0,藤懸貴志,1:49.9,2,1-1-1-2,37.1,190.8,11.0,496.0,8.0,[西]平田修,鈴木隆司,0.0,2011103812,01138,01082,869006
201710021210,1,7,8,カネコメオスター,牡6,57.0,鮫島克駿,1:46.1,,2-2-2-2,37.6,76.1,10.0,508.0,12.0,[西]服部利之,高岡義雄,1525.2,2011102515,01157,01040,530007
201710021210,2,8,10,ゼンノワスレガタミ,牡3,54.0,武豊,1:46.1,クビ,3-3-3-3,37.5,5.7,3.0,462.0,-4.0,[西]中内田充,大迫久美子,607.2,2014104090,00666,01137,052803
201710021210,3,5,5,シロニイ,牡3,54.0,浜中俊,1:46.3,1.1/4,10-10-4-4,37.6,1.9,1.0,502.0,0.0,[西]池江泰寿,金子真人ホールディングス,383.6,2014105947,01115,01071,708800
201710021210,4,4,4,ナムラミラクル,牡4,57.0,藤懸貴志,1:46.5,1.1/4,3-5-4-4,37.8,7.3,4.0,480.0,6.0,[西]杉山晴紀,奈村信重,230.0,2013100711,01138,01157,945004
201710021210,5,8,11,テイエムグッドマン,牡3,54.0,小牧太,1:46.5,クビ,8-8-6-6,37.7,14.2,5.0,486.0,4.0,[西]福島信晴,竹園正繼,150.0,2014101308,00894,00396,356002
201710021210,6,6,7,ワンダーピルエット,牝4,55.0,岩崎翼,1:46.7,1.1/4,6-6-8-9,37.7,5.6,2.0,482.0,4.0,[西]小崎憲,山本能行,0.0,2013106446,01146,01085,306033
201710021210,7,3,3,キングカーティス,牡5,57.0,川田将雅,1:46.7,クビ,6-6-8-6,37.8,45.9,9.0,452.0,-8.0,[西]小崎憲,ヒダカ・ブリーダーズ・ユニオン,0.0,2012101154,01088,01085,547800
201710021210,8,7,9,スズカウラノス,牡8,57.0,北村友一,1:46.8,クビ,8-8-11-11,37.5,77.5,11.0,454.0,-2.0,[西]杉山晴紀,永井啓弍,0.0,2009103495,01102,01157,382004
201710021210,9,2,2,タイマツリ,牡6,57.0,森裕太朗,1:47.0,1.1/4,3-3-6-9,38.2,18.5,7.0,462.0,-2.0,[西]大橋勇樹,浜ＲＣ組合,0.0,2011101761,01165,01065,015700
201710021210,10,1,1,ダイナミックウオー,牡7,57.0,和田竜二,1:47.0,クビ,10-10-8-8,38.1,18.0,6.0,516.0,0.0,[西]目野哲也,小川勲,0.0,2010104870,01018,00387,075002
201710021210,11,6,6,メイショウカロッタ,牡5,57.0,幸英明,1:47.2,1.1/4,1-1-1-1,38.9,36.1,8.0,498.0,10.0,[西]南井克巳,松本好雄,0.0,2012105495,00732,01049,523005
201710021211,1,8,17,アサクサゲンキ,牡2,54.0,武豊,1:09.1,,3-2,35.7,7.0,3.0,450.0,-2.0,[西]音無秀孝,田原慶子,3163.7,2015110032,00666,01002,537009
201710021211,2,7,14,アイアンクロー,牡2,54.0,浜中俊,1:09.3,1.1/4,7-6,35.6,12.6,5.0,430.0,4.0,[西]斉藤崇史,藤井聡一郎,1218.2,2015105188,01115,01151,303803
201710021211,3,5,10,バーニングペスカ,牡2,54.0,川須栄彦,1:09.3,クビ,8-8,35.4,20.2,7.0,446.0,2.0,[西]松永昌博,山田信太郎,789.1,2015103374,01128,01083,417030
201710021211,4,5,9,ヴァイザー,牡2,54.0,北村友一,1:09.4,クビ,12-11,35.3,5.6,2.0,432.0,12.0,[西]高橋亮,キャロットファーム,470.0,2015104697,01102,01136,486800
201710021211,5,1,2,イイコトズクシ,牡2,54.0,荻野極,1:09.4,クビ,14-11,35.2,62.0,12.0,470.0,-2.0,[西]音無秀孝,小田切有一,310.0,2015103024,01160,01002,334009
201710021211,6,4,7,ペイシャルアス,牝2,54.0,川田将雅,1:09.4,ハナ,16-15,35.0,7.4,4.0,470.0,-2.0,[西]坂口正則,北所直人,0.0,2015102980,01088,00356,163002
201710021211,7,6,11,モズスーパーフレア,牝2,54.0,松若風馬,1:09.4,ハナ,2-1,36.1,2.8,1.0,472.0,2.0,[西]音無秀孝,キャピタル・システム,0.0,2015110017,01154,01002,005803
201710021211,8,8,16,スーサンドン,牡2,54.0,和田竜二,1:09.5,1/2,18-17,34.6,24.0,8.0,460.0,-4.0,[西]岩元市三,林千枝子,0.0,2015102849,01018,00397,043008
201710021211,9,4,8,タイセイソニック,牡2,54.0,鮫島克駿,1:09.6,3/4,14-15,35.4,42.6,10.0,436.0,6.0,[西]西村真幸,田中成奉,0.0,2015102528,01157,01148,224007
201710021211,10,3,5,オーロスターキス,牝2,54.0,川島信二,1:09.7,クビ,4-4,36.2,95.0,13.0,468.0,0.0,[西]南井克巳,加藤徹,0.0,2015102580,01062,01049,036006
201710021211,11,7,13,ルリハリ,牝2,54.0,嘉藤貴行,1:09.7,アタマ,4-6,36.1,43.0,11.0,422.0,2.0,[東]萱野浩二,ビッグレッドファーム,0.0,2015100703,01051,01024,716800
201710021211,12,1,1,シトリカ,牝2,54.0,小牧太,1:09.9,1.1/4,16-11,35.5,27.9,9.0,412.0,0.0,[西]牧浦充徳,水上行雄,0.0,2015103521,00894,01113,482002
201710021211,13,6,12,ナムラアッパレ,牡2,54.0,太宰啓介,1:09.9,アタマ,8-8,36.0,153.0,15.0,460.0,16.0,[西]目野哲也,奈村信重,0.0,2015101075,01037,00387,945004
201710021211,14,2,3,テイエムスグレモン,牡2,54.0,松山弘平,1:10.1,1.1/4,10-8,36.1,173.0,16.0,474.0,4.0,[西]山内研二,竹園正繼,0.0,2015100556,01126,00388,356002
201710021211,15,7,15,ナムラバンザイ,牡2,54.0,田中健,1:10.1,アタマ,10-11,36.1,182.8,17.0,420.0,4.0,[西]目野哲也,奈村信重,0.0,2015102800,01114,00387,945004
201710021211,16,8,18,ジュンドリーム,牝2,54.0,幸英明,1:10.2,3/4,4-4,36.7,109.5,14.0,464.0,-2.0,[西]西村真幸,河合純二,0.0,2015103626,00732,01148,165033
201710021211,17,3,6,ニシノダンテ,牡2,54.0,三津谷隼,1:10.3,1/2,12-17,36.2,225.5,18.0,478.0,-4.0,[西]田所秀孝,西山茂行,0.0,2015101771,01159,01009,897009
201710021211,18,2,4,フローラルシトラス,牝2,54.0,藤田菜七,1:11.2,5,1-2,37.9,14.8,6.0,406.0,0.0,[東]武井亮,ＫＴレーシング,0.0,2015103556,01164,01147,051803
201710021212,1,2,2,タガノシャルドネ,牡3,54.0,和田竜二,2:41.3,,8-9-6-4,35.8,4.2,2.0,440.0,6.0,[西]川村禎彦,八木秀之,750.0,2014102159,01018,01003,874800
201710021212,2,6,7,フォースフィールド,牡5,54.0,森裕太朗,2:41.3,クビ,8-6-2-2,35.9,6.5,4.0,436.0,2.0,[西]松永幹夫,岡浩二,300.0,2012101150,01165,01092,370008
201710021212,3,5,5,ミッキーロイヤル,牡3,54.0,松若風馬,2:41.6,1.3/4,4-3-1-1,36.4,4.4,3.0,494.0,14.0,[西]矢作芳人,野田みづき,190.0,2014105772,01154,01075,441007
201710021212,4,4,4,ディスピュート,牡4,57.0,幸英明,2:41.9,1.3/4,11-11-9-7,36.2,9.9,6.0,434.0,8.0,[西]牧田和弥,畑佐博,110.0,2013100779,00732,01123,078006
201710021212,5,6,6,エイシンキスミー,牝4,54.0,荻野極,2:42.0,1/2,4-5-2-2,36.7,30.0,8.0,482.0,-4.0,[西]沖芳夫,栄進堂,75.0,2013103267,01160,00378,785800
201710021212,6,8,11,ノーブルソニック,牝5,55.0,北村友一,2:42.0,ハナ,6-7-6-7,36.4,24.1,7.0,478.0,6.0,[西]斉藤崇史,シルクレーシング,0.0,2012104697,01102,01151,506800
201710021212,7,3,3,テイエムナナヒカリ,牡4,57.0,小牧太,2:42.1,3/4,10-9-6-6,36.6,6.9,5.0,500.0,-8.0,[西]山内研二,竹園正繼,0.0,2013104845,00894,00388,356002
201710021212,8,7,8,ロードゼスト,牡3,54.0,川田将雅,2:42.1,クビ,2-3-2-4,36.8,3.5,1.0,452.0,10.0,[西]千田輝彦,ロードホースクラブ,0.0,2014104411,01088,01120,170800
201710021212,9,7,9,ブルノ,牡3,54.0,水口優也,2:43.2,7,1-2-11-10,37.2,152.9,11.0,448.0,4.0,[西]崎山博樹,北山敏隆,0.0,2014103999,01133,00365,789002
201710021212,10,8,10,ユキエファルコン,牡3,51.0,富田暁,2:45.0,大,6-7-9-9,39.3,73.3,10.0,472.0,2.0,[西]岩元市三,平田道子,0.0,2014100918,01168,00397,196033
201710021212,11,1,1,クールジョジョ,牝6,54.0,義英真,2:45.7,4,2-1-2-10,40.4,65.3,9.0,450.0,-4.0,[西]目野哲也,川上哲司,0.0,2011100494,01155,00387,762007
