race_id,finish_position,bracket_number,horse_number,horse_name,sex_age,impost,jockey,finish_time,margin,passing,last_3f,odds_win,popularity,horse_weight,horse_weight_change,trainer,owner,prize,horse_id,jockey_id,trainer_id,owner_id
202001010301,1,3,3,ジャンカズマ,牡2,54.0,ルメール,1:29.6,,6-4-2,35.0,2.9,2.0,450.0,2.0,[西]安田翔伍,雅苑興業,510.0,2018105308,5339,1164,879800
202001010301,2,5,5,セイウンオードリー,牡2,53.0,団野大成,1:30.1,3,8-8-7,35.0,32.0,8.0,500.0,4.0,[東]深山雅史,西山茂行,200.0,2018105621,1180,1174,897009
202001010301,3,1,1,ドルチェヴィータ,牝2,54.0,菱田裕二,1:30.2,クビ,3-4-4,35.7,24.1,5.0,434.0,6.0,[西]西橋豊治,岡田隆寛,130.0,2018103953,1144,434,55030
202001010301,4,6,6,ロジネイア,牝2,54.0,池添謙一,1:30.3,1/2,1-1-1,36.1,4.2,3.0,420.0,-2.0,[東]古賀慎明,久米田正明,77.0,2018105817,1032,1079,399030
202001010301,5,2,2,デルマカンノン,牝2,54.0,国分恭介,1:30.4,3/4,6-7-4,35.6,8.0,4.0,424.0,-2.0,[西]五十嵐忠,浅沼廣幸,51.0,2018103611,1124,422,274002
202001010301,6,8,9,ビップレックス,牡2,54.0,大野拓弥,1:31.0,3.1/2,2-2-2,36.7,31.9,7.0,444.0,2.0,[西]松下武士,鈴木邦英,0.0,2018105034,1096,1149,524030
202001010301,7,4,4,ボルゲリ,牡2,54.0,横山和生,1:31.1,1/2,3-4-4,36.6,2.8,1.0,486.0,-2.0,[東]大江原哲,チームユッキレーシング,0.0,2018100955,1140,1012,69700
202001010301,8,7,7,エイシンギアアップ,牡2,54.0,岩田康誠,1:32.1,6,9-9-9,36.8,24.1,6.0,488.0,-6.0,[西]中尾秀正,栄進堂,0.0,2018105954,5203,1069,785800
202001010301,9,8,8,ナムラアダーラ,牝2,54.0,丹内祐次,1:33.2,7,3-3-7,38.8,132.3,9.0,444.0,-4.0,[東]石栗龍彦,奈村睦弘,0.0,2018106716,1091,1043,972002
202001010302,1,5,7,タマモパッション,牝3,54.0,ルメール,1:45.6,,7-6-5-2,37.7,2.9,1.0,474.0,-8.0,[西]大橋勇樹,タマモ,510.0,2017102196,5339,1065,515800
202001010302,2,7,11,スマイルフェイス,牝3,54.0,丹内祐次,1:47.3,大,6-6-6-5,39.2,23.4,7.0,498.0,6.0,[東]金成貴史,ヒダカ・ブリーダーズ・ユニオン,200.0,2017102434,1091,1132,547800
202001010302,3,2,2,メイショウトラヒメ,牝3,54.0,柴山雄一,1:47.4,3/4,9-9-8-6,39.1,20.6,6.0,478.0,2.0,[西]南井克巳,松本好雄,130.0,2017106254,5243,1049,523005
202001010302,4,8,14,トーホウロゼ,牝3,54.0,池添謙一,1:47.5,1/2,2-2-2-1,39.9,10.0,5.0,446.0,-2.0,[西]石坂公一,東豊物産,77.0,2017103202,1032,1166,965800
202001010302,5,6,9,エキストラライト,牝3,54.0,吉田隼人,1:47.6,クビ,4-3-3-3,39.8,33.1,10.0,434.0,0.0,[西]高柳大輔,岡田牧雄,51.0,2017103978,1095,1159,851009
202001010302,6,4,6,セイプレシャス,牝3,52.0,藤田菜七,1:48.0,2.1/2,14-14-8-9,39.7,57.6,12.0,426.0,-2.0,[東]浅野洋一,金田成基,0.0,2017101242,1164,421,376008
202001010302,7,1,1,スイートポイズン,牝3,54.0,藤岡康太,1:48.3,1.3/4,12-12-12-10,39.8,4.2,2.0,426.0,-4.0,[西]今野貞一,吉田勝己,0.0,2017105618,1116,1128,790005
202001010302,8,4,5,ウインオリヴィア,牝3,51.0,山田敬士,1:48.5,1.1/4,7-6-12-12,39.9,8.5,4.0,428.0,-4.0,[西]宮本博,ウイン,0.0,2017101430,1173,1073,494800
202001010302,9,3,4,アントルラッセ,牝3,54.0,古川吉洋,1:48.7,1.1/4,12-12-6-7,40.6,4.4,3.0,398.0,-6.0,[西]上村洋行,下河辺牧場,0.0,2017100393,1015,1168,362800
202001010302,10,8,13,ラグローリア,牝3,51.0,秋山稔樹,1:49.0,2,4-5-8-11,40.7,191.4,14.0,462.0,2.0,[西]森田直行,ライオンレースホース,0.0,2017103070,1181,1142,542800
202001010302,11,3,3,ジュンヴァドス,牝3,53.0,団野大成,1:49.4,2.1/2,9-9-14-13,40.6,27.8,8.0,408.0,-2.0,[東]高柳瑞樹,河合裕明,0.0,2017105542,1180,1118,615033
202001010302,12,6,10,エンフォーサー,牝3,54.0,黛弘人,1:49.5,1/2,1-1-1-3,42.0,50.8,11.0,448.0,0.0,[東]伊藤伸一,ＹＧＧホースクラブ,0.0,2017100822,1109,1031,188800
202001010302,13,7,12,エピデンドラム,牝3,54.0,石川裕紀,1:50.8,8,3-3-3-7,43.0,30.4,9.0,458.0,0.0,[西]高橋康之,グリーンファーム,0.0,2017105087,1150,1135,148800
202001010302,14,5,8,ヒットパレード,牝3,54.0,蛯名正義,1:52.4,10,9-9-8-14,44.1,138.1,13.0,432.0,4.0,[東]粕谷昌央,小田切統二,0.0,2017102355,663,1096,474002
202001010303,1,6,8,タマモゼーゼマン,牡3,56.0,松田大作,0:59.0,,2-2,35.6,6.1,4.0,466.0,0.0,[西]武英智,タマモ,510.0,2017103650,1030,1161,515800
202001010303,2,7,9,フィーユレヴーズ,牝3,54.0,横山武史,0:59.4,2.1/2,4-3,35.6,4.4,2.0,444.0,-6.0,[東]斎藤誠,小田吉男,200.0,2017100040,1170,1086,268008
202001010303,3,5,6,コンゴウレイワ,牝3,53.0,団野大成,0:59.7,2,3-3,36.1,9.2,6.0,460.0,16.0,[西]佐々木晶,金岡久夫,130.0,2017103798,1180,429,557006
202001010303,4,8,12,ニーケススマイル,牡3,56.0,横山和生,0:59.8,1/2,7-6,35.7,12.2,7.0,450.0,-8.0,[東]蛯名利弘,高橋ファーム,77.0,2017103002,1140,1131,884800
202001010303,5,1,1,マーブルレディー,牝3,54.0,池添謙一,0:59.8,ハナ,5-3,35.9,32.5,9.0,438.0,-6.0,[西]池添兼雄,下村直,51.0,2017102671,1032,1021,90006
202001010303,6,5,5,ロードドミニオン,牡3,56.0,藤岡康太,0:59.8,クビ,9-6,35.5,3.9,1.0,450.0,-4.0,[西]西浦勝一,ロードホースクラブ,0.0,2017103656,1116,1016,170800
202001010303,7,2,2,グランドジュビリー,牡3,56.0,岩田康誠,1:00.1,1.3/4,10-9,35.6,7.7,5.0,480.0,-12.0,[東]小笠倫弘,保坂和孝,0.0,2017105474,5203,1076,398030
202001010303,8,3,3,テイエムピカピカ,牝3,51.0,秋山稔樹,1:00.2,1/2,7-9,36.1,89.1,10.0,460.0,0.0,[東]石栗龍彦,竹園正繼,0.0,2017101350,1181,1043,356002
202001010303,9,4,4,ベルサンライズ,牝3,54.0,加藤祥太,1:00.4,1.1/4,1-1,37.1,23.1,8.0,474.0,-4.0,[西]石坂公一,松岡隆雄,0.0,2017106444,1156,1166,306008
202001010303,10,7,10,コルディアルッカ,牝3,54.0,水口優也,1:00.8,2.1/2,5-6,36.9,239.4,12.0,438.0,-6.0,[西]大根田裕,山上和良,0.0,2017104134,1133,1032,851007
202001010303,11,6,7,カッチョカバロ,牡3,56.0,丹内祐次,1:01.1,1.3/4,12-12,36.0,5.1,3.0,492.0,-2.0,[東]牧光二,平田修,0.0,2017103310,1091,1106,11008
202001010303,12,8,11,テーオーエリザベス,牝3,54.0,菱田裕二,1:01.3,1.1/4,11-11,36.4,169.4,11.0,468.0,-2.0,[西]岡田稲男,小笹公也,0.0,2017106430,1144,1066,304008
202001010304,1,8,13,アグードイメル,牡3,56.0,横山和生,1:46.1,,10-10-9-5,37.5,5.6,4.0,476.0,-6.0,[東]小野次郎,ケーエスＨＤ,510.0,2017101071,1140,1125,334803
202001010304,2,6,9,ケイアイタカプナ,牡3,56.0,大野拓弥,1:46.1,クビ,5-6-4-5,37.8,10.5,5.0,466.0,4.0,[東]田村康仁,亀田和弘,200.0,2017101743,1096,1027,331803
202001010304,3,6,10,ブラックトマホーク,牡3,56.0,横山武史,1:46.6,3,9-9-7-1,38.2,4.8,3.0,472.0,0.0,[東]高木登,吉田勝己,130.0,2017105448,1170,1088,790005
202001010304,4,1,1,マジックウォリアー,牡3,56.0,ルメール,1:46.8,1.1/4,7-7-9-7,38.2,3.2,1.0,514.0,-2.0,[西]杉山晴紀,吉田晴哉,77.0,2017105024,5339,1157,231033
202001010304,5,7,11,スイートクラス,牡3,56.0,武豊,1:47.1,1.3/4,2-2-2-2,39.0,32.8,8.0,476.0,-6.0,[東]林徹,保坂和孝,51.0,2017105554,666,1163,398030
202001010304,6,7,12,テイエムゴールデン,牡3,56.0,国分恭介,1:47.1,クビ,2-3-2-3,39.0,3.8,2.0,466.0,-2.0,[西]五十嵐忠,竹園正繼,0.0,2017103859,1124,422,356002
202001010304,7,5,7,ベニトアイト,セ3,54.0,亀田温心,1:47.4,1.3/4,10-10-11-9,38.6,23.4,7.0,518.0,6.0,[西]藤岡健一,青山洋一,0.0,2017104997,1176,1062,15008
202001010304,8,3,3,ヌンカプト,牡3,56.0,吉田隼人,1:47.5,1/2,5-3-4-9,39.2,39.6,9.0,450.0,0.0,[東]矢野英一,ヌンクラブ,0.0,2017103142,1095,1108,11803
202001010304,9,3,4,エールプレジール,牡3,56.0,柴山雄一,1:47.6,3/4,8-7-7-9,39.1,45.8,10.0,460.0,-8.0,[東]小笠倫弘,グリーンファーム,0.0,2017103196,5243,1076,148800
202001010304,10,8,14,プロスペロ,牡3,54.0,藤田菜七,1:47.7,クビ,2-3-4-7,39.5,116.0,13.0,476.0,-4.0,[西]大橋勇樹,村上憲政,0.0,2017103386,1164,1065,894030
202001010304,11,5,8,クリノターハイ,牡3,56.0,加藤祥太,1:47.7,クビ,14-14-11-9,38.8,263.6,14.0,478.0,-2.0,[西]藤沢則雄,栗本博晴,0.0,2017100128,1156,1041,970006
202001010304,12,4,6,リアリーカ,牡3,56.0,勝浦正樹,1:48.1,2.1/2,13-13-13-13,39.1,89.1,11.0,464.0,-6.0,[東]小野次郎,西森功,0.0,2017106760,1025,1125,316031
202001010304,13,4,5,メイショウタオ,牡3,56.0,古川吉洋,1:48.2,クビ,1-1-1-3,40.3,103.0,12.0,444.0,-6.0,[西]松永昌博,松本好隆,0.0,2017104102,1015,1083,911008
202001010304,14,2,2,ネブロシティ,牡3,56.0,藤岡佑介,1:49.0,5,10-10-13-14,40.0,18.7,6.0,490.0,-6.0,[西]高野友和,吉田勝己,0.0,2017105625,1093,1117,790005
202001010305,1,3,3,オパールムーン,牝2,54.0,横山典弘,1:29.4,,5-5-6,34.9,7.3,4.0,424.0,0.0,[西]昆貢,ＮＩＣＫＳ,700.0,2018101067,660,1044,887800
202001010305,2,1,1,ヴァーチャリティ,牝2,54.0,松田大作,1:29.4,クビ,3-3-4,35.1,4.9,3.0,448.0,0.0,[西]庄野靖志,桑田牧場,280.0,2018103086,1030,1087,791800
202001010305,3,8,9,ククナ,牝2,54.0,ルメール,1:29.7,2,8-8-7,34.8,3.4,2.0,446.0,0.0,[東]栗田徹,キャロットファーム,180.0,2018105008,5339,1127,486800
202001010305,4,7,7,ユキノフラッシュ,牡2,54.0,岩田康誠,1:29.7,アタマ,8-8-7,34.9,2.7,1.0,450.0,0.0,[西]牧田和弥,嶋田賢,110.0,2018104267,5203,1123,399009
202001010305,5,2,2,カシェル,牝2,54.0,横山武史,1:29.9,1.1/4,2-1-1,35.8,10.0,5.0,444.0,0.0,[西]宮本博,ノースヒルズ,70.0,2018102114,1170,1073,788800
202001010305,6,5,5,ブリュンヒルデ,牝2,54.0,柴田善臣,1:30.3,2.1/2,3-3-2,36.0,35.9,7.0,430.0,0.0,[東]大江原哲,菊地祐司,0.0,2018100328,641,1012,656033
202001010305,7,8,8,ゲノム,牡2,54.0,大野拓弥,1:31.1,5,7-5-4,36.6,22.1,6.0,426.0,0.0,[西]高柳大輔,今村明浩,0.0,2018100499,1096,1159,466033
202001010305,8,6,6,プラチナレディ,牝2,53.0,団野大成,1:31.6,3,1-2-2,37.5,48.9,8.0,426.0,0.0,[東]伊藤大士,細谷典幸,0.0,2018100989,1180,1109,443007
202001010305,9,4,4,トランセンドパスト,牡2,54.0,柴山雄一,1:31.8,1.1/4,5-7-9,37.2,112.7,9.0,450.0,0.0,[東]田中剛,簗詰貴彦,0.0,2018101171,5243,1119,406006
202001010306,1,2,4,ブルベアカロリー,牡3,56.0,国分恭介,2:00.9,,12-12-11-7,36.1,31.1,7.0,482.0,12.0,[西]五十嵐忠,ブルアンドベア,510.0,2017102247,1124,422,843800
202001010306,2,1,1,ブルームラッシュ,牡3,56.0,ルメール,2:00.9,アタマ,6-6-5-6,36.7,2.4,1.0,454.0,0.0,[東]尾関知人,社台レースホース,200.0,2017104904,5339,1103,415800
202001010306,3,6,11,グレーフェンベルク,牡3,56.0,田辺裕信,2:01.1,1.1/4,7-6-5-4,36.9,13.7,5.0,462.0,-4.0,[西]浅見秀一,Ｇ１レーシング,130.0,2017105345,1075,411,808800
202001010306,4,3,5,アンストッパブル,牡3,54.0,亀田温心,2:01.3,1.1/4,2-3-3-2,37.4,6.1,4.0,462.0,-2.0,[西]角田晃一,吉澤ホールディングス,77.0,2017106226,1176,1121,346803
202001010306,5,3,6,フジコウキ,牡3,53.0,秋山稔樹,2:01.7,2.1/2,8-8-8-7,37.2,22.6,6.0,444.0,10.0,[東]大江原哲,荒木誠,51.0,2017103370,1181,1012,89030
202001010306,6,5,10,アンジュミノル,牝3,54.0,藤岡康太,2:01.7,ハナ,14-14-13-11,36.7,109.9,13.0,466.0,-4.0,[西]本田優,吉岡實,0.0,2017104062,1116,1099,265008
202001010306,7,7,13,ナリタアレス,牡3,56.0,古川吉洋,2:01.8,クビ,9-8-8-11,37.3,4.1,2.0,468.0,-8.0,[西]木原一良,オースミ,0.0,2017104924,1015,1033,712800
202001010306,8,8,15,メイショウカイコウ,牡3,56.0,菱田裕二,2:02.1,2,15-15-15-14,36.8,43.4,9.0,426.0,-2.0,[東]和田勇介,松本好雄,0.0,2017106454,1144,1165,523005
202001010306,9,4,8,メートルエロー,牡3,56.0,吉田隼人,2:02.5,2.1/2,11-11-11-13,37.7,104.8,12.0,500.0,-26.0,[西]矢作芳人,ラ・メール,0.0,2017110008,1095,1075,877800
202001010306,10,1,2,マイネルグランサム,牡3,56.0,丹内祐次,2:02.6,3/4,4-4-3-4,38.6,86.8,11.0,452.0,-2.0,[東]奥村武,サラブレッドクラブ・ラフィアン,0.0,2017101510,1091,1145,546800
202001010306,11,2,3,モルトルバート,セ3,55.0,団野大成,2:02.6,ハナ,9-8-8-7,38.0,31.7,8.0,438.0,6.0,[西]松永幹夫,シルクレーシング,0.0,2017104630,1180,1092,506800
202001010306,12,8,16,キミノミラクル,牝3,52.0,藤田菜七,2:02.7,クビ,4-5-5-10,38.5,57.7,10.0,486.0,2.0,[東]根本康広,平賀久枝,0.0,2017105942,1164,1029,729005
202001010306,13,6,12,スワーヴカエサル,牡3,56.0,横山武史,2:03.4,4,2-2-2-1,39.7,6.0,3.0,518.0,-6.0,[東]田中博康,ＮＩＣＫＳ,0.0,2017104901,1170,1162,887800
202001010306,14,7,14,ディーププレザント,牡3,56.0,荻野琢真,2:03.4,ハナ,12-12-13-14,38.4,214.8,15.0,502.0,-6.0,[西]森田直行,山田裕仁,0.0,2017103808,1112,1142,513008
202001010306,15,4,7,シュライクス,牡3,53.0,山田敬士,2:03.8,2.1/2,15-15-16-16,38.1,398.0,16.0,404.0,-16.0,[東]水野貴広,中山栄一,0.0,2017103330,1173,1094,763033
202001010306,16,5,9,ピラミッドムーン,牡3,56.0,松田大作,2:04.0,1.1/2,1-1-1-2,40.3,151.6,14.0,486.0,-8.0,[西]松永幹夫,シルクレーシング,0.0,2017110134,1030,1092,506800
202001010307,1,4,4,アカイイト,牝3,52.0,横山典弘,1:47.6,,3-4-3-3,34.4,2.4,2.0,496.0,4.0,[西]中竹和也,岡浩二,760.0,2017106203,660,1039,370008
202001010307,2,8,8,ショコラブリアン,牝3,52.0,武豊,1:47.8,1.1/2,1-1-1-1,35.0,2.1,1.0,530.0,28.0,[東]尾関知人,木村直人,300.0,2017105267,666,1103,60031
202001010307,3,5,5,イカット,牝3,52.0,吉田隼人,1:47.9,3/4,2-2-2-2,35.0,4.1,3.0,452.0,0.0,[西]上村洋行,吉田和美,190.0,2017106724,1095,1168,138007
202001010307,4,2,2,スズカゼ,牝6,52.0,山田敬士,1:48.5,3.1/2,3-3-3-4,35.4,19.7,4.0,478.0,0.0,[東]深山雅史,ヒダカ・ブリーダーズ・ユニオン,110.0,2014105080,1173,1174,547800
202001010307,5,8,9,アーブルルージュ,牝4,54.0,団野大成,1:48.8,1.3/4,6-6-6-5,35.1,54.0,6.0,432.0,-12.0,[東]松山将樹,ノルマンディーサラブレッドレーシング,76.0,2016105536,1180,1100,854800
202001010307,6,1,1,レディーキティ,牝5,55.0,国分恭介,1:49.2,2.1/2,8-7-7-6,35.3,25.8,5.0,408.0,2.0,[西]野中賢二,廣崎利洋ＨＤ,0.0,2015104245,1124,1098,37803
202001010307,7,6,6,マジックブルーム,牝4,55.0,横山和生,1:50.3,7,8-9-8-8,36.0,94.1,8.0,480.0,0.0,[東]鈴木伸尋,村山卓也,0.0,2016100751,1140,1026,47030
202001010307,8,3,3,デルマアンバリッド,牝4,55.0,川島信二,1:50.5,1.1/4,5-5-5-6,37.0,141.4,9.0,482.0,-2.0,[東]堀井雅広,浅沼廣幸,0.0,2016103595,1062,436,274002
202001010307,9,7,7,フェデネージュ,牝3,52.0,石川裕紀,1:53.4,大,7-7-8-9,39.2,76.8,7.0,442.0,-2.0,[東]国枝栄,嶋田賢,0.0,2017103996,1150,399,399009
202001010308,1,8,10,ダノンチャンス,セ6,57.0,菱田裕二,0:58.1,,3-3,35.3,20.1,7.0,494.0,-14.0,[東]田中博康,ダノックス,1100.0,2014101948,1144,1162,619800
202001010308,2,1,1,ガンケン,牡4,57.0,吉田隼人,0:58.2,1/2,8-7,34.7,24.0,8.0,514.0,-10.0,[西]宮本博,岡浩二,440.0,2016102749,1095,1073,370008
202001010308,3,6,7,グラナリー,牝3,52.0,池添謙一,0:58.3,1/2,2-2,35.8,5.8,3.0,508.0,-4.0,[西]池添学,カナヤマホールディングス,280.0,2017106237,1032,1144,45803
202001010308,4,8,11,ケイアイターコイズ,牡4,57.0,横山武史,0:58.5,1.1/4,5-4,35.3,5.6,2.0,512.0,-10.0,[西]新谷功一,亀田和弘,170.0,2016100546,1170,1172,331803
202001010308,5,3,3,レッドランサー,牡5,57.0,ルメール,0:58.7,1.1/2,5-4,35.5,6.2,4.0,470.0,-2.0,[西]中内田充,東京ホースレーシング,110.0,2015102211,5339,1137,180800
202001010308,6,7,9,スズカユース,牝4,55.0,大野拓弥,0:58.7,ハナ,10-10,35.0,39.3,9.0,444.0,-12.0,[東]伊藤圭三,永井啓弍,0.0,2016105718,1096,1023,382004
202001010308,7,7,8,スリーピート,牡3,54.0,藤岡佑介,0:58.8,3/4,8-7,35.3,10.8,6.0,496.0,-4.0,[西]湯窪幸雄,永井商事,0.0,2017102007,1093,1057,61800
202001010308,8,5,5,アウトウッズ,牡3,54.0,武豊,0:59.0,1,11-11,34.6,10.3,5.0,526.0,6.0,[西]浅見秀一,林正道,0.0,2017105533,666,411,675030
202001010308,9,4,4,ノボベイビー,牡5,57.0,国分恭介,0:59.0,クビ,7-9,35.6,51.2,11.0,494.0,0.0,[東]天間昭一,ＬＳ．Ｍ,0.0,2015105319,1124,1090,978800
202001010308,10,6,6,アサカディオネ,牝3,51.0,団野大成,0:59.2,1.1/4,1-1,36.7,2.5,1.0,456.0,2.0,[西]佐々木晶,浅川昌彦,0.0,2017101381,1180,429,905007
202001010308,11,2,2,メイショウメイリン,牡4,55.0,亀田温心,0:59.2,クビ,4-4,36.2,48.6,10.0,464.0,0.0,[西]西園正都,松本好雄,0.0,2016102207,1176,1028,523005
202001010309,1,1,1,ラキ,牝3,52.0,武豊,1:08.8,,7-7,34.5,2.3,1.0,456.0,4.0,[西]小崎憲,ニッシンホールディングス,1087.3,2017103886,666,1085,318803
202001010309,2,7,9,キーダイヤ,牝3,52.0,浜中俊,1:08.9,3/4,1-1,35.5,3.5,2.0,444.0,-8.0,[西]藤岡健一,青山洋一,427.8,2017106131,1115,1062,15008
202001010309,3,7,8,グレイトゲイナー,牡3,54.0,横山武史,1:09.0,3/4,2-2,35.5,12.6,6.0,456.0,-2.0,[西]森秀行,田中慶治,273.9,2017106137,1170,427,261008
202001010309,4,6,7,チェアリングソング,牡3,54.0,藤田菜七,1:09.2,1.1/4,4-3,35.3,24.9,9.0,450.0,-6.0,[東]青木孝文,ノルマンディーサラブレッドレーシング,160.0,2017103295,1164,1156,854800
202001010309,5,8,11,ディヴィナシオン,牡3,54.0,田中勝春,1:09.2,クビ,7-7,34.9,12.3,5.0,430.0,0.0,[西]森秀行,一村哲也,106.0,2017100583,684,427,798008
202001010309,6,2,2,タカミツリリー,牝5,55.0,勝浦正樹,1:09.3,クビ,5-5,35.2,24.6,8.0,472.0,-8.0,[東]高橋裕,アラキファーム,0.0,2015100051,1025,412,471800
202001010309,7,4,4,サンドスピーダー,牡5,57.0,藤岡佑介,1:09.3,ハナ,9-9,34.8,11.5,4.0,452.0,-8.0,[東]和田勇介,辻牧場,0.0,2015103214,1093,1165,302800
202001010309,8,8,10,ラストプライドワン,牡6,57.0,柴山雄一,1:09.3,クビ,11-9,34.7,52.7,10.0,480.0,-2.0,[東]奥村武,嶋田賢,0.0,2014104326,5243,1145,399009
202001010309,9,6,6,セレンディピア,牡3,54.0,田辺裕信,1:09.3,アタマ,9-9,34.8,23.8,7.0,462.0,2.0,[東]尾形和幸,ノルマンディーサラブレッドレーシング,0.0,2017106640,1075,1141,854800
202001010309,10,5,5,ファタリテ,牡4,57.0,古川吉洋,1:09.3,アタマ,5-5,35.2,72.4,11.0,450.0,-10.0,[西]大根田裕,奥裕嗣,0.0,2016102111,1015,1032,548033
202001010309,11,3,3,キタノギャラクシー,牡3,54.0,松田大作,1:09.4,クビ,3-3,35.7,6.6,3.0,482.0,4.0,[東]松永康利,北所直人,0.0,2017102935,1030,1093,163002
202001010310,1,8,10,アンティシペイト,牡3,54.0,武豊,2:40.1,,2-2-2-2,36.3,1.8,1.0,490.0,-2.0,[東]国枝栄,Ｇ１レーシング,1521.7,2017105000,666,399,808800
202001010310,2,7,8,ゴースト,セ4,57.0,岩田康誠,2:40.3,1.1/4,6-6-5-5,36.1,8.8,4.0,490.0,-4.0,[西]橋口慎介,西村健,606.2,2016104452,5203,1154,266033
202001010310,3,8,9,ウォルフズハウル,牡4,57.0,横山武史,2:40.3,クビ,8-8-8-5,35.9,6.2,3.0,464.0,-4.0,[東]栗田徹,ゴドルフィン,383.1,2016103294,1170,1127,3060
202001010310,4,5,5,トロピカルストーム,セ7,57.0,田辺裕信,2:40.4,1/2,10-10-9-5,35.9,13.0,6.0,446.0,-6.0,[西]西村真幸,吉田和美,230.0,2013105912,1075,1148,138007
202001010310,5,4,4,バイキングクラップ,牡4,57.0,ルメール,2:40.7,1.3/4,3-3-3-3,36.8,4.9,2.0,512.0,-2.0,[東]宮田敬介,サンデーレーシング,150.0,2016104625,5339,1175,226800
202001010310,6,6,6,ワンダーコノシュア,牡4,57.0,石川裕紀,2:41.0,1.1/2,1-1-1-1,37.3,88.7,8.0,494.0,-6.0,[東]斎藤誠,山本能成,0.0,2016102311,1150,1086,184033
202001010310,7,2,2,プリマヴィスタ,牡3,54.0,吉田隼人,2:41.0,クビ,4-4-4-3,37.0,9.4,5.0,450.0,-14.0,[西]矢作芳人,加藤裕司,0.0,2017105106,1095,1075,213033
202001010310,8,1,1,ファストライフ,牝5,55.0,古川吉洋,2:41.8,5,6-6-7-8,37.5,31.2,7.0,454.0,-4.0,[東]青木孝文,石川秀守,0.0,2015102431,1015,1156,18033
202001010310,9,7,7,ザプリオレス,牡4,57.0,柴山雄一,2:42.3,3,4-4-5-9,38.1,184.4,10.0,500.0,-6.0,[西]大橋勇樹,村上稔,0.0,2016100472,5243,1065,870004
202001010310,10,3,3,サイモンサーマル,セ5,57.0,藤田菜七,2:42.9,3.1/2,8-8-10-10,38.0,152.2,9.0,486.0,-2.0,[東]根本康広,澤田昭紀,0.0,2015106466,1164,1029,132030
202001010311,1,5,7,ハナズレジェンド,牡7,56.0,藤岡佑介,1:47.8,,13-13-14-14,34.2,9.3,4.0,458.0,4.0,[西]矢作芳人,広尾レース,1850.8,2013103324,1093,1075,553800
202001010311,2,3,3,イェッツト,牡5,56.0,大野拓弥,1:47.9,1/2,9-12-12-12,34.5,5.7,3.0,478.0,0.0,[東]金成貴史,近藤英子,738.8,2015103201,1096,1132,372006
202001010311,3,3,4,ダンサール,牝5,53.0,団野大成,1:47.9,クビ,9-10-10-7,34.9,11.2,5.0,524.0,-2.0,[西]須貝尚介,Ｇ１レーシング,464.4,2015104925,1180,1105,808800
202001010311,4,6,9,ミヤビパーフェクト,セ4,56.0,武豊,1:48.0,1/2,7-6-6-4,35.3,4.4,2.0,464.0,-8.0,[西]笹田和秀,村上義勝,270.0,2016100107,666,1104,127002
202001010311,5,5,8,ハーメティキスト,牡4,56.0,池添謙一,1:48.2,1.1/4,9-6-7-7,35.4,3.1,1.0,452.0,-8.0,[東]木村哲也,キャロットファーム,182.0,2016104634,1032,1126,486800
202001010311,6,4,6,シフルマン,牡4,56.0,岩田康誠,1:48.2,クビ,3-2-2-2,35.7,14.0,6.0,508.0,2.0,[西]中尾秀正,Ｇ１レーシング,0.0,2016105272,5203,1069,808800
202001010311,7,7,11,ジョブックコメン,牝5,52.0,山田敬士,1:48.2,ハナ,13-13-10-11,35.1,27.7,10.0,430.0,-2.0,[東]小桧山悟,萩本企画,0.0,2015105352,1173,1005,976800
202001010311,8,2,2,ウインゼノビア,牝4,52.0,黛弘人,1:48.3,クビ,3-6-7-7,35.4,75.0,14.0,492.0,14.0,[東]青木孝文,ウイン,0.0,2016100926,1109,1156,494800
202001010311,9,6,10,クラヴィスオレア,セ4,55.0,柴山雄一,1:48.4,1/2,1-1-1-1,36.0,31.4,11.0,470.0,-2.0,[東]藤沢和雄,多田信尊,0.0,2016103958,5243,386,845008
202001010311,10,1,1,ユニコーンライオン,牡4,55.0,石川裕紀,1:48.4,クビ,2-2-3-3,35.8,19.3,8.0,512.0,-16.0,[西]矢作芳人,ライオンレースホース,0.0,2016110103,1150,1075,542800
202001010311,11,4,5,スワーヴアーサー,牡7,54.0,横山典弘,1:48.9,3,5-9-12-12,35.5,54.6,13.0,488.0,-6.0,[西]庄野靖志,ＮＩＣＫＳ,0.0,2013105681,660,1087,887800
202001010311,12,8,14,エターナルヴィテス,牡4,54.0,田中勝春,1:49.2,2,7-2-3-4,36.6,26.6,9.0,456.0,-12.0,[東]松山将樹,永井廣司,0.0,2016102362,684,1100,62007
202001010311,13,8,13,バイオレントブロー,セ5,55.0,菱田裕二,1:49.4,1.1/4,5-2-3-4,36.8,53.0,12.0,484.0,8.0,[西]佐々木晶,キャロットファーム,0.0,2015103930,1144,429,486800
202001010311,14,7,12,エクレアスパークル,牡6,54.0,田辺裕信,1:49.5,クビ,9-10-7-7,36.7,18.3,7.0,470.0,2.0,[東]大和田成,李柱坤,0.0,2014106120,1075,1124,8060
202001010312,1,8,11,タイキルークス,牡3,54.0,横山和生,1:45.7,,3-3-2-1,37.8,4.9,2.0,510.0,0.0,[東]菊沢隆徳,大樹ファーム,760.0,2017106337,1140,1115,536800
202001010312,2,4,4,グリッサード,牡4,56.0,団野大成,1:46.4,4,7-8-4-4,38.2,52.2,11.0,486.0,-12.0,[西]吉村圭司,シルクレーシング,300.0,2016104716,1180,1130,506800
202001010312,3,5,6,アドマイヤルプス,牡3,54.0,ルメール,1:46.8,2.1/2,5-5-4-4,38.7,4.7,1.0,558.0,8.0,[東]加藤征弘,近藤旬子,190.0,2017105279,5339,1059,535031
202001010312,4,7,10,ファイナルマズル,牡4,57.0,丹内祐次,1:47.0,1.1/2,9-9-8-6,38.4,10.5,7.0,468.0,0.0,[東]岩戸孝樹,ノルマンディーサラブレッドレーシング,110.0,2016105530,1091,1051,854800
202001010312,5,5,5,コスモセイリュウ,牡3,54.0,横山武史,1:47.1,クビ,10-9-10-7,38.2,9.0,6.0,508.0,18.0,[東]中野栄治,ビッグレッドファーム,76.0,2017110122,1170,1010,716800
202001010312,6,8,12,エヴァキュアン,牡4,57.0,藤岡康太,1:47.1,クビ,2-2-2-2,39.2,5.6,3.0,490.0,-4.0,[西]中竹和也,加藤誠,0.0,2016110154,1116,1039,944030
202001010312,7,6,8,クロヒョウ,牡4,54.0,山田敬士,1:47.6,3,1-1-1-2,39.9,64.8,12.0,484.0,-8.0,[東]小西一男,河内孝夫,0.0,2016102991,1173,405,321004
202001010312,8,2,2,ヒロノブシドウ,牡5,55.0,藤田菜七,1:47.6,クビ,10-11-10-9,38.7,31.0,9.0,494.0,-2.0,[東]浅野洋一,小野博郷,0.0,2015100491,1164,421,212008
202001010312,9,6,7,エスペルト,牡3,54.0,石川裕紀,1:48.0,2.1/2,3-3-4-7,39.8,8.8,5.0,478.0,-2.0,[東]池上昌和,ラ・メール,0.0,2017103714,1150,1150,877800
202001010312,10,1,1,カップッチョ,牡3,51.0,秋山稔樹,1:48.1,1/2,12-12-12-12,38.7,36.9,10.0,450.0,0.0,[東]大江原哲,ミルファーム,0.0,2017104266,1181,1012,629800
202001010312,11,3,3,イルミネーター,牡3,54.0,水口優也,1:48.2,3/4,5-5-8-9,39.6,5.7,4.0,488.0,10.0,[西]羽月友彦,山上和良,0.0,2017105895,1133,1091,851007
202001010312,12,7,9,バウンティハンター,牡3,54.0,黛弘人,1:48.8,3.1/2,7-5-7-9,40.4,13.3,8.0,486.0,6.0,[東]藤原辰雄,浅田次郎,0.0,2017103493,1109,435,108007
202001010401,1,5,5,ミカンサン,牝2,54.0,ルメール,0:59.6,,4-4,35.5,1.4,1.0,460.0,0.0,[東]伊藤圭三,是枝浩平,510.0,2018103750,5339,1023,370803
202001010401,2,3,3,インディナート,牝2,54.0,岩田康誠,0:59.7,1/2,2-2,36.0,5.5,2.0,444.0,6.0,[西]浅見秀一,梶本尚嗣,200.0,2018102663,5203,411,956033
202001010401,3,7,7,コパノエリック,牝2,52.0,藤田菜七,1:00.3,3.1/2,1-1,36.7,12.0,4.0,496.0,-18.0,[西]田所秀孝,小林祥晃,130.0,2018104198,1164,1009,966007
202001010401,4,1,1,サノカポ,牝2,53.0,団野大成,1:00.7,2.1/2,4-5,36.6,8.2,3.0,410.0,-10.0,[東]中野栄治,佐野信幸,77.0,2018101608,1180,1010,735033
202001010401,5,6,6,マイネルカーニバル,牡2,54.0,丹内祐次,1:00.7,ハナ,2-3,37.0,14.2,5.0,430.0,-12.0,[東]宗像義忠,サラブレッドクラブ・ラフィアン,51.0,2018103671,1091,420,546800
202001010401,6,2,2,ターニングアップ,牡2,54.0,黛弘人,1:01.4,4,6-6,36.6,51.1,8.0,438.0,-2.0,[東]田中清隆,ミルファーム,0.0,2018101894,1109,408,629800
202001010401,7,4,4,サンダナポイント,牝2,54.0,勝浦正樹,1:02.6,7,7-7,37.7,29.7,6.0,402.0,-2.0,[東]粕谷昌央,加藤ステーブル,0.0,2018100109,1025,1096,59803
202001010401,8,8,8,サンデンビスタ,牝2,54.0,加藤祥太,1:03.1,3,8-8,37.9,39.4,7.0,416.0,8.0,[西]西橋豊治,山田春枝,0.0,2018103951,1156,434,375008
202001010402,1,5,7,アイルビーメジャー,牡3,56.0,和田竜二,1:46.0,,5-5-4-4,37.6,5.8,2.0,458.0,-8.0,[東]伊藤伸一,岡田壮史,510.0,2017101420,1018,1031,684030
202001010402,2,8,14,キョウエイパラスト,牡3,56.0,吉田隼人,1:46.2,1,9-10-4-2,37.8,7.3,4.0,498.0,2.0,[東]中川公成,田中晴夫,200.0,2017105750,1095,1081,619002
202001010402,3,8,13,レッドシリウス,牡3,56.0,横山和生,1:46.5,2,2-2-1-1,38.4,4.3,1.0,528.0,-2.0,[西]千田輝彦,高野葉子,130.0,2017106231,1140,1120,163008
202001010402,4,6,9,ポテンシャルリアル,牡3,56.0,田辺裕信,1:47.0,3,11-11-12-10,37.9,14.3,7.0,498.0,2.0,[西]西村真幸,ライオンレースホース,77.0,2017105188,1075,1148,542800
202001010402,5,4,5,ラッキーボーイ,牡3,56.0,石川裕紀,1:47.0,ハナ,3-3-2-5,38.8,55.4,12.0,452.0,-4.0,[東]佐藤吉勝,平本敏夫,51.0,2017101034,1150,1035,832008
202001010402,6,3,3,エムテイフラッシュ,牡3,56.0,菱田裕二,1:47.1,1/2,6-6-4-5,38.7,9.0,6.0,480.0,6.0,[西]谷潔,谷岡正次,0.0,2017102309,1144,431,42005
202001010402,7,3,4,スピッツェンバーグ,牡3,56.0,横山武史,1:47.3,1,13-12-9-8,38.5,17.2,9.0,474.0,-2.0,[東]武井亮,サンデーレーシング,0.0,2017105644,1170,1147,226800
202001010402,8,7,12,マイネルカガヤキ,牡3,56.0,丹内祐次,1:47.4,3/4,7-7-7-7,38.8,19.6,10.0,478.0,-2.0,[東]青木孝文,サラブレッドクラブ・ラフィアン,0.0,2017101985,1091,1156,546800
202001010402,9,2,2,サンライズミリオン,セ3,56.0,池添謙一,1:47.9,3,1-1-2-3,39.7,6.6,3.0,500.0,-18.0,[西]浜田多実,松岡隆雄,0.0,2017100428,1032,1138,306008
202001010402,10,4,6,オメガデラックス,セ3,56.0,岩田康誠,1:48.1,1.1/2,9-7-9-8,39.3,15.6,8.0,418.0,-9.0,[西]安田翔伍,原禮子,0.0,2017104677,5203,1164,8803
202001010402,11,5,8,ゴールドクレスト,牡3,56.0,荻野琢真,1:48.4,1.3/4,12-12-13-11,39.0,77.8,13.0,478.0,2.0,[西]大久保龍,ゴドルフィン,0.0,2017106576,1112,1058,3060
202001010402,12,6,10,テーオーコロンブス,牡3,56.0,国分恭介,1:49.0,3.1/2,14-14-13-14,39.6,99.6,14.0,476.0,0.0,[西]岡田稲男,小笹公也,0.0,2017101001,1124,1066,304008
202001010402,13,1,1,ローヌグレイシア,牝3,54.0,西村淳也,1:49.6,3.1/2,3-3-7-11,41.0,8.3,5.0,494.0,6.0,[西]池添学,シルクレーシング,0.0,2017105208,1171,1144,506800
202001010402,14,7,11,スーザフォン,牡3,56.0,武豊,1:49.7,クビ,8-7-11-11,40.8,21.1,11.0,506.0,-10.0,[西]武英智,吉田和子,0.0,2017105158,666,1161,151006
202001010403,1,8,13,ココニアル,牝3,54.0,大野拓弥,2:01.2,,8-8-2-2,35.3,9.1,4.0,436.0,2.0,[東]和田勇介,村田能光,510.0,2017105137,1096,1165,634033
202001010403,2,1,1,アイオープナー,牝3,54.0,丹内祐次,2:01.4,1.1/2,3-3-4-3,35.4,4.7,2.0,418.0,4.0,[東]宗像義忠,サラブレッドクラブ・ラフィアン,200.0,2017101924,1091,420,546800
202001010403,3,3,3,ペプチドヒミコ,牝3,54.0,武豊,2:01.5,クビ,5-5-10-6,35.0,7.2,3.0,464.0,8.0,[西]武英智,沼川一彦,130.0,2017105996,666,1161,500007
202001010403,4,2,2,ファインアイリス,牝3,54.0,横山和生,2:01.7,1.1/2,5-5-6-6,35.4,17.9,5.0,436.0,-4.0,[東]奥村武,井山登,77.0,2017101296,1140,1145,149002
202001010403,5,5,7,ウォーターハミング,牝3,54.0,菱田裕二,2:01.8,1/2,13-13-10-11,35.3,43.6,10.0,448.0,-2.0,[西]岡田稲男,山岡良一,51.0,2017103133,1144,1066,538009
202001010403,6,4,6,ピュティ,牝3,54.0,黛弘人,2:01.9,1/2,9-8-10-9,35.4,252.2,13.0,432.0,4.0,[東]深山雅史,武田茂男,0.0,2017105673,1109,1174,473008
202001010403,7,8,14,エルバルーチェ,牝3,54.0,ルメール,2:01.9,クビ,9-10-4-3,35.8,1.8,1.0,442.0,-2.0,[東]小島茂之,社台レースホース,0.0,2017104727,5339,1068,415800
202001010403,8,6,9,エナミルク,牝3,54.0,勝浦正樹,2:02.1,1.1/4,1-1-1-1,36.3,30.4,8.0,482.0,-2.0,[東]伊藤大士,宮原廣伸,0.0,2017102730,1025,1109,52009
202001010403,9,7,11,ラガーヴィーヴ,牝3,54.0,柴山雄一,2:02.6,3,12-12-6-9,36.4,43.0,9.0,428.0,-14.0,[西]池添兼雄,奥村啓二,0.0,2017102618,5243,1021,263005
202001010403,10,7,12,ディーズギャラント,牝3,52.0,藤田菜七,2:02.7,クビ,11-10-13-13,36.1,106.9,11.0,464.0,18.0,[東]藤原辰雄,秋谷壽之,0.0,2017103472,1164,435,970007
202001010403,11,6,10,ステラータ,牝3,52.0,亀田温心,2:03.1,2.1/2,3-3-6-6,36.9,109.5,12.0,476.0,-2.0,[西]森秀行,小菅定雄,0.0,2017105400,1176,427,127008
202001010403,12,4,5,カシマホオズキ,牝3,51.0,秋山稔樹,2:04.1,6,2-2-2-3,38.2,18.1,6.0,440.0,14.0,[東]加藤士津,松浦一久,0.0,2017106063,1181,1169,813007
202001010403,13,5,8,ディープブルース,牝3,54.0,池添謙一,2:04.9,5,5-5-9-11,38.5,29.4,7.0,460.0,-10.0,[西]坂口智康,ニッシンホールディングス,0.0,2017104316,1032,1170,318803
202001010403,-2,3,4,アンネローゼ,牝3,54.0,荻野琢真,,,,,,,,,[東]大和田成,ミルファーム,0.0,2017104792,1112,1124,629800
202001010404,1,1,1,タイセイレフィーノ,牝3,54.0,菱田裕二,1:08.6,,5-3,34.5,4.2,2.0,468.0,4.0,[西]森田直行,田中成奉,510.0,2017104559,1144,1142,224007
202001010404,2,3,6,ホウオウエンジェル,牝3,54.0,和田竜二,1:08.8,1.1/2,1-1,35.0,15.9,5.0,456.0,-6.0,[東]高木登,小笹芳央,200.0,2017103309,1018,1088,906033
202001010404,3,4,8,ジュンジュン,牡3,56.0,福永祐一,1:09.0,1.1/2,13-10,34.4,19.3,7.0,478.0,2.0,[西]湯窪幸雄,吉川潤,130.0,2017101857,1014,1057,17803
202001010404,4,1,2,ダンツシルビア,牝3,54.0,岩田康誠,1:09.0,アタマ,9-7,34.6,31.8,10.0,446.0,-8.0,[西]谷潔,山元哲二,77.0,2017103092,5203,431,248005
202001010404,5,3,5,シエルヴァ,牝3,54.0,松田大作,1:09.1,1/2,7-5,34.9,41.8,11.0,452.0,-2.0,[東]武井亮,桑田牧場,51.0,2017102881,1030,1147,791800
202001010404,6,2,3,フローラルドレス,牝3,53.0,団野大成,1:09.4,1.1/2,16-16,34.4,23.9,8.0,424.0,4.0,[東]伊藤大士,高橋正雄,0.0,2017106302,1180,1109,665033
202001010404,7,5,10,サンデーパームス,牡3,56.0,水口優也,1:09.5,1/2,5-7,35.4,62.2,14.0,474.0,-6.0,[西]清水久詞,杉野公彦,0.0,2017105958,1133,1110,199031
202001010404,8,6,12,ウンダモシタン,牝3,52.0,亀田温心,1:09.5,クビ,15-13,34.7,103.5,15.0,450.0,-2.0,[西]藤沢則雄,小原該一,0.0,2017103320,1176,1041,543006
202001010404,9,8,15,クァンタムリープ,牡3,56.0,ルメール,1:09.6,3/4,13-12,35.0,3.0,1.0,472.0,-2.0,[東]鹿戸雄一,シルクレーシング,0.0,2017101757,5339,1097,506800
202001010404,10,6,11,ポーカークイーン,牝3,54.0,藤岡佑介,1:09.7,1/2,9-9,35.2,15.9,6.0,424.0,-4.0,[西]吉岡辰弥,三嶋牧場,0.0,2017106379,1093,1176,363800
202001010404,11,4,7,カーテンコール,牝3,54.0,西村淳也,1:09.7,ハナ,3-3,35.8,4.4,3.0,472.0,2.0,[西]高野友和,ロードホースクラブ,0.0,2017102371,1171,1117,170800
202001010404,12,7,14,リュッカ,牝3,54.0,池添謙一,1:10.0,2,9-13,35.5,11.2,4.0,400.0,0.0,[西]橋口慎介,京都ホースレーシング,0.0,2017106172,1032,1154,65803
202001010404,13,5,9,タマモカガヤキ,牝3,54.0,丹内祐次,1:10.4,2.1/2,7-10,36.2,29.2,9.0,432.0,-10.0,[西]池添兼雄,タマモ,0.0,2017103364,1091,1021,515800
202001010404,14,7,13,エーティーロンドン,牡3,56.0,武豊,1:10.9,3,3-5,37.0,56.3,12.0,494.0,0.0,[西]武英智,荒木徹,0.0,2017100458,666,1161,878005
202001010404,15,8,16,ポートメイリオン,牝3,54.0,石川裕紀,1:11.3,2.1/2,9-13,36.8,182.8,16.0,434.0,10.0,[東]尾形和幸,中村祐子,0.0,2017102393,1150,1141,373008
202001010404,16,2,4,クイーンズバラッド,牝3,54.0,吉田隼人,1:11.5,1.1/4,2-2,37.7,59.6,13.0,442.0,-4.0,[西]坂口智康,ヒダカ・ブリーダーズ・ユニオン,0.0,2017106436,1095,1170,547800
202001010405,1,7,7,バニシングポイント,牡2,54.0,ルメール,2:02.4,,1-1-1-1,35.8,1.8,1.0,484.0,0.0,[東]藤沢和雄,長谷川祐司,700.0,2018110086,5339,386,196031
202001010405,2,2,2,フォルテデイマルミ,牡2,54.0,藤岡康太,2:03.5,7,2-2-3-3,36.5,12.3,6.0,468.0,0.0,[西]須貝尚介,金子真人ホールディングス,280.0,2018105418,1116,1105,708800
202001010405,3,4,4,タスマンハイウェイ,牡2,54.0,横山武史,2:04.2,4,2-4-3-4,37.2,6.8,3.0,512.0,0.0,[東]新開幸一,吉田勝己,180.0,2018105036,1170,1116,790005
202001010405,4,3,3,ライフサイエンス,牡2,54.0,武豊,2:04.5,2,6-5-5-4,37.2,7.0,4.0,480.0,0.0,[西]吉村圭司,ゴドルフィン,110.0,2018110038,666,1130,3060
202001010405,5,5,5,コニャック,牝2,54.0,石川裕紀,2:04.8,2,2-2-2-2,38.0,6.3,2.0,426.0,0.0,[東]相沢郁,芹澤精一,70.0,2018106079,1150,1020,683002
202001010405,6,1,1,マテンロウスタイル,牡2,54.0,横山典弘,2:06.4,10,5-5-6-6,38.9,9.4,5.0,506.0,0.0,[西]昆貢,寺田千代乃,0.0,2018102444,660,1044,534006
202001010405,7,6,6,フィルメーザ,牝2,54.0,柴山雄一,2:07.9,9,7-7-7-7,39.9,82.9,7.0,470.0,0.0,[東]小手川準,広尾レース,0.0,2018100361,5243,1171,553800
202001010406,1,7,9,ジョイウイン,牡3,54.0,岩田康誠,0:59.1,,2-2,35.4,6.7,3.0,496.0,6.0,[東]牧光二,石瀬浩三,760.0,2017100081,5203,1106,812008
202001010406,2,8,10,マティアス,牡3,54.0,松田大作,0:59.2,1/2,9-7,34.4,3.8,2.0,486.0,12.0,[西]本田優,本間茂,300.0,2017106185,1030,1099,694008
202001010406,3,6,6,キラットダイヤ,牝3,52.0,吉田隼人,0:59.2,ハナ,3-3,35.4,2.0,1.0,458.0,8.0,[東]上原博之,ビリオンスター,190.0,2017103989,1095,423,857800
202001010406,4,4,4,ミツカネプリンス,牡3,54.0,横山武史,0:59.2,アタマ,6-6,34.8,44.2,8.0,442.0,4.0,[東]鈴木伸尋,小山田満,110.0,2017101597,1170,1026,6803
202001010406,5,7,8,サノマナ,牝3,50.0,藤田菜七,0:59.5,1.3/4,3-4,35.6,7.8,4.0,454.0,-8.0,[東]栗田徹,佐野信幸,76.0,2017100850,1164,1127,735033
202001010406,6,2,2,ヤンチャプリヒメ,牝4,55.0,丹内祐次,0:59.5,ハナ,11-9,34.6,60.8,9.0,436.0,-4.0,[東]浅野洋一,田頭勇貴,0.0,2016102368,1091,421,855030
202001010406,7,1,1,ブランオラージュ,セ6,57.0,横山和生,0:59.7,1.1/4,9-11,34.9,19.8,7.0,440.0,2.0,[東]田村康仁,ディアレストクラブ,0.0,2014105134,1140,1027,13803
202001010406,8,5,5,アイファーアクター,牡4,57.0,水口優也,0:59.8,1/2,8-9,35.1,150.8,11.0,472.0,-2.0,[東]伊藤伸一,中島稔,0.0,2016100170,1133,1031,119007
202001010406,9,6,7,ガビーズメモリー,牝4,52.0,秋山稔樹,0:59.9,1/2,1-1,36.3,18.3,6.0,504.0,-6.0,[東]藤原辰雄,長島和彦,0.0,2016102855,1181,435,130031
202001010406,10,8,11,シルヴァーメテオ,牡6,54.0,山田敬士,1:00.1,1.1/2,6-7,35.7,67.4,10.0,488.0,-6.0,[東]加藤和宏,ライオンレースホース,0.0,2014103590,1173,1077,542800
202001010406,11,3,3,サノノショウグン,セ6,57.0,大野拓弥,1:00.3,1.1/4,3-4,36.4,14.3,5.0,450.0,-2.0,[東]清水英克,佐野信幸,0.0,2014102483,1096,1080,735033
202001010407,1,3,3,シャムロックヒル,牝3,51.0,団野大成,2:01.2,,1-1-1-1,34.7,4.8,2.0,488.0,-2.0,[西]佐々木晶,社台レースホース,760.0,2017104964,1180,429,415800
202001010407,2,7,7,ラヴィンジャー,牝4,55.0,古川吉洋,2:01.4,1,7-8-7-6,34.2,22.7,6.0,428.0,-2.0,[東]小島茂之,丸山担,300.0,2016105270,1015,1068,922030
202001010407,3,6,6,ケルンキングダム,セ4,55.0,亀田温心,2:01.4,ハナ,3-3-2-2,34.7,39.2,7.0,434.0,18.0,[西]松田国英,谷和光彦,190.0,2016102113,1176,1011,838008
202001010407,4,8,8,ゴルコンダ,牡3,54.0,ルメール,2:01.4,クビ,7-6-4-4,34.5,1.5,1.0,552.0,28.0,[東]木村哲也,サンデーレーシング,110.0,2017105318,5339,1126,226800
202001010407,5,5,5,コスモブルーノーズ,牡3,54.0,丹内祐次,2:01.8,2.1/2,6-6-7-8,34.7,7.8,4.0,420.0,14.0,[東]黒岩陽一,ビッグレッドファーム,76.0,2017101988,1091,1133,716800
202001010407,6,2,2,ニシノベースマン,牡5,57.0,内田博幸,2:01.9,1/2,5-5-4-5,35.0,22.6,5.0,462.0,0.0,[東]小手川準,西山茂行,0.0,2015105202,422,1171,897009
202001010407,7,4,4,ブロフェルド,牡3,54.0,藤岡佑介,2:02.3,2.1/2,2-2-2-2,35.7,47.2,8.0,512.0,0.0,[西]藤岡健一,ヒダカ・ブリーダーズ・ユニオン,0.0,2017106220,1093,1062,547800
202001010407,8,1,1,マーキュリーセブン,牡3,54.0,福永祐一,2:03.0,4,3-3-4-6,36.2,6.5,3.0,444.0,-6.0,[東]加藤士津,ライオンレースホース,0.0,2017105829,1014,1169,542800
202001010408,1,5,5,ビーマイオーシャン,牡3,54.0,団野大成,2:39.7,,3-3-1-1,36.4,1.3,1.0,482.0,2.0,[西]音無秀孝,シルクレーシング,1078.2,2017105445,1180,1002,506800
202001010408,2,2,2,ウインダークローズ,牡3,54.0,和田竜二,2:40.3,3.1/2,1-1-3-3,36.7,14.4,5.0,474.0,-6.0,[西]梅田智之,ウイン,425.2,2017101445,1018,1084,494800
202001010408,3,6,6,ウインローズブーケ,牝3,52.0,横山武史,2:40.4,3/4,2-2-2-2,37.1,8.2,3.0,434.0,-6.0,[西]吉田直弘,ウイン,272.6,2017101451,1170,1101,494800
202001010408,4,4,4,ポベーダテソーロ,牡4,57.0,大野拓弥,2:40.4,クビ,4-4-4-4,36.6,9.9,4.0,468.0,-10.0,[東]加藤士津,了徳寺健二ホールディングス,160.0,2016103607,1096,1169,89803
202001010408,5,3,3,ディーグランデ,セ6,57.0,勝浦正樹,2:42.2,大,5-5-5-5,38.3,28.5,6.0,468.0,2.0,[東]鹿戸雄一,嶋田賢,106.0,2014104973,1025,1097,399009
202001010408,6,1,1,マイネルクロンヌ,牡3,54.0,丹内祐次,2:43.2,6,6-6-6-6,38.4,6.2,2.0,518.0,10.0,[東]手塚貴久,サラブレッドクラブ・ラフィアン,0.0,2017102952,1091,1038,546800
202001010409,1,8,14,セイユメアカリ,牡3,53.0,団野大成,1:45.5,,4-4-4-2,36.8,21.6,7.0,442.0,2.0,[東]浅野洋一,金田成基,760.0,2017104488,1180,421,376008
202001010409,2,7,12,フームスムート,牡3,54.0,横山武史,1:46.2,4,2-3-3-1,37.7,3.9,2.0,512.0,-4.0,[東]水野貴広,ディアレストクラブ,300.0,2017104238,1170,1094,13803
202001010409,3,4,5,ダンスメーカー,牡5,57.0,横山和生,1:46.8,3.1/2,9-8-8-4,37.7,20.4,6.0,486.0,0.0,[東]戸田博文,Ｇ１レーシング,190.0,2015104149,1140,1054,808800
202001010409,4,1,1,プントファイヤー,牡3,54.0,ルメール,1:47.0,1,7-6-5-5,38.2,5.9,3.0,508.0,-2.0,[東]手塚貴久,嶋田賢,110.0,2017104612,5339,1038,399009
202001010409,5,5,8,クロカドッグ,牡3,51.0,秋山稔樹,1:47.1,3/4,2-2-1-3,38.7,89.2,12.0,496.0,-2.0,[東]竹内正洋,ヒダカファーム,76.0,2017100918,1181,1152,132800
202001010409,6,3,3,ピースボヌール,牡3,54.0,内田博幸,1:47.2,クビ,10-10-5-6,38.3,6.9,4.0,500.0,4.0,[東]斎藤誠,スリーエイチレーシング,0.0,2017103825,422,1086,72803
202001010409,7,7,11,リュードマン,牡3,54.0,横山典弘,1:47.6,2.1/2,11-11-12-8,38.0,35.7,10.0,468.0,-2.0,[東]中川公成,ノルマンディーサラブレッドレーシング,0.0,2017109028,660,1081,854800
202001010409,8,3,4,シーオブセレニティ,セ5,57.0,大野拓弥,1:48.2,3.1/2,8-8-8-8,39.1,25.1,9.0,416.0,2.0,[東]田中博康,ゴドルフィン,0.0,2015101624,1096,1162,3060
202001010409,9,6,10,タニノシェクハンド,牡4,54.0,山田敬士,1:48.3,1/2,13-12-13-13,38.4,24.1,8.0,486.0,-8.0,[西]村山明,谷水雄三,0.0,2016106106,1173,1107,764001
202001010409,10,4,6,ワンダーヴァレッタ,牡4,55.0,藤田菜七,1:49.1,5,12-12-13-11,39.3,167.5,13.0,458.0,6.0,[東]中野栄治,山口正行,0.0,2016100889,1164,1010,178033
202001010409,11,8,13,サンマルライバル,牡6,57.0,丹内祐次,1:51.4,大,14-14-11-11,42.0,313.8,14.0,484.0,2.0,[東]佐藤吉勝,相馬勇,0.0,2014102135,1091,1035,580007
202001010409,12,6,9,ミスティネイル,牝4,55.0,石川裕紀,1:51.4,ハナ,4-4-10-13,42.1,43.0,11.0,508.0,-5.0,[東]尾形和幸,ノルマンディーサラブレッドレーシング,0.0,2016101384,1150,1141,854800
202001010409,13,5,7,クリアショット,牡3,54.0,武豊,1:52.6,7,1-1-2-10,44.2,3.2,1.0,500.0,8.0,[西]上村洋行,今村明浩,0.0,2017100577,666,1168,466033
202001010409,14,2,2,クラウンデザイアー,牡3,54.0,藤岡康太,1:53.9,8,6-6-5-6,45.1,7.9,5.0,478.0,2.0,[西]中竹和也,クラウン,0.0,2017100247,1116,1039,826800
202001010410,1,5,7,エスト,牝4,55.0,藤岡佑介,1:45.5,,4-4-4-3,37.3,11.7,4.0,470.0,6.0,[西]安田隆行,大島昌也,1530.1,2016104817,1093,438,465030
202001010410,2,7,12,ヴィーナスフローラ,牝6,55.0,浜中俊,1:45.6,3/4,12-11-8-6,36.8,29.5,9.0,480.0,-2.0,[西]須貝尚介,大塚亮一,608.6,2014105352,1115,1105,858800
202001010410,3,8,13,タイトロープウィン,牝4,55.0,田中勝春,1:45.7,クビ,8-8-8-5,37.0,19.1,8.0,432.0,-4.0,[東]藤原辰雄,浅田次郎,384.3,2016105702,684,435,108007
202001010410,4,8,14,アラゴネーゼ,牝4,55.0,横山武史,1:45.7,ハナ,6-6-6-3,37.3,17.1,7.0,486.0,2.0,[東]和田正一,Ｇ１レーシング,230.0,2016104692,1170,1114,808800
202001010410,5,6,9,アポロマーキュリー,牝6,55.0,横山和生,1:45.9,1.1/4,2-2-2-1,37.9,37.6,10.0,472.0,-2.0,[東]鈴木伸尋,アポロサラブレッドクラブ,150.0,2014102543,1140,1026,33700
202001010410,6,1,1,ロジシルキー,牝4,55.0,内田博幸,1:46.1,1.1/2,11-11-14-8,36.9,13.1,5.0,548.0,0.0,[東]大竹正博,久米田正明,0.0,2016100140,422,1102,399030
202001010410,7,5,8,ヴォカツィオーネ,牝6,55.0,丹内祐次,1:46.8,4,14-14-8-11,38.0,2.6,1.0,482.0,0.0,[西]田所秀孝,サラブレッドクラブ・ラフィアン,0.0,2014102730,1091,1009,546800
202001010410,8,3,3,ドヒョウギワ,牝5,55.0,黛弘人,1:46.9,3/4,12-13-12-13,37.9,211.1,14.0,492.0,-6.0,[東]中野栄治,芳賀克也,0.0,2015100384,1109,1010,247030
202001010410,9,7,11,デルマカシャーサ,牝5,55.0,菱田裕二,1:46.9,ハナ,10-10-12-13,37.9,66.7,12.0,458.0,2.0,[東]小手川準,浅沼廣幸,0.0,2015104277,1144,1171,274002
202001010410,10,2,2,リーピングリーズン,牝4,55.0,ルメール,1:47.1,1.1/4,8-8-11-11,38.2,6.1,3.0,492.0,-2.0,[西]吉岡辰弥,ノルマンディーサラブレッドレーシング,0.0,2016103022,5339,1176,854800
202001010410,11,3,4,ルプレジール,牝4,55.0,吉田隼人,1:47.2,クビ,6-7-7-8,38.6,59.6,11.0,498.0,-8.0,[西]新谷功一,社台レースホース,0.0,2016104389,1095,1172,415800
202001010410,12,4,5,ベルクワイア,牝4,55.0,池添謙一,1:48.6,9,1-1-1-2,40.7,3.7,2.0,516.0,-2.0,[東]国枝栄,キャロットファーム,0.0,2016104515,1032,399,486800
202001010410,13,4,6,タガノペルマネンテ,牝3,52.0,亀田温心,1:48.6,ハナ,4-4-4-8,40.3,14.8,6.0,434.0,-8.0,[西]平田修,八木良司,0.0,2017101730,1176,1082,859002
202001010410,14,6,10,ヘイセイラスト,牝4,55.0,加藤祥太,1:49.0,2.1/2,2-2-2-6,41.1,81.5,13.0,542.0,0.0,[西]羽月友彦,谷川牧場,0.0,2016101941,1156,1091,398800
202001010411,1,1,1,レッドアネモス,牝4,55.0,吉田隼人,1:45.9,,7-7-7-8,35.0,43.7,11.0,468.0,0.0,[西]友道康夫,東京ホースレーシング,3651.8,2016105230,1095,1061,180800
202001010411,2,6,9,ビーチサンバ,牝4,55.0,福永祐一,1:46.0,3/4,11-10-10-11,34.9,6.6,4.0,468.0,0.0,[西]友道康夫,金子真人ホールディングス,1414.8,2016104829,1014,1061,708800
202001010411,3,2,2,スカーレットカラー,牝5,56.0,岩田康誠,1:46.0,クビ,13-13-13-11,34.7,3.3,1.0,474.0,-8.0,[西]高橋亮,前田幸治,907.4,2015100600,5203,1136,948006
202001010411,4,8,14,シャドウディーヴァ,牝4,55.0,内田博幸,1:46.1,クビ,11-12-12-8,34.9,32.7,9.0,474.0,0.0,[東]斎藤誠,スリーエイチレーシング,540.0,2016104791,422,1086,72803
202001010411,5,4,6,カリビアンゴールド,牝6,55.0,藤岡康太,1:46.1,ハナ,5-5-6-4,35.4,16.2,5.0,472.0,-4.0,[西]鮫島一歩,ゴドルフィン,360.0,2014102161,1116,1046,3060
202001010411,6,5,8,フェアリーポルカ,牝4,56.0,和田竜二,1:46.1,ハナ,8-7-7-6,35.3,3.6,2.0,510.0,18.0,[西]西村真幸,山本剛士,0.0,2016104593,1018,1148,610033
202001010411,7,6,10,リープフラウミルヒ,牝5,55.0,丹内祐次,1:46.2,3/4,10-10-10-11,35.1,16.8,6.0,424.0,4.0,[東]相沢郁,サラブレッドクラブ・ラフィアン,0.0,2015100713,1091,1020,546800
202001010411,8,3,3,ナルハヤ,牝6,55.0,藤田菜七,1:46.3,3/4,1-1-1-1,36.4,37.1,10.0,494.0,-16.0,[西]梅田智之,陣内孝則,0.0,2014101505,1164,1084,420006
202001010411,9,8,13,サムシングジャスト,牝4,55.0,武豊,1:46.3,ハナ,13-13-13-14,35.0,17.6,7.0,508.0,2.0,[西]松田国英,グリーンファーム,0.0,2016109023,666,1011,148800
202001010411,10,5,7,コントラチェック,牝4,55.0,ルメール,1:46.6,1.3/4,5-2-3-2,36.4,5.3,3.0,472.0,6.0,[東]藤沢和雄,キャロットファーム,0.0,2016104880,5339,386,486800
202001010411,11,4,5,アロハリリー,牝5,55.0,池添謙一,1:46.6,アタマ,4-5-4-4,36.0,48.2,13.0,468.0,4.0,[西]高野友和,吉田勝己,0.0,2015104921,1032,1117,790005
202001010411,12,7,12,オールフォーラヴ,牝5,55.0,横山武史,1:46.6,アタマ,8-7-7-8,35.7,44.5,12.0,468.0,6.0,[西]中内田充,ロードホースクラブ,0.0,2015102382,1170,1137,170800
202001010411,13,3,4,タガノアスワド,牝6,55.0,西村淳也,1:47.8,7,2-2-2-2,37.8,31.9,8.0,514.0,-10.0,[西]五十嵐忠,八木良司,0.0,2014100492,1171,422,859002
202001010411,14,7,11,モルフェオルフェ,牝5,55.0,柴田善臣,1:47.9,3/4,3-4-4-6,37.3,84.5,14.0,448.0,4.0,[東]大江原哲,並河賢一郎,0.0,2015103392,641,1012,404002
202001010412,1,3,3,ソウルトレイン,牡3,54.0,武豊,1:28.1,,5-6-5,34.3,3.1,1.0,460.0,-2.0,[西]西村真幸,安原浩司,1532.9,2017104068,666,1148,271008
202001010412,2,6,9,プレトリア,セ5,55.0,大野拓弥,1:28.2,1/2,7-7-8,34.3,15.4,6.0,460.0,-2.0,[東]中川公成,多田賢司,609.4,2015103675,1096,1081,281033
202001010412,3,3,4,カヌメラビーチ,牡4,55.0,浜中俊,1:28.2,クビ,3-4-3,34.5,12.5,5.0,476.0,2.0,[西]須貝尚介,金子真人ホールディングス,384.7,2016104232,1115,1105,708800
202001010412,4,6,10,クリノアリエル,牝5,52.0,古川吉洋,1:28.2,クビ,7-7-5,34.3,20.9,8.0,422.0,0.0,[西]武英智,栗本博晴,230.0,2015102745,1015,1161,970006
202001010412,5,8,14,ピースマインド,牡7,54.0,藤岡佑介,1:28.3,クビ,14-14-14,33.6,46.6,11.0,448.0,-8.0,[西]宮徹,小川勲,150.0,2013100731,1093,1018,75002
202001010412,6,7,12,オーロラフラッシュ,牝3,52.0,蛯名正義,1:28.3,クビ,10-9-9,34.1,5.0,3.0,452.0,-2.0,[東]藤沢和雄,嶋田賢,0.0,2017110103,663,386,399009
202001010412,7,8,13,ウインオルビット,牡5,54.0,丹内祐次,1:28.4,3/4,2-2-2,34.9,136.2,13.0,490.0,4.0,[東]青木孝文,ウイン,0.0,2015105120,1091,1156,494800
202001010412,8,4,5,ショウリュウハル,牝3,51.0,団野大成,1:28.4,クビ,4-3-3,34.8,6.5,4.0,484.0,18.0,[西]佐々木晶,上田芳枝,0.0,2017105348,1180,429,495031
202001010412,9,2,2,オータムレッド,牝3,51.0,石川裕紀,1:28.5,クビ,10-11-11,34.1,22.1,9.0,440.0,8.0,[東]手塚貴久,青芝商事,0.0,2017105429,1150,1038,831800
202001010412,10,5,7,オースミカテドラル,牡4,56.0,福永祐一,1:28.6,3/4,12-11-11,34.2,4.8,2.0,460.0,-4.0,[西]高橋亮,オースミ,0.0,2016105211,1014,1136,712800
202001010412,11,5,8,ユキノグローリー,牡3,53.0,川島信二,1:28.7,1/2,1-1-1,35.3,57.4,12.0,490.0,0.0,[西]南井克巳,井上基之,0.0,2017104000,1062,1049,623005
202001010412,12,4,6,プッシュアゲン,牡7,52.0,柴田善臣,1:28.8,3/4,5-4-5,35.1,185.1,14.0,502.0,-14.0,[東]中野栄治,浅川皓司,0.0,2013102841,641,1010,350004
202001010412,13,7,11,ベッラヴォルタ,牝3,51.0,亀田温心,1:28.9,クビ,12-11-11,34.5,27.0,10.0,478.0,-2.0,[西]加用正,ディアレストクラブ,0.0,2017102638,1176,425,13803
202001010412,14,1,1,スカルバン,牡6,54.0,吉田隼人,1:29.0,3/4,7-9-10,34.8,20.0,7.0,506.0,4.0,[東]武井亮,椎名節,0.0,2014104144,1095,1147,799033
202001010501,1,3,3,シンヨモギネス,牡2,54.0,菱田裕二,1:49.0,,2-1-1-1,40.6,14.5,4.0,472.0,8.0,[東]伊藤圭三,岡本真二,510.0,2018103711,1144,1023,811033
202001010501,2,4,4,トーセンパトリック,牡2,54.0,横山和生,1:50.2,7,8-7-3-2,41.3,15.8,5.0,486.0,-10.0,[東]土田稔,島川隆哉,200.0,2018105624,1140,417,270006
202001010501,3,2,2,カルフレグランス,牝2,54.0,大野拓弥,1:50.4,1.1/4,4-4-3-4,41.6,3.5,2.0,470.0,-4.0,[東]新開幸一,吉田和子,130.0,2018110063,1096,1116,151006
202001010501,4,7,7,フクウン,牡2,54.0,石川裕紀,1:50.4,クビ,2-2-2-2,41.9,5.8,3.0,448.0,0.0,[東]鈴木伸尋,西村專次,77.0,2018103861,1150,1026,99007
202001010501,5,1,1,メイショウワゲン,牡2,53.0,団野大成,1:50.7,1.1/2,6-6-7-5,41.7,24.7,6.0,484.0,4.0,[西]荒川義之,松本好雄,51.0,2018103122,1180,1095,523005
202001010501,6,5,5,デルマミロク,牝2,54.0,横山武史,1:51.5,5,4-4-3-5,42.7,1.9,1.0,472.0,-2.0,[西]須貝尚介,浅沼廣幸,0.0,2018110092,1170,1105,274002
202001010501,7,6,6,ターニングアップ,牡2,54.0,黛弘人,1:52.7,7,6-7-8-7,43.1,39.9,7.0,444.0,6.0,[東]田中清隆,ミルファーム,0.0,2018101894,1109,408,629800
202001010501,8,8,8,カラドボルグ,牡2,52.0,亀田温心,1:55.2,大,1-2-3-8,46.3,75.1,8.0,456.0,-6.0,[東]佐藤吉勝,田頭勇貴,0.0,2018100161,1176,1035,855030
202001010502,1,1,1,ジオルティ,牡2,54.0,加藤祥太,1:50.1,,4-4-4-3,36.5,12.1,4.0,472.0,-4.0,[西]杉山晴紀,杉山忠国,510.0,2018102912,1156,1157,53803
202001010502,2,5,5,ショベルヘッド,牡2,54.0,ルメール,1:50.2,3/4,2-2-2-2,36.9,2.8,2.0,462.0,0.0,[東]藤沢和雄,長谷川祐司,200.0,2018110085,5339,386,196031
202001010502,3,2,2,ユキノフラッシュ,牡2,54.0,武豊,1:50.5,1.1/2,1-1-1-1,37.2,2.0,1.0,456.0,6.0,[西]牧田和弥,嶋田賢,130.0,2018104267,666,1123,399009
202001010502,4,7,7,ロードフェイロン,牡2,54.0,横山武史,1:50.9,2.1/2,4-4-4-3,37.3,12.7,5.0,454.0,2.0,[西]奥村豊,ロードホースクラブ,77.0,2018102570,1170,1146,170800
202001010502,5,8,8,トーセンネッロ,牡2,52.0,亀田温心,1:51.1,1.1/2,8-8-8-6,36.8,10.0,3.0,464.0,-2.0,[東]古賀史生,島川隆哉,51.0,2018105663,1176,392,270006
202001010502,6,4,4,サンマッハ,牡2,54.0,荻野琢真,1:51.4,1.3/4,6-6-6-6,37.5,27.6,7.0,476.0,6.0,[西]松下武士,山田裕仁,0.0,2018102255,1112,1149,513008
202001010502,7,3,3,コパノセイバー,牝2,53.0,団野大成,1:52.0,3.1/2,7-6-6-6,38.0,70.1,8.0,476.0,-4.0,[東]深山雅史,小林照弘,0.0,2018101549,1180,1174,304033
202001010502,8,6,6,キタノマンゲツ,牡2,54.0,藤岡康太,1:52.4,2.1/2,3-3-3-5,38.9,21.2,6.0,436.0,10.0,[西]中尾秀正,大久保與志雄,0.0,2018100828,1116,1069,750030
202001010503,1,6,9,サトノレガリア,牡3,56.0,横山武史,1:47.3,,2-2-2-1,40.2,2.1,1.0,502.0,-6.0,[東]萩原清,サトミホースカンパニー,510.0,2017103835,1170,1017,75803
202001010503,2,6,10,インセンディオ,牡3,56.0,大野拓弥,1:47.4,1/2,7-8-5-3,39.9,15.9,7.0,426.0,6.0,[東]田中清隆,嶋田賢,200.0,2017106533,1096,408,399009
202001010503,3,1,1,デルマルビー,牝3,54.0,横山和生,1:47.4,クビ,9-9-7-6,39.6,15.3,5.0,472.0,10.0,[西]千田輝彦,浅沼廣幸,130.0,2017100813,1140,1120,274002
202001010503,4,2,2,エスパー,牡3,55.0,団野大成,1:47.6,1.1/4,12-12-10-7,39.5,15.5,6.0,450.0,4.0,[西]渡辺薫彦,石川達絵,77.0,2017106034,1180,1155,248030
202001010503,5,5,7,ハーモニクス,牝3,54.0,吉田隼人,1:47.9,1.1/2,3-4-3-3,40.6,17.4,8.0,482.0,-4.0,[東]武市康男,シルクレーシング,51.0,2017105176,1095,1089,506800
202001010503,6,3,3,アースライザー,セ3,53.0,山田敬士,1:48.0,3/4,3-3-3-3,40.7,223.2,13.0,474.0,-4.0,[西]宮徹,ノルマンディーサラブレッドレーシング,0.0,2017103285,1173,1018,854800
202001010503,7,3,4,ウォータージョイ,牡3,56.0,国分恭介,1:48.2,1.1/4,13-13-10-9,40.1,5.3,2.0,482.0,6.0,[西]岡田稲男,山岡良一,0.0,2017105800,1124,1066,538009
202001010503,8,4,5,マブルーク,牡3,56.0,坂井瑠星,1:48.4,1.1/4,11-11-10-9,40.3,8.0,3.0,432.0,-6.0,[西]矢作芳人,ノースヒルズ,0.0,2017101815,1163,1075,788800
202001010503,9,5,8,スペラーレ,牡3,56.0,松田大作,1:49.4,6,1-1-1-2,42.4,19.9,9.0,480.0,-8.0,[西]吉村圭司,グリーンファーム,0.0,2017104780,1030,1130,148800
202001010503,10,8,14,メイショウルイス,牡3,56.0,加藤祥太,1:49.7,2,10-10-7-7,41.8,10.2,4.0,488.0,2.0,[西]藤沢則雄,松本好雄,0.0,2017102662,1156,1041,523005
202001010503,11,4,6,フクノソミュール,牝3,54.0,古川吉洋,1:49.9,1.1/4,14-14-14-12,41.2,197.2,12.0,462.0,8.0,[東]粕谷昌央,福島祐子,0.0,2017100283,1015,1096,159033
202001010503,12,7,11,キティマグネット,牡3,53.0,秋山稔樹,1:50.7,5,3-4-7-13,42.9,334.1,14.0,496.0,-6.0,[東]和田正一,吉岡泰治,0.0,2017100157,1181,1114,265005
202001010503,13,8,13,ペイシャティアラ,牝3,54.0,黛弘人,1:51.2,3,7-7-6-11,43.6,79.1,11.0,472.0,16.0,[東]松永康利,北所直人,0.0,2017105735,1109,1093,163002
202001010503,14,7,12,ユアソーラ,牡3,56.0,池添謙一,1:52.9,大,3-4-13-14,44.4,24.2,10.0,460.0,2.0,[西]安田隆行,ユアストーリー,0.0,2017105234,1032,438,59700
202001010504,1,7,11,ラブアンバサダー,牝3,54.0,武豊,1:29.0,,10-10-11,35.3,4.2,2.0,424.0,-6.0,[西]松永幹夫,松島悠衣,510.0,2017105261,666,1092,409031
202001010504,2,6,10,デュアルネイチャー,牝3,54.0,田辺裕信,1:29.1,3/4,13-13-14,35.1,32.6,9.0,436.0,2.0,[東]池上昌和,Ｇ１レーシング,200.0,2017105003,1075,1150,808800
202001010504,3,5,8,サトノヴィーナス,牝3,52.0,亀田温心,1:29.2,1/2,2-3-2,36.1,5.4,4.0,464.0,4.0,[西]平田修,サトミホースカンパニー,130.0,2017105323,1176,1082,75803
202001010504,4,3,4,ダンツシルビア,牝3,54.0,酒井学,1:29.2,クビ,5-4-4,35.9,8.9,5.0,450.0,4.0,[西]谷潔,山元哲二,77.0,2017103092,1034,431,248005
202001010504,5,2,2,パラティーノヒル,牝3,54.0,勝浦正樹,1:29.3,クビ,5-7-10,35.8,35.6,10.0,408.0,10.0,[東]武藤善則,吉田照哉,51.0,2017105132,1025,1064,758005
202001010504,6,1,1,スノージュエリー,牝3,54.0,藤井勘一,1:29.5,1.1/4,9-12-11,35.7,132.3,14.0,436.0,10.0,[東]根本康広,広尾レース,0.0,2017109075,5525,1029,553800
202001010504,7,5,7,ラストエクセル,牝3,54.0,横山武史,1:29.5,ハナ,10-7-7,36.0,39.0,11.0,458.0,8.0,[東]伊藤大士,ニッシンホールディングス,0.0,2017104284,1170,1109,318803
202001010504,8,7,12,リリレフア,牝3,54.0,坂井瑠星,1:29.6,1/2,8-7-7,36.1,4.6,3.0,460.0,18.0,[西]矢作芳人,キャロットファーム,0.0,2017105624,1163,1075,486800
202001010504,9,8,14,アポロリリー,牝3,54.0,柴山雄一,1:29.6,アタマ,5-4-4,36.3,24.4,7.0,412.0,2.0,[東]鈴木伸尋,アポロサラブレッドクラブ,0.0,2017100034,5243,1026,33700
202001010504,10,6,9,フレジエ,牝3,53.0,団野大成,1:29.6,ハナ,14-13-13,35.7,91.8,12.0,422.0,4.0,[西]安田翔伍,シルクレーシング,0.0,2017105482,1180,1164,506800
202001010504,11,4,5,ライトニングレイ,牝3,54.0,丹内祐次,1:29.7,1/2,2-2-2,36.7,97.2,13.0,458.0,12.0,[東]牧光二,ローレルレーシング,0.0,2017101374,1091,1106,32800
202001010504,12,8,13,ペプチドヒミコ,牝3,54.0,ルメール,1:29.8,1/2,10-10-7,36.2,3.9,1.0,464.0,0.0,[西]武英智,沼川一彦,0.0,2017105996,5339,1161,500007
202001010504,13,3,3,ヤマニンボンモマン,牝3,54.0,古川吉洋,1:29.8,クビ,2-4-4,36.6,26.9,8.0,446.0,0.0,[西]木原一良,土井肇,0.0,2017101778,1015,1033,329004
202001010504,14,4,6,ゴールドオーク,牝3,54.0,大野拓弥,1:29.9,3/4,1-1-1,37.0,16.3,6.0,512.0,2.0,[東]石毛善彦,シンボリ牧場,0.0,2017104191,1096,428,431800
202001010505,1,6,6,テーオーメアリー,牝2,54.0,ルメール,1:09.9,,1-1,35.2,2.7,1.0,472.0,0.0,[西]梅田智之,小笹公也,700.0,2018106837,5339,1084,304008
202001010505,2,7,7,マウンテンムスメ,牝2,54.0,田辺裕信,1:10.2,2,2-2,35.3,11.1,5.0,444.0,0.0,[東]中野栄治,西村新一郎,280.0,2018104041,1075,1010,772002
202001010505,3,5,5,ゴットゴーゴー,牝2,54.0,古川吉洋,1:10.4,1.1/4,5-4,34.9,4.4,3.0,462.0,0.0,[西]木原一良,後藤進,180.0,2018105530,1015,1033,460030
202001010505,4,3,3,シーオブクラウズ,牡2,54.0,武豊,1:10.6,1,4-3,35.5,4.2,2.0,460.0,0.0,[東]高柳瑞樹,岡田牧雄,110.0,2018104056,666,1118,851009
202001010505,5,1,1,ワンダーフェンリル,牡2,54.0,大野拓弥,1:10.7,3/4,5-7,35.2,7.8,4.0,506.0,0.0,[西]高柳大輔,山本能成,70.0,2018103349,1096,1159,184033
202001010505,6,8,8,テイエムミラクル,牝2,54.0,横山典弘,1:10.7,クビ,8-7,34.9,23.0,7.0,492.0,0.0,[東]石栗龍彦,竹園正繼,0.0,2018101544,660,1043,356002
202001010505,7,2,2,フクノルッカ,牝2,54.0,横山和生,1:10.9,1.1/4,5-5,35.5,47.0,9.0,444.0,0.0,[東]杉浦宏昭,福島祐子,0.0,2018100299,1140,1008,159033
202001010505,8,8,9,サトミノヒカリ,牝2,54.0,横山武史,1:11.7,5,9-9,35.8,39.7,8.0,442.0,0.0,[東]鈴木伸尋,田代洋己,0.0,2018106439,1170,1026,425031
202001010505,9,4,4,エクシダス,牡2,52.0,亀田温心,1:12.3,3.1/2,2-5,37.4,16.8,6.0,470.0,0.0,[西]小崎憲,ニッシンホールディングス,0.0,2018100735,1176,1085,318803
202001010506,1,5,9,ネオストーリー,牡3,56.0,浜中俊,2:01.9,,15-14-9-6,36.5,3.7,2.0,454.0,4.0,[東]林徹,藤澤眞佐子,510.0,2017101525,1115,1163,477030
202001010506,2,5,10,シュルシャガナ,牡3,56.0,池添謙一,2:01.9,クビ,9-8-7-4,36.7,2.8,1.0,434.0,2.0,[西]石坂公一,ディアレストクラブ,200.0,2017104227,1032,1166,13803
202001010506,3,1,1,ララロトリー,セ3,56.0,大庭和弥,2:02.0,クビ,7-5-9-10,36.5,67.7,11.0,470.0,0.0,[東]粕谷昌央,フジイ興産,130.0,2017103108,1061,1096,851800
202001010506,4,4,8,フルールエトワール,牝3,53.0,団野大成,2:02.3,2,13-13-9-8,36.9,20.6,8.0,490.0,10.0,[東]上原博之,高松悟,77.0,2017100086,1180,423,516033
202001010506,5,3,5,レイコックアビー,牡3,56.0,坂井瑠星,2:02.4,クビ,10-10-12-11,36.8,15.4,5.0,500.0,4.0,[東]大竹正博,シルクレーシング,51.0,2017105075,1163,1102,506800
202001010506,6,7,13,セーリング,牡3,56.0,黛弘人,2:02.4,クビ,12-12-14-13,36.7,94.4,12.0,442.0,0.0,[東]和田雄二,栗坂崇,0.0,2017106637,1109,1143,290006
202001010506,7,6,11,ハラハラドキドキ,牡3,53.0,秋山稔樹,2:02.6,1.1/4,16-16-16-14,36.5,213.6,16.0,466.0,10.0,[東]久保田貴,廣崎利洋ＨＤ,0.0,2017101120,1181,1067,37803
202001010506,8,1,2,ガニアン,牡3,56.0,大野拓弥,2:02.7,3/4,3-3-5-4,37.6,207.7,14.0,460.0,0.0,[東]田村康仁,ラ・メール,0.0,2017105415,1096,1027,877800
202001010506,9,3,6,キタノコドウ,牡3,53.0,山田敬士,2:02.8,クビ,10-10-2-6,37.9,130.4,13.0,466.0,-6.0,[東]高木登,北所直人,0.0,2017106259,1173,1088,163002
202001010506,10,2,3,コスモタイシ,牡3,56.0,丹内祐次,2:03.0,1.1/4,1-1-1-1,38.2,17.0,7.0,472.0,2.0,[東]高橋祥泰,岡田繁幸,0.0,2017106535,1091,359,760008
202001010506,11,7,14,スマイルガール,牝3,52.0,亀田温心,2:03.1,1/2,14-14-5-8,38.0,12.2,4.0,436.0,12.0,[西]宮徹,首藤徳,0.0,2017101523,1176,1018,161006
202001010506,12,2,4,アニマフレスカ,牝3,54.0,横山武史,2:03.4,1.3/4,2-2-2-2,38.5,20.7,9.0,456.0,0.0,[東]萩原清,吉田晴哉,0.0,2017104998,1170,1017,231033
202001010506,13,6,12,プモリテソーロ,牡3,56.0,ルメール,2:03.4,ハナ,7-8-2-2,38.5,5.3,3.0,472.0,-10.0,[東]田中博康,了徳寺健二ホールディングス,0.0,2017100369,5339,1162,89803
202001010506,14,8,15,ナムライロハ,牝3,54.0,吉田隼人,2:03.6,1.1/4,5-5-7-11,38.4,24.7,10.0,406.0,-4.0,[西]杉山晴紀,奈村睦弘,0.0,2017101172,1095,1157,972002
202001010506,15,4,7,シロイスズメ,牡3,56.0,加藤祥太,2:05.0,9,5-5-15-15,39.2,211.6,15.0,496.0,10.0,[東]尾形和幸,藤本直弘,0.0,2017104214,1156,1141,450006
202001010506,16,8,16,エボカシオン,牡3,56.0,横山典弘,2:07.0,大,3-3-12-16,41.4,16.8,6.0,514.0,-2.0,[西]橋田満,森田藤治,0.0,2017105277,660,362,34009
202001010507,1,1,1,サザンレインボー,牡3,54.0,池添謙一,0:59.0,,1-1,36.0,2.5,1.0,552.0,14.0,[東]高柳瑞樹,キャロットファーム,760.0,2017100538,1032,1118,486800
202001010507,2,3,3,プリンセスヨウク,牝6,52.0,秋山稔樹,0:59.3,2,12-11,35.1,5.3,3.0,454.0,-2.0,[東]石栗龍彦,ライオンレースホース,300.0,2014103036,1181,1043,542800
202001010507,3,8,12,フィリーズラン,牝4,55.0,藤岡康太,0:59.5,1.1/4,3-3,36.1,21.4,8.0,446.0,14.0,[東]牧光二,岡村善行,190.0,2016100505,1116,1106,535006
202001010507,4,6,8,タマモゼーゼマン,牡3,54.0,松田大作,0:59.5,クビ,3-3,36.1,4.8,2.0,462.0,-4.0,[西]武英智,タマモ,110.0,2017103650,1030,1161,515800
202001010507,5,2,2,サノマナ,牝3,52.0,武豊,0:59.6,クビ,3-3,36.3,9.2,5.0,460.0,6.0,[東]栗田徹,佐野信幸,76.0,2017100850,666,1127,735033
202001010507,6,5,5,フロイデ,セ5,54.0,山田敬士,0:59.6,クビ,2-2,36.5,18.0,7.0,502.0,14.0,[東]本間忍,岡田壮史,0.0,2015101248,1173,1056,684030
202001010507,7,6,7,タイニーベイビー,牡3,53.0,団野大成,0:59.8,1,6-6,36.1,8.9,4.0,440.0,-6.0,[東]松山将樹,山口裕介,0.0,2017100827,1180,1100,798033
202001010507,8,5,6,アンビル,セ4,57.0,大野拓弥,1:00.0,1,8-7,36.1,29.3,9.0,482.0,0.0,[東]竹内正洋,菅井牧場,0.0,2016101346,1096,1152,552800
202001010507,9,4,4,マイヨブラン,牡4,57.0,ルメール,1:00.2,1.1/4,10-12,36.1,14.9,6.0,588.0,30.0,[東]加藤征弘,シルクレーシング,0.0,2016104863,5339,1059,506800
202001010507,10,7,9,デルマトルマリン,牝3,50.0,亀田温心,1:00.3,3/4,8-9,36.4,75.4,11.0,470.0,0.0,[西]牧田和弥,浅沼廣幸,0.0,2017104764,1176,1123,274002
202001010507,11,7,10,シゲルガラテア,牡3,54.0,古川吉洋,1:00.3,クビ,10-9,36.2,58.7,10.0,496.0,-4.0,[東]水野貴広,森中蕃,0.0,2017102138,1015,1094,674004
202001010507,12,8,11,リトルウィッチ,牝4,55.0,竹之下智,1:00.6,1.3/4,7-7,36.8,175.2,12.0,436.0,12.0,[西]千田輝彦,前原敏行,0.0,2016105527,1036,1120,427030
202001010508,1,7,11,ロンドンデリーエア,牡3,54.0,ルメール,1:44.9,,2-2-2-1,37.6,2.8,2.0,462.0,10.0,[西]武英智,グリーンファーム,760.0,2017104704,5339,1161,148800
202001010508,2,7,12,カネコメノボル,セ3,52.0,亀田温心,1:45.5,3.1/2,7-7-6-4,37.6,21.2,6.0,434.0,4.0,[西]中尾秀正,高岡義雄,300.0,2017101239,1176,1069,530007
202001010508,3,4,6,エブリワンブラック,牡3,54.0,武豊,1:45.6,1/2,11-11-11-7,37.3,2.2,1.0,482.0,0.0,[西]武幸四郎,ＤＭＭドリームクラブ,190.0,2017100993,666,1160,26803
202001010508,4,6,10,ディーエスプルーフ,牡3,54.0,田辺裕信,1:46.0,2.1/2,4-3-3-2,38.6,26.4,7.0,440.0,6.0,[東]伊藤圭三,秋谷壽之,110.0,2017103489,1075,1023,970007
202001010508,5,8,13,ヒロノブシドウ,牡5,57.0,坂井瑠星,1:46.7,4,9-9-9-8,38.5,91.2,11.0,494.0,0.0,[東]浅野洋一,小野博郷,76.0,2015100491,1163,421,212008
202001010508,6,2,2,フォレストタウン,セ6,57.0,水口優也,1:46.8,1/2,8-7-6-9,38.8,119.4,13.0,504.0,-2.0,[西]湯窪幸雄,山上和良,0.0,2014103870,1133,1057,851007
202001010508,7,4,5,タニノシェクハンド,牡4,54.0,山田敬士,1:47.1,1.3/4,13-12-13-11,38.4,113.6,12.0,488.0,2.0,[西]村山明,谷水雄三,0.0,2016106106,1173,1107,764001
202001010508,8,1,1,エイカイキング,牡5,57.0,吉田隼人,1:47.4,1.1/2,9-9-9-10,39.2,26.7,8.0,484.0,2.0,[西]坂口智康,二木英徳,0.0,2015104254,1095,1170,683033
202001010508,9,5,7,ニューツーリズム,牡4,57.0,横山和生,1:47.4,クビ,13-12-12-11,38.8,19.5,5.0,500.0,-6.0,[東]黒岩陽一,吉田晴哉,0.0,2016104252,1140,1133,231033
202001010508,10,3,4,リーガルマナー,牡3,54.0,藤岡佑介,1:47.5,3/4,1-1-1-2,40.3,10.8,4.0,490.0,-2.0,[西]中内田充,吉田勝己,0.0,2017105254,1093,1137,790005
202001010508,11,5,8,フラベリフォーム,牡5,57.0,横山武史,1:47.6,1/2,3-3-4-4,40.0,9.6,3.0,466.0,-10.0,[東]萩原清,水上行雄,0.0,2015103534,1170,1017,482002
202001010508,12,3,3,クラウドスケープ,牡4,57.0,黛弘人,1:48.3,4,5-5-4-4,40.7,80.3,10.0,488.0,16.0,[東]藤原辰雄,下河辺俊行,0.0,2016103091,1109,435,185031
202001010508,13,8,14,ワンダーヴァレッタ,牡4,54.0,秋山稔樹,1:48.8,3,6-5-6-13,40.8,401.7,14.0,452.0,-6.0,[東]中野栄治,山口正行,0.0,2016100889,1181,1010,178033
202001010508,14,6,9,ヤンチャヒメ,牝4,55.0,池添謙一,1:49.0,1.1/4,11-12-14-14,39.9,32.5,9.0,492.0,0.0,[西]安田隆行,ユアストーリー,0.0,2016104725,1032,438,59700
202001010509,1,3,3,アラスカ,牝4,55.0,横山武史,1:47.5,,7-7-7-3,35.3,4.5,3.0,402.0,4.0,[東]萩原清,池谷誠一,1088.7,2016104663,1170,1017,172002
202001010509,2,8,9,ファントムグレイ,牡7,57.0,大野拓弥,1:48.1,3.1/2,6-6-6-3,36.0,4.8,4.0,446.0,4.0,[東]杉浦宏昭,山岸桂市,428.2,2013100376,1096,1008,510008
202001010509,3,2,2,ニシノベースマン,牡5,57.0,勝浦正樹,1:48.7,3.1/2,9-9-7-6,36.5,25.1,7.0,468.0,6.0,[東]小手川準,西山茂行,274.1,2015105202,1025,1171,897009
202001010509,4,6,6,ギベルティ,牡3,54.0,武豊,1:48.7,クビ,2-1-1-1,37.1,2.7,1.0,520.0,-6.0,[東]小島茂之,ゴドルフィン,160.0,2017106586,666,1068,3060
202001010509,5,7,7,ディーイストワール,牡4,57.0,田辺裕信,1:48.8,3/4,8-7-7-8,36.5,21.7,6.0,464.0,8.0,[東]大和田成,嶋田一成,106.0,2016104961,1075,1124,782033
202001010509,6,1,1,コスモレリア,牡5,57.0,丹内祐次,1:48.9,3/4,4-4-4-6,37.0,16.3,5.0,470.0,2.0,[東]奥村武,ビッグレッドファーム,0.0,2015100731,1091,1145,716800
202001010509,7,5,5,アルテラローザ,牝4,55.0,吉田隼人,1:48.9,ハナ,4-5-2-2,37.2,3.8,2.0,476.0,4.0,[西]藤原英昭,ロードホースクラブ,0.0,2016101165,1095,1055,170800
202001010509,8,8,8,ロッソモラーレ,牡3,54.0,黛弘人,1:50.3,8,3-2-2-3,38.6,42.2,9.0,456.0,0.0,[東]清水英克,コスモヴューファーム,0.0,2017100915,1109,1080,30803
202001010509,9,4,4,カウイダンス,牝3,52.0,団野大成,1:50.6,2,1-2-4-8,38.7,36.2,8.0,452.0,4.0,[東]相沢郁,細谷典幸,0.0,2017100366,1180,1020,443007
202001010510,1,7,12,フクノグリュック,牡8,55.0,横山和生,1:45.6,,11-11-8-5,36.9,23.9,9.0,524.0,-2.0,[東]杉浦宏昭,福島祐子,1531.5,2012101232,1140,1008,159033
202001010510,2,5,7,キタノヴィジョン,牡3,53.0,黛弘人,1:46.0,2.1/2,12-11-8-6,37.4,6.6,4.0,478.0,10.0,[東]萱野浩二,北所直人,609.0,2017102011,1109,1024,163002
202001010510,3,3,4,タマモサンシーロ,牡4,54.0,藤岡康太,1:46.0,クビ,1-1-1-1,38.0,6.8,5.0,522.0,20.0,[西]大橋勇樹,タマモ,384.5,2016100947,1116,1065,515800
202001010510,4,4,6,グランデラムジー,牡4,54.0,池添謙一,1:46.1,クビ,8-8-12-11,37.1,28.5,10.0,464.0,-2.0,[西]吉田直弘,グランデオーナーズ,230.0,2016102219,1032,1101,910800
202001010510,5,6,9,ランパク,牡5,54.0,大野拓弥,1:46.3,1,7-7-8-9,37.7,6.0,3.0,500.0,-2.0,[東]高木登,一村哲也,150.0,2015100644,1096,1088,798008
202001010510,6,7,11,フクノワイルド,牡4,55.0,吉田隼人,1:46.3,クビ,5-6-4-3,38.0,9.8,7.0,500.0,-4.0,[西]杉山晴紀,佐藤範夫,0.0,2016109096,1095,1157,451033
202001010510,7,2,2,セイユメアカリ,牡3,53.0,古川吉洋,1:46.4,クビ,8-8-8-11,37.7,9.6,6.0,446.0,4.0,[東]浅野洋一,金田成基,0.0,2017104488,1015,421,376008
202001010510,8,6,10,バンクショット,牡4,55.0,団野大成,1:46.4,クビ,3-3-2-2,38.3,5.1,2.0,474.0,0.0,[西]池添学,吉田勝己,0.0,2016104569,1180,1144,790005
202001010510,9,3,3,ブラックカード,牡6,56.0,武豊,1:46.6,1,10-8-4-3,38.3,4.6,1.0,466.0,2.0,[西]鈴木孝志,岡浩二,0.0,2014100407,666,1111,370008
202001010510,10,8,13,モンオール,牝4,52.0,亀田温心,1:46.7,1/2,13-13-12-11,37.7,21.9,8.0,448.0,2.0,[西]平田修,吉田勝己,0.0,2016104645,1176,1082,790005
202001010510,11,1,1,カフジロッソ,牡4,54.0,川島信二,1:46.8,3/4,4-3-7-6,38.4,60.8,12.0,514.0,-8.0,[西]矢作芳人,加藤守,0.0,2016105320,1062,1075,19004
202001010510,12,8,14,エタニティーワルツ,牡7,53.0,丹内祐次,1:47.4,3.1/2,5-5-4-6,39.1,152.7,13.0,488.0,-4.0,[東]大和田成,村島昭男,0.0,2013106303,1091,1124,15006
202001010510,13,5,8,モズエロイコ,牡4,54.0,坂井瑠星,1:49.0,10,2-2-2-9,40.9,33.8,11.0,474.0,4.0,[西]矢作芳人,キャピタル・システム,0.0,2016110061,1163,1075,5803
202001010510,-3,4,5,マックスアン,牡4,54.0,田辺裕信,,,,,,,,,[東]大和田成,ＴＵＲＦレーシング,0.0,2016100855,1075,1124,28803
202001010511,1,6,10,ポンデザール,牝5,54.0,ルメール,2:37.6,,6-5-3-2,35.6,3.6,2.0,492.0,-6.0,[東]堀宣行,サンデーレーシング,2631.5,2015104834,5339,1070,226800
202001010511,2,7,11,ボスジラ,牡4,56.0,武豊,2:38.3,4,7-7-6-6,35.7,3.2,1.0,512.0,4.0,[東]国枝栄,金子真人ホールディングス,1009.0,2016104635,666,399,708800
202001010511,3,1,1,ナイママ,牡4,56.0,丹内祐次,2:38.6,1.3/4,4-3-1-1,37.1,16.4,6.0,472.0,-2.0,[東]武藤善則,岡田繁幸,654.5,2016103387,1091,1064,760008
202001010511,4,3,3,シンボ,牡3,52.0,古川吉洋,2:38.6,クビ,4-5-5-5,36.3,20.5,7.0,460.0,2.0,[地]斉藤正弘,龍光,390.0,2017101695,1015,5660,343803
202001010511,5,8,13,ヒュッゲ,牡3,52.0,吉田隼人,2:38.9,2,7-8-8-8,35.9,6.2,3.0,474.0,0.0,[西]友道康夫,金子真人ホールディングス,260.0,2017105585,1095,1061,708800
202001010511,6,5,7,ウラヌスチャーム,牝5,56.0,横山典弘,2:39.0,3/4,12-12-12-10,35.7,7.9,5.0,514.0,12.0,[東]斎藤誠,Ｇ１レーシング,0.0,2015104671,660,1086,808800
202001010511,7,2,2,ルミナスウォリアー,牡9,58.0,川島信二,2:39.0,ハナ,10-10-8-7,36.0,130.3,13.0,474.0,-2.0,[西]新谷功一,中西功,0.0,2011104117,1062,1172,117030
202001010511,8,7,12,ウインイクシード,牡6,57.0,田辺裕信,2:39.1,1/2,3-3-3-4,37.1,7.9,4.0,496.0,0.0,[東]鈴木伸尋,ウイン,0.0,2014100208,1075,1026,494800
202001010511,9,6,9,ブラックスピネル,セ7,58.0,団野大成,2:39.2,3/4,1-1-2-2,37.4,42.3,10.0,516.0,6.0,[西]音無秀孝,サンデーレーシング,0.0,2013106118,1180,1002,226800
202001010511,10,8,14,プリンスオブペスカ,牡6,56.0,藤井勘一,2:39.6,2.1/2,13-13-12-12,36.3,27.3,9.0,482.0,-4.0,[西]松永昌博,山田信太郎,0.0,2014105081,5525,1083,417030
202001010511,11,4,6,デザートスネーク,セ6,56.0,松田大作,2:40.4,5,2-2-6-8,37.8,48.6,11.0,484.0,0.0,[東]武井亮,石瀬浩三,0.0,2014102253,1030,1147,812008
202001010511,12,5,8,ロサグラウカ,牝5,54.0,横山武史,2:40.8,2.1/2,10-10-11-11,37.7,21.4,8.0,464.0,14.0,[東]尾関知人,サンデーレーシング,0.0,2015105108,1170,1103,226800
202001010511,13,3,4,ルフィアンキック,牡4,56.0,石川倭,2:41.0,1,7-8-8-12,38.0,122.3,12.0,468.0,-2.0,[地]米川昇,ＫＩＣレーシング,0.0,2016100503,5534,5509,566031
202001010511,14,4,5,ソーディスイズラヴ,牝6,54.0,荻野琢真,2:42.0,6,13-13-14-14,38.0,296.0,14.0,428.0,-6.0,[地]田中正二,古谷剛彦,0.0,2014104623,1112,886,741031
202001010512,1,1,1,フィルムフェスト,牝4,54.0,団野大成,1:28.0,,5-5-3,34.1,14.5,6.0,446.0,-2.0,[東]尾関知人,キャロットファーム,760.0,2016104864,1180,1103,486800
202001010512,2,8,10,クリノイヴァンカ,牝4,55.0,石川裕紀,1:28.7,4,6-6-6,34.4,6.6,3.0,476.0,6.0,[東]天間昭一,栗本博晴,300.0,2016105872,1150,1090,970006
202001010512,3,8,9,エピックガール,牝4,55.0,菱田裕二,1:28.8,3/4,7-7-6,34.3,10.9,5.0,438.0,0.0,[東]宮田敬介,雅苑興業,190.0,2016102162,1144,1175,879800
202001010512,4,7,8,ヴィディア,牝3,52.0,池添謙一,1:29.0,1.1/4,3-2-3,35.5,1.9,1.0,460.0,4.0,[東]大竹正博,サンデーレーシング,110.0,2017105490,1032,1102,226800
202001010512,5,4,4,ディザイアソング,牝4,55.0,大野拓弥,1:29.1,クビ,10-10-10,33.8,85.8,10.0,454.0,8.0,[東]金成貴史,尾上寿夫,76.0,2016102814,1096,1132,982033
202001010512,6,6,6,シャンデフレーズ,牝4,55.0,横山武史,1:29.3,1.1/4,1-1-1,36.3,6.2,2.0,438.0,18.0,[東]中舘英二,キャロットファーム,0.0,2016104831,1170,1153,486800
202001010512,7,5,5,ドゥシャンパーニュ,牝4,55.0,藤岡佑介,1:29.4,クビ,9-9-9,34.5,7.5,4.0,442.0,8.0,[西]寺島良,大塚亮一,0.0,2016104680,1093,1158,858800
202001010512,8,7,7,ダンスロマネスク,牝4,55.0,横山和生,1:29.4,ハナ,2-2-2,35.9,37.6,9.0,474.0,2.0,[東]戸田博文,社台レースホース,0.0,2016105108,1140,1054,415800
202001010512,9,2,2,サンキーウエスト,牝3,52.0,黛弘人,1:29.5,1/2,7-7-8,35.0,16.8,7.0,438.0,-10.0,[東]萱野浩二,加藤ステーブル,0.0,2017100275,1109,1024,59803
202001010512,10,3,3,ロイヤルヴィザージ,牝4,55.0,坂井瑠星,1:29.7,1.1/2,3-4-5,36.0,28.9,8.0,456.0,4.0,[西]飯田祐史,社台レースホース,0.0,2016105303,1163,1139,415800
202001010601,1,4,4,ハイプリーステス,牝2,54.0,田辺裕信,1:09.4,,3-3,34.9,6.4,3.0,408.0,2.0,[東]星野忍,田頭勇貴,510.0,2018104036,1075,1030,855030
202001010601,2,2,2,カトルショセット,牝2,54.0,横山武史,1:09.6,1.1/4,1-1,35.5,1.4,1.0,448.0,4.0,[東]黒岩陽一,Ｇ１レーシング,200.0,2018105226,1170,1133,808800
202001010601,3,1,1,ビーナスオーキッド,牝2,54.0,大野拓弥,1:10.1,3,5-5,35.2,36.5,6.0,464.0,0.0,[東]水野貴広,助川啓一,130.0,2018101480,1096,1094,136030
202001010601,4,7,7,ジュンブーケ,牝2,52.0,亀田温心,1:10.8,4,2-2,36.7,5.1,2.0,456.0,14.0,[西]森秀行,河合純二,77.0,2018102410,1176,427,165033
202001010601,5,8,8,マイスクワッド,牝2,54.0,勝浦正樹,1:11.6,5,6-6,36.5,49.5,7.0,366.0,4.0,[東]柄崎孝,辻牧場,51.0,2018106349,1025,380,302800
202001010601,6,3,3,ネオペトリコール,牝2,53.0,団野大成,1:11.8,1.1/4,4-4,37.1,13.1,4.0,402.0,0.0,[東]粕谷昌央,平川浩之,0.0,2018103956,1180,1096,136007
202001010601,7,5,5,リュニックフルール,牝2,54.0,川島信二,1:12.4,3.1/2,7-7,35.5,19.5,5.0,418.0,0.0,[西]新谷功一,フィールドレーシング,0.0,2018105434,1062,1172,463031
202001010601,-1,6,6,エイトラック,牝2,54.0,丹内祐次,,,,,,,,,[東]田島俊明,田島榮二郎,0.0,2018101331,1091,1112,713005
202001010602,1,4,4,サウンドヒーロー,牡3,56.0,吉田隼人,1:00.1,,5-5,35.9,12.9,5.0,442.0,0.0,[西]吉田直弘,増田雄一,510.0,2017101400,1095,1101,168006
202001010602,2,8,11,エンジェルティアラ,牝3,52.0,亀田温心,1:00.4,1.3/4,1-1,36.7,4.1,2.0,466.0,0.0,[西]羽月友彦,ノルマンディーサラブレッドレーシング,200.0,2017103329,1176,1091,854800
202001010602,3,7,9,ヒボン,牝3,53.0,団野大成,1:00.6,1.1/2,2-2,36.8,1.9,1.0,490.0,10.0,[西]鮫島一歩,木部厳生,130.0,2017100213,1180,1046,815033
202001010602,4,8,12,メイショウアレス,牡3,56.0,菱田裕二,1:00.7,クビ,9-7,36.1,22.2,6.0,428.0,4.0,[西]岡田稲男,松本好雄,77.0,2017105768,1144,1066,523005
202001010602,5,7,10,キタノエスポワール,牝3,54.0,川島信二,1:00.8,1/2,12-12,35.3,170.3,11.0,456.0,10.0,[東]高橋義博,北所直人,51.0,2017103030,1062,1036,163002
202001010602,6,5,5,ゴッドカーヌスティ,牝3,54.0,藤岡康太,1:00.8,ハナ,5-5,36.5,7.7,3.0,462.0,0.0,[西]角田晃一,中西憲治,0.0,2017103708,1116,1121,998007
202001010602,7,6,8,ブンロート,牡3,56.0,大野拓弥,1:00.8,アタマ,4-4,36.9,7.8,4.0,522.0,4.0,[東]牧光二,石瀬浩三,0.0,2017101997,1096,1106,812008
202001010602,8,3,3,パームジュメイラ,牝3,54.0,池添謙一,1:01.0,1.1/4,8-9,36.5,26.1,7.0,432.0,-2.0,[西]西浦勝一,サンライズ,0.0,2017102919,1032,1016,866800
202001010602,9,2,2,メモリアルクイーン,牝3,54.0,古川吉洋,1:01.2,1.1/4,11-10,36.4,34.4,8.0,442.0,8.0,[西]池添兼雄,水谷昌晃,0.0,2017103373,1015,1021,616030
202001010602,10,1,1,ヨドノエール,牡3,53.0,秋山稔樹,1:01.3,1/2,10-10,36.6,194.2,12.0,452.0,2.0,[西]西園正都,海原聖一,0.0,2017103079,1181,1028,471002
202001010602,11,6,7,ラファームソルティ,牝3,54.0,丹内祐次,1:01.5,1.1/4,2-3,37.7,38.7,9.0,440.0,2.0,[東]蛯名利弘,荻伏服部牧場,0.0,2017102978,1091,1131,912800
202001010602,12,5,6,スズカアイドル,牝3,54.0,勝浦正樹,1:01.5,クビ,5-7,37.3,89.4,10.0,414.0,-6.0,[東]柄崎孝,永井啓弍,0.0,2017101067,1025,380,382004
202001010603,1,6,10,サウンドトラック,牡3,56.0,ルメール,1:47.2,,7-7-6-3,38.6,2.3,1.0,506.0,-2.0,[東]尾関知人,グリーンファーム,510.0,2017101846,5339,1103,148800
202001010603,2,3,4,モズナガレボシ,牡3,56.0,大野拓弥,1:47.5,2,2-2-2-1,39.5,3.8,2.0,492.0,4.0,[西]荒川義之,キャピタル・システム,200.0,2017106161,1096,1095,5803
202001010603,3,8,14,マスカテル,牡3,56.0,坂井瑠星,1:47.6,クビ,10-8-8-7,38.7,11.9,5.0,476.0,12.0,[西]宮本博,シルクレーシング,130.0,2017105431,1163,1073,506800
202001010603,4,1,1,イデアイホマジョル,牡3,56.0,黛弘人,1:47.6,クビ,3-4-3-3,39.3,16.8,6.0,452.0,-2.0,[東]和田雄二,益田修一,77.0,2017103910,1109,1143,949030
202001010603,5,7,11,ワイルドキャット,牝3,54.0,菱田裕二,1:47.8,1,12-11-10-10,38.6,27.5,8.0,426.0,-6.0,[西]西橋豊治,岡田隆寛,51.0,2017103358,1144,434,55030
202001010603,6,4,5,ゼットピアレス,牝3,52.0,亀田温心,1:48.2,2.1/2,1-1-1-2,40.4,46.6,10.0,478.0,-2.0,[西]宮徹,フォーレスト,0.0,2017102426,1176,1018,730800
202001010603,7,3,3,ポテンシャルリアル,牡3,56.0,吉田隼人,1:48.3,1/2,13-13-10-9,39.0,7.1,3.0,508.0,10.0,[西]西村真幸,ライオンレースホース,0.0,2017105188,1095,1148,542800
202001010603,8,6,9,アントルドゥメール,牝3,54.0,横山和生,1:49.2,5,7-8-6-5,40.6,50.1,11.0,446.0,2.0,[東]菊沢隆徳,村野康司,0.0,2017104757,1140,1115,338007
202001010603,9,5,7,ファーステストクー,牝3,54.0,柴山雄一,1:49.2,クビ,3-3-3-5,40.9,259.6,14.0,464.0,2.0,[東]南田美知,荒井城志,0.0,2017103058,5243,437,66031
202001010603,10,2,2,クツワノオジョウ,牝3,51.0,秋山稔樹,1:49.3,クビ,10-11-12-11,39.8,246.1,13.0,426.0,0.0,[東]岩戸孝樹,芳賀克也,0.0,2017103943,1181,1051,247030
202001010603,11,8,13,メイケイカガヤキ,牡3,56.0,酒井学,1:50.1,5,9-10-14-12,40.4,193.6,12.0,490.0,10.0,[西]中竹和也,名古屋競馬,0.0,2017104905,1034,1039,4800
202001010603,12,7,12,ユキノレベッカ,牝3,54.0,北村宏司,1:50.2,クビ,14-13-12-14,40.7,34.8,9.0,450.0,-6.0,[東]和田正一,井上基之,0.0,2017104001,1043,1114,623005
202001010603,13,5,8,ウインラディアント,牡3,56.0,丹内祐次,1:50.5,2,5-5-3-7,42.1,9.6,4.0,546.0,-2.0,[東]畠山吉宏,ウイン,0.0,2017101438,1091,1048,494800
202001010603,14,4,6,ホッコーラプラス,牝3,54.0,池添謙一,1:52.5,大,5-5-8-12,43.5,17.7,7.0,436.0,2.0,[西]飯田祐史,北幸商事,0.0,2017102931,1032,1139,57803
202001010604,1,2,3,ピュリフィアン,牝3,51.0,秋山稔樹,1:08.7,,3-2,34.5,15.0,5.0,416.0,6.0,[西]松下武士,野嶋祥二,510.0,2017101756,1181,1149,258033
202001010604,2,3,5,メイショウアカイシ,牝3,54.0,菱田裕二,1:08.9,1.1/4,9-9,34.1,19.7,9.0,438.0,0.0,[西]高橋亮,松本好隆,200.0,2017106403,1144,1136,911008
202001010604,3,1,1,レッドルピナス,牝3,54.0,ルメール,1:08.9,クビ,6-6,34.5,3.8,1.0,426.0,14.0,[西]中内田充,東京ホースレーシング,130.0,2017104870,5339,1137,180800
202001010604,4,4,8,テンジュイン,牝3,54.0,丹内祐次,1:09.1,1,4-4,34.8,9.6,4.0,428.0,2.0,[東]菊川正達,ビッグレッドファーム,77.0,2017101991,1091,1052,716800
202001010604,5,3,6,サクセスハーモニー,牝3,54.0,大野拓弥,1:09.1,アタマ,1-1,35.1,17.7,8.0,444.0,0.0,[東]久保田貴,高嶋哲,51.0,2017100519,1096,1067,441006
202001010604,6,7,14,タツハグンセイ,牡3,56.0,古川吉洋,1:09.2,1/2,12-9,34.1,4.8,3.0,470.0,6.0,[西]鮫島一歩,鈴木高幸,0.0,2017101364,1015,1046,124033
202001010604,7,6,12,シューラヴァーグ,牝3,54.0,国分恭介,1:09.2,クビ,12-13,34.1,219.0,16.0,442.0,-8.0,[西]松下武士,藤井亮輔,0.0,2017103103,1124,1149,467033
202001010604,8,5,9,テランガ,牡3,56.0,武豊,1:09.3,クビ,8-6,34.8,4.0,2.0,446.0,4.0,[西]武幸四郎,寺田寿男,0.0,2017104782,666,1160,866006
202001010604,9,7,13,リオマッジョーレ,牝3,54.0,坂井瑠星,1:09.4,1/2,9-9,34.6,42.6,13.0,438.0,-4.0,[東]竹内正洋,ヒダカ・ブリーダーズ・ユニオン,0.0,2017104033,1163,1152,547800
202001010604,10,4,7,シアープレジャー,牝3,54.0,黛弘人,1:09.6,1.1/4,6-6,35.2,41.0,12.0,426.0,8.0,[東]田中清隆,岡田牧雄,0.0,2017103278,1109,408,851009
202001010604,11,5,10,タッシーエルモ,牝3,54.0,藤岡康太,1:09.8,1.1/4,14-14,34.4,156.9,15.0,460.0,0.0,[西]野中賢二,吉岡輝美,0.0,2017103804,1116,1098,337031
202001010604,12,1,2,ジャポニカスタイル,牝3,54.0,荻野琢真,1:09.9,3/4,15-15,34.2,112.9,14.0,462.0,14.0,[西]寺島良,五十川雅規,0.0,2017106213,1112,1158,706033
202001010604,13,8,15,オレンジブラウニー,牝3,54.0,柴山雄一,1:10.0,3/4,9-9,35.2,29.0,10.0,440.0,10.0,[東]的場均,田頭勇貴,0.0,2017100056,5243,1063,855030
202001010604,14,8,16,チェルヴィーノ,牝3,53.0,団野大成,1:10.2,1.1/4,2-2,36.1,15.5,6.0,512.0,12.0,[西]音無秀孝,キャロットファーム,0.0,2017105391,1180,1002,486800
202001010604,15,6,11,スズオリーブ,牝3,54.0,田辺裕信,1:10.4,1.1/2,4-4,36.1,35.6,11.0,444.0,2.0,[東]高橋裕,森達郎,0.0,2017104231,1075,412,591033
202001010604,16,2,4,ジュヌヴィエーブ,牝3,54.0,藤岡佑介,1:11.7,8,16-16,35.5,15.7,7.0,410.0,2.0,[西]中内田充,社台レースホース,0.0,2017104909,1093,1137,415800
202001010605,1,1,1,オーソクレース,牡2,54.0,ルメール,1:51.3,,5-4-5-4,33.9,2.1,1.0,472.0,0.0,[東]久保田貴,キャロットファーム,700.0,2018105280,5339,1067,486800
202001010605,2,7,7,シティレインボー,牡2,54.0,池添謙一,1:51.6,1.3/4,3-4-3-3,34.4,4.0,2.0,474.0,0.0,[西]池添兼雄,深見富朗,280.0,2018106513,1032,1021,966002
202001010605,3,3,3,トーセンガーリー,牝2,54.0,横山和生,1:51.8,1.1/4,3-2-3-4,34.6,8.6,4.0,450.0,0.0,[東]土田稔,島川隆哉,180.0,2018105648,1140,417,270006
202001010605,4,6,6,ロードリスペクト,牡2,54.0,田辺裕信,1:51.9,3/4,2-2-2-2,34.9,5.2,3.0,492.0,0.0,[西]浅見秀一,ロードホースクラブ,110.0,2018106583,1075,411,170800
202001010605,5,8,8,ゼンダンピューマ,牡2,54.0,丹内祐次,1:53.3,9,5-6-5-6,35.9,46.7,7.0,460.0,0.0,[東]藤原辰雄,渡邊善男,70.0,2018100430,1091,435,377031
202001010605,6,2,2,アイスリアン,牝2,54.0,横山武史,1:53.5,1,1-1-1-1,36.6,12.8,5.0,466.0,0.0,[西]高柳大輔,村上憲政,0.0,2018103574,1170,1159,894030
202001010605,7,5,5,マクシミリアン,牡2,54.0,藤岡佑介,1:54.6,7,7-7-5-7,37.1,17.5,6.0,440.0,0.0,[西]奥村豊,ターフ・スポート,0.0,2018100174,1093,1146,102800
202001010605,8,4,4,トキメキヴィーナス,牝2,52.0,亀田温心,1:56.1,9,8-7-8-8,38.2,70.2,8.0,506.0,0.0,[東]佐藤吉勝,片岡正雄,0.0,2018102843,1176,1035,268006
202001010606,1,4,6,サトノエスペランサ,牡3,56.0,ルメール,2:42.1,,5-6-4-5,34.8,4.7,3.0,512.0,4.0,[東]堀宣行,サトミホースカンパニー,510.0,2017105513,5339,1070,75803
202001010606,2,6,10,タイミングハート,牡3,56.0,武豊,2:42.1,アタマ,4-3-2-1,35.1,2.5,1.0,440.0,-6.0,[西]武幸四郎,キーファーズ,200.0,2017105616,666,1160,2803
202001010606,3,3,4,ベスビアナイト,セ3,56.0,横山武史,2:42.3,1.1/4,9-7-4-2,35.0,6.1,4.0,500.0,4.0,[東]国枝栄,サンデーレーシング,130.0,2017105590,1170,399,226800
202001010606,4,8,14,アーリンアーリン,牝3,52.0,亀田温心,2:42.6,1.3/4,11-9-4-3,35.3,9.8,5.0,438.0,10.0,[西]寺島良,吉田勝利,77.0,2017101850,1176,1158,554008
202001010606,5,1,1,ゴールデンスターズ,セ3,56.0,池添謙一,2:42.9,1.3/4,9-9-9-8,35.4,4.4,2.0,430.0,4.0,[西]奥村豊,社台レースホース,51.0,2017105102,1032,1146,415800
202001010606,6,2,2,ケープオブストーム,牡3,53.0,秋山稔樹,2:42.9,クビ,11-12-13-11,34.8,36.5,7.0,522.0,-12.0,[西]岡田稲男,キャロットファーム,0.0,2017105273,1181,1066,486800
202001010606,7,6,9,アルマス,牡3,56.0,北村宏司,2:43.4,3,8-5-4-8,36.1,52.6,9.0,392.0,2.0,[東]木村哲也,吉田勝己,0.0,2017105088,1043,1126,790005
202001010606,8,4,5,サンシャインキッド,牡3,56.0,菱田裕二,2:43.5,1/2,5-3-4-7,36.3,90.0,11.0,434.0,4.0,[東]小西一男,田島榮二郎,0.0,2017102705,1144,405,713005
202001010606,9,7,11,ショウナンランチャ,牡3,56.0,加藤祥太,2:43.5,クビ,1-1-1-4,36.9,191.7,13.0,440.0,0.0,[西]梅田智之,国本哲秀,0.0,2017103919,1156,1084,331002
202001010606,10,5,7,セイカタチバナ,牡3,56.0,柴山雄一,2:44.0,3,13-11-12-11,36.2,352.8,14.0,484.0,-6.0,[東]南田美知,久米大,0.0,2017101516,5243,437,284008
202001010606,11,5,8,ヴァイスリヒト,牡3,56.0,古川吉洋,2:44.1,クビ,13-13-11-10,36.4,43.2,8.0,460.0,6.0,[西]木原一良,Ｇ１レーシング,0.0,2017105077,1015,1033,808800
202001010606,12,7,12,レーヴドゥロワ,セ3,56.0,藤岡康太,2:44.4,1.3/4,2-2-2-5,37.5,23.7,6.0,496.0,0.0,[西]池江泰寿,サンデーレーシング,0.0,2017105645,1116,1071,226800
202001010606,13,8,13,グラスコックピット,牡3,55.0,団野大成,2:44.8,2.1/2,5-7-9-11,37.3,102.6,12.0,464.0,-4.0,[西]高橋義忠,飯田良枝,0.0,2017110047,1180,1129,669007
202001010606,-1,3,3,ニシノコルレオーネ,セ3,56.0,石川裕紀,,,,,,,,,[東]手塚貴久,西山茂行,0.0,2017102121,1150,1038,897009
202001010607,1,4,5,ドゥラモット,牝3,52.0,武豊,1:46.5,,7-7-6-2,38.4,2.8,1.0,466.0,14.0,[西]安田隆行,雅苑興業,760.0,2017105334,666,438,879800
202001010607,2,5,7,プリンサン,牝3,52.0,大野拓弥,1:46.6,1/2,9-9-8-5,38.2,7.0,4.0,422.0,4.0,[東]伊藤圭三,是枝浩平,300.0,2017103501,1096,1023,370803
202001010607,3,6,10,メイショウカスガ,牝4,55.0,吉田隼人,1:46.6,クビ,8-7-7-4,38.4,3.5,2.0,462.0,0.0,[西]高橋義忠,松本好雄,190.0,2016102097,1095,1129,523005
202001010607,4,3,3,フィロス,牝3,52.0,藤岡康太,1:46.9,2,6-6-4-1,39.0,13.7,6.0,456.0,0.0,[西]西橋豊治,高橋ファーム,110.0,2017100257,1116,434,884800
202001010607,5,7,11,レディーキティ,牝5,55.0,国分恭介,1:47.0,1/2,10-10-8-5,38.7,21.4,7.0,406.0,-2.0,[西]野中賢二,廣崎利洋ＨＤ,76.0,2015104245,1124,1098,37803
202001010607,6,4,6,トゥービーシック,牝4,55.0,横山和生,1:47.4,2.1/2,14-13-13-10,38.3,259.0,14.0,448.0,2.0,[東]古賀史生,西森功,0.0,2016105328,1140,392,316031
202001010607,7,1,1,テイケイドルチェ,牝5,55.0,川島信二,1:47.6,1,13-13-13-10,38.5,200.9,12.0,432.0,2.0,[西]荒川義之,兼松忠男,0.0,2015104328,1062,1095,840008
202001010607,8,5,8,ヤンチャプリヒメ,牝4,55.0,丹内祐次,1:47.9,2,10-11-11-9,39.1,37.1,9.0,434.0,-2.0,[東]浅野洋一,田頭勇貴,0.0,2016102368,1091,421,855030
202001010607,9,8,14,スピーニディローザ,牝3,49.0,秋山稔樹,1:49.0,7,5-5-8-10,40.6,77.9,10.0,460.0,28.0,[東]大江原哲,矢野秀春,0.0,2017104204,1181,1012,448009
202001010607,10,3,4,ゴールデンバレット,牝3,50.0,亀田温心,1:49.5,3,3-4-4-8,41.6,209.5,13.0,468.0,0.0,[西]角田晃一,窪田芳郎,0.0,2017103781,1176,1121,208008
202001010607,11,2,2,レディグレイ,牝4,54.0,団野大成,1:49.5,クビ,12-11-11-13,40.8,27.7,8.0,468.0,2.0,[東]宗像義忠,キャロットファーム,0.0,2016104544,1180,420,486800
202001010607,12,8,13,タガノグリュック,牝3,52.0,浜中俊,1:50.2,4,3-3-2-2,42.8,10.4,5.0,494.0,0.0,[西]鈴木孝志,八木良司,0.0,2017101727,1115,1111,859002
202001010607,13,7,12,ミンデンユウカ,牝5,55.0,勝浦正樹,1:53.2,大,2-2-1-5,45.8,199.6,11.0,518.0,-4.0,[東]新開幸一,松田整二,0.0,2015101808,1025,1116,304030
202001010607,14,6,9,ウィーンソナタ,牝3,52.0,横山武史,1:54.5,8,1-1-2-14,47.1,6.0,3.0,496.0,6.0,[東]伊藤圭三,星野隆男,0.0,2017100521,1170,1023,530033
202001010608,1,8,8,シャフトオブライト,牡5,55.0,亀田温心,2:00.8,,2-2-3-2,35.1,6.2,3.0,462.0,6.0,[西]北出成人,フジワラ・ファーム,760.0,2015106174,1176,1078,616800
202001010608,2,5,5,ケルンキングダム,セ4,57.0,ルメール,2:01.0,1.1/4,6-6-6-6,34.9,4.2,2.0,440.0,6.0,[西]松田国英,谷和光彦,300.0,2016102113,5339,1011,838008
202001010608,3,4,4,マイネルエキサイト,牡4,57.0,横山武史,2:01.0,ハナ,3-3-4-4,35.2,6.3,4.0,490.0,0.0,[東]加藤士津,サラブレッドクラブ・ラフィアン,190.0,2016105756,1170,1169,546800
202001010608,4,2,2,ウインダークローズ,牡3,54.0,藤岡佑介,2:01.2,1.1/4,1-1-2-1,35.6,8.1,7.0,468.0,-6.0,[西]梅田智之,ウイン,110.0,2017101445,1093,1084,494800
202001010608,5,8,9,クロスザルビコン,牡3,53.0,団野大成,2:01.2,アタマ,7-7-8-8,34.9,4.1,1.0,446.0,4.0,[東]大和田成,小村アセットＭ,76.0,2017105117,1180,1124,783800
202001010608,6,1,1,エフティイーリス,牝4,55.0,大野拓弥,2:01.4,1.1/4,4-4-6-6,35.3,6.4,5.0,460.0,10.0,[東]金成貴史,吉野英子,0.0,2016104436,1096,1132,34030
202001010608,7,7,7,カレン,牝6,55.0,柴山雄一,2:01.5,3/4,9-9-8-8,35.2,34.6,8.0,494.0,4.0,[東]深山雅史,ミルファーム,0.0,2014105017,5243,1174,629800
202001010608,8,6,6,ボスアンルーリー,牡5,57.0,横山和生,2:01.7,1.1/4,4-4-5-4,35.8,42.8,9.0,480.0,11.0,[東]勢司和浩,佐々木幸弘,0.0,2015104457,1140,1047,746033
202001010608,9,3,3,コスモブルーノーズ,牡3,54.0,丹内祐次,2:01.9,1.1/2,8-8-1-2,36.4,7.8,6.0,422.0,2.0,[東]黒岩陽一,ビッグレッドファーム,0.0,2017101988,1091,1133,716800
202001010609,1,6,8,レースガーデン,牝4,55.0,水口優也,1:47.8,,3-4-3-2,34.5,4.3,2.0,468.0,2.0,[西]池江泰寿,金子真人ホールディングス,1528.7,2016104416,1133,1071,708800
202001010609,2,4,4,ヴァンランディ,牡4,57.0,ルメール,1:48.0,1.1/4,10-10-11-8,33.9,2.1,1.0,456.0,2.0,[東]藤沢和雄,サンデーレーシング,608.2,2016104563,5339,386,226800
202001010609,3,5,7,ルーチェデラヴィタ,牝3,52.0,国分恭介,1:48.3,1.3/4,5-5-6-4,34.7,17.3,5.0,452.0,12.0,[西]西村真幸,安原浩司,384.1,2017100796,1124,1148,271008
202001010609,4,1,1,アーチキング,セ7,57.0,池添謙一,1:48.4,3/4,6-5-4-4,34.9,7.0,3.0,516.0,-2.0,[東]木村哲也,シルクレーシング,230.0,2013110085,1032,1126,506800
202001010609,5,4,5,マハヴィル,牡5,57.0,柴山雄一,1:48.5,1/2,10-10-9-8,34.6,19.3,6.0,454.0,4.0,[西]上村洋行,社台レースホース,150.0,2015104190,5243,1168,415800
202001010609,6,5,6,シャチ,牡3,54.0,横山和生,1:48.5,ハナ,8-7-7-6,34.8,23.3,9.0,464.0,4.0,[東]小桧山悟,中村勝彦,0.0,2017102037,1140,1005,981002
202001010609,7,7,11,ビックピクチャー,牝4,55.0,藤岡佑介,1:48.5,クビ,8-9-9-8,34.6,19.5,7.0,426.0,10.0,[西]藤原英昭,廣崎利洋ＨＤ,0.0,2016103138,1093,1055,37803
202001010609,8,3,3,クラサーヴィツァ,牝4,55.0,吉田隼人,1:48.6,クビ,12-12-12-12,34.3,12.3,4.0,458.0,2.0,[東]武井亮,椎名節,0.0,2016104240,1095,1147,799033
202001010609,9,6,9,ワンダーコノシュア,牡4,57.0,石川裕紀,1:48.6,クビ,3-3-2-2,35.5,61.9,12.0,500.0,6.0,[東]斎藤誠,山本能成,0.0,2016102311,1150,1086,184033
202001010609,10,8,12,プレイヤーサムソン,牡7,57.0,田辺裕信,1:48.7,クビ,6-7-7-6,35.0,20.6,8.0,478.0,-4.0,[東]大和田成,嶋田賢,0.0,2013104025,1075,1124,399009
202001010609,11,8,13,トモジャファイブ,牡4,57.0,横山武史,1:50.0,8,2-1-1-1,37.0,41.9,11.0,496.0,-6.0,[東]鈴木伸尋,吉冨学,0.0,2016101035,1170,1026,905033
202001010609,12,7,10,ショーンガウアー,セ5,57.0,浜中俊,1:51.6,10,1-2-4-11,38.1,24.8,10.0,498.0,-2.0,[東]黒岩陽一,キャロットファーム,0.0,2015105018,1115,1133,486800
202001010609,-3,2,2,モンブランテソーロ,牡4,57.0,大野拓弥,,,,,,,,,[東]田中博康,了徳寺健二ホールディングス,0.0,2016102273,1096,1162,89803
202001010610,1,1,1,ショウナンマッシブ,牡6,57.0,横山武史,1:09.0,,7-7,33.5,4.4,2.0,476.0,2.0,[東]田中剛,国本哲秀,1526.6,2014104912,1170,1119,331002
202001010610,2,2,2,ファンシャン,牝4,55.0,秋山稔樹,1:09.0,アタマ,3-4,33.7,4.6,3.0,424.0,4.0,[東]畠山吉宏,ターフ・スポート,607.6,2016102295,1181,1048,102800
202001010610,3,4,4,ナリノメジャー,牝6,55.0,田辺裕信,1:09.2,1.1/4,1-1,34.1,11.0,7.0,470.0,-16.0,[東]上原博之,成塚清志,383.8,2014105422,1075,423,333030
202001010610,4,7,10,カステヘルミ,牝4,55.0,坂井瑠星,1:09.2,ハナ,2-2,34.1,3.8,1.0,438.0,-2.0,[東]岩戸孝樹,田頭勇貴,230.0,2016103615,1163,1051,855030
202001010610,5,6,8,ピースマインド,牡7,57.0,藤岡佑介,1:09.2,クビ,8-7,33.5,7.0,4.0,458.0,10.0,[西]宮徹,小川勲,150.0,2013100731,1093,1018,75002
202001010610,6,8,12,ウインオルビット,牡5,57.0,丹内祐次,1:09.4,1.1/4,5-5,34.0,37.7,9.0,492.0,2.0,[東]青木孝文,ウイン,0.0,2015105120,1091,1156,494800
202001010610,7,6,7,ノボベイビー,牡5,57.0,団野大成,1:09.5,1/2,5-5,34.1,10.3,6.0,490.0,-4.0,[東]天間昭一,ＬＳ．Ｍ,0.0,2015105319,1180,1090,978800
202001010610,8,7,9,セントセシリア,牝4,55.0,菱田裕二,1:09.7,1.1/4,10-9,33.7,18.2,8.0,404.0,2.0,[西]矢作芳人,田所英子,0.0,2016102768,1144,1075,635009
202001010610,9,3,3,プッシュアゲン,牡7,57.0,大野拓弥,1:09.8,3/4,9-9,34.0,96.6,10.0,506.0,4.0,[東]中野栄治,浅川皓司,0.0,2013102841,1096,1010,350004
202001010610,10,8,11,エムオータイショウ,牡4,57.0,武豊,1:10.0,1.1/4,3-3,34.8,7.7,5.0,508.0,4.0,[西]千田輝彦,大浅貢,0.0,2016103741,666,1120,481002
202001010610,11,5,6,ドヒョウギワ,牝5,55.0,黛弘人,1:11.3,8,10-11,35.3,177.0,11.0,494.0,2.0,[東]中野栄治,芳賀克也,0.0,2015100384,1109,1010,247030
202001010610,-3,5,5,グランドピルエット,牝5,55.0,横山和生,,,,,,,,,[東]田村康仁,社台レースホース,0.0,2015104337,1140,1027,415800
202001010611,1,8,13,タイムフライヤー,牡5,56.0,ルメール,1:43.4,,7-7-7-4,35.7,3.0,1.0,490.0,6.0,[西]松田国英,サンデーレーシング,3651.1,2015104107,5339,1011,226800
202001010611,2,5,8,ウェスタールンド,セ8,57.0,藤岡佑介,1:43.7,2,14-14-12-4,35.5,4.2,2.0,488.0,8.0,[西]佐々木晶,サンデーレーシング,1414.6,2012104882,1093,429,226800
202001010611,3,6,10,アナザートゥルース,セ6,58.0,大野拓弥,1:43.8,3/4,2-2-2-1,36.5,11.1,5.0,484.0,0.0,[東]高木登,ノルマンディーサラブレッドレーシング,907.3,2014104259,1096,1088,854800
202001010611,4,7,12,ハイランドピーク,牡6,56.0,横山和生,1:44.0,1,2-3-3-2,36.6,10.2,4.0,470.0,-4.0,[東]土田稔,島川隆哉,540.0,2014101727,1140,417,270006
202001010611,5,3,4,ワンダーリーデル,牡7,57.0,横山典弘,1:44.0,クビ,12-13-14-13,35.7,21.6,9.0,532.0,6.0,[西]安田翔伍,山本能成,360.0,2013102815,660,1164,184033
202001010611,6,7,11,アルクトス,牡5,56.0,田辺裕信,1:44.1,クビ,9-9-9-8,36.3,12.5,6.0,546.0,-12.0,[東]栗田徹,山口功一郎,0.0,2015100318,1075,1127,849030
202001010611,7,2,2,エアスピネル,牡7,56.0,武豊,1:44.1,クビ,4-6-6-6,36.5,6.3,3.0,488.0,0.0,[西]笹田和秀,ラッキーフィールド,0.0,2013105399,666,1104,84800
202001010611,8,5,7,ワイルドカード,牡6,56.0,北村宏司,1:44.2,1/2,10-9-10-8,36.3,42.1,12.0,532.0,-14.0,[東]木村哲也,ゴドルフィン,0.0,2014102197,1043,1126,3060
202001010611,9,4,5,アディラート,牡6,56.0,吉田隼人,1:44.8,3.1/2,7-7-7-8,37.1,36.3,10.0,508.0,-2.0,[西]須貝尚介,安原浩司,0.0,2014101173,1095,1105,271008
202001010611,10,4,6,リアンヴェリテ,牡6,56.0,国分恭介,1:44.8,クビ,1-1-1-2,37.6,17.2,7.0,484.0,-2.0,[西]中竹和也,加藤誠,0.0,2014100618,1124,1039,944030
202001010611,11,6,9,ロードゴラッソ,牡5,57.0,池添謙一,1:45.1,1.3/4,12-9-10-11,37.1,39.3,11.0,482.0,8.0,[西]藤岡健一,ロードホースクラブ,0.0,2015102374,1032,1062,170800
202001010611,12,8,14,バスカヴィル,牡6,56.0,浜中俊,1:45.5,2.1/2,4-3-3-6,38.0,55.2,13.0,482.0,-4.0,[東]加藤征弘,ゴドルフィン,0.0,2014110074,1115,1059,3060
202001010611,13,3,3,サトノティターン,牡7,56.0,藤岡康太,1:45.9,2.1/2,10-9-12-14,37.7,19.0,8.0,584.0,2.0,[東]堀宣行,里見治紀,0.0,2013106094,1116,1070,658033
202001010611,14,1,1,ヒラボクラターシュ,牡5,56.0,横山武史,1:47.0,7,4-3-3-11,39.5,69.7,14.0,530.0,7.0,[西]大久保龍,平田牧場,0.0,2015103221,1170,1058,984800
202001010612,1,5,9,エイカイマドンナ,牝5,55.0,藤岡佑介,1:08.9,,3-3,34.7,2.4,1.0,446.0,4.0,[西]藤原英昭,二木英徳,760.0,2015104546,1093,1055,683033
202001010612,2,4,8,イリスファルコン,牝6,55.0,横山和生,1:08.9,クビ,10-10,33.9,14.3,5.0,428.0,4.0,[東]南田美知,菅原広隆,300.0,2014103850,1140,437,547033
202001010612,3,1,1,ヤマニンプレシオサ,牝3,52.0,酒井学,1:09.0,1/2,7-5,34.5,15.2,6.0,468.0,-4.0,[東]星野忍,土井肇,150.0,2017103123,1034,1030,329004
202001010612,3,4,7,ナタラディーヴァ,牝4,55.0,横山武史,1:09.0,同着,6-5,34.6,40.6,11.0,444.0,6.0,[東]武藤善則,加藤裕司,150.0,2016106030,1170,1064,213033
202001010612,5,3,6,アセンダント,牝4,55.0,丹内祐次,1:09.0,クビ,4-3,34.7,16.9,8.0,464.0,2.0,[東]田島俊明,サラブレッドクラブ・ラフィアン,76.0,2016101114,1091,1112,546800
202001010612,6,6,11,グラウシュトラール,牡4,57.0,田辺裕信,1:09.1,3/4,7-8,34.6,17.6,9.0,484.0,10.0,[東]大竹正博,ノルマンディーサラブレッドレーシング,0.0,2016103620,1075,1102,854800
202001010612,7,2,3,グランフェスタ,牡3,54.0,菱田裕二,1:09.2,3/4,16-15,33.4,20.0,10.0,436.0,-4.0,[西]上村洋行,市川義美ホールディングス,0.0,2017103137,1144,1168,10803
202001010612,7,2,4,ムーンフェアリー,牝3,49.0,秋山稔樹,1:09.2,同着,12-13,33.9,65.2,13.0,454.0,4.0,[東]岩戸孝樹,村山卓也,0.0,2017106103,1181,1051,47030
202001010612,9,1,2,セレンディピア,牡3,53.0,団野大成,1:09.3,1/2,15-15,33.7,16.2,7.0,462.0,0.0,[東]尾形和幸,ノルマンディーサラブレッドレーシング,0.0,2017106640,1180,1141,854800
202001010612,10,3,5,リインフォース,牡3,52.0,亀田温心,1:09.3,クビ,11-11,34.1,6.7,2.0,458.0,-2.0,[西]石坂公一,ディアレストクラブ,0.0,2017106128,1176,1166,13803
202001010612,11,8,16,グレイトゲイナー,牡3,54.0,松田大作,1:09.4,クビ,4-5,35.1,7.3,3.0,462.0,6.0,[西]森秀行,田中慶治,0.0,2017106137,1030,427,261008
202001010612,12,6,12,クルークヴァール,牡5,57.0,池添謙一,1:09.5,3/4,1-1,35.4,9.8,4.0,474.0,2.0,[西]浅見秀一,林正道,0.0,2015104753,1032,411,675030
202001010612,13,7,14,フジマサディープ,牡4,57.0,勝浦正樹,1:09.5,クビ,9-9,34.7,70.2,14.0,486.0,-4.0,[東]菊川正達,藤原正一,0.0,2016106379,1025,1052,507007
202001010612,14,7,13,シルヴァーメテオ,牡6,57.0,吉田隼人,1:09.7,1,14-13,34.3,45.0,12.0,494.0,6.0,[東]加藤和宏,ライオンレースホース,0.0,2014103590,1095,1077,542800
202001010612,15,8,15,ネオアンビシャス,牝3,52.0,国分恭介,1:09.8,3/4,12-11,34.5,162.2,16.0,460.0,4.0,[東]林徹,ユートピア牧場,0.0,2017104475,1124,1163,310800
202001010612,16,5,10,エイカイキャロル,牝4,55.0,坂井瑠星,1:11.0,7,2-2,36.9,73.2,15.0,468.0,6.0,[西]坂口智康,二木英徳,0.0,2016102972,1163,1170,683033
202001020101,1,4,4,シティレインボー,牡2,54.0,池添謙一,1:50.3,,4-3-3-2,36.8,1.9,1.0,470.0,-4.0,[西]池添兼雄,深見富朗,510.0,2018106513,1032,1021,966002
202001020101,2,1,1,モリノカンナチャン,牝2,54.0,横山和生,1:50.6,2,2-2-2-1,37.3,2.8,2.0,426.0,-2.0,[東]大江原哲,森和久,200.0,2018105722,1140,1012,698033
202001020101,3,3,3,メモラーブル,牝2,54.0,大野拓弥,1:51.8,7,5-5-6-4,37.7,9.4,4.0,446.0,4.0,[東]武藤善則,吉田晴哉,130.0,2018105450,1096,1064,231033
202001020101,4,5,5,セイウンオードリー,牡2,53.0,団野大成,1:53.0,7,1-1-1-3,39.8,7.0,3.0,500.0,0.0,[東]深山雅史,西山茂行,77.0,2018105621,1180,1174,897009
202001020101,5,2,2,マクシミリアン,牡2,54.0,藤岡佑介,1:54.2,7,3-3-4-4,40.4,47.3,6.0,442.0,2.0,[西]奥村豊,ターフ・スポート,51.0,2018100174,1093,1146,102800
202001020101,6,6,6,トーセンケビン,牡2,54.0,菱田裕二,1:55.3,7,5-5-5-6,41.4,19.4,5.0,498.0,0.0,[東]本間忍,島川隆哉,0.0,2018105666,1144,1056,270006
202001020102,1,7,8,サノカポ,牝2,51.0,秋山稔樹,0:59.4,,1-1,35.6,16.2,6.0,416.0,6.0,[東]中野栄治,佐野信幸,510.0,2018101608,1181,1010,735033
202001020102,2,5,5,インディナート,牝2,53.0,団野大成,0:59.5,1/2,3-3,35.4,2.2,1.0,452.0,8.0,[西]浅見秀一,梶本尚嗣,200.0,2018102663,1180,411,956033
202001020102,3,2,2,サブロンカズマ,牡2,54.0,池添謙一,0:59.7,1.1/2,5-4,35.3,4.0,2.0,458.0,0.0,[西]安田隆行,雅苑興業,130.0,2018105007,1032,438,879800
202001020102,4,7,7,キンバ,牡2,54.0,松田大作,1:00.0,1.3/4,2-2,36.2,7.4,4.0,434.0,2.0,[西]武英智,ケーエスＨＤ,77.0,2018104407,1030,1161,334803
202001020102,5,3,3,リルブラーヴ,牡2,54.0,ルメール,1:00.4,2.1/2,3-4,36.3,11.5,5.0,470.0,4.0,[東]加藤征弘,Ｊ．ウィルソン,51.0,2018104013,5339,1059,34060
202001020102,6,1,1,ドナヴォルタ,牝2,52.0,亀田温心,1:01.1,4,5-6,36.8,50.3,7.0,476.0,0.0,[西]石坂公一,ディアレストクラブ,0.0,2018103717,1176,1166,13803
202001020102,7,6,6,ナムラアダーラ,牝2,54.0,丹内祐次,1:01.2,クビ,9-6,36.5,73.8,9.0,454.0,10.0,[東]石栗龍彦,奈村睦弘,0.0,2018106716,1091,1043,972002
202001020102,8,8,9,ヴァラマイト,牡2,54.0,大野拓弥,1:01.5,1.3/4,7-8,37.0,6.2,3.0,478.0,-6.0,[東]清水英克,ローレルレーシング,0.0,2018101388,1096,1080,32800
202001020102,9,8,10,エクシダス,牡2,54.0,落合玄太,1:02.3,5,7-8,37.7,73.2,8.0,470.0,0.0,[西]小崎憲,ニッシンホールディングス,0.0,2018100735,5578,1085,318803
202001020102,10,4,4,サンデンビスタ,牝2,54.0,加藤祥太,1:03.3,6,10-10,37.5,258.6,10.0,424.0,8.0,[西]西橋豊治,山田春枝,0.0,2018103951,1156,434,375008
202001020103,1,5,7,ニンギルス,牡3,53.0,秋山稔樹,1:44.9,,7-7-8-5,37.2,10.7,4.0,450.0,4.0,[西]鈴木孝志,武田茂男,510.0,2017103048,1181,1111,473008
202001020103,2,3,4,レッドシリウス,牡3,56.0,横山和生,1:45.2,2,4-4-4-2,37.7,3.8,2.0,538.0,10.0,[西]千田輝彦,高野葉子,200.0,2017106231,1140,1120,163008
202001020103,3,1,1,ケイアイタカプナ,牡3,56.0,大野拓弥,1:45.5,1.3/4,4-6-4-6,38.0,2.2,1.0,468.0,2.0,[東]田村康仁,亀田和弘,130.0,2017101743,1096,1027,331803
202001020103,4,4,6,ウラワザテクニック,牡3,56.0,丹内祐次,1:45.6,クビ,2-2-2-1,38.4,15.0,6.0,480.0,4.0,[東]宗像義忠,薗部博之,77.0,2017100166,1091,420,960006
202001020103,5,5,8,ビットクラッシャー,牡3,56.0,ルメール,1:45.6,アタマ,12-9-4-2,38.1,6.2,3.0,472.0,2.0,[西]須貝尚介,安原浩司,51.0,2017105263,5339,1105,271008
202001020103,6,6,10,サイモンバトラー,牡3,56.0,黛弘人,1:46.0,2.1/2,13-13-9-8,38.2,120.7,12.0,458.0,0.0,[東]勢司和浩,澤田昭紀,0.0,2017102604,1109,1047,132030
202001020103,7,8,13,イチジン,牡3,56.0,水口優也,1:46.3,2,13-13-13-10,38.1,140.7,13.0,450.0,4.0,[西]田所秀孝,深見富朗,0.0,2017103588,1133,1009,966002
202001020103,8,8,14,スティーヴン,牡3,56.0,柴山雄一,1:46.4,3/4,8-7-4-6,38.9,86.9,11.0,482.0,8.0,[西]浅見秀一,林正道,0.0,2017105288,5243,411,675030
202001020103,9,7,11,ベルラガッツォ,セ3,56.0,池添謙一,1:46.6,1.1/4,2-3-3-2,39.3,14.5,5.0,488.0,0.0,[東]稲垣幸雄,シルクレーシング,0.0,2017105539,1032,1167,506800
202001020103,10,4,5,メイショウニタボウ,牡3,56.0,川島信二,1:46.7,クビ,10-9-11-10,38.8,64.6,10.0,506.0,-8.0,[西]飯田祐史,松本好雄,0.0,2017102927,1062,1139,523005
202001020103,11,6,9,リョウランハート,牡3,56.0,吉田隼人,1:47.2,3,10-12-12-12,39.2,20.4,7.0,472.0,8.0,[東]小野次郎,佐藤啓子,0.0,2017101568,1095,1125,606033
202001020103,12,3,3,スズカサウスソング,牡3,56.0,加藤祥太,1:49.3,大,1-1-1-8,42.1,24.3,8.0,492.0,8.0,[西]橋田満,永井啓弍,0.0,2017103497,1156,362,382004
202001020103,13,7,12,シャークスコーブ,牡3,55.0,団野大成,1:49.4,クビ,6-4-9-13,41.6,33.3,9.0,456.0,-4.0,[東]上原博之,シルクレーシング,0.0,2017105664,1180,423,506800
202001020103,14,2,2,テイエムシュンソク,牡3,56.0,菱田裕二,1:50.2,5,8-9-14-14,41.8,143.4,14.0,520.0,12.0,[西]飯田雄三,竹園正繼,0.0,2017101742,1144,1050,356002
202001020104,1,5,6,フィーユレヴーズ,牝3,54.0,横山武史,0:58.6,,2-2,35.0,1.9,1.0,450.0,6.0,[東]斎藤誠,小田吉男,510.0,2017100040,1170,1086,268008
202001020104,2,4,4,カテドラルロック,牝3,51.0,山田敬士,0:58.8,1.1/4,2-3,35.1,14.0,4.0,430.0,6.0,[東]石毛善彦,ライオンレースホース,200.0,2017105833,1173,428,542800
202001020104,3,6,7,ペプチドシンデレラ,牝3,54.0,松田大作,0:58.8,アタマ,1-1,35.3,5.4,3.0,432.0,2.0,[西]武英智,沼川一彦,130.0,2017105997,1030,1161,500007
202001020104,4,8,12,ホウオウエインセル,牝3,54.0,川島信二,0:58.8,クビ,5-4,34.9,32.8,9.0,460.0,-8.0,[西]須貝尚介,小笹芳央,77.0,2017105083,1062,1105,906033
202001020104,5,2,2,コンゴウレイワ,牝3,53.0,団野大成,0:59.1,1.1/2,5-6,35.2,4.5,2.0,456.0,-4.0,[西]佐々木晶,金岡久夫,25.5,2017103798,1180,429,557006
202001020104,5,6,8,モズトリプルエー,牡3,56.0,吉田隼人,0:59.1,同着,8-8,34.9,19.7,6.0,480.0,-4.0,[西]鮫島一歩,キャピタル・システム,25.5,2017100946,1095,1046,5803
202001020104,7,7,9,マーブルレディー,牝3,54.0,池添謙一,0:59.1,ハナ,8-8,34.9,17.9,5.0,452.0,14.0,[西]池添兼雄,下村直,0.0,2017102671,1032,1021,90006
202001020104,8,8,11,トーレスデルパイネ,牝3,54.0,黛弘人,0:59.3,1,2-4,35.6,20.2,7.0,470.0,0.0,[東]萱野浩二,ミルファーム,0.0,2017103186,1109,1024,629800
202001020104,9,7,10,スズノレイラ,牝3,54.0,石川裕紀,0:59.5,1.1/2,10-11,35.1,67.2,11.0,474.0,0.0,[東]高橋裕,小紫嘉之,0.0,2017104226,1150,412,835030
202001020104,10,1,1,サンドジョーカー,牡3,53.0,秋山稔樹,0:59.6,1/2,10-8,35.3,38.1,10.0,494.0,-4.0,[西]高橋康之,ＹＧＧホースクラブ,0.0,2017100830,1181,1135,188800
202001020104,11,5,5,ワイルドキャット,牝3,54.0,菱田裕二,0:59.7,3/4,12-12,34.8,29.0,8.0,426.0,0.0,[西]西橋豊治,岡田隆寛,0.0,2017103358,1144,434,55030
202001020104,12,3,3,クレスコアンジェラ,牝3,54.0,古川吉洋,1:00.5,5,5-6,36.6,98.8,12.0,468.0,12.0,[西]長谷川浩,堀川三郎,0.0,2017104594,1015,1173,143007
202001020105,1,5,5,エイボンクリフ,牝2,54.0,ルメール,1:31.5,,1-1-1,35.3,2.2,1.0,422.0,0.0,[西]庄野靖志,吉田勝己,700.0,2018105391,5339,1087,790005
202001020105,2,2,2,フラリオナ,牝2,54.0,吉田隼人,1:31.6,1/2,3-3-3,35.1,3.5,3.0,414.0,0.0,[西]武幸四郎,大冨智弘,280.0,2018104825,1095,1160,73803
202001020105,3,3,3,ソルティエラ,牝2,54.0,池添謙一,1:32.2,4,2-2-2,35.9,2.9,2.0,460.0,0.0,[西]小崎憲,服部統祥,180.0,2018100710,1032,1085,989033
202001020105,4,4,4,カーラミーア,牝2,54.0,横山和生,1:32.3,3/4,3-3-3,35.8,17.7,5.0,430.0,0.0,[東]藤原辰雄,ヒダカ・ブリーダーズ・ユニオン,110.0,2018103712,1140,435,547800
202001020105,5,1,1,コンジェラメント,牝2,54.0,柴山雄一,1:32.6,2,5-5-5,35.6,14.8,4.0,424.0,0.0,[西]武幸四郎,吉田晴哉,70.0,2018105437,5243,1160,231033
202001020106,1,6,11,バルバレスコ,牝3,54.0,横山武史,2:02.8,,1-1-1-1,37.3,3.1,1.0,472.0,2.0,[東]宗像義忠,シルクレーシング,510.0,2017105663,1170,420,506800
202001020106,2,8,15,ウォーターハミング,牝3,54.0,菱田裕二,2:03.0,1.1/4,16-16-10-4,37.0,19.7,7.0,454.0,6.0,[西]岡田稲男,山岡良一,200.0,2017103133,1144,1066,538009
202001020106,3,7,13,サクライロ,牝3,54.0,ルメール,2:03.0,ハナ,3-3-2-2,37.4,4.3,2.0,440.0,-10.0,[東]木村哲也,キャロットファーム,130.0,2017105559,5339,1126,486800
202001020106,4,5,9,カノア,牝3,53.0,団野大成,2:03.0,アタマ,8-8-7-6,37.1,6.8,4.0,448.0,-4.0,[西]牧田和弥,ニッシンホールディングス,77.0,2017104298,1180,1123,318803
202001020106,5,1,1,ララロトリー,セ3,56.0,大庭和弥,2:03.1,3/4,6-6-10-9,37.1,11.2,5.0,464.0,-6.0,[東]粕谷昌央,フジイ興産,51.0,2017103108,1061,1096,851800
202001020106,6,2,4,グレーフェンベルク,牡3,56.0,藤岡佑介,2:03.2,3/4,13-13-14-9,36.9,4.9,3.0,462.0,0.0,[西]浅見秀一,Ｇ１レーシング,0.0,2017105345,1093,411,808800
202001020106,7,2,3,ラジゼル,牝3,51.0,秋山稔樹,2:03.3,クビ,3-5-7-6,37.4,54.8,12.0,422.0,-2.0,[西]鮫島一歩,安原浩司,0.0,2017103379,1181,1046,271008
202001020106,8,4,8,カレンブラッキーナ,牝3,54.0,池添謙一,2:03.5,1.1/4,11-11-14-13,37.2,18.3,6.0,448.0,-2.0,[西]平田修,鈴木隆司,0.0,2017105581,1032,1082,869006
202001020106,9,5,10,ショウナンハリマオ,牡3,56.0,大野拓弥,2:03.9,2.1/2,9-8-4-4,38.2,24.3,8.0,494.0,-6.0,[東]国枝栄,国本哲秀,0.0,2017104525,1096,399,331002
202001020106,10,6,12,ジレーネ,牝3,54.0,坂井瑠星,2:03.9,クビ,2-2-2-2,38.4,39.0,9.0,410.0,2.0,[西]高野友和,Ｇ１レーシング,0.0,2017105115,1163,1117,808800
202001020106,11,3,6,マイネルチェスト,牡3,56.0,丹内祐次,2:04.0,クビ,9-10-10-11,37.9,51.4,11.0,454.0,-8.0,[東]高橋祥泰,サラブレッドクラブ・ラフィアン,0.0,2017101935,1091,359,546800
202001020106,12,7,14,ホウオウトラスト,牡3,56.0,黛弘人,2:04.0,ハナ,6-6-5-6,38.2,45.6,10.0,472.0,2.0,[東]池上昌和,小笹芳央,0.0,2017103312,1109,1150,906033
202001020106,13,3,5,マテンロウヒーロー,牡3,54.0,亀田温心,2:05.3,8,13-13-5-11,39.5,66.6,13.0,472.0,8.0,[西]角田晃一,寺田秀樹,0.0,2017106551,1176,1121,753030
202001020106,14,8,16,アンデュレイト,牡3,56.0,加藤祥太,2:05.4,クビ,12-11-10-13,39.3,241.2,16.0,510.0,6.0,[西]高柳大輔,ノルマンディーサラブレッドレーシング,0.0,2017102551,1156,1159,854800
202001020106,15,1,2,グラスフレイバー,牡3,56.0,松田大作,2:05.5,3/4,3-3-7-15,39.6,179.2,14.0,466.0,-2.0,[東]松永康利,尾田信夫,0.0,2017106352,1030,1093,236033
202001020106,16,4,7,カメキチ,牝3,54.0,川島信二,2:06.6,7,13-13-16-15,40.1,195.4,15.0,460.0,2.0,[西]中竹和也,加藤誠,0.0,2017110171,1062,1039,944030
202001020107,1,6,7,アイファーアクター,牡4,54.0,秋山稔樹,1:44.0,,2-2-2-2,36.6,19.9,7.0,482.0,10.0,[東]伊藤伸一,中島稔,760.0,2016100170,1181,1031,119007
202001020107,2,7,9,クレパト,牝3,52.0,坂井瑠星,1:44.0,アタマ,3-3-2-2,36.6,6.6,4.0,448.0,-2.0,[西]矢作芳人,小川眞査雄,300.0,2017110060,1163,1075,42033
202001020107,3,8,12,ダンスメーカー,牡5,57.0,横山和生,1:45.0,6,10-10-7-5,37.1,3.4,2.0,486.0,0.0,[東]戸田博文,Ｇ１レーシング,190.0,2015104149,1140,1054,808800
202001020107,4,6,8,テイケイドルチェ,牝5,55.0,川島信二,1:45.3,1.3/4,6-6-9-8,37.2,44.7,9.0,424.0,-8.0,[西]荒川義之,兼松忠男,110.0,2015104328,1062,1095,840008
202001020107,5,2,2,ディーグランデ,セ6,57.0,勝浦正樹,1:45.3,ハナ,9-8-5-4,37.7,15.9,6.0,472.0,4.0,[東]鹿戸雄一,嶋田賢,76.0,2014104973,1025,1097,399009
202001020107,6,4,4,ファイナルマズル,牡4,57.0,丹内祐次,1:45.4,3/4,6-6-6-5,37.6,4.5,3.0,472.0,4.0,[東]岩戸孝樹,ノルマンディーサラブレッドレーシング,0.0,2016105530,1091,1051,854800
202001020107,7,1,1,エンペラーズパレス,牡3,54.0,水口優也,1:46.2,5,1-1-1-1,39.0,3.4,1.0,500.0,8.0,[西]羽月友彦,山上和良,0.0,2017103422,1133,1091,851007
202001020107,8,5,6,デルマトルマリン,牝3,50.0,亀田温心,1:46.2,ハナ,6-8-12-11,37.8,29.6,8.0,464.0,-6.0,[西]牧田和弥,浅沼廣幸,0.0,2017104764,1176,1123,274002
202001020107,9,7,10,ファーステストクー,牝3,52.0,黛弘人,1:46.2,アタマ,10-10-10-10,38.0,220.4,12.0,468.0,4.0,[東]南田美知,荒井城志,0.0,2017103058,1109,437,66031
202001020107,10,3,3,ネーロルチェンテ,牝3,51.0,団野大成,1:46.3,3/4,3-3-4-5,38.8,9.0,5.0,502.0,2.0,[地]米川昇,眞保榮稔,0.0,2017100663,1180,5509,837033
202001020107,11,8,11,セイカタチバナ,牡3,54.0,柴山雄一,1:47.0,4,12-12-10-11,38.8,128.0,11.0,482.0,-2.0,[東]南田美知,久米大,0.0,2017101516,5243,437,284008
202001020107,12,5,5,スピーニディローザ,牝3,49.0,山田敬士,1:47.0,ハナ,3-5-7-8,39.1,93.4,10.0,456.0,-4.0,[東]大江原哲,矢野秀春,0.0,2017104204,1173,1012,448009
202001020108,1,8,8,ヒシエレガンス,牡3,54.0,ルメール,2:42.4,,4-4-3-3,36.2,4.3,3.0,490.0,0.0,[東]堀宣行,阿部雅英,760.0,2017105238,5339,1070,44008
202001020108,2,5,5,ラヴィンジャー,牝4,55.0,古川吉洋,2:42.5,3/4,5-5-5-2,36.0,8.2,4.0,432.0,4.0,[東]小島茂之,丸山担,300.0,2016105270,1015,1068,922030
202001020108,3,3,3,ウインローズブーケ,牝3,52.0,横山武史,2:42.8,1.1/2,1-1-1-1,37.0,3.7,2.0,438.0,4.0,[西]吉田直弘,ウイン,190.0,2017101451,1170,1101,494800
202001020108,4,2,2,アーリンアーリン,牝3,50.0,亀田温心,2:43.6,5,8-8-8-7,36.6,8.3,5.0,430.0,-8.0,[西]寺島良,吉田勝利,110.0,2017101850,1176,1158,554008
202001020108,5,6,6,ウシュバテソーロ,牡3,54.0,大野拓弥,2:43.8,1.1/4,7-7-6-5,37.1,2.3,1.0,510.0,2.0,[東]高木登,了徳寺健二ホールディングス,76.0,2017103843,1096,1088,89803
202001020108,6,7,7,ナミブ,セ4,57.0,荻野琢真,2:43.9,1/2,2-2-2-3,38.0,20.2,6.0,444.0,2.0,[東]南田美知,ミルファーム,0.0,2016100742,1112,437,629800
202001020108,7,4,4,マイネルクロンヌ,牡3,54.0,丹内祐次,2:45.6,大,6-6-6-7,38.9,36.5,7.0,512.0,-6.0,[東]手塚貴久,サラブレッドクラブ・ラフィアン,0.0,2017102952,1091,1038,546800
202001020108,8,1,1,イルルーメ,牡5,56.0,団野大成,2:47.5,大,3-3-3-6,41.3,58.6,8.0,492.0,-2.0,[東]鈴木伸尋,西森功,0.0,2015103128,1180,1026,316031
202001020109,1,8,13,キーダイヤ,牝3,52.0,横山武史,1:09.3,,1-1,35.6,3.2,2.0,454.0,10.0,[西]藤岡健一,青山洋一,760.0,2017106131,1170,1062,15008
202001020109,2,5,6,ナタラディーヴァ,牝4,55.0,吉田隼人,1:09.6,1.1/2,10-7,34.7,9.1,4.0,438.0,-6.0,[東]武藤善則,加藤裕司,300.0,2016106030,1095,1064,213033
202001020109,3,4,4,ホーリーライン,牝4,55.0,ルメール,1:09.6,ハナ,3-3,35.3,3.1,1.0,440.0,4.0,[東]矢野英一,ノルマンディーサラブレッドレーシング,190.0,2016100319,5339,1108,854800
202001020109,4,7,10,フローラルドレス,牝3,52.0,石川裕紀,1:09.6,クビ,13-12,34.4,41.9,10.0,418.0,-6.0,[東]伊藤大士,高橋正雄,110.0,2017106302,1150,1109,665033
202001020109,5,7,11,ポーカークイーン,牝3,52.0,坂井瑠星,1:09.7,1/2,12-10,34.7,15.0,6.0,432.0,8.0,[西]吉岡辰弥,三嶋牧場,76.0,2017106379,1163,1176,363800
202001020109,6,6,9,ピュリフィアン,牝3,49.0,秋山稔樹,1:09.8,クビ,6-7,35.1,5.0,3.0,408.0,-8.0,[西]松下武士,野嶋祥二,0.0,2017101756,1181,1149,258033
202001020109,7,5,7,エクスチェンジ,牝3,50.0,亀田温心,1:10.0,1.1/2,5-4,35.6,171.3,12.0,478.0,12.0,[西]加用正,宮川純造,0.0,2017106247,1176,425,350002
202001020109,8,6,8,ネイジュ,牝3,52.0,大野拓弥,1:10.0,クビ,2-2,36.0,18.7,7.0,438.0,4.0,[東]中川公成,島川隆哉,0.0,2017104372,1096,1081,270006
202001020109,9,3,3,ファクトゥーラ,牝4,54.0,団野大成,1:10.1,クビ,6-7,35.5,14.4,5.0,462.0,8.0,[西]吉村圭司,キャロットファーム,0.0,2016104448,1180,1130,486800
202001020109,10,4,5,タカミツリリー,牝5,55.0,勝浦正樹,1:10.1,クビ,6-4,35.4,26.3,8.0,474.0,2.0,[東]高橋裕,アラキファーム,0.0,2015100051,1025,412,471800
202001020109,11,2,2,レディフォリア,牝3,52.0,古川吉洋,1:10.6,3,3-4,36.3,54.6,11.0,448.0,8.0,[西]松永昌博,吉岡泰治,0.0,2017104089,1015,1083,265005
202001020109,12,8,12,レイナブローニュ,牝4,55.0,池添謙一,1:11.0,2.1/2,10-10,36.1,32.1,9.0,464.0,2.0,[東]古賀慎明,山本又一郎,0.0,2016100033,1032,1079,972033
202001020109,13,1,1,ラインキャロット,牝3,52.0,丹内祐次,1:12.2,7,9-13,37.4,284.1,13.0,438.0,8.0,[東]水野貴広,大澤繁昌,0.0,2017104859,1091,1094,796002
202001020110,1,6,6,ウインアグライア,牝2,54.0,横山武史,1:50.0,,3-3-3-3,35.2,3.2,2.0,460.0,12.0,[東]和田雄二,ウイン,1616.8,2018101617,1170,1143,494800
202001020110,2,7,7,カランドゥーラ,牡2,54.0,ルメール,1:50.1,1/2,4-4-4-4,35.1,2.1,1.0,470.0,-10.0,[東]藤沢和雄,窪田芳郎,644.8,2018105321,5339,386,208008
202001020110,3,8,8,コスモアシュラ,牡2,54.0,丹内祐次,1:50.5,2.1/2,1-1-1-1,36.5,4.1,3.0,484.0,-4.0,[東]中野栄治,岡田繁幸,402.4,2018103517,1091,1010,760008
202001020110,4,5,5,リーブラテソーロ,牡2,54.0,大野拓弥,1:50.7,1.1/4,2-2-2-2,36.4,14.8,4.0,454.0,-2.0,[東]加藤士津,了徳寺健二ホールディングス,240.0,2018100998,1096,1169,89803
202001020110,5,4,4,シンタロウ,牡2,54.0,落合玄太,1:52.3,10,7-6-5-5,36.5,32.5,6.0,504.0,4.0,[地]田中淳司,中田和宏,160.0,2018101319,5578,5630,573002
202001020110,6,3,3,モリノオーシャン,牝2,54.0,阿部龍,1:53.1,5,4-5-5-7,37.4,62.3,7.0,452.0,-20.0,[地]角川秀樹,森和久,0.0,2018106228,5492,5311,698033
202001020110,7,2,2,リュミエール,牡2,54.0,桑村真明,1:53.5,2.1/2,7-8-8-8,36.9,123.1,8.0,466.0,-10.0,[地]角川秀樹,ユートピア牧場,0.0,2018105796,5411,5311,310800
202001020110,8,1,1,ラッキードリーム,牡2,54.0,藤岡佑介,1:53.6,1/2,6-6-5-6,37.8,17.7,5.0,486.0,-2.0,[地]林和弘,林正夫,0.0,2018104021,1093,5111,909031
202001020111,1,1,1,ソリストサンダー,牡5,57.0,横山武史,1:42.4,,9-9-9-4,35.9,3.8,1.0,484.0,6.0,[西]高柳大輔,村上稔,1849.4,2015100902,1170,1159,870004
202001020111,2,5,8,ライジングドラゴン,牡5,57.0,吉田隼人,1:42.7,2,2-3-3-1,37.0,7.4,4.0,452.0,-2.0,[西]吉田直弘,鈴木義孝,738.4,2015100958,1095,1101,820009
202001020111,3,5,7,カフジジュピター,牡4,57.0,池添謙一,1:43.1,2.1/2,12-12-9-8,36.6,10.9,6.0,464.0,4.0,[西]矢作芳人,加藤守,464.2,2016106428,1032,1075,19004
202001020111,4,4,6,ゲンパチルシファー,牡4,57.0,川島信二,1:43.1,ハナ,4-4-4-4,37.1,4.2,2.0,510.0,2.0,[西]佐々木晶,平野武志,270.0,2016101745,1062,429,689002
202001020111,5,8,14,ダンツキャッスル,牡4,57.0,菱田裕二,1:43.1,アタマ,6-6-4-6,37.1,5.6,3.0,480.0,2.0,[西]谷潔,山元哲二,182.0,2016101093,1144,431,248005
202001020111,6,8,13,ビービーガウディ,牡6,57.0,大野拓弥,1:43.2,3/4,14-14-13-13,36.1,22.4,8.0,478.0,0.0,[東]久保田貴,坂東牧場,0.0,2014105851,1096,1067,185800
202001020111,7,7,12,フクノグリュック,牡8,57.0,黛弘人,1:43.3,クビ,12-12-12-11,36.5,39.1,11.0,528.0,4.0,[東]杉浦宏昭,福島祐子,0.0,2012101232,1109,1008,159033
202001020111,8,6,10,シベリウス,牡7,57.0,横山和生,1:43.4,1/2,10-9-9-8,36.9,15.1,7.0,470.0,4.0,[東]藤原辰雄,浅田次郎,0.0,2013104137,1140,435,108007
202001020111,9,7,11,グラスブルース,牡6,57.0,松田大作,1:43.5,3/4,8-6-7-6,37.3,81.3,13.0,522.0,-6.0,[東]牧光二,半沢,0.0,2014104550,1030,1106,541800
202001020111,10,6,9,フローラルパーク,牝4,55.0,水口優也,1:44.0,3,6-6-7-10,37.8,48.3,12.0,498.0,0.0,[東]加藤征弘,高橋正雄,0.0,2016100885,1133,1059,665033
202001020111,11,4,5,ユニコーンライオン,牡4,57.0,坂井瑠星,1:45.1,7,2-2-2-2,39.5,24.9,9.0,524.0,12.0,[西]矢作芳人,ライオンレースホース,0.0,2016110103,1163,1075,542800
202001020111,12,3,4,メダリオンモチーフ,牝5,55.0,藤岡佑介,1:45.1,アタマ,1-1-1-3,39.5,10.1,5.0,452.0,10.0,[東]中舘英二,吉田和美,0.0,2015104932,1093,1153,138007
202001020111,13,2,2,トイガー,牡4,57.0,柴山雄一,1:47.5,大,4-4-4-11,41.5,26.9,10.0,548.0,-10.0,[東]加藤士津,節英司,0.0,2016100360,5243,1169,390002
202001020111,-1,3,3,タイキダイヤモンド,牡6,57.0,石川裕紀,,,,,,,,,[東]萱野浩二,大樹ファーム,0.0,2014103486,1150,1024,536800
202001020112,1,6,8,オースミカテドラル,牡4,57.0,菱田裕二,1:29.1,,7-7-4,34.8,6.4,4.0,464.0,4.0,[西]高橋亮,オースミ,1529.4,2016105211,1144,1136,712800
202001020112,2,6,7,ルーチェデラヴィタ,牝3,52.0,団野大成,1:29.2,1/2,5-5-2,35.2,6.0,3.0,446.0,-6.0,[西]西村真幸,安原浩司,608.4,2017100796,1180,1148,271008
202001020112,3,3,3,プレトリア,セ5,57.0,大野拓弥,1:29.3,1/2,8-9-7,34.7,4.1,2.0,468.0,8.0,[東]中川公成,多田賢司,384.2,2015103675,1096,1081,281033
202001020112,4,7,10,ワンダーアフィラド,牡4,57.0,吉田隼人,1:29.5,1.1/4,1-2-1,35.9,27.2,7.0,490.0,-8.0,[西]寺島良,山本能成,230.0,2016102439,1095,1158,184033
202001020112,5,5,6,カヌメラビーチ,牡4,57.0,ルメール,1:29.6,3/4,3-3-4,35.8,2.3,1.0,478.0,2.0,[西]須貝尚介,金子真人ホールディングス,150.0,2016104232,5339,1105,708800
202001020112,6,8,11,レッドカード,牝3,52.0,落合玄太,1:29.6,アタマ,3-3-4,35.8,37.8,9.0,492.0,-6.0,[地]林和弘,バンブー牧場,0.0,2017103090,5578,5111,160800
202001020112,7,4,4,ベッラヴォルタ,牝3,52.0,亀田温心,1:29.6,クビ,11-12-11,34.6,35.4,8.0,490.0,12.0,[西]加用正,ディアレストクラブ,0.0,2017102638,1176,425,13803
202001020112,8,1,1,プッシュアゲン,牡7,57.0,黛弘人,1:29.8,1.1/4,8-8-7,35.4,121.7,11.0,506.0,0.0,[東]中野栄治,浅川皓司,0.0,2013102841,1109,1010,350004
202001020112,9,2,2,エン,牡3,52.0,丹内祐次,1:30.1,1.1/2,5-5-7,36.0,18.9,6.0,464.0,2.0,[東]青木孝文,岡田繁幸,0.0,2017110165,1091,1156,760008
202001020112,10,7,9,エバンタイユドール,牝3,52.0,山田敬士,1:30.7,3.1/2,12-10-10,35.9,52.4,10.0,500.0,-8.0,[東]小桧山悟,井上久光,0.0,2017100327,1173,1005,959030
202001020112,11,8,12,サイモンサーマル,セ5,57.0,柴山雄一,1:31.0,2,10-10-12,36.2,201.3,12.0,494.0,8.0,[東]根本康広,澤田昭紀,0.0,2015106466,5243,1029,132030
202001020112,12,5,5,ヨハネスボーイ,牡3,54.0,阿部龍,1:31.1,1/2,2-1-2,37.6,12.8,5.0,470.0,-6.0,[地]桧森邦夫,森永正志,0.0,2017102195,5492,5108,928031
202001020201,1,8,8,アンチエイジング,牝2,51.0,山田敬士,1:10.9,,6-5,36.0,25.6,6.0,446.0,-12.0,[東]小桧山悟,福田光博,510.0,2018100592,1173,1005,615030
202001020201,2,2,2,ボルゲリ,牡2,54.0,古川吉洋,1:11.1,1,3-3,36.5,1.9,1.0,486.0,0.0,[東]大江原哲,チームユッキレーシング,200.0,2018100955,1015,1012,69700
202001020201,3,6,6,ショウナンアシュア,牡2,54.0,池添謙一,1:11.3,1.1/4,6-5,36.5,7.2,3.0,468.0,2.0,[西]池添兼雄,国本哲秀,130.0,2018103165,1032,1021,331002
202001020201,4,5,5,プラチナレディ,牝2,53.0,団野大成,1:11.4,3/4,2-1,37.0,12.3,5.0,426.0,0.0,[東]伊藤大士,細谷典幸,77.0,2018100989,1180,1109,443007
202001020201,5,7,7,ニシノカオリード,牝2,54.0,大野拓弥,1:11.6,1.1/4,3-4,36.9,11.1,4.0,438.0,14.0,[東]杉浦宏昭,西山茂行,51.0,2018101003,1096,1008,897009
202001020201,6,4,4,ドリップワン,牝2,51.0,秋山稔樹,1:11.7,クビ,8-8,36.3,94.2,8.0,402.0,4.0,[東]堀井雅広,ターフ・スポート,0.0,2018103033,1181,436,102800
202001020201,7,1,1,ネオペトリコール,牝2,52.0,亀田温心,1:13.4,大,3-7,38.7,56.8,7.0,402.0,0.0,[東]粕谷昌央,平川浩之,0.0,2018103956,1176,1096,136007
202001020201,8,3,3,ビーナスオーキッド,牝2,54.0,横山武史,1:13.9,3,1-2,39.6,3.4,2.0,460.0,-4.0,[東]水野貴広,助川啓一,0.0,2018101480,1170,1094,136030
202001020202,1,2,2,アドマイヤメティス,牝3,54.0,ルメール,1:45.0,,6-5-4-4,37.5,7.4,4.0,422.0,6.0,[西]須貝尚介,近藤旬子,510.0,2017105343,5339,1105,535031
202001020202,2,6,10,アマデトワール,牝3,54.0,石川裕紀,1:45.8,5,5-5-4-5,38.2,35.8,10.0,448.0,2.0,[西]高橋康之,ノースヒルズ,200.0,2017104334,1150,1135,788800
202001020202,3,5,7,イデアル,牝3,54.0,坂井瑠星,1:46.0,1.1/2,7-7-7-5,38.2,7.6,5.0,436.0,0.0,[西]矢作芳人,社台レースホース,130.0,2017104911,1163,1075,415800
202001020202,4,7,12,グッドラックスター,牝3,54.0,荻野琢真,1:46.3,1.3/4,11-9-11-7,38.2,4.9,3.0,440.0,6.0,[西]野中賢二,ヌデ嶋孝司,77.0,2017106389,1112,1098,630009
202001020202,5,3,4,ビハインドザサン,牝3,53.0,団野大成,1:46.3,クビ,4-4-2-1,39.0,4.5,2.0,520.0,6.0,[西]吉村圭司,ゴドルフィン,51.0,2017106605,1180,1130,3060
202001020202,6,3,3,ノーブルローズ,牝3,54.0,大野拓弥,1:46.5,1,9-9-7-8,38.7,11.2,6.0,448.0,2.0,[東]高柳瑞樹,吉木伸彦,0.0,2017103953,1096,1118,755030
202001020202,7,8,14,プラットフォーマー,牝3,54.0,黛弘人,1:46.5,ハナ,3-2-2-2,39.3,22.8,8.0,444.0,-12.0,[東]矢野英一,青山洋一,0.0,2017105018,1109,1108,15008
202001020202,8,4,5,バーミーズ,牝3,54.0,丹内祐次,1:47.4,5,1-1-1-3,40.2,3.9,1.0,470.0,14.0,[西]飯田雄三,サラブレッドクラブ・ラフィアン,0.0,2017104160,1091,1050,546800
202001020202,9,6,9,ノーブルルビー,牝3,54.0,柴山雄一,1:47.7,1.1/2,9-9-10-8,39.8,86.2,12.0,484.0,0.0,[西]牧浦充徳,吉木伸彦,0.0,2017103877,5243,1113,755030
202001020202,10,7,11,ピノタージュ,牝3,54.0,菱田裕二,1:48.4,4,12-12-11-12,40.4,145.6,13.0,462.0,-2.0,[西]松永幹夫,椎名節,0.0,2017104615,1144,1092,799033
202001020202,11,5,8,ラナウェリナ,牝3,54.0,勝浦正樹,1:48.6,1.1/4,12-12-13-12,40.3,82.9,11.0,496.0,8.0,[西]西浦勝一,ディアレストクラブ,0.0,2017104236,1025,1016,13803
202001020202,12,8,13,ミッキーノワ,牝3,54.0,吉田隼人,1:48.8,1.1/2,7-7-7-11,41.0,24.6,9.0,444.0,4.0,[西]大久保龍,野田みづき,0.0,2017100474,1095,1058,441007
202001020202,13,1,1,スマイルフェイス,牝3,54.0,横山武史,1:50.6,大,2-2-4-10,43.1,13.7,7.0,502.0,4.0,[東]金成貴史,ヒダカ・ブリーダーズ・ユニオン,0.0,2017102434,1170,1132,547800
202001020202,14,4,6,キイエクスプロード,牝3,51.0,山田敬士,1:52.1,9,12-12-14-14,43.7,199.6,14.0,422.0,-4.0,[東]小桧山悟,安田嘉太郎,0.0,2017106781,1173,1005,2031
202001020203,1,1,1,ユールファーナ,牝3,54.0,横山武史,1:30.1,,9-6-6,35.2,3.3,1.0,424.0,10.0,[東]和田勇介,キャロットファーム,510.0,2017105151,1170,1165,486800
202001020203,2,2,2,デュアルネイチャー,牝3,54.0,ルメール,1:30.1,アタマ,3-3-4,35.5,4.0,2.0,430.0,-6.0,[東]池上昌和,Ｇ１レーシング,200.0,2017105003,5339,1150,808800
202001020203,3,8,14,パラティーノヒル,牝3,54.0,勝浦正樹,1:30.1,ハナ,3-3-2,35.5,35.7,10.0,408.0,0.0,[東]武藤善則,吉田照哉,130.0,2017105132,1025,1064,758005
202001020203,4,4,5,スカイヴァルキリー,牝3,53.0,団野大成,1:30.4,2,10-10-9,35.3,14.5,7.0,454.0,-6.0,[西]寺島良,杉山忠国,77.0,2017105995,1180,1158,53803
202001020203,5,3,3,タマモルーチェ,牝3,54.0,池添謙一,1:30.7,1.3/4,6-3-5,36.0,25.4,8.0,404.0,10.0,[西]池添兼雄,タマモ,51.0,2017104146,1032,1021,515800
202001020203,6,6,9,ヒナノコバン,牡3,53.0,山田敬士,1:30.7,アタマ,10-10-12,35.5,401.8,14.0,454.0,4.0,[東]本間忍,日向英二,0.0,2017105874,1173,1056,31031
202001020203,7,5,8,クレアーレ,牡3,54.0,亀田温心,1:30.7,クビ,14-13-10,35.4,4.1,3.0,454.0,6.0,[西]池江泰寿,池江泰郎,0.0,2017103841,1176,1071,179033
202001020203,8,4,6,カペラ,牝3,54.0,黛弘人,1:30.8,クビ,13-14-11,35.4,31.1,9.0,476.0,0.0,[東]宮田敬介,Ｒ．アンダーソン,0.0,2017105593,1109,1175,35060
202001020203,9,3,4,ロビンザフィリー,牝3,54.0,石川裕紀,1:30.8,アタマ,1-1-1,36.4,76.4,11.0,410.0,4.0,[東]大和田成,嶋田賢,0.0,2017103350,1150,1124,399009
202001020203,10,7,12,クリノサンシャイン,牝3,54.0,水口優也,1:30.8,ハナ,3-6-6,35.9,13.4,5.0,442.0,16.0,[西]高橋康之,栗本博晴,0.0,2017101355,1133,1135,970006
202001020203,11,6,10,フジコウキ,牡3,53.0,秋山稔樹,1:30.8,ハナ,2-2-2,36.4,14.5,6.0,452.0,8.0,[東]大江原哲,荒木誠,0.0,2017103370,1181,1012,89030
202001020203,12,7,11,ミツルグロウ,牝3,54.0,松田大作,1:31.6,5,6-6-12,36.6,302.4,13.0,426.0,-4.0,[西]本田優,守内ひろ子,0.0,2017104061,1030,1099,316033
202001020203,13,8,13,ダンツシルビア,牝3,54.0,菱田裕二,1:31.7,1/2,10-6-8,36.8,7.9,4.0,450.0,0.0,[西]谷潔,山元哲二,0.0,2017103092,1144,431,248005
202001020203,14,5,7,ウメノハナ,牝3,54.0,川島信二,1:31.9,1.1/4,8-10-14,36.7,163.7,12.0,448.0,-4.0,[東]小島茂之,梅村浩,0.0,2017104041,1062,1068,380002
202001020204,1,7,12,ブラックトマホーク,牡3,56.0,横山武史,1:46.4,,8-8-6-3,38.6,4.5,2.0,476.0,4.0,[東]高木登,吉田勝己,510.0,2017105448,1170,1088,790005
202001020204,2,6,9,アバグネイル,牡3,56.0,石川裕紀,1:46.4,ハナ,13-13-11-10,37.8,95.1,10.0,532.0,8.0,[東]手塚貴久,シルクレーシング,200.0,2017105114,1150,1038,506800
202001020204,3,8,13,トクシーズファー,牝3,54.0,勝浦正樹,1:46.4,アタマ,12-11-9-8,38.1,76.1,9.0,432.0,-2.0,[東]戸田博文,ＡＩレーシング,130.0,2017102315,1025,1054,250033
202001020204,4,2,2,オメガドラゴン,牡3,56.0,ルメール,1:46.5,3/4,8-9-6-7,38.6,2.0,1.0,480.0,0.0,[西]安田翔伍,原禮子,77.0,2017104935,5339,1164,8803
202001020204,5,4,6,エクストラノート,牡3,56.0,丹内祐次,1:46.9,2.1/2,6-5-3-3,39.3,98.6,11.0,478.0,6.0,[東]伊藤圭三,ノルマンディーサラブレッドレーシング,51.0,2017103267,1091,1023,854800
202001020204,6,3,4,ミルキーハート,牝3,54.0,松田大作,1:47.0,3/4,1-1-1-1,39.8,21.8,6.0,454.0,6.0,[東]牧光二,伊東純一,0.0,2017103622,1030,1106,934006
202001020204,7,1,1,イデアイホマジョル,牡3,56.0,黛弘人,1:47.3,1.3/4,6-5-3-3,39.8,20.8,5.0,454.0,2.0,[東]和田雄二,益田修一,0.0,2017103910,1109,1143,949030
202001020204,8,5,7,カワキタジャズ,牡3,56.0,池添謙一,1:47.3,ハナ,10-10-8-8,39.3,7.2,4.0,534.0,6.0,[西]浜田多実,川島吉男,0.0,2017102346,1032,1138,341002
202001020204,9,5,8,サトノトリガー,牡3,56.0,大野拓弥,1:47.5,3/4,2-2-2-2,40.2,5.1,3.0,458.0,0.0,[東]高柳瑞樹,サトミホースカンパニー,0.0,2017100379,1096,1118,75803
202001020204,10,3,3,カシマホオズキ,牝3,51.0,秋山稔樹,1:48.0,3,3-3-3-3,40.5,33.2,8.0,436.0,-4.0,[東]加藤士津,松浦一久,0.0,2017106063,1181,1169,813007
202001020204,11,8,14,ローレルオルブラン,牡3,54.0,亀田温心,1:48.0,アタマ,10-11-12-12,39.1,106.7,12.0,480.0,-2.0,[西]飯田雄三,ローレルレーシング,0.0,2017101865,1176,1050,32800
202001020204,12,6,10,カフジジェミニ,牡3,56.0,水口優也,1:48.9,5,14-14-13-12,39.8,143.8,13.0,514.0,12.0,[西]湯窪幸雄,加藤守,0.0,2017101856,1133,1057,19004
202001020204,13,7,11,ミツルザビクトリー,牝3,51.0,山田敬士,1:49.2,1.3/4,4-4-9-11,40.8,251.7,14.0,434.0,-4.0,[西]南井克巳,守内ひろ子,0.0,2017104065,1173,1049,316033
202001020204,14,4,5,スイートクラス,牡3,56.0,吉田隼人,1:50.2,6,4-5-13-14,41.1,26.8,7.0,480.0,4.0,[東]林徹,保坂和孝,0.0,2017105554,1095,1163,398030
202001020205,1,6,6,キングストンボーイ,牡2,54.0,ルメール,1:53.0,,3-4-3-3,34.9,1.2,1.0,492.0,0.0,[東]藤沢和雄,吉田和美,700.0,2018102657,5339,386,138007
202001020205,2,1,1,ナックイルシーブ,牡2,54.0,大野拓弥,1:53.0,クビ,3-3-3-3,35.0,13.0,3.0,530.0,0.0,[東]杉浦宏昭,小松欣也,280.0,2018105521,1096,1008,931033
202001020205,3,2,2,ダイシンピスケス,牡2,52.0,亀田温心,1:54.1,7,1-1-1-1,36.4,4.8,2.0,480.0,0.0,[西]森秀行,大八木信行,180.0,2018100830,1176,427,929002
202001020205,4,5,5,エムオーワンダー,牡2,54.0,勝浦正樹,1:54.3,1.1/2,2-2-2-2,36.5,25.2,5.0,472.0,0.0,[東]藤原辰雄,大浅貢,110.0,2018102787,1025,435,481002
202001020205,5,4,4,ピエナゴールド,牡2,54.0,古川吉洋,1:55.1,5,6-5-5-5,36.7,17.1,4.0,472.0,0.0,[西]谷潔,本谷兼三,70.0,2018106013,1015,431,23007
202001020205,6,3,3,トーセンアルル,牝2,54.0,菱田裕二,1:55.1,ハナ,5-5-5-6,36.6,26.2,6.0,478.0,0.0,[東]本間忍,島川隆哉,0.0,2018105678,1144,1056,270006
202001020206,1,5,6,レディオマジック,牡3,53.0,団野大成,0:57.8,,1-1,34.7,7.0,3.0,472.0,8.0,[西]佐々木晶,ＨｉｍＲｏｃｋＲａｃｉｎｇホールディングス,760.0,2017100604,1180,429,87803
202001020206,2,7,9,マティアス,牡3,54.0,松田大作,0:58.2,2.1/2,5-4,34.5,2.8,2.0,488.0,2.0,[西]本田優,本間茂,300.0,2017106185,1030,1099,694008
202001020206,3,6,8,オルダージュ,牡4,57.0,坂井瑠星,0:58.8,3.1/2,2-2,35.6,17.2,6.0,472.0,-2.0,[東]青木孝文,ノルマンディーサラブレッドレーシング,190.0,2016101956,1163,1156,854800
202001020206,4,1,1,ケイゴールド,牝4,52.0,秋山稔樹,0:58.9,3/4,8-7,35.0,86.0,10.0,468.0,-6.0,[東]中野栄治,布武起会,110.0,2016100105,1181,1010,78700
202001020206,5,6,7,トモジャバロンド,牡4,57.0,横山武史,0:59.3,2.1/2,4-4,35.7,14.7,4.0,480.0,-2.0,[東]鈴木伸尋,吉冨学,76.0,2016105812,1170,1026,905033
202001020206,6,4,4,ニシノダンテ,牡5,55.0,亀田温心,0:59.3,アタマ,11-11,34.7,44.3,8.0,496.0,0.0,[西]田所秀孝,西山茂行,0.0,2015101771,1176,1009,897009
202001020206,7,7,10,ヘルメット,牝4,55.0,ルメール,0:59.4,1/2,5-4,35.7,2.2,1.0,512.0,-16.0,[西]岡田稲男,飛野牧場,0.0,2016106060,5339,1066,464800
202001020206,8,8,12,スターアイランド,牝4,55.0,丹内祐次,0:59.5,1/2,10-9,35.5,161.6,11.0,406.0,-12.0,[東]古賀慎明,荒井眞澄,0.0,2016105122,1091,1079,790033
202001020206,9,5,5,ルナエスメラルダ,牝4,55.0,大野拓弥,0:59.5,アタマ,8-9,35.7,46.6,9.0,416.0,-6.0,[西]高柳大輔,ライオンレースホース,0.0,2016101645,1096,1159,542800
202001020206,10,3,3,タニマサベーカ,牡5,54.0,山田敬士,0:59.6,1/2,5-7,35.9,298.4,12.0,474.0,2.0,[東]星野忍,谷正之,0.0,2015100435,1173,1030,155031
202001020206,11,8,11,ピシュマニエ,牝3,52.0,菱田裕二,0:59.8,1.1/4,3-3,36.4,20.0,7.0,466.0,4.0,[東]田中清隆,嶋田賢,0.0,2017103991,1144,408,399009
202001020206,12,2,2,フィリーズラン,牝4,55.0,石川裕紀,1:03.1,大,12-12,38.0,16.2,5.0,450.0,4.0,[東]牧光二,岡村善行,0.0,2016100505,1150,1106,535006
202001020207,1,6,8,ディーエスプルーフ,牡3,54.0,ルメール,1:45.1,,8-6-6-5,37.4,3.5,1.0,440.0,0.0,[東]伊藤圭三,秋谷壽之,760.0,2017103489,5339,1023,970007
202001020207,2,7,10,ブロッコリー,牡5,57.0,丹内祐次,1:45.4,2,6-5-3-3,38.0,10.0,5.0,482.0,6.0,[西]牧田和弥,嶋田賢,300.0,2015105481,1091,1123,399009
202001020207,3,8,11,グリッサード,牡4,56.0,団野大成,1:45.6,1.1/4,9-6-5-5,38.0,6.3,3.0,478.0,-8.0,[西]吉村圭司,シルクレーシング,190.0,2016104716,1180,1130,506800
202001020207,4,1,1,デルマカミカゼ,牡5,57.0,吉田隼人,1:45.8,1.1/4,7-9-10-7,37.8,13.2,7.0,466.0,-2.0,[東]小野次郎,浅沼廣幸,110.0,2015101903,1095,1125,274002
202001020207,5,7,9,イルミネーター,牡3,54.0,水口優也,1:46.2,2.1/2,1-1-1-1,39.0,11.8,6.0,490.0,2.0,[西]羽月友彦,山上和良,76.0,2017105895,1133,1091,851007
202001020207,6,8,12,クロヒョウ,牡4,54.0,山田敬士,1:46.3,クビ,2-2-2-2,39.0,46.4,10.0,488.0,4.0,[東]小西一男,河内孝夫,0.0,2016102991,1173,405,321004
202001020207,7,2,2,リュードマン,牡3,54.0,大野拓弥,1:46.3,ハナ,10-10-12-11,37.8,37.1,9.0,478.0,10.0,[東]中川公成,ノルマンディーサラブレッドレーシング,0.0,2017109028,1096,1081,854800
202001020207,8,5,5,クロカドッグ,牡3,51.0,秋山稔樹,1:46.4,1/2,3-3-3-3,39.0,17.7,8.0,500.0,4.0,[東]竹内正洋,ヒダカファーム,0.0,2017100918,1181,1152,132800
202001020207,9,6,7,クラウドスケープ,牡4,57.0,黛弘人,1:46.6,1.1/2,10-10-8-7,38.7,75.8,12.0,486.0,-2.0,[東]藤原辰雄,下河辺俊行,0.0,2016103091,1109,435,185031
202001020207,10,3,3,アイルビーメジャー,牡3,52.0,亀田温心,1:46.9,1.3/4,5-6-6-7,39.2,3.6,2.0,466.0,8.0,[東]伊藤伸一,岡田壮史,0.0,2017101420,1176,1031,684030
202001020207,11,5,6,ナムラゴロフキン,牡3,54.0,柴山雄一,1:47.0,3/4,12-12-8-10,39.1,7.4,4.0,494.0,8.0,[西]大橋勇樹,奈村睦弘,0.0,2017102802,5243,1065,972002
202001020207,12,4,4,アスターコルネット,牡3,54.0,古川吉洋,1:52.0,大,3-3-11-12,43.8,55.5,11.0,492.0,2.0,[西]南井克巳,加藤久枝,0.0,2017105753,1015,1049,935003
202001020208,1,6,7,タイセイトレンディ,セ5,57.0,菱田裕二,1:29.2,,2-2-2,35.9,4.1,2.0,462.0,8.0,[西]森田直行,田中成奉,760.0,2015105791,1144,1142,224007
202001020208,2,3,3,ロードゼウス,牡4,57.0,坂井瑠星,1:29.4,1.1/4,2-3-3,36.0,7.9,4.0,478.0,20.0,[西]吉岡辰弥,ロードホースクラブ,300.0,2016101156,1163,1176,170800
202001020208,3,7,8,ムーンフェアリー,牝3,49.0,秋山稔樹,1:29.4,クビ,4-3-3,35.9,11.2,6.0,452.0,-2.0,[東]岩戸孝樹,村山卓也,190.0,2017106103,1181,1051,47030
202001020208,4,7,9,ヤマニンボンモマン,牝3,52.0,古川吉洋,1:29.4,クビ,6-6-6,35.2,58.3,11.0,440.0,-6.0,[西]木原一良,土井肇,110.0,2017101778,1015,1033,329004
202001020208,5,2,2,サンドスピーダー,牡5,57.0,藤岡佑介,1:29.6,1.1/4,7-7-6,35.2,7.4,3.0,462.0,10.0,[東]和田勇介,辻牧場,76.0,2015103214,1093,1165,302800
202001020208,6,1,1,シューラヴァーグ,牝3,49.0,山田敬士,1:29.7,1/2,10-10-10,34.9,18.4,8.0,440.0,-2.0,[西]松下武士,藤井亮輔,0.0,2017103103,1173,1149,467033
202001020208,7,5,5,オルテール,牡3,52.0,大野拓弥,1:30.0,1.3/4,11-11-10,35.1,3.1,1.0,506.0,2.0,[東]堀宣行,吉田和美,0.0,2017110128,1096,1070,138007
202001020208,8,6,6,メテオスウォーム,牡4,55.0,亀田温心,1:30.0,クビ,1-1-1,36.9,18.8,9.0,492.0,18.0,[西]高柳大輔,星加浩一,0.0,2016105704,1176,1159,385031
202001020208,9,8,11,ラストプライドワン,牡6,57.0,柴山雄一,1:30.0,アタマ,7-7-8,35.6,39.3,10.0,476.0,-4.0,[東]奥村武,嶋田賢,0.0,2014104326,5243,1145,399009
202001020208,10,4,4,タガノキトピロ,牡3,54.0,加藤祥太,1:30.0,ハナ,5-5-5,36.3,14.0,7.0,476.0,4.0,[西]加用正,八木良司,0.0,2017102202,1156,425,859002
202001020208,11,8,10,ラストエクセル,牝3,52.0,横山武史,1:30.4,2,9-9-9,35.7,8.4,5.0,456.0,-2.0,[東]伊藤大士,ニッシンホールディングス,0.0,2017104284,1170,1109,318803
202001020209,1,7,10,グラナリー,牝3,52.0,池添謙一,0:57.8,,1-1,35.2,3.4,1.0,512.0,4.0,[西]池添学,カナヤマホールディングス,1100.0,2017106237,1032,1144,45803
202001020209,2,6,8,カミノコ,牡5,57.0,ルメール,0:58.4,3.1/2,11-8,34.6,5.2,3.0,474.0,12.0,[西]森秀行,門野重雄,440.0,2015110068,5339,427,490006
202001020209,3,5,6,サニーストーム,牝4,55.0,水口優也,0:58.5,1/2,4-3,35.4,47.4,8.0,460.0,6.0,[東]加藤征弘,陳立文,280.0,2016101264,1133,1059,788033
202001020209,4,4,4,ガンケン,牡4,57.0,吉田隼人,0:58.5,クビ,10-4,34.9,5.6,4.0,520.0,6.0,[西]宮本博,岡浩二,170.0,2016102749,1095,1073,370008
202001020209,5,7,9,ジゲン,牡3,54.0,藤岡佑介,0:58.8,2,6-4,35.4,12.0,6.0,448.0,8.0,[西]浅見秀一,林正道,110.0,2017110146,1093,411,675030
202001020209,6,2,2,ジョイウイン,牡3,54.0,丹内祐次,0:59.1,1.3/4,6-8,35.7,16.6,7.0,496.0,0.0,[東]牧光二,石瀬浩三,0.0,2017100081,1091,1106,812008
202001020209,7,3,3,ブルヴェルソン,牡5,57.0,柴山雄一,0:59.1,ハナ,6-4,35.7,133.8,12.0,534.0,16.0,[西]高野友和,シルクレーシング,0.0,2015104749,5243,1117,506800
202001020209,8,5,5,ベアクアウフ,牡4,57.0,勝浦正樹,0:59.3,1.1/2,11-8,35.5,52.5,10.0,484.0,-4.0,[東]清水英克,ディアレストクラブ,0.0,2016104157,1025,1080,13803
202001020209,9,8,11,デンタルバルーン,牝3,50.0,亀田温心,0:59.3,ハナ,2-2,36.6,11.5,5.0,458.0,8.0,[西]牧浦充徳,三宅勝俊,0.0,2017105924,1176,1113,372008
202001020209,10,1,1,トモジャスティス,牡5,57.0,横山武史,0:59.4,クビ,6-12,36.1,52.0,9.0,508.0,2.0,[東]鈴木伸尋,吉冨学,0.0,2015109085,1170,1026,905033
202001020209,11,6,7,メイショウヒバリ,牝3,52.0,坂井瑠星,0:59.7,1.1/2,4-8,36.5,3.5,2.0,472.0,8.0,[西]本田優,松本好雄,0.0,2017103170,1163,1099,523005
202001020209,12,8,12,レノカズマ,牡5,56.0,団野大成,1:00.3,3.1/2,3-4,37.5,97.9,11.0,498.0,6.0,[東]稲垣幸雄,雅苑興業,0.0,2015103761,1180,1167,879800
202001020210,1,5,6,シャフトオブライト,牡5,57.0,亀田温心,2:01.9,,2-2-2-2,35.6,27.8,9.0,462.0,0.0,[西]北出成人,フジワラ・ファーム,1529.4,2015106174,1176,1078,616800
202001020210,2,4,5,イルマタル,牝4,55.0,藤岡佑介,2:02.0,1/2,1-1-1-1,35.8,14.9,6.0,462.0,0.0,[西]渡辺薫彦,吉田照哉,608.4,2016105066,1093,1155,758005
202001020210,3,4,4,ファストライフ,牝5,55.0,大野拓弥,2:02.1,3/4,3-3-3-3,35.7,123.0,13.0,456.0,2.0,[東]青木孝文,石川秀守,384.2,2015102431,1096,1156,18033
202001020210,4,1,1,ターフェルムジーク,牝5,55.0,古川吉洋,2:02.1,ハナ,7-6-6-6,35.4,7.0,3.0,444.0,2.0,[西]渡辺薫彦,サンデーレーシング,230.0,2015104074,1015,1155,226800
202001020210,5,3,3,アカイイト,牝3,52.0,団野大成,2:02.1,クビ,10-10-10-9,35.1,2.4,1.0,500.0,4.0,[西]中竹和也,岡浩二,150.0,2017106203,1180,1039,370008
202001020210,6,7,10,フォークテイル,牝4,55.0,横山武史,2:02.2,クビ,6-6-6-6,35.5,11.5,5.0,442.0,-2.0,[東]中川公成,サンデーレーシング,0.0,2016104596,1170,1081,226800
202001020210,7,6,9,フジノロケット,牡3,54.0,川島信二,2:02.7,3,7-8-8-8,35.8,17.0,7.0,442.0,2.0,[地]米川昇,藤沢和徳,0.0,2017100098,1062,5509,233031
202001020210,8,6,8,ジャーミネイト,牡6,57.0,菱田裕二,2:02.9,1.1/4,13-13-12-11,35.5,84.0,12.0,482.0,12.0,[西]中尾秀正,社台レースホース,0.0,2014105348,1144,1069,415800
202001020210,9,2,2,ダディーズトリップ,牡4,57.0,ルメール,2:03.0,3/4,9-8-8-9,36.1,3.8,2.0,450.0,2.0,[西]杉山晴紀,田島大史,0.0,2016100126,5339,1157,754030
202001020210,10,8,12,ウインルチル,牝5,55.0,柴山雄一,2:03.1,クビ,3-3-3-4,36.7,67.8,10.0,450.0,-2.0,[西]奥村豊,ウイン,0.0,2015100225,5243,1146,494800
202001020210,11,5,7,レーガノミクス,牡5,57.0,坂井瑠星,2:03.2,1/2,5-5-5-4,36.7,10.1,4.0,526.0,2.0,[西]池添学,Ｇ１レーシング,0.0,2015104900,1163,1144,808800
202001020210,12,8,13,ホウオウエーデル,牡4,57.0,石川裕紀,2:03.7,3,12-12-12-13,36.3,68.9,11.0,488.0,4.0,[東]池上昌和,小笹芳央,0.0,2016105493,1150,1150,906033
202001020210,13,7,11,プリマヴィスタ,牡3,54.0,吉田隼人,2:04.0,2,10-10-10-11,36.9,22.8,8.0,450.0,0.0,[西]矢作芳人,加藤裕司,0.0,2017105106,1095,1075,213033
202001020211,1,8,13,ライトオンキュー,牡5,57.0,古川吉洋,1:08.8,,5-3,34.4,4.1,2.0,518.0,6.0,[西]昆貢,ゴドルフィン,2327.3,2015101599,1015,1044,3060
202001020211,2,4,4,カッパツハッチ,牝5,53.0,吉田隼人,1:09.1,2,2-1,35.3,12.0,6.0,474.0,-4.0,[東]矢野英一,ターフ・スポート,927.8,2015103267,1095,1108,102800
202001020211,3,7,10,イベリス,牝4,53.0,横山武史,1:09.2,1/2,3-5,35.0,7.3,4.0,476.0,-2.0,[西]角田晃一,前田幸治,583.9,2016101285,1170,1121,948006
202001020211,4,6,9,ショウナンアリアナ,牝4,50.0,団野大成,1:09.2,アタマ,8-6,34.6,16.1,8.0,430.0,10.0,[西]高野友和,国本哲秀,350.0,2016110041,1180,1117,331002
202001020211,5,8,12,ラベンダーヴァレイ,牝7,50.0,荻野琢真,1:09.3,1/2,8-6,34.7,43.9,11.0,430.0,6.0,[西]藤原英昭,金子真人ホールディングス,230.0,2013105855,1112,1055,708800
202001020211,6,6,8,メイショウショウブ,牝4,53.0,池添謙一,1:09.3,アタマ,4-3,35.0,9.7,5.0,502.0,10.0,[西]池添兼雄,松本好雄,0.0,2016102189,1032,1021,523005
202001020211,7,5,6,エイティーンガール,牝4,54.0,坂井瑠星,1:09.4,1/2,5-6,35.0,3.5,1.0,458.0,10.0,[西]飯田祐史,中山泰志,0.0,2016103143,1163,1139,835033
202001020211,8,2,2,キングハート,牡7,56.0,菱田裕二,1:09.5,クビ,13-13,34.0,74.6,13.0,508.0,20.0,[東]星野忍,増田陽一,0.0,2013101315,1144,1030,291002
202001020211,9,4,5,マリアズハート,牝4,53.0,大野拓弥,1:09.6,1/2,10-10,34.8,6.2,3.0,496.0,4.0,[東]菊沢隆徳,ノルマンディーサラブレッドレーシング,0.0,2016110152,1096,1115,854800
202001020211,10,5,7,ダイシンバルカン,牡8,52.0,勝浦正樹,1:09.6,クビ,12-10,34.6,42.8,10.0,504.0,0.0,[西]吉田直弘,大八木信行,0.0,2012100518,1025,1101,929002
202001020211,11,7,11,ヒルノマリブ,牝3,48.0,亀田温心,1:09.6,アタマ,10-10,34.8,13.3,7.0,484.0,-3.0,[西]北出成人,ヒルノ,0.0,2017102212,1176,1078,823800
202001020211,12,3,3,アルマエルナト,セ9,53.0,丹内祐次,1:09.8,3/4,5-6,35.4,56.7,12.0,458.0,-6.0,[東]伊藤大士,コウトミックレーシング,0.0,2011103191,1091,1109,95700
202001020211,13,1,1,ショウナンアンセム,牡7,55.0,石川裕紀,1:11.0,7,1-2,37.2,30.9,9.0,486.0,-2.0,[東]田中剛,湘南,0.0,2013101006,1150,1119,679800
202001020212,1,7,7,サマーエモーション,牝3,52.0,横山武史,1:48.8,,2-2-2-1,36.3,1.9,1.0,446.0,6.0,[西]大久保龍,ゴドルフィン,1084.5,2017110035,1170,1058,3060
202001020212,2,8,10,ケルンキングダム,セ4,57.0,ルメール,1:48.8,クビ,7-7-7-4,35.7,2.9,2.0,446.0,6.0,[西]松田国英,谷和光彦,427.0,2016102113,5339,1011,838008
202001020212,3,4,4,カレン,牝6,55.0,柴山雄一,1:49.1,1.3/4,9-9-8-7,35.8,21.9,6.0,496.0,2.0,[東]深山雅史,ミルファーム,273.5,2014105017,5243,1174,629800
202001020212,4,7,8,レゴリス,セ4,57.0,藤岡佑介,1:49.7,3.1/2,6-6-5-4,36.7,8.4,4.0,482.0,-4.0,[西]昆貢,ノルマンディーサラブレッドレーシング,160.0,2016101450,1093,1044,854800
202001020212,5,1,1,ディープサドラーズ,セ4,57.0,吉田隼人,1:49.8,3/4,4-4-3-3,37.1,8.1,3.0,444.0,-2.0,[西]藤原英昭,廣崎利洋ＨＤ,106.0,2016105255,1095,1055,37803
202001020212,6,3,3,ボスアンルーリー,牡5,57.0,団野大成,1:50.1,1.3/4,8-8-9-9,36.7,46.0,7.0,478.0,-2.0,[東]勢司和浩,佐々木幸弘,0.0,2015104457,1180,1047,746033
202001020212,7,5,5,エナミルク,牝3,52.0,勝浦正樹,1:50.1,クビ,2-3-3-4,37.3,53.5,8.0,488.0,6.0,[東]伊藤大士,宮原廣伸,0.0,2017102730,1025,1109,52009
202001020212,8,2,2,トスアップ,牝4,55.0,水口優也,1:50.5,2,5-5-5-7,37.5,57.6,9.0,438.0,0.0,[西]池江泰寿,シルクレーシング,0.0,2016104805,1133,1071,506800
202001020212,9,6,6,カップッチョ,牡3,54.0,丹内祐次,1:50.6,3/4,1-1-1-2,38.3,113.1,10.0,458.0,8.0,[東]大江原哲,ミルファーム,0.0,2017104266,1091,1012,629800
202001020212,10,8,9,ルンルンクオリティ,牝4,55.0,川島信二,1:50.9,1.3/4,10-10-10-10,37.0,19.0,5.0,514.0,22.0,[西]荒川義之,高昭牧場,0.0,2016102418,1062,1095,117800
202001020301,1,1,1,ヴィゴーレ,牡2,54.0,池添謙一,1:50.5,,7-7-7-5,35.6,5.3,3.0,452.0,2.0,[西]松永幹夫,ノースヒルズ,510.0,2018102033,1032,1092,788800
202001020301,2,4,4,タスマンハイウェイ,牡2,54.0,横山武史,1:50.5,クビ,3-3-6-5,35.7,8.6,5.0,510.0,-2.0,[東]新開幸一,吉田勝己,200.0,2018105036,1170,1116,790005
202001020301,3,8,8,エルファシル,牡2,54.0,坂井瑠星,1:50.6,クビ,1-1-1-1,36.1,22.6,6.0,462.0,-4.0,[西]吉岡辰弥,山口裕介,130.0,2018103923,1163,1176,798033
202001020301,4,7,7,アレクサンドロス,牡2,54.0,ルメール,1:50.7,1/2,5-5-3-3,36.0,3.2,2.0,486.0,-4.0,[西]須貝尚介,吉田勝己,77.0,2018104981,5339,1105,790005
202001020301,5,5,5,ロードリスペクト,牡2,53.0,団野大成,1:50.9,1.1/4,3-3-3-3,36.2,6.1,4.0,490.0,-2.0,[西]浅見秀一,ロードホースクラブ,51.0,2018106583,1180,411,170800
202001020301,6,3,3,ヤマニンジャベリン,牡2,54.0,柴山雄一,1:51.0,3/4,5-5-7-8,36.0,32.7,7.0,526.0,-8.0,[西]浅見秀一,土井肇,0.0,2018102016,5243,411,329004
202001020301,7,6,6,トーセンガーリー,牝2,54.0,横山和生,1:51.5,3,2-2-2-2,36.9,2.9,1.0,444.0,-6.0,[東]土田稔,島川隆哉,0.0,2018105648,1140,417,270006
202001020301,8,2,2,サンマッハ,牡2,54.0,荻野琢真,1:52.3,5,7-7-3-5,37.6,65.9,8.0,480.0,4.0,[西]松下武士,山田裕仁,0.0,2018102255,1112,1149,513008
202001020302,1,2,2,プライムデイ,牡2,54.0,ルメール,1:47.0,,1-1-1-1,38.5,2.6,1.0,488.0,6.0,[東]加藤征弘,スリーエイチレーシング,510.0,2018104116,5339,1059,72803
202001020302,2,3,3,トーセンパトリック,牡2,54.0,横山和生,1:50.1,大,8-8-2-2,41.2,3.4,2.0,488.0,2.0,[東]土田稔,島川隆哉,200.0,2018105624,1140,417,270006
202001020302,3,1,1,ターニングアップ,牡2,54.0,黛弘人,1:50.7,3.1/2,2-2-2-3,41.9,75.1,8.0,438.0,-6.0,[東]田中清隆,ミルファーム,130.0,2018101894,1109,408,629800
202001020302,4,7,7,サンネイプルズ,牡2,54.0,吉田隼人,1:51.0,2,5-5-2-4,42.2,6.4,4.0,474.0,4.0,[東]斎藤誠,加藤ステーブル,77.0,2018106649,1095,1086,59803
202001020302,5,6,6,スマーティキャット,牡2,51.0,山田敬士,1:51.5,3,5-5-5-5,42.3,19.5,6.0,446.0,0.0,[東]小桧山悟,?文彦,51.0,2018109030,1173,1005,103031
202001020302,6,5,5,エムオーワンダー,牡2,51.0,秋山稔樹,1:52.9,9,2-4-8-6,43.3,4.6,3.0,468.0,-4.0,[東]藤原辰雄,大浅貢,0.0,2018102787,1181,435,481002
202001020302,7,8,8,ガムラン,牡2,54.0,勝浦正樹,1:54.9,大,2-2-5-7,45.7,17.2,5.0,476.0,0.0,[西]高橋義忠,ニットー商事,0.0,2018100424,1025,1129,752800
202001020302,8,4,4,トウカイクラルテ,牡2,52.0,亀田温心,1:55.0,クビ,5-5-7-7,45.7,34.1,7.0,460.0,0.0,[西]田所秀孝,内村正則,0.0,2018101930,1176,1009,695004
202001020303,1,8,13,ウンダモシタン,牝3,52.0,亀田温心,1:46.6,,2-1-2-1,38.3,16.4,8.0,456.0,6.0,[西]藤沢則雄,小原該一,510.0,2017103320,1176,1041,543006
202001020303,2,5,7,トライハード,牝3,54.0,ルメール,1:46.8,1.1/4,4-3-4-3,38.2,8.0,5.0,468.0,2.0,[西]松田国英,長谷川光司,200.0,2017101363,5339,1011,895002
202001020303,3,4,5,グッドラックスター,牝3,54.0,荻野琢真,1:47.0,1,5-9-11-7,37.9,4.2,2.0,434.0,-6.0,[西]野中賢二,ヌデ嶋孝司,130.0,2017106389,1112,1098,630009
202001020303,4,5,8,フラテナ,牝3,54.0,坂井瑠星,1:47.8,5,13-12-13-11,38.4,17.7,9.0,474.0,0.0,[東]奥村武,京都ホースレーシング,77.0,2017102973,1163,1145,65803
202001020303,5,7,12,ヤマトホープシップ,牝3,54.0,大野拓弥,1:47.9,3/4,1-2-1-2,39.6,15.9,7.0,462.0,4.0,[東]田村康仁,醍醐徹,51.0,2017101312,1096,1027,439033
202001020303,6,3,4,デルマルビー,牝3,54.0,横山和生,1:48.0,1/2,5-8-7-4,39.2,4.2,1.0,476.0,4.0,[西]千田輝彦,浅沼廣幸,0.0,2017100813,1140,1120,274002
202001020303,7,6,9,メイショウトラヒメ,牝3,54.0,柴山雄一,1:48.2,1.1/2,5-5-7-5,39.4,8.9,6.0,488.0,10.0,[西]南井克巳,松本好雄,0.0,2017106254,5243,1049,523005
202001020303,8,4,6,キモンルビー,牝3,51.0,秋山稔樹,1:48.9,4,10-10-9-13,39.9,32.2,10.0,470.0,8.0,[西]村山明,小林祥晃,0.0,2017103915,1181,1107,966007
202001020303,9,2,2,ハーモニクス,牝3,54.0,吉田隼人,1:49.1,3/4,13-12-9-11,40.1,7.7,4.0,484.0,2.0,[東]武市康男,シルクレーシング,0.0,2017105176,1095,1089,506800
202001020303,10,6,10,グッドフェイム,牝3,53.0,団野大成,1:49.2,3/4,5-5-4-7,40.6,61.8,13.0,476.0,4.0,[東]和田正一,社台レースホース,0.0,2017104734,1180,1114,415800
202001020303,11,3,3,エンフォーサー,牝3,54.0,水口優也,1:49.2,アタマ,10-10-11-9,40.0,123.4,14.0,466.0,18.0,[東]伊藤伸一,ＹＧＧホースクラブ,0.0,2017100822,1133,1031,188800
202001020303,12,8,14,リトルマンマミーア,牝3,54.0,横山武史,1:49.3,クビ,2-3-3-5,40.8,7.0,3.0,456.0,-4.0,[東]鹿戸雄一,小林善一,0.0,2017104684,1170,1097,880033
202001020303,13,7,11,ピュティ,牝3,51.0,山田敬士,1:49.5,1,5-5-4-9,40.9,54.2,12.0,440.0,8.0,[東]深山雅史,武田茂男,0.0,2017105673,1173,1174,473008
202001020303,14,1,1,ロマーシカ,牝3,54.0,石川裕紀,1:50.3,5,12-14-14-14,40.5,47.9,11.0,452.0,-6.0,[東]池上昌和,シルクレーシング,0.0,2017105557,1150,1150,506800
202001020304,1,6,12,サクセスハーモニー,牝3,52.0,亀田温心,1:09.4,,1-1,35.2,29.9,10.0,452.0,8.0,[東]久保田貴,高嶋哲,510.0,2017100519,1176,1067,441006
202001020304,2,6,11,メイショウアカイシ,牝3,54.0,菱田裕二,1:09.6,1.1/4,13-12,34.6,9.5,4.0,436.0,-2.0,[西]高橋亮,松本好隆,200.0,2017106403,1144,1136,911008
202001020304,3,1,2,テンジュイン,牝3,54.0,丹内祐次,1:09.6,クビ,3-2,35.2,13.3,5.0,424.0,-4.0,[東]菊川正達,ビッグレッドファーム,130.0,2017101991,1091,1052,716800
202001020304,4,4,7,サトノジヴェルニー,牡3,56.0,ルメール,1:09.8,1,6-6,35.2,3.6,2.0,448.0,2.0,[西]音無秀孝,サトミホースカンパニー,77.0,2017110041,5339,1002,75803
202001020304,5,5,10,レッドルピナス,牝3,54.0,藤岡佑介,1:10.0,1.1/4,3-2,35.6,5.7,3.0,434.0,8.0,[西]中内田充,東京ホースレーシング,51.0,2017104870,1093,1137,180800
202001020304,6,7,14,オークレイコート,牝3,54.0,吉田隼人,1:10.0,ハナ,3-5,35.6,17.9,8.0,450.0,-2.0,[西]谷潔,ビクトリーホースランチ,0.0,2017106341,1095,431,885800
202001020304,6,8,15,ジュンジュン,牡3,56.0,池添謙一,1:10.0,同着,6-6,35.4,15.0,6.0,480.0,2.0,[西]湯窪幸雄,吉川潤,0.0,2017101857,1032,1057,17803
202001020304,8,2,4,ニーケススマイル,牡3,56.0,横山和生,1:10.2,1.1/2,2-2,35.9,21.5,9.0,450.0,0.0,[東]蛯名利弘,高橋ファーム,0.0,2017103002,1140,1131,884800
202001020304,9,3,5,シエルヴァ,牝3,54.0,松田大作,1:10.3,クビ,9-9,35.4,17.6,7.0,458.0,6.0,[東]武井亮,桑田牧場,0.0,2017102881,1030,1147,791800
202001020304,10,2,3,ピュアムーン,牝3,54.0,石川裕紀,1:10.3,ハナ,6-6,35.7,85.8,11.0,442.0,6.0,[東]牧光二,鈴木芳夫,0.0,2017103314,1150,1106,639009
202001020304,11,5,9,キャツクレードル,牝3,54.0,勝浦正樹,1:10.3,クビ,15-15,34.5,108.4,12.0,440.0,-12.0,[東]佐藤吉勝,石瀬浩三,0.0,2017100078,1025,1035,812008
202001020304,12,1,1,ホウオウエンジェル,牝3,54.0,坂井瑠星,1:10.4,クビ,9-12,35.5,3.1,1.0,454.0,-2.0,[東]高木登,小笹芳央,0.0,2017103309,1163,1088,906033
202001020304,13,8,16,マクラーレンベール,牡3,55.0,団野大成,1:10.4,アタマ,14-14,35.1,114.7,14.0,502.0,10.0,[東]勢司和浩,キャロットファーム,0.0,2017105278,1180,1047,486800
202001020304,14,7,13,ダイシンユノ,牝3,51.0,秋山稔樹,1:10.6,1.1/2,9-9,35.8,112.2,13.0,418.0,-6.0,[西]森秀行,大八木信行,0.0,2017100679,1181,427,929002
202001020304,15,4,8,モーニングレイン,牝3,54.0,大野拓弥,1:11.2,3.1/2,9-9,36.3,231.1,15.0,454.0,-2.0,[東]高柳瑞樹,今村明浩,0.0,2017102955,1096,1118,466033
202001020304,-2,3,6,ビクトリーシューズ,牡3,56.0,荻野琢真,,,,,,,,,[西]今野貞一,呉本昌時,0.0,2017104302,1112,1128,163031
202001020305,1,6,6,アスカロン,牡2,54.0,ルメール,1:10.9,,3-3,35.2,1.8,1.0,462.0,0.0,[西]森秀行,小松達昌,700.0,2018110118,5339,427,329803
202001020305,2,1,1,ロダンレイジング,牝2,54.0,池添謙一,1:11.0,1/2,1-1,35.6,2.9,2.0,444.0,0.0,[西]小崎憲,三浦勝仁,280.0,2018106222,1032,1085,810033
202001020305,3,4,4,ラインマン,牡2,54.0,柴山雄一,1:11.4,2.1/2,3-3,35.7,35.3,5.0,430.0,0.0,[東]南田美知,鹽田久義,180.0,2018101495,5243,437,973006
202001020305,4,2,2,ゲツメンチャクリク,牝2,54.0,横山和生,1:11.4,クビ,2-2,36.0,4.6,3.0,420.0,0.0,[東]黒岩陽一,小田切光,110.0,2018106909,1140,1133,975030
202001020305,5,5,5,イチゴミルク,牝2,51.0,山田敬士,1:13.3,大,6-5,36.1,23.6,4.0,436.0,0.0,[東]萱野浩二,田頭勇貴,70.0,2018102920,1173,1024,855030
202001020305,6,3,3,ハチノヘタイショウ,牡2,51.0,秋山稔樹,1:14.8,9,5-5,38.0,38.9,6.0,456.0,0.0,[東]天間昭一,西村新一郎,0.0,2018109038,1181,1090,772002
202001020306,1,8,14,マイネルエンカント,牡3,56.0,丹内祐次,1:47.0,,7-7-2-2,38.5,3.7,2.0,456.0,2.0,[東]和田勇介,サラブレッドクラブ・ラフィアン,510.0,2017101945,1091,1165,546800
202001020306,2,4,5,サンロックランド,牡3,56.0,横山和生,1:47.1,3/4,13-12-12-3,38.0,11.4,5.0,498.0,2.0,[東]小野次郎,加藤ステーブル,200.0,2017102533,1140,1125,59803
202001020306,3,8,13,アポロリリー,牝3,54.0,勝浦正樹,1:47.3,3/4,3-3-2-1,38.9,34.8,10.0,420.0,8.0,[東]鈴木伸尋,アポロサラブレッドクラブ,130.0,2017100034,1025,1026,33700
202001020306,4,6,10,ストロマンテ,牡3,56.0,柴山雄一,1:47.3,クビ,12-12-12-7,38.2,39.3,11.0,438.0,-4.0,[東]国枝栄,嶋田賢,77.0,2017110102,5243,399,399009
202001020306,5,6,9,アンバウンディド,牡3,56.0,吉田隼人,1:48.0,4,8-7-10-12,39.1,16.9,7.0,462.0,8.0,[西]安田翔伍,山口功一郎,51.0,2017110065,1095,1164,849030
202001020306,6,7,12,アルコンシチー,牡3,56.0,石川裕紀,1:48.3,2,11-11-8-3,39.5,113.2,13.0,456.0,2.0,[東]相沢郁,友駿ホースクラブ,0.0,2017100776,1150,1020,321800
202001020306,7,4,6,ジュンハルト,牡3,56.0,黛弘人,1:48.6,1.3/4,14-14-14-14,39.0,13.2,6.0,454.0,-2.0,[東]田中博康,河合純二,0.0,2017102071,1109,1162,165033
202001020306,8,1,1,モズナガレボシ,牡3,56.0,大野拓弥,1:48.6,アタマ,9-9-10-9,39.7,3.3,1.0,492.0,0.0,[西]荒川義之,キャピタル・システム,0.0,2017106161,1096,1095,5803
202001020306,9,5,8,シャーベットフィズ,牡3,55.0,団野大成,1:48.9,2,5-6-5-7,40.2,5.8,3.0,466.0,0.0,[西]吉村圭司,橋元勇氣,0.0,2017106162,1180,1130,943030
202001020306,10,2,2,ビットクラッシャー,牡3,56.0,横山武史,1:49.2,2,9-9-8-3,40.4,8.0,4.0,468.0,-4.0,[西]須貝尚介,安原浩司,0.0,2017105263,1170,1105,271008
202001020306,11,7,11,サンデーパームス,牡3,56.0,水口優也,1:50.0,5,1-2-1-3,41.6,34.8,9.0,476.0,2.0,[西]清水久詞,杉野公彦,0.0,2017105958,1133,1110,199031
202001020306,12,3,3,ダノンローチェ,牡3,56.0,ルメール,1:50.0,ハナ,5-4-5-9,41.4,17.8,8.0,534.0,2.0,[西]松田国英,ダノックス,0.0,2017103200,5339,1011,619800
202001020306,13,5,7,ラパウィラ,牡3,56.0,松田大作,1:50.1,1/2,3-4-5-9,41.5,260.2,14.0,456.0,-2.0,[東]中野栄治,八巻弘一,0.0,2017104553,1030,1010,461008
202001020306,14,3,4,ダブリナーズ,牡3,56.0,坂井瑠星,1:51.5,8,2-1-2-12,43.1,55.5,12.0,472.0,2.0,[東]岩戸孝樹,ゴドルフィン,0.0,2017110099,1163,1051,3060
202001020307,1,3,5,ランドアーティスト,セ3,56.0,ルメール,2:01.8,,9-8-8-5,36.0,1.9,1.0,472.0,6.0,[東]木村哲也,吉田照哉,510.0,2017104675,5339,1126,758005
202001020307,2,2,3,アイスジェイド,牡3,56.0,大野拓弥,2:02.0,1.1/2,5-5-5-3,36.4,13.9,6.0,474.0,-2.0,[西]牧田和弥,キャロットファーム,200.0,2017105531,1096,1123,486800
202001020307,3,3,6,ゴールデンスターズ,セ3,56.0,池添謙一,2:02.3,2,13-13-11-7,36.3,13.1,5.0,438.0,8.0,[西]奥村豊,社台レースホース,130.0,2017105102,1032,1146,415800
202001020307,4,1,1,アイオープナー,牝3,54.0,丹内祐次,2:02.6,1.3/4,3-3-4-3,37.1,4.1,2.0,426.0,8.0,[東]宗像義忠,サラブレッドクラブ・ラフィアン,77.0,2017101924,1091,420,546800
202001020307,5,5,10,ウインジョイフル,牡3,56.0,吉田隼人,2:02.6,クビ,2-2-2-1,37.3,28.3,8.0,496.0,2.0,[西]西園正都,ウイン,51.0,2017104168,1095,1028,494800
202001020307,6,6,12,エクスプレッサー,牡3,56.0,藤岡佑介,2:02.8,1,3-3-2-2,37.4,10.6,3.0,488.0,-6.0,[東]堀宣行,キャロットファーム,0.0,2017105370,1093,1070,486800
202001020307,7,5,9,フルールエトワール,牝3,53.0,団野大成,2:02.9,3/4,14-14-12-8,36.7,20.6,7.0,490.0,0.0,[東]上原博之,高松悟,0.0,2017100086,1180,423,516033
202001020307,8,6,11,アンジュミノル,牝3,51.0,山田敬士,2:03.2,1.3/4,16-15-15-12,36.5,58.5,10.0,472.0,6.0,[西]本田優,吉岡實,0.0,2017104062,1173,1099,265008
202001020307,9,1,2,ルヴィーヴル,牡3,56.0,横山武史,2:03.9,4,5-5-5-8,38.2,57.9,9.0,500.0,2.0,[東]菊沢隆徳,社台レースホース,0.0,2017105112,1170,1115,415800
202001020307,10,8,16,アンストッパブル,牡3,54.0,亀田温心,2:04.5,3.1/2,5-5-5-6,38.9,10.7,4.0,464.0,2.0,[西]角田晃一,吉澤ホールディングス,0.0,2017106226,1176,1121,346803
202001020307,11,8,15,ミッキーローズ,牝3,54.0,水口優也,2:04.8,1.3/4,9-10-12-12,38.6,130.8,13.0,410.0,4.0,[西]池江泰寿,野田みづき,0.0,2017105324,1133,1071,441007
202001020307,12,7,13,エフティハヤテ,牡3,56.0,柴山雄一,2:05.0,1.1/2,8-8-8-10,39.2,179.1,14.0,492.0,2.0,[東]粕谷昌央,吉野英子,0.0,2017104551,5243,1096,34030
202001020307,13,7,14,テーオーコロンブス,牡3,53.0,秋山稔樹,2:05.1,1/2,11-10-12-12,38.8,217.1,16.0,474.0,-2.0,[西]岡田稲男,小笹公也,0.0,2017101001,1181,1066,304008
202001020307,14,2,4,ミキノルミナス,牡3,56.0,黛弘人,2:05.7,3.1/2,12-10-8-12,39.9,213.7,15.0,494.0,4.0,[東]南田美知,谷口久和,0.0,2017104127,1109,437,918002
202001020307,15,4,8,レッドキュリアス,牝3,54.0,石川裕紀,2:10.6,大,1-1-1-10,45.3,80.6,12.0,420.0,-2.0,[西]松永幹夫,東京ホースレーシング,0.0,2017104882,1150,1092,180800
202001020307,-1,4,7,サーストンシカゴ,牡3,56.0,菱田裕二,,,,,,,,,[西]橋田満,齊藤宣勝,0.0,2017103353,1144,362,157002
202001020308,1,8,11,キラットダイヤ,牝3,52.0,吉田隼人,0:59.0,,2-2,36.0,1.7,1.0,466.0,8.0,[東]上原博之,ビリオンスター,760.0,2017103989,1095,423,857800
202001020308,2,7,9,プリンセスヨウク,牝6,52.0,秋山稔樹,0:59.3,1.3/4,11-6,35.1,4.1,2.0,456.0,2.0,[東]石栗龍彦,ライオンレースホース,300.0,2014103036,1181,1043,542800
202001020308,3,3,3,ヤンチャプリヒメ,牝4,55.0,大野拓弥,0:59.6,2,5-4,35.9,49.6,9.0,438.0,4.0,[東]浅野洋一,田頭勇貴,190.0,2016102368,1096,421,855030
202001020308,4,8,12,タイニーベイビー,牡3,53.0,団野大成,0:59.6,アタマ,4-4,36.1,15.0,5.0,444.0,4.0,[東]松山将樹,山口裕介,110.0,2017100827,1180,1100,798033
202001020308,5,5,6,フロイデ,セ5,54.0,山田敬士,0:59.7,クビ,2-1,36.7,10.6,4.0,500.0,-2.0,[東]本間忍,岡田壮史,76.0,2015101248,1173,1056,684030
202001020308,6,4,4,ケイゴールド,牝4,53.0,亀田温心,0:59.8,1/2,10-11,35.7,22.9,6.0,472.0,4.0,[東]中野栄治,布武起会,0.0,2016100105,1176,1010,78700
202001020308,7,6,8,エイカイキャロル,牝4,55.0,菱田裕二,0:59.9,1/2,7-6,36.1,51.2,11.0,468.0,0.0,[西]坂口智康,二木英徳,0.0,2016102972,1144,1170,683033
202001020308,8,5,5,アテンフェアリー,牝4,55.0,黛弘人,0:59.9,ハナ,12-10,35.6,49.6,10.0,468.0,-6.0,[東]萱野浩二,齊藤直信,0.0,2016101377,1109,1024,571006
202001020308,9,1,1,サウンドヒーロー,牡3,54.0,池添謙一,0:59.9,ハナ,1-2,36.9,8.8,3.0,448.0,6.0,[西]吉田直弘,増田雄一,0.0,2017101400,1032,1101,168006
202001020308,10,7,10,フジマサディープ,牡4,57.0,丹内祐次,1:00.1,1.1/4,8-8,36.1,49.1,8.0,494.0,8.0,[東]菊川正達,藤原正一,0.0,2016106379,1091,1052,507007
202001020308,11,2,2,ホウロクダマ,牡6,57.0,坂井瑠星,1:00.2,1/2,8-8,36.2,66.6,12.0,570.0,4.0,[西]中竹和也,ノルマンディーサラブレッドレーシング,0.0,2014104280,1163,1039,854800
202001020308,12,6,7,ガビーズメモリー,牝4,55.0,柴山雄一,1:01.7,9,5-12,38.0,33.9,7.0,514.0,10.0,[東]藤原辰雄,長島和彦,0.0,2016102855,5243,435,130031
202001020309,1,8,9,ペルルドール,牝3,52.0,坂井瑠星,1:46.8,,2-3-2-1,38.8,8.9,4.0,470.0,4.0,[西]矢作芳人,寺田寿男,760.0,2017103876,1163,1075,866006
202001020309,2,7,7,タマモパッション,牝3,52.0,池添謙一,1:47.2,2.1/2,6-4-4-3,39.1,1.9,1.0,482.0,8.0,[西]大橋勇樹,タマモ,300.0,2017102196,1032,1065,515800
202001020309,3,3,3,マジックリアリズム,牝4,55.0,横山武史,1:47.3,1/2,2-2-2-2,39.3,22.8,6.0,464.0,2.0,[東]尾関知人,社台レースホース,190.0,2016105091,1170,1103,415800
202001020309,4,5,5,サンキーウエスト,牝3,52.0,黛弘人,1:47.5,1.1/4,6-7-7-5,39.0,24.6,7.0,450.0,12.0,[東]萱野浩二,加藤ステーブル,110.0,2017100275,1109,1024,59803
202001020309,5,6,6,レディーキティ,牝5,55.0,荻野琢真,1:47.7,1,9-9-9-9,38.9,41.0,8.0,400.0,-6.0,[西]野中賢二,廣崎利洋ＨＤ,76.0,2015104245,1112,1098,37803
202001020309,6,2,2,エウロパ,牝3,49.0,秋山稔樹,1:47.7,クビ,1-1-1-3,39.9,62.1,9.0,470.0,14.0,[東]尾形和幸,コロンバスサークル,0.0,2017103261,1181,1141,878800
202001020309,7,4,4,セルフィー,牝3,51.0,団野大成,1:47.8,3/4,4-4-5-7,39.5,3.3,2.0,462.0,8.0,[東]藤沢和雄,フクキタル,0.0,2017106547,1180,386,46803
202001020309,8,1,1,プリンサン,牝3,52.0,大野拓弥,1:47.9,クビ,8-8-7-7,39.4,7.4,3.0,426.0,4.0,[東]伊藤圭三,是枝浩平,0.0,2017103501,1096,1023,370803
202001020309,9,8,8,アドマイヤミランダ,牝3,50.0,亀田温心,1:48.6,4,4-4-5-6,40.4,13.2,5.0,468.0,-4.0,[西]梅田智之,近藤旬子,0.0,2017105494,1176,1084,535031
202001020310,1,6,6,アルテラローザ,牝4,55.0,吉田隼人,2:00.9,,8-7-8-8,36.1,10.2,5.0,478.0,2.0,[西]藤原英昭,ロードホースクラブ,1090.8,2016101165,1095,1055,170800
202001020310,2,4,4,モーソンピーク,牡3,54.0,横山武史,2:00.9,クビ,6-7-8-8,36.1,4.0,2.0,500.0,8.0,[東]国枝栄,シルクレーシング,428.8,2017105588,1170,399,506800
202001020310,3,3,3,マイネルエキサイト,牡4,57.0,丹内祐次,2:01.1,1,5-4-5-6,36.5,4.3,3.0,492.0,2.0,[東]加藤士津,サラブレッドクラブ・ラフィアン,274.4,2016105756,1091,1169,546800
202001020310,4,8,10,ブラックデビル,セ5,57.0,坂井瑠星,2:01.4,2,6-6-5-2,36.8,99.6,10.0,474.0,12.0,[東]中野栄治,岡田壮史,160.0,2015105451,1163,1010,684030
202001020310,5,7,7,ファインスティール,牝4,55.0,団野大成,2:01.5,クビ,1-1-1-1,37.5,12.3,6.0,512.0,-8.0,[西]吉岡辰弥,岡田牧雄,106.0,2016110056,1180,1176,851009
202001020310,6,2,2,メガディスカバリー,セ4,57.0,勝浦正樹,2:01.5,クビ,9-9-10-10,36.4,51.9,9.0,460.0,-10.0,[東]水野貴広,有馬博文,0.0,2016100543,1025,1094,230008
202001020310,7,1,1,フォアシュピール,牡3,54.0,ルメール,2:01.9,2.1/2,3-3-3-2,37.5,2.7,1.0,480.0,24.0,[東]手塚貴久,キャロットファーム,0.0,2017105579,5339,1038,486800
202001020310,8,8,9,ブルベアカロリー,牡3,54.0,松田大作,2:01.9,クビ,9-9-7-6,37.2,7.4,4.0,482.0,0.0,[西]五十嵐忠,ブルアンドベア,0.0,2017102247,1030,422,843800
202001020310,9,7,8,コスモブルーノーズ,牡3,54.0,石川裕紀,2:02.3,2.1/2,3-4-3-5,37.9,37.1,8.0,422.0,0.0,[東]黒岩陽一,ビッグレッドファーム,0.0,2017101988,1150,1133,716800
202001020310,10,5,5,レッドアクトレス,牝4,55.0,菱田裕二,2:03.0,4,2-2-2-2,38.8,27.6,7.0,432.0,10.0,[東]宮田敬介,東京ホースレーシング,0.0,2016104804,1144,1175,180800
202001020311,1,5,5,ゴースト,セ4,55.0,ルメール,2:40.0,,4-4-3-2,36.4,3.8,2.0,502.0,12.0,[西]橋口慎介,西村健,1519.6,2016104452,5339,1154,266033
202001020311,2,4,4,トロピカルストーム,セ7,55.0,吉田隼人,2:40.1,1/2,3-3-3-2,36.5,8.3,4.0,454.0,8.0,[西]西村真幸,吉田和美,605.6,2013105912,1095,1148,138007
202001020311,3,8,9,ビーマイオーシャン,牡3,53.0,団野大成,2:40.7,3.1/2,2-2-2-2,37.3,1.5,1.0,488.0,6.0,[西]音無秀孝,シルクレーシング,382.8,2017105445,1180,1002,506800
202001020311,4,8,8,スマイル,牡4,55.0,藤岡佑介,2:41.0,1.3/4,1-1-1-1,37.7,7.2,3.0,522.0,-2.0,[東]堀宣行,石川達絵,230.0,2016104696,1093,1070,248030
202001020311,5,7,7,ホウオウエーデル,牡4,54.0,亀田温心,2:41.1,1/2,5-5-5-5,37.4,49.7,6.0,480.0,-8.0,[東]池上昌和,小笹芳央,150.0,2016105493,1176,1150,906033
202001020311,6,1,1,ノーチカルチャート,牡4,55.0,坂井瑠星,2:41.1,クビ,7-7-6-6,37.2,16.0,5.0,492.0,14.0,[西]奥村豊,社台レースホース,0.0,2016105210,1163,1146,415800
202001020311,7,2,2,サイモンサーマル,セ5,50.0,山田敬士,2:42.8,大,5-6-6-7,38.9,172.8,9.0,496.0,2.0,[東]根本康広,澤田昭紀,0.0,2015106466,1173,1029,132030
202001020311,8,3,3,カフジロッソ,牡4,53.0,川島信二,2:45.0,大,9-9-8-8,39.4,64.7,7.0,516.0,2.0,[西]矢作芳人,加藤守,0.0,2016105320,1062,1075,19004
202001020311,-1,6,6,ドヒョウギワ,牝5,50.0,秋山稔樹,,,,,,,,,[東]中野栄治,芳賀克也,0.0,2015100384,1181,1010,247030
202001020312,1,4,4,チェアリングソング,牡3,54.0,坂井瑠星,1:09.1,,2-2,34.7,11.7,5.0,458.0,8.0,[東]青木孝文,ノルマンディーサラブレッドレーシング,1088.7,2017103295,1163,1156,854800
202001020312,2,2,2,ディヴィナシオン,牡3,54.0,松田大作,1:09.2,1/2,10-9,34.1,12.0,6.0,438.0,8.0,[西]森秀行,一村哲也,428.2,2017100583,1030,427,798008
202001020312,3,5,5,イリスファルコン,牝6,55.0,横山和生,1:09.2,クビ,7-7,34.4,5.1,2.0,426.0,-2.0,[東]南田美知,菅原広隆,274.1,2014103850,1140,437,547033
202001020312,4,7,10,コスモテキロ,牡3,54.0,丹内祐次,1:09.3,3/4,5-5,34.7,18.7,7.0,480.0,6.0,[東]伊藤圭三,ビッグレッドファーム,160.0,2017101898,1091,1023,716800
202001020312,5,1,1,タイセイレフィーノ,牝3,52.0,菱田裕二,1:09.4,1/2,1-1,35.1,2.3,1.0,474.0,6.0,[西]森田直行,田中成奉,106.0,2017104559,1144,1142,224007
202001020312,6,5,6,スリーマグナム,牡5,57.0,柴山雄一,1:09.4,アタマ,3-3,34.9,64.7,11.0,494.0,0.0,[東]田中剛,永井商事,0.0,2015102435,5243,1119,61800
202001020312,7,6,7,リインフォース,牡3,54.0,横山武史,1:09.6,1,5-5,35.0,9.2,4.0,452.0,-6.0,[西]石坂公一,ディアレストクラブ,0.0,2017106128,1170,1166,13803
202001020312,8,7,9,グランフェスタ,牡3,54.0,ルメール,1:09.6,ハナ,10-11,34.5,5.6,3.0,438.0,2.0,[西]上村洋行,市川義美ホールディングス,0.0,2017103137,5339,1168,10803
202001020312,9,8,11,トップギア,牡5,57.0,山田敬士,1:09.6,クビ,8-8,34.7,32.6,9.0,450.0,-2.0,[東]小桧山悟,アドバンス・サッポロ,0.0,2015103277,1173,1005,970800
202001020312,10,3,3,ファタリテ,牡4,57.0,古川吉洋,1:09.7,3/4,12-11,34.4,54.9,10.0,450.0,0.0,[西]大根田裕,奥裕嗣,0.0,2016102111,1015,1032,548033
202001020312,11,6,8,セレンディピア,牡3,54.0,団野大成,1:09.9,1.1/4,3-3,35.4,26.8,8.0,464.0,2.0,[東]尾形和幸,ノルマンディーサラブレッドレーシング,0.0,2017106640,1180,1141,854800
202001020312,12,8,12,パームジュメイラ,牝3,52.0,勝浦正樹,1:10.7,5,8-10,35.8,69.6,12.0,436.0,4.0,[西]西浦勝一,サンライズ,0.0,2017102919,1025,1016,866800
202001020401,1,1,1,ククナ,牝2,54.0,ルメール,1:30.8,,6-6-3,34.4,1.5,1.0,458.0,12.0,[東]栗田徹,キャロットファーム,510.0,2018105008,5339,1127,486800
202001020401,2,4,4,デルマカンノン,牝2,54.0,藤岡佑介,1:31.0,1.1/4,2-2-2,35.0,9.5,3.0,432.0,8.0,[西]五十嵐忠,浅沼廣幸,200.0,2018103611,1093,422,274002
202001020401,3,3,3,テイエムミラクル,牝2,54.0,横山典弘,1:31.4,2.1/2,1-1-1,35.5,16.6,6.0,498.0,6.0,[東]石栗龍彦,竹園正繼,130.0,2018101544,660,1043,356002
202001020401,4,5,5,トーセンアレックス,牡2,54.0,横山武史,1:31.5,クビ,5-4-3,35.2,4.8,2.0,448.0,-4.0,[東]尾形和幸,島川隆哉,77.0,2018105673,1170,1141,270006
202001020401,5,2,2,ドルチェヴィータ,牝2,54.0,坂井瑠星,1:31.6,3/4,3-3-3,35.5,10.0,4.0,428.0,-6.0,[西]西橋豊治,岡田隆寛,51.0,2018103953,1163,434,55030
202001020401,6,6,6,ブリュンヒルデ,牝2,51.0,秋山稔樹,1:31.7,1/2,3-4-3,35.5,14.9,5.0,434.0,4.0,[東]大江原哲,菊地祐司,0.0,2018100328,1181,1012,656033
202001020401,7,8,8,キタノマンゲツ,牡2,52.0,亀田温心,1:31.9,1.1/4,7-8-7,35.2,60.3,7.0,438.0,2.0,[西]中尾秀正,大久保與志雄,0.0,2018100828,1176,1069,750030
202001020401,8,7,7,リュニックフルール,牝2,54.0,川島信二,1:32.4,3,8-6-7,35.9,116.3,8.0,420.0,2.0,[西]新谷功一,フィールドレーシング,0.0,2018105434,1062,1172,463031
202001020402,1,2,2,パイプライン,セ3,56.0,柴山雄一,0:59.3,,2-2,35.5,4.0,2.0,484.0,14.0,[東]田中剛,青山洋一,510.0,2017101041,5243,1119,15008
202001020402,2,5,5,ハーイ,牝3,54.0,横山和生,1:00.0,4,3-3,36.0,52.4,8.0,422.0,6.0,[東]的場均,福原晃,200.0,2017103475,1140,1063,61031
202001020402,3,6,8,ホウオウエインセル,牝3,54.0,川島信二,1:00.0,アタマ,3-3,36.0,5.0,3.0,454.0,-6.0,[西]須貝尚介,小笹芳央,130.0,2017105083,1062,1105,906033
202001020402,4,6,7,マコトヤマンバギリ,牡3,56.0,吉田隼人,1:00.3,1.3/4,5-6,36.1,15.8,5.0,468.0,-4.0,[西]鮫島一歩,ディアマント,77.0,2017105556,1095,1046,864800
202001020402,5,7,9,クレヴァージャッジ,牡3,56.0,勝浦正樹,1:00.3,クビ,5-5,36.1,90.3,10.0,476.0,0.0,[東]新開幸一,西田順彦,51.0,2017101135,1025,1116,884033
202001020402,6,3,3,メイショウアレス,牡3,53.0,秋山稔樹,1:00.5,3/4,10-9,35.5,10.4,4.0,428.0,0.0,[西]岡田稲男,松本好雄,0.0,2017105768,1181,1066,523005
202001020402,7,5,6,ディスイズミー,牡3,56.0,桑村真明,1:01.1,4,8-8,36.4,260.1,12.0,436.0,0.0,[西]新谷功一,成富直行,0.0,2017101236,5411,1172,863033
202001020402,8,1,1,ヒボン,牝3,53.0,団野大成,1:01.2,クビ,1-1,37.5,2.0,1.0,486.0,-4.0,[西]鮫島一歩,木部厳生,0.0,2017100213,1180,1046,815033
202001020402,9,8,11,サンデスヴァレー,牝3,54.0,黛弘人,1:01.2,クビ,7-7,36.8,111.6,11.0,410.0,8.0,[東]田島俊明,加藤ステーブル,0.0,2017100280,1109,1112,59803
202001020402,10,7,10,ゴールドリアリティ,牝3,52.0,亀田温心,1:01.4,1.1/4,8-9,36.6,18.0,6.0,450.0,-2.0,[東]天間昭一,居城寿与,0.0,2017102003,1176,1090,712033
202001020402,11,8,12,オーサムゲイル,牝3,51.0,山田敬士,1:01.6,1.1/4,11-11,36.3,69.3,9.0,430.0,14.0,[西]高柳大輔,シルクレーシング,0.0,2017105363,1173,1159,506800
202001020402,12,4,4,スパークルアゲン,牡3,55.0,木幡育也,1:02.7,7,12-12,37.1,25.3,7.0,436.0,-4.0,[東]加藤士津,浅川皓司,0.0,2017102265,1167,1169,350004
202001020403,1,3,4,オメガデラックス,セ3,56.0,横山和生,1:47.3,,11-10-5-1,37.9,29.4,10.0,432.0,14.0,[西]安田翔伍,原禮子,510.0,2017104677,1140,1164,8803
202001020403,2,2,2,アースライザー,セ3,53.0,山田敬士,1:47.3,アタマ,4-4-5-6,37.9,23.1,9.0,472.0,-2.0,[西]宮徹,ノルマンディーサラブレッドレーシング,200.0,2017103285,1173,1018,854800
202001020403,3,8,13,プロスペロ,牡3,56.0,服部茂史,1:47.9,3.1/2,6-6-9-8,38.0,47.5,11.0,482.0,6.0,[西]大橋勇樹,村上憲政,130.0,2017103386,5286,1065,894030
202001020403,4,5,8,ショウナンランチャ,牡3,56.0,岩田康誠,1:48.0,3/4,14-12-7-7,38.3,13.5,6.0,440.0,0.0,[西]梅田智之,国本哲秀,77.0,2017103919,5203,1084,331002
202001020403,5,3,3,サンデージュピター,牝3,54.0,ルメール,1:48.4,2,1-2-7-8,38.8,2.4,1.0,478.0,-4.0,[西]岡田稲男,杉野公彦,51.0,2017104653,5339,1066,199031
202001020403,6,6,10,エムテイフラッシュ,牡3,56.0,勝浦正樹,1:48.6,1.1/4,7-6-9-10,38.7,5.7,2.0,486.0,6.0,[西]谷潔,谷岡正次,0.0,2017102309,1025,431,42005
202001020403,7,5,7,レイコックアビー,牡3,56.0,坂井瑠星,1:48.6,アタマ,8-8-4-2,39.3,6.1,3.0,492.0,-8.0,[東]大竹正博,シルクレーシング,0.0,2017105075,1163,1102,506800
202001020403,8,1,1,エスパー,牡3,54.0,亀田温心,1:49.1,3,10-11-11-11,38.9,11.3,4.0,448.0,-2.0,[西]渡辺薫彦,石川達絵,0.0,2017106034,1176,1155,248030
202001020403,9,7,12,ウォルフライエ,牡3,56.0,水口優也,1:49.1,アタマ,2-2-2-2,40.0,51.3,12.0,480.0,10.0,[西]池江泰寿,Ｇ１レーシング,0.0,2017105036,1133,1071,808800
202001020403,10,6,9,クリノターハイ,牡3,56.0,丹内祐次,1:49.8,4,11-12-12-12,39.5,175.0,14.0,484.0,6.0,[西]藤沢則雄,栗本博晴,0.0,2017100128,1091,1041,970006
202001020403,11,8,14,ランクアップ,牡3,56.0,川島信二,1:50.2,2.1/2,2-1-1-2,41.1,14.3,7.0,492.0,-14.0,[西]矢作芳人,リーヴァ,0.0,2017104611,1062,1075,781800
202001020403,12,4,6,サンテルノ,牡3,55.0,団野大成,1:50.5,1.3/4,4-4-2-2,41.3,19.5,8.0,510.0,8.0,[西]池添学,キャロットファーム,0.0,2017105511,1180,1144,486800
202001020403,13,4,5,エールプレジール,牡3,56.0,柴山雄一,1:50.7,1.1/2,8-9-13-12,40.3,51.8,13.0,472.0,12.0,[東]小笠倫弘,グリーンファーム,0.0,2017103196,5243,1076,148800
202001020403,14,7,11,ラッキーボーイ,牡3,56.0,石川裕紀,1:57.1,大,11-14-14-14,43.8,11.6,5.0,450.0,-2.0,[東]佐藤吉勝,平本敏夫,0.0,2017101034,1150,1035,832008
202001020404,1,7,12,スマイルガール,牝3,54.0,岩田康誠,2:43.9,,1-1-1-1,35.7,31.3,7.0,432.0,-4.0,[西]宮徹,首藤徳,510.0,2017101523,5203,1018,161006
202001020404,2,8,13,タイミングハート,牡3,56.0,吉田隼人,2:44.0,3/4,9-9-7-3,35.2,3.5,2.0,448.0,8.0,[西]武幸四郎,キーファーズ,200.0,2017105616,1095,1160,2803
202001020404,3,1,1,ロードフェローズ,牡3,55.0,団野大成,2:44.1,1/2,5-5-5-6,35.5,12.9,5.0,478.0,12.0,[西]藤岡健一,ロードホースクラブ,130.0,2017102386,1180,1062,170800
202001020404,4,4,5,ケープオブストーム,牡3,53.0,秋山稔樹,2:44.2,3/4,3-3-3-3,35.7,40.4,8.0,520.0,-2.0,[西]岡田稲男,キャロットファーム,77.0,2017105273,1181,1066,486800
202001020404,5,5,8,ブルームラッシュ,牡3,56.0,ルメール,2:44.4,1.1/4,7-7-7-6,35.6,2.2,1.0,464.0,10.0,[東]尾関知人,社台レースホース,51.0,2017104904,5339,1103,415800
202001020404,6,3,3,ガニュメデスレイ,牡3,56.0,藤岡佑介,2:44.5,クビ,5-5-5-3,35.9,7.5,4.0,422.0,-10.0,[西]庄野靖志,五十川雅規,0.0,2017106649,1093,1087,706033
202001020404,7,6,9,ベスビアナイト,セ3,56.0,横山武史,2:44.8,1.3/4,14-13-13-10,35.3,6.1,3.0,494.0,-6.0,[東]国枝栄,サンデーレーシング,0.0,2017105590,1170,399,226800
202001020404,8,3,4,ナリタアレス,牡3,56.0,柴山雄一,2:44.8,クビ,7-7-7-6,36.0,21.4,6.0,476.0,8.0,[西]木原一良,オースミ,0.0,2017104924,5243,1033,712800
202001020404,9,7,11,セーリング,牡3,56.0,黛弘人,2:44.9,クビ,9-10-10-11,35.9,97.4,11.0,446.0,4.0,[東]和田雄二,栗坂崇,0.0,2017106637,1109,1143,290006
202001020404,10,4,6,キタノコドウ,牡3,53.0,山田敬士,2:44.9,クビ,9-10-10-13,35.8,163.4,14.0,472.0,6.0,[東]高木登,北所直人,0.0,2017106259,1173,1088,163002
202001020404,11,8,14,カナワン,牝3,54.0,横山和生,2:45.0,クビ,2-2-2-2,36.8,106.7,12.0,452.0,-2.0,[東]竹内正洋,由井健太郎,0.0,2017100418,1140,1152,44803
202001020404,12,2,2,アメトリン,牝3,52.0,亀田温心,2:45.2,1.1/4,12-13-12-12,35.8,148.4,13.0,438.0,-8.0,[西]清水久詞,Ｇ１レーシング,0.0,2017105049,1176,1110,808800
202001020404,13,6,10,モルトルバート,セ3,56.0,池添謙一,2:46.5,8,12-12-14-14,36.8,95.2,10.0,432.0,-6.0,[西]松永幹夫,シルクレーシング,0.0,2017104630,1032,1092,506800
202001020404,14,5,7,スーザフォン,牡3,56.0,坂井瑠星,2:47.8,8,4-4-3-6,39.4,82.9,9.0,514.0,8.0,[西]武英智,吉田和子,0.0,2017105158,1163,1161,151006
202001020405,1,6,6,エフフォーリア,牡2,54.0,横山武史,2:03.3,,3-3-2-2,35.7,1.4,1.0,516.0,0.0,[東]鹿戸雄一,キャロットファーム,700.0,2018105027,1170,1097,486800
202001020405,2,1,1,エスコバル,牡2,54.0,ルメール,2:03.4,3/4,5-5-4-2,35.6,3.1,2.0,496.0,0.0,[東]堀宣行,吉田和美,280.0,2018106154,5339,1070,138007
202001020405,3,4,4,アウトストラーダ,牡2,54.0,池添謙一,2:03.7,1.1/2,2-2-2-1,36.2,7.7,3.0,488.0,0.0,[東]高橋文雅,シルクレーシング,180.0,2018105218,1032,1134,506800
202001020405,4,7,7,トゥーマイフォー,牡2,54.0,坂井瑠星,2:04.2,3,6-6-6-6,36.2,28.2,5.0,456.0,0.0,[東]斎藤誠,小田吉男,110.0,2018100036,1163,1086,268008
202001020405,5,5,5,シックセーラー,牝2,54.0,横山和生,2:04.4,3/4,6-6-6-4,36.5,20.4,4.0,422.0,0.0,[東]黒岩陽一,ヒダカ・ブリーダーズ・ユニオン,70.0,2018101028,1140,1133,547800
202001020405,6,3,3,フレンドジェイ,牡2,51.0,山田敬士,2:05.3,5,3-3-4-6,37.5,88.8,7.0,454.0,0.0,[東]南田美知,横尾晴人,0.0,2018109057,1173,437,145030
202001020405,7,2,2,コーチェラ,牡2,54.0,松田大作,2:06.6,8,1-1-1-4,39.2,69.4,6.0,466.0,0.0,[東]松山将樹,山口裕介,0.0,2018102636,1030,1100,798033
202001020406,1,3,3,クロカドッグ,牡3,51.0,秋山稔樹,2:35.4,,2-2-1-1,40.2,24.6,10.0,500.0,0.0,[東]竹内正洋,ヒダカファーム,760.0,2017100918,1181,1152,132800
202001020406,2,8,9,リュードマン,牡3,52.0,亀田温心,2:36.0,3.1/2,7-6-3-2,39.8,5.9,2.0,476.0,-2.0,[東]中川公成,ノルマンディーサラブレッドレーシング,300.0,2017109028,1176,1081,854800
202001020406,3,4,4,タニノシェクハンド,牡4,54.0,山田敬士,2:36.6,4,9-9-6-4,40.1,13.1,8.0,496.0,8.0,[西]村山明,谷水雄三,190.0,2016106106,1173,1107,764001
202001020406,4,5,5,エイカイキング,牡5,57.0,吉田隼人,2:36.6,ハナ,5-5-3-2,40.4,12.8,7.0,488.0,4.0,[西]坂口智康,二木英徳,110.0,2015104254,1095,1170,683033
202001020406,5,7,8,ボヘミアラプソディ,牡4,57.0,大野拓弥,2:37.1,3,10-10-10-8,39.9,7.7,5.0,480.0,-4.0,[東]伊藤圭三,平井裕,76.0,2016105723,1096,1023,686006
202001020406,6,2,2,ポーラーサマー,牡3,54.0,黛弘人,2:37.4,1.3/4,7-8-6-4,40.9,6.2,3.0,534.0,16.0,[東]田中博康,ゴドルフィン,0.0,2017106563,1109,1162,3060
202001020406,7,1,1,マーキュリーセブン,牡3,54.0,丹内祐次,2:37.5,3/4,6-6-6-8,41.0,3.1,1.0,454.0,10.0,[東]加藤士津,ライオンレースホース,0.0,2017105829,1091,1169,542800
202001020406,8,7,7,スズカブランコ,牡4,57.0,池添謙一,2:38.1,3.1/2,3-3-3-6,41.8,18.0,9.0,466.0,-6.0,[西]上村洋行,永井啓弍,0.0,2016101534,1032,1168,382004
202001020406,9,6,6,トモジャプリマ,牝6,55.0,横山武史,2:38.6,3,3-4-9-8,42.0,7.3,4.0,456.0,0.0,[東]鈴木伸尋,吉冨学,0.0,2014105112,1170,1026,905033
202001020406,10,8,10,フォレストタウン,セ6,57.0,水口優也,2:38.7,クビ,1-1-2-6,42.8,11.8,6.0,502.0,-2.0,[西]湯窪幸雄,山上和良,0.0,2014103870,1133,1057,851007
202001020407,1,2,2,ヒルノアマランテ,牡4,57.0,横山典弘,1:47.2,,3-3-3-2,37.1,4.3,3.0,510.0,-7.0,[西]昆貢,ヒルノ,760.0,2016106157,660,1044,823800
202001020407,2,8,9,ファイナルマズル,牡4,56.0,団野大成,1:47.2,クビ,6-6-5-2,37.0,11.5,5.0,476.0,4.0,[東]岩戸孝樹,ノルマンディーサラブレッドレーシング,300.0,2016105530,1180,1051,854800
202001020407,3,7,8,カネコメノボル,セ3,52.0,亀田温心,1:47.5,1.3/4,6-6-7-4,37.1,2.8,1.0,436.0,2.0,[西]中尾秀正,高岡義雄,190.0,2017101239,1176,1069,530007
202001020407,4,5,5,ダッチマン,セ3,54.0,横山武史,1:47.7,3/4,4-5-5-4,37.5,6.0,4.0,452.0,0.0,[西]音無秀孝,小田切光,110.0,2017106012,1170,1002,975030
202001020407,5,6,6,サウンドテーブル,牡6,57.0,水口優也,1:48.5,5,2-2-2-1,38.8,3.8,2.0,502.0,-2.0,[西]田所秀孝,山上和良,76.0,2014104401,1133,1009,851007
202001020407,6,7,7,ヒロノブシドウ,牡5,57.0,坂井瑠星,1:49.0,3,9-9-9-9,38.4,30.6,7.0,494.0,0.0,[東]浅野洋一,小野博郷,0.0,2015100491,1163,421,212008
202001020407,7,4,4,ユノディエール,牡6,54.0,山田敬士,1:49.1,3/4,6-6-7-7,38.7,51.5,10.0,462.0,-6.0,[西]岡田稲男,ロイヤルパーク,0.0,2014105971,1173,1066,18700
202001020407,8,8,10,ディープスピリッツ,牡6,57.0,岩田康誠,1:49.6,3,4-3-3-7,39.5,17.5,6.0,472.0,-2.0,[西]羽月友彦,菅原広隆,0.0,2014100977,5203,1091,547033
202001020407,9,1,1,フォリオール,セ4,57.0,石川裕紀,1:50.5,5,10-10-10-10,39.5,49.8,9.0,516.0,0.0,[東]小野次郎,程田真司,0.0,2016100799,1150,1125,988033
202001020407,10,3,3,ゴールデンヘイロー,牡4,54.0,秋山稔樹,1:50.9,2.1/2,1-1-1-4,41.2,45.0,8.0,494.0,16.0,[西]高橋康之,駒秀,0.0,2016101705,1181,1135,436800
202001020408,1,1,1,ラヴユーライヴ,牝3,52.0,坂井瑠星,2:00.4,,1-1-1-1,35.6,4.0,3.0,450.0,30.0,[西]矢作芳人,吉田勝己,760.0,2017105600,1163,1075,790005
202001020408,2,7,7,ウインキートス,牝3,52.0,丹内祐次,2:00.9,3,3-3-3-2,35.8,6.0,4.0,462.0,6.0,[東]宗像義忠,ウイン,300.0,2017101419,1091,420,494800
202001020408,3,5,5,ルビーカサブランカ,牝3,52.0,池添謙一,2:01.2,2,5-5-5-4,35.9,3.1,2.0,458.0,-2.0,[西]須貝尚介,金子真人ホールディングス,190.0,2017105582,1032,1105,708800
202001020408,4,6,6,ステラドーロ,牝3,52.0,横山武史,2:01.4,1.1/2,2-2-2-2,36.5,10.2,5.0,466.0,2.0,[東]畠山吉宏,サラブレッドクラブ・ラフィアン,110.0,2017101951,1170,1048,546800
202001020408,5,2,2,デサフィアンテ,牝5,55.0,岩田康誠,2:01.7,2,3-3-3-4,36.6,36.1,6.0,494.0,2.0,[東]稲垣幸雄,キャロットファーム,76.0,2015104642,5203,1167,486800
202001020408,6,3,3,トゥービーシック,牝4,55.0,横山和生,2:02.0,2,7-7-7-7,36.6,84.5,7.0,446.0,-2.0,[東]古賀史生,西森功,0.0,2016105328,1140,392,316031
202001020408,7,4,4,サンテローズ,牝3,52.0,吉田隼人,2:02.5,3,5-5-5-4,37.3,2.6,1.0,518.0,8.0,[西]西村真幸,シルクレーシング,0.0,2017105569,1095,1148,506800
202001020409,1,8,13,カイザーノヴァ,牡2,54.0,坂井瑠星,1:29.6,,5-7-5,35.1,8.8,4.0,452.0,-10.0,[西]矢作芳人,広尾レース,1630.1,2018103684,1163,1075,553800
202001020409,2,4,5,ラヴケリー,牝2,54.0,団野大成,1:29.6,アタマ,5-5-4,35.2,3.8,2.0,430.0,-4.0,[西]高柳大輔,水谷昌晃,648.6,2018101514,1180,1159,616030
202001020409,3,6,10,ジャンカズマ,牡2,54.0,ルメール,1:29.8,1.1/4,5-5-5,35.4,2.6,1.0,454.0,4.0,[西]安田翔伍,雅苑興業,404.3,2018105308,5339,1164,879800
202001020409,4,3,4,ノックオンウッド,牡2,54.0,藤岡佑介,1:30.1,1.3/4,2-2-1,36.0,5.2,3.0,492.0,2.0,[東]堀宣行,シルクレーシング,240.0,2018103920,1093,1070,506800
202001020409,5,4,6,リキサントライ,牡2,54.0,池添謙一,1:30.6,3,9-11-9,35.8,41.7,8.0,484.0,-4.0,[西]池添兼雄,ハイパワー商事,160.0,2018101796,1032,1021,572800
202001020409,6,7,12,スマイルミュ,牝2,54.0,大野拓弥,1:30.6,クビ,4-4-5,36.3,207.2,14.0,490.0,-8.0,[地]村上正和,ＳＲＴ,0.0,2018104233,1096,5301,304700
202001020409,7,2,2,ボイオートス,牡2,54.0,横山武史,1:30.7,クビ,5-7-8,36.2,19.7,6.0,488.0,8.0,[東]金成貴史,ゴドルフィン,0.0,2018110040,1170,1132,3060
202001020409,8,6,9,ニシノエルサ,牝2,54.0,勝浦正樹,1:30.7,クビ,2-2-2,36.5,52.8,9.0,444.0,4.0,[東]中野栄治,西山茂行,0.0,2018104000,1025,1010,897009
202001020409,9,8,14,ディープエコロジー,牝2,54.0,岩田康誠,1:30.8,1/2,9-9-9,36.1,25.2,7.0,428.0,0.0,[東]宮田敬介,飯田正剛,0.0,2018104142,5203,1175,994002
202001020409,10,5,8,ラジアントエンティ,牝2,54.0,阿部龍,1:31.0,1.1/4,9-9-9,36.4,159.3,12.0,468.0,8.0,[地]角川秀樹,小林祥晃,0.0,2018103851,5492,5311,966007
202001020409,11,1,1,サイダイゲンカイ,牡2,54.0,服部茂史,1:31.2,1.1/2,1-1-2,37.1,13.6,5.0,482.0,-2.0,[地]田中淳司,山口裕介,0.0,2018103678,5286,5630,798033
202001020409,12,3,3,モズアンビリバボー,牡2,54.0,吉田隼人,1:31.2,クビ,14-14-13,35.9,142.9,11.0,476.0,-8.0,[地]米川昇,キャピタル・システム,0.0,2018106270,1095,5509,5803
202001020409,13,5,7,フクノラプラーニュ,牡2,54.0,横山和生,1:31.5,1.3/4,13-13-12,36.5,93.6,10.0,478.0,0.0,[東]田島俊明,福島祐子,0.0,2018100049,1140,1112,159033
202001020409,14,7,11,ハートプレイス,牡2,54.0,桑村真明,1:31.5,アタマ,9-11-13,36.7,179.8,13.0,466.0,-2.0,[地]角川秀樹,渡部賢治,0.0,2018102399,5411,5311,747031
202001020410,1,6,10,シェダル,牡3,54.0,横山武史,1:46.6,,7-6-7-5,38.5,3.1,2.0,528.0,-4.0,[東]栗田徹,シルクレーシング,1534.3,2017105555,1170,1127,506800
202001020410,2,4,5,ロンドンデリーエア,牡3,54.0,ルメール,1:46.7,1/2,3-4-4-2,38.9,1.8,1.0,462.0,0.0,[西]武英智,グリーンファーム,609.8,2017104704,5339,1161,148800
202001020410,3,7,11,クリノカポネ,セ5,57.0,亀田温心,1:47.2,3,13-13-14-12,38.3,21.4,6.0,450.0,-2.0,[西]谷潔,栗本博晴,384.9,2015101581,1176,431,970006
202001020410,4,5,8,バンクショット,牡4,57.0,団野大成,1:47.3,3/4,6-7-9-7,39.1,30.0,9.0,470.0,-4.0,[西]池添学,吉田勝己,230.0,2016104569,1180,1144,790005
202001020410,5,8,14,グランデラムジー,牡4,57.0,池添謙一,1:47.6,1.3/4,3-3-4-5,39.8,25.9,8.0,462.0,-2.0,[西]吉田直弘,グランデオーナーズ,150.0,2016102219,1032,1101,910800
202001020410,6,8,13,フクノワイルド,牡4,57.0,吉田隼人,1:47.6,クビ,10-8-10-9,39.1,24.0,7.0,498.0,-2.0,[西]杉山晴紀,佐藤範夫,0.0,2016109096,1095,1157,451033
202001020410,7,7,12,マイネルアプラウス,牡4,57.0,丹内祐次,1:47.8,1,2-2-2-2,40.2,129.1,13.0,504.0,8.0,[東]青木孝文,サラブレッドクラブ・ラフィアン,0.0,2016100718,1091,1156,546800
202001020410,8,2,2,モンオール,牝4,55.0,坂井瑠星,1:48.1,1.3/4,14-14-4-4,40.2,109.0,12.0,442.0,-6.0,[西]平田修,吉田勝己,0.0,2016104645,1163,1082,790005
202001020410,9,1,1,タイトロープウィン,牝4,55.0,田中勝春,1:48.1,クビ,7-8-10-10,39.7,18.3,4.0,444.0,12.0,[東]藤原辰雄,浅田次郎,0.0,2016105702,684,435,108007
202001020410,10,3,3,ブラックカード,牡6,57.0,岩田康誠,1:48.3,3/4,12-12-1-1,40.9,19.5,5.0,464.0,-2.0,[西]鈴木孝志,岡浩二,0.0,2014100407,5203,1111,370008
202001020410,11,3,4,ヴィーダ,セ5,57.0,勝浦正樹,1:48.6,1.3/4,3-4-7-10,40.6,49.2,10.0,438.0,6.0,[東]堀井雅広,スマイルファーム,0.0,2015105143,1025,436,341803
202001020410,12,6,9,テキスタイルアート,セ8,57.0,大野拓弥,1:48.9,2,10-11-12-13,40.2,95.4,11.0,490.0,4.0,[東]加藤和宏,岡田壮史,0.0,2012104467,1096,1077,684030
202001020410,13,4,6,シュプリームゾーン,牡6,57.0,柴山雄一,1:49.0,クビ,9-10-12-13,40.4,152.1,14.0,512.0,-4.0,[西]高柳大輔,村上憲政,0.0,2014104353,5243,1159,894030
202001020410,14,5,7,タマモサンシーロ,牡4,57.0,藤岡佑介,1:49.6,3.1/2,1-1-2-7,42.0,15.3,3.0,522.0,0.0,[西]大橋勇樹,タマモ,0.0,2016100947,1093,1065,515800
202001020411,1,1,1,ノームコア,牝5,55.0,横山典弘,1:59.4,,6-6-7-5,34.5,3.7,2.0,468.0,2.0,[東]萩原清,池谷誠一,7085.4,2015104765,660,1017,172002
202001020411,2,2,2,ペルシアンナイト,牡6,57.0,大野拓弥,1:59.6,1,9-9-9-7,34.5,20.6,6.0,500.0,0.0,[西]池江泰寿,Ｇ１レーシング,2824.4,2014105258,1096,1071,808800
202001020411,3,5,6,ラッキーライラック,牝5,55.0,Ｍ．デム,1:59.8,1.1/2,2-2-2-2,35.5,1.9,1.0,524.0,0.0,[西]松永幹夫,サンデーレーシング,1812.2,2015105046,5212,1092,226800
202001020411,4,7,10,ポンデザール,牝5,55.0,ルメール,2:00.0,1.1/4,7-6-6-5,35.3,8.9,3.0,500.0,8.0,[東]堀宣行,サンデーレーシング,1100.0,2015104834,5339,1070,226800
202001020411,5,7,9,イェッツト,牡5,57.0,横山武史,2:00.0,クビ,11-11-11-11,34.5,33.0,10.0,482.0,4.0,[東]金成貴史,近藤英子,700.0,2015103201,1170,1132,372006
202001020411,6,3,3,トーセンスーリヤ,牡5,57.0,横山和生,2:00.3,1.3/4,3-5-4-4,35.7,15.9,5.0,480.0,-4.0,[東]小野次郎,島川隆哉,0.0,2015101105,1140,1125,270006
202001020411,7,6,8,カウディーリョ,牡4,57.0,藤岡佑介,2:00.3,クビ,5-3-2-3,35.9,30.7,9.0,450.0,0.0,[東]堀宣行,キャロットファーム,0.0,2016104549,1093,1070,486800
202001020411,8,8,12,トーラスジェミニ,牡4,57.0,木幡育也,2:00.4,1/2,1-1-1-1,36.2,30.4,8.0,476.0,-2.0,[東]小桧山悟,柴原榮,0.0,2016106518,1167,1005,238009
202001020411,9,6,7,ブラックホール,牡3,54.0,石川裕紀,2:00.4,アタマ,8-8-7-7,35.5,13.0,4.0,444.0,20.0,[東]相沢郁,芹澤精一,0.0,2017105973,1150,1020,683002
202001020411,10,8,11,アドマイヤジャスタ,牡4,57.0,吉田隼人,2:00.6,1.1/4,10-10-9-10,35.4,20.6,7.0,508.0,-2.0,[西]須貝尚介,近藤旬子,0.0,2016104702,1095,1105,535031
202001020411,11,4,4,ドレッドノータス,セ7,57.0,坂井瑠星,2:00.7,3/4,3-3-4-7,36.2,81.2,11.0,458.0,-2.0,[西]矢作芳人,キャロットファーム,0.0,2013105975,1163,1075,486800
202001020411,12,5,5,ルミナスウォリアー,牡9,57.0,川島信二,2:01.4,4,11-11-11-12,36.0,186.4,12.0,476.0,2.0,[西]新谷功一,中西功,0.0,2011104117,1062,1172,117030
202001020412,1,1,1,メイショウミモザ,牝3,52.0,池添謙一,1:08.8,,4-2,34.9,3.8,2.0,452.0,0.0,[西]池添兼雄,松本好雄,1532.9,2017106414,1032,1021,523005
202001020412,2,2,3,コスモアンジュ,牝3,52.0,丹内祐次,1:09.0,1.1/4,1-1,35.4,10.1,4.0,474.0,0.0,[東]武藤善則,岡田繁幸,609.4,2017101248,1091,1064,760008
202001020412,3,8,15,キャスパリーグ,牝6,55.0,坂井瑠星,1:09.2,1.1/2,10-11,34.7,20.7,9.0,462.0,8.0,[西]浅見秀一,杉山忠国,384.7,2014101392,1163,411,53803
202001020412,4,8,14,ロフティーピーク,牝3,52.0,吉田隼人,1:09.4,1.1/4,5-4,35.3,3.4,1.0,482.0,4.0,[西]武幸四郎,サンデーレーシング,230.0,2017105060,1095,1160,226800
202001020412,5,4,6,ミニオンペール,牝4,55.0,黛弘人,1:09.4,クビ,12-12,34.7,11.7,5.0,466.0,-12.0,[東]小手川準,ノルマンディーサラブレッドレーシング,150.0,2016100298,1109,1171,854800
202001020412,6,5,8,グランドピルエット,牝5,55.0,横山和生,1:09.5,クビ,13-13,34.6,21.1,10.0,500.0,4.0,[東]田村康仁,社台レースホース,0.0,2015104337,1140,1027,415800
202001020412,7,7,13,エイカイマドンナ,牝5,55.0,藤岡佑介,1:09.5,アタマ,7-8,35.2,13.7,6.0,446.0,0.0,[西]藤原英昭,二木英徳,0.0,2015104546,1093,1055,683033
202001020412,8,4,7,クリノアリエル,牝5,55.0,松田大作,1:09.5,ハナ,10-9,34.9,17.9,8.0,424.0,2.0,[西]武英智,栗本博晴,0.0,2015102745,1030,1161,970006
202001020412,9,7,12,デンタルバルーン,牝3,52.0,勝浦正樹,1:09.5,クビ,15-13,34.4,41.0,11.0,458.0,0.0,[西]牧浦充徳,三宅勝俊,0.0,2017105924,1025,1113,372008
202001020412,10,2,2,ファンシャン,牝4,55.0,秋山稔樹,1:09.6,クビ,7-6,35.3,6.4,3.0,424.0,0.0,[東]畠山吉宏,ターフ・スポート,0.0,2016102295,1181,1048,102800
202001020412,11,6,10,セントセシリア,牝4,55.0,石川裕紀,1:09.8,1.1/4,7-9,35.4,106.2,14.0,404.0,0.0,[西]矢作芳人,田所英子,0.0,2016102768,1150,1075,635009
202001020412,12,3,4,シゲルスピネル,牝4,55.0,大野拓弥,1:10.0,1.1/2,6-6,35.8,60.9,12.0,470.0,8.0,[東]和田勇介,森中蕃,0.0,2016101139,1096,1165,674004
202001020412,13,5,9,フクノナルボンヌ,牝4,55.0,柴山雄一,1:10.1,3/4,2-3,36.3,62.6,13.0,508.0,0.0,[東]杉浦宏昭,福島祐子,0.0,2016102978,5243,1008,159033
202001020412,14,6,11,ガーデンコンサート,牝4,55.0,団野大成,1:10.3,1.1/2,13-13,35.5,135.0,15.0,472.0,-2.0,[東]尾関知人,グリーンファーム,0.0,2016100637,1180,1103,148800
202001020412,15,3,5,ナリノメジャー,牝6,55.0,Ｍ．デム,1:10.7,2.1/2,2-4,36.9,15.4,7.0,466.0,-4.0,[東]上原博之,成塚清志,0.0,2014105422,5212,423,333030
202001020501,1,1,1,モリノカンナチャン,牝2,54.0,横山和生,1:51.6,,4-3-3-4,35.9,4.1,2.0,432.0,6.0,[東]大江原哲,森和久,510.0,2018105722,1140,1012,698033
202001020501,2,5,5,カランドゥーラ,牡2,54.0,ルメール,1:51.8,1.1/4,4-5-5-1,36.0,1.1,1.0,468.0,-2.0,[東]藤沢和雄,窪田芳郎,200.0,2018105321,5339,386,208008
202001020501,3,2,2,ダイシンピスケス,牡2,52.0,亀田温心,1:52.7,5,2-2-2-2,37.2,20.1,4.0,482.0,2.0,[西]森秀行,大八木信行,130.0,2018100830,1176,427,929002
202001020501,4,3,3,ピエナゴールド,牡2,54.0,古川吉洋,1:52.7,クビ,6-5-6-4,36.7,61.9,6.0,474.0,2.0,[西]谷潔,本谷兼三,77.0,2018106013,1015,431,23007
202001020501,5,6,6,ヤマニンジャベリン,牡2,54.0,柴山雄一,1:53.0,1.3/4,3-3-3-3,37.3,19.4,3.0,526.0,0.0,[西]浅見秀一,土井肇,51.0,2018102016,5243,411,329004
202001020501,6,4,4,フェイトリッパー,牡2,54.0,坂井瑠星,1:56.2,大,1-1-1-4,40.8,40.1,5.0,464.0,-6.0,[西]新谷功一,鈴木康弘,0.0,2018103977,1163,1172,624007
202001020502,1,5,6,マウンテンムスメ,牝2,54.0,坂井瑠星,1:10.3,,1-1,36.2,4.1,3.0,438.0,-6.0,[東]中野栄治,西村新一郎,510.0,2018104041,1163,1010,772002
202001020502,2,5,5,ショウナンアシュア,牡2,54.0,池添謙一,1:11.0,4,8-8,36.2,9.9,5.0,470.0,2.0,[西]池添兼雄,国本哲秀,200.0,2018103165,1032,1021,331002
202001020502,3,7,10,ゴットゴーゴー,牝2,54.0,古川吉洋,1:11.1,1/2,11-10,36.1,3.5,1.0,456.0,-6.0,[西]木原一良,後藤進,130.0,2018105530,1015,1033,460030
202001020502,4,2,2,バルネージュ,セ2,54.0,松田大作,1:11.2,1/2,3-3,36.9,92.3,9.0,504.0,-4.0,[東]牧光二,手嶋康雄,77.0,2018103832,1030,1106,759030
202001020502,5,4,4,インディナート,牝2,53.0,団野大成,1:11.3,1/2,8-8,36.5,4.5,4.0,446.0,-6.0,[西]浅見秀一,梶本尚嗣,51.0,2018102663,1180,411,956033
202001020502,6,8,12,ドリップワン,牝2,51.0,秋山稔樹,1:11.5,1,6-6,36.9,87.1,8.0,402.0,0.0,[東]堀井雅広,ターフ・スポート,0.0,2018103033,1181,436,102800
202001020502,7,3,3,デンプシーロール,牡2,54.0,横山和生,1:11.5,クビ,3-2,37.2,3.9,2.0,410.0,0.0,[東]黒岩陽一,今村明浩,0.0,2018100769,1140,1133,466033
202001020502,8,7,9,ネオペトリコール,牝2,51.0,山田敬士,1:11.9,2.1/2,2-3,37.7,294.3,12.0,398.0,-4.0,[東]粕谷昌央,平川浩之,0.0,2018103956,1173,1096,136007
202001020502,9,6,7,ナムラアダーラ,牝2,54.0,丹内祐次,1:12.0,1/2,5-5,37.6,127.7,10.0,454.0,0.0,[東]石栗龍彦,奈村睦弘,0.0,2018106716,1091,1043,972002
202001020502,10,1,1,ニシノカオリード,牝2,54.0,大野拓弥,1:12.2,1.1/2,6-6,37.6,25.5,6.0,438.0,0.0,[東]杉浦宏昭,西山茂行,0.0,2018101003,1096,1008,897009
202001020502,11,8,11,イチゴミルク,牝2,52.0,亀田温心,1:12.5,1.3/4,10-10,37.6,65.8,7.0,434.0,-2.0,[東]萱野浩二,田頭勇貴,0.0,2018102920,1176,1024,855030
202001020502,12,6,8,ハチノヘタイショウ,牡2,54.0,黛弘人,1:14.2,大,12-12,38.7,282.8,11.0,454.0,-2.0,[東]天間昭一,西村新一郎,0.0,2018109038,1109,1090,772002
202001020503,1,8,11,ヴァルムチェーナ,牝3,54.0,吉田隼人,0:59.8,,2-2,36.3,12.8,5.0,440.0,4.0,[西]石坂公一,ディアレストクラブ,510.0,2017102096,1095,1166,13803
202001020503,2,4,4,カーテンコール,牝3,54.0,横山武史,0:59.9,1/2,2-3,36.4,4.2,2.0,476.0,4.0,[西]高野友和,ロードホースクラブ,200.0,2017102371,1170,1117,170800
202001020503,3,8,12,シゲルハクチョウザ,牝3,54.0,加藤祥太,1:00.0,1/2,4-3,36.3,26.5,8.0,446.0,2.0,[西]藤沢則雄,森中蕃,130.0,2017102190,1156,1041,674004
202001020503,4,6,8,ゴッドカーヌスティ,牝3,51.0,秋山稔樹,1:00.2,1.1/2,5-5,36.1,6.5,4.0,470.0,8.0,[西]角田晃一,中西憲治,77.0,2017103708,1181,1121,998007
202001020503,5,5,6,シアープレジャー,牝3,54.0,横山和生,1:00.2,アタマ,7-6,35.9,25.0,6.0,424.0,-2.0,[東]田中清隆,岡田牧雄,51.0,2017103278,1140,408,851009
202001020503,6,7,9,コンゴウレイワ,牝3,53.0,団野大成,1:00.4,1,7-6,36.1,5.9,3.0,458.0,2.0,[西]佐々木晶,金岡久夫,0.0,2017103798,1180,429,557006
202001020503,7,7,10,エンジェルティアラ,牝3,52.0,亀田温心,1:00.5,3/4,1-1,37.3,2.2,1.0,466.0,0.0,[西]羽月友彦,ノルマンディーサラブレッドレーシング,0.0,2017103329,1176,1091,854800
202001020503,8,5,5,ポートメイリオン,牝3,54.0,坂井瑠星,1:01.6,7,9-8,37.0,72.5,10.0,436.0,2.0,[東]尾形和幸,中村祐子,0.0,2017102393,1163,1141,373008
202001020503,9,6,7,コルディアルッカ,牝3,54.0,水口優也,1:01.6,クビ,12-10,36.7,51.3,9.0,436.0,-2.0,[西]大根田裕,山上和良,0.0,2017104134,1133,1032,851007
202001020503,10,1,1,エメラルディ,牝3,54.0,黛弘人,1:01.7,クビ,9-8,37.2,174.2,12.0,482.0,4.0,[東]勢司和浩,ＹＧＧホースクラブ,0.0,2017102741,1109,1047,188800
202001020503,11,3,3,サイモンベラーノ,牝3,54.0,柴山雄一,1:01.8,3/4,11-11,37.1,25.4,7.0,480.0,4.0,[東]根本康広,澤田昭紀,0.0,2017102918,5243,1029,132030
202001020503,12,2,2,クイーンズバラッド,牝3,54.0,菱田裕二,1:04.6,大,5-12,40.5,79.7,11.0,438.0,-4.0,[西]坂口智康,ヒダカ・ブリーダーズ・ユニオン,0.0,2017106436,1144,1170,547800
202001020504,1,6,10,リアルシング,牡3,56.0,池添謙一,1:47.3,,8-7-4-3,38.7,14.6,7.0,526.0,4.0,[西]池添兼雄,ヒダカ・ブリーダーズ・ユニオン,510.0,2017103378,1032,1021,547800
202001020504,2,8,13,インセンディオ,牡3,56.0,大野拓弥,1:47.5,1.1/2,10-10-6-4,38.7,5.1,2.0,430.0,4.0,[東]田中清隆,嶋田賢,200.0,2017106533,1096,408,399009
202001020504,3,8,14,ブライトオーシャン,セ3,56.0,勝浦正樹,1:47.8,1.3/4,4-4-3-2,39.4,41.7,10.0,490.0,-4.0,[東]新開幸一,岡田牧雄,130.0,2017103649,1025,1116,851009
202001020504,4,6,9,アポロファントム,牡3,56.0,横山武史,1:47.8,クビ,13-12-12-8,38.1,14.0,6.0,450.0,2.0,[東]鈴木伸尋,アポロサラブレッドクラブ,77.0,2017104113,1170,1026,33700
202001020504,5,5,8,ウラワザテクニック,牡3,56.0,丹内祐次,1:48.0,1.1/4,14-14-13-12,38.1,13.8,5.0,482.0,2.0,[東]宗像義忠,薗部博之,25.5,2017100166,1091,420,960006
202001020504,5,7,12,ラグリマスネグラス,セ3,56.0,ルメール,1:48.0,同着,2-2-1-1,39.8,1.9,1.0,548.0,2.0,[東]藤沢和雄,多田信尊,25.5,2017103879,5339,386,845008
202001020504,7,4,5,ヌンカプト,牡3,56.0,黛弘人,1:48.1,1/2,11-10-8-6,39.1,85.6,14.0,452.0,2.0,[東]矢野英一,ヌンクラブ,0.0,2017103142,1109,1108,11803
202001020504,8,4,6,アマデトワール,牝3,54.0,石川裕紀,1:48.5,2,7-8-11-8,39.2,11.0,3.0,452.0,4.0,[西]高橋康之,ノースヒルズ,0.0,2017104334,1150,1135,788800
202001020504,9,3,3,ラストラフ,牝3,51.0,秋山稔樹,1:48.9,2.1/2,3-3-4-4,40.4,11.9,4.0,488.0,8.0,[西]小崎憲,ニッシンホールディングス,0.0,2017105210,1181,1085,318803
202001020504,10,2,2,ココリミネルヴァ,牝3,53.0,団野大成,1:49.0,クビ,8-8-10-11,39.8,18.3,8.0,418.0,-4.0,[東]古賀慎明,美崎光二郎,0.0,2017103539,1180,1079,675033
202001020504,11,3,4,リーガルレディ,牝3,54.0,川島信二,1:49.4,2.1/2,4-5-6-8,40.5,77.2,13.0,446.0,10.0,[東]稲垣幸雄,芳賀滿男,0.0,2017104087,1062,1167,101031
202001020504,12,1,1,ベニトアイト,セ3,56.0,古川吉洋,1:50.8,8,6-5-8-12,41.8,46.1,11.0,508.0,-10.0,[西]藤岡健一,青山洋一,0.0,2017104997,1015,1062,15008
202001020504,13,7,11,ダイユウローズ,牝3,54.0,松田大作,1:51.2,2.1/2,1-1-2-6,43.0,50.3,12.0,510.0,-12.0,[東]松永康利,大友靖岐,0.0,2017104122,1030,1093,448033
202001020504,-1,5,7,カッチョカバロ,牡3,53.0,山田敬士,,,,,,,,,[東]牧光二,平田修,0.0,2017103310,1173,1106,11008
202001020505,1,6,9,ピクトルテソーロ,牡2,54.0,大野拓弥,1:49.3,,2-3-2-2,39.1,6.1,2.0,482.0,0.0,[東]田中博康,了徳寺健二ホールディングス,700.0,2018101001,1096,1162,89803
202001020505,2,6,10,サンキューレター,牡2,54.0,武豊,1:49.6,2,7-7-4-3,39.3,18.1,5.0,476.0,0.0,[東]相沢郁,吉澤ホールディングス,280.0,2018102345,666,1020,346803
202001020505,3,2,2,ジャスティンスター,牡2,54.0,ルメール,1:49.7,1/2,6-5-5-5,39.2,1.8,1.0,488.0,0.0,[西]安田隆行,三木正浩,180.0,2018106326,5339,438,195031
202001020505,4,7,11,タマモブトウカイ,牡2,54.0,横山武史,1:50.1,2.1/2,2-5-5-6,39.7,7.9,4.0,460.0,0.0,[東]伊藤圭三,タマモ,110.0,2018104424,1170,1023,515800
202001020505,5,5,8,ライムンダ,牝2,54.0,松田大作,1:50.2,1/2,2-2-2-1,40.1,75.0,10.0,440.0,0.0,[西]寺島良,椎名節,70.0,2018106525,1030,1158,799033
202001020505,6,4,5,チュイション,牡2,54.0,吉田隼人,1:50.3,1/2,7-7-8-8,39.6,32.7,7.0,460.0,0.0,[東]高柳瑞樹,ゴドルフィン,0.0,2018100675,1095,1118,3060
202001020505,7,3,4,ゼンダンラット,牡2,54.0,横山和生,1:50.3,クビ,14-14-8-6,39.6,64.2,9.0,462.0,0.0,[東]藤原辰雄,渡邊善男,0.0,2018103226,1140,435,377031
202001020505,8,4,6,メイクマイデイ,牡2,54.0,古川吉洋,1:50.9,3.1/2,5-3-5-9,40.4,25.2,6.0,484.0,0.0,[西]昆貢,ローレルレーシング,0.0,2018109013,1015,1044,32800
202001020505,9,1,1,アスルノーヴァ,牡2,54.0,丹内祐次,1:50.9,クビ,10-10-11-10,39.8,112.9,11.0,460.0,0.0,[東]高橋祥泰,ブルースターズファーム,0.0,2018102183,1091,359,27803
202001020505,10,5,7,ゼローソ,牡2,53.0,団野大成,1:51.7,5,1-1-1-3,41.7,6.5,3.0,500.0,0.0,[東]栗田徹,ゴドルフィン,0.0,2018106752,1180,1127,3060
202001020505,11,8,13,タガノセーヌ,牝2,51.0,山田敬士,1:52.3,3.1/2,7-7-10-11,41.5,222.3,14.0,422.0,0.0,[西]加用正,八木良司,0.0,2018101947,1173,425,859002
202001020505,12,8,14,ネオエックス,牡2,52.0,亀田温心,1:52.5,1.1/4,10-10-13-13,41.2,135.8,12.0,452.0,0.0,[東]小野次郎,西田俊二,0.0,2018102452,1176,1125,502033
202001020505,13,3,3,エコロディバイン,牡2,54.0,坂井瑠星,1:52.9,2.1/2,12-12-13-11,41.7,51.0,8.0,494.0,0.0,[東]伊藤大士,原村正紀,0.0,2018105592,1163,1109,783033
202001020505,14,7,12,トミケンハルト,牡2,54.0,勝浦正樹,1:53.3,2.1/2,12-12-11-14,42.2,179.0,13.0,490.0,0.0,[東]水野貴広,冨樫賢二,0.0,2018104397,1025,1094,901007
202001020506,1,6,10,サトノヴィーナス,牝3,52.0,亀田温心,1:29.6,,4-3-2,36.5,9.0,4.0,466.0,2.0,[西]平田修,サトミホースカンパニー,510.0,2017105323,1176,1082,75803
202001020506,2,3,3,スカイヴァルキリー,牝3,53.0,団野大成,1:29.8,1,12-12-13,35.9,27.4,8.0,468.0,14.0,[西]寺島良,杉山忠国,200.0,2017105995,1180,1158,53803
202001020506,3,8,14,コスモテキロ,牡3,56.0,丹内祐次,1:29.8,アタマ,5-5-5,36.6,18.1,7.0,472.0,-8.0,[東]伊藤圭三,ビッグレッドファーム,130.0,2017101898,1091,1023,716800
202001020506,4,7,12,シュルシャガナ,牡3,56.0,池添謙一,1:29.9,1/2,10-10-5,36.3,3.8,2.0,444.0,10.0,[西]石坂公一,ディアレストクラブ,77.0,2017104227,1032,1166,13803
202001020506,5,4,6,デュアルネイチャー,牝3,54.0,ルメール,1:29.9,クビ,10-11-11,36.2,2.9,1.0,436.0,6.0,[東]池上昌和,Ｇ１レーシング,51.0,2017105003,5339,1150,808800
202001020506,6,8,13,ティラミス,牝3,54.0,藤岡佑介,1:30.0,3/4,12-12-8,36.2,27.9,9.0,448.0,-8.0,[西]安田隆行,寺田寿男,0.0,2017104952,1093,438,866006
202001020506,7,5,7,ハッピーペコ,牝3,54.0,吉田隼人,1:30.1,1/2,3-3-2,37.0,34.6,11.0,420.0,4.0,[西]奥村豊,ローレルレーシング,0.0,2017101842,1095,1146,32800
202001020506,8,6,9,ヤマニンボンモマン,牝3,54.0,古川吉洋,1:30.1,クビ,5-5-5,36.9,33.1,10.0,442.0,2.0,[西]木原一良,土井肇,0.0,2017101778,1015,1033,329004
202001020506,9,7,11,ムーンフェアリー,牝3,51.0,秋山稔樹,1:30.3,1.1/4,8-7-8,36.9,16.9,6.0,456.0,4.0,[東]岩戸孝樹,村山卓也,0.0,2017106103,1181,1051,47030
202001020506,10,2,2,ビクトリーシューズ,牡3,56.0,荻野琢真,1:30.6,1.3/4,7-8-8,37.1,93.8,13.0,466.0,8.0,[西]今野貞一,呉本昌時,0.0,2017104302,1112,1128,163031
202001020506,11,1,1,パラティーノヒル,牝3,54.0,勝浦正樹,1:31.0,2.1/2,1-1-1,38.1,13.5,5.0,414.0,6.0,[東]武藤善則,吉田照哉,0.0,2017105132,1025,1064,758005
202001020506,12,5,8,サントマリー,牝3,54.0,坂井瑠星,1:31.8,5,8-8-11,38.3,182.7,14.0,438.0,0.0,[東]松山将樹,岡田牧雄,0.0,2017103274,1163,1100,851009
202001020506,13,3,4,デイトライン,牝3,54.0,横山武史,1:32.3,3,2-2-4,39.3,5.6,3.0,460.0,14.0,[東]高橋文雅,キャロットファーム,0.0,2017105475,1170,1134,486800
202001020506,14,4,5,ピンポンダッシュ,牝3,54.0,横山和生,1:32.5,3/4,14-14-14,37.8,44.5,12.0,428.0,-9.0,[東]的場均,長谷川守正,0.0,2017103875,1140,1063,370033
202001020507,1,3,4,ヒナノコバン,牡3,51.0,秋山稔樹,1:49.0,,4-4-2-1,36.9,134.4,13.0,456.0,2.0,[東]本間忍,日向英二,760.0,2017105874,1181,1056,31031
202001020507,2,6,9,ケルンキングダム,セ4,57.0,ルメール,1:49.0,アタマ,7-6-5-2,36.4,1.6,1.0,446.0,0.0,[西]松田国英,谷和光彦,300.0,2016102113,5339,1011,838008
202001020507,3,6,10,ブラックデビル,セ5,57.0,坂井瑠星,1:49.1,クビ,8-8-8-6,36.0,14.4,5.0,464.0,-10.0,[東]中野栄治,岡田壮史,190.0,2015105451,1163,1010,684030
202001020507,4,7,12,ファントムグレイ,牡7,57.0,大野拓弥,1:49.3,1.1/2,6-6-5-5,36.7,4.1,2.0,446.0,0.0,[東]杉浦宏昭,山岸桂市,110.0,2013100376,1096,1008,510008
202001020507,5,1,1,スズカゼ,牝6,52.0,山田敬士,1:49.5,1.1/4,4-4-5-2,37.0,14.3,4.0,488.0,10.0,[東]深山雅史,ヒダカ・ブリーダーズ・ユニオン,76.0,2014105080,1173,1174,547800
202001020507,6,5,8,ロッソモラーレ,牡3,54.0,黛弘人,1:49.7,1,2-2-2-2,37.5,63.9,9.0,456.0,0.0,[東]清水英克,コスモヴューファーム,0.0,2017100915,1109,1080,30803
202001020507,7,3,3,ディーイストワール,牡4,57.0,武豊,1:50.4,4,8-8-8-9,37.3,17.8,6.0,464.0,0.0,[東]大和田成,嶋田一成,0.0,2016104961,666,1124,782033
202001020507,8,8,14,ディープサドラーズ,セ4,57.0,吉田隼人,1:50.7,2,2-2-4-8,38.3,13.8,3.0,446.0,2.0,[西]藤原英昭,廣崎利洋ＨＤ,0.0,2016105255,1095,1055,37803
202001020507,9,2,2,サイモンバトラー,牡3,54.0,松田大作,1:51.1,2.1/2,10-12-12-12,36.8,117.0,11.0,462.0,4.0,[東]勢司和浩,澤田昭紀,0.0,2017102604,1030,1047,132030
202001020507,10,4,5,ダンツシルビア,牝3,50.0,亀田温心,1:51.3,3/4,14-13-13-12,36.8,44.1,8.0,452.0,2.0,[西]谷潔,山元哲二,0.0,2017103092,1176,431,248005
202001020507,11,8,13,ユノディエール,牡6,57.0,古川吉洋,1:51.3,クビ,10-10-10-10,37.8,70.5,10.0,458.0,-4.0,[西]岡田稲男,ロイヤルパーク,0.0,2014105971,1015,1066,18700
202001020507,12,7,11,メイショウニタボウ,牡3,54.0,川島信二,1:51.8,3,10-10-10-11,38.3,190.1,14.0,516.0,10.0,[西]飯田祐史,松本好雄,0.0,2017102927,1062,1139,523005
202001020507,13,5,7,コスモレリア,牡5,57.0,丹内祐次,1:52.5,4,1-1-1-6,40.7,23.7,7.0,468.0,-2.0,[東]奥村武,ビッグレッドファーム,0.0,2015100731,1091,1145,716800
202001020507,14,4,6,フジコウキ,牡3,54.0,荻野琢真,1:52.7,1.1/4,13-13-13-14,38.3,122.2,12.0,456.0,4.0,[東]大江原哲,荒木誠,0.0,2017103370,1112,1012,89030
202001020508,1,7,12,ウンダモシタン,牝3,50.0,亀田温心,1:46.6,,3-3-3-2,38.2,8.6,4.0,458.0,2.0,[西]藤沢則雄,小原該一,760.0,2017103320,1176,1041,543006
202001020508,2,4,6,オレンジペコ,牝3,52.0,武豊,1:46.6,クビ,4-4-4-3,38.0,2.3,1.0,480.0,2.0,[西]武英智,今村明浩,300.0,2017102808,666,1161,466033
202001020508,3,6,10,ラフリッグフェル,牝3,51.0,団野大成,1:47.0,2.1/2,12-12-10-6,37.8,10.9,5.0,436.0,-8.0,[西]寺島良,社台レースホース,190.0,2017104659,1180,1158,415800
202001020508,4,8,13,メイショウカスガ,牝4,55.0,吉田隼人,1:47.2,3/4,8-7-6-6,38.3,4.8,3.0,462.0,0.0,[西]高橋義忠,松本好雄,110.0,2016102097,1095,1129,523005
202001020508,5,3,3,タマモパッション,牝3,52.0,池添謙一,1:47.4,1.1/4,9-9-6-3,38.6,4.1,2.0,488.0,6.0,[西]大橋勇樹,タマモ,76.0,2017102196,1032,1065,515800
202001020508,6,7,11,バーミーズ,牝3,52.0,丹内祐次,1:47.4,アタマ,6-4-4-3,38.7,38.4,7.0,468.0,-2.0,[西]飯田雄三,サラブレッドクラブ・ラフィアン,0.0,2017104160,1091,1050,546800
202001020508,7,8,14,マジックリアリズム,牝4,55.0,横山武史,1:47.6,1,9-10-10-9,38.4,16.3,6.0,464.0,0.0,[東]尾関知人,社台レースホース,0.0,2016105091,1170,1103,415800
202001020508,8,2,2,ピエナシニスター,牝5,55.0,菱田裕二,1:47.6,アタマ,13-14-13-11,38.0,61.0,8.0,466.0,-6.0,[西]谷潔,本谷兼三,0.0,2015103333,1144,431,23007
202001020508,9,5,8,アテンフェアリー,牝4,55.0,黛弘人,1:47.7,クビ,11-10-9-8,38.6,87.3,10.0,476.0,8.0,[東]萱野浩二,齊藤直信,0.0,2016101377,1109,1024,571006
202001020508,10,3,4,テイケイドルチェ,牝5,55.0,川島信二,1:47.9,1.1/4,13-13-13-9,38.4,63.5,9.0,434.0,10.0,[西]荒川義之,兼松忠男,0.0,2015104328,1062,1095,840008
202001020508,11,6,9,フェアザスピリッツ,牝4,52.0,秋山稔樹,1:48.5,3.1/2,2-2-1-1,40.3,112.8,12.0,516.0,0.0,[東]粕谷昌央,ノルマンディーサラブレッドレーシング,0.0,2016101444,1181,1096,854800
202001020508,12,1,1,ピュアファンタジー,牝3,52.0,水口優也,1:50.4,大,4-4-6-12,41.6,133.3,14.0,470.0,0.0,[東]蛯名利弘,堀口晴男,0.0,2017100656,1133,1131,407033
202001020508,13,5,7,エナミルク,牝3,52.0,勝浦正樹,1:51.8,8,7-7-12-14,42.4,95.5,11.0,482.0,-6.0,[東]伊藤大士,宮原廣伸,0.0,2017102730,1025,1109,52009
202001020508,14,4,5,スズカアイドル,牝3,49.0,山田敬士,1:52.2,2.1/2,1-1-2-12,43.9,118.3,13.0,416.0,2.0,[東]柄崎孝,永井啓弍,0.0,2017101067,1173,380,382004
202001020509,1,6,6,ウインキートス,牝3,52.0,丹内祐次,2:42.9,,3-3-4-4,35.7,3.9,3.0,462.0,0.0,[東]宗像義忠,ウイン,1086.6,2017101419,1091,420,494800
202001020509,2,4,4,ポーラーサマー,牡3,54.0,黛弘人,2:43.4,3,8-8-4-2,36.2,72.8,10.0,536.0,2.0,[東]田中博康,ゴドルフィン,427.6,2017106563,1109,1162,3060
202001020509,3,8,9,ダノンセレスタ,牡3,54.0,武豊,2:43.4,クビ,2-2-2-2,36.4,2.7,1.0,498.0,14.0,[西]音無秀孝,ダノックス,273.8,2017105402,666,1002,619800
202001020509,4,1,1,リアンティサージュ,牡3,54.0,ルメール,2:43.6,1,1-1-1-1,36.7,2.8,2.0,462.0,2.0,[西]須貝尚介,シルクレーシング,160.0,2017105662,5339,1105,506800
202001020509,5,5,5,モズナガレボシ,牡3,54.0,団野大成,2:44.2,3.1/2,7-6-8-6,36.6,55.6,7.0,492.0,0.0,[西]荒川義之,キャピタル・システム,106.0,2017106161,1180,1095,5803
202001020509,6,7,8,ナミブ,セ4,57.0,荻野琢真,2:44.4,1.1/2,6-6-6-6,37.0,69.7,9.0,448.0,4.0,[東]南田美知,ミルファーム,0.0,2016100742,1112,437,629800
202001020509,7,7,7,ナリタアレス,牡3,54.0,古川吉洋,2:44.6,3/4,5-5-6-6,37.2,65.8,8.0,470.0,-6.0,[西]木原一良,オースミ,0.0,2017104924,1015,1033,712800
202001020509,8,2,2,ガニュメデスレイ,牡3,54.0,藤岡佑介,2:44.6,クビ,10-10-10-10,36.1,31.0,6.0,424.0,2.0,[西]庄野靖志,五十川雅規,0.0,2017106649,1093,1087,706033
202001020509,9,8,10,ウシュバテソーロ,牡3,54.0,大野拓弥,2:44.9,1.3/4,9-9-8-9,37.2,14.3,5.0,512.0,2.0,[東]高木登,了徳寺健二ホールディングス,0.0,2017103843,1096,1088,89803
202001020509,10,3,3,ラヴィアンレーヴ,牡4,57.0,横山武史,2:44.9,クビ,4-4-2-5,37.8,8.1,4.0,464.0,12.0,[東]田村康仁,キャロットファーム,0.0,2016104890,1170,1027,486800
202001020510,1,7,14,シルヴェーヌ,牝5,52.0,勝浦正樹,1:09.7,,4-4,34.6,34.1,10.0,460.0,2.0,[東]伊藤伸一,西田順彦,1533.6,2015100061,1025,1031,884033
202001020510,2,1,1,タイセイトレンディ,セ5,54.0,菱田裕二,1:10.0,1.3/4,4-4,34.9,16.3,6.0,468.0,6.0,[西]森田直行,田中成奉,609.6,2015105791,1144,1142,224007
202001020510,3,5,10,ミニオンペール,牝4,53.0,黛弘人,1:10.0,アタマ,10-10,34.3,7.4,3.0,470.0,4.0,[東]小手川準,ノルマンディーサラブレッドレーシング,384.8,2016100298,1109,1171,854800
202001020510,4,7,13,アレス,牝4,53.0,横山武史,1:10.2,1,8-7,34.7,2.1,1.0,456.0,-6.0,[西]昆貢,ノルマンディーサラブレッドレーシング,230.0,2016104198,1170,1044,854800
202001020510,5,8,15,ノボベイビー,牡5,54.0,団野大成,1:10.2,クビ,2-2,35.4,23.2,8.0,498.0,8.0,[東]天間昭一,ＬＳ．Ｍ,150.0,2015105319,1180,1090,978800
202001020510,6,1,2,クリノアリエル,牝5,52.0,武豊,1:10.3,3/4,11-10,34.4,10.8,4.0,424.0,0.0,[西]武英智,栗本博晴,0.0,2015102745,666,1161,970006
202001020510,7,2,4,マイネルアルケミー,牡4,56.0,丹内祐次,1:10.3,クビ,6-6,35.0,6.5,2.0,468.0,-6.0,[東]中野栄治,サラブレッドクラブ・ラフィアン,0.0,2016102670,1091,1010,546800
202001020510,8,3,6,リッチクレマチス,牝3,51.0,山田敬士,1:10.3,ハナ,3-3,35.3,58.7,13.0,442.0,0.0,[東]青木孝文,長塩豊,0.0,2017102012,1173,1156,148002
202001020510,9,4,8,イルヴェントデーア,牝4,52.0,坂井瑠星,1:10.4,クビ,13-14,34.4,11.3,5.0,446.0,14.0,[東]金成貴史,Ｇリビエール・レーシング,0.0,2016102735,1163,1132,98803
202001020510,10,6,11,ホウオウスクラム,牡5,54.0,柴山雄一,1:10.5,1/2,11-10,34.7,43.0,11.0,510.0,-4.0,[東]奥村武,小笹芳央,0.0,2015105411,5243,1145,906033
202001020510,11,6,12,ブラックアウト,牡4,53.0,秋山稔樹,1:10.7,1,7-7,35.3,148.2,16.0,482.0,0.0,[東]岩戸孝樹,エクワインレーシング,0.0,2016100051,1181,1051,313803
202001020510,12,5,9,シューラヴァーグ,牝3,50.0,亀田温心,1:10.8,3/4,13-10,34.7,58.8,14.0,444.0,4.0,[西]松下武士,藤井亮輔,0.0,2017103103,1176,1149,467033
202001020510,13,3,5,ルーターズ,牝3,50.0,荻野琢真,1:10.9,1/2,15-15,34.5,97.1,15.0,406.0,4.0,[西]宮徹,ヒダカ・ブリーダーズ・ユニオン,0.0,2017103355,1112,1018,547800
202001020510,14,8,16,リフタスフェルト,牝4,52.0,吉田隼人,1:10.9,アタマ,1-1,36.2,18.2,7.0,480.0,-2.0,[西]鮫島一歩,キャロットファーム,0.0,2016104245,1095,1046,486800
202001020510,15,2,3,ニシノラディアント,牡7,54.0,松田大作,1:10.9,アタマ,16-16,34.4,48.8,12.0,494.0,10.0,[西]北出成人,西山茂行,0.0,2013103801,1030,1078,897009
202001020510,16,4,7,スリーピート,牡3,53.0,古川吉洋,1:11.6,4,8-9,36.0,26.1,9.0,506.0,10.0,[西]湯窪幸雄,永井商事,0.0,2017102007,1015,1057,61800
202001020511,1,3,6,ワセダインブルー,牡5,57.0,大野拓弥,2:01.5,,11-11-9-8,35.8,25.1,8.0,450.0,2.0,[東]金成貴史,大冨智弘,1854.3,2015104408,1096,1132,73803
202001020511,2,3,5,ドンアルゴス,牡5,57.0,川島信二,2:01.5,クビ,10-10-9-4,35.9,14.0,6.0,524.0,8.0,[西]庄野靖志,山田貢一,739.8,2015100533,1062,1087,440006
202001020511,3,7,14,ハーメティキスト,牡4,57.0,池添謙一,2:01.6,1/2,8-7-7-4,36.1,11.0,5.0,456.0,4.0,[東]木村哲也,キャロットファーム,464.9,2016104634,1032,1126,486800
202001020511,4,8,16,レッドアステル,牝4,55.0,武豊,2:01.7,1/2,8-7-7-8,36.2,4.3,2.0,450.0,16.0,[東]国枝栄,東京ホースレーシング,270.0,2016104670,666,399,180800
202001020511,5,5,10,ネイビーブルー,牡7,57.0,横山和生,2:02.0,1.3/4,14-14-16-13,35.8,125.6,16.0,512.0,-14.0,[東]戸田博文,青芝商事,182.0,2013104852,1140,1054,831800
202001020511,6,2,3,ウィナーポイント,牝5,55.0,勝浦正樹,2:02.0,アタマ,16-16-13-13,36.1,96.2,15.0,416.0,-4.0,[東]和田勇介,岡田牧雄,0.0,2015101702,1025,1165,851009
202001020511,7,4,8,レッドアルマーダ,セ4,57.0,ルメール,2:02.1,クビ,5-5-4-4,36.8,3.2,1.0,544.0,18.0,[東]藤沢和雄,東京ホースレーシング,0.0,2016102038,5339,386,180800
202001020511,8,1,1,マスターコード,牡6,57.0,吉田隼人,2:02.2,3/4,14-14-9-10,36.5,33.3,10.0,468.0,-2.0,[西]吉村圭司,Ｇ１レーシング,0.0,2014105265,1095,1130,808800
202001020511,9,8,15,レースガーデン,牝4,55.0,水口優也,2:02.4,1.1/4,3-4-3-2,37.3,27.8,9.0,466.0,-2.0,[西]池江泰寿,金子真人ホールディングス,0.0,2016104416,1133,1071,708800
202001020511,10,6,11,ヒシゲッコウ,牡4,57.0,藤岡佑介,2:02.5,1/2,12-11-15-10,36.5,6.8,4.0,488.0,-8.0,[東]堀宣行,阿部雅英,0.0,2016104656,1093,1070,44008
202001020511,11,2,4,ジョブックコメン,牝5,55.0,山田敬士,2:02.7,3/4,12-11-9-10,37.1,83.8,14.0,440.0,10.0,[東]小桧山悟,萩本企画,0.0,2015105352,1173,1005,976800
202001020511,12,7,13,ルヴォルグ,牡4,57.0,柴山雄一,2:03.0,1.3/4,5-5-4-4,37.7,6.0,3.0,534.0,-8.0,[東]藤沢和雄,フクキタル,0.0,2016105367,5243,386,46803
202001020511,13,5,9,レッドフィオナ,牝5,55.0,横山武史,2:03.7,4,1-1-1-1,38.7,19.4,7.0,474.0,8.0,[西]橋口慎介,東京ホースレーシング,0.0,2015104621,1170,1154,180800
202001020511,14,4,7,シフルマン,牡4,57.0,石川裕紀,2:04.0,2,2-2-2-2,39.0,37.0,11.0,520.0,12.0,[西]中尾秀正,Ｇ１レーシング,0.0,2016105272,1150,1069,808800
202001020511,15,1,2,ルタンデュボヌール,牡6,57.0,団野大成,2:06.0,大,3-2-4-13,40.7,62.2,12.0,488.0,10.0,[西]友道康夫,サンデーレーシング,0.0,2014105795,1180,1061,226800
202001020511,-1,6,12,ハウエバー,牡6,57.0,古川吉洋,,,,,,,,,[東]和田正一,古賀和夫,0.0,2014102061,1015,1114,768005
202001020512,1,8,14,ウインドオブホープ,セ7,57.0,勝浦正樹,1:46.5,,3-3-3-1,37.5,12.5,5.0,534.0,10.0,[東]石毛善彦,木村牧場,1100.6,2013100206,1025,428,935800
202001020512,2,5,8,フームスムート,牡3,54.0,横山武史,1:46.9,2.1/2,4-4-4-4,37.7,2.8,1.0,508.0,-4.0,[東]水野貴広,ディアレストクラブ,431.6,2017104238,1170,1094,13803
202001020512,3,5,7,パープルヒビキ,牡5,57.0,大野拓弥,1:47.3,2.1/2,10-10-7-6,37.9,30.0,10.0,524.0,-4.0,[西]飯田雄三,中野銀十,275.8,2015103687,1096,1050,554009
202001020512,4,7,12,デルマカミカゼ,牡5,57.0,石川裕紀,1:47.4,クビ,6-6-4-4,38.2,18.0,7.0,462.0,-4.0,[東]小野次郎,浅沼廣幸,160.0,2015101903,1150,1125,274002
202001020512,5,4,5,ブロッコリー,牡5,57.0,丹内祐次,1:47.5,1/2,10-10-13-11,37.5,6.6,4.0,478.0,-4.0,[西]牧田和弥,嶋田賢,106.0,2015105481,1091,1123,399009
202001020512,6,4,6,ナムラゴロフキン,牡3,54.0,柴山雄一,1:47.7,1,8-8-9-8,38.0,20.9,8.0,490.0,-4.0,[西]大橋勇樹,奈村睦弘,0.0,2017102802,5243,1065,972002
202001020512,7,3,3,ノワールフレグラン,牝3,52.0,吉田隼人,1:47.8,1/2,6-6-9-8,38.0,4.4,2.0,440.0,2.0,[西]西村真幸,グリーンファーム,0.0,2017105454,1095,1148,148800
202001020512,8,3,4,ユキノレベッカ,牝3,52.0,川島信二,1:47.9,3/4,14-14-14-13,37.6,139.9,13.0,454.0,4.0,[東]和田正一,井上基之,0.0,2017104001,1062,1114,623005
202001020512,9,2,2,クラウンデザイアー,牡3,54.0,菱田裕二,1:48.4,3,1-1-1-2,39.5,14.3,6.0,486.0,8.0,[西]中竹和也,クラウン,0.0,2017100247,1144,1039,826800
202001020512,9,8,13,エムテイフラッシュ,牡3,54.0,亀田温心,1:48.4,同着,12-12-9-11,38.7,57.3,11.0,482.0,-4.0,[西]谷潔,谷岡正次,0.0,2017102309,1176,431,42005
202001020512,11,1,1,レゴリス,セ4,57.0,藤岡佑介,1:48.6,1.1/4,4-4-7-6,39.1,6.6,3.0,480.0,-2.0,[西]昆貢,ノルマンディーサラブレッドレーシング,0.0,2016101450,1093,1044,854800
202001020512,12,6,10,エンペラーズパレス,牡3,54.0,水口優也,1:49.1,3,2-2-2-2,40.2,21.5,9.0,504.0,4.0,[西]羽月友彦,山上和良,0.0,2017103422,1133,1091,851007
202001020512,13,6,9,クラウドスケープ,牡4,57.0,黛弘人,1:49.1,ハナ,12-12-9-8,39.4,91.5,12.0,492.0,6.0,[東]藤原辰雄,下河辺俊行,0.0,2016103091,1109,435,185031
202001020512,14,7,11,ゴールデンヘイロー,牡4,57.0,秋山稔樹,1:51.2,大,8-8-4-14,41.9,169.1,14.0,490.0,-4.0,[西]高橋康之,駒秀,0.0,2016101705,1181,1135,436800
202001020601,1,3,4,フラリオナ,牝2,54.0,吉田隼人,1:33.1,,2-2-1,37.2,5.2,2.0,412.0,-2.0,[西]武幸四郎,大冨智弘,355.0,2018104825,1095,1160,73803
202001020601,1,5,7,ルース,牝2,54.0,池添謙一,1:33.1,同着,5-4-2,37.0,12.1,6.0,492.0,2.0,[西]池添兼雄,山田和夫,355.0,2018103615,1032,1021,169008
202001020601,3,3,3,ワンダーフェンリル,牡2,54.0,大野拓弥,1:33.9,5,4-4-3,37.8,7.5,3.0,498.0,-8.0,[西]高柳大輔,山本能成,130.0,2018103349,1096,1159,184033
202001020601,4,8,13,トーセンガーリー,牝2,54.0,石川裕紀,1:34.1,1.1/2,12-11-11,37.4,21.0,8.0,452.0,8.0,[東]土田稔,島川隆哉,77.0,2018105648,1150,417,270006
202001020601,5,7,11,ルコルセール,牡2,54.0,藤岡佑介,1:34.1,アタマ,8-9-8,37.6,12.5,7.0,496.0,0.0,[東]堀宣行,Ｇ１レーシング,51.0,2018105452,1093,1070,808800
202001020601,6,1,1,ヴァーチャリティ,牝2,54.0,松田大作,1:34.2,クビ,6-6-6,38.0,2.7,1.0,466.0,18.0,[西]庄野靖志,桑田牧場,0.0,2018103086,1030,1087,791800
202001020601,7,2,2,セイウンオードリー,牡2,53.0,団野大成,1:34.5,1.3/4,6-6-6,38.2,9.9,5.0,504.0,4.0,[東]深山雅史,西山茂行,0.0,2018105621,1180,1174,897009
202001020601,8,6,10,サトミノヒカリ,牝2,51.0,秋山稔樹,1:34.5,クビ,10-11-11,37.9,143.4,11.0,452.0,10.0,[東]鈴木伸尋,田代洋己,0.0,2018106439,1181,1026,425031
202001020601,9,8,14,スプリングムーン,牝2,54.0,丹内祐次,1:35.1,3.1/2,13-11-11,38.4,164.5,12.0,416.0,-2.0,[東]牧光二,鈴木芳夫,0.0,2018103506,1091,1106,639009
202001020601,10,7,12,カーラミーア,牝2,54.0,横山和生,1:35.1,ハナ,10-9-8,38.7,25.2,9.0,440.0,10.0,[東]藤原辰雄,ヒダカ・ブリーダーズ・ユニオン,0.0,2018103712,1140,435,547800
202001020601,11,4,5,アドマイヤレビン,牡2,54.0,横山武史,1:35.3,1.1/2,2-3-3,39.3,7.9,4.0,476.0,2.0,[東]加藤征弘,近藤旬子,0.0,2018105333,1170,1059,535031
202001020601,12,6,9,マイスクワッド,牝2,54.0,勝浦正樹,1:35.8,3,8-6-8,39.6,182.1,13.0,370.0,4.0,[東]柄崎孝,辻牧場,0.0,2018106349,1025,380,302800
202001020601,13,4,6,ブラックライフ,牝2,54.0,坂井瑠星,1:37.6,大,1-1-3,41.9,94.0,10.0,424.0,0.0,[西]吉田直弘,清水義徳,0.0,2018100959,1163,1101,728033
202001020601,-2,5,8,ロジモーリス,牝2,54.0,ルメール,,,,,,,,,[東]国枝栄,久米田正明,0.0,2018105300,5339,399,399030
202001020602,1,5,6,サイヤダンサー,牡3,56.0,丹内祐次,0:59.0,,2-2,35.4,9.0,4.0,458.0,10.0,[東]深山雅史,西森功,510.0,2017101571,1091,1174,316031
202001020602,2,1,1,ネルハ,牡3,56.0,黛弘人,0:59.8,5,1-1,36.2,46.0,11.0,516.0,-2.0,[東]和田雄二,ローレルレーシング,200.0,2017101570,1109,1143,32800
202001020602,3,2,2,キョウワディーヴァ,牝3,54.0,菱田裕二,0:59.9,1/2,12-12,35.0,11.3,6.0,472.0,-2.0,[西]角田晃一,浅川昌彦,130.0,2017101386,1144,1121,905007
202001020602,4,6,8,カテドラルロック,牝3,51.0,山田敬士,0:59.9,ハナ,4-4,36.0,2.7,1.0,430.0,0.0,[東]石毛善彦,ライオンレースホース,77.0,2017105833,1173,428,542800
202001020602,5,3,3,ライジングペガサス,牡3,54.0,亀田温心,0:59.9,ハナ,5-5,35.9,5.2,2.0,486.0,2.0,[西]西浦勝一,竹下千亜子,51.0,2017100224,1176,1016,983033
202001020602,6,4,4,スイスライツ,牡3,56.0,横山和生,0:59.9,ハナ,6-6,35.7,16.0,9.0,472.0,4.0,[東]竹内正洋,永田博之,0.0,2017106060,1140,1152,306031
202001020602,7,8,11,アルファジップ,牝3,54.0,横山武史,1:00.0,1/2,6-6,35.8,8.1,3.0,454.0,6.0,[東]伊藤圭三,グランド牧場,0.0,2017110169,1170,1023,367800
202001020602,8,7,9,モズトリプルエー,牡3,56.0,吉田隼人,1:00.0,ハナ,10-9,35.4,10.4,5.0,486.0,6.0,[西]鮫島一歩,キャピタル・システム,0.0,2017100946,1095,1046,5803
202001020602,9,7,10,テイエムピカピカ,牝3,51.0,秋山稔樹,1:00.2,1,9-9,35.8,26.9,10.0,468.0,8.0,[東]石栗龍彦,竹園正繼,0.0,2017101350,1181,1043,356002
202001020602,10,8,12,ハーディン,牡3,55.0,団野大成,1:01.1,5,10-11,36.5,12.9,7.0,444.0,10.0,[東]佐藤吉勝,松谷翔太,0.0,2017102450,1180,1035,849033
202001020602,11,6,7,ダイヤモンドライフ,牡3,56.0,坂井瑠星,1:01.7,3.1/2,3-3,38.0,15.4,8.0,496.0,2.0,[西]高柳大輔,大塚亮一,0.0,2017105262,1163,1159,858800
202001020602,12,5,5,ユキネエ,牝3,54.0,水口優也,1:01.8,1/2,6-8,37.6,48.1,12.0,438.0,8.0,[西]浜田多実,杉野公彦,0.0,2017104246,1133,1138,199031
202001020603,1,1,1,セイウンクルーズ,牡3,56.0,勝浦正樹,2:33.9,,7-6-4-2,38.3,5.8,3.0,524.0,6.0,[東]武藤善則,西山茂行,510.0,2017105955,1025,1064,897009
202001020603,2,7,10,グッドリドゥンス,牡3,56.0,的場勇人,2:33.9,クビ,10-9-7-3,37.8,16.3,6.0,474.0,-4.0,[東]的場均,林勝宗,200.0,2017102758,1108,1063,851002
202001020603,3,5,6,ケープオブストーム,牡3,53.0,秋山稔樹,2:34.0,1/2,2-2-1-1,38.8,5.7,2.0,522.0,2.0,[西]岡田稲男,キャロットファーム,130.0,2017105273,1181,1066,486800
202001020603,4,3,3,ロドルフォブレイン,牡3,56.0,吉田隼人,2:34.8,5,2-2-4-6,39.1,12.8,5.0,532.0,10.0,[東]尾関知人,エンジェルレーシング,77.0,2017106311,1095,1103,865800
202001020603,5,2,2,マスカテル,牡3,56.0,坂井瑠星,2:35.0,3/4,4-4-6-7,39.1,11.0,4.0,478.0,2.0,[西]宮本博,シルクレーシング,51.0,2017105431,1163,1073,506800
202001020603,6,8,12,マジックウォリアー,牡3,56.0,ルメール,2:35.0,クビ,4-4-3-3,39.5,2.0,1.0,514.0,0.0,[西]杉山晴紀,吉田晴哉,0.0,2017105024,5339,1157,231033
202001020603,7,4,4,ゲンキチボン,牡3,56.0,石川裕紀,2:35.3,1.3/4,8-8-7-7,39.2,22.4,8.0,488.0,4.0,[東]堀井雅広,荒井元明,0.0,2017100549,1150,436,374008
202001020603,8,7,9,スピッツェンバーグ,牡3,56.0,横山武史,2:36.5,7,1-1-2-3,41.2,19.8,7.0,470.0,-4.0,[東]武井亮,サンデーレーシング,0.0,2017105644,1170,1147,226800
202001020603,9,8,11,アヴグラン,牡3,55.0,団野大成,2:37.5,6,12-12-11-10,39.7,68.5,11.0,482.0,1.0,[西]高柳大輔,カナヤマホールディングス,0.0,2017100479,1180,1159,45803
202001020603,10,6,7,ウインアマルフィ,牝3,54.0,丹内祐次,2:37.7,1.1/4,9-9-9-9,41.0,45.4,10.0,456.0,-1.0,[西]大久保龍,ウイン,0.0,2017101444,1091,1058,494800
202001020603,11,6,8,ミヤビキング,牡3,54.0,亀田温心,2:38.9,7,4-6-10-11,41.3,24.4,9.0,536.0,-2.0,[東]小島茂之,村上義勝,0.0,2017103606,1176,1068,127002
202001020603,12,5,5,ゴーゴーリマンド,牝3,51.0,山田敬士,2:43.8,大,11-11-12-12,45.1,146.4,12.0,454.0,8.0,[東]松永康利,上山牧,0.0,2017102938,1173,1093,710033
202001020604,1,7,14,ララロトリー,セ3,56.0,大庭和弥,2:05.8,,1-1-1-1,36.9,14.1,6.0,464.0,0.0,[東]粕谷昌央,フジイ興産,510.0,2017103108,1061,1096,851800
202001020604,2,6,12,ロードフェローズ,牡3,56.0,藤岡佑介,2:05.8,クビ,6-5-4-2,36.5,4.4,2.0,468.0,-10.0,[西]藤岡健一,ロードホースクラブ,200.0,2017102386,1093,1062,170800
202001020604,3,1,2,スカイボルト,牡3,54.0,亀田温心,2:07.0,7,15-16-15-11,36.9,77.9,13.0,450.0,12.0,[西]北出成人,協栄,130.0,2017100609,1176,1078,959800
202001020604,4,3,6,ソードライン,牡3,56.0,ルメール,2:07.1,1/2,6-7-6-4,37.7,4.3,1.0,488.0,-12.0,[東]堀宣行,金子真人ホールディングス,77.0,2017104621,5339,1070,708800
202001020604,5,2,3,アニマフレスカ,牝3,51.0,秋山稔樹,2:07.5,2.1/2,13-13-15-14,37.5,14.4,7.0,454.0,-2.0,[東]萩原清,吉田晴哉,51.0,2017104998,1181,1017,231033
202001020604,6,6,11,ペプチドヒミコ,牝3,54.0,武豊,2:07.7,1.1/4,10-10-7-4,38.2,8.7,5.0,456.0,-8.0,[西]武英智,沼川一彦,0.0,2017105996,666,1161,500007
202001020604,7,8,16,アルマカーテナ,牝3,54.0,大野拓弥,2:07.8,1/2,2-2-2-2,38.8,94.7,15.0,456.0,-6.0,[東]田村康仁,コウトミックレーシング,0.0,2017102989,1096,1027,95700
202001020604,8,5,9,ヴァイスリヒト,牡3,56.0,古川吉洋,2:08.0,3/4,13-13-13-4,38.2,22.3,9.0,462.0,2.0,[西]木原一良,Ｇ１レーシング,0.0,2017105077,1015,1033,808800
202001020604,9,1,1,エンジェルエナ,牝3,54.0,藤岡康太,2:08.1,3/4,12-12-13-9,38.3,81.1,14.0,416.0,-10.0,[東]大竹正博,桑畑夏美,0.0,2017106065,1116,1102,702033
202001020604,10,4,8,ハラハラドキドキ,牡3,56.0,横山和生,2:08.3,1,15-15-10-4,38.6,57.5,12.0,466.0,0.0,[東]久保田貴,廣崎利洋ＨＤ,0.0,2017101120,1140,1067,37803
202001020604,11,4,7,カノア,牝3,53.0,団野大成,2:08.6,1.3/4,10-10-10-14,38.9,6.6,4.0,446.0,-2.0,[西]牧田和弥,ニッシンホールディングス,0.0,2017104298,1180,1123,318803
202001020604,12,7,13,ウインジョイフル,牡3,56.0,吉田隼人,2:08.6,クビ,3-3-3-8,39.5,14.9,8.0,492.0,-4.0,[西]西園正都,ウイン,0.0,2017104168,1095,1028,494800
202001020604,13,2,4,スノージュエリー,牝3,54.0,勝浦正樹,2:09.4,5,8-7-7-11,39.9,49.3,10.0,432.0,-4.0,[東]根本康広,広尾レース,0.0,2017109075,1025,1029,553800
202001020604,14,3,5,ランクリッツ,牝3,54.0,柴山雄一,2:09.6,1.1/2,3-3-4-9,40.3,52.4,11.0,434.0,10.0,[西]浅見秀一,Ｇ１レーシング,0.0,2017105057,5243,411,808800
202001020604,15,8,15,サクライロ,牝3,54.0,横山武史,2:10.4,5,8-7-7-13,40.8,5.6,3.0,436.0,-4.0,[東]木村哲也,キャロットファーム,0.0,2017105559,1170,1126,486800
202001020604,16,5,10,セーチェーニ,牝3,54.0,川島信二,2:10.6,1.1/4,3-5-10-16,40.9,142.0,16.0,452.0,-6.0,[西]牧田和弥,永田和彦,0.0,2017100971,1062,1123,875006
202001020605,1,7,7,ヴェローチェオロ,牡2,54.0,吉田隼人,1:55.4,,5-5-4-4,35.6,4.4,2.0,456.0,0.0,[西]須貝尚介,大野剛嗣,700.0,2018104114,1095,1105,265033
202001020605,2,1,1,カーディナル,牡2,54.0,横山武史,1:55.6,1.1/2,3-4-4-4,35.9,7.3,4.0,482.0,0.0,[東]林徹,キャロットファーム,280.0,2018104955,1170,1163,486800
202001020605,3,8,9,マイネルグスタフ,牡2,54.0,丹内祐次,1:55.8,1,3-2-3-2,36.2,6.3,3.0,474.0,0.0,[西]吉田直弘,サラブレッドクラブ・ラフィアン,180.0,2018102133,1091,1101,546800
202001020605,4,6,6,ピースダンス,牝2,52.0,亀田温心,1:56.2,2.1/2,1-1-1-1,36.8,57.4,8.0,396.0,0.0,[西]森秀行,中平和宏,110.0,2018102640,1176,427,471031
202001020605,5,2,2,プルモナリア,牝2,54.0,藤岡佑介,1:56.2,アタマ,9-8-7-6,35.8,8.0,5.0,468.0,0.0,[西]中竹和也,ノースヒルズ,70.0,2018102117,1093,1039,788800
202001020605,6,5,5,セントミライ,牡2,54.0,勝浦正樹,1:56.4,1.1/2,2-2-2-2,36.9,13.7,6.0,454.0,0.0,[東]藤原辰雄,松尾正,0.0,2018109088,1025,435,872006
202001020605,7,4,4,バッソプロフォンド,牡2,54.0,ルメール,1:57.3,5,6-6-6-7,37.3,2.4,1.0,518.0,0.0,[東]藤沢和雄,ゴドルフィン,0.0,2018100701,5339,386,3060
202001020605,8,7,8,ワンモアナイン,牝2,51.0,山田敬士,1:57.5,1.1/4,6-7-8-8,37.0,119.7,9.0,452.0,0.0,[東]小桧山悟,本杉芳郎,0.0,2018100585,1173,1005,331006
202001020605,9,8,10,ベルモック,牡2,54.0,柴山雄一,1:58.0,3,8-8-9-8,37.2,147.0,10.0,442.0,0.0,[東]青木孝文,子安裕樹,0.0,2018101249,5243,1156,965030
202001020605,-1,3,3,ウィステリアダディ,牡2,54.0,横山典弘,,,,,,,,,[西]池添兼雄,北側雅勝,0.0,2018104241,660,1021,848030
202001020606,1,3,3,アースライザー,セ3,53.0,山田敬士,1:45.1,,2-2-1-1,38.5,5.9,3.0,472.0,0.0,[西]宮徹,ノルマンディーサラブレッドレーシング,510.0,2017103285,1173,1018,854800
202001020606,2,2,2,オーシャンバローズ,牡3,56.0,ルメール,1:45.2,3/4,4-4-4-2,38.3,5.4,2.0,464.0,-8.0,[東]奥村武,猪熊広次,200.0,2017104572,5339,1145,859007
202001020606,3,4,5,メイショウオイワキ,牡3,56.0,丹内祐次,1:45.8,3.1/2,3-3-3-2,39.0,28.1,9.0,478.0,-4.0,[西]藤沢則雄,松本好雄,130.0,2017106055,1091,1041,523005
202001020606,4,6,10,キンブレル,牡3,54.0,亀田温心,1:45.9,1/2,9-8-9-9,38.3,35.1,10.0,458.0,-16.0,[東]矢野英一,Ｇリビエール・レーシング,77.0,2017105250,1176,1108,98803
202001020606,5,7,12,スペラメント,牡3,56.0,横山和生,1:46.1,1.1/4,6-7-5-6,39.0,4.0,1.0,506.0,-4.0,[東]和田勇介,吉田智,51.0,2017104133,1140,1165,805033
202001020606,6,1,1,エキストラライト,牝3,54.0,吉田隼人,1:46.1,アタマ,9-8-7-4,38.8,38.6,11.0,432.0,-2.0,[西]高柳大輔,岡田牧雄,0.0,2017103978,1095,1159,851009
202001020606,7,8,13,アバグネイル,牡3,56.0,石川裕紀,1:46.2,1/2,12-14-13-11,38.2,11.3,7.0,524.0,-8.0,[東]手塚貴久,シルクレーシング,0.0,2017105114,1150,1038,506800
202001020606,8,7,11,イデアル,牝3,54.0,坂井瑠星,1:46.2,クビ,11-11-8-8,38.7,6.5,4.0,442.0,6.0,[西]矢作芳人,社台レースホース,0.0,2017104911,1163,1075,415800
202001020606,9,5,8,トクシーズファー,牝3,54.0,勝浦正樹,1:46.7,3,12-12-11-9,39.0,15.3,8.0,432.0,0.0,[東]戸田博文,ＡＩレーシング,0.0,2017102315,1025,1054,250033
202001020606,10,3,4,タマモマクシム,牡3,56.0,古川吉洋,1:47.4,4,8-8-13-12,39.4,40.2,13.0,464.0,6.0,[西]藤岡健一,タマモ,0.0,2017101615,1015,1062,515800
202001020606,11,8,14,グラナートロート,牝3,51.0,秋山稔樹,1:47.4,クビ,1-1-2-4,40.7,11.1,6.0,446.0,10.0,[西]荒川義之,社台レースホース,0.0,2017104635,1181,1095,415800
202001020606,12,5,7,マロンジェム,牡3,56.0,川島信二,1:47.5,クビ,12-12-12-13,39.6,128.6,14.0,482.0,-2.0,[東]稲垣幸雄,フロンティア,0.0,2017103112,1062,1167,82803
202001020606,13,4,6,ビハインドザサン,牝3,53.0,団野大成,1:47.7,1.1/4,6-5-5-7,40.7,8.9,5.0,520.0,0.0,[西]吉村圭司,ゴドルフィン,0.0,2017106605,1180,1130,3060
202001020606,14,6,9,サンライズエポック,牡3,56.0,藤岡康太,1:50.0,大,4-5-9-13,42.4,38.6,12.0,538.0,-4.0,[西]牧浦充徳,松岡隆雄,0.0,2017101005,1116,1113,306008
202001020607,1,8,12,ピシュマニエ,牝3,52.0,石川裕紀,0:59.5,,1-1,35.5,26.5,8.0,464.0,-2.0,[東]田中清隆,嶋田賢,760.0,2017103991,1150,408,399009
202001020607,2,5,6,モズアーントモー,牝3,52.0,菱田裕二,0:59.5,クビ,2-2,35.5,6.1,3.0,514.0,10.0,[西]森田直行,キャピタル・システム,300.0,2017110055,1144,1142,5803
202001020607,3,7,9,ケイゴールド,牝4,52.0,秋山稔樹,0:59.7,1.1/2,6-5,35.4,12.1,5.0,474.0,2.0,[東]中野栄治,布武起会,190.0,2016100105,1181,1010,78700
202001020607,4,6,7,ニシノダンテ,牡5,55.0,亀田温心,0:59.8,クビ,9-9,35.2,13.5,7.0,500.0,4.0,[西]田所秀孝,西山茂行,110.0,2015101771,1176,1009,897009
202001020607,5,3,3,フロイデ,セ5,54.0,山田敬士,0:59.8,ハナ,5-4,35.6,12.6,6.0,498.0,-2.0,[東]本間忍,岡田壮史,76.0,2015101248,1173,1056,684030
202001020607,6,7,10,ルンルンクオリティ,牝4,55.0,川島信二,0:59.9,1/2,11-9,35.1,39.1,9.0,508.0,-6.0,[西]荒川義之,高昭牧場,0.0,2016102418,1062,1095,117800
202001020607,7,4,4,ヘルメット,牝4,55.0,ルメール,0:59.9,クビ,2-2,35.9,4.1,2.0,510.0,-2.0,[西]岡田稲男,飛野牧場,0.0,2016106060,5339,1066,464800
202001020607,8,6,8,エイカイキャロル,牝4,55.0,坂井瑠星,1:00.0,1/2,6-5,35.7,49.8,10.0,468.0,0.0,[西]坂口智康,二木英徳,0.0,2016102972,1163,1170,683033
202001020607,9,2,2,ホウロクダマ,牡6,57.0,丹内祐次,1:00.1,3/4,9-9,35.5,101.7,12.0,568.0,-2.0,[西]中竹和也,ノルマンディーサラブレッドレーシング,0.0,2014104280,1091,1039,854800
202001020607,10,1,1,フィーユレヴーズ,牝3,52.0,横山武史,1:00.2,クビ,6-5,35.9,2.7,1.0,448.0,-2.0,[東]斎藤誠,小田吉男,0.0,2017100040,1170,1086,268008
202001020607,11,5,5,フェールアシュバル,牝3,51.0,団野大成,1:00.2,ハナ,11-9,35.5,6.9,4.0,484.0,2.0,[西]佐々木晶,日進牧場,0.0,2017106105,1180,429,100800
202001020607,12,8,11,クリノマンジェリカ,牝4,55.0,黛弘人,1:01.2,6,4-5,37.1,86.9,11.0,454.0,-6.0,[東]伊藤伸一,栗本博晴,0.0,2016100890,1109,1031,970006
202001020608,1,7,11,クラシックココア,牝3,49.0,団野大成,1:30.9,,4-5-1,36.7,4.2,2.0,486.0,10.0,[西]安田隆行,吉田和美,760.0,2017110130,1180,438,138007
202001020608,2,6,9,テランガ,牡3,54.0,柴山雄一,1:32.0,7,13-12-8,36.5,24.0,7.0,450.0,4.0,[西]武幸四郎,寺田寿男,300.0,2017104782,5243,1160,866006
202001020608,3,2,2,カップッチョ,牡3,54.0,杉原誠人,1:32.0,ハナ,4-3-2,38.1,78.9,12.0,458.0,0.0,[東]大江原哲,ミルファーム,190.0,2017104266,1135,1012,629800
202001020608,4,5,6,コスミックエナジー,牝3,52.0,藤岡康太,1:32.4,2.1/2,6-7-3,38.1,2.6,1.0,464.0,8.0,[西]高野友和,吉田勝己,110.0,2017105570,1116,1117,790005
202001020608,5,1,1,コスモスタック,牡3,54.0,丹内祐次,1:32.5,1/2,7-5-5,38.3,13.2,6.0,462.0,-2.0,[東]堀井雅広,ビッグレッドファーム,76.0,2017101967,1091,436,716800
202001020608,6,6,8,クリノサンシャイン,牝3,52.0,水口優也,1:32.6,1/2,11-10-10,37.4,34.0,9.0,444.0,2.0,[西]高橋康之,栗本博晴,0.0,2017101355,1133,1135,970006
202001020608,7,3,3,サンドスピーダー,牡5,57.0,大野拓弥,1:32.6,クビ,9-8-6,38.0,10.3,5.0,464.0,2.0,[東]和田勇介,辻牧場,0.0,2015103214,1096,1165,302800
202001020608,8,4,4,ブンロート,牡3,54.0,大庭和弥,1:33.9,8,2-1-3,40.8,29.8,8.0,518.0,-4.0,[東]牧光二,石瀬浩三,0.0,2017101997,1061,1106,812008
202001020608,9,7,10,シャンデフレーズ,牝4,55.0,池添謙一,1:34.0,1/2,3-3-6,40.0,8.3,4.0,440.0,2.0,[東]中舘英二,キャロットファーム,0.0,2016104831,1032,1153,486800
202001020608,10,5,7,シャイニードライヴ,セ6,57.0,松田大作,1:34.4,2.1/2,7-9-11,39.5,55.0,11.0,444.0,-14.0,[東]佐藤吉勝,小林昌志,0.0,2014101590,1030,1035,531006
202001020608,11,4,5,キティマグネット,牡3,54.0,黛弘人,1:34.6,1.1/4,11-12-12,39.0,209.6,13.0,496.0,0.0,[東]和田正一,吉岡泰治,0.0,2017100157,1109,1114,265005
202001020608,12,8,13,メテオスウォーム,牡4,55.0,亀田温心,1:36.3,大,1-2-8,43.0,35.7,10.0,472.0,-20.0,[西]高柳大輔,星加浩一,0.0,2016105704,1176,1159,385031
202001020608,-1,8,12,クリノイヴァンカ,牝4,55.0,石川裕紀,,,,,,,,,[東]天間昭一,栗本博晴,0.0,2016105872,1150,1090,970006
202001020609,1,8,15,ヤマニンプレシオサ,牝3,52.0,柴山雄一,1:11.2,,8-8,36.1,6.8,3.0,464.0,-4.0,[東]星野忍,土井肇,1104.8,2017103123,5243,1030,329004
202001020609,2,7,14,ホーリーライン,牝4,55.0,ルメール,1:11.6,2,10-6,36.2,3.4,1.0,440.0,0.0,[東]矢野英一,ノルマンディーサラブレッドレーシング,432.8,2016100319,5339,1108,854800
202001020609,3,6,12,ドクターデューン,牝5,55.0,横山和生,1:11.6,アタマ,13-13,36.0,15.1,8.0,476.0,-12.0,[東]菊沢隆徳,松岡悟,276.4,2015100043,1140,1115,701005
202001020609,4,8,16,ファクトゥーラ,牝4,55.0,団野大成,1:12.0,2.1/2,13-10,36.4,29.0,11.0,454.0,-8.0,[西]吉村圭司,キャロットファーム,160.0,2016104448,1180,1130,486800
202001020609,5,4,8,ソーユーフォリア,牝3,52.0,藤岡康太,1:12.1,3/4,5-3,37.3,12.0,6.0,450.0,-2.0,[東]高柳瑞樹,浜本洋輔,106.0,2017106287,1116,1118,871033
202001020609,6,3,6,ダンスロマネスク,牝4,55.0,勝浦正樹,1:12.2,1/2,16-13,36.3,41.2,12.0,474.0,0.0,[東]戸田博文,社台レースホース,0.0,2016105108,1025,1054,415800
202001020609,7,4,7,セイウンミツコ,牝5,55.0,大野拓弥,1:12.2,クビ,10-10,36.7,26.0,9.0,452.0,-14.0,[東]杉浦宏昭,西山茂行,0.0,2015105203,1096,1008,897009
202001020609,8,1,2,エクスチェンジ,牝3,52.0,加藤祥太,1:12.2,ハナ,1-1,37.8,45.7,13.0,474.0,-4.0,[西]加用正,宮川純造,0.0,2017106247,1156,425,350002
202001020609,9,2,3,ソフィアバローズ,牝3,52.0,菱田裕二,1:12.5,1.3/4,13-15,36.8,10.7,5.0,434.0,4.0,[西]角田晃一,猪熊広次,0.0,2017106392,1144,1121,859007
202001020609,10,5,10,アセンダント,牝4,55.0,丹内祐次,1:12.6,3/4,3-2,38.0,10.2,4.0,460.0,-4.0,[東]田島俊明,サラブレッドクラブ・ラフィアン,0.0,2016101114,1091,1112,546800
202001020609,11,1,1,タンレイ,牝4,55.0,的場勇人,1:13.1,3,5-6,38.3,80.8,14.0,444.0,-2.0,[東]伊藤大士,佐久間拓士,0.0,2016106216,1108,1109,986033
202001020609,12,7,13,サクセスハーモニー,牝3,52.0,亀田温心,1:13.2,1/2,4-3,38.5,14.8,7.0,452.0,0.0,[東]久保田貴,高嶋哲,0.0,2017100519,1176,1067,441006
202001020609,13,5,9,レディフォリア,牝3,52.0,古川吉洋,1:13.3,クビ,8-10,38.1,84.5,15.0,444.0,-4.0,[西]松永昌博,吉岡泰治,0.0,2017104089,1015,1083,265005
202001020609,14,3,5,スターアイランド,牝4,55.0,杉原誠人,1:13.4,1/2,10-15,38.0,178.6,16.0,406.0,0.0,[東]古賀慎明,荒井眞澄,0.0,2016105122,1135,1079,790033
202001020609,15,6,11,エアリーフローラ,牝3,52.0,坂井瑠星,1:13.9,3,7-8,38.9,4.5,2.0,432.0,10.0,[西]寺島良,キャロットファーム,0.0,2017105476,1163,1158,486800
202001020609,16,2,4,ネイジュ,牝3,52.0,吉田隼人,1:15.5,10,2-3,41.0,26.4,10.0,440.0,2.0,[東]中川公成,島川隆哉,0.0,2017104372,1095,1081,270006
202001020610,1,8,13,サクラルーフェン,牡4,57.0,黛弘人,1:43.3,,5-5-4-2,36.9,38.8,10.0,464.0,16.0,[東]尾関知人,さくらコマース,1530.1,2016105929,1109,1103,19800
202001020610,2,5,6,ヴィーダ,セ5,57.0,勝浦正樹,1:43.6,2,6-6-6-5,37.0,18.2,7.0,434.0,-4.0,[東]堀井雅広,スマイルファーム,608.6,2015105143,1025,436,341803
202001020610,3,5,7,シゲルタイタン,牡3,54.0,ルメール,1:43.8,1.1/4,2-3-2-1,37.7,3.4,2.0,476.0,0.0,[東]伊藤圭三,森中蕃,384.3,2017100531,5339,1023,674004
202001020610,4,6,9,ハイパーステージ,牡3,54.0,坂井瑠星,1:44.0,1.1/4,11-11-11-10,36.9,8.0,4.0,434.0,-6.0,[西]吉田直弘,グランデオーナーズ,230.0,2017106442,1163,1101,910800
202001020610,5,6,8,タイキルークス,牡3,54.0,横山和生,1:44.4,2.1/2,7-7-6-3,37.8,3.2,1.0,504.0,-6.0,[東]菊沢隆徳,大樹ファーム,150.0,2017106337,1140,1115,536800
202001020610,6,8,12,アオテン,牡7,57.0,菱田裕二,1:45.0,3.1/2,12-12-12-12,37.5,72.5,12.0,518.0,-6.0,[東]高橋文雅,ヒダカ・ブリーダーズ・ユニオン,0.0,2013102025,1144,1134,547800
202001020610,7,1,1,アンダープロミス,牡4,57.0,横山典弘,1:45.0,アタマ,13-13-12-7,37.6,5.0,3.0,502.0,8.0,[東]萩原清,池谷誠一,0.0,2016104087,660,1017,172002
202001020610,8,4,5,フクノワイルド,牡4,57.0,加藤祥太,1:45.1,1/2,8-8-8-8,38.3,24.8,9.0,498.0,0.0,[西]杉山晴紀,佐藤範夫,0.0,2016109096,1156,1157,451033
202001020610,9,7,11,ベアクアウフ,牡4,57.0,大野拓弥,1:45.3,1,4-4-4-5,39.0,57.8,11.0,484.0,0.0,[東]清水英克,ディアレストクラブ,0.0,2016104157,1096,1080,13803
202001020610,10,7,10,スズノアリュール,牡5,57.0,池添謙一,1:45.4,3/4,8-8-9-8,38.5,17.0,6.0,488.0,-12.0,[東]林徹,新木鈴子,0.0,2015103768,1032,1163,21006
202001020610,11,3,3,クリノヴィクトリア,牝6,55.0,古川吉洋,1:45.7,2,10-10-9-10,38.8,166.0,13.0,450.0,0.0,[東]萱野浩二,栗本博晴,0.0,2014109007,1015,1024,970006
202001020610,12,2,2,プロヴィデンス,牡3,54.0,吉田隼人,1:46.4,4,1-1-1-3,40.4,15.1,5.0,476.0,0.0,[東]加藤士津,藤本栄史,0.0,2017100917,1095,1169,34031
202001020610,13,4,4,タマモサンシーロ,牡4,57.0,藤岡康太,1:48.9,大,2-2-2-13,42.7,21.5,8.0,514.0,-8.0,[西]大橋勇樹,タマモ,0.0,2016100947,1116,1065,515800
202001020611,1,7,14,エイティーンガール,牝4,54.0,坂井瑠星,1:10.6,,15-12,34.7,15.5,5.0,456.0,-2.0,[西]飯田祐史,中山泰志,4158.1,2016103143,1163,1139,835033
202001020611,2,6,12,ライトオンキュー,牡5,57.0,古川吉洋,1:10.8,1.1/4,8-5,35.4,3.5,2.0,512.0,-6.0,[西]昆貢,ゴドルフィン,1616.6,2015101599,1015,1044,3060
202001020611,3,8,15,ディメンシオン,牝6,54.0,松田大作,1:10.9,1/2,11-9,35.3,29.2,9.0,450.0,0.0,[西]藤原英昭,広尾レース,1008.3,2014106280,1030,1055,553800
202001020611,4,7,13,アスタールビー,牝4,54.0,吉田隼人,1:11.3,2.1/2,2-1,36.4,22.7,7.0,450.0,4.0,[西]南井克巳,加藤久枝,620.0,2016101340,1095,1049,935003
202001020611,5,8,16,ヤマカツマーメイド,牝3,51.0,池添謙一,1:11.5,1.1/4,3-2,36.5,14.9,4.0,480.0,4.0,[西]池添兼雄,山田和夫,410.0,2017103385,1032,1021,169008
202001020611,6,2,4,ビリーバー,牝5,54.0,杉原誠人,1:11.8,1.3/4,6-11,36.5,23.0,8.0,466.0,4.0,[東]石毛善彦,ミルファーム,0.0,2015103875,1135,428,629800
202001020611,7,5,9,ダイメイフジ,牡6,56.0,菱田裕二,1:11.9,3/4,8-5,36.5,21.4,6.0,520.0,-14.0,[西]森田直行,宮本昇,0.0,2014102625,1144,1142,177033
202001020611,8,2,3,ダイシンバルカン,牡8,56.0,勝浦正樹,1:12.0,クビ,11-12,36.4,200.1,16.0,506.0,2.0,[西]吉田直弘,大八木信行,0.0,2012100518,1025,1101,929002
202001020611,9,3,5,メイショウショウブ,牝4,54.0,横山典弘,1:12.1,1/2,4-7,37.0,44.1,11.0,498.0,-4.0,[西]池添兼雄,松本好雄,0.0,2016102189,660,1021,523005
202001020611,10,6,11,フィアーノロマーノ,牡6,56.0,藤岡康太,1:12.1,ハナ,6-2,36.8,7.2,3.0,550.0,-8.0,[西]高野友和,吉田和美,0.0,2014110117,1116,1117,138007
202001020611,11,5,10,クールティアラ,牝4,54.0,丹内祐次,1:12.1,ハナ,1-2,37.3,155.4,15.0,470.0,-10.0,[東]矢野英一,川上哲司,0.0,2016101080,1091,1108,762007
202001020611,12,3,6,ショウナンアンセム,牡7,56.0,石川裕紀,1:12.2,3/4,11-9,36.6,120.6,14.0,490.0,4.0,[東]田中剛,湘南,0.0,2013101006,1150,1119,679800
202001020611,13,4,8,カッパツハッチ,牝5,54.0,大野拓弥,1:12.4,1.1/4,4-7,37.3,51.1,12.0,474.0,0.0,[東]矢野英一,ターフ・スポート,0.0,2015103267,1096,1108,102800
202001020611,14,1,2,イベリス,牝4,54.0,横山武史,1:12.9,3,14-15,37.1,31.2,10.0,470.0,-6.0,[西]角田晃一,前田幸治,0.0,2016101285,1170,1121,948006
202001020611,15,1,1,ダイアトニック,牡5,58.0,武豊,1:12.9,ハナ,8-12,37.5,2.3,1.0,476.0,2.0,[西]安田隆行,シルクレーシング,0.0,2015103057,666,438,506800
202001020611,16,4,7,メイショウカズヒメ,牝6,54.0,柴山雄一,1:12.9,クビ,15-16,37.0,103.8,13.0,504.0,-4.0,[西]南井克巳,松本好雄,0.0,2014103400,5243,1049,523005
202001020612,1,2,2,アラスカ,牝4,55.0,横山武史,1:52.6,,6-6-7-6,36.5,4.7,3.0,406.0,4.0,[東]萩原清,池谷誠一,1524.5,2016104663,1170,1017,172002
202001020612,2,6,6,メリディアンローグ,牡3,54.0,ルメール,1:52.7,1/2,3-4-4-4,37.1,4.3,2.0,464.0,-2.0,[東]藤沢和雄,山本英俊,607.0,2017105375,5339,386,124008
202001020612,3,1,1,ターフェルムジーク,牝5,55.0,古川吉洋,1:53.0,2,7-7-5-4,37.1,8.7,5.0,440.0,-4.0,[西]渡辺薫彦,サンデーレーシング,383.5,2015104074,1015,1155,226800
202001020612,4,4,4,プレイヤーサムソン,牡7,57.0,大野拓弥,1:53.1,1/2,3-3-3-2,37.7,46.4,11.0,476.0,-2.0,[東]大和田成,嶋田賢,230.0,2013104025,1096,1124,399009
202001020612,5,5,5,ルーチェデラヴィタ,牝3,52.0,団野大成,1:53.6,3,1-1-1-1,38.5,5.3,4.0,440.0,-6.0,[西]西村真幸,安原浩司,150.0,2017100796,1180,1148,271008
202001020612,6,8,10,サクラユニヴァース,牝5,55.0,藤岡佑介,1:53.7,クビ,2-2-2-2,38.4,9.7,6.0,474.0,-6.0,[東]高柳瑞樹,さくらコマース,0.0,2015105867,1093,1118,19800
202001020612,7,7,9,タイセイメガロス,牡3,54.0,武豊,1:53.7,クビ,5-5-5-6,37.8,4.1,1.0,450.0,4.0,[西]西村真幸,田中成奉,0.0,2017104667,666,1148,224007
202001020612,8,7,8,マハヴィル,牡5,57.0,柴山雄一,1:53.9,1.1/4,8-7-8-8,37.5,26.4,9.0,456.0,2.0,[西]上村洋行,社台レースホース,0.0,2015104190,5243,1168,415800
202001020612,9,3,3,ウインルチル,牝5,55.0,吉田隼人,1:54.0,クビ,8-9-10-10,37.2,24.5,7.0,446.0,-4.0,[西]奥村豊,ウイン,0.0,2015100225,1095,1146,494800
202001020612,10,8,11,ジャーミネイト,牡6,57.0,菱田裕二,1:54.0,ハナ,11-11-11-10,37.0,36.8,10.0,474.0,-8.0,[西]中尾秀正,社台レースホース,0.0,2014105348,1144,1069,415800
202001020612,11,6,7,マルーンエンブレム,牝5,55.0,横山典弘,1:55.4,9,10-10-8-9,39.0,25.9,8.0,394.0,0.0,[東]小島茂之,シルクレーシング,0.0,2015104970,660,1068,506800
202004020301,1,2,2,クールシャワー,牡2,54.0,藤井勘一,1:11.7,,1-1,37.8,17.2,5.0,458.0,-2.0,[西]清水久詞,川上哲司,510.0,2018106303,5525,1110,762007
202004020301,2,7,12,バクシン,牡2,53.0,斎藤新,1:11.7,アタマ,3-2,37.6,3.6,2.0,488.0,2.0,[東]斎藤誠,林正道,200.0,2018104879,1178,1086,675030
202004020301,3,5,9,キープイットシンポ,牝2,54.0,菅原隆一,1:12.2,3,13-14,36.6,119.5,14.0,444.0,-8.0,[東]小野次郎,西森功,130.0,2018106435,1129,1125,316031
202004020301,4,5,8,タックスリファンド,牡2,53.0,岩田望来,1:12.5,1.3/4,3-4,38.4,63.6,10.0,486.0,0.0,[東]武井亮,フィールドレーシング,77.0,2018104396,1174,1147,463031
202004020301,5,8,15,グルナピーク,牝2,54.0,三浦皇成,1:12.6,1/2,9-8,37.7,76.7,11.0,436.0,4.0,[東]中川公成,ビッグレッドファーム,51.0,2018102990,1122,1081,716800
202004020301,6,3,5,ハヌマーン,牡2,54.0,中井裕二,1:12.9,2,15-14,37.0,103.9,13.0,464.0,4.0,[西]安田隆行,小林昌子,0.0,2018104473,1141,438,350031
202004020301,7,1,1,セピアノーツ,牝2,53.0,木幡育也,1:12.9,アタマ,3-4,38.8,34.0,8.0,470.0,-4.0,[東]青木孝文,谷口悦一,0.0,2018100824,1167,1156,514033
202004020301,8,8,14,バイオレットジンク,牝2,54.0,鮫島克駿,1:13.2,2,13-13,37.6,99.6,12.0,494.0,4.0,[西]川村禎彦,フォーレスト,0.0,2018102628,1157,1003,730800
202004020301,9,2,3,キタノシンスケ,牡2,54.0,木幡巧也,1:13.3,1/2,10-10,38.1,262.4,15.0,494.0,10.0,[東]土田稔,北所直人,0.0,2018106242,1162,417,163002
202004020301,9,4,6,レオテソーロ,牡2,54.0,戸崎圭太,1:13.3,同着,3-4,39.2,2.5,1.0,442.0,0.0,[東]畠山吉宏,了徳寺健二ホールディングス,0.0,2018104409,5386,1048,89803
202004020301,11,6,10,スマッシャー,牡2,54.0,幸英明,1:13.7,2.1/2,7-7,39.4,13.7,4.0,456.0,2.0,[西]吉岡辰弥,ヒダカ・ブリーダーズ・ユニオン,0.0,2018106573,732,1176,547800
202004020301,12,6,11,クリオシタース,牡2,54.0,武藤雅,1:13.8,1/2,12-11,38.5,18.9,6.0,468.0,6.0,[東]武藤善則,ノースヒルズ,0.0,2018103271,1169,1064,788800
202004020301,13,3,4,ニシノライトニング,牡2,54.0,丸山元気,1:13.9,クビ,2-2,39.9,5.8,3.0,484.0,2.0,[東]根本康広,西山茂行,0.0,2018102292,1127,1029,897009
202004020301,14,4,7,シゲルジョウム,牝2,54.0,秋山真一,1:14.3,2.1/2,8-8,39.7,39.4,9.0,454.0,-2.0,[西]谷潔,森中蕃,0.0,2018100030,1019,431,674004
202004020301,15,7,13,マイネルレスペト,牡2,54.0,柴田大知,1:14.7,2.1/2,10-11,39.5,20.7,7.0,488.0,4.0,[東]松山将樹,サラブレッドクラブ・ラフィアン,0.0,2018102803,1009,1100,546800
202004020302,1,5,9,フォティノース,牝2,54.0,福永祐一,1:34.1,,5-5,33.4,2.2,1.0,428.0,-2.0,[西]杉山晴紀,社台レースホース,510.0,2018104643,1014,1157,415800
202004020302,2,2,4,キャロライナリーパ,牝2,53.0,岩田望来,1:34.1,ハナ,4-4,33.5,17.9,6.0,450.0,-2.0,[西]寺島良,野嶋祥二,200.0,2018105102,1174,1158,258033
202004020302,3,4,7,ドナウエレン,牝2,54.0,川田将雅,1:34.8,4,2-2,34.3,7.2,3.0,456.0,0.0,[西]高野友和,サンデーレーシング,130.0,2018105163,1088,1117,226800
202004020302,4,8,17,アルムファーツリー,牝2,54.0,西村淳也,1:35.1,1.3/4,7-7,34.4,10.3,5.0,446.0,0.0,[西]川村禎彦,崎川美枝子,77.0,2018101964,1171,1003,899030
202004020302,5,7,13,セイウンロミオ,牡2,54.0,内田博幸,1:35.4,1.3/4,10-10,34.4,21.8,7.0,512.0,-2.0,[東]田村康仁,西山茂行,51.0,2018103194,422,1027,897009
202004020302,6,2,3,クレマチステソーロ,牝2,52.0,菅原明良,1:35.4,クビ,1-1,35.0,48.0,9.0,452.0,2.0,[東]高木登,了徳寺健二ホールディングス,0.0,2018102791,1179,1088,89803
202004020302,7,4,8,ヤマノグリッターズ,牡2,54.0,嘉藤貴行,1:35.5,1/2,7-7,34.6,74.6,10.0,482.0,4.0,[東]田中清隆,澤村敏雄,0.0,2018103204,1051,408,467004
202004020302,8,1,2,ジョウショーキウン,牡2,54.0,川須栄彦,1:35.6,1/2,7-7,34.6,207.7,12.0,406.0,0.0,[西]服部利之,熊田義孝,0.0,2018102104,1128,1040,380008
202004020302,9,3,5,ゴールドベレー,牡2,54.0,北村宏司,1:35.6,クビ,11-12,34.6,5.5,2.0,444.0,-4.0,[東]青木孝文,居城寿与,0.0,2018102198,1043,1156,712033
202004020302,10,6,12,マイネルニルソン,牡2,54.0,柴田大知,1:35.9,1.1/2,2-2,35.4,7.4,4.0,452.0,6.0,[西]飯田雄三,サラブレッドクラブ・ラフィアン,0.0,2018100103,1009,1050,546800
202004020302,11,5,10,インペリアルツアー,牡2,54.0,吉田豊,1:35.9,クビ,14-16,34.4,368.1,16.0,442.0,6.0,[東]加藤和宏,スピードファーム,0.0,2018101729,733,1077,911800
202004020302,12,7,14,トーホウスザク,牡2,54.0,松若風馬,1:36.0,1/2,5-5,35.4,25.7,8.0,478.0,4.0,[西]谷潔,東豊物産,0.0,2018100621,1154,431,965800
202004020302,13,1,1,ブレスロガール,牝2,54.0,江田照男,1:36.4,2.1/2,13-14,35.2,209.6,13.0,444.0,4.0,[東]菊川正達,ディアレストクラブ,0.0,2018104047,689,1052,13803
202004020302,14,6,11,クリノキコウシ,牡2,54.0,鮫島克駿,1:36.5,3/4,14-12,35.3,180.3,11.0,432.0,-2.0,[西]高橋義忠,栗本守,0.0,2018104147,1157,1129,488007
202004020302,15,3,6,ヴォスペランツァ,牡2,53.0,菊沢一樹,1:36.6,クビ,17-17,35.0,335.8,15.0,456.0,-2.0,[西]加用正,ディアレストクラブ,0.0,2018100783,1161,425,13803
202004020302,16,8,16,マイネルキュリアス,牡2,54.0,宮崎北斗,1:36.6,ハナ,11-10,35.7,228.3,14.0,480.0,-4.0,[東]菊川正達,サラブレッドクラブ・ラフィアン,0.0,2018102138,1118,1052,546800
202004020302,17,8,15,エクスカリバー,牡2,51.0,小林凌大,1:37.6,6,14-14,36.3,397.2,17.0,438.0,-8.0,[東]大江原哲,田頭勇貴,0.0,2018101372,1177,1012,855030
202004020303,1,2,2,バロンデッセ,牡3,56.0,和田竜二,1:53.1,,5-5-2-1,38.2,2.3,1.0,478.0,-10.0,[西]松田国英,谷水雄三,510.0,2017103924,1018,1011,764001
202004020303,2,5,8,ペイシャバイカ,牝3,54.0,丸田恭介,1:53.7,3.1/2,7-7-2-2,38.8,19.3,6.0,472.0,-4.0,[東]蛯名利弘,北所直人,200.0,2017102530,1117,1131,163002
202004020303,3,8,14,ファクトベース,牡3,54.0,菅原明良,1:53.7,アタマ,12-11-5-4,38.3,4.0,2.0,486.0,-6.0,[東]久保田貴,社台レースホース,130.0,2017105004,1179,1067,415800
202004020303,4,4,6,マイネルサブマリン,牡3,56.0,柴田大知,1:54.2,3,3-3-5-4,38.8,8.4,4.0,476.0,16.0,[東]畠山吉宏,サラブレッドクラブ・ラフィアン,77.0,2017110107,1009,1048,546800
202004020303,5,7,13,パースピレーション,牡3,56.0,内田博幸,1:54.4,1,15-15-12-8,38.2,33.5,9.0,458.0,-4.0,[東]田村康仁,吉田照哉,51.0,2017105164,422,1027,758005
202004020303,6,5,9,オースミカムイ,セ3,56.0,酒井学,1:54.7,1.3/4,8-8-7-7,39.0,25.4,8.0,460.0,-16.0,[西]渡辺薫彦,オースミ,0.0,2017102981,1034,1155,712800
202004020303,7,6,11,ランスオブマインド,牝3,51.0,泉谷楓真,1:55.2,3,11-11-10-8,39.2,24.6,7.0,424.0,-14.0,[西]本田優,五影慶則,0.0,2017104083,1182,1099,477006
202004020303,8,6,10,ソルトクリスタル,牡3,55.0,富田暁,1:56.0,5,3-3-1-3,41.2,157.9,13.0,490.0,10.0,[西]木原一良,杉浦敏夫,0.0,2017102580,1168,1033,781033
202004020303,9,2,3,ミヤビキング,牡3,55.0,岩田望来,1:57.0,6,6-6-8-8,41.2,15.4,5.0,538.0,10.0,[東]小島茂之,村上義勝,0.0,2017103606,1174,1068,127002
202004020303,10,1,1,ヤマニンゲフィオン,牝3,54.0,宮崎北斗,1:57.4,2.1/2,13-13-15-13,40.8,218.0,15.0,500.0,16.0,[東]中川公成,土井肇,0.0,2017103125,1118,1081,329004
202004020303,11,4,7,ダブリナーズ,牡3,56.0,木幡巧也,1:57.7,1.3/4,2-2-2-6,42.8,5.9,3.0,470.0,0.0,[東]岩戸孝樹,ゴドルフィン,0.0,2017110099,1162,1051,3060
202004020303,12,3,4,マルヨダンクン,牡3,56.0,長岡禎仁,1:58.0,2,8-8-10-11,41.9,184.5,14.0,488.0,-20.0,[西]高橋康之,野村春行,0.0,2017102994,1142,1135,131005
202004020303,13,3,5,メガファラヴァハー,牡3,56.0,中井裕二,1:58.6,3.1/2,13-13-12-12,42.3,82.9,12.0,482.0,0.0,[西]今野貞一,ヒダカ・ブリーダーズ・ユニオン,0.0,2017101140,1141,1128,547800
202004020303,14,8,15,ヴァルシャー,牡3,56.0,小崎綾也,2:02.3,大,8-10-12-14,46.0,81.2,11.0,528.0,14.0,[西]野中賢二,カナヤマホールディングス,0.0,2017106215,1152,1098,45803
202004020303,15,7,12,ベルジルウェット,牝3,54.0,江田照男,2:05.7,大,1-1-8-14,49.9,37.9,10.0,464.0,-16.0,[東]粕谷昌央,ヒダカ・ブリーダーズ・ユニオン,0.0,2017106260,689,1096,547800
202004020304,1,4,7,ベラール,牡3,55.0,岩田望来,1:11.5,,5-3,36.7,1.5,1.0,480.0,0.0,[西]武幸四郎,安原浩司,510.0,2017106420,1174,1160,271008
202004020304,2,5,8,マインヒロイン,牝3,51.0,原優介,1:12.0,3,3-3,37.3,21.5,6.0,420.0,4.0,[東]萱野浩二,峰哲馬,200.0,2017103221,1184,1024,684006
202004020304,3,7,13,ニューリリース,牡3,56.0,北村友一,1:12.1,1/2,1-1,37.7,51.3,9.0,484.0,6.0,[西]石坂正,江口雄一郎,130.0,2017102954,1102,1022,570009
202004020304,4,5,9,ライトマン,牡3,56.0,和田竜二,1:12.1,アタマ,2-2,37.6,54.4,10.0,494.0,-2.0,[西]宮本博,吉澤ホールディングス,77.0,2017100057,1018,1073,346803
202004020304,5,4,6,ジュズマル,牡3,56.0,内田博幸,1:12.2,3/4,7-6,37.1,7.3,3.0,496.0,4.0,[東]田村康仁,山口裕介,51.0,2017103733,422,1027,798033
202004020304,6,7,12,シゲルトリトン,牡3,56.0,武藤雅,1:12.3,1/2,3-3,37.6,21.0,5.0,468.0,2.0,[東]水野貴広,森中蕃,0.0,2017102732,1169,1094,674004
202004020304,7,8,15,オウケンアマゾネス,牝3,54.0,荻野極,1:13.0,4,11-11,36.7,139.9,13.0,424.0,0.0,[東]和田勇介,福井明,0.0,2017106207,1160,1165,731006
202004020304,8,6,11,トモジャブルーノ,牡3,56.0,鮫島克駿,1:13.5,3,6-6,38.6,38.3,8.0,478.0,-12.0,[東]小笠倫弘,吉冨朝美,0.0,2017102900,1157,1076,238033
202004020304,9,8,14,ジャックオレンジ,セ3,56.0,江田照男,1:13.7,1.1/2,9-8,38.4,9.0,4.0,482.0,-4.0,[東]武井亮,ＹＧＧホースクラブ,0.0,2017100332,689,1147,188800
202004020304,10,1,1,グラシーナ,牡3,53.0,服部寿希,1:14.0,1.3/4,12-12,37.3,106.1,12.0,568.0,-6.0,[西]田所秀孝,椎名節,0.0,2017103067,1172,1009,799033
202004020304,11,3,5,エリーズタイフーン,牝3,54.0,幸英明,1:14.8,5,7-8,39.7,69.3,11.0,440.0,4.0,[西]吉田直弘,二口雅一,0.0,2017101292,732,1101,952033
202004020304,12,2,3,ビエーン,牝3,51.0,小林脩斗,1:15.4,3.1/2,10-10,39.8,154.7,14.0,458.0,-8.0,[東]小野次郎,小林由明,0.0,2017101112,1183,1125,933033
202004020304,13,2,2,フラワーエッセンス,牝3,54.0,高倉稜,1:15.6,1,12-12,38.9,166.0,15.0,466.0,0.0,[西]宮本博,グリーンファーム,0.0,2017109096,1130,1073,148800
202004020304,14,6,10,ファンキーホース,牡3,56.0,福永祐一,1:17.4,大,14-14,39.6,7.1,2.0,478.0,-4.0,[西]松下武士,鈴木邦英,0.0,2017102000,1014,1149,524030
202004020304,-1,3,4,ウイルホースバイオ,牡3,54.0,菅原明良,,,,,,,,,[東]奥平雅士,バイオ,0.0,2017101103,1179,1074,930800
202004020305,1,6,12,アドマイヤハダル,牡2,54.0,福永祐一,1:48.6,,3-2,34.2,12.6,5.0,472.0,0.0,[西]大久保龍,近藤旬子,700.0,2018105092,1014,1058,535031
202004020305,2,5,9,ペドラフォルカ,牝2,54.0,北村友一,1:48.6,クビ,7-6,34.0,2.5,1.0,422.0,0.0,[西]角居勝彦,下河辺隆行,280.0,2018100395,1102,1053,272008
202004020305,3,5,10,グレアリングアイ,牡2,54.0,内田博幸,1:48.9,1.1/2,15-13,33.9,31.8,8.0,536.0,0.0,[東]古賀慎明,Ｇ１レーシング,180.0,2018105516,422,1079,808800
202004020305,4,2,3,ダノンバジリア,牝2,54.0,川田将雅,1:48.9,クビ,2-2,34.6,6.1,3.0,506.0,0.0,[西]中内田充,ダノックス,110.0,2018102602,1088,1137,619800
202004020305,5,8,15,トレデマンド,牝2,54.0,Ｍ．デム,1:49.4,3,9-9,34.6,4.9,2.0,468.0,0.0,[西]松永幹夫,サンデーレーシング,70.0,2018105035,5212,1092,226800
202004020305,6,4,8,リチェルカ,牝2,54.0,柴田大知,1:49.4,クビ,11-11,34.5,60.5,10.0,448.0,0.0,[東]田中清隆,サラブレッドクラブ・ラフィアン,0.0,2018102152,1009,408,546800
202004020305,7,3,5,グランデモナルカ,牡2,54.0,丸山元気,1:50.0,3.1/2,14-13,34.9,6.5,4.0,450.0,0.0,[東]奥村武,サンデーレーシング,0.0,2018105170,1127,1145,226800
202004020305,8,7,13,ワンデイモア,牡2,54.0,三浦皇成,1:50.2,1.1/4,3-4,35.7,26.8,7.0,518.0,0.0,[東]国枝栄,江馬由将,0.0,2018105831,1122,399,879033
202004020305,9,2,4,スターロード,牡2,54.0,石橋脩,1:50.4,1.1/2,3-6,35.8,39.4,9.0,462.0,0.0,[東]小野次郎,村田哲朗,0.0,2018105551,1077,1125,493006
202004020305,10,4,7,エマージングロール,牡2,54.0,鮫島克駿,1:50.6,1.1/4,7-6,36.0,120.3,13.0,482.0,0.0,[西]橋口慎介,吉田晴哉,0.0,2018105545,1157,1154,231033
202004020305,11,3,6,ハルモニア,牝2,54.0,北村宏司,1:50.7,1/2,9-10,35.9,145.2,15.0,424.0,0.0,[東]稲垣幸雄,ＹＧＧホースクラブ,0.0,2018106789,1043,1167,188800
202004020305,12,1,1,ショウナンラッキー,牡2,54.0,野中悠太,1:50.8,1/2,12-12,35.7,26.0,6.0,462.0,0.0,[東]上原博之,国本哲秀,0.0,2018105486,1158,423,331002
202004020305,13,1,2,ガムラン,牡2,54.0,荻野極,1:50.8,アタマ,15-16,35.4,134.8,14.0,476.0,0.0,[西]高橋義忠,ニットー商事,0.0,2018100424,1160,1129,752800
202004020305,14,7,14,カオリナイト,牝2,54.0,幸英明,1:50.9,クビ,12-13,35.8,99.3,11.0,496.0,0.0,[西]牧田和弥,谷口祐人,0.0,2018102262,732,1123,74031
202004020305,15,8,16,ジョウショーペース,牡2,54.0,川須栄彦,1:51.5,3.1/2,3-4,36.9,145.7,16.0,470.0,0.0,[西]服部利之,熊田義孝,0.0,2018101658,1128,1040,380008
202004020305,16,6,11,ブルージルコン,牝2,53.0,斎藤新,1:51.7,1,1-1,37.5,99.7,12.0,454.0,0.0,[東]杉浦宏昭,山岸桂市,0.0,2018106419,1178,1008,510008
202004020306,1,1,1,エールオンレール,牝3,54.0,福永祐一,2:13.5,,4-4-9-9,35.6,17.3,6.0,460.0,6.0,[西]武英智,吉田勝己,510.0,2017105204,1014,1161,790005
202004020306,2,5,10,ワイワイキング,牡3,56.0,幸英明,2:13.6,1/2,2-2-2-2,36.4,11.8,5.0,470.0,0.0,[西]矢作芳人,廣崎利洋ＨＤ,200.0,2017105062,732,1075,37803
202004020306,3,6,12,アドマイヤメジャー,牡3,56.0,和田竜二,2:13.7,3/4,4-5-6-4,36.0,6.7,3.0,456.0,-14.0,[西]大久保龍,近藤旬子,130.0,2017105380,1018,1058,535031
202004020306,4,8,17,デルマラッキーガイ,牡3,56.0,Ｍ．デム,2:13.7,アタマ,15-10-3-3,36.3,7.5,4.0,474.0,-6.0,[西]音無秀孝,浅沼廣幸,77.0,2017104808,5212,1002,274002
202004020306,5,7,15,ミスミルドレッド,牝3,54.0,武藤雅,2:13.7,アタマ,7-7-6-4,36.0,4.2,2.0,442.0,0.0,[東]小島茂之,丸山担,51.0,2017104629,1169,1068,922030
202004020306,6,3,5,マイネルケイローン,牡3,56.0,宮崎北斗,2:13.8,クビ,11-10-9-9,35.8,20.7,7.0,436.0,4.0,[東]松永康利,サラブレッドクラブ・ラフィアン,0.0,2017101932,1118,1093,546800
202004020306,7,2,3,アルセスト,牡3,56.0,川田将雅,2:13.8,クビ,2-2-4-4,36.2,2.7,1.0,482.0,8.0,[西]清水久詞,シルクレーシング,0.0,2017105103,1088,1110,506800
202004020306,8,7,13,ハローミスソフィ,牝3,54.0,藤懸貴志,2:13.9,3/4,12-13-13-12,35.6,43.8,9.0,474.0,-4.0,[西]斉藤崇史,吉田勝己,0.0,2017105304,1138,1151,790005
202004020306,9,6,11,ハクサンキングス,牡3,56.0,小崎綾也,2:14.2,1.1/2,13-13-13-14,35.9,92.2,14.0,448.0,-10.0,[西]寺島良,河崎五市,0.0,2017102971,1152,1158,841030
202004020306,10,2,4,インテリジェンス,牝3,53.0,菊沢一樹,2:14.2,ハナ,8-7-6-7,36.5,26.1,8.0,454.0,0.0,[東]菊沢隆徳,近藤英子,0.0,2017105470,1161,1115,372006
202004020306,11,5,9,トレベーラ,牝3,54.0,吉田豊,2:14.2,アタマ,14-15-11-11,36.1,50.0,12.0,480.0,-4.0,[東]水野貴広,田上雅春,0.0,2017103279,733,1094,335006
202004020306,12,8,18,ダコタブラックヒル,牡3,56.0,酒井学,2:14.4,1.1/2,16-15-16-15,35.8,118.3,15.0,470.0,-8.0,[西]長谷川浩,Ｋ．Ｃ．タン,0.0,2017102688,1034,1173,9060
202004020306,13,3,6,アレグリアシチー,牡3,55.0,斎藤新,2:14.8,2.1/2,1-1-1-1,37.8,131.3,16.0,430.0,4.0,[西]高橋義忠,友駿ホースクラブ,0.0,2017105976,1178,1129,321800
202004020306,14,7,14,アトレッド,牝3,54.0,松若風馬,2:15.0,1.1/4,4-5-4-7,37.4,44.3,11.0,408.0,-6.0,[西]杉山晴紀,京都ホースレーシング,0.0,2017106173,1154,1157,65803
202004020306,15,1,2,ヴェルズネイ,牝3,54.0,石橋脩,2:15.0,ハナ,8-7-11-12,36.9,66.1,13.0,426.0,6.0,[東]堀宣行,社台レースホース,0.0,2017104765,1077,1070,415800
202004020306,16,8,16,レヴドゥギャルソン,牡3,56.0,北村友一,2:16.5,9,18-18-17-17,37.2,43.9,10.0,530.0,0.0,[西]高野友和,ターフ・スポート,0.0,2017106148,1102,1117,102800
202004020306,17,4,8,グラッツィエディオ,牝3,53.0,岩田望来,2:16.9,2,10-10-15-16,38.5,264.5,17.0,476.0,8.0,[東]戸田博文,安原浩司,0.0,2017103357,1174,1054,271008
202004020306,18,4,7,キクノキング,牡3,56.0,太宰啓介,2:18.0,7,16-17-17-18,38.7,323.0,18.0,478.0,-20.0,[西]森田直行,菊池五郎,0.0,2017102181,1037,1142,372002
202004020307,1,5,8,アスターマリンバ,牡3,54.0,松若風馬,1:52.1,,2-2-2-1,37.5,2.7,1.0,526.0,8.0,[西]中竹和也,加藤久枝,760.0,2017100541,1154,1039,935003
202004020307,2,5,9,ジーマックス,牡3,54.0,北村宏司,1:52.7,3.1/2,3-3-2-2,38.0,11.5,6.0,526.0,2.0,[東]中舘英二,佐野信幸,300.0,2017100859,1043,1153,735033
202004020307,3,8,15,キングスバーンズ,牡3,54.0,木幡巧也,1:53.2,3,7-6-4-4,38.2,8.1,5.0,522.0,0.0,[東]加藤征弘,丸山担,190.0,2017104986,1162,1059,922030
202004020307,4,3,5,ヒロキング,牡3,54.0,内田博幸,1:53.8,3.1/2,10-10-11-10,38.2,7.7,4.0,486.0,-6.0,[東]黒岩陽一,澤田孝之,110.0,2017101576,422,1133,214033
202004020307,5,7,13,セルファース,牡3,54.0,三浦皇成,1:53.9,3/4,13-13-12-12,38.2,106.9,13.0,516.0,-6.0,[西]石坂公一,水上行雄,76.0,2017102831,1122,1166,482002
202004020307,6,4,6,サウスオブボーダー,牡7,56.0,岩田望来,1:54.0,1/2,8-8-8-8,38.7,16.1,8.0,464.0,-2.0,[西]五十嵐忠,三田昌宏,0.0,2013105588,1174,422,872800
202004020307,7,1,1,サンライズヴュー,牡4,57.0,西村淳也,1:54.1,クビ,15-14-14-14,37.8,69.2,11.0,488.0,14.0,[西]石坂正,松岡隆雄,0.0,2016101699,1171,1022,306008
202004020307,8,6,10,ワンモアエフォート,牡3,54.0,戸崎圭太,1:54.2,3/4,9-9-8-6,38.9,12.1,7.0,490.0,6.0,[東]勢司和浩,内藤好江,0.0,2017100662,5386,1047,663007
202004020307,9,2,2,エフォートラン,牡5,57.0,石橋脩,1:54.8,3.1/2,12-12-12-12,39.0,67.2,10.0,492.0,0.0,[東]牧光二,岡村善行,0.0,2015106040,1077,1106,535006
202004020307,10,2,3,ナイルリバー,牡3,54.0,和田竜二,1:54.9,3/4,1-1-1-2,40.3,7.0,3.0,558.0,16.0,[西]藤原英昭,馬場幸夫,0.0,2017110158,1018,1055,431002
202004020307,11,6,11,スマートウィザード,牡3,54.0,高倉稜,1:55.0,1/2,14-15-15-15,38.4,209.9,14.0,468.0,8.0,[西]吉田直弘,大川徹,0.0,2017105984,1130,1101,7803
202004020307,12,3,4,エウロパ,牝3,49.0,小林凌大,1:55.2,3/4,4-4-4-4,40.2,26.2,9.0,456.0,2.0,[東]尾形和幸,コロンバスサークル,0.0,2017103261,1177,1141,878800
202004020307,13,7,12,アンコールプレス,牡3,54.0,幸英明,1:55.4,1.1/2,4-4-4-6,40.4,5.8,2.0,532.0,2.0,[西]寺島良,要海伸治,0.0,2017100219,732,1158,145033
202004020307,14,4,7,アスカリアン,牝5,55.0,酒井学,1:55.5,3/4,11-11-10-10,40.1,266.5,15.0,500.0,6.0,[西]谷潔,上野武,0.0,2015106192,1034,431,97007
202004020307,15,8,14,シャインヴィグラス,牝3,51.0,斎藤新,1:56.1,3.1/2,4-6-4-8,41.0,104.5,12.0,452.0,2.0,[東]土田稔,前田清二,0.0,2017102369,1178,417,125031
202004020309,1,8,14,ウインネプチューン,牡5,57.0,国分優作,1:51.3,,2-2-3-2,37.3,31.9,10.0,508.0,28.0,[西]飯田雄三,ウイン,1534.3,2015100217,1125,1050,494800
202004020309,2,4,6,サルサレイア,牝4,55.0,丸山元気,1:51.5,1.1/2,10-9-4-4,37.3,2.3,1.0,492.0,4.0,[西]羽月友彦,菅原広隆,609.8,2016100846,1127,1091,547033
202004020309,3,2,2,ベルジュネス,セ4,57.0,西村淳也,1:51.5,クビ,2-2-1-1,37.7,35.8,11.0,464.0,10.0,[東]畠山吉宏,岡田牧雄,384.9,2016100279,1171,1048,851009
202004020309,4,4,7,テイエムチューハイ,牡6,57.0,岩田望来,1:52.2,4,4-4-4-4,38.0,9.9,4.0,456.0,4.0,[西]五十嵐忠,竹園正繼,230.0,2014109151,1174,422,356002
202004020309,5,5,9,レオンコロナ,牡4,57.0,和田竜二,1:52.3,クビ,13-11-6-6,38.0,6.6,3.0,462.0,0.0,[西]鈴木孝志,山口敦広,150.0,2016104042,1018,1111,895030
202004020309,6,3,4,ヘヴントゥナイト,セ6,57.0,松若風馬,1:52.3,クビ,10-11-10-9,37.5,73.8,13.0,480.0,-2.0,[西]杉山晴紀,社台レースホース,0.0,2014105425,1154,1157,415800
202004020309,7,6,10,ワンダーエカルテ,牝4,55.0,長岡禎仁,1:52.4,クビ,12-13-13-12,37.2,25.6,9.0,522.0,4.0,[西]石橋守,山本能行,0.0,2016102269,1142,1140,306033
202004020309,8,5,8,リーガルマインド,牡4,57.0,川田将雅,1:52.5,3/4,5-4-6-7,38.2,5.8,2.0,464.0,4.0,[西]河内洋,畑佐博,0.0,2016102529,1088,1072,78006
202004020309,9,1,1,ストロングライン,牡4,57.0,石橋脩,1:52.5,アタマ,1-1-2-2,38.7,15.9,7.0,510.0,-4.0,[西]西村真幸,ターフ・スポート,0.0,2016101841,1077,1148,102800
202004020309,10,2,3,キングテセウス,牡4,57.0,内田博幸,1:53.4,5,13-13-15-15,37.7,36.8,12.0,516.0,2.0,[東]木村哲也,保坂和孝,0.0,2016104473,422,1126,398030
202004020309,11,3,5,テオレーマ,牝4,55.0,北村友一,1:53.5,クビ,7-7-9-9,38.9,14.8,5.0,488.0,24.0,[西]石坂正,水上行雄,0.0,2016102336,1102,1022,482002
202004020309,12,8,15,シャインアロー,セ8,57.0,富田暁,1:54.8,8,5-4-6-7,40.4,114.3,15.0,474.0,0.0,[東]高橋文雅,岡田勇,0.0,2012100091,1168,1134,548009
202004020309,13,6,11,シャドウセッション,セ4,57.0,三浦皇成,1:55.3,3,7-7-10-11,40.5,15.9,6.0,496.0,-18.0,[東]鹿戸雄一,飯塚知一,0.0,2016104919,1122,1097,308002
202004020309,14,7,13,リーヴル,牡4,57.0,戸崎圭太,1:55.7,2.1/2,15-15-14-13,40.2,17.8,8.0,492.0,2.0,[東]萩原清,Ｇ１レーシング,0.0,2016104378,5386,1017,808800
202004020309,15,7,12,ローリエテソーロ,牡4,57.0,江田照男,1:56.1,2.1/2,7-9-12-13,41.0,108.5,14.0,532.0,2.0,[東]加藤和宏,了徳寺健二ホールディングス,0.0,2016101999,689,1077,89803
202004020310,1,2,3,サトノウィザード,牡4,57.0,福永祐一,1:32.7,,13-13,32.4,2.6,1.0,482.0,-8.0,[西]松田国英,サトミホースカンパニー,1538.5,2016103107,1014,1011,75803
202004020310,2,7,14,ラルナブリラーレ,牝3,52.0,北村友一,1:33.2,3,5-5,33.4,3.7,2.0,468.0,6.0,[西]石坂正,社台レースホース,611.0,2017104771,1102,1022,415800
202004020310,3,6,12,アルムフォルツァ,牡5,57.0,西村淳也,1:33.4,1.1/2,9-9,33.2,35.8,11.0,466.0,6.0,[西]五十嵐忠,崎川美枝子,385.5,2015100523,1171,422,899030
202004020310,4,8,16,ハッシュゴーゴー,牝4,55.0,Ｍ．デム,1:33.4,ハナ,3-3,33.9,10.6,4.0,454.0,-2.0,[西]荒川義之,吉田千津,230.0,2016105144,5212,1095,310007
202004020310,5,8,17,ジュンライトボルト,牡3,54.0,藤井勘一,1:33.5,1/2,6-6,33.6,7.4,3.0,466.0,14.0,[西]友道康夫,河合純二,150.0,2017105396,5525,1061,165033
202004020310,6,7,15,ナイトバナレット,牡6,57.0,松若風馬,1:33.7,1.1/4,10-10,33.6,35.1,10.0,488.0,0.0,[西]矢作芳人,シルクレーシング,0.0,2014106049,1154,1075,506800
202004020310,7,3,6,テンワールドレイナ,牝5,55.0,北村宏司,1:33.8,1/2,12-12,33.5,64.2,15.0,474.0,-6.0,[東]矢野英一,天白泰司,0.0,2015104612,1043,1108,75006
202004020310,8,8,18,コスモヨハネ,牡8,57.0,柴田大知,1:34.0,1.1/4,2-2,34.8,104.7,16.0,510.0,14.0,[東]高橋裕,ビッグレッドファーム,0.0,2012102070,1009,412,716800
202004020310,9,4,7,アルディテッツァ,牡4,57.0,和田竜二,1:34.1,3/4,1-1,34.9,40.9,12.0,500.0,0.0,[西]橋口慎介,Ｇ１レーシング,0.0,2016104368,1018,1154,808800
202004020310,10,1,2,トロイメント,牝4,55.0,石橋脩,1:34.2,1/2,17-17,33.4,31.4,9.0,448.0,-4.0,[西]西浦勝一,Ｇ１レーシング,0.0,2016104298,1077,1016,808800
202004020310,11,5,9,ノーブルアース,牝5,55.0,高倉稜,1:34.3,3/4,15-15,33.8,55.4,14.0,476.0,-6.0,[西]牧浦充徳,吉木伸彦,0.0,2015105986,1130,1113,755030
202004020310,12,2,4,リノワールド,牝5,55.0,嶋田純次,1:34.3,ハナ,3-3,34.8,226.3,17.0,430.0,2.0,[東]手塚貴久,星野壽市,0.0,2015101984,1134,1038,265006
202004020310,13,1,1,アーザムブルー,牡6,57.0,岩田望来,1:34.4,3/4,18-18,33.5,25.2,8.0,476.0,2.0,[東]戸田博文,シルクレーシング,0.0,2014105853,1174,1054,506800
202004020310,14,6,11,サンライズローリエ,牡5,57.0,幸英明,1:34.4,ハナ,7-8,34.4,22.7,7.0,456.0,-4.0,[西]羽月友彦,松岡隆雄,0.0,2015103414,732,1091,306008
202004020310,15,7,13,アズマヘリテージ,牝4,55.0,鮫島克駿,1:34.5,クビ,7-6,34.5,294.4,18.0,472.0,-2.0,[西]河内洋,東哲次,0.0,2016103111,1157,1072,903006
202004020310,16,3,5,ミアマンテ,牝3,52.0,丸山元気,1:34.6,1/2,15-15,34.0,18.1,6.0,420.0,-2.0,[東]木村哲也,吉田勝己,0.0,2017105572,1127,1126,790005
202004020310,17,4,8,セグレドスペリオル,牡4,57.0,川又賢治,1:34.8,1.1/2,13-13,34.4,48.4,13.0,482.0,0.0,[西]宮本博,名古屋友豊,0.0,2016104691,1166,1073,463800
202004020310,18,5,10,セリユーズ,牝4,55.0,三浦皇成,1:36.2,8,10-10,36.1,16.6,5.0,514.0,4.0,[東]国枝栄,シルクレーシング,0.0,2016104638,1122,399,506800
202004020311,1,1,1,アフランシール,牝4,53.0,川田将雅,1:20.4,,6-6,34.3,4.4,2.0,490.0,-6.0,[東]尾関知人,前田幸治,1859.2,2016100625,1088,1103,948006
202004020311,2,4,7,レノーア,牝4,54.0,岩田望来,1:20.7,1.3/4,4-3,34.7,6.1,3.0,426.0,4.0,[東]相沢郁,畑佐博,741.2,2016105630,1174,1020,78006
202004020311,3,3,6,ニシノキントウン,牡5,54.0,内田博幸,1:20.9,1.1/4,9-9,34.5,64.0,16.0,464.0,-10.0,[西]北出成人,西山茂行,465.6,2015101786,422,1078,897009
202004020311,4,3,5,レジーナドーロ,牝5,53.0,石橋脩,1:20.9,クビ,13-12,34.1,25.6,9.0,462.0,-2.0,[東]堀宣行,Ｇ１レーシング,270.0,2015104157,1077,1070,808800
202004020311,5,7,14,ドラグーンシチー,牡5,55.0,荻野極,1:21.0,クビ,2-1,35.2,21.4,8.0,506.0,2.0,[西]北出成人,友駿ホースクラブ,182.0,2015103247,1160,1078,321800
202004020311,6,8,16,シュエットヌーベル,牝6,51.0,菅原明良,1:21.0,クビ,13-12,34.2,50.5,13.0,474.0,-2.0,[東]小西一男,ノルマンディーサラブレッドレーシング,0.0,2014104261,1179,405,854800
202004020311,7,7,15,ムーンチャイム,牝5,54.0,福永祐一,1:21.1,クビ,4-3,35.1,4.1,1.0,474.0,-4.0,[西]千田輝彦,ゴドルフィン,0.0,2015101633,1014,1120,3060
202004020311,8,7,13,シトラスノート,牝4,53.0,西村淳也,1:21.1,クビ,6-6,34.9,18.1,7.0,454.0,-4.0,[西]石坂正,吉田勝己,0.0,2016104434,1171,1022,790005
202004020311,9,2,3,ジョーアラビカ,牡6,56.0,松若風馬,1:21.2,1/2,13-15,34.3,16.4,6.0,496.0,-4.0,[西]清水久詞,上田けい子,0.0,2014104076,1154,1110,839004
202004020311,10,2,4,セプタリアン,セ4,55.0,北村友一,1:21.2,クビ,3-3,35.3,6.9,4.0,498.0,4.0,[西]池添学,吉田勝己,0.0,2016104662,1102,1144,790005
202004020311,11,4,8,ドルチャーリオ,牡7,54.0,藤井勘一,1:21.4,1,16-16,34.4,52.8,14.0,464.0,-2.0,[東]和田勇介,ゴドルフィン,0.0,2013100640,5525,1165,3060
202004020311,12,5,10,グッドジュエリー,牝5,53.0,幸英明,1:21.4,クビ,16-16,34.4,27.4,10.0,464.0,2.0,[東]堀井雅広,長谷川光司,0.0,2015102413,732,436,895002
202004020311,13,8,18,デスティニーソング,牝6,51.0,斎藤新,1:21.5,クビ,9-9,35.1,28.4,12.0,464.0,0.0,[西]新谷功一,ノルマンディーサラブレッドレーシング,0.0,2014104304,1178,1172,854800
202004020311,14,1,2,ミュージアムヒル,牝5,54.0,西田雄一,1:21.5,クビ,18-16,34.3,15.2,5.0,486.0,-2.0,[東]古賀慎明,吉田勝己,0.0,2015105106,1004,1079,790005
202004020311,15,5,9,フェルトベルク,牝6,52.0,小林脩斗,1:21.6,クビ,9-9,35.2,66.6,17.0,452.0,-2.0,[西]荒川義之,加藤徹,0.0,2014103559,1183,1095,36006
202004020311,16,6,12,ルーチェソラーレ,牝5,51.0,柴田大知,1:21.6,クビ,1-2,35.9,54.7,15.0,498.0,-4.0,[東]小笠倫弘,岡田牧雄,0.0,2015105415,1009,1076,851009
202004020311,17,6,11,ポップシンガー,牝6,52.0,北村宏司,1:21.9,1.3/4,12-12,35.3,27.4,11.0,452.0,-8.0,[東]鈴木伸尋,村山卓也,0.0,2014101803,1043,1026,47030
202004020311,18,8,17,コロラトゥーレ,牝6,52.0,川須栄彦,1:22.2,1.3/4,6-6,36.0,70.0,18.0,470.0,0.0,[西]梅田智之,廣崎利洋ＨＤ,0.0,2014102019,1128,1084,37803
202004020312,1,7,15,ヤマニンベリンダ,牝6,52.0,小林脩斗,0:55.8,,11,33.3,11.2,5.0,470.0,8.0,[東]星野忍,土井肇,760.0,2014100549,1183,1030,329004
202004020312,2,5,10,アングレーム,牝5,53.0,菅原明良,0:55.8,クビ,14,33.1,22.2,10.0,466.0,4.0,[東]矢野英一,キャロットファーム,300.0,2015104803,1179,1108,486800
202004020312,3,2,4,ハニーリン,牝3,49.0,小林凌大,0:55.8,ハナ,8,33.4,17.8,8.0,478.0,14.0,[東]堀井雅広,西森功,190.0,2017106497,1177,436,316031
202004020312,4,8,16,ウインアイルビータ,牝4,55.0,柴田大知,0:55.9,3/4,1,34.1,7.7,4.0,482.0,4.0,[東]田中剛,ウイン,110.0,2016100242,1009,1119,494800
202004020312,5,7,13,ドゥモワゼル,牝6,55.0,江田照男,0:56.0,クビ,3,33.9,27.1,12.0,468.0,4.0,[東]粕谷昌央,小田切統二,76.0,2014106523,689,1096,474002
202004020312,6,6,12,ヒロミ,牡5,57.0,西田雄一,0:56.2,1.1/4,18,33.4,7.2,3.0,500.0,-14.0,[東]加藤士津,了徳寺健二ホールディングス,0.0,2015110093,1004,1169,89803
202004020312,7,8,18,テリオスヒメ,牝3,51.0,菊沢一樹,0:56.2,ハナ,1,34.4,5.3,2.0,444.0,8.0,[東]田島俊明,鈴木美江子,0.0,2017109019,1161,1112,881033
202004020312,8,3,6,ルドラクシャ,牝3,52.0,杉原誠人,0:56.2,アタマ,3,34.1,4.1,1.0,450.0,6.0,[東]松山将樹,ミルファーム,0.0,2017102157,1135,1100,629800
202004020312,9,6,11,リュウグウヒメ,牝4,52.0,原優介,0:56.3,1/2,11,33.8,30.4,13.0,442.0,14.0,[東]武井亮,深澤朝房,0.0,2016101098,1184,1147,437030
202004020312,10,1,2,スマートルミエール,牡3,54.0,松若風馬,0:56.5,1.1/4,14,33.8,22.9,11.0,450.0,0.0,[西]矢作芳人,大川徹,0.0,2017103868,1154,1075,7803
202004020312,11,7,14,スカイポート,牝4,55.0,野中悠太,0:56.6,1/2,3,34.5,46.1,14.0,452.0,4.0,[東]松永康利,和田牧場,0.0,2016101580,1158,1093,251800
202004020312,12,8,17,ショウサンシルエラ,牝4,54.0,斎藤新,0:56.7,3/4,3,34.6,19.8,9.0,492.0,2.0,[西]牧田和弥,鈴木昭和,0.0,2016103721,1178,1123,305030
202004020312,13,4,8,タケデンサンダー,牡6,57.0,嶋田純次,0:56.9,1,13,34.3,96.0,17.0,484.0,6.0,[東]武市康男,武市弘,0.0,2014101006,1134,1089,604005
202004020312,14,3,5,アメリカンソレイユ,牡4,57.0,酒井学,0:57.0,3/4,7,34.7,65.6,15.0,472.0,-6.0,[西]藤岡健一,吉澤ホールディングス,0.0,2016110078,1034,1062,346803
202004020312,15,1,1,エムオールビー,牝4,55.0,三浦皇成,0:57.0,ハナ,14,34.3,16.4,7.0,406.0,12.0,[東]尾形和幸,大浅貢,0.0,2016104192,1122,1141,481002
202004020312,16,5,9,プリズマティコ,牝5,55.0,西村淳也,0:57.2,1.1/4,14,34.5,13.8,6.0,478.0,-2.0,[西]清水久詞,サンデーレーシング,0.0,2015104888,1171,1110,226800
202004020312,17,2,3,エリーグランプリ,牝3,51.0,木幡育也,0:57.5,2,8,35.1,72.2,16.0,440.0,14.0,[東]武市康男,谷川正純,0.0,2017101412,1167,1089,12033
202004020312,18,4,7,マルカノーベル,セ4,57.0,森一馬,0:59.5,大,8,37.1,109.1,18.0,492.0,-7.0,[西]松永昌博,日下部猛,0.0,2016105236,1139,1083,927033
202004020401,1,4,7,ニシノアジャスト,牡2,54.0,幸英明,1:10.1,,11-12,34.6,5.3,2.0,516.0,-6.0,[東]小手川準,西山茂行,510.0,2018102287,732,1171,897009
202004020401,2,2,3,トーセンガイア,牝2,51.0,原優介,1:10.2,3/4,1-1,35.8,16.6,7.0,440.0,2.0,[東]小桧山悟,島川隆哉,200.0,2018105655,1184,1005,270006
202004020401,3,2,4,マイネルアミスター,牡2,54.0,柴田大知,1:10.3,1/2,4-4,35.6,40.8,10.0,482.0,2.0,[東]古賀慎明,サラブレッドクラブ・ラフィアン,130.0,2018103354,1009,1079,546800
202004020401,4,5,9,シューラヴァラ,牡2,54.0,石橋脩,1:10.3,クビ,15-14,34.4,11.0,4.0,448.0,8.0,[西]川村禎彦,高原将浩,77.0,2018104129,1077,1003,936033
202004020401,5,7,13,ココクラッシュ,牝2,53.0,富田暁,1:10.4,クビ,11-10,34.9,57.4,13.0,424.0,10.0,[西]梅田智之,大塚亮一,51.0,2018106319,1168,1084,858800
202004020401,6,7,14,ショウナンアドール,牝2,54.0,野中悠太,1:10.4,クビ,7-8,35.2,48.9,11.0,444.0,4.0,[東]加藤士津,国本哲秀,0.0,2018102324,1158,1169,331002
202004020401,7,6,12,イズジョードリーム,牡2,53.0,岩田望来,1:10.5,クビ,7-6,35.4,8.8,3.0,510.0,4.0,[西]北出成人,泉一郎,0.0,2018106103,1174,1078,897030
202004020401,8,3,5,ワイオミアロール,牝2,54.0,江田照男,1:10.7,1.1/4,7-10,35.5,16.2,6.0,414.0,2.0,[東]菊川正達,三嶋牧場,0.0,2018106885,689,1052,363800
202004020401,8,3,6,ニシノイルマーレ,牝2,52.0,菅原明良,1:10.7,同着,2-3,36.2,2.3,1.0,480.0,-2.0,[東]矢野英一,西山茂行,0.0,2018103332,1179,1108,897009
202004020401,10,5,10,チェリーオリオン,牡2,54.0,木幡巧也,1:10.7,クビ,16-16,34.6,215.7,17.0,492.0,4.0,[東]小西一男,櫻井悦朗,0.0,2018103256,1162,405,527030
202004020401,11,1,1,チャーチャンテン,牝2,51.0,小林凌大,1:10.8,1/2,17-17,34.6,98.9,14.0,396.0,2.0,[東]星野忍,田頭勇貴,0.0,2018103468,1177,1030,855030
202004020401,12,1,2,ジェットエンブレム,牡2,54.0,北村友一,1:10.8,クビ,5-6,35.9,53.5,12.0,492.0,12.0,[西]石坂正,犬塚悠治郎,0.0,2018100886,1102,1022,689033
202004020401,13,4,8,ハンデンディオーネ,牝2,54.0,岩部純二,1:10.9,クビ,2-2,36.4,36.4,8.0,416.0,6.0,[東]石毛善彦,坂田行夫,0.0,2018102302,726,428,244008
202004020401,14,8,16,ノアジェニシス,牝2,54.0,武士沢友,1:11.1,1.1/4,14-14,35.3,245.2,18.0,448.0,0.0,[東]堀井雅広,佐山公男,0.0,2018103982,1029,436,861002
202004020401,15,8,17,セイウンノウヒメ,牝2,54.0,原田和真,1:11.3,1.1/4,7-8,36.2,119.7,15.0,446.0,-8.0,[西]田所秀孝,西山茂行,0.0,2018103191,1143,1009,897009
202004020401,16,6,11,ロイヤルウィーブ,牡2,53.0,木幡育也,1:11.4,クビ,18-18,34.3,191.3,16.0,486.0,-6.0,[東]相沢郁,本間茂,0.0,2018102335,1167,1020,694008
202004020401,17,8,18,ラブリークイーン,牝2,54.0,三浦皇成,1:11.7,2,5-5,36.8,12.7,5.0,460.0,-2.0,[東]田中清隆,坂巻勝彦,0.0,2018101498,1122,408,810008
202004020401,18,7,15,マラドーナ,牡2,54.0,西田雄一,1:11.8,3/4,11-13,36.3,38.9,9.0,468.0,0.0,[東]岩戸孝樹,中村智幸,0.0,2018103306,1004,1051,669033
202004020402,1,4,7,サウンドレベッカ,牝3,54.0,川田将雅,1:46.7,,6-6,33.8,2.8,1.0,456.0,6.0,[西]安達昭夫,増田雄一,510.0,2017104748,1088,1042,168006
202004020402,2,5,9,ロードライトニング,牡3,56.0,三浦皇成,1:46.9,1.1/4,9-9,33.7,6.4,4.0,430.0,-4.0,[西]安田翔伍,ロードホースクラブ,200.0,2017102376,1122,1164,170800
202004020402,3,7,14,ローズパルファン,牝3,54.0,荻野極,1:47.4,3,2-2,35.1,25.1,8.0,430.0,-6.0,[東]田中剛,友駿ホースクラブ,130.0,2017102597,1160,1119,321800
202004020402,4,1,1,エトヴァス,牝3,54.0,高倉稜,1:47.5,1/2,14-14,33.9,37.5,9.0,464.0,6.0,[西]杉山晴紀,薪浦亨,77.0,2017104598,1130,1157,768006
202004020402,5,3,6,キングインパクト,牡3,55.0,岩田望来,1:47.5,クビ,3-3,35.0,4.7,2.0,518.0,12.0,[西]藤原英昭,廣崎利洋ＨＤ,51.0,2017100351,1174,1055,37803
202004020402,6,1,2,ビーオールアイズ,セ3,56.0,鮫島克駿,1:47.5,クビ,11-11,34.2,92.1,12.0,456.0,2.0,[西]松下武士,吉田照哉,0.0,2017104886,1157,1149,758005
202004020402,7,3,5,タニノヨセミテ,牝3,54.0,鮫島良太,1:47.5,ハナ,7-7,34.4,62.1,10.0,406.0,-2.0,[西]松田国英,谷水雄三,0.0,2017103927,1099,1011,764001
202004020402,8,7,13,フラテナ,牝3,54.0,丸田恭介,1:47.6,1/2,11-11,34.1,85.2,11.0,474.0,8.0,[東]奥村武,京都ホースレーシング,0.0,2017102973,1117,1145,65803
202004020402,9,5,10,ボンバーミューラー,牡3,55.0,斎藤新,1:47.9,1.3/4,11-11,34.5,14.6,6.0,448.0,2.0,[東]小桧山悟,渡邊隆,0.0,2017106773,1178,1005,321009
202004020402,10,2,3,ソードライン,牡3,56.0,Ｍ．デム,1:48.1,1.1/4,17-17,34.3,5.2,3.0,500.0,0.0,[東]堀宣行,金子真人ホールディングス,0.0,2017104621,5212,1070,708800
202004020402,11,8,16,ディライラ,牝3,54.0,幸英明,1:48.2,クビ,5-3,35.5,17.9,7.0,450.0,-2.0,[西]寺島良,吉田昌久,0.0,2017102272,732,1158,479033
202004020402,12,7,15,キタサンロッキー,牡3,56.0,北村宏司,1:48.6,2.1/2,7-7,35.6,124.7,13.0,506.0,6.0,[西]清水久詞,大野商事,0.0,2017104499,1043,1110,373800
202004020402,13,4,8,ブエナラーマ,牝3,54.0,江田照男,1:48.7,3/4,14-14,34.9,303.0,16.0,454.0,0.0,[東]菊川正達,飯田良枝,0.0,2017103837,689,1052,669007
202004020402,14,2,4,ランウェイルック,牝3,52.0,菅原明良,1:48.7,クビ,3-3,36.1,241.1,14.0,464.0,6.0,[西]牧田和弥,社台レースホース,0.0,2017104798,1179,1123,415800
202004020402,15,8,18,エンスロール,牡3,56.0,戸崎圭太,1:48.9,1.1/4,9-9,35.7,11.1,5.0,492.0,-10.0,[西]須貝尚介,社台レースホース,0.0,2017104796,5386,1105,415800
202004020402,16,8,17,マシェリイ,牝3,54.0,和田翼,1:49.2,1.3/4,14-16,35.2,299.4,15.0,426.0,-10.0,[西]平田修,松岡隆雄,0.0,2017105818,1146,1082,306008
202004020402,17,6,11,スマイルサクラ,牝3,54.0,柴田大知,1:51.1,大,1-1,38.8,313.1,17.0,490.0,18.0,[東]中川公成,ビッグレッドファーム,0.0,2017101964,1009,1081,716800
202004020402,-2,6,12,フルミント,牝3,54.0,松若風馬,,,,,,,,,[西]石坂公一,吉田和美,0.0,2017102521,1154,1166,138007
202004020403,1,2,4,セルレア,牝3,53.0,菊沢一樹,0:55.2,,4,33.1,32.2,7.0,452.0,-8.0,[東]菊沢隆徳,パニオロ,510.0,2017102095,1161,1115,22803
202004020403,2,7,13,レイチェリー,牝3,54.0,武藤雅,0:55.3,1/2,1,33.4,7.0,3.0,428.0,8.0,[東]尾形和幸,佐藤壽男,200.0,2017103211,1169,1141,274008
202004020403,3,8,16,スノーテーラー,牝3,54.0,川田将雅,0:55.4,1/2,5,33.1,2.5,1.0,434.0,-2.0,[西]飯田雄三,中西浩一,130.0,2017100240,1088,1050,730002
202004020403,4,5,9,レオハイセンス,牝3,51.0,小林脩斗,0:55.6,1.1/2,8,33.1,2.7,2.0,440.0,2.0,[東]奥平雅士,レオ,77.0,2017102506,1183,1074,209800
202004020403,5,6,12,アイティナリー,牡3,55.0,岩田望来,0:55.8,1.1/4,1,33.9,14.4,4.0,500.0,-4.0,[西]河内洋,ノースヒルズ,51.0,2017101787,1174,1072,788800
202004020403,6,8,17,ミツカネショコラ,牝3,52.0,菅原明良,0:56.1,1.3/4,8,33.6,36.2,8.0,398.0,10.0,[東]清水英克,小山田満,0.0,2017101085,1179,1080,6803
202004020403,7,1,1,デルマアメジスト,牝3,51.0,小林凌大,0:56.2,1/2,6,33.8,177.5,17.0,430.0,-2.0,[東]蛯名利弘,浅沼廣幸,0.0,2017104841,1177,1131,274002
202004020403,8,6,11,メイショウバイラン,牝3,54.0,幸英明,0:56.2,アタマ,14,33.4,25.2,6.0,436.0,14.0,[西]大橋勇樹,松本好雄,0.0,2017106324,732,1065,523005
202004020403,9,2,3,ペプチドサクラ,牝3,53.0,富田暁,0:56.3,3/4,8,33.8,162.2,15.0,466.0,0.0,[西]武英智,沼川一彦,0.0,2017105994,1168,1161,500007
202004020403,10,3,6,マッシリア,牡3,56.0,和田翼,0:56.6,2,3,34.6,40.4,9.0,472.0,-8.0,[西]橋田満,森田藤治,0.0,2017103500,1146,362,34009
202004020403,11,1,2,ピットゥーラ,牝3,54.0,太宰啓介,0:56.7,1/2,13,34.0,260.9,18.0,430.0,0.0,[西]小崎憲,ノースヒルズ,0.0,2017101793,1037,1085,788800
202004020403,12,7,14,ババルダージュ,牝3,54.0,江田照男,0:56.9,1,14,34.1,15.4,5.0,414.0,8.0,[東]武藤善則,飯田正剛,0.0,2017103832,689,1064,994002
202004020403,13,3,5,カズモンレアーレ,牡3,56.0,野中悠太,0:56.9,ハナ,12,34.3,172.2,16.0,458.0,12.0,[東]宮田敬介,雅苑興業,0.0,2017102465,1158,1175,879800
202004020403,14,5,10,ルミリンナ,牝3,54.0,秋山真一,0:57.0,1/2,6,34.6,60.4,11.0,436.0,4.0,[西]大根田裕,ＹＧＧホースクラブ,0.0,2017100834,1019,1032,188800
202004020403,15,4,7,ゴールデンアーク,牡3,56.0,三浦皇成,0:57.0,クビ,16,34.1,63.7,12.0,450.0,-4.0,[西]須貝尚介,Ｇ１レーシング,0.0,2017104746,1122,1105,808800
202004020403,16,4,8,ツクバマリア,牝3,51.0,泉谷楓真,0:57.3,1.3/4,17,34.3,79.9,13.0,424.0,-28.0,[西]上村洋行,荻原昭二,0.0,2017102358,1182,1168,576009
202004020403,17,8,18,ラブキーセキ,牝3,54.0,中井裕二,0:57.6,2,18,33.6,139.5,14.0,398.0,-12.0,[東]大和田成,増田陽一,0.0,2017101478,1141,1124,291002
202004020403,18,7,15,ロマンスピネル,牝3,54.0,西田雄一,0:58.9,8,8,36.4,51.7,10.0,438.0,8.0,[東]田中剛,菅實,0.0,2017104939,1004,1119,313033
202004020404,1,3,5,クリノキングボス,牡3,56.0,幸英明,1:52.9,,9-7-3-2,37.7,3.8,1.0,470.0,-8.0,[西]南井克巳,栗本博晴,510.0,2017105720,732,1049,970006
202004020404,2,1,1,スワーヴシールズ,セ3,56.0,川田将雅,1:53.2,2,8-9-9-6,37.2,3.8,2.0,482.0,0.0,[西]昆貢,ＮＩＣＫＳ,200.0,2017106650,1088,1044,887800
202004020404,3,4,6,ルドンカズマ,牡3,56.0,松若風馬,1:53.6,2,2-2-1-2,38.6,10.9,6.0,490.0,-2.0,[西]杉山晴紀,雅苑興業,130.0,2017102894,1154,1157,879800
202004020404,4,8,15,ウィップラッシュ,牝3,53.0,菊沢一樹,1:53.9,2,2-3-2-1,38.9,7.1,4.0,474.0,4.0,[東]菊沢隆徳,グランド牧場,77.0,2017103510,1161,1115,367800
202004020404,5,6,11,サトノマッスル,牡3,56.0,荻野極,1:54.4,3,5-5-4-4,39.0,12.9,7.0,454.0,0.0,[西]池江泰寿,サトミホースカンパニー,51.0,2017100377,1160,1071,75803
202004020404,6,2,3,スズカスペクトル,牝3,53.0,富田暁,1:54.7,2,11-11-9-6,38.6,10.8,5.0,444.0,8.0,[西]武英智,永井啓弍,0.0,2017100823,1168,1161,382004
202004020404,7,7,13,キズナハイトーン,セ3,56.0,森一馬,1:54.9,1.1/4,15-15-14-14,38.1,23.2,8.0,468.0,-12.0,[西]松永昌博,吉岡泰治,0.0,2017102652,1139,1083,265005
202004020404,8,2,2,ハクアイオウ,牡3,56.0,太宰啓介,1:55.0,1/2,12-11-7-5,39.2,156.1,13.0,522.0,4.0,[西]石橋守,Ｈ．Ｉコーポレーション,0.0,2017100802,1037,1140,840800
202004020404,9,4,7,サクセスリボーン,牡3,53.0,泉谷楓真,1:55.1,1/2,4-3-8-9,39.2,4.2,3.0,492.0,-4.0,[西]北出成人,高嶋哲,0.0,2017101591,1182,1078,441006
202004020404,10,5,8,ベルクハイム,牡3,54.0,菅原明良,1:55.4,1.3/4,12-14-12-11,38.8,70.9,9.0,548.0,8.0,[東]戸田博文,キャロットファーム,0.0,2017105091,1179,1054,486800
202004020404,11,6,10,サンライトジュンコ,牝3,54.0,城戸義政,1:55.4,ハナ,7-7-5-6,39.7,97.1,10.0,490.0,16.0,[西]奥村豊,北川勉,0.0,2017102235,1147,1146,749002
202004020404,12,7,12,アプローズパワー,牝3,54.0,伊藤工真,1:55.6,1.1/4,9-10-12-11,39.1,99.2,11.0,432.0,4.0,[東]金成貴史,吉野弘司,0.0,2017104526,1119,1132,614030
202004020404,13,8,14,テーオーニーチェ,牡3,56.0,高倉稜,1:56.9,8,14-13-14-15,40.2,288.7,15.0,476.0,8.0,[西]清水久詞,小笹公也,0.0,2017101004,1130,1110,304008
202004020404,14,5,9,メイショウウナサカ,牡3,56.0,柴田大知,1:57.7,5,5-5-11-13,41.3,133.3,12.0,468.0,6.0,[西]河内洋,松本好雄,0.0,2017104713,1009,1072,523005
202004020404,15,3,4,ヘヴンレーヴ,牝3,53.0,斎藤新,2:00.0,大,1-1-5-9,44.3,255.3,14.0,394.0,-4.0,[西]森田直行,天堀忠博,0.0,2017102767,1178,1142,510033
202004020405,1,7,15,ハヴァス,牡2,54.0,丸山元気,1:35.6,,2-2,34.2,30.8,6.0,454.0,0.0,[西]橋口慎介,ノースヒルズ,700.0,2018102065,1127,1154,788800
202004020405,2,7,13,プラウドルック,牝2,54.0,北村友一,1:35.8,1.1/2,7-5,33.9,3.0,2.0,440.0,0.0,[西]斉藤崇史,吉田勝己,280.0,2018105239,1102,1151,790005
202004020405,3,2,3,ウインミニヨン,牝2,54.0,松若風馬,1:35.8,クビ,14-13,33.2,45.5,8.0,406.0,0.0,[西]長谷川浩,ウイン,180.0,2018101642,1154,1173,494800
202004020405,4,4,7,ジネストラ,牝2,54.0,三浦皇成,1:36.1,2,7-9,34.0,5.4,3.0,430.0,0.0,[東]鹿戸雄一,サンデーレーシング,110.0,2018105174,1122,1097,226800
202004020405,5,5,10,オーケーパッション,牝2,54.0,石橋脩,1:36.2,1/2,10-10,34.0,23.8,5.0,464.0,0.0,[東]相沢郁,小野建,70.0,2018106156,1077,1020,612030
202004020405,6,8,16,トーホウディアス,牡2,54.0,国分優作,1:36.4,1.1/4,7-5,34.5,120.0,13.0,430.0,0.0,[西]南井克巳,東豊物産,0.0,2018103406,1125,1049,965800
202004020405,7,5,9,アカイトリノムスメ,牝2,54.0,戸崎圭太,1:36.8,2,10-12,34.3,2.5,1.0,440.0,0.0,[東]国枝栄,金子真人ホールディングス,0.0,2018104903,5386,399,708800
202004020405,8,3,6,スパラキシス,牝2,54.0,丸田恭介,1:36.8,クビ,5-5,34.9,46.4,9.0,454.0,0.0,[東]宗像義忠,ディアレストクラブ,0.0,2018100758,1117,420,13803
202004020405,9,7,14,ビービーラノビア,牝2,53.0,岩田望来,1:36.8,ハナ,3-3,35.2,77.8,11.0,432.0,0.0,[東]中舘英二,坂東牧場,0.0,2018106841,1174,1153,185800
202004020405,10,3,5,クラーロイメル,牝2,54.0,荻野極,1:36.8,ハナ,1-1,35.6,12.5,4.0,448.0,0.0,[西]高橋義忠,ケーエスＨＤ,0.0,2018104416,1160,1129,334803
202004020405,11,8,18,レスペディーザ,牝2,54.0,Ｍ．デム,1:37.6,5,10-13,34.9,36.4,7.0,428.0,0.0,[西]松永幹夫,ＮＩＣＫＳ,0.0,2018100580,5212,1092,887800
202004020405,12,1,1,ノーブルスター,牡2,54.0,吉田豊,1:37.6,クビ,13-10,35.4,71.1,10.0,500.0,0.0,[西]牧浦充徳,吉木伸彦,0.0,2018100381,733,1113,755030
202004020405,13,6,11,ナンヨーノワール,牡2,53.0,斎藤新,1:37.8,3/4,4-3,36.1,113.6,12.0,462.0,0.0,[東]杉浦宏昭,中村徳也,0.0,2018103366,1178,1008,512031
202004020405,14,6,12,ニシノカタパルト,牡2,54.0,岩部純二,1:38.1,1.3/4,5-5,35.8,251.1,16.0,468.0,0.0,[東]萱野浩二,西山茂行,0.0,2018102846,726,1024,897009
202004020405,15,2,4,クリノラピッド,牝2,54.0,江田照男,1:38.1,クビ,16-15,35.4,173.7,14.0,448.0,0.0,[東]伊藤伸一,栗本博晴,0.0,2018106397,689,1031,970006
202004020405,16,4,8,ネフュージュニア,牡2,54.0,鮫島克駿,1:39.4,8,14-17,36.0,249.1,15.0,486.0,0.0,[東]土田稔,大原詔宏,0.0,2018103030,1157,417,898005
202004020405,17,8,17,フラッシュヒーロー,牡2,54.0,木幡巧也,1:39.8,2.1/2,18-18,36.6,302.1,18.0,444.0,0.0,[東]的場均,田頭勇貴,0.0,2018100609,1162,1063,855030
202004020405,18,1,2,イージス,牡2,53.0,菊沢一樹,1:40.8,6,16-15,38.0,290.4,17.0,476.0,0.0,[東]佐藤吉勝,平本敏夫,0.0,2018103434,1161,1035,832008
202004020406,1,2,4,デイトンウェイ,牡2,53.0,岩田望来,1:11.6,,4-4,35.1,6.0,3.0,488.0,0.0,[西]野中賢二,シルクレーシング,700.0,2018105201,1174,1098,506800
202004020406,2,8,17,ナムラスパロー,牝2,54.0,木幡初也,1:11.6,アタマ,8-9,34.8,50.5,9.0,396.0,0.0,[東]武市康男,奈村睦弘,280.0,2018100095,1153,1089,972002
202004020406,3,1,2,ヒマラヤクリス,牝2,54.0,武士沢友,1:11.6,クビ,1-1,35.4,89.8,14.0,454.0,0.0,[東]小手川準,辻大作,180.0,2018103791,1029,1171,254030
202004020406,4,5,9,フライングバレル,牝2,54.0,三浦皇成,1:11.7,クビ,2-2,35.4,2.1,1.0,464.0,0.0,[西]安田隆行,ロードホースクラブ,110.0,2018102586,1122,438,170800
202004020406,5,1,1,インヴァネス,牝2,52.0,菅原明良,1:11.8,3/4,12-12,34.7,5.2,2.0,438.0,0.0,[東]田中清隆,矢野亨憲,70.0,2018104482,1179,408,853033
202004020406,6,4,8,トーアアネラ,牝2,54.0,小崎綾也,1:12.0,1.1/4,4-6,35.5,73.2,11.0,470.0,0.0,[西]牧田和弥,高山ランド,0.0,2018105743,1152,1123,784800
202004020406,7,8,16,メイショウイジゲン,牡2,54.0,国分優作,1:12.1,1/2,4-4,35.6,38.4,6.0,428.0,0.0,[西]南井克巳,松本好雄,0.0,2018106391,1125,1049,523005
202004020406,8,4,7,ロングジャーニー,牝2,54.0,木幡巧也,1:12.1,クビ,8-7,35.3,40.0,7.0,466.0,0.0,[東]武市康男,密山根成,0.0,2018102256,1162,1089,611030
202004020406,9,2,3,パピードッグ,牝2,54.0,松若風馬,1:12.1,アタマ,8-9,35.3,87.2,13.0,464.0,0.0,[西]加用正,ＨｉｍＲｏｃｋＲａｃｉｎｇホールディングス,0.0,2018100631,1154,425,87803
202004020406,10,5,10,ラガートゥインクル,牝2,54.0,藤懸貴志,1:12.3,1,7-7,35.7,43.0,8.0,414.0,0.0,[西]池添学,奥村啓二,0.0,2018102817,1138,1144,263005
202004020406,11,3,5,トーティシェル,牝2,54.0,岩部純二,1:12.6,2,15-15,35.1,82.0,12.0,406.0,0.0,[東]大江原哲,ミルファーム,0.0,2018106592,726,1012,629800
202004020406,12,6,12,ゴーゴーレインボー,牝2,54.0,丸山元気,1:12.8,1.1/4,16-15,35.1,18.4,5.0,444.0,0.0,[東]畠山吉宏,星加浩一,0.0,2018101478,1127,1048,385031
202004020406,13,6,11,バナナムーン,牝2,54.0,武藤雅,1:12.8,ハナ,12-12,35.7,182.9,17.0,450.0,0.0,[東]佐藤吉勝,田頭勇貴,0.0,2018103463,1169,1035,855030
202004020406,14,3,6,ボニート,牝2,51.0,小林凌大,1:12.8,ハナ,16-17,35.0,153.4,16.0,410.0,0.0,[東]佐藤吉勝,平本敏夫,0.0,2018106626,1177,1035,832008
202004020406,15,7,13,クムリポ,牡2,54.0,石橋脩,1:12.9,クビ,2-2,36.6,7.9,4.0,460.0,0.0,[西]西園正都,錦岡牧場,0.0,2018102005,1077,1028,425800
202004020406,16,7,14,ブロードマリー,牝2,54.0,伊藤工真,1:13.0,3/4,14-14,35.7,138.0,15.0,432.0,0.0,[東]林徹,ユートピア牧場,0.0,2018104263,1119,1163,310800
202004020406,17,8,18,テイエムグレイト,牡2,53.0,富田暁,1:13.0,クビ,8-9,36.2,228.5,18.0,492.0,0.0,[西]武英智,竹園正繼,0.0,2018105878,1168,1161,356002
202004020406,18,7,15,ホタルマル,牡2,54.0,幸英明,1:14.6,10,18-18,36.2,63.7,10.0,460.0,0.0,[東]和田正一,スピードファーム,0.0,2018101727,732,1114,911800
202004020407,1,5,10,チビラーサン,牝4,54.0,木幡育也,1:33.5,,13-12,33.1,19.9,9.0,450.0,4.0,[東]中舘英二,瀬谷隆雄,760.0,2016105858,1167,1153,775006
202004020407,2,7,15,プティシュシュ,牝3,50.0,菅原明良,1:33.5,クビ,1-1,34.0,7.1,3.0,444.0,4.0,[西]佐々木晶,小林竜太郎,300.0,2017104119,1179,429,336030
202004020407,3,6,12,メイショウベッピン,牝3,52.0,三浦皇成,1:33.6,クビ,10-9,33.4,11.6,5.0,474.0,4.0,[西]荒川義之,松本好雄,190.0,2017106086,1122,1095,523005
202004020407,4,5,9,トウケイミラ,牝3,52.0,鮫島良太,1:33.7,1/2,7-9,33.5,8.3,4.0,430.0,-4.0,[西]高柳大輔,木村信彦,110.0,2017103554,1099,1159,258006
202004020407,5,8,18,フォースオブウィル,牡3,54.0,柴田大知,1:33.7,クビ,15-14,33.1,14.0,7.0,460.0,4.0,[東]粕谷昌央,柳原克哉,76.0,2017106000,1009,1096,692033
202004020407,6,4,7,ベルキューティ,牝4,55.0,戸崎圭太,1:33.9,1.1/4,11-12,33.5,19.5,8.0,414.0,6.0,[東]田村康仁,子安裕樹,0.0,2016103916,5386,1027,965030
202004020407,7,4,8,ウインドラブリーナ,牝3,52.0,幸英明,1:33.9,アタマ,6-5,33.9,31.6,11.0,422.0,12.0,[西]飯田雄三,福原正博,0.0,2017103328,732,1050,562002
202004020407,8,8,16,コンフィテーロ,牡3,54.0,Ｍ．デム,1:34.0,1/2,7-7,33.9,6.4,2.0,472.0,10.0,[西]吉村圭司,ゴドルフィン,0.0,2017106608,5212,1130,3060
202004020407,9,2,4,エターナルハート,牝3,52.0,北村友一,1:34.2,1.1/4,7-7,34.1,3.1,1.0,404.0,2.0,[西]友道康夫,ＤＭＭドリームクラブ,0.0,2017104827,1102,1061,26803
202004020407,10,3,5,カンパーニャ,牡4,57.0,北村宏司,1:34.2,クビ,11-9,34.0,12.5,6.0,456.0,2.0,[東]畠山吉宏,村野康司,0.0,2016103099,1043,1048,338007
202004020407,11,8,17,ショウナンラペット,牝3,52.0,鮫島克駿,1:34.2,ハナ,15-14,33.8,57.2,15.0,414.0,-4.0,[西]池添兼雄,湘南,0.0,2017104527,1157,1021,679800
202004020407,12,1,2,ニューアビリティ,牡4,56.0,岩田望来,1:34.3,1/2,2-2,34.5,33.4,12.0,490.0,14.0,[西]橋田満,ビクトリーホースランチ,0.0,2016106455,1174,362,885800
202004020407,13,2,3,メイショウマサヒメ,牝3,49.0,泉谷楓真,1:34.5,1.1/4,4-5,34.5,22.7,10.0,488.0,8.0,[西]本田優,松本好隆,0.0,2017102257,1182,1099,911008
202004020407,14,7,14,トウカイオルデン,牡5,56.0,斎藤新,1:34.5,クビ,17-17,33.8,42.5,14.0,486.0,22.0,[東]菊川正達,内村正則,0.0,2015102558,1178,1052,695004
202004020407,15,3,6,アマデウス,牡4,54.0,小林脩斗,1:35.0,3,13-14,34.3,236.1,16.0,454.0,0.0,[東]久保田貴,中西純穂,0.0,2016103885,1183,1067,1031
202004020407,16,1,1,ソルトキャピタル,牡3,53.0,富田暁,1:35.0,アタマ,18-17,34.2,39.6,13.0,512.0,10.0,[西]武英智,杉浦敏夫,0.0,2017100169,1168,1161,781033
202004020407,17,6,11,オルトシア,牝5,55.0,荻野極,1:35.5,3,2-2,35.8,253.1,17.0,450.0,6.0,[西]笹田和秀,Ｇ１レーシング,0.0,2015104145,1160,1104,808800
202004020407,18,7,13,モダンテイスト,牝4,52.0,小林凌大,1:35.7,1.1/4,4-2,35.9,279.6,18.0,458.0,2.0,[東]尾形和幸,岡田牧雄,0.0,2016101347,1177,1141,851009
202004020408,1,6,10,ファイヤーテーラー,牝3,52.0,武藤雅,1:10.9,,1-1,36.7,2.2,1.0,480.0,6.0,[西]河内洋,中西浩一,760.0,2017100729,1169,1072,730002
202004020408,2,8,15,シンゼンマックス,牡4,55.0,菅原明良,1:10.9,クビ,2-2,36.6,18.6,7.0,480.0,6.0,[西]飯田祐史,原司郎,300.0,2016100065,1179,1139,43030
202004020408,3,5,9,コパノマーキュリー,牡3,54.0,小牧太,1:11.2,2,11-10,35.7,9.3,4.0,498.0,6.0,[西]田所秀孝,小林祥晃,190.0,2017106018,894,1009,966007
202004020408,4,4,6,ドンマニフィコ,牡3,53.0,岩田望来,1:11.4,1,4-4,36.8,14.2,5.0,442.0,6.0,[西]牧浦充徳,山田貢一,110.0,2017100008,1174,1113,440006
202004020408,5,6,11,リリーミニスター,セ3,54.0,酒井学,1:11.6,1,6-6,36.7,7.5,3.0,466.0,-12.0,[西]池添兼雄,土井孝夫,76.0,2017103688,1034,1021,862006
202004020408,6,7,13,メイショウアマギ,牡4,57.0,幸英明,1:11.9,1.3/4,8-7,36.7,15.2,6.0,486.0,0.0,[西]大橋勇樹,松本好雄,0.0,2016102144,732,1065,523005
202004020408,7,7,12,ミヤコシスター,牝3,52.0,岡田祥嗣,1:11.9,アタマ,2-2,37.5,5.6,2.0,464.0,-6.0,[西]浅見秀一,若草クラブ,0.0,2017104573,5429,411,43700
202004020408,8,3,5,コスモクウェンチ,牡6,54.0,原優介,1:12.0,3/4,8-10,36.8,61.6,12.0,490.0,-4.0,[東]小桧山悟,Ｍｒ．ホース,0.0,2014100729,1184,1005,528033
202004020408,9,2,2,サルウェーテ,牡4,54.0,小林凌大,1:12.5,3,13-13,36.7,232.5,15.0,470.0,-6.0,[東]堀井雅広,西森功,0.0,2016106077,1177,436,316031
202004020408,10,2,3,トクダワラ,牝4,54.0,斎藤新,1:12.6,1/2,11-12,37.1,79.6,13.0,522.0,-3.0,[東]鈴木伸尋,芳賀克也,0.0,2016100653,1178,1026,247030
202004020408,11,5,8,コウユークロガヨカ,牡4,57.0,野中悠太,1:12.7,1/2,8-7,37.6,23.2,9.0,478.0,2.0,[東]竹内正洋,加治屋貞光,0.0,2016100101,1158,1152,116033
202004020408,12,8,14,コーリングローリー,牡3,53.0,菊沢一樹,1:12.8,1/2,4-4,38.2,25.9,10.0,452.0,14.0,[東]小野次郎,伊藤恵子,0.0,2017100614,1161,1125,698002
202004020408,13,4,7,シゲルブルーダイヤ,牡4,57.0,柴田大知,1:13.5,4,7-7,38.5,28.4,11.0,498.0,-23.0,[東]石毛善彦,森中蕃,0.0,2016101777,1009,428,674004
202004020408,14,1,1,テイエムレビュー,牝3,51.0,富田暁,1:13.7,1.1/2,14-14,37.2,22.0,8.0,482.0,12.0,[西]浜田多実,竹園正繼,0.0,2017106717,1168,1138,356002
202004020408,15,3,4,ワンダーグロウス,牝4,55.0,鮫島克駿,1:16.4,大,15-15,39.8,134.0,14.0,474.0,-7.0,[西]森田直行,山本能成,0.0,2016101514,1157,1142,184033
202004020409,1,5,8,アリストテレス,牡3,54.0,Ｍ．デム,1:59.7,,5-5,33.2,2.3,1.0,466.0,12.0,[西]音無秀孝,近藤英子,1093.6,2017105525,5212,1002,372006
202004020409,2,7,13,アステロイドベルト,牡3,54.0,戸崎圭太,2:00.1,2.1/2,8-8,33.2,5.3,2.0,484.0,10.0,[西]池江泰寿,キャロットファーム,429.6,2017105321,5386,1071,486800
202004020409,3,7,12,シルバースミス,牝4,55.0,鮫島克駿,2:00.2,クビ,3-3,34.5,24.3,7.0,502.0,0.0,[西]橋口慎介,サンデーレーシング,274.8,2016104334,1157,1154,226800
202004020409,4,6,11,オールザワールド,牡3,54.0,三浦皇成,2:00.3,3/4,10-9,33.1,7.9,5.0,472.0,8.0,[西]中竹和也,前田晋二,160.0,2017105248,1122,1039,41002
202004020409,5,4,6,ファインスティール,牝4,55.0,石橋脩,2:00.6,1.3/4,2-2,35.2,16.3,6.0,520.0,4.0,[西]吉岡辰弥,岡田牧雄,106.0,2016110056,1077,1176,851009
202004020409,6,8,14,アドマイヤベネラ,牡3,54.0,川田将雅,2:00.7,1/2,6-6,33.9,6.2,3.0,494.0,6.0,[西]友道康夫,近藤旬子,0.0,2017105597,1088,1061,535031
202004020409,7,1,1,ピンシェル,牡4,57.0,吉田豊,2:00.9,1.1/4,7-6,34.1,7.4,4.0,510.0,-6.0,[東]高橋文雅,岩崎伸道,0.0,2016104234,733,1134,482007
202004020409,8,2,3,クリノブレーヴ,牡3,54.0,幸英明,2:01.3,2.1/2,12-12,33.9,34.0,9.0,454.0,0.0,[西]長谷川浩,栗本博晴,0.0,2017109010,732,1173,970006
202004020409,9,2,2,ハギノベルエキプ,牝4,55.0,三津谷隼,2:01.4,1/2,10-9,34.3,25.3,8.0,452.0,8.0,[西]鮫島一歩,日隈良江,0.0,2016100609,1159,1046,950006
202004020409,10,4,7,ワセダウォリアー,牡3,54.0,北村宏司,2:01.4,クビ,1-1,36.2,58.2,10.0,462.0,2.0,[東]金成貴史,大冨智弘,0.0,2017105397,1043,1132,73803
202004020409,11,3,4,アトムアストレア,牝5,55.0,藤井勘一,2:01.4,アタマ,14-14,33.9,281.9,15.0,488.0,6.0,[東]勢司和浩,永井廣司,0.0,2015100339,5525,1047,62007
202004020409,12,6,10,ビービーデフィ,セ5,57.0,酒井学,2:01.7,1.3/4,4-4,35.4,195.8,12.0,498.0,6.0,[東]小笠倫弘,坂東牧場,0.0,2015102217,1034,1076,185800
202004020409,13,3,5,ドルフィンマーク,セ7,57.0,川須栄彦,2:02.0,1.3/4,12-12,34.6,248.7,13.0,494.0,8.0,[東]柄崎孝,大塚亮一,0.0,2013103395,1128,380,858800
202004020409,14,8,15,ミライオー,牡4,57.0,岩田望来,2:02.2,1,8-9,35.0,106.7,11.0,528.0,2.0,[東]加藤征弘,林正道,0.0,2016104639,1174,1059,675030
202004020409,15,5,9,サワヤカタイド,牡5,57.0,和田翼,2:02.4,1.1/4,14-15,34.6,253.4,14.0,438.0,-2.0,[西]西橋豊治,永井啓弍,0.0,2015103908,1146,434,382004
202004020410,1,7,13,ブランクエンド,牡4,57.0,川田将雅,1:50.7,,2-2-2-2,37.3,2.7,1.0,484.0,8.0,[東]加藤征弘,諸江幸祐,1852.2,2016105200,1088,1059,63803
202004020410,2,7,12,スマートフルーレ,牝4,55.0,戸崎圭太,1:50.8,3/4,4-3-3-3,37.3,4.9,2.0,514.0,10.0,[西]南井克巳,大川徹,739.2,2016102524,5386,1049,7803
202004020410,3,6,11,キーフラッシュ,牡5,57.0,小牧太,1:50.9,1/2,4-5-3-5,37.3,26.6,10.0,482.0,-10.0,[西]宮徹,北前孔一郎,464.6,2015100659,894,1018,338008
202004020410,4,8,14,フクサンローズ,牝6,55.0,小林凌大,1:51.2,1.3/4,6-5-3-3,37.7,68.8,14.0,462.0,0.0,[東]小西一男,小沼博,270.0,2014100997,1177,405,489002
202004020410,5,5,8,トラストロン,牝5,55.0,吉田豊,1:51.5,2,7-9-12-11,37.3,9.4,4.0,458.0,4.0,[東]高橋文雅,菅波立知子,182.0,2015100918,733,1134,767008
202004020410,6,6,10,クイックファイア,牡5,57.0,中井裕二,1:51.9,2,7-7-7-7,38.1,6.7,3.0,470.0,-6.0,[西]中内田充,下河辺美智子,0.0,2015101394,1141,1137,21007
202004020410,7,3,5,トワイライトタイム,牡5,57.0,斎藤新,1:51.9,アタマ,7-7-7-7,38.1,40.1,12.0,476.0,4.0,[西]五十嵐忠,三田昌宏,0.0,2015104625,1178,422,872800
202004020410,8,4,7,アフターバーナー,セ6,57.0,北村宏司,1:52.2,1.3/4,13-11-11-11,38.3,32.5,11.0,506.0,-8.0,[東]伊藤圭三,ゴドルフィン,0.0,2014102200,1043,1023,3060
202004020410,9,1,1,ナンヨープルートー,牡6,57.0,Ｍ．デム,1:52.3,3/4,7-9-7-7,38.5,25.0,9.0,518.0,4.0,[西]松永幹夫,中村徳也,0.0,2014104506,5212,1092,512031
202004020410,10,2,3,ネイビーブルー,牡7,57.0,菅原明良,1:52.3,クビ,11-11-12-13,38.1,97.1,15.0,526.0,10.0,[東]戸田博文,青芝商事,0.0,2013104852,1179,1054,831800
202004020410,11,2,2,シロニイ,牡6,57.0,幸英明,1:52.6,1.1/2,14-14-14-14,38.0,20.8,8.0,506.0,-8.0,[西]池江泰寿,金子真人ホールディングス,0.0,2014105947,732,1071,708800
202004020410,12,5,9,ショートストーリー,牡7,57.0,太宰啓介,1:52.6,ハナ,11-11-7-7,38.9,17.0,6.0,506.0,8.0,[西]吉村圭司,ゴドルフィン,0.0,2013100636,1037,1130,3060
202004020410,13,8,15,グレースゼット,牝4,55.0,川須栄彦,1:53.3,4,1-1-1-1,40.1,18.1,7.0,518.0,10.0,[西]宮徹,フォーレスト,0.0,2016101194,1128,1018,730800
202004020410,14,3,4,トイガー,牡4,57.0,宮崎北斗,1:53.4,クビ,2-3-3-5,39.8,10.5,5.0,558.0,22.0,[東]加藤士津,節英司,0.0,2016100360,1118,1169,390002
202004020410,15,4,6,クリノヒビキ,セ5,57.0,酒井学,1:53.6,1.1/2,15-15-15-15,38.2,65.7,13.0,494.0,4.0,[西]湯窪幸雄,栗本博晴,0.0,2015103766,1034,1057,970006
202004020411,1,7,12,ザダル,牡4,56.0,川田将雅,1:45.3,,5-5,32.8,2.6,1.0,494.0,4.0,[東]大竹正博,キャロットファーム,2429.4,2016104772,1088,1102,486800
202004020411,2,8,14,ウインガナドル,牡6,56.0,松若風馬,1:45.8,3,2-2,34.5,7.4,4.0,460.0,-4.0,[東]上原博之,ウイン,968.4,2014100534,1154,423,494800
202004020411,3,3,3,トリコロールブルー,牡6,56.0,岩田望来,1:45.9,3/4,4-4,33.7,5.6,2.0,500.0,10.0,[西]友道康夫,シルクレーシング,604.2,2014106132,1174,1061,506800
202004020411,4,2,2,プロディガルサン,牡7,56.0,荻野極,1:46.0,クビ,1-1,36.8,19.4,8.0,512.0,0.0,[東]国枝栄,金子真人ホールディングス,360.0,2013106128,1160,399,708800
202004020411,5,4,5,ロシュフォール,牡5,56.0,三浦皇成,1:46.1,1/2,10-11,33.2,7.2,3.0,512.0,-8.0,[東]木村哲也,サンデーレーシング,240.0,2015104677,1122,1126,226800
202004020411,6,5,7,レッドローゼス,牡6,57.0,幸英明,1:46.3,1.1/2,13-13,33.1,20.2,9.0,488.0,0.0,[東]国枝栄,東京ホースレーシング,0.0,2014101558,732,399,180800
202004020411,7,7,11,サーブルオール,牡7,56.0,石橋脩,1:46.4,1/2,6-6,33.7,51.4,12.0,492.0,4.0,[東]萩原清,キャロットファーム,0.0,2013106121,1077,1017,486800
202004020411,8,1,1,フランツ,牡5,56.0,Ｍ．デム,1:46.5,3/4,7-8,33.7,7.5,5.0,448.0,10.0,[西]音無秀孝,近藤英子,0.0,2015105105,5212,1002,372006
202004020411,9,6,9,ランフォザローゼス,牡4,56.0,丸山元気,1:46.6,クビ,10-10,33.7,18.9,7.0,500.0,-4.0,[東]藤沢和雄,窪田芳郎,0.0,2016104650,1127,386,208008
202004020411,10,4,6,サトノワルキューレ,牝5,55.0,戸崎圭太,1:46.9,1.3/4,13-13,33.7,17.9,6.0,476.0,0.0,[西]角居勝彦,サトミホースカンパニー,0.0,2015101376,5386,1053,75803
202004020411,11,3,4,メイショウオワラ,牝6,54.0,秋山真一,1:47.0,1/2,9-8,34.3,46.7,10.0,472.0,-4.0,[西]岡田稲男,松本好雄,0.0,2014103580,1019,1066,523005
202004020411,12,8,13,グローブシアター,牡6,56.0,北村宏司,1:47.0,ハナ,7-7,34.2,48.9,11.0,466.0,6.0,[西]角居勝彦,キャロットファーム,0.0,2014105957,1043,1053,486800
202004020411,13,5,8,ソールインパクト,牡8,56.0,吉田豊,1:47.3,2,12-11,34.3,114.7,13.0,494.0,0.0,[東]戸田博文,窪田芳郎,0.0,2012103988,733,1054,208008
202004020411,14,6,10,プラチナムバレット,牡6,56.0,木幡巧也,1:50.6,大,3-3,39.1,160.4,14.0,510.0,26.0,[東]岩戸孝樹,ノルマンディーサラブレッドレーシング,0.0,2014104273,1162,1051,854800
202004020412,1,8,15,アスクジョーダン,セ8,57.0,小崎綾也,1:11.3,,5-5,36.9,11.3,6.0,500.0,-4.0,[西]野中賢二,廣崎利洋,1100.0,2012101406,1152,1098,539002
202004020412,2,6,10,イッシン,牡3,54.0,鮫島克駿,1:11.6,1.3/4,1-1,37.7,5.6,3.0,556.0,0.0,[西]浅見秀一,林正道,440.0,2017110145,1157,411,675030
202004020412,3,6,11,サンマルペンダント,牝6,55.0,岡田祥嗣,1:11.6,アタマ,7-7,36.9,44.3,12.0,456.0,26.0,[西]千田輝彦,相馬勇,280.0,2014103147,5429,1120,580007
202004020412,4,7,12,ワンダーアフィラド,牡4,57.0,川須栄彦,1:11.6,ハナ,8-7,36.8,16.2,8.0,498.0,8.0,[西]寺島良,山本能成,170.0,2016102439,1128,1158,184033
202004020412,5,5,9,メイショウウズマサ,牡4,56.0,斎藤新,1:11.6,クビ,3-4,37.4,5.5,2.0,490.0,-12.0,[西]安田隆行,松本好雄,110.0,2016102177,1178,438,523005
202004020412,6,2,3,マリアルージュ,牝4,55.0,北村宏司,1:11.7,クビ,5-5,37.3,4.3,1.0,472.0,-2.0,[東]畠山吉宏,河合裕明,0.0,2016106438,1043,1048,615033
202004020412,7,3,5,ドラゴンズバック,牡3,52.0,菅原明良,1:11.9,1.1/4,9-9,36.9,13.5,7.0,462.0,8.0,[東]伊藤伸一,田頭勇貴,0.0,2017101489,1179,1031,855030
202004020412,8,8,14,サーストンバーラム,牡4,56.0,菊沢一樹,1:11.9,クビ,3-2,37.7,6.7,4.0,474.0,2.0,[東]伊藤圭三,齊藤宣勝,0.0,2016105716,1161,1023,157002
202004020412,9,5,8,ロードシュタルク,牡4,57.0,木幡巧也,1:12.0,1/2,9-9,36.9,92.6,13.0,444.0,4.0,[東]高柳瑞樹,ロードホースクラブ,0.0,2016101148,1162,1118,170800
202004020412,10,7,13,ニシノラディアント,牡7,57.0,荻野極,1:12.0,クビ,11-11,36.7,36.8,10.0,484.0,-8.0,[西]北出成人,西山茂行,0.0,2013103801,1160,1078,897009
202004020412,11,1,1,モハー,牝6,52.0,小林脩斗,1:12.4,2,13-12,36.9,19.7,9.0,504.0,0.0,[西]上村洋行,北山敏隆,0.0,2014103990,1183,1168,789002
202004020412,12,4,7,カモンスプリング,牡4,57.0,吉田豊,1:13.2,5,14-14,36.9,97.2,14.0,512.0,10.0,[西]川村禎彦,石川博,0.0,2016100207,733,1003,752006
202004020412,13,3,4,ワディアルヒタン,牝4,55.0,杉原誠人,1:13.4,1,2-2,39.3,43.1,11.0,464.0,10.0,[東]田村康仁,平井裕,0.0,2016103166,1135,1027,686006
202004020412,14,4,6,ダンツブライト,牝4,55.0,酒井学,1:13.8,2.1/2,12-13,38.4,111.9,15.0,478.0,18.0,[西]谷潔,山元哲二,0.0,2016109115,1034,431,248005
202004020412,15,2,2,パリテソーロ,牝4,55.0,三浦皇成,1:14.7,5,14-14,38.4,7.2,5.0,430.0,-2.0,[東]加藤和宏,了徳寺健二ホールディングス,0.0,2016110037,1122,1077,89803
202004020501,1,8,17,ショックアクション,牡2,54.0,福永祐一,1:35.3,,4-4,35.0,6.5,3.0,488.0,-2.0,[西]大久保龍,ゴドルフィン,510.0,2018110045,1014,1058,3060
202004020501,2,2,4,アラモードバイオ,牡2,54.0,石橋脩,1:36.0,4,3-3,35.8,6.2,2.0,490.0,2.0,[東]牧光二,バイオ,200.0,2018100808,1077,1106,930800
202004020501,3,5,10,ビップランバン,牡2,54.0,川田将雅,1:36.1,1/2,6-6,35.5,2.6,1.0,456.0,-4.0,[西]清水久詞,鈴木邦英,130.0,2018105050,1088,1110,524030
202004020501,4,6,11,スターリーアイズ,牝2,54.0,柴田大知,1:36.1,クビ,1-1,36.2,10.2,5.0,452.0,-2.0,[東]稲垣幸雄,ビッグレッドファーム,77.0,2018105754,1009,1167,716800
202004020501,5,2,3,キトゥンズワルツ,牝2,54.0,北村友一,1:36.3,1,13-11,35.0,33.7,9.0,442.0,-2.0,[西]安田翔伍,キャロットファーム,51.0,2018110021,1102,1164,486800
202004020501,6,6,12,シゲルセンム,牝2,54.0,幸英明,1:36.4,クビ,2-2,36.4,13.1,6.0,452.0,4.0,[西]谷潔,森中蕃,0.0,2018103181,732,431,674004
202004020501,7,4,8,スカーレットジンク,牡2,53.0,斎藤新,1:36.4,アタマ,11-11,35.4,41.6,11.0,458.0,-2.0,[西]宮徹,フォーレスト,0.0,2018104333,1178,1018,730800
202004020501,8,7,13,ハイレリーフ,牝2,54.0,柴田善臣,1:36.6,1.1/4,4-5,36.2,191.1,15.0,434.0,-2.0,[東]菊川正達,岡田牧雄,0.0,2018103529,641,1052,851009
202004020501,9,7,15,ヒミノフラッシュ,牡2,54.0,和田竜二,1:37.1,3,16-16,35.4,99.0,12.0,520.0,4.0,[西]川村禎彦,佐々木八郎,0.0,2018101337,1018,1003,742005
202004020501,10,7,14,ジャッカル,牡2,54.0,Ｍ．デム,1:37.1,アタマ,11-11,36.2,24.0,8.0,492.0,0.0,[西]吉岡辰弥,平井裕,0.0,2018106881,5212,1176,686006
202004020501,11,1,1,コウソクカレン,牝2,54.0,戸崎圭太,1:37.2,1/2,16-14,35.9,9.0,4.0,496.0,-2.0,[東]中舘英二,野崎昭夫,0.0,2018104971,5386,1153,18030
202004020501,12,3,6,バージョンアップ,牝2,54.0,西村淳也,1:37.3,クビ,8-8,36.3,35.1,10.0,480.0,10.0,[西]加用正,高橋宏弥,0.0,2018103658,1171,425,96031
202004020501,13,3,5,ゲッレールト,牝2,54.0,内田博幸,1:37.5,1.1/2,6-7,36.7,21.7,7.0,450.0,-10.0,[東]斎藤誠,スリーエイチレーシング,0.0,2018104864,422,1086,72803
202004020501,14,8,18,ワンプレート,牡2,54.0,北村宏司,1:37.6,3/4,18-18,35.8,202.3,16.0,488.0,6.0,[東]高柳瑞樹,中村智幸,0.0,2018106000,1043,1118,669033
202004020501,15,8,16,ベルリーソ,牝2,54.0,国分優作,1:37.7,3/4,8-8,36.9,283.6,17.0,434.0,-8.0,[東]田島俊明,ビッグレッドファーム,0.0,2018102135,1125,1112,716800
202004020501,16,1,2,シェーヴルフォイユ,牝2,53.0,岩田望来,1:38.0,1.3/4,8-10,36.9,144.5,14.0,428.0,-4.0,[西]佐々木晶,ノースヒルズ,0.0,2018102061,1174,429,788800
202004020501,17,5,9,コパノジャンピング,牡2,54.0,小崎綾也,1:39.2,7,13-15,37.5,114.0,13.0,514.0,6.0,[西]梅田智之,小林祥晃,0.0,2018104251,1152,1084,966007
202004020501,18,4,7,ポーラージェット,牡2,52.0,菅原明良,1:39.6,2.1/2,15-16,37.8,315.4,18.0,414.0,-14.0,[東]上原博之,栗山学,0.0,2018101375,1179,423,97031
202004020502,1,5,9,トロイカ,牡3,55.0,斎藤新,1:11.1,,9-10,35.8,5.2,3.0,470.0,-8.0,[西]大久保龍,ゴドルフィン,510.0,2017110004,1178,1058,3060
202004020502,2,6,10,アールグロウ,牡3,56.0,城戸義政,1:11.4,2,2-2,37.0,26.6,8.0,492.0,-10.0,[西]奥村豊,前原敏行,200.0,2017104281,1147,1146,427030
202004020502,3,2,3,スラーリドラーテ,牝3,53.0,岩田望来,1:11.4,クビ,4-4,36.5,114.0,13.0,464.0,-6.0,[東]小島茂之,加藤厚子,130.0,2017101305,1174,1068,446006
202004020502,4,5,8,メイショウワダマ,牝3,54.0,福永祐一,1:11.6,1.1/4,7-6,36.5,3.3,2.0,454.0,-2.0,[西]浅見秀一,松本好雄,77.0,2017106511,1014,411,523005
202004020502,5,4,7,ワイルドチャイルド,牝3,54.0,北村友一,1:11.6,アタマ,9-7,36.3,35.8,9.0,448.0,8.0,[西]安田翔伍,ニッシンホールディングス,51.0,2017104299,1102,1164,318803
202004020502,6,2,2,エリーウェイ,牝3,54.0,武士沢友,1:11.6,ハナ,11-11,36.0,36.7,10.0,464.0,2.0,[東]南田美知,谷川正純,0.0,2017103498,1029,437,12033
202004020502,7,3,5,トミケンリフリーク,牝3,52.0,藤田菜七,1:11.8,1.1/2,4-4,37.0,13.4,6.0,434.0,-6.0,[東]竹内正洋,冨樫賢二,0.0,2017109070,1164,1152,901007
202004020502,8,1,1,プレパレンセ,牝3,54.0,幸英明,1:12.1,1.1/2,12-12,36.2,11.9,5.0,454.0,-4.0,[西]宮本博,社台レースホース,0.0,2017104865,732,1073,415800
202004020502,9,8,14,ヤングブラッド,牝3,51.0,泉谷楓真,1:12.5,2.1/2,7-7,37.4,3.1,1.0,460.0,0.0,[西]橋口慎介,飯田正剛,0.0,2017103816,1182,1154,994002
202004020502,10,7,13,タマモエクラン,牝3,54.0,武藤雅,1:12.5,クビ,1-1,38.4,10.9,4.0,490.0,-2.0,[東]水野貴広,タマモ,0.0,2017100552,1169,1094,515800
202004020502,11,3,4,メイショウカリスマ,牡3,56.0,国分優作,1:13.0,3,14-14,36.4,55.9,11.0,528.0,2.0,[西]西浦勝一,松本好雄,0.0,2017109047,1125,1016,523005
202004020502,12,4,6,スウィートイレブン,牝3,54.0,鮫島克駿,1:13.1,3/4,12-13,37.1,217.0,15.0,414.0,0.0,[西]藤沢則雄,吉野加壽代,0.0,2017101397,1157,1041,991030
202004020502,13,8,15,ハナブサ,牡3,56.0,荻野極,1:13.2,クビ,4-7,38.3,60.4,12.0,444.0,2.0,[西]笹田和秀,フジワラ・ファーム,0.0,2017104072,1160,1104,616800
202004020502,14,6,11,ダッシュウイング,牝3,54.0,戸崎圭太,1:13.4,1.1/4,2-3,39.0,22.7,7.0,470.0,28.0,[西]加用正,桜井牧場,0.0,2017103566,5386,425,543800
202004020502,15,7,12,ケイアイリア,牡3,56.0,藤懸貴志,1:14.0,3.1/2,14-15,37.5,130.4,14.0,518.0,14.0,[西]平田修,亀田和弘,0.0,2017101563,1138,1082,331803
202004020503,1,7,13,ジュールサイクル,牝3,54.0,Ｍ．デム,1:51.7,,8-8-5-5,38.5,5.4,3.0,438.0,2.0,[東]田中剛,吉田照哉,510.0,2017104776,5212,1119,758005
202004020503,2,2,3,ピクシーサンライズ,牝3,54.0,松若風馬,1:51.7,クビ,2-1-1-1,39.0,4.2,2.0,454.0,2.0,[西]音無秀孝,松岡隆雄,200.0,2017106671,1154,1002,306008
202004020503,3,5,9,プルセイラ,牝3,54.0,石橋脩,1:52.1,2,2-3-3-3,39.1,3.4,1.0,482.0,2.0,[西]上村洋行,前田幸治,130.0,2017103474,1077,1168,948006
202004020503,4,7,12,マコトカンゼミズ,牝3,54.0,鮫島良太,1:52.6,3,6-5-3-3,39.6,76.6,13.0,426.0,-2.0,[西]松田国英,ディアマント,77.0,2017101759,1099,1011,864800
202004020503,5,2,2,シンフェイス,牝3,54.0,秋山真一,1:53.0,2.1/2,8-9-8-9,38.9,17.9,8.0,448.0,-2.0,[西]武幸四郎,ＳＴレーシング,51.0,2017102461,1019,1160,874033
202004020503,6,8,15,タガノアマルフィ,牝3,51.0,泉谷楓真,1:53.0,ハナ,10-10-10-11,38.8,5.8,4.0,424.0,-4.0,[西]加用正,八木良司,0.0,2017101733,1182,425,859002
202004020503,7,4,7,ノーブルライラック,牝3,54.0,江田照男,1:53.2,1.1/4,4-3-5-6,39.9,44.1,10.0,456.0,2.0,[東]田村康仁,吉木伸彦,0.0,2017105953,689,1027,755030
202004020503,8,8,14,メイショウコバコ,牝3,53.0,斎藤新,1:53.2,ハナ,15-14-10-9,39.0,14.8,6.0,480.0,-6.0,[西]梅田智之,松本好雄,0.0,2017105896,1178,1084,523005
202004020503,9,3,4,ローマンビューティ,牝3,54.0,木幡初也,1:53.5,2,6-7-8-8,39.5,103.9,14.0,508.0,0.0,[東]矢野英一,ターフ・スポート,0.0,2017106269,1153,1108,102800
202004020503,10,6,10,サラマンドラ,牝3,52.0,菅原明良,1:53.5,クビ,13-13-13-13,38.8,73.6,12.0,404.0,26.0,[東]古賀慎明,ゴドルフィン,0.0,2017106597,1179,1079,3060
202004020503,11,5,8,アンティークブーケ,牝3,54.0,鮫島克駿,1:53.9,2.1/2,10-10-14-14,38.9,32.2,9.0,400.0,6.0,[西]浜田多実,ノースヒルズ,0.0,2017101881,1157,1138,788800
202004020503,12,1,1,ルーラーザクイーン,牝3,52.0,藤田菜七,1:54.7,5,14-15-14-14,39.7,51.4,11.0,472.0,14.0,[西]高橋康之,サイプレスホールディングス,0.0,2017105951,1164,1135,15803
202004020503,13,4,6,ミヤコシャンティ,牝3,51.0,原優介,1:54.9,1.1/4,12-12-12-12,40.6,255.3,15.0,438.0,4.0,[東]宗像義忠,吉田喜代司,0.0,2017104605,1184,420,513006
202004020503,14,6,11,スティルアリス,牝3,54.0,北村宏司,1:55.2,1.3/4,4-5-5-7,41.9,13.9,5.0,504.0,-10.0,[東]木村哲也,下河辺隆行,0.0,2017100390,1043,1126,272008
202004020503,15,3,5,トップブランド,牝3,53.0,菊沢一樹,1:55.3,クビ,1-2-2-2,42.5,16.3,7.0,484.0,4.0,[東]伊藤圭三,ヒダカ・ブリーダーズ・ユニオン,0.0,2017103461,1161,1023,547800
202004020504,1,2,3,ヴェルザスカ,牝3,54.0,和田竜二,1:22.0,,8-6,35.7,83.2,13.0,444.0,0.0,[西]今野貞一,矢野亨憲,510.0,2017104196,1018,1128,853033
202004020504,2,1,1,フィオーレカフェ,牝3,54.0,柴田善臣,1:22.0,アタマ,5-5,35.9,4.7,1.0,416.0,2.0,[東]和田勇介,西川光一,200.0,2017106093,641,1165,629007
202004020504,3,3,5,メイショウコホク,牡3,55.0,斎藤新,1:22.3,1.3/4,1-1,36.8,81.6,12.0,520.0,10.0,[西]藤岡健一,松本好雄,130.0,2017106373,1178,1062,523005
202004020504,4,4,7,ゴールドシンガー,牝3,53.0,木幡育也,1:22.7,2.1/2,2-2,36.8,22.1,9.0,478.0,-6.0,[東]古賀慎明,居城寿与,77.0,2017102006,1167,1079,712033
202004020504,5,3,6,スマートルシア,牝3,54.0,川須栄彦,1:22.7,ハナ,11-9,36.1,144.7,16.0,446.0,6.0,[西]河内洋,大川徹,51.0,2017110079,1128,1072,7803
202004020504,6,6,12,グローバリズム,牝3,54.0,北村宏司,1:23.0,1.3/4,2-2,37.1,5.4,2.0,460.0,-2.0,[東]木村哲也,ゴドルフィン,0.0,2017110034,1043,1126,3060
202004020504,7,7,15,ダイワセントライト,牡3,55.0,菊沢一樹,1:23.0,クビ,18-18,35.4,62.4,11.0,476.0,2.0,[東]菊沢隆徳,大城正一,0.0,2017104844,1161,1115,593031
202004020504,8,2,4,ブラックリスト,牡3,56.0,荻野極,1:23.2,1.1/4,13-12,36.4,13.8,7.0,446.0,-8.0,[西]西浦勝一,ＨｉｍＲｏｃｋＲａｃｉｎｇホールディングス,0.0,2017100016,1160,1016,87803
202004020504,9,8,16,ネージュダムール,牝3,53.0,岩田望来,1:23.6,2.1/2,13-12,36.9,16.7,8.0,406.0,-2.0,[西]寺島良,ヒダカ・ブリーダーズ・ユニオン,0.0,2017103957,1174,1158,547800
202004020504,10,5,9,サナップスコット,牡3,56.0,内田博幸,1:23.9,1.3/4,17-16,36.6,205.3,17.0,518.0,0.0,[東]池上昌和,ゴドルフィン,0.0,2017110023,422,1150,3060
202004020504,11,8,17,ゴールドパラディン,牡3,56.0,三浦皇成,1:23.9,ハナ,15-12,37.0,6.8,5.0,414.0,0.0,[西]吉岡辰弥,ノルマンディーサラブレッドレーシング,0.0,2017103283,1122,1176,854800
202004020504,12,5,10,ロンズデールベルト,牡3,56.0,川田将雅,1:24.1,1.1/4,7-6,37.9,6.0,4.0,506.0,0.0,[西]中内田充,山紫水明,0.0,2017100392,1088,1137,91803
202004020504,13,8,18,タッチザモーメント,牝3,54.0,松若風馬,1:24.2,1/2,8-9,37.9,10.2,6.0,424.0,0.0,[西]高野友和,社台レースホース,0.0,2017104806,1154,1117,415800
202004020504,14,7,14,コスモカンツォーネ,牡3,56.0,柴田大知,1:24.8,3.1/2,5-6,38.8,120.1,15.0,438.0,4.0,[東]天間昭一,ビッグレッドファーム,0.0,2017100913,1009,1090,716800
202004020504,15,7,13,エリーストーム,牝3,54.0,野中悠太,1:25.1,1.3/4,16-16,38.1,99.5,14.0,422.0,2.0,[東]本間忍,谷川正純,0.0,2017101411,1158,1056,12033
202004020504,16,4,8,ネージュフォレスト,牝3,54.0,嶋田純次,1:25.4,1.3/4,2-4,39.5,46.9,10.0,492.0,2.0,[東]手塚貴久,落合幸弘,0.0,2017100399,1134,1038,252030
202004020504,17,1,2,デルマヒスイ,牝3,51.0,原優介,1:25.6,1.1/2,8-9,39.3,324.4,18.0,434.0,10.0,[東]堀井雅広,浅沼廣幸,0.0,2017104848,1184,436,274002
202004020504,18,6,11,アージオン,牝3,54.0,Ｍ．デム,1:25.8,1,11-12,39.3,5.7,3.0,404.0,0.0,[西]安田隆行,サンデーレーシング,0.0,2017105216,5212,438,226800
202004020505,1,5,9,ストゥーティ,牝2,54.0,福永祐一,1:36.8,,3-4,34.9,7.5,3.0,426.0,0.0,[西]奥村豊,キャロットファーム,700.0,2018105347,1014,1146,486800
202004020505,2,6,12,レッドベルオーブ,牡2,54.0,戸崎圭太,1:36.8,アタマ,7-7,34.6,2.4,1.0,478.0,0.0,[西]藤原英昭,東京ホースレーシング,280.0,2018105366,5386,1055,180800
202004020505,3,4,8,クッキートン,牡2,54.0,Ｍ．デム,1:37.0,1.1/2,8-7,34.8,11.7,5.0,442.0,0.0,[東]大和田成,吉田安惠,180.0,2018105399,5212,1124,221007
202004020505,4,5,10,コンソレーション,牡2,54.0,石橋脩,1:37.7,4,13-13,35.2,11.6,4.0,488.0,0.0,[東]手塚貴久,伊東純一,110.0,2018104874,1077,1038,934006
202004020505,5,8,18,アスターナランハ,牡2,54.0,国分優作,1:38.3,3.1/2,11-11,35.9,82.8,11.0,474.0,0.0,[西]南井克巳,加藤久枝,70.0,2018106219,1125,1049,935003
202004020505,6,6,11,ノアブラック,セ2,53.0,菊沢一樹,1:38.4,3/4,16-14,35.7,294.8,18.0,416.0,0.0,[東]天間昭一,佐山公男,0.0,2018106677,1161,1090,861002
202004020505,7,1,1,レッドインテンス,牡2,54.0,松若風馬,1:38.6,3/4,3-4,36.7,95.9,12.0,468.0,0.0,[東]大和田成,小島俊治,0.0,2018106316,1154,1124,64031
202004020505,8,7,15,ホットポッド,牡2,52.0,藤田菜七,1:38.6,アタマ,14-14,35.8,106.8,14.0,416.0,0.0,[東]杉浦宏昭,小林善一,0.0,2018104773,1164,1008,880033
202004020505,9,1,2,スズノナデシコ,牝2,54.0,三浦皇成,1:38.8,1.1/4,1-1,37.2,17.1,7.0,516.0,0.0,[東]高橋裕,小紫嘉之,0.0,2018102669,1122,412,835030
202004020505,10,7,14,エクセルボス,牡2,54.0,武士沢友,1:39.1,2,8-7,36.8,174.3,17.0,456.0,0.0,[東]小手川準,谷川正純,0.0,2018102952,1029,1171,12033
202004020505,11,4,7,メイショウトリプル,牡2,54.0,和田竜二,1:39.2,クビ,12-11,36.8,24.1,9.0,440.0,0.0,[西]高橋義忠,松本好雄,0.0,2018106337,1018,1129,523005
202004020505,12,2,3,アオイカツマ,牡2,54.0,内田博幸,1:39.2,アタマ,2-2,37.4,6.2,2.0,452.0,0.0,[東]古賀慎明,新谷幸義,0.0,2018103916,422,1079,443033
202004020505,13,8,17,カキエモン,牡2,54.0,嘉藤貴行,1:39.2,クビ,14-14,36.4,97.4,13.0,450.0,0.0,[東]伊藤伸一,ミルファーム,0.0,2018106608,1051,1031,629800
202004020505,14,7,13,タマモネックタイ,牡2,54.0,鮫島克駿,1:39.4,1,3-4,37.4,113.9,15.0,466.0,0.0,[西]池添学,タマモ,0.0,2018100572,1157,1144,515800
202004020505,15,8,16,シンゼンシャイン,牡2,54.0,幸英明,1:39.6,1,8-7,37.4,16.3,6.0,496.0,0.0,[西]飯田祐史,原司郎,0.0,2018106865,732,1139,43030
202004020505,16,3,6,コスモスケアヘッド,牡2,54.0,柴田大知,1:39.7,1/2,3-2,37.8,31.0,10.0,460.0,0.0,[東]鹿戸雄一,ビッグレッドファーム,0.0,2018103995,1009,1097,716800
202004020505,17,3,5,サジェス,牡2,54.0,西村淳也,1:40.6,5,17-17,36.5,18.2,8.0,430.0,0.0,[西]中尾秀正,清宮義男,0.0,2018104553,1171,1069,878033
202004020505,18,2,4,バンブルビート,牡2,52.0,菅原明良,1:42.3,大,18-18,37.8,119.7,16.0,470.0,0.0,[東]高木登,前川企画,0.0,2018100887,1179,1088,977800
202004020506,1,8,15,サウンドブレイズ,牡2,54.0,幸英明,1:54.7,,2-2-2-2,37.6,9.7,6.0,490.0,0.0,[西]高柳大輔,増田雄一,700.0,2018102377,732,1159,168006
202004020506,2,6,10,カイトエイティー,牝2,54.0,Ｍ．デム,1:54.7,アタマ,7-5-3-3,37.5,5.7,2.0,412.0,0.0,[東]和田雄二,本田恒雄,280.0,2018104793,5212,1143,816008
202004020506,3,1,1,ミコブラック,牝2,54.0,岩田康誠,1:55.2,3,10-8-7-5,37.4,7.1,3.0,468.0,0.0,[西]浅見秀一,古賀慎一,180.0,2018100553,5203,411,535033
202004020506,4,5,8,サトノロイヤル,牡2,54.0,和田竜二,1:55.9,4,5-7-4-4,38.3,3.6,1.0,482.0,0.0,[西]南井克巳,サトミホースカンパニー,110.0,2018103116,1018,1049,75803
202004020506,5,2,3,ミエノハヤブサ,牡2,54.0,津村明秀,1:55.9,クビ,1-1-1-1,38.8,7.6,4.0,472.0,0.0,[東]田中博康,里見美惠子,70.0,2018103734,1092,1162,414030
202004020506,6,3,5,トラストガイア,牡2,54.0,三浦皇成,1:56.5,3.1/2,13-11-9-8,38.4,32.4,9.0,486.0,0.0,[東]高木登,菅波立知子,0.0,2018101809,1122,1088,767008
202004020506,7,3,4,リンクスエルピス,牡2,53.0,富田暁,1:56.7,1,3-3-4-5,39.1,66.9,13.0,492.0,0.0,[西]浜田多実,目谷一幸,0.0,2018100313,1168,1138,457033
202004020506,8,8,14,アイノファンタジー,牡2,54.0,内田博幸,1:56.9,1.1/2,11-11-8-8,39.0,18.7,8.0,452.0,0.0,[東]古賀史生,ライフエンタープライズ,0.0,2018101750,422,392,312803
202004020506,9,4,7,ココリカレドニアン,牝2,54.0,北村宏司,1:58.2,8,11-11-13-11,39.3,54.5,12.0,404.0,0.0,[東]古賀慎明,美崎光二郎,0.0,2018102662,1043,1079,675033
202004020506,10,5,9,コスモマイディア,牡2,54.0,武藤雅,1:58.5,1.3/4,7-10-11-11,40.1,17.9,7.0,474.0,0.0,[東]武藤善則,岡田繁幸,0.0,2018103215,1169,1064,760008
202004020506,11,2,2,テイエムジャスタ,牡2,54.0,鮫島克駿,1:58.7,1,5-5-9-10,40.5,37.4,10.0,534.0,0.0,[西]浜田多実,竹園正繼,0.0,2018100029,1157,1138,356002
202004020506,12,7,13,ロデオスターメイト,牝2,54.0,柴田大知,1:58.8,3/4,13-14-14-14,39.4,115.3,14.0,430.0,0.0,[東]粕谷昌央,ビッグレッドファーム,0.0,2018102162,1009,1096,716800
202004020506,13,7,12,ポケットロケット,牝2,54.0,川須栄彦,1:58.9,1/2,9-8-4-7,41.3,8.0,5.0,456.0,0.0,[西]中尾秀正,野田政義,0.0,2018101891,1128,1069,449030
202004020506,14,6,11,キャヴァリエブラン,牡2,54.0,西田雄一,2:02.8,大,4-3-12-13,44.1,120.2,15.0,504.0,0.0,[東]武藤善則,田頭勇貴,0.0,2018106447,1004,1064,855030
202004020506,15,4,6,ブラックジャッカル,牡2,54.0,西村淳也,2:02.9,1/2,13-15-15-15,42.8,42.5,11.0,474.0,0.0,[西]須貝尚介,中村昭博,0.0,2018105424,1171,1105,422006
202004020507,1,1,1,ヤマカツパトリシア,牝3,53.0,斎藤新,2:01.5,,3-2-2-2,36.1,6.1,3.0,444.0,4.0,[西]池添学,山田博康,510.0,2017104086,1178,1144,240005
202004020507,2,1,2,キタノポケット,牝3,54.0,嘉藤貴行,2:01.6,3/4,6-5-5-4,36.0,15.1,5.0,384.0,0.0,[東]深山雅史,北所直人,200.0,2017100968,1051,1174,163002
202004020507,3,2,4,ラズルダズル,牡3,56.0,川田将雅,2:01.9,2,1-1-1-1,36.8,2.4,1.0,440.0,-4.0,[西]斉藤崇史,サンデーレーシング,130.0,2017105602,1088,1151,226800
202004020507,4,3,6,フェリシアーノ,牡3,56.0,北村宏司,2:02.2,1.3/4,8-8-6-7,36.5,97.4,12.0,464.0,-6.0,[西]藤岡健一,飯塚知一,77.0,2017105134,1043,1062,308002
202004020507,5,6,12,タイセイシリウス,牡3,55.0,岩田望来,2:02.3,1/2,10-10-8-7,36.4,20.3,7.0,482.0,2.0,[西]高野友和,田中成奉,51.0,2017106032,1174,1117,224007
202004020507,6,5,10,ブライトアイズ,牝3,54.0,三浦皇成,2:03.0,4,11-11-10-9,36.8,19.3,6.0,484.0,0.0,[西]高橋亮,飯田正剛,0.0,2017103829,1122,1136,994002
202004020507,7,5,9,アリーヴェデルチ,牡3,56.0,鮫島克駿,2:03.4,2.1/2,5-5-6-5,37.7,45.1,10.0,476.0,-4.0,[西]角田晃一,市川義美ホールディングス,0.0,2017105491,1157,1121,10803
202004020507,8,4,8,リーガルクラン,牝3,54.0,秋山真一,2:04.0,3.1/2,14-14-15-13,37.2,250.6,17.0,438.0,2.0,[西]藤沢則雄,ＹＧＧホースクラブ,0.0,2017102653,1019,1041,188800
202004020507,9,4,7,レイワハルカ,セ3,54.0,菅原明良,2:04.3,1.3/4,14-14-17-17,37.2,191.8,14.0,410.0,-8.0,[西]高柳大輔,松岡研司,0.0,2017100839,1179,1159,415030
202004020507,10,7,13,アメトリン,牝3,54.0,鮫島良太,2:04.3,ハナ,13-13-12-12,37.8,195.8,15.0,446.0,10.0,[西]清水久詞,Ｇ１レーシング,0.0,2017105049,1099,1110,808800
202004020507,11,2,3,グランバル,牡3,56.0,柴田大知,2:04.4,3/4,17-17-15-13,37.6,134.8,13.0,448.0,4.0,[東]和田雄二,ターフ・スポート,0.0,2017104349,1009,1143,102800
202004020507,12,8,18,リンドブラッド,牡3,56.0,福永祐一,2:04.6,1.1/4,6-7-8-9,38.7,3.6,2.0,494.0,12.0,[西]藤原英昭,Ｇ１レーシング,0.0,2017105101,1014,1055,808800
202004020507,13,8,16,シゲルタイヨウ,牡3,55.0,菊沢一樹,2:04.7,クビ,18-18-17-13,37.6,245.2,16.0,460.0,-2.0,[西]千田輝彦,森中蕃,0.0,2017106492,1161,1120,674004
202004020507,14,7,15,フェアウェルキッス,牝3,54.0,西村淳也,2:05.1,2.1/2,3-4-2-2,39.7,24.1,8.0,520.0,8.0,[西]岡田稲男,吉田照哉,0.0,2017104662,1171,1066,758005
202004020507,15,6,11,ココアブラウン,牡3,56.0,城戸義政,2:05.3,1.1/2,8-8-10-9,39.2,358.5,18.0,470.0,14.0,[西]荒川義之,松田整二,0.0,2017100711,1147,1095,304030
202004020507,16,7,14,ベリンダアン,牝3,54.0,戸崎圭太,2:05.7,2.1/2,2-2-2-5,40.3,13.6,4.0,428.0,-4.0,[東]大竹正博,ＴＵＲＦレーシング,0.0,2017104568,5386,1102,28803
202004020507,17,8,17,グロースザゴールド,牡3,56.0,内田博幸,2:06.0,1.3/4,16-14-12-13,39.5,24.9,9.0,452.0,6.0,[東]古賀慎明,社台レースホース,0.0,2017104868,422,1079,415800
202004020507,18,3,5,トラストバディ,牡3,56.0,川須栄彦,2:06.0,ハナ,11-12-14-17,39.3,69.9,11.0,466.0,-6.0,[西]松永幹夫,キーファーズ,0.0,2017104696,1128,1092,2803
202004020508,1,3,3,コマノウインクル,牡3,54.0,西村淳也,1:49.4,,4-3,35.2,5.7,2.0,488.0,6.0,[西]庄野靖志,長谷川芳信,760.0,2017104452,1171,1087,581007
202004020508,2,6,6,ロバートソンキー,牡3,54.0,伊藤工真,1:49.5,1/2,6-6,35.1,1.6,1.0,482.0,-4.0,[東]林徹,保坂和孝,300.0,2017101707,1119,1163,398030
202004020508,3,5,5,アピールバイオ,牝6,55.0,木幡巧也,1:49.8,2,1-1,36.0,75.5,9.0,460.0,6.0,[東]牧光二,バイオ,190.0,2014101550,1162,1106,930800
202004020508,4,2,2,デンセツノマジョ,牝5,54.0,菊沢一樹,1:50.1,1.1/2,9-9,35.3,7.5,4.0,470.0,0.0,[東]菊沢隆徳,國分純,110.0,2015105145,1161,1115,243008
202004020508,5,7,7,ミズリーナ,牝3,52.0,和田竜二,1:50.2,1/2,2-2,36.3,6.0,3.0,464.0,-8.0,[西]坂口智康,北山敏隆,76.0,2017103104,1018,1170,789002
202004020508,6,1,1,シャルロワ,牝3,51.0,斎藤新,1:50.4,1.1/2,4-3,36.3,21.3,6.0,486.0,4.0,[西]梅田智之,キャロットファーム,0.0,2017105040,1178,1084,486800
202004020508,7,8,9,ミラーミラー,牝4,54.0,岩田望来,1:50.6,1.1/4,7-7,36.1,14.5,5.0,408.0,-10.0,[西]石坂公一,吉田和美,0.0,2016104723,1174,1166,138007
202004020508,8,4,4,ミャゴラーレ,牡3,54.0,野中悠太,1:51.2,3.1/2,7-7,36.7,36.5,7.0,500.0,-14.0,[東]黒岩陽一,山口裕介,0.0,2017105971,1158,1133,798033
202004020508,9,8,8,サンライズサーカス,牡7,57.0,川須栄彦,1:52.4,7,3-3,38.2,46.2,8.0,536.0,-12.0,[西]河内洋,松岡隆雄,0.0,2013104232,1128,1072,306008
202004020509,1,1,1,ブルーバード,牝2,54.0,柴田大知,1:23.4,,8-7,35.6,19.7,5.0,416.0,2.0,[東]中舘英二,サラブレッドクラブ・ラフィアン,1623.1,2018102858,1009,1153,546800
202004020509,2,6,6,ショウナンラスボス,牡2,54.0,野中悠太,1:23.5,1/2,5-5,36.0,17.2,3.0,474.0,-8.0,[東]奥村武,国本哲秀,646.6,2018103926,1158,1145,331002
202004020509,3,7,8,ジャカランダレーン,牝2,54.0,福永祐一,1:23.5,クビ,5-5,36.0,1.8,1.0,436.0,2.0,[西]中内田充,金子真人ホールディングス,403.3,2018104936,1014,1137,708800
202004020509,4,7,9,プルスウルトラ,牡2,54.0,和田竜二,1:23.6,3/4,3-3,36.3,19.2,4.0,500.0,10.0,[東]手塚貴久,ミルファーム,240.0,2018106613,1018,1038,629800
202004020509,5,4,4,アスコルターレ,牡2,54.0,戸崎圭太,1:23.8,1.1/4,10-9,35.7,2.6,2.0,434.0,10.0,[西]西村真幸,サンデーレーシング,160.0,2018104885,5386,1148,226800
202004020509,6,8,11,ビゾンテノブファロ,牡2,54.0,原優介,1:24.1,1.3/4,2-2,37.0,176.2,10.0,468.0,8.0,[東]小桧山悟,ニューマレコード,0.0,2018102961,1184,1005,32803
202004020509,7,8,10,ユイノチャッキー,牡2,54.0,吉田豊,1:24.1,クビ,5-7,36.5,22.7,6.0,490.0,-6.0,[東]竹内正洋,由井健太郎,0.0,2018102000,733,1152,44803
202004020509,8,3,3,ニューフィー,牝2,54.0,杉原誠人,1:24.2,クビ,8-9,36.5,272.4,11.0,420.0,0.0,[東]石毛善彦,ミルファーム,0.0,2018106159,1135,428,629800
202004020509,9,2,2,キモンブラウン,牝2,54.0,嶋田純次,1:24.2,クビ,1-1,37.5,27.4,7.0,452.0,2.0,[東]手塚貴久,小林祥晃,0.0,2018102407,1134,1038,966007
202004020509,10,6,7,マルス,牡2,54.0,木幡巧也,1:24.6,2,10-11,36.6,54.6,8.0,438.0,-4.0,[東]岩戸孝樹,田頭勇貴,0.0,2018101455,1162,1051,855030
202004020509,11,5,5,エコロテッチャン,牝2,54.0,藤田菜七,1:25.5,5,3-3,38.2,80.5,9.0,404.0,2.0,[東]田島俊明,原村正紀,0.0,2018105445,1164,1112,783033
202004020510,1,2,2,サダムスキャット,牝3,52.0,川須栄彦,1:10.2,,3-3,35.7,6.7,3.0,454.0,-6.0,[西]中尾秀正,大西定,1535.0,2017101540,1128,1069,96007
202004020510,2,5,8,メディクス,牡4,57.0,福永祐一,1:10.3,1/2,3-3,35.8,2.4,1.0,468.0,0.0,[西]渡辺薫彦,カナヤマホールディングス,610.0,2016106486,1014,1155,45803
202004020510,3,3,4,メイショウハナモリ,牡4,57.0,丸山元気,1:10.4,3/4,1-1,36.5,43.3,9.0,506.0,6.0,[西]本田優,松本好雄,385.0,2016104193,1127,1099,523005
202004020510,4,7,12,ハナブショウ,牝4,55.0,津村明秀,1:10.7,2,2-2,36.5,14.3,6.0,460.0,8.0,[東]相沢郁,河内孝夫,230.0,2016100467,1092,1020,321004
202004020510,5,4,6,コパシーナ,セ3,54.0,三浦皇成,1:10.7,クビ,5-5,36.0,15.1,7.0,486.0,0.0,[東]伊藤圭三,椎名節,150.0,2017103482,1122,1023,799033
202004020510,6,6,11,ミフトゥーロ,牝5,55.0,武士沢友,1:11.1,2.1/2,9-8,36.1,49.2,10.0,478.0,2.0,[東]堀井雅広,藤田在子,0.0,2015101034,1029,436,491030
202004020510,7,4,7,アルベルティーヌ,牝5,55.0,田中勝春,1:11.4,1.3/4,9-8,36.4,13.0,5.0,446.0,-2.0,[東]栗田徹,村野康司,0.0,2015104371,684,1127,338007
202004020510,8,3,5,サンライズチャージ,牡6,57.0,和田翼,1:11.7,1.3/4,5-6,37.0,111.1,13.0,506.0,0.0,[西]平田修,松岡隆雄,0.0,2014103690,1146,1082,306008
202004020510,9,8,15,スズカカナロア,牡4,57.0,幸英明,1:11.8,1/2,5-6,37.1,4.3,2.0,478.0,-8.0,[西]橋田満,永井啓弍,0.0,2016104431,732,362,382004
202004020510,10,1,1,ボールドジャパン,牡9,57.0,江田照男,1:11.9,1/2,9-8,36.9,203.8,14.0,508.0,-8.0,[東]蛯名利弘,増田陽一,0.0,2011104859,689,1131,291002
202004020510,11,8,14,トウカイエトワール,牡3,54.0,北村友一,1:12.0,3/4,14-14,36.5,7.1,4.0,510.0,14.0,[西]安田隆行,内村正則,0.0,2017102572,1102,438,695004
202004020510,12,6,10,ビートマジック,セ4,57.0,荻野極,1:12.3,2,12-11,37.1,68.6,11.0,468.0,0.0,[東]栗田徹,岡田牧雄,0.0,2016105963,1160,1127,851009
202004020510,13,5,9,レイトブルーミング,牝4,55.0,国分優作,1:12.3,ハナ,12-13,37.1,98.0,12.0,442.0,2.0,[西]松下武士,ジーホース,0.0,2016103710,1125,1149,338803
202004020510,14,7,13,ピエナミント,牝5,55.0,秋山真一,1:13.7,8,8-11,38.8,28.5,8.0,468.0,-4.0,[西]飯田祐史,本谷兼三,0.0,2015104381,1019,1139,23007
202004020510,-3,2,3,ロイヤルバローズ,牡5,57.0,戸崎圭太,,,,,,,,,[西]角居勝彦,猪熊広次,0.0,2015101341,5386,1053,859007
202004020511,1,1,1,サトノダムゼル,牝4,55.0,Ｍ．デム,1:47.7,,3-5,35.3,3.9,2.0,464.0,8.0,[東]堀宣行,サトミホースカンパニー,1857.8,2016105101,5212,1070,75803
202004020511,2,3,6,フィニフティ,牝5,55.0,岩田望来,1:47.8,1/2,10-10,35.1,63.8,14.0,456.0,2.0,[西]藤原英昭,キャロットファーム,740.8,2015104779,1174,1055,486800
202004020511,3,2,3,オメガラヴィサン,セ5,57.0,北村友一,1:48.0,1.1/2,7-7,35.5,29.4,9.0,490.0,2.0,[西]安田翔伍,原禮子,465.4,2015104270,1102,1164,8803
202004020511,4,5,9,スパイラルダイブ,牡6,57.0,戸崎圭太,1:48.1,3/4,17-17,34.8,8.9,3.0,446.0,2.0,[東]古賀慎明,Ｇ１レーシング,270.0,2014105992,5386,1079,808800
202004020511,5,8,17,シュリ,牡4,57.0,川田将雅,1:48.3,1,3-3,35.9,2.9,1.0,506.0,2.0,[西]池江泰寿,前田幸貴,182.0,2016100596,1088,1071,117031
202004020511,6,4,7,スズカフューラー,牡6,57.0,鮫島克駿,1:48.4,1/2,13-13,35.5,218.9,18.0,426.0,-8.0,[西]西橋豊治,永井啓弍,0.0,2014101563,1157,434,382004
202004020511,7,6,12,サヴォワールエメ,牝4,55.0,小崎綾也,1:48.5,3/4,1-1,36.4,105.5,17.0,452.0,2.0,[西]友道康夫,平井裕,0.0,2016105136,1152,1061,686006
202004020511,8,1,2,リンディーホップ,牝5,55.0,内田博幸,1:48.6,1/2,2-2,36.4,41.1,12.0,468.0,-6.0,[東]金成貴史,社台レースホース,0.0,2015104610,422,1132,415800
202004020511,9,6,11,ワンダープチュック,牡6,57.0,幸英明,1:48.6,クビ,13-13,35.7,22.4,8.0,508.0,-12.0,[西]河内洋,山本能成,0.0,2014103795,732,1072,184033
202004020511,10,5,10,ハンターバレー,牡4,57.0,丸田恭介,1:48.9,1.1/2,16-16,35.7,35.8,11.0,484.0,-4.0,[東]宗像義忠,村木隆,0.0,2016103202,1117,420,379008
202004020511,11,3,5,ローズテソーロ,牝4,55.0,三浦皇成,1:48.9,クビ,11-11,36.1,13.9,6.0,460.0,18.0,[東]栗田徹,了徳寺健二ホールディングス,0.0,2016101366,1122,1127,89803
202004020511,12,7,13,アルティマリガーレ,牝4,55.0,和田竜二,1:49.2,1.3/4,11-11,36.4,10.2,4.0,442.0,-4.0,[西]佐々木晶,社台レースホース,0.0,2016104913,1018,429,415800
202004020511,13,7,15,レッドベルローズ,牝5,55.0,武藤雅,1:49.3,3/4,17-17,36.1,47.7,13.0,482.0,22.0,[東]鹿戸雄一,東京ホースレーシング,0.0,2015105091,1169,1097,180800
202004020511,14,8,16,オーシャンビュー,牡7,57.0,嘉藤貴行,1:49.4,1/2,13-13,36.4,89.9,15.0,460.0,4.0,[東]伊藤伸一,冨沢敦子,0.0,2013102117,1051,1031,609009
202004020511,15,2,4,コスモカレンドゥラ,牡4,57.0,柴田大知,1:49.5,クビ,6-7,36.9,11.7,5.0,452.0,0.0,[東]田中博康,ビッグレッドファーム,0.0,2016100763,1009,1162,716800
202004020511,16,4,8,ボーダーオブライフ,セ6,57.0,伊藤工真,1:49.9,2.1/2,3-3,37.5,97.8,16.0,496.0,-2.0,[東]金成貴史,レッドマジック,0.0,2014105492,1119,1132,86803
202004020511,17,8,18,メサルティム,牝5,55.0,岩田康誠,1:50.0,3/4,7-5,37.5,30.5,10.0,448.0,-8.0,[西]荒川義之,キャロットファーム,0.0,2015104947,5203,1095,486800
202004020511,18,7,14,エクセランフィーユ,牝4,55.0,北村宏司,1:50.2,1.1/4,7-7,37.6,18.3,7.0,426.0,4.0,[東]木村哲也,サンデーレーシング,0.0,2016104730,1043,1126,226800
202004020512,1,7,13,ベルダーイメル,牡3,51.0,泉谷楓真,1:51.9,,2-2-2-2,36.5,5.3,2.0,452.0,0.0,[西]本田優,ケーエスＨＤ,760.0,2017101380,1182,1099,334803
202004020512,2,3,4,ロッキーサンダー,牡3,54.0,幸英明,1:52.9,6,8-8-7-7,37.1,2.6,1.0,478.0,4.0,[西]石橋守,原田豊,300.0,2017105982,732,1140,945006
202004020512,3,5,8,アイスヴィスタ,牝3,52.0,鮫島良太,1:53.1,1.1/2,4-4-3-3,37.4,143.4,15.0,468.0,14.0,[西]高柳大輔,村上憲政,190.0,2017103341,1099,1159,894030
202004020512,4,6,11,ネルソンタッチ,牡4,57.0,川又賢治,1:53.2,1/2,1-1-1-1,37.9,48.9,10.0,482.0,-12.0,[西]牧浦充徳,谷掛龍夫,110.0,2016105222,1166,1113,727008
202004020512,5,4,7,ラブロッソー,牝3,50.0,藤田菜七,1:53.2,クビ,4-4-3-4,37.6,9.1,5.0,480.0,2.0,[東]星野忍,増田陽一,76.0,2017101761,1164,1030,291002
202004020512,6,3,5,パイプライナー,牡3,54.0,松若風馬,1:53.5,2,6-4-3-4,37.8,6.7,3.0,510.0,0.0,[西]杉山晴紀,ＣＨＥＶＡＬＡＴＴＡＣＨＥ,0.0,2017101291,1154,1157,888800
202004020512,7,2,2,クリノキングボス,牡3,54.0,西村淳也,1:53.6,クビ,12-13-13-12,37.1,8.4,4.0,478.0,8.0,[西]南井克巳,栗本博晴,0.0,2017105720,1171,1049,970006
202004020512,8,4,6,サウザンドスマイル,牝3,52.0,川須栄彦,1:53.9,1.3/4,10-8-10-8,37.8,14.3,7.0,468.0,6.0,[西]河内洋,ノースヒルズ,0.0,2017101783,1128,1072,788800
202004020512,9,8,15,バルサミックムーン,セ3,54.0,武藤雅,1:54.1,1.1/4,10-8-8-8,38.1,11.8,6.0,496.0,-10.0,[東]武藤善則,高橋文男,0.0,2017104921,1169,1064,371009
202004020512,10,2,3,ハイオソラール,牡4,57.0,太宰啓介,1:54.1,クビ,15-15-15-14,37.3,78.8,12.0,502.0,-8.0,[西]木原一良,名古屋友豊,0.0,2016105875,1037,1033,463800
202004020512,11,6,10,メイショウゴテツ,牡7,57.0,中井裕二,1:54.6,3,3-3-3-4,39.0,50.9,11.0,476.0,-10.0,[西]角田晃一,松本好雄,0.0,2013102945,1141,1121,523005
202004020512,12,8,14,メイショウバンカラ,牡6,55.0,菅原明良,1:54.8,1,8-8-10-11,38.6,104.6,14.0,516.0,0.0,[西]飯田祐史,松本和子,0.0,2014103806,1179,1139,789006
202004020512,13,7,12,ベルウッドヨウサン,セ3,54.0,北村宏司,1:54.9,3/4,6-7-8-8,38.9,22.8,8.0,498.0,4.0,[東]中舘英二,鈴木照雄,0.0,2017102776,1043,1153,137030
202004020512,14,5,9,アストゥーリアス,牡3,54.0,丸山元気,1:55.3,2,14-13-14-14,38.7,30.4,9.0,462.0,4.0,[西]羽月友彦,菅原広隆,0.0,2017109161,1127,1091,547033
202004020512,15,1,1,マイネルクライマー,牡3,54.0,柴田大知,1:55.4,1/2,12-12-12-12,39.0,84.4,13.0,496.0,8.0,[西]西園正都,サラブレッドクラブ・ラフィアン,0.0,2017102666,1009,1028,546800
202004020601,1,3,5,スウィートブルーム,牝2,54.0,柴田大知,1:49.3,,4-4,36.1,13.1,5.0,422.0,0.0,[東]和田雄二,サラブレッドクラブ・ラフィアン,510.0,2018102131,1009,1143,546800
202004020601,2,7,14,ウインザナドゥ,牡2,54.0,津村明秀,1:50.3,6,16-17,36.1,38.1,10.0,452.0,-6.0,[東]手塚貴久,ウイン,200.0,2018101625,1092,1038,494800
202004020601,3,2,4,アイリッシュムーン,牝2,54.0,福永祐一,1:50.3,ハナ,13-15,36.4,7.1,2.0,462.0,4.0,[東]武井亮,那須野牧場,130.0,2018102090,1014,1147,51800
202004020601,4,4,7,グローリアスカペラ,牝2,54.0,Ｍ．デム,1:50.6,1.1/2,6-7,37.2,20.4,9.0,504.0,0.0,[東]土田稔,日下部勝徳,77.0,2018101804,5212,417,641030
202004020601,5,7,15,セファーラジエル,牡2,54.0,川田将雅,1:50.7,3/4,2-3,37.7,2.1,1.0,500.0,6.0,[西]高柳大輔,サンデーレーシング,51.0,2018105131,1088,1159,226800
202004020601,6,5,9,ミヤジオシャラク,牝2,54.0,和田竜二,1:50.7,ハナ,1-1,38.1,15.7,6.0,484.0,4.0,[西]川村禎彦,曽我司,0.0,2018103769,1018,1003,911009
202004020601,7,3,6,サンキューベイリー,牝2,53.0,岩田望来,1:50.7,ハナ,2-2,37.8,19.2,7.0,468.0,-8.0,[東]相沢郁,石瀬浩三,0.0,2018101443,1174,1020,812008
202004020601,8,1,1,アルバトリア,牝2,51.0,小林脩斗,1:51.3,3.1/2,8-7,37.8,11.2,4.0,422.0,-2.0,[東]小桧山悟,加藤徹,0.0,2018102805,1183,1005,36006
202004020601,9,2,3,トーセンマーク,牡2,54.0,武藤雅,1:51.5,1.1/4,16-15,37.2,51.9,11.0,502.0,-6.0,[東]古賀慎明,島川隆哉,0.0,2018105670,1169,1079,270006
202004020601,10,6,11,ドラミモン,牡2,54.0,丸山元気,1:51.5,アタマ,13-13,37.5,153.9,14.0,448.0,0.0,[東]田村康仁,子安裕樹,0.0,2018101300,1127,1027,965030
202004020601,11,8,16,サトノフォーチュン,牡2,54.0,三浦皇成,1:52.4,5,6-5,39.0,9.1,3.0,494.0,10.0,[東]国枝栄,サトミホースカンパニー,0.0,2018104110,1122,399,75803
202004020601,12,1,2,レースアルカーナ,牝2,54.0,国分優作,1:52.6,3/4,10-10,38.9,81.9,12.0,452.0,-2.0,[西]梅田智之,サラブレッドクラブ・ラフィアン,0.0,2018102165,1125,1084,546800
202004020601,13,5,10,タカノアメージング,牡2,54.0,荻野極,1:53.1,3,4-5,39.7,313.0,18.0,490.0,2.0,[西]北出成人,山口多賀司,0.0,2018103175,1160,1078,389005
202004020601,14,6,12,エイシンディアデム,牝2,54.0,藤井勘一,1:53.1,クビ,12-11,39.2,194.4,16.0,420.0,0.0,[西]渡辺薫彦,栄進堂,0.0,2018105965,5525,1155,785800
202004020601,15,4,8,ミエノピュア,牡2,54.0,鮫島克駿,1:54.0,5,13-13,40.0,186.2,15.0,488.0,-4.0,[西]高橋亮,里見美惠子,0.0,2018104106,1157,1136,414030
202004020601,16,8,17,アイスムーン,牝2,54.0,幸英明,1:54.4,2.1/2,8-7,40.7,83.3,13.0,446.0,-2.0,[東]上原博之,ゴドルフィン,0.0,2018106751,732,423,3060
202004020601,17,7,13,グランスエーニョ,牡2,54.0,戸崎圭太,1:55.4,6,18-18,40.2,20.0,8.0,486.0,-2.0,[東]宮田敬介,ＤＭＭドリームクラブ,0.0,2018105265,5386,1175,26803
202004020601,18,8,18,コスモチョコラトル,牡2,54.0,木幡巧也,1:55.7,2,10-11,41.7,305.7,17.0,470.0,-2.0,[東]深山雅史,ビッグレッドファーム,0.0,2018102130,1162,1174,716800
202004020602,1,6,11,クリノナイスガイ,セ3,56.0,鮫島克駿,1:54.3,,9-8-4-4,38.5,34.3,8.0,466.0,0.0,[西]橋田満,栗本博晴,510.0,2017106689,1157,362,970006
202004020602,2,5,9,クレドゥボヌール,牡3,56.0,荻野極,1:54.4,1/2,11-11-7-7,38.4,49.8,9.0,438.0,8.0,[西]西浦勝一,大塚亮一,200.0,2017105979,1160,1016,858800
202004020602,3,7,13,ダイワミラクル,牡3,56.0,三浦皇成,1:54.4,クビ,3-3-2-2,38.8,6.0,2.0,498.0,2.0,[東]鹿戸雄一,大城正一,130.0,2017104948,1122,1097,593031
202004020602,4,7,12,ファスタザウインド,牡3,56.0,松若風馬,1:54.4,ハナ,1-1-1-1,38.9,6.6,4.0,526.0,10.0,[西]高橋康之,鈴木康弘,77.0,2017103917,1154,1135,624007
202004020602,5,3,5,キャプティベート,セ3,56.0,福永祐一,1:54.6,1,3-3-4-4,38.8,6.1,3.0,438.0,0.0,[東]戸田博文,社台レースホース,51.0,2017104716,1014,1054,415800
202004020602,6,3,4,サンマルキャンディ,牝3,54.0,幸英明,1:54.6,ハナ,11-11-11-11,38.4,27.5,7.0,492.0,-4.0,[西]大根田裕,相馬勇,0.0,2017106714,732,1032,580007
202004020602,7,5,8,ケイマーダ,牡3,56.0,北村友一,1:54.7,1/2,6-6-7-7,38.7,8.4,5.0,478.0,2.0,[西]音無秀孝,金子真人ホールディングス,0.0,2017104881,1102,1002,708800
202004020602,8,2,2,ロードシャムロック,牡3,56.0,川田将雅,1:55.0,2,9-8-7-7,39.0,2.0,1.0,510.0,20.0,[西]中内田充,ロードホースクラブ,0.0,2017102385,1088,1137,170800
202004020602,9,2,3,ロワシャンパーニュ,牡3,56.0,藤井勘一,1:55.2,1,8-10-12-12,38.4,21.0,6.0,426.0,-6.0,[西]安田翔伍,大塚亮一,0.0,2017105652,5525,1164,858800
202004020602,10,8,15,メイショウセントレ,牡3,53.0,泉谷楓真,1:55.4,1.1/4,2-2-2-2,39.9,91.0,11.0,472.0,-4.0,[西]角田晃一,松本好雄,0.0,2017105774,1182,1121,523005
202004020602,11,6,10,マサノオリンピアン,牝3,53.0,岩田望来,1:55.6,1.1/4,3-5-4-4,39.8,82.2,10.0,422.0,-2.0,[東]小島茂之,中村時子,0.0,2017100645,1174,1068,843030
202004020602,12,4,6,メイショウハルカス,牡3,54.0,菅原明良,1:55.7,3/4,6-6-7-10,39.6,224.3,13.0,488.0,-12.0,[西]荒川義之,松本好雄,0.0,2017106291,1179,1095,523005
202004020602,13,1,1,ロワルゼル,牡3,56.0,木幡巧也,1:56.2,3,13-13-13-13,38.8,236.8,14.0,496.0,-4.0,[東]新開幸一,会田浩史,0.0,2017104679,1162,1116,755033
202004020602,14,4,7,ナムラリベンジ,牡3,56.0,藤懸貴志,1:56.4,1,13-14-13-13,39.0,281.2,15.0,484.0,0.0,[西]石坂公一,奈村睦弘,0.0,2017106157,1138,1166,972002
202004020602,15,8,14,トッレペンデンテ,牡3,56.0,丸山元気,1:57.2,5,15-15-15-15,39.4,142.3,12.0,548.0,0.0,[東]土田稔,ゴドルフィン,0.0,2017106559,1127,417,3060
202004020603,1,2,4,ブラインドデート,牝3,54.0,幸英明,1:36.0,,9-8,34.7,4.5,3.0,466.0,0.0,[西]斉藤崇史,窪田康志,510.0,2017106532,732,1151,514008
202004020603,2,2,3,ジャストポケット,牝3,54.0,田中健,1:36.7,4,3-3,35.8,46.6,12.0,504.0,4.0,[西]松下武士,ターフ・スポート,200.0,2017103175,1114,1149,102800
202004020603,3,4,8,レミニシェンザ,牝3,54.0,長岡禎仁,1:37.1,2.1/2,14-14,34.9,129.5,16.0,456.0,-4.0,[西]羽月友彦,キャロットファーム,130.0,2017105444,1142,1091,486800
202004020603,4,5,9,シャトン,牝3,54.0,野中悠太,1:37.1,ハナ,5-4,36.1,15.6,6.0,458.0,4.0,[東]高橋文雅,佐久間拓士,77.0,2017100870,1158,1134,986033
202004020603,5,6,12,タガノグランサム,牡3,56.0,藤井勘一,1:37.2,1/2,8-9,35.7,24.9,7.0,490.0,-2.0,[西]鮫島一歩,八木良司,51.0,2017101723,5525,1046,859002
202004020603,6,1,2,アドマイヤパンドラ,牝3,54.0,川田将雅,1:37.6,2.1/2,18-17,35.2,3.3,1.0,460.0,6.0,[西]須貝尚介,近藤旬子,0.0,2017105333,1088,1105,535031
202004020603,7,3,6,パイネ,牝3,54.0,三浦皇成,1:37.7,3/4,11-9,36.1,4.3,2.0,434.0,0.0,[東]国枝栄,金子真人ホールディングス,0.0,2017105571,1122,399,708800
202004020603,8,6,11,コパノカリブ,牝3,54.0,木幡巧也,1:37.7,クビ,1-1,37.1,36.3,11.0,458.0,0.0,[東]斎藤誠,小林祥晃,0.0,2017106666,1162,1086,966007
202004020603,9,7,14,バイカル,牝3,54.0,柴田大知,1:37.7,アタマ,2-2,36.9,27.4,8.0,488.0,36.0,[東]勢司和浩,ビッグレッドファーム,0.0,2017101987,1009,1047,716800
202004020603,10,3,5,ウィンディスペル,牝3,54.0,北村友一,1:38.0,1.3/4,11-11,36.1,64.8,14.0,432.0,-2.0,[西]須貝尚介,サンデーレーシング,0.0,2017105528,1102,1105,226800
202004020603,11,1,1,ベルリオーズ,牝3,53.0,斎藤新,1:38.1,3/4,5-6,36.9,98.3,15.0,426.0,2.0,[西]藤岡健一,那須野牧場,0.0,2017102631,1178,1062,51800
202004020603,12,7,13,エルゴルド,牡3,56.0,福永祐一,1:38.4,1.1/2,11-12,36.5,13.2,5.0,482.0,10.0,[西]藤原英昭,幅田昌伸,0.0,2017104992,1014,1055,331007
202004020603,13,8,17,ガレットデロワ,牝3,53.0,富田暁,1:38.4,クビ,16-17,36.1,27.5,9.0,406.0,6.0,[西]池添兼雄,水谷昌晃,0.0,2017103372,1168,1021,616030
202004020603,14,8,18,エイシンワンダーズ,牡3,55.0,岩田望来,1:38.5,1/2,5-6,37.3,9.3,4.0,454.0,-6.0,[西]藤原英昭,栄進堂,0.0,2017105870,1174,1055,785800
202004020603,15,8,16,ディープレーン,牝3,54.0,小崎綾也,1:38.6,クビ,16-16,36.4,55.0,13.0,434.0,-2.0,[西]小崎憲,ニッシンホールディングス,0.0,2017104291,1152,1085,318803
202004020603,16,5,10,ウィスキーキャット,牝3,54.0,鮫島良太,1:39.7,7,10-12,37.8,312.3,18.0,436.0,14.0,[西]長谷川浩,天野克彦,0.0,2017106691,1099,1173,28031
202004020603,17,4,7,ナショナルアンセム,牝3,54.0,西田雄一,1:40.2,3,14-14,38.2,206.8,17.0,448.0,10.0,[東]矢野英一,グリーンファーム,0.0,2017105124,1004,1108,148800
202004020603,18,7,15,パステルリリー,牝3,54.0,鮫島克駿,1:40.7,3,3-4,39.6,28.3,10.0,464.0,0.0,[西]杉山晴紀,草間庸文,0.0,2017102399,1157,1157,909006
202004020604,1,3,4,ロイヤルパープル,セ3,56.0,内田博幸,1:53.6,,2-2-1-1,39.4,36.0,8.0,496.0,-4.0,[東]加藤征弘,ゴドルフィン,510.0,2017110030,422,1059,3060
202004020604,2,6,10,ヴァシリアス,牡3,56.0,三浦皇成,1:53.6,ハナ,9-9-5-4,38.8,4.7,2.0,494.0,-6.0,[西]安田翔伍,前田葉子,200.0,2017102077,1122,1164,245030
202004020604,3,4,7,ブライトンビーチ,牡3,54.0,菅原明良,1:53.6,ハナ,1-4-2-2,39.1,8.4,4.0,472.0,4.0,[東]武市康男,坂巻勝彦,130.0,2017103840,1179,1089,810008
202004020604,4,6,11,リチュアルダンス,牡3,56.0,石橋脩,1:53.8,1.1/2,15-14-12-11,38.5,43.6,9.0,500.0,-10.0,[東]尾関知人,ゴドルフィン,77.0,2017110024,1077,1103,3060
202004020604,5,1,1,サンデージュピター,牝3,54.0,和田竜二,1:53.8,ハナ,7-6-5-4,39.0,11.7,5.0,482.0,-10.0,[西]岡田稲男,杉野公彦,51.0,2017104653,1018,1066,199031
202004020604,6,7,13,ビジョ,牝3,54.0,武士沢友,1:53.9,1/2,10-10-10-8,38.8,19.2,6.0,468.0,2.0,[東]小手川準,京都ホースレーシング,0.0,2017102437,1029,1171,65803
202004020604,7,2,2,クリノガオガオ,牡3,56.0,藤懸貴志,1:54.1,1.1/4,12-10-10-9,39.0,92.0,11.0,458.0,6.0,[西]谷潔,栗本守,0.0,2017101062,1138,431,488007
202004020604,8,7,12,キングインパクト,牡3,55.0,岩田望来,1:54.1,アタマ,5-4-2-2,39.6,6.0,3.0,508.0,-10.0,[西]藤原英昭,廣崎利洋ＨＤ,0.0,2017100351,1174,1055,37803
202004020604,9,8,15,レッドエランドール,牡3,56.0,福永祐一,1:54.2,3/4,6-6-5-6,39.5,2.1,1.0,510.0,4.0,[西]松田国英,東京ホースレーシング,0.0,2017104972,1014,1011,180800
202004020604,10,5,9,マリアネージュ,牝3,54.0,小牧太,1:56.7,大,13-12-12-12,41.3,29.9,7.0,452.0,6.0,[西]松永幹夫,友駿ホースクラブ,0.0,2017103429,894,1092,321800
202004020604,11,8,14,ジュフォン,牡3,53.0,泉谷楓真,1:56.8,3/4,10-12-14-13,41.2,113.1,12.0,504.0,0.0,[東]和田正一,ノースヒルズ,0.0,2017110140,1182,1114,788800
202004020604,12,4,6,マテラアシスト,牡3,56.0,藤井勘一,1:57.3,3,7-8-5-9,42.5,147.8,13.0,452.0,-2.0,[西]浜田多実,大野照旺,0.0,2017102237,5525,1138,550033
202004020604,13,3,5,サンメディル,牡3,56.0,川又賢治,1:57.5,1.1/4,2-1-2-6,43.0,44.4,10.0,490.0,8.0,[西]石坂公一,ノルマンディーサラブレッドレーシング,0.0,2017110168,1166,1166,854800
202004020604,14,5,8,スコーレ,牡3,56.0,荻野極,1:58.4,5,14-15-15-15,40.8,179.1,14.0,534.0,-2.0,[西]池江泰寿,金子真人ホールディングス,0.0,2017100470,1160,1071,708800
202004020604,15,2,3,グリーンスナップ,牝3,54.0,木幡巧也,1:59.1,4,2-2-9-13,44.1,235.3,15.0,462.0,-14.0,[東]牧光二,石瀬浩三,0.0,2017102233,1162,1106,812008
202004020605,1,8,14,ランドオブリバティ,牡2,54.0,三浦皇成,2:05.7,,2-2-1-2,35.2,7.4,3.0,466.0,0.0,[東]鹿戸雄一,吉田照哉,700.0,2018104700,1122,1097,758005
202004020605,2,2,2,スパイラルノヴァ,牡2,54.0,Ｍ．デム,2:05.7,アタマ,3-3-4-3,34.9,8.5,4.0,472.0,0.0,[西]藤岡健一,フクキタル,280.0,2018106795,5212,1062,46803
202004020605,3,5,8,トーセンインパルス,牡2,54.0,福永祐一,2:05.7,クビ,3-5-4-3,34.9,5.9,2.0,480.0,0.0,[西]角居勝彦,島川隆哉,180.0,2018105419,1014,1053,270006
202004020605,4,2,3,ヴィルヘルム,牡2,54.0,戸崎圭太,2:06.4,4,1-1-2-1,35.9,2.3,1.0,494.0,0.0,[西]池江泰寿,キャロットファーム,110.0,2018104982,5386,1071,486800
202004020605,5,1,1,ショレアドルチェ,牝2,53.0,岩田望来,2:06.9,3,6-6-7-7,35.8,25.5,7.0,442.0,0.0,[西]寺島良,ＹＧＧホースクラブ,70.0,2018100167,1174,1158,188800
202004020605,6,6,11,ディクテイター,牡2,54.0,北村友一,2:07.1,1,6-6-4-3,36.2,9.8,5.0,518.0,0.0,[西]斉藤崇史,サンデーレーシング,0.0,2018104915,1102,1151,226800
202004020605,7,7,12,ラカン,牡2,54.0,丸山元気,2:07.1,クビ,12-12-9-9,35.8,49.9,10.0,452.0,0.0,[東]武市康男,本田恒雄,0.0,2018105616,1127,1089,816008
202004020605,8,4,7,コスモシェルパ,牡2,54.0,柴田大知,2:07.2,1/2,8-8-7-7,36.1,25.8,8.0,438.0,0.0,[西]宮徹,ビッグレッドファーム,0.0,2018110101,1009,1018,716800
202004020605,9,3,5,ケイティレジェンド,牡2,54.0,中井裕二,2:07.3,クビ,12-12-13-12,35.5,96.3,13.0,462.0,0.0,[西]村山明,瀧本和義,0.0,2018101073,1141,1107,83006
202004020605,10,8,15,アームストロング,牡2,54.0,幸英明,2:07.5,1.1/2,3-3-3-3,36.9,15.6,6.0,490.0,0.0,[東]堀井雅広,塩田清,0.0,2018100905,732,436,315006
202004020605,11,3,4,アレデラヴァン,セ2,52.0,菅原明良,2:08.1,3.1/2,11-10-10-10,36.6,43.4,9.0,506.0,0.0,[東]高木登,塩川和則,0.0,2018106129,1179,1088,430002
202004020605,12,5,9,タンジェントアーク,牡2,54.0,内田博幸,2:08.2,クビ,10-10-12-12,36.5,86.7,11.0,430.0,0.0,[東]田村康仁,大塚亮一,0.0,2018100752,422,1027,858800
202004020605,13,4,6,カガブルー,牡2,54.0,江田照男,2:08.5,2,9-9-10-10,37.0,108.8,14.0,452.0,0.0,[東]大江原哲,香川憲次,0.0,2018102086,689,1012,700006
202004020605,14,6,10,トラキチ,牡2,54.0,木幡巧也,2:11.4,大,15-14-14-14,38.0,139.7,15.0,524.0,0.0,[東]新開幸一,大森悌次,0.0,2018103322,1162,1116,71803
202004020605,-1,7,13,リゼバーミリオン,牡2,54.0,吉田豊,,,,,,,,,[東]土田稔,飯田訓大,0.0,2018101050,733,417,661030
202004020606,1,5,9,インフィナイト,牝2,54.0,北村友一,1:37.5,,2-2,35.0,3.8,1.0,490.0,0.0,[西]音無秀孝,サンデーレーシング,700.0,2018105306,1102,1002,226800
202004020606,2,4,8,ベルヴォーグ,牝2,53.0,岩田望来,1:37.9,2.1/2,4-4,35.2,5.5,2.0,486.0,0.0,[西]藤原英昭,サンデーレーシング,280.0,2018105255,1174,1055,226800
202004020606,3,7,14,トーセンメラニー,牝2,51.0,山田敬士,1:38.5,3.1/2,9-10,35.1,37.6,12.0,460.0,0.0,[東]小桧山悟,島川隆哉,180.0,2018105628,1173,1005,270006
202004020606,4,1,1,バライロノキセキ,牝2,54.0,和田竜二,1:38.8,2,6-4,36.0,19.8,7.0,462.0,0.0,[西]中竹和也,岡浩二,110.0,2018100185,1018,1039,370008
202004020606,5,8,16,ヤマタケヴォランテ,牝2,52.0,菅原明良,1:39.2,2,7-8,36.0,63.9,14.0,422.0,0.0,[東]萱野浩二,山中和子,70.0,2018100724,1179,1024,631002
202004020606,6,8,17,ラブカプチーノ,牝2,54.0,嘉藤貴行,1:39.2,クビ,4-4,36.3,23.1,10.0,498.0,0.0,[東]大和田成,増田陽一,0.0,2018102002,1051,1124,291002
202004020606,7,7,13,マリブスターソング,牝2,54.0,松若風馬,1:39.2,ハナ,2-3,36.6,22.9,9.0,430.0,0.0,[西]牧田和弥,吉田千津,0.0,2018104549,1154,1123,310007
202004020606,8,2,4,ルース,牝2,54.0,太宰啓介,1:39.3,クビ,9-10,35.7,8.8,4.0,490.0,0.0,[西]池添兼雄,山田和夫,0.0,2018103615,1037,1021,169008
202004020606,9,3,6,ニシノソメイノ,牝2,54.0,内田博幸,1:39.3,ハナ,7-8,35.8,13.4,6.0,418.0,0.0,[東]武藤善則,西山茂行,0.0,2018106059,422,1064,897009
202004020606,10,5,10,ダンスインザレイン,牝2,54.0,武藤雅,1:39.6,2,17-17,35.3,109.9,16.0,422.0,0.0,[東]水野貴広,矢野まり子,0.0,2018102932,1169,1094,251033
202004020606,11,8,18,スカーレットテイル,牝2,54.0,岩田康誠,1:40.2,3.1/2,12-7,37.0,11.6,5.0,400.0,0.0,[東]高柳瑞樹,社台レースホース,0.0,2018104667,5203,1118,415800
202004020606,12,6,11,ノーティーガール,牝2,54.0,福永祐一,1:40.4,1.1/2,9-10,36.7,6.3,3.0,478.0,0.0,[東]加藤士津,藤本栄史,0.0,2018100482,1014,1169,34031
202004020606,13,4,7,タガノミューコ,牝2,54.0,田中健,1:40.4,アタマ,1-1,37.9,28.5,11.0,456.0,0.0,[西]浅見秀一,八木良司,0.0,2018101960,1114,411,859002
202004020606,14,1,2,アラカザーム,牝2,54.0,田中勝春,1:40.9,3,12-14,36.9,60.9,13.0,462.0,0.0,[東]松永康利,小林竜太郎,0.0,2018102338,684,1093,336030
202004020606,15,3,5,ラストシャトル,牝2,51.0,小林凌大,1:41.1,1.1/4,16-15,37.0,215.6,18.0,424.0,0.0,[東]佐藤吉勝,江川伸夫,0.0,2018106684,1177,1035,338006
202004020606,16,7,15,ベルステラ,牝2,54.0,柴田大知,1:41.3,1,15-16,37.0,20.7,8.0,436.0,0.0,[東]松山将樹,岡田繁幸,0.0,2018100883,1009,1100,760008
202004020606,17,6,12,センシティブガール,牝2,54.0,西村淳也,1:41.8,3,17-17,36.9,79.1,15.0,374.0,0.0,[西]加用正,ＨｉｍＲｏｃｋＲａｃｉｎｇホールディングス,0.0,2018104587,1171,425,87803
202004020606,18,2,3,カンタベリーパール,牝2,51.0,原優介,1:42.0,1.1/4,12-13,38.0,190.4,17.0,436.0,0.0,[東]的場均,峰哲馬,0.0,2018103425,1184,1063,684006
202004020607,1,8,15,メモワールミノル,牡3,52.0,菅原明良,1:10.1,,2-2,36.4,8.1,3.0,466.0,0.0,[東]中舘英二,吉岡實,760.0,2017104069,1179,1153,265008
202004020607,2,6,11,ノーブルプルート,牝6,55.0,武藤雅,1:10.3,1.1/4,2-2,36.6,16.1,7.0,486.0,-8.0,[東]水野貴広,吉木伸彦,300.0,2014103213,1169,1094,755030
202004020607,3,4,6,コールザチューン,牝4,53.0,藤田菜七,1:11.0,4,1-1,37.4,10.6,4.0,492.0,4.0,[東]上原博之,社台レースホース,190.0,2016105005,1164,423,415800
202004020607,4,3,5,メイショウフォイル,牡3,51.0,泉谷楓真,1:11.2,1.1/4,9-9,36.7,11.6,5.0,512.0,4.0,[西]南井克巳,松本好雄,110.0,2017105794,1182,1049,523005
202004020607,5,7,12,クィーンアドバンス,牝3,51.0,菊沢一樹,1:11.3,1/2,8-8,37.0,35.3,10.0,472.0,2.0,[東]勢司和浩,柳内正基,76.0,2017100141,1161,1047,36033
202004020607,6,5,8,チャンダナ,牝4,54.0,木幡育也,1:11.4,クビ,4-4,37.4,68.5,14.0,474.0,0.0,[東]粕谷昌央,ターフ・スポート,0.0,2016103403,1167,1096,102800
202004020607,7,6,10,ガチコ,牝6,54.0,富田暁,1:11.5,3/4,12-12,36.6,67.6,13.0,476.0,4.0,[東]高橋文雅,日東牧場,0.0,2014103444,1168,1134,115800
202004020607,8,1,1,エルズリー,牝4,54.0,岩田望来,1:11.5,ハナ,10-9,36.9,71.6,15.0,516.0,16.0,[西]吉岡辰弥,ノルマンディーサラブレッドレーシング,0.0,2016110062,1174,1176,854800
202004020607,9,8,14,ケイアイピハ,牡3,54.0,野中悠太,1:11.5,アタマ,15-14,36.3,21.1,8.0,440.0,0.0,[東]池上昌和,亀田和弘,0.0,2017101751,1158,1150,331803
202004020607,10,4,7,ラブリースパイス,牝6,55.0,岩田康誠,1:11.7,1.1/4,13-12,36.6,36.8,11.0,438.0,-2.0,[西]北出成人,前田幸治,0.0,2014100659,5203,1078,948006
202004020607,11,5,9,アミュリオン,牡4,57.0,江田照男,1:11.9,1.1/4,13-14,36.8,59.9,12.0,466.0,-6.0,[東]藤原辰雄,吉澤ホールディングス,0.0,2016106501,689,435,346803
202004020607,12,2,2,ナムラシェパード,牡4,57.0,幸英明,1:12.0,1/2,7-6,37.8,2.5,1.0,480.0,10.0,[西]大橋勇樹,奈村信重,0.0,2016102812,732,1065,945004
202004020607,13,2,3,ネイチャーカレン,牡3,54.0,丸山元気,1:12.2,1.1/4,6-6,38.1,26.9,9.0,458.0,4.0,[東]根本康広,井上修一,0.0,2017103677,1127,1029,506006
202004020607,14,7,13,アースコレクション,牡7,57.0,戸崎圭太,1:12.4,1.1/4,11-11,37.7,15.8,6.0,518.0,8.0,[東]尾関知人,グリーンファーム,0.0,2013110101,5386,1103,148800
202004020607,15,3,4,プレシャスガール,牝3,51.0,斎藤新,1:13.3,5,4-4,39.4,4.2,2.0,474.0,2.0,[西]藤岡健一,京都ホースレーシング,0.0,2017110012,1178,1062,65803
202004020608,1,2,2,エレヴァテッツァ,牝3,52.0,北村友一,2:18.0,,3-3-3-3,35.8,7.8,5.0,498.0,20.0,[西]松永幹夫,サンデーレーシング,760.0,2017105111,1102,1092,226800
202004020608,2,4,4,ボンベール,牡4,57.0,城戸義政,2:18.2,1.1/4,1-1-1-1,36.3,15.9,6.0,480.0,4.0,[西]荒川義之,木部厳生,300.0,2016102904,1147,1095,815033
202004020608,3,3,3,メラーキ,牡3,54.0,川田将雅,2:18.2,アタマ,5-5-5-5,35.8,4.3,2.0,460.0,-4.0,[西]友道康夫,大塚亮一,190.0,2017105634,1088,1061,858800
202004020608,4,6,9,シャイニングデイズ,牡4,57.0,三浦皇成,2:18.2,クビ,7-9-9-7,35.4,53.2,10.0,476.0,2.0,[西]須貝尚介,杉山忠国,110.0,2016101457,1122,1105,53803
202004020608,5,1,1,エドノフェリーチェ,牝3,52.0,津村明秀,2:18.3,クビ,13-13-13-13,35.0,4.7,3.0,450.0,-2.0,[東]相沢郁,遠藤喜松,76.0,2017104060,1092,1020,624009
202004020608,6,7,11,クリノオウジャ,牡4,57.0,和田竜二,2:18.3,ハナ,7-7-7-7,35.7,5.8,4.0,442.0,0.0,[西]高橋義忠,栗本守,0.0,2016102102,1018,1129,488007
202004020608,7,7,10,ハナビマンカイ,牡3,53.0,岩田望来,2:18.6,1.3/4,10-10-11-10,35.6,21.1,8.0,454.0,4.0,[西]藤原英昭,廣崎利洋ＨＤ,0.0,2017104623,1174,1055,37803
202004020608,8,4,5,ルヴァン,牡3,54.0,西村淳也,2:18.7,1/2,2-2-2-2,36.7,18.1,7.0,468.0,2.0,[西]清水久詞,キャロットファーム,0.0,2017105493,1171,1110,486800
202004020608,9,5,6,ブライトロージー,牝5,55.0,松若風馬,2:18.9,1.1/4,5-5-7-7,36.3,105.0,12.0,496.0,-4.0,[西]村山明,ダイヤモンドファーム,0.0,2015104318,1154,1107,623800
202004020608,10,6,8,ジャッキー,牡6,57.0,内田博幸,2:18.9,ハナ,12-12-12-11,35.7,70.6,11.0,476.0,-2.0,[東]高橋祥泰,本田恒雄,0.0,2014103268,422,359,816008
202004020608,11,5,7,マコトジュズマル,牡4,55.0,菅原明良,2:19.0,1/2,3-4-3-3,36.8,39.7,9.0,506.0,4.0,[西]鮫島一歩,ディアマント,0.0,2016104623,1179,1046,864800
202004020608,12,8,12,ムーンショット,牡3,54.0,福永祐一,2:19.2,1,7-7-5-5,36.8,3.6,1.0,450.0,-2.0,[西]昆貢,寺田千代乃,0.0,2017103667,1014,1044,534006
202004020608,13,8,13,スターオブジーン,牡4,54.0,泉谷楓真,2:19.8,3.1/2,10-10-9-11,37.0,188.4,13.0,378.0,8.0,[西]田所秀孝,光安了,0.0,2016103578,1182,1009,791033
202004020609,1,8,18,トーホウレジーナ,牝6,55.0,藤田菜七,0:56.6,,1,34.2,2.5,1.0,498.0,6.0,[西]高橋亮,東豊物産,1538.5,2014104068,1164,1136,965800
202004020609,2,8,16,ポートナイトサイト,牝5,55.0,岩田望来,0:56.7,1/2,2,34.2,8.0,2.0,488.0,8.0,[東]伊藤大士,ライオンレースホース,611.0,2015103384,1174,1109,542800
202004020609,3,7,15,クラシコ,牡8,57.0,鮫島克駿,0:56.8,3/4,4,34.0,23.6,9.0,518.0,12.0,[西]橋口慎介,林正道,385.5,2012104581,1157,1154,675030
202004020609,4,6,12,アーヒラ,牝5,55.0,杉原誠人,0:56.9,3/4,9,33.8,69.9,14.0,444.0,-2.0,[東]石毛善彦,ミルファーム,230.0,2015106372,1135,428,629800
202004020609,5,6,11,ニシノコデマリ,牝5,55.0,丸山元気,0:57.1,1.1/4,4,34.3,12.5,6.0,436.0,8.0,[東]松山将樹,西山茂行,150.0,2015105200,1127,1100,897009
202004020609,6,7,14,ホウオウスクラム,牡5,57.0,武藤雅,0:57.3,1.1/4,6,34.4,9.7,4.0,514.0,-6.0,[東]奥村武,小笹芳央,0.0,2015105411,1169,1145,906033
202004020609,7,5,9,アルミューテン,牝6,55.0,柴田大知,0:57.4,3/4,3,34.8,8.3,3.0,502.0,2.0,[東]南田美知,伊達敏明,0.0,2014101889,1009,437,910006
202004020609,8,8,17,ゴールドパッキャオ,牡5,57.0,斎藤新,0:57.6,1.1/4,18,33.8,27.0,10.0,484.0,4.0,[西]安田翔伍,増田和啓,0.0,2015104681,1178,1164,345033
202004020609,9,2,4,ファストアズエバー,牝4,55.0,戸崎圭太,0:57.8,1.1/4,13,34.6,17.8,8.0,470.0,0.0,[西]牧浦充徳,グリーンファーム,0.0,2016109019,5386,1113,148800
202004020609,10,5,10,スノードーナツ,牝6,55.0,菅原隆一,0:57.9,1/2,9,34.8,50.2,13.0,492.0,-8.0,[東]石毛善彦,ミルファーム,0.0,2014102332,1129,428,629800
202004020609,11,1,2,アゴベイ,牝4,55.0,石橋脩,0:58.2,1.3/4,13,35.0,41.6,12.0,450.0,6.0,[東]尾関知人,ゴドルフィン,0.0,2016103306,1077,1103,3060
202004020609,12,4,8,コンピレーション,セ6,57.0,西田雄一,0:58.3,1/2,8,35.3,10.1,5.0,476.0,-2.0,[東]手塚貴久,シルクレーシング,0.0,2014105813,1004,1038,506800
202004020609,13,7,13,フジマサアクトレス,牝7,55.0,田中勝春,0:58.4,3/4,16,34.9,94.3,16.0,472.0,6.0,[東]菊川正達,藤原正一,0.0,2013103430,684,1052,507007
202004020609,14,2,3,シャイニールミナス,牝3,52.0,津村明秀,0:58.6,1.1/4,6,35.7,14.6,7.0,460.0,0.0,[東]岩戸孝樹,田頭勇貴,0.0,2017102234,1092,1051,855030
202004020609,15,3,6,メイショウシャチ,牡7,57.0,太宰啓介,0:58.7,クビ,16,35.2,136.4,17.0,494.0,14.0,[西]石橋守,松本好雄,0.0,2013103823,1037,1140,523005
202004020609,16,1,1,ヤマニンベリンダ,牝6,55.0,江田照男,0:58.8,1/2,15,35.4,78.0,15.0,470.0,0.0,[東]星野忍,土井肇,0.0,2014100549,689,1030,329004
202004020609,17,4,7,サウンドドゥイット,牡8,57.0,川又賢治,0:59.1,1.3/4,9,36.0,214.6,18.0,454.0,-2.0,[西]吉田直弘,増田雄一,0.0,2012105571,1166,1101,168006
202004020609,18,3,5,ジュンパッション,牡5,57.0,Ｍ．デム,0:59.6,3,9,36.5,27.7,11.0,480.0,0.0,[東]高柳瑞樹,河合純二,0.0,2015104435,5212,1118,165033
202004020610,1,6,9,ターキッシュパレス,牡3,53.0,富田暁,2:01.8,,4-4,36.6,6.8,2.0,476.0,4.0,[西]昆貢,ゴドルフィン,1529.4,2017110029,1168,1044,3060
202004020610,2,3,3,アドラータ,牝5,53.0,松若風馬,2:01.9,1/2,1-1,37.0,14.9,6.0,496.0,0.0,[西]石坂公一,社台レースホース,608.4,2015104163,1154,1166,415800
202004020610,3,6,10,ルリアン,牡3,54.0,川田将雅,2:01.9,クビ,5-6,36.5,1.9,1.0,516.0,4.0,[西]佐々木晶,サンデーレーシング,384.2,2017105517,1088,429,226800
202004020610,4,1,1,ストロングレヴィル,牡6,54.0,Ｍ．デム,2:02.1,1.1/4,5-5,36.8,20.9,7.0,490.0,-6.0,[東]堀宣行,村木篤,230.0,2014105247,5212,1070,122009
202004020610,5,5,8,シーオブザムーン,牝4,52.0,三浦皇成,2:02.3,1.1/4,10-10,36.6,7.6,3.0,468.0,0.0,[東]金成貴史,サンデーレーシング,150.0,2016104641,1122,1132,226800
202004020610,6,3,4,ハギノカエラ,牝7,53.0,戸崎圭太,2:02.6,1.3/4,13-12,36.8,14.6,5.0,438.0,8.0,[西]鮫島一歩,安岡美津子,0.0,2013103160,5386,1046,631006
202004020610,7,7,12,ディアシューター,牡6,54.0,岩田康誠,2:02.6,クビ,8-8,37.0,28.3,9.0,500.0,-2.0,[東]高木登,ディアレストクラブ,0.0,2014103416,5203,1088,13803
202004020610,8,5,7,シーリアスラブ,牡4,54.0,和田竜二,2:02.7,1/2,8-8,37.2,39.4,12.0,460.0,0.0,[西]音無秀孝,吉田千津,0.0,2016105048,1018,1002,310007
202004020610,9,2,2,トゥーフラッシー,牝4,52.0,山田敬士,2:03.1,2.1/2,7-6,37.8,33.2,11.0,462.0,-8.0,[東]小桧山悟,西森功,0.0,2016104029,1173,1005,316031
202004020610,10,4,6,フォーラウェイ,牡7,55.0,菊沢一樹,2:03.2,3/4,13-12,37.2,32.4,10.0,454.0,0.0,[西]北出成人,フジワラ・ファーム,0.0,2013104780,1161,1078,616800
202004020610,11,7,11,ウイングセクション,牡5,54.0,荻野極,2:03.5,1.1/2,12-12,37.6,21.9,8.0,498.0,-2.0,[東]田中剛,サンデーレーシング,0.0,2015104079,1160,1119,226800
202004020610,12,4,5,メイショウカミシマ,牡6,55.0,秋山真一,2:03.6,1/2,2-2,38.5,53.8,13.0,456.0,-4.0,[西]石橋守,松本好雄,0.0,2014104329,1019,1140,523005
202004020610,13,8,13,ディライトプロミス,牝5,52.0,岩田望来,2:03.7,3/4,3-2,38.6,10.5,4.0,472.0,0.0,[西]池添学,キャロットファーム,0.0,2015110002,1174,1144,486800
202004020610,14,8,14,シャインアロー,セ8,53.0,菅原明良,2:03.9,3/4,10-10,38.2,153.6,14.0,462.0,-12.0,[東]高橋文雅,岡田勇,0.0,2012100091,1179,1134,548009
202004020611,1,1,1,ケンシンコウ,牡3,56.0,丸山元気,1:49.2,,2-1-1-1,36.6,22.3,7.0,478.0,2.0,[東]小西一男,天野克彦,4052.5,2017103641,1127,405,28031
202004020611,2,4,7,ミヤジコクオウ,牡3,56.0,和田竜二,1:49.6,2.1/2,7-7-7-6,36.1,4.8,2.0,506.0,0.0,[西]川村禎彦,曽我司,1615.0,2017100097,1018,1003,911009
202004020611,3,2,2,ブランクチェック,牝3,54.0,戸崎圭太,1:49.7,3/4,6-5-4-4,36.4,10.9,5.0,482.0,4.0,[東]栗田徹,ゴドルフィン,1007.5,2017106589,5386,1127,3060
202004020611,4,3,4,デュードヴァン,牡3,56.0,川田将雅,1:50.0,1.3/4,4-3-4-5,36.8,3.0,1.0,472.0,2.0,[東]加藤征弘,スリーエイチレーシング,600.0,2017100378,1088,1059,72803
202004020611,5,7,13,ニュートンテソーロ,牡3,56.0,北村友一,1:50.6,3.1/2,11-12-13-10,36.6,43.8,11.0,494.0,14.0,[東]田中博康,了徳寺健二ホールディングス,400.0,2017110076,1102,1162,89803
202004020611,6,3,5,ラブリーエンジェル,牝3,54.0,木幡巧也,1:50.7,3/4,9-9-8-8,37.0,92.9,14.0,432.0,0.0,[東]堀井雅広,長谷川光司,0.0,2017103117,1162,436,895002
202004020611,7,4,6,ラインベック,牡3,56.0,Ｍ．デム,1:50.8,1/2,3-3-3-2,37.9,5.6,3.0,488.0,12.0,[西]友道康夫,金子真人ホールディングス,0.0,2017105194,5212,1061,708800
202004020611,8,2,3,タイガーインディ,牡3,56.0,鮫島克駿,1:50.9,1/2,1-2-2-2,38.2,16.9,6.0,454.0,6.0,[西]大橋勇樹,伊藤和夫,0.0,2017103898,1157,1065,49033
202004020611,9,5,8,ダンツエリーゼ,牝3,54.0,太宰啓介,1:51.1,1.1/2,15-15-15-14,36.8,52.8,12.0,520.0,-10.0,[西]本田優,山元哲二,0.0,2017103862,1037,1099,248005
202004020611,10,6,11,フレイムウィングス,牡3,56.0,西村淳也,1:51.5,2.1/2,9-9-8-8,37.8,31.5,9.0,482.0,10.0,[西]岡田稲男,ゴドルフィン,0.0,2017106611,1171,1066,3060
202004020611,11,8,14,フリーフロー,牡3,56.0,丸田恭介,1:52.1,3.1/2,13-13-13-11,38.1,60.6,13.0,470.0,0.0,[東]宗像義忠,里見美惠子,0.0,2017103788,1117,420,414030
202004020611,12,6,10,ライトウォーリア,牡3,56.0,岩田望来,1:52.5,2.1/2,4-5-4-7,39.2,5.8,4.0,488.0,4.0,[西]高野友和,キャロットファーム,0.0,2017105395,1174,1117,486800
202004020611,13,8,15,フェイバリット,牡3,56.0,原優介,1:52.6,1/2,11-9-11-13,38.7,202.0,15.0,454.0,-2.0,[東]小桧山悟,島川隆哉,0.0,2017104420,1184,1005,270006
202004020611,14,7,12,バンクオブクラウズ,牡3,56.0,藤井勘一,1:52.9,1.3/4,7-7-8-11,39.2,31.5,10.0,508.0,6.0,[西]石坂公一,ノルマンディーサラブレッドレーシング,0.0,2017103280,5525,1166,854800
202004020611,15,5,9,メイショウダジン,牡3,56.0,幸英明,1:52.9,クビ,14-13-11-14,39.0,27.9,8.0,460.0,-8.0,[西]松永昌博,松本好雄,0.0,2017105789,732,1083,523005
202004020612,1,4,8,アルピニズム,牡3,52.0,藤田菜七,1:21.5,,1-1,36.2,10.1,5.0,490.0,6.0,[東]金成貴史,吉田照哉,760.0,2017104862,1164,1132,758005
202004020612,2,6,12,ノルカソルカ,牡3,54.0,幸英明,1:21.9,2.1/2,2-2,36.6,3.6,1.0,494.0,8.0,[西]藤岡健一,幅田昌伸,300.0,2017100440,732,1062,331007
202004020612,3,1,2,オルトルート,牝5,55.0,戸崎圭太,1:21.9,クビ,7-6,35.7,40.7,13.0,470.0,16.0,[東]大竹正博,村野康司,190.0,2015104385,5386,1102,338007
202004020612,4,7,15,スペースクラフト,セ4,57.0,秋山真一,1:22.2,1.3/4,13-13,35.1,22.9,9.0,494.0,6.0,[西]松永幹夫,社台レースホース,110.0,2016105069,1019,1092,415800
202004020612,5,4,7,オウケンファイター,牡3,54.0,西村淳也,1:22.5,1.3/4,11-10,35.9,74.8,15.0,510.0,6.0,[西]牧浦充徳,福井明,76.0,2017104511,1171,1113,731006
202004020612,6,5,9,ラパンセソバージュ,牡3,54.0,Ｍ．デム,1:22.5,クビ,10-10,36.0,4.6,2.0,464.0,8.0,[東]大竹正博,酒井牧場,0.0,2017106037,5212,1102,138800
202004020612,7,2,3,チュウワジョーダン,セ3,54.0,丸山元気,1:22.6,クビ,4-3,36.9,32.6,11.0,452.0,-6.0,[東]林徹,中西忍,0.0,2017101057,1127,1163,628007
202004020612,8,1,1,グレンフィナン,セ5,56.0,木幡育也,1:22.6,ハナ,17-17,34.5,33.5,12.0,494.0,8.0,[東]鹿戸雄一,Ｇ１レーシング,0.0,2015104528,1167,1097,808800
202004020612,9,2,4,プリモプレミオ,牝4,55.0,柴田大知,1:22.7,1/2,4-3,37.0,229.1,17.0,452.0,8.0,[西]吉村圭司,堂守貴志,0.0,2016103063,1009,1130,425030
202004020612,10,8,17,ジャミールフエルテ,セ4,57.0,福永祐一,1:22.8,3/4,15-14,35.6,9.3,4.0,462.0,-14.0,[西]大久保龍,吉田勝己,0.0,2016104841,1014,1058,790005
202004020612,11,7,14,レリスタット,牝3,52.0,柴田善臣,1:23.2,2.1/2,12-12,36.5,12.6,6.0,460.0,14.0,[東]奥村武,下河辺牧場,0.0,2017100357,641,1145,362800
202004020612,12,8,16,ザスリーサーティ,牡5,57.0,内田博幸,1:23.3,1/2,16-16,35.8,127.7,16.0,478.0,-6.0,[東]尾形和幸,諸江幸祐,0.0,2015105440,422,1141,63803
202004020612,13,6,11,クリーンガーベラ,牝4,52.0,小林凌大,1:23.4,3/4,13-14,36.4,313.7,18.0,474.0,18.0,[東]鈴木伸尋,石橋和夫,0.0,2016102413,1177,1026,726008
202004020612,14,7,13,アミークス,牝3,52.0,川田将雅,1:23.5,3/4,7-8,37.4,7.3,3.0,452.0,4.0,[東]栗田徹,スリーエイチレーシング,0.0,2017105536,1088,1127,72803
202004020612,15,3,6,マイネルホイッスル,牡3,54.0,国分優作,1:23.6,クビ,7-8,37.5,14.0,7.0,466.0,-10.0,[西]西園正都,サラブレッドクラブ・ラフィアン,0.0,2017101903,1125,1028,546800
202004020612,16,8,18,エルメーム,牝3,50.0,菅原明良,1:23.6,クビ,6-6,37.8,31.9,10.0,478.0,4.0,[東]高木登,ラ・メール,0.0,2017100108,1179,1088,877800
202004020612,17,3,5,ルクルト,牡3,53.0,斎藤新,1:24.1,3,3-3,38.6,15.5,8.0,452.0,-2.0,[西]吉村圭司,市川義美ホールディングス,0.0,2017100452,1178,1130,10803
202004020612,-1,5,10,ラフェリシテ,牝4,55.0,三浦皇成,,,,,,,,,[西]須貝尚介,サンデーレーシング,0.0,2016104494,1122,1105,226800
202004030101,1,4,7,スペシャルドラマ,牡2,54.0,戸崎圭太,1:48.2,,2-2,36.1,4.7,2.0,488.0,2.0,[東]宮田敬介,大塚亮一,510.0,2018104893,5386,1175,858800
202004030101,2,2,3,サンズオブタイム,牡2,54.0,横山典弘,1:48.2,クビ,3-4,35.8,26.0,9.0,474.0,-10.0,[東]和田勇介,ゴドルフィン,200.0,2018100681,660,1165,3060
202004030101,3,5,9,ファビュラスノヴァ,牡2,54.0,Ｍ．デム,1:48.4,1.1/4,5-4,36.0,6.0,4.0,470.0,6.0,[東]鹿戸雄一,木村牧場,130.0,2018100253,5212,1097,935800
202004030101,4,8,18,セルジュ,牡2,53.0,岩田望来,1:48.4,アタマ,13-13,35.4,73.9,12.0,470.0,0.0,[東]中川公成,多田賢司,77.0,2018104070,1174,1081,281033
202004030101,5,2,4,グローエルディング,牡2,54.0,木幡巧也,1:48.7,2,7-7,36.1,182.7,15.0,480.0,-2.0,[東]尾形和幸,伊藤正樹,51.0,2018106574,1162,1141,345031
202004030101,6,3,5,ディアマンテール,牡2,54.0,三浦皇成,1:48.8,クビ,1-1,36.8,3.7,1.0,474.0,-2.0,[東]国枝栄,サンデーレーシング,0.0,2018105127,1122,399,226800
202004030101,7,6,12,セイウンゴールド,牡2,54.0,田辺裕信,1:48.8,アタマ,7-7,36.2,5.9,3.0,470.0,-6.0,[東]上原博之,西山茂行,0.0,2018103186,1075,423,897009
202004030101,8,7,15,スバラシイヒビ,牡2,54.0,内田博幸,1:49.1,1.3/4,5-4,36.7,10.6,5.0,466.0,2.0,[東]田村康仁,山口裕介,0.0,2018102534,422,1027,798033
202004030101,9,8,16,ヴィクトールアイ,牝2,51.0,小林脩斗,1:49.1,クビ,11-10,36.4,42.2,10.0,472.0,2.0,[東]奥平雅士,コスモヴューファーム,0.0,2018100139,1183,1074,30803
202004030101,10,3,6,コスモオニアシゲ,牡2,54.0,宮崎北斗,1:49.5,2.1/2,15-13,36.5,22.3,7.0,438.0,0.0,[東]伊藤伸一,ビッグレッドファーム,0.0,2018102174,1118,1031,716800
202004030101,11,8,17,コスモカルティエ,牡2,54.0,武藤雅,1:49.6,1/2,7-7,37.2,12.8,6.0,450.0,-2.0,[東]武藤善則,ビッグレッドファーム,0.0,2018110102,1169,1064,716800
202004030101,12,1,2,ジャストビフォー,牡2,53.0,斎藤新,1:49.9,2,17-17,36.2,367.7,17.0,454.0,2.0,[東]田村康仁,山口裕介,0.0,2018101915,1178,1027,798033
202004030101,13,7,14,ミスジョーダン,牝2,51.0,小林凌大,1:49.9,アタマ,11-12,36.9,410.7,18.0,460.0,-4.0,[東]小西一男,田島榮二郎,0.0,2018100317,1177,405,713005
202004030101,14,4,8,カミヤガルーラ,牡2,53.0,木幡育也,1:50.4,3,13-15,36.9,250.3,16.0,454.0,-10.0,[東]杉浦宏昭,佐藤悠大,0.0,2018101749,1167,1008,175031
202004030101,15,6,11,エーアイ,牡2,52.0,菅原明良,1:50.7,2,10-10,37.9,69.7,11.0,444.0,2.0,[東]佐藤吉勝,サンコウ牧場,0.0,2018103836,1179,1035,738800
202004030101,16,1,1,ナイトアルニラム,牡2,54.0,丸山元気,1:50.9,1.1/2,17-15,37.6,131.3,13.0,470.0,4.0,[東]南田美知,菅原広隆,0.0,2018101996,1127,437,547033
202004030101,17,5,10,ヤマニンデンファレ,牝2,54.0,江田照男,1:51.4,3,3-3,39.2,25.2,8.0,454.0,-2.0,[東]星野忍,土井肇,0.0,2018102009,689,1030,329004
202004030101,18,7,13,エコロペガサス,牝2,52.0,藤田菜七,1:51.6,1,15-17,37.8,161.6,14.0,418.0,-4.0,[東]根本康広,原村正紀,0.0,2018100310,1164,1029,783033
202004030102,1,4,7,エリモグリッター,セ3,56.0,内田博幸,1:11.6,,3-3,37.8,3.2,1.0,456.0,0.0,[東]中野栄治,山本三津子,510.0,2017104744,422,1010,953030
202004030102,2,2,2,チートコード,牡3,56.0,田辺裕信,1:11.7,3/4,4-4,37.7,6.4,3.0,510.0,10.0,[東]尾関知人,明栄商事,200.0,2017102289,1075,1103,40803
202004030102,3,7,13,マイルポスト,牡3,56.0,三浦皇成,1:12.5,5,6-7,38.2,5.7,2.0,524.0,2.0,[東]小笠倫弘,Ｇ１レーシング,130.0,2017105206,1122,1076,808800
202004030102,4,6,11,ショシカンテツ,牡3,55.0,菊沢一樹,1:12.6,クビ,9-9,38.0,8.9,6.0,504.0,6.0,[東]菊沢隆徳,國分純,77.0,2017100542,1161,1115,243008
202004030102,5,8,15,ショーショーショー,牡3,56.0,北村宏司,1:12.6,ハナ,4-4,38.6,7.5,4.0,522.0,4.0,[東]鈴木伸尋,吉冨学,51.0,2017104190,1043,1026,905033
202004030102,6,5,8,ケイアイロトルア,牡3,55.0,岩田望来,1:12.8,1.1/2,12-11,37.9,8.7,5.0,468.0,0.0,[東]加藤征弘,亀田和弘,0.0,2017104171,1174,1059,331803
202004030102,7,4,6,ジュズマル,牡3,56.0,江田照男,1:13.0,1,6-6,38.7,20.3,9.0,496.0,0.0,[東]田村康仁,山口裕介,0.0,2017103733,689,1027,798033
202004030102,8,5,9,レジイナアン,牝3,53.0,斎藤新,1:13.3,2,6-7,39.0,31.7,10.0,488.0,-8.0,[東]斎藤誠,ＴＵＲＦレーシング,0.0,2017104949,1178,1086,28803
202004030102,9,2,3,ペイシャタイム,牡3,56.0,武士沢友,1:13.3,ハナ,14-14,37.7,152.6,12.0,464.0,0.0,[東]小手川準,北所直人,0.0,2017104179,1029,1171,163002
202004030102,10,1,1,ツキマデトドケ,牡3,56.0,戸崎圭太,1:13.4,1/2,1-1,39.8,10.1,7.0,488.0,8.0,[東]田島俊明,レッドマジック,0.0,2017106499,5386,1112,86803
202004030102,11,3,5,シゲルメイオウセイ,牡3,56.0,丸山元気,1:13.8,2,2-2,40.1,18.9,8.0,490.0,4.0,[東]松山将樹,森中蕃,0.0,2017100072,1127,1100,674004
202004030102,12,6,10,パベーダ,牡3,53.0,原優介,1:14.1,2,13-13,39.0,477.8,15.0,432.0,-4.0,[東]松山将樹,高岡浩行,0.0,2017102151,1184,1100,330031
202004030102,13,3,4,トマティーナ,牡3,56.0,杉原誠人,1:14.1,ハナ,11-10,39.3,152.2,11.0,430.0,-4.0,[東]石毛善彦,ミルファーム,0.0,2017103163,1135,428,629800
202004030102,14,8,14,カイエトゥール,牝3,54.0,野中悠太,1:14.2,1/2,9-11,39.6,175.6,13.0,490.0,6.0,[東]菊川正達,シンボリ牧場,0.0,2017100565,1158,1052,431800
202004030102,15,7,12,シーブックカフェ,牡3,56.0,田中勝春,1:15.6,9,15-15,39.3,196.6,14.0,464.0,14.0,[東]和田勇介,西川恭子,0.0,2017105767,684,1165,505007
202004030103,1,4,8,ローズパルファン,牝3,54.0,Ｍ．デム,2:03.6,,3-3-3-2,36.3,6.3,4.0,434.0,4.0,[東]田中剛,友駿ホースクラブ,510.0,2017102597,5212,1119,321800
202004030103,2,1,2,スパニッシュアート,牝3,53.0,岩田望来,2:04.0,2.1/2,12-13-12-12,35.9,21.5,7.0,416.0,2.0,[東]戸田博文,Ｇ１レーシング,200.0,2017105023,1174,1054,808800
202004030103,3,3,6,ブラウローゼン,牝3,54.0,三浦皇成,2:04.0,クビ,7-8-7-9,36.3,4.6,3.0,472.0,-2.0,[東]尾関知人,サンデーレーシング,130.0,2017105658,1122,1103,226800
202004030103,4,8,17,ミスミルドレッド,牝3,54.0,岩田康誠,2:04.1,3/4,9-5-5-2,36.6,3.2,1.0,446.0,4.0,[東]小島茂之,丸山担,77.0,2017104629,5203,1068,922030
202004030103,5,1,1,チャオコーリー,牝3,54.0,戸崎圭太,2:04.4,1.3/4,7-8-10-9,36.5,9.5,5.0,412.0,2.0,[東]田中清隆,ビッグレッドファーム,51.0,2017101900,5386,408,716800
202004030103,6,2,3,カフェメモワール,牝3,53.0,斎藤新,2:04.8,2.1/2,9-12-10-12,36.8,51.1,10.0,454.0,-6.0,[東]和田雄二,西川恭子,0.0,2017105726,1178,1143,505007
202004030103,7,7,14,カランクール,牝3,54.0,柴田善臣,2:04.8,ハナ,5-5-5-6,37.3,14.2,6.0,476.0,10.0,[東]粕谷昌央,日進牧場,0.0,2017106292,641,1096,100800
202004030103,8,6,11,アネモネテソーロ,牝3,53.0,木幡育也,2:05.0,1.1/2,1-1-1-1,38.0,36.3,9.0,484.0,2.0,[東]高木登,了徳寺健二ホールディングス,0.0,2017102591,1167,1088,89803
202004030103,9,8,18,ブランシュフルール,牝3,54.0,北村宏司,2:05.1,1/2,13-8-7-6,37.4,4.5,2.0,438.0,2.0,[東]大竹正博,サンデーレーシング,0.0,2017105086,1043,1102,226800
202004030103,10,5,10,ニシノカテリーナ,牝3,51.0,小林脩斗,2:05.2,1/2,5-5-7-6,37.5,158.2,13.0,444.0,-2.0,[東]伊藤大士,西山茂行,0.0,2017102435,1183,1109,897009
202004030103,11,2,4,ラヴイズブルー,牝3,51.0,小林凌大,2:05.4,1.1/4,16-16-15-15,37.1,265.8,17.0,458.0,-6.0,[東]斎藤誠,佐々木徹,0.0,2017101513,1177,1086,145002
202004030103,12,3,5,ハスキージュリー,牝3,54.0,内田博幸,2:05.6,1.1/4,17-16-12-9,37.5,28.4,8.0,436.0,0.0,[東]土田稔,渡邊隆,0.0,2017106770,422,417,321009
202004030103,13,5,9,ゲステルン,牝3,54.0,木幡初也,2:05.6,アタマ,13-15-15-17,37.3,208.7,15.0,506.0,22.0,[東]武市康男,薪浦亨,0.0,2017100346,1153,1089,768006
202004030103,14,7,15,ミライヘノノゾミ,牝3,54.0,木幡巧也,2:05.8,1,13-13-15-15,37.5,155.4,12.0,508.0,10.0,[東]伊藤大士,三島宣彦,0.0,2017109041,1162,1109,672030
202004030103,15,6,12,クリススキャット,牝3,54.0,井上敏樹,2:06.0,1.1/2,2-2-2-2,38.9,167.5,14.0,492.0,0.0,[東]和田正一,ヒダカ・ブリーダーズ・ユニオン,0.0,2017104107,1151,1114,547800
202004030103,16,7,13,エバーバリュー,牝3,54.0,武藤雅,2:06.2,1.1/4,3-3-3-5,38.9,258.1,16.0,402.0,0.0,[東]小島茂之,宇田豊,0.0,2017104820,1169,1068,39030
202004030103,17,4,7,セレーネグランツ,牝3,54.0,江田照男,2:06.3,3/4,17-18-18-18,37.1,78.6,11.0,444.0,4.0,[東]加藤征弘,林正道,0.0,2017105478,689,1059,675030
202004030103,18,8,16,レディーフラッシュ,牝3,54.0,杉原誠人,2:06.4,1/2,9-11-14-12,38.2,373.2,18.0,482.0,6.0,[東]古賀史生,小林博雄,0.0,2017109113,1135,392,226006
202004030104,1,6,10,アイアムイチリュウ,牡3,56.0,柴田善臣,1:55.1,,3-3-4-3,40.1,3.3,1.0,500.0,0.0,[東]奥平雅士,堀紘一,510.0,2017101159,641,1074,505006
202004030104,2,3,5,スズカゴウケツ,牡3,54.0,菅原明良,1:55.2,1/2,9-7-6-5,39.9,4.8,3.0,474.0,2.0,[東]伊藤圭三,永井啓弍,200.0,2017103518,1179,1023,382004
202004030104,3,4,6,ルレーヴドゥリリ,牝3,54.0,Ｍ．デム,1:56.1,5,2-2-1-1,41.4,10.5,5.0,484.0,-2.0,[東]田中剛,加藤誠,130.0,2017103710,5212,1119,944030
202004030104,4,5,8,パースピレーション,牡3,56.0,内田博幸,1:56.2,1/2,12-11-8-8,40.6,39.0,9.0,458.0,0.0,[東]田村康仁,吉田照哉,77.0,2017105164,422,1027,758005
202004030104,5,6,11,スノーレイズ,牝3,53.0,木幡育也,1:56.8,3.1/2,13-13-13-11,40.4,56.7,11.0,438.0,2.0,[東]菊川正達,ヒダカ・ブリーダーズ・ユニオン,51.0,2017103450,1167,1052,547800
202004030104,6,8,15,スマートコマンダー,牡3,56.0,岩田康誠,1:56.9,1/2,3-3-2-2,42.1,3.8,2.0,480.0,0.0,[東]古賀史生,大川徹,0.0,2017103632,5203,392,7803
202004030104,7,2,3,ヴァリアントジョイ,牡3,56.0,石橋脩,1:57.7,5,3-5-4-5,42.7,11.9,6.0,464.0,2.0,[東]畠山吉宏,ローレルレーシング,0.0,2017109024,1077,1048,32800
202004030104,8,7,12,ロードウィリアム,牡3,56.0,北村宏司,1:58.0,2,9-10-10-10,41.9,26.3,8.0,456.0,6.0,[東]高柳瑞樹,ロードホースクラブ,0.0,2017102615,1043,1118,170800
202004030104,9,3,4,トーホウカッフェ,牝3,54.0,嘉藤貴行,1:58.4,2,6-6-6-7,43.1,191.3,13.0,508.0,0.0,[東]田中清隆,東豊物産,0.0,2017104959,1051,408,965800
202004030104,10,7,13,ラブリーモーション,牝3,54.0,杉原誠人,1:58.9,3,1-1-2-3,44.1,153.7,12.0,468.0,0.0,[東]木村哲也,ヒダカ・ブリーダーズ・ユニオン,0.0,2017103118,1135,1126,547800
202004030104,11,4,7,ネオデレヤ,牡3,56.0,丸山元気,1:59.7,5,11-11-12-13,43.4,20.5,7.0,492.0,8.0,[東]小西一男,西田俊二,0.0,2017105730,1127,405,502033
202004030104,12,5,9,アオイスター,牝3,51.0,小林凌大,1:59.7,アタマ,15-15-14-14,40.9,270.2,14.0,458.0,6.0,[東]和田雄二,鈴木照雄,0.0,2017102639,1177,1143,137030
202004030104,13,8,14,グランチーノ,牝3,54.0,津村明秀,2:00.0,2,7-7-10-11,44.0,47.3,10.0,458.0,-6.0,[東]岩戸孝樹,小菅誠,0.0,2017103777,1092,1051,24031
202004030104,14,2,2,バンデアミール,牡3,56.0,三浦皇成,2:00.3,1.3/4,7-9-8-8,44.7,7.3,4.0,508.0,0.0,[東]萩原清,キャロットファーム,0.0,2017105543,1122,1017,486800
202004030104,15,1,1,ユウヤング,セ3,55.0,菊沢一樹,2:01.2,5,14-14-15-15,42.2,271.6,15.0,448.0,-24.0,[東]和田勇介,澤田孝之,0.0,2017105113,1161,1165,214033
202004030105,1,5,9,イルーシヴパンサー,牡2,54.0,横山典弘,1:37.0,,9-7,35.4,3.9,1.0,456.0,0.0,[東]久保田貴,草間庸文,700.0,2018105402,660,1067,909006
202004030105,2,8,18,マイネルダグラス,牡2,54.0,津村明秀,1:37.2,1.1/4,4-6,35.9,4.5,2.0,490.0,0.0,[東]相沢郁,サラブレッドクラブ・ラフィアン,280.0,2018102148,1092,1020,546800
202004030105,3,4,8,ロンドンネス,牝2,54.0,北村宏司,1:37.4,1,9-10,35.6,8.3,4.0,458.0,0.0,[東]宮田敬介,ゴドルフィン,180.0,2018110049,1043,1175,3060
202004030105,4,6,11,サヴァビアン,牡2,54.0,川須栄彦,1:37.4,クビ,11-11,35.5,21.6,7.0,418.0,0.0,[西]羽月友彦,岡田牧雄,110.0,2018103473,1128,1091,851009
202004030105,5,4,7,シュバルツカイザー,牡2,54.0,石橋脩,1:37.4,アタマ,16-15,34.7,5.6,3.0,486.0,0.0,[東]大竹正博,ゴドルフィン,70.0,2018110035,1077,1102,3060
202004030105,6,6,12,ストライプ,牝2,54.0,三浦皇成,1:37.4,アタマ,4-4,36.4,10.9,5.0,500.0,0.0,[東]尾形和幸,佐藤壽男,0.0,2018103418,1122,1141,274008
202004030105,7,2,4,ハートロック,牡2,54.0,岩田康誠,1:37.6,1.1/4,2-2,36.9,57.2,12.0,498.0,0.0,[東]高橋文雅,パニオロ,0.0,2018102268,5203,1134,22803
202004030105,8,5,10,リネンデザイン,牝2,54.0,丸田恭介,1:37.7,クビ,13-12,35.6,198.6,17.0,494.0,0.0,[東]加藤和宏,戸山昌彦,0.0,2018100158,1117,1077,141030
202004030105,9,8,16,リズムオブザナイト,牡2,53.0,木幡育也,1:37.8,1/2,3-3,36.9,26.4,8.0,480.0,0.0,[東]田中剛,吉田照哉,0.0,2018104835,1167,1119,758005
202004030105,10,7,13,スプリングムーン,牝2,54.0,木幡初也,1:37.8,アタマ,7-9,35.9,27.7,9.0,418.0,0.0,[東]牧光二,鈴木芳夫,0.0,2018103506,1153,1106,639009
202004030105,11,7,14,ウインアルバローズ,牡2,54.0,野中悠太,1:37.8,ハナ,4-4,36.8,56.7,11.0,464.0,0.0,[東]深山雅史,ウイン,0.0,2018101645,1158,1174,494800
202004030105,12,1,1,ブリューナク,牡2,54.0,柴田善臣,1:37.8,ハナ,14-14,35.2,103.7,14.0,426.0,0.0,[東]大江原哲,菊地祐司,0.0,2018102713,641,1012,656033
202004030105,13,8,17,テイエムダイアタリ,牡2,54.0,田中勝春,1:38.4,3.1/2,7-7,36.9,269.4,18.0,500.0,0.0,[東]石栗龍彦,竹園正繼,0.0,2018101553,684,1043,356002
202004030105,14,3,5,ナリノペッパー,牡2,54.0,田辺裕信,1:38.9,3,12-12,36.6,11.2,6.0,476.0,0.0,[東]鹿戸雄一,成塚清志,0.0,2018104783,1075,1097,333030
202004030105,15,2,3,キャメルクラッチ,牝2,52.0,菅原明良,1:39.4,3,14-15,36.1,130.9,15.0,410.0,0.0,[東]浅野洋一,ＴＵＲＨ,0.0,2018103014,1179,421,74700
202004030105,16,7,15,イワナ,牡2,54.0,丸山元気,1:39.7,1.3/4,18-18,36.1,32.0,10.0,470.0,0.0,[東]久保田貴,越村哲男,0.0,2018100055,1127,1067,302031
202004030105,17,1,2,カンタベリーマッハ,牡2,54.0,武士沢友,1:40.1,2.1/2,1-1,39.4,159.9,16.0,492.0,0.0,[東]星野忍,峰哲馬,0.0,2018104308,1029,1030,684006
202004030105,18,3,6,アポロカイト,牡2,54.0,武藤雅,1:40.8,4,17-17,37.0,63.9,13.0,470.0,0.0,[東]武藤善則,アポロサラブレッドクラブ,0.0,2018103623,1169,1064,33700
202004030106,1,1,2,タイガーリリー,牝2,54.0,杉原誠人,1:23.2,,8-8,36.7,16.8,6.0,444.0,0.0,[東]尾関知人,ミルファーム,700.0,2018100593,1135,1103,629800
202004030106,2,8,18,ルルローズ,牝2,54.0,木幡巧也,1:23.3,1/2,6-5,37.0,12.9,4.0,454.0,0.0,[東]伊藤大士,的場徹,280.0,2018105874,1162,1109,766007
202004030106,3,7,13,ブルーライト,牝2,54.0,嘉藤貴行,1:23.5,1.1/4,10-10,36.8,38.0,11.0,442.0,0.0,[東]宗像義忠,高橋文男,180.0,2018101043,1051,420,371009
202004030106,4,2,4,キョウエイロナ,牝2,52.0,菅原明良,1:23.5,ハナ,11-11,36.6,15.7,5.0,418.0,0.0,[東]萱野浩二,田中晴夫,110.0,2018104298,1179,1024,619002
202004030106,5,4,8,スノウリリー,牝2,54.0,柴田大知,1:23.5,クビ,4-5,37.3,25.2,8.0,402.0,0.0,[東]高橋祥泰,ビッグレッドファーム,70.0,2018102672,1009,359,716800
202004030106,6,8,16,ムーニーアイズ,牝2,54.0,江田照男,1:23.6,クビ,8-8,37.1,54.8,13.0,410.0,0.0,[東]粕谷昌央,岡田牧雄,0.0,2018103557,689,1096,851009
202004030106,7,3,5,カラパタール,牝2,54.0,丸山元気,1:23.6,アタマ,1-1,37.9,4.8,3.0,458.0,0.0,[東]池上昌和,シルクレーシング,0.0,2018105383,1127,1150,506800
202004030106,8,6,11,ブルーダイヤ,牝2,54.0,津村明秀,1:23.7,1/2,6-5,37.4,4.2,2.0,462.0,0.0,[東]小笠倫弘,古川智洋,0.0,2018101406,1092,1076,362008
202004030106,9,8,17,トップシンデレラ,牝2,54.0,野中悠太,1:23.8,1/2,4-3,37.7,48.9,12.0,446.0,0.0,[東]古賀史生,平賀久枝,0.0,2018106046,1158,392,729005
202004030106,10,6,12,サンミラー,牝2,54.0,Ｍ．デム,1:25.2,8,2-2,39.3,3.5,1.0,430.0,0.0,[東]堀井雅広,諸岡慶,0.0,2018100228,5212,436,951033
202004030106,11,3,6,トーセンサンドラ,牝2,54.0,武士沢友,1:25.2,アタマ,12-12,37.7,105.9,15.0,478.0,0.0,[東]杉浦宏昭,島川隆哉,0.0,2018105637,1029,1008,270006
202004030106,12,1,1,フライアカイト,牝2,54.0,田中勝春,1:25.3,3/4,14-13,37.4,180.9,17.0,398.0,0.0,[東]尾形和幸,小林由明,0.0,2018106441,684,1141,933033
202004030106,13,4,7,ベルザキャット,牝2,54.0,西村太一,1:25.5,3/4,12-13,37.9,107.6,16.0,440.0,0.0,[東]高橋文雅,ミルファーム,0.0,2018103591,1131,1134,629800
202004030106,14,5,9,グラスファミーユ,牝2,54.0,的場勇人,1:25.5,アタマ,2-3,39.5,19.7,7.0,474.0,0.0,[東]牧光二,半沢,0.0,2018102680,1108,1106,541800
202004030106,15,5,10,アプリ,牝2,53.0,菊沢一樹,1:25.7,1.1/4,16-15,37.4,194.8,18.0,496.0,0.0,[東]田中清隆,サンコウ牧場,0.0,2018103839,1161,408,738800
202004030106,16,7,14,キュン,牝2,54.0,岩田康誠,1:26.0,1.3/4,17-17,36.5,28.7,9.0,466.0,0.0,[東]戸田博文,吉澤ホールディングス,0.0,2018102433,5203,1054,346803
202004030106,17,2,3,ピックアペタル,牝2,53.0,斎藤新,1:26.8,5,14-15,38.9,87.5,14.0,466.0,0.0,[東]林徹,北原摩留,0.0,2018103768,1178,1163,435031
202004030106,18,7,15,グリーンシュート,牝2,53.0,木幡育也,1:27.3,3,18-18,37.4,32.4,10.0,418.0,0.0,[東]高橋祥泰,ゴドルフィン,0.0,2018100689,1167,359,3060
202004030107,1,8,18,フェルマーテ,牝3,53.0,岩田望来,1:48.1,,5-5,35.7,3.2,2.0,482.0,-4.0,[東]戸田博文,Ｇ１レーシング,510.0,2017105089,1174,1054,808800
202004030107,2,7,13,イルミナル,牝3,54.0,戸崎圭太,1:48.5,2.1/2,5-3,36.3,2.5,1.0,414.0,0.0,[東]奥村武,キャロットファーム,200.0,2017105296,5386,1145,486800
202004030107,3,7,14,シャドウワルツ,牡3,56.0,Ｍ．デム,1:48.6,1/2,7-9,36.1,26.7,7.0,424.0,4.0,[東]斎藤誠,飯塚知一,130.0,2017104891,5212,1086,308002
202004030107,4,3,5,デルニエエトワール,牝3,54.0,丸山元気,1:48.6,クビ,7-5,36.3,16.0,6.0,488.0,6.0,[東]大竹正博,大樹ファーム,77.0,2017106340,1127,1102,536800
202004030107,5,3,6,テルヌーラ,牝3,54.0,北村宏司,1:48.8,1.1/4,2-2,36.8,11.4,5.0,458.0,-4.0,[東]木村哲也,吉田勝己,51.0,2017105459,1043,1126,790005
202004030107,6,5,9,コスモレペティール,牝3,54.0,柴田大知,1:48.8,アタマ,15-15,35.9,33.0,8.0,426.0,6.0,[東]萱野浩二,ビッグレッドファーム,0.0,2017101911,1009,1024,716800
202004030107,7,4,8,アエローザ,牝3,52.0,藤田菜七,1:48.9,1/2,15-15,35.9,127.6,14.0,414.0,-4.0,[東]池上昌和,ゴドルフィン,0.0,2017106610,1164,1150,3060
202004030107,8,2,4,リライトザスターズ,牝3,54.0,田辺裕信,1:49.0,1/2,4-3,36.9,10.1,4.0,488.0,-4.0,[東]尾関知人,飯田良枝,0.0,2017103801,1075,1103,669007
202004030107,9,4,7,ラインストリーム,牡3,56.0,武藤雅,1:49.0,アタマ,17-17,35.8,43.7,9.0,440.0,-4.0,[東]武藤善則,大澤繁昌,0.0,2017100760,1169,1064,796002
202004030107,10,8,17,トロワシャルム,牡3,56.0,三浦皇成,1:49.0,ハナ,7-10,36.4,7.2,3.0,476.0,6.0,[東]鹿戸雄一,村野康司,0.0,2017104823,1122,1097,338007
202004030107,11,1,2,エルサフィーロ,牡3,56.0,内田博幸,1:49.2,1.1/4,7-5,36.9,104.0,13.0,460.0,0.0,[東]栗田徹,キャロットファーム,0.0,2017105657,422,1127,486800
202004030107,12,1,1,ツキニカリ,牡3,55.0,斎藤新,1:49.3,3/4,11-10,36.7,60.2,10.0,546.0,-4.0,[東]菊沢隆徳,シルクレーシング,0.0,2017105274,1178,1115,506800
202004030107,13,6,12,ランサムトラップ,牝3,51.0,原優介,1:49.4,クビ,14-14,36.7,290.6,16.0,418.0,0.0,[東]根本康広,福田光博,0.0,2017101686,1184,1029,615030
202004030107,14,5,10,ペイシャバレー,牝3,54.0,伴啓太,1:49.7,1.3/4,17-17,36.5,552.4,18.0,432.0,-4.0,[東]高橋義博,北所直人,0.0,2017105755,1149,1036,163002
202004030107,15,2,3,トモエタカ,牡3,53.0,小林凌大,1:49.7,クビ,11-10,37.1,477.2,17.0,436.0,2.0,[東]中野栄治,石井義孝,0.0,2017103322,1177,1010,864004
202004030107,16,7,15,レッドマリアベール,牝3,52.0,菅原明良,1:49.7,ハナ,11-10,36.8,65.0,12.0,474.0,-10.0,[東]鹿戸雄一,東京ホースレーシング,0.0,2017105425,1179,1097,180800
202004030107,17,8,16,リュウノルフィ,牡3,56.0,柴田善臣,1:50.7,6,3-5,38.1,60.4,11.0,448.0,-2.0,[東]小野次郎,蓑島竜一,0.0,2017103658,641,1125,99031
202004030107,18,6,11,ショウナンアサヤケ,牡3,56.0,野中悠太,1:50.9,1.1/2,1-1,39.0,220.6,15.0,500.0,6.0,[東]武市康男,国本哲秀,0.0,2017100675,1158,1089,331002
202004030108,1,3,4,カミノホウオー,牡3,52.0,藤田菜七,1:11.7,,3-5,37.0,1.9,1.0,504.0,-4.0,[東]竹内正洋,村上正喜,760.0,2017109074,1164,1152,913008
202004030108,2,6,10,サクラボヌール,牝5,54.0,菊沢一樹,1:11.9,1.1/4,12-14,36.3,22.2,7.0,486.0,12.0,[東]勢司和浩,さくらコマース,300.0,2015105856,1161,1047,19800
202004030108,3,6,11,ベルポート,牝4,55.0,北村宏司,1:12.1,1.1/2,2-2,37.6,25.3,9.0,456.0,-2.0,[東]勢司和浩,大社聡,190.0,2016105215,1043,1047,364030
202004030108,4,5,8,ロマンスマジック,牝6,55.0,江田照男,1:12.2,1/2,9-7,36.9,64.8,12.0,470.0,10.0,[東]奥平雅士,ミルファーム,110.0,2014101340,689,1074,629800
202004030108,5,2,3,タマモキャペリン,牝4,55.0,武藤雅,1:12.2,クビ,6-6,37.2,42.5,10.0,462.0,4.0,[東]水野貴広,タマモ,76.0,2016100216,1169,1094,515800
202004030108,6,1,1,オールミラージュ,牡4,56.0,木幡育也,1:12.3,クビ,9-7,37.0,192.3,15.0,456.0,10.0,[東]深山雅史,田頭勇貴,0.0,2016103505,1167,1174,855030
202004030108,7,2,2,オメガドーヴィル,牝4,55.0,Ｍ．デム,1:12.4,1/2,15-15,36.6,10.1,4.0,408.0,8.0,[東]高柳瑞樹,原禮子,0.0,2016104967,5212,1118,8803
202004030108,8,8,15,ブロンドキュート,牝5,52.0,原優介,1:12.4,クビ,3-2,37.7,124.4,13.0,454.0,-4.0,[東]松山将樹,友駿ホースクラブ,0.0,2015101985,1184,1100,321800
202004030108,9,8,14,アポロアミ,牝5,53.0,菅原明良,1:12.5,1/2,12-11,37.0,18.6,6.0,462.0,-8.0,[東]矢野英一,アポロサラブレッドクラブ,0.0,2015101491,1179,1108,33700
202004030108,10,7,13,シアトルトウショウ,牝5,55.0,岩部純二,1:12.6,3/4,9-11,37.3,22.7,8.0,480.0,-4.0,[東]萱野浩二,トウショウ産業,0.0,2015105306,726,1024,78800
202004030108,11,5,9,カイアワセ,牝3,52.0,武士沢友,1:12.6,ハナ,12-11,37.1,16.0,5.0,424.0,-16.0,[東]星野忍,内田玄祥,0.0,2017100167,1029,1030,149033
202004030108,12,4,7,ジュディシャス,牡4,57.0,石橋脩,1:12.8,3/4,3-2,38.1,8.7,3.0,516.0,0.0,[東]池上昌和,ゴドルフィン,0.0,2016103322,1077,1150,3060
202004030108,13,7,12,ヨシオドライヴ,牡3,53.0,岩田望来,1:12.8,クビ,7-7,37.6,4.9,2.0,498.0,-2.0,[東]清水英克,井村誉志雄,0.0,2017100553,1174,1080,45033
202004030108,14,4,6,モーンストルム,牝4,55.0,柴田大知,1:12.9,クビ,1-1,38.6,53.4,11.0,428.0,-6.0,[東]高橋祥泰,ブルースターズファーム,0.0,2016105675,1009,359,27803
202004030108,15,3,5,セイクリッドサン,牡4,56.0,斎藤新,1:12.9,ハナ,7-7,37.7,126.8,14.0,468.0,16.0,[東]武藤善則,高橋文男,0.0,2016100327,1178,1064,371009
202004030109,1,1,1,テルツェット,牝3,52.0,三浦皇成,1:33.3,,8-9,33.9,3.8,1.0,428.0,12.0,[東]和田正一,シルクレーシング,1099.9,2017105607,1122,1114,506800
202004030109,2,6,11,リーディングパート,牝3,52.0,岩田望来,1:33.8,3,6-5,34.6,9.0,4.0,426.0,14.0,[東]矢野英一,キャロットファーム,431.4,2017105410,1174,1108,486800
202004030109,3,8,17,マイネルプリンチペ,牡5,57.0,柴田大知,1:33.8,アタマ,8-10,34.3,13.0,7.0,460.0,-4.0,[東]畠山吉宏,サラブレッドクラブ・ラフィアン,275.7,2015100751,1009,1048,546800
202004030109,4,4,7,アポロヴィクトリア,牝3,52.0,木幡巧也,1:34.2,2.1/2,2-2,35.4,26.8,11.0,430.0,6.0,[東]岩戸孝樹,アポロサラブレッドクラブ,160.0,2017102566,1162,1051,33700
202004030109,5,7,14,フォースオブウィル,牡3,54.0,柴田善臣,1:34.2,ハナ,11-11,34.6,6.8,3.0,458.0,-2.0,[東]粕谷昌央,柳原克哉,106.0,2017106000,641,1096,692033
202004030109,6,7,13,カンパーニャ,牡4,57.0,田中勝春,1:34.4,1,12-13,34.6,41.5,13.0,452.0,-4.0,[東]畠山吉宏,村野康司,0.0,2016103099,684,1048,338007
202004030109,7,6,12,シーシーサザン,牝3,52.0,菅原明良,1:34.5,1/2,14-14,34.7,13.2,8.0,436.0,0.0,[東]武井亮,吉田照哉,0.0,2017104799,1179,1147,758005
202004030109,8,3,6,グランエクセレント,牡3,54.0,田辺裕信,1:34.5,クビ,12-11,34.9,11.6,5.0,506.0,-2.0,[東]石毛善彦,田畑利彦,0.0,2017102920,1075,428,464030
202004030109,9,5,10,サトノマックス,牡6,57.0,Ｍ．デム,1:34.7,1,15-14,34.9,6.1,2.0,500.0,2.0,[東]堀宣行,里見治紀,0.0,2014106196,5212,1070,658033
202004030109,10,8,15,イザラ,牝3,52.0,戸崎圭太,1:34.7,アタマ,4-5,35.6,11.8,6.0,446.0,0.0,[東]加藤征弘,栗坂崇,0.0,2017102466,5386,1059,290006
202004030109,11,8,16,フィリアーノ,牡4,57.0,津村明秀,1:34.8,1/2,6-7,35.4,16.6,9.0,460.0,0.0,[東]手塚貴久,吉田勝己,0.0,2016104818,1092,1038,790005
202004030109,12,1,2,コスモスタック,牡3,54.0,石橋脩,1:35.0,1.1/2,1-1,36.6,34.1,12.0,464.0,6.0,[東]堀井雅広,ビッグレッドファーム,0.0,2017101967,1077,436,716800
202004030109,13,3,5,ネバーゴーンアウト,牡3,54.0,武藤雅,1:35.0,クビ,16-16,35.0,49.9,14.0,476.0,-12.0,[東]鹿戸雄一,岡田牧雄,0.0,2017102518,1169,1097,851009
202004030109,14,2,3,スリリングドリーム,牝3,52.0,丸山元気,1:35.3,1.3/4,4-3,36.4,67.1,15.0,462.0,16.0,[東]小野次郎,サラブレッドクラブ・ラフィアン,0.0,2017101596,1127,1125,546800
202004030109,15,5,9,サクララージャン,牡4,57.0,北村宏司,1:35.7,2.1/2,8-7,36.4,118.2,16.0,490.0,4.0,[東]金成貴史,さくらコマース,0.0,2016105913,1043,1132,19800
202004030109,16,4,8,リワードノルン,牝4,55.0,横山典弘,1:36.6,5,3-3,37.6,20.9,10.0,468.0,4.0,[東]藤原辰雄,宮崎冴子,0.0,2016102259,660,435,988002
202004030109,17,2,4,ニシノレオニダス,牡3,54.0,野中悠太,1:40.0,大,17-17,38.6,198.5,17.0,516.0,8.0,[東]中舘英二,西山茂行,0.0,2017102112,1158,1153,897009
202004030110,1,1,1,アーデンフォレスト,牡4,57.0,岩田望来,1:21.0,,6-5,34.8,4.2,2.0,452.0,-2.0,[西]藤原英昭,シルクレーシング,1539.9,2016104678,1174,1055,506800
202004030110,2,4,7,オーマイガイ,牡7,57.0,岩田康誠,1:21.0,クビ,1-1,35.5,6.4,3.0,476.0,2.0,[西]河内洋,廣崎利洋,611.4,2013106472,5203,1072,539002
202004030110,3,5,9,エクレアスピード,セ4,57.0,嘉藤貴行,1:21.3,2,8-8,35.0,73.4,14.0,466.0,-6.0,[東]大和田成,李柱坤,385.7,2016100097,1051,1124,8060
202004030110,4,4,8,ショウナンバニラ,牝4,55.0,田辺裕信,1:21.4,クビ,10-10,34.8,24.0,10.0,442.0,18.0,[東]武市康男,湘南,230.0,2016103415,1075,1089,679800
202004030110,5,1,2,ディアボレット,牝5,55.0,武藤雅,1:21.4,ハナ,13-12,34.5,12.7,6.0,468.0,-2.0,[西]加用正,協栄,150.0,2015101549,1169,425,959800
202004030110,6,6,12,ココフィーユ,牝4,55.0,Ｍ．デム,1:21.4,ハナ,2-2,35.7,17.9,8.0,444.0,0.0,[東]斎藤誠,スリーエイチレーシング,0.0,2016105199,5212,1086,72803
202004030110,7,2,4,ルガーサント,牝3,52.0,戸崎圭太,1:21.4,クビ,5-5,35.4,3.4,1.0,428.0,-2.0,[西]西村真幸,ターフ・スポート,0.0,2017106130,5386,1148,102800
202004030110,8,5,10,スズカアーチスト,牝5,55.0,江田照男,1:21.5,1/2,8-8,35.2,16.0,7.0,460.0,2.0,[東]柄崎孝,永井啓弍,0.0,2015102123,689,380,382004
202004030110,9,3,5,シュバルツボンバー,セ5,57.0,斎藤新,1:21.7,1,17-17,34.5,45.6,11.0,510.0,-8.0,[西]須貝尚介,桑田牧場,0.0,2015104811,1178,1105,791800
202004030110,10,6,11,マジックバローズ,牡5,57.0,北村宏司,1:21.9,1.1/4,6-5,35.8,22.2,9.0,462.0,2.0,[西]清水久詞,猪熊広次,0.0,2015101342,1043,1110,859007
202004030110,11,7,14,プリミエラムール,牝4,55.0,丸田恭介,1:21.9,クビ,12-14,35.1,49.4,12.0,446.0,-2.0,[東]田島俊明,ライオンレースホース,0.0,2016101907,1117,1112,542800
202004030110,12,3,6,エリンアクトレス,牝4,55.0,木幡育也,1:22.0,3/4,3-3,36.1,78.7,15.0,498.0,14.0,[東]清水英克,田頭勇貴,0.0,2016100401,1167,1080,855030
202004030110,13,8,17,コスモリモーネ,牡3,54.0,柴田大知,1:22.0,ハナ,3-3,36.2,100.8,16.0,516.0,12.0,[東]高橋裕,岡田繁幸,0.0,2017103404,1009,412,760008
202004030110,14,7,15,エイシンスレイマン,牡6,57.0,石橋脩,1:22.0,クビ,13-12,35.1,10.9,4.0,474.0,-2.0,[西]西園正都,栄進堂,0.0,2014103284,1077,1028,785800
202004030110,15,2,3,ウィンターリリー,牝4,55.0,柴田善臣,1:22.1,クビ,16-16,35.0,50.9,13.0,436.0,4.0,[東]大江原哲,田頭勇貴,0.0,2016102617,641,1012,855030
202004030110,16,8,18,タガノカルラ,牡4,57.0,丸山元気,1:22.1,クビ,10-10,35.6,11.1,5.0,444.0,-20.0,[西]本田優,八木良司,0.0,2016100520,1127,1099,859002
202004030110,17,8,16,ジューンシルフィア,牝4,55.0,木幡巧也,1:22.2,クビ,18-18,34.9,318.2,18.0,440.0,-6.0,[西]松下武士,吉川潤,0.0,2016102611,1162,1149,17803
202004030110,18,7,13,ペイシャエヴァー,牡6,57.0,野中悠太,1:22.3,3/4,13-14,35.4,233.1,17.0,494.0,8.0,[東]小笠倫弘,北所直人,0.0,2014101230,1158,1076,163002
202004030111,1,1,1,ウルトラマリン,牝3,52.0,横山典弘,1:10.0,,4-4,36.6,3.6,2.0,478.0,6.0,[西]今野貞一,吉澤ホールディングス,1852.9,2017103718,660,1128,346803
202004030111,2,7,13,テルモードーサ,牝4,55.0,Ｍ．デム,1:10.6,3.1/2,2-2,37.6,12.4,5.0,530.0,12.0,[西]高橋康之,吉田勝己,739.4,2016104613,5212,1135,790005
202004030111,3,7,12,マラードザレコード,セ6,57.0,三浦皇成,1:10.6,クビ,1-1,37.8,14.7,6.0,462.0,-2.0,[西]鈴木孝志,岡田牧雄,367.4,2014110029,1122,1111,851009
202004030111,3,8,15,フォルツァエフ,牡5,57.0,田中勝春,1:10.6,同着,6-7,37.0,107.0,15.0,492.0,4.0,[西]森秀行,大野剛嗣,367.4,2015110063,684,427,265033
202004030111,5,5,8,メイショウラビエ,牝5,55.0,斎藤新,1:10.7,クビ,13-13,35.6,89.4,13.0,494.0,4.0,[西]池添兼雄,松本好雄,182.0,2015102637,1178,1021,523005
202004030111,6,3,5,ロードラズライト,セ5,57.0,柴田大知,1:10.8,1/2,10-9,36.5,24.1,7.0,444.0,-4.0,[西]浅見秀一,ロードホースクラブ,0.0,2015102391,1009,411,170800
202004030111,7,8,14,スズカモナミ,牝6,55.0,北村宏司,1:10.8,クビ,12-12,36.3,74.0,12.0,432.0,4.0,[西]吉村圭司,永井啓弍,0.0,2014103370,1043,1130,382004
202004030111,8,2,2,メイショウミライ,牡5,57.0,田辺裕信,1:11.0,3/4,6-6,37.3,2.7,1.0,498.0,4.0,[西]南井克巳,松本好雄,0.0,2015103109,1075,1049,523005
202004030111,9,5,9,トウカイパシオン,牝5,55.0,江田照男,1:11.1,3/4,2-2,38.1,24.6,8.0,452.0,2.0,[東]菊川正達,内村正則,0.0,2015103088,689,1052,695004
202004030111,10,6,10,ダノンジャスティス,牡4,57.0,津村明秀,1:11.2,クビ,6-7,37.5,35.4,11.0,498.0,12.0,[東]田中博康,ダノックス,0.0,2016104855,1092,1162,619800
202004030111,11,2,3,ロジヒューズ,牝5,55.0,内田博幸,1:11.5,2,15-15,36.2,28.7,9.0,498.0,6.0,[東]古賀慎明,久米田正明,0.0,2015100131,422,1079,399030
202004030111,12,4,7,アルーアキャロル,セ7,57.0,丸山元気,1:11.5,クビ,10-9,37.3,31.7,10.0,490.0,-18.0,[東]新開幸一,シルクレーシング,0.0,2013105961,1127,1116,506800
202004030111,13,6,11,シスル,牝5,55.0,木幡巧也,1:11.6,クビ,4-4,38.3,8.9,4.0,506.0,-2.0,[東]新開幸一,中村祐子,0.0,2015102313,1162,1116,373008
202004030111,14,4,6,ショウナンタイガ,牡4,57.0,木幡育也,1:11.6,クビ,14-14,36.4,98.5,14.0,478.0,-4.0,[西]池添兼雄,国本哲秀,0.0,2016104289,1167,1021,331002
202004030111,15,3,4,メイプルグレイト,牡5,57.0,戸崎圭太,1:12.0,2.1/2,9-9,38.0,7.7,3.0,514.0,2.0,[西]清水久詞,節英司,0.0,2015102168,5386,1110,390002
202004030112,1,2,2,ブルーノジュネス,牡3,54.0,田中勝春,1:53.9,,5-3-4-4,37.9,3.2,1.0,484.0,4.0,[東]宗像義忠,島川隆哉,760.0,2017104442,684,420,270006
202004030112,2,6,10,アポロティアモ,牡3,54.0,木幡巧也,1:54.0,3/4,3-3-2-2,38.5,7.0,4.0,500.0,2.0,[東]岩戸孝樹,アポロサラブレッドクラブ,300.0,2017100035,1162,1051,33700
202004030112,3,5,9,マイネルイヴィンス,セ4,57.0,柴田大知,1:54.3,1.1/2,6-6-5-6,38.1,10.2,5.0,506.0,6.0,[東]清水英克,永見貴昭,190.0,2016100757,1009,1080,201033
202004030112,4,2,3,ヤークトボマー,牡4,57.0,宮崎北斗,1:54.4,3/4,12-13-10-8,37.8,98.2,14.0,466.0,-2.0,[東]中川公成,西森鶴,110.0,2016101308,1118,1081,677009
202004030112,5,6,11,バイシュラバナ,牡3,54.0,横山典弘,1:54.7,1.1/2,7-7-5-5,38.5,4.7,2.0,478.0,10.0,[東]久保田貴,草間庸文,76.0,2017103803,660,1067,909006
202004030112,6,7,12,サルーテ,牡5,57.0,武藤雅,1:54.7,ハナ,12-13-3-3,39.0,20.5,8.0,556.0,-4.0,[東]高木登,小菅定雄,0.0,2015104349,1169,1088,127008
202004030112,7,3,4,カッティングロック,牡3,54.0,井上敏樹,1:54.8,3/4,15-15-14-14,37.4,52.6,12.0,514.0,8.0,[東]相沢郁,石瀬浩三,0.0,2017100725,1151,1020,812008
202004030112,8,3,5,シャドウアロング,セ4,57.0,Ｍ．デム,1:54.9,クビ,8-8-8-8,38.4,16.3,7.0,460.0,-6.0,[東]林徹,飯塚知一,0.0,2016105154,5212,1163,308002
202004030112,9,1,1,ユキノアンビシャス,牡5,57.0,柴田善臣,1:55.2,2,12-12-11-11,38.5,14.3,6.0,492.0,-6.0,[東]新開幸一,井上基之,0.0,2015106095,641,1116,623005
202004030112,10,5,8,ブレイクザボーダー,牡3,52.0,菅原明良,1:55.5,1.3/4,2-2-1-1,40.0,46.3,11.0,480.0,8.0,[東]畠山吉宏,グランデオーナーズ,0.0,2017102542,1179,1048,910800
202004030112,11,4,7,ロジポルカ,牡4,57.0,内田博幸,1:55.7,1.1/4,10-9-11-11,38.9,23.7,9.0,468.0,-6.0,[東]菊沢隆徳,久米田正明,0.0,2016100920,422,1115,399030
202004030112,12,8,15,サンセットオーラ,牡5,57.0,西田雄一,1:55.9,3/4,9-9-13-13,38.8,301.4,15.0,446.0,-8.0,[東]藤原辰雄,Ｎ．Ｓ．Ｒ．Ｃ,0.0,2015100284,1004,435,45700
202004030112,13,7,13,ナガレボシトリキシ,牡4,56.0,菊沢一樹,1:56.1,1.1/2,10-11-8-8,39.7,75.0,13.0,530.0,14.0,[東]中野栄治,芳賀克也,0.0,2016102777,1161,1010,247030
202004030112,14,8,14,アルヒミスト,牝3,52.0,戸崎圭太,1:58.7,大,3-3-5-6,42.6,35.0,10.0,430.0,17.0,[東]蛯名利弘,ブルースターズファーム,0.0,2017101899,5386,1131,27803
202004030112,-1,4,6,チェリートリトン,牡6,54.0,小林凌大,,,,,,,,,[東]小西一男,櫻井悦朗,0.0,2014103928,1177,405,527030
202004030202,1,5,7,アンブローニュ,牡3,56.0,北村宏司,1:52.6,,2-2-2-2,37.6,8.0,3.0,480.0,6.0,[東]根本康広,ノルマンディーサラブレッドレーシング,510.0,2017103272,1043,1029,854800
202004030202,2,4,5,ジチュダケテソーロ,牡3,56.0,三浦皇成,1:54.1,9,7-7-4-4,38.6,5.4,2.0,500.0,0.0,[東]加藤士津,了徳寺健二ホールディングス,200.0,2017100044,1122,1169,89803
202004030202,3,1,1,キットサクラサク,牡3,56.0,木幡巧也,1:54.4,1.1/2,1-1-1-1,39.4,8.1,4.0,466.0,-2.0,[東]高木登,塩川和則,130.0,2017106020,1162,1088,430002
202004030202,4,2,2,ワンダーサーイター,牡3,56.0,菅原隆一,1:54.6,1.1/2,7-7-11-11,38.5,23.9,6.0,456.0,6.0,[東]畠山吉宏,山本能成,77.0,2017102751,1129,1048,184033
202004030202,5,3,4,ファクトベース,牡3,54.0,菅原明良,1:54.6,クビ,10-9-10-8,38.7,8.4,5.0,482.0,-4.0,[東]久保田貴,社台レースホース,51.0,2017105004,1179,1067,415800
202004030202,6,6,10,ドリームメッセージ,牡3,56.0,戸崎圭太,1:54.7,1/2,2-3-3-3,39.5,1.9,1.0,444.0,2.0,[東]中川公成,堀口晴男,0.0,2017103025,5386,1081,407033
202004030202,7,8,14,ピュアファンタジー,牝3,54.0,大庭和弥,1:56.2,9,13-13-12-12,39.8,29.4,9.0,470.0,-2.0,[東]蛯名利弘,堀口晴男,0.0,2017100656,1061,1131,407033
202004030202,8,7,11,ベアーズレター,牡3,55.0,菊沢一樹,1:56.2,ハナ,14-14-14-12,39.4,331.6,13.0,478.0,18.0,[東]佐藤吉勝,熊坂俊一,0.0,2017102047,1161,1035,389008
202004030202,9,5,8,サバイバルボス,牡3,56.0,丸山元気,1:56.5,2,4-5-6-6,40.8,83.9,11.0,504.0,6.0,[東]和田雄二,福田光博,0.0,2017105941,1127,1143,615030
202004030202,10,6,9,シアンフィデール,セ3,56.0,内田博幸,1:56.6,クビ,11-11-6-6,40.9,75.7,10.0,510.0,6.0,[東]田村康仁,吉田勝己,0.0,2017105599,422,1027,790005
202004030202,11,7,12,ウインオーサム,セ3,56.0,伊藤工真,1:58.1,9,7-9-4-5,42.6,107.3,12.0,458.0,-2.0,[東]中舘英二,ウイン,0.0,2017101435,1119,1153,494800
202004030202,12,4,6,キルケニー,牡3,55.0,斎藤新,1:58.1,アタマ,11-11-12-14,41.7,24.6,7.0,520.0,-12.0,[東]尾関知人,シルクレーシング,0.0,2017105606,1178,1103,506800
202004030202,13,8,13,ルーレットエルフ,牡3,53.0,原優介,1:58.3,1,4-5-6-8,42.6,362.6,14.0,506.0,0.0,[東]青木孝文,ヒダカ・ブリーダーズ・ユニオン,0.0,2017100905,1184,1156,547800
202004030202,14,3,3,ハクサンフルリール,牡3,56.0,江田照男,2:00.0,大,4-3-6-10,44.3,27.7,8.0,436.0,-6.0,[東]武藤善則,河崎五市,0.0,2017103054,689,1064,841030
202004030203,1,3,5,ロンギングバース,牡2,54.0,石橋脩,1:10.2,,2-2,35.7,3.4,1.0,450.0,2.0,[東]竹内正洋,坂本浩一,510.0,2018102216,1077,1152,113030
202004030203,2,2,4,コスモサンレミ,牝2,54.0,柴田大知,1:10.3,1/2,1-1,35.9,3.9,2.0,444.0,2.0,[東]中野栄治,ビッグレッドファーム,200.0,2018101782,1009,1010,716800
202004030203,3,2,3,アッシュグレー,牝2,54.0,嶋田純次,1:10.3,クビ,4-3,35.5,28.7,8.0,442.0,6.0,[東]南田美知,ミルファーム,130.0,2018106798,1134,437,629800
202004030203,4,8,16,ヒロインカラーズ,牝2,53.0,木幡育也,1:10.4,1/2,7-8,35.4,8.0,3.0,448.0,-2.0,[東]高橋祥泰,鈴木芳夫,77.0,2018101627,1167,359,639009
202004030203,5,3,6,ラインプリンス,牡2,54.0,戸崎圭太,1:10.5,3/4,13-12,34.9,8.8,4.0,474.0,-4.0,[東]水野貴広,大澤繁昌,51.0,2018103602,5386,1094,796002
202004030203,6,1,1,ランディングホース,牡2,52.0,菅原明良,1:10.6,3/4,9-9,35.3,15.1,7.0,420.0,0.0,[東]古賀史生,矢野恭裕,0.0,2018100261,1179,392,43033
202004030203,7,1,2,スターインパクト,牡2,51.0,原優介,1:10.6,アタマ,9-9,35.4,310.3,18.0,422.0,0.0,[東]杉浦宏昭,伊東純一,0.0,2018101170,1184,1008,934006
202004030203,8,4,7,ジュンジョウカレン,牝2,54.0,宮崎北斗,1:10.6,クビ,3-3,35.9,9.1,5.0,416.0,0.0,[東]松山将樹,スリースターズレーシング,0.0,2018102841,1118,1100,22700
202004030203,9,5,10,スノークリスマス,牝2,54.0,杉原誠人,1:10.8,1.1/4,4-5,36.0,9.4,6.0,430.0,0.0,[東]斎藤誠,ミルファーム,0.0,2018102801,1135,1086,629800
202004030203,10,8,17,ベアフューチャー,牡2,51.0,小林脩斗,1:10.9,1/2,7-7,36.0,284.3,15.0,468.0,4.0,[東]杉浦宏昭,熊木浩,0.0,2018103287,1183,1008,372033
202004030203,11,6,11,ルミナスライン,牝2,51.0,小林凌大,1:11.1,1,4-5,36.3,139.7,11.0,408.0,4.0,[東]清水英克,ブルースターズファーム,0.0,2018100073,1177,1080,27803
202004030203,12,6,12,ペトリコール,牝2,52.0,藤田菜七,1:11.3,1,12-12,35.9,45.0,9.0,398.0,0.0,[東]畠山吉宏,ＹＧＧホースクラブ,0.0,2018103011,1164,1048,188800
202004030203,13,7,15,バルネージュ,セ2,54.0,木幡巧也,1:11.5,1.1/2,9-9,36.2,46.5,10.0,508.0,10.0,[東]牧光二,手嶋康雄,0.0,2018103832,1162,1106,759030
202004030203,14,4,8,トーティシェル,牝2,54.0,江田照男,1:11.7,1.1/4,16-15,35.4,208.2,14.0,402.0,-4.0,[東]大江原哲,ミルファーム,0.0,2018106592,689,1012,629800
202004030203,15,7,14,トーアテンニョ,牝2,54.0,田中勝春,1:11.9,1,13-14,36.3,178.3,13.0,408.0,2.0,[東]藤原辰雄,高山ランド,0.0,2018105741,684,435,784800
202004030203,16,7,13,パンナコッタ,牝2,54.0,野中悠太,1:12.1,1.1/4,15-15,36.0,303.2,16.0,418.0,2.0,[東]根本康広,田頭勇貴,0.0,2018104187,1158,1029,855030
202004030203,17,8,18,キタノインスパイア,牝2,54.0,岩部純二,1:13.1,6,17-17,36.6,157.1,12.0,440.0,0.0,[東]萱野浩二,北所直人,0.0,2018103397,726,1024,163002
202004030203,18,5,9,ホタルマル,牡2,54.0,井上敏樹,1:13.8,4,18-18,36.7,307.4,17.0,472.0,12.0,[東]和田正一,スピードファーム,0.0,2018101727,1151,1114,911800
202004030204,1,7,13,ピュアプリンセス,牝3,53.0,木幡育也,1:11.9,,2-2,37.4,4.4,2.0,466.0,0.0,[東]加藤和宏,田畑利彦,510.0,2017105838,1167,1077,464030
202004030204,2,8,14,メシアン,牝3,52.0,菅原明良,1:11.9,クビ,2-2,37.3,11.8,7.0,458.0,0.0,[東]和田勇介,梶本尚嗣,200.0,2017103454,1179,1165,956033
202004030204,3,5,9,マベルロンジュ,牝3,53.0,斎藤新,1:12.1,1.1/2,7-7,37.1,29.7,9.0,476.0,12.0,[東]斎藤誠,落合幸弘,130.0,2017100389,1178,1086,252030
202004030204,4,2,2,チャームインレース,牝3,54.0,三浦皇成,1:12.2,クビ,11-11,36.7,4.0,1.0,478.0,2.0,[東]中川公成,高橋明裕,77.0,2017104686,1122,1081,751030
202004030204,5,3,4,スラーリドラーテ,牝3,54.0,岩田康誠,1:12.2,クビ,13-12,36.5,6.5,4.0,468.0,4.0,[東]小島茂之,加藤厚子,51.0,2017101305,5203,1068,446006
202004030204,6,5,8,クサヒバリ,牝3,53.0,岩田望来,1:12.5,1.3/4,4-4,37.8,5.2,3.0,446.0,4.0,[東]武井亮,那須野牧場,0.0,2017109094,1174,1147,51800
202004030204,7,8,15,ミューズ,牝3,53.0,菊沢一樹,1:12.6,1/2,6-6,37.8,183.4,14.0,476.0,4.0,[東]竹内正洋,パニオロ,0.0,2017102087,1161,1152,22803
202004030204,8,2,3,スルーザリミッツ,牝3,52.0,藤田菜七,1:12.8,3/4,9-9,37.5,43.4,11.0,426.0,-6.0,[東]高柳瑞樹,岡田牧雄,0.0,2017101861,1164,1118,851009
202004030204,9,4,7,マインヒロイン,牝3,51.0,原優介,1:12.8,クビ,7-7,37.8,11.7,6.0,418.0,-2.0,[東]萱野浩二,峰哲馬,0.0,2017103221,1184,1024,684006
202004030204,10,1,1,タイセイチアーズ,牝3,54.0,木幡巧也,1:12.8,ハナ,14-13,36.9,44.1,12.0,450.0,4.0,[東]新開幸一,田中成奉,0.0,2017104460,1162,1116,224007
202004030204,11,7,12,スローフード,牝3,54.0,田中勝春,1:13.4,3.1/2,1-1,39.0,25.7,8.0,440.0,-8.0,[東]田島俊明,村野康司,0.0,2017100940,684,1112,338007
202004030204,12,6,10,ワルツフォーラン,牝3,54.0,田辺裕信,1:13.5,クビ,15-15,36.9,9.8,5.0,450.0,0.0,[東]小西一男,松尾正,0.0,2017103616,1075,405,872006
202004030204,13,3,5,キタノエスポワール,牝3,54.0,的場勇人,1:13.7,1.1/4,4-4,39.0,60.6,13.0,450.0,-6.0,[東]高橋義博,北所直人,0.0,2017103030,1108,1036,163002
202004030204,14,4,6,ベルダリーター,牝3,51.0,小林脩斗,1:13.9,1.1/4,11-13,38.3,283.7,15.0,474.0,2.0,[東]水野貴広,桜井忠隆,0.0,2017104571,1183,1094,360009
202004030204,15,6,11,ヴィーナスブレス,牝3,54.0,北村宏司,1:14.3,2.1/2,10-10,38.9,41.3,10.0,478.0,8.0,[東]高橋裕,西森功,0.0,2017101316,1043,412,316031
202004030205,1,1,1,ヴェイルネビュラ,牡2,54.0,福永祐一,1:49.0,,6-6,35.1,1.5,1.0,486.0,0.0,[東]大竹正博,吉田勝己,700.0,2018105349,1014,1102,790005
202004030205,2,4,7,スマートワン,牡2,53.0,斎藤新,1:49.3,1.3/4,1-1,36.2,71.2,11.0,474.0,0.0,[東]加藤士津,橋詰弘一,280.0,2018104827,1178,1169,521033
202004030205,3,3,5,セータステソーロ,牡2,54.0,三浦皇成,1:49.5,1.1/2,12-10,35.1,14.2,4.0,496.0,0.0,[東]高木登,了徳寺健二ホールディングス,180.0,2018101992,1122,1088,89803
202004030205,4,7,13,アドマイヤハレー,牡2,54.0,岩田康誠,1:49.5,ハナ,3-3,35.9,7.6,2.0,454.0,0.0,[東]宮田敬介,近藤旬子,110.0,2018104895,5203,1175,535031
202004030205,5,2,3,ヴルカーノ,牡2,54.0,北村宏司,1:49.6,クビ,6-3,35.9,48.1,9.0,474.0,0.0,[東]稲垣幸雄,宮田守,70.0,2018109026,1043,1167,526030
202004030205,6,4,8,アポロミラクル,牡2,53.0,菊沢一樹,1:49.6,クビ,12-10,35.0,20.9,6.0,496.0,0.0,[東]菊沢隆徳,アポロサラブレッドクラブ,0.0,2018104018,1161,1115,33700
202004030205,7,5,9,リーベ,牝2,54.0,藤井勘一,1:50.0,2.1/2,2-2,36.7,11.5,3.0,478.0,0.0,[西]杉山晴紀,薪浦亨,0.0,2018103037,5525,1157,768006
202004030205,8,3,6,マイネルリリーフ,牡2,54.0,柴田大知,1:50.4,2.1/2,14-14,35.7,57.5,10.0,448.0,0.0,[東]尾関知人,サラブレッドクラブ・ラフィアン,0.0,2018102180,1009,1103,546800
202004030205,9,1,2,ファーブラ,牝2,54.0,石橋脩,1:50.7,1.3/4,9-9,36.4,179.5,15.0,448.0,0.0,[東]相沢郁,星野祐介,0.0,2018106017,1077,1020,362030
202004030205,10,5,10,アオイフェリーチェ,牝2,54.0,横山和生,1:50.8,クビ,14-14,35.8,132.2,13.0,434.0,0.0,[東]小野次郎,鈴木照雄,0.0,2018104739,1140,1125,137030
202004030205,11,7,15,ピュアブラッド,牡2,54.0,内田博幸,1:51.1,1.3/4,17-17,35.9,21.3,7.0,492.0,0.0,[東]尾関知人,Ｇ１レーシング,0.0,2018105493,422,1103,808800
202004030205,12,6,12,パープルレイン,牡2,54.0,津村明秀,1:51.2,1/2,3-3,37.5,251.1,18.0,510.0,0.0,[東]奥村武,山本長恭,0.0,2018105414,1092,1145,408033
202004030205,13,8,16,トゥインクルタワー,牡2,54.0,野中悠太,1:51.3,1/2,9-10,36.7,187.0,16.0,472.0,0.0,[東]相沢郁,畑佐博,0.0,2018106387,1158,1020,78006
202004030205,14,8,18,ケイティローズ,牝2,54.0,木幡巧也,1:51.3,クビ,5-6,37.5,207.7,17.0,422.0,0.0,[東]小野次郎,瀧本和義,0.0,2018104066,1162,1125,83006
202004030205,15,6,11,ゴールドフレイバー,牝2,52.0,菅原明良,1:51.7,2.1/2,17-17,36.5,169.3,14.0,460.0,0.0,[東]石栗龍彦,岡田隆寛,0.0,2018103610,1179,1043,55030
202004030205,16,8,17,ショウナンアストラ,牡2,54.0,丸山元気,1:51.8,クビ,6-6,37.8,23.2,8.0,460.0,0.0,[東]矢野英一,国本哲秀,0.0,2018105611,1127,1108,331002
202004030205,17,2,4,セイハロートゥユー,牡2,54.0,Ｍ．デム,1:52.7,5,16-16,37.3,14.6,5.0,490.0,0.0,[東]牧光二,平田修,0.0,2018104801,5212,1106,11008
202004030205,18,7,14,キボウノヒビキ,牝2,52.0,藤田菜七,1:53.8,7,9-10,38.8,106.7,12.0,378.0,0.0,[東]高橋義博,高橋信博,0.0,2018101552,1164,1036,871006
202004030206,1,8,17,レオハイセンス,牝3,54.0,江田照男,0:55.8,,1,33.4,2.9,1.0,436.0,-4.0,[東]奥平雅士,レオ,510.0,2017102506,689,1074,209800
202004030206,2,2,3,レイチェリー,牝3,54.0,武藤雅,0:56.0,1.1/4,2,33.5,3.9,2.0,424.0,-4.0,[東]尾形和幸,佐藤壽男,200.0,2017103211,1169,1141,274008
202004030206,3,8,18,ナスノメロディー,牝3,53.0,岩田望来,0:56.7,4,2,34.2,10.3,5.0,428.0,6.0,[東]矢野英一,那須野牧場,130.0,2017109091,1174,1108,51800
202004030206,4,3,5,ファートゥア,牝3,52.0,菅原明良,0:56.9,1.1/4,12,33.6,15.8,6.0,484.0,-2.0,[東]手塚貴久,サンデーレーシング,77.0,2017105201,1179,1038,226800
202004030206,5,6,12,ムーニーヴァレー,牝3,54.0,柴田大知,0:57.0,1/2,4,34.3,41.8,9.0,468.0,0.0,[東]伊藤大士,ビッグレッドファーム,51.0,2017103325,1009,1109,716800
202004030206,6,4,8,クーレクー,牝3,54.0,Ｍ．デム,0:57.2,1.1/2,4,34.5,5.2,3.0,450.0,2.0,[東]伊藤大士,程田真司,0.0,2017103198,5212,1109,988033
202004030206,7,6,11,ファクタークニアキ,牡3,56.0,丸山元気,0:57.3,1/2,8,34.4,41.0,8.0,454.0,-2.0,[東]土田稔,高橋宏弥,0.0,2017105961,1127,417,96031
202004030206,8,2,4,ユニークマイア,牝3,53.0,木幡育也,0:57.3,クビ,15,33.6,119.7,12.0,412.0,-2.0,[東]和田雄二,吉田勝己,0.0,2017105266,1167,1143,790005
202004030206,9,7,15,ジュンキャノン,牝3,54.0,北村宏司,0:57.4,1/2,6,34.6,6.5,4.0,428.0,16.0,[東]勢司和浩,河合純二,0.0,2017106763,1043,1047,165033
202004030206,10,8,16,シセイニシキ,牝3,54.0,伊藤工真,0:57.7,1.3/4,12,34.4,224.2,16.0,440.0,4.0,[東]高橋文雅,猪苗代勇,0.0,2017106543,1119,1134,441009
202004030206,11,1,1,ラシックアンレーヴ,牝3,54.0,津村明秀,0:57.9,1.1/2,14,34.4,269.4,17.0,478.0,0.0,[東]鈴木伸尋,西森功,0.0,2017100777,1092,1026,316031
202004030206,12,3,6,ブラックスプルース,牝3,51.0,小林脩斗,0:58.0,1/2,6,35.2,42.6,10.0,462.0,2.0,[東]伊藤圭三,サラブレッドクラブ・ラフィアン,0.0,2017109009,1183,1023,546800
202004030206,13,7,13,フィオナサンライズ,牝3,53.0,斎藤新,0:58.0,クビ,17,33.9,132.7,13.0,422.0,-4.0,[東]林徹,吉田勝己,0.0,2017105464,1178,1163,790005
202004030206,14,1,2,ハワイアンムーン,牝3,52.0,藤田菜七,0:58.0,アタマ,10,34.9,33.8,7.0,454.0,-4.0,[東]鹿戸雄一,窪田芳郎,0.0,2017105622,1164,1097,208008
202004030206,15,7,14,ピカンチワンラブ,牝3,54.0,嘉藤貴行,0:58.2,1,10,35.1,171.3,14.0,430.0,22.0,[東]清水英克,ミルファーム,0.0,2017103754,1051,1080,629800
202004030206,16,5,9,ルナカリーナ,牝3,51.0,原優介,0:58.5,1.3/4,16,34.7,202.5,15.0,368.0,0.0,[東]小手川準,江川伸夫,0.0,2017102273,1184,1171,338006
202004030206,17,4,7,パシスタ,牡3,56.0,宮崎北斗,0:58.7,1.1/4,9,35.7,63.0,11.0,490.0,6.0,[東]高橋祥泰,山上和良,0.0,2017100191,1118,359,851007
202004030206,18,5,10,スズボンバー,牡3,56.0,武士沢友,0:58.9,1.1/4,18,34.4,284.5,18.0,442.0,4.0,[東]高橋裕,森達郎,0.0,2017104248,1029,412,591033
202004030207,1,2,2,ギャラクシーソウル,牝3,51.0,斎藤新,1:52.7,,13-13-3-2,38.0,6.2,3.0,454.0,2.0,[東]斎藤誠,吉田安惠,760.0,2017105037,1178,1086,221007
202004030207,2,6,10,ヘライア,牝3,52.0,Ｍ．デム,1:53.3,3.1/2,9-9-9-7,38.2,6.5,4.0,470.0,-2.0,[東]加藤征弘,吉田照哉,300.0,2017104668,5212,1059,758005
202004030207,3,8,14,アナザークイーン,牝4,55.0,藤井勘一,1:53.3,クビ,11-11-10-9,37.9,33.2,9.0,472.0,4.0,[東]天間昭一,ビッグレッドファーム,190.0,2016100738,5525,1090,716800
202004030207,4,5,9,アドアステラ,牝4,55.0,柴田大知,1:53.5,1,14-14-12-11,37.8,10.5,5.0,456.0,12.0,[東]萱野浩二,ビッグレッドファーム,110.0,2016100694,1009,1024,716800
202004030207,5,7,13,ミュアウッズ,牝3,52.0,戸崎圭太,1:53.9,2.1/2,3-3-3-4,39.3,2.7,1.0,578.0,-2.0,[東]尾関知人,吉田勝己,76.0,2017105276,5386,1103,790005
202004030207,6,4,7,ブーケオブジュエル,牝4,55.0,田辺裕信,1:54.1,1.1/2,4-4-3-5,39.4,5.3,2.0,500.0,12.0,[東]加藤士津,社台レースホース,0.0,2016105033,1075,1169,415800
202004030207,7,3,5,タイセイプルミエ,牝3,49.0,原優介,1:54.6,3,9-10-12-12,38.9,336.8,15.0,476.0,6.0,[東]青木孝文,田中成奉,0.0,2017109044,1184,1156,224007
202004030207,8,4,6,サイレントクララ,牝4,55.0,木幡巧也,1:54.7,クビ,8-6-8-7,39.7,140.8,13.0,514.0,16.0,[東]小手川準,吉田千津,0.0,2016105017,1162,1171,310007
202004030207,9,3,4,マクルーバ,牝5,55.0,江田照男,1:55.1,2.1/2,14-15-14-13,39.2,175.7,14.0,466.0,-10.0,[東]蛯名利弘,畑佐博,0.0,2015100929,689,1131,78006
202004030207,10,1,1,ヤマメ,牝3,49.0,小林脩斗,1:55.3,1,11-12-14-15,39.5,79.5,11.0,454.0,0.0,[東]久保田貴,越村哲男,0.0,2017100218,1183,1067,302031
202004030207,11,5,8,フレンドアリス,牝5,55.0,内田博幸,1:55.7,2.1/2,6-6-6-5,40.8,14.4,7.0,454.0,4.0,[東]南田美知,横尾晴人,0.0,2015103663,422,437,145030
202004030207,12,7,12,ショウナンバービー,牝3,50.0,菅原明良,1:56.3,3.1/2,2-2-2-2,41.8,17.9,8.0,502.0,10.0,[東]田中剛,湘南,0.0,2017100969,1179,1119,679800
202004030207,13,6,11,ライクアジュエリー,牝3,52.0,武藤雅,1:57.0,4,1-1-1-1,42.6,13.5,6.0,464.0,-2.0,[東]戸田博文,青芝商事,0.0,2017104994,1169,1054,831800
202004030207,14,2,3,ナーラック,牝3,51.0,菊沢一樹,1:58.8,大,4-4-6-9,43.9,46.5,10.0,444.0,4.0,[東]柄崎孝,辻牧場,0.0,2017106491,1161,380,302800
202004030207,15,8,15,クリノテルチャン,牝3,51.0,木幡育也,1:58.9,1/2,6-6-11-13,43.3,129.7,12.0,490.0,2.0,[東]蛯名利弘,栗本博晴,0.0,2017103189,1167,1131,970006
202004030208,1,8,8,フローズンスタイル,牝3,50.0,藤田菜七,2:00.2,,2-2,34.9,3.1,2.0,446.0,-2.0,[東]黒岩陽一,吉田照哉,760.0,2017104646,1164,1133,758005
202004030208,2,6,6,シトラスクーラー,セ7,55.0,菅原明良,2:00.3,1/2,5-5,34.7,18.1,6.0,458.0,2.0,[東]高木登,Ｇ１レーシング,300.0,2013105556,1179,1088,808800
202004030208,3,1,1,ライル,牡4,57.0,福永祐一,2:00.7,2.1/2,1-1,35.6,1.9,1.0,506.0,6.0,[東]手塚貴久,サンデーレーシング,190.0,2016104868,1014,1038,226800
202004030208,4,2,2,レッドサーシャ,牝3,52.0,内田博幸,2:00.7,クビ,6-6,35.0,38.4,7.0,454.0,-8.0,[東]黒岩陽一,東京ホースレーシング,110.0,2017106193,422,1133,180800
202004030208,5,4,4,ナリノモンターニュ,牡3,54.0,津村明秀,2:00.8,1/2,3-3,35.4,10.0,4.0,498.0,2.0,[東]上原博之,成塚清志,76.0,2017104700,1092,423,333030
202004030208,6,5,5,アキノコマチ,牝4,55.0,三浦皇成,2:00.8,ハナ,3-3,35.4,7.1,3.0,446.0,16.0,[東]田中剛,穐吉正孝,0.0,2016101241,1122,1119,561006
202004030208,7,7,7,クルミネイト,牝4,55.0,石橋脩,2:00.8,ハナ,6-7,34.9,10.5,5.0,446.0,-4.0,[東]堀宣行,キャロットファーム,0.0,2016104460,1077,1070,486800
202004030208,8,3,3,レッドリュンヌ,牝7,55.0,嶋田純次,2:01.6,5,8-8,35.6,145.5,8.0,442.0,6.0,[東]南田美知,Ｍｒ．ホース,0.0,2013106157,1134,437,528033
202004030208,9,8,9,グロワールポン,牝3,52.0,嘉藤貴行,2:02.3,4,9-9,36.2,196.4,9.0,488.0,8.0,[東]田中清隆,花野友象,0.0,2017102033,1051,408,790030
202004030209,1,5,7,メイショウソテツ,牡4,54.0,横山典弘,1:51.0,,1-1-1-1,36.8,4.4,2.0,506.0,-8.0,[西]岡田稲男,松本好雄,1549.7,2016101613,660,1066,523005
202004030209,2,8,14,ショウナンマリオ,牡3,53.0,三浦皇成,1:51.4,2.1/2,2-2-2-2,37.2,2.1,1.0,486.0,12.0,[東]加藤士津,湘南,614.2,2017102892,1122,1169,679800
202004030209,3,6,10,セイウンオフロード,牡4,55.0,江田照男,1:51.9,3,5-5-4-3,37.4,57.6,12.0,484.0,2.0,[東]矢野英一,西山茂行,387.1,2016101704,689,1108,897009
202004030209,4,1,1,キッズアガチャー,牡3,54.0,武士沢友,1:52.5,3.1/2,10-10-7-7,37.7,9.6,4.0,548.0,10.0,[西]田所秀孝,瀬谷隆雄,230.0,2017105141,1029,1009,775006
202004030209,5,5,8,ケイツーリラ,牝5,51.0,嘉藤貴行,1:52.6,1/2,8-7-9-7,37.6,27.4,9.0,456.0,2.0,[東]鈴木伸尋,楠本勝美,150.0,2015100130,1051,1026,103006
202004030209,6,4,6,ムーンザムーン,牝6,52.0,岩田望来,1:52.6,ハナ,10-10-9-10,37.6,45.2,10.0,490.0,6.0,[西]大久保龍,林正道,0.0,2014105787,1174,1058,675030
202004030209,7,4,5,オデュッセイア,牝5,53.0,木幡巧也,1:52.7,クビ,13-13-13-11,37.0,130.1,14.0,476.0,-2.0,[東]新開幸一,吉田照哉,0.0,2015104440,1162,1116,758005
202004030209,8,7,12,リキサンダイオー,牡7,55.0,菊沢一樹,1:52.8,3/4,7-7-4-6,38.2,57.4,11.0,466.0,-4.0,[東]奥平雅士,ハイパワー商事,0.0,2013102513,1161,1074,572800
202004030209,9,3,3,ププッピドゥ,牝4,52.0,北村宏司,1:53.2,2.1/2,2-3-4-3,38.7,17.7,5.0,488.0,-10.0,[西]北出成人,岡浩二,0.0,2016102236,1043,1078,370008
202004030209,10,3,4,スズノアリュール,牡5,54.0,津村明秀,1:53.4,1.1/2,4-3-3-3,39.0,23.3,7.0,500.0,8.0,[東]林徹,新木鈴子,0.0,2015103768,1092,1163,21006
202004030209,11,7,11,オーバーディリバー,牡4,55.0,戸崎圭太,1:53.5,クビ,12-12-12-13,38.0,6.9,3.0,490.0,4.0,[東]萩原清,池谷誠一,0.0,2016100182,5386,1017,172002
202004030209,12,2,2,ジャディード,牡5,54.0,田辺裕信,1:53.7,1.1/2,5-5-7-7,38.9,93.1,13.0,460.0,6.0,[東]小島茂之,丸山担,0.0,2015104367,1075,1068,922030
202004030209,13,6,9,ゴールデンウェル,牡4,54.0,Ｍ．デム,1:54.1,2.1/2,8-9-11-11,39.0,18.1,6.0,484.0,12.0,[西]杉山晴紀,江馬由将,0.0,2016104748,5212,1157,879033
202004030209,14,8,13,トレンドライン,牡6,55.0,丸山元気,1:55.8,大,14-14-14-14,39.7,26.4,8.0,470.0,-12.0,[東]金成貴史,サンデーレーシング,0.0,2014106141,1127,1132,226800
202004030210,1,5,5,クラヴェル,牝3,52.0,横山典弘,1:47.7,,4-4,34.2,3.3,2.0,436.0,4.0,[西]安田翔伍,キャロットファーム,1525.9,2017105438,660,1164,486800
202004030210,2,8,11,ガロシェ,牝4,55.0,Ｍ．デム,1:47.9,1.1/2,4-4,34.4,4.6,3.0,462.0,4.0,[東]戸田博文,サンデーレーシング,607.4,2016104352,5212,1054,226800
202004030210,3,3,3,ノヴェッラ,牝4,55.0,武藤雅,1:47.9,ハナ,1-1,35.0,19.9,7.0,502.0,10.0,[東]宮田敬介,ゴドルフィン,383.7,2016103297,1169,1175,3060
202004030210,4,1,1,カリンカ,牝5,55.0,田辺裕信,1:48.0,1/2,10-10,34.2,37.5,8.0,426.0,4.0,[西]佐々木晶,寺田寿男,230.0,2015104310,1075,429,866006
202004030210,5,5,6,グレイテスト,牝4,55.0,三浦皇成,1:48.2,1.1/4,7-6,34.7,5.4,4.0,480.0,14.0,[東]武市康男,荒井元明,150.0,2016103228,1122,1089,374008
202004030210,6,6,7,ウルクラフト,牝4,55.0,北村宏司,1:48.2,アタマ,8-8,34.4,51.1,9.0,422.0,-6.0,[西]吉村圭司,サンデーレーシング,0.0,2016104348,1043,1130,226800
202004030210,7,7,10,ミッキーバディーラ,牝4,55.0,石橋脩,1:48.2,ハナ,4-6,34.5,16.9,5.0,480.0,0.0,[西]音無秀孝,野田みづき,0.0,2016106007,1077,1002,441007
202004030210,8,6,8,ブリリアントリリー,牝5,55.0,木幡巧也,1:48.3,クビ,2-2,35.3,107.8,10.0,484.0,2.0,[東]新開幸一,ノルマンディーサラブレッドレーシング,0.0,2015105444,1162,1116,854800
202004030210,9,2,2,メイオール,牝4,55.0,津村明秀,1:48.4,3/4,8-8,34.6,17.5,6.0,468.0,12.0,[東]岩戸孝樹,千明牧場,0.0,2016109007,1092,1051,75800
202004030210,10,8,12,カサーレ,牝5,55.0,岩田望来,1:48.5,1/2,3-3,35.1,176.6,11.0,440.0,0.0,[西]吉岡辰弥,飯田正剛,0.0,2015105960,1174,1176,994002
202004030210,11,7,9,クードメイトル,牝4,55.0,福永祐一,1:49.2,4,11-11,35.2,3.1,1.0,570.0,34.0,[西]高野友和,ターフ・スポート,0.0,2016101927,1014,1117,102800
202004030210,12,4,4,ランペドゥーザ,牝4,55.0,杉原誠人,1:49.2,アタマ,12-12,35.0,242.5,12.0,484.0,4.0,[東]大江原哲,ミルファーム,0.0,2016102225,1135,1012,629800
202004030211,1,8,17,サトノアーサー,牡6,56.0,戸崎圭太,1:33.1,,17-17,33.7,7.5,4.0,484.0,2.0,[西]池江泰寿,サトミホースカンパニー,3963.0,2014105887,5386,1071,75803
202004030211,2,8,18,トロワゼトワル,牝5,54.0,三浦皇成,1:33.3,1.1/4,1-1,35.5,17.0,8.0,464.0,-8.0,[西]安田隆行,社台レースホース,1618.0,2015104387,1122,438,415800
202004030211,3,2,3,アンドラステ,牝4,54.0,岩田望来,1:33.5,1.1/4,8-8,34.7,4.1,1.0,468.0,2.0,[西]中内田充,社台レースホース,989.0,2016104349,1174,1137,415800
202004030211,4,4,8,ミッキーブリランテ,牡4,56.0,岩田康誠,1:33.5,クビ,14-14,34.2,19.8,9.0,482.0,8.0,[西]矢作芳人,野田みづき,590.0,2016104435,5203,1075,441007
202004030211,5,5,10,ミラアイトーン,牡6,56.0,横山和生,1:33.5,アタマ,2-2,35.2,27.8,10.0,558.0,2.0,[東]菊沢隆徳,島川隆哉,390.0,2014106006,1140,1115,270006
202004030211,6,6,12,エントシャイデン,牡5,56.0,川須栄彦,1:33.6,クビ,14-14,34.4,10.4,6.0,480.0,-2.0,[西]矢作芳人,前田幸治,0.0,2015100635,1128,1075,948006
202004030211,7,8,16,グルーヴィット,牡4,56.0,Ｍ．デム,1:33.6,クビ,4-4,35.1,5.5,3.0,498.0,10.0,[西]松永幹夫,キャロットファーム,0.0,2016104787,5212,1092,486800
202004030211,8,2,4,メイショウグロッケ,牝6,54.0,柴田善臣,1:33.8,1.1/4,4-4,35.3,40.0,11.0,462.0,0.0,[西]荒川義之,松本好隆,0.0,2014103524,641,1095,911008
202004030211,9,3,6,アストラエンブレム,セ7,56.0,北村宏司,1:33.9,1/2,8-10,35.0,16.5,7.0,480.0,8.0,[東]小島茂之,シルクレーシング,0.0,2013106055,1043,1068,506800
202004030211,10,7,14,プロディガルサン,牡7,56.0,丸山元気,1:34.0,クビ,7-6,35.5,55.5,13.0,510.0,-2.0,[東]国枝栄,金子真人ホールディングス,0.0,2013106128,1127,399,708800
202004030211,11,4,7,ジャンダルム,牡5,57.0,藤井勘一,1:34.2,1.1/2,11-13,35.1,66.4,14.0,498.0,-10.0,[西]池江泰寿,前田幸治,0.0,2015110013,5525,1071,948006
202004030211,12,3,5,メイケイダイハード,牡5,56.0,石橋脩,1:34.3,クビ,4-6,35.7,48.5,12.0,532.0,-6.0,[西]中竹和也,名古屋競馬,0.0,2015105214,1077,1039,4800
202004030211,13,7,15,ペプチドバンブー,牡5,56.0,津村明秀,1:34.5,1.1/4,16-16,35.2,157.0,17.0,508.0,2.0,[西]武英智,沼川一彦,0.0,2015102991,1092,1161,500007
202004030211,14,5,9,ハーレムライン,牝5,54.0,木幡巧也,1:34.6,3/4,8-8,35.7,128.4,16.0,480.0,6.0,[東]田中清隆,吉田千津,0.0,2015104542,1162,408,310007
202004030211,15,1,1,プリモシーン,牝5,56.0,福永祐一,1:34.6,クビ,11-11,35.5,5.5,2.0,506.0,10.0,[東]木村哲也,シルクレーシング,0.0,2015105036,1014,1126,506800
202004030211,16,7,13,ドーヴァー,牡7,57.0,田辺裕信,1:34.8,1.1/4,11-11,35.8,98.5,15.0,506.0,4.0,[東]伊藤圭三,ゴドルフィン,0.0,2013100569,1075,1023,3060
202004030211,17,1,2,ブラックムーン,牡8,57.0,内田博幸,1:35.1,1.3/4,18-17,35.7,169.2,18.0,510.0,10.0,[西]西浦勝一,ＨｉｍＲｏｃｋＲａｃｉｎｇホールディングス,0.0,2012101505,422,1016,87803
202004030211,18,6,11,クリノガウディー,牡4,56.0,横山典弘,1:36.7,10,2-3,38.3,9.3,5.0,492.0,0.0,[西]藤沢則雄,栗本博晴,0.0,2016103690,660,1041,970006
202004030212,1,2,4,グッドマックス,牝3,52.0,木幡巧也,1:09.4,,7-6,35.2,5.2,3.0,448.0,-6.0,[東]堀井雅広,長谷川光司,760.0,2017103105,1162,436,895002
202004030212,2,5,9,クイックレス,牝3,52.0,武藤雅,1:09.5,1/2,5-5,35.5,19.3,8.0,450.0,-6.0,[東]中舘英二,中村祐子,300.0,2017102168,1169,1153,373008
202004030212,3,1,2,グランチェイサー,牡3,54.0,岩田康誠,1:09.5,クビ,6-6,35.4,4.3,1.0,456.0,4.0,[東]矢野英一,落合幸弘,190.0,2017102088,5203,1108,252030
202004030212,4,4,7,スマートレジーナ,牝4,54.0,木幡育也,1:09.5,ハナ,12-11,34.8,118.6,15.0,434.0,6.0,[東]高橋文雅,大川徹,110.0,2016103217,1167,1134,7803
202004030212,5,1,1,リーゼントアイリス,牝5,52.0,原優介,1:09.6,クビ,3-3,35.8,62.5,13.0,440.0,2.0,[東]青木孝文,三浦大輔,76.0,2015106063,1184,1156,747030
202004030212,6,4,8,モエレコネクター,牡4,57.0,戸崎圭太,1:09.7,3/4,15-16,34.8,9.9,5.0,520.0,12.0,[東]大竹正博,中村時子,0.0,2016100425,5386,1102,843030
202004030212,7,8,15,マイネルテナシャス,牡3,54.0,柴田大知,1:09.8,1/2,9-8,35.4,8.7,4.0,462.0,4.0,[東]萱野浩二,サラブレッドクラブ・ラフィアン,0.0,2017101897,1009,1024,546800
202004030212,8,3,5,グレイスアン,牝4,55.0,内田博幸,1:09.9,クビ,11-11,35.4,34.8,12.0,492.0,-2.0,[東]斎藤誠,ＴＵＲＦレーシング,0.0,2016104477,422,1086,28803
202004030212,9,6,12,プラチナポセイドン,牡4,57.0,丸山元気,1:09.9,クビ,12-11,35.3,24.2,10.0,468.0,-2.0,[東]奥村武,ラ・メール,0.0,2016104706,1127,1145,877800
202004030212,10,2,3,デルマアイオライト,牝3,52.0,木幡初也,1:10.0,3/4,9-9,35.6,231.8,17.0,474.0,6.0,[東]武市康男,浅沼廣幸,0.0,2017104722,1153,1089,274002
202004030212,11,5,10,キングドンドルマ,牡5,55.0,藤田菜七,1:10.0,クビ,15-14,35.1,12.0,6.0,472.0,-2.0,[東]伊藤伸一,田頭勇貴,0.0,2015101929,1164,1031,855030
202004030212,12,8,16,マイネルチューダ,牡3,52.0,菅原明良,1:10.1,1/2,3-3,36.2,4.9,2.0,446.0,4.0,[東]奥平雅士,サラブレッドクラブ・ラフィアン,0.0,2017104453,1179,1074,546800
202004030212,13,7,13,マリノオードリー,牝4,54.0,菊沢一樹,1:10.2,1/2,12-14,35.6,185.5,16.0,478.0,6.0,[東]古賀史生,和田志保,0.0,2016102941,1161,392,817033
202004030212,14,7,14,スポーカンテソーロ,牝4,55.0,三浦皇成,1:10.2,クビ,2-2,36.5,13.7,7.0,540.0,14.0,[東]加藤士津,了徳寺健二ホールディングス,0.0,2016110048,1122,1169,89803
202004030212,15,6,11,バットオールソー,牡5,56.0,岩田望来,1:10.4,1.1/4,17-17,34.9,29.7,11.0,480.0,14.0,[東]大和田成,久保田定,0.0,2015104514,1174,1124,308033
202004030212,16,8,17,マッチャパフェ,牝3,51.0,斎藤新,1:11.1,4,7-9,36.9,19.6,9.0,442.0,2.0,[東]林徹,保坂和孝,0.0,2017103102,1178,1163,398030
202004030212,17,3,6,タマモエクラン,牝3,49.0,小林凌大,1:11.2,3/4,1-1,37.6,63.8,14.0,482.0,-8.0,[東]水野貴広,タマモ,0.0,2017100552,1177,1094,515800
202004030302,1,5,8,ミヤビマドンナ,牝3,54.0,田辺裕信,1:54.7,,2-2-2-2,38.6,2.4,1.0,458.0,6.0,[東]中舘英二,村上義勝,510.0,2017103607,1075,1153,127002
202004030302,2,2,3,ウィップラッシュ,牝3,53.0,菊沢一樹,1:54.7,アタマ,1-1-1-1,38.7,5.5,2.0,476.0,2.0,[東]菊沢隆徳,グランド牧場,200.0,2017103510,1161,1115,367800
202004030302,3,8,14,モノポリーアイズ,牝3,54.0,横山典弘,1:54.7,クビ,3-3-3-3,38.5,6.2,3.0,432.0,0.0,[東]武井亮,吉田照哉,130.0,2017104694,660,1147,758005
202004030302,4,2,2,ミスヒアリング,牝3,54.0,丸山元気,1:55.3,3.1/2,3-3-5-3,39.0,18.0,6.0,490.0,-16.0,[東]根本康広,犬塚悠治郎,77.0,2017105041,1127,1029,689033
202004030302,5,7,12,ルレーヴドゥリリ,牝3,54.0,Ｍ．デム,1:55.4,クビ,9-8-3-3,39.2,7.7,5.0,482.0,-2.0,[東]田中剛,加藤誠,51.0,2017103710,5212,1119,944030
202004030302,6,5,9,アドラツィオーネ,牝3,53.0,木幡育也,1:55.5,3/4,13-13-11-10,38.7,25.6,9.0,480.0,0.0,[東]久保田貴,Ｇ１レーシング,0.0,2017105066,1167,1067,808800
202004030302,7,4,6,グレイトサンディー,牝3,54.0,木幡初也,1:56.1,3.1/2,6-6-8-6,39.6,154.9,12.0,444.0,-4.0,[東]矢野英一,大塚亮一,0.0,2017103791,1153,1108,858800
202004030302,8,4,7,レッドチアフル,牝3,53.0,斎藤新,1:56.5,2,9-8-8-8,39.9,64.0,10.0,440.0,12.0,[東]中川公成,紅露純,0.0,2017100449,1178,1081,358031
202004030302,9,6,10,タマノシュシュ,牝3,54.0,岩田康誠,1:56.5,ハナ,3-3-5-6,40.2,24.4,8.0,424.0,-6.0,[東]菊川正達,玉腰勇吉,0.0,2017106029,5203,1052,960030
202004030302,10,1,1,ジョインザフロウ,牝3,54.0,丸田恭介,1:56.5,クビ,15-13-11-10,39.7,80.1,11.0,476.0,-10.0,[東]奥村武,シルクレーシング,0.0,2017105218,1117,1145,506800
202004030302,11,6,11,セブンシースケイプ,牝3,54.0,武藤雅,1:56.9,2.1/2,11-11-8-8,40.4,194.9,13.0,438.0,-6.0,[東]勢司和浩,Ｇ１レーシング,0.0,2017101748,1169,1047,808800
202004030302,12,3,4,ペイシャバイカ,牝3,52.0,菅原明良,1:57.0,クビ,11-11-11-13,40.2,6.9,4.0,472.0,0.0,[東]蛯名利弘,北所直人,0.0,2017102530,1179,1131,163002
202004030302,13,7,13,ハヴォナ,牝3,51.0,原優介,1:57.7,4,13-15-14-13,40.6,303.1,14.0,444.0,6.0,[東]松山将樹,阿部善武,0.0,2017103127,1184,1100,571033
202004030302,14,8,15,カフェレヨン,牝3,54.0,北村宏司,1:59.2,9,6-6-5-10,42.8,19.7,7.0,498.0,-6.0,[東]古賀慎明,西川光一,0.0,2017102678,1043,1079,629007
202004030302,15,3,5,シゲルカンムリザ,牝3,54.0,柴田善臣,2:04.3,大,8-8-15-15,46.2,340.1,15.0,430.0,-12.0,[東]石毛善彦,森中蕃,0.0,2017101701,641,428,674004
202004030303,1,3,5,スペクタクル,牡2,54.0,武藤雅,1:12.5,,2-2,38.1,5.1,2.0,484.0,2.0,[東]武藤善則,佐々木雄二,510.0,2018104221,1169,1064,852030
202004030303,2,6,11,バクシン,牡2,53.0,斎藤新,1:12.9,2.1/2,5-5,38.1,1.7,1.0,480.0,-8.0,[東]斎藤誠,林正道,200.0,2018104879,1178,1086,675030
202004030303,3,7,13,ノアヴィグラス,牝2,54.0,内田博幸,1:13.0,3/4,1-1,38.7,10.3,3.0,454.0,0.0,[東]古賀史生,佐山公男,130.0,2018106155,422,392,861002
202004030303,4,4,7,マリノエンブレム,牝2,54.0,三浦皇成,1:13.2,3/4,2-2,38.8,14.7,4.0,440.0,-4.0,[東]尾形和幸,矢野恭裕,77.0,2018100270,1122,1141,43033
202004030303,5,8,15,アレナマエストロ,牝2,54.0,丸山元気,1:13.6,2.1/2,10-10,38.2,30.7,8.0,454.0,2.0,[東]久保田貴,吉田勝己,51.0,2018105130,1127,1067,790005
202004030303,6,2,3,ベアナチュラル,牡2,51.0,原優介,1:13.7,3/4,12-12,37.9,222.8,15.0,478.0,0.0,[東]杉浦宏昭,熊木浩,0.0,2018103265,1184,1008,372033
202004030303,7,5,9,イソエイヒカリ,牡2,52.0,菅原明良,1:13.8,クビ,13-12,37.9,127.3,12.0,466.0,4.0,[東]松山将樹,磯部敏夫,0.0,2018105945,1179,1100,774006
202004030303,8,7,12,セピアノーツ,牝2,53.0,木幡育也,1:13.9,3/4,2-2,39.4,60.9,10.0,462.0,-8.0,[東]青木孝文,谷口悦一,0.0,2018100824,1167,1156,514033
202004030303,9,4,6,タックスリファンド,牡2,53.0,岩田望来,1:14.2,1.3/4,6-6,39.3,17.4,5.0,486.0,0.0,[東]武井亮,フィールドレーシング,0.0,2018104396,1174,1147,463031
202004030303,10,6,10,ビービーラノビア,牝2,54.0,戸崎圭太,1:14.4,1.1/4,8-8,39.2,20.6,6.0,438.0,6.0,[東]中舘英二,坂東牧場,0.0,2018106841,5386,1153,185800
202004030303,11,8,14,トペコンヒーロ,牡2,54.0,北村宏司,1:14.7,1.3/4,13-14,38.8,44.9,9.0,474.0,16.0,[東]勢司和浩,細川智恵子,0.0,2018102785,1043,1047,71031
202004030303,12,2,2,エクレウステソーロ,牡2,54.0,木幡巧也,1:14.8,3/4,8-8,39.6,202.6,14.0,434.0,4.0,[東]稲垣幸雄,了徳寺健二ホールディングス,0.0,2018102664,1162,1167,89803
202004030303,13,3,4,ニシノブライアント,牡2,54.0,野中悠太,1:15.1,1.3/4,15-15,38.7,156.5,13.0,440.0,4.0,[東]加藤和宏,西山茂行,0.0,2018102836,1158,1077,897009
202004030303,14,1,1,ベルウッドアカラ,牡2,53.0,菊沢一樹,1:15.5,2.1/2,10-10,40.1,96.1,11.0,472.0,-4.0,[東]小野次郎,鈴木照雄,0.0,2018106807,1161,1125,137030
202004030303,15,5,8,ヤマノグリッターズ,牡2,54.0,嘉藤貴行,1:16.0,3,6-7,41.0,26.9,7.0,484.0,2.0,[東]田中清隆,澤村敏雄,0.0,2018103204,1051,408,467004
202004030305,1,3,4,ゴールドレガシー,牡2,54.0,戸崎圭太,1:54.9,,14-13-8-5,38.0,3.1,1.0,458.0,0.0,[西]平田修,Ｇ１レーシング,700.0,2018105553,5386,1082,808800
202004030305,2,3,5,カズカポレイ,牡2,53.0,斎藤新,1:55.0,1/2,1-1-1-1,39.2,3.8,2.0,506.0,0.0,[西]安田隆行,雅苑興業,280.0,2018101997,1178,438,879800
202004030305,3,8,14,タマダイヤモンド,牝2,54.0,津村明秀,1:55.5,3,7-5-4-2,39.1,15.4,5.0,486.0,0.0,[東]相沢郁,玉井鶴枝,180.0,2018101051,1092,1020,898004
202004030305,4,7,12,トーセンダニエル,牡2,54.0,武士沢友,1:55.9,2.1/2,12-11-11-9,38.6,101.7,13.0,536.0,0.0,[東]古賀史生,島川隆哉,110.0,2018105680,1029,392,270006
202004030305,5,5,9,クロフネミッション,牝2,54.0,木幡巧也,1:56.2,2,6-7-7-5,39.5,30.9,8.0,516.0,0.0,[東]新開幸一,会田浩史,70.0,2018104695,1162,1116,755033
202004030305,6,1,1,ブルースコード,牡2,52.0,菅原明良,1:56.6,2.1/2,5-5-4-4,40.2,5.1,3.0,478.0,0.0,[東]伊藤圭三,ビクトリーホースランチ,0.0,2018106471,1179,1023,885800
202004030305,7,6,11,シバノトロフェオ,牡2,54.0,田中勝春,1:56.6,アタマ,15-15-13-12,38.4,34.4,9.0,474.0,0.0,[東]宗像義忠,柴一男,0.0,2018106797,684,420,796033
202004030305,8,6,10,ノームストリーム,牡2,54.0,石橋脩,1:57.1,3,3-3-2-2,41.1,7.0,4.0,490.0,0.0,[東]中舘英二,水上ふじ子,0.0,2018103048,1077,1153,281008
202004030305,9,4,7,サクセスエース,牡2,54.0,木幡初也,1:58.3,7,8-8-9-9,41.3,52.5,11.0,460.0,0.0,[東]竹内正洋,鈴木芳夫,0.0,2018104460,1153,1152,639009
202004030305,10,4,6,リゾートタイム,牝2,52.0,藤田菜七,1:58.5,1.1/2,2-2-3-5,42.3,30.2,7.0,452.0,0.0,[西]新谷功一,礒川正明,0.0,2018103655,1164,1172,684002
202004030305,11,2,3,ベリリウンヌ,牝2,54.0,岩部純二,1:59.2,4,8-9-9-9,42.2,264.6,15.0,442.0,0.0,[東]南田美知,ミルファーム,0.0,2018103224,726,437,629800
202004030305,12,8,15,メイクイットライト,牡2,54.0,江田照男,1:59.3,1/2,10-10-12-13,41.4,77.9,12.0,500.0,0.0,[東]土田稔,ミルファーム,0.0,2018100794,689,417,629800
202004030305,13,2,2,ブラックアピス,牡2,54.0,岩田康誠,1:59.4,1/2,4-3-6-8,42.8,21.5,6.0,486.0,0.0,[西]高橋亮,藤田孟司,0.0,2018102253,5203,1136,260006
202004030305,14,5,8,ジャヤワルダナ,牡2,53.0,岩田望来,2:00.9,9,12-11-13-14,42.6,49.6,10.0,518.0,0.0,[東]戸田博文,大谷正嗣,0.0,2018102474,1174,1054,5060
202004030305,15,7,13,チュウオウペット,牡2,54.0,嶋田純次,2:09.8,大,11-14-15-15,48.6,198.6,14.0,504.0,0.0,[東]伊藤伸一,新井原博,0.0,2018106775,1134,1031,208006
202004030306,1,5,10,リーガルバトル,牡3,54.0,三浦皇成,1:35.2,,6-6,34.7,1.7,1.0,516.0,6.0,[東]高橋文雅,吉田和美,510.0,2017110129,1122,1134,138007
202004030306,2,6,11,ラルワースコーヴ,牝3,53.0,岩田望来,1:35.2,クビ,11-10,34.4,58.7,10.0,456.0,-10.0,[東]田中博康,キャロットファーム,200.0,2017105130,1174,1162,486800
202004030306,3,2,4,トキメキ,牝3,54.0,木幡巧也,1:35.2,クビ,3-2,35.0,12.1,5.0,486.0,10.0,[東]斎藤誠,ミルファーム,130.0,2017104270,1162,1086,629800
202004030306,4,8,18,アルソリート,牝3,54.0,武藤雅,1:35.3,1/2,14-12,34.5,145.6,15.0,482.0,-2.0,[東]久保田貴,ＶｉｒｉｄｉａｎＫｅｉｂａＣｌｕｂ,77.0,2017104609,1169,1067,92700
202004030306,5,7,14,ゲームアルアル,牡3,56.0,田中勝春,1:35.4,クビ,10-10,34.5,9.5,4.0,472.0,-6.0,[東]宗像義忠,薗部博之,51.0,2017101605,684,420,960006
202004030306,6,3,6,ナンヨーアイゼン,牝3,54.0,柴田善臣,1:36.0,3.1/2,4-5,35.5,7.3,2.0,466.0,-6.0,[東]宗像義忠,中村徳也,0.0,2017105180,641,420,512031
202004030306,7,7,13,ヤマニンガラッシア,牡3,56.0,戸崎圭太,1:36.3,1.3/4,13-12,35.2,9.0,3.0,422.0,6.0,[東]池上昌和,土井肇,0.0,2017101772,5386,1150,329004
202004030306,8,4,8,アイルショウユー,牝3,54.0,嘉藤貴行,1:36.3,クビ,16-14,35.2,41.9,9.0,420.0,-8.0,[東]岩戸孝樹,ミルファーム,0.0,2017105825,1051,1051,629800
202004030306,9,5,9,テクノポリス,セ3,56.0,丸田恭介,1:36.6,2,6-9,35.9,24.1,8.0,464.0,4.0,[東]宗像義忠,社台レースホース,0.0,2017104987,1117,420,415800
202004030306,10,1,2,サトノバシリス,牝3,52.0,藤田菜七,1:36.8,1.1/2,17-17,35.3,125.4,13.0,442.0,10.0,[東]奥村武,サトミホースカンパニー,0.0,2017103790,1164,1145,75803
202004030306,11,3,5,アルトゥーロ,牡3,56.0,杉原誠人,1:36.9,クビ,18-18,35.2,342.1,17.0,432.0,4.0,[東]南田美知,ミルファーム,0.0,2017104257,1135,437,629800
202004030306,12,7,15,グレイトムーン,牡3,56.0,Ｍ．デム,1:36.9,クビ,6-6,36.4,18.6,6.0,478.0,6.0,[東]加藤征弘,スリーエイチレーシング,0.0,2017104673,5212,1059,72803
202004030306,13,2,3,サクラマス,牝3,54.0,北村宏司,1:36.9,ハナ,6-6,36.2,65.4,11.0,422.0,4.0,[東]勢司和浩,越村哲男,0.0,2017104966,1043,1047,302031
202004030306,14,8,17,アトラクトボイス,牡3,56.0,内田博幸,1:37.1,1.1/4,4-4,36.7,142.9,14.0,430.0,4.0,[東]土田稔,大原詔宏,0.0,2017102818,422,417,898005
202004030306,15,1,1,ゴールデンエポック,牡3,54.0,菅原明良,1:37.7,3.1/2,1-1,37.7,24.0,7.0,458.0,8.0,[東]栗田徹,ゴドルフィン,0.0,2017106575,1179,1127,3060
202004030306,16,4,7,ツキサエル,牡3,55.0,斎藤新,1:37.8,1/2,14-14,36.5,283.6,16.0,426.0,16.0,[東]手塚貴久,星野壽市,0.0,2017100891,1178,1038,265006
202004030306,17,8,16,レハール,牡3,56.0,柴田大知,1:40.4,大,2-2,40.0,87.5,12.0,442.0,4.0,[東]勢司和浩,木村廣太,0.0,2017106727,1009,1047,603033
202004030306,18,6,12,デイタイム,牡3,56.0,野中悠太,1:40.9,3,11-14,39.5,375.0,18.0,468.0,6.0,[東]松永康利,ローレルレーシング,0.0,2017103241,1158,1093,32800
202004030307,1,5,9,ベデザンジュ,牝3,54.0,田辺裕信,2:26.9,,9-9-6-3,36.3,1.7,1.0,436.0,10.0,[東]久保田貴,Ｇ１レーシング,510.0,2017105068,1075,1067,808800
202004030307,2,3,6,トレベーラ,牝3,52.0,菅原明良,2:27.4,3,13-12-11-7,36.6,42.2,9.0,474.0,-6.0,[東]水野貴広,田上雅春,200.0,2017103279,1179,1094,335006
202004030307,3,1,2,スターリーゴールド,牡3,56.0,石橋脩,2:27.7,1.3/4,16-15-10-4,37.0,6.5,3.0,460.0,-2.0,[東]黒岩陽一,サンデーレーシング,130.0,2017105013,1077,1133,226800
202004030307,4,2,4,ウインランウェイ,牡3,56.0,伊藤工真,2:27.9,1.1/4,7-6-6-7,37.3,23.5,6.0,426.0,-2.0,[東]金成貴史,ウイン,77.0,2017105943,1119,1132,494800
202004030307,5,7,13,ダンスグルーヴィ,牝3,54.0,戸崎圭太,2:28.1,1.1/4,14-14-14-15,37.1,36.1,8.0,456.0,4.0,[東]大竹正博,社台レースホース,51.0,2017104900,5386,1102,415800
202004030307,6,6,12,ハーツシンフォニー,牡3,56.0,岩田康誠,2:28.1,アタマ,16-17-18-18,36.6,24.3,7.0,478.0,12.0,[東]戸田博文,ＤＭＭドリームクラブ,0.0,2017100360,5203,1054,26803
202004030307,7,3,5,ロンドンストライプ,牡3,56.0,丸田恭介,2:28.2,1/2,18-17-14-12,37.2,366.0,17.0,446.0,-6.0,[東]石毛善彦,ライオンレースホース,0.0,2017106456,1117,428,542800
202004030307,8,8,18,アルベロベッロ,牡3,56.0,Ｍ．デム,2:28.8,3.1/2,2-2-2-1,38.7,5.2,2.0,516.0,4.0,[東]堀宣行,金子真人ホールディングス,0.0,2017105220,5212,1070,708800
202004030307,9,8,16,ピオニーテソーロ,牝3,51.0,原優介,2:29.0,1,12-12-11-12,38.1,409.1,18.0,410.0,-6.0,[東]畠山吉宏,了徳寺健二ホールディングス,0.0,2017102598,1184,1048,89803
202004030307,10,4,7,マーチクイーン,牝3,51.0,小林凌大,2:29.5,3,6-3-3-4,39.1,120.0,14.0,454.0,4.0,[東]加藤士津,ヒダカ・ブリーダーズ・ユニオン,0.0,2017100900,1177,1169,547800
202004030307,11,7,15,マイネルケイローン,牡3,56.0,柴田大知,2:29.5,アタマ,2-6-6-7,38.9,13.8,4.0,440.0,4.0,[東]松永康利,サラブレッドクラブ・ラフィアン,0.0,2017101932,1009,1093,546800
202004030307,12,2,3,ウインエアフォルク,牡3,55.0,木幡育也,2:29.5,ハナ,10-9-6-7,38.9,20.9,5.0,446.0,6.0,[東]奥平雅士,ウイン,0.0,2017101436,1167,1074,494800
202004030307,13,5,10,ゼノン,牡3,56.0,江田照男,2:29.6,1/2,2-3-3-4,39.2,119.6,13.0,452.0,-2.0,[東]田中剛,ノースヒルズ,0.0,2017102515,689,1119,788800
202004030307,14,6,11,クロトノーナ,牝3,54.0,武藤雅,2:29.7,1/2,10-9-14-15,38.7,69.8,10.0,418.0,4.0,[東]大和田成,キャロットファーム,0.0,2017105300,1169,1124,486800
202004030307,15,8,17,オプティマス,セ3,56.0,野中悠太,2:30.1,2.1/2,2-5-3-7,39.6,262.1,16.0,448.0,4.0,[東]宮田敬介,社台レースホース,0.0,2017104678,1158,1175,415800
202004030307,16,4,8,メイショウカイコウ,牡3,56.0,柴田善臣,2:30.8,4,7-8-11-14,40.0,92.3,11.0,432.0,6.0,[東]和田勇介,松本好雄,0.0,2017106454,641,1165,523005
202004030307,17,1,1,レーヴドオルフェ,牡3,56.0,木幡巧也,2:31.0,1.1/2,14-15-17-15,39.8,139.9,15.0,490.0,12.0,[東]菊川正達,平川浩之,0.0,2017102082,1162,1052,136007
202004030307,18,7,14,コパノカリブ,牝3,53.0,斎藤新,2:31.7,4,1-1-1-2,41.6,99.9,12.0,452.0,-6.0,[東]斎藤誠,小林祥晃,0.0,2017106666,1178,1086,966007
202004030308,1,7,12,マリノスピカ,牝4,55.0,木幡巧也,1:12.4,,1-1,37.3,230.3,13.0,484.0,20.0,[東]天間昭一,和田志保,760.0,2016102950,1162,1090,817033
202004030308,2,4,7,グラドゥアーレ,牡6,57.0,丸山元気,1:12.4,クビ,13-12,36.0,18.5,6.0,474.0,0.0,[東]小西一男,シルクレーシング,300.0,2014105814,1127,405,506800
202004030308,3,3,5,ワールドイズマイン,牝4,53.0,菅原明良,1:12.4,ハナ,3-3,37.0,2.2,1.0,454.0,-4.0,[東]金成貴史,レッドマジック,190.0,2016110095,1179,1132,86803
202004030308,4,3,4,ミツカネプリンス,牡3,54.0,津村明秀,1:12.6,1.1/4,8-7,36.7,16.4,5.0,446.0,4.0,[東]鈴木伸尋,小山田満,110.0,2017101597,1092,1026,6803
202004030308,5,2,2,ヒロノトウリョウ,牡4,57.0,丸田恭介,1:12.7,クビ,11-11,36.6,67.8,10.0,494.0,6.0,[東]蛯名利弘,小野博郷,76.0,2016100507,1117,1131,212008
202004030308,6,7,13,ヴァンデリオン,牡3,52.0,藤田菜七,1:12.8,3/4,6-6,37.2,3.0,2.0,476.0,0.0,[東]根本康広,村山忠弘,0.0,2017110173,1164,1029,96006
202004030308,7,1,1,ニシノミンクス,牝3,52.0,内田博幸,1:13.2,2.1/2,15-15,36.4,7.6,3.0,454.0,0.0,[東]伊藤圭三,西山茂行,0.0,2017102110,422,1023,897009
202004030308,8,8,15,アイアンゾーン,牝4,55.0,野中悠太,1:13.2,ハナ,2-2,38.0,116.0,12.0,446.0,-2.0,[東]南田美知,池上一馬,0.0,2016101324,1158,437,780006
202004030308,9,2,3,ルヴァンヴェール,牡3,54.0,武藤雅,1:13.3,1/2,8-7,37.4,44.0,9.0,480.0,2.0,[東]竹内正洋,グリーンファーム,0.0,2017109086,1169,1152,148800
202004030308,10,5,8,クラウンカーネル,セ6,56.0,木幡育也,1:13.5,1.1/4,7-9,37.7,349.2,15.0,430.0,-10.0,[東]星野忍,矢野雅子,0.0,2014101844,1167,1030,406031
202004030308,11,4,6,テリオスベル,牝3,49.0,小林凌大,1:13.6,1/2,12-12,37.3,20.8,7.0,436.0,16.0,[東]田島俊明,鈴木美江子,0.0,2017103942,1177,1112,881033
202004030308,12,6,11,ジーナアイリス,牝4,55.0,三浦皇成,1:13.7,3/4,13-14,37.2,12.7,4.0,550.0,18.0,[東]田村康仁,シルクレーシング,0.0,2016104547,1122,1027,506800
202004030308,13,8,14,コスモペリドット,牡6,57.0,柴田大知,1:13.9,1.1/4,3-3,38.5,39.3,8.0,498.0,-12.0,[東]高橋祥泰,ビッグレッドファーム,0.0,2014110093,1009,359,716800
202004030308,14,6,10,スティールティアラ,牝4,52.0,小林脩斗,1:14.0,1/2,5-5,38.5,96.6,11.0,482.0,-6.0,[東]藤原辰雄,菅野守雄,0.0,2016101451,1183,435,701033
202004030308,15,5,9,グランミューク,牡4,54.0,原優介,1:14.4,2.1/2,8-9,38.5,334.5,14.0,478.0,-12.0,[東]堀井雅広,庄司修二,0.0,2016102790,1184,436,597033
202004030309,1,2,3,アスターマリンバ,牡3,54.0,戸崎圭太,1:51.7,,2-2-2-2,37.2,2.5,1.0,516.0,-10.0,[西]中竹和也,加藤久枝,1532.9,2017100541,5386,1039,935003
202004030309,2,6,11,モレッキ,セ6,57.0,三浦皇成,1:51.9,1.1/4,1-1-1-1,37.8,32.3,7.0,488.0,2.0,[東]稲垣幸雄,サンデーレーシング,609.4,2014105860,1122,1167,226800
202004030309,3,3,4,コスタネラ,牝5,55.0,岩田望来,1:51.9,ハナ,3-4-3-4,37.2,8.1,4.0,464.0,4.0,[西]大久保龍,社台レースホース,384.7,2015104333,1174,1058,415800
202004030309,4,1,1,キクノフェリックス,牡6,57.0,柴田大知,1:52.1,1,3-3-5-2,37.3,14.5,5.0,482.0,2.0,[西]吉田直弘,菊池五郎,230.0,2014103501,1009,1101,372002
202004030309,5,8,14,レオステップアップ,牡5,57.0,小林脩斗,1:52.7,4,6-8-7-7,37.7,245.1,14.0,498.0,-2.0,[東]奥平雅士,レオ,150.0,2015105834,1183,1074,209800
202004030309,6,5,8,フワトロ,牝5,55.0,丸田恭介,1:52.8,1/2,8-8-10-10,37.5,40.3,9.0,478.0,-16.0,[西]奥村豊,佐久間拓士,0.0,2015100850,1117,1146,986033
202004030309,7,4,7,グラマラスライフ,牝5,55.0,木幡育也,1:52.8,クビ,10-11-11-10,37.3,30.4,6.0,490.0,14.0,[東]田中博康,シルクレーシング,0.0,2015104977,1167,1162,506800
202004030309,8,7,12,サルサレイア,牝4,55.0,丸山元気,1:52.9,1/2,10-8-5-7,38.1,2.8,2.0,494.0,2.0,[西]羽月友彦,菅原広隆,0.0,2016100846,1127,1091,547033
202004030309,9,4,6,ワカミヤオウジ,牡5,57.0,野中悠太,1:52.9,クビ,8-5-8-5,37.8,224.5,13.0,496.0,4.0,[東]稲垣幸雄,芳川貴行,0.0,2015100299,1158,1167,253030
202004030309,10,3,5,グッドヘルスバイオ,牡4,57.0,斎藤新,1:53.0,3/4,6-5-8-7,37.9,63.3,10.0,472.0,4.0,[西]池添学,バイオ,0.0,2016103961,1178,1144,930800
202004030309,11,6,10,ベルジュネス,セ4,57.0,田辺裕信,1:53.1,アタマ,3-5-3-5,38.4,6.4,3.0,472.0,8.0,[東]畠山吉宏,岡田牧雄,0.0,2016100279,1075,1048,851009
202004030309,12,5,9,リンガスビンゴ,牝5,55.0,内田博幸,1:53.3,1.1/4,13-13-11-10,37.8,38.0,8.0,524.0,-2.0,[東]高橋祥泰,伊藤巖,0.0,2015106280,422,359,321006
202004030309,13,2,2,マテリアルワールド,牡4,57.0,菊沢一樹,1:53.8,3,12-12-13-13,38.0,197.5,12.0,520.0,-4.0,[東]中川公成,堀口晴男,0.0,2016103463,1161,1081,407033
202004030309,14,8,15,ジュニエーブル,牡6,57.0,柴田善臣,1:54.3,3,13-13-14-14,38.3,257.5,15.0,444.0,10.0,[東]南田美知,柴田洋一,0.0,2014103124,641,437,932008
202004030309,15,7,13,エグジットラック,牡6,57.0,江田照男,1:54.4,クビ,15-15-15-15,38.2,106.1,11.0,522.0,2.0,[東]田村康仁,廣崎智子,0.0,2014101508,689,1027,625008
202004030310,1,2,2,ニシオボヌール,セ8,57.0,横山典弘,1:09.5,,1-1,34.4,12.4,5.0,500.0,0.0,[西]高橋亮,三宅勝俊,1838.2,2012105451,660,1136,372008
202004030310,2,1,1,ヒロイックアゲン,牝6,55.0,三浦皇成,1:09.5,クビ,2-2,34.0,2.6,2.0,488.0,4.0,[東]加藤和宏,浅川皓司,735.2,2014103017,1122,1077,350004
202004030310,3,4,4,レノーア,牝4,55.0,岩田望来,1:09.8,1.3/4,3-3,34.2,2.4,1.0,428.0,2.0,[東]相沢郁,畑佐博,462.6,2016105630,1174,1020,78006
202004030310,4,5,5,レジーナドーロ,牝5,55.0,石橋脩,1:10.1,1.3/4,8-6,34.1,5.9,3.0,456.0,-6.0,[東]堀宣行,Ｇ１レーシング,270.0,2015104157,1077,1070,808800
202004030310,5,8,8,ナンヨーアミーコ,セ7,57.0,柴田善臣,1:10.1,アタマ,6-6,34.2,8.8,4.0,430.0,0.0,[東]宗像義忠,中村徳也,182.0,2013105594,641,420,512031
202004030310,6,6,6,コロラトゥーレ,牝6,55.0,菊沢一樹,1:10.2,1/2,6-6,34.4,42.6,7.0,464.0,-6.0,[西]梅田智之,廣崎利洋ＨＤ,0.0,2014102019,1161,1084,37803
202004030310,7,3,3,ナーゲルリング,牝4,55.0,柴田大知,1:10.3,3/4,4-3,34.6,65.6,8.0,474.0,2.0,[東]天間昭一,ビッグレッドファーム,0.0,2016105313,1009,1090,716800
202004030310,8,7,7,イオラニ,セ9,57.0,岩田康誠,1:12.0,大,4-5,36.3,15.1,6.0,488.0,-18.0,[西]石坂公一,ノルマンディーサラブレッドレーシング,0.0,2011101727,5203,1166,854800
202004030311,1,1,1,ソロフレーズ,牡5,57.0,江田照男,2:13.6,,12-13-16-15,35.2,70.0,14.0,486.0,-2.0,[東]栗田徹,ゴドルフィン,1855.0,2015101645,689,1127,3060
202004030311,2,8,16,グロンディオーズ,牡5,57.0,丸山元気,2:13.7,1/2,11-10-11-11,35.9,14.4,8.0,538.0,-20.0,[東]田村康仁,サンデーレーシング,740.0,2015104797,1127,1027,226800
202004030311,3,5,9,マイネルラフレシア,牡7,57.0,柴田大知,2:13.9,1.1/2,16-16-14-11,35.9,153.8,16.0,474.0,4.0,[東]高橋裕,サラブレッドクラブ・ラフィアン,465.0,2013101928,1009,412,546800
202004030311,4,6,12,ダンスディライト,牡4,57.0,Ｍ．デム,2:14.3,2.1/2,3-3-4-5,37.0,4.6,1.0,504.0,6.0,[西]松永幹夫,社台レースホース,270.0,2016105106,5212,1092,415800
202004030311,5,1,2,エストスペリオル,牡5,57.0,石橋脩,2:14.4,3/4,15-13-10-7,36.8,33.7,12.0,446.0,-12.0,[東]堀宣行,社台レースホース,182.0,2015104575,1077,1070,415800
202004030311,6,5,10,ヒュミドール,セ4,57.0,武藤雅,2:14.5,3/4,5-5-4-5,37.1,12.6,7.0,462.0,0.0,[東]小手川準,サンライズ,0.0,2016102201,1169,1171,866800
202004030311,7,7,14,ナムラドノヴァン,牡5,57.0,内田博幸,2:14.6,クビ,9-8-11-11,36.9,9.3,4.0,500.0,-4.0,[西]杉山晴紀,奈村信重,0.0,2015101077,422,1157,945004
202004030311,8,2,3,ノチェブランカ,牝5,55.0,三浦皇成,2:14.6,クビ,12-10-7-7,37.1,11.1,6.0,472.0,0.0,[東]国枝栄,吉田勝己,0.0,2015104913,1122,399,790005
202004030311,9,3,6,ミッキーバード,牡5,57.0,横山典弘,2:14.7,クビ,14-13-4-4,37.3,24.3,10.0,530.0,2.0,[東]尾関知人,野田みづき,0.0,2015104068,660,1103,441007
202004030311,10,3,5,ロジティナ,牡5,57.0,戸崎圭太,2:14.7,アタマ,10-10-15-15,36.5,28.1,11.0,526.0,-16.0,[東]新開幸一,久米田正明,0.0,2015100548,5386,1116,399030
202004030311,11,6,11,トラストケンシン,牡5,57.0,野中悠太,2:14.7,アタマ,7-6-7-7,37.2,5.4,2.0,470.0,8.0,[東]高橋文雅,菅波立知子,0.0,2015100831,1158,1134,767008
202004030311,12,8,15,グレンガリー,セ5,57.0,津村明秀,2:15.4,4,5-6-7-7,37.9,36.5,13.0,436.0,4.0,[東]萩原清,吉田勝己,0.0,2015104707,1092,1017,790005
202004030311,13,4,7,ローズテソーロ,牝4,55.0,岩田望来,2:15.4,アタマ,8-8-11-11,37.6,5.7,3.0,452.0,-8.0,[東]栗田徹,了徳寺健二ホールディングス,0.0,2016101366,1174,1127,89803
202004030311,14,4,8,ダイアナブライト,牝4,55.0,岩田康誠,2:15.5,3/4,2-2-2-1,38.5,9.6,5.0,452.0,10.0,[西]石坂正,キャロットファーム,0.0,2016104795,5203,1022,486800
202004030311,15,7,13,アストラサンタン,牝5,55.0,田辺裕信,2:16.1,3.1/2,3-3-3-2,39.0,14.9,9.0,476.0,10.0,[東]戸田博文,丹羽久一郎,0.0,2015104627,1075,1054,244033
202004030311,16,2,4,スターライトブルー,牡6,57.0,吉田豊,2:16.3,1.1/2,1-1-1-2,39.3,109.7,15.0,504.0,-6.0,[東]戸田博文,青芝商事,0.0,2014105448,733,1054,831800
202004030312,1,8,11,グルファクシー,牝4,55.0,石橋脩,1:49.4,,6-8,33.0,17.5,7.0,462.0,10.0,[東]堀宣行,Ｇ１レーシング,760.0,2016104387,1077,1070,808800
202004030312,2,7,9,カインドリー,牝3,50.0,藤田菜七,1:49.4,クビ,2-2,33.5,8.7,4.0,444.0,4.0,[東]田村康仁,ヒダカ・ブリーダーズ・ユニオン,300.0,2017102457,1164,1027,547800
202004030312,3,6,6,ノーエクスキューズ,牡3,54.0,三浦皇成,1:49.7,2,10-10,33.2,2.6,1.0,492.0,0.0,[東]和田正一,キャロットファーム,190.0,2017105367,1122,1114,486800
202004030312,4,4,4,ジーナスイート,牝5,55.0,丸山元気,1:49.8,クビ,3-3,33.8,4.6,3.0,440.0,-6.0,[東]青木孝文,シルクレーシング,110.0,2015104890,1127,1156,506800
202004030312,5,7,8,ビバヴィットーリオ,牡3,54.0,Ｍ．デム,1:49.8,クビ,1-1,34.0,3.9,2.0,520.0,2.0,[東]戸田博文,平井裕,76.0,2017100469,5212,1054,686006
202004030312,6,5,5,マリノソフィア,牝3,52.0,柴田善臣,1:49.9,クビ,3-3,33.9,15.9,6.0,454.0,6.0,[東]奥平雅士,矢野恭裕,0.0,2017100251,641,1074,43033
202004030312,7,6,7,ハローキャンディ,牝3,49.0,小林脩斗,1:50.1,1.1/2,6-5,33.9,35.5,10.0,444.0,16.0,[東]久保田貴,中西純穂,0.0,2017105819,1183,1067,1031
202004030312,8,3,3,フォーチュンリング,牝5,53.0,菅原明良,1:50.3,1.1/4,6-9,33.8,32.0,8.0,454.0,0.0,[東]田中清隆,岡田壮史,0.0,2015105078,1179,408,684030
202004030312,9,8,10,サナチャン,牝3,52.0,武士沢友,1:50.6,2,5-5,34.4,32.5,9.0,420.0,-2.0,[東]武藤善則,瀬谷隆雄,0.0,2017103064,1029,1064,775006
202004030312,10,2,2,キョシンタンカイ,牡3,54.0,田辺裕信,1:51.9,8,6-5,35.7,15.1,5.0,500.0,6.0,[東]武市康男,國分純,0.0,2017100554,1075,1089,243008
202004030312,11,1,1,ミッキーフォンテン,牝4,54.0,菊沢一樹,1:51.9,クビ,10-10,35.4,63.7,11.0,424.0,14.0,[東]菊沢隆徳,野田みづき,0.0,2016105865,1161,1115,441007
202004030401,1,7,12,カイトゲニー,牝2,54.0,丸山元気,1:34.8,,2-2,35.3,5.4,3.0,468.0,-2.0,[東]和田雄二,本田恒雄,510.0,2018102365,1127,1143,816008
202004030401,2,5,9,スターリーアイズ,牝2,54.0,柴田大知,1:35.2,2.1/2,1-1,35.9,5.1,2.0,452.0,0.0,[東]稲垣幸雄,ビッグレッドファーム,200.0,2018105754,1009,1167,716800
202004030401,3,3,5,トーセンメラニー,牝2,51.0,原優介,1:36.1,5,7-5,36.2,12.8,6.0,454.0,-6.0,[東]小桧山悟,島川隆哉,130.0,2018105628,1184,1005,270006
202004030401,4,3,4,ショウナンアドール,牝2,54.0,野中悠太,1:36.4,1.1/2,12-11,35.8,26.7,8.0,444.0,0.0,[東]加藤士津,国本哲秀,77.0,2018102324,1158,1169,331002
202004030401,5,8,14,ヴィスナー,牝2,54.0,田辺裕信,1:36.9,3,3-3,37.2,5.8,4.0,430.0,-12.0,[東]上原博之,西浩明,51.0,2018100432,1075,423,275033
202004030401,6,5,8,オーケーパッション,牝2,54.0,石橋脩,1:37.0,3/4,3-3,37.3,4.6,1.0,464.0,0.0,[東]相沢郁,小野建,0.0,2018106156,1077,1020,612030
202004030401,7,4,7,サツキティアラ,牝2,52.0,菅原明良,1:37.2,1.1/4,8-8,36.9,7.6,5.0,448.0,2.0,[東]加藤和宏,グランデオーナーズ,0.0,2018103039,1179,1077,910800
202004030401,8,8,15,アルマヴァーゴ,牝2,54.0,木幡巧也,1:37.4,1.1/4,8-8,37.1,61.9,11.0,436.0,4.0,[東]中舘英二,コウトミックレーシング,0.0,2018103162,1162,1153,95700
202004030401,9,4,6,ノットイェット,牝2,54.0,武藤雅,1:37.4,アタマ,13-13,36.7,14.2,7.0,478.0,4.0,[東]武藤善則,東海林貴大,0.0,2018100924,1169,1064,334031
202004030401,10,7,13,コニャック,牝2,53.0,斎藤新,1:37.9,3,13-13,37.2,26.8,9.0,422.0,-4.0,[東]相沢郁,芹澤精一,0.0,2018106079,1178,1020,683002
202004030401,11,2,2,ベストシーズン,牝2,54.0,江田照男,1:38.3,2.1/2,15-15,37.0,149.2,14.0,430.0,0.0,[東]菊川正達,プレミアムレースホース,0.0,2018102435,689,1052,81700
202004030401,12,6,10,ベルステラ,牝2,54.0,宮崎北斗,1:38.3,ハナ,5-5,38.2,138.3,13.0,430.0,-6.0,[東]松山将樹,岡田繁幸,0.0,2018100883,1118,1100,760008
202004030401,13,2,3,ロングジャーニー,牝2,54.0,木幡初也,1:38.4,3/4,5-5,38.2,64.6,12.0,452.0,-14.0,[東]武市康男,密山根成,0.0,2018102256,1153,1089,611030
202004030401,14,1,1,シクラメンテソーロ,牝2,54.0,三浦皇成,1:38.6,1.1/4,8-8,38.2,56.9,10.0,434.0,0.0,[東]奥平雅士,了徳寺健二ホールディングス,0.0,2018106018,1122,1074,89803
202004030401,15,6,11,バナナムーン,牝2,53.0,菊沢一樹,1:39.1,3,8-11,38.3,238.5,15.0,454.0,4.0,[東]佐藤吉勝,田頭勇貴,0.0,2018103463,1161,1035,855030
202004030402,1,4,7,テネラメンテ,牝2,54.0,北村宏司,1:23.3,,7-7,36.3,10.4,4.0,468.0,10.0,[東]木村哲也,吉田勝己,510.0,2018105097,1043,1126,790005
202004030402,2,5,9,クレマチステソーロ,牝2,53.0,斎藤新,1:23.3,ハナ,1-1,36.9,26.6,8.0,454.0,2.0,[東]高木登,了徳寺健二ホールディングス,200.0,2018102791,1178,1088,89803
202004030402,3,2,4,フーラリ,牡2,54.0,戸崎圭太,1:23.4,1/2,12-9,36.0,3.2,1.0,456.0,-20.0,[東]手塚貴久,落合幸弘,130.0,2018105312,5386,1038,252030
202004030402,4,7,14,スターリングワース,牝2,54.0,田辺裕信,1:23.6,1.1/4,6-6,36.7,3.7,2.0,466.0,6.0,[東]中舘英二,吉田照哉,77.0,2018104644,1075,1153,758005
202004030402,5,5,10,インヴァネス,牝2,52.0,菅原明良,1:23.7,1/2,2-2,37.1,6.9,3.0,448.0,10.0,[東]田中清隆,矢野亨憲,51.0,2018104482,1179,408,853033
202004030402,6,3,6,ナムラスパロー,牝2,54.0,木幡初也,1:23.7,アタマ,5-3,36.9,11.4,5.0,396.0,0.0,[東]武市康男,奈村睦弘,0.0,2018100095,1153,1089,972002
202004030402,7,7,13,ノアファンタジー,牝2,54.0,柴田善臣,1:23.9,1.1/4,3-3,37.2,43.8,9.0,458.0,2.0,[東]大江原哲,佐山公男,0.0,2018102757,641,1012,861002
202004030402,8,3,5,レイニーデイ,牡2,53.0,岩田望来,1:23.9,クビ,15-14,36.2,12.5,6.0,512.0,2.0,[東]矢野英一,大塚亮一,0.0,2018103150,1174,1108,858800
202004030402,9,8,17,キュムロンニンバス,牡2,54.0,江田照男,1:24.0,クビ,13-12,36.5,43.9,10.0,470.0,6.0,[東]南田美知,ミルファーム,0.0,2018106597,689,437,629800
202004030402,10,4,8,チェリーオリオン,牡2,54.0,木幡巧也,1:24.1,1/2,9-10,36.8,70.5,11.0,478.0,-14.0,[東]小西一男,櫻井悦朗,0.0,2018103256,1162,405,527030
202004030402,11,6,12,ナンヨーノワール,牡2,54.0,武藤雅,1:24.1,クビ,7-7,37.1,193.9,16.0,450.0,-12.0,[東]杉浦宏昭,中村徳也,0.0,2018103366,1169,1008,512031
202004030402,12,1,2,ラブリーハミング,牝2,54.0,武士沢友,1:24.1,ハナ,17-16,36.3,175.1,14.0,458.0,4.0,[東]竹内正洋,池田草龍,0.0,2018101546,1029,1152,204033
202004030402,13,1,1,ブルージルコン,牝2,51.0,原優介,1:24.2,クビ,3-3,37.5,108.9,13.0,454.0,0.0,[東]杉浦宏昭,山岸桂市,0.0,2018106419,1184,1008,510008
202004030402,14,2,3,ビヨンドザシーン,牡2,54.0,岩部純二,1:24.3,1/2,13-12,36.8,410.0,18.0,444.0,-6.0,[東]的場均,ミルファーム,0.0,2018106610,726,1063,629800
202004030402,15,8,16,インペリアルツアー,牡2,51.0,小林凌大,1:24.3,アタマ,15-14,36.7,84.8,12.0,442.0,0.0,[東]加藤和宏,スピードファーム,0.0,2018101729,1177,1077,911800
202004030402,16,6,11,ヴァルプルギス,牡2,54.0,内田博幸,1:25.1,5,18-18,36.4,254.5,17.0,442.0,-2.0,[東]浅野洋一,田頭勇貴,0.0,2018103077,422,421,855030
202004030402,17,7,15,ハイパーミラクル,牝2,54.0,三浦皇成,1:25.8,4,9-10,38.6,14.7,7.0,404.0,-2.0,[東]加藤士津,高橋宏弥,0.0,2018106060,1122,1169,96031
202004030402,18,8,18,ムーンリバー,牝2,54.0,柴田大知,1:26.5,4,9-16,39.2,177.5,15.0,434.0,2.0,[東]青木孝文,サラブレッドクラブ・ラフィアン,0.0,2018102812,1009,1156,546800
202004030403,1,8,15,タシロ,牡3,56.0,杉原誠人,1:12.2,,2-2,37.2,36.5,10.0,524.0,2.0,[東]的場均,ミルファーム,510.0,2017104262,1135,1063,629800
202004030403,2,7,12,ファラウェイ,牡3,56.0,内田博幸,1:12.4,1.1/4,3-3,37.2,23.6,6.0,552.0,8.0,[東]加藤征弘,スリーエイチレーシング,200.0,2017100355,422,1059,72803
202004030403,3,8,14,キャストロペトラ,牡3,56.0,江田照男,1:12.6,1.1/4,1-1,37.6,3.3,2.0,464.0,2.0,[東]粕谷昌央,手嶋康雄,130.0,2017104273,689,1096,759030
202004030403,4,5,9,マニールリッヒ,牡3,56.0,石橋脩,1:12.7,1/2,14-12,36.1,2.1,1.0,490.0,6.0,[東]青木孝文,吉田勝己,77.0,2017105341,1077,1156,790005
202004030403,5,2,3,サンデープリンセス,牝3,51.0,原優介,1:13.1,2.1/2,11-9,37.2,8.9,3.0,468.0,-4.0,[東]加藤士津,藤田好紀,51.0,2017106429,1184,1169,41033
202004030403,6,3,4,セストリエール,牝3,54.0,武藤雅,1:13.2,1/2,4-4,37.8,34.0,9.0,448.0,10.0,[東]池上昌和,下河辺牧場,0.0,2017100409,1169,1150,362800
202004030403,7,4,6,フォーハンズプレイ,牡3,55.0,斎藤新,1:13.3,1/2,5-4,37.8,129.5,14.0,448.0,2.0,[東]武井亮,松嶋良治,0.0,2017104480,1178,1147,889033
202004030403,8,1,1,アイドルヲサガセ,牝3,54.0,丸山元気,1:13.4,3/4,9-9,37.6,10.9,4.0,438.0,0.0,[東]小西一男,福田光博,0.0,2017104156,1127,405,615030
202004030403,9,2,2,ユメミルユメコ,牝3,54.0,嶋田純次,1:13.5,クビ,8-6,37.8,30.8,7.0,436.0,6.0,[東]南田美知,ミルファーム,0.0,2017101965,1134,437,629800
202004030403,10,4,7,キタノフウライジン,牡3,56.0,西田雄一,1:14.0,3,13-14,37.6,129.3,13.0,484.0,6.0,[東]松永康利,北所直人,0.0,2017101267,1004,1093,163002
202004030403,11,6,11,スキャルドメール,牝3,54.0,木幡初也,1:14.2,1.1/2,15-15,36.5,31.8,8.0,444.0,-8.0,[東]杉浦宏昭,日進牧場,0.0,2017106286,1153,1008,100800
202004030403,12,7,13,メガフロート,牡3,54.0,菅原明良,1:14.2,アタマ,5-6,38.7,20.5,5.0,448.0,-8.0,[東]田中剛,シルクレーシング,0.0,2017100508,1179,1119,506800
202004030403,13,3,5,ザハロワ,牝3,51.0,小林凌大,1:14.7,3,12-12,38.6,215.5,15.0,468.0,6.0,[東]天間昭一,ホースアディクト,0.0,2017104500,1177,1090,67700
202004030403,14,5,8,クイーンオラトリオ,牝3,53.0,菊沢一樹,1:14.8,1/2,9-9,39.0,40.4,12.0,484.0,-10.0,[東]清水英克,ユートピア牧場,0.0,2017104476,1161,1080,310800
202004030403,15,6,10,モリトアリュルヒメ,牝3,54.0,宮崎北斗,1:16.6,大,5-6,41.1,38.0,11.0,524.0,6.0,[東]堀井雅広,藤田在子,0.0,2017104907,1118,436,491030
202004030404,1,7,14,アースブレイブ,牡3,56.0,丸田恭介,2:02.9,,17-16-9-8,36.5,20.3,8.0,458.0,0.0,[東]宗像義忠,松山増男,510.0,2017106236,1117,420,339008
202004030404,2,3,5,シェーンクラート,牡3,56.0,内田博幸,2:03.0,1/2,4-4-4-3,37.0,15.0,6.0,504.0,-4.0,[東]黒岩陽一,金山敏也,200.0,2017103331,422,1133,693033
202004030404,3,2,4,シラカワカツコ,牝3,54.0,北村宏司,2:03.0,クビ,7-8-9-8,36.7,25.1,9.0,404.0,2.0,[東]伊藤伸一,大久保與志雄,130.0,2017101747,1043,1031,750030
202004030404,4,8,17,ナリノオルフェ,牡3,56.0,丸山元気,2:03.0,ハナ,10-10-9-13,36.6,4.6,2.0,438.0,0.0,[東]上原博之,成塚清志,77.0,2017104926,1127,423,333030
202004030404,5,6,12,キタノポケット,牝3,54.0,嘉藤貴行,2:03.0,クビ,15-13-6-3,36.9,2.7,1.0,386.0,2.0,[東]深山雅史,北所直人,51.0,2017100968,1051,1174,163002
202004030404,6,5,9,ムーンダイアローグ,牡3,55.0,岩田望来,2:03.2,1.1/4,14-13-14-15,36.5,9.0,4.0,456.0,0.0,[東]矢野英一,大塚亮一,0.0,2017104094,1174,1108,858800
202004030404,7,2,3,ソステヌートペダル,牡3,56.0,石橋脩,2:03.4,1.1/4,5-4-4-3,37.4,28.9,10.0,426.0,8.0,[東]大和田成,金子真人ホールディングス,0.0,2017104976,1077,1124,708800
202004030404,8,4,7,コンカルノー,牝3,54.0,木幡巧也,2:03.4,クビ,1-1-1-1,37.6,20.0,7.0,450.0,2.0,[東]菊川正達,中村祐子,0.0,2017100527,1162,1052,373008
202004030404,9,1,1,ラッキービープラン,牝3,54.0,伊藤工真,2:03.8,2.1/2,10-10-14-13,37.2,9.2,5.0,466.0,2.0,[東]宗像義忠,薗部博之,0.0,2017100936,1119,420,960006
202004030404,10,8,18,ペンタグラム,牡3,55.0,斎藤新,2:03.9,1/2,5-4-6-7,37.8,68.6,12.0,450.0,-2.0,[東]栗田徹,社台レースホース,0.0,2017104883,1178,1127,415800
202004030404,11,7,15,ヤマニンバデル,牡3,56.0,武士沢友,2:04.1,1.1/4,12-12-9-8,37.7,186.8,15.0,522.0,-6.0,[東]栗田徹,土井肇,0.0,2017101781,1029,1127,329004
202004030404,12,8,16,スズカワッペン,牝3,51.0,原優介,2:04.2,3/4,16-16-16-17,37.2,267.2,17.0,396.0,-14.0,[東]小島茂之,永井啓弍,0.0,2017101074,1184,1068,382004
202004030404,13,4,8,シャイニーコースト,セ3,56.0,野中悠太,2:04.2,ハナ,12-13-16-16,37.3,97.3,14.0,458.0,-14.0,[東]菊川正達,小林昌志,0.0,2017101113,1158,1052,531006
202004030404,14,6,11,ネオアマゾネス,牝3,52.0,菅原明良,2:04.3,クビ,2-2-2-2,38.5,33.0,11.0,472.0,0.0,[東]久保田貴,草間庸文,0.0,2017102380,1179,1067,909006
202004030404,15,7,13,フラッグタワー,セ3,56.0,江田照男,2:04.5,1.1/4,3-3-3-3,38.6,90.9,13.0,442.0,-2.0,[東]和田正一,スピードファーム,0.0,2017101552,689,1114,911800
202004030404,16,5,10,レッドジャンヌ,牝3,54.0,田辺裕信,2:05.3,5,8-7-6-8,39.2,7.4,3.0,450.0,8.0,[東]大竹正博,東京ホースレーシング,0.0,2017105405,1075,1102,180800
202004030404,17,1,2,カゼトソラ,牝3,51.0,小林脩斗,2:05.7,2.1/2,8-8-9-8,39.4,187.1,16.0,494.0,14.0,[東]石毛善彦,川島与市,0.0,2017101703,1183,428,11033
202004030404,18,3,6,ナオラブリイ,牝3,51.0,小林凌大,2:11.7,大,18-18-18-18,39.2,308.4,18.0,434.0,2.0,[東]根本康広,成富直行,0.0,2017104533,1177,1029,863033
202004030405,1,4,8,ルドヴィクス,牡2,54.0,田辺裕信,1:49.2,,1-1,34.4,7.0,3.0,500.0,0.0,[東]久保田貴,村木克子,700.0,2018105213,1075,1067,941033
202004030405,2,8,18,バジオウ,牡2,54.0,戸崎圭太,1:49.3,3/4,4-4,34.1,6.2,2.0,456.0,0.0,[東]田中博康,鈴木剛史,280.0,2018104756,5386,1162,955033
202004030405,3,7,15,トーセンインディゴ,牡2,54.0,武藤雅,1:50.2,5,2-2,35.2,8.9,4.0,470.0,0.0,[東]田村康仁,島川隆哉,180.0,2018105671,1169,1027,270006
202004030405,4,5,10,サムライスピアー,牡2,54.0,柴田善臣,1:50.4,1,12-11,34.7,40.1,10.0,438.0,0.0,[東]菊川正達,玉腰勇吉,110.0,2018105993,641,1052,960030
202004030405,5,1,1,ウィンドリッパー,牡2,54.0,石橋脩,1:50.6,1.1/2,12-13,34.5,9.5,5.0,476.0,0.0,[西]清水久詞,シルクレーシング,70.0,2018105105,1077,1110,506800
202004030405,6,4,7,メイレンシュタイン,牡2,54.0,北村宏司,1:50.9,1.1/2,15-15,35.0,29.4,9.0,438.0,0.0,[東]勢司和浩,キャロットファーム,0.0,2018105476,1043,1047,486800
202004030405,7,1,2,キタサンシンドー,牝2,53.0,岩田望来,1:50.9,クビ,9-7,35.4,3.0,1.0,460.0,0.0,[西]斉藤崇史,大野商事,0.0,2018105327,1174,1151,373800
202004030405,8,5,9,プンタアレナス,牡2,54.0,丸山元気,1:51.0,クビ,6-5,35.7,64.3,13.0,460.0,0.0,[東]古賀慎明,吉田勝己,0.0,2018105249,1127,1079,790005
202004030405,9,8,16,ビーマイセルフ,牝2,54.0,岩部純二,1:51.2,1.1/4,12-13,35.2,175.2,16.0,440.0,0.0,[東]萱野浩二,ミルファーム,0.0,2018106606,726,1024,629800
202004030405,10,7,14,マイネルレイヨン,牡2,54.0,宮崎北斗,1:51.2,アタマ,2-2,36.3,17.8,7.0,472.0,0.0,[東]上原博之,サラブレッドクラブ・ラフィアン,0.0,2018102169,1118,423,546800
202004030405,11,7,13,ラヴドワンズ,牝2,54.0,三浦皇成,1:51.6,2.1/2,8-7,36.1,10.5,6.0,440.0,0.0,[東]宮田敬介,キャロットファーム,0.0,2018105149,1122,1175,486800
202004030405,12,8,17,モアナモーリス,牝2,53.0,斎藤新,1:52.1,3,15-16,35.8,66.5,14.0,438.0,0.0,[東]林徹,ＩＨＲ,0.0,2018104485,1178,1163,40700
202004030405,13,2,3,スズノイナズマ,牡2,54.0,嘉藤貴行,1:52.2,1/2,9-11,36.3,183.2,17.0,456.0,0.0,[東]深山雅史,小紫嘉之,0.0,2018102811,1051,1174,835030
202004030405,14,3,5,オリアメンディ,牝2,54.0,杉原誠人,1:52.8,3.1/2,9-10,36.9,42.7,11.0,452.0,0.0,[東]斎藤誠,ミルファーム,0.0,2018106612,1135,1086,629800
202004030405,15,6,11,グッディクリステル,牝2,54.0,木幡巧也,1:53.1,1.3/4,17-17,36.9,163.7,15.0,462.0,0.0,[東]和田正一,スピードファーム,0.0,2018103282,1162,1114,911800
202004030405,16,3,6,マスケティアーズ,牡2,51.0,原優介,1:53.4,1.3/4,18-18,37.0,216.7,18.0,436.0,0.0,[東]小桧山悟,加藤徹,0.0,2018100963,1184,1005,36006
202004030405,17,2,4,イワズ,牡2,54.0,柴田大知,1:53.4,ハナ,4-5,37.9,27.3,8.0,460.0,0.0,[東]青木孝文,岡田繁幸,0.0,2018103068,1009,1156,760008
202004030405,18,6,12,インザロングラン,牡2,54.0,野中悠太,1:53.6,1.1/2,6-7,37.8,54.2,12.0,460.0,0.0,[東]相沢郁,石瀬浩三,0.0,2018100901,1158,1020,812008
202004030406,1,4,7,フレンドパル,牝2,54.0,江田照男,1:11.7,,1-1,36.3,7.4,3.0,474.0,0.0,[東]深山雅史,前田清二,700.0,2018103766,689,1174,125031
202004030406,2,2,3,ファインルージュ,牝2,54.0,北村宏司,1:11.7,クビ,4-5,35.9,2.5,1.0,482.0,0.0,[東]木村哲也,六井元一,280.0,2018105181,1043,1126,867033
202004030406,3,6,11,ダブルスナッチ,牝2,53.0,斎藤新,1:11.9,1.1/4,14-12,34.4,8.8,5.0,402.0,0.0,[東]宗像義忠,シルクレーシング,180.0,2018105518,1178,420,506800
202004030406,4,1,1,リリーテソーロ,牝2,54.0,内田博幸,1:12.0,3/4,7-7,35.7,21.7,7.0,452.0,0.0,[東]和田雄二,了徳寺健二ホールディングス,110.0,2018102661,422,1143,89803
202004030406,5,6,12,アロハロック,牝2,53.0,岩田望来,1:12.1,1/2,3-3,36.4,8.6,4.0,410.0,0.0,[東]杉浦宏昭,荻原慎司,70.0,2018105617,1174,1008,183031
202004030406,6,8,18,グリモリオ,牝2,54.0,三浦皇成,1:12.5,2.1/2,4-3,36.7,6.0,2.0,494.0,0.0,[東]菊沢隆徳,吉田勝己,0.0,2018105108,1122,1115,790005
202004030406,7,5,9,ハイテレスヴェター,牝2,54.0,柴田善臣,1:12.6,1/2,10-10,35.9,92.1,12.0,472.0,0.0,[東]本間忍,小林弘明,0.0,2018100131,641,1056,933008
202004030406,8,7,14,コスモザクロ,牡2,54.0,柴田大知,1:12.8,1.1/4,8-8,36.3,11.3,6.0,422.0,0.0,[東]和田勇介,岡田繁幸,0.0,2018104216,1009,1165,760008
202004030406,9,7,15,イッツライフ,牝2,54.0,嘉藤貴行,1:12.8,ハナ,10-11,36.0,211.3,17.0,464.0,0.0,[東]伊藤伸一,ミルファーム,0.0,2018106604,1051,1031,629800
202004030406,10,8,16,ヴィーナスラン,牝2,54.0,木幡巧也,1:13.0,1.1/2,2-2,37.5,35.9,9.0,464.0,0.0,[東]牧光二,岡村善行,0.0,2018104428,1162,1106,535006
202004030406,11,5,10,マニフィック,牝2,51.0,原優介,1:13.1,1/2,9-8,36.5,181.0,15.0,394.0,0.0,[東]武市康男,後藤英成,0.0,2018101023,1184,1089,470030
202004030406,12,3,6,プリメラクラセ,牡2,51.0,小林凌大,1:13.3,1.1/4,15-15,35.4,208.8,16.0,440.0,0.0,[東]宗像義忠,鈴木芳夫,0.0,2018101754,1177,420,639009
202004030406,13,4,8,ウエイトジャッジ,牡2,54.0,丸田恭介,1:13.4,1/2,12-13,36.1,31.7,8.0,548.0,0.0,[東]宗像義忠,薗部博之,0.0,2018104540,1117,420,960006
202004030406,14,2,4,エヴァンゲーリウム,牡2,54.0,大庭和弥,1:13.9,3,16-16,35.2,165.7,14.0,420.0,0.0,[東]松永康利,田頭勇貴,0.0,2018102751,1061,1093,855030
202004030406,15,7,13,デュランタ,牡2,54.0,嶋田純次,1:15.4,9,12-14,38.1,52.4,10.0,494.0,0.0,[東]手塚貴久,ミルファーム,0.0,2018106594,1134,1038,629800
202004030406,16,3,5,スカイパンチ,牡2,54.0,杉原誠人,1:15.9,3,6-6,40.0,112.7,13.0,430.0,0.0,[東]石毛善彦,ミルファーム,0.0,2018102950,1135,428,629800
202004030406,17,1,2,ハニークイーン,牝2,54.0,武藤雅,1:16.1,1.1/2,16-17,37.4,65.2,11.0,460.0,0.0,[東]水野貴広,コスモヴューファーム,0.0,2018101612,1169,1094,30803
202004030406,-2,8,17,カネショウルーイ,牡2,54.0,川須栄彦,,,,,,,,,[東]古賀史生,清水正裕,0.0,2018105733,1128,392,608033
202004030407,1,4,7,キョウエイパラスト,牡3,56.0,三浦皇成,1:54.5,,4-4-4-4,38.1,3.4,2.0,500.0,2.0,[東]中川公成,田中晴夫,510.0,2017105750,1122,1081,619002
202004030407,2,3,5,マイネルパイオニア,牡3,56.0,戸崎圭太,1:54.8,2,3-2-2-2,38.6,5.9,3.0,464.0,2.0,[東]中舘英二,サラブレッドクラブ・ラフィアン,200.0,2017105956,5386,1153,546800
202004030407,3,6,11,シャイニングブルー,牡3,56.0,田辺裕信,1:54.9,クビ,8-8-6-6,38.2,2.2,1.0,502.0,0.0,[東]国枝栄,嶋田賢,130.0,2017104958,1075,399,399009
202004030407,4,8,14,マイネルサブマリン,牡3,56.0,柴田大知,1:55.1,1.1/2,4-5-4-4,38.6,9.8,4.0,492.0,16.0,[東]畠山吉宏,サラブレッドクラブ・ラフィアン,77.0,2017110107,1009,1048,546800
202004030407,5,2,3,トウカイラルゴ,牡3,56.0,野中悠太,1:55.2,クビ,2-2-2-1,39.0,68.8,11.0,496.0,0.0,[東]栗田徹,内村正則,51.0,2017100837,1158,1127,695004
202004030407,6,3,4,プルークファーレン,牡3,56.0,武藤雅,1:55.7,3,10-10-6-6,38.9,22.9,6.0,478.0,4.0,[東]中舘英二,吉田照哉,0.0,2017105148,1169,1153,758005
202004030407,7,1,1,エアリアルシティー,牡3,56.0,杉原誠人,1:55.7,ハナ,13-12-11-8,38.7,66.2,10.0,506.0,8.0,[東]石毛善彦,ミルファーム,0.0,2017104251,1135,428,629800
202004030407,8,6,10,デルマダイヤモンド,牡3,55.0,岩田望来,1:56.3,3.1/2,8-8-9-8,39.4,33.5,7.0,456.0,4.0,[東]戸田博文,浅沼廣幸,0.0,2017104807,1174,1054,274002
202004030407,9,5,9,リチュアルダンス,牡3,56.0,石橋脩,1:56.6,1.3/4,10-11-11-10,39.6,14.8,5.0,496.0,-4.0,[東]尾関知人,ゴドルフィン,0.0,2017110024,1077,1103,3060
202004030407,10,4,6,セイウンカゲロウ,牡3,56.0,江田照男,1:57.3,4,13-14-14-13,40.1,44.0,9.0,504.0,8.0,[東]奥平雅士,西山茂行,0.0,2017110175,689,1074,897009
202004030407,11,5,8,ケイツーコルナ,牡3,56.0,丸田恭介,1:58.1,5,6-6-11-10,41.1,152.6,12.0,498.0,4.0,[東]蛯名利弘,楠本勝美,0.0,2017100928,1117,1131,103006
202004030407,12,8,15,アントルヴォー,牡3,53.0,小林脩斗,1:59.4,8,6-6-6-12,42.6,230.5,15.0,484.0,4.0,[東]久保田貴,シンボリ牧場,0.0,2017101652,1183,1067,431800
202004030407,13,7,13,コスモオーブ,牡3,56.0,津村明秀,1:59.8,2.1/2,12-12-9-13,42.9,36.2,8.0,462.0,-7.0,[東]高橋祥泰,ビッグレッドファーム,0.0,2017100920,1092,359,716800
202004030407,14,2,2,ヤマニンパジャッソ,牡3,56.0,伊藤工真,2:00.0,3/4,1-1-1-3,43.9,164.6,13.0,452.0,-2.0,[東]蛯名利弘,土井肇,0.0,2017103122,1119,1131,329004
202004030407,15,7,12,シゲルヒドラ,牡3,53.0,原優介,2:01.8,大,15-15-15-15,42.8,210.3,14.0,502.0,0.0,[東]小島茂之,森中蕃,0.0,2017106545,1184,1068,674004
202004030408,1,3,3,カンバラ,牝3,52.0,戸崎圭太,2:27.8,,1-1-1-1,34.5,2.2,1.0,482.0,6.0,[東]黒岩陽一,ゴドルフィン,760.0,2017106571,5386,1133,3060
202004030408,2,6,6,エクセレントラン,牡3,54.0,柴田善臣,2:28.5,4,2-2-2-2,35.1,7.7,4.0,472.0,4.0,[東]大江原哲,田畑利彦,300.0,2017105910,641,1012,464030
202004030408,3,2,2,ブルースカイハーツ,牡6,57.0,嶋田純次,2:28.8,2,4-3-3-2,35.2,23.0,6.0,448.0,-12.0,[東]手塚貴久,ヒダカ・ブリーダーズ・ユニオン,190.0,2014102124,1134,1038,547800
202004030408,4,1,1,パーディシャー,牡3,54.0,田辺裕信,2:28.8,ハナ,10-9-10-10,34.7,11.2,5.0,436.0,8.0,[東]久保田貴,社台レースホース,110.0,2017104690,1075,1067,415800
202004030408,5,8,9,ルトロヴァイユ,牝3,52.0,吉田豊,2:29.0,1.1/4,5-5-3-2,35.4,5.1,3.0,480.0,16.0,[東]竹内正洋,古川一弘,76.0,2017104620,733,1152,680033
202004030408,6,7,7,カイザースクルーン,セ4,56.0,岩田望来,2:29.0,クビ,3-3-3-2,35.5,4.0,2.0,476.0,-2.0,[東]相沢郁,サンデーレーシング,0.0,2016104344,1174,1020,226800
202004030408,7,5,5,ゴールデンフィジー,牝5,55.0,石橋脩,2:29.2,1.1/2,7-7-7-7,35.4,60.0,9.0,430.0,-8.0,[東]牧光二,吉田照哉,0.0,2015104295,1077,1106,758005
202004030408,8,4,4,ゾロ,牡4,57.0,津村明秀,2:29.5,2,5-5-6-6,35.8,36.2,8.0,468.0,6.0,[東]小手川準,北山敏隆,0.0,2016102615,1092,1171,789002
202004030408,9,7,8,ケイティミラクル,牡3,53.0,菊沢一樹,2:29.8,1.3/4,9-9-7-7,36.0,73.3,10.0,494.0,0.0,[東]小野次郎,瀧本和義,0.0,2017102046,1161,1125,83006
202004030408,10,8,10,ルカ,牡3,52.0,菅原明良,2:30.4,3.1/2,7-8-7-7,36.5,30.0,7.0,480.0,0.0,[東]戸田博文,窪田芳郎,0.0,2017105033,1179,1054,208008
202004030409,1,8,15,ウインアイルビータ,牝4,55.0,柴田大知,0:54.9,,2,32.7,3.7,2.0,482.0,0.0,[東]田中剛,ウイン,1092.9,2016100242,1009,1119,494800
202004030409,2,2,2,トミケンルーア,セ4,57.0,津村明秀,0:55.1,1,8,32.5,22.6,9.0,468.0,8.0,[東]竹内正洋,冨樫賢二,429.4,2016106510,1092,1152,901007
202004030409,3,6,11,ハニーリン,牝3,52.0,戸崎圭太,0:55.1,クビ,3,32.7,2.8,1.0,476.0,-2.0,[東]堀井雅広,西森功,274.7,2017106497,5386,436,316031
202004030409,4,3,4,スターライトキス,牝5,55.0,西田雄一,0:55.2,1/2,10,32.2,56.0,14.0,514.0,6.0,[東]新開幸一,岡田牧雄,160.0,2015105401,1004,1116,851009
202004030409,5,7,13,セイラブミー,牝3,52.0,杉原誠人,0:55.4,1.1/2,6,32.9,13.3,6.0,460.0,22.0,[東]伊藤大士,ミルファーム,106.0,2017104258,1135,1109,629800
202004030409,6,7,12,ファンファン,牡3,54.0,北村宏司,0:55.5,1/2,9,32.8,11.7,4.0,450.0,10.0,[東]深山雅史,櫻井正,0.0,2017100560,1043,1174,864009
202004030409,7,6,10,ケイティディライト,牝3,52.0,野中悠太,0:55.5,アタマ,1,33.4,27.3,11.0,446.0,-12.0,[東]小野次郎,瀧本和義,0.0,2017102015,1158,1125,83006
202004030409,8,5,8,ドゥモワゼル,牝6,55.0,江田照男,0:55.6,3/4,3,33.2,22.4,8.0,468.0,0.0,[東]粕谷昌央,小田切統二,0.0,2014106523,689,1096,474002
202004030409,9,5,9,マッタナシ,セ6,57.0,菊沢一樹,0:55.9,1.1/2,12,32.7,31.9,12.0,482.0,-4.0,[東]岩戸孝樹,芳賀克也,0.0,2014104402,1161,1051,247030
202004030409,10,4,7,セイスケルツォ,牡3,54.0,丸田恭介,0:56.1,1.1/4,14,32.6,43.9,13.0,506.0,-13.0,[東]浅野洋一,金田成基,0.0,2017106187,1117,421,376008
202004030409,11,8,14,タツオウカケンラン,牝3,52.0,岩田望来,0:56.3,1.1/4,3,33.9,12.6,5.0,432.0,-12.0,[西]鮫島一歩,鈴木高幸,0.0,2017103973,1174,1046,124033
202004030409,12,2,3,レッドヴェイパー,牝3,52.0,斎藤新,0:56.5,1.1/4,10,33.5,17.5,7.0,422.0,10.0,[東]尾関知人,東京ホースレーシング,0.0,2017105632,1178,1103,180800
202004030409,13,1,1,ホウオウエックス,牡4,57.0,原優介,0:56.5,クビ,13,33.2,173.0,15.0,508.0,6.0,[東]奥村武,小笹芳央,0.0,2016104785,1184,1145,906033
202004030409,14,3,5,グラスレガシー,牝5,55.0,木幡巧也,0:56.6,クビ,6,34.1,26.8,10.0,510.0,10.0,[東]牧光二,半沢,0.0,2015105725,1162,1106,541800
202004030409,15,4,6,アングレーム,牝5,55.0,菅原明良,0:56.9,1.3/4,15,32.9,9.5,3.0,466.0,0.0,[東]矢野英一,キャロットファーム,0.0,2015104803,1179,1108,486800
202004030410,1,5,5,トータルソッカー,牡6,57.0,戸崎圭太,2:13.9,,5-4-4-3,35.6,12.8,5.0,502.0,-2.0,[東]菊川正達,渡邊隆,1526.6,2014105104,5386,1052,321009
202004030410,2,3,3,エンデュミオン,牡3,54.0,北村宏司,2:13.9,クビ,9-10-11-9,34.9,2.1,1.0,440.0,-4.0,[西]清水久詞,ターフ・スポート,607.6,2017106153,1043,1110,102800
202004030410,3,7,10,ダブルフラット,牡5,57.0,田辺裕信,2:14.0,クビ,1-1-1-1,36.1,6.9,3.0,508.0,8.0,[西]角居勝彦,金子真人ホールディングス,383.8,2015104643,1075,1053,708800
202004030410,4,4,4,フォーラウェイ,牡7,57.0,菊沢一樹,2:14.1,1/2,8-7-6-5,35.6,52.9,10.0,454.0,0.0,[西]北出成人,フジワラ・ファーム,230.0,2013104780,1161,1078,616800
202004030410,5,1,1,ルタンブル,牝4,55.0,吉田豊,2:14.1,クビ,11-11-8-8,35.3,27.5,8.0,458.0,-6.0,[東]小手川準,杉浦和也,150.0,2016103263,733,1171,367033
202004030410,6,6,8,ペレ,牝4,55.0,三浦皇成,2:15.4,8,6-6-6-7,36.9,3.4,2.0,462.0,10.0,[東]木村哲也,ＮＩＣＫＳ,0.0,2016104614,1122,1126,887800
202004030410,7,8,12,ロゼフェニックス,牡5,57.0,武藤雅,2:15.5,1/2,2-2-2-2,37.6,100.8,11.0,436.0,6.0,[東]伊坂重信,高橋信博,0.0,2015100157,1169,1177,871006
202004030410,8,7,9,サンシロウ,牡6,57.0,柴田善臣,2:15.8,2,11-11-8-9,37.0,12.6,4.0,482.0,-12.0,[東]柄崎孝,三度屋,0.0,2014103367,641,380,20803
202004030410,9,5,6,タンタフエルサ,牡5,57.0,菅原明良,2:16.0,1.1/4,9-9-11-12,37.0,28.2,9.0,440.0,-6.0,[東]国枝栄,Ｇ１レーシング,0.0,2015104109,1179,399,808800
202004030410,10,2,2,スワーヴノートン,牡6,57.0,木幡巧也,2:16.2,1.1/4,3-4-4-3,37.9,112.1,12.0,486.0,0.0,[東]田中博康,ＮＩＣＫＳ,0.0,2014101955,1162,1162,887800
202004030410,11,6,7,ダノンクライム,牡6,57.0,岩田望来,2:16.7,3,6-7-8-9,38.0,23.4,6.0,530.0,4.0,[西]寺島良,ダノックス,0.0,2014105935,1174,1158,619800
202004030410,12,8,11,ヴァンクールシルク,セ6,57.0,内田博幸,2:17.8,7,3-3-3-5,39.7,25.5,7.0,568.0,-8.0,[東]黒岩陽一,シルクレーシング,0.0,2014106228,422,1133,506800
202004030411,1,6,10,ヒロシゲゴールド,牡5,56.0,北村宏司,1:10.2,,1-1,36.1,4.1,1.0,470.0,-6.0,[西]北出成人,ウエストヒルズ,2237.8,2015102403,1043,1078,83803
202004030411,2,4,6,ヒデノヴィーナス,牝4,53.0,川須栄彦,1:10.3,1/2,3-4,36.0,8.6,5.0,470.0,18.0,[西]梅田智之,大石秀夫,890.8,2016103236,1128,1084,374009
202004030411,3,5,9,ルッジェーロ,セ5,54.0,武藤雅,1:10.4,1/2,8-9,35.5,45.0,12.0,508.0,-2.0,[東]鹿戸雄一,村木隆,555.4,2015104347,1169,1097,379008
202004030411,4,2,2,タガノアム,牝5,52.0,吉田豊,1:10.4,ハナ,13-11,35.0,26.1,11.0,498.0,4.0,[西]浅見秀一,八木良司,330.0,2015100512,733,411,859002
202004030411,5,3,5,レシプロケイト,牡4,54.0,丸山元気,1:10.6,1.1/4,10-9,35.5,7.4,3.0,508.0,-4.0,[西]鮫島一歩,ゴドルフィン,220.0,2016103291,1127,1046,3060
202004030411,6,5,8,ホウショウナウ,牡5,56.0,田辺裕信,1:10.6,クビ,7-7,35.9,10.0,7.0,510.0,0.0,[西]河内洋,芳賀美知子,0.0,2015101046,1075,1072,277033
202004030411,7,7,13,デュープロセス,牡4,57.0,斎藤新,1:10.6,アタマ,15-15,34.7,7.9,4.0,482.0,0.0,[西]安田隆行,ゴドルフィン,0.0,2016110013,1178,438,3060
202004030411,8,7,12,メイショウギガース,牡6,53.0,三浦皇成,1:10.7,クビ,13-12,35.3,13.2,8.0,482.0,-6.0,[西]岡田稲男,松本好雄,0.0,2014102973,1122,1066,523005
202004030411,9,4,7,レッドアネラ,牝5,53.0,戸崎圭太,1:11.1,2.1/2,2-2,36.9,9.0,6.0,508.0,14.0,[東]加藤征弘,東京ホースレーシング,0.0,2015102198,5386,1059,180800
202004030411,10,6,11,ハングリーベン,牡6,54.0,内田博幸,1:11.3,1.1/2,3-3,37.0,91.9,15.0,450.0,8.0,[東]武井亮,石瀬浩三,0.0,2014100668,422,1147,812008
202004030411,11,3,4,タテヤマ,牡6,55.0,石橋脩,1:11.5,1.1/4,5-5,36.9,70.7,13.0,474.0,0.0,[西]渡辺薫彦,小島將之,0.0,2014106411,1077,1155,89002
202004030411,12,1,1,エルモンストロ,牡4,55.0,岩田望来,1:11.5,ハナ,8-8,36.6,6.7,2.0,472.0,0.0,[西]角居勝彦,三嶋牧場,0.0,2016102182,1174,1053,363800
202004030411,13,2,3,ノーフィアー,牡6,54.0,江田照男,1:11.6,1/2,5-5,37.1,18.2,9.0,494.0,0.0,[東]佐藤吉勝,平本敏夫,0.0,2014104214,689,1035,832008
202004030411,14,8,15,アシャカダイキ,牝6,52.0,菅原明良,1:11.6,クビ,12-12,36.4,86.4,14.0,514.0,14.0,[東]鈴木伸尋,吉冨学,0.0,2014106239,1179,1026,905033
202004030411,15,8,14,ノーワン,牝4,53.0,津村明秀,1:12.4,5,10-12,37.4,21.9,10.0,482.0,0.0,[西]笹田和秀,藤田好紀,0.0,2016106064,1092,1104,41033
202004030412,1,4,6,ゼヒニオヨバズ,セ4,57.0,江田照男,1:53.3,,1-1-1-1,38.2,17.9,6.0,528.0,4.0,[東]松山将樹,サミットレーシング,760.0,2016102230,689,1100,16700
202004030412,2,6,10,ナリノクリスティー,牝3,52.0,三浦皇成,1:53.3,クビ,3-3-2-2,38.0,2.3,1.0,434.0,-2.0,[東]上原博之,成塚清志,300.0,2017105286,1122,423,333030
202004030412,3,3,4,オールミラージュ,牡4,54.0,小林脩斗,1:53.7,2.1/2,11-11-9-9,37.8,31.3,9.0,458.0,2.0,[東]深山雅史,田頭勇貴,190.0,2016103505,1183,1174,855030
202004030412,4,5,9,キングスバレイ,牡4,57.0,木幡巧也,1:53.8,クビ,5-6-4-4,38.3,4.5,2.0,520.0,-4.0,[東]斎藤誠,村野康司,110.0,2016103069,1162,1086,338007
202004030412,5,7,13,インナーアリュール,牡3,51.0,原優介,1:54.0,1.1/4,14-14-13-13,37.6,8.6,3.0,468.0,4.0,[東]小桧山悟,平井裕,76.0,2017100459,1184,1005,686006
202004030412,6,8,15,デルマシャンパン,牝5,54.0,斎藤新,1:54.3,2,7-7-7-7,38.6,9.0,4.0,470.0,6.0,[東]鹿戸雄一,浅沼廣幸,0.0,2015101404,1178,1097,274002
202004030412,7,6,11,ミユキダイアモンド,牝4,55.0,野中悠太,1:55.3,6,9-10-6-6,39.7,45.9,13.0,452.0,-8.0,[東]小西一男,長井純一,0.0,2016105636,1158,405,890007
202004030412,8,3,5,チアフルローズ,牝4,55.0,武藤雅,1:55.5,1.1/4,5-4-4-4,40.0,22.3,8.0,474.0,6.0,[東]水野貴広,ディアレストクラブ,0.0,2016102733,1169,1094,13803
202004030412,9,2,3,コスモケルビン,牡3,54.0,柴田大知,1:55.7,1.1/4,11-12-12-10,39.5,55.6,14.0,508.0,-2.0,[東]佐藤吉勝,ビッグレッドファーム,0.0,2017101904,1009,1035,716800
202004030412,10,7,12,コハルビヨリ,牝4,55.0,丸山元気,1:56.2,3,8-7-7-7,40.5,40.9,11.0,478.0,-16.0,[西]牧浦充徳,飯田良枝,0.0,2016106012,1127,1113,669007
202004030412,11,5,8,オイシイナア,牝4,54.0,岩田望来,1:56.3,3/4,2-2-2-2,41.1,19.9,7.0,478.0,6.0,[東]本間忍,小田切有一,0.0,2016100466,1174,1056,334009
202004030412,12,8,14,セイヴァンキッシュ,牡3,52.0,菅原明良,1:56.4,クビ,11-13-14-14,39.8,112.9,15.0,498.0,6.0,[東]新開幸一,金田成基,0.0,2017100875,1179,1116,376008
202004030412,13,4,7,ゴムマリ,牝5,55.0,北村宏司,1:56.9,3,15-15-15-15,38.7,13.3,5.0,484.0,0.0,[東]浅野洋一,田頭勇貴,0.0,2015101855,1043,421,855030
202004030412,14,1,1,クロフネレジェンド,セ4,57.0,大庭和弥,1:57.1,1,9-7-11-10,41.0,39.4,10.0,458.0,-9.0,[東]高橋文雅,村島昭男,0.0,2016106403,1061,1134,15006
202004030412,15,2,2,ヤマニンラファーガ,牡4,54.0,小林凌大,1:58.7,10,3-4-9-10,42.9,45.4,12.0,540.0,42.0,[東]稲垣幸雄,土井肇,0.0,2016100583,1177,1167,329004
202004030501,1,5,9,キープイットシンポ,牝2,54.0,菅原隆一,1:54.0,,1-2-2-2,39.7,5.2,2.0,450.0,6.0,[東]小野次郎,西森功,510.0,2018106435,1129,1125,316031
202004030501,2,6,10,マイネルタイムリー,牡2,54.0,宮崎北斗,1:55.0,6,9-9-9-9,38.8,74.5,10.0,460.0,2.0,[東]清水英克,サラブレッドクラブ・ラフィアン,200.0,2018100074,1118,1080,546800
202004030501,3,3,4,トーセンエディ,牡2,53.0,菊沢一樹,1:55.1,3/4,2-1-1-1,40.8,40.4,8.0,538.0,-6.0,[東]武市康男,島川隆哉,130.0,2018105669,1161,1089,270006
202004030501,4,7,13,エコロカナワン,牡2,54.0,木幡初也,1:55.2,3/4,14-13-12-12,38.2,132.0,14.0,486.0,4.0,[東]武市康男,原村正紀,77.0,2018104819,1153,1089,783033
202004030501,5,4,6,ジェイケイマクフィ,牝2,54.0,北村宏司,1:55.4,1,7-4-4-4,40.4,7.1,4.0,470.0,-4.0,[東]堀井雅広,小谷野次郎,51.0,2018102276,1043,436,702009
202004030501,6,8,15,シークレットギア,牡2,54.0,武藤雅,1:55.6,1.1/4,3-3-3-3,41.0,39.4,7.0,446.0,-14.0,[東]小手川準,ＫＲジャパン,0.0,2018102269,1169,1171,300803
202004030501,7,2,3,ミエノムガール,牡2,54.0,戸崎圭太,1:55.6,クビ,7-8-7-7,39.7,2.0,1.0,490.0,4.0,[東]国枝栄,里見美惠子,0.0,2018105294,5386,399,414030
202004030501,8,3,5,コスモコラッジョ,牡2,54.0,柴田大知,1:56.1,3,3-4-5-5,40.9,6.2,3.0,466.0,-4.0,[東]堀井雅広,ビッグレッドファーム,0.0,2018106035,1009,436,716800
202004030501,9,8,14,マイネルデルフト,牡2,54.0,津村明秀,1:56.2,1/2,11-9-10-9,39.9,76.8,11.0,446.0,-16.0,[東]中野栄治,サラブレッドクラブ・ラフィアン,0.0,2018103227,1092,1010,546800
202004030501,10,1,1,ジョット,牡2,51.0,小林凌大,1:56.2,クビ,5-6-7-8,40.3,90.2,12.0,442.0,2.0,[東]伊坂重信,海谷幸司,0.0,2018103486,1177,1177,457002
202004030501,11,5,8,タイセイコマンド,牡2,54.0,武士沢友,1:56.3,クビ,11-11-11-11,39.8,21.4,6.0,470.0,0.0,[東]青木孝文,田中成奉,0.0,2018104196,1029,1156,224007
202004030501,12,6,11,タカチホ,牝2,52.0,菅原明良,1:56.3,アタマ,6-7-6-6,40.7,95.6,13.0,462.0,-4.0,[東]尾形和幸,高橋文男,0.0,2018102297,1179,1141,371009
202004030501,13,4,7,フィジータイム,牡2,54.0,江田照男,1:58.4,大,13-11-12-13,41.4,64.6,9.0,482.0,26.0,[東]佐藤吉勝,スピードファーム,0.0,2018101734,689,1035,911800
202004030501,14,7,12,ソンノウジョウイ,牡2,54.0,嘉藤貴行,1:58.9,3,15-14-14-14,41.6,176.5,15.0,438.0,-6.0,[東]奥平雅士,内田玄祥,0.0,2018102334,1051,1074,149033
202004030501,-1,2,2,キルリスト,牡2,54.0,岩田康誠,,,,,,,,,[東]斎藤誠,スリーエイチレーシング,0.0,2018104557,5203,1086,72803
202004030502,1,5,7,グレアリングアイ,牡2,54.0,内田博幸,1:48.6,,8-7,35.9,2.5,1.0,532.0,-4.0,[東]古賀慎明,Ｇ１レーシング,510.0,2018105516,422,1079,808800
202004030502,2,8,13,ウインザナドゥ,牡2,54.0,津村明秀,1:48.7,1/2,10-10,35.7,4.5,3.0,454.0,2.0,[東]手塚貴久,ウイン,200.0,2018101625,1092,1038,494800
202004030502,3,7,10,グローリアスカペラ,牝2,54.0,Ｍ．デム,1:48.9,1.1/2,4-4,36.3,7.8,4.0,500.0,-4.0,[東]土田稔,日下部勝徳,130.0,2018101804,5212,417,641030
202004030502,4,1,1,ケルト,牡2,54.0,岩田康誠,1:49.5,3.1/2,8-8,36.6,64.0,7.0,454.0,2.0,[東]戸田博文,小濱忠一,77.0,2018105135,5203,1054,166033
202004030502,5,3,3,マイネルレガシー,牡2,54.0,嘉藤貴行,1:49.7,1.1/4,4-4,37.1,72.4,8.0,454.0,0.0,[東]武市康男,サラブレッドクラブ・ラフィアン,51.0,2018100941,1051,1089,546800
202004030502,6,2,2,ジェミニテソーロ,牡2,54.0,三浦皇成,1:49.8,クビ,4-4,37.3,3.6,2.0,474.0,2.0,[東]栗田徹,了徳寺健二ホールディングス,0.0,2018104486,1122,1127,89803
202004030502,7,7,11,ヤマタケヴォランテ,牝2,52.0,菅原明良,1:49.8,ハナ,10-12,36.3,38.9,6.0,420.0,-2.0,[東]萱野浩二,山中和子,0.0,2018100724,1179,1024,631002
202004030502,8,6,8,スマートワン,牡2,53.0,斎藤新,1:50.0,1.1/4,1-1,38.2,10.3,5.0,466.0,-8.0,[東]加藤士津,橋詰弘一,0.0,2018104827,1178,1169,521033
202004030502,9,6,9,アームストロング,牡2,54.0,木幡巧也,1:50.4,2.1/2,7-8,37.5,99.8,9.0,486.0,-4.0,[東]堀井雅広,塩田清,0.0,2018100905,1162,436,315006
202004030502,10,4,4,アレデラヴァン,セ2,54.0,江田照男,1:50.5,1/2,10-10,37.5,157.2,11.0,504.0,-2.0,[東]高木登,塩川和則,0.0,2018106129,689,1088,430002
202004030502,11,5,6,ダンスインザレイン,牝2,54.0,武藤雅,1:50.6,3/4,3-3,38.2,174.5,12.0,420.0,-2.0,[東]水野貴広,矢野まり子,0.0,2018102932,1169,1094,251033
202004030502,12,4,5,レッドインテンス,牡2,54.0,石橋脩,1:52.3,大,2-2,40.0,144.5,10.0,466.0,-2.0,[東]大和田成,小島俊治,0.0,2018106316,1077,1124,64031
202004030502,-2,8,12,リチェルカ,牝2,54.0,柴田大知,,,,,,,,,[東]田中清隆,サラブレッドクラブ・ラフィアン,0.0,2018102152,1009,408,546800
202004030503,1,4,7,メシアン,牝3,52.0,菅原明良,1:11.7,,2-2,36.9,4.0,2.0,452.0,-6.0,[東]和田勇介,梶本尚嗣,510.0,2017103454,1179,1165,956033
202004030503,2,2,2,キララ,牝3,54.0,戸崎圭太,1:12.0,2,1-1,37.3,2.8,1.0,478.0,2.0,[東]田島俊明,パニオロ,200.0,2017102083,5386,1112,22803
202004030503,3,1,1,セイウンノア,牡3,56.0,野中悠太,1:12.4,2,5-3,37.2,59.8,10.0,504.0,0.0,[東]根本康広,西山茂行,130.0,2017102111,1158,1029,897009
202004030503,4,6,10,ショシカンテツ,牡3,55.0,菊沢一樹,1:12.5,3/4,11-8,36.6,9.6,5.0,498.0,-6.0,[東]菊沢隆徳,國分純,77.0,2017100542,1161,1115,243008
202004030503,5,7,13,ショーショーショー,牡3,56.0,北村宏司,1:12.6,1/2,9-8,37.0,7.1,4.0,512.0,-10.0,[東]鈴木伸尋,吉冨学,51.0,2017104190,1043,1026,905033
202004030503,6,3,5,スウェアー,牡3,56.0,Ｍ．デム,1:12.7,1/2,4-3,37.6,5.4,3.0,506.0,8.0,[東]杉浦宏昭,吉田照哉,0.0,2017104903,5212,1008,758005
202004030503,7,7,12,ホトダニー,牡3,56.0,柴田善臣,1:12.9,1.1/4,3-3,37.9,63.4,11.0,466.0,2.0,[東]大江原哲,井上一郎,0.0,2017105776,641,1012,593006
202004030503,8,4,6,クリアサンシャイン,牡3,56.0,的場勇人,1:12.9,ハナ,13-13,36.8,39.1,9.0,492.0,-6.0,[東]的場均,長谷川守正,0.0,2017105488,1108,1063,370033
202004030503,9,5,8,エクステンデット,牡3,56.0,岩田康誠,1:13.1,1.1/4,7-6,37.6,28.4,8.0,432.0,-2.0,[東]奥村武,ラ・メール,0.0,2017102053,5203,1145,877800
202004030503,10,3,4,ピースサイン,牝3,51.0,小林凌大,1:13.4,2,15-15,36.7,326.2,15.0,392.0,-8.0,[東]小西一男,和泉憲一,0.0,2017104123,1177,405,685030
202004030503,11,8,15,ラファエル,牡3,56.0,田辺裕信,1:13.4,アタマ,5-6,38.2,15.5,6.0,472.0,-4.0,[東]伊藤圭三,ゴドルフィン,0.0,2017106609,1075,1023,3060
202004030503,12,8,14,ショウナンサモン,牡3,56.0,三浦皇成,1:13.7,1.1/2,11-11,37.8,24.7,7.0,488.0,2.0,[東]大竹正博,国本哲秀,0.0,2017100225,1122,1102,331002
202004030503,13,5,9,アシュモレアン,牡3,55.0,斎藤新,1:13.7,クビ,7-8,38.3,78.5,12.0,422.0,-2.0,[東]斎藤誠,Ｇ１レーシング,0.0,2017104741,1178,1086,808800
202004030503,14,2,3,ファインラン,牡3,53.0,小林脩斗,1:14.1,2.1/2,14-14,37.8,249.8,14.0,518.0,8.0,[東]岩戸孝樹,田畑利彦,0.0,2017106052,1183,1051,464030
202004030503,15,6,11,フェアリーモナック,牡3,56.0,丸田恭介,1:14.7,3.1/2,9-12,39.1,153.4,13.0,498.0,2.0,[東]石毛善彦,田畑利彦,0.0,2017105912,1117,428,464030
202004030504,1,2,3,ペルセウスシチー,牡3,56.0,石橋脩,1:52.8,,8-9-6-3,37.7,7.5,5.0,464.0,-2.0,[東]池上昌和,友駿ホースクラブ,510.0,2017101895,1077,1150,321800
202004030504,2,3,4,キットサクラサク,牡3,56.0,木幡巧也,1:53.6,5,2-2-2-2,38.8,5.9,2.0,466.0,0.0,[東]高木登,塩川和則,200.0,2017106020,1162,1088,430002
202004030504,3,1,1,ブライトンビーチ,牡3,54.0,菅原明良,1:53.7,1/2,1-1-1-1,39.0,6.5,3.0,468.0,-4.0,[東]武市康男,坂巻勝彦,130.0,2017103840,1179,1089,810008
202004030504,4,6,11,フクサングレート,牡3,56.0,野中悠太,1:53.9,1.1/4,2-2-3-3,39.0,22.5,8.0,478.0,0.0,[東]田中剛,小沼博,77.0,2017102282,1158,1119,489002
202004030504,5,4,6,タイムモーメント,牡3,56.0,津村明秀,1:53.9,ハナ,5-5-3-3,39.0,7.3,4.0,462.0,0.0,[東]萩原清,社台レースホース,51.0,2017105147,1092,1017,415800
202004030504,6,6,10,ダイワミラクル,牡3,56.0,三浦皇成,1:53.9,ハナ,9-8-8-6,38.6,3.0,1.0,500.0,2.0,[東]鹿戸雄一,大城正一,0.0,2017104948,1122,1097,593031
202004030504,7,8,14,ウィシュワールド,牡3,56.0,柴田大知,1:54.7,5,11-11-12-12,38.5,257.0,15.0,506.0,2.0,[東]和田雄二,ＹＧＧホースクラブ,0.0,2017106758,1009,1143,188800
202004030504,8,3,5,トランペットシェル,牡3,55.0,木幡育也,1:54.8,1/2,6-5-6-6,39.8,34.9,9.0,500.0,10.0,[東]大江原哲,谷掛龍夫,0.0,2017104666,1167,1012,727008
202004030504,9,8,15,コンチサエッタ,牡3,55.0,菊沢一樹,1:55.2,2.1/2,10-10-10-10,39.5,39.5,10.0,466.0,-4.0,[東]勢司和浩,九十九章之,0.0,2017109062,1161,1047,685033
202004030504,10,2,2,ファクトベース,牡3,55.0,岩田望来,1:55.2,アタマ,7-7-8-9,39.9,8.2,6.0,474.0,-8.0,[東]久保田貴,社台レースホース,0.0,2017105004,1174,1067,415800
202004030504,11,4,7,マッチザハッチ,牡3,56.0,北村宏司,1:55.8,3.1/2,11-11-10-10,40.1,75.0,13.0,486.0,2.0,[東]萩原清,金子真人ホールディングス,0.0,2017100762,1043,1017,708800
202004030504,12,7,12,アナザーチャンス,牡3,56.0,江田照男,1:56.3,3,13-13-13-13,38.9,142.0,14.0,442.0,-4.0,[東]小笠倫弘,岡田牧雄,0.0,2017103321,689,1076,851009
202004030504,13,5,9,ロッソビアンコネロ,牡3,56.0,柴田善臣,1:56.8,3,14-14-13-13,39.5,54.5,12.0,506.0,6.0,[東]田島俊明,星野隆男,0.0,2017104645,641,1112,530033
202004030504,14,7,13,スエーニョルシード,牡3,56.0,武藤雅,1:57.2,2.1/2,2-2-3-6,42.3,21.2,7.0,560.0,-2.0,[東]武井亮,シルクレーシング,0.0,2017105552,1169,1147,506800
202004030504,15,5,8,レッドベロム,セ3,56.0,田辺裕信,2:13.5,大,15-15-15-15,48.8,51.6,11.0,496.0,-14.0,[東]鹿戸雄一,東京ホースレーシング,0.0,2017104984,1075,1097,180800
202004030505,1,7,15,モメントグスタール,牡2,52.0,菅原明良,1:37.9,,4-4,34.2,14.3,6.0,450.0,0.0,[東]高木登,ディアレストクラブ,700.0,2018106411,1179,1088,13803
202004030505,2,8,16,スペシャルトーク,牡2,54.0,柴田善臣,1:38.1,1.1/2,6-7,34.1,22.1,8.0,460.0,0.0,[東]杉浦宏昭,ホースアディクト,280.0,2018104459,641,1008,67700
202004030505,3,8,18,ウエスタンエポナ,牝2,54.0,戸崎圭太,1:38.3,3/4,11-10,34.1,4.6,2.0,436.0,0.0,[東]国枝栄,西川賢,180.0,2018104935,5386,399,929006
202004030505,4,8,17,クールヴィンソン,牡2,54.0,岩田康誠,1:38.3,クビ,9-10,34.1,14.3,7.0,436.0,0.0,[西]佐々木晶,ＨｉｍＲｏｃｋＲａｃｉｎｇホールディングス,110.0,2018100230,5203,429,87803
202004030505,5,3,6,ロードエクレール,牡2,53.0,斎藤新,1:38.3,ハナ,2-2,35.0,3.4,1.0,468.0,0.0,[東]斎藤誠,ロードホースクラブ,70.0,2018105998,1178,1086,170800
202004030505,6,7,13,フェスティヴノンノ,牝2,54.0,江田照男,1:38.9,3.1/2,9-7,34.9,94.3,13.0,464.0,0.0,[東]天間昭一,臼井義太郎,0.0,2018102211,689,1090,70803
202004030505,7,6,12,アイディアリスト,牡2,54.0,内田博幸,1:39.1,1,3-3,35.5,39.4,9.0,490.0,0.0,[東]田中剛,Ｇ１レーシング,0.0,2018105138,422,1119,808800
202004030505,8,4,8,エコロマンボ,牝2,54.0,石橋脩,1:39.2,3/4,6-4,35.5,5.3,3.0,494.0,0.0,[西]牧浦充徳,原村正紀,0.0,2018100997,1077,1113,783033
202004030505,9,2,3,ロングテール,牡2,52.0,藤田菜七,1:39.6,2.1/2,12-10,35.3,10.0,5.0,490.0,0.0,[東]林徹,保坂和孝,0.0,2018105310,1164,1163,398030
202004030505,10,5,9,アイリッシュボム,牡2,54.0,杉原誠人,1:39.7,1/2,12-10,35.5,200.1,15.0,478.0,0.0,[東]蛯名利弘,ミルファーム,0.0,2018106654,1135,1131,629800
202004030505,11,2,4,ディヴァインギフト,牝2,54.0,木幡巧也,1:39.8,3/4,1-1,36.6,85.4,12.0,450.0,0.0,[東]小西一男,岡田牧雄,0.0,2018103549,1162,405,851009
202004030505,12,6,11,カズノローマン,牡2,54.0,嶋田純次,1:40.1,1.1/2,4-4,36.3,80.0,11.0,472.0,0.0,[東]小笠倫弘,鈴木可一,0.0,2018106192,1134,1076,457004
202004030505,13,7,14,ラストストーリー,牡2,51.0,原優介,1:40.8,4,8-7,36.8,261.5,17.0,408.0,0.0,[東]小桧山悟,新井衛,0.0,2018106918,1184,1005,76031
202004030505,14,1,1,キタノインディ,牡2,53.0,森裕太朗,1:40.9,3/4,18-18,34.7,9.2,4.0,456.0,0.0,[西]吉田直弘,北所直人,0.0,2018100531,1165,1101,163002
202004030505,15,3,5,テンペスタース,牡2,54.0,野中悠太,1:41.3,2.1/2,15-15,35.5,191.3,14.0,466.0,0.0,[東]根本康広,田頭勇貴,0.0,2018106065,1158,1029,855030
202004030505,16,4,7,ウィンドスピナー,牝2,54.0,武藤雅,1:41.4,1/2,17-16,35.4,53.6,10.0,424.0,0.0,[東]稲垣幸雄,社台レースホース,0.0,2018104536,1169,1167,415800
202004030505,17,5,10,テイエムトッピー,牡2,51.0,小林凌大,1:43.6,大,14-14,37.9,213.4,16.0,504.0,0.0,[東]加藤和宏,竹園正繼,0.0,2018100946,1177,1077,356002
202004030505,18,1,2,トーアテンジン,牡2,54.0,伴啓太,1:43.7,3/4,16-16,37.7,297.0,18.0,420.0,0.0,[東]星野忍,高山ランド,0.0,2018105742,1149,1030,784800
202004030506,1,7,15,アナザーリリック,牝2,54.0,津村明秀,1:36.2,,9-7,34.3,6.2,3.0,484.0,0.0,[東]林徹,シルクレーシング,700.0,2018104914,1092,1163,506800
202004030506,2,5,10,セリシア,牝2,54.0,北村宏司,1:36.5,2,2-2,35.1,28.7,7.0,476.0,0.0,[西]中竹和也,西田彰宏,280.0,2018100570,1043,1039,728008
202004030506,3,6,12,レッジョエミリア,牝2,52.0,藤田菜七,1:36.7,1.1/4,6-4,35.1,48.2,10.0,444.0,0.0,[東]田島俊明,小原準一郎,180.0,2018101088,1164,1112,853030
202004030506,4,5,9,シュトゥルーデル,牝2,54.0,Ｍ．デム,1:36.9,1.1/4,3-4,35.3,3.0,1.0,412.0,0.0,[西]音無秀孝,金子真人ホールディングス,110.0,2018104931,5212,1002,708800
202004030506,5,4,8,スターオブソフィア,牝2,51.0,小林凌大,1:36.9,クビ,7-7,35.1,205.4,16.0,398.0,0.0,[東]小手川準,光安了,70.0,2018100910,1177,1171,791033
202004030506,6,6,11,ビギニング,牝2,53.0,菊沢一樹,1:37.0,クビ,11-10,34.7,175.1,15.0,418.0,0.0,[東]小手川準,手嶋康雄,0.0,2018103169,1161,1171,759030
202004030506,7,8,18,スイーツマジック,牝2,54.0,江田照男,1:37.2,1.1/2,1-1,36.0,40.9,9.0,496.0,0.0,[東]佐藤吉勝,スピードファーム,0.0,2018101730,689,1035,911800
202004030506,8,3,5,メジャーアゲン,牝2,54.0,岩部純二,1:37.3,3/4,10-10,35.2,30.8,8.0,454.0,0.0,[東]萱野浩二,浅川皓司,0.0,2018103990,726,1024,350004
202004030506,9,1,2,レーヴドゥラプレリ,牝2,54.0,戸崎圭太,1:37.8,3,13-10,35.7,4.4,2.0,452.0,0.0,[東]宮田敬介,吉田勝己,0.0,2018105373,5386,1175,790005
202004030506,10,2,3,ミッキーハロー,牝2,54.0,横山典弘,1:38.6,5,11-13,36.0,6.3,4.0,426.0,0.0,[東]久保田貴,野田みづき,0.0,2018105443,660,1067,441007
202004030506,11,7,14,モッツアフィアート,牝2,54.0,木幡巧也,1:39.2,3.1/2,7-7,37.1,151.3,12.0,450.0,0.0,[東]岩戸孝樹,田頭勇貴,0.0,2018100498,1162,1051,855030
202004030506,12,8,16,モリノハンター,牝2,52.0,菅原明良,1:39.6,2.1/2,13-13,37.0,168.0,13.0,478.0,0.0,[東]大江原哲,森和久,0.0,2018103936,1179,1012,698033
202004030506,13,2,4,レヴィーアクイーン,牝2,54.0,岩田康誠,1:39.7,クビ,3-2,38.3,11.7,5.0,484.0,0.0,[西]笹田和秀,奥田貴敏,0.0,2018104796,5203,1104,140031
202004030506,14,7,13,シヴァタウ,牝2,54.0,嘉藤貴行,1:39.7,クビ,15-15,36.7,238.7,17.0,456.0,0.0,[東]高橋祥泰,ミルファーム,0.0,2018102652,1051,359,629800
202004030506,15,3,6,ゲームアプレット,牝2,53.0,木幡育也,1:39.9,1.1/4,17-17,35.9,78.0,11.0,444.0,0.0,[東]小笠倫弘,薗部博之,0.0,2018101283,1167,1076,960006
202004030506,16,8,17,ハイパーアクセラ,牝2,54.0,岡田祥嗣,1:40.5,3.1/2,16-16,36.8,170.8,14.0,442.0,0.0,[東]深山雅史,前田清二,0.0,2018105455,5429,1174,125031
202004030506,17,4,7,ムスタクッカ,牝2,54.0,武藤雅,1:41.1,3.1/2,3-4,39.3,13.2,6.0,482.0,0.0,[東]尾形和幸,村上卓史,0.0,2018100181,1169,1141,563030
202004030506,18,1,1,トーセンジゼル,牝2,54.0,野中悠太,1:41.5,2.1/2,18-18,36.1,257.0,18.0,412.0,0.0,[東]古賀史生,島川隆哉,0.0,2018105634,1158,392,270006
202004030507,1,3,6,ミスミルドレッド,牝3,54.0,岩田康誠,1:48.5,,4-3,34.5,2.4,1.0,446.0,0.0,[東]小島茂之,丸山担,510.0,2017104629,5203,1068,922030
202004030507,2,7,15,シャトン,牝3,54.0,野中悠太,1:48.6,3/4,5-5,34.3,5.9,2.0,454.0,-4.0,[東]高橋文雅,佐久間拓士,200.0,2017100870,1158,1134,986033
202004030507,3,4,7,ロジマジェスティ,牝3,52.0,藤田菜七,1:48.9,2,15-15,33.7,34.1,11.0,430.0,-6.0,[東]萩原清,久米田正明,130.0,2017105372,1164,1017,399030
202004030507,4,7,13,クロスキー,セ3,55.0,岩田望来,1:49.2,1.1/2,10-9,34.5,16.8,7.0,516.0,-4.0,[東]国枝栄,キャロットファーム,77.0,2017105617,1174,399,486800
202004030507,5,6,12,シャドウワルツ,牡3,56.0,Ｍ．デム,1:49.3,3/4,12-12,34.4,7.0,3.0,424.0,0.0,[東]斎藤誠,飯塚知一,51.0,2017104891,5212,1086,308002
202004030507,6,3,5,チャオコーリー,牝3,54.0,戸崎圭太,1:49.5,1.1/4,2-3,35.3,10.8,4.0,412.0,0.0,[東]田中清隆,ビッグレッドファーム,0.0,2017101900,5386,408,716800
202004030507,7,1,2,グロースザゴールド,牡3,56.0,内田博幸,1:49.6,1/2,12-12,34.6,66.7,14.0,456.0,4.0,[東]古賀慎明,社台レースホース,0.0,2017104868,422,1079,415800
202004030507,8,5,9,ダイワセントライト,牡3,55.0,菊沢一樹,1:49.6,アタマ,7-7,35.0,12.0,5.0,480.0,4.0,[東]菊沢隆徳,大城正一,0.0,2017104844,1161,1115,593031
202004030507,9,8,18,コースタルチャート,牝3,53.0,木幡育也,1:49.8,1,2-2,35.8,27.2,9.0,462.0,-4.0,[東]藤沢和雄,社台レースホース,0.0,2017104779,1167,386,415800
202004030507,10,4,8,マイネルロベルト,牡3,56.0,柴田大知,1:49.8,クビ,9-9,34.9,12.6,6.0,434.0,-4.0,[東]上原博之,サラブレッドクラブ・ラフィアン,0.0,2017101938,1009,423,546800
202004030507,11,2,3,ショウナンアクア,牡3,55.0,斎藤新,1:50.3,3,17-16,34.9,33.4,10.0,478.0,18.0,[東]古賀史生,国本哲秀,0.0,2017102137,1178,392,331002
202004030507,12,2,4,ハワーマハル,牝3,54.0,江田照男,1:50.5,1.1/4,10-9,35.7,23.2,8.0,462.0,-2.0,[東]南田美知,ミルファーム,0.0,2017104264,689,437,629800
202004030507,13,8,16,ハイテイブルース,牡3,56.0,的場勇人,1:50.7,1.1/4,1-1,36.8,52.9,13.0,482.0,-10.0,[東]田島俊明,中地賢次郎,0.0,2017106729,1108,1112,958033
202004030507,14,7,14,ムーンライトリバー,牝3,54.0,柴田善臣,1:50.8,1/2,5-5,36.4,50.1,12.0,430.0,7.0,[東]中野栄治,山口正行,0.0,2017106122,641,1010,178033
202004030507,15,5,10,サクラジマテソーロ,牡3,53.0,原優介,1:51.1,1.3/4,12-12,36.0,107.7,15.0,452.0,-2.0,[東]加藤和宏,了徳寺健二ホールディングス,0.0,2017104292,1184,1077,89803
202004030507,16,8,17,ビオロンスコッツ,牡3,54.0,菅原明良,1:51.1,クビ,7-7,36.5,111.4,16.0,452.0,-4.0,[東]高橋裕,熊澤浩樹,0.0,2017103307,1179,412,162008
202004030507,17,6,11,トモジャブルーノ,牡3,56.0,武藤雅,1:51.4,1.1/2,17-18,35.8,137.8,17.0,476.0,-2.0,[東]小笠倫弘,吉冨朝美,0.0,2017102900,1169,1076,238033
202004030507,18,1,1,スズランブライト,牝3,51.0,小林凌大,1:54.9,大,16-16,39.3,300.8,18.0,448.0,9.0,[東]鈴木伸尋,鈴木修平,0.0,2017106276,1177,1026,213006
202004030508,1,5,8,パールデュー,牝4,55.0,丸山元気,1:52.7,,2-2-2-2,38.4,9.0,4.0,516.0,2.0,[東]黒岩陽一,吉田和美,760.0,2016104603,1127,1133,138007
202004030508,2,2,3,ミモザゴール,牝3,52.0,三浦皇成,1:52.8,3/4,1-1-1-1,38.5,2.6,1.0,482.0,0.0,[東]加藤士津,京都ホースレーシング,300.0,2017105925,1122,1169,65803
202004030508,3,8,14,アドアステラ,牝4,55.0,柴田大知,1:52.9,3/4,14-14-11-10,37.3,6.3,3.0,450.0,-6.0,[東]萱野浩二,ビッグレッドファーム,190.0,2016100694,1009,1024,716800
202004030508,4,4,7,アヴァニイ,牝3,52.0,木幡巧也,1:53.0,クビ,5-4-4-3,38.4,20.3,9.0,516.0,2.0,[東]加藤征弘,Ｃ．チェン,110.0,2017105481,1162,1059,39060
202004030508,5,3,4,タイセイプルミエ,牝3,49.0,原優介,1:53.1,1/2,3-4-5-5,38.4,189.2,12.0,470.0,-6.0,[東]青木孝文,田中成奉,76.0,2017109044,1184,1156,224007
202004030508,6,6,10,ハンドリー,牝5,55.0,田中勝春,1:53.5,2.1/2,8-7-5-5,38.7,74.7,11.0,462.0,-5.0,[東]松永康利,大倉佑介,0.0,2015109031,684,1093,687033
202004030508,7,4,6,アナザークイーン,牝4,55.0,津村明秀,1:53.8,1.3/4,12-12-9-8,38.5,12.0,6.0,466.0,-6.0,[東]天間昭一,ビッグレッドファーム,0.0,2016100738,1092,1090,716800
202004030508,8,5,9,ピュアブレンド,牝3,51.0,木幡育也,1:54.3,3,8-9-7-7,39.2,4.8,2.0,488.0,2.0,[東]中川公成,シルクレーシング,0.0,2017105225,1167,1081,506800
202004030508,9,3,5,ネオヴィットーリア,牝6,55.0,岩田康誠,1:54.4,1/2,13-13-14-13,38.6,38.1,10.0,464.0,6.0,[東]古賀史生,ドリームジャパンホースレーシング,0.0,2014102558,5203,392,68700
202004030508,10,7,13,ナーシサステソーロ,牝3,50.0,菅原明良,1:54.9,3,3-3-3-3,40.4,18.7,7.0,444.0,4.0,[東]奥平雅士,了徳寺健二ホールディングス,0.0,2017102593,1179,1074,89803
202004030508,11,1,1,ジェイエルフラッグ,牝4,55.0,野中悠太,1:55.2,1.3/4,11-11-11-12,39.6,232.6,13.0,452.0,6.0,[東]小西一男,橋元幸人,0.0,2016103409,1158,405,173033
202004030508,12,2,2,ダイワクンナナ,牝3,52.0,内田博幸,1:55.2,ハナ,8-9-9-10,39.9,19.0,8.0,490.0,0.0,[東]国枝栄,大城正一,0.0,2017104809,422,399,593031
202004030508,13,7,12,ラブロッソー,牝3,50.0,藤田菜七,1:55.8,3.1/2,5-4-7-8,40.7,9.5,5.0,484.0,4.0,[東]星野忍,増田陽一,0.0,2017101761,1164,1030,291002
202004030508,14,6,11,アレグレユミティー,牝4,52.0,小林脩斗,1:57.3,9,5-7-11-13,41.8,310.7,14.0,470.0,-4.0,[東]本間忍,斉藤等,0.0,2016106365,1183,1056,553002
202004030508,-3,8,15,クロスパール,牝4,55.0,北村宏司,,,,,,,,,[東]勢司和浩,キャロットファーム,0.0,2016104617,1043,1047,486800
202004030509,1,2,2,サンマルペンダント,牝6,55.0,岡田祥嗣,1:10.5,,3-3,36.2,22.1,9.0,444.0,-12.0,[西]千田輝彦,相馬勇,1533.6,2014103147,5429,1120,580007
202004030509,2,4,7,アヴォンリー,牝4,55.0,川又賢治,1:10.6,1/2,2-2,36.5,3.9,1.0,484.0,12.0,[東]竹内正洋,田中準市,609.6,2016100924,1166,1152,443030
202004030509,3,6,10,アポロチーター,牡4,57.0,木幡巧也,1:10.9,1.3/4,3-3,36.6,9.4,5.0,532.0,4.0,[東]岩戸孝樹,アポロサラブレッドクラブ,384.8,2016106288,1162,1051,33700
202004030509,4,3,4,メイショウハナモリ,牡4,57.0,丸山元気,1:11.2,1.3/4,1-1,37.3,11.6,6.0,510.0,4.0,[西]本田優,松本好雄,230.0,2016104193,1127,1099,523005
202004030509,5,3,5,コラード,牡5,57.0,岩田康誠,1:11.2,ハナ,7-5,36.5,45.7,13.0,492.0,-4.0,[西]木原一良,名古屋友豊,150.0,2015103393,5203,1033,463800
202004030509,6,4,6,コパノマーキュリー,牡3,54.0,戸崎圭太,1:11.3,1/2,10-10,36.3,4.5,2.0,496.0,10.0,[西]田所秀孝,小林祥晃,0.0,2017106018,5386,1009,966007
202004030509,7,8,15,グラデュエイト,牡5,57.0,Ｍ．デム,1:11.5,1.1/2,6-5,36.9,8.1,4.0,512.0,-4.0,[東]加藤征弘,阿部友弘,0.0,2015105958,5212,1059,249033
202004030509,8,7,13,ナイスプリンセス,牝4,55.0,丸田恭介,1:11.7,1.1/4,9-8,36.9,28.0,10.0,458.0,20.0,[東]石栗龍彦,田畑利彦,0.0,2016103140,1117,1043,464030
202004030509,9,5,9,メモワールミノル,牡3,54.0,菅原明良,1:12.0,1.3/4,7-8,37.3,6.0,3.0,468.0,2.0,[東]中舘英二,吉岡實,0.0,2017104069,1179,1153,265008
202004030509,10,1,1,サウンドストリート,牡6,57.0,北村宏司,1:12.2,1,15-15,36.4,172.8,15.0,460.0,10.0,[東]和田正一,増田雄一,0.0,2014102218,1043,1114,168006
202004030509,11,6,11,ベイオブコトル,牡4,57.0,武藤雅,1:12.3,1/2,12-12,37.0,21.7,8.0,456.0,12.0,[東]高柳瑞樹,ゴドルフィン,0.0,2016103334,1169,1118,3060
202004030509,12,7,12,プロミネンス,牝5,55.0,藤田菜七,1:12.4,3/4,12-12,37.2,60.3,14.0,484.0,28.0,[東]小島茂之,下河邉博,0.0,2015103735,1164,1068,292030
202004030509,13,8,14,タイミングナウ,セ4,57.0,斎藤新,1:12.7,2,14-14,37.2,14.6,7.0,466.0,-6.0,[西]角居勝彦,キーファーズ,0.0,2016110085,1178,1053,2803
202004030509,14,5,8,ローゼンクリーガー,牝4,55.0,木幡育也,1:12.8,1/2,10-10,37.7,30.2,11.0,462.0,2.0,[西]高橋亮,辻高史,0.0,2016106363,1167,1136,191033
202004030509,15,2,3,セイドアモール,牝4,55.0,柴田大知,1:12.8,クビ,5-5,38.3,40.4,12.0,502.0,4.0,[東]武市康男,サラブレッドクラブ・ラフィアン,0.0,2016102323,1009,1089,546800
202004030510,1,8,11,ボーンスキルフル,牝5,55.0,田辺裕信,0:54.4,,1,32.5,3.2,2.0,458.0,-6.0,[西]牧浦充徳,吉田千津,1846.6,2015104537,1075,1113,310007
202004030510,2,1,1,ヒロイックアゲン,牝6,55.0,三浦皇成,0:54.8,2.1/2,9,32.1,6.1,3.0,486.0,-2.0,[東]加藤和宏,浅川皓司,737.6,2014103017,1122,1077,350004
202004030510,3,7,10,アルミューテン,牝6,55.0,丸山元気,0:54.9,クビ,1,33.0,20.8,9.0,506.0,4.0,[東]南田美知,伊達敏明,463.8,2014101889,1127,437,910006
202004030510,4,7,9,ムスコローソ,牡5,57.0,嶋田純次,0:54.9,アタマ,5,32.5,45.7,11.0,518.0,-2.0,[東]手塚貴久,落合幸弘,270.0,2015105082,1134,1038,252030
202004030510,5,3,3,レッドラウダ,牡7,57.0,岩田康誠,0:55.0,3/4,5,32.6,45.0,10.0,520.0,-2.0,[西]音無秀孝,東京ホースレーシング,182.0,2013105631,5203,1002,180800
202004030510,6,2,2,ペイシャドリーム,牝4,55.0,的場勇人,0:55.1,1/2,7,32.5,19.5,7.0,462.0,0.0,[東]的場均,北所直人,0.0,2016100993,1108,1063,163002
202004030510,7,8,12,ゲンキチハヤブサ,セ8,57.0,石橋脩,0:55.1,ハナ,7,32.5,20.4,8.0,486.0,4.0,[西]川村禎彦,荒井元明,0.0,2012101282,1077,1003,374008
202004030510,8,6,7,ファイブフォース,牝6,55.0,戸崎圭太,0:55.2,クビ,11,32.2,8.9,4.0,498.0,-4.0,[東]高橋裕,サンライズ,0.0,2014103453,5386,412,866800
202004030510,9,4,4,サラドリーム,牝5,55.0,津村明秀,0:55.2,アタマ,9,32.5,13.8,5.0,428.0,0.0,[東]手塚貴久,ヒダカ・ブリーダーズ・ユニオン,0.0,2015105673,1092,1038,547800
202004030510,10,5,5,エンゲージリング,牝5,55.0,杉原誠人,0:55.2,クビ,4,32.9,17.0,6.0,494.0,12.0,[東]大江原哲,ミルファーム,0.0,2015101286,1135,1012,629800
202004030510,11,6,8,トーホウレジーナ,牝6,55.0,藤田菜七,0:55.3,クビ,3,33.2,2.9,1.0,498.0,0.0,[西]高橋亮,東豊物産,0.0,2014104068,1164,1136,965800
202004030510,12,5,6,ゴールデンチョイス,牡4,57.0,北村宏司,0:56.1,5,11,33.1,127.7,12.0,460.0,-16.0,[東]武藤善則,田島榮二郎,0.0,2016101473,1043,1064,713005
202004030511,1,4,4,ロードブレス,牡4,55.0,三浦皇成,1:50.5,,2-2-2-2,36.1,4.2,2.0,506.0,2.0,[西]奥村豊,ロードホースクラブ,2321.7,2016102276,1122,1146,170800
202004030511,2,7,8,ハヤブサレジェンド,牡5,54.0,菊沢一樹,1:50.6,1/2,1-1-1-1,36.4,6.1,4.0,518.0,2.0,[東]伊藤圭三,グランド牧場,926.2,2015105584,1161,1023,367800
202004030511,3,2,2,ハヤヤッコ,牡4,56.0,田辺裕信,1:50.6,クビ,7-7-4-4,36.0,7.7,5.0,472.0,4.0,[東]国枝栄,金子真人ホールディングス,583.1,2016104624,1075,399,708800
202004030511,4,8,10,メイプルブラザー,牡6,55.0,森裕太朗,1:50.8,1.1/4,6-6-7-6,35.9,10.1,6.0,488.0,-2.0,[西]清水久詞,節英司,350.0,2014101318,1165,1110,390002
202004030511,5,7,7,エイコーン,牡5,55.0,柴田大知,1:51.4,3.1/2,8-8-8-6,36.3,30.0,9.0,468.0,-8.0,[西]吉田直弘,西森功,230.0,2015102979,1009,1101,316031
202004030511,6,3,3,ビックリシタナモー,牡6,54.0,藤田菜七,1:51.7,1.3/4,9-9-8-9,36.7,23.5,7.0,506.0,0.0,[西]音無秀孝,小田切有一,0.0,2014106529,1164,1002,334009
202004030511,7,1,1,アポロテネシー,牡5,55.0,戸崎圭太,1:51.9,1.1/4,5-4-4-4,37.3,4.7,3.0,508.0,-5.0,[東]鈴木伸尋,アポロサラブレッドクラブ,0.0,2015110103,5386,1026,33700
202004030511,8,5,5,ハイランドピーク,牡6,57.0,Ｍ．デム,1:51.9,クビ,2-4-6-6,37.2,3.7,1.0,460.0,-10.0,[東]土田稔,島川隆哉,0.0,2014101727,5212,417,270006
202004030511,9,6,6,グローブシアター,牡6,54.0,斎藤新,1:52.0,3/4,2-2-2-2,37.6,30.2,10.0,452.0,-14.0,[西]角居勝彦,キャロットファーム,0.0,2014105957,1178,1053,486800
202004030511,10,8,9,ブレスジャーニー,牡6,55.0,石橋脩,1:52.2,1.1/4,10-10-10-10,36.2,29.0,8.0,466.0,-8.0,[西]佐々木晶,島川隆哉,0.0,2014106404,1077,429,270006
202004030512,1,4,7,ソスピタ,牝3,52.0,柴田大知,1:21.9,,5-5,34.9,7.0,3.0,442.0,8.0,[東]畠山吉宏,ビッグレッドファーム,760.0,2017103423,1009,1048,716800
202004030512,2,7,15,コミカライズ,牝3,50.0,藤田菜七,1:21.9,クビ,1-1,35.3,8.6,5.0,448.0,-2.0,[東]和田勇介,吉田照哉,300.0,2017104665,1164,1165,758005
202004030512,3,5,10,ホープホワイト,牝3,50.0,菅原明良,1:21.9,ハナ,3-3,35.0,38.6,11.0,456.0,12.0,[東]武井亮,愛馬レーシングクラブ,190.0,2017101152,1179,1147,316803
202004030512,4,7,14,イヴ,牝3,52.0,Ｍ．デム,1:22.1,1.1/2,2-2,35.3,10.6,6.0,482.0,4.0,[東]堀宣行,石川達絵,110.0,2017105519,5212,1070,248030
202004030512,5,1,1,ダンシングチコ,牝5,55.0,丸田恭介,1:22.2,クビ,15-15,34.5,7.6,4.0,470.0,0.0,[東]大竹正博,石瀬浩三,76.0,2015104414,1117,1102,812008
202004030512,6,2,4,タマノジュメイラ,牝4,55.0,田辺裕信,1:22.2,クビ,15-15,34.4,27.8,10.0,476.0,-8.0,[東]伊藤大士,玉腰勇吉,0.0,2016102174,1075,1109,960030
202004030512,7,6,12,チアチアクラシカ,牝3,52.0,吉田豊,1:22.4,1.1/4,6-5,35.3,4.4,1.0,492.0,-2.0,[東]堀井雅広,藤田在子,0.0,2017100041,733,436,491030
202004030512,8,3,6,メデタシメデタシ,牝3,52.0,武藤雅,1:22.5,3/4,8-7,35.3,39.4,12.0,450.0,10.0,[東]古賀慎明,堂守貴志,0.0,2017104945,1169,1079,425030
202004030512,9,1,2,タイドオーバー,牝5,55.0,宮崎北斗,1:22.8,1.3/4,6-7,35.7,41.1,13.0,446.0,8.0,[東]勢司和浩,ビッグレッドファーム,0.0,2015103456,1118,1047,716800
202004030512,10,4,8,サトノコメット,牝5,55.0,北村宏司,1:22.8,クビ,10-11,35.4,52.0,15.0,470.0,-2.0,[東]奥村武,サトミホースカンパニー,0.0,2015105077,1043,1145,75803
202004030512,11,8,18,セイクリッドキング,セ4,54.0,小林脩斗,1:22.9,クビ,12-12,35.4,257.8,18.0,516.0,4.0,[東]尾形和幸,Ｋ．Ｓ．ヤップ,0.0,2016104860,1183,1141,33060
202004030512,12,8,17,スマートレジーナ,牝4,54.0,木幡育也,1:22.9,クビ,12-12,35.3,43.9,14.0,432.0,-2.0,[東]高橋文雅,大川徹,0.0,2016103217,1167,1134,7803
202004030512,13,2,3,オルトルート,牝5,55.0,戸崎圭太,1:22.9,ハナ,18-18,34.9,10.9,7.0,466.0,-4.0,[東]大竹正博,村野康司,0.0,2015104385,5386,1102,338007
202004030512,14,8,16,ラキャラントシス,牝3,52.0,津村明秀,1:23.0,クビ,3-3,36.1,5.2,2.0,482.0,8.0,[東]鈴木伸尋,山王飯店,0.0,2017104345,1092,1026,250800
202004030512,15,5,9,アテナノワール,牝3,52.0,野中悠太,1:23.0,ハナ,12-12,35.5,94.5,16.0,470.0,6.0,[東]久保田貴,諸江幸祐,0.0,2017105615,1158,1067,63803
202004030512,16,6,11,グルアーブ,牝3,52.0,三浦皇成,1:23.3,1.3/4,10-10,36.0,18.5,8.0,420.0,0.0,[東]林徹,ノルマンディーサラブレッドレーシング,0.0,2017103291,1122,1163,854800
202004030512,17,3,5,メルテッドハニー,牝3,52.0,柴田善臣,1:23.3,アタマ,15-15,35.5,26.1,9.0,396.0,16.0,[東]大江原哲,田頭勇貴,0.0,2017102178,641,1012,855030
202004030512,18,7,13,サクラメジャー,牝6,52.0,原優介,1:23.6,1.3/4,8-7,36.4,194.0,17.0,462.0,17.0,[東]岩戸孝樹,谷岡牧場,0.0,2014104680,1184,1051,992800
202004030602,1,8,14,ティケイプルメリア,牝3,54.0,伊藤工真,1:54.5,,3-3-3-3,38.3,3.2,1.0,444.0,-8.0,[東]林徹,田畑勝彦,510.0,2017102766,1119,1163,365030
202004030602,2,2,2,ネイビーロマン,牝3,52.0,藤田菜七,1:54.5,クビ,13-13-8-5,37.7,5.4,3.0,474.0,8.0,[東]古賀史生,平賀久枝,200.0,2017100674,1164,392,729005
202004030602,3,8,15,スーリエドヴェール,牝3,54.0,野中悠太,1:55.4,5,9-9-7-6,38.7,22.6,7.0,484.0,6.0,[東]大江原哲,岡田牧雄,130.0,2017101598,1158,1012,851009
202004030602,4,4,6,リングアベル,牝3,54.0,戸崎圭太,1:55.9,3,3-3-4-4,39.5,4.3,2.0,486.0,0.0,[東]萩原清,ノースヒルズ,77.0,2017101795,5386,1017,788800
202004030602,5,1,1,ナンヨーアイゼン,牝3,54.0,柴田善臣,1:56.2,1.3/4,11-12-13-12,38.8,5.4,4.0,472.0,6.0,[東]宗像義忠,中村徳也,51.0,2017105180,641,420,512031
202004030602,6,3,4,カリカンテ,牝3,53.0,木幡育也,1:56.3,1/2,7-7-8-9,39.5,43.5,11.0,484.0,2.0,[東]加藤士津,吉田和美,0.0,2017105319,1167,1169,138007
202004030602,7,5,9,チャーミングアクト,牝3,53.0,斎藤新,1:56.3,クビ,1-1-1-1,40.4,47.7,12.0,466.0,4.0,[東]中舘英二,Ｇ１レーシング,0.0,2017105070,1178,1153,808800
202004030602,8,2,3,ラインキャンドル,牝3,54.0,武藤雅,1:56.5,1.1/2,14-14-11-9,39.4,100.9,14.0,458.0,-6.0,[東]水野貴広,大澤繁昌,0.0,2017104726,1169,1094,796002
202004030602,9,7,12,リゼイエロー,牝3,54.0,木幡巧也,1:56.6,1/2,2-2-2-2,40.6,40.7,10.0,500.0,8.0,[東]松山将樹,飯田訓大,0.0,2017103029,1162,1100,661030
202004030602,10,3,5,ラブオーソ,牝3,54.0,柴田大知,1:57.0,2.1/2,14-15-15-15,39.2,96.7,13.0,438.0,8.0,[東]和田雄二,増田陽一,0.0,2017101669,1009,1143,291002
202004030602,11,6,10,マリクシ,牝3,52.0,菅原明良,1:57.1,3/4,7-9-11-12,40.1,24.5,8.0,458.0,8.0,[東]蛯名利弘,畑佐博,0.0,2017102299,1179,1131,78006
202004030602,12,6,11,トップブランド,牝3,53.0,菊沢一樹,1:57.7,3.1/2,5-5-6-6,41.2,12.4,5.0,486.0,2.0,[東]伊藤圭三,ヒダカ・ブリーダーズ・ユニオン,0.0,2017103461,1161,1023,547800
202004030602,13,7,13,ラッキービープラン,牝3,54.0,丸田恭介,1:58.6,5,11-7-4-6,42.2,18.0,6.0,466.0,0.0,[東]宗像義忠,薗部博之,0.0,2017100936,1117,420,960006
202004030602,14,5,8,マサノオリンピアン,牝3,54.0,Ｍ．デム,1:58.9,2,5-5-8-9,42.1,35.2,9.0,418.0,-4.0,[東]小島茂之,中村時子,0.0,2017100645,5212,1068,843030
202004030602,15,4,7,ジュンヒトカップ,牝3,54.0,嘉藤貴行,1:59.0,クビ,9-9-13-14,41.7,145.8,15.0,494.0,8.0,[東]勢司和浩,河合裕明,0.0,2017106435,1051,1047,615033
202004030603,1,5,9,クムシラコ,牡2,54.0,嶋田純次,0:56.0,,3,33.1,1.9,1.0,458.0,0.0,[東]石毛善彦,ミルファーム,510.0,2018103205,1134,428,629800
202004030603,2,4,7,ルミナスライン,牝2,51.0,小林脩斗,0:56.0,クビ,2,33.2,24.9,7.0,408.0,0.0,[東]清水英克,ブルースターズファーム,200.0,2018100073,1183,1080,27803
202004030603,3,8,14,サンミラー,牝2,54.0,Ｍ．デム,0:56.3,1.3/4,6,33.2,3.5,2.0,426.0,-4.0,[東]堀井雅広,諸岡慶,130.0,2018100228,5212,436,951033
202004030603,4,4,6,ビーマイベイビー,牝2,54.0,江田照男,0:56.3,クビ,4,33.3,24.2,6.0,436.0,2.0,[東]加藤和宏,ミルファーム,77.0,2018106602,689,1077,629800
202004030603,5,5,8,イッツアメモリー,牝2,53.0,斎藤新,0:56.9,3.1/2,1,34.2,186.0,14.0,420.0,2.0,[東]清水英克,ミルファーム,51.0,2018106415,1178,1080,629800
202004030603,6,6,11,ボニート,牝2,53.0,菊沢一樹,0:57.0,3/4,7,33.6,131.0,12.0,408.0,-2.0,[東]佐藤吉勝,平本敏夫,0.0,2018106626,1161,1035,832008
202004030603,7,7,13,ビーチリゾート,牝2,54.0,城戸義政,0:57.0,クビ,7,33.6,79.9,9.0,446.0,-6.0,[東]本間忍,ミルファーム,0.0,2018100900,1147,1056,629800
202004030603,8,7,12,ミルサクセサー,牡2,54.0,西村太一,0:57.4,2.1/2,13,33.2,41.2,8.0,424.0,0.0,[東]伊藤大士,ミルファーム,0.0,2018103556,1131,1109,629800
202004030603,9,2,3,マイネルアミスター,牡2,54.0,柴田大知,0:57.8,2.1/2,4,34.8,7.2,3.0,486.0,4.0,[東]古賀慎明,サラブレッドクラブ・ラフィアン,0.0,2018103354,1009,1079,546800
202004030603,10,1,1,テセウス,牡2,54.0,嘉藤貴行,0:57.8,ハナ,10,34.2,20.7,5.0,416.0,-8.0,[東]奥平雅士,ミルファーム,0.0,2018106601,1051,1074,629800
202004030603,11,2,2,ベイビーシャーク,牡2,52.0,藤田菜七,0:57.9,1/2,9,34.4,19.8,4.0,468.0,4.0,[東]中野栄治,北村和江,0.0,2018101310,1164,1010,263006
202004030603,12,6,10,カキエモン,牡2,54.0,武士沢友,0:58.0,1/2,11,34.2,121.4,10.0,452.0,2.0,[東]伊藤伸一,ミルファーム,0.0,2018106608,1029,1031,629800
202004030603,13,3,5,レゾンデートル,牝2,54.0,岩部純二,0:58.3,1.3/4,12,34.4,164.9,13.0,424.0,6.0,[東]加藤和宏,ミルファーム,0.0,2018101548,726,1077,629800
202004030603,14,8,15,シゲルシャチョウ,牝2,54.0,宮崎北斗,0:59.4,7,15,34.7,123.0,11.0,398.0,-4.0,[東]浅野洋一,森中蕃,0.0,2018101821,1118,421,674004
202004030603,15,3,4,ホットスポット,牝2,54.0,菅原隆一,0:59.5,3/4,13,35.3,277.9,15.0,426.0,0.0,[東]石栗龍彦,ミルファーム,0.0,2018105765,1129,1043,629800
202004030604,1,3,5,ナイトブリーズ,牝3,54.0,宮崎北斗,1:11.6,,2-2,37.5,22.7,7.0,490.0,6.0,[東]萱野浩二,山上和良,510.0,2017104130,1118,1024,851007
202004030604,2,5,8,マイルポスト,牡3,56.0,三浦皇成,1:12.0,2.1/2,4-4,37.6,5.2,2.0,530.0,6.0,[東]小笠倫弘,Ｇ１レーシング,200.0,2017105206,1122,1076,808800
202004030604,3,3,4,サンマルクリスエス,牡3,55.0,菊沢一樹,1:12.1,1/2,7-6,37.1,112.5,11.0,452.0,8.0,[東]和田勇介,相馬勇,130.0,2017100118,1161,1165,580007
202004030604,4,6,10,チートコード,牡3,56.0,田辺裕信,1:12.1,ハナ,5-5,37.5,1.6,1.0,506.0,-4.0,[東]尾関知人,明栄商事,77.0,2017102289,1075,1103,40803
202004030604,5,2,3,スラーリドラーテ,牝3,53.0,岩田望来,1:12.2,3/4,2-2,38.2,7.3,3.0,468.0,0.0,[東]小島茂之,加藤厚子,51.0,2017101305,1174,1068,446006
202004030604,6,4,6,レーニンテソーロ,牡3,54.0,菅原明良,1:12.6,2.1/2,14-14,36.1,35.0,8.0,500.0,-4.0,[東]高木登,了徳寺健二ホールディングス,0.0,2017103852,1179,1088,89803
202004030604,7,7,12,サフランフラワー,牝3,54.0,吉田豊,1:12.8,1.1/4,13-12,37.0,120.5,12.0,430.0,4.0,[東]古賀史生,海原聖一,0.0,2017101132,733,392,471002
202004030604,8,4,7,キャストロペトラ,牡3,56.0,江田照男,1:13.0,1.1/4,9-9,37.9,11.4,4.0,464.0,0.0,[東]粕谷昌央,手嶋康雄,0.0,2017104273,689,1096,759030
202004030604,9,2,2,テントップギヤ,牡3,54.0,藤田菜七,1:13.0,アタマ,10-10,37.6,76.5,9.0,450.0,8.0,[東]中野栄治,天白泰司,0.0,2017102803,1164,1010,75006
202004030604,10,5,9,ストームシップ,牡3,55.0,斎藤新,1:13.1,クビ,10-10,37.7,20.1,6.0,480.0,12.0,[東]栗田徹,岡田牧雄,0.0,2017101255,1178,1127,851009
202004030604,11,8,15,ペガサスターボ,牡3,56.0,北村宏司,1:13.1,ハナ,7-6,38.1,16.9,5.0,498.0,-2.0,[東]勢司和浩,千明牧場,0.0,2017109098,1043,1047,75800
202004030604,12,6,11,ゼンカ,牝3,53.0,木幡育也,1:14.4,8,6-6,39.6,275.4,14.0,516.0,4.0,[東]的場均,田中春美,0.0,2017102480,1167,1063,570002
202004030604,13,1,1,トーセンポエム,牡3,56.0,木幡初也,1:14.6,1.1/2,1-1,40.6,151.4,13.0,494.0,2.0,[東]杉浦宏昭,島川隆哉,0.0,2017104379,1153,1008,270006
202004030604,14,7,13,マイネルピカソ,牡3,56.0,柴田大知,1:15.0,2.1/2,12-12,39.4,93.9,10.0,456.0,-6.0,[東]松永康利,サラブレッドクラブ・ラフィアン,0.0,2017101979,1009,1093,546800
202004030604,-2,8,14,プリティーハニー,牝3,51.0,原優介,,,,,,,,,[東]根本康広,大田恭充,0.0,2017101689,1184,1029,333031
202004030605,1,5,10,ブラックラテ,牡2,54.0,岩田康誠,2:06.0,,13-13-4-2,35.5,7.2,2.0,478.0,0.0,[西]梅田智之,サンデーレーシング,700.0,2018105326,5203,1084,226800
202004030605,2,7,15,パープルレディー,牝2,54.0,石橋脩,2:06.3,2,15-15-10-7,35.3,8.7,4.0,416.0,0.0,[東]奥村武,井山登,280.0,2018103558,1077,1145,149002
202004030605,3,6,12,ヒシシュシュ,牝2,54.0,田辺裕信,2:06.4,クビ,12-12-6-5,35.6,9.8,5.0,410.0,0.0,[東]中舘英二,阿部雅英,180.0,2018104732,1075,1153,44008
202004030605,4,2,3,セブンサミット,牡2,54.0,福永祐一,2:06.4,ハナ,7-6-9-7,35.5,2.6,1.0,502.0,0.0,[西]石坂正,キャロットファーム,110.0,2018105071,1014,1022,486800
202004030605,5,7,13,グランツアーテム,牡2,54.0,北村宏司,2:06.5,3/4,4-3-2-1,36.1,14.7,6.0,476.0,0.0,[東]中川公成,西森功,70.0,2018106693,1043,1081,316031
202004030605,6,3,6,トドロキゲキジョウ,牡2,54.0,木幡初也,2:06.8,1.3/4,2-3-4-5,36.3,116.1,15.0,478.0,0.0,[東]武市康男,東海林貴大,0.0,2018103857,1153,1089,334031
202004030605,7,1,2,アインゲーブング,牝2,54.0,柴田大知,2:07.0,1,9-8-14-10,35.8,31.8,10.0,444.0,0.0,[東]黒岩陽一,サラブレッドクラブ・ラフィアン,0.0,2018102158,1009,1133,546800
202004030605,8,4,8,タガノコハクゾラ,牝2,53.0,岩田望来,2:07.3,1.3/4,4-6-6-7,36.6,15.0,7.0,450.0,0.0,[西]斉藤崇史,八木良司,0.0,2018101954,1174,1151,859002
202004030605,9,7,14,ゴーストレート,牡2,53.0,菊沢一樹,2:07.7,2.1/2,1-1-1-2,37.4,24.9,8.0,496.0,0.0,[東]菊沢隆徳,堂守貴志,0.0,2018104860,1161,1115,425030
202004030605,10,5,9,アンゼンダイイチ,牝2,54.0,野中悠太,2:07.7,クビ,13-13-15-13,36.3,217.0,17.0,484.0,0.0,[東]稲垣幸雄,由井健太郎,0.0,2018103924,1158,1167,44803
202004030605,11,4,7,コトブキポラリス,牝2,54.0,内田博幸,2:07.8,3/4,4-5-6-10,37.1,143.2,16.0,492.0,0.0,[東]金成貴史,尾上松壽,0.0,2018105720,422,1132,566006
202004030605,12,3,5,リアンデュソン,牡2,54.0,丸山元気,2:08.2,2.1/2,9-8-10-12,37.2,7.2,3.0,530.0,0.0,[東]高橋文雅,サンデーレーシング,0.0,2018105324,1127,1134,226800
202004030605,13,6,11,ボーランズテソーロ,牡2,52.0,菅原明良,2:08.2,クビ,9-8-10-13,37.1,26.1,9.0,430.0,0.0,[東]栗田徹,了徳寺健二ホールディングス,0.0,2018102830,1179,1127,89803
202004030605,14,8,17,タイセイマーベル,牡2,54.0,木幡巧也,2:08.4,1,7-8-10-13,37.3,69.7,12.0,488.0,0.0,[東]池上昌和,田中成奉,0.0,2018100186,1162,1150,224007
202004030605,15,8,18,クリノグリゴロス,牡2,54.0,江田照男,2:10.2,大,2-2-2-4,39.8,54.1,11.0,518.0,0.0,[東]星野忍,栗本博晴,0.0,2018101114,689,1030,970006
202004030605,16,1,1,グリーンメーラー,牡2,52.0,藤田菜七,2:15.0,大,16-16-16-16,40.9,115.8,14.0,472.0,0.0,[東]根本康広,田頭勇貴,0.0,2018102486,1164,1029,855030
202004030605,17,2,4,クラフトマンシチー,牡2,54.0,津村明秀,2:15.7,4,16-16-17-17,41.0,83.9,13.0,442.0,0.0,[東]相沢郁,友駿ホースクラブ,0.0,2018106104,1092,1020,321800
202004030605,-3,8,16,デルマジゾウ,牡2,53.0,斎藤新,,,,,,,,,[東]小野次郎,浅沼廣幸,0.0,2018100971,1178,1125,274002
202004030606,1,1,2,アッタヴァンティ,牝3,54.0,三浦皇成,1:10.3,,10-10,35.6,17.1,5.0,428.0,6.0,[東]中川公成,サンデーレーシング,510.0,2017105344,1122,1081,226800
202004030606,2,1,1,ナスノメロディー,牝3,53.0,岩田望来,1:10.4,3/4,3-3,36.4,13.9,4.0,430.0,2.0,[東]矢野英一,那須野牧場,200.0,2017109091,1174,1108,51800
202004030606,3,7,13,クリムゾンオーラ,牝3,52.0,藤田菜七,1:10.6,1,8-7,36.1,52.5,13.0,448.0,-2.0,[東]清水英克,田頭勇貴,130.0,2017100126,1164,1080,855030
202004030606,4,2,3,アトムヴェローチェ,牝3,54.0,北村宏司,1:10.7,1/2,12-12,35.7,42.4,12.0,450.0,4.0,[東]勢司和浩,永井廣司,77.0,2017101559,1043,1047,62007
202004030606,5,2,4,ユーメイドリーム,牝3,52.0,菅原明良,1:10.8,3/4,6-7,36.5,24.5,9.0,422.0,-14.0,[東]松山将樹,大野裕,51.0,2017106017,1179,1100,607033
202004030606,6,8,16,ムーニーヴァレー,牝3,54.0,柴田大知,1:10.8,クビ,6-6,36.6,61.5,14.0,464.0,-4.0,[東]伊藤大士,ビッグレッドファーム,0.0,2017103325,1009,1109,716800
202004030606,7,5,10,コスモビートイット,牡3,53.0,原優介,1:10.8,ハナ,3-3,36.8,17.9,6.0,466.0,14.0,[東]清水英克,ビッグレッドファーム,0.0,2017101937,1184,1080,716800
202004030606,8,8,15,レイチェリー,牝3,54.0,武藤雅,1:10.9,1/2,2-2,37.1,3.7,2.0,428.0,4.0,[東]尾形和幸,佐藤壽男,0.0,2017103211,1169,1141,274008
202004030606,9,7,14,フィオーレカフェ,牝3,54.0,柴田善臣,1:11.1,1,3-3,37.1,2.2,1.0,418.0,2.0,[東]和田勇介,西川光一,0.0,2017106093,641,1165,629007
202004030606,10,4,7,ハナノルージュ,牝3,53.0,菊沢一樹,1:11.1,クビ,13-13,35.9,162.4,15.0,430.0,10.0,[東]天間昭一,華山龍一,0.0,2017106433,1161,1090,932006
202004030606,11,3,5,サトノグリアン,セ3,55.0,木幡育也,1:11.1,クビ,13-13,35.9,31.6,11.0,478.0,-4.0,[東]鹿戸雄一,サトミホースカンパニー,0.0,2017110104,1167,1097,75803
202004030606,12,3,6,ユニティコ,牝3,54.0,津村明秀,1:11.3,1,8-7,36.9,12.2,3.0,446.0,-6.0,[東]高橋祥泰,鈴木芳夫,0.0,2017103091,1092,359,639009
202004030606,13,5,9,パシフィックスター,牝3,54.0,野中悠太,1:11.5,1,16-15,36.0,220.8,17.0,410.0,-4.0,[東]根本康広,ＩＨＲ,0.0,2017105928,1158,1029,40700
202004030606,14,8,17,サクラトップホーム,牝3,51.0,小林脩斗,1:11.5,クビ,15-15,36.1,202.2,16.0,444.0,-10.0,[東]奥平雅士,トップフェロウ,0.0,2017102019,1183,1074,18803
202004030606,15,6,11,ケイツーポンド,牡3,56.0,嘉藤貴行,1:11.8,1.3/4,11-11,37.0,21.6,7.0,472.0,14.0,[東]鈴木伸尋,楠本勝美,0.0,2017102519,1051,1026,103006
202004030606,16,6,12,ダウンタウンスピカ,牝3,54.0,木幡巧也,1:12.4,3.1/2,1-1,38.6,24.4,8.0,440.0,8.0,[東]池上昌和,林正道,0.0,2017103988,1162,1150,675030
202004030606,17,4,8,インダルジミー,牝3,54.0,伊藤工真,1:15.6,大,17-17,38.4,30.6,10.0,462.0,-16.0,[東]金成貴史,ゴドルフィン,0.0,2017110036,1119,1132,3060
202004030607,1,7,8,フェアリーグルーヴ,牝3,52.0,丸山元気,2:01.4,,8-8,34.2,13.4,5.0,440.0,2.0,[東]高橋文雅,サンデーレーシング,760.0,2017105308,1127,1134,226800
202004030607,2,8,9,ラグビーボーイ,牡3,54.0,北村宏司,2:01.4,ハナ,9-9,34.0,4.2,3.0,504.0,12.0,[東]勢司和浩,齋藤秀昭,300.0,2017104614,1043,1047,493033
202004030607,3,2,2,ヤシャマル,牡3,54.0,戸崎圭太,2:01.7,1.3/4,1-1,34.9,2.8,1.0,492.0,8.0,[東]尾形和幸,高橋文男,190.0,2017101201,5386,1141,371009
202004030607,4,7,7,フェルマーテ,牝3,52.0,吉田豊,2:02.0,2,9-9,34.7,3.3,2.0,480.0,-2.0,[東]戸田博文,Ｇ１レーシング,110.0,2017105089,733,1054,808800
202004030607,5,4,4,ジャッキー,牡6,54.0,小林脩斗,2:02.2,1.1/4,4-4,35.1,73.8,9.0,480.0,4.0,[東]高橋祥泰,本田恒雄,76.0,2014103268,1183,359,816008
202004030607,6,8,10,トウカイオルデン,牡5,57.0,岩田康誠,2:02.6,2.1/2,2-2,35.8,23.6,6.0,478.0,-8.0,[東]菊川正達,内村正則,0.0,2015102558,5203,1052,695004
202004030607,7,3,3,エルモアットーレ,牡3,53.0,岩田望来,2:02.7,1/2,5-5,35.6,74.9,10.0,504.0,7.0,[東]大竹正博,ノルマンディーサラブレッドレーシング,0.0,2017104311,1174,1102,854800
202004030607,8,1,1,ビギングローリー,牡4,57.0,江田照男,2:02.9,1,3-3,36.1,54.9,7.0,470.0,-2.0,[東]中川公成,窪田康志,0.0,2016103976,689,1081,514008
202004030607,9,6,6,シトラスクーラー,セ7,55.0,菅原明良,2:02.9,ハナ,5-5,35.9,5.3,4.0,460.0,2.0,[東]高木登,Ｇ１レーシング,0.0,2013105556,1179,1088,808800
202004030607,10,5,5,レッドリュンヌ,牝7,55.0,嶋田純次,2:03.4,3,5-5,36.3,61.6,8.0,438.0,-4.0,[東]南田美知,Ｍｒ．ホース,0.0,2013106157,1134,437,528033
202004030608,1,6,9,ジーマックス,牡3,54.0,北村宏司,1:53.3,,2-2-2-2,38.0,2.3,1.0,526.0,0.0,[東]中舘英二,佐野信幸,760.0,2017100859,1043,1153,735033
202004030608,2,1,1,ヴェスティード,牡5,57.0,三浦皇成,1:53.5,1.1/2,11-12-8-7,37.4,4.8,3.0,526.0,-2.0,[東]高柳瑞樹,キャロットファーム,300.0,2015103198,1122,1118,486800
202004030608,3,3,3,フラッグアドミラル,牡6,55.0,菅原明良,1:53.6,1/2,2-2-6-3,37.9,4.3,2.0,464.0,-10.0,[東]新開幸一,岡田牧雄,190.0,2014104240,1179,1116,851009
202004030608,4,5,8,ジオパークアポロ,牡3,53.0,菊沢一樹,1:54.0,2,8-8-10-10,37.6,59.0,10.0,446.0,6.0,[東]柄崎孝,小関勝紀,110.0,2017105766,1161,380,513033
202004030608,5,8,13,プレストレジェーロ,牝3,49.0,小林凌大,1:54.0,クビ,1-1-1-1,38.8,27.4,7.0,444.0,-4.0,[東]尾形和幸,米津佳昭,76.0,2017103403,1177,1141,195033
202004030608,6,4,6,ナガレボシトリキシ,牡4,57.0,原田和真,1:54.1,クビ,8-8-13-13,37.4,138.1,13.0,518.0,-12.0,[東]中野栄治,芳賀克也,0.0,2016102777,1143,1010,247030
202004030608,7,6,10,ピースボヌール,牡3,54.0,内田博幸,1:54.5,2.1/2,11-11-3-3,39.0,6.9,4.0,502.0,2.0,[東]斎藤誠,スリーエイチレーシング,0.0,2017103825,422,1086,72803
202004030608,8,8,14,サイレントクララ,牝4,52.0,原優介,1:54.8,1.3/4,4-4-3-3,39.2,48.0,9.0,510.0,-4.0,[東]小手川準,吉田千津,0.0,2016105017,1184,1171,310007
202004030608,9,2,2,テリオスベル,牝3,51.0,木幡育也,1:54.8,ハナ,5-4-10-10,38.5,27.1,6.0,430.0,-6.0,[東]田島俊明,鈴木美江子,0.0,2017103942,1167,1112,881033
202004030608,10,7,11,エアリアルシティー,牡3,54.0,岩部純二,1:54.8,アタマ,14-14-14-14,37.9,213.6,14.0,502.0,-4.0,[東]石毛善彦,ミルファーム,0.0,2017104251,726,428,629800
202004030608,11,7,12,ベルクハイム,牡3,53.0,岩田望来,1:55.1,1.1/2,7-7-3-3,39.6,72.0,11.0,554.0,6.0,[東]戸田博文,キャロットファーム,0.0,2017105091,1174,1054,486800
202004030608,12,3,4,ダイフク,牡7,57.0,江田照男,1:55.2,3/4,13-12-12-10,38.7,132.4,12.0,476.0,-4.0,[東]深山雅史,小林博雄,0.0,2013102529,689,1174,226006
202004030608,13,5,7,ネオボーゲン,牡3,54.0,津村明秀,1:55.4,1.1/4,5-4-7-7,39.5,40.3,8.0,420.0,-8.0,[東]鈴木伸尋,西田俊二,0.0,2017103253,1092,1026,502033
202004030608,14,4,5,ホーカスポーカス,牡5,55.0,藤田菜七,1:55.6,1,10-8-8-9,39.5,13.3,5.0,436.0,-2.0,[東]根本康広,平賀久枝,0.0,2015102956,1164,1029,729005
202004030609,1,8,18,ハイアーグラウンド,セ6,57.0,福永祐一,1:33.9,,5-5,34.2,9.5,4.0,508.0,-8.0,[東]大和田成,小村アセットＭ,1539.2,2014105391,1014,1124,783800
202004030609,2,5,10,フランジヴェント,牝3,52.0,丸山元気,1:34.3,2.1/2,4-4,34.7,8.6,3.0,468.0,0.0,[東]金成貴史,吉田勝己,611.2,2017105594,1127,1132,790005
202004030609,3,8,17,リュクスポケット,牡5,57.0,斎藤新,1:34.3,クビ,2-2,35.8,82.1,16.0,522.0,4.0,[西]庄野靖志,田畑憲士,385.6,2015104780,1178,1087,215008
202004030609,4,2,3,ガロシェ,牝4,55.0,Ｍ．デム,1:34.4,クビ,11-10,33.8,2.9,1.0,456.0,-6.0,[東]戸田博文,サンデーレーシング,230.0,2016104352,5212,1054,226800
202004030609,5,7,15,ジャストアジゴロ,牡4,57.0,北村宏司,1:34.5,1/2,11-12,33.8,33.5,12.0,450.0,0.0,[西]安田翔伍,原禮子,150.0,2016105169,1043,1164,8803
202004030609,6,6,12,アルムフォルツァ,牡5,57.0,岩田康誠,1:34.5,ハナ,7-6,34.5,5.6,2.0,454.0,-12.0,[西]五十嵐忠,崎川美枝子,0.0,2015100523,5203,422,899030
202004030609,7,1,1,エピックスター,セ5,57.0,田辺裕信,1:34.7,1.1/4,14-13,34.0,14.1,6.0,442.0,2.0,[東]田村康仁,子安裕樹,0.0,2015102164,1075,1027,965030
202004030609,8,7,13,レッドベレーザ,牝4,55.0,戸崎圭太,1:34.7,アタマ,13-13,33.9,16.8,7.0,436.0,4.0,[西]石坂正,東京ホースレーシング,0.0,2016104673,5386,1022,180800
202004030609,9,7,14,ウォークザライン,牡4,57.0,武藤雅,1:34.8,3/4,17-17,33.6,106.4,17.0,480.0,6.0,[西]高橋亮,前田幸治,0.0,2016101368,1169,1136,948006
202004030609,10,8,16,アルトリウス,セ6,57.0,菊沢一樹,1:34.9,クビ,17-18,33.6,61.5,15.0,458.0,-8.0,[東]高橋文雅,Ｇ１レーシング,0.0,2014105324,1161,1134,808800
202004030609,11,6,11,エイムアンドエンド,牡5,57.0,秋山真一,1:34.9,クビ,3-3,35.5,23.9,10.0,506.0,2.0,[東]奥村武,キャロットファーム,0.0,2015104161,1019,1145,486800
202004030609,12,1,2,リバーシブルレーン,牡4,57.0,菅原明良,1:34.9,アタマ,7-8,34.5,110.0,18.0,438.0,10.0,[東]高木登,吉田照哉,0.0,2016104982,1179,1088,758005
202004030609,13,4,7,ウインレフィナード,牡4,57.0,三浦皇成,1:35.1,1.1/4,14-15,34.2,11.3,5.0,448.0,0.0,[東]畠山吉宏,ウイン,0.0,2016102493,1122,1048,494800
202004030609,14,2,4,ヘイワノツカイ,牡4,57.0,津村明秀,1:35.6,3,10-10,35.3,22.8,9.0,452.0,-10.0,[東]相沢郁,星野壽市,0.0,2016103668,1092,1020,265006
202004030609,15,3,5,コスモエスパーダ,牡4,57.0,柴田大知,1:35.7,3/4,6-6,35.5,20.5,8.0,484.0,2.0,[東]伊藤大士,ビッグレッドファーム,0.0,2016105797,1009,1109,716800
202004030609,16,3,6,ショワドゥロワ,牡6,57.0,石橋脩,1:35.9,1.1/2,16-16,34.8,24.5,11.0,516.0,2.0,[東]鹿戸雄一,村野康司,0.0,2014105476,1077,1097,338007
202004030609,17,5,9,モデレイト,牝5,55.0,野中悠太,1:36.2,1.1/2,1-1,38.6,41.8,13.0,486.0,16.0,[東]松永康利,和田牧場,0.0,2015103738,1158,1093,251800
202004030609,18,4,8,ソングオブザハート,牝3,52.0,岩田望来,1:36.3,3/4,7-8,36.0,48.5,14.0,422.0,2.0,[西]寺島良,幅田昌伸,0.0,2017106335,1174,1158,331007
202004030610,1,7,13,カテドラル,牡4,56.0,福永祐一,1:21.2,,14-15,34.8,7.3,4.0,482.0,-6.0,[西]池添学,キャロットファーム,2539.2,2016104711,1014,1144,486800
202004030610,2,8,17,ストーミーシー,牡7,58.0,田辺裕信,1:21.2,アタマ,7-6,35.5,12.9,7.0,554.0,16.0,[東]斎藤誠,ミルファーム,1011.2,2013103817,1075,1086,629800
202004030610,3,8,18,プールヴィル,牝4,56.0,秋山真一,1:21.2,アタマ,7-10,35.4,11.0,6.0,432.0,-8.0,[西]庄野靖志,吉田照哉,635.6,2016105009,1019,1087,758005
202004030610,4,2,4,レインボーフラッグ,牡7,56.0,小崎綾也,1:21.2,ハナ,11-10,35.1,29.0,12.0,466.0,-2.0,[西]小崎憲,グリーンファーム,380.0,2013105727,1152,1085,148800
202004030610,5,8,16,プリンスリターン,牡3,53.0,原田和真,1:21.3,3/4,11-12,35.2,9.8,5.0,456.0,4.0,[西]加用正,コスモヴューファーム,250.0,2017100661,1143,425,30803
202004030610,6,3,6,アンコールプリュ,牝5,54.0,北村宏司,1:21.4,クビ,7-7,35.6,26.3,10.0,454.0,10.0,[西]友道康夫,金子真人ホールディングス,0.0,2015104721,1043,1061,708800
202004030610,7,4,8,ナランフレグ,牡4,56.0,丸田恭介,1:21.4,ハナ,14-12,34.9,6.7,2.0,482.0,0.0,[東]宗像義忠,西城公雄,0.0,2016106453,1117,420,770006
202004030610,8,7,15,ラヴィングアンサー,牡6,57.0,吉田豊,1:21.5,1/2,16-17,34.9,7.1,3.0,500.0,4.0,[西]石坂正,江口雄一郎,0.0,2014103751,733,1022,570009
202004030610,9,6,11,フロンティア,牡5,56.0,岩田望来,1:21.5,クビ,16-17,34.9,64.4,15.0,464.0,-16.0,[西]中内田充,サンデーレーシング,0.0,2015104176,1174,1137,226800
202004030610,10,1,2,レッドレグナント,牝5,54.0,武藤雅,1:21.6,クビ,1-1,37.2,52.3,14.0,490.0,10.0,[東]大竹正博,東京ホースレーシング,0.0,2015104720,1169,1102,180800
202004030610,11,3,5,ハーレムライン,牝5,55.0,Ｍ．デム,1:21.6,クビ,3-3,36.3,27.9,11.0,474.0,-6.0,[東]田中清隆,吉田千津,0.0,2015104542,5212,408,310007
202004030610,12,7,14,アリンナ,牝6,54.0,斎藤新,1:21.9,1.1/2,13-15,35.6,102.5,16.0,444.0,0.0,[東]上原博之,ノルマンディーサラブレッドレーシング,0.0,2014104249,1178,423,854800
202004030610,13,1,1,ワンアフター,牡7,56.0,菅原明良,1:21.9,クビ,7-7,36.1,113.6,18.0,474.0,-2.0,[東]武市康男,薪浦亨,0.0,2013102399,1179,1089,768006
202004030610,14,5,9,アバルラータ,牝6,54.0,三浦皇成,1:22.0,クビ,16-12,35.4,32.4,13.0,458.0,4.0,[西]鮫島一歩,安原浩司,0.0,2014104346,1122,1046,271008
202004030610,15,4,7,ショウナンライズ,牡7,57.0,丸山元気,1:22.0,クビ,3-3,36.7,105.3,17.0,464.0,-2.0,[東]上原博之,国本哲秀,0.0,2013100332,1127,423,331002
202004030610,16,5,10,アビーム,牝5,54.0,戸崎圭太,1:22.2,1,5-5,36.7,4.1,1.0,472.0,-2.0,[東]加藤征弘,ローレルレーシング,0.0,2015100846,5386,1059,32800
202004030610,17,2,3,グランドボヌール,牡6,57.0,石橋脩,1:22.8,3.1/2,2-2,38.1,20.2,9.0,484.0,-4.0,[西]鈴木孝志,田畑利彦,0.0,2014104369,1077,1111,464030
202004030610,18,6,12,アンリミット,牝5,54.0,城戸義政,1:25.4,大,5-9,39.8,15.5,8.0,496.0,8.0,[西]清水久詞,前原敏行,0.0,2015105970,1147,1110,427030
202004030611,1,8,11,ショックアクション,牡2,54.0,戸崎圭太,1:34.6,,3-5,34.1,4.3,2.0,490.0,2.0,[西]大久保龍,ゴドルフィン,3138.5,2018110045,5386,1058,3060
202004030611,2,7,9,ブルーシンフォニー,牡2,54.0,田辺裕信,1:34.9,1.3/4,7-3,34.8,3.9,1.0,468.0,4.0,[東]伊藤圭三,ゴドルフィン,1211.0,2018100693,1075,1023,3060
202004030611,3,5,5,フラーズダルム,牝2,54.0,福永祐一,1:35.0,1/2,5-7,34.2,4.5,3.0,466.0,12.0,[西]松永昌博,吉田勝己,785.5,2018105017,1014,1083,790005
202004030611,4,4,4,ファルヴォーレ,牡2,54.0,岩田康誠,1:35.6,4,9-10,34.5,43.2,10.0,430.0,6.0,[西]高橋義忠,杉山忠国,470.0,2018102910,5203,1129,53803
202004030611,5,1,1,シュヴァリエローズ,牡2,54.0,Ｍ．デム,1:35.7,クビ,11-11,34.4,7.2,4.0,436.0,-2.0,[西]清水久詞,キャロットファーム,310.0,2018104942,5212,1110,486800
202004030611,6,6,6,セイウンダイモス,牡2,54.0,内田博幸,1:35.7,クビ,7-9,34.7,35.4,9.0,484.0,6.0,[東]和田勇介,西山茂行,0.0,2018103997,422,1165,897009
202004030611,7,3,3,ロードマックス,牡2,54.0,岩田望来,1:35.8,3/4,3-3,35.5,12.2,6.0,450.0,0.0,[西]藤原英昭,ロードホースクラブ,0.0,2018102595,1174,1055,170800
202004030611,8,8,10,ブルーバード,牝2,54.0,柴田大知,1:36.4,3.1/2,2-2,36.3,8.3,5.0,420.0,4.0,[東]中舘英二,サラブレッドクラブ・ラフィアン,0.0,2018102858,1009,1153,546800
202004030611,9,6,7,ハヴァス,牡2,54.0,丸山元気,1:36.7,1.1/2,1-1,37.2,18.5,7.0,448.0,-6.0,[西]橋口慎介,ノースヒルズ,0.0,2018102065,1127,1154,788800
202004030611,10,2,2,ジュラメント,牝2,54.0,藤田菜七,1:37.1,2.1/2,9-7,36.3,31.4,8.0,426.0,14.0,[東]根本康広,犬塚悠治郎,0.0,2018104086,1164,1029,689033
202004030611,11,7,8,タイガーリリー,牝2,54.0,三浦皇成,1:37.3,1,5-6,36.5,79.5,11.0,452.0,8.0,[東]尾関知人,ミルファーム,0.0,2018100593,1122,1103,629800
202004030612,1,8,14,オメガエリタージュ,牡3,54.0,Ｍ．デム,1:11.7,,13-12,36.0,6.1,3.0,458.0,16.0,[東]斎藤誠,原禮子,760.0,2017104706,5212,1086,8803
202004030612,2,2,3,ノーブルプルート,牝6,55.0,武藤雅,1:11.9,1.1/2,4-4,37.7,4.3,2.0,484.0,-2.0,[東]水野貴広,吉木伸彦,300.0,2014103213,1169,1094,755030
202004030612,3,3,5,バスクベレー,セ4,55.0,菅原明良,1:11.9,アタマ,1-1,38.3,7.3,5.0,454.0,-8.0,[東]黒岩陽一,吉田勝己,190.0,2016104430,1179,1133,790005
202004030612,4,5,8,スズカアポロ,牡9,57.0,岩部純二,1:12.0,クビ,9-9,36.8,192.0,15.0,456.0,-26.0,[東]柄崎孝,永井啓弍,110.0,2011101037,726,380,382004
202004030612,5,1,1,アイアンユウキャン,牡4,54.0,小林脩斗,1:12.4,2.1/2,11-9,37.0,134.1,13.0,510.0,-18.0,[東]本間忍,池上一馬,76.0,2016101329,1183,1056,780006
202004030612,6,6,10,ヒカリトップメモリ,牝7,55.0,江田照男,1:12.4,アタマ,9-8,37.2,38.4,10.0,494.0,6.0,[東]南田美知,ヒカリクラブ,0.0,2013104708,689,437,817800
202004030612,7,3,4,スズカコーズマンボ,牡3,51.0,小林凌大,1:12.4,アタマ,15-15,36.0,12.4,7.0,472.0,4.0,[東]伊藤圭三,永井啓弍,0.0,2017103473,1177,1023,382004
202004030612,8,2,2,コルニリア,牡3,54.0,嘉藤貴行,1:12.5,1/2,4-5,38.3,23.3,9.0,442.0,0.0,[東]大和田成,ミルファーム,0.0,2017104267,1051,1124,629800
202004030612,9,7,12,クィーンアドバンス,牝3,51.0,菊沢一樹,1:12.7,1.1/2,7-7,38.3,11.1,6.0,476.0,4.0,[東]勢司和浩,柳内正基,0.0,2017100141,1161,1047,36033
202004030612,10,4,6,マリノリヴィエール,牝4,55.0,丸田恭介,1:12.9,1.1/4,14-14,36.8,64.4,11.0,472.0,12.0,[東]本間忍,矢野まり子,0.0,2016102949,1117,1056,251033
202004030612,11,7,13,ワンモアバイト,牝5,54.0,岩田望来,1:13.2,1.3/4,2-2,39.5,20.8,8.0,452.0,4.0,[東]武井亮,下河辺牧場,0.0,2015101358,1174,1147,362800
202004030612,12,8,15,マハーラーニー,牝4,55.0,武士沢友,1:13.4,1.1/2,8-9,38.6,7.1,4.0,466.0,8.0,[東]藤原辰雄,谷口祐人,0.0,2016104852,1029,435,74031
202004030612,13,4,7,コパノアダムス,牡4,56.0,斎藤新,1:13.7,2,2-2,40.0,95.5,12.0,496.0,10.0,[東]武藤善則,小林照弘,0.0,2016105426,1178,1064,304033
202004030612,14,5,9,ヤサカパフィー,牝3,52.0,戸崎圭太,1:13.9,1.1/2,4-6,39.7,4.0,1.0,474.0,-4.0,[東]水野貴広,志邑宣彦,0.0,2017101288,5386,1094,220030
202004030612,15,6,11,クリノマンチェスー,牝5,54.0,木幡育也,1:14.4,3,12-12,38.9,167.4,14.0,426.0,1.0,[東]天間昭一,栗本博晴,0.0,2015101428,1167,1090,970006
202010020102,1,4,7,タマモティータイム,牝3,54.0,鮫島良太,1:07.1,,1-1,34.7,17.0,5.0,466.0,-4.0,[西]南井克巳,タマモ,510.0,2017104067,1099,1049,515800
202010020102,2,1,2,サンライズルーカス,牡3,56.0,松若風馬,1:07.6,3,5-3,34.6,13.9,3.0,544.0,16.0,[西]音無秀孝,松岡隆雄,200.0,2017101000,1154,1002,306008
202010020102,3,3,6,オウケンラブキセキ,牝3,54.0,北村友一,1:07.7,3/4,2-2,35.1,2.5,1.0,478.0,0.0,[西]安田隆行,福井明,130.0,2017105316,1102,438,731006
202010020102,4,6,12,ナオミエキスプレス,牝3,54.0,浜中俊,1:07.8,1/2,10-10,33.9,43.9,13.0,426.0,8.0,[西]池添学,塩澤正樹,77.0,2017104610,1115,1144,915008
202010020102,5,5,10,ワンダースアダーオ,牝3,54.0,松山弘平,1:07.9,クビ,8-8,34.3,16.8,4.0,444.0,-4.0,[西]森田直行,山本能成,51.0,2017103146,1126,1142,184033
202010020102,6,8,18,フレックル,牝3,54.0,鮫島克駿,1:07.9,クビ,7-5,34.6,28.4,11.0,418.0,18.0,[西]坂口智康,今村明浩,0.0,2017105947,1157,1170,466033
202010020102,7,1,1,ラストブラッサム,牡3,56.0,藤井勘一,1:08.1,1.1/4,9-8,34.4,70.9,17.0,450.0,2.0,[西]角居勝彦,中村祐子,0.0,2017102400,5525,1053,373008
202010020102,8,5,9,ネクストエピソード,牝3,54.0,荻野極,1:08.2,クビ,12-12,34.0,58.3,14.0,388.0,2.0,[西]吉村圭司,ゴドルフィン,0.0,2017106593,1160,1130,3060
202010020102,9,7,14,エルスネル,牡3,56.0,藤岡康太,1:08.2,クビ,17-16,33.6,22.4,8.0,436.0,-4.0,[西]西園正都,シルクレーシング,0.0,2017105107,1116,1028,506800
202010020102,10,4,8,タガノヴィアトゥル,牝3,54.0,和田竜二,1:08.3,クビ,6-7,35.2,35.1,12.0,434.0,0.0,[西]今野貞一,八木良司,0.0,2017101718,1018,1128,859002
202010020102,11,2,4,ヒルノパルマ,牝3,54.0,太宰啓介,1:08.3,クビ,12-12,34.2,64.0,16.0,424.0,-4.0,[西]昆貢,ヒルノ,0.0,2017106212,1037,1044,823800
202010020102,12,7,13,アラビカ,牝3,51.0,泉谷楓真,1:08.4,3/4,3-5,35.5,17.3,6.0,438.0,8.0,[西]石坂正,馬場幸夫,0.0,2017101213,1182,1022,431002
202010020102,13,8,17,ハートフルオブラブ,牡3,56.0,秋山真一,1:08.5,1/2,16-14,34.0,23.2,9.0,456.0,-6.0,[西]音無秀孝,江馬由将,0.0,2017106201,1019,1002,879033
202010020102,14,2,3,ツクバゴールド,牡3,56.0,西村淳也,1:08.5,クビ,10-11,34.6,24.1,10.0,506.0,-2.0,[西]清水久詞,荻原昭二,0.0,2017104641,1171,1110,576009
202010020102,15,7,15,ブラックアモーレ,牝3,54.0,幸英明,1:08.6,1/2,3-3,35.8,3.5,2.0,472.0,0.0,[西]角居勝彦,グランド牧場,0.0,2017103459,732,1053,367800
202010020102,16,3,5,ブライティアルアー,牝3,51.0,服部寿希,1:08.6,クビ,18-18,33.6,21.2,7.0,416.0,-2.0,[西]石坂正,小林昌志,0.0,2017101217,1172,1022,531006
202010020102,17,6,11,メイショウホエール,牝3,54.0,小崎綾也,1:09.0,2.1/2,12-14,34.8,61.3,15.0,418.0,4.0,[西]笹田和秀,松本好隆,0.0,2017105773,1152,1104,911008
202010020102,18,8,16,メイショウヴンダー,牡3,56.0,長岡禎仁,1:09.2,1.1/2,12-16,35.1,325.3,18.0,426.0,-2.0,[西]石橋守,松本好雄,0.0,2017106320,1142,1140,523005
202010020103,1,1,2,スプリットロック,牡3,56.0,松山弘平,1:47.2,,1-1-1-1,38.4,6.7,2.0,476.0,-4.0,[西]牧浦充徳,水上行雄,510.0,2017102845,1126,1113,482002
202010020103,2,2,3,ファンキーゴールド,牡3,56.0,川田将雅,1:47.3,3/4,4-4-4-4,38.2,1.6,1.0,460.0,6.0,[西]安田翔伍,増田和啓,200.0,2017104814,1088,1164,345033
202010020103,3,6,12,ナムラダヴィンチ,牡3,56.0,幸英明,1:47.7,2.1/2,14-13-10-8,37.8,14.9,5.0,440.0,2.0,[西]大根田裕,奈村信重,130.0,2017101054,732,1032,945004
202010020103,4,7,13,サンライズアルコン,牡3,56.0,和田竜二,1:47.8,3/4,3-3-3-3,38.9,10.3,3.0,466.0,-4.0,[西]庄野靖志,松岡隆雄,77.0,2017100448,1018,1087,306008
202010020103,5,1,1,メイショウケンロク,牡3,53.0,泉谷楓真,1:48.0,1.1/4,9-9-7-5,38.4,28.7,9.0,504.0,-6.0,[西]庄野靖志,松本好雄,51.0,2017101998,1182,1087,523005
202010020103,6,2,4,パンディーロ,セ3,56.0,川又賢治,1:48.4,2.1/2,2-2-2-2,39.6,21.8,7.0,514.0,2.0,[西]松永幹夫,吉田勝己,0.0,2017105265,1166,1092,790005
202010020103,7,8,16,サンライズヘルメス,牡3,56.0,酒井学,1:48.5,1/2,8-8-6-5,39.0,58.5,10.0,474.0,4.0,[西]河内洋,松岡隆雄,0.0,2017104096,1034,1072,306008
202010020103,8,3,6,メイショウウラコイ,牡3,56.0,国分優作,1:48.5,クビ,5-5-5-5,39.1,273.4,15.0,442.0,-8.0,[西]坂口智康,松本好雄,0.0,2017106322,1125,1170,523005
202010020103,9,7,14,ユニコーンバンブー,牡3,56.0,西村淳也,1:48.9,2.1/2,12-12-10-9,39.0,10.9,4.0,480.0,8.0,[西]西浦勝一,竹下千亜子,0.0,2017102908,1171,1016,983033
202010020103,10,4,7,テーオーバフェット,牡3,56.0,浜中俊,1:49.9,6,9-9-14-13,39.4,18.4,6.0,512.0,16.0,[西]梅田智之,小笹公也,0.0,2017104076,1115,1084,304008
202010020103,11,5,10,クリノビックスター,牡3,55.0,森裕太朗,1:50.2,1.1/2,13-13-12-11,40.2,97.4,13.0,472.0,-2.0,[西]渡辺薫彦,栗本博晴,0.0,2017100841,1165,1155,970006
202010020103,12,3,5,タンバヴェルド,牡3,56.0,岡田祥嗣,1:50.5,1.3/4,6-6-7-9,40.9,80.2,12.0,512.0,-4.0,[西]千田輝彦,荻野憲夫,0.0,2017101229,5429,1120,246033
202010020103,13,5,9,モズグレース,牡3,56.0,藤懸貴志,1:50.7,1.1/4,15-15-14-13,40.1,216.4,14.0,472.0,-2.0,[西]清水久詞,キャピタル・システム,0.0,2017100896,1138,1110,5803
202010020103,14,4,8,ワンダーコンパス,牡3,56.0,小牧太,1:54.0,大,6-7-9-12,44.3,28.4,8.0,498.0,-2.0,[西]笹田和秀,山本能成,0.0,2017102811,894,1104,184033
202010020103,15,8,15,クリノハイジ,牝3,54.0,難波剛健,1:56.7,大,9-9-13-15,46.3,78.4,11.0,488.0,0.0,[西]高橋義忠,栗本博晴,0.0,2017110063,1066,1129,970006
202010020103,-3,6,11,ハコダテメジャー,牡3,56.0,藤岡康太,,,,,,,,,[西]藤岡健一,河内孝夫,0.0,2017101657,1116,1062,321004
202010020105,1,4,5,ルクシオン,牝2,54.0,松山弘平,1:09.8,,1-1,35.0,2.3,1.0,426.0,0.0,[西]河内洋,ノルマンディーサラブレッドレーシング,700.0,2018109123,1126,1072,854800
202010020105,2,4,4,アイアンムスメ,牝2,54.0,福永祐一,1:10.3,3,5-3,35.3,2.7,2.0,442.0,0.0,[西]笹田和秀,西村新一郎,280.0,2018109160,1014,1104,772002
202010020105,3,1,1,テイエムサツマドン,牡2,54.0,和田竜二,1:10.8,3,9-8,34.3,7.7,3.0,470.0,0.0,[西]鈴木孝志,竹園正繼,180.0,2018109162,1018,1111,356002
202010020105,4,6,9,イロエンピツ,牝2,54.0,幸英明,1:10.9,1/2,2-2,36.1,15.0,5.0,470.0,0.0,[西]大根田裕,内田玄祥,110.0,2018109129,732,1032,149033
202010020105,5,5,7,キンカイレイア,牝2,54.0,高倉稜,1:11.2,2,5-3,36.1,28.4,7.0,438.0,0.0,[東]石毛善彦,竹原孝昭,70.0,2018109124,1130,428,680030
202010020105,6,7,10,カシノバド,牡2,54.0,小崎綾也,1:11.5,2,3-5,36.6,87.1,10.0,390.0,0.0,[西]牧田和弥,柏木務,0.0,2018109155,1152,1123,514009
202010020105,7,5,6,サイパー,牡2,53.0,富田暁,1:11.6,クビ,7-7,35.4,75.6,9.0,436.0,0.0,[西]武英智,山口裕介,0.0,2018109178,1168,1161,798033
202010020105,8,8,13,コウユーダンサー,牡2,54.0,藤懸貴志,1:12.3,4,10-10,35.5,24.3,6.0,460.0,0.0,[西]斉藤崇史,加治屋貞光,0.0,2018109121,1138,1151,116033
202010020105,9,7,11,ケンシゲツ,牡2,53.0,森裕太朗,1:12.4,1/2,7-9,36.2,14.4,4.0,478.0,0.0,[西]羽月友彦,ヒダカ・ブリーダーズ・ユニオン,0.0,2018109148,1165,1091,547800
202010020105,10,3,3,テイエムオペラッコ,牝2,54.0,国分優作,1:12.8,2.1/2,13-12,35.5,55.5,8.0,412.0,0.0,[西]湯窪幸雄,竹園正繼,0.0,2018109167,1125,1057,356002
202010020105,11,6,8,キリシマオードリー,牝2,54.0,柴田未崎,1:12.9,3/4,3-6,38.0,200.4,13.0,452.0,0.0,[東]的場均,土屋君春,0.0,2018109146,1010,1063,628009
202010020105,12,2,2,サンエバンスビル,牡2,54.0,酒井学,1:13.0,クビ,12-11,35.8,106.1,12.0,488.0,0.0,[西]谷潔,加藤ステーブル,0.0,2018109156,1034,431,59803
202010020105,13,8,12,カシノエール,牝2,54.0,原田和真,1:14.1,7,10-12,37.2,87.5,11.0,472.0,0.0,[西]田所秀孝,柏木務,0.0,2018109138,1143,1009,514009
202010020106,1,7,15,テンハッピーローズ,牝2,54.0,福永祐一,1:08.4,,6-6,34.1,16.5,7.0,420.0,0.0,[西]高柳大輔,天白泰司,700.0,2018104750,1014,1159,75006
202010020106,2,4,8,アンジュソレイユ,牝2,54.0,西村淳也,1:08.6,1.1/4,2-2,34.7,41.5,11.0,452.0,0.0,[西]石坂正,犬塚悠治郎,280.0,2018100898,1171,1022,689033
202010020106,3,5,10,ミニーアイル,牝2,54.0,秋山真一,1:08.7,1/2,12-11,33.5,15.7,6.0,500.0,0.0,[西]武幸四郎,大野剛嗣,180.0,2018104878,1019,1160,265033
202010020106,4,2,4,バールベック,牝2,54.0,国分優作,1:08.7,クビ,4-4,34.7,9.4,5.0,420.0,0.0,[西]吉田直弘,サラブレッドクラブ・ラフィアン,110.0,2018102136,1125,1101,546800
202010020106,5,8,16,クァンタムレルム,牝2,54.0,藤岡康太,1:08.9,1,6-6,34.6,4.7,2.0,456.0,0.0,[西]石橋守,ゴドルフィン,70.0,2018100659,1116,1140,3060
202010020106,6,6,12,エイシンチドリ,牝2,54.0,太宰啓介,1:09.2,2,9-9,34.2,95.5,14.0,406.0,0.0,[西]上村洋行,栄進堂,0.0,2018105957,1037,1168,785800
202010020106,7,7,13,スクウェアセイル,牝2,54.0,川田将雅,1:09.2,クビ,6-6,35.0,4.0,1.0,448.0,0.0,[西]坂口智康,キャロットファーム,0.0,2018104986,1088,1170,486800
202010020106,8,6,11,アピールデザイン,牝2,54.0,小崎綾也,1:09.4,1,4-4,35.3,172.8,15.0,436.0,0.0,[西]村山明,西村新一郎,0.0,2018101503,1152,1107,772002
202010020106,9,8,17,タイセイエクセル,牝2,54.0,和田竜二,1:09.4,アタマ,2-2,35.5,29.3,9.0,456.0,0.0,[西]西村真幸,田中成奉,0.0,2018106372,1018,1148,224007
202010020106,10,3,5,カレンプリマドーナ,牝2,54.0,松山弘平,1:09.6,1.1/4,1-1,35.8,8.1,4.0,414.0,0.0,[西]橋口慎介,鈴木隆司,0.0,2018102770,1126,1154,869006
202010020106,11,7,14,ボラーレヴィーア,牝2,51.0,服部寿希,1:09.9,1.3/4,9-9,34.9,267.2,18.0,344.0,0.0,[西]服部利之,中西功,0.0,2018101105,1172,1040,117030
202010020106,12,8,18,アレッサ,牝2,54.0,北村友一,1:09.9,クビ,9-11,34.9,35.8,10.0,408.0,0.0,[西]宮本博,シルクレーシング,0.0,2018101344,1102,1073,506800
202010020106,13,1,2,マーチャンフェイス,牝2,54.0,浜中俊,1:10.1,1.1/4,12-14,34.9,18.4,8.0,434.0,0.0,[西]新谷功一,ＳＴレーシング,0.0,2018103687,1115,1172,874033
202010020106,14,2,3,アイファーパンサー,牝2,54.0,田中健,1:10.3,1.1/4,15-15,34.2,252.6,17.0,402.0,0.0,[西]服部利之,中島稔,0.0,2018100104,1114,1040,119007
202010020106,15,3,6,ホッコーカリュウ,牝2,51.0,泉谷楓真,1:10.5,1.1/4,15-15,34.4,198.4,16.0,460.0,0.0,[西]西浦勝一,北幸商事,0.0,2018103147,1182,1016,57803
202010020106,16,1,1,エイシンリベルタス,牝2,54.0,松若風馬,1:10.6,1/2,14-13,35.1,44.6,12.0,450.0,0.0,[西]今野貞一,栄進堂,0.0,2018105928,1154,1128,785800
202010020106,17,5,9,スンリ,牝2,54.0,武豊,1:10.8,1.1/4,17-17,34.1,5.8,3.0,466.0,0.0,[西]清水久詞,白日光,0.0,2018101452,666,1110,115031
202010020106,18,4,7,タツリュウオー,牝2,54.0,酒井学,1:10.9,1/2,18-17,34.0,68.9,13.0,436.0,0.0,[西]加用正,庄司光太朗,0.0,2018102649,1034,425,136031
202010020107,1,6,12,チャイカ,牝3,54.0,松山弘平,2:00.3,,2-2-2-1,35.9,3.1,1.0,464.0,14.0,[西]今野貞一,谷掛龍夫,510.0,2017105126,1126,1128,727008
202010020107,2,2,4,ステラアルバ,牝3,54.0,西村淳也,2:00.5,1.1/4,7-7-10-9,35.5,37.0,7.0,454.0,4.0,[西]牧浦充徳,サンデーレーシング,200.0,2017105535,1171,1113,226800
202010020107,3,5,9,ショウナンラクエン,牝3,54.0,浜中俊,2:00.5,クビ,18-18-5-5,35.8,20.5,6.0,456.0,-4.0,[西]梅田智之,国本哲秀,130.0,2017103612,1115,1084,331002
202010020107,4,1,1,リーガルバローズ,牡3,56.0,藤井勘一,2:00.6,クビ,12-11-15-14,35.2,10.6,5.0,408.0,0.0,[西]渡辺薫彦,猪熊広次,77.0,2017100677,5525,1155,859007
202010020107,5,8,17,ロナウド,牡3,53.0,泉谷楓真,2:00.8,1.1/2,12-13-3-3,36.3,94.3,12.0,406.0,-6.0,[西]鮫島一歩,安原浩司,51.0,2017103387,1182,1046,271008
202010020107,6,7,13,シェノン,牡3,56.0,吉村智洋,2:00.9,1/2,12-13-15-14,35.5,45.8,9.0,470.0,2.0,[西]矢作芳人,フクキタル,0.0,2017106540,5390,1075,46803
202010020107,7,8,18,タイクーンバゴ,牡3,56.0,田中健,2:00.9,クビ,15-15-13-11,35.7,95.1,13.0,486.0,10.0,[西]浜田多実,槇本牧場,0.0,2017100904,1114,1138,405800
202010020107,8,1,2,サトノレガシー,牡3,56.0,幸英明,2:00.9,ハナ,15-15-18-14,35.4,6.4,4.0,478.0,2.0,[西]池江泰寿,サトミホースカンパニー,0.0,2017105381,732,1071,75803
202010020107,9,3,5,シセイイワイ,牝3,54.0,和田竜二,2:01.0,クビ,3-3-5-3,36.3,77.9,11.0,428.0,-2.0,[西]北出成人,猪苗代勇,0.0,2017100943,1018,1078,441009
202010020107,10,5,10,テーオーニーチェ,牡3,56.0,城戸義政,2:01.1,1/2,11-11-15-11,35.7,338.2,18.0,470.0,-6.0,[西]清水久詞,小笹公也,0.0,2017101004,1147,1110,304008
202010020107,11,8,16,ゴールデンアーク,牡3,56.0,酒井学,2:01.1,アタマ,5-5-5-5,36.3,121.4,14.0,450.0,0.0,[西]須貝尚介,Ｇ１レーシング,0.0,2017104746,1034,1105,808800
202010020107,12,2,3,デルマラッキーガイ,牡3,56.0,松若風馬,2:01.3,1.1/4,15-15-3-5,36.8,4.7,3.0,464.0,-10.0,[西]音無秀孝,浅沼廣幸,0.0,2017104808,1154,1002,274002
202010020107,13,7,15,ノーウィック,牡3,56.0,北村友一,2:01.5,1.1/2,8-8-5-10,36.7,3.7,2.0,462.0,0.0,[西]西浦勝一,三嶋牧場,0.0,2017106384,1102,1016,363800
202010020107,14,4,8,テレーザ,牝3,54.0,原田和真,2:01.6,3/4,3-3-9-5,36.7,48.4,10.0,450.0,-4.0,[西]田所秀孝,門野文典,0.0,2017104057,1143,1009,41030
202010020107,15,7,14,リュクスレジェンド,牝3,53.0,富田暁,2:01.7,クビ,8-8-10-13,36.6,193.8,17.0,428.0,-14.0,[西]庄野靖志,田畑憲士,0.0,2017104648,1168,1087,215008
202010020107,16,3,6,ショウナンラオウ,セ3,56.0,鮫島克駿,2:01.9,1.1/4,1-1-1-2,37.5,37.3,8.0,446.0,2.0,[西]高橋義忠,国本哲秀,0.0,2017102271,1157,1129,331002
202010020107,17,4,7,サンライトジュンコ,牝3,54.0,小坂忠士,2:02.6,4,5-5-10-14,37.5,191.7,16.0,484.0,-6.0,[西]奥村豊,北川勉,0.0,2017102235,1063,1146,749002
202010020107,18,6,11,ナムラルイ,牡3,56.0,国分恭介,2:02.7,3/4,8-8-13-18,37.5,147.6,15.0,464.0,-6.0,[西]湯窪幸雄,奈村信重,0.0,2017103946,1124,1057,945004
202010020108,1,4,6,コパノマーキュリー,牡3,54.0,小牧太,0:58.3,,5-4,35.0,4.3,2.0,486.0,-12.0,[西]田所秀孝,小林祥晃,760.0,2017106018,894,1009,966007
202010020108,2,4,5,プライム,セ4,57.0,吉村智洋,0:58.4,1/2,1-1,35.6,64.7,11.0,476.0,-8.0,[西]坂口智康,カナヤマホールディングス,300.0,2016101838,5390,1170,45803
202010020108,3,8,13,サーストンネイジュ,牝4,55.0,幸英明,0:58.9,3,3-2,35.9,15.5,5.0,480.0,16.0,[西]橋田満,玉置潔,190.0,2016101428,732,362,316007
202010020108,4,1,1,レジェモー,牝3,49.0,泉谷楓真,0:58.9,クビ,5-4,35.7,4.5,3.0,438.0,-4.0,[西]武幸四郎,吉田照哉,110.0,2017104930,1182,1160,758005
202010020108,5,7,11,メイショウモルサ,牡4,56.0,富田暁,0:59.0,1/2,8-7,35.5,12.2,4.0,490.0,-2.0,[西]飯田祐史,松本和子,76.0,2016101620,1168,1139,789006
202010020108,6,7,12,イチバンヤリ,牡4,57.0,西村淳也,0:59.0,アタマ,11-11,35.0,60.7,10.0,500.0,-8.0,[西]松永幹夫,岡浩二,0.0,2016101984,1171,1092,370008
202010020108,7,5,8,クリノクノイチ,牝5,54.0,森裕太朗,0:59.2,1.1/4,10-9,35.4,19.5,7.0,466.0,8.0,[西]中尾秀正,栗本博晴,0.0,2015106353,1165,1069,970006
202010020108,8,6,9,ヴィグラスカイザー,牡3,54.0,松若風馬,0:59.5,1.3/4,2-2,36.6,2.2,1.0,500.0,4.0,[西]石坂公一,犬塚悠治郎,0.0,2017101839,1154,1166,689033
202010020108,9,3,4,クロンヌデトワール,牝5,55.0,和田竜二,0:59.6,1/2,12-11,35.4,57.1,9.0,462.0,18.0,[西]今野貞一,ヒダカ・ブリーダーズ・ユニオン,0.0,2015106290,1018,1128,547800
202010020108,10,5,7,モズハチキン,牝4,55.0,藤岡康太,1:00.5,5,13-13,36.1,18.7,6.0,460.0,2.0,[西]大久保龍,キャピタル・システム,0.0,2016101965,1116,1058,5803
202010020108,11,2,2,メルヘンステージ,牝4,55.0,藤懸貴志,1:00.7,1.1/4,8-8,37.2,240.8,14.0,498.0,26.0,[西]奥村豊,下河辺牧場,0.0,2016103117,1138,1146,362800
202010020108,12,6,10,グッドステージ,牡3,54.0,熊沢重文,1:01.1,2.1/2,5-9,37.8,31.1,8.0,514.0,-4.0,[西]宮徹,杉立健次郎,0.0,2017103395,652,1018,590031
202010020108,13,3,3,マゼ,牡4,57.0,北村友一,1:01.4,2,13-14,36.9,108.8,12.0,478.0,-10.0,[西]安田翔伍,吉井理人,0.0,2016102100,1102,1164,402033
202010020108,14,8,14,リッカウィンドウ,牝4,55.0,国分恭介,1:02.3,5,3-4,39.3,180.6,13.0,416.0,-5.0,[西]藤沢則雄,立花幸雄,0.0,2016105739,1124,1041,972007
202010020109,1,1,1,ヨカヨカ,牝2,54.0,福永祐一,1:07.9,,1-1,35.0,1.4,1.0,448.0,-4.0,[西]谷潔,岡浩二,1621.7,2018109134,1014,431,370008
202010020109,2,8,9,セレッソフレイム,牝2,54.0,小牧太,1:08.1,1.1/2,5-6,34.6,10.8,3.0,434.0,6.0,[西]服部利之,三宅勝俊,646.2,2018106581,894,1040,372008
202010020109,3,5,5,ゴールドチャリス,牝2,54.0,浜中俊,1:08.1,ハナ,3-2,34.9,3.5,2.0,412.0,6.0,[西]武幸四郎,フィールドレーシング,403.1,2018105067,1115,1160,463031
202010020109,4,7,7,ビゾンテノブファロ,牡2,54.0,原田和真,1:08.7,3.1/2,6-5,34.9,42.3,6.0,466.0,-2.0,[東]小桧山悟,ニューマレコード,240.0,2018102961,1143,1005,32803
202010020109,5,8,10,ウキウキホリデー,牝2,54.0,国分恭介,1:09.0,2,7-6,35.1,31.2,5.0,458.0,-4.0,[東]松永康利,ビッグレッドファーム,160.0,2018101686,1124,1093,716800
202010020109,6,4,4,エイシンミラクル,牝2,54.0,吉村智洋,1:09.0,ハナ,8-8,35.0,75.8,7.0,440.0,0.0,[地]坂本和也,平井克彦,0.0,2018105961,5390,5718,318033
202010020109,7,3,3,コパノフランクリン,牡2,54.0,和田竜二,1:09.1,クビ,10-10,34.6,80.4,8.0,488.0,-18.0,[西]村山明,小林祥晃,0.0,2018106831,1018,1107,966007
202010020109,8,6,6,キングサリ,牝2,54.0,石川慎将,1:09.6,3,9-8,35.4,174.1,9.0,430.0,-6.0,[地]渡辺博文,原久美子,0.0,2018102733,5478,5745,829031
202010020109,9,7,8,ピュアエール,牝2,54.0,国分優作,1:09.8,1.1/4,3-2,36.6,14.1,4.0,452.0,12.0,[東]松永康利,ビッグレッドファーム,0.0,2018102110,1125,1093,716800
202010020109,10,2,2,シュリーデービー,牝2,54.0,鮫島克也,1:10.8,6,2-2,37.8,194.0,10.0,390.0,-13.0,[地]真島元徳,原久美子,0.0,2018101935,409,5106,829031
202010020110,1,7,7,ポタジェ,牡3,54.0,川田将雅,1:57.8,,5-4-2-2,35.1,1.9,1.0,454.0,2.0,[西]友道康夫,金子真人ホールディングス,1522.4,2017105376,1088,1061,708800
202010020110,2,8,9,ブルーミングスカイ,牡3,54.0,福永祐一,1:58.0,1.1/4,7-7-4-4,35.2,2.8,2.0,468.0,2.0,[西]角居勝彦,島川隆哉,606.4,2017104906,1014,1053,270006
202010020110,3,7,8,ベレヌス,牡3,54.0,西村淳也,1:58.4,2.1/2,3-3-4-4,35.6,22.7,5.0,520.0,-4.0,[西]杉山晴紀,キャロットファーム,383.2,2017105269,1171,1157,486800
202010020110,4,2,2,スパイクナード,牝6,55.0,和田竜二,1:58.8,2.1/2,5-6-6-7,35.8,38.8,6.0,450.0,-10.0,[西]佐々木晶,前田幸治,230.0,2014100597,1018,429,948006
202010020110,5,3,3,レターオンザサンド,牡4,57.0,藤岡康太,1:58.9,3/4,4-4-6-6,36.0,4.4,3.0,490.0,2.0,[西]藤岡健一,小川勲,150.0,2016101968,1116,1062,75002
202010020110,6,6,6,ブリーズスズカ,牡7,57.0,太宰啓介,1:59.0,1/2,9-9-9-9,35.6,266.9,10.0,468.0,-4.0,[西]大橋勇樹,永井宏明,0.0,2013103668,1037,1065,979033
202010020110,7,4,4,ペプチドフシチョウ,牝4,55.0,富田暁,1:59.1,クビ,7-7-8-7,35.9,79.2,9.0,450.0,-10.0,[西]武英智,沼川一彦,0.0,2016101792,1168,1161,500007
202010020110,8,1,1,メイショウテンモン,牡5,57.0,幸英明,1:59.1,ハナ,1-1-1-2,36.6,19.2,4.0,516.0,10.0,[西]松永昌博,松本好雄,0.0,2015106197,732,1083,523005
202010020110,9,8,10,レッドエンヴィー,牡4,57.0,酒井学,1:59.1,ハナ,10-10-9-9,35.7,38.9,7.0,482.0,0.0,[西]須貝尚介,東京ホースレーシング,0.0,2016104519,1034,1105,180800
202010020110,10,5,5,キタサンチャンドラ,牡4,57.0,浜中俊,1:59.1,ハナ,2-2-2-1,36.5,63.8,8.0,466.0,0.0,[西]梅田智之,大野商事,0.0,2016103756,1115,1084,373800
202010020111,1,5,8,アルドーレ,牡5,56.0,浜中俊,1:43.7,,6-6-6-7,36.8,6.3,3.0,494.0,-8.0,[西]昆貢,安原浩司,2232.9,2015103217,1115,1044,271008
202010020111,2,2,2,メイショウワザシ,牡5,57.0,武豊,1:43.8,3/4,3-3-3-1,37.7,4.7,2.0,536.0,-6.0,[西]南井克巳,松本好雄,889.4,2015103248,666,1049,523005
202010020111,3,6,10,メイプルブラザー,牡6,56.0,森裕太朗,1:43.8,アタマ,8-8-9-7,36.7,21.2,5.0,490.0,0.0,[西]清水久詞,節英司,554.7,2014101318,1165,1110,390002
202010020111,4,7,13,オーヴェルニュ,牡4,56.0,松山弘平,1:43.9,1/2,4-3-4-2,37.4,10.5,4.0,468.0,-6.0,[西]西村真幸,杉山忠国,330.0,2016101455,1126,1148,53803
202010020111,5,8,15,ビックリシタナモー,牡6,56.0,和田竜二,1:44.0,3/4,13-13-11-10,36.7,42.8,10.0,506.0,-4.0,[西]音無秀孝,小田切有一,220.0,2014106529,1018,1002,334009
202010020111,6,1,1,マグナレガーロ,牡5,56.0,川田将雅,1:44.8,5,4-5-5-2,38.2,2.0,1.0,488.0,-10.0,[西]角居勝彦,シルクレーシング,0.0,2015105072,1088,1053,506800
202010020111,7,2,3,サンデーウィザード,牡8,58.0,秋山真一,1:44.9,クビ,12-10-9-10,37.7,51.2,11.0,466.0,-6.0,[西]大久保龍,巽祐子,0.0,2012104659,1019,1058,309033
202010020111,8,4,6,エイコーン,牡5,56.0,高倉稜,1:45.2,1.3/4,9-9-6-5,38.3,27.3,9.0,476.0,-8.0,[西]吉田直弘,西森功,0.0,2015102979,1130,1101,316031
202010020111,9,4,7,クリノフウジン,牡6,56.0,鮫島克駿,1:45.2,アタマ,6-6-6-7,38.3,25.8,8.0,510.0,0.0,[西]高橋義忠,栗本博晴,0.0,2014106361,1157,1129,970006
202010020111,10,8,14,アードラー,牡6,57.0,松若風馬,1:45.4,1.1/2,10-10-12-14,38.0,21.6,7.0,476.0,0.0,[西]音無秀孝,吉澤ホールディングス,0.0,2014104841,1154,1002,346803
202010020111,11,3,4,ブレスジャーニー,牡6,56.0,中井裕二,1:45.6,1,14-14-12-12,38.2,21.5,6.0,474.0,-4.0,[西]佐々木晶,島川隆哉,0.0,2014106404,1141,429,270006
202010020111,12,5,9,サトノファンタシー,牡7,58.0,鮫島良太,1:47.3,大,10-10-12-13,39.9,152.4,14.0,498.0,-2.0,[西]松田国英,サトミホースカンパニー,0.0,2013100358,1099,1011,75803
202010020111,13,7,12,ドライヴナイト,セ7,57.0,太宰啓介,1:47.5,1.1/2,2-2-1-4,41.5,241.2,15.0,510.0,-10.0,[西]奥村豊,桂土地,0.0,2013102037,1037,1146,311800
202010020111,14,6,11,タガノディグオ,牡6,56.0,幸英明,1:48.4,5,1-1-2-5,42.4,73.4,12.0,544.0,18.0,[西]宮徹,八木秀之,0.0,2014100510,732,1018,874800
202010020111,15,3,5,ハッピーアワー,牡4,57.0,藤岡康太,1:48.6,1,15-15-15-15,41.0,73.7,13.0,440.0,-2.0,[西]武幸四郎,高嶋祐子,0.0,2016102692,1116,1160,361030
202010020112,1,6,9,フアナ,牝3,52.0,福永祐一,1:44.9,,5-5-6-3,34.6,1.5,1.0,444.0,28.0,[西]角居勝彦,近藤英子,760.0,2017105212,1014,1053,372006
202010020112,2,1,1,カレンシュトラウス,牡3,54.0,川田将雅,1:44.9,クビ,5-5-3-3,34.7,3.3,2.0,504.0,-10.0,[西]平田修,鈴木隆司,300.0,2017102897,1088,1082,869006
202010020112,3,6,10,グレースオブナイル,牝3,52.0,松若風馬,1:45.4,3,1-1-1-1,35.4,32.9,6.0,434.0,2.0,[西]杉山晴紀,グリーンファーム,190.0,2017104781,1154,1157,148800
202010020112,4,7,11,サンディレクション,牡4,57.0,酒井学,1:45.6,1.1/4,2-2-2-2,35.5,182.3,11.0,474.0,14.0,[西]千田輝彦,ノルマンディーサラブレッドレーシング,110.0,2016105457,1034,1120,854800
202010020112,5,8,14,ブルームスベリー,牝3,52.0,松山弘平,1:45.7,3/4,7-7-7-7,35.1,14.7,3.0,450.0,-10.0,[西]西村真幸,社台レースホース,76.0,2017104689,1126,1148,415800
202010020112,6,4,6,アンクルテイオウ,牡4,57.0,北村友一,1:45.9,1.1/2,10-10-9-9,35.2,42.4,9.0,476.0,2.0,[西]高橋亮,塚本能交,0.0,2016104767,1102,1136,952006
202010020112,7,7,12,アルマフォルト,牡3,54.0,和田竜二,1:46.4,3,9-9-7-7,35.9,49.1,10.0,494.0,0.0,[西]木原一良,名古屋友豊,0.0,2017105177,1018,1033,463800
202010020112,8,4,5,ドラウプニル,セ4,57.0,西村淳也,1:47.1,4,3-3-3-5,36.9,39.1,8.0,480.0,0.0,[西]斉藤崇史,吉田勝己,0.0,2016104429,1171,1151,790005
202010020112,9,3,4,スーパーアロイ,牡4,57.0,秋山真一,1:47.5,2.1/2,10-10-9-10,36.8,197.3,12.0,494.0,-6.0,[西]大根田裕,藤原征士郎,0.0,2016102675,1019,1032,311030
202010020112,10,3,3,アドマイヤレオ,牡4,57.0,浜中俊,1:47.5,ハナ,3-3-3-5,37.3,34.9,7.0,480.0,-6.0,[西]須貝尚介,近藤旬子,0.0,2016104442,1115,1105,535031
202010020112,11,8,13,ゴルトファルベン,牡3,54.0,武豊,1:47.5,ハナ,13-13-13-12,36.2,19.5,5.0,490.0,0.0,[西]吉村圭司,サンデーレーシング,0.0,2017105471,666,1130,226800
202010020112,12,2,2,マートルフィールド,牡3,54.0,幸英明,1:47.6,1/2,14-14-12-11,36.5,19.0,4.0,460.0,-4.0,[西]矢作芳人,ゴドルフィン,0.0,2017110094,732,1075,3060
202010020112,13,5,7,エリーズタイフーン,牝3,52.0,高倉稜,1:48.5,5,7-8-9-12,37.8,441.8,14.0,442.0,2.0,[西]吉田直弘,二口雅一,0.0,2017101292,1130,1101,952033
202010020112,14,5,8,スターオブグリーン,牡3,54.0,山口勲,1:50.4,大,12-12-14-14,38.6,294.3,13.0,448.0,-16.0,[地]池田忠好,光安了,0.0,2017106483,5229,5741,791033
202010020201,1,5,10,フリード,牝2,54.0,川田将雅,1:07.5,,1-1,34.6,16.7,7.0,476.0,0.0,[西]西園正都,岡田繁幸,510.0,2018110093,1088,1028,760008
202010020201,2,1,1,エイシンヒテン,牝2,54.0,幸英明,1:07.8,2,7-7,34.3,2.6,1.0,448.0,4.0,[西]渡辺薫彦,栄進堂,200.0,2018105909,732,1155,785800
202010020201,3,5,9,テーオーブレイブ,牡2,54.0,鮫島良太,1:07.9,1/2,6-6,34.6,19.4,9.0,488.0,-6.0,[西]清水久詞,小笹公也,130.0,2018100536,1099,1110,304008
202010020201,4,1,2,リサコーハク,牝2,54.0,鮫島克駿,1:08.4,3,4-3,35.2,8.8,3.0,424.0,-6.0,[西]川村禎彦,八木光博,77.0,2018103389,1157,1003,386031
202010020201,5,7,14,エコロキング,牡2,54.0,秋山真一,1:08.7,1.3/4,14-11,34.6,12.3,5.0,432.0,0.0,[西]飯田祐史,原村正紀,51.0,2018102827,1019,1139,783033
202010020201,6,3,5,レベルタウン,牡2,54.0,酒井学,1:08.7,クビ,2-2,35.7,18.2,8.0,516.0,-10.0,[西]石橋守,ゴドルフィン,0.0,2018110032,1034,1140,3060
202010020201,7,2,4,ショウナンアイビー,牡2,54.0,和田竜二,1:08.7,ハナ,9-8,35.0,12.1,4.0,498.0,0.0,[西]清水久詞,国本哲秀,0.0,2018103411,1018,1110,331002
202010020201,8,4,7,イズジョードリーム,牡2,54.0,藤岡康太,1:08.8,クビ,4-3,35.6,14.0,6.0,500.0,-10.0,[西]北出成人,泉一郎,0.0,2018106103,1116,1078,897030
202010020201,9,8,16,サプライズギフト,牝2,54.0,国分優作,1:08.8,ハナ,11-10,35.0,62.5,14.0,398.0,-8.0,[西]長谷川浩,サラブレッドクラブ・ラフィアン,0.0,2018106168,1125,1173,546800
202010020201,10,8,15,ミラコロヴェルデ,牝2,54.0,丸田恭介,1:09.2,2.1/2,15-13,35.0,24.5,11.0,418.0,2.0,[西]西村真幸,グリーンファーム,0.0,2018105520,1117,1148,148800
202010020201,11,6,11,トーカイキング,牡2,54.0,松若風馬,1:09.2,ハナ,2-3,36.1,7.5,2.0,434.0,-4.0,[西]西橋豊治,田畑富子,0.0,2018102077,1154,434,307033
202010020201,12,7,13,ニシノレガシー,牡2,54.0,浜中俊,1:09.3,クビ,13-13,35.4,23.3,10.0,508.0,-2.0,[西]長谷川浩,西山茂行,0.0,2018100151,1115,1173,897009
202010020201,13,4,8,ビーアップ,牝2,53.0,富田暁,1:09.4,1/2,8-8,35.8,96.0,15.0,458.0,-4.0,[西]五十嵐忠,馬場祥晃,0.0,2018103594,1168,422,446007
202010020201,14,6,12,タイセイロワイヤル,牡2,54.0,松山弘平,1:09.5,3/4,9-11,35.8,41.7,12.0,476.0,-6.0,[西]森田直行,田中成奉,0.0,2018101490,1126,1142,224007
202010020201,15,2,3,ビービーダルク,牝2,54.0,武豊,1:10.1,3.1/2,15-16,35.9,45.9,13.0,462.0,10.0,[西]千田輝彦,坂東牧場,0.0,2018101364,666,1120,185800
202010020201,16,3,6,テイエムグレイト,牡2,54.0,田中健,1:10.4,1.3/4,11-13,36.6,232.0,16.0,478.0,-14.0,[西]武英智,竹園正繼,0.0,2018105878,1114,1161,356002
202010020202,1,8,13,エスシーミホーク,牡3,55.0,森裕太朗,0:58.7,,5-5,35.3,15.9,6.0,486.0,10.0,[西]西橋豊治,工藤圭司,510.0,2017100924,1165,434,703030
202010020202,2,5,7,アイティナリー,牡3,56.0,松山弘平,0:59.0,2,4-4,35.8,2.9,1.0,498.0,-2.0,[西]河内洋,ノースヒルズ,200.0,2017101787,1126,1072,788800
202010020202,3,5,8,テイエムサンドリア,牝3,54.0,鮫島良太,0:59.1,3/4,1-1,36.1,8.5,4.0,466.0,8.0,[西]飯田雄三,竹園正繼,130.0,2017101588,1099,1050,356002
202010020202,4,7,11,ジューンフォレスト,牝3,51.0,泉谷楓真,0:59.2,クビ,2-2,36.2,8.3,3.0,456.0,8.0,[西]西浦勝一,吉川潤,77.0,2017102929,1182,1016,17803
202010020202,5,4,6,ブロックチェーン,牝3,54.0,藤岡康太,0:59.3,3/4,10-10,35.2,18.2,8.0,436.0,-16.0,[西]藤岡健一,ニットー商事,51.0,2017101465,1116,1062,752800
202010020202,6,2,2,パサラン,牡3,56.0,藤懸貴志,0:59.6,1.1/2,12-12,35.4,12.0,5.0,438.0,4.0,[西]千田輝彦,薪浦州平,0.0,2017102034,1138,1120,543033
202010020202,7,8,14,ラインエンジェル,牝3,53.0,富田暁,0:59.6,クビ,2-3,36.5,63.5,10.0,460.0,4.0,[西]松永昌博,大澤繁昌,0.0,2017100772,1168,1083,796002
202010020202,8,3,3,ニホンピロデュラン,牝3,54.0,小牧太,0:59.8,1.1/2,7-6,36.1,76.2,12.0,466.0,-10.0,[西]服部利之,小林百太郎,0.0,2017103584,894,1040,985001
202010020202,9,6,10,ハルハアケボノ,牝3,54.0,川又賢治,1:00.0,3/4,7-8,36.3,16.2,7.0,440.0,-18.0,[西]牧浦充徳,手嶋美季,0.0,2017106170,1166,1113,77031
202010020202,10,1,1,マタギ,牡3,56.0,和田竜二,1:00.1,3/4,14-13,34.9,2.9,2.0,452.0,-10.0,[西]平田修,ケーエスＨＤ,0.0,2017101404,1018,1082,334803
202010020202,11,6,9,レッドシンシア,牝3,54.0,酒井学,1:00.2,1/2,7-6,36.5,35.4,9.0,506.0,0.0,[西]西園正都,東京ホースレーシング,0.0,2017106133,1034,1028,180800
202010020202,12,3,4,キタノオトメ,牝3,54.0,国分優作,1:00.5,1.1/2,10-10,36.5,325.2,13.0,454.0,16.0,[西]坂口智康,北所直人,0.0,2017102099,1125,1170,163002
202010020202,13,4,5,パープルブルーメン,牝3,51.0,服部寿希,1:00.7,1.1/2,13-13,35.8,370.0,14.0,436.0,22.0,[西]新谷功一,中野銀十,0.0,2017105787,1172,1172,554009
202010020202,14,7,12,ワンスウィートデイ,牡3,56.0,高倉稜,1:01.1,2.1/2,5-8,37.7,73.2,11.0,468.0,-8.0,[西]牧浦充徳,グリーンファーム,0.0,2017102625,1130,1113,148800
202010020203,1,8,14,ハーランズハーツ,牡3,56.0,鮫島克駿,1:46.7,,10-10-10-9,35.4,31.8,7.0,426.0,-6.0,[西]橋口慎介,林正道,510.0,2017103992,1157,1154,675030
202010020203,2,5,8,アロハヌイロア,牝3,54.0,北村友一,1:46.8,1/2,12-10-10-5,35.6,11.7,6.0,444.0,0.0,[西]角居勝彦,ニッシンホールディングス,200.0,2017105230,1102,1053,318803
202010020203,3,2,2,メモリーオブブルー,牝3,54.0,浜中俊,1:47.5,4,5-7-4-3,36.6,11.3,5.0,438.0,4.0,[西]荒川義之,ＨｉｍＲｏｃｋＲａｃｉｎｇホールディングス,130.0,2017100203,1115,1095,87803
202010020203,4,7,13,フレーヴォ,牝3,54.0,中井裕二,1:47.8,2,4-3-2-2,37.2,7.4,3.0,436.0,6.0,[西]庄野靖志,ロードホースクラブ,77.0,2017102395,1141,1087,170800
202010020203,5,6,10,スリーシャトー,牡3,56.0,長岡禎仁,1:48.0,1,12-13-13-12,36.4,446.5,15.0,434.0,1.0,[西]西橋豊治,永井商事,51.0,2017101077,1142,434,61800
202010020203,6,3,4,パリスデージー,牝3,54.0,川田将雅,1:48.0,ハナ,7-5-7-5,36.9,1.7,1.0,432.0,6.0,[西]高野友和,サンデーレーシング,0.0,2017105628,1088,1117,226800
202010020203,7,6,11,カルトレガーメ,牝3,51.0,泉谷楓真,1:48.0,クビ,3-3-4-3,37.1,6.9,2.0,476.0,-2.0,[西]武幸四郎,大迫基弘,0.0,2017102108,1182,1160,461030
202010020203,8,3,5,デア,牝3,54.0,太宰啓介,1:48.1,クビ,9-9-7-7,37.0,44.4,9.0,422.0,-2.0,[西]渡辺薫彦,カナヤマホールディングス,0.0,2017100955,1037,1155,45803
202010020203,9,8,15,スズカペンダント,牝3,54.0,高倉稜,1:48.8,4,7-5-4-7,37.9,41.3,8.0,446.0,2.0,[西]杉山晴紀,永井啓弍,0.0,2017104455,1130,1157,382004
202010020203,10,2,3,キングリアリティー,牡3,56.0,和田翼,1:49.0,1.1/2,11-10-12-9,37.6,238.1,14.0,456.0,-6.0,[西]大橋勇樹,伊藤正男,0.0,2017102687,1146,1065,346006
202010020203,11,4,7,プリンセスララア,牝3,53.0,富田暁,1:49.2,1.1/4,14-14-13-13,37.6,143.2,11.0,408.0,14.0,[西]鈴木孝志,ローレルレーシング,0.0,2017100655,1168,1111,32800
202010020203,12,1,1,ルリアンヴェール,牝3,54.0,鮫島良太,1:49.5,2,1-1-1-1,39.0,55.5,10.0,416.0,12.0,[西]牧浦充徳,大樹ファーム,0.0,2017106333,1099,1113,536800
202010020203,13,5,9,スマートキャンディ,牝3,54.0,松若風馬,1:49.6,1/2,15-15-15-15,37.9,143.4,12.0,468.0,4.0,[西]音無秀孝,大川徹,0.0,2017110081,1154,1002,7803
202010020203,14,7,12,タツオウカケンラン,牝3,54.0,藤岡康太,1:50.7,7,2-2-2-9,40.0,9.9,4.0,444.0,12.0,[西]鮫島一歩,鈴木高幸,0.0,2017103973,1116,1046,124033
202010020203,15,4,6,サーコ,牡3,56.0,国分優作,1:51.3,3.1/2,5-7-7-13,40.2,172.5,13.0,458.0,2.0,[西]大根田裕,石川幸司,0.0,2017103865,1125,1032,279008
202010020204,1,3,5,テイストオブハニー,牝3,54.0,川田将雅,1:47.4,,5-5-1-1,39.9,6.2,3.0,542.0,-6.0,[西]鮫島一歩,フクキタル,510.0,2017106544,1088,1046,46803
202010020204,2,7,14,リュヌドミエル,牝3,54.0,松山弘平,1:47.9,3,7-6-5-3,39.6,5.4,2.0,440.0,-8.0,[西]杉山晴紀,ライオンレースホース,200.0,2017102910,1126,1157,542800
202010020204,3,6,12,ジグ,牝3,53.0,森裕太朗,1:48.1,1.1/4,10-11-11-11,39.2,121.5,14.0,436.0,-4.0,[西]藤沢則雄,武田茂男,130.0,2017106370,1165,1041,473008
202010020204,4,4,8,ワークアンドビート,牝3,54.0,秋山真一,1:48.4,1.3/4,15-15-8-7,39.7,2.8,1.0,480.0,-2.0,[西]矢作芳人,小林祥晃,77.0,2017106036,1019,1075,966007
202010020204,5,8,16,イダ,牝3,54.0,浜中俊,1:48.4,アタマ,10-10-7-5,39.9,30.6,10.0,410.0,-2.0,[西]武幸四郎,中辻明,51.0,2017102906,1115,1160,646030
202010020204,6,6,11,ノルフェーン,牝3,54.0,幸英明,1:48.5,1/2,14-14-8-5,39.9,100.0,12.0,474.0,-2.0,[西]羽月友彦,ターフ・スポート,0.0,2017106757,732,1091,102800
202010020204,7,5,10,エイシンマシーン,牝3,54.0,川又賢治,1:48.6,1/2,12-13-14-11,39.6,8.9,5.0,436.0,-4.0,[西]渡辺薫彦,平井克彦,0.0,2017102350,1166,1155,318033
202010020204,8,5,9,アドマイヤシリウス,牝3,54.0,北村友一,1:48.7,3/4,4-4-4-2,40.6,19.4,8.0,438.0,8.0,[西]大久保龍,近藤旬子,0.0,2017106200,1102,1058,535031
202010020204,9,1,1,トウアトリア,牝3,53.0,富田暁,1:49.2,3,1-1-2-4,41.3,181.2,15.0,412.0,-2.0,[西]松永昌博,原田豊,0.0,2017104846,1168,1083,945006
202010020204,10,8,15,メイショウアサヒ,牝3,54.0,西村淳也,1:49.3,3/4,5-6-5-8,40.9,7.1,4.0,468.0,0.0,[西]笹田和秀,松本好隆,0.0,2017106369,1171,1104,911008
202010020204,11,7,13,キャラメルボイス,牝3,54.0,鮫島克駿,1:50.0,4,12-12-11-13,41.1,18.2,7.0,514.0,2.0,[西]宮本博,ノースヒルズ,0.0,2017102517,1157,1073,788800
202010020204,12,3,6,デイジーフラッシュ,牝3,54.0,松若風馬,1:50.3,2,7-8-15-14,41.0,14.5,6.0,462.0,12.0,[西]音無秀孝,松岡隆雄,0.0,2017101006,1154,1002,306008
202010020204,13,4,7,ピンクシップ,牝3,54.0,酒井学,1:50.4,1/2,7-8-8-8,41.8,93.3,11.0,460.0,6.0,[西]河内洋,松岡隆雄,0.0,2017106246,1034,1072,306008
202010020204,14,2,3,ヒルノグバーナ,牝3,54.0,太宰啓介,1:50.6,3/4,16-16-16-14,40.9,183.4,16.0,440.0,2.0,[西]昆貢,ヒルノ,0.0,2017106223,1037,1044,823800
202010020204,15,2,4,マサハヤアン,牝3,54.0,和田竜二,1:51.2,3.1/2,2-2-2-8,43.2,21.8,9.0,452.0,10.0,[西]今野貞一,中村政夫,0.0,2017104890,1018,1128,471033
202010020204,16,1,2,アクターヒロイン,牝3,51.0,泉谷楓真,1:53.6,大,2-2-11-16,44.7,109.4,13.0,454.0,2.0,[西]本田優,ヒダカ・ブリーダーズ・ユニオン,0.0,2017106397,1182,1099,547800
202010020205,1,5,8,カシノレオ,牡2,54.0,松山弘平,1:10.2,,1-1,35.6,3.2,1.0,480.0,0.0,[西]鈴木孝志,柏木務,700.0,2018109152,1126,1111,514009
202010020205,2,5,9,カシノアイドル,牝2,53.0,森裕太朗,1:10.8,3.1/2,7-4,35.6,11.9,5.0,436.0,0.0,[東]和田雄二,柏木務,280.0,2018109158,1165,1143,514009
202010020205,3,2,2,テイエムサツマッコ,牡2,53.0,富田暁,1:11.2,2.1/2,6-6,36.1,27.0,6.0,484.0,0.0,[西]木原一良,竹園正繼,180.0,2018109166,1168,1033,356002
202010020205,4,7,12,ダイヤモンドヘッド,牡2,54.0,小牧太,1:11.2,アタマ,7-9,36.0,5.1,3.0,476.0,0.0,[西]服部利之,新保松二,110.0,2018109171,894,1040,256009
202010020205,5,2,3,シーフードパイセン,牡2,54.0,川又賢治,1:11.2,アタマ,11-10,35.6,28.4,7.0,438.0,0.0,[西]松永幹夫,山下良子,70.0,2018109127,1166,1092,158033
202010020205,6,6,11,キリシマムテキ,牡2,54.0,高倉稜,1:11.3,クビ,2-2,36.7,4.4,2.0,438.0,0.0,[東]石毛善彦,土屋君春,0.0,2018109144,1130,428,628009
202010020205,7,3,5,ダイチノユメ,牝2,54.0,城戸義政,1:11.3,クビ,4-4,36.5,82.6,12.0,396.0,0.0,[西]森田直行,折手邦雄,0.0,2018109128,1147,1142,26007
202010020205,8,4,6,テイエムベニサツマ,牝2,54.0,国分恭介,1:11.9,3.1/2,11-12,36.4,36.6,8.0,404.0,0.0,[西]飯田雄三,竹園正繼,0.0,2018109164,1124,1050,356002
202010020205,9,1,1,ヤエノツバメ,牝2,54.0,酒井学,1:12.2,2,10-8,36.8,101.1,14.0,462.0,0.0,[東]天間昭一,柳田英子,0.0,2018109135,1034,1090,623033
202010020205,10,6,10,アローテソーロ,牡2,54.0,長岡禎仁,1:12.3,3/4,13-13,36.2,40.3,9.0,460.0,0.0,[西]高橋康之,了徳寺健二ホールディングス,0.0,2018109176,1142,1135,89803
202010020205,11,8,14,ヒムカノロッキー,牡2,54.0,幸英明,1:12.5,1.1/4,3-3,37.8,5.3,4.0,468.0,0.0,[西]湯窪幸雄,杉浦和也,0.0,2018109140,732,1057,367033
202010020205,12,4,7,テイエムサツマオー,牡2,54.0,藤懸貴志,1:12.5,アタマ,14-14,35.4,60.9,11.0,494.0,0.0,[西]五十嵐忠,竹園正繼,0.0,2018109163,1138,422,356002
202010020205,13,8,15,パンサン,牝2,54.0,国分優作,1:12.8,1.3/4,4-6,37.9,57.0,10.0,394.0,0.0,[東]浅野洋一,是枝浩平,0.0,2018109130,1125,421,370803
202010020205,14,3,4,カシノネメシス,牝2,54.0,丸田恭介,1:13.3,3,7-10,38.0,93.3,13.0,496.0,0.0,[東]蛯名利弘,柏木務,0.0,2018109153,1117,1131,514009
202010020205,15,7,13,キリシマヒチフク,牡2,54.0,柴田未崎,1:15.1,大,15-15,37.9,235.7,15.0,404.0,0.0,[東]的場均,土屋君春,0.0,2018109145,1010,1063,628009
202010020206,1,3,5,ウインスーリール,牝2,54.0,国分優作,1:09.2,,1-1,35.4,6.6,3.0,476.0,0.0,[西]西園正都,ウイン,700.0,2018102936,1125,1028,494800
202010020206,2,3,6,ポールスター,牡2,54.0,武豊,1:09.5,1.3/4,2-2,35.6,2.7,1.0,512.0,0.0,[西]安田隆行,林正道,280.0,2018105245,666,438,675030
202010020206,3,8,17,パラマウント,牝2,54.0,小崎綾也,1:09.7,1,12-11,34.5,15.1,5.0,426.0,0.0,[西]野中賢二,カナヤマホールディングス,180.0,2018106750,1152,1098,45803
202010020206,4,1,2,カレンロマチェンコ,牡2,54.0,松山弘平,1:09.7,ハナ,4-3,35.6,3.6,2.0,456.0,0.0,[西]高柳大輔,鈴木隆司,110.0,2018100590,1126,1159,869006
202010020206,5,1,1,ブラーブサージュ,牡2,54.0,藤岡康太,1:09.8,3/4,7-5,35.4,39.1,7.0,440.0,0.0,[西]宮徹,岩崎僖澄,70.0,2018102243,1116,1018,288009
202010020206,6,6,11,カフジヴィオレッタ,牝2,54.0,酒井学,1:09.9,1/2,10-8,35.1,8.2,4.0,450.0,0.0,[西]森田直行,加藤守,0.0,2018105386,1034,1142,19004
202010020206,7,2,4,エムティースマイル,牝2,53.0,富田暁,1:10.1,1.1/4,9-7,35.4,46.4,10.0,442.0,0.0,[西]木原一良,丸山輝城,0.0,2018102380,1168,1033,417009
202010020206,8,4,8,ミラクル,牝2,54.0,松若風馬,1:10.3,1.1/2,11-11,35.3,45.5,9.0,452.0,0.0,[西]加用正,協栄,0.0,2018100623,1154,425,959800
202010020206,9,2,3,トレンブラン,牝2,54.0,太宰啓介,1:10.3,アタマ,15-13,34.8,124.8,14.0,412.0,0.0,[西]大橋勇樹,村上憲政,0.0,2018103616,1037,1065,894030
202010020206,10,7,15,ニシノサラマ,牡2,54.0,原田和真,1:10.4,クビ,4-5,36.2,303.6,18.0,450.0,0.0,[東]小桧山悟,西山茂行,0.0,2018106062,1143,1005,897009
202010020206,11,8,16,スウィープザボード,牡2,54.0,鮫島克駿,1:10.8,2.1/2,3-3,36.8,43.5,8.0,452.0,0.0,[西]中尾秀正,杉山忠国,0.0,2018102907,1157,1069,53803
202010020206,12,7,13,シゲルカカリチョウ,牡2,54.0,国分恭介,1:11.5,4,17-16,34.9,222.2,17.0,422.0,0.0,[西]服部利之,森中蕃,0.0,2018104289,1124,1040,674004
202010020206,13,8,18,スマートパルフェ,牝2,54.0,浜中俊,1:11.6,1/2,4-8,37.4,58.4,11.0,446.0,0.0,[西]石坂正,大川徹,0.0,2018103745,1115,1022,7803
202010020206,14,4,7,ナムラサスケ,牡2,51.0,泉谷楓真,1:12.0,2.1/2,13-14,36.6,136.5,15.0,420.0,0.0,[西]大橋勇樹,奈村睦弘,0.0,2018104213,1182,1065,972002
202010020206,15,7,14,レジュレクシオン,牡2,54.0,川又賢治,1:12.2,1.1/4,7-8,37.8,176.6,16.0,414.0,0.0,[西]吉田直弘,京都ホースレーシング,0.0,2018103955,1166,1101,65803
202010020206,16,5,9,アスターセレステ,牡2,54.0,和田竜二,1:12.2,クビ,18-18,34.6,16.5,6.0,478.0,0.0,[西]中竹和也,加藤久枝,0.0,2018104661,1018,1039,935003
202010020206,17,6,12,ケンジェネシス,牡2,54.0,幸英明,1:12.4,1,15-16,36.9,73.8,13.0,472.0,0.0,[西]大根田裕,中西宏彰,0.0,2018103099,732,1032,912002
202010020206,18,5,10,コジートゥインクル,牡2,54.0,秋山真一,1:13.1,4,13-15,37.8,73.6,12.0,500.0,0.0,[西]谷潔,齊藤直信,0.0,2018101980,1019,431,571006
202010020207,1,6,6,ダンディズム,セ4,57.0,小崎綾也,1:59.1,,11-11-10-8,35.6,23.5,7.0,468.0,-12.0,[西]野中賢二,カナヤマホールディングス,760.0,2016102175,1152,1098,45803
202010020207,2,3,3,セツメンノトビウオ,牡3,54.0,国分恭介,1:59.3,1.1/4,7-6-8-3,36.1,28.9,10.0,446.0,10.0,[西]牧田和弥,三宅勝俊,300.0,2017102171,1124,1123,372008
202010020207,3,2,2,レッドルーヴル,牝4,55.0,荻野極,1:59.4,1/2,6-6-4-7,36.4,2.7,2.0,470.0,6.0,[西]笹田和秀,東京ホースレーシング,190.0,2016101958,1160,1104,180800
202010020207,4,4,4,グレートベースン,牡4,54.0,泉谷楓真,1:59.5,1/2,10-10-4-5,36.5,7.2,3.0,514.0,0.0,[西]橋口慎介,桑畑隆信,110.0,2016103499,1182,1154,836008
202010020207,5,7,9,ベストクィーン,牝4,55.0,幸英明,1:59.5,クビ,3-3-2-2,36.8,19.1,6.0,420.0,0.0,[西]西橋豊治,田畑富子,76.0,2016100634,732,434,307033
202010020207,6,1,1,ブラックハーデス,牡4,57.0,藤岡康太,1:59.7,1.1/4,4-4-4-3,36.7,14.7,5.0,460.0,12.0,[西]西浦勝一,ＨｉｍＲｏｃｋＲａｃｉｎｇホールディングス,0.0,2016102720,1116,1016,87803
202010020207,7,5,5,テンピン,牡3,54.0,北村友一,1:59.7,クビ,2-1-1-1,37.0,9.6,4.0,502.0,-2.0,[西]安田隆行,ユアストーリー,0.0,2017101755,1102,438,59700
202010020207,8,6,7,キングサーガ,セ3,54.0,松山弘平,1:59.9,1.1/4,7-6-4-5,36.9,2.6,1.0,448.0,-2.0,[西]池江泰寿,キャロットファーム,0.0,2017105439,1126,1071,486800
202010020207,9,8,10,レッドブロンクス,牡3,54.0,西村淳也,2:01.7,大,4-4-8-10,38.5,28.6,9.0,472.0,-8.0,[西]石坂正,東京ホースレーシング,0.0,2017105637,1171,1022,180800
202010020207,10,8,11,エピローグ,牝4,55.0,和田竜二,2:02.0,2,1-2-3-8,39.1,24.8,8.0,470.0,14.0,[西]小崎憲,藤田好紀,0.0,2016101402,1018,1085,41033
202010020207,11,7,8,アイファーキャノン,牝4,55.0,田中健,2:02.1,1/2,9-9-10-11,38.6,273.6,11.0,412.0,-2.0,[西]服部利之,中島俊房,0.0,2016106119,1114,1040,831033
202010020208,1,7,11,マックス,セ3,54.0,川田将雅,1:45.9,,1-1-1-1,37.6,2.3,1.0,478.0,0.0,[西]中内田充,石川達絵,760.0,2017100352,1088,1137,248030
202010020208,2,6,10,キスラー,牡4,57.0,武豊,1:46.3,2.1/2,10-7-5-5,37.6,11.2,4.0,478.0,6.0,[西]池江泰寿,キーファーズ,300.0,2016105042,666,1071,2803
202010020208,3,7,12,ポンペイワーム,牡4,57.0,浜中俊,1:46.5,1.1/4,2-2-2-2,38.1,56.8,10.0,530.0,16.0,[西]石坂正,吉田和美,190.0,2016110126,1115,1022,138007
202010020208,4,3,4,トゥルブレンシア,牡3,54.0,幸英明,1:46.5,クビ,3-5-4-3,37.9,2.5,2.0,456.0,-4.0,[西]藤沢則雄,岡田牧雄,110.0,2017103184,732,1041,851009
202010020208,5,4,5,メイショウカンキ,牡6,57.0,酒井学,1:47.0,3,12-12-8-7,38.1,36.4,8.0,480.0,2.0,[西]渡辺薫彦,松本和子,76.0,2014102979,1034,1155,789006
202010020208,6,5,7,メイショウユウシン,牡4,54.0,泉谷楓真,1:47.2,1.1/2,3-3-3-3,38.7,134.3,14.0,442.0,-7.0,[西]池添学,松本好雄,0.0,2016102425,1182,1144,523005
202010020208,7,8,13,ティートラップ,牡3,54.0,北村友一,1:47.4,1.1/4,8-7-9-9,38.4,7.0,3.0,444.0,-4.0,[西]五十嵐忠,深見富朗,0.0,2017103381,1102,422,966002
202010020208,8,2,2,セルファース,牡3,54.0,鮫島克駿,1:47.6,1.1/4,12-14-11-9,38.4,61.0,11.0,514.0,-2.0,[西]石坂公一,水上行雄,0.0,2017102831,1157,1166,482002
202010020208,9,1,1,ルクスムンディー,牡5,57.0,川又賢治,1:47.6,ハナ,3-3-5-6,38.9,31.2,6.0,522.0,6.0,[西]寺島良,前田幸治,0.0,2015103922,1166,1158,948006
202010020208,10,3,3,ソニックビースト,牝3,52.0,岡田祥嗣,1:47.7,クビ,12-12-11-9,38.5,35.2,7.0,490.0,0.0,[西]浅見秀一,杉山忠国,0.0,2017102885,5429,411,53803
202010020208,11,8,14,ナムラボス,牡3,54.0,松若風馬,1:47.7,クビ,6-6-7-7,38.9,29.0,5.0,458.0,2.0,[西]羽月友彦,奈村睦弘,0.0,2017106270,1154,1091,972002
202010020208,12,6,9,ピッパ,牝5,55.0,長岡禎仁,1:47.8,クビ,8-10-13-12,38.5,62.6,12.0,472.0,-6.0,[西]杉山晴紀,飯田正剛,0.0,2015105911,1142,1157,994002
202010020208,13,4,6,ワンダーダイカネン,牡3,54.0,松山弘平,1:48.0,1.1/2,7-7-9-12,38.9,39.8,9.0,480.0,4.0,[西]今野貞一,山本能成,0.0,2017102454,1126,1128,184033
202010020208,14,5,8,ハギノアグレッシブ,セ5,57.0,鮫島良太,1:48.5,3,10-10-14-14,38.8,102.6,13.0,486.0,16.0,[西]松田国英,日隈良江,0.0,2015103562,1099,1011,950006
202010020209,1,7,15,クーファウェヌス,牝5,55.0,武豊,1:07.6,,2-2,34.4,3.5,2.0,494.0,2.0,[西]武幸四郎,大迫久美子,1099.9,2015110056,666,1160,52803
202010020209,2,7,13,エレヴァート,牝3,52.0,鮫島克駿,1:07.9,2,10-13,34.1,6.9,3.0,438.0,0.0,[西]角田晃一,ノースヒルズ,431.4,2017102516,1157,1121,788800
202010020209,3,4,7,カゼノタニノアヤカ,牝3,52.0,北村友一,1:08.1,1.1/4,8-7,34.4,2.8,1.0,456.0,-2.0,[西]安田隆行,増田和啓,275.7,2017101153,1102,438,345033
202010020209,4,1,2,シシリエンヌ,牝4,55.0,高倉稜,1:08.2,1/2,14-10,34.0,49.4,11.0,492.0,16.0,[西]牧浦充徳,手嶋康雄,160.0,2016101373,1130,1113,759030
202010020209,5,5,9,タニノミッション,牝4,55.0,幸英明,1:08.2,ハナ,10-7,34.4,10.2,4.0,492.0,-2.0,[西]角居勝彦,谷水雄三,106.0,2016110113,732,1053,764001
202010020209,6,1,1,ワンダーヘイルネス,セ4,57.0,藤岡康太,1:08.2,クビ,10-10,34.3,36.9,10.0,478.0,14.0,[西]河内洋,山本能成,0.0,2016102446,1116,1072,184033
202010020209,7,7,14,バトルカグヤ,牝3,52.0,太宰啓介,1:08.3,クビ,8-10,34.6,29.2,9.0,450.0,6.0,[西]本田優,宮川秋信,0.0,2017102960,1037,1099,394009
202010020209,8,5,10,ミアグア,牝5,55.0,秋山真一,1:08.4,1/2,5-4,35.0,18.1,6.0,458.0,-10.0,[西]石橋守,五影隆則,0.0,2015106163,1019,1140,968006
202010020209,9,3,6,スズカクローカス,牝4,55.0,和田翼,1:08.5,1/2,16-16,34.1,171.6,17.0,470.0,32.0,[西]西橋豊治,永井宏明,0.0,2016104066,1146,434,979033
202010020209,10,6,12,ダイシンカレラ,牡8,57.0,中井裕二,1:08.6,1/2,13-14,34.6,161.2,16.0,494.0,10.0,[西]庄野靖志,大八木信行,0.0,2012101685,1141,1087,929002
202010020209,11,2,4,ヒメサマ,牝3,52.0,酒井学,1:08.8,1.1/2,14-15,34.6,81.6,13.0,418.0,4.0,[西]梅田智之,廣崎双葉,0.0,2017101110,1034,1084,315031
202010020209,12,8,17,サイモンハロルド,牡3,54.0,小牧太,1:09.1,2,5-9,35.7,85.7,14.0,444.0,10.0,[西]森秀行,澤田昭紀,0.0,2017110152,894,427,132030
202010020209,13,2,3,コウエイバクシン,牡3,54.0,和田竜二,1:09.1,ハナ,5-4,35.7,28.6,8.0,442.0,4.0,[西]森秀行,伊東政清,0.0,2017110154,1018,427,495005
202010020209,14,3,5,ストラトスフィア,牝4,55.0,西村淳也,1:09.2,クビ,4-4,35.9,19.6,7.0,480.0,14.0,[西]鮫島一歩,フクキタル,0.0,2016105369,1171,1046,46803
202010020209,15,4,8,ウインカムトゥルー,牡3,54.0,松若風馬,1:09.3,1/2,2-2,36.2,53.4,12.0,470.0,-4.0,[西]杉山晴紀,ウイン,0.0,2017101426,1154,1157,494800
202010020209,16,6,11,ジューンアクア,牝3,52.0,浜中俊,1:09.5,1.1/2,1-1,36.5,10.4,5.0,472.0,16.0,[西]飯田祐史,吉川潤,0.0,2017102893,1115,1139,17803
202010020209,17,8,16,トウケイココノエ,牝4,55.0,服部寿希,1:09.8,1.3/4,17-17,35.1,158.4,15.0,532.0,-2.0,[西]森田直行,木村信彦,0.0,2016101234,1172,1142,258006
202010020209,-2,8,18,メメントモリ,牝3,52.0,松山弘平,,,,,,,,,[西]池添学,吉田勝己,0.0,2017105516,1126,1144,790005
202010020210,1,8,9,カセドラルベル,牝4,53.0,松山弘平,1:57.9,,3-3-3-2,35.7,1.7,1.0,552.0,14.0,[西]西村真幸,吉田勝己,1841.0,2016104611,1126,1148,790005
202010020210,2,8,8,マルシュロレーヌ,牝4,52.0,武豊,1:57.9,クビ,6-5-5-5,35.5,6.0,3.0,474.0,14.0,[西]矢作芳人,キャロットファーム,736.0,2016104426,666,1075,486800
202010020210,3,5,5,レオコックブルー,牝5,52.0,松若風馬,1:58.0,3/4,9-9-9-9,35.2,17.5,4.0,454.0,2.0,[西]牧田和弥,親川智行,463.0,2015106173,1154,1123,750033
202010020210,4,1,1,イノセントミューズ,牝4,52.0,西村淳也,1:58.1,1/2,3-3-3-2,35.8,21.1,6.0,480.0,-8.0,[西]笹田和秀,社台レースホース,270.0,2016104896,1171,1104,415800
202010020210,5,6,6,サウンドバーニング,牡8,53.0,川又賢治,1:58.2,クビ,6-5-7-6,35.7,182.3,9.0,424.0,-4.0,[西]安達昭夫,増田雄一,182.0,2012104440,1166,1042,168006
202010020210,6,7,7,ラクローチェ,牡4,54.0,幸英明,1:58.2,ハナ,8-8-7-6,35.7,19.3,5.0,474.0,-4.0,[西]角田晃一,畑佐博,0.0,2016100784,732,1121,78006
202010020210,7,4,4,ジャコマル,牡6,54.0,鮫島克駿,1:58.6,2.1/2,5-5-5-6,36.2,23.1,7.0,472.0,4.0,[西]松永幹夫,晴間芳次,0.0,2014100537,1157,1092,677033
202010020210,8,2,2,マイネルウィルトス,牡4,56.0,国分優作,1:58.7,クビ,1-1-1-1,36.7,3.4,2.0,474.0,6.0,[西]宮徹,サラブレッドクラブ・ラフィアン,0.0,2016100752,1125,1018,546800
202010020210,9,3,3,オスカールビー,牝5,51.0,原田和真,2:03.8,大,2-2-2-2,41.7,35.3,8.0,502.0,-2.0,[東]小桧山悟,森保彦,0.0,2015105193,1143,1005,748009
202010020211,1,3,3,アールスター,牡5,53.0,長岡禎仁,1:57.5,,6-6-7-9,34.8,26.3,10.0,518.0,0.0,[西]杉山晴紀,ＫＲジャパン,4151.1,2015100969,1142,1157,300803
202010020211,2,4,5,サトノガーネット,牝5,55.0,松山弘平,1:57.7,1,13-13-14-12,34.3,16.5,6.0,442.0,10.0,[西]矢作芳人,サトミホースカンパニー,1614.6,2015104126,1126,1075,75803
202010020211,3,3,4,アウトライアーズ,牡6,54.0,丸田恭介,1:57.9,1.1/4,14-14-10-7,35.1,65.9,13.0,494.0,-2.0,[東]小島茂之,丸山担,1007.3,2014105825,1117,1068,922030
202010020211,4,5,7,アメリカズカップ,牡6,55.0,和田竜二,1:57.9,クビ,8-8-10-9,35.1,91.4,14.0,454.0,4.0,[西]音無秀孝,谷掛龍夫,620.0,2014105681,1018,1002,727008
202010020211,5,1,1,ノーブルマーズ,牡7,56.0,高倉稜,1:58.0,3/4,3-3-3-4,35.5,12.8,5.0,496.0,4.0,[西]宮本博,吉木伸彦,410.0,2013102360,1130,1073,755030
202010020211,6,8,14,ランブリングアレー,牝4,53.0,武豊,1:58.2,3/4,5-5-3-1,35.8,2.7,1.0,458.0,-8.0,[西]友道康夫,社台レースホース,0.0,2016105198,666,1061,415800
202010020211,7,7,12,ショウナンバルディ,牡4,53.0,鮫島克駿,1:58.2,ハナ,6-6-7-7,35.5,21.9,8.0,440.0,-2.0,[西]松下武士,国本哲秀,0.0,2016102929,1157,1149,331002
202010020211,8,8,13,ロードクエスト,牡7,57.0,西村淳也,1:58.3,3/4,10-10-6-2,35.7,38.8,11.0,462.0,0.0,[東]小島茂之,ロードホースクラブ,0.0,2013102679,1171,1068,170800
202010020211,9,6,10,レイホーロマンス,牝7,51.0,秋山真一,1:58.4,1/2,12-11-12-12,35.5,20.7,7.0,424.0,8.0,[西]橋田満,永井啓弍,0.0,2013103582,1019,362,382004
202010020211,10,4,6,サラス,牝5,53.0,松若風馬,1:58.5,1/2,11-11-13-11,35.4,40.3,12.0,536.0,2.0,[西]西村真幸,吉田照哉,0.0,2015104597,1154,1148,758005
202010020211,11,7,11,サトノルークス,牡4,56.0,川田将雅,1:58.5,ハナ,8-8-7-6,35.8,4.3,2.0,478.0,-2.0,[西]池江泰寿,サトミホースカンパニー,0.0,2016104659,1088,1071,75803
202010020211,12,6,9,タニノフランケル,牡5,55.0,幸英明,1:58.7,1.1/4,2-2-1-2,36.4,24.2,9.0,528.0,6.0,[西]角居勝彦,谷水雄三,0.0,2015110047,732,1053,764001
202010020211,13,5,8,サマーセント,牝4,52.0,酒井学,1:59.5,5,3-3-3-4,37.1,6.1,3.0,460.0,8.0,[西]斉藤崇史,ゴドルフィン,0.0,2016103346,1034,1151,3060
202010020211,14,2,2,ミスディレクション,セ6,54.0,太宰啓介,2:02.8,大,1-1-2-14,40.5,9.6,4.0,496.0,-2.0,[西]武幸四郎,ノースヒルズ,0.0,2014100595,1037,1160,788800
202010020212,1,4,7,サンキュー,牡7,57.0,北村友一,1:45.2,,4-5-5-5,38.0,17.4,6.0,520.0,2.0,[西]安達昭夫,市川義美ホールディングス,1538.5,2013104702,1102,1042,10803
202010020212,2,6,11,モズレジーナ,牝4,55.0,川田将雅,1:45.4,1.1/4,8-6-6-5,38.1,5.3,2.0,442.0,6.0,[西]矢作芳人,キャピタル・システム,611.0,2016101049,1088,1075,5803
202010020212,3,3,4,アドマイヤビーナス,牝4,55.0,浜中俊,1:45.4,ハナ,2-2-2-2,38.4,17.7,7.0,482.0,10.0,[西]須貝尚介,近藤旬子,385.5,2016104724,1115,1105,535031
202010020212,4,5,9,テイエムクロムシャ,牡4,57.0,松山弘平,1:45.4,クビ,7-9-9-8,37.8,7.9,4.0,472.0,0.0,[西]鈴木孝志,竹園正繼,230.0,2016101938,1126,1111,356002
202010020212,5,7,13,スズカスマート,牝6,55.0,秋山真一,1:45.6,1,12-13-12-11,37.7,51.7,12.0,494.0,2.0,[西]大橋勇樹,永井啓弍,150.0,2014103848,1019,1065,382004
202010020212,6,1,1,エイシンアメンラー,牡3,54.0,武豊,1:45.9,2,1-1-1-1,39.1,2.4,1.0,500.0,10.0,[西]野中賢二,栄進堂,0.0,2017110050,666,1098,785800
202010020212,7,4,6,マースゴールド,牡5,57.0,和田竜二,1:45.9,ハナ,4-3-4-2,38.8,9.4,5.0,476.0,10.0,[西]佐々木晶,キャピタルクラブ,0.0,2015105241,1018,429,51700
202010020212,8,8,14,キタサンヴィクター,牡5,57.0,藤岡康太,1:45.9,クビ,4-6-7-8,38.4,33.7,10.0,514.0,-6.0,[西]本田優,大野商事,0.0,2015103197,1116,1099,373800
202010020212,9,2,2,タガノエルフ,牝5,55.0,鮫島克駿,1:46.1,1.1/2,14-14-9-8,38.5,36.5,11.0,474.0,0.0,[西]安田隆行,八木良司,0.0,2015100528,1157,438,859002
202010020212,10,6,10,アシャカリブラ,牡6,57.0,荻野極,1:46.4,2,12-11-12-13,38.4,23.9,8.0,532.0,-2.0,[西]斉藤崇史,吉冨学,0.0,2014102666,1160,1151,905033
202010020212,11,2,3,セヴィルロアー,牡6,57.0,松若風馬,1:46.4,アタマ,11-11-12-13,38.4,148.5,14.0,492.0,-8.0,[西]森田直行,北畑忍,0.0,2014104001,1154,1142,599030
202010020212,12,8,15,カリーニョミノル,牝6,55.0,富田暁,1:46.5,クビ,8-10-9-11,38.8,86.1,13.0,498.0,-6.0,[西]北出成人,吉岡實,0.0,2014105044,1168,1078,265008
202010020212,13,3,5,アスクハードスパン,牡5,57.0,幸英明,1:47.1,3.1/2,2-3-2-4,40.1,7.5,3.0,532.0,-2.0,[西]河内洋,廣崎利洋ＨＤ,0.0,2015106488,732,1072,37803
202010020212,14,5,8,アナザーラブソング,牡4,57.0,川又賢治,1:47.2,3/4,8-6-7-7,39.8,32.0,9.0,478.0,6.0,[西]安達昭夫,市川義美ホールディングス,0.0,2016106228,1166,1042,10803
202010020212,15,7,12,タガノハツコイ,牝4,55.0,太宰啓介,1:48.8,10,15-15-15-15,40.4,177.7,15.0,474.0,0.0,[西]西園正都,八木良司,0.0,2016100525,1037,1028,859002
202010020301,1,4,8,テイエムサツマドン,牡2,54.0,和田竜二,1:09.2,,2-2,35.5,3.5,2.0,478.0,8.0,[西]鈴木孝志,竹園正繼,510.0,2018109162,1018,1111,356002
202010020301,2,5,9,アイアンムスメ,牝2,54.0,福永祐一,1:09.4,1.1/2,1-1,35.8,1.7,1.0,440.0,-2.0,[西]笹田和秀,西村新一郎,200.0,2018109160,1014,1104,772002
202010020301,3,4,7,キリシマムテキ,牡2,54.0,高倉稜,1:10.5,7,4-3,36.6,39.2,7.0,430.0,-8.0,[東]石毛善彦,土屋君春,130.0,2018109144,1130,428,628009
202010020301,4,3,5,イロエンピツ,牝2,54.0,幸英明,1:10.6,1/2,6-7,36.5,10.7,3.0,466.0,-4.0,[西]大根田裕,内田玄祥,77.0,2018109129,732,1032,149033
202010020301,5,3,6,テイエムサツマッコ,牡2,53.0,富田暁,1:10.9,2,6-4,36.8,26.6,6.0,484.0,0.0,[西]木原一良,竹園正繼,51.0,2018109166,1168,1033,356002
202010020301,6,6,11,テイエムサツマオー,牡2,54.0,国分恭介,1:11.1,1.1/4,15-14,36.0,153.8,11.0,492.0,-2.0,[西]五十嵐忠,竹園正繼,0.0,2018109163,1124,422,356002
202010020301,7,5,10,ダイヤモンドヘッド,牡2,54.0,小牧太,1:11.1,クビ,9-9,36.7,13.3,4.0,478.0,2.0,[西]服部利之,新保松二,0.0,2018109171,894,1040,256009
202010020301,8,8,15,カシノバド,牡2,54.0,小崎綾也,1:11.3,1.1/2,11-10,36.6,243.8,14.0,386.0,-4.0,[西]牧田和弥,柏木務,0.0,2018109155,1152,1123,514009
202010020301,9,8,17,サイパー,牡2,51.0,泉谷楓真,1:11.5,1,15-14,36.5,131.8,10.0,436.0,0.0,[西]武英智,山口裕介,0.0,2018109178,1182,1161,798033
202010020301,10,2,3,キリシマオードリー,牝2,54.0,柴田未崎,1:11.6,3/4,9-10,37.1,338.1,16.0,444.0,-8.0,[東]的場均,土屋君春,0.0,2018109146,1010,1063,628009
202010020301,11,7,13,カシノネメシス,牝2,54.0,川須栄彦,1:11.7,3/4,13-10,36.9,299.8,15.0,490.0,-6.0,[東]蛯名利弘,柏木務,0.0,2018109153,1128,1131,514009
202010020301,12,1,1,パンサン,牝2,54.0,松若風馬,1:11.8,アタマ,13-14,37.0,164.2,12.0,392.0,-2.0,[東]浅野洋一,是枝浩平,0.0,2018109130,1154,421,370803
202010020301,13,2,4,シーフードパイセン,牡2,54.0,川又賢治,1:12.1,1.3/4,11-13,37.5,25.8,5.0,438.0,0.0,[西]松永幹夫,山下良子,0.0,2018109127,1166,1092,158033
202010020301,14,1,2,ダイチノユメ,牝2,54.0,城戸義政,1:12.4,2,6-8,38.3,83.6,9.0,396.0,0.0,[西]森田直行,折手邦雄,0.0,2018109128,1147,1142,26007
202010020301,15,8,16,キンカイレイア,牝2,54.0,太宰啓介,1:12.4,クビ,4-4,38.5,68.3,8.0,436.0,-2.0,[東]石毛善彦,竹原孝昭,0.0,2018109124,1037,428,680030
202010020301,16,7,14,ヤエノツバメ,牝2,54.0,酒井学,1:12.8,2.1/2,2-4,39.0,216.8,13.0,450.0,-12.0,[東]天間昭一,柳田英子,0.0,2018109135,1034,1090,623033
202010020301,17,6,12,サンエバンスビル,牡2,54.0,荻野極,1:14.0,7,17-17,36.8,367.7,17.0,484.0,-4.0,[西]谷潔,加藤ステーブル,0.0,2018109156,1160,431,59803
202010020302,1,6,11,サウンドウォリアー,牡2,54.0,幸英明,1:47.6,,1-1-1-1,36.4,151.0,12.0,476.0,2.0,[西]高橋康之,増田雄一,510.0,2018104591,732,1135,168006
202010020302,2,8,15,フランクエトワール,牡2,54.0,森一馬,1:48.2,3.1/2,9-8-8-7,36.4,9.8,4.0,440.0,-2.0,[西]松永昌博,ＤＭＭドリームクラブ,200.0,2018110008,1139,1083,26803
202010020302,3,3,6,レッドジェネシス,牡2,54.0,福永祐一,1:48.4,1,12-12-14-13,36.0,2.1,1.0,472.0,-4.0,[西]友道康夫,東京ホースレーシング,130.0,2018105343,1014,1061,180800
202010020302,4,2,4,エナジーロッソ,牝2,54.0,鮫島良太,1:48.5,3/4,5-4-4-2,37.0,21.9,6.0,474.0,-2.0,[西]高柳大輔,キャピタル・システム,77.0,2018106569,1099,1159,5803
202010020302,5,3,5,タイキドミニオン,牡2,54.0,北村友一,1:48.7,1.1/4,10-10-10-9,36.8,16.1,5.0,490.0,-6.0,[西]高野友和,大樹ファーム,51.0,2018106473,1102,1117,536800
202010020302,6,8,16,リッケンバッカー,牡2,54.0,松山弘平,1:48.8,1/2,10-10-11-11,36.8,7.8,3.0,448.0,6.0,[西]西村真幸,安原浩司,0.0,2018103590,1126,1148,271008
202010020302,7,4,7,ピエス,牡2,54.0,川須栄彦,1:49.3,3,15-15-15-15,36.7,23.6,7.0,460.0,-4.0,[西]渡辺薫彦,ノースヒルズ,0.0,2018102070,1128,1155,788800
202010020302,8,1,2,ジョウショーペース,牡2,54.0,国分恭介,1:49.4,1/2,12-12-12-11,37.2,573.6,16.0,464.0,-6.0,[西]服部利之,熊田義孝,0.0,2018101658,1124,1040,380008
202010020302,9,7,13,トーホウエンジェル,牝2,54.0,和田竜二,1:49.6,1.1/4,5-9-8-7,37.8,51.9,10.0,470.0,0.0,[西]川村禎彦,東豊物産,0.0,2018104370,1018,1003,965800
202010020302,10,6,12,ブラックパンサー,牡2,54.0,藤岡康太,1:49.6,クビ,5-4-5-5,38.0,67.7,11.0,474.0,-6.0,[西]西園正都,ＨｉｍＲｏｃｋＲａｃｉｎｇホールディングス,0.0,2018100624,1116,1028,87803
202010020302,11,7,14,アスカノミライ,牡2,54.0,鮫島克駿,1:49.6,アタマ,5-4-5-5,38.0,42.3,9.0,482.0,-10.0,[西]川村禎彦,豊田智郎,0.0,2018100967,1157,1003,489007
202010020302,12,1,1,ディーエスボンバー,牡2,54.0,秋山真一,1:49.9,2,14-14-12-13,37.7,406.9,15.0,472.0,-4.0,[西]岡田稲男,秋谷壽之,0.0,2018103094,1019,1066,970007
202010020302,13,2,3,シルヴェスター,牡2,54.0,藤井勘一,1:50.0,1/2,16-16-15-15,37.5,218.8,14.0,486.0,-12.0,[西]松下武士,Ｇ１レーシング,0.0,2018105406,5525,1149,808800
202010020302,14,4,8,ダノンバジリア,牝2,54.0,川田将雅,1:50.1,1/2,2-2-2-2,38.7,4.2,2.0,502.0,-4.0,[西]中内田充,ダノックス,0.0,2018102602,1088,1137,619800
202010020302,15,5,10,コンセプト,牡2,54.0,浜中俊,1:50.5,2.1/2,3-2-2-2,39.1,24.9,8.0,460.0,-6.0,[西]角田晃一,石川達絵,0.0,2018106524,1115,1121,248030
202010020302,16,5,9,レイワプリンセス,牝2,53.0,富田暁,1:51.4,5,3-4-5-9,39.8,173.0,13.0,480.0,-2.0,[西]木原一良,菅藤宗一,0.0,2018101296,1168,1033,993009
202010020303,1,1,1,タイセイシリウス,牡3,56.0,松若風馬,2:39.8,,1-1-1-1,35.3,6.7,3.0,484.0,2.0,[西]高野友和,田中成奉,510.0,2017106032,1154,1117,224007
202010020303,2,2,3,アルセスト,牡3,56.0,川田将雅,2:40.2,2.1/2,4-4-3-3,35.4,3.0,2.0,478.0,-4.0,[西]清水久詞,シルクレーシング,200.0,2017105103,1088,1110,506800
202010020303,3,3,6,アドマイヤメジャー,牡3,56.0,和田竜二,2:40.3,1/2,2-2-2-2,35.7,2.8,1.0,460.0,4.0,[西]大久保龍,近藤旬子,130.0,2017105380,1018,1058,535031
202010020303,4,6,12,ノーウィック,牡3,56.0,藤岡康太,2:40.8,3,6-6-5-5,35.7,9.9,4.0,464.0,2.0,[西]西浦勝一,三嶋牧場,77.0,2017106384,1116,1016,363800
202010020303,5,4,7,レッドミダス,牡3,56.0,酒井学,2:40.8,アタマ,8-8-7-6,35.5,53.1,10.0,500.0,0.0,[西]須貝尚介,東京ホースレーシング,51.0,2017104661,1034,1105,180800
202010020303,6,2,4,キーパンチ,牡3,56.0,川須栄彦,2:40.9,1/2,5-5-3-4,36.0,37.5,8.0,458.0,-16.0,[西]宮徹,北前孔一郎,0.0,2017101685,1128,1018,338008
202010020303,7,3,5,トリプルプレイ,牝3,54.0,川又賢治,2:41.8,5,6-7-7-6,36.4,16.0,7.0,430.0,8.0,[西]寺島良,藤田好紀,0.0,2017106346,1166,1158,41033
202010020303,8,4,8,ルシアンバレエ,牝3,53.0,富田暁,2:41.8,ハナ,10-11-10-10,36.3,107.0,12.0,440.0,6.0,[西]武英智,ヒダカ・ブリーダーズ・ユニオン,0.0,2017100849,1168,1161,547800
202010020303,9,5,10,ワーウルフ,牡3,56.0,福永祐一,2:41.9,3/4,13-12-10-9,36.4,11.1,5.0,456.0,-10.0,[西]斉藤崇史,窪田芳郎,0.0,2017101185,1014,1151,208008
202010020303,10,7,13,ヤマニンブレーザー,牡3,56.0,藤懸貴志,2:42.0,3/4,10-10-5-6,36.9,220.5,13.0,512.0,-4.0,[西]奥村豊,土井肇,0.0,2017101773,1138,1146,329004
202010020303,11,8,16,フェリシアーノ,牡3,56.0,武豊,2:42.4,2.1/2,13-12-7-10,37.1,15.3,6.0,458.0,-6.0,[西]藤岡健一,飯塚知一,0.0,2017105134,666,1062,308002
202010020303,12,7,14,キッズヒヤミカチ,牡3,56.0,高倉稜,2:43.6,7,8-9-12-12,37.7,73.0,11.0,476.0,-6.0,[西]宮本博,瀬谷隆雄,0.0,2017104902,1130,1073,775006
202010020303,13,5,9,スターペストニー,牡3,56.0,岡田祥嗣,2:45.6,大,15-15-14-13,38.9,262.9,14.0,500.0,4.0,[西]千田輝彦,河野和香子,0.0,2017103180,5429,1120,710002
202010020303,14,6,11,ヤマニンスープル,牝3,53.0,森裕太朗,2:45.7,3/4,15-15-13-14,39.1,282.3,15.0,400.0,-1.0,[西]西橋豊治,土井肇,0.0,2017103124,1165,434,329004
202010020303,15,1,2,ニシノシロフネ,牡3,56.0,松山弘平,2:52.3,大,2-3-15-15,44.1,42.1,9.0,482.0,4.0,[西]橋口慎介,西山茂行,0.0,2017102455,1126,1154,897009
202010020303,-1,8,15,ボヘミアンヒーロー,牡3,53.0,泉谷楓真,,,,,,,,,[西]森田直行,林正道,0.0,2017100472,1182,1142,675030
202010020304,1,6,11,スワーヴシールズ,セ3,56.0,幸英明,1:45.4,,1-1-1-1,37.6,2.7,2.0,478.0,-4.0,[西]昆貢,ＮＩＣＫＳ,510.0,2017106650,732,1044,887800
202010020304,2,3,6,ヴェルテックス,牡3,56.0,川田将雅,1:45.9,3,2-2-3-3,37.8,2.1,1.0,522.0,4.0,[西]池江泰寿,シルクレーシング,200.0,2017105356,1088,1071,506800
202010020304,3,5,9,オーバーリミット,牡3,56.0,北村友一,1:46.2,1.3/4,5-4-5-5,37.9,8.3,3.0,508.0,14.0,[西]音無秀孝,吉澤ホールディングス,130.0,2017106227,1102,1002,346803
202010020304,4,4,7,ヒメノジャッカル,牡3,56.0,福永祐一,1:46.7,3,5-4-5-5,38.4,20.5,5.0,454.0,-4.0,[西]庄野靖志,橋場勇二,77.0,2017100441,1014,1087,541008
202010020304,5,2,3,マルカブレーブ,牡3,56.0,国分優作,1:46.8,1/2,2-2-2-2,38.9,42.6,8.0,474.0,4.0,[西]松永昌博,日下部猛,51.0,2017101706,1125,1083,927033
202010020304,6,1,2,メイショウキンカク,牡3,56.0,松山弘平,1:47.0,1.1/2,4-4-3-4,38.8,9.3,4.0,450.0,-6.0,[西]上村洋行,松本好雄,0.0,2017100636,1126,1168,523005
202010020304,7,7,13,ネイプルスイエロー,牡3,56.0,松若風馬,1:47.0,アタマ,15-15-13-11,37.5,23.3,6.0,420.0,-6.0,[西]松下武士,社台レースホース,0.0,2017105142,1154,1149,415800
202010020304,8,7,14,ビービーファブル,牡3,56.0,小崎綾也,1:47.3,1.3/4,9-8-7-7,38.7,178.1,12.0,454.0,-4.0,[西]野中賢二,坂東勝彦,0.0,2017104341,1152,1098,974030
202010020304,9,1,1,メイショウドンド,牡3,56.0,鮫島良太,1:48.1,5,7-8-7-7,39.5,167.1,11.0,468.0,16.0,[西]長谷川浩,松本好雄,0.0,2017106022,1099,1173,523005
202010020304,10,8,15,ララペタンク,牡3,56.0,中井裕二,1:48.4,1.3/4,10-10-11-9,39.2,250.7,13.0,472.0,0.0,[西]坂口智康,フジイ興産,0.0,2017100575,1141,1170,851800
202010020304,11,6,12,アズマオウ,牡3,56.0,高倉稜,1:48.7,2,13-13-14-14,38.7,264.2,14.0,488.0,-2.0,[西]加用正,東哲次,0.0,2017100217,1130,425,903006
202010020304,12,5,10,マテラユウキ,牡3,56.0,藤岡康太,1:49.2,3,7-4-9-9,40.1,117.4,10.0,440.0,0.0,[西]浜田多実,大野照旺,0.0,2017103164,1116,1138,550033
202010020304,13,2,4,メイショウミカサ,牝3,51.0,泉谷楓真,1:49.3,クビ,10-10-11-11,40.1,271.3,15.0,450.0,-10.0,[西]飯田祐史,松本和子,0.0,2017102987,1182,1139,789006
202010020304,14,8,16,テイルウォーク,牡3,56.0,藤井勘一,1:49.5,1,13-14-9-11,40.4,28.3,7.0,504.0,0.0,[西]池江泰寿,金子真人ホールディングス,0.0,2017105515,5525,1071,708800
202010020304,15,3,5,レッドロジンカ,セ3,56.0,和田竜二,1:49.5,クビ,16-16-16-15,39.1,98.9,9.0,476.0,6.0,[西]音無秀孝,東京ホースレーシング,0.0,2017105388,1018,1002,180800
202010020304,16,4,8,ブルベアアンペア,牡3,55.0,森裕太朗,1:50.1,3.1/2,12-12-15-15,39.9,280.0,16.0,498.0,-14.0,[西]藤沢則雄,ブルアンドベア,0.0,2017105687,1165,1041,843800
202010020305,1,1,1,メイケイエール,牝2,54.0,福永祐一,1:09.4,,3-3,35.3,1.9,1.0,462.0,0.0,[西]武英智,名古屋競馬,700.0,2018105069,1014,1161,4800
202010020305,2,7,13,ペガサスウイング,牝2,54.0,北村友一,1:10.2,5,10-10,35.4,8.8,3.0,448.0,0.0,[西]中尾秀正,中野義一,280.0,2018104075,1102,1069,629002
202010020305,3,6,11,ライブリーキング,牡2,54.0,中井裕二,1:10.3,3/4,12-12,35.4,54.9,9.0,442.0,0.0,[西]湯窪幸雄,加藤哲郎,180.0,2018102490,1141,1057,849009
202010020305,4,5,9,シュルレアリスト,牡2,54.0,川田将雅,1:10.4,クビ,6-5,36.1,4.1,2.0,430.0,0.0,[西]清水久詞,Ｇ１レーシング,110.0,2018105469,1088,1110,808800
202010020305,5,8,16,アンドロイド,牝2,54.0,川須栄彦,1:10.7,2,10-10,36.0,29.7,7.0,406.0,0.0,[西]寺島良,高嶋祐子,70.0,2018103410,1128,1158,361030
202010020305,6,4,7,タイセイレガリア,牡2,54.0,松山弘平,1:10.7,アタマ,14-13,34.9,11.4,4.0,458.0,0.0,[西]西村真幸,田中成奉,0.0,2018105242,1126,1148,224007
202010020305,7,1,2,ハルキジェイソウル,牝2,54.0,鮫島克駿,1:10.8,1/2,1-1,36.9,18.7,5.0,430.0,0.0,[西]浅見秀一,若草クラブ,0.0,2018102618,1157,411,43700
202010020305,8,3,5,ラルフ,牡2,54.0,城戸義政,1:11.0,1.1/2,7-7,36.6,161.0,13.0,492.0,0.0,[西]荒川義之,東海林貴大,0.0,2018101722,1147,1095,334031
202010020305,9,2,3,スパークリングアイ,牡2,54.0,秋山真一,1:11.1,1/2,2-2,37.1,27.2,6.0,496.0,0.0,[西]大根田裕,奥裕嗣,0.0,2018102477,1019,1032,548033
202010020305,10,7,14,ジョイフルラブ,牝2,54.0,川又賢治,1:11.3,1.1/2,3-5,37.2,171.1,14.0,442.0,0.0,[西]安達昭夫,堀口晴男,0.0,2018100855,1166,1042,407033
202010020305,11,2,4,クリノソワカ,牡2,54.0,松若風馬,1:11.4,1/2,3-3,37.3,73.9,12.0,482.0,0.0,[西]森田直行,栗本博晴,0.0,2018106660,1154,1142,970006
202010020305,12,5,10,スターオブドーレ,牡2,54.0,原田和真,1:11.7,2,7-7,37.2,218.5,16.0,444.0,0.0,[西]田所秀孝,光安了,0.0,2018100907,1143,1009,791033
202010020305,13,8,15,ライヴワッフル,牝2,54.0,和田竜二,1:12.2,3,7-7,37.8,71.7,11.0,406.0,0.0,[西]浜田多実,澤田孝之,0.0,2018106107,1018,1138,214033
202010020305,14,4,8,エスケイダンサー,牝2,54.0,藤岡康太,1:12.8,3.1/2,15-16,36.6,186.6,15.0,434.0,0.0,[西]西浦勝一,伊藤輔則,0.0,2018103153,1116,1016,139031
202010020305,15,3,6,エイユーグローバル,牡2,54.0,田中健,1:13.0,1.1/4,13-14,37.5,59.1,10.0,464.0,0.0,[西]川村禎彦,笹部和子,0.0,2018106142,1114,1003,589007
202010020305,16,8,17,ハンマーモンスター,牡2,54.0,国分恭介,1:13.1,1/2,15-14,37.0,348.0,17.0,418.0,0.0,[西]田所秀孝,副島義久,0.0,2018106124,1124,1009,297007
202010020305,17,6,12,ブーゲンビリア,牝2,51.0,泉谷楓真,1:13.1,ハナ,17-17,36.7,54.4,8.0,420.0,0.0,[西]平田修,飯田良枝,0.0,2018104087,1182,1082,669007
202010020306,1,1,1,ダノンハーロック,牡2,54.0,北村友一,1:47.3,,1-1-2-2,39.5,6.2,4.0,526.0,0.0,[西]音無秀孝,ダノックス,700.0,2018105235,1102,1002,619800
202010020306,2,7,14,ゴールドジャーニー,牝2,54.0,川田将雅,1:48.1,5,4-5-4-4,39.6,2.6,1.0,448.0,0.0,[西]平田修,吉田和美,280.0,2018105307,1088,1082,138007
202010020306,3,7,13,ビシャモンテン,牡2,54.0,幸英明,1:48.1,クビ,2-2-3-3,39.9,5.4,3.0,486.0,0.0,[西]吉村圭司,市川義美ホールディングス,180.0,2018101370,732,1130,10803
202010020306,4,3,6,ベリエドール,牡2,54.0,武豊,1:48.3,1,9-2-1-1,40.7,4.9,2.0,546.0,0.0,[西]池江泰寿,社台レースホース,110.0,2018105568,666,1071,415800
202010020306,5,6,12,タガノチュール,牡2,54.0,太宰啓介,1:49.0,4,12-12-8-7,39.4,40.8,7.0,452.0,0.0,[西]西園正都,八木良司,70.0,2018101946,1037,1028,859002
202010020306,6,8,15,サヴァ,牡2,54.0,福永祐一,1:49.1,1/2,7-6-6-6,40.0,11.1,5.0,502.0,0.0,[西]上村洋行,藤田孟司,0.0,2018103223,1014,1168,260006
202010020306,7,8,16,メイショウデージー,牝2,54.0,松若風馬,1:49.3,1.1/4,3-2-4-4,40.9,16.0,6.0,490.0,0.0,[西]浅見秀一,松本好雄,0.0,2018106459,1154,411,523005
202010020306,8,2,4,バイス,牡2,54.0,鮫島克駿,1:50.1,5,9-10-10-10,39.8,59.3,11.0,502.0,0.0,[西]川村禎彦,ケーエスＨＤ,0.0,2018101590,1157,1003,334803
202010020306,9,5,10,サワヤカコーズサン,牡2,54.0,城戸義政,1:50.9,5,16-16-14-12,39.3,319.3,16.0,458.0,0.0,[西]西橋豊治,永井啓弍,0.0,2018105583,1147,434,382004
202010020306,10,2,3,ツーエムタイガー,牡2,54.0,鮫島良太,1:51.1,1,7-9-8-8,41.4,56.7,10.0,430.0,0.0,[西]高柳大輔,水谷昌晃,0.0,2018106803,1099,1159,616030
202010020306,11,1,2,クリノハーベスト,牡2,54.0,酒井学,1:51.4,1.3/4,4-6-7-8,42.0,134.0,13.0,478.0,0.0,[西]高橋康之,栗本博晴,0.0,2018100857,1034,1135,970006
202010020306,12,3,5,クリノエトワール,牡2,54.0,荻野極,1:52.4,6,14-14-15-14,40.6,133.1,12.0,436.0,0.0,[西]谷潔,栗本守,0.0,2018101448,1160,431,488007
202010020306,13,4,7,マンタナ,牡2,54.0,和田竜二,1:53.1,4,12-12-13-12,41.8,56.4,9.0,476.0,0.0,[西]新谷功一,田中俊彰,0.0,2018103283,1018,1172,126031
202010020306,14,5,9,ブルーサンダー,牡2,54.0,藤岡康太,1:54.0,5,15-15-16-16,41.3,47.6,8.0,446.0,0.0,[西]大久保龍,中辻明,0.0,2018102080,1116,1058,646030
202010020306,15,4,8,サウンドウイッシュ,牡2,54.0,川又賢治,1:55.9,大,9-10-11-11,45.2,227.1,14.0,494.0,0.0,[西]安達昭夫,増田雄一,0.0,2018106531,1166,1042,168006
202010020306,16,6,11,ヒロファイタ,牡2,54.0,国分恭介,1:57.6,大,4-6-11-14,46.9,252.4,15.0,460.0,0.0,[西]川村禎彦,石川博,0.0,2018101598,1124,1003,752006
202010020307,1,7,15,スノーテーラー,牝3,54.0,川田将雅,1:08.3,,2-2,35.2,2.1,1.0,424.0,-10.0,[西]飯田雄三,中西浩一,510.0,2017100240,1088,1050,730002
202010020307,2,7,14,シゲルフォボス,牡3,56.0,酒井学,1:08.7,2.1/2,1-1,35.8,5.5,2.0,478.0,6.0,[西]大橋勇樹,森中蕃,200.0,2017100246,1034,1065,674004
202010020307,3,7,13,メイショウホルス,牡3,53.0,泉谷楓真,1:08.9,1.1/2,9-9,35.3,88.2,12.0,492.0,0.0,[西]本田優,松本好雄,130.0,2017106325,1182,1099,523005
202010020307,4,6,11,ジャストポケット,牝3,54.0,田中健,1:08.9,ハナ,7-4,35.5,11.9,5.0,496.0,-8.0,[西]松下武士,ターフ・スポート,77.0,2017103175,1114,1149,102800
202010020307,5,3,5,ゼットグローリ,牝3,53.0,富田暁,1:08.9,ハナ,13-11,34.8,18.1,7.0,444.0,-2.0,[西]池添兼雄,フォーレスト,51.0,2017104071,1168,1021,730800
202010020307,6,4,7,マルガリーテース,牝3,54.0,松山弘平,1:09.2,1.3/4,7-4,35.8,10.2,4.0,474.0,4.0,[西]中竹和也,前田幸貴,0.0,2017101813,1126,1039,117031
202010020307,7,5,10,ヒルノパルマ,牝3,54.0,太宰啓介,1:09.4,1,18-16,35.0,83.4,11.0,424.0,0.0,[西]昆貢,ヒルノ,0.0,2017106212,1037,1044,823800
202010020307,8,8,18,メイショウバイラン,牝3,54.0,幸英明,1:09.4,ハナ,3-2,36.2,43.5,9.0,432.0,-4.0,[西]大橋勇樹,松本好雄,0.0,2017106324,732,1065,523005
202010020307,9,5,9,タイズオブハート,牝3,54.0,和田竜二,1:09.4,アタマ,11-11,35.6,17.9,6.0,444.0,0.0,[西]森田直行,キャロットファーム,0.0,2017105390,1018,1142,486800
202010020307,10,8,17,アモーレバローズ,牝3,54.0,浜中俊,1:09.4,アタマ,13-13,35.3,100.6,13.0,504.0,6.0,[西]石坂正,猪熊広次,0.0,2017103998,1115,1022,859007
202010020307,11,2,4,バトルオブアルマダ,牡3,56.0,荻野極,1:09.5,1/2,12-13,35.5,18.4,8.0,500.0,-10.0,[西]松永幹夫,吉田勝己,0.0,2017105603,1160,1092,790005
202010020307,12,6,12,ソイル,牡3,56.0,川須栄彦,1:09.8,1.3/4,17-18,35.5,306.0,17.0,486.0,4.0,[西]北出成人,ローレルレーシング,0.0,2017103369,1128,1078,32800
202010020307,13,1,2,ダイアナマロン,牝3,54.0,国分恭介,1:09.8,クビ,9-10,36.1,192.9,14.0,458.0,6.0,[西]大根田裕,駒秀,0.0,2017105889,1124,1032,436800
202010020307,14,3,6,メイショウポピンズ,牝3,54.0,鮫島良太,1:09.9,クビ,16-15,35.7,409.5,18.0,440.0,-6.0,[西]牧浦充徳,松本好雄,0.0,2017106092,1099,1113,523005
202010020307,15,2,3,メイショウコホク,牡3,56.0,藤岡康太,1:09.9,クビ,6-6,36.6,5.8,3.0,510.0,-10.0,[西]藤岡健一,松本好雄,0.0,2017106373,1116,1062,523005
202010020307,16,4,8,メイショウモクレン,牝3,53.0,森裕太朗,1:10.0,クビ,13-16,35.9,255.8,15.0,430.0,-1.0,[西]高橋義忠,松本和子,0.0,2017102433,1165,1129,789006
202010020307,17,8,16,ヌーヴォーロジェ,牝3,54.0,高倉稜,1:10.3,1.3/4,3-7,37.1,287.9,16.0,470.0,4.0,[西]牧浦充徳,河村祥史,0.0,2017105724,1130,1113,889006
202010020307,18,1,1,マッシリア,牡3,56.0,和田翼,1:12.0,大,3-7,38.8,78.8,10.0,452.0,-20.0,[西]橋田満,森田藤治,0.0,2017103500,1146,362,34009
202010020308,1,1,1,ジョウショーリード,牝3,52.0,国分恭介,1:45.6,,4-3-4-3,37.4,15.7,8.0,474.0,18.0,[西]服部利之,熊田義孝,760.0,2017101334,1124,1040,380008
202010020308,2,5,10,シホノレジーナ,牝3,52.0,浜中俊,1:45.6,ハナ,3-3-2-2,37.6,3.7,2.0,494.0,2.0,[西]寺島良,村瀬寛紀,300.0,2017104622,1115,1158,262033
202010020308,3,6,11,ラボンダンス,牝3,52.0,松山弘平,1:45.6,クビ,9-7-10-5,37.1,26.4,11.0,492.0,2.0,[西]橋口慎介,ノースヒルズ,190.0,2017101816,1126,1154,788800
202010020308,4,4,8,カグラヒメ,牝4,55.0,藤岡康太,1:45.6,アタマ,8-7-4-3,37.4,3.1,1.0,468.0,6.0,[西]昆貢,ノルマンディーサラブレッドレーシング,110.0,2016103188,1116,1044,854800
202010020308,5,5,9,ラヴォアドゥース,牝3,52.0,鮫島克駿,1:46.6,6,9-10-10-6,38.1,12.4,5.0,460.0,-6.0,[西]渡辺薫彦,Ｇ１レーシング,76.0,2017105133,1157,1155,808800
202010020308,6,1,2,キララアモーレ,牝4,55.0,松若風馬,1:46.7,1/2,1-1-1-1,38.8,92.5,14.0,488.0,12.0,[西]今野貞一,吉澤ホールディングス,0.0,2016102009,1154,1128,346803
202010020308,7,6,12,メイショウミチノク,牝4,55.0,太宰啓介,1:46.7,ハナ,13-13-13-9,37.8,14.7,7.0,466.0,-2.0,[西]高橋亮,松本好雄,0.0,2016102305,1037,1136,523005
202010020308,8,2,4,レッドモアナ,牝4,55.0,北村友一,1:47.0,2,13-13-14-9,37.8,32.3,12.0,432.0,-10.0,[西]坂口智康,東京ホースレーシング,0.0,2016104687,1102,1170,180800
202010020308,9,4,7,エスキシータ,牝4,55.0,荻野極,1:47.2,1,4-5-4-6,39.0,124.4,16.0,486.0,14.0,[西]吉岡辰弥,吉田晴哉,0.0,2016104267,1160,1176,231033
202010020308,10,3,6,テーオーパートナー,牝5,55.0,川須栄彦,1:47.3,クビ,15-16-16-14,37.7,100.7,15.0,472.0,8.0,[西]笹田和秀,小笹公也,0.0,2015102694,1128,1104,304008
202010020308,11,3,5,サルトアトランテ,牝4,55.0,福永祐一,1:47.3,アタマ,15-15-14-14,38.2,14.2,6.0,460.0,0.0,[西]西園正都,シルクレーシング,0.0,2016104481,1014,1028,506800
202010020308,12,7,13,ホットミスト,牝3,52.0,秋山真一,1:48.1,5,4-7-10-13,39.5,12.3,4.0,478.0,2.0,[西]安田隆行,ゴドルフィン,0.0,2017106558,1019,438,3060
202010020308,13,8,15,アイスヴィスタ,牝3,52.0,鮫島良太,1:49.4,8,12-11-4-9,41.2,9.2,3.0,470.0,2.0,[西]高柳大輔,村上憲政,0.0,2017103341,1099,1159,894030
202010020308,14,8,16,ワタシノワルツ,牝4,55.0,長岡禎仁,1:49.6,1,11-12-9-14,41.3,24.0,10.0,522.0,10.0,[西]新谷功一,ライオンレースホース,0.0,2016101648,1142,1172,542800
202010020308,15,2,3,ブールバール,牝4,55.0,幸英明,1:50.0,2.1/2,2-2-2-6,42.0,22.2,9.0,464.0,6.0,[西]大久保龍,寺田寿男,0.0,2016104865,732,1058,866006
202010020308,16,7,14,ミヤラビランド,牝6,55.0,国分優作,1:50.0,クビ,4-5-4-9,41.8,85.4,13.0,470.0,-2.0,[西]大根田裕,石瀬浩三,0.0,2014100182,1125,1032,812008
202010020309,1,6,7,オールザワールド,牡3,54.0,松山弘平,1:59.8,,5-5-4-1,35.5,4.3,2.0,462.0,-10.0,[西]中竹和也,前田晋二,1090.1,2017105248,1126,1039,41002
202010020309,2,3,3,ラヴィンフォール,牝3,52.0,藤岡康太,2:00.0,1.1/2,9-9-10-9,35.4,38.8,8.0,488.0,-6.0,[西]友道康夫,大塚亮一,428.6,2017105301,1116,1061,858800
202010020309,3,6,6,ウィズダイヤモンズ,牝3,52.0,和田竜二,2:00.0,ハナ,8-8-7-5,35.5,7.4,4.0,410.0,6.0,[西]宮徹,サラブレッドクラブ・ラフィアン,274.3,2017101905,1018,1018,546800
202010020309,4,1,1,アステロイドベルト,牡3,54.0,川田将雅,2:00.2,1,5-5-6-7,35.8,1.9,1.0,480.0,-4.0,[西]池江泰寿,キャロットファーム,160.0,2017105321,1088,1071,486800
202010020309,5,7,9,シャイニングデイズ,牡4,57.0,北村友一,2:00.2,ハナ,11-11-11-11,35.1,32.6,7.0,472.0,-4.0,[西]須貝尚介,杉山忠国,106.0,2016101457,1102,1105,53803
202010020309,6,8,10,クリノオウジャ,牡4,57.0,武豊,2:00.4,1.1/4,10-9-7-2,35.9,10.2,5.0,434.0,-8.0,[西]高橋義忠,栗本守,0.0,2016102102,666,1129,488007
202010020309,7,5,5,マイレリーフ,牝3,52.0,田中健,2:00.4,クビ,5-5-7-9,35.9,49.0,9.0,438.0,12.0,[西]荒川義之,兼松忠男,0.0,2017104729,1114,1095,840008
202010020309,8,2,2,リノキアナ,牝3,52.0,秋山真一,2:00.5,クビ,4-3-4-7,36.2,7.1,3.0,442.0,14.0,[西]谷潔,松岡雅昭,0.0,2017100006,1019,431,279009
202010020309,9,7,8,エスピリトゥオーゾ,牡6,57.0,幸英明,2:01.3,5,3-3-2-2,37.1,23.2,6.0,478.0,-8.0,[西]木原一良,名古屋友豊,0.0,2014100116,732,1033,463800
202010020309,10,4,4,フェルカド,牡3,54.0,富田暁,2:02.4,7,2-2-2-4,38.2,178.5,10.0,466.0,2.0,[西]角田晃一,キャロットファーム,0.0,2017104967,1168,1121,486800
202010020309,11,8,11,トゥプエデス,牡4,57.0,酒井学,2:03.9,9,1-1-1-5,39.8,236.3,11.0,450.0,-6.0,[西]高橋康之,佐藤理,0.0,2016103067,1034,1135,380033
202010020310,1,8,10,アドマイヤジョラス,牡6,57.0,川田将雅,1:46.5,,3-3-3-3,34.8,2.5,1.0,488.0,-2.0,[西]梅田智之,近藤旬子,1524.5,2014106447,1088,1084,535031
202010020310,2,7,9,エイシンルカーノ,牡6,57.0,和田竜二,1:46.7,1.1/4,2-2-2-2,35.8,5.9,3.0,484.0,4.0,[西]渡辺薫彦,栄進堂,607.0,2014101349,1018,1155,785800
202010020310,3,4,4,ナイトバナレット,牡6,57.0,松若風馬,1:47.1,2.1/2,11-11-11-10,34.3,12.8,6.0,482.0,-6.0,[西]矢作芳人,シルクレーシング,383.5,2014106049,1154,1075,506800
202010020310,4,6,7,デクレアラー,牡5,57.0,松山弘平,1:47.1,ハナ,7-7-5-5,34.8,4.9,2.0,474.0,-8.0,[西]鮫島一歩,Ｇ１レーシング,230.0,2015104209,1126,1046,808800
202010020310,5,8,11,ゼンノジャスタ,牡3,54.0,田中健,1:47.2,3/4,4-4-4-4,35.1,22.6,8.0,458.0,-6.0,[西]浅見秀一,大迫久美子,150.0,2017101367,1114,411,52803
202010020310,6,7,8,ギャツビー,牡7,57.0,幸英明,1:47.3,クビ,1-1-1-1,36.6,17.0,7.0,464.0,4.0,[西]鮫島一歩,ＣＨＥＶＡＬＡＴＴＡＣＨＥ,0.0,2013103153,732,1046,888800
202010020310,7,2,2,ヤマカツパトリシア,牝3,52.0,鮫島克駿,1:47.7,2.1/2,4-4-5-5,35.4,8.0,5.0,442.0,-2.0,[西]池添学,山田博康,0.0,2017104086,1157,1144,240005
202010020310,8,6,6,ナリス,牝4,55.0,藤岡康太,1:47.9,1,9-9-8-7,35.4,6.6,4.0,478.0,2.0,[西]今野貞一,萩英男,0.0,2016103398,1116,1128,421005
202010020310,9,1,1,レイトブルーミング,牝4,55.0,国分優作,1:47.9,クビ,7-7-10-7,35.3,107.8,10.0,442.0,0.0,[西]松下武士,ジーホース,0.0,2016103710,1125,1149,338803
202010020310,10,3,3,タイクーンバゴ,牡3,54.0,国分恭介,1:48.5,3.1/2,6-6-7-7,36.1,128.0,11.0,480.0,-6.0,[西]浜田多実,槇本牧場,0.0,2017100904,1124,1138,405800
202010020310,11,5,5,ヴィント,牡4,57.0,酒井学,1:49.0,3,9-9-8-10,36.5,61.0,9.0,526.0,0.0,[西]千田輝彦,平山靖,0.0,2016103962,1034,1120,55803
202010020311,1,7,9,フェルトベルク,牝6,55.0,藤懸貴志,1:07.6,,11-11,34.3,80.7,11.0,450.0,-2.0,[西]荒川義之,加藤徹,1847.3,2014103559,1138,1095,36006
202010020311,2,8,10,カレンモエ,牝4,55.0,鮫島克駿,1:07.6,アタマ,3-3,35.2,1.8,1.0,466.0,2.0,[西]安田隆行,鈴木隆司,737.8,2016104989,1157,438,869006
202010020311,3,5,5,ジュランビル,牝4,55.0,和田竜二,1:07.7,3/4,8-8,34.9,4.6,2.0,456.0,-12.0,[西]寺島良,村上稔,463.9,2016100794,1018,1158,870004
202010020311,4,8,11,ワールドフォーラブ,牝6,55.0,松若風馬,1:07.9,1.1/4,5-5,35.3,24.6,6.0,470.0,2.0,[西]音無秀孝,吉澤ホールディングス,270.0,2014102930,1154,1002,346803
202010020311,5,6,7,ビアイ,牝3,52.0,原田和真,1:08.0,1/2,8-8,35.2,5.5,3.0,484.0,0.0,[西]田所秀孝,副島義久,182.0,2017106264,1143,1009,297007
202010020311,6,7,8,コンパウンダー,牡5,57.0,秋山真一,1:08.0,アタマ,10-8,34.9,11.8,4.0,456.0,2.0,[西]石橋守,ゴドルフィン,0.0,2015101571,1019,1140,3060
202010020311,7,6,6,バーニングペスカ,牡5,57.0,森一馬,1:08.1,クビ,5-5,35.5,32.9,10.0,472.0,4.0,[西]松永昌博,山田信太郎,0.0,2015103374,1139,1083,417030
202010020311,8,4,4,アダムバローズ,牡6,57.0,浜中俊,1:08.5,2.1/2,2-2,36.2,21.3,5.0,520.0,12.0,[西]角田晃一,猪熊広次,0.0,2014104968,1115,1121,859007
202010020311,9,1,1,アテンフラワー,牝5,55.0,川又賢治,1:08.7,1.1/2,3-3,36.2,26.5,7.0,480.0,4.0,[西]牧浦充徳,マークス,0.0,2015103446,1166,1113,344803
202010020311,10,3,3,ラフィングマッチ,牡5,57.0,太宰啓介,1:09.0,1.3/4,1-1,36.8,29.6,9.0,502.0,16.0,[西]北出成人,ノースヒルズ,0.0,2015100672,1037,1078,788800
202010020311,11,2,2,コウエイダリア,牝6,55.0,富田暁,1:09.1,1/2,7-5,36.4,29.5,8.0,500.0,2.0,[西]新谷功一,伊東政清,0.0,2014102359,1168,1172,495005
202010020312,1,8,14,ファビュラスギフト,牝4,54.0,富田暁,0:58.2,,1-1,35.9,27.3,8.0,476.0,12.0,[西]武英智,グリーンファーム,1100.0,2016105174,1168,1161,148800
202010020312,2,5,8,イッシン,牡3,54.0,鮫島克駿,0:58.3,3/4,2-2,35.8,1.9,1.0,542.0,-14.0,[西]浅見秀一,林正道,440.0,2017110145,1157,411,675030
202010020312,3,6,10,ラブリーハッチ,牝3,52.0,国分恭介,0:58.4,1/2,2-2,35.8,28.6,9.0,472.0,0.0,[西]浜田多実,浜田吉通,280.0,2017104996,1124,1138,781006
202010020312,4,1,1,メイショウソウビ,セ6,57.0,幸英明,0:58.6,1.1/4,4-4,35.8,4.8,2.0,478.0,4.0,[西]飯田祐史,松本好雄,170.0,2014103798,732,1139,523005
202010020312,5,3,3,シルバークレイン,牝4,55.0,太宰啓介,0:58.6,クビ,7-6,35.6,59.1,13.0,460.0,4.0,[西]羽月友彦,山上和良,110.0,2016106305,1037,1091,851007
202010020312,6,7,11,クラシコ,牡8,57.0,松若風馬,0:58.7,1/2,12-12,35.4,15.5,6.0,512.0,-6.0,[西]橋口慎介,林正道,0.0,2012104581,1154,1154,675030
202010020312,7,6,9,モンテルース,牝5,55.0,藤懸貴志,0:58.8,クビ,9-9,35.7,37.1,11.0,480.0,5.0,[西]杉山晴紀,高昭牧場,0.0,2015103590,1138,1157,117800
202010020312,8,3,4,ノボリレーヴ,牝5,55.0,高倉稜,0:58.8,アタマ,10-10,35.6,15.6,7.0,456.0,6.0,[西]松永昌博,原田豊,0.0,2015102989,1130,1083,945006
202010020312,9,5,7,アールロッソ,牝4,55.0,川須栄彦,0:58.8,アタマ,12-13,35.4,13.2,3.0,490.0,2.0,[西]松下武士,前原敏行,0.0,2016106425,1128,1149,427030
202010020312,10,4,5,ロイヤルバローズ,牡5,57.0,藤井勘一,0:58.8,アタマ,6-6,35.9,38.7,12.0,462.0,0.0,[西]角居勝彦,猪熊広次,0.0,2015101341,5525,1053,859007
202010020312,11,2,2,スターペスマリア,牝6,55.0,長岡禎仁,0:58.9,1/2,14-13,35.4,14.5,4.0,496.0,4.0,[西]石橋守,河野和香子,0.0,2014100820,1142,1140,710002
202010020312,12,4,6,サンライズフルメン,牡5,54.0,泉谷楓真,0:59.0,クビ,10-10,35.8,70.4,14.0,504.0,14.0,[西]新谷功一,松岡隆雄,0.0,2015101402,1182,1172,306008
202010020312,13,7,12,アスカノダイチ,牡4,57.0,和田竜二,0:59.7,4,7-6,36.7,37.1,10.0,518.0,-6.0,[西]川村禎彦,豊田智郎,0.0,2016106381,1018,1003,489007
202010020312,14,8,13,モズベイビー,牡4,57.0,藤岡康太,0:59.8,3/4,4-4,37.0,15.2,5.0,514.0,4.0,[西]牧浦充徳,キャピタル・システム,0.0,2016103713,1116,1113,5803
202010020402,1,2,2,アンジュマリッシュ,牝2,54.0,福永祐一,1:10.3,,5-4,35.5,4.3,1.0,426.0,8.0,[西]上村洋行,サンデーレーシング,510.0,2018105001,1014,1168,226800
202010020402,2,5,7,シューラヴァラ,牡2,54.0,和田竜二,1:10.3,クビ,8-8,35.2,5.6,3.0,438.0,-10.0,[西]川村禎彦,高原将浩,200.0,2018104129,1018,1003,936033
202010020402,3,6,8,ウェーブメジャー,牡2,54.0,北村友一,1:10.4,3/4,3-2,35.7,9.3,6.0,460.0,0.0,[西]中尾秀正,万波健二,130.0,2018103087,1102,1069,786002
202010020402,4,7,11,トーアアネラ,牝2,54.0,小崎綾也,1:10.4,ハナ,7-6,35.4,11.5,7.0,458.0,-12.0,[西]牧田和弥,高山ランド,77.0,2018105743,1152,1123,784800
202010020402,5,4,5,ココクラッシュ,牝2,54.0,川田将雅,1:10.4,ハナ,5-6,35.5,5.4,2.0,416.0,-8.0,[西]梅田智之,大塚亮一,51.0,2018106319,1088,1084,858800
202010020402,6,8,13,ジョウショーキウン,牡2,54.0,国分恭介,1:10.5,クビ,9-9,35.1,52.2,9.0,400.0,-6.0,[西]服部利之,熊田義孝,0.0,2018102104,1124,1040,380008
202010020402,7,8,12,ヴォスペランツァ,牡2,54.0,松若風馬,1:10.8,1.3/4,10-10,35.3,94.3,12.0,460.0,4.0,[西]加用正,ディアレストクラブ,0.0,2018100783,1154,425,13803
202010020402,8,7,10,クムリポ,牡2,54.0,酒井学,1:10.9,クビ,3-2,36.2,23.6,8.0,454.0,-6.0,[西]西園正都,錦岡牧場,0.0,2018102005,1034,1028,425800
202010020402,9,3,3,タイセイエクセル,牝2,52.0,藤田菜七,1:11.2,2,1-1,36.6,5.6,4.0,464.0,8.0,[西]西村真幸,田中成奉,0.0,2018106372,1164,1148,224007
202010020402,10,1,1,コウユーダンサー,牡2,54.0,藤懸貴志,1:11.8,3.1/2,10-11,36.2,155.1,13.0,460.0,0.0,[西]斉藤崇史,加治屋貞光,0.0,2018109121,1138,1151,116033
202010020402,11,4,4,シゲルジョウム,牝2,54.0,秋山真一,1:12.1,1.3/4,2-4,37.5,8.6,5.0,454.0,0.0,[西]谷潔,森中蕃,0.0,2018100030,1019,431,674004
202010020402,12,6,9,ニシノサラマ,牡2,54.0,原田和真,1:12.4,2,12-12,36.3,90.2,11.0,438.0,-12.0,[東]小桧山悟,西山茂行,0.0,2018106062,1143,1005,897009
202010020402,13,5,6,ケンジェネシス,牡2,54.0,幸英明,1:13.4,6,13-12,37.2,68.6,10.0,478.0,6.0,[西]大根田裕,中西宏彰,0.0,2018103099,732,1032,912002
202010020403,1,4,7,アマノエリザベート,牝3,54.0,藤岡康太,1:45.7,,5-5-4-4,37.4,17.1,7.0,478.0,0.0,[西]中竹和也,中村孝,510.0,2017103149,1116,1039,933006
202010020403,2,3,6,ウォーターラーテル,牝3,54.0,武豊,1:45.7,クビ,3-3-2-2,37.5,3.0,1.0,494.0,0.0,[西]河内洋,山岡正人,200.0,2017103134,666,1072,312006
202010020403,3,6,11,ルナソルガール,牝3,54.0,和田竜二,1:45.8,クビ,9-9-7-6,37.4,3.6,2.0,498.0,-4.0,[西]安田翔伍,雅苑興業,130.0,2017106383,1018,1164,879800
202010020403,4,5,10,レインボーメイプル,牝3,54.0,鮫島克駿,1:45.9,3/4,1-1-1-1,37.9,54.2,10.0,480.0,10.0,[西]奥村豊,大島豊彦,77.0,2017104709,1157,1146,620033
202010020403,5,4,8,マヌイーア,牝3,52.0,藤田菜七,1:46.2,1.3/4,12-12-11-10,37.2,37.0,9.0,422.0,2.0,[西]笹田和秀,青山洋一,51.0,2017100619,1164,1104,15008
202010020403,6,7,14,ヒロイン,牝3,54.0,松山弘平,1:46.3,3/4,2-2-2-2,38.2,5.1,3.0,522.0,11.0,[西]大久保龍,寺田寿男,0.0,2017105486,1126,1058,866006
202010020403,7,1,1,シンフェイス,牝3,54.0,秋山真一,1:46.4,3/4,7-7-8-8,37.8,13.6,6.0,446.0,-2.0,[西]武幸四郎,ＳＴレーシング,0.0,2017102461,1019,1160,874033
202010020403,8,6,12,ブルーアズール,牝3,54.0,浜中俊,1:46.5,1/2,10-10-10-9,37.7,59.2,11.0,422.0,-6.0,[西]石坂正,飯田正剛,0.0,2017103857,1115,1022,994002
202010020403,9,8,16,ホワイトブレス,牝3,54.0,小牧太,1:46.6,1/2,7-7-4-6,38.3,10.9,5.0,452.0,0.0,[西]笹田和秀,浅川昌彦,0.0,2017101394,894,1104,905007
202010020403,10,1,2,テゴナ,牝3,54.0,幸英明,1:46.9,2,3-4-4-4,38.6,10.2,4.0,522.0,12.0,[西]西浦勝一,Ｇリビエール・レーシング,0.0,2017106241,732,1016,98803
202010020403,11,3,5,シャンテリー,牝3,54.0,松若風馬,1:47.5,3.1/2,14-13-12-11,38.2,177.6,14.0,418.0,-4.0,[西]高橋義忠,中村祐子,0.0,2017102401,1154,1129,373008
202010020403,12,7,13,トレボウソレイユ,牝3,54.0,鮫島良太,1:47.6,クビ,11-11-12-12,38.3,162.8,13.0,438.0,-6.0,[西]平田修,松岡隆雄,0.0,2017101215,1099,1082,306008
202010020403,13,8,15,モレキュール,牝3,54.0,北村友一,1:47.8,1.1/4,5-5-9-12,39.1,27.6,8.0,442.0,0.0,[西]石坂正,杉山忠国,0.0,2017102692,1102,1022,53803
202010020403,14,2,3,キーコーズウェイ,牝3,51.0,泉谷楓真,1:47.9,3/4,13-13-12-12,38.5,80.2,12.0,468.0,0.0,[西]橋田満,ヒダカ・ブリーダーズ・ユニオン,0.0,2017103478,1182,362,547800
202010020403,15,5,9,クリノユースフル,牝3,53.0,森裕太朗,1:47.9,クビ,15-15-15-15,38.2,187.1,16.0,422.0,-14.0,[西]藤沢則雄,栗本博晴,0.0,2017100933,1165,1041,970006
202010020403,-1,2,4,メイショウカムナビ,牝3,54.0,太宰啓介,,,,,,,,,[西]池添兼雄,松本和子,0.0,2017106328,1037,1021,789006
202010020404,1,8,18,ピンクレガシー,牝3,54.0,藤岡康太,2:03.2,,14-14-11-9,36.6,77.8,15.0,432.0,2.0,[西]藤岡健一,グリーンファーム,510.0,2017104861,1116,1062,148800
202010020404,2,8,17,アドマイヤパンドラ,牝3,54.0,川田将雅,2:03.2,クビ,2-2-2-2,37.3,4.1,2.0,456.0,-4.0,[西]須貝尚介,近藤旬子,200.0,2017105333,1088,1105,535031
202010020404,3,5,10,ワイワイキング,牡3,56.0,幸英明,2:03.3,1/2,3-4-5-3,37.2,2.4,1.0,466.0,-4.0,[西]矢作芳人,廣崎利洋ＨＤ,130.0,2017105062,732,1075,37803
202010020404,4,3,5,マグニフィクス,牡3,56.0,菱田裕二,2:03.3,アタマ,17-17-15-12,36.3,24.6,7.0,488.0,4.0,[西]松下武士,社台レースホース,77.0,2017104880,1144,1149,415800
202010020404,5,1,1,タガノグランサム,牡3,56.0,藤井勘一,2:03.5,1.1/4,8-8-9-9,37.0,15.8,5.0,486.0,-4.0,[西]鮫島一歩,八木良司,51.0,2017101723,5525,1046,859002
202010020404,6,7,13,ショウナンワンガン,牡3,56.0,国分優作,2:03.6,3/4,9-8-7-6,37.4,30.6,10.0,478.0,2.0,[西]西園正都,国本哲秀,0.0,2017105659,1125,1028,331002
202010020404,7,2,4,メイショウヒトハル,牝3,54.0,古川吉洋,2:03.8,1.1/4,1-1-1-1,38.1,18.4,6.0,466.0,6.0,[西]荒川義之,松本好雄,0.0,2017106390,1015,1095,523005
202010020404,8,7,15,ノーブルプリンセス,牝3,54.0,高倉稜,2:03.9,3/4,11-11-11-13,37.3,51.4,12.0,446.0,0.0,[西]宮本博,吉木伸彦,0.0,2017102312,1130,1073,755030
202010020404,9,5,9,ルーラーザクイーン,牝3,52.0,藤田菜七,2:04.0,クビ,15-15-15-15,37.0,75.1,14.0,468.0,-4.0,[西]高橋康之,サイプレスホールディングス,0.0,2017105951,1164,1135,15803
202010020404,10,3,6,サンライズデヴォン,セ3,53.0,泉谷楓真,2:04.1,1/2,17-17-18-17,36.4,294.9,18.0,440.0,-22.0,[西]河内洋,松岡隆雄,0.0,2017100383,1182,1072,306008
202010020404,11,1,2,マロニエコマン,牝3,54.0,北村友一,2:04.1,ハナ,9-10-9-9,37.7,28.6,8.0,456.0,4.0,[西]高柳大輔,吉田照哉,0.0,2017104954,1102,1159,758005
202010020404,12,7,14,ヤッホーペペ,セ3,55.0,富田暁,2:04.2,クビ,13-13-14-13,37.4,152.5,16.0,446.0,6.0,[西]河内洋,廣崎利洋ＨＤ,0.0,2017101123,1168,1072,37803
202010020404,13,6,12,ビーオールアイズ,セ3,56.0,太宰啓介,2:04.4,1,5-4-4-3,38.4,12.5,4.0,452.0,-4.0,[西]松下武士,吉田照哉,0.0,2017104886,1037,1149,758005
202010020404,14,4,8,アバンダンスシチー,牡3,56.0,酒井学,2:04.5,3/4,7-7-7-7,38.3,6.1,3.0,518.0,6.0,[西]西園正都,友駿ホースクラブ,0.0,2017100168,1034,1028,321800
202010020404,15,6,11,ルドヴィコ,牡3,56.0,松若風馬,2:04.6,クビ,3-2-2-3,38.7,30.4,9.0,432.0,2.0,[西]石坂公一,吉田和美,0.0,2017105378,1154,1166,138007
202010020404,16,4,7,レーベンレジェンダ,牡3,56.0,鮫島克駿,2:04.7,1/2,5-6-5-7,38.6,32.0,11.0,506.0,-10.0,[西]松下武士,金山敏也,0.0,2017103313,1157,1149,693033
202010020404,17,8,16,バッファローボム,牡3,56.0,国分恭介,2:05.3,3.1/2,11-11-13-15,38.6,221.3,17.0,534.0,2.0,[西]北出成人,フジワラ・ファーム,0.0,2017104077,1124,1078,616800
202010020404,18,2,3,エンスロール,牡3,56.0,藤懸貴志,2:06.4,7,16-16-17-17,39.1,67.1,13.0,484.0,-8.0,[西]須貝尚介,社台レースホース,0.0,2017104796,1138,1105,415800
202010020405,1,2,4,グラティトゥー,牡2,54.0,松山弘平,1:51.0,,4-3-4-4,35.8,2.3,1.0,454.0,0.0,[西]橋口慎介,ライオンレースホース,700.0,2018103928,1126,1154,542800
202010020405,2,1,2,ロードラスター,牡2,54.0,菱田裕二,1:51.8,5,10-10-11-6,36.1,14.1,5.0,484.0,0.0,[西]千田輝彦,ロードホースクラブ,280.0,2018102585,1144,1120,170800
202010020405,3,8,15,メイショウユウスイ,牡2,54.0,秋山真一,1:51.8,クビ,12-12-7-6,36.3,25.7,10.0,462.0,0.0,[西]飯田祐史,松本好雄,180.0,2018103115,1019,1139,523005
202010020405,4,5,10,アシナダカ,牝2,54.0,藤井勘一,1:51.9,クビ,4-5-4-4,36.7,8.3,3.0,470.0,0.0,[西]大久保龍,大樹ファーム,110.0,2018106475,5525,1058,536800
202010020405,5,3,5,エスジーリカチャン,牝2,54.0,和田竜二,1:51.9,クビ,11-11-13-10,36.1,20.8,7.0,454.0,0.0,[西]庄野靖志,後藤貞夫,70.0,2018101404,1018,1087,391803
202010020405,6,2,3,ダズリンビジュー,牝2,54.0,国分優作,1:52.0,クビ,1-1-1-1,37.2,15.6,6.0,446.0,0.0,[西]五十嵐忠,コスモヴューファーム,0.0,2018101633,1125,422,30803
202010020405,7,8,16,ゴールデンプルーフ,牝2,54.0,藤岡康太,1:52.3,2,3-3-3-2,37.3,5.9,2.0,462.0,0.0,[西]羽月友彦,サンデーレーシング,0.0,2018105340,1116,1091,226800
202010020405,8,6,12,フォーコーゼズ,牡2,54.0,鮫島克駿,1:52.9,3.1/2,13-14-9-10,37.3,25.2,8.0,512.0,0.0,[西]杉山晴紀,Ｇ１レーシング,0.0,2018105522,1157,1157,808800
202010020405,9,4,8,ハギノロマネスク,牝2,54.0,小崎綾也,1:53.0,3/4,13-12-14-14,36.9,58.0,13.0,468.0,0.0,[西]寺島良,日隈良江,0.0,2018102057,1152,1158,950006
202010020405,10,4,7,ウォーバディ,牡2,54.0,浜中俊,1:53.1,1/2,7-6-7-6,37.7,13.8,4.0,488.0,0.0,[西]角居勝彦,飯田正剛,0.0,2018104085,1115,1053,994002
202010020405,11,7,14,ウインアミティエ,牡2,54.0,松若風馬,1:53.1,クビ,6-6-6-6,37.8,28.0,11.0,470.0,0.0,[西]宮徹,ウイン,0.0,2018105858,1154,1018,494800
202010020405,12,7,13,ウェルドーン,牝2,51.0,泉谷楓真,1:53.1,アタマ,2-2-2-2,38.2,32.3,12.0,516.0,0.0,[西]角田晃一,安原浩司,0.0,2018100897,1182,1121,271008
202010020405,13,5,9,ラッキーパラダイス,牡2,53.0,富田暁,1:53.2,1/2,15-15-14-13,37.1,91.8,15.0,484.0,0.0,[西]平田修,孫頌欣,0.0,2018104651,1168,1082,14060
202010020405,14,1,1,ゴールドケリー,牝2,54.0,酒井学,1:53.9,4,8-8-11-12,38.2,77.4,14.0,500.0,0.0,[西]上村洋行,水谷美穂,0.0,2018101052,1034,1168,569031
202010020405,15,6,11,アランフェス,牡2,54.0,幸英明,1:56.3,大,9-8-9-15,40.7,25.6,9.0,468.0,0.0,[西]高橋康之,大森悌次,0.0,2018103178,732,1135,71803
202010020405,-3,3,6,ディープモンスター,牡2,54.0,武豊,,,,,,,,,[西]池江泰寿,ＤＭＭドリームクラブ,0.0,2018104475,666,1071,26803
202010020406,1,4,5,ライトマン,牡3,56.0,和田竜二,0:58.1,,4-3,34.9,14.4,7.0,498.0,4.0,[西]宮本博,吉澤ホールディングス,510.0,2017100057,1018,1073,346803
202010020406,2,7,11,メイショウワダマ,牝3,54.0,福永祐一,0:58.1,ハナ,2-2,35.1,3.1,1.0,454.0,0.0,[西]浅見秀一,松本好雄,200.0,2017106511,1014,411,523005
202010020406,3,3,3,ヴェーラ,牡3,56.0,城戸義政,0:58.5,2.1/2,4-3,35.3,3.7,2.0,496.0,-4.0,[西]清水久詞,山口敦広,130.0,2017104331,1147,1110,895030
202010020406,4,5,8,フチサンメルチャン,牡3,56.0,小牧太,0:58.6,3/4,12-12,34.7,109.8,12.0,464.0,-5.0,[西]服部利之,中西功,77.0,2017100922,894,1040,117030
202010020406,5,2,2,チェルビックヒム,牝3,53.0,森裕太朗,0:58.6,アタマ,7-6,35.1,93.4,11.0,438.0,2.0,[西]羽月友彦,ターフ・スポート,51.0,2017104346,1165,1091,102800
202010020406,6,6,9,ジューンフォレスト,牝3,54.0,藤岡康太,0:58.6,クビ,9-9,34.9,7.2,3.0,456.0,0.0,[西]西浦勝一,吉川潤,0.0,2017102929,1116,1016,17803
202010020406,7,7,12,ワンダーカムラング,牡3,56.0,藤井勘一,0:58.7,クビ,7-8,35.2,10.1,5.0,470.0,2.0,[西]小崎憲,山本能成,0.0,2017102903,5525,1085,184033
202010020406,8,1,1,ニューリリース,牡3,53.0,泉谷楓真,0:58.7,クビ,9-9,35.0,7.5,4.0,480.0,-4.0,[西]石坂正,江口雄一郎,0.0,2017102954,1182,1022,570009
202010020406,9,8,13,ラヴアンドヨウコ,牝3,53.0,富田暁,0:58.9,1.1/4,2-3,35.9,23.4,9.0,416.0,2.0,[西]武英智,薪浦亨,0.0,2017102041,1168,1161,768006
202010020406,10,3,4,ダッシュウイング,牝3,54.0,国分優作,0:59.0,3/4,1-1,36.1,12.4,6.0,466.0,-4.0,[西]加用正,桜井牧場,0.0,2017103566,1125,425,543800
202010020406,11,5,7,リタ,牝3,54.0,川又賢治,0:59.2,1.1/2,9-9,35.5,22.8,8.0,436.0,-8.0,[西]牧浦充徳,ニッシンホールディングス,0.0,2017104618,1166,1113,318803
202010020406,12,4,6,メイショウイコロ,牝3,54.0,太宰啓介,0:59.3,1/2,14-14,34.8,136.7,14.0,430.0,8.0,[西]石橋守,松本好雄,0.0,2017106089,1037,1140,523005
202010020406,13,6,10,ニホンピロブケーラ,牡3,56.0,田中健,0:59.4,1/2,6-6,36.1,124.7,13.0,484.0,10.0,[西]服部利之,小林百太郎,0.0,2017103889,1114,1040,985001
202010020406,14,8,14,ヤマニンプルニエ,牝3,54.0,藤懸貴志,0:59.4,ハナ,13-12,35.4,39.0,10.0,442.0,6.0,[西]斉藤崇史,土井肇,0.0,2017101775,1138,1151,329004
202010020407,1,8,18,エレヴァート,牝3,52.0,武豊,1:08.4,,10-9,34.3,3.1,2.0,440.0,2.0,[西]角田晃一,ノースヒルズ,760.0,2017102516,666,1121,788800
202010020407,2,8,16,ゼツエイ,牡3,52.0,福永祐一,1:08.6,1.1/4,5-5,34.9,2.6,1.0,496.0,16.0,[西]音無秀孝,吉田和美,300.0,2017110178,1014,1002,138007
202010020407,3,6,12,メイショウラバンド,牝9,55.0,太宰啓介,1:09.0,2.1/2,13-12,34.6,21.6,8.0,480.0,12.0,[西]石橋守,松本好雄,190.0,2011101479,1037,1140,523005
202010020407,4,7,14,テイエムイダテン,牡3,54.0,鮫島克駿,1:09.0,アタマ,2-2,35.8,9.0,3.0,470.0,-12.0,[西]飯田雄三,竹園正繼,110.0,2017102603,1157,1050,356002
202010020407,5,8,17,アビエルト,牡3,54.0,浜中俊,1:09.1,1/2,7-6,35.2,21.3,7.0,478.0,6.0,[西]森秀行,野嶋祥二,76.0,2017106240,1115,427,258033
202010020407,6,4,8,ラボエーム,牝3,52.0,藤懸貴志,1:09.5,2.1/2,10-10,35.3,156.0,17.0,454.0,6.0,[西]大根田裕,ライオンレースホース,0.0,2017105834,1138,1032,542800
202010020407,7,7,15,ビオグラフィー,牝3,50.0,藤田菜七,1:09.5,ハナ,3-3,36.2,57.6,13.0,480.0,16.0,[西]藤岡健一,シルクレーシング,0.0,2017105421,1164,1062,506800
202010020407,8,3,5,ブルベアオーロ,牡4,57.0,国分恭介,1:09.6,1/2,16-16,35.0,41.4,11.0,458.0,2.0,[西]川村禎彦,ブルアンドベア,0.0,2016101089,1124,1003,843800
202010020407,9,3,6,ロードクラージュ,セ3,54.0,中井裕二,1:09.6,クビ,1-1,36.5,14.1,4.0,464.0,-2.0,[西]安田隆行,ロードホースクラブ,0.0,2017102402,1141,438,170800
202010020407,10,1,2,オーシャンスケイプ,牝4,55.0,幸英明,1:09.6,クビ,18-17,34.8,65.6,14.0,432.0,12.0,[西]長谷川浩,シルクレーシング,0.0,2016104557,732,1173,506800
202010020407,11,5,9,ランランウイング,牝4,55.0,和田竜二,1:09.7,クビ,3-3,36.3,36.0,9.0,470.0,10.0,[西]今野貞一,高昭牧場,0.0,2016102421,1018,1128,117800
202010020407,12,5,10,ボルサリーノ,牡3,51.0,泉谷楓真,1:09.8,3/4,5-6,36.1,18.3,6.0,456.0,2.0,[西]杉山晴紀,草間庸文,0.0,2017103621,1182,1157,909006
202010020407,13,6,11,ミナトノヨーコ,牝3,52.0,小崎綾也,1:09.9,1/2,15-14,35.4,135.5,16.0,418.0,4.0,[西]小崎憲,ＭＭＣ,0.0,2017106686,1152,1085,50803
202010020407,14,4,7,アイファーブレーヴ,牡5,56.0,森裕太朗,1:10.2,1.1/2,7-10,36.3,266.9,18.0,474.0,10.0,[西]西橋豊治,中島稔,0.0,2015106042,1165,434,119007
202010020407,15,7,13,コンバットマーチ,牝3,52.0,藤岡康太,1:10.2,ハナ,7-6,36.3,15.2,5.0,448.0,0.0,[西]吉村圭司,岡田牧雄,0.0,2017110112,1116,1130,851009
202010020407,16,2,3,アトレヴィード,牝5,55.0,松山弘平,1:10.4,1.1/4,16-17,35.8,52.1,12.0,474.0,-2.0,[西]森田直行,吉田勝己,0.0,2015104754,1126,1142,790005
202010020407,17,2,4,アタミ,牡6,57.0,原田和真,1:10.4,クビ,10-12,36.3,111.3,15.0,486.0,-2.0,[西]田所秀孝,副島義久,0.0,2014103182,1143,1009,297007
202010020407,18,1,1,エルズリー,牝4,55.0,北村友一,1:10.4,アタマ,13-14,36.1,36.3,10.0,516.0,0.0,[西]吉岡辰弥,ノルマンディーサラブレッドレーシング,0.0,2016110062,1102,1176,854800
202010020408,1,1,1,リリーミニスター,セ3,54.0,酒井学,1:43.6,,4-4-4-3,37.1,26.1,10.0,466.0,0.0,[西]池添兼雄,土井孝夫,760.0,2017103688,1034,1021,862006
202010020408,2,4,7,オーヴァーネクサス,牡3,54.0,国分優作,1:43.8,1.1/4,2-2-2-2,37.5,5.9,2.0,498.0,12.0,[西]松下武士,ヒダカ・ブリーダーズ・ユニオン,300.0,2017101534,1125,1149,547800
202010020408,3,3,6,メイショウハリオ,牡3,54.0,菱田裕二,1:43.8,アタマ,16-16-12-8,36.5,19.2,7.0,496.0,-4.0,[西]岡田稲男,松本好雄,190.0,2017106404,1144,1066,523005
202010020408,4,1,2,タガノウィリアム,牡3,54.0,小牧太,1:44.0,1.1/4,1-1-1-1,37.8,2.0,1.0,486.0,0.0,[西]中尾秀正,八木良司,110.0,2017101725,894,1069,859002
202010020408,5,5,9,ポディウム,牡4,57.0,藤井勘一,1:44.0,アタマ,9-6-9-5,37.1,61.2,14.0,494.0,8.0,[西]野中賢二,ゴドルフィン,76.0,2016103351,5525,1098,3060
202010020408,6,3,5,シュテルクスト,牡3,54.0,松山弘平,1:44.2,1,15-15-16-9,36.5,50.1,13.0,480.0,2.0,[西]松田国英,サンデーレーシング,0.0,2017105044,1126,1011,226800
202010020408,7,2,3,クリノイコライザー,牡3,53.0,森裕太朗,1:44.8,3.1/2,11-11-7-5,38.0,12.2,5.0,466.0,6.0,[西]中尾秀正,栗本博晴,0.0,2017100699,1165,1069,970006
202010020408,8,6,11,トレーンベアラー,牝3,52.0,浜中俊,1:45.3,3,7-9-9-12,38.4,11.4,3.0,448.0,0.0,[西]石坂正,吉田和子,0.0,2017110135,1115,1022,151006
202010020408,9,8,16,アーサードライブ,牡3,54.0,松若風馬,1:45.3,ハナ,9-10-12-9,38.1,17.7,6.0,472.0,-8.0,[西]鈴木孝志,林千枝子,0.0,2017100588,1154,1111,43008
202010020408,10,6,12,マリオマッハー,牡3,54.0,幸英明,1:45.3,アタマ,13-13-11-13,38.2,11.8,4.0,442.0,2.0,[西]安達昭夫,サン,0.0,2017101186,732,1042,66700
202010020408,11,7,13,ロゼキルシュ,牝3,49.0,泉谷楓真,1:45.5,1,2-2-3-4,39.1,33.3,11.0,488.0,14.0,[西]杉山晴紀,トップフェロウ,0.0,2017103831,1182,1157,18803
202010020408,12,4,8,ドンマニフィコ,牡3,54.0,藤岡康太,1:46.0,3,5-5-4-5,39.4,22.9,8.0,442.0,0.0,[西]牧浦充徳,山田貢一,0.0,2017100008,1116,1113,440006
202010020408,13,2,4,キタカラキタムスメ,牝3,52.0,竹吉徹,1:46.8,5,13-13-12-14,39.6,132.4,16.0,420.0,-5.0,[地]川田孝好,阪田英裕,0.0,2017100498,5548,5450,926031
202010020408,14,8,15,メイショウロサン,牡4,57.0,鮫島良太,1:46.9,3/4,11-11-12-16,39.7,70.6,15.0,484.0,-6.0,[西]角田晃一,松本好雄,0.0,2016101887,1099,1121,523005
202010020408,15,7,14,イグナーツ,牡4,57.0,福永祐一,1:46.9,ハナ,5-6-6-9,40.2,40.9,12.0,502.0,6.0,[西]中竹和也,前田晋二,0.0,2016100621,1014,1039,41002
202010020408,16,5,10,アブルハウル,牡3,54.0,武豊,1:48.8,大,7-6-7-14,42.0,25.4,9.0,490.0,4.0,[西]池江泰寿,社台レースホース,0.0,2017110043,666,1071,415800
202010020409,1,3,6,ファストフォース,牡4,57.0,松山弘平,1:08.3,,2-2,34.8,2.4,1.0,518.0,4.0,[西]西村真幸,安原浩司,1539.9,2016102197,1126,1148,271008
202010020409,2,2,3,グランマリアージュ,牝3,52.0,福永祐一,1:08.3,クビ,1-1,34.9,8.2,4.0,458.0,4.0,[西]牧浦充徳,グリーンファーム,611.4,2017109097,1014,1113,148800
202010020409,3,4,7,ハッシュゴーゴー,牝4,55.0,浜中俊,1:08.6,2,3-2,34.9,7.4,3.0,454.0,0.0,[西]荒川義之,吉田千津,385.7,2016105144,1115,1095,310007
202010020409,4,1,1,ラミエル,牝4,55.0,鮫島克駿,1:08.7,1/2,3-4,35.0,15.8,6.0,466.0,12.0,[西]橋口慎介,桑畑夏美,230.0,2016103495,1157,1154,702033
202010020409,5,1,2,ブラックダンサー,牝4,55.0,幸英明,1:08.9,1.1/4,3-4,35.2,49.3,11.0,476.0,-4.0,[西]高野友和,前迫義幸,150.0,2016104751,732,1117,903007
202010020409,6,6,12,グリンデルヴァルト,牝3,52.0,秋山真一,1:08.9,ハナ,10-9,34.8,11.6,5.0,456.0,-4.0,[西]坂口智康,藤田好紀,0.0,2017102634,1019,1170,41033
202010020409,7,7,13,パッションチカ,牝6,55.0,小牧太,1:08.9,アタマ,17-16,34.2,213.9,17.0,450.0,8.0,[西]田所秀孝,冨沢敦子,0.0,2014103015,894,1009,609009
202010020409,8,6,11,プリヒストリー,セ5,57.0,武豊,1:09.1,1.1/4,6-6,35.2,24.0,8.0,472.0,0.0,[西]斉藤崇史,ゴドルフィン,0.0,2015101573,666,1151,3060
202010020409,9,5,10,モハー,牝6,55.0,古川吉洋,1:09.2,クビ,16-16,34.7,140.3,16.0,506.0,2.0,[西]上村洋行,北山敏隆,0.0,2014103990,1015,1168,789002
202010020409,10,5,9,ナンゴクアイネット,牝5,55.0,川田将雅,1:09.2,アタマ,18-18,34.4,25.6,9.0,486.0,24.0,[西]鮫島一歩,渡義光,0.0,2015100428,1088,1046,977007
202010020409,11,2,4,メラナイト,セ5,57.0,藤岡康太,1:09.3,1/2,8-6,35.3,59.9,12.0,474.0,10.0,[西]佐々木晶,ノースヒルズ,0.0,2015102499,1116,429,788800
202010020409,12,7,15,ジョニーズララバイ,牡4,57.0,松若風馬,1:09.4,クビ,13-15,35.1,16.6,7.0,466.0,16.0,[西]音無秀孝,金子真人ホールディングス,0.0,2016104227,1154,1002,708800
202010020409,13,4,8,レジーナファースト,牝5,55.0,和田竜二,1:09.5,1/2,10-9,35.4,6.1,2.0,464.0,-2.0,[西]森田直行,ライオンレースホース,0.0,2015102479,1018,1142,542800
202010020409,14,3,5,アルモニカ,牝5,55.0,菱田裕二,1:09.6,3/4,13-13,35.3,66.9,14.0,436.0,6.0,[西]吉岡辰弥,シルクレーシング,0.0,2015104667,1144,1176,506800
202010020409,15,8,18,メイショウシャチ,牡7,57.0,太宰啓介,1:09.6,クビ,10-9,35.5,99.5,15.0,478.0,-16.0,[西]石橋守,松本好雄,0.0,2013103823,1037,1140,523005
202010020409,16,8,16,ルールダーマ,牡5,57.0,酒井学,1:09.7,クビ,13-13,35.4,66.8,13.0,482.0,-6.0,[西]北出成人,儀賀好子,0.0,2015102395,1034,1078,721001
202010020409,17,8,17,ディモールト,牡3,54.0,北村友一,1:10.0,2,8-9,36.0,26.9,10.0,506.0,18.0,[西]角田晃一,市川義美ホールディングス,0.0,2017104055,1102,1121,10803
202010020409,18,7,14,カシノウィング,牡4,57.0,原田和真,1:10.1,1/2,6-6,36.3,379.5,18.0,492.0,2.0,[東]天間昭一,柏木務,0.0,2016109127,1143,1090,514009
202010020410,1,5,10,スマートセラヴィー,牡4,54.0,藤岡康太,1:42.4,,2-2-2-1,36.6,15.5,8.0,500.0,-14.0,[西]矢作芳人,大川徹,1856.4,2016103211,1116,1075,7803
202010020410,2,6,12,グアン,牝5,54.0,秋山真一,1:42.5,3/4,8-8-5-4,36.3,9.3,4.0,482.0,-6.0,[西]武幸四郎,キーファーズ,740.4,2015103368,1019,1160,2803
202010020410,3,4,7,ジェミニズ,牡6,54.0,中井裕二,1:42.6,1/2,13-14-12-10,35.6,44.1,16.0,514.0,6.0,[西]新谷功一,ライオンレースホース,465.2,2014103035,1141,1172,542800
202010020410,4,4,8,キタサンタイドー,牡5,54.0,松山弘平,1:42.9,2,6-6-5-4,36.7,26.4,9.0,516.0,6.0,[西]清水久詞,大野商事,270.0,2015105278,1126,1110,373800
202010020410,5,5,9,レンブランサ,牝5,52.0,川又賢治,1:43.2,1.1/2,13-12-12-14,36.1,40.3,15.0,452.0,-2.0,[西]宮本博,名古屋友豊,182.0,2015104928,1166,1073,463800
202010020410,6,1,2,マリオ,牡5,54.0,幸英明,1:43.2,ハナ,12-12-15-16,36.0,26.8,10.0,496.0,-10.0,[西]安達昭夫,サン,0.0,2015102215,732,1042,66700
202010020410,7,8,15,ナンヨーイザヨイ,牡4,54.0,酒井学,1:43.2,クビ,6-6-5-7,37.0,12.1,6.0,478.0,-2.0,[西]松永幹夫,中村徳也,0.0,2016104491,1034,1092,512031
202010020410,8,3,6,エクスパートラン,牡5,55.0,藤懸貴志,1:43.2,ハナ,15-14-11-10,36.4,13.5,7.0,462.0,-6.0,[西]小崎憲,キヨタケ牧場,0.0,2015105573,1138,1085,490800
202010020410,9,1,1,オンザロックス,牡7,56.0,川田将雅,1:43.3,1/2,9-11-12-13,36.3,5.7,2.0,480.0,-6.0,[西]森秀行,稻井田有司,0.0,2013101965,1088,427,366031
202010020410,10,7,14,サンライズセナ,牡5,55.0,和田竜二,1:43.3,ハナ,9-9-9-8,36.9,5.8,3.0,484.0,-6.0,[西]平田修,松岡隆雄,0.0,2015101377,1018,1082,306008
202010020410,11,8,16,クリノフラッシュ,牝5,51.0,和田翼,1:43.4,クビ,3-3-2-3,37.5,28.4,11.0,458.0,0.0,[西]橋田満,栗本博晴,0.0,2015101447,1146,362,970006
202010020410,12,2,4,アニエーゼ,牝5,52.0,国分恭介,1:44.0,3.1/2,16-16-16-14,36.6,11.8,5.0,476.0,0.0,[西]高橋康之,ノースヒルズ,0.0,2015110015,1124,1135,788800
202010020410,13,7,13,アイアムレジェンド,牡4,55.0,菱田裕二,1:44.1,1/2,9-9-9-10,37.7,35.3,13.0,496.0,10.0,[西]橋田満,グランド牧場,0.0,2016105682,1144,362,367800
202010020410,14,2,3,スズカフェスタ,牡5,54.0,国分優作,1:44.2,クビ,1-1-1-2,38.4,39.8,14.0,510.0,4.0,[西]大橋勇樹,永井啓弍,0.0,2015103048,1125,1065,382004
202010020410,15,3,5,ブルーメンクローネ,牝5,54.0,武豊,1:44.2,クビ,4-4-4-4,38.2,3.9,1.0,504.0,20.0,[西]石坂正,キャロットファーム,0.0,2015104972,666,1022,486800
202010020410,16,6,11,オーパスメーカー,牝4,52.0,太宰啓介,1:44.6,2.1/2,5-5-5-8,38.5,31.4,12.0,494.0,20.0,[西]羽月友彦,松岡隆雄,0.0,2016103755,1037,1091,306008
202010020411,1,2,4,レッドアンシェル,牡6,57.0,福永祐一,1:07.8,,8-8,34.2,14.9,8.0,478.0,8.0,[西]庄野靖志,東京ホースレーシング,3963.7,2014105982,1014,1087,180800
202010020411,2,5,10,モズスーパーフレア,牝5,56.5,松若風馬,1:08.1,1.3/4,1-1,35.7,3.9,1.0,508.0,14.0,[西]音無秀孝,キャピタル・システム,1618.2,2015110017,1154,1002,5803
202010020411,3,6,11,アウィルアウェイ,牝4,55.5,川田将雅,1:08.1,アタマ,13-14,34.2,15.5,10.0,482.0,14.0,[西]高野友和,吉田勝己,989.1,2016104721,1088,1117,790005
202010020411,4,3,6,クライムメジャー,牡6,54.0,鮫島克駿,1:08.2,1/2,16-15,34.1,50.8,15.0,528.0,0.0,[西]渡辺薫彦,シルクレーシング,490.0,2014102878,1157,1155,506800
202010020411,4,7,15,アンヴァル,牝5,54.0,北村友一,1:08.2,同着,13-15,34.3,12.5,6.0,478.0,6.0,[西]藤岡健一,社台レースホース,490.0,2015104165,1102,1062,415800
202010020411,6,3,5,トゥラヴェスーラ,牡5,55.0,武豊,1:08.3,1/2,7-4,34.9,7.3,3.0,478.0,-2.0,[西]高橋康之,吉田照哉,0.0,2015104364,666,1135,758005
202010020411,7,8,18,ジョーカナチャン,牝5,55.0,菱田裕二,1:08.3,クビ,2-2,35.6,11.9,5.0,464.0,4.0,[西]松下武士,上田江吏子,0.0,2015100830,1144,1149,32031
202010020411,8,1,1,プリディカメント,牝5,52.0,浜中俊,1:08.3,ハナ,13-12,34.4,14.5,7.0,520.0,2.0,[西]吉村圭司,ゴドルフィン,0.0,2015101615,1115,1130,3060
202010020411,9,8,17,タイセイアベニール,牡5,56.0,松山弘平,1:08.4,クビ,11-12,34.7,6.5,2.0,490.0,-8.0,[西]西村真幸,田中成奉,0.0,2015100822,1126,1148,224007
202010020411,10,7,13,メイショウキョウジ,牡5,55.0,藤岡康太,1:08.4,アタマ,8-8,34.9,29.8,11.0,480.0,8.0,[西]藤岡健一,松本好雄,0.0,2015103340,1116,1062,523005
202010020411,11,2,3,ブライティアレディ,牝7,52.0,幸英明,1:08.5,3/4,11-11,34.8,55.8,16.0,436.0,-4.0,[西]武幸四郎,小林昌志,0.0,2013101207,732,1160,531006
202010020411,12,6,12,マイネルグリット,牡3,53.0,国分優作,1:08.6,3/4,16-17,34.5,41.9,14.0,484.0,-2.0,[西]吉田直弘,サラブレッドクラブ・ラフィアン,0.0,2017101941,1125,1101,546800
202010020411,13,5,9,ダイメイプリンセス,牝7,56.0,秋山真一,1:08.6,クビ,8-8,35.1,11.4,4.0,502.0,4.0,[西]森田直行,宮本孝一,0.0,2013101042,1019,1142,688006
202010020411,13,7,14,メジェールスー,牝5,52.0,岡田祥嗣,1:08.6,同着,5-4,35.3,69.3,17.0,470.0,-4.0,[西]藤原英昭,太田珠々子,0.0,2015106187,5429,1055,444030
202010020411,15,8,16,ジョイフル,牡6,56.0,川又賢治,1:08.7,1/2,18-17,34.4,31.9,13.0,512.0,0.0,[西]吉村圭司,ゴドルフィン,0.0,2014102185,1166,1130,3060
202010020411,16,4,8,ラブカンプー,牝5,54.0,藤田菜七,1:09.3,3.1/2,4-4,36.1,30.1,12.0,440.0,-2.0,[西]森田直行,増田陽一,0.0,2015100978,1164,1142,291002
202010020411,17,1,2,ゴールドクイーン,牝5,55.5,古川吉洋,1:09.4,1/2,3-3,36.6,73.6,18.0,462.0,-2.0,[西]坂口智康,加藤充彦,0.0,2015102846,1015,1170,869800
202010020411,18,4,7,カリオストロ,牝3,51.0,酒井学,1:09.8,2.1/2,5-4,36.5,15.1,9.0,454.0,-4.0,[西]加用正,ＨｉｍＲｏｃｋＲａｃｉｎｇホールディングス,0.0,2017100600,1034,425,87803
202010020412,1,5,10,シルバースミス,牝4,55.0,鮫島克駿,1:48.1,,6-6-4-5,36.4,9.2,6.0,506.0,4.0,[西]橋口慎介,サンデーレーシング,760.0,2016104334,1157,1154,226800
202010020412,2,8,16,ムジカ,牝3,52.0,秋山真一,1:48.1,クビ,13-16-12-13,35.7,5.6,2.0,444.0,4.0,[西]鈴木孝志,ケーエスＨＤ,300.0,2017104141,1019,1111,334803
202010020412,3,5,9,ノブフランクリン,牝3,49.0,泉谷楓真,1:48.4,1.3/4,12-12-12-13,36.1,50.5,13.0,426.0,16.0,[西]坂口智康,前田亘輝,190.0,2017100717,1182,1170,30030
202010020412,4,7,14,レッドエステーラ,牝4,55.0,武豊,1:48.6,1,13-14-16-16,36.0,41.4,11.0,408.0,4.0,[西]武幸四郎,東京ホースレーシング,110.0,2016104643,666,1160,180800
202010020412,5,6,11,フルートフルデイズ,牝3,52.0,川又賢治,1:48.6,クビ,9-9-10-10,36.5,97.4,15.0,456.0,0.0,[西]浜田多実,飯田正剛,76.0,2017103800,1166,1138,994002
202010020412,6,8,15,イルーシヴゴールド,牝5,55.0,松山弘平,1:48.7,クビ,5-5-4-3,37.0,6.4,4.0,494.0,10.0,[西]西村真幸,サンデーレーシング,0.0,2015104983,1126,1148,226800
202010020412,7,3,5,メイショウベッピン,牝3,52.0,和田竜二,1:48.8,1/2,8-7-7-6,36.9,6.3,3.0,476.0,2.0,[西]荒川義之,松本好雄,0.0,2017106086,1018,1095,523005
202010020412,8,1,1,リノ,牝3,52.0,小崎綾也,1:48.9,1/2,6-7-7-8,37.0,39.5,10.0,452.0,8.0,[西]寺島良,ノースヒルズ,0.0,2017101796,1152,1158,788800
202010020412,9,6,12,エールヴィオレ,牝3,51.0,富田暁,1:48.9,クビ,13-14-12-13,36.5,169.6,16.0,440.0,10.0,[西]武英智,佐伯由加理,0.0,2017104725,1168,1161,934033
202010020412,10,2,3,キングスタイル,牝3,52.0,藤岡康太,1:49.0,1/2,13-12-10-10,36.8,28.5,9.0,416.0,12.0,[西]矢作芳人,廣崎利洋ＨＤ,0.0,2017104103,1116,1075,37803
202010020412,11,4,7,アークフリゲート,牝3,52.0,高倉稜,1:49.0,ハナ,11-11-12-10,36.6,46.3,12.0,430.0,12.0,[西]渡辺薫彦,野田善己,0.0,2017104066,1130,1155,537033
202010020412,12,3,6,エリンズロマーネ,牝5,55.0,福永祐一,1:49.2,1.1/2,9-9-9-8,37.2,12.5,7.0,504.0,6.0,[西]笹田和秀,吉田照哉,0.0,2015104257,1014,1104,758005
202010020412,13,7,13,マルモネオフォース,牝4,55.0,幸英明,1:49.3,クビ,2-2-2-2,37.9,8.1,5.0,494.0,-10.0,[西]木原一良,まるも組合,0.0,2016101718,732,1033,19700
202010020412,14,4,8,ヴィルトゥオシタ,牝3,52.0,酒井学,1:49.7,2.1/2,1-1-1-1,38.3,97.2,14.0,426.0,-2.0,[西]池添学,Ｇ１レーシング,0.0,2017105236,1034,1144,808800
202010020412,15,2,4,ラフダイヤモンド,牝3,52.0,松若風馬,1:49.9,1.1/4,4-3-3-3,38.3,25.1,8.0,460.0,6.0,[西]高橋康之,ノースヒルズ,0.0,2017101882,1154,1135,788800
202010020412,16,1,2,アメリカンウェイク,牝4,55.0,北村友一,1:51.2,8,3-3-4-6,39.5,3.8,1.0,512.0,20.0,[西]長谷川浩,キャロットファーム,0.0,2016104707,1102,1173,486800
202010020501,1,8,10,リサコーハク,牝2,54.0,鮫島克駿,0:59.1,,1-1,36.3,3.1,2.0,426.0,2.0,[西]川村禎彦,八木光博,510.0,2018103389,1157,1003,386031
202010020501,2,2,2,ドローム,牝2,54.0,国分優作,0:59.2,3/4,4-3,35.9,3.7,3.0,444.0,-8.0,[西]飯田雄三,ビッグレッドファーム,200.0,2018103035,1125,1050,716800
202010020501,3,4,4,コパノジャンピング,牡2,54.0,小崎綾也,0:59.5,1.3/4,5-5,35.9,9.5,4.0,516.0,2.0,[西]梅田智之,小林祥晃,130.0,2018104251,1152,1084,966007
202010020501,4,8,9,スナークショウエン,牝2,54.0,田中健,0:59.8,2,3-3,36.9,18.1,5.0,464.0,-12.0,[西]川村禎彦,杉本豊,77.0,2018101593,1114,1003,478030
202010020501,5,5,5,サノラカ,牝2,54.0,松山弘平,0:59.9,1/2,2-2,37.1,2.6,1.0,420.0,2.0,[西]牧浦充徳,佐野信幸,51.0,2018101026,1126,1113,735033
202010020501,6,1,1,コウユーダンサー,牡2,54.0,藤懸貴志,1:01.9,大,8-8,37.3,45.1,6.0,454.0,-6.0,[西]斉藤崇史,加治屋貞光,0.0,2018109121,1138,1151,116033
202010020501,7,7,8,コジートゥインクル,牡2,54.0,川須栄彦,1:02.0,1/2,5-6,38.5,105.6,10.0,490.0,-10.0,[西]谷潔,齊藤直信,0.0,2018101980,1128,431,571006
202010020501,8,6,6,シゲルカカリチョウ,牡2,54.0,国分恭介,1:02.2,1.1/4,8-8,37.5,52.5,7.0,414.0,-8.0,[西]服部利之,森中蕃,0.0,2018104289,1124,1040,674004
202010020501,9,7,7,カシノバド,牡2,54.0,城戸義政,1:02.2,クビ,10-10,37.4,82.7,9.0,396.0,10.0,[西]牧田和弥,柏木務,0.0,2018109155,1147,1123,514009
202010020501,10,3,3,レジュレクシオン,牡2,54.0,小牧太,1:03.1,5,7-7,38.8,52.9,8.0,410.0,-4.0,[西]吉田直弘,京都ホースレーシング,0.0,2018103955,894,1101,65803
202010020502,1,7,11,ミニーアイル,牝2,54.0,秋山真一,1:08.4,,8-6,34.6,1.9,1.0,486.0,-14.0,[西]武幸四郎,大野剛嗣,510.0,2018104878,1019,1160,265033
202010020502,2,3,3,アルムファーツリー,牝2,54.0,鮫島克駿,1:08.9,3,4-3,35.4,5.8,2.0,452.0,6.0,[西]川村禎彦,崎川美枝子,200.0,2018101964,1157,1003,899030
202010020502,3,5,7,シゲルセンム,牝2,54.0,幸英明,1:08.9,アタマ,1-1,35.7,8.2,4.0,456.0,4.0,[西]谷潔,森中蕃,130.0,2018103181,732,431,674004
202010020502,4,8,14,ラマルセイエーズ,牝2,54.0,松山弘平,1:09.0,クビ,13-12,34.3,57.0,7.0,452.0,-4.0,[西]森田直行,岡田牧雄,77.0,2018101774,1126,1142,851009
202010020502,5,3,4,エムティースマイル,牝2,53.0,富田暁,1:09.2,1,10-10,35.1,60.8,8.0,440.0,-2.0,[西]木原一良,丸山輝城,51.0,2018102380,1168,1033,417009
202010020502,6,4,5,クラーロイメル,牝2,54.0,藤岡康太,1:09.5,2,8-9,35.7,15.6,6.0,444.0,-4.0,[西]高橋義忠,ケーエスＨＤ,0.0,2018104416,1116,1129,334803
202010020502,7,6,10,ミヤジオシャラク,牝2,54.0,和田竜二,1:09.5,クビ,2-2,36.2,6.6,3.0,482.0,-2.0,[西]川村禎彦,曽我司,0.0,2018103769,1018,1003,911009
202010020502,8,8,13,パピードッグ,牝2,54.0,松若風馬,1:10.0,3,4-3,36.5,112.7,10.0,462.0,-2.0,[西]加用正,ＨｉｍＲｏｃｋＲａｃｉｎｇホールディングス,0.0,2018100631,1154,425,87803
202010020502,9,1,1,バールベック,牝2,54.0,国分優作,1:10.4,2.1/2,4-6,36.8,9.7,5.0,412.0,-8.0,[西]吉田直弘,サラブレッドクラブ・ラフィアン,0.0,2018102136,1125,1101,546800
202010020502,10,6,9,ミラクル,牝2,54.0,北村友一,1:10.6,3/4,2-3,37.2,89.0,9.0,446.0,-6.0,[西]加用正,協栄,0.0,2018100623,1102,425,959800
202010020502,11,7,12,ボラーレヴィーア,牝2,51.0,服部寿希,1:10.8,1.1/4,11-11,36.4,346.8,14.0,350.0,6.0,[西]服部利之,中西功,0.0,2018101105,1172,1040,117030
202010020502,12,2,2,シゲルヒショ,牝2,54.0,酒井学,1:11.0,1.1/2,11-12,36.6,212.5,12.0,420.0,-8.0,[西]鈴木孝志,森中蕃,0.0,2018102441,1034,1111,674004
202010020502,13,5,8,アピールデザイン,牝2,54.0,小崎綾也,1:11.3,1.3/4,4-6,37.7,137.0,11.0,436.0,0.0,[西]村山明,西村新一郎,0.0,2018101503,1152,1107,772002
202010020502,14,4,6,カシノネメシス,牝2,54.0,川須栄彦,1:13.6,大,13-14,38.9,226.8,13.0,486.0,-4.0,[東]蛯名利弘,柏木務,0.0,2018109153,1128,1131,514009
202010020503,1,3,5,ヨドノドリーム,牡3,56.0,鮫島克駿,1:46.5,,11-10-6-5,38.4,39.5,8.0,482.0,6.0,[西]谷潔,海原聖一,510.0,2017103084,1157,431,471002
202010020503,2,1,1,ファスタザウインド,牡3,56.0,松若風馬,1:46.5,クビ,5-4-4-3,38.7,6.0,3.0,512.0,-14.0,[西]高橋康之,鈴木康弘,200.0,2017103917,1154,1135,624007
202010020503,3,2,4,サトノマッスル,牡3,56.0,荻野極,1:46.9,2.1/2,6-7-6-6,38.8,9.8,4.0,454.0,0.0,[西]池江泰寿,サトミホースカンパニー,130.0,2017100377,1160,1071,75803
202010020503,4,1,2,ヴァシリアス,牡3,56.0,福永祐一,1:47.3,2.1/2,8-8-9-7,39.1,2.1,1.0,492.0,-2.0,[西]安田翔伍,前田葉子,77.0,2017102077,1014,1164,245030
202010020503,5,6,12,ワンダーアマルフィ,牡3,56.0,長岡禎仁,1:47.4,クビ,14-13-12-11,38.4,3.9,2.0,484.0,-4.0,[西]石橋守,山本能成,51.0,2017102942,1142,1140,184033
202010020503,6,7,13,シュアゲイト,牡3,56.0,国分恭介,1:47.7,1.3/4,2-3-2-1,40.2,61.0,11.0,488.0,-6.0,[西]宮本博,グリーンファーム,0.0,2017109088,1124,1073,148800
202010020503,7,6,11,メイショウポルポ,牡3,56.0,国分優作,1:47.9,1,11-12-10-9,39.5,78.8,13.0,428.0,0.0,[西]松下武士,松本好隆,0.0,2017104517,1125,1149,911008
202010020503,8,8,16,メイショウカミング,牡3,56.0,和田竜二,1:48.6,4,2-4-4-7,40.7,20.1,6.0,464.0,-14.0,[西]河内洋,松本好雄,0.0,2017100353,1018,1072,523005
202010020503,9,2,3,エイティーンローズ,牝3,54.0,中井裕二,1:48.8,1.1/4,1-1-1-2,41.4,168.2,14.0,472.0,-2.0,[西]飯田祐史,中山泰志,0.0,2017102916,1141,1139,835033
202010020503,10,5,9,ルシエンテ,牡3,56.0,秋山真一,1:48.9,3/4,2-2-2-3,41.5,47.0,9.0,494.0,7.0,[西]大根田裕,奥裕嗣,0.0,2017102492,1019,1032,548033
202010020503,11,5,10,デュボンタン,牝3,54.0,藤井勘一,1:49.6,4,13-13-15-14,40.0,250.1,15.0,472.0,6.0,[西]高橋康之,ノースヒルズ,0.0,2017110085,5525,1135,788800
202010020503,12,4,8,シャムエル,牡3,56.0,小崎綾也,1:49.9,2,16-16-16-16,39.9,323.5,16.0,484.0,-4.0,[西]湯窪幸雄,山上和良,0.0,2017102823,1152,1057,851007
202010020503,13,4,7,スリーシンフォニー,牡3,56.0,酒井学,1:49.9,ハナ,6-6-6-9,41.8,72.9,12.0,512.0,-12.0,[西]藤沢則雄,永井商事,0.0,2017104457,1034,1041,61800
202010020503,14,3,6,ヘルスチェック,牝3,54.0,松山弘平,1:50.1,1.1/4,15-15-14-14,40.7,19.9,5.0,472.0,0.0,[西]松田国英,ゴドルフィン,0.0,2017110100,1126,1011,3060
202010020503,15,8,15,グリムスポンド,牝3,54.0,幸英明,1:50.1,クビ,8-8-11-12,41.6,22.7,7.0,486.0,26.0,[西]西村真幸,吉田勝己,0.0,2017105420,732,1148,790005
202010020503,16,7,14,ナスタチューム,牝3,54.0,北村友一,1:50.7,3.1/2,10-10-12-13,41.7,52.7,10.0,490.0,16.0,[西]笹田和秀,キャロットファーム,0.0,2017105165,1102,1104,486800
202010020504,1,8,16,レミニシェンザ,牝3,54.0,長岡禎仁,1:47.2,,13-13-13-14,34.5,57.6,9.0,454.0,-2.0,[西]羽月友彦,キャロットファーム,510.0,2017105444,1142,1091,486800
202010020504,2,1,1,メモリーオブブルー,牝3,54.0,浜中俊,1:47.4,1.1/2,8-8-8-6,35.3,19.5,6.0,434.0,-4.0,[西]荒川義之,ＨｉｍＲｏｃｋＲａｃｉｎｇホールディングス,200.0,2017100203,1115,1095,87803
202010020504,3,7,13,カサドーラ,牝3,54.0,鮫島克駿,1:47.5,1/2,10-10-11-8,35.1,9.1,4.0,436.0,0.0,[西]吉村圭司,ノースヒルズ,130.0,2017101820,1157,1130,788800
202010020504,4,3,5,ニーニャ,牝3,54.0,国分優作,1:47.6,クビ,8-8-9-8,35.3,94.8,14.0,494.0,2.0,[西]松下武士,ノルマンディーサラブレッドレーシング,77.0,2017103332,1125,1149,854800
202010020504,5,5,10,ロナウド,牡3,56.0,藤岡康太,1:47.7,3/4,15-15-15-15,34.7,66.0,11.0,406.0,0.0,[西]鮫島一歩,安原浩司,51.0,2017103387,1116,1046,271008
202010020504,6,6,11,ホウショウエポック,牝3,54.0,幸英明,1:47.8,3/4,3-3-2-2,36.4,11.1,5.0,468.0,6.0,[西]河内洋,芳賀美知子,0.0,2017106522,732,1072,277033
202010020504,7,1,2,グランレミー,牡3,56.0,川須栄彦,1:47.8,ハナ,13-13-13-13,35.1,29.5,8.0,498.0,4.0,[西]佐々木晶,間宮秀直,0.0,2017102498,1128,429,152033
202010020504,8,2,3,エターナルバディ,セ3,56.0,秋山真一,1:47.9,1/2,11-10-11-8,35.5,69.9,12.0,480.0,18.0,[西]武幸四郎,キーファーズ,0.0,2017105568,1019,1160,2803
202010020504,9,2,4,ロードライトニング,牡3,56.0,川田将雅,1:48.0,クビ,3-5-5-4,36.3,2.9,1.0,436.0,6.0,[西]安田翔伍,ロードホースクラブ,0.0,2017102376,1088,1164,170800
202010020504,10,4,8,サマービート,牡3,56.0,北村友一,1:48.2,1.1/4,2-2-1-1,36.8,3.2,2.0,468.0,4.0,[西]藤原英昭,ゴドルフィン,0.0,2017106570,1102,1055,3060
202010020504,11,6,12,オースミカムイ,セ3,56.0,酒井学,1:48.3,3/4,11-12-4-4,36.8,60.6,10.0,452.0,-8.0,[西]渡辺薫彦,オースミ,0.0,2017102981,1034,1155,712800
202010020504,12,8,15,フレーヴォ,牝3,54.0,中井裕二,1:48.4,クビ,6-5-9-11,36.2,27.2,7.0,428.0,-8.0,[西]庄野靖志,ロードホースクラブ,0.0,2017102395,1141,1087,170800
202010020504,13,7,14,メイショウハーラン,牡3,53.0,泉谷楓真,1:48.4,アタマ,6-5-7-11,36.4,118.9,15.0,458.0,28.0,[西]南井克巳,松本和子,0.0,2017102489,1182,1049,789006
202010020504,14,3,6,マルタクロス,牡3,56.0,小崎綾也,1:49.3,5,3-3-5-6,37.5,81.9,13.0,508.0,-2.0,[西]松永幹夫,寺田千代乃,0.0,2017102876,1152,1092,534006
202010020504,15,4,7,キャプテンドレイク,牡3,56.0,松山弘平,1:49.6,1.3/4,1-1-2-3,38.2,5.3,3.0,486.0,6.0,[西]今野貞一,谷掛龍夫,0.0,2017104852,1126,1128,727008
202010020504,16,5,9,クリノガオガオ,牡3,56.0,藤懸貴志,1:49.7,1/2,15-15-16-16,36.6,175.0,16.0,460.0,2.0,[西]谷潔,栗本守,0.0,2017101062,1138,431,488007
202010020505,1,7,14,コートダルジャン,牝2,54.0,北村友一,2:03.2,,12-13-11-7,36.0,4.3,2.0,466.0,0.0,[西]牧田和弥,キャロットファーム,700.0,2018105490,1102,1123,486800
202010020505,2,5,9,オリノコ,牡2,54.0,浜中俊,2:03.3,3/4,14-14-14-9,35.8,13.6,4.0,472.0,0.0,[西]須貝尚介,金子真人ホールディングス,280.0,2018104774,1115,1105,708800
202010020505,3,2,3,ワールドリバイバル,牡2,54.0,藤岡康太,2:03.6,1.3/4,10-11-11-12,36.4,14.2,6.0,498.0,0.0,[西]牧田和弥,鈴木昭和,180.0,2018100026,1116,1123,305030
202010020505,4,4,8,シーニッククルーズ,牡2,54.0,松若風馬,2:03.6,クビ,16-17-16-13,35.8,32.3,9.0,498.0,0.0,[西]武幸四郎,キャロットファーム,110.0,2018105009,1154,1160,486800
202010020505,5,2,4,キリーティー,セ2,54.0,国分恭介,2:04.1,3,14-15-14-13,36.6,31.3,8.0,550.0,0.0,[西]中竹和也,ノースヒルズ,70.0,2018102028,1124,1039,788800
202010020505,6,4,7,メイショウシンタケ,牡2,54.0,秋山真一,2:04.3,1.1/4,10-7-8-9,37.4,160.1,15.0,434.0,0.0,[西]千田輝彦,松本好雄,0.0,2018106318,1019,1120,523005
202010020505,7,6,11,リーブルミノル,牡2,54.0,松山弘平,2:04.7,2.1/2,2-2-2-2,38.3,19.5,7.0,480.0,0.0,[西]本田優,吉岡實,0.0,2018105809,1126,1099,265008
202010020505,8,8,16,トーホウボス,牡2,54.0,酒井学,2:05.0,1.3/4,8-9-8-3,38.1,79.5,12.0,480.0,0.0,[西]高橋康之,東豊物産,0.0,2018103631,1034,1135,965800
202010020505,9,8,17,スタッドリー,牡2,54.0,福永祐一,2:05.1,3/4,8-9-10-7,38.1,5.7,3.0,510.0,0.0,[西]奥村豊,シルクレーシング,0.0,2018105474,1014,1146,506800
202010020505,10,1,2,アズユーフィール,牡2,54.0,国分優作,2:05.2,クビ,12-11-11-13,38.0,218.3,16.0,480.0,0.0,[西]宮本博,コスモヴューファーム,0.0,2018105763,1125,1073,30803
202010020505,10,8,15,トーセンアラン,牡2,54.0,川田将雅,2:05.2,同着,5-7-4-3,38.6,2.7,1.0,520.0,0.0,[西]池江泰寿,島川隆哉,0.0,2018104894,1088,1071,270006
202010020505,12,1,1,ルーリング,牡2,54.0,鮫島克駿,2:05.7,3,5-5-4-5,39.0,13.8,5.0,506.0,0.0,[西]浅見秀一,Ｇ１レーシング,0.0,2018105457,1157,411,808800
202010020505,13,3,5,グランドアイディル,牡2,54.0,幸英明,2:05.8,3/4,1-1-1-1,39.5,46.6,11.0,472.0,0.0,[西]羽月友彦,田畑利彦,0.0,2018106221,732,1091,464030
202010020505,14,3,6,シューネスリヒト,牝2,54.0,藤井勘一,2:06.0,1.1/2,2-2-6-9,39.2,98.2,13.0,426.0,0.0,[西]宮本博,社台レースホース,0.0,2018104715,5525,1073,415800
202010020505,15,6,12,メイショウオキビ,牡2,53.0,富田暁,2:06.1,クビ,2-2-2-5,39.7,150.3,14.0,494.0,0.0,[西]松永昌博,松本好雄,0.0,2018105846,1168,1083,523005
202010020505,16,5,10,ルーチェビアンカ,牝2,54.0,和田竜二,2:07.5,9,5-5-6-13,40.7,34.0,10.0,438.0,0.0,[西]今野貞一,グリーンファーム,0.0,2018109106,1018,1128,148800
202010020505,17,7,13,カシノバリサイト,牡2,54.0,高倉稜,2:09.1,10,16-16-17-17,40.7,284.7,17.0,474.0,0.0,[西]谷潔,柏木務,0.0,2018101013,1130,431,514009
202010020506,1,4,5,サクセスリボーン,牡3,56.0,荻野極,0:58.8,,5-5,35.3,7.3,4.0,486.0,-6.0,[西]北出成人,高嶋哲,510.0,2017101591,1160,1078,441006
202010020506,2,8,12,アールグロウ,牡3,56.0,城戸義政,0:59.0,1.1/2,2-2,36.0,3.6,2.0,496.0,4.0,[西]奥村豊,前原敏行,200.0,2017104281,1147,1146,427030
202010020506,3,5,7,ワイルドチャイルド,牝3,54.0,北村友一,0:59.2,1.1/4,3-3,35.9,7.2,3.0,444.0,-4.0,[西]安田翔伍,ニッシンホールディングス,130.0,2017104299,1102,1164,318803
202010020506,4,6,9,テイエムサンドリア,牝3,54.0,鮫島良太,0:59.2,クビ,1-1,36.3,2.7,1.0,464.0,-2.0,[西]飯田雄三,竹園正繼,77.0,2017101588,1099,1050,356002
202010020506,5,2,2,メイショウマコモ,牡3,56.0,松山弘平,0:59.5,1.1/2,9-8,35.6,13.6,5.0,478.0,-2.0,[西]本田優,松本好雄,51.0,2017106317,1126,1099,523005
202010020506,6,1,1,リバーランド,牝3,54.0,鮫島克駿,0:59.8,1.3/4,5-6,36.3,22.9,8.0,414.0,0.0,[西]浅見秀一,林正道,0.0,2017101016,1157,411,675030
202010020506,7,5,6,プチルミエール,牝3,53.0,富田暁,0:59.8,クビ,3-3,36.6,96.5,12.0,492.0,6.0,[西]飯田祐史,笹山智市,0.0,2017102013,1168,1139,313031
202010020506,8,3,3,メイショウシュート,牡3,56.0,太宰啓介,1:00.3,3,9-10,36.3,21.2,7.0,440.0,-12.0,[西]石橋守,松本好雄,0.0,2017102081,1037,1140,523005
202010020506,9,6,8,デロリス,牝3,54.0,和田竜二,1:00.4,3/4,8-7,36.7,24.0,9.0,422.0,-2.0,[西]鮫島一歩,栗山学,0.0,2017106776,1018,1046,97031
202010020506,10,4,4,メイショウギンレイ,牡3,53.0,泉谷楓真,1:00.4,クビ,12-12,36.2,20.1,6.0,414.0,-8.0,[西]南井克巳,松本好雄,0.0,2017103166,1182,1049,523005
202010020506,11,7,11,ラッシュワン,牡3,56.0,高倉稜,1:00.4,ハナ,9-10,36.4,26.9,10.0,494.0,2.0,[西]牧浦充徳,小林茂子,0.0,2017104285,1130,1113,516031
202010020506,12,8,13,ツクバマリア,牝3,54.0,松若風馬,1:01.2,5,5-8,37.7,31.4,11.0,424.0,0.0,[西]上村洋行,荻原昭二,0.0,2017102358,1154,1168,576009
202010020506,13,7,10,カシノアンバー,牝3,54.0,国分恭介,1:01.9,4,13-13,37.6,106.9,13.0,458.0,0.0,[西]牧田和弥,柏木務,0.0,2017102044,1124,1123,514009
202010020507,1,8,12,アルバリズム,牝4,55.0,松若風馬,1:08.0,,11-12,33.9,63.1,10.0,530.0,18.0,[西]河内洋,松岡隆雄,760.0,2016103094,1154,1072,306008
202010020507,2,6,9,オメガハートクィン,牝4,55.0,和田竜二,1:08.0,ハナ,8-8,34.3,74.8,11.0,442.0,2.0,[西]松永幹夫,原禮子,300.0,2016104971,1018,1092,8803
202010020507,3,7,11,アーモロート,牝3,52.0,福永祐一,1:08.0,アタマ,4-4,34.5,2.0,1.0,510.0,6.0,[西]西園正都,サンデーレーシング,190.0,2017105290,1014,1028,226800
202010020507,4,6,8,シャドウブロッサム,牝3,52.0,川田将雅,1:08.1,クビ,4-5,34.5,4.6,2.0,448.0,-4.0,[西]藤岡健一,飯塚知一,110.0,2017100406,1088,1062,308002
202010020507,5,2,2,ウインドラブリーナ,牝3,52.0,幸英明,1:08.1,アタマ,9-9,34.3,20.3,7.0,420.0,-2.0,[西]飯田雄三,福原正博,76.0,2017103328,732,1050,562002
202010020507,6,4,5,グッドワード,牝5,55.0,酒井学,1:08.1,ハナ,9-9,34.2,53.8,9.0,488.0,-6.0,[西]高橋義忠,下河辺俊行,0.0,2015101382,1034,1129,185031
202010020507,7,5,6,ロナ,牝4,55.0,鮫島克駿,1:08.1,アタマ,3-3,34.7,13.8,5.0,468.0,6.0,[西]橋口慎介,桑畑隆信,0.0,2016104944,1157,1154,836008
202010020507,8,8,13,シシリエンヌ,牝4,55.0,高倉稜,1:08.2,クビ,11-11,34.1,12.0,4.0,494.0,2.0,[西]牧浦充徳,手嶋康雄,0.0,2016101373,1130,1113,759030
202010020507,9,1,1,エヴァイエ,牝5,52.0,泉谷楓真,1:08.3,3/4,4-5,34.7,13.8,6.0,466.0,-6.0,[西]角田晃一,ノースヒルズ,0.0,2015102498,1182,1121,788800
202010020507,10,7,10,ピエーナテーラー,牝3,52.0,秋山真一,1:08.3,アタマ,1-1,35.4,6.5,3.0,474.0,-6.0,[西]石橋守,中西浩一,0.0,2017101858,1019,1140,730002
202010020507,11,4,4,ジューンアクア,牝3,52.0,浜中俊,1:08.4,1/2,2-2,35.1,21.6,8.0,472.0,0.0,[西]飯田祐史,吉川潤,0.0,2017102893,1115,1139,17803
202010020507,12,3,3,メイショウヤワラギ,牝4,55.0,国分優作,1:08.6,1,4-5,35.0,192.0,13.0,452.0,-10.0,[西]西浦勝一,松本好隆,0.0,2016102152,1125,1016,911008
202010020507,13,5,7,ミーアシャム,牝3,52.0,北村友一,1:08.8,1,11-12,34.7,78.0,12.0,444.0,0.0,[西]池添学,サンデーレーシング,0.0,2017105419,1102,1144,226800
202010020509,1,1,2,ヨカヨカ,牝2,57.0,福永祐一,1:09.2,,1-1,35.2,1.3,1.0,446.0,-2.0,[西]谷潔,岡浩二,1439.9,2018109134,1014,431,370008
202010020509,2,3,5,テイエムサツマドン,牡2,55.0,和田竜二,1:09.8,3.1/2,4-2,35.4,5.6,2.0,472.0,-6.0,[西]鈴木孝志,竹園正繼,571.4,2018109162,1018,1111,356002
202010020509,3,4,8,ライトシャワー,牝2,55.0,田中純,1:09.8,クビ,10-7,34.6,41.4,5.0,458.0,-15.0,[地]手島勝利,村山光弘,355.7,2018109122,5456,5257,930031
202010020509,4,8,17,カシノレオ,牡2,55.0,松山弘平,1:09.9,クビ,2-4,35.7,8.3,3.0,486.0,6.0,[西]鈴木孝志,柏木務,210.0,2018109152,1126,1111,514009
202010020509,5,5,9,ヒムカノロッキー,牡2,53.0,中井裕二,1:10.2,2,2-3,36.1,247.0,13.0,468.0,0.0,[西]湯窪幸雄,杉浦和也,140.0,2018109140,1141,1057,367033
202010020509,6,8,15,アイアンムスメ,牝2,53.0,藤岡康太,1:10.2,ハナ,4-4,35.7,13.7,4.0,436.0,-4.0,[西]笹田和秀,西村新一郎,0.0,2018109160,1116,1104,772002
202010020509,7,8,16,イロエンピツ,牝2,53.0,幸英明,1:10.4,1.1/2,4-6,35.9,55.2,6.0,468.0,2.0,[西]大根田裕,内田玄祥,0.0,2018109129,732,1032,149033
202010020509,8,1,1,テイエムオペラッコ,牝2,53.0,国分優作,1:11.2,5,15-15,35.6,162.6,11.0,416.0,4.0,[西]湯窪幸雄,竹園正繼,0.0,2018109167,1125,1057,356002
202010020509,9,7,14,テイエムサツマオー,牡2,53.0,荻野極,1:11.3,3/4,14-11,35.8,120.2,9.0,492.0,0.0,[西]五十嵐忠,竹園正繼,0.0,2018109163,1160,422,356002
202010020509,10,2,3,キリシマムテキ,牡2,53.0,高倉稜,1:11.5,1.1/4,10-8,36.4,119.3,8.0,434.0,4.0,[東]石毛善彦,土屋君春,0.0,2018109144,1130,428,628009
202010020509,11,6,12,ダイヤモンドヘッド,牡2,53.0,小牧太,1:11.6,1/2,9-10,36.6,110.7,7.0,484.0,6.0,[西]服部利之,新保松二,0.0,2018109171,894,1040,256009
202010020509,12,2,4,テイエムサツマッコ,牡2,53.0,富田暁,1:11.8,1.1/4,7-8,37.2,162.8,12.0,484.0,0.0,[西]木原一良,竹園正繼,0.0,2018109166,1168,1033,356002
202010020509,13,3,6,サイパー,牡2,53.0,酒井学,1:11.9,3/4,13-13,36.6,250.7,14.0,438.0,2.0,[西]武英智,山口裕介,0.0,2018109178,1034,1161,798033
202010020509,14,6,11,テイエムベニサツマ,牝2,53.0,国分恭介,1:12.1,1.1/4,17-15,36.2,263.8,15.0,414.0,10.0,[西]飯田雄三,竹園正繼,0.0,2018109164,1124,1050,356002
202010020509,15,5,10,キリシマオードリー,牝2,53.0,柴田未崎,1:12.3,1.1/4,10-13,37.1,347.2,17.0,444.0,0.0,[東]的場均,土屋君春,0.0,2018109146,1010,1063,628009
202010020509,16,7,13,シーフードパイセン,牡2,53.0,松若風馬,1:12.9,3.1/2,15-17,37.3,149.7,10.0,438.0,0.0,[西]松永幹夫,山下良子,0.0,2018109127,1154,1092,158033
202010020509,17,4,7,クラトリヴィーナス,牝2,55.0,石川慎将,1:13.2,1.3/4,8-11,38.3,290.2,16.0,418.0,-16.0,[地]石川浩文,徳重実幸,0.0,2018109169,5478,5661,908031
202010020510,1,2,4,フィオリキアリ,牝3,52.0,藤岡康太,2:00.3,,2-2-2-2,35.1,6.2,2.0,444.0,20.0,[西]清水久詞,槙和美,1535.7,2017101797,1116,1110,754033
202010020510,2,5,10,ボンオムトゥック,牝3,52.0,福永祐一,2:00.5,1.1/2,7-8-7-6,34.9,1.8,1.0,462.0,12.0,[西]高橋亮,窪田芳郎,610.2,2017105281,1014,1136,208008
202010020510,3,3,5,ゲンティアナ,牝4,55.0,荻野極,2:00.5,ハナ,2-3-3-3,35.2,35.6,10.0,444.0,30.0,[西]松永幹夫,吉田勝己,385.1,2016104698,1160,1092,790005
202010020510,4,3,6,メトロポール,牝4,55.0,浜中俊,2:00.8,1.3/4,9-9-9-7,35.1,14.4,6.0,474.0,-6.0,[西]吉村圭司,ゴドルフィン,230.0,2016110010,1115,1130,3060
202010020510,5,6,11,ココナッツスルー,牝5,55.0,松山弘平,2:00.9,1/2,9-9-15-14,34.7,12.4,4.0,450.0,8.0,[西]橋口慎介,飯田正剛,150.0,2015105936,1126,1154,994002
202010020510,6,2,3,ハローユニコーン,牝6,55.0,松若風馬,2:00.9,アタマ,1-1-1-1,36.2,23.1,7.0,470.0,-8.0,[西]鮫島一歩,ＣＨＥＶＡＬＡＴＴＡＣＨＥ,0.0,2014104031,1154,1046,888800
202010020510,7,4,7,ハギノカエラ,牝7,55.0,川田将雅,2:01.0,クビ,15-13-9-7,35.3,14.0,5.0,432.0,-6.0,[西]鮫島一歩,安岡美津子,0.0,2013103160,1088,1046,631006
202010020510,8,1,2,スパイクナード,牝6,55.0,国分恭介,2:01.1,3/4,6-6-9-10,35.4,33.1,9.0,448.0,-2.0,[西]佐々木晶,前田幸治,0.0,2014100597,1124,429,948006
202010020510,9,4,8,アルファライズ,牝4,55.0,北村友一,2:01.1,ハナ,7-6-5-3,35.7,32.5,8.0,454.0,6.0,[西]安田隆行,松岡隆雄,0.0,2016104233,1102,438,306008
202010020510,10,6,12,カサーレ,牝5,55.0,川須栄彦,2:01.3,1.1/4,4-4-7-10,35.8,158.8,15.0,438.0,-2.0,[西]吉岡辰弥,飯田正剛,0.0,2015105960,1128,1176,994002
202010020510,11,5,9,ヒラボクメルロー,牝4,55.0,小崎綾也,2:01.4,3/4,12-13-15-16,35.1,44.2,11.0,452.0,-2.0,[西]寺島良,平田牧場,0.0,2016102005,1152,1158,984800
202010020510,12,8,15,トロハ,牝4,55.0,幸英明,2:01.4,クビ,12-12-3-7,36.1,70.4,13.0,482.0,-8.0,[西]浜田多実,橋元勇氣,0.0,2016104221,732,1138,943030
202010020510,13,1,1,シャンドフルール,牝3,52.0,鮫島克駿,2:01.5,クビ,4-4-5-3,36.1,8.3,3.0,502.0,6.0,[西]松永幹夫,前田葉子,0.0,2017101821,1157,1092,245030
202010020510,14,7,13,ペプチドフシチョウ,牝4,55.0,富田暁,2:01.5,アタマ,12-13-13-14,35.5,100.3,14.0,456.0,6.0,[西]武英智,沼川一彦,0.0,2016101792,1168,1161,500007
202010020510,15,8,16,レイトブルーミング,牝4,55.0,国分優作,2:02.1,3.1/2,9-9-12-10,36.3,230.1,16.0,442.0,0.0,[西]松下武士,ジーホース,0.0,2016103710,1125,1149,338803
202010020510,16,7,14,バラーディスト,牝4,55.0,和田竜二,2:02.6,3,16-16-13-10,36.6,67.3,12.0,484.0,14.0,[西]石坂正,シルクレーシング,0.0,2016104570,1018,1022,506800
202010020511,1,6,8,コパノフィーリング,牝3,52.0,藤岡康太,0:57.5,,3-3,35.0,4.4,2.0,460.0,-2.0,[西]宮徹,小林祥晃,1845.9,2017103997,1116,1018,966007
202010020511,2,7,9,アスタースウィング,牡6,57.0,太宰啓介,0:57.7,1.1/4,10-7,34.6,53.1,11.0,518.0,-2.0,[西]中竹和也,加藤久枝,737.4,2014110107,1037,1039,935003
202010020511,3,4,4,ハクアイブラック,牡3,54.0,幸英明,0:57.9,1.1/4,1-1,35.7,2.5,1.0,506.0,-18.0,[西]松永昌博,Ｈ．Ｉコーポレーション,463.7,2017101482,732,1083,840800
202010020511,4,5,6,プリカジュール,牝4,55.0,和田竜二,0:58.1,1.1/4,2-2,35.7,29.4,9.0,504.0,-6.0,[西]寺島良,ノースヒルズ,270.0,2016100603,1018,1158,788800
202010020511,5,8,11,ボーサンシー,牡7,57.0,北村友一,0:58.4,1.1/2,4-4,35.8,17.3,6.0,544.0,8.0,[西]池添学,吉田和美,182.0,2013110126,1102,1144,138007
202010020511,6,7,10,フォルツァエフ,牡5,57.0,川田将雅,0:58.5,1/2,7-7,35.6,8.0,4.0,484.0,-8.0,[西]森秀行,大野剛嗣,0.0,2015110063,1088,427,265033
202010020511,7,3,3,ファビュラスギフト,牝4,55.0,富田暁,0:58.6,3/4,4-4,35.9,12.0,5.0,476.0,0.0,[西]武英智,グリーンファーム,0.0,2016105174,1168,1161,148800
202010020511,8,2,2,サーティグランド,セ8,57.0,川須栄彦,0:58.6,アタマ,7-7,35.6,18.6,7.0,506.0,8.0,[西]羽月友彦,山上和良,0.0,2012102641,1128,1091,851007
202010020511,9,6,7,スマートアテナ,牝4,55.0,松山弘平,0:58.8,1.1/4,11-11,35.6,24.5,8.0,444.0,2.0,[西]吉田直弘,大川徹,0.0,2016103212,1126,1101,7803
202010020511,10,1,1,ダノンチャンス,セ6,57.0,秋山真一,0:58.8,アタマ,7-7,35.8,5.8,3.0,488.0,-6.0,[東]田中博康,ダノックス,0.0,2014101948,1019,1162,619800
202010020511,11,8,12,スリーランディア,牝6,55.0,鮫島克駿,0:59.0,1,12-12,35.5,32.2,10.0,434.0,6.0,[西]橋田満,永井商事,0.0,2014102204,1157,362,61800
202010020511,12,5,5,ゴールドリング,牝4,55.0,国分優作,0:59.2,1.1/2,4-4,36.5,91.4,12.0,476.0,7.0,[西]坂口智康,加藤充彦,0.0,2016101637,1125,1170,869800
202010020512,1,7,10,ラインオブダンス,牝3,52.0,川田将雅,1:47.0,,6-6-5-5,34.5,3.3,2.0,492.0,4.0,[西]矢作芳人,Ｇ１レーシング,760.0,2017105067,1088,1075,808800
202010020512,2,6,8,ヤマニンマヒア,牡4,57.0,和田竜二,1:47.1,3/4,9-9-9-9,34.1,7.6,4.0,450.0,-12.0,[西]松永幹夫,土井肇,300.0,2016100569,1018,1092,329004
202010020512,3,8,12,ロードシャムロック,牡3,54.0,中井裕二,1:47.1,アタマ,3-4-4-3,34.9,16.2,6.0,498.0,-12.0,[西]中内田充,ロードホースクラブ,190.0,2017102385,1141,1137,170800
202010020512,4,2,2,ヴェントボニート,牝3,52.0,松山弘平,1:47.2,クビ,10-9-9-9,34.3,2.7,1.0,414.0,0.0,[西]池添学,名古屋友豊,110.0,2017101317,1126,1144,463800
202010020512,5,5,7,シルバーエース,牡3,54.0,鮫島克駿,1:47.3,3/4,7-7-6-6,34.5,18.5,7.0,462.0,-2.0,[西]橋口慎介,林正道,76.0,2017100451,1157,1154,675030
202010020512,6,7,11,セイイーグル,セ6,57.0,福永祐一,1:47.5,1.1/4,11-11-11-11,34.2,15.0,5.0,440.0,-4.0,[西]石坂正,吉澤ホールディングス,0.0,2014105582,1014,1022,346803
202010020512,7,4,4,クリノブレーヴ,牡3,54.0,幸英明,1:48.0,3,13-13-13-12,34.4,37.0,10.0,446.0,-8.0,[西]長谷川浩,栗本博晴,0.0,2017109010,732,1173,970006
202010020512,8,6,9,グレースオブナイル,牝3,52.0,松若風馬,1:48.0,クビ,2-2-2-2,36.1,7.1,3.0,430.0,-4.0,[西]杉山晴紀,グリーンファーム,0.0,2017104781,1154,1157,148800
202010020512,9,5,6,エイシンバイエルン,牝3,52.0,太宰啓介,1:48.6,3.1/2,1-1-1-1,36.9,33.4,9.0,484.0,-2.0,[西]中尾秀正,栄進堂,0.0,2017105877,1037,1069,785800
202010020512,10,4,5,オーシャンスケイプ,牝4,55.0,北村友一,1:48.9,1.3/4,5-5-6-6,36.2,84.6,12.0,424.0,-8.0,[西]長谷川浩,シルクレーシング,0.0,2016104557,1102,1173,506800
202010020512,11,3,3,ロードマドリード,牡5,57.0,川須栄彦,1:48.9,クビ,7-7-6-6,36.1,26.0,8.0,466.0,4.0,[西]角居勝彦,ロードホースクラブ,0.0,2015102372,1128,1053,170800
202010020512,12,1,1,エピローグ,牝4,55.0,小崎綾也,1:49.3,2.1/2,3-3-2-3,37.3,78.6,11.0,460.0,-10.0,[西]小崎憲,藤田好紀,0.0,2016101402,1152,1085,41033
202010020512,13,8,13,スーパーアロイ,牡4,57.0,藤懸貴志,1:50.7,9,12-11-11-13,37.3,148.7,13.0,486.0,-8.0,[西]大根田裕,藤原征士郎,0.0,2016102675,1138,1032,311030
202010020601,1,3,3,テンバガー,牡2,54.0,川田将雅,2:02.8,,2-2-2-1,35.4,2.3,2.0,506.0,-10.0,[西]藤岡健一,Ｇ１レーシング,510.0,2018105161,1088,1062,808800
202010020601,2,1,1,トーセンインパルス,牡2,54.0,浜中俊,2:02.9,3/4,6-6-6-6,35.1,1.8,1.0,474.0,-6.0,[西]角居勝彦,島川隆哉,200.0,2018105419,1115,1053,270006
202010020601,3,4,4,スーゼル,牝2,54.0,幸英明,2:03.4,3,4-4-3-3,35.7,50.5,7.0,452.0,0.0,[西]長谷川浩,門野重雄,130.0,2018105832,732,1173,490006
202010020601,4,6,6,ノボリスターリー,牡2,53.0,富田暁,2:03.9,3,8-7-7-7,35.8,126.2,9.0,526.0,2.0,[西]平田修,原田豊,77.0,2018104672,1168,1082,945006
202010020601,5,2,2,ヒミノフラッシュ,牡2,54.0,鮫島克駿,2:03.9,アタマ,1-1-1-2,36.5,38.0,5.0,520.0,0.0,[西]川村禎彦,佐々木八郎,51.0,2018101337,1157,1003,742005
202010020601,6,8,9,カオリナイト,牝2,54.0,小牧太,2:04.0,3/4,8-9-7-7,35.9,112.9,8.0,490.0,-6.0,[西]牧田和弥,谷口祐人,0.0,2018102262,894,1123,74031
202010020601,7,5,5,パラダイスアレイ,牡2,54.0,和田竜二,2:04.1,クビ,7-7-3-3,36.5,16.8,4.0,450.0,-2.0,[西]吉村圭司,橋元勇氣,0.0,2018104137,1018,1130,943030
202010020601,8,8,8,トーホウスザク,牡2,54.0,酒井学,2:04.1,ハナ,3-3-3-3,36.4,40.3,6.0,478.0,0.0,[西]谷潔,東豊物産,0.0,2018100621,1034,431,965800
202010020601,9,7,7,ショレアドルチェ,牝2,54.0,松山弘平,2:04.5,2.1/2,5-5-7-7,36.4,14.2,3.0,438.0,-4.0,[西]寺島良,ＹＧＧホースクラブ,0.0,2018100167,1126,1158,188800
202010020602,1,1,2,メイショウゲンセン,牝3,54.0,太宰啓介,1:08.5,,3-3,34.5,15.8,5.0,436.0,-4.0,[西]武幸四郎,松本好雄,510.0,2017106087,1037,1160,523005
202010020602,2,7,13,ウインヴェルメリオ,牝3,54.0,国分優作,1:08.5,アタマ,1-2,34.9,12.0,4.0,488.0,10.0,[西]飯田雄三,ウイン,200.0,2017100633,1125,1050,494800
202010020602,3,1,1,マカロンパフェ,牝3,54.0,松山弘平,1:08.5,クビ,2-1,34.9,5.2,2.0,500.0,4.0,[西]河内洋,社台レースホース,130.0,2017104793,1126,1072,415800
202010020602,4,2,3,レッドエーデル,牝3,54.0,北村友一,1:08.6,アタマ,5-3,34.5,16.4,6.0,436.0,-8.0,[西]斉藤崇史,東京ホースレーシング,77.0,2017105190,1102,1151,180800
202010020602,5,6,11,ホワイトロッジ,牝3,54.0,川田将雅,1:08.6,ハナ,5-5,34.5,2.1,1.0,422.0,2.0,[西]藤岡健一,ゴドルフィン,51.0,2017106578,1088,1062,3060
202010020602,6,7,14,クリノティファニー,牝3,53.0,富田暁,1:08.9,1.3/4,7-7,34.6,43.2,11.0,424.0,-8.0,[西]須貝尚介,栗本博晴,0.0,2017100222,1168,1105,970006
202010020602,7,4,8,ダイメイムーン,牝3,54.0,幸英明,1:09.2,2,10-9,34.6,24.7,9.0,520.0,6.0,[西]森田直行,宮本昇,0.0,2017101033,732,1142,177033
202010020602,8,5,10,ホウオウグラス,牝3,54.0,藤懸貴志,1:09.2,クビ,13-12,34.3,173.4,14.0,416.0,-2.0,[西]安田翔伍,小笹芳央,0.0,2017103260,1138,1164,906033
202010020602,9,3,6,イダ,牝3,51.0,泉谷楓真,1:09.3,クビ,10-9,34.8,17.7,7.0,406.0,-4.0,[西]武幸四郎,中辻明,0.0,2017102906,1182,1160,646030
202010020602,10,8,15,ソレイユドゥアルル,牝3,54.0,和田竜二,1:09.3,アタマ,13-13,34.3,7.5,3.0,472.0,14.0,[西]今野貞一,谷口牧場,0.0,2017106177,1018,1128,950800
202010020602,11,5,9,ヒルノパルマ,牝3,54.0,浜中俊,1:09.4,1/2,15-15,34.1,19.3,8.0,426.0,2.0,[西]昆貢,ヒルノ,0.0,2017106212,1115,1044,823800
202010020602,12,3,5,スウィートイレブン,牝3,53.0,森裕太朗,1:09.6,1.1/2,7-7,35.4,176.0,15.0,418.0,4.0,[西]藤沢則雄,吉野加壽代,0.0,2017101397,1165,1041,991030
202010020602,13,4,7,ナバテア,牝3,54.0,酒井学,1:09.8,1.1/4,12-13,35.0,145.1,13.0,422.0,4.0,[西]高野友和,飯田正剛,0.0,2017103779,1034,1117,994002
202010020602,14,8,16,アナラビ,牝3,54.0,中井裕二,1:09.9,1/2,15-15,34.6,264.5,17.0,380.0,-4.0,[西]坂口智康,田所英子,0.0,2017101086,1141,1170,635009
202010020602,15,8,17,メイショウケイソウ,牝3,54.0,鮫島克駿,1:10.1,1.1/2,3-5,36.1,30.9,10.0,422.0,10.0,[西]南井克巳,松本和子,0.0,2017106253,1157,1049,789006
202010020602,16,6,12,ランスオブマインド,牝3,54.0,松若風馬,1:10.5,2.1/2,17-17,34.7,58.0,12.0,424.0,0.0,[西]本田優,五影慶則,0.0,2017104083,1154,1099,477006
202010020602,17,2,4,ダイアナマロン,牝3,54.0,国分恭介,1:10.8,2,7-9,36.5,200.9,16.0,452.0,-6.0,[西]大根田裕,駒秀,0.0,2017105889,1124,1032,436800
202010020603,1,4,8,ルドンカズマ,牡3,56.0,松若風馬,1:46.1,,2-2-2-2,37.9,3.9,1.0,486.0,-4.0,[西]杉山晴紀,雅苑興業,510.0,2017102894,1154,1157,879800
202010020603,2,8,15,フィアレスハート,牡3,56.0,岡田祥嗣,1:46.1,クビ,3-3-3-3,37.8,14.7,6.0,500.0,0.0,[西]藤原英昭,社台レースホース,200.0,2017104857,5429,1055,415800
202010020603,3,3,5,タガノトランキーロ,牡3,56.0,川又賢治,1:46.6,3,1-1-1-1,38.4,21.2,7.0,476.0,2.0,[西]石橋守,八木良司,130.0,2017101722,1166,1140,859002
202010020603,4,7,13,マーティンヒル,牡3,55.0,森裕太朗,1:46.7,1/2,7-7-7-7,37.9,42.0,12.0,400.0,2.0,[西]藤沢則雄,大戸志浦,77.0,2017106124,1165,1041,520030
202010020603,5,1,1,サイレントスウープ,牝3,54.0,北村友一,1:46.8,クビ,8-8-9-7,37.7,33.3,11.0,466.0,6.0,[西]安田翔伍,ゴドルフィン,51.0,2017106596,1102,1164,3060
202010020603,6,2,3,アカボシ,牡3,56.0,浜中俊,1:47.1,2,5-4-4-4,38.6,4.5,2.0,540.0,8.0,[西]武幸四郎,ゴドルフィン,0.0,2017106581,1115,1160,3060
202010020603,7,1,2,フリークボンバー,牡3,56.0,国分恭介,1:47.2,1/2,13-14-13-9,37.8,8.9,5.0,488.0,4.0,[西]湯窪幸雄,吉永清美,0.0,2017103822,1124,1057,318007
202010020603,8,4,7,アドマイヤヴェラ,牡3,56.0,松山弘平,1:47.4,1.1/2,6-6-6-4,38.8,7.2,4.0,468.0,6.0,[西]須貝尚介,近藤旬子,0.0,2017105314,1126,1105,535031
202010020603,9,5,9,キワミ,セ3,56.0,太宰啓介,1:47.7,1.1/2,14-13-9-9,38.6,25.8,8.0,468.0,0.0,[西]昆貢,寺田寿男,0.0,2017100764,1037,1044,866006
202010020603,10,5,10,ウォーターモースト,牡3,56.0,酒井学,1:47.7,ハナ,9-8-7-9,38.8,31.3,10.0,440.0,-4.0,[西]田所秀孝,山岡正人,0.0,2017104497,1034,1009,312006
202010020603,11,3,6,ネクサスアルカナム,牡3,56.0,和田竜二,1:48.0,1.3/4,3-4-4-4,39.5,57.2,13.0,482.0,-12.0,[西]梅田智之,吉田勝己,0.0,2017105550,1018,1084,790005
202010020603,12,6,12,デビルバローズ,牡3,56.0,藤井勘一,1:48.0,ハナ,11-11-9-12,38.9,27.7,9.0,508.0,0.0,[西]渡辺薫彦,猪熊広次,0.0,2017102310,5525,1155,859007
202010020603,13,6,11,ナムラダヴィンチ,牡3,56.0,幸英明,1:48.1,1/2,11-10-9-13,39.0,4.7,3.0,444.0,4.0,[西]大根田裕,奈村信重,0.0,2017101054,732,1032,945004
202010020603,14,7,14,サツキヒューズ,牡3,56.0,藤懸貴志,1:48.5,2.1/2,9-11-14-14,38.0,171.2,15.0,454.0,4.0,[西]小崎憲,谷和光彦,0.0,2017104301,1138,1085,838008
202010020603,15,2,4,ベッロコルサ,牡3,56.0,荻野極,1:49.0,3,14-15-15-15,38.3,70.3,14.0,420.0,6.0,[西]角田晃一,シルクレーシング,0.0,2017105538,1160,1121,506800
202010020603,16,8,16,シーシップ,牝3,54.0,川須栄彦,1:49.2,1.1/4,16-16-16-16,38.2,208.7,16.0,482.0,-4.0,[西]河内洋,松岡隆雄,0.0,2017104098,1128,1072,306008
202010020604,1,8,13,スマートルシア,牝3,54.0,川須栄彦,1:08.7,,6-5,34.5,21.8,7.0,458.0,12.0,[西]河内洋,大川徹,510.0,2017110079,1128,1072,7803
202010020604,2,7,12,オウケンラブキセキ,牝3,54.0,北村友一,1:08.8,1/2,2-2,35.2,2.3,1.0,474.0,-4.0,[西]安田隆行,福井明,200.0,2017105316,1102,438,731006
202010020604,3,3,4,ワンダースアダーオ,牝3,54.0,松山弘平,1:09.0,1.1/4,4-3,35.0,6.4,3.0,448.0,4.0,[西]森田直行,山本能成,130.0,2017103146,1126,1142,184033
202010020604,4,5,8,ナオミエキスプレス,牝3,54.0,浜中俊,1:09.0,クビ,6-5,34.9,7.4,4.0,426.0,0.0,[西]池添学,塩澤正樹,77.0,2017104610,1115,1144,915008
202010020604,5,4,6,スリーコーズクライ,牡3,55.0,富田暁,1:09.1,クビ,8-9,34.8,5.9,2.0,462.0,6.0,[西]吉村圭司,永井商事,51.0,2017103181,1168,1130,61800
202010020604,6,2,2,メイショウマサカツ,牡3,56.0,田中健,1:09.1,クビ,1-1,35.7,56.6,12.0,410.0,-14.0,[西]安達昭夫,松本好雄,0.0,2017106062,1114,1042,523005
202010020604,7,4,5,ウインクルジニー,牝3,54.0,長岡禎仁,1:09.1,ハナ,12-11,34.6,21.7,6.0,442.0,-2.0,[西]高橋亮,塚本能交,0.0,2017100592,1142,1136,952006
202010020604,8,7,11,フレックル,牝3,54.0,鮫島克駿,1:09.2,3/4,4-5,35.2,8.6,5.0,422.0,4.0,[西]坂口智康,今村明浩,0.0,2017105947,1157,1170,466033
202010020604,9,8,14,ニホンピロキアロ,牡3,56.0,酒井学,1:09.3,1/2,8-9,35.0,134.1,13.0,434.0,1.0,[西]大橋勇樹,小林百太郎,0.0,2017103893,1034,1065,985001
202010020604,10,3,3,メイショウホルス,牡3,53.0,泉谷楓真,1:09.4,クビ,8-5,35.1,22.2,8.0,494.0,2.0,[西]本田優,松本好雄,0.0,2017106325,1182,1099,523005
202010020604,11,5,7,オーバーテイカー,牡3,56.0,藤井勘一,1:09.4,ハナ,8-11,35.1,42.9,10.0,436.0,-2.0,[西]小崎憲,キヨタケ牧場,0.0,2017103451,5525,1085,490800
202010020604,12,1,1,バトルオブアルマダ,牡3,56.0,松若風馬,1:09.6,1.1/2,12-11,35.0,53.3,11.0,500.0,0.0,[西]松永幹夫,吉田勝己,0.0,2017105603,1154,1092,790005
202010020604,13,6,9,メイショウハルカス,牡3,56.0,太宰啓介,1:09.7,3/4,14-14,35.0,184.0,14.0,486.0,-2.0,[西]荒川義之,松本好雄,0.0,2017106291,1037,1095,523005
202010020604,14,6,10,セイウンモーリー,牡3,56.0,和田竜二,1:11.0,8,3-3,37.1,24.4,9.0,480.0,0.0,[西]森秀行,西山茂行,0.0,2017110121,1018,427,897009
202010020605,1,8,12,アールラプチャー,牝2,54.0,太宰啓介,1:08.8,,2-2,34.8,12.2,5.0,458.0,0.0,[西]千田輝彦,前原敏行,700.0,2018100740,1037,1120,427030
202010020605,2,2,2,シャドウエリス,牝2,54.0,北村友一,1:09.0,1.1/2,3-3,34.5,19.0,6.0,450.0,0.0,[西]友道康夫,飯塚知一,280.0,2018104730,1102,1061,308002
202010020605,3,7,10,コウエイブレイヴ,牡2,54.0,松山弘平,1:09.7,4,6-6,35.0,8.7,3.0,470.0,0.0,[西]森秀行,伊東政清,180.0,2018110127,1126,427,495005
202010020605,4,8,11,エントラーテ,牝2,54.0,和田竜二,1:09.7,ハナ,3-4,35.2,27.9,7.0,432.0,0.0,[西]鈴木孝志,吉田智,110.0,2018101595,1018,1111,805033
202010020605,5,6,8,メディーヴァル,牡2,54.0,幸英明,1:09.9,1.1/4,1-1,36.0,6.9,2.0,452.0,0.0,[西]寺島良,ターフ・スポート,70.0,2018102360,732,1158,102800
202010020605,6,4,4,ヴェックマン,牡2,54.0,松若風馬,1:10.2,2,7-6,35.4,1.4,1.0,492.0,0.0,[西]音無秀孝,キャロットファーム,0.0,2018105281,1154,1002,486800
202010020605,7,1,1,ベルゼール,牝2,54.0,浜中俊,1:10.3,3/4,10-10,34.8,12.2,4.0,446.0,0.0,[西]平田修,シルクレーシング,0.0,2018105202,1115,1082,506800
202010020605,8,7,9,モンテモナコ,牝2,53.0,富田暁,1:11.0,4,9-9,35.9,121.4,9.0,422.0,0.0,[東]蛯名利弘,西村新一郎,0.0,2018104038,1168,1131,772002
202010020605,9,3,3,パナプリ,牡2,54.0,酒井学,1:11.0,クビ,3-4,36.5,90.5,8.0,430.0,0.0,[西]牧田和弥,畑佐博,0.0,2018100084,1034,1123,78006
202010020605,10,6,7,エグゼクティブリリ,牝2,54.0,鮫島克駿,1:11.5,3,7-6,36.7,163.2,11.0,450.0,0.0,[西]小崎憲,村田裕子,0.0,2018106816,1157,1085,472033
202010020605,11,5,5,カシノフォワード,セ2,54.0,川須栄彦,1:11.9,2.1/2,11-11,36.1,186.7,12.0,444.0,0.0,[東]蛯名利弘,柏木務,0.0,2018101679,1128,1131,514009
202010020605,12,5,6,アミスタ,牝2,54.0,藤井勘一,1:12.7,5,11-12,36.8,130.5,10.0,488.0,0.0,[西]羽月友彦,水上行雄,0.0,2018103047,5525,1091,482002
202010020606,1,4,8,タニノヨセミテ,牝3,54.0,鮫島良太,2:00.3,,15-15-16-13,35.0,19.5,7.0,410.0,4.0,[西]松田国英,谷水雄三,510.0,2017103927,1099,1011,764001
202010020606,2,7,15,エコロブラッサム,牝3,54.0,田中健,2:00.4,3/4,1-1-1-1,36.4,34.7,11.0,466.0,8.0,[西]荒川義之,原村正紀,200.0,2017104785,1114,1095,783033
202010020606,3,3,6,エトヴァス,牝3,54.0,高倉稜,2:00.6,1.1/2,15-9-7-4,35.9,8.8,4.0,452.0,-12.0,[西]杉山晴紀,薪浦亨,130.0,2017104598,1130,1157,768006
202010020606,4,8,16,アロハヌイロア,牝3,54.0,北村友一,2:00.7,1/2,10-13-14-9,35.7,4.5,3.0,440.0,-4.0,[西]角居勝彦,ニッシンホールディングス,77.0,2017105230,1102,1053,318803
202010020606,5,8,17,ヴィオリーナ,牝3,54.0,幸英明,2:01.0,1.3/4,3-3-4-4,36.7,3.9,1.0,456.0,2.0,[西]中内田充,ロードホースクラブ,51.0,2017102394,732,1137,170800
202010020606,6,6,12,フルミント,牝3,54.0,和田竜二,2:01.0,ハナ,10-9-10-12,36.2,27.8,9.0,492.0,4.0,[西]石坂公一,吉田和美,0.0,2017102521,1018,1166,138007
202010020606,7,1,2,ガレットデロワ,牝3,54.0,国分恭介,2:01.1,クビ,17-17-17-15,35.7,23.3,8.0,400.0,-6.0,[西]池添兼雄,水谷昌晃,0.0,2017103372,1124,1021,616030
202010020606,8,6,11,ホロイムア,牝3,51.0,泉谷楓真,2:01.7,3.1/2,10-9-13-13,36.8,116.4,17.0,452.0,0.0,[西]藤岡健一,ニッシンホールディングス,0.0,2017104830,1182,1062,318803
202010020606,9,4,7,ステラアルバ,牝3,54.0,川田将雅,2:01.9,1.1/4,2-2-2-3,37.8,4.2,2.0,454.0,0.0,[西]牧浦充徳,サンデーレーシング,0.0,2017105535,1088,1113,226800
202010020606,10,7,14,スズカペンダント,牝3,54.0,松山弘平,2:02.0,1/2,9-9-10-7,37.2,43.9,12.0,442.0,-4.0,[西]杉山晴紀,永井啓弍,0.0,2017104455,1126,1157,382004
202010020606,11,2,4,キュートルーラー,牝3,54.0,川須栄彦,2:02.3,2,3-3-2-2,38.1,101.1,16.0,434.0,14.0,[西]安田翔伍,ロードホースクラブ,0.0,2017102392,1128,1164,170800
202010020606,12,5,10,エメルヴェイエ,牝3,54.0,荻野極,2:02.4,クビ,3-3-5-7,37.9,74.6,14.0,432.0,0.0,[西]石坂正,Ｇ１レーシング,0.0,2017105150,1160,1022,808800
202010020606,13,3,5,タムロシャイン,牝3,54.0,松若風馬,2:02.6,1.1/4,6-6-7-9,38.0,32.7,10.0,450.0,8.0,[西]西園正都,谷口屯,0.0,2017100033,1154,1028,586006
202010020606,14,5,9,サンマルキャンディ,牝3,54.0,藤懸貴志,2:03.1,3,18-17-17-18,37.7,66.0,13.0,504.0,12.0,[西]大根田裕,相馬勇,0.0,2017106714,1138,1032,580007
202010020606,15,2,3,ジューンミュゲ,牝3,53.0,富田暁,2:03.6,3,6-8-7-9,38.9,17.0,6.0,436.0,4.0,[西]武英智,吉川潤,0.0,2017106244,1168,1161,17803
202010020606,16,1,1,ルーラーザクイーン,牝3,54.0,長岡禎仁,2:03.7,クビ,13-13-14-15,38.6,86.7,15.0,462.0,-6.0,[西]高橋康之,サイプレスホールディングス,0.0,2017105951,1142,1135,15803
202010020606,17,7,13,ショウナンラクエン,牝3,54.0,浜中俊,2:04.0,2,13-15-5-6,39.5,10.1,5.0,460.0,4.0,[西]梅田智之,国本哲秀,0.0,2017103612,1115,1084,331002
202010020606,18,8,18,メイショウススキノ,牝3,54.0,国分優作,2:05.0,6,6-6-10-15,40.2,244.7,18.0,456.0,-10.0,[西]安達昭夫,松本好雄,0.0,2017106091,1125,1042,523005
202010020607,1,3,4,レジェモー,牝3,49.0,泉谷楓真,0:58.4,,2-2,35.8,6.5,3.0,444.0,6.0,[西]武幸四郎,吉田照哉,760.0,2017104930,1182,1160,758005
202010020607,2,2,2,タガノハイライト,牝3,52.0,川須栄彦,0:58.7,2,6-5,35.7,3.1,1.0,524.0,16.0,[西]斉藤崇史,八木良司,300.0,2017101720,1128,1151,859002
202010020607,3,7,12,タガノジェロディ,牡4,57.0,田中健,0:58.8,3/4,9-7,35.4,9.7,5.0,478.0,-2.0,[西]浅見秀一,八木良司,190.0,2016100964,1114,411,859002
202010020607,4,1,1,アメリカンベイビー,牡3,54.0,和田竜二,0:58.9,クビ,4-4,36.0,16.2,7.0,482.0,-4.0,[西]庄野靖志,吉澤ホールディングス,110.0,2017102923,1018,1087,346803
202010020607,5,4,6,ハギノオーロ,牝3,52.0,藤懸貴志,0:59.0,1/2,2-2,36.3,28.5,9.0,496.0,-4.0,[西]高野友和,安岡美津子,76.0,2017103167,1138,1117,631006
202010020607,6,5,8,グラウクス,セ4,57.0,松若風馬,0:59.0,クビ,10-7,35.4,39.8,10.0,498.0,0.0,[西]西園正都,社台レースホース,0.0,2016105226,1154,1028,415800
202010020607,7,5,7,ラインエミネント,牡4,57.0,藤井勘一,0:59.2,1.1/4,13-13,35.3,66.3,13.0,472.0,12.0,[西]松永昌博,大澤繁昌,0.0,2016103544,5525,1083,796002
202010020607,8,6,9,ロンリーハート,牝5,55.0,国分恭介,0:59.4,1.1/4,10-11,35.8,86.9,14.0,490.0,18.0,[西]牧田和弥,薪浦亨,0.0,2015100806,1124,1123,768006
202010020607,9,7,11,サーストンネイジュ,牝4,55.0,幸英明,0:59.5,1/2,4-5,36.6,7.0,4.0,476.0,-4.0,[西]橋田満,玉置潔,0.0,2016101428,732,362,316007
202010020607,10,8,13,メイショウゼッケイ,牝4,55.0,国分優作,0:59.6,1/2,10-11,36.0,17.1,8.0,424.0,0.0,[西]梅田智之,松本好雄,0.0,2016101711,1125,1084,523005
202010020607,11,4,5,タイガーサイレンス,牡3,54.0,高倉稜,0:59.6,ハナ,13-13,35.6,41.0,11.0,438.0,-4.0,[西]大橋勇樹,伊藤和夫,0.0,2017100978,1130,1065,49033
202010020607,12,3,3,マナカ,牝4,54.0,富田暁,0:59.9,2,1-1,37.4,11.7,6.0,498.0,-8.0,[西]飯田祐史,山口敦広,0.0,2016105600,1168,1139,895030
202010020607,13,6,10,フルールドネージュ,牝3,52.0,松山弘平,1:00.4,3,6-7,37.3,4.9,2.0,448.0,16.0,[西]鈴木孝志,ライオンレースホース,0.0,2017103418,1126,1111,542800
202010020607,14,8,14,コズミックランナー,牡3,54.0,鮫島克駿,1:00.5,1/2,8-10,37.3,46.1,12.0,456.0,6.0,[西]長谷川浩,ノースヒルズ,0.0,2017102513,1157,1173,788800
202010020608,1,8,10,アーズローヴァー,牝4,55.0,北村友一,1:08.6,,4-6,34.5,3.6,2.0,462.0,4.0,[西]松下武士,キャロットファーム,760.0,2016104423,1102,1149,486800
202010020608,2,7,8,メイショウナスカ,牝5,55.0,太宰啓介,1:08.9,2,9-8,34.2,6.5,4.0,494.0,4.0,[西]高橋亮,松本好雄,300.0,2015103306,1037,1136,523005
202010020608,3,1,1,プリズマティコ,牝5,55.0,川又賢治,1:08.9,ハナ,1-1,35.2,36.1,9.0,480.0,2.0,[西]清水久詞,サンデーレーシング,190.0,2015104888,1166,1110,226800
202010020608,4,4,4,ミアグア,牝5,55.0,酒井学,1:09.0,クビ,4-6,34.8,17.2,5.0,450.0,-8.0,[西]石橋守,五影隆則,110.0,2015106163,1034,1140,968006
202010020608,5,2,2,カゼノタニノアヤカ,牝3,52.0,浜中俊,1:09.0,ハナ,2-2,35.1,2.3,1.0,456.0,0.0,[西]安田隆行,増田和啓,76.0,2017101153,1115,438,345033
202010020608,6,7,9,メメントモリ,牝3,52.0,松山弘平,1:09.0,アタマ,2-4,35.0,4.9,3.0,468.0,8.0,[西]池添学,吉田勝己,0.0,2017105516,1126,1144,790005
202010020608,7,3,3,アドマイヤレオ,牡4,56.0,富田暁,1:09.2,1.1/4,4-4,35.1,31.9,8.0,482.0,2.0,[西]須貝尚介,近藤旬子,0.0,2016104442,1168,1105,535031
202010020608,7,8,11,ジゴロ,牡4,57.0,和田竜二,1:09.2,同着,7-8,34.8,29.4,7.0,466.0,10.0,[西]鮫島一歩,安原浩司,0.0,2016105551,1018,1046,271008
202010020608,9,6,7,メルヘンステージ,牝4,55.0,藤懸貴志,1:09.8,3.1/2,7-2,35.4,142.5,10.0,498.0,0.0,[西]奥村豊,下河辺牧場,0.0,2016103117,1138,1146,362800
202010020608,10,6,6,プリヴェット,牝5,52.0,泉谷楓真,1:10.1,1.3/4,11-11,35.3,25.6,6.0,488.0,-2.0,[西]今野貞一,下河辺俊行,0.0,2015101367,1182,1128,185031
202010020608,11,5,5,クロスワールド,牝3,52.0,小松丈二,1:10.4,2,9-10,35.7,296.0,11.0,436.0,-2.0,[地]真島元徳,吉武章,0.0,2017101519,5587,5106,750031
202010020609,1,2,2,レッドルーヴル,牝4,55.0,荻野極,2:00.3,,6-6-5-6,35.0,3.5,2.0,464.0,-6.0,[西]笹田和秀,東京ホースレーシング,1092.9,2016101958,1160,1104,180800
202010020609,2,6,8,ホウオウエクレール,牡3,54.0,幸英明,2:00.5,1.1/4,4-4-3-3,35.3,7.5,5.0,502.0,6.0,[西]宮徹,小笹芳央,429.4,2017103293,732,1018,906033
202010020609,3,6,7,リンドブラッド,牡3,54.0,北村友一,2:00.5,クビ,12-12-12-11,34.1,34.1,8.0,494.0,0.0,[西]藤原英昭,Ｇ１レーシング,274.7,2017105101,1102,1055,808800
202010020609,4,7,10,タンジェリンムーン,牝3,52.0,川田将雅,2:00.6,3/4,2-2-2-1,35.7,2.6,1.0,448.0,14.0,[西]松永昌博,サンデーレーシング,160.0,2017105584,1088,1083,226800
202010020609,5,7,9,ケイアイコブラ,牡3,54.0,松若風馬,2:00.8,1.1/4,3-3-3-3,35.7,15.2,6.0,452.0,-8.0,[西]平田修,亀田和弘,106.0,2017104166,1154,1082,331803
202010020609,6,4,4,イルーシヴゴールド,牝5,55.0,松山弘平,2:01.2,2.1/2,9-9-5-3,35.9,7.4,4.0,490.0,-4.0,[西]西村真幸,サンデーレーシング,0.0,2015104983,1126,1148,226800
202010020609,7,5,6,セツメンノトビウオ,牡3,54.0,和田竜二,2:01.3,3/4,9-9-8-9,35.8,7.3,3.0,450.0,4.0,[西]牧田和弥,三宅勝俊,0.0,2017102171,1018,1123,372008
202010020609,8,8,11,パワーオーソリティ,牡3,54.0,酒井学,2:01.5,1.1/4,4-4-5-7,36.2,57.5,9.0,466.0,-1.0,[西]西園正都,ゴドルフィン,0.0,2017110019,1034,1028,3060
202010020609,9,3,3,アイファーキャノン,牝4,55.0,田中健,2:01.9,2.1/2,11-11-11-11,36.1,228.0,12.0,418.0,6.0,[西]服部利之,中島俊房,0.0,2016106119,1114,1040,831033
202010020609,10,1,1,メイショウバンカラ,牡6,57.0,中井裕二,2:02.0,1/2,6-7-8-7,36.6,160.8,11.0,520.0,4.0,[西]飯田祐史,松本和子,0.0,2014103806,1141,1139,789006
202010020609,11,5,5,マイネルポインター,牡3,54.0,国分優作,2:02.1,1/2,6-7-10-9,36.5,19.4,7.0,446.0,4.0,[東]田中博康,サラブレッドクラブ・ラフィアン,0.0,2017102646,1125,1162,546800
202010020609,12,8,12,アメリカンソレイユ,牡4,57.0,藤井勘一,2:02.7,3.1/2,1-1-1-2,38.2,87.8,10.0,472.0,0.0,[西]藤岡健一,吉澤ホールディングス,0.0,2016110078,5525,1062,346803
202010020610,1,5,10,メイショウカズサ,牡3,53.0,川田将雅,1:43.8,,1-1-1-1,36.3,2.6,1.0,474.0,-4.0,[西]安達昭夫,松本好雄,1535.7,2017106642,1088,1042,523005
202010020610,2,4,7,サンティーニ,セ5,54.0,川又賢治,1:44.5,4,5-3-4-3,36.6,35.6,8.0,486.0,-8.0,[西]羽月友彦,ターフ・スポート,610.2,2015103138,1166,1091,102800
202010020610,3,3,6,レディマドンナ,牝4,52.0,幸英明,1:44.6,1/2,16-16-4-3,36.6,11.0,4.0,450.0,-2.0,[西]角居勝彦,グランド牧場,385.1,2016105687,732,1053,367800
202010020610,4,7,14,ペガサス,牡4,56.0,和田竜二,1:44.8,1.1/2,12-12-8-6,36.7,3.7,2.0,458.0,8.0,[西]大久保龍,中辻明,230.0,2016105601,1018,1058,646030
202010020610,5,6,12,レッドゼノン,牡6,54.0,富田暁,1:45.0,1.1/4,14-14-4-3,37.1,74.4,13.0,472.0,4.0,[西]昆貢,東京ホースレーシング,150.0,2014103170,1168,1044,180800
202010020610,6,4,8,メリッサーニ,牝5,52.0,川須栄彦,1:45.4,2.1/2,12-12-11-11,37.0,44.3,10.0,498.0,6.0,[西]笹田和秀,Ｇ１レーシング,0.0,2015104872,1128,1104,808800
202010020610,7,2,3,カムカム,牡6,54.0,岡田祥嗣,1:45.4,アタマ,9-9-13-15,36.8,59.8,12.0,474.0,2.0,[西]浜田多実,共田義夫,0.0,2014100782,5429,1138,729008
202010020610,8,6,11,シゲルマツタケ,牝5,51.0,荻野極,1:45.5,クビ,9-9-15-12,36.8,94.5,14.0,454.0,6.0,[西]谷潔,森中蕃,0.0,2015103946,1160,431,674004
202010020610,9,8,15,タフチョイス,牡5,54.0,鮫島良太,1:45.8,2,2-2-2-2,38.2,37.1,9.0,496.0,-2.0,[西]角田晃一,ゴドルフィン,0.0,2015101647,1099,1121,3060
202010020610,10,5,9,ティボリドライヴ,牝4,52.0,松山弘平,1:45.9,クビ,7-7-10-8,37.7,22.2,6.0,486.0,20.0,[西]石坂公一,松岡隆雄,0.0,2016102227,1126,1166,306008
202010020610,11,8,16,ハイエストクイーン,牝5,51.0,酒井学,1:46.1,1.1/2,6-6-8-10,38.0,109.7,15.0,492.0,-2.0,[西]吉村圭司,山田弘,0.0,2015105433,1034,1130,518002
202010020610,12,3,5,クインズマラクータ,牡6,53.0,中井裕二,1:46.2,クビ,15-15-15-15,37.4,126.7,16.0,520.0,2.0,[西]新谷功一,亀田和弘,0.0,2014100529,1141,1172,331803
202010020610,13,7,13,モーニングサン,牡4,54.0,鮫島克駿,1:46.6,2.1/2,3-3-3-6,38.8,15.1,5.0,466.0,-2.0,[西]橋口慎介,林正道,0.0,2016101847,1157,1154,675030
202010020610,14,1,1,ドラセナ,セ5,54.0,藤井勘一,1:46.8,1.1/4,3-3-4-8,38.9,49.5,11.0,484.0,-2.0,[西]奥村豊,林正道,0.0,2015100018,5525,1146,675030
202010020610,15,1,2,エピキュール,牡3,53.0,松若風馬,1:46.9,クビ,7-7-11-12,38.5,4.7,3.0,516.0,4.0,[西]杉山晴紀,江馬由将,0.0,2017104962,1154,1157,879033
202010020610,16,2,4,メイショウオトワ,牝4,52.0,太宰啓介,1:47.0,3/4,9-9-13-12,38.5,28.8,7.0,464.0,2.0,[西]飯田祐史,松本好雄,0.0,2016101885,1037,1139,523005
202010020611,1,7,10,サラキア,牝5,54.0,北村友一,1:46.1,,11-10-11-9,34.0,5.8,3.0,456.0,0.0,[西]池添学,シルクレーシング,2425.9,2015104793,1102,1144,506800
202010020611,2,5,6,ボッケリーニ,牡4,56.0,藤井勘一,1:46.3,1.1/2,4-6-7-7,34.7,6.5,4.0,458.0,4.0,[西]池江泰寿,金子真人ホールディングス,967.4,2016104618,5525,1071,708800
202010020611,3,2,2,ダノンチェイサー,牡4,57.0,川田将雅,1:46.4,3/4,2-2-2-1,35.2,3.5,2.0,492.0,0.0,[西]池江泰寿,ダノックス,603.7,2016104484,1088,1071,619800
202010020611,4,6,7,ブランノワール,牝4,54.0,浜中俊,1:46.5,クビ,11-12-12-12,34.3,13.1,6.0,464.0,10.0,[西]須貝尚介,シルクレーシング,360.0,2016104839,1115,1105,506800
202010020611,5,8,12,ワイプティアーズ,牡5,56.0,松山弘平,1:46.5,クビ,9-9-9-9,34.7,10.0,5.0,528.0,-6.0,[西]加用正,吉田照哉,240.0,2015104444,1126,425,758005
202010020611,6,8,11,マイネルフラップ,牡4,56.0,国分優作,1:46.6,1/2,8-8-7-7,35.0,65.3,12.0,472.0,-6.0,[西]梅田智之,サラブレッドクラブ・ラフィアン,0.0,2016100733,1125,1084,546800
202010020611,7,5,5,アメリカズカップ,牡6,56.0,和田竜二,1:46.6,クビ,4-5-4-3,35.2,24.1,7.0,446.0,-8.0,[西]音無秀孝,谷掛龍夫,0.0,2014105681,1018,1002,727008
202010020611,8,3,3,ミスディレクション,セ6,56.0,太宰啓介,1:46.9,1.3/4,10-10-9-9,35.0,39.7,9.0,496.0,0.0,[西]武幸四郎,ノースヒルズ,0.0,2014100595,1037,1160,788800
202010020611,9,4,4,ミヤビパーフェクト,セ4,56.0,鮫島克駿,1:47.2,1.3/4,4-3-4-3,35.8,26.4,8.0,472.0,8.0,[西]笹田和秀,村上義勝,0.0,2016100107,1157,1104,127002
202010020611,10,6,8,タニノフランケル,牡5,57.0,松若風馬,1:47.5,2,2-3-3-3,36.2,47.6,10.0,524.0,-4.0,[西]村山明,谷水雄三,0.0,2015110047,1154,1107,764001
202010020611,11,7,9,セラピア,牝4,54.0,幸英明,1:48.1,3.1/2,4-6-4-3,36.7,3.2,1.0,502.0,8.0,[西]藤岡健一,吉田照哉,0.0,2016105276,732,1062,758005
202010020611,12,1,1,ステイインシアトル,牡9,58.0,荻野極,1:48.2,3/4,1-1-1-2,37.1,48.1,11.0,500.0,8.0,[西]池江泰寿,青芝商事,0.0,2011103872,1160,1071,831800
202010020612,1,7,13,ペイシャノリッジ,牝3,51.0,森裕太朗,1:45.3,,2-2-2-1,37.6,11.3,7.0,424.0,4.0,[西]吉田直弘,北所直人,760.0,2017102976,1165,1101,163002
202010020612,2,4,7,メイショウフォイル,牡3,51.0,泉谷楓真,1:45.4,3/4,4-4-4-3,37.5,13.0,8.0,508.0,-4.0,[西]南井克巳,松本好雄,300.0,2017105794,1182,1049,523005
202010020612,3,1,1,ヒルノブルージュ,牡3,53.0,富田暁,1:45.7,2,1-1-1-2,38.1,10.3,6.0,484.0,14.0,[西]昆貢,ヒルノ,190.0,2017102744,1168,1044,823800
202010020612,4,5,8,キャノンバローズ,セ4,57.0,浜中俊,1:45.8,クビ,12-13-11-9,37.1,7.8,4.0,448.0,0.0,[西]斉藤崇史,猪熊広次,110.0,2016101051,1115,1151,859007
202010020612,5,8,15,バロンデッセ,牡3,54.0,和田竜二,1:45.9,1/2,5-5-7-7,37.6,3.5,1.0,484.0,6.0,[西]松田国英,谷水雄三,76.0,2017103924,1018,1011,764001
202010020612,6,3,5,メイショウシャガ,牡3,54.0,鮫島克駿,1:45.9,クビ,5-5-6-5,37.7,14.1,9.0,502.0,-2.0,[西]池添兼雄,松本好雄,0.0,2017106409,1157,1021,523005
202010020612,7,6,11,マーブルサニー,牝4,55.0,松若風馬,1:46.0,クビ,8-8-5-5,37.9,7.0,2.0,488.0,6.0,[西]西園正都,下村直,0.0,2016102658,1154,1028,90006
202010020612,8,3,4,チェーロ,牡3,54.0,太宰啓介,1:46.2,1.1/4,14-14-13-12,37.3,38.4,11.0,474.0,-4.0,[西]奥村豊,東海林貴大,0.0,2017106505,1037,1146,334031
202010020612,9,5,9,マテラサンオウ,牡4,57.0,松山弘平,1:46.2,クビ,7-7-7-7,37.9,7.0,3.0,440.0,-4.0,[西]浜田多実,大野照旺,0.0,2016102528,1126,1138,550033
202010020612,10,2,3,メイショウカンキ,牡6,57.0,酒井学,1:46.3,1/2,9-9-9-9,37.7,24.8,10.0,480.0,0.0,[西]渡辺薫彦,松本和子,0.0,2014102979,1034,1155,789006
202010020612,11,7,12,ラインジェット,牡6,57.0,国分優作,1:46.5,1,14-14-11-9,37.8,88.6,14.0,434.0,-8.0,[西]松永昌博,大澤繁昌,0.0,2014105082,1125,1083,796002
202010020612,12,6,10,リライト,牡4,57.0,藤井勘一,1:47.3,5,11-11-9-12,38.7,73.8,12.0,464.0,8.0,[西]高橋康之,前田葉子,0.0,2016100669,5525,1135,245030
202010020612,13,2,2,クリスタルオーブ,牝4,55.0,小牧太,1:47.4,1/2,9-9-15-15,37.9,162.8,15.0,460.0,-10.0,[西]牧田和弥,永田和彦,0.0,2016104506,894,1123,875006
202010020612,14,4,6,ハイオソラール,牡4,57.0,藤懸貴志,1:47.4,ハナ,12-11-13-14,38.5,82.9,13.0,506.0,4.0,[西]木原一良,名古屋友豊,0.0,2016105875,1138,1033,463800
202010020612,15,8,14,アーヴィンド,牡3,54.0,幸英明,1:47.6,1.1/2,3-3-3-3,39.8,8.8,5.0,520.0,2.0,[西]岡田稲男,ゴドルフィン,0.0,2017106607,732,1066,3060
