race_id,finish_position,bracket_number,horse_number,horse_name,sex_age,impost,jockey,finish_time,margin,passing,last_3f,odds_win,popularity,horse_weight,horse_weight_change,trainer,owner,prize,horse_id,jockey_id,trainer_id,owner_id
202404010302,1,5,9,ピカレスクノベル,牡3,56.0,小沢大仁,1:55.0,,6-5-4-4,37.7,2.7,1.0,500.0,0.0,[西]高橋義忠,加藤徹,550.0,2021106087,1185,1129,36006
202404010302,2,4,7,アレナパラシオ,牡3,54.0,川端海翼,1:55.3,2,1-1-1-1,38.4,6.9,4.0,478.0,6.0,[西]四位洋文,ノルマンディーサラブレッドレーシング,220.0,2021100752,1195,1184,854800
202404010302,3,7,13,ウィンターガーデン,牝3,54.0,佐々木大,1:55.6,1.3/4,6-7-5-5,38.1,3.6,2.0,470.0,6.0,[西]武幸四郎,キャロットファーム,140.0,2021105857,1197,1160,486800
202404010302,4,2,3,カンタベリーローズ,牝3,51.0,小林美駒,1:56.2,3.1/2,8-8-6-6,38.6,27.2,6.0,458.0,-2.0,[東]的場均,峰哲馬,83.0,2021105949,1206,1063,684006
202404010302,5,7,12,メイショウエレジー,牝3,54.0,角田大和,1:56.5,2,3-3-2-2,39.5,15.5,5.0,452.0,-6.0,[西]角田晃一,松本好雄,55.0,2021103213,1186,1121,523005
202404010302,6,3,4,アイファーキャップ,牡3,55.0,西塚洸二,1:56.7,1,9-8-8-9,38.9,3.7,3.0,452.0,-2.0,[西]鮫島一歩,中島稔,0.0,2021107295,1200,1046,119007
202404010302,7,8,14,ノーマジック,牝3,51.0,大江原比,1:57.4,4,4-5-12-12,39.0,155.1,12.0,458.0,-2.0,[東]戸田博文,山岡重行,0.0,2021101166,1210,1054,622033
202404010302,8,4,6,ペイシャバロ,牝3,55.0,小林凌大,1:57.5,クビ,10-11-9-7,39.6,326.8,13.0,456.0,-8.0,[東]小西一男,北所直人,0.0,2021102035,1177,405,163002
202404010302,9,5,8,ディアモミノル,牡3,56.0,泉谷楓真,1:57.5,アタマ,12-11-10-9,39.4,110.1,9.0,508.0,-2.0,[西]本田優,吉岡輝美,0.0,2021104431,1182,1099,337031
202404010302,10,8,15,ノアフェイス,牡3,54.0,石神深道,1:57.6,クビ,2-2-2-3,40.6,344.5,14.0,520.0,2.0,[東]武藤善則,佐山公男,0.0,2021107206,1209,1064,861002
202404010302,11,2,2,ジャコムスビ,牡3,55.0,永島まな,1:57.6,クビ,15-15-12-12,39.2,115.4,10.0,450.0,-6.0,[西]荒川義之,晴間芳次,0.0,2021101753,1187,1095,677033
202404010302,12,6,10,ローレルロイズ,牡3,56.0,秋山稔樹,1:57.9,1.3/4,4-4-6-7,40.3,146.9,11.0,438.0,4.0,[西]北出成人,ローレルレーシング,0.0,2021106571,1181,1078,32800
202404010302,13,1,1,トントンプー,牡3,53.0,河原田菜,1:58.0,クビ,14-13-15-14,39.4,34.7,7.0,464.0,0.0,[東]矢嶋大樹,友水達也,0.0,2021109052,1204,1202,313008
202404010302,14,6,11,マジックライン,牡3,54.0,佐藤翔馬,1:58.0,クビ,12-13-11-11,39.8,404.4,15.0,478.0,0.0,[東]伊藤伸一,柳橋俊昭,0.0,2021106966,1207,1031,277008
202404010302,15,3,5,アカリリッキー,牡3,56.0,松本大輝,1:58.2,1,10-10-12-14,39.8,36.5,8.0,484.0,-8.0,[東]伊藤大士,小林祥晃,0.0,2021104308,1191,1109,966007
202404010303,1,6,10,サンレイマリー,牡3,54.0,小林勝太,1:12.7,,5-5,37.8,6.8,2.0,476.0,-2.0,[東]伊藤圭三,永井啓弍,550.0,2021102326,1205,1023,382004
202404010303,2,5,8,ブーヤカ,セ3,56.0,角田大和,1:12.7,アタマ,6-6,37.4,7.6,3.0,450.0,2.0,[西]藤岡健一,青山洋一,220.0,2021105211,1186,1062,15008
202404010303,3,3,5,バロックパール,牝3,55.0,石橋脩,1:12.7,クビ,1-1,38.3,9.5,4.0,474.0,4.0,[東]牧光二,矢野まり子,140.0,2021106036,1077,1106,251033
202404010303,4,8,14,タッカーバレット,牡3,56.0,佐々木大,1:13.1,2,3-3,38.4,1.5,1.0,490.0,4.0,[東]田島俊明,小松崎孝,83.0,2021103994,1197,1112,248033
202404010303,5,4,6,ミハタタテナシ,牡3,57.0,菊沢一樹,1:13.4,2,3-3,38.7,190.4,10.0,504.0,-6.0,[東]岩戸孝樹,エクワインレーシング,55.0,2021105331,1161,1051,313803
202404010303,6,7,12,ゲンブ,牡3,57.0,横山和生,1:13.5,1/2,2-2,39.1,13.2,6.0,488.0,-6.0,[東]高木登,ノルマンディーサラブレッドレーシング,0.0,2021106890,1140,1088,854800
202404010303,7,6,11,モノノフノミチ,牡3,57.0,杉原誠人,1:13.8,1.1/2,7-7,38.3,103.4,8.0,458.0,-2.0,[東]蛯名利弘,ミルファーム,0.0,2021101867,1135,1131,629800
202404010303,8,1,1,キーシンガー,牝3,53.0,藤田菜七,1:14.0,1.1/4,7-7,38.5,130.7,9.0,432.0,-4.0,[東]青木孝文,北前孔一郎,0.0,2021102566,1164,1156,338008
202404010303,9,2,2,ランスロット,牡3,57.0,丹内祐次,1:14.0,クビ,7-7,38.5,10.0,5.0,482.0,0.0,[西]吉岡辰弥,ノルマンディーサラブレッドレーシング,0.0,2021100901,1091,1176,854800
202404010303,10,8,15,ボーズマン,牡3,56.0,小沢大仁,1:14.2,1.1/4,11-11,37.8,41.8,7.0,484.0,-4.0,[西]西園翔太,サンライズ,0.0,2021102344,1185,1196,866800
202404010303,11,4,7,ヨシノアカツキ,牝3,55.0,富田暁,1:14.3,クビ,11-11,37.9,294.4,13.0,438.0,0.0,[西]武英智,清水義徳,0.0,2021104515,1168,1161,728033
202404010303,12,3,4,オンネア,牝3,52.0,水沼元輝,1:15.1,5,10-10,39.0,269.1,12.0,452.0,-6.0,[東]石栗龍彦,田頭勇貴,0.0,2021102022,1201,1043,855030
202404010303,13,5,9,ウルトラハニー,牝3,55.0,斎藤新,1:15.2,3/4,13-13,38.2,204.3,11.0,410.0,-14.0,[東]斎藤誠,スリーエイチレーシング,0.0,2021104177,1178,1086,72803
202404010303,-1,2,3,ドローンシマス,牡3,57.0,嶋田純次,,,,,,,,,[東]南田美知,Ｍｒ．ホース,0.0,2021103838,1134,437,528033
202404010303,-1,7,13,エクイティ,牝3,54.0,横山琉人,,,,,,,,,[東]高木登,ディアレストクラブ,0.0,2021100965,1192,1088,13803
202404010305,1,8,16,ザブライド,牝3,54.0,佐々木大,1:48.3,,8-10,34.8,3.0,1.0,466.0,0.0,[西]西村真幸,キャロットファーム,550.0,2021104905,1197,1148,486800
202404010305,2,2,3,クスクス,牝3,54.0,松本大輝,1:48.4,1/2,2-2,35.4,9.1,4.0,478.0,6.0,[西]松下武士,山口敦広,220.0,2021103665,1191,1149,895030
202404010305,3,7,13,ケイツールピア,牝3,54.0,横山琉人,1:48.4,1/2,12-12,34.7,3.5,2.0,416.0,2.0,[東]鈴木慎太,楠本勝美,140.0,2021101801,1192,1179,103006
202404010305,4,6,12,ウーロン,牝3,51.0,小林美駒,1:49.4,6,1-1,36.7,34.1,9.0,470.0,-20.0,[東]上原佑紀,ゴドルフィン,83.0,2021101649,1206,1192,3060
202404010305,5,4,7,リノラナキラ,牝3,53.0,西塚洸二,1:49.4,アタマ,5-5,36.2,10.2,5.0,468.0,4.0,[西]谷潔,松岡雅昭,55.0,2021101025,1200,431,279009
202404010305,6,3,6,ウインベルレーヌ,牝3,52.0,小林勝太,1:49.5,1/2,12-12,35.8,98.7,14.0,448.0,2.0,[東]宗像義忠,ウイン,0.0,2021106198,1205,420,494800
202404010305,7,5,10,プリマフェーヴル,牝3,51.0,大江原比,1:49.6,1/2,8-5,36.6,395.4,16.0,396.0,0.0,[東]伊藤伸一,新井原博,0.0,2021107223,1210,1031,208006
202404010305,8,2,4,グレースアイリス,牝3,53.0,永島まな,1:49.7,3/4,12-14,35.8,56.3,12.0,410.0,-10.0,[東]相沢郁,杵臼牧場,0.0,2021102704,1187,1020,361800
202404010305,9,4,8,ホウオウダイアン,牝3,55.0,富田暁,1:49.8,3/4,2-2,36.8,19.1,6.0,418.0,8.0,[東]高柳瑞樹,小笹芳央,0.0,2021105988,1168,1118,906033
202404010305,10,5,9,ピースヒロフェイス,牝3,55.0,石橋脩,1:50.1,1.3/4,5-5,36.9,5.8,3.0,458.0,-2.0,[東]牧光二,中平和宏,0.0,2021105769,1077,1106,471031
202404010305,11,6,11,レディアマゾネス,牝3,55.0,藤懸貴志,1:50.2,アタマ,11-11,36.6,59.8,13.0,430.0,-12.0,[東]尾形和幸,子安裕樹ＲＣ,0.0,2021102353,1138,1141,385803
202404010305,12,3,5,ラロマネ,牝3,55.0,菱田裕二,1:50.3,3/4,15-15,36.4,212.8,15.0,468.0,0.0,[西]藤野健太,フォレストレーシング,0.0,2021106578,1144,1200,350031
202404010305,13,1,2,ルージュピエンツァ,牝3,55.0,横山和生,1:50.7,2.1/2,4-2,37.6,42.0,11.0,414.0,-2.0,[東]宗像義忠,東京ホースレーシング,0.0,2021103143,1140,420,180800
202404010305,14,8,15,タウンホール,牝3,55.0,丹内祐次,1:50.8,1/2,5-5,37.6,21.5,7.0,470.0,-8.0,[東]和田勇介,ゴドルフィン,0.0,2021101697,1091,1165,3060
202404010305,15,1,1,ブールアンブレス,牝3,55.0,杉原誠人,1:52.0,7,8-5,38.6,26.9,8.0,420.0,0.0,[東]嘉藤貴行,シルクレーシング,0.0,2021105745,1135,1195,506800
202404010305,16,7,14,ピケアラベスク,牝3,55.0,斎藤新,1:55.6,大,16-16,37.8,40.3,10.0,464.0,0.0,[西]吉岡辰弥,Ｇ１レーシング,0.0,2021105291,1178,1176,808800
202404010306,1,5,9,カリーニョ,牡3,56.0,小沢大仁,2:03.9,,8-8-8-8,35.9,3.3,2.0,452.0,-6.0,[西]杉山晴紀,近藤英子,550.0,2021105585,1185,1157,372006
202404010306,2,7,14,ダノンホイットニー,牝3,54.0,佐々木大,2:04.3,2.1/2,6-5-4-4,36.5,2.7,1.0,424.0,8.0,[東]大竹正博,ダノックス,220.0,2021105639,1197,1102,619800
202404010306,3,7,13,ワオン,牡3,57.0,岡部誠,2:04.5,1.1/4,11-12-12-12,36.3,7.7,4.0,456.0,-10.0,[東]武藤善則,下河辺美智子,140.0,2021101395,5171,1064,21007
202404010306,4,1,1,ペプチドシュジャク,牡3,57.0,富田暁,2:04.7,1.1/4,15-15-8-9,36.7,92.9,9.0,426.0,0.0,[西]武英智,沼川一彦,83.0,2021102733,1168,1161,500007
202404010306,5,3,6,ハルノドゥミプリエ,牝3,55.0,菊沢一樹,2:04.8,1/2,11-10-8-9,36.8,128.6,10.0,444.0,2.0,[東]勢司和浩,丸山竜一,55.0,2021103198,1161,1047,812033
202404010306,6,8,15,テイキットイージー,牡3,57.0,丹内祐次,2:04.9,3/4,13-12-8-9,36.9,24.0,8.0,424.0,0.0,[東]萱野浩二,ビッグレッドファーム,0.0,2021101088,1091,1024,716800
202404010306,7,5,10,ウインプロティア,牝3,52.0,小林勝太,2:05.3,2.1/2,1-1-1-1,37.8,6.4,3.0,486.0,8.0,[東]鈴木慎太,ウイン,0.0,2021106219,1205,1179,494800
202404010306,8,4,7,セングンバンバ,セ3,56.0,角田大和,2:05.7,2.1/2,6-5-4-4,37.9,19.7,7.0,434.0,-4.0,[西]松永幹夫,キーファーズ,0.0,2021105444,1186,1092,2803
202404010306,9,4,8,コスモロイロ,牡3,57.0,杉原誠人,2:05.8,3/4,14-14-12-12,37.6,189.6,11.0,466.0,4.0,[東]栗田徹,ビッグレッドファーム,0.0,2021106796,1135,1127,716800
202404010306,10,8,16,リュージュ,牝3,51.0,河原田菜,2:06.0,1.1/4,3-3-2-2,38.4,207.0,13.0,442.0,-6.0,[西]今野貞一,星加浩一,0.0,2021106065,1204,1128,385031
202404010306,11,1,2,ベッティーナ,牝3,53.0,永島まな,2:06.0,ハナ,4-3-4-4,38.2,19.1,6.0,432.0,-4.0,[東]池上昌和,市瀬章,0.0,2021104766,1187,1150,748030
202404010306,12,2,3,ペッシュプラット,牝3,53.0,藤田菜七,2:06.1,アタマ,10-10-15-15,37.5,194.8,12.0,412.0,0.0,[東]南田美知,柴田洋一,0.0,2021102667,1164,437,932008
202404010306,13,6,11,ホットエンペラー,牡3,56.0,泉谷楓真,2:06.2,1/2,8-8-4-4,38.4,8.0,5.0,478.0,-12.0,[西]本田優,水谷昌晃,0.0,2021103581,1182,1099,616030
202404010306,14,3,5,サクラトップセラー,牡3,53.0,大江原比,2:06.5,2,4-5-12-12,38.2,241.9,14.0,466.0,0.0,[東]武市康男,櫻井秀樹,0.0,2021104120,1210,1089,18803
202404010306,15,6,12,クリノクレセント,牡3,55.0,西塚洸二,2:07.8,8,2-2-2-2,40.2,436.9,15.0,414.0,-16.0,[西]谷潔,栗本博晴,0.0,2021102046,1200,431,970006
202404010306,-3,2,4,ピアレイジレディ,牝3,52.0,今村聖奈,,,,,,,,,[西]池江泰寿,社台レースホース,0.0,2021105159,1193,1071,415800
202404010307,1,5,7,ライブリームーラン,牝4,56.0,菱田裕二,1:12.7,,5-4,37.4,5.3,2.0,518.0,8.0,[東]大竹正博,山科統,800.0,2020106407,1144,1102,309008
202404010307,2,8,14,ハローマイラブリー,牝4,55.0,佐々木大,1:12.7,クビ,2-2,37.8,4.2,1.0,528.0,6.0,[東]伊坂重信,平賀久枝,320.0,2020106345,1197,1177,729005
202404010307,3,5,8,サザンレイク,牝4,54.0,藤田菜七,1:12.8,クビ,1-1,38.0,7.3,4.0,490.0,6.0,[東]根本康広,サザンホールディング,200.0,2020101481,1164,1029,369803
202404010307,4,6,10,サクラファシナンテ,牝6,56.0,石橋脩,1:13.1,1.3/4,7-6,37.5,6.1,3.0,512.0,-8.0,[東]尾関知人,さくらコマース,120.0,2018104014,1077,1103,19800
202404010307,5,2,2,シエラメンテ,牝5,53.0,小林勝太,1:13.1,クビ,9-8,37.1,14.6,8.0,484.0,-4.0,[東]堀内岳志,木部厳生,80.0,2019101462,1205,1189,815033
202404010307,6,7,12,オリビアジュテーム,牝4,56.0,菊沢一樹,1:13.2,アタマ,7-8,37.7,8.8,7.0,454.0,0.0,[東]西田雄一,高昭牧場,0.0,2020100714,1161,1187,117800
202404010307,7,4,6,パイアイヤー,牝4,52.0,小林美駒,1:13.3,3/4,11-11,36.9,8.8,6.0,462.0,-4.0,[東]鈴木伸尋,ウエスト．フォレスト．ステイブル,0.0,2020105327,1206,1026,368803
202404010307,8,1,1,クリノヴァニラ,牝6,54.0,西塚洸二,1:13.6,2,14-13,36.9,218.5,12.0,496.0,-4.0,[西]高橋康之,栗本博晴,0.0,2018101215,1200,1135,970006
202404010307,9,8,13,ルプランドル,牝5,52.0,大江原比,1:13.8,1.1/4,2-2,38.9,43.6,11.0,470.0,-4.0,[東]萱野浩二,ＫＡＪＩＭＯＴＯホールディングス,0.0,2019105754,1210,1024,393803
202404010307,10,4,5,インクルードダイヤ,牝4,56.0,富田暁,1:14.0,3/4,5-7,38.7,8.2,5.0,458.0,0.0,[西]武英智,シルクレーシング,0.0,2020103418,1168,1161,506800
202404010307,11,6,9,キイロノトマト,牝4,54.0,永島まな,1:14.0,クビ,10-10,37.9,19.3,9.0,454.0,2.0,[東]石栗龍彦,江川伸夫,0.0,2020106156,1187,1043,338006
202404010307,12,7,11,キョウエイジョイ,牝4,55.0,横山琉人,1:14.1,クビ,4-5,38.9,35.4,10.0,470.0,0.0,[東]中川公成,田中晴夫,0.0,2020104648,1192,1081,619002
202404010307,13,3,4,セロンテソーロ,牝4,55.0,角田大和,1:14.2,3/4,11-11,37.9,292.0,13.0,428.0,-8.0,[東]加藤和宏,了徳寺健二ホールディングス,0.0,2020109134,1186,1077,89803
202404010307,14,3,3,ゴレイジョウ,牝4,53.0,土田真翔,1:14.2,アタマ,13-14,37.7,323.6,14.0,450.0,6.0,[東]和田雄二,福田光博,0.0,2020106336,1198,1143,615030
202404010308,1,1,1,アイファーグローブ,牡5,57.0,秋山稔樹,1:54.5,,1-1-1-1,38.0,154.1,10.0,486.0,4.0,[東]蛯名利弘,中島稔,800.0,2019101330,1181,1131,119007
202404010308,2,7,8,ショーケン,セ4,58.0,斎藤新,1:55.2,4,2-2-2-2,38.7,65.6,9.0,508.0,12.0,[西]鮫島一歩,安原浩司,320.0,2020103997,1178,1046,271008
202404010308,3,8,10,リュクスドレフォン,牡4,58.0,藤懸貴志,1:55.6,2.1/2,3-3-2-3,39.0,1.8,1.0,508.0,-2.0,[西]平田修,田畑憲士,200.0,2020106927,1138,1082,215008
202404010308,4,2,2,ピエトラサンタ,牡6,58.0,杉原誠人,1:55.6,アタマ,9-9-8-7,38.2,10.0,4.0,508.0,-2.0,[西]友道康夫,金子真人ホールディングス,120.0,2018105284,1135,1061,708800
202404010308,5,3,3,ノーブルラン,牡4,58.0,丹内祐次,1:56.1,3,7-7-10-9,38.5,50.2,8.0,472.0,0.0,[東]尾形和幸,岡村善行,80.0,2020100741,1091,1141,535006
202404010308,6,4,4,サンデーヒーロー,牡4,58.0,菱田裕二,1:56.3,1,11-11-6-4,39.3,15.0,6.0,476.0,4.0,[西]中村直也,山田裕仁,0.0,2020100903,1144,1186,513008
202404010308,7,6,7,イエスウィズキャン,牡4,57.0,小沢大仁,1:56.5,1,8-7-4-4,39.8,11.6,5.0,536.0,-8.0,[西]羽月友彦,吉岡泰治,0.0,2020100472,1185,1091,265005
202404010308,8,7,9,レジュークレール,牝4,52.0,大江原比,1:56.5,クビ,4-4-9-9,39.0,18.9,7.0,448.0,-4.0,[東]青木孝文,山下貴,0.0,2020104818,1210,1156,489031
202404010308,9,8,11,テンフェリーチェ,牝4,53.0,小林勝太,1:56.9,2.1/2,5-5-6-7,39.9,155.1,11.0,488.0,2.0,[東]辻哲英,天白泰司,0.0,2020105564,1205,1182,75006
202404010308,10,5,5,ワンダーウィルク,牡5,58.0,岡部誠,1:57.4,2.1/2,9-9-4-4,40.7,6.1,3.0,506.0,-6.0,[西]今野貞一,山本能成,0.0,2019103092,5171,1128,184033
202404010308,-1,6,6,ライツオブキングス,牡4,57.0,佐々木大,,,,,,,,,[東]鹿戸雄一,社台レースホース,0.0,2020103052,1197,1097,415800
202404010309,1,4,8,アウェイキング,牡3,57.0,菱田裕二,1:09.1,,10-7,34.5,3.2,1.0,492.0,-4.0,[西]矢作芳人,藤田晋,1105.0,2021110049,1144,1075,232031
202404010309,2,5,9,ゴーインマイウェイ,牡3,57.0,菊沢一樹,1:09.6,3,11-11,34.8,34.3,11.0,470.0,4.0,[東]矢野英一,山藤賢,440.0,2021103039,1161,1108,347803
202404010309,3,5,10,ヴェサリウス,牡3,57.0,丹内祐次,1:09.9,2,6-5,35.7,10.0,4.0,476.0,0.0,[東]菊沢隆徳,高瀬正志,275.0,2021104401,1091,1115,392803
202404010309,4,8,16,ビアフォーナウ,牝3,55.0,横山琉人,1:10.0,クビ,11-11,35.2,37.5,13.0,432.0,0.0,[東]池上昌和,小林由明,160.0,2021104481,1192,1150,933033
202404010309,5,4,7,ベストオブユー,牡3,57.0,佐々木大,1:10.2,1.1/2,13-13,35.3,20.1,7.0,422.0,-2.0,[東]久保田貴,中村祐子,107.0,2021100152,1197,1067,373008
202404010309,6,1,1,セイウンティーダ,牝3,55.0,斎藤新,1:10.7,3,8-9,36.2,67.5,14.0,418.0,0.0,[東]松山将樹,西山茂行,0.0,2021100243,1178,1100,897009
202404010309,7,7,14,ジェネラーレ,牡3,57.0,西塚洸二,1:10.8,1/2,4-5,37.1,32.7,10.0,486.0,4.0,[西]野中賢二,カナヤマホールディングス,0.0,2021110153,1200,1098,45803
202404010309,8,6,12,ロードトレゾール,牡3,57.0,永島まな,1:10.9,1/2,2-2,37.4,4.0,2.0,528.0,12.0,[西]清水久詞,ロードホースクラブ,0.0,2021100144,1187,1110,170800
202404010309,9,2,3,イサチルシーサイド,牡3,57.0,横山和生,1:11.0,1/2,4-3,37.3,4.9,3.0,478.0,2.0,[東]竹内正洋,小坂功,0.0,2021102670,1140,1152,162033
202404010309,10,7,13,グレースルージュ,牝3,55.0,角田大和,1:11.1,1/2,7-7,36.8,31.2,9.0,430.0,24.0,[西]吉村圭司,山田有暉朗,0.0,2021104140,1186,1130,777031
202404010309,11,3,5,キョウエイカンセ,牡3,57.0,杉原誠人,1:11.5,2.1/2,13-13,36.6,95.9,15.0,458.0,-4.0,[東]萱野浩二,田中晴夫,0.0,2021101905,1135,1024,619002
202404010309,12,2,4,ラブディーヴァ,牝3,55.0,亀田温心,1:11.9,2,15-15,36.7,24.4,8.0,454.0,8.0,[西]杉山晴紀,ヒダカ・ブリーダーズ・ユニオン,0.0,2021104074,1176,1157,547800
202404010309,13,8,15,クリノハレルヤ,牝3,55.0,富田暁,1:11.9,1/2,3-3,38.3,14.2,5.0,462.0,0.0,[西]武英智,栗本博晴,0.0,2021105068,1168,1161,970006
202404010309,14,3,6,ピコサン,牡3,57.0,石橋脩,1:12.4,3,8-9,38.0,34.3,12.0,472.0,14.0,[東]上原佑紀,石部高史,0.0,2021101730,1077,1192,852031
202404010309,15,6,11,コールミーメイビー,牝3,55.0,岡部誠,1:12.6,3/4,16-16,36.8,422.4,16.0,418.0,-11.0,[地]角田輝也,吉田勝利,0.0,2021101386,5171,5242,554008
202404010309,16,1,2,シュークリーム,牝3,55.0,武藤雅,1:12.9,2,1-1,39.6,18.0,6.0,426.0,0.0,[西]西村真幸,安原浩司,0.0,2021104404,1169,1148,271008
202404010310,1,8,12,イゾレエオリア,牝4,56.0,佐々木大,2:15.0,,6-6-6-4,35.9,10.9,7.0,448.0,-18.0,[東]伊藤大士,吉田照哉,1140.1,2020102785,1197,1109,758005
202404010310,2,6,8,ノーブルクライ,牡4,58.0,石橋脩,2:15.2,1.1/4,13-13-11-11,35.4,24.2,9.0,504.0,0.0,[東]田村康仁,窪田芳郎,448.6,2020102976,1077,1027,208008
202404010310,3,7,11,マイネルシーマー,牡5,58.0,杉原誠人,2:15.3,3/4,5-5-2-1,36.5,11.4,8.0,492.0,10.0,[東]青木孝文,サラブレッドクラブ・ラフィアン,284.3,2019100774,1135,1156,546800
202404010310,4,6,9,ノートルプロメス,牡5,58.0,富田暁,2:15.3,クビ,9-8-7-7,36.0,6.9,4.0,502.0,-12.0,[西]四位洋文,西村有人,170.0,2019106866,1168,1184,339034
202404010310,5,7,10,タイセイアーサー,牡6,58.0,丹内祐次,2:15.5,3/4,12-12-10-10,35.9,5.2,2.0,486.0,2.0,[東]斎藤誠,田中成奉,111.0,2018104791,1091,1086,224007
202404010310,6,5,6,ビッグベルーガ,牡4,58.0,菱田裕二,2:15.8,2,6-7-7-7,36.6,7.7,5.0,464.0,2.0,[西]牧浦充徳,谷掛龍夫,0.0,2020102760,1144,1113,727008
202404010310,7,4,4,ブレイヴアロウ,牡4,58.0,斎藤新,2:15.8,クビ,11-11-11-11,36.0,27.4,10.0,492.0,2.0,[東]辻哲英,加藤裕司,0.0,2020103118,1178,1182,213033
202404010310,8,3,3,リッチブラック,牡5,58.0,小沢大仁,2:16.0,1,1-1-1-2,37.5,9.8,6.0,470.0,-2.0,[西]西村真幸,辻助,0.0,2019103816,1185,1148,601031
202404010310,9,2,2,タナサンブラック,牡4,58.0,嶋田純次,2:16.0,クビ,2-2-2-2,37.3,4.0,1.0,506.0,6.0,[東]伊坂重信,田中俊彰,0.0,2020100606,1134,1177,126031
202404010310,10,8,13,ウインクリエ,牡4,58.0,菊沢一樹,2:16.1,3/4,9-8-7-7,36.9,178.9,12.0,474.0,-5.0,[東]小手川準,ウイン,0.0,2020100178,1161,1171,494800
202404010310,11,5,7,ヤングローゼス,セ4,58.0,武藤雅,2:16.4,1.1/2,3-3-4-4,37.4,6.3,3.0,500.0,0.0,[東]手塚貴久,藤田晋,0.0,2020103728,1169,1038,232031
202404010310,12,1,1,タフトテソーロ,牡5,58.0,角田大和,2:18.0,10,3-3-4-4,39.1,72.9,11.0,456.0,-4.0,[東]千葉直人,了徳寺健二ホールディングス,0.0,2019103663,1186,1199,89803
202404010310,13,4,5,シンドバッド,牡4,58.0,小林凌大,2:22.1,大,8-8-13-13,40.3,263.5,13.0,480.0,-5.0,[東]土田稔,酒井孝敏,0.0,2020106691,1177,417,714031
202404010311,1,7,13,ナムラフランク,牡5,58.0,菱田裕二,1:11.1,,3-3,36.5,18.9,8.0,492.0,-6.0,[西]鈴木孝志,奈村睦弘,2233.6,2019101975,1144,1111,972002
202404010311,2,7,12,クインズメリッサ,牝6,56.0,藤懸貴志,1:11.1,ハナ,11-9,35.5,10.8,7.0,478.0,-10.0,[西]宮本博,ケイアイスタリオン,889.6,2018101984,1138,1073,331803
202404010311,3,1,1,ファーンヒル,牡5,58.0,佐々木大,1:11.2,クビ,5-5,36.4,9.8,5.0,480.0,12.0,[西]清水久詞,カナヤマホールディングス,554.8,2019106293,1197,1110,45803
202404010311,4,8,15,イスラアネーロ,牡5,58.0,石橋脩,1:11.4,1.1/2,6-5,36.5,10.2,6.0,456.0,0.0,[西]吉村圭司,堂守貴志,330.0,2019105741,1077,1130,425030
202404010311,5,4,6,コパノパサディナ,牡4,58.0,岡部誠,1:11.6,1,9-9,36.2,23.7,9.0,530.0,10.0,[西]村山明,小林祥晃,220.0,2020100829,5171,1107,966007
202404010311,6,8,14,ロードエクレール,牡6,58.0,斎藤新,1:11.6,ハナ,3-3,37.1,6.6,3.0,484.0,4.0,[東]斎藤誠,ロードホースクラブ,0.0,2018105998,1178,1086,170800
202404010311,7,3,5,ナックドロップス,牝5,56.0,佐藤翔馬,1:11.9,2,1-1,37.9,86.3,13.0,470.0,0.0,[東]杉浦宏昭,小松欣也,0.0,2019103274,1207,1008,931033
202404010311,8,6,11,タイセイブレイズ,牡6,58.0,丹内祐次,1:12.0,クビ,14-13,36.2,3.4,1.0,470.0,-10.0,[西]牧浦充徳,田中成奉,0.0,2018102969,1091,1113,224007
202404010311,9,3,4,オメガシンフォニー,牝4,56.0,西塚洸二,1:12.0,アタマ,7-7,36.8,8.9,4.0,492.0,-2.0,[東]大和田成,原禮子,0.0,2020103892,1200,1124,8803
202404010311,10,5,8,レッドゲイル,牡5,58.0,武藤雅,1:12.1,クビ,11-12,36.5,87.2,14.0,474.0,6.0,[東]手塚貴久,東京ホースレーシング,0.0,2019103976,1169,1038,180800
202404010311,11,2,2,パウオレ,牝5,56.0,横山和生,1:12.1,アタマ,7-7,37.0,5.1,2.0,464.0,0.0,[東]嘉藤貴行,ノルマンディーサラブレッドレーシング,0.0,2019100242,1140,1195,854800
202404010311,12,6,10,ヴァガボンド,牡6,58.0,小沢大仁,1:12.3,1.1/4,2-2,38.2,28.3,11.0,492.0,-2.0,[西]清水久詞,カナヤマホールディングス,0.0,2018106074,1185,1110,45803
202404010311,13,2,3,セイカフォルゴーレ,牡5,57.0,横山琉人,1:12.4,3/4,11-13,36.8,263.4,15.0,508.0,6.0,[東]相沢郁,久米大,0.0,2019101923,1192,1020,284008
202404010311,14,5,9,シャンブル,牝6,56.0,角田大和,1:12.4,ハナ,9-9,37.1,24.8,10.0,504.0,2.0,[西]吉村圭司,ＣＨＥＶＡＬＡＴＴＡＣＨＥ,0.0,2018100389,1186,1130,888800
202404010311,15,4,7,リッキーマジック,牝5,55.0,富田暁,1:12.5,1/2,15-15,36.3,59.4,12.0,522.0,6.0,[東]加藤征弘,ビリオンスター,0.0,2019106513,1168,1059,857800
202404010312,1,6,11,クインズコスモス,牝5,53.0,小林勝太,0:54.9,,1,33.0,5.9,3.0,444.0,6.0,[東]加藤士津,ケイアイスタリオン,800.0,2019106707,1205,1169,331803
202404010312,2,8,15,オリアメンディ,牝6,56.0,黛弘人,0:55.0,1/2,7,32.5,8.7,6.0,470.0,-8.0,[東]石毛善彦,ミルファーム,320.0,2018106612,1109,428,629800
202404010312,3,2,3,フレンドパル,牝6,53.0,石神深道,0:55.6,3.1/2,1,33.7,28.5,9.0,464.0,0.0,[東]深山雅史,前田清二,200.0,2018103766,1209,1174,125031
202404010312,4,4,8,マテンロウアネモス,牝4,54.0,永島まな,0:55.6,クビ,7,33.1,6.2,4.0,434.0,6.0,[東]久保田貴,寺田千代乃,120.0,2020102208,1187,1067,534006
202404010312,5,7,14,アカザ,牝5,52.0,河原田菜,0:55.6,ハナ,4,33.4,5.7,1.0,440.0,-6.0,[東]伊坂重信,鈴木康弘,80.0,2019104374,1204,1177,624007
202404010312,6,1,1,オコジュ,牝4,56.0,嶋田純次,0:55.8,1,4,33.6,29.9,10.0,460.0,0.0,[東]矢嶋大樹,ミルファーム,0.0,2020101265,1134,1202,629800
202404010312,7,5,9,ユイノダンディズム,牡6,54.0,小林美駒,0:55.8,アタマ,1,33.9,5.8,2.0,490.0,18.0,[東]竹内正洋,由井健太郎,0.0,2018109046,1206,1152,44803
202404010312,8,6,12,ジャマン,牝5,55.0,小沢大仁,0:56.0,3/4,9,33.4,11.2,7.0,480.0,-2.0,[西]高橋康之,奥田貴敏,0.0,2019106333,1185,1135,140031
202404010312,9,3,6,キュベリン,牝4,54.0,藤田菜七,0:56.0,アタマ,11,33.2,13.3,8.0,426.0,-2.0,[東]嘉藤貴行,武田浩典,0.0,2020104911,1164,1195,607031
202404010312,10,5,10,セイウンスイート,牝4,56.0,原田和真,0:56.1,1/2,4,33.9,98.3,14.0,432.0,-4.0,[東]栗田徹,西山茂行,0.0,2020100305,1143,1127,897009
202404010312,11,3,5,メイプルリーフラグ,牝4,55.0,秋山稔樹,0:56.1,クビ,12,33.1,151.1,15.0,444.0,-2.0,[東]的場均,稲場澄,0.0,2020103527,1181,1063,628031
202404010312,12,2,4,ローズブルーム,牝5,56.0,菊沢一樹,0:56.3,1,15,33.1,56.3,13.0,454.0,0.0,[東]伊藤大士,ミルファーム,0.0,2019101428,1161,1109,629800
202404010312,13,7,13,レッドカメリア,牝4,56.0,杉原誠人,0:56.3,クビ,14,33.2,38.8,12.0,432.0,-21.0,[東]佐藤吉勝,清水敏,0.0,2020100084,1135,1035,411033
202404010312,14,8,16,ビヨンドザタイム,牡5,57.0,横山琉人,0:56.3,クビ,15,33.1,7.3,5.0,460.0,-2.0,[東]金成貴史,レッドマジック,0.0,2019100677,1192,1132,86803
202404010312,15,1,2,クリノリアルレディ,牝4,52.0,大江原比,0:56.5,1,12,33.5,156.5,16.0,484.0,4.0,[東]伊藤伸一,栗本博晴,0.0,2020100347,1210,1031,970006
202404010312,16,4,7,エリカソレイユ,牝4,56.0,斎藤新,0:56.8,1.3/4,10,34.1,38.1,11.0,410.0,18.0,[西]茶木太樹,三木正浩,0.0,2020103698,1178,1181,195031
202404010401,1,3,3,ソウキュウ,牝3,55.0,丸山元気,1:55.2,,2-2-2-2,39.9,13.8,6.0,476.0,0.0,[東]高木登,サラブレッドクラブ・ラフィアン,550.0,2021106800,1127,1088,546800
202404010401,2,8,13,カンバーランド,牝3,55.0,斎藤新,1:55.4,1.1/2,1-1-1-1,40.2,2.9,1.0,538.0,6.0,[西]高橋義忠,シルクレーシング,220.0,2021105709,1178,1129,506800
202404010401,3,6,9,ライトピラー,牝3,55.0,大野拓弥,1:55.4,アタマ,4-5-4-4,39.4,5.7,4.0,484.0,-12.0,[東]村田一誠,平井裕,140.0,2021101204,1096,1190,686006
202404010401,4,5,8,イッツナッシング,牝3,55.0,丹内祐次,1:55.9,3,9-9-7-6,39.7,4.0,2.0,428.0,-2.0,[東]水野貴広,コウトミックレーシング,83.0,2021103040,1091,1094,95700
202404010401,5,8,14,ファイアンス,牝3,54.0,佐々木大,1:56.3,2,3-3-3-3,40.6,4.4,3.0,458.0,4.0,[東]武市康男,水上行雄,55.0,2021106454,1197,1089,482002
202404010401,6,2,2,ハヤブサキンチャン,牝3,51.0,小林美駒,1:56.8,3,4-3-4-4,40.9,13.6,5.0,466.0,2.0,[東]稲垣幸雄,武田修,0.0,2021106579,1206,1167,837008
202404010401,7,3,4,タガノラデツキー,牝3,55.0,城戸義政,1:57.0,1.1/2,13-14-12-11,39.6,237.5,11.0,476.0,0.0,[西]高橋一哉,八木良司,0.0,2021106556,1147,1206,859002
202404010401,8,7,11,フェリマール,牝3,55.0,小崎綾也,1:57.2,1.1/4,6-8-8-8,40.7,394.2,14.0,458.0,12.0,[西]中尾秀正,飯田正剛,0.0,2021104171,1152,1069,994002
202404010401,9,4,6,スターティアラ,牝3,55.0,亀田温心,1:57.4,1.1/4,13-13-11-11,40.2,370.3,13.0,456.0,1.0,[西]高柳大輔,レッドマジック,0.0,2021106676,1176,1159,86803
202404010401,10,5,7,サイキョウサイコウ,牝3,52.0,石田拓郎,1:58.0,3.1/2,10-10-9-9,41.1,258.7,12.0,406.0,-2.0,[東]萱野浩二,増山武志,0.0,2021100881,1203,1024,786006
202404010401,11,6,10,サダージ,牝3,52.0,小林勝太,1:58.3,1.3/4,10-10-9-10,41.4,194.9,10.0,438.0,6.0,[東]池上昌和,石井義人,0.0,2021100011,1205,1150,873033
202404010401,12,4,5,タンドレス,牝3,53.0,永島まな,1:58.5,1.1/2,10-12-14-13,40.9,34.1,8.0,448.0,2.0,[西]吉田直弘,ＧｒａｎｄｅＲａｃｉｎｇ,0.0,2021104593,1187,1101,910800
202404010401,13,7,12,アイリュール,牝3,55.0,松岡正海,1:59.9,8,8-6-6-7,43.8,19.9,7.0,462.0,-4.0,[東]田中剛,佐藤牧場,0.0,2021106255,1085,1119,918800
202404010401,14,1,1,サイモンベーネ,牝3,54.0,松本大輝,2:03.9,大,6-6-12-14,46.5,44.2,9.0,424.0,-4.0,[西]羽月友彦,澤田昭紀,0.0,2021102216,1191,1091,132030
202404010402,1,7,13,サンドロナイト,牝3,51.0,藤田菜七,1:10.2,,7-7,35.3,2.6,1.0,456.0,2.0,[西]茶木太樹,吉田和美,550.0,2021110119,1164,1181,138007
202404010402,2,8,15,ミッキーキャンドル,牝3,55.0,菊沢一樹,1:10.3,1/2,2-3,35.8,5.0,3.0,444.0,8.0,[東]菊沢隆徳,野田みづき,220.0,2021105866,1161,1115,441007
202404010402,3,8,14,エガオニナッテ,牝3,54.0,小沢大仁,1:10.4,3/4,4-4,35.7,10.4,5.0,436.0,0.0,[西]高橋康之,東豊物産,140.0,2021101601,1185,1135,965800
202404010402,4,7,12,ヴァシロペス,セ3,57.0,松岡正海,1:10.5,クビ,2-2,36.0,6.1,4.0,454.0,2.0,[西]緒方努,ヒダカ・ブリーダーズ・ユニオン,83.0,2021103903,1085,1193,547800
202404010402,5,3,4,ブルボンクイーン,牝3,54.0,角田大和,1:10.6,1,7-7,35.7,3.5,2.0,474.0,8.0,[西]角田晃一,ノースヒルズ,55.0,2021100297,1186,1121,788800
202404010402,6,4,6,スプレムータ,牡3,57.0,嶋田純次,1:11.4,5,9-7,36.4,42.4,8.0,460.0,4.0,[東]松山将樹,ミルファーム,0.0,2021104540,1134,1100,629800
202404010402,7,4,7,アンティシパル,牡3,57.0,富田暁,1:11.9,3,4-4,37.2,36.5,6.0,482.0,6.0,[西]杉山晴紀,Ｇ１レーシング,0.0,2021104744,1168,1157,808800
202404010402,8,3,5,カーモス,牝3,54.0,秋山稔樹,1:12.0,3/4,4-4,37.3,38.0,7.0,428.0,4.0,[西]高橋義忠,社台レースホース,0.0,2021105033,1181,1129,415800
202404010402,9,5,8,パンジャボサツ,牝3,51.0,大江原比,1:12.1,1/2,9-10,37.0,151.2,12.0,410.0,0.0,[東]鈴木伸尋,ＤｅｅｐＣｒｅｅｋ,0.0,2021107188,1210,1026,374803
202404010402,10,6,10,ポジティブスピン,牝3,54.0,横山琉人,1:12.2,クビ,12-12,36.7,57.0,9.0,440.0,-6.0,[東]本間忍,松田整二,0.0,2021103516,1192,1056,304030
202404010402,11,1,1,ツェルニー,牝3,55.0,亀田温心,1:12.3,1/2,11-11,37.1,93.9,10.0,432.0,-6.0,[西]坂口智康,ヒダカ・ブリーダーズ・ユニオン,0.0,2021100916,1176,1170,547800
202404010402,12,5,9,ルージュチルル,牝3,55.0,斎藤新,1:12.3,アタマ,1-1,37.9,95.5,11.0,390.0,-6.0,[西]音無秀孝,東京ホースレーシング,0.0,2021103801,1178,1002,180800
202404010402,13,6,11,ベニスズメ,牝3,53.0,永島まな,1:12.5,1.1/2,14-14,36.8,157.1,13.0,444.0,-2.0,[西]高橋康之,大森悌次,0.0,2021100777,1187,1135,71803
202404010402,14,2,3,メイショウイチリン,牝3,52.0,川端海翼,1:12.6,クビ,15-15,36.7,439.7,14.0,418.0,0.0,[西]荒川義之,松本好雄,0.0,2021103354,1195,1095,523005
202404010402,15,2,2,スリスリマスリ,牝3,55.0,黛弘人,1:12.8,1.1/2,13-13,37.2,530.4,15.0,450.0,2.0,[東]石毛善彦,ミルファーム,0.0,2021104187,1109,428,629800
202404010403,1,8,14,マーブルマウンテン,牝3,55.0,亀田温心,1:54.5,,2-2-2-2,38.0,10.0,6.0,464.0,-2.0,[西]田中克典,シルクレーシング,550.0,2021110084,1176,1180,506800
202404010403,2,3,4,タロサンダー,牡3,56.0,秋山稔樹,1:55.5,6,11-10-1-1,39.2,31.0,8.0,494.0,8.0,[西]杉山佳明,高岡浩行,220.0,2021106005,1181,1178,330031
202404010403,3,7,13,テクノドラゴン,牡3,57.0,井上敏樹,1:55.7,1.1/2,9-7-10-10,38.2,44.0,11.0,438.0,-8.0,[西]宮本博,梶山高志,140.0,2021105277,1151,1073,879004
202404010403,4,2,3,イクリール,牡3,57.0,杉原誠人,1:55.9,1.1/4,1-1-2-4,39.4,30.4,7.0,518.0,2.0,[東]青木孝文,キャロットファーム,83.0,2021106563,1135,1156,486800
202404010403,5,5,8,コスモフレディ,牡3,57.0,武藤雅,1:56.1,1,6-6-7-7,39.1,35.9,9.0,458.0,-4.0,[東]水野貴広,ビッグレッドファーム,55.0,2021100730,1169,1094,716800
202404010403,6,2,2,レガッタ,牡3,57.0,横山典弘,1:56.1,ハナ,12-12-10-10,38.6,4.3,2.0,472.0,0.0,[西]昆貢,寺田寿男,0.0,2021102991,660,1044,866006
202404010403,7,8,15,ヨリナエスポワール,牡3,57.0,丹内祐次,1:56.2,3/4,2-2-2-2,39.7,7.8,5.0,528.0,6.0,[東]牧光二,辻子依旦,0.0,2021102671,1091,1106,484031
202404010403,8,4,6,セルリアンゲーゲン,牡3,54.0,小林勝太,1:56.3,クビ,7-7-8-8,39.1,76.1,12.0,480.0,16.0,[西]谷潔,イクタ,0.0,2021107022,1205,431,459800
202404010403,9,6,11,カラーオブワンダー,牡3,57.0,松岡正海,1:56.6,2,14-14-14-14,38.3,107.0,14.0,474.0,-2.0,[東]伊藤伸一,北原摩留,0.0,2021102790,1085,1031,435031
202404010403,10,7,12,ミライヘノコール,牡3,56.0,横山琉人,1:56.7,1/2,7-7-5-4,39.9,6.9,4.0,488.0,0.0,[東]伊藤大士,三島宣彦,0.0,2021101819,1192,1109,672030
202404010403,11,4,7,キツネノヨメイリ,牝3,54.0,佐々木大,1:57.4,4,4-4-5-6,40.5,4.7,3.0,478.0,2.0,[東]上原佑紀,前田幸貴,0.0,2021110094,1197,1192,117031
202404010403,12,6,10,ボスコヴェローチェ,牡3,55.0,永島まな,1:57.6,1.1/4,13-13-12-12,39.7,77.8,13.0,540.0,0.0,[西]武幸四郎,大野照旺,0.0,2021105847,1187,1160,550033
202404010403,13,5,9,グランドフューチャ,牡3,53.0,河原田菜,1:57.7,クビ,10-10-12-12,39.8,43.7,10.0,476.0,0.0,[西]鈴木孝志,田畑利彦,0.0,2021100732,1204,1111,464030
202404010403,14,3,5,ジーティーロッソ,牝3,55.0,国分優作,1:59.3,10,4-4-8-8,42.1,116.8,15.0,454.0,-4.0,[西]矢作芳人,田畑利彦,0.0,2021110100,1125,1075,464030
202404010403,-1,1,1,ベルベストランナー,牡3,57.0,小崎綾也,,,,,,,,,[西]西村真幸,宮崎俊也,0.0,2021103591,1152,1148,123031
202404010405,1,5,10,ハイディージェン,牡3,57.0,丸山元気,1:48.4,,3-3,34.7,20.8,7.0,478.0,2.0,[西]森田直行,岡田牧雄,550.0,2021103821,1127,1142,851009
202404010405,2,8,15,アウセンザイター,牡3,57.0,津村明秀,1:48.5,1,4-4,34.6,7.4,5.0,458.0,0.0,[西]矢作芳人,平田修,220.0,2021110092,1092,1075,11008
202404010405,3,5,9,ディーガレジェンド,牡3,57.0,荻野極,1:48.6,クビ,6-6,34.4,4.4,3.0,448.0,-16.0,[西]藤原英昭,東豊物産,140.0,2021105072,1160,1055,965800
202404010405,4,4,8,シルバーブロンド,牝3,53.0,藤田菜七,1:48.7,1,2-2,35.4,88.8,12.0,426.0,-4.0,[東]根本康広,辻子依旦,83.0,2021102232,1164,1029,484031
202404010405,5,7,13,オメガインペリアル,牡3,57.0,斎藤新,1:48.9,1,7-8,34.6,3.8,1.0,462.0,6.0,[西]安田翔伍,原禮子,55.0,2021110078,1178,1164,8803
202404010405,6,2,4,ルクスマーベリック,牡3,57.0,横山典弘,1:49.3,2.1/2,7-6,34.9,4.2,2.0,448.0,-6.0,[西]松永幹夫,ルクス,0.0,2021104105,660,1092,397803
202404010405,7,6,12,ディアマンドロップ,牝3,55.0,菊沢一樹,1:49.4,1/2,9-8,34.9,60.2,11.0,470.0,-8.0,[東]小手川準,ノルマンディーサラブレッドレーシング,0.0,2021103545,1161,1171,854800
202404010405,8,3,5,ラストスピリッツ,牡3,56.0,小沢大仁,1:49.9,3,1-1,37.2,13.7,6.0,498.0,0.0,[西]緒方努,伊藤良兵,0.0,2021107174,1185,1193,31
202404010405,9,2,3,コレギウム,牡3,56.0,佐々木大,1:49.9,アタマ,15-14,34.5,7.0,4.0,484.0,-2.0,[西]池江泰寿,ノースヒルズ,0.0,2021106616,1197,1071,788800
202404010405,10,7,14,コスモアミマネラ,牡3,57.0,丹内祐次,1:50.0,3/4,11-11,35.1,23.2,8.0,474.0,2.0,[東]宗像義忠,ビッグレッドファーム,0.0,2021106768,1091,420,716800
202404010405,11,1,1,メイショウウミカゼ,牡3,57.0,大野拓弥,1:50.2,1.1/4,16-16,34.7,50.0,10.0,446.0,0.0,[東]和田勇介,松本好雄,0.0,2021103269,1096,1165,523005
202404010405,12,1,2,ノリサンブラック,牡3,55.0,永島まな,1:50.4,1,4-5,36.2,103.4,13.0,438.0,-2.0,[東]尾形和幸,中谷典生,0.0,2021101734,1187,1141,891031
202404010405,13,6,11,ネクストヒロイン,牝3,55.0,松岡正海,1:50.6,1,13-13,35.3,34.1,9.0,410.0,-2.0,[東]戸田博文,堂守貴志,0.0,2021100070,1085,1054,425030
202404010405,14,3,6,ルクスクロワール,牡3,56.0,松本大輝,1:50.7,1,11-11,35.8,350.2,14.0,448.0,-4.0,[西]新谷功一,ルクス,0.0,2021101099,1191,1172,397803
202404010405,15,8,16,ペイシャラブリー,牝3,54.0,角田大和,1:51.2,3,9-10,36.6,410.5,16.0,434.0,-4.0,[西]高橋康之,北所直人,0.0,2021104215,1186,1135,163002
202404010405,16,4,7,オリフラム,牡3,54.0,小林勝太,1:51.6,2.1/2,13-14,36.1,385.9,15.0,440.0,6.0,[東]池上昌和,ノルマンディーサラブレッドレーシング,0.0,2021100952,1205,1150,854800
202404010406,1,5,9,サヨノフィールド,牡5,54.0,小林美駒,1:52.6,,1-1-1-1,37.8,7.3,3.0,490.0,-16.0,[東]小笠倫弘,吉岡泰治,800.0,2019104316,1206,1076,265005
202404010406,2,5,8,メイショウクーガー,牡4,58.0,中井裕二,1:52.9,2,5-5-5-5,37.7,1.6,1.0,486.0,10.0,[西]中内田充,松本好隆,320.0,2020106205,1141,1137,911008
202404010406,3,7,12,ヴィクトリオン,セ6,55.0,川端海翼,1:53.5,3.1/2,2-2-2-2,38.6,208.7,15.0,492.0,-2.0,[西]羽月友彦,中内田克二,200.0,2018100923,1195,1091,545008
202404010406,4,6,10,コンテナジュニア,牡6,57.0,小沢大仁,1:53.5,ハナ,13-12-9-9,37.6,11.6,4.0,516.0,-14.0,[西]牧浦充徳,住谷孝一,120.0,2018104738,1185,1113,836030
202404010406,5,6,11,アッティラ,牡4,58.0,津村明秀,1:53.9,2.1/2,5-5-4-3,38.8,15.3,5.0,450.0,-2.0,[東]相沢郁,高瀬真尚,80.0,2020102185,1092,1020,227007
202404010406,6,2,3,テンカオーライ,牡4,58.0,荻野極,1:53.9,ハナ,10-11-9-9,38.1,52.3,9.0,504.0,6.0,[西]松下武士,村田能光,0.0,2020102959,1160,1149,634033
202404010406,7,2,2,トリグラフ,牡5,57.0,佐々木大,1:54.0,1/2,10-7-6-6,38.6,23.8,7.0,462.0,0.0,[東]松山将樹,山口裕介,0.0,2019103410,1197,1100,798033
202404010406,8,4,6,メッセージソング,セ5,54.0,河原田菜,1:54.3,2,8-7-9-9,38.4,17.9,6.0,494.0,0.0,[西]渡辺薫彦,シルクレーシング,0.0,2019105285,1204,1155,506800
202404010406,9,3,5,シゲルオトヒメ,牝5,54.0,永島まな,1:54.4,クビ,14-15-14-13,37.9,118.9,12.0,432.0,2.0,[西]谷潔,關美和,0.0,2019102986,1187,431,88034
202404010406,10,4,7,アマギール,牝4,56.0,丹内祐次,1:54.5,1/2,12-12-12-12,38.3,132.4,13.0,492.0,-2.0,[東]小手川準,サンデーレーシング,0.0,2020103196,1091,1171,226800
202404010406,11,8,15,リュクススティール,牡4,58.0,大野拓弥,1:54.7,1.1/2,3-3-3-3,39.7,6.5,2.0,490.0,4.0,[東]高柳瑞樹,田畑憲士,0.0,2020102944,1096,1118,215008
202404010406,12,3,4,トリオンファーレ,セ4,58.0,斎藤新,1:54.8,クビ,3-3-6-6,39.5,64.0,10.0,466.0,-2.0,[東]斎藤誠,平井裕,0.0,2020102771,1178,1086,686006
202404010406,13,7,13,ウィービースティ,牡4,57.0,秋山稔樹,1:54.8,クビ,14-14-14-13,38.2,155.0,14.0,508.0,2.0,[西]北出成人,フジワラ・ファーム,0.0,2020104768,1181,1078,616800
202404010406,14,1,1,フリッパー,牡4,58.0,松岡正海,1:55.7,5,5-7-6-8,40.4,34.8,8.0,512.0,6.0,[東]戸田博文,谷掛龍夫,0.0,2020100078,1085,1054,727008
202404010406,15,8,14,ブレガーロード,牡4,55.0,小林勝太,1:56.5,5,8-7-12-15,40.4,104.6,11.0,480.0,-2.0,[東]岩戸孝樹,キャロットファーム,0.0,2020103569,1205,1051,486800
202404010407,1,6,11,アスクドリームモア,牡4,57.0,角田大和,1:22.6,,7-5,35.5,7.6,4.0,508.0,-4.0,[西]藤原英昭,廣崎利洋ＨＤ,800.0,2020101217,1186,1055,37803
202404010407,2,4,8,コーリングユー,牝5,56.0,斎藤新,1:22.8,3/4,14-14,35.1,3.3,1.0,440.0,4.0,[西]茶木太樹,タイヘイ牧場,320.0,2019106194,1178,1181,154800
202404010407,3,6,12,サウンドレイラ,牝4,56.0,丹内祐次,1:22.9,3/4,5-5,36.0,5.2,3.0,474.0,2.0,[西]渡辺薫彦,増田雄一,200.0,2020103073,1091,1155,168006
202404010407,4,1,1,ハレアカラフラ,牝4,56.0,松岡正海,1:23.0,1/2,4-3,36.2,25.4,8.0,458.0,6.0,[西]音無秀孝,金子真人ホールディングス,120.0,2020103292,1085,1002,708800
202404010407,5,7,14,サトノヴィレ,セ4,58.0,荻野極,1:23.0,ハナ,10-10,35.6,4.5,2.0,496.0,-4.0,[東]鹿戸雄一,里見治,80.0,2020104753,1160,1097,790031
202404010407,6,8,15,エンギダルマ,牡5,58.0,嶋田純次,1:23.0,アタマ,7-8,35.9,72.4,14.0,518.0,0.0,[東]手塚貴久,星野壽市,0.0,2019101605,1134,1038,265006
202404010407,7,5,10,リゴレット,牝5,56.0,亀田温心,1:23.0,ハナ,14-14,35.4,33.3,9.0,438.0,-2.0,[西]羽月友彦,キャロットファーム,0.0,2019105404,1176,1091,486800
202404010407,8,4,7,シュヴァルツリーベ,牝4,56.0,津村明秀,1:23.1,3/4,10-10,35.7,18.8,6.0,438.0,-6.0,[東]林徹,ノルマンディーサラブレッドレーシング,0.0,2020106101,1092,1163,854800
202404010407,9,8,16,メリトリオ,牡4,57.0,佐々木大,1:23.2,クビ,10-12,35.8,47.9,11.0,470.0,-4.0,[東]大竹正博,ノースヒルズ,0.0,2020100295,1197,1102,788800
202404010407,10,1,2,エンブレムコード,牝6,56.0,大野拓弥,1:23.3,3/4,13-12,35.8,37.5,10.0,460.0,-14.0,[東]尾関知人,山口功一郎,0.0,2018104561,1096,1103,849030
202404010407,11,2,4,サンライズタイソン,牡4,57.0,小沢大仁,1:23.3,クビ,9-8,36.1,58.9,13.0,422.0,4.0,[西]平田修,ライフハウス,0.0,2020101597,1185,1082,399803
202404010407,12,2,3,ヘクトパスカル,牝5,54.0,永島まな,1:23.4,クビ,5-5,36.5,7.6,4.0,462.0,2.0,[西]橋口慎介,西村健,0.0,2019106048,1187,1154,266033
202404010407,13,3,5,シタン,牝5,53.0,川端海翼,1:23.7,2,2-2,37.3,24.6,7.0,428.0,4.0,[西]吉岡辰弥,シルクレーシング,0.0,2019105350,1195,1176,506800
202404010407,14,5,9,フィレット,牝4,55.0,横山琉人,1:24.4,4,16-16,36.6,154.2,16.0,490.0,0.0,[西]藤岡健一,ロードホースクラブ,0.0,2020100172,1192,1062,170800
202404010407,15,7,13,ポルトドール,牡4,58.0,富田暁,1:24.5,クビ,1-1,38.2,52.7,12.0,458.0,0.0,[西]小栗実,Ｇ１レーシング,0.0,2020102728,1168,1194,808800
202404010407,16,3,6,スマートメイプル,牝4,55.0,秋山稔樹,1:25.0,3,3-3,38.3,96.7,15.0,460.0,-6.0,[東]蛯名利弘,大川徹,0.0,2020104545,1181,1131,7803
202404010408,1,7,11,ハワイアンタイム,セ4,58.0,横山典弘,1:50.5,,2-2,34.1,1.8,1.0,490.0,0.0,[西]昆貢,吉田勝利,800.0,2020101808,660,1044,554008
202404010408,2,4,5,ウイングランブルー,牡4,58.0,菊沢一樹,1:50.5,ハナ,1-1,35.7,56.2,11.0,468.0,-5.0,[東]深山雅史,ウイン,320.0,2020105211,1161,1174,494800
202404010408,3,4,6,スーパーマン,牡4,57.0,佐々木大,1:50.8,1.3/4,4-4,34.2,4.0,2.0,494.0,2.0,[東]岩戸孝樹,小菅誠,200.0,2020100956,1197,1051,24031
202404010408,4,7,12,ガルムキャット,牡4,58.0,斎藤新,1:50.8,クビ,3-2,34.4,22.3,6.0,408.0,-6.0,[西]高橋一哉,スリーエイチレーシング,120.0,2020101587,1178,1206,72803
202404010408,5,6,10,ウィズダムハート,牝4,54.0,永島まな,1:50.9,クビ,6-6,34.2,9.0,3.0,432.0,6.0,[東]上原佑紀,フィールドレーシング,80.0,2020103365,1187,1192,463031
202404010408,6,5,8,ナンヨーアゼリア,牝5,56.0,嶋田純次,1:50.9,ハナ,13-13,33.5,43.3,10.0,440.0,-4.0,[東]手塚貴久,中村徳也,0.0,2019105643,1134,1038,512031
202404010408,7,6,9,オールアイズオン,セ4,55.0,小林勝太,1:51.1,1.1/4,10-10,33.9,25.1,7.0,482.0,6.0,[東]蛯名正義,和泉憲一,0.0,2020104829,1205,1191,685030
202404010408,8,8,13,ビヨンドザリミット,牝5,52.0,小林美駒,1:51.1,アタマ,4-4,34.6,25.9,8.0,468.0,0.0,[東]稲垣幸雄,フィールドレーシング,0.0,2019105440,1206,1167,463031
202404010408,9,3,3,テイエムエメラルド,牝6,56.0,和田翼,1:51.1,ハナ,8-8,34.1,19.9,5.0,458.0,-8.0,[西]小椋研介,竹園正繼,0.0,2018102822,1146,1197,356002
202404010408,10,1,1,ニホンピロアリー,牝4,56.0,小崎綾也,1:51.1,ハナ,6-6,34.3,73.4,12.0,424.0,-6.0,[西]中尾秀正,小林英一,0.0,2020104224,1152,1069,587031
202404010408,11,3,4,サクセスパルス,牡4,58.0,丹内祐次,1:51.4,2,8-8,34.4,10.6,4.0,466.0,0.0,[東]高柳瑞樹,柴田実千代,0.0,2020101126,1091,1118,943031
202404010408,12,2,2,ブエナディオサ,牝5,56.0,黛弘人,1:51.5,クビ,10-11,34.3,221.8,14.0,456.0,-2.0,[東]奥平雅士,エースレーシング,0.0,2019106938,1109,1074,965031
202404010408,13,8,14,ゴールドレコーダー,牝4,53.0,水沼元輝,1:51.8,1.3/4,10-11,34.4,186.9,13.0,426.0,0.0,[東]南田美知,居城寿与,0.0,2020105836,1201,437,712033
202404010408,14,5,7,デリシュレーヌ,牝6,54.0,藤田菜七,1:52.3,3.1/2,13-13,34.7,35.0,9.0,472.0,-14.0,[東]高橋文雅,加藤徹,0.0,2018101497,1164,1134,36006
202404010409,1,8,15,オシゲ,牝4,56.0,佐々木大,1:53.5,,8-9-10-11,37.4,5.8,4.0,484.0,10.0,[西]須貝尚介,大和屋暁,1582.2,2020106642,1197,1105,324030
202404010409,2,2,2,クリニクラウン,牝4,56.0,菊沢一樹,1:53.5,クビ,13-13-10-11,37.4,19.4,8.0,484.0,10.0,[東]小手川準,新木鈴子,629.2,2020100934,1161,1171,21006
202404010409,3,3,4,モントブレッチア,牝5,56.0,丹内祐次,1:53.5,ハナ,8-7-3-2,37.9,19.2,7.0,462.0,6.0,[東]斎藤誠,藤澤眞佐子,394.6,2019106419,1091,1086,477030
202404010409,4,6,11,ルナビス,牝4,56.0,丸山元気,1:53.5,クビ,7-7-6-6,37.7,4.0,1.0,480.0,2.0,[西]森田直行,阿部東亜子,230.0,2020106579,1127,1142,985033
202404010409,5,7,12,メテオールライト,牝4,56.0,津村明秀,1:53.7,3/4,10-9-6-6,37.9,4.8,3.0,426.0,-2.0,[東]萩原清,シルクレーシング,155.0,2020103247,1092,1017,506800
202404010409,6,7,13,テレパシー,牝4,56.0,松岡正海,1:53.8,1,4-4-3-2,38.2,9.5,5.0,508.0,-8.0,[西]石坂公一,石川達絵,0.0,2020104205,1085,1166,248030
202404010409,7,3,5,ブーバー,牝4,56.0,石田拓郎,1:53.9,1/2,2-2-1-1,38.5,175.3,15.0,426.0,2.0,[東]新開幸一,ＤｅｅｐＣｒｅｅｋ,0.0,2020102840,1203,1116,374803
202404010409,8,5,9,ウインメイフラワー,牝5,56.0,小林勝太,1:54.0,3/4,12-12-10-8,37.9,16.6,6.0,486.0,-4.0,[西]梅田智之,ウイン,0.0,2019101930,1205,1084,494800
202404010409,9,4,7,ラブベティー,牝5,56.0,永島まな,1:54.2,1,13-14-14-13,37.9,34.9,11.0,472.0,4.0,[東]尾形和幸,増田陽一,0.0,2019106491,1187,1141,291002
202404010409,10,6,10,ランスオブサターン,牝4,56.0,泉谷楓真,1:54.3,1/2,10-11-10-13,38.2,29.3,10.0,444.0,0.0,[西]本田優,五影隆則,0.0,2020104772,1182,1099,968006
202404010409,11,5,8,コルデアニル,牝4,56.0,丸田恭介,1:54.5,1.1/2,15-15-14-13,38.2,121.0,14.0,464.0,8.0,[東]金成貴史,藤沼利夫,0.0,2020103154,1117,1132,326030
202404010409,12,2,3,ワイルドベティ,牝5,56.0,荻野極,1:54.6,1/2,5-6-8-8,38.6,92.9,13.0,422.0,4.0,[西]今野貞一,吉田勝己,0.0,2019105073,1160,1128,790005
202404010409,13,8,14,トゥーテイルズ,牝4,56.0,小沢大仁,1:55.4,5,5-5-8-8,39.4,69.5,12.0,460.0,-4.0,[西]藤原英昭,金子真人ホールディングス,0.0,2020103255,1185,1055,708800
202404010409,14,1,1,アルタビスタ,牝4,56.0,斎藤新,1:58.4,大,1-1-2-2,42.9,24.4,9.0,446.0,2.0,[西]松永幹夫,サンデーレーシング,0.0,2020103579,1178,1092,226800
202404010409,15,4,6,アウロス,牝4,56.0,横山典弘,1:58.8,2.1/2,3-3-3-2,43.2,4.6,2.0,476.0,6.0,[西]上村洋行,カナヤマホールディングス,0.0,2020106306,660,1168,45803
202404010410,1,7,14,ブーケファロス,牡4,58.0,杉原誠人,0:54.7,,11,32.0,4.1,2.0,446.0,-4.0,[東]清水英克,矢野まり子,1875.0,2020101419,1135,1080,251033
202404010410,2,8,15,カフジテトラゴン,牝5,56.0,富田暁,0:54.7,クビ,1,33.0,3.9,1.0,462.0,6.0,[西]武英智,加藤守,750.0,2019106184,1168,1161,19004
202404010410,3,8,16,クリダーム,牡4,58.0,佐々木大,0:54.8,1/2,3,32.9,7.0,4.0,492.0,0.0,[東]上原佑紀,インゼルレーシング,465.0,2020106406,1197,1192,356803
202404010410,4,5,10,クムシラコ,牡6,58.0,黛弘人,0:54.9,1/2,9,32.5,42.9,12.0,476.0,-4.0,[東]石毛善彦,ミルファーム,280.0,2018103205,1109,428,629800
202404010410,5,1,2,ハーモニーマゼラン,牡7,58.0,津村明秀,0:54.9,クビ,13,31.9,41.8,11.0,518.0,-6.0,[東]土田稔,日下部勝徳,184.0,2017102838,1092,417,641030
202404010410,6,6,12,タリア,牝4,56.0,丹内祐次,0:55.3,2,4,33.2,15.6,7.0,432.0,-8.0,[東]矢野英一,ディアレストクラブ,0.0,2020106706,1091,1108,13803
202404010410,7,4,7,クロスマジェスティ,牝5,56.0,武藤雅,0:55.3,クビ,15,31.8,181.1,16.0,480.0,4.0,[東]水野貴広,辻高史,0.0,2019106623,1169,1094,191033
202404010410,8,5,9,メイショウエニシア,牝6,56.0,太宰啓介,0:55.4,1/2,2,33.6,9.3,5.0,462.0,6.0,[西]本田優,松本好隆,0.0,2018102491,1037,1099,911008
202404010410,9,2,4,アビエルト,牡7,58.0,丸山元気,0:55.5,クビ,14,32.4,85.5,14.0,514.0,6.0,[西]杉山佳明,野嶋祥二,0.0,2017106240,1127,1178,258033
202404010410,10,4,8,サンティーテソーロ,牝4,56.0,荻野極,0:55.5,クビ,4,33.4,15.0,6.0,440.0,-4.0,[東]栗田徹,了徳寺健二ホールディングス,0.0,2020100607,1160,1127,89803
202404010410,11,7,13,ヴァリアント,牡8,58.0,斎藤新,0:55.6,3/4,12,32.7,23.0,9.0,498.0,4.0,[西]茶木太樹,カナヤマホールディングス,0.0,2016100952,1178,1181,45803
202404010410,12,1,1,アジアノジュンシン,牝6,56.0,永島まな,0:56.3,4,16,32.5,37.4,10.0,482.0,8.0,[東]奥村武,植村仁,0.0,2018101145,1187,1145,751033
202404010410,13,2,3,エコロレジーナ,牝4,56.0,菊沢一樹,0:56.3,ハナ,6,34.1,5.8,3.0,494.0,0.0,[東]菊沢隆徳,原村正紀,0.0,2020101262,1161,1115,783033
202404010410,14,6,11,ウィリン,牝5,56.0,小林勝太,0:56.3,クビ,6,34.1,21.7,8.0,444.0,-6.0,[東]林徹,ジャコモ,0.0,2019104962,1205,1163,29803
202404010410,15,3,6,アメトリーチェ,牝5,56.0,国分優作,0:56.6,1.1/2,9,34.2,103.4,15.0,482.0,-2.0,[東]加藤士津,ノルマンディーサラブレッドレーシング,0.0,2019105766,1125,1169,854800
202404010410,16,3,5,ロックユアハート,牝5,56.0,角田大和,0:56.7,1/2,6,34.5,55.3,13.0,460.0,-2.0,[西]矢作芳人,青芝商事,0.0,2019106682,1186,1075,831800
202404010411,1,8,16,ヤマニンサルバム,牡5,58.0,斎藤新,2:00.1,,1-1,34.4,15.9,7.0,504.0,-8.0,[西]中村直也,土井肇,4358.8,2019100596,1178,1186,329004
202404010411,2,7,13,キングズパレス,牡5,56.0,松岡正海,2:00.1,ハナ,9-7,33.6,6.4,3.0,498.0,-8.0,[東]戸田博文,社台レースホース,1716.8,2019104828,1085,1054,415800
202404010411,3,1,1,ヨーホーレイク,牡6,59.0,荻野極,2:00.3,1.1/2,9-10,33.5,5.4,2.0,518.0,-4.0,[西]友道康夫,金子真人ホールディングス,1108.4,2018105012,1160,1061,708800
202404010411,4,2,4,デビットバローズ,牡5,56.0,横山典弘,2:00.5,1.1/4,3-4,34.3,10.8,6.0,518.0,-8.0,[西]上村洋行,猪熊広次,650.0,2019104878,660,1168,859007
202404010411,5,6,11,リフレーミング,牡6,57.0,丸田恭介,2:00.6,1/2,14-14,33.7,10.7,5.0,468.0,0.0,[西]鮫島一歩,栗山学,430.0,2018104225,1117,1046,97031
202404010411,6,5,10,ファユエン,牝6,53.0,菊沢一樹,2:00.7,クビ,14-16,33.6,181.7,15.0,466.0,6.0,[東]勢司和浩,谷岡毅,0.0,2018104011,1161,1047,967033
202404010411,7,7,14,マイネルクリソーラ,牡5,56.0,丹内祐次,2:00.9,1.1/2,9-10,34.1,7.0,4.0,460.0,0.0,[東]手塚貴久,サラブレッドクラブ・ラフィアン,0.0,2019100792,1091,1038,546800
202404010411,8,4,7,ノッキングポイント,牡4,57.5,杉原誠人,2:01.0,1/2,3-3,34.8,16.8,8.0,494.0,0.0,[東]木村哲也,サンデーレーシング,0.0,2020103472,1135,1126,226800
202404010411,9,4,8,ブレイヴロッカー,牡4,56.0,太宰啓介,2:01.0,クビ,14-14,34.0,20.3,9.0,458.0,-6.0,[西]本田優,吉田照哉,0.0,2020102870,1037,1099,758005
202404010411,10,3,5,ダンディズム,セ8,57.0,富田暁,2:01.1,1/2,12-12,34.2,45.5,12.0,474.0,-4.0,[西]野中賢二,カナヤマホールディングス,0.0,2016102175,1168,1098,45803
202404010411,11,8,15,レーベンスティール,牡4,58.0,津村明秀,2:01.1,ハナ,7-6,34.7,3.4,1.0,486.0,3.0,[東]田中博康,キャロットファーム,0.0,2020102078,1092,1162,486800
202404010411,12,3,6,セルバーグ,牡5,57.0,丸山元気,2:01.2,1/2,2-2,35.3,36.2,11.0,442.0,0.0,[西]鈴木孝志,桑畑夏美,0.0,2019106670,1127,1111,702033
202404010411,13,6,12,シーズンリッチ,牡4,57.0,大野拓弥,2:01.6,2.1/2,5-4,35.2,56.1,13.0,514.0,-4.0,[東]久保田貴,宇田豊,0.0,2020103275,1096,1067,39030
202404010411,14,5,9,カラテ,牡8,59.5,国分優作,2:01.7,3/4,7-7,35.0,27.6,10.0,530.0,-4.0,[西]辻野泰之,小田切光,0.0,2016106606,1125,1183,975030
202404010411,15,2,3,ヴァンケドミンゴ,牡8,54.0,角田大和,2:01.8,1/2,12-12,35.0,287.9,16.0,480.0,2.0,[西]藤岡健一,幅田昌伸,0.0,2016100272,1186,1062,331007
202404010411,16,1,2,ホウオウアマゾン,牡6,58.0,佐々木大,2:02.0,1.1/4,5-7,35.4,97.0,14.0,514.0,4.0,[西]矢作芳人,小笹芳央,0.0,2018105192,1197,1075,906033
202404010412,1,4,4,シュバルツガイスト,牡4,57.0,佐々木大,1:12.8,,7-7,36.9,4.5,3.0,500.0,2.0,[東]国枝栄,インゼルレーシング,800.0,2020103575,1197,399,356803
202404010412,2,3,3,セキテイオー,牡5,58.0,丹内祐次,1:13.0,1.1/4,10-9,36.9,4.3,2.0,472.0,-4.0,[東]田中剛,杉山元洋,320.0,2019101351,1091,1119,564031
202404010412,3,7,10,レジーナローズ,牝4,55.0,秋山稔樹,1:13.3,1.3/4,5-4,37.6,6.1,4.0,440.0,0.0,[東]鈴木慎太,永山勝敏,200.0,2020104174,1181,1179,695033
202404010412,4,2,2,ハルクバローズ,牡4,58.0,富田暁,1:13.3,クビ,1-1,38.1,3.8,1.0,516.0,-6.0,[西]石坂公一,猪熊広次,120.0,2020104663,1168,1166,859007
202404010412,5,7,11,スナイチゴールド,牡4,57.0,角田大和,1:13.4,1/2,7-7,37.5,11.7,6.0,534.0,-18.0,[東]加藤和宏,ゴールドレーシング,80.0,2020106457,1186,1077,385800
202404010412,6,8,12,オーロラアーク,牝5,54.0,永島まな,1:13.4,アタマ,13-13,36.9,15.3,7.0,458.0,2.0,[東]石栗龍彦,松谷翔太,0.0,2019102186,1187,1043,849033
202404010412,7,6,9,シックザイン,牡5,58.0,武藤雅,1:13.5,クビ,2-2,38.0,49.2,10.0,472.0,-8.0,[東]水野貴広,ディアレストクラブ,0.0,2019103887,1169,1094,13803
202404010412,8,1,1,パレフォーコン,牡5,58.0,丸山元気,1:13.6,1/2,10-9,37.5,42.1,9.0,448.0,-4.0,[西]鮫島一歩,Ｈ．ＦＡｓｓｏｃｉａｔｉｏｎ,0.0,2019100683,1127,1046,70700
202404010412,9,5,6,グリモワール,牝5,54.0,藤田菜七,1:13.6,クビ,4-4,38.0,71.0,11.0,488.0,-2.0,[東]奥平雅士,ローレルレーシング,0.0,2019102371,1164,1074,32800
202404010412,10,6,8,イロハニオエ,牝5,56.0,松岡正海,1:13.8,1,5-6,38.1,9.8,5.0,512.0,-8.0,[東]小野次郎,松本俊廣,0.0,2019100354,1085,1125,853002
202404010412,11,8,13,テーオートルネード,牡5,54.0,河原田菜,1:13.9,1/2,10-12,37.8,19.5,8.0,478.0,-6.0,[西]岡田稲男,小笹公也,0.0,2019104053,1204,1066,304008
202404010412,12,4,5,チョコレートミルク,牡5,55.0,石神深道,1:14.3,2.1/2,7-9,38.4,243.7,13.0,478.0,10.0,[東]粕谷昌央,村田滋,0.0,2019103960,1209,1096,648002
202404010412,13,5,7,ヴェッキオカズマ,牡4,58.0,斎藤新,1:14.8,3,2-2,39.4,99.0,12.0,512.0,-4.0,[西]藤野健太,吉田和美,0.0,2020106404,1178,1200,138007
202404010501,1,3,4,エンジェルスノー,牝3,53.0,永島まな,1:12.6,,1-1,37.7,3.1,2.0,460.0,0.0,[西]岡田稲男,ゴドルフィン,550.0,2021101637,1187,1066,3060
202404010501,2,5,9,ラセーヌシュメール,牝3,55.0,菊沢一樹,1:12.6,クビ,3-3,37.5,17.3,4.0,450.0,-10.0,[東]菊沢隆徳,社台レースホース,220.0,2021105260,1161,1115,415800
202404010501,3,4,6,ナックアテナ,牝3,52.0,佐藤翔馬,1:12.7,3/4,2-2,37.7,2.3,1.0,468.0,0.0,[東]杉浦宏昭,小松欣也,140.0,2021105148,1207,1008,931033
202404010501,4,1,1,カワキタボーダレス,牝3,54.0,角田大和,1:13.1,2,4-4,37.9,49.1,7.0,422.0,-10.0,[西]角田晃一,川島和範,83.0,2021106147,1186,1121,469031
202404010501,5,7,12,ブライトルピナス,牝3,55.0,亀田温心,1:13.5,2.1/2,5-5,38.1,3.9,3.0,456.0,-10.0,[西]杉山晴紀,ＣＨＥＶＡＬＡＴＴＡＣＨＥ,55.0,2021103598,1176,1157,888800
202404010501,6,8,14,クイーンオブリリー,牝3,52.0,川端海翼,1:13.7,3/4,7-7,37.7,58.5,9.0,456.0,2.0,[西]宮徹,小川勲,0.0,2021102512,1195,1018,75002
202404010501,7,6,11,パームブランチ,牝3,52.0,柴田裕一,1:14.3,4,7-7,38.4,88.8,11.0,450.0,-6.0,[西]浜田多実,飯田正剛,0.0,2021104107,1212,1138,994002
202404010501,8,7,13,クールシェリー,牝3,54.0,松本大輝,1:14.6,1.3/4,14-14,37.5,19.5,5.0,424.0,0.0,[西]松下武士,川上哲司,0.0,2021106929,1191,1149,762007
202404010501,9,2,3,ルスディヴィナ,牝3,55.0,富田暁,1:14.6,ハナ,5-5,39.1,24.7,6.0,484.0,0.0,[西]武英智,吉田晴哉,0.0,2021104771,1168,1161,231033
202404010501,10,3,5,コミタス,牝3,52.0,石田拓郎,1:14.7,クビ,10-10,38.4,187.2,13.0,464.0,0.0,[東]萱野浩二,ＫＡＪＩＭＯＴＯホールディングス,0.0,2021107199,1203,1024,393803
202404010501,11,2,2,フッカツノコロアイ,牝3,55.0,小林凌大,1:15.0,2,10-10,38.7,211.0,14.0,428.0,-12.0,[東]小西一男,福田光博,0.0,2021103517,1177,405,615030
202404010501,12,5,8,キタノローマン,牝3,55.0,丹内祐次,1:15.0,クビ,13-12,38.4,57.7,8.0,424.0,0.0,[東]石栗龍彦,北所直人,0.0,2021102873,1091,1043,163002
202404010501,13,4,7,ディクスミュード,牝3,52.0,石神深道,1:15.4,2,14-14,38.2,96.8,12.0,440.0,0.0,[東]武井亮,ローレルレーシング,0.0,2021107045,1209,1147,32800
202404010501,14,6,10,タイセイビクトリア,牝3,51.0,河原田菜,1:15.6,1,12-12,39.1,66.9,10.0,454.0,16.0,[西]高橋義忠,田中成奉,0.0,2021100230,1204,1129,224007
202404010501,15,8,15,シアワセノランプ,牝3,51.0,大江原比,1:16.5,5,7-9,40.6,225.4,15.0,412.0,12.0,[東]武市康男,石川秀守,0.0,2021102924,1210,1089,18033
202404010502,1,7,13,ホレーショ,牡3,57.0,杉原誠人,1:54.5,,11-10-8-8,38.1,1.3,1.0,498.0,-8.0,[東]西田雄一,吉田和美,550.0,2021102409,1135,1187,138007
202404010502,2,5,8,メイショウフウドウ,牡3,55.0,西塚洸二,1:54.6,1/2,2-2-2-2,39.1,17.4,6.0,484.0,0.0,[西]藤原英昭,松本好雄,220.0,2021104445,1200,1055,523005
202404010502,3,3,5,トゥラッタッタ,牡3,56.0,小沢大仁,1:54.7,1/2,3-3-5-4,38.8,34.3,9.0,460.0,-6.0,[西]石坂公一,大塚亮一,140.0,2021102973,1185,1166,858800
202404010502,4,6,11,ローンウルフ,牡3,56.0,佐々木大,1:55.0,1.3/4,1-1-1-1,39.5,16.7,5.0,470.0,-8.0,[東]武市康男,飯田正剛,83.0,2021104112,1197,1089,994002
202404010502,5,7,12,ダイゴリュウジン,牡3,57.0,丹内祐次,1:55.1,3/4,3-3-2-2,39.5,10.0,2.0,466.0,0.0,[東]清水英克,長谷川光司,55.0,2021106959,1091,1080,895002
202404010502,6,5,9,スマートレザルト,牡3,57.0,斎藤新,1:55.3,1.1/4,5-5-6-7,39.2,12.9,4.0,462.0,4.0,[西]吉田直弘,大川徹,0.0,2021102722,1178,1101,7803
202404010502,7,8,14,トライデント,牡3,57.0,荻野極,1:55.4,3/4,10-10-6-6,39.2,12.8,3.0,498.0,8.0,[東]鹿戸雄一,岡田牧雄,0.0,2021102793,1160,1097,851009
202404010502,8,4,6,カーリングホリデー,牝3,52.0,石田拓郎,1:56.2,5,12-12-12-11,39.2,336.0,14.0,468.0,6.0,[東]宗像義忠,薗部博之,0.0,2021106982,1203,420,960006
202404010502,9,3,4,クラウンクーロン,牡3,57.0,石橋脩,1:56.3,3/4,7-5-4-4,40.5,28.4,7.0,450.0,-2.0,[東]牧光二,矢野悦三,0.0,2021101266,1077,1106,18034
202404010502,10,2,2,メイショウタダカツ,牡3,55.0,永島まな,1:57.5,7,5-7-8-8,41.1,82.5,10.0,436.0,-4.0,[西]庄野靖志,松本好雄,0.0,2021101469,1187,1087,523005
202404010502,11,1,1,サンライズマウレア,牡3,57.0,富田暁,1:57.7,1.1/2,12-12-8-8,41.3,91.2,11.0,448.0,-4.0,[西]河内洋,松岡隆雄,0.0,2021102242,1168,1072,306008
202404010502,12,4,7,ルヴェネ,牡3,53.0,小林美駒,1:57.8,アタマ,12-14-12-12,40.8,214.3,13.0,450.0,8.0,[東]尾形和幸,米津佳昭,0.0,2021107218,1206,1141,195033
202404010502,13,6,10,アプローチ,セ3,54.0,水沼元輝,1:58.6,5,15-15-15-14,41.1,694.2,15.0,510.0,-6.0,[東]加藤和宏,近藤英二,0.0,2021100507,1201,1077,562031
202404010502,14,2,3,シルクニードル,牝3,53.0,藤田菜七,2:00.0,9,8-8-12-14,43.1,199.9,12.0,448.0,-2.0,[東]萱野浩二,杵臼斉藤牧場,0.0,2021102698,1164,1024,406800
202404010502,15,8,15,フランクエフェクト,牡3,57.0,丸山元気,2:03.9,大,9-9-11-13,47.2,31.8,8.0,564.0,4.0,[東]木村哲也,シルクレーシング,0.0,2021105476,1127,1126,506800
202404010503,1,5,9,ヤブサメ,牡3,56.0,角田大河,1:22.5,,6-7,35.8,4.4,2.0,474.0,0.0,[西]石橋守,岡浩二,550.0,2021103116,1199,1140,370008
202404010503,2,3,6,プレアデスグループ,牝3,53.0,西塚洸二,1:22.8,1.1/2,2-2,36.5,7.3,4.0,434.0,2.0,[西]吉岡辰弥,吉田晴哉,220.0,2021104839,1200,1176,231033
202404010503,3,7,13,アンナバローズ,牝3,55.0,富田暁,1:22.9,1,9-7,36.1,2.5,1.0,486.0,0.0,[西]辻野泰之,猪熊広次,140.0,2021103291,1168,1183,859007
202404010503,4,8,15,グランテレーズ,牝3,55.0,斎藤新,1:23.0,クビ,5-5,36.4,17.4,7.0,434.0,-8.0,[西]渡辺薫彦,シルクレーシング,83.0,2021102401,1178,1155,506800
202404010503,5,6,12,メイショウマゴイチ,牡3,57.0,岩田康誠,1:23.0,アタマ,11-10,35.9,6.8,3.0,472.0,-6.0,[西]武幸四郎,松本好雄,55.0,2021100747,5203,1160,523005
202404010503,6,5,10,ホルガーダンスク,牡3,56.0,佐々木大,1:23.0,クビ,14-14,35.6,35.3,8.0,414.0,-4.0,[西]西村真幸,社台レースホース,0.0,2021105096,1197,1148,415800
202404010503,7,8,16,アンジョルラス,牡3,57.0,丸山元気,1:23.0,アタマ,16-16,35.4,10.6,5.0,496.0,-14.0,[西]松下武士,ライオンレースホース,0.0,2021106682,1127,1149,542800
202404010503,8,6,11,ルージュエリシア,牝3,55.0,荻野極,1:23.3,1.1/2,3-4,36.8,47.1,10.0,434.0,-2.0,[東]栗田徹,東京ホースレーシング,0.0,2021102402,1160,1127,180800
202404010503,9,7,14,ダンジュカリユシ,牡3,57.0,丸田恭介,1:23.3,ハナ,11-13,36.2,88.8,13.0,452.0,-13.0,[東]加藤征弘,瀬谷隆雄,0.0,2021104916,1117,1059,775006
202404010503,10,1,1,グレンノアラシ,牡3,53.0,小林美駒,1:23.3,クビ,1-1,37.2,60.9,12.0,480.0,8.0,[東]岩戸孝樹,ビッグレッドファーム,0.0,2021106804,1206,1051,716800
202404010503,11,1,2,ヒシグランディヴァ,牝3,51.0,河原田菜,1:23.5,3/4,3-3,37.1,51.6,11.0,454.0,16.0,[西]友道康夫,阿部雅英,0.0,2021105844,1204,1061,44008
202404010503,12,2,3,コスモララバイ,牝3,55.0,丹内祐次,1:23.6,1/2,6-5,36.9,14.7,6.0,396.0,2.0,[西]吉田直弘,ビッグレッドファーム,0.0,2021106809,1091,1101,716800
202404010503,13,4,7,アルデリシャス,牝3,55.0,菊沢一樹,1:24.0,2.1/2,14-14,36.6,206.5,14.0,496.0,6.0,[東]田中剛,秋元竜弥,0.0,2021105093,1161,1119,799031
202404010503,14,4,8,バノフィー,牝3,52.0,小林勝太,1:24.1,1/2,10-10,37.1,322.6,15.0,412.0,-4.0,[東]田島俊明,藤沼利夫,0.0,2021106675,1205,1112,326030
202404010503,15,3,5,サウンドイヴォーク,牡3,57.0,亀田温心,1:25.0,5,6-9,38.3,37.7,9.0,482.0,8.0,[西]高柳大輔,増田雄一,0.0,2021103241,1176,1159,168006
202404010503,16,2,4,チャックイーズラブ,牝3,52.0,水沼元輝,1:25.3,1.1/2,11-10,38.2,392.3,16.0,394.0,-4.0,[東]萱野浩二,大樹ファーム,0.0,2021103165,1201,1024,536800
202404010504,1,4,7,マハナ,牝3,54.0,佐々木大,1:55.7,,6-6-7-6,38.6,12.0,7.0,434.0,4.0,[西]鮫島一歩,ノースヒルズ,550.0,2021106618,1197,1046,788800
202404010504,2,4,6,オテンバムスメ,牝3,53.0,永島まな,1:55.7,ハナ,12-10-9-8,38.3,6.6,4.0,432.0,2.0,[西]北出成人,岡浩二,220.0,2021103867,1187,1078,370008
202404010504,3,5,8,コパノエビータ,牝3,55.0,嶋田純次,1:55.8,1/2,4-4-4-4,38.9,3.6,1.0,402.0,0.0,[東]手塚貴久,小林祥晃,140.0,2021102219,1134,1038,966007
202404010504,4,2,3,デイムサンライズ,牝3,54.0,小沢大仁,1:55.8,クビ,2-2-2-1,39.1,5.0,3.0,440.0,2.0,[西]牧浦充徳,松岡隆雄,83.0,2021102223,1185,1113,306008
202404010504,5,6,11,ビーナスライズ,牝3,55.0,菊沢一樹,1:56.0,1,9-8-6-6,39.0,6.6,5.0,480.0,4.0,[東]小手川準,吉岡寛行,55.0,2021102342,1161,1171,726031
202404010504,6,3,5,パレスパートナー,牝3,51.0,小林美駒,1:56.7,4,10-10-15-15,38.5,9.4,6.0,476.0,12.0,[東]鈴木伸尋,西村豊,0.0,2021102357,1206,1026,787002
202404010504,7,1,1,カリプソ,牝3,52.0,小林勝太,1:56.9,3/4,12-13-14-11,38.9,270.0,14.0,424.0,-8.0,[東]小西一男,田島榮二郎,0.0,2021100504,1205,405,713005
202404010504,8,3,4,ウェルキン,牝3,52.0,石田拓郎,1:57.1,1.1/2,15-15-11-11,39.4,91.8,10.0,416.0,-6.0,[東]新開幸一,井手慶祐,0.0,2021105294,1203,1116,153033
202404010504,9,8,14,フローティンローズ,牝3,55.0,丹内祐次,1:57.1,ハナ,4-4-4-4,40.2,4.9,2.0,478.0,6.0,[東]上原博之,ビッグレッドファーム,0.0,2021106830,1091,423,716800
202404010504,10,2,2,アマントアスク,牝3,53.0,西塚洸二,1:57.1,ハナ,1-1-1-2,40.5,31.5,8.0,462.0,6.0,[西]河内洋,廣崎利洋ＨＤ,0.0,2021107371,1200,1072,37803
202404010504,11,7,12,クツワワールド,牝3,52.0,水沼元輝,1:57.4,2,10-10-9-10,39.9,205.2,13.0,440.0,2.0,[東]岩戸孝樹,芳賀克也,0.0,2021104266,1201,1051,247030
202404010504,12,8,15,グッドイナフ,牝3,55.0,杉原誠人,1:57.5,1/2,3-3-2-2,40.7,174.8,12.0,510.0,-4.0,[東]田村康仁,松谷翔太,0.0,2021106575,1135,1027,849033
202404010504,13,6,10,ノーブルシェイド,牝3,55.0,武藤雅,1:57.9,2.1/2,12-13-11-11,40.1,47.9,9.0,530.0,-4.0,[東]水野貴広,吉木伸彦,0.0,2021103822,1169,1094,755030
202404010504,14,5,9,エンピリカルルール,牝3,52.0,石神深道,1:58.2,1.3/4,8-8-13-14,40.3,369.5,15.0,438.0,-8.0,[東]深山雅史,岡田牧雄,0.0,2021100833,1209,1174,851009
202404010504,15,7,13,ラシャンススウリ,牝3,51.0,河原田菜,1:58.9,4,6-6-7-8,41.7,104.8,11.0,472.0,-2.0,[西]渡辺薫彦,土井久美子,0.0,2021106590,1204,1155,643031
202404010505,1,8,15,ホワイトビーチ,牡3,57.0,黛弘人,2:03.3,,6-6-3-2,36.4,4.3,3.0,482.0,4.0,[東]森一誠,ライフエンタープライズ,550.0,2021100588,1109,1201,312803
202404010505,2,4,6,サルヴィアーノ,牝3,55.0,丹内祐次,2:03.7,2.1/2,6-6-8-8,36.4,8.4,4.0,488.0,-10.0,[東]栗田徹,ゴドルフィン,220.0,2021110113,1091,1127,3060
202404010505,3,4,7,マイネルガンナー,牡3,57.0,丸山元気,2:03.8,1/2,14-13-4-4,36.8,27.1,9.0,458.0,4.0,[東]畠山吉宏,サラブレッドクラブ・ラフィアン,140.0,2021106775,1127,1048,546800
202404010505,4,6,11,モズマーヴェリック,牡3,55.0,西塚洸二,2:03.8,クビ,10-11-11-11,36.2,20.3,7.0,496.0,-4.0,[西]牧浦充徳,キャピタル・システム,83.0,2021100225,1200,1113,5803
202404010505,5,3,4,プロスペクト,牡3,56.0,佐々木大,2:03.8,アタマ,3-3-6-4,36.7,3.1,1.0,502.0,4.0,[西]須貝尚介,安原浩司,55.0,2021101430,1197,1105,271008
202404010505,6,3,5,ディアアリーチェ,牝3,53.0,永島まな,2:03.9,クビ,1-1-1-1,37.2,37.0,10.0,456.0,-6.0,[西]武幸四郎,ＴＮレーシング,0.0,2021105655,1187,1160,969031
202404010505,7,7,12,マウリノ,牡3,57.0,嶋田純次,2:04.1,1.1/4,3-3-7-7,36.9,26.0,8.0,452.0,-2.0,[東]手塚貴久,落合幸弘,0.0,2021101440,1134,1038,252030
202404010505,8,5,9,アルジャヒリ,牡3,57.0,亀田温心,2:04.1,アタマ,8-10-8-8,36.7,15.1,5.0,462.0,-2.0,[西]石坂公一,キャロットファーム,0.0,2021105421,1176,1166,486800
202404010505,9,8,14,リリエンフェルト,牝3,55.0,岩田康誠,2:04.1,ハナ,2-2-2-2,37.4,3.3,2.0,448.0,-6.0,[東]相沢郁,サンデーレーシング,0.0,2021104927,5203,1020,226800
202404010505,10,6,10,レッドスウィング,牡3,57.0,斎藤新,2:04.5,2,3-3-4-4,37.5,20.3,6.0,430.0,0.0,[西]池江泰寿,東京ホースレーシング,0.0,2021105130,1178,1071,180800
202404010505,11,2,3,サブリナワルツ,牝3,52.0,小林勝太,2:04.9,2.1/2,10-8-8-8,37.6,150.4,12.0,458.0,-2.0,[東]池上昌和,小林誠,0.0,2021104907,1205,1150,381031
202404010505,12,7,13,クワッドルッツ,牡3,56.0,小沢大仁,2:05.6,4,13-13-14-13,37.4,219.4,13.0,474.0,-2.0,[西]今野貞一,川勝裕之,0.0,2021105147,1185,1128,202033
202404010505,13,5,8,トコトワ,牝3,52.0,石神深道,2:06.1,3,12-11-13-13,38.0,543.6,14.0,442.0,4.0,[東]武藤善則,前川企画,0.0,2021110095,1209,1064,977800
202404010505,14,2,2,ローザリサリ,牝3,55.0,富田暁,2:06.5,2.1/2,8-8-11-12,38.8,144.0,11.0,494.0,0.0,[西]西園翔太,渡邉直樹,0.0,2021106560,1168,1196,795033
202404010505,-3,1,1,マイネルブラボー,牡3,53.0,小林美駒,,,,,,,,,[東]小笠倫弘,サラブレッドクラブ・ラフィアン,0.0,2021106813,1206,1076,546800
202404010506,1,4,7,アイズ,牡3,57.0,菊沢一樹,1:12.4,,2-2,38.0,2.9,1.0,478.0,2.0,[東]菊沢隆徳,古賀禎彦,550.0,2021107154,1161,1115,320803
202404010506,2,3,4,ミスターディジェイ,牡3,57.0,丹内祐次,1:12.7,2,1-1,38.4,6.9,4.0,538.0,0.0,[東]清水英克,ＭＭＣ,220.0,2021104617,1091,1080,50803
202404010506,3,5,8,インサイダー,牡3,57.0,丸山元気,1:13.0,1.1/2,6-5,37.7,39.7,10.0,476.0,2.0,[東]大和田成,諸江幸祐,140.0,2021104954,1127,1124,63803
202404010506,4,7,12,キョウエイノヴェル,牡3,53.0,大江原比,1:13.2,1.1/4,6-6,37.8,24.9,7.0,476.0,-6.0,[東]武市康男,田中晴夫,83.0,2021103363,1210,1089,619002
202404010506,5,8,15,エクステンシヴリー,牡3,54.0,川端海翼,1:13.4,1.1/2,3-3,38.9,5.2,3.0,526.0,16.0,[西]小栗実,ライオンレースホース,55.0,2021100715,1195,1194,542800
202404010506,6,8,14,ルクスアルム,牡3,55.0,西塚洸二,1:13.6,1.1/4,11-10,37.5,7.5,5.0,474.0,4.0,[西]高橋亮,ルクス,0.0,2021103945,1200,1136,397803
202404010506,7,2,2,ビックリマーク,牡3,57.0,丸田恭介,1:14.0,2.1/2,10-10,38.2,79.1,11.0,490.0,2.0,[東]宗像義忠,薗部博之,0.0,2021106984,1117,420,960006
202404010506,8,7,13,ヒロアプリオリ,牡3,57.0,小崎綾也,1:14.2,1.1/4,12-13,37.8,208.7,14.0,438.0,-10.0,[西]川村禎彦,石川博,0.0,2021101954,1152,1003,752006
202404010506,9,5,9,アングリフ,牡3,56.0,小沢大仁,1:14.4,1,9-8,38.8,23.6,6.0,474.0,2.0,[西]西園翔太,中辻明,0.0,2021103168,1185,1196,646030
202404010506,10,2,3,モーニントンライン,牡3,54.0,小林勝太,1:14.5,1,4-4,39.8,4.1,2.0,466.0,-6.0,[東]小野次郎,今中俊平,0.0,2021103629,1205,1125,428033
202404010506,11,1,1,ヴァイタルピース,セ3,53.0,河原田菜,1:14.8,1.1/2,12-12,38.5,29.3,8.0,466.0,0.0,[西]鈴木孝志,岡田牧雄,0.0,2021110079,1204,1111,851009
202404010506,12,4,6,ムーンウォーク,牡3,57.0,黛弘人,1:15.2,2.1/2,12-13,38.8,362.3,15.0,462.0,-4.0,[東]青木孝文,岡田牧雄,0.0,2021106425,1109,1156,851009
202404010506,13,3,5,クリノビックマロン,牡3,54.0,橋木太希,1:15.2,クビ,5-7,40.1,87.0,12.0,474.0,4.0,[西]高橋義忠,栗本守,0.0,2021103827,1215,1129,488007
202404010506,14,6,11,テーオーロビンソン,牡3,54.0,柴田裕一,1:16.0,5,15-15,38.8,204.0,13.0,522.0,14.0,[西]岡田稲男,小笹公也,0.0,2021103248,1212,1066,304008
202404010506,15,6,10,スリークロス,牡3,57.0,富田暁,1:16.9,5,6-8,41.5,39.2,9.0,562.0,2.0,[西]千田輝彦,瀬野尾裕久,0.0,2021100984,1168,1120,210033
202404010507,1,5,5,ラテラルシンキング,牡4,57.0,佐々木大,1:47.5,,6-6,35.4,1.8,1.0,426.0,-2.0,[東]黒岩陽一,社台レースホース,800.0,2020102861,1197,1133,415800
202404010507,2,8,8,ルーチェロッサ,牝4,53.0,小林勝太,1:47.7,3/4,4-4,35.9,9.6,5.0,452.0,2.0,[東]相沢郁,ノルマンディーサラブレッドレーシング,320.0,2020103955,1205,1020,854800
202404010507,3,4,4,ウインルピナス,牝4,52.0,小林美駒,1:47.8,3/4,2-2,36.3,4.5,2.0,432.0,2.0,[東]鈴木伸尋,ウイン,200.0,2020105183,1206,1026,494800
202404010507,4,6,6,ムガ,牝5,55.0,小沢大仁,1:47.8,クビ,8-8,35.6,7.8,4.0,458.0,-12.0,[西]高橋一哉,村田博司,120.0,2019103742,1185,1206,497031
202404010507,5,2,2,アランヴェリテ,セ5,55.0,柴田裕一,1:48.7,5,1-1,37.4,5.0,3.0,476.0,-12.0,[西]中竹和也,加藤誠,80.0,2019100667,1212,1039,944030
202404010507,6,3,3,ブライトサイン,牝4,55.0,角田大河,1:49.1,2,6-6,37.1,31.8,6.0,466.0,-4.0,[西]斉藤崇史,キャロットファーム,0.0,2020103191,1199,1151,486800
202404010507,7,7,7,キングリスティア,セ8,56.0,西塚洸二,1:49.4,2,4-4,37.6,33.2,7.0,516.0,-2.0,[西]河内洋,廣崎利洋,0.0,2016106594,1200,1072,539002
202404010507,8,1,1,コウセイマリア,牝4,53.0,土田真翔,1:49.9,3,2-2,38.3,161.2,8.0,404.0,-6.0,[東]和田雄二,杉安浩一郎,0.0,2020102232,1198,1143,563009
202404010508,1,5,8,アニトラ,牝4,52.0,小林美駒,1:53.1,,2-2-1-1,38.5,23.9,8.0,464.0,2.0,[東]矢嶋大樹,Ｇ１レーシング,800.0,2020102679,1206,1202,808800
202404010508,2,7,11,コスモオピニオン,牡4,58.0,丹内祐次,1:53.2,1/2,6-7-3-2,38.4,4.8,2.0,498.0,-8.0,[東]黒岩陽一,ビッグレッドファーム,320.0,2020101258,1091,1133,716800
202404010508,3,4,6,シャンデルナゴル,牡4,58.0,富田暁,1:53.2,アタマ,1-1-2-2,38.5,2.0,1.0,480.0,0.0,[西]石坂公一,吉田勝己,200.0,2020103193,1168,1166,790005
202404010508,4,8,13,カイザーレオン,牡5,55.0,小林勝太,1:53.9,4,12-12-11-8,37.9,70.6,10.0,466.0,-6.0,[東]伊坂重信,ノルマンディーサラブレッドレーシング,120.0,2019106488,1205,1177,854800
202404010508,5,8,14,スマートハンター,牡4,57.0,小沢大仁,1:54.3,2.1/2,6-6-4-4,39.2,8.2,4.0,506.0,0.0,[西]中村直也,大川徹,80.0,2020104306,1185,1186,7803
202404010508,6,2,2,ダノンフューチャー,牡5,56.0,西塚洸二,1:54.5,3/4,3-4-4-4,39.4,9.3,5.0,516.0,-8.0,[西]寺島良,ダノックス,0.0,2019105456,1200,1158,619800
202404010508,7,6,9,ディズレーリ,セ4,57.0,佐々木大,1:54.6,1,13-12-8-6,38.9,20.0,6.0,512.0,-8.0,[東]池上昌和,社台レースホース,0.0,2020103119,1197,1150,415800
202404010508,8,3,3,スターグロウ,牝4,56.0,武藤雅,1:54.6,ハナ,10-9-8-6,38.9,6.5,3.0,444.0,0.0,[東]田中博康,ゴドルフィン,0.0,2020101814,1169,1162,3060
202404010508,9,5,7,ジャクソン,牡4,54.0,大江原比,1:55.3,4,8-7-7-8,39.8,22.3,7.0,500.0,0.0,[東]武市康男,薪浦亨,0.0,2020104354,1210,1089,768006
202404010508,10,4,5,サフランブライト,牡5,58.0,小林凌大,1:55.3,クビ,8-9-11-11,39.3,436.1,14.0,514.0,-18.0,[東]小西一男,海原聖一,0.0,2019102728,1177,405,471002
202404010508,11,6,10,コンドリュール,セ4,56.0,永島まな,1:55.6,1.3/4,14-14-11-11,39.6,70.2,9.0,466.0,-4.0,[西]安田翔伍,ノースヒルズ,0.0,2020105608,1187,1164,788800
202404010508,12,7,12,ワタシデイイデスカ,牝4,55.0,秋山稔樹,1:57.8,大,3-3-4-8,42.7,179.4,12.0,502.0,-8.0,[東]本間忍,松田整二,0.0,2020105282,1181,1056,304030
202404010508,13,1,1,ビップクロエ,牝4,56.0,菊沢一樹,2:00.5,大,3-4-8-13,44.8,306.5,13.0,446.0,-14.0,[西]松下武士,鈴木邦英,0.0,2020103309,1161,1149,524030
202404010508,14,3,4,クープラン,牡6,55.0,川端海翼,2:08.0,大,10-11-14-14,50.8,88.3,11.0,538.0,-12.0,[西]藤沢則雄,森田和豊,0.0,2018103762,1195,1041,819031
202404010509,1,8,12,アサギリ,牝3,55.0,丹内祐次,0:55.6,,6,33.0,4.2,3.0,436.0,-8.0,[東]尾形和幸,大島牧場,1095.9,2021100610,1091,1141,487800
202404010509,2,7,10,パレスドフィーヌ,牝3,55.0,菊沢一樹,0:55.7,1,10,32.9,2.9,1.0,488.0,6.0,[東]鈴木慎太,吉田和美,437.4,2021105373,1161,1179,138007
202404010509,3,6,8,ドナヴィーナス,牝3,55.0,永島まな,0:55.9,3/4,1,33.8,8.8,4.0,450.0,-8.0,[西]庄野靖志,山田貢一,273.7,2021100782,1187,1087,440006
202404010509,4,8,11,ニシノルミリオン,牡3,57.0,武藤雅,0:56.1,1.1/2,3,33.7,20.4,7.0,476.0,4.0,[東]武藤善則,西山茂行,160.0,2021106994,1169,1064,897009
202404010509,5,5,6,アシセバイラ,牝3,55.0,岩田康誠,0:56.2,1/2,12,33.0,28.1,8.0,492.0,10.0,[東]辻哲英,キャロットファーム,107.0,2021104896,5203,1182,486800
202404010509,6,5,5,スコーピオン,牡3,57.0,丸山元気,0:56.2,ハナ,2,34.0,41.3,9.0,460.0,0.0,[東]武藤善則,佐々木雄二,0.0,2021100792,1127,1064,852030
202404010509,7,7,9,ネイルンノ,牡3,57.0,杉原誠人,0:56.5,2,6,33.9,3.4,2.0,456.0,0.0,[東]尾関知人,ミルファーム,0.0,2021103338,1135,1103,629800
202404010509,8,1,1,ルクスパラディ,牝3,55.0,石橋脩,0:56.6,クビ,8,33.9,18.0,6.0,404.0,-2.0,[東]上原佑紀,ルクス,0.0,2021102054,1077,1192,397803
202404010509,9,2,2,ビコーズウイキャン,牡3,57.0,加藤和博,0:56.8,1.1/2,11,33.7,473.5,12.0,414.0,-4.0,[地]長谷川忍,池田貴征,0.0,2021103695,5248,5779,332034
202404010509,10,6,7,ヘルメース,牡3,57.0,小林凌大,0:57.3,3,3,34.9,11.6,5.0,480.0,0.0,[東]伊藤圭三,是枝浩平,0.0,2021103710,1177,1023,370803
202404010509,11,4,4,ニシノオウジョ,牝3,55.0,小林美駒,0:58.1,5,3,35.7,56.7,10.0,448.0,8.0,[東]尾形和幸,西山茂行,0.0,2021104050,1206,1141,897009
202404010509,12,3,3,クリノソレイユ,牝3,55.0,菅原隆一,0:58.1,クビ,8,35.4,447.4,11.0,408.0,-6.0,[東]蛯名利弘,栗本博晴,0.0,2021107336,1129,1131,970006
202404010510,1,2,2,エンファサイズ,牡4,58.0,富田暁,1:36.2,,6-7,33.7,6.0,3.0,452.0,8.0,[西]四位洋文,社台レースホース,1138.0,2020103007,1168,1184,415800
202404010510,2,5,6,レオンバローズ,牡5,58.0,岩田康誠,1:36.3,クビ,1-1,34.3,2.0,1.0,470.0,-2.0,[西]渡辺薫彦,猪熊広次,448.0,2019104068,5203,1155,859007
202404010510,3,8,12,シルバースペード,牡4,58.0,角田大河,1:36.3,クビ,2-2,34.1,6.2,4.0,480.0,-6.0,[東]小野次郎,矢野琢也,284.0,2020104745,1199,1125,903031
202404010510,4,8,11,サクラオーラ,牝5,56.0,武藤雅,1:36.6,1.3/4,6-5,34.1,43.8,10.0,428.0,-2.0,[東]田中博康,さくらコマース,170.0,2019106280,1169,1162,19800
202404010510,5,5,5,マルカシャルマン,牝4,56.0,小沢大仁,1:36.6,クビ,4-4,34.4,79.9,11.0,444.0,-2.0,[西]浜田多実,日下部猛,111.0,2020102965,1185,1138,927033
202404010510,6,6,8,イスラグランデ,セ5,58.0,石橋脩,1:36.7,クビ,11-10,33.9,12.1,5.0,530.0,-4.0,[西]西園正都,社台レースホース,0.0,2019104548,1077,1028,415800
202404010510,7,1,1,ヒシルリアン,牡4,58.0,丸山元気,1:36.7,クビ,9-9,34.0,36.6,9.0,496.0,-6.0,[東]宮田敬介,阿部雅英,0.0,2020103432,1127,1175,44008
202404010510,8,7,10,レッドアーバイン,牡4,58.0,佐々木大,1:36.8,1/2,12-12,33.7,5.9,2.0,498.0,2.0,[東]手塚貴久,東京ホースレーシング,0.0,2020110123,1197,1038,180800
202404010510,9,7,9,ファルシオン,牝4,56.0,斎藤新,1:36.9,クビ,9-10,33.8,30.9,8.0,454.0,2.0,[西]羽月友彦,ターフ・スポート,0.0,2020105996,1178,1091,102800
202404010510,10,4,4,アリーチェ,牝4,56.0,菊沢一樹,1:36.9,クビ,8-8,34.2,22.2,6.0,446.0,2.0,[東]戸田博文,小濱忠一,0.0,2020103305,1161,1054,166033
202404010510,11,6,7,バーミリオンクリフ,牡5,58.0,荻野極,1:37.0,1/2,2-2,34.9,24.2,7.0,480.0,-6.0,[東]金成貴史,サンデーレーシング,0.0,2019105566,1160,1132,226800
202404010510,12,3,3,ロストボール,セ5,58.0,水沼元輝,1:37.2,1.1/2,4-5,34.6,387.4,12.0,432.0,-2.0,[東]加藤和宏,大田恭充,0.0,2019106972,1201,1077,333031
202404010511,1,8,11,シーウィザード,牡4,58.0,荻野極,2:01.4,,2-2,33.5,3.1,1.0,484.0,-8.0,[東]鹿戸雄一,岡田牧雄,1575.2,2020101695,1160,1097,851009
202404010511,2,3,3,カンティプール,牝5,56.0,斎藤新,2:01.8,2,3-3,33.7,10.9,6.0,478.0,-18.0,[西]渡辺薫彦,社台レースホース,627.2,2019104703,1178,1155,415800
202404010511,3,2,2,マイネルメモリー,牡4,58.0,丹内祐次,2:01.8,クビ,9-9,33.2,8.1,3.0,466.0,-2.0,[西]宮徹,サラブレッドクラブ・ラフィアン,393.6,2020105750,1091,1018,546800
202404010511,4,4,4,タイキラフター,牡4,58.0,佐々木大,2:01.9,1/2,6-5,33.6,3.6,2.0,522.0,6.0,[東]大竹正博,大樹ファーム,230.0,2020106811,1197,1102,536800
202404010511,5,7,9,フェミナフォルテ,牝4,56.0,横山琉人,2:01.9,ハナ,4-5,33.6,11.3,7.0,420.0,-4.0,[東]小島茂之,ノルマンディーサラブレッドレーシング,155.0,2020103920,1192,1068,854800
202404010511,6,7,8,カフジアスール,牡6,58.0,柴田裕一,2:02.2,1.1/2,8-7,33.7,9.2,5.0,486.0,4.0,[西]中竹和也,加藤守,0.0,2018101562,1212,1039,19004
202404010511,7,6,7,マルチャン,牡4,58.0,丸田恭介,2:02.4,1.1/2,9-10,33.7,8.7,4.0,470.0,4.0,[東]武市康男,瀬谷隆雄,0.0,2020103066,1117,1089,775006
202404010511,8,1,1,エイトキングゴッド,牡4,58.0,松本大輝,2:02.6,1,4-3,34.4,70.0,10.0,474.0,-6.0,[東]青木孝文,岡田牧雄,0.0,2020103865,1191,1156,851009
202404010511,9,5,5,ウィステリアリヴァ,牡4,58.0,石橋脩,2:02.9,1.3/4,1-1,35.0,11.7,8.0,496.0,4.0,[東]小野次郎,ウエスト．フォレスト．ステイブル,0.0,2020104708,1077,1125,368803
202404010511,10,8,10,ロードディフィート,牡4,58.0,富田暁,2:02.9,クビ,6-7,34.4,141.1,11.0,434.0,-6.0,[東]和田勇介,ロードホースクラブ,0.0,2020102119,1168,1165,170800
202404010511,11,6,6,コルベイユ,牝5,56.0,岩田康誠,2:03.4,3,11-11,34.5,35.6,9.0,442.0,4.0,[東]新開幸一,井手慶祐,0.0,2019104607,5203,1116,153033
202404010512,1,6,10,シックザイン,牡5,55.0,小林勝太,1:12.4,,9-7,36.9,51.1,10.0,470.0,-2.0,[東]水野貴広,ディアレストクラブ,800.0,2019103887,1205,1094,13803
202404010512,2,7,12,ノースディーバ,牡4,56.0,西塚洸二,1:12.4,クビ,2-2,37.6,9.7,4.0,526.0,-4.0,[西]鮫島一歩,本間茂,320.0,2020105298,1200,1046,694008
202404010512,3,5,7,ローズブルーム,牝5,56.0,黛弘人,1:12.4,アタマ,10-9,36.7,171.0,13.0,448.0,-6.0,[東]伊藤大士,ミルファーム,200.0,2019101428,1109,1109,629800
202404010512,4,1,1,セットリスト,牝5,55.0,佐々木大,1:12.4,ハナ,3-3,37.4,5.4,3.0,498.0,8.0,[西]畑端省吾,ＤＭＭドリームクラブ,120.0,2019105271,1197,1188,26803
202404010512,5,6,9,ビートエモーション,セ5,58.0,石橋脩,1:12.6,1,3-6,37.6,2.1,1.0,512.0,0.0,[東]上原佑紀,長谷川祐司,80.0,2019110120,1077,1192,196031
202404010512,6,4,5,エンドレスロード,牡5,56.0,永島まな,1:12.6,ハナ,6-3,37.5,5.1,2.0,488.0,2.0,[西]高橋一哉,前田幸貴,0.0,2019100665,1187,1206,117031
202404010512,7,8,13,デュアルキャリアー,牡8,58.0,丹内祐次,1:12.7,1/2,1-1,38.4,32.2,9.0,562.0,4.0,[東]加藤士津,ライオンレースホース,0.0,2016110104,1091,1169,542800
202404010512,8,5,8,ノーブルミステリー,牝4,53.0,水沼元輝,1:12.7,ハナ,11-11,36.4,19.6,7.0,446.0,-2.0,[東]菊川正達,吉木伸彦,0.0,2020106429,1201,1052,755030
202404010512,9,7,11,フスカル,セ4,58.0,丸山元気,1:12.9,1.1/4,7-7,37.7,17.8,6.0,476.0,-20.0,[東]森一誠,吉田和美,0.0,2020110128,1127,1201,138007
202404010512,10,4,6,オコジュ,牝4,56.0,嶋田純次,1:13.2,2,3-3,38.3,72.7,11.0,456.0,-4.0,[東]矢嶋大樹,ミルファーム,0.0,2020101265,1134,1202,629800
202404010512,11,3,3,アイファーマオ,牝5,54.0,藤田菜七,1:13.4,1,11-12,37.2,83.7,12.0,442.0,-2.0,[東]根本康広,中島稔,0.0,2019106470,1164,1029,119007
202404010512,12,8,14,レヴィアタン,牡4,57.0,小沢大仁,1:13.4,ハナ,8-9,38.0,15.2,5.0,496.0,-6.0,[西]梅田智之,薪浦英稔,0.0,2020100619,1185,1084,40030
202404010512,13,2,2,アマルナ,牝4,52.0,河原田菜,1:13.7,2,14-14,36.8,23.0,8.0,456.0,-16.0,[西]田中克典,カナヤマホールディングス,0.0,2020110079,1204,1180,45803
202404010512,14,3,4,スパーダネーラ,セ8,55.0,土田真翔,1:14.7,6,13-13,38.2,525.3,14.0,430.0,-14.0,[東]蛯名利弘,瀬口信正,0.0,2016109087,1198,1131,909007
202404010601,1,8,16,ダイユウハミルトン,牡3,57.0,菊沢一樹,1:49.0,,9-8,34.4,11.3,6.0,462.0,-2.0,[東]松永康利,大友靖岐,550.0,2021101211,1161,1093,448033
202404010601,2,3,5,マルカオペラ,牝3,55.0,三浦皇成,1:49.2,1.1/2,1-1,35.2,7.5,4.0,470.0,6.0,[西]浜田多実,日下部猛,220.0,2021104978,1122,1138,927033
202404010601,3,1,1,ファインライン,牡3,56.0,泉谷楓真,1:49.3,1/2,12-11,34.6,2.1,1.0,462.0,8.0,[西]松永幹夫,窪田芳郎,140.0,2021102419,1182,1092,208008
202404010601,4,5,10,レトロタイプ,牡3,57.0,亀田温心,1:49.7,2.1/2,4-4,35.3,11.1,5.0,512.0,4.0,[東]加藤士津,松本貴嗣,83.0,2021104843,1176,1169,201031
202404010601,5,2,3,ウインメラナイト,牡3,55.0,西塚洸二,1:49.8,1,11-11,35.0,39.9,8.0,492.0,-8.0,[西]寺島良,ウイン,55.0,2021106196,1200,1158,494800
202404010601,6,7,14,コスモブリランテ,牝3,53.0,藤田菜七,1:49.9,3/4,12-14,35.0,154.8,12.0,402.0,0.0,[東]西田雄一,ビッグレッドファーム,0.0,2021106791,1164,1187,716800
202404010601,7,2,4,ソウルプラウド,牡3,57.0,岩田康誠,1:50.0,1/2,15-14,35.1,5.0,2.0,472.0,0.0,[西]高橋亮,岩崎僖澄,0.0,2021106938,5203,1136,288009
202404010601,8,4,7,ブリックス,牡3,53.0,小林美駒,1:50.1,クビ,4-4,35.8,65.7,11.0,414.0,-12.0,[東]上原博之,北駿競走馬組合,0.0,2021100024,1206,423,57700
202404010601,9,4,8,アンクローシュ,牝3,54.0,角田大河,1:50.1,クビ,2-2,36.0,6.8,3.0,404.0,-4.0,[西]小椋研介,シルクレーシング,0.0,2021104838,1199,1197,506800
202404010601,10,7,13,エバーアリエル,牝3,55.0,武藤雅,1:50.1,ハナ,15-14,35.2,56.4,9.0,430.0,-2.0,[東]小島茂之,宇田豊,0.0,2021105822,1169,1068,39030
202404010601,11,6,12,アマンディーヌ,牝3,52.0,小林勝太,1:50.3,1.1/4,9-8,35.7,251.2,15.0,434.0,14.0,[西]畑端省吾,ディアレストクラブ,0.0,2021101124,1205,1188,13803
202404010601,12,3,6,エルキュール,牝3,54.0,佐々木大,1:50.4,クビ,4-4,36.0,56.8,10.0,428.0,-16.0,[東]天間昭一,ノルマンディーサラブレッドレーシング,0.0,2021100288,1197,1090,854800
202404010601,13,6,11,キタサンバンビーナ,牝3,51.0,河原田菜,1:51.3,5,12-11,36.5,158.3,13.0,424.0,8.0,[西]梅田智之,大野商事,0.0,2021103644,1204,1084,373800
202404010601,14,5,9,カプシーヌ,牝3,54.0,角田大和,1:51.6,2,2-2,37.5,215.0,14.0,558.0,16.0,[西]森田直行,阿部東亜子,0.0,2021102917,1186,1142,985033
202404010601,15,8,15,マテンロウマルス,牡3,57.0,太宰啓介,1:51.8,1,4-4,37.4,35.8,7.0,502.0,-6.0,[西]昆貢,寺田千代乃,0.0,2021106974,1037,1044,534006
202404010601,16,1,2,ヤマニントリル,牝3,55.0,伊藤工真,1:54.2,大,8-8,39.6,312.6,16.0,402.0,-16.0,[東]千葉直人,土井肇,0.0,2021100942,1119,1199,329004
202404010602,1,6,10,ゼンノツキヨミ,牝3,54.0,佐々木大,1:12.7,,4-4,38.0,4.8,3.0,426.0,-10.0,[西]武幸四郎,大迫久美子,550.0,2021106983,1197,1160,52803
202404010602,2,3,5,アンサーパスト,セ3,54.0,石田拓郎,1:12.9,1.1/4,8-7,37.6,140.9,12.0,460.0,0.0,[東]新開幸一,岡田牧雄,220.0,2021101085,1203,1116,851009
202404010602,3,8,14,レーベンヘルツ,牡3,55.0,西塚洸二,1:13.0,1/2,3-3,38.7,8.7,4.0,452.0,6.0,[西]西園翔太,ノルマンディーサラブレッドレーシング,140.0,2021103528,1200,1196,854800
202404010602,4,5,8,メイショウハッブル,牡3,56.0,角田大河,1:13.2,1.1/2,4-4,38.4,2.7,1.0,470.0,8.0,[西]石橋守,松本好雄,83.0,2021102550,1199,1140,523005
202404010602,5,1,1,タマモアルタイル,牡3,54.0,小林勝太,1:13.5,1.3/4,10-10,37.9,3.0,2.0,486.0,6.0,[東]水野貴広,タマモ,55.0,2021101558,1205,1094,515800
202404010602,6,2,2,エコロカレン,牝3,54.0,角田大和,1:13.6,1/2,4-4,38.9,15.2,5.0,464.0,0.0,[東]奥平雅士,原村正紀,0.0,2021103484,1186,1074,783033
202404010602,7,4,7,アドーネ,牡3,53.0,河原田菜,1:13.7,1/2,2-1,39.6,90.1,10.0,474.0,6.0,[西]鈴木孝志,山口敦広,0.0,2021106402,1204,1111,895030
202404010602,8,7,13,ピエナクレスコ,牡3,54.0,川端海翼,1:14.0,1.1/2,13-12,38.2,26.9,7.0,464.0,-12.0,[西]谷潔,本谷兼三,0.0,2021101153,1195,431,23007
202404010602,9,3,4,レグノ,牡3,55.0,永島まな,1:14.1,クビ,7-7,39.0,19.9,6.0,460.0,16.0,[西]西園正都,ターフライズ,0.0,2021100456,1187,1028,324803
202404010602,10,6,11,クリスザブラック,牝3,52.0,水沼元輝,1:14.4,2,15-12,38.4,147.9,13.0,430.0,-8.0,[東]清水英克,ユートピア牧場,0.0,2021105341,1201,1080,310800
202404010602,11,4,6,ノーブルレジェンド,牝3,51.0,小林美駒,1:14.5,1/2,12-12,38.8,31.9,8.0,430.0,-13.0,[東]鈴木伸尋,吉木伸彦,0.0,2021102853,1206,1026,755030
202404010602,12,5,9,ナツリュウオー,牝3,52.0,石神深道,1:14.5,クビ,10-11,39.0,278.1,15.0,424.0,-6.0,[東]松永康利,しょうじ,0.0,2021100125,1209,1093,355803
202404010602,13,2,3,エレンバローズ,牝3,54.0,松本大輝,1:14.6,1/2,8-7,39.3,139.9,11.0,426.0,0.0,[西]松下武士,猪熊広次,0.0,2021103913,1191,1149,859007
202404010602,14,8,15,イイヒ,牝3,51.0,大江原比,1:16.1,9,13-12,40.2,229.4,14.0,424.0,0.0,[東]松永康利,湯澤寛,0.0,2021103698,1210,1093,171002
202404010602,15,7,12,ラッピングボックス,牝3,55.0,小林凌大,1:17.7,10,1-2,43.6,73.0,9.0,444.0,-6.0,[東]南田美知,ウエスト．フォレスト．ステイブル,0.0,2021103383,1177,437,368803
202404010603,1,7,13,ジェンマ,牡3,53.0,小林美駒,1:54.6,,1-1-1-1,37.2,6.7,3.0,468.0,-4.0,[東]尾形和幸,諸岡慶,550.0,2021101210,1206,1141,951033
202404010603,2,5,8,ラキアレクサンダー,牡3,57.0,三浦皇成,1:55.0,2.1/2,2-2-2-2,37.5,1.9,1.0,514.0,0.0,[東]竹内正洋,フィールドレーシング,220.0,2021106128,1122,1152,463031
202404010603,3,2,2,ダイクロアイト,牡3,57.0,丹内祐次,1:55.7,4,3-3-3-3,38.1,2.7,2.0,460.0,4.0,[東]萩原清,Ｇ１レーシング,140.0,2021105524,1091,1017,808800
202404010603,4,8,15,グレイトマジック,牡3,56.0,佐々木大,1:55.9,1.1/4,3-3-3-3,38.3,16.0,4.0,482.0,2.0,[東]武市康男,櫻井秀樹,83.0,2021104157,1197,1089,18803
202404010603,5,1,1,ホーハイト,牡3,57.0,石橋脩,1:56.7,5,8-6-5-5,38.8,24.6,6.0,430.0,0.0,[東]池上昌和,ノースヒルズ,55.0,2021100293,1077,1150,788800
202404010603,6,6,11,ダブルブラック,牡3,57.0,小林凌大,1:56.9,3/4,12-12-10-8,38.5,295.9,15.0,450.0,-2.0,[東]小西一男,河内孝夫,0.0,2021102133,1177,405,321004
202404010603,7,3,5,ベイジーニョ,牝3,55.0,黛弘人,1:57.2,2,5-5-5-5,39.4,252.3,14.0,450.0,-10.0,[東]田中剛,加藤誠,0.0,2021105301,1109,1119,944030
202404010603,8,4,6,カドサンガンバル,牡3,57.0,菊沢一樹,1:57.4,1.1/4,10-9-7-7,39.3,122.7,10.0,464.0,4.0,[東]岩戸孝樹,芳賀克也,0.0,2021104264,1161,1051,247030
202404010603,9,2,3,ジーティーセイント,牡3,55.0,永島まな,1:57.7,2,13-12-13-11,39.1,110.3,8.0,452.0,0.0,[東]鈴木慎太,田畑利彦,0.0,2021102950,1187,1179,464030
202404010603,10,7,12,ウィズキッド,牡3,55.0,西塚洸二,1:57.9,1.1/4,8-10-10-11,39.5,164.4,12.0,488.0,10.0,[西]吉岡辰弥,飯田正剛,0.0,2021104152,1200,1176,994002
202404010603,11,4,7,カシノカンピオーネ,牡3,57.0,岩部純二,1:58.1,1.1/4,15-15-13-14,39.5,121.0,9.0,482.0,-4.0,[東]天間昭一,柏木務,0.0,2021100516,726,1090,514009
202404010603,12,5,9,ヒナノマーチス,牡3,54.0,水沼元輝,1:58.3,1.1/4,13-12-15-14,38.9,206.6,13.0,444.0,8.0,[東]本間忍,日向英二,0.0,2021102611,1201,1056,31031
202404010603,13,6,10,ダイタジャスティス,牡3,54.0,小林勝太,1:58.3,クビ,5-6-7-8,40.2,22.4,5.0,480.0,-4.0,[東]小野次郎,中込哲太郎,0.0,2021102954,1205,1125,698031
202404010603,14,3,4,ダイシンペルル,牝3,53.0,藤田菜七,1:59.3,6,10-10-10-10,40.9,147.1,11.0,476.0,-10.0,[東]小笠倫弘,大八木秀子,0.0,2021106538,1164,1076,255031
202404010603,15,8,14,ジャイロ,牡3,57.0,亀田温心,2:00.8,9,5-6-9-13,42.6,39.4,7.0,464.0,-4.0,[西]高柳大輔,ヒダカファーム,0.0,2021100918,1176,1159,132800
202404010606,1,4,4,ウィルフルネス,牝5,53.0,川端海翼,1:53.1,,2-2-1-1,37.4,8.6,4.0,490.0,24.0,[西]四位洋文,ヒダカ・ブリーダーズ・ユニオン,800.0,2019102460,1195,1184,547800
202404010606,2,7,9,フェルンマンボ,牝5,54.0,西塚洸二,1:54.0,5,9-9-5-5,37.6,2.4,1.0,466.0,2.0,[西]辻野泰之,ヒダカ・ブリーダーズ・ユニオン,320.0,2019105975,1200,1183,547800
202404010606,3,3,3,タガノエリザベス,牝4,55.0,佐々木大,1:54.2,1,1-1-2-2,38.5,3.5,2.0,482.0,-8.0,[西]岡田稲男,八木昌司,200.0,2020106035,1197,1066,222007
202404010606,4,5,5,パルメリータ,牝4,56.0,亀田温心,1:54.2,クビ,3-3-3-3,38.2,8.9,5.0,482.0,0.0,[西]西園正都,キャロットファーム,120.0,2020102642,1176,1028,486800
202404010606,5,1,1,リノアラ,牝5,52.0,河原田菜,1:54.2,ハナ,11-11-9-10,37.5,23.7,7.0,426.0,2.0,[西]今野貞一,下河辺牧場,80.0,2019101620,1204,1128,362800
202404010606,6,6,7,アルムエアフォルク,牝4,54.0,永島まな,1:54.3,クビ,10-9-9-8,37.6,5.5,3.0,466.0,-6.0,[西]平田修,崎川美枝子,0.0,2020105540,1187,1082,899030
202404010606,7,6,6,ノーブルアクト,牝4,53.0,水沼元輝,1:54.9,4,6-6-5-5,38.5,89.9,11.0,502.0,4.0,[東]上原博之,芳賀滿男,0.0,2020104744,1201,423,101031
202404010606,8,7,8,サイモンポーリア,牝6,56.0,丸山元気,1:55.1,1.1/4,3-4-3-3,39.1,21.8,6.0,478.0,-6.0,[東]根本康広,澤田昭紀,0.0,2018101166,1127,1029,132030
202404010606,9,2,2,クリノユキツバキ,牝5,52.0,大江原比,1:55.2,1/2,6-6-9-10,38.5,79.8,10.0,446.0,0.0,[東]天間昭一,栗本博晴,0.0,2019102013,1210,1090,970006
202404010606,10,8,10,マイクロモザイク,牝4,56.0,黛弘人,1:55.4,1.1/2,5-4-5-7,39.0,51.5,8.0,454.0,0.0,[東]森一誠,吉田和美,0.0,2020100516,1109,1201,138007
202404010606,11,8,11,ウワサノアノコ,牝4,56.0,小林凌大,1:56.8,8,6-6-8-8,40.3,58.7,9.0,410.0,10.0,[東]石栗龍彦,栗山道郎,0.0,2020100624,1177,1043,781002
202404010607,1,6,11,ファンユー,牝3,51.0,河原田菜,0:55.8,,1,33.6,7.3,4.0,480.0,0.0,[東]加藤和宏,小原準一郎,550.0,2021103894,1204,1077,853030
202404010607,2,8,15,ポトマックテソーロ,牝3,54.0,佐々木大,0:55.9,1/2,4,33.4,3.5,1.0,432.0,-2.0,[東]嘉藤貴行,了徳寺健二ホールディングス,220.0,2021102277,1197,1195,89803
202404010607,3,2,3,ベアゴーゴー,牝3,52.0,佐藤翔馬,0:56.1,1,2,33.8,4.5,3.0,466.0,-6.0,[東]杉浦宏昭,熊木浩,140.0,2021105872,1207,1008,372033
202404010607,4,7,13,サクラリゲル,牡3,57.0,菊沢一樹,0:56.1,クビ,10,33.0,10.6,6.0,476.0,-14.0,[東]勢司和浩,さくらコマース,83.0,2021104057,1161,1047,19800
202404010607,5,6,12,フィローシャ,牡3,54.0,小林勝太,0:56.2,1/2,6,33.6,13.1,7.0,470.0,-6.0,[東]菊川正達,山本三津子,55.0,2021106050,1205,1052,953030
202404010607,6,1,2,レターフロムパリ,牝3,55.0,丹内祐次,0:56.2,アタマ,12,32.9,60.6,10.0,434.0,-4.0,[東]西田雄一,嶋田賢,0.0,2021104315,1091,1187,399009
202404010607,7,4,8,ゴールドジャンパー,牝3,51.0,小林美駒,0:56.3,クビ,2,34.0,4.4,2.0,412.0,0.0,[東]深山雅史,居城寿与,0.0,2021106879,1206,1174,712033
202404010607,8,8,16,ウインウェイウェイ,牝3,54.0,秋山稔樹,0:56.4,1,7,33.7,54.5,9.0,404.0,2.0,[東]本間忍,新熊一生,0.0,2021103391,1181,1056,363803
202404010607,9,4,7,ココロオドル,牝3,55.0,黛弘人,0:56.5,1/2,13,33.1,247.8,14.0,448.0,12.0,[東]伊藤大士,ミルファーム,0.0,2021106488,1109,1109,629800
202404010607,10,5,10,クリーゲリン,牝3,52.0,石神深道,0:56.7,1.1/2,4,34.2,8.4,5.0,430.0,6.0,[東]和田正一,ノースヒルズ,0.0,2021106617,1209,1114,788800
202404010607,11,1,1,フォカッチャ,牝3,53.0,藤田菜七,0:56.8,クビ,14,33.1,83.0,12.0,426.0,2.0,[東]小手川準,村島昭男,0.0,2021103548,1164,1171,15006
202404010607,12,3,5,ポゴシプタ,牝3,52.0,石田拓郎,0:56.8,アタマ,15,32.9,377.4,16.0,372.0,-8.0,[東]清水英克,ミルファーム,0.0,2021103347,1203,1080,629800
202404010607,13,3,6,イズジョーゴモリー,牝3,53.0,永島まな,0:57.2,2.1/2,8,34.4,72.9,11.0,462.0,12.0,[西]北出成人,泉一郎,0.0,2021102875,1187,1078,897030
202404010607,14,5,9,アイビーイダテン,セ3,57.0,小林凌大,0:57.5,1.1/2,10,34.4,217.2,13.0,420.0,-2.0,[東]青木孝文,石坂茂ラボ,0.0,2021107301,1177,1156,101803
202404010607,15,7,14,アオイアツヒメ,牝3,55.0,石橋脩,0:58.0,3,9,35.1,45.5,8.0,468.0,0.0,[東]牧光二,鈴木照雄,0.0,2021102804,1077,1106,137030
202404010607,16,2,4,ファンタジー,牝3,51.0,大江原比,0:59.3,8,16,33.1,259.3,15.0,440.0,12.0,[東]武市康男,ミルファーム,0.0,2021103336,1210,1089,629800
202404010608,1,7,11,スペキオサレジーナ,牝4,55.0,佐々木大,1:11.8,,8-7,36.6,5.2,3.0,462.0,-4.0,[東]森一誠,ＭＯＭＯレーシング,800.0,2020103316,1197,1201,962031
202404010608,2,3,4,スマイルバック,牝5,54.0,西塚洸二,1:12.0,1.1/2,2-2,37.5,2.3,1.0,468.0,-4.0,[西]西園翔太,ライオンレースホース,320.0,2019105174,1200,1196,542800
202404010608,3,8,13,マルモリキング,牡4,57.0,泉谷楓真,1:12.1,1/2,4-4,37.4,4.4,2.0,528.0,-8.0,[西]大橋勇樹,山下繁美,200.0,2020100994,1182,1065,970031
202404010608,4,8,14,カズラポニアン,牡5,54.0,小林美駒,1:12.2,1,13-13,35.5,22.2,7.0,490.0,-2.0,[西]高橋一哉,吉田和美,120.0,2019105148,1206,1206,138007
202404010608,5,5,8,マンノライトニング,牡4,57.0,角田大和,1:12.4,1.1/4,7-5,37.3,16.2,5.0,452.0,-6.0,[西]角田晃一,萬野順啓,80.0,2020101113,1186,1121,135002
202404010608,6,4,6,ホイッスルソング,牝4,53.0,小林勝太,1:12.6,3/4,8-9,37.3,8.2,4.0,470.0,-4.0,[東]黒岩陽一,今村明浩,0.0,2020104796,1205,1133,466033
202404010608,7,4,5,スピリチュアル,牝4,56.0,石橋脩,1:13.0,2.1/2,12-12,36.9,55.8,11.0,432.0,-14.0,[東]武藤善則,佐々木雄二,0.0,2020104634,1077,1064,852030
202404010608,8,5,7,ラヴァグロウ,牝4,54.0,永島まな,1:13.0,クビ,11-10,37.2,16.4,6.0,438.0,-8.0,[東]畠山吉宏,岡田牧雄,0.0,2020103937,1187,1048,851009
202404010608,9,1,1,カツノテンス,牡4,54.0,大江原比,1:13.4,2,1-1,39.0,96.6,12.0,442.0,0.0,[東]伊藤伸一,勝野産業,0.0,2020105525,1210,1031,863800
202404010608,10,2,2,ビナカントー,牝4,55.0,松本大輝,1:13.5,3/4,10-10,37.8,46.7,9.0,490.0,-4.0,[西]藤沢則雄,井之口二三雄,0.0,2020105084,1191,1041,310030
202404010608,11,6,10,クラシカルタイプ,牝4,53.0,石田拓郎,1:13.5,ハナ,6-5,38.6,171.9,13.0,456.0,0.0,[東]新開幸一,大塚亮一,0.0,2020106830,1203,1116,858800
202404010608,12,7,12,オーブラック,牡5,57.0,秋山稔樹,1:13.9,2,3-2,39.3,22.8,8.0,504.0,2.0,[西]高橋義忠,加藤徹,0.0,2019103224,1181,1129,36006
202404010608,13,3,3,バクレツマホウ,牝4,53.0,水沼元輝,1:14.3,2.1/2,4-7,39.6,51.2,10.0,438.0,-4.0,[東]本間忍,栗本博晴,0.0,2020102387,1201,1056,970006
202404010608,14,6,9,スミシュー,牝5,53.0,石神深道,1:15.5,7,14-14,37.7,302.1,14.0,466.0,16.0,[東]蛯名利弘,布武起会,0.0,2019100081,1209,1131,78700
202404010609,1,1,1,プリティユニバンス,牝7,56.0,亀田温心,2:02.5,,3-3,34.9,10.1,5.0,468.0,-8.0,[西]村山明,亀井哲也,1129.6,2017104215,1176,1107,164008
202404010609,2,4,4,アイスランドポピー,牝5,56.0,丹内祐次,2:02.7,1.1/4,6-6,35.1,6.8,3.0,480.0,-6.0,[東]中川公成,キャロットファーム,445.6,2019105120,1091,1081,486800
202404010609,3,2,2,ダノンブリザード,牡5,58.0,佐々木大,2:02.8,1/2,3-3,35.2,1.6,1.0,486.0,-8.0,[西]池江泰寿,ダノックス,282.8,2019101618,1197,1071,619800
202404010609,4,5,5,アレナリア,牝5,56.0,荻野極,2:03.2,2,2-2,35.8,4.4,2.0,426.0,4.0,[西]西園翔太,ノルマンディーサラブレッドレーシング,170.0,2019105824,1160,1196,854800
202404010609,5,3,3,ナムラマイケル,牡4,58.0,秋山稔樹,2:03.3,3/4,7-7,35.5,41.2,6.0,438.0,-6.0,[西]村山明,奈村睦弘,111.0,2020106145,1181,1107,972002
202404010609,6,8,8,ポジティブガール,牝5,56.0,西塚洸二,2:03.4,1/2,1-1,36.0,90.5,7.0,452.0,0.0,[西]緒方努,平川浩之,0.0,2019102229,1200,1193,136007
202404010609,7,6,6,ブロンドケリー,牡5,58.0,石橋脩,2:03.4,クビ,7-7,35.6,140.8,8.0,438.0,-4.0,[西]藤沢則雄,水谷昌晃,0.0,2019106226,1077,1041,616030
202404010609,8,7,7,マイモーメント,セ4,58.0,岩田康誠,2:03.8,2.1/2,3-3,36.3,8.3,4.0,502.0,-16.0,[東]国枝栄,嶋田賢,0.0,2020106865,5203,399,399009
202404010610,1,7,11,シェットランド,牡4,56.0,荻野極,1:51.7,,2-2-2-2,37.4,3.2,1.0,552.0,0.0,[東]久保田貴,村木隆,1591.3,2020103566,1160,1067,379008
202404010610,2,7,12,サノノエスポ,牝4,54.0,石橋脩,1:52.0,1.3/4,5-5-4-4,37.2,7.7,4.0,456.0,12.0,[東]中舘英二,佐野信幸,631.8,2020102161,1077,1153,735033
202404010610,3,8,13,ヒューゴ,牡4,55.0,岩田康誠,1:52.3,1.3/4,7-7-6-5,37.2,26.2,9.0,456.0,10.0,[東]加藤征弘,林正道,395.9,2020102345,5203,1059,675030
202404010610,4,4,6,マンノステータス,牡4,56.0,小林勝太,1:52.8,3,3-3-3-3,38.2,6.4,3.0,526.0,-4.0,[東]小野次郎,萬野順啓,230.0,2020105471,1205,1125,135002
202404010610,5,8,14,プレイサーゴールド,牡4,55.0,角田大河,1:52.9,3/4,7-7-6-6,37.8,10.2,6.0,502.0,0.0,[西]今野貞一,ＣＨＥＶＡＬＡＴＴＡＣＨＥ,155.0,2020100053,1199,1128,888800
202404010610,6,6,10,エクストラノート,セ7,54.0,水沼元輝,1:52.9,アタマ,10-10-8-8,37.5,77.8,12.0,482.0,-2.0,[東]加藤和宏,ノルマンディーサラブレッドレーシング,0.0,2017103267,1201,1077,854800
202404010610,7,5,7,ヒルズカーン,牡4,54.0,佐々木大,1:52.9,ハナ,12-12-10-9,37.4,17.6,8.0,488.0,2.0,[東]松永康利,湯澤寛,0.0,2020106166,1197,1093,171002
202404010610,8,3,4,アメリカンエール,セ6,53.0,武藤雅,1:53.2,2,11-11-12-11,37.5,132.7,14.0,488.0,-26.0,[東]戸田博文,吉澤ホールディングス,0.0,2018110132,1169,1054,346803
202404010610,9,4,5,サイモンソーラン,牡5,55.0,菊沢一樹,1:53.3,クビ,13-13-13-13,37.5,16.7,7.0,478.0,-8.0,[東]勢司和浩,澤田昭紀,0.0,2019102341,1161,1047,132030
202404010610,10,5,8,スナークレジスト,牡7,55.0,富田暁,1:53.4,1/2,3-3-5-6,38.5,28.6,10.0,522.0,10.0,[西]川村禎彦,杉本豊,0.0,2017102930,1168,1003,478030
202404010610,11,3,3,テンウォークライ,牡6,54.0,永島まな,1:53.4,クビ,14-14-14-14,37.2,83.0,13.0,476.0,-2.0,[東]金成貴史,天白泰司,0.0,2018100247,1187,1132,75006
202404010610,12,1,1,メジャークオリティ,牡5,56.0,丸山元気,1:53.5,1/2,1-1-1-1,39.3,4.9,2.0,490.0,0.0,[西]西園正都,社台レースホース,0.0,2019104913,1127,1028,415800
202404010610,13,2,2,ヒノデテイオー,牡5,56.0,西塚洸二,1:53.7,1.1/4,9-9-10-11,38.1,8.8,5.0,452.0,0.0,[西]河内洋,松岡隆雄,0.0,2019103420,1200,1072,306008
202404010610,14,6,9,フォーランマリア,牝5,53.0,角田大和,1:54.1,2,5-6-8-9,38.8,33.6,11.0,420.0,0.0,[西]森田直行,社台レースホース,0.0,2019104726,1186,1142,415800
202404010611,1,3,5,セレシオン,牡5,58.0,荻野極,1:47.5,,8-7,33.4,2.8,1.0,474.0,8.0,[西]友道康夫,キャロットファーム,1875.0,2019105168,1160,1061,486800
202404010611,2,3,6,スミ,牝5,56.0,角田大河,1:47.8,2,6-7,33.7,12.6,5.0,478.0,10.0,[西]高橋亮,市川義美ホールディングス,750.0,2019106604,1199,1136,10803
202404010611,3,5,10,マテンロウアレス,セ6,58.0,太宰啓介,1:47.9,クビ,1-1,34.4,51.7,12.0,504.0,10.0,[西]昆貢,寺田千代乃,465.0,2018103927,1037,1044,534006
202404010611,4,6,12,ウインシュクラン,セ6,58.0,三浦皇成,1:48.0,3/4,2-2,34.4,53.5,13.0,462.0,-4.0,[東]鹿戸雄一,ウイン,280.0,2018101615,1122,1097,494800
202404010611,5,4,7,バールデュヴァン,牡4,58.0,丸山元気,1:48.1,1/2,12-12,33.8,27.0,9.0,506.0,-12.0,[西]浜田多実,グリーンファーム,184.0,2020102888,1127,1138,148800
202404010611,6,2,4,カランドゥーラ,牡6,58.0,岩田康誠,1:48.2,1,14-15,33.7,24.0,8.0,490.0,-16.0,[西]福永祐一,窪田芳郎,0.0,2018105321,5203,1203,208008
202404010611,7,5,9,タガノエスコート,牡5,58.0,角田大和,1:48.4,3/4,4-3,34.6,16.5,6.0,504.0,12.0,[西]小林真也,八木良司,0.0,2019100539,1186,1185,859002
202404010611,8,4,8,ミカッテヨンデイイ,牝4,56.0,西村太一,1:48.5,3/4,4-3,34.7,84.0,15.0,424.0,2.0,[東]堀内岳志,仔馬カメラ,0.0,2020103049,1131,1189,32803
202404010611,9,8,15,マリネロ,牝5,56.0,西塚洸二,1:48.6,1,9-9,34.3,18.9,7.0,426.0,-4.0,[東]嘉藤貴行,ビッグレッドファーム,0.0,2019100777,1200,1195,716800
202404010611,10,7,14,ルドヴィクス,牡6,58.0,佐々木大,1:48.7,1/2,6-6,34.7,7.0,4.0,516.0,-8.0,[東]久保田貴,村木克子,0.0,2018105213,1197,1067,941033
202404010611,11,2,3,ケイアイセナ,牡5,58.0,富田暁,1:48.8,クビ,3-3,35.0,4.6,2.0,478.0,-4.0,[西]平田修,亀田和弘,0.0,2019100318,1168,1082,390803
202404010611,12,6,11,ウヴァロヴァイト,牝4,56.0,石橋脩,1:48.9,1/2,12-12,34.5,32.6,10.0,454.0,4.0,[東]萩原清,池谷誠一,0.0,2020103266,1077,1017,172002
202404010611,13,8,16,コスモサガルマータ,牡4,58.0,丹内祐次,1:48.9,ハナ,9-9,34.7,7.0,3.0,500.0,0.0,[西]梅田智之,ビッグレッドファーム,0.0,2020103881,1091,1084,716800
202404010611,14,1,2,エピプランセス,牝5,56.0,亀田温心,1:49.1,1.1/4,9-9,34.9,34.1,11.0,446.0,-4.0,[西]池添学,サンデーレーシング,0.0,2019105209,1176,1144,226800
202404010611,15,7,13,フォラブリューテ,牝5,56.0,武藤雅,1:49.2,1/2,16-16,34.6,218.6,16.0,458.0,-6.0,[東]嘉藤貴行,キャロットファーム,0.0,2019105398,1169,1195,486800
202404010611,16,1,1,ルージュアルル,牝5,56.0,永島まな,1:49.5,2,14-14,34.9,62.7,14.0,486.0,8.0,[東]国枝栄,東京ホースレーシング,0.0,2019105659,1187,399,180800
202404010612,1,4,5,トーホウジュナール,牝6,54.0,永島まな,1:10.4,,9-10,34.7,11.8,5.0,480.0,12.0,[西]谷潔,東豊物産,800.0,2018100618,1187,431,965800
202404010612,2,8,12,ウインアステロイド,牡7,58.0,丹内祐次,1:10.5,クビ,4-4,35.6,5.0,2.0,460.0,0.0,[東]和田正一,ウイン,320.0,2017101448,1091,1114,494800
202404010612,3,6,8,ラピカズマ,牡6,56.0,西塚洸二,1:10.5,アタマ,2-2,36.2,17.4,7.0,490.0,-4.0,[東]高橋文雅,吉田和美,200.0,2018105357,1200,1134,138007
202404010612,4,5,6,シルバーダイヤ,牝4,55.0,角田大河,1:10.5,ハナ,2-2,36.2,24.3,8.0,458.0,0.0,[東]小野次郎,矢野琢也,120.0,2020100289,1199,1125,903031
202404010612,5,2,2,タイガーリリー,牝6,56.0,岩部純二,1:10.7,1.1/4,9-6,35.1,26.5,9.0,472.0,-2.0,[東]石毛善彦,ミルファーム,80.0,2018100593,726,428,629800
202404010612,6,7,11,ナックブレイブ,牡4,55.0,佐藤翔馬,1:10.8,3/4,5-5,35.8,62.7,11.0,482.0,-6.0,[東]杉浦宏昭,小松欣也,0.0,2020100355,1207,1008,931033
202404010612,7,7,10,ディージェーサン,牝5,53.0,小林勝太,1:10.8,アタマ,7-6,35.6,5.5,3.0,434.0,-6.0,[東]堀内岳志,ドリームジャパンホースレーシング,0.0,2019103517,1205,1189,68700
202404010612,8,1,1,マテンロウナイト,牡4,58.0,太宰啓介,1:11.1,1.1/2,12-12,35.2,39.1,10.0,470.0,4.0,[西]坂口智康,寺田千代乃,0.0,2020103588,1037,1170,534006
202404010612,9,3,3,アルファヒディ,セ5,58.0,荻野極,1:11.1,クビ,7-6,35.9,7.8,4.0,478.0,-10.0,[西]池江泰寿,サンデーレーシング,0.0,2019105322,1160,1071,226800
202404010612,10,4,4,ステークホルダー,牡4,55.0,川端海翼,1:11.2,クビ,1-1,37.1,2.5,1.0,460.0,-4.0,[東]斎藤誠,諸江幸祐,0.0,2020103962,1195,1086,63803
202404010612,11,6,9,ストームサージ,セ5,58.0,黛弘人,1:11.6,2.1/2,13-13,35.2,114.1,13.0,488.0,-14.0,[東]松永康利,湯澤久徳,0.0,2019101865,1109,1093,705033
202404010612,12,5,7,ホウオウマーメイド,牝4,55.0,佐々木大,1:11.7,1/2,5-6,36.7,14.9,6.0,478.0,2.0,[東]松山将樹,小笹芳央,0.0,2020103894,1197,1100,906033
202404010612,13,8,13,レイレフア,牝4,54.0,藤田菜七,1:11.8,クビ,9-10,36.2,76.2,12.0,448.0,2.0,[東]根本康広,ノルマンディーサラブレッドレーシング,0.0,2020103883,1164,1029,854800
202404010702,1,7,12,アパイシュナール,牝3,55.0,丸山元気,1:54.8,,2-2-2-2,39.7,17.4,6.0,450.0,-2.0,[東]田村康仁,サラブレッドクラブ・ラフィアン,550.0,2021100005,1127,1027,546800
202404010702,2,3,5,セルース,牝3,52.0,小林勝太,1:55.2,2.1/2,10-10-9-8,38.4,18.1,7.0,416.0,-2.0,[東]池上昌和,キャロットファーム,220.0,2021105550,1205,1150,486800
202404010702,3,2,2,シントーキズナ,牝3,54.0,秋山稔樹,1:55.4,1,5-5-3-3,40.2,67.9,9.0,506.0,-2.0,[西]北出成人,中野辰三,140.0,2021103928,1181,1078,144031
202404010702,4,7,13,ウィンターガーデン,牝3,51.0,小林美駒,1:55.8,2.1/2,15-15-12-12,38.2,3.2,1.0,472.0,2.0,[西]武幸四郎,キャロットファーム,83.0,2021105857,1206,1160,486800
202404010702,5,8,15,ライトピラー,牝3,55.0,荻野極,1:56.3,2.1/2,8-7-7-8,39.7,6.6,4.0,484.0,0.0,[東]村田一誠,平井裕,55.0,2021101204,1160,1190,686006
202404010702,6,6,10,ブギーナイツ,牝3,55.0,佐々木大,1:56.6,2,6-6-6-6,40.4,3.3,2.0,450.0,-6.0,[西]鮫島一歩,安原浩司,0.0,2021103240,1197,1046,271008
202404010702,7,1,1,ボワエトワール,牝3,55.0,菊沢一樹,1:56.9,2,1-1-1-1,41.9,124.2,12.0,420.0,-4.0,[西]牧浦充徳,下河辺牧場,0.0,2021101401,1161,1113,362800
202404010702,8,2,3,アインハーディ,牝3,54.0,小沢大仁,1:57.0,1/2,8-7-7-7,40.5,109.9,10.0,454.0,-10.0,[西]高橋康之,吉田千津,0.0,2021105044,1185,1135,310007
202404010702,9,5,8,イッツナッシング,牝3,55.0,丹内祐次,1:57.2,3/4,3-3-3-4,41.9,12.8,5.0,416.0,-12.0,[東]水野貴広,コウトミックレーシング,0.0,2021103040,1091,1094,95700
202404010702,10,4,6,ルミナスボディ,牝3,55.0,中井裕二,1:57.3,1,3-3-5-5,41.6,26.9,8.0,454.0,0.0,[西]坂口智康,中村伊三美,0.0,2021100133,1141,1170,36034
202404010702,11,4,7,ダイシンサンディー,牝3,53.0,永島まな,1:57.4,クビ,13-11-10-10,40.2,4.5,3.0,490.0,6.0,[西]梅田智之,大八木信行,0.0,2021106246,1187,1084,929002
202404010702,12,6,11,モリノリオン,牝3,51.0,大江原比,1:58.5,7,12-11-14-14,40.3,240.0,13.0,418.0,0.0,[東]鈴木伸尋,森和久,0.0,2021102322,1210,1026,698033
202404010702,13,8,14,メイケイアリッサム,牝3,52.0,柴田裕一,1:58.5,ハナ,6-9-11-11,41.2,440.5,15.0,438.0,-2.0,[西]中竹和也,名古屋競馬,0.0,2021105841,1212,1039,4800
202404010702,14,5,9,リプリー,牝3,55.0,黛弘人,1:59.4,5,10-11-13-13,41.5,337.9,14.0,440.0,8.0,[東]鈴木慎太,木部厳生,0.0,2021101218,1109,1179,815033
202404010702,15,3,4,ウインディサンデー,牝3,53.0,藤田菜七,2:01.1,10,13-14-15-14,42.7,112.0,11.0,392.0,0.0,[東]根本康広,辻子依旦,0.0,2021106146,1164,1029,484031
202404010703,1,5,9,モリノセピア,牡3,53.0,小林美駒,1:11.4,,1-1,36.7,1.6,1.0,470.0,-10.0,[東]鈴木伸尋,森和久,550.0,2021106307,1206,1026,698033
202404010703,2,3,5,ミスエル,牡3,53.0,大江原比,1:12.6,7,3-3,37.5,7.5,3.0,474.0,8.0,[東]菊沢隆徳,パニオロ,220.0,2021106986,1210,1115,22803
202404010703,3,8,14,ダイチジェム,牡3,57.0,佐々木大,1:13.0,2.1/2,2-2,38.1,12.9,5.0,490.0,-12.0,[東]粕谷昌央,服部英利,140.0,2021100625,1197,1096,921031
202404010703,4,5,8,セールヴォラン,牡3,54.0,小林勝太,1:13.1,クビ,4-5,37.8,34.0,7.0,444.0,-8.0,[西]北出成人,松本俊廣,83.0,2021101057,1205,1078,853002
202404010703,5,6,11,ブレーザー,牡3,57.0,嶋田純次,1:13.2,1/2,4-3,37.9,95.2,10.0,530.0,0.0,[東]伊坂重信,ノルマンディーサラブレッドレーシング,55.0,2021100114,1134,1177,854800
202404010703,6,2,2,ビルカバンバ,牡3,57.0,杉原誠人,1:13.2,クビ,9-8,37.2,193.2,11.0,492.0,4.0,[東]大和田成,ミルファーム,0.0,2021100803,1135,1124,629800
202404010703,7,6,10,リナリア,牝3,55.0,黛弘人,1:13.2,ハナ,12-11,36.3,57.1,8.0,426.0,-8.0,[東]伊坂重信,ＹＧＧホースクラブ,0.0,2021103966,1109,1177,188800
202404010703,8,7,12,タイセイマーシャル,牡3,57.0,亀田温心,1:13.3,クビ,6-6,37.8,11.5,4.0,470.0,-4.0,[西]杉山晴紀,田中成奉,0.0,2021107056,1176,1157,224007
202404010703,9,8,15,メイショウムラゲ,牡3,56.0,小沢大仁,1:13.8,3,8-8,37.9,323.5,14.0,456.0,12.0,[西]鮫島一歩,松本好雄,0.0,2021100992,1185,1046,523005
202404010703,10,2,3,スマートスコープ,牡3,55.0,永島まな,1:13.8,ハナ,13-13,36.8,4.8,2.0,500.0,-4.0,[東]加藤征弘,大川徹,0.0,2021102721,1187,1059,7803
202404010703,11,4,7,キタノヒコボシ,牡3,57.0,岩部純二,1:13.9,3/4,10-10,37.7,493.6,15.0,444.0,-4.0,[東]萱野浩二,北所直人,0.0,2021101893,726,1024,163002
202404010703,12,4,6,ミハタタテナシ,牡3,57.0,菊沢一樹,1:14.1,1,6-7,38.6,23.3,6.0,502.0,-2.0,[東]岩戸孝樹,エクワインレーシング,0.0,2021105331,1161,1051,313803
202404010703,13,3,4,ナムラオルトロス,牡3,54.0,川端海翼,1:14.7,3.1/2,15-15,37.4,281.3,13.0,438.0,-8.0,[西]大橋勇樹,奈村睦弘,0.0,2021101082,1195,1065,972002
202404010703,14,7,13,スキップライト,牡3,54.0,石田拓郎,1:15.4,4,13-13,38.4,198.3,12.0,496.0,-10.0,[東]宗像義忠,高橋文男,0.0,2021104311,1203,420,371009
202404010703,15,1,1,シャビーシック,牝3,51.0,河原田菜,1:15.7,1.1/2,11-12,39.2,79.1,9.0,482.0,2.0,[西]西村真幸,ターフ・スポート,0.0,2021103772,1204,1148,102800
202404010705,1,8,15,ノリピー,牝3,55.0,富田暁,2:04.5,,7-7-8-6,37.2,10.9,6.0,446.0,-2.0,[西]西園翔太,中谷典生,550.0,2021101742,1168,1196,891031
202404010705,2,7,13,シルバーブロンド,牝3,53.0,藤田菜七,2:04.6,クビ,10-10-10-8,37.1,7.6,3.0,428.0,2.0,[東]根本康広,辻子依旦,220.0,2021102232,1164,1029,484031
202404010705,3,3,5,チビノシエラザード,牝3,55.0,石橋脩,2:04.6,クビ,12-12-12-13,36.9,26.3,8.0,446.0,2.0,[東]和田勇介,梅澤明,140.0,2021105209,1077,1165,993033
202404010705,4,4,7,コーラルムーン,牝3,53.0,西塚洸二,2:04.7,1/2,6-6-5-5,37.7,2.6,1.0,430.0,-8.0,[西]牧田和弥,吉田千津,83.0,2021104963,1200,1123,310007
202404010705,5,3,6,ハルノドゥミプリエ,牝3,55.0,菊沢一樹,2:04.8,クビ,10-10-10-8,37.3,55.3,14.0,444.0,0.0,[東]勢司和浩,丸山竜一,55.0,2021103198,1161,1047,812033
202404010705,6,2,3,レディマキシマ,牝3,55.0,丹内祐次,2:04.9,1,5-4-4-3,38.0,8.2,4.0,484.0,14.0,[東]伊藤大士,サラブレッドクラブ・ラフィアン,0.0,2021106812,1091,1109,546800
202404010705,7,5,9,クランベリーダンス,牝3,51.0,小林美駒,2:05.4,3,14-14-15-15,37.5,43.6,12.0,382.0,2.0,[東]武藤善則,村山卓也,0.0,2021100137,1206,1064,47030
202404010705,8,8,16,ゼンダンサクラ,牝3,55.0,佐々木大,2:05.4,ハナ,12-12-12-13,37.7,18.1,7.0,420.0,4.0,[東]土田稔,ゼンレーシング,0.0,2021106165,1197,417,377031
202404010705,9,4,8,マテンロウソル,牝3,53.0,永島まな,2:05.6,1.1/2,16-16-16-16,37.2,39.9,10.0,416.0,8.0,[西]四位洋文,寺田千代乃,0.0,2021105751,1187,1184,534006
202404010705,10,6,12,レイフロレット,牝3,55.0,丸山元気,2:06.0,2,7-7-8-12,38.6,5.5,2.0,372.0,-18.0,[東]黒岩陽一,サンデーレーシング,0.0,2021105875,1127,1133,226800
202404010705,11,7,14,リアルセンター,牝3,55.0,荻野極,2:06.0,クビ,1-1-1-1,39.7,41.9,11.0,490.0,6.0,[東]千葉直人,岡田牧雄,0.0,2021103518,1160,1199,851009
202404010705,12,1,1,シトリンクォーツ,牝3,55.0,黛弘人,2:06.1,1/2,7-7-7-8,39.0,70.8,15.0,452.0,4.0,[東]武井亮,吉田照哉,0.0,2021105080,1109,1147,758005
202404010705,13,2,4,プリマフェーヴル,牝3,51.0,大江原比,2:06.2,クビ,2-2-2-2,39.5,105.1,16.0,394.0,-2.0,[東]伊藤伸一,新井原博,0.0,2021107223,1210,1031,208006
202404010705,14,6,11,エピックストーリー,牝3,52.0,小林勝太,2:06.3,1,15-15-12-8,38.7,10.7,5.0,508.0,8.0,[東]金成貴史,シルクレーシング,0.0,2021104863,1205,1132,506800
202404010705,15,5,10,プエルタアスール,牝3,54.0,角田大河,2:06.8,3,4-3-2-3,40.1,27.8,9.0,474.0,4.0,[西]鈴木孝志,アスール,0.0,2021103423,1199,1111,47803
202404010705,16,1,2,フィールザクイーン,牝3,55.0,杉原誠人,2:08.1,8,3-4-5-6,41.1,49.7,13.0,440.0,-6.0,[東]伊藤大士,櫻井正,0.0,2021105924,1135,1109,864009
202404010706,1,8,15,メイショウフウドウ,牡3,55.0,西塚洸二,1:53.3,,2-2-2-2,37.6,3.4,1.0,484.0,0.0,[西]藤原英昭,松本好雄,550.0,2021104445,1200,1055,523005
202404010706,2,5,9,スターゲット,牡3,55.0,永島まな,1:53.5,1,1-1-1-1,37.9,5.4,3.0,448.0,4.0,[東]中舘英二,嶋田賢,220.0,2021104392,1187,1153,399009
202404010706,3,8,14,ハイグッドワールド,牡3,54.0,柴田裕一,1:54.2,4,3-3-7-6,37.9,6.0,4.0,496.0,4.0,[西]谷潔,服部新平,140.0,2021104474,1212,431,142006
202404010706,4,1,1,フィージビリティー,牡3,57.0,佐々木大,1:55.1,5,4-3-3-3,39.1,4.7,2.0,504.0,-2.0,[東]栗田徹,ノースヒルズ,83.0,2021106626,1197,1127,788800
202404010706,5,3,5,カンタベリーローズ,牝3,51.0,小林美駒,1:55.4,1.3/4,13-13-13-13,38.4,30.1,8.0,462.0,4.0,[東]的場均,峰哲馬,55.0,2021105949,1206,1063,684006
202404010706,6,6,11,ラファールドール,セ3,56.0,横山琉人,1:55.4,アタマ,5-5-11-12,38.6,11.0,6.0,500.0,-2.0,[東]田島俊明,社台レースホース,0.0,2021104889,1192,1112,415800
202404010706,7,2,2,タロサンダー,牡3,56.0,秋山稔樹,1:55.4,ハナ,7-8-8-8,39.0,9.2,5.0,494.0,0.0,[西]杉山佳明,高岡浩行,0.0,2021106005,1181,1178,330031
202404010706,8,7,12,リベルテ,牡3,54.0,石神深道,1:55.4,アタマ,7-6-3-3,39.4,76.9,12.0,472.0,-2.0,[東]高木登,ラ・メール,0.0,2021101110,1209,1088,877800
202404010706,9,2,3,レオボヌール,牡3,54.0,土田真翔,1:55.6,1,11-9-9-8,39.1,130.1,14.0,476.0,2.0,[東]萱野浩二,レオ,0.0,2021102945,1198,1024,209800
202404010706,10,3,4,イマジンレノン,牡3,56.0,角田大河,1:56.2,3.1/2,15-13-6-5,40.1,47.9,9.0,476.0,-6.0,[西]角田晃一,薪浦亨,0.0,2021104044,1199,1121,768006
202404010706,11,5,8,ダイヤメ,牡3,53.0,河原田菜,1:56.6,2.1/2,9-9-9-10,40.0,12.9,7.0,470.0,2.0,[西]鈴木孝志,辻子依旦,0.0,2021106149,1204,1111,484031
202404010706,12,7,13,ミッチースマイル,牡3,54.0,川端海翼,1:56.8,1,14-13-15-15,39.3,79.8,13.0,498.0,2.0,[東]鹿戸雄一,道永幸治,0.0,2021100253,1195,1097,394030
202404010706,13,4,7,ゲームアップロード,牡3,54.0,石田拓郎,1:57.3,3,12-12-13-13,40.4,239.0,15.0,510.0,12.0,[東]宗像義忠,薗部博之,0.0,2021104898,1203,420,960006
202404010706,14,6,10,サンデーダイヤ,牡3,54.0,小林勝太,1:57.8,3,9-9-3-6,41.8,53.5,10.0,484.0,-4.0,[東]斎藤誠,山口雄司,0.0,2021106719,1205,1086,209031
202404010706,15,4,6,マルカフェリス,牡3,56.0,小沢大仁,1:58.5,4,5-6-11-10,41.8,71.3,11.0,466.0,-4.0,[西]今野貞一,日下部猛,0.0,2021105199,1185,1128,927033
202404010707,1,3,5,ホウオウペトリュス,牝3,55.0,佐々木大,1:36.5,,6-6,35.7,16.6,6.0,440.0,4.0,[西]須貝尚介,小笹芳央,550.0,2021105694,1197,1105,906033
202404010707,2,6,11,ヤルヤン,牡3,55.0,石橋脩,1:36.6,クビ,14-14,34.9,96.2,12.0,444.0,2.0,[東]伊藤大士,ニッシンホールディングス,220.0,2021110166,1077,1109,318803
202404010707,3,5,9,ホウオウアムルーズ,牝3,55.0,岡田祥嗣,1:36.6,アタマ,11-11,35.3,6.6,4.0,430.0,-6.0,[西]安田翔伍,小笹芳央,140.0,2021101416,5429,1164,906033
202404010707,4,7,14,メイパワー,牝3,52.0,石神深道,1:36.7,3/4,3-4,36.3,17.0,7.0,424.0,4.0,[東]深山雅史,千明牧場,83.0,2021109097,1209,1174,75800
202404010707,5,2,4,スコア,牡3,53.0,小林美駒,1:36.8,クビ,1-1,36.7,177.1,13.0,456.0,4.0,[東]栗田徹,今村明浩,55.0,2021100453,1206,1127,466033
202404010707,6,1,1,レジーナチェリ,牡3,57.0,丹内祐次,1:37.0,1.1/4,4-2,36.7,5.2,2.0,432.0,-2.0,[東]伊藤伸一,ビッグレッドファーム,0.0,2021106790,1091,1031,716800
202404010707,7,7,13,ロデオクイーン,牝3,53.0,西塚洸二,1:37.0,ハナ,13-11,35.6,32.2,9.0,376.0,0.0,[東]高柳瑞樹,ゴドルフィン,0.0,2021101669,1200,1118,3060
202404010707,8,8,16,ホットサマーナイト,牝3,55.0,北村友一,1:37.2,1.1/2,9-9,36.0,2.4,1.0,430.0,4.0,[西]藤原英昭,ゴドルフィン,0.0,2021110036,1102,1055,3060
202404010707,9,6,12,パサデナドリーム,牝3,52.0,小林勝太,1:37.4,1.1/4,2-2,37.1,5.3,3.0,486.0,-8.0,[東]小野次郎,浅沼廣幸,0.0,2021101987,1205,1125,274002
202404010707,10,4,8,ショコラショー,牝3,55.0,黛弘人,1:37.6,1,14-14,36.0,253.0,16.0,440.0,2.0,[東]加藤士津,高瀬正志,0.0,2021100819,1109,1169,392803
202404010707,11,1,2,プリュノワール,牝3,55.0,荻野極,1:38.0,2,4-4,37.6,16.2,5.0,440.0,0.0,[東]鹿戸雄一,シルクレーシング,0.0,2021105747,1160,1097,506800
202404010707,12,4,7,ラヴシュプリーム,牡3,56.0,横山琉人,1:38.3,2,16-14,36.7,80.9,11.0,456.0,0.0,[東]鈴木慎太,広尾レース,0.0,2021103686,1192,1179,553800
202404010707,13,5,10,セロリ,牝3,54.0,角田大河,1:38.5,1.1/4,8-9,37.2,20.7,8.0,458.0,-4.0,[西]高橋亮,今村明浩,0.0,2021100612,1199,1136,466033
202404010707,14,3,6,マッドリボンガール,牝3,53.0,藤田菜七,1:38.6,1,11-11,37.2,241.3,15.0,416.0,2.0,[東]鈴木慎太,大越徹朗,0.0,2021102127,1164,1179,572031
202404010707,15,8,15,カリンテラス,牝3,53.0,永島まな,1:40.3,10,6-7,39.1,66.1,10.0,462.0,-8.0,[西]松下武士,村田能光,0.0,2021105226,1187,1149,634033
202404010707,16,2,3,ルトレフル,牝3,55.0,富田暁,1:41.9,10,9-7,40.9,208.5,14.0,464.0,-2.0,[東]斎藤誠,平井裕,0.0,2021101475,1168,1086,686006
202404010708,1,5,9,ミヤジレガリア,牝4,56.0,丹内祐次,1:54.6,,1-1-1-1,38.0,2.9,1.0,500.0,-8.0,[西]鈴木孝志,曽我司,800.0,2020100996,1091,1111,911009
202404010708,2,3,4,マンマリアーレ,牝4,56.0,荻野極,1:54.8,1.1/4,5-5-3-2,37.9,4.2,2.0,468.0,0.0,[東]高木登,ディアレストクラブ,320.0,2020100761,1160,1088,13803
202404010708,3,7,12,サイモンコーラル,牝4,56.0,丸山元気,1:55.4,3.1/2,7-8-6-5,38.3,24.7,9.0,460.0,-2.0,[西]羽月友彦,澤田昭紀,200.0,2020100629,1127,1091,132030
202404010708,4,6,10,バンボーレ,牝6,56.0,北村友一,1:55.4,クビ,4-4-5-5,38.4,22.2,8.0,454.0,-2.0,[西]飯田祐史,竹中一彰,120.0,2018105842,1102,1139,913002
202404010708,5,2,3,ジュエリジュエリー,牝4,56.0,富田暁,1:55.8,2.1/2,3-3-3-2,38.9,6.7,3.0,504.0,6.0,[西]野中賢二,グリーンファーム,80.0,2020109086,1168,1098,148800
202404010708,6,7,13,アステロイドメア,牝4,52.0,大江原比,1:55.8,ハナ,10-8-10-11,38.4,15.5,7.0,494.0,6.0,[東]武市康男,スマイルファーム,0.0,2020101709,1210,1089,341803
202404010708,7,4,6,シゲルオトヒメ,牝5,53.0,小林勝太,1:55.9,クビ,13-13-10-7,38.5,100.3,13.0,426.0,-6.0,[西]谷潔,關美和,0.0,2019102986,1205,431,88034
202404010708,8,4,7,リトルミム,牝4,55.0,小沢大仁,1:56.2,1.3/4,2-2-2-2,39.5,60.5,12.0,518.0,2.0,[西]鮫島一歩,栗山良子,0.0,2020102599,1185,1046,797008
202404010708,9,1,1,ハローサブリナ,牝5,54.0,永島まな,1:56.6,2.1/2,7-8-6-7,39.4,8.4,4.0,532.0,10.0,[西]奥村豊,小林誠,0.0,2019104644,1187,1146,381031
202404010708,10,2,2,ヤエベニシダレ,牝4,53.0,柴田裕一,1:56.7,3/4,15-15-14-13,38.7,43.1,10.0,458.0,-2.0,[西]梅田智之,ヒダカ・ブリーダーズ・ユニオン,0.0,2020101077,1212,1084,547800
202404010708,11,3,5,グレースレニー,牝4,56.0,原田和真,1:57.2,3,11-11-13-11,39.4,444.0,15.0,458.0,-8.0,[東]南田美知,本多敏行,0.0,2020100786,1143,437,854033
202404010708,12,5,8,ゴーフォマームード,牝4,54.0,西塚洸二,1:57.3,3/4,11-11-10-13,39.8,8.8,5.0,442.0,6.0,[西]長谷川浩,前田剛,0.0,2020106473,1200,1173,182033
202404010708,13,8,15,ルージュクレセント,牝4,56.0,佐々木大,1:57.6,1.1/2,7-7-6-7,40.4,13.8,6.0,452.0,0.0,[東]国枝栄,東京ホースレーシング,0.0,2020104570,1197,399,180800
202404010708,14,8,14,シャインフェアリー,牝4,53.0,土田真翔,1:58.2,3.1/2,5-5-6-7,41.0,325.8,14.0,482.0,9.0,[東]天間昭一,ヒダカ・ブリーダーズ・ユニオン,0.0,2020100921,1198,1090,547800
202404010708,-1,6,11,ブラックデコ,牝4,52.0,小林美駒,,,,,,,,,[東]尾関知人,林正道,0.0,2020106883,1206,1103,675030
202404010709,1,2,4,オリアメンディ,牝6,56.0,黛弘人,0:56.5,,15,33.1,10.5,6.0,464.0,-6.0,[東]石毛善彦,ミルファーム,1146.4,2018106612,1109,428,629800
202404010709,2,7,14,フレンドパル,牝6,56.0,石神深道,0:56.6,1/2,3,34.3,5.3,2.0,458.0,-6.0,[東]深山雅史,前田清二,450.4,2018103766,1209,1174,125031
202404010709,3,8,15,ラクサパーナ,牝4,56.0,佐々木大,0:56.6,ハナ,4,34.1,4.0,1.0,434.0,-6.0,[東]矢野英一,キャロットファーム,285.2,2020103614,1197,1108,486800
202404010709,4,4,8,アップフルーク,牡5,58.0,菊沢一樹,0:56.9,1.3/4,1,34.7,34.5,11.0,516.0,4.0,[東]松山将樹,村山正道,170.0,2019102510,1161,1100,954033
202404010709,5,5,10,マルモリディライト,牝4,56.0,小沢大仁,0:57.0,クビ,6,34.2,13.1,7.0,466.0,-8.0,[東]和田雄二,山下繁美,111.0,2020100997,1185,1143,970031
202404010709,6,6,11,アカザ,牝5,56.0,嶋田純次,0:57.0,クビ,8,34.1,5.7,3.0,438.0,-2.0,[東]伊坂重信,鈴木康弘,0.0,2019104374,1134,1177,624007
202404010709,7,2,3,ニルアドミラリ,セ6,58.0,丸山元気,0:57.0,アタマ,4,34.5,23.0,10.0,548.0,-12.0,[東]和田正一,ノースヒルズ,0.0,2018110134,1127,1114,788800
202404010709,8,7,13,タイガーリリー,牝6,56.0,岩部純二,0:57.1,1/2,11,33.9,8.9,4.0,470.0,-2.0,[東]石毛善彦,ミルファーム,0.0,2018100593,726,428,629800
202404010709,9,3,6,イミュータブル,牡4,58.0,荻野極,0:57.2,1/2,10,34.1,201.3,15.0,472.0,0.0,[西]浜田多実,前田幸治,0.0,2020104346,1160,1138,948006
202404010709,10,6,12,ソングフォーユー,牝5,56.0,藤田菜七,0:57.4,3/4,9,34.4,17.5,9.0,456.0,4.0,[東]上原博之,兼子尚也,0.0,2019101133,1164,423,138031
202404010709,11,8,16,シーズアクイーン,牝5,56.0,杉原誠人,0:57.6,1.1/4,6,34.8,46.0,12.0,454.0,20.0,[東]石毛善彦,ミルファーム,0.0,2019104147,1135,428,629800
202404010709,12,5,9,イルルージュ,牝4,56.0,丹内祐次,0:57.8,1.1/4,1,35.6,9.1,5.0,430.0,6.0,[東]嘉藤貴行,ビッグレッドファーム,0.0,2020100482,1091,1195,716800
202404010709,13,4,7,マテンロウアネモス,牝4,56.0,永島まな,0:57.9,1/2,11,34.7,13.2,8.0,424.0,-10.0,[東]久保田貴,寺田千代乃,0.0,2020102208,1187,1067,534006
202404010709,14,3,5,レイカットスルー,牡4,58.0,秋山稔樹,0:58.1,1.1/2,11,34.9,157.3,14.0,452.0,6.0,[東]加藤士津,ライオンレースホース,0.0,2020103721,1181,1169,542800
202404010709,15,1,2,ジュエルピーチ,牝4,56.0,小崎綾也,0:58.8,4,11,35.6,114.8,13.0,446.0,0.0,[西]西村真幸,山本剛士,0.0,2020103422,1152,1148,610033
202404010709,16,1,1,マサハヤヴァンス,牝4,56.0,亀田温心,0:59.3,3,15,35.9,233.5,16.0,428.0,-2.0,[西]坂口智康,ドリーム＆Ｄｒｅａｍ,0.0,2020103084,1176,1170,135803
202404010710,1,3,3,ノーブルクライ,牡4,58.0,丹内祐次,2:01.0,,8-8,35.0,4.4,3.0,504.0,0.0,[東]田村康仁,窪田芳郎,1141.5,2020102976,1091,1027,208008
202404010710,2,8,10,フォトンブルー,セ4,58.0,佐々木大,2:01.0,アタマ,5-7,35.5,3.6,1.0,502.0,-16.0,[西]武幸四郎,ＴＮレーシング,449.0,2020103405,1197,1160,969031
202404010710,3,6,6,ルークスヘリオス,牡5,58.0,横山琉人,2:01.0,ハナ,5-5,35.9,11.5,6.0,490.0,-4.0,[東]中川公成,岡田牧雄,284.5,2019105807,1192,1081,851009
202404010710,4,5,5,テラフォーミング,牡5,58.0,石橋脩,2:01.1,クビ,1-1,37.0,3.7,2.0,486.0,2.0,[東]相沢郁,石瀬浩三,170.0,2019100841,1077,1020,812008
202404010710,5,4,4,コスモダークナイト,牡5,58.0,丸山元気,2:01.2,3/4,5-5,36.1,24.1,8.0,510.0,10.0,[西]吉田直弘,ビッグレッドファーム,111.0,2019102611,1127,1101,716800
202404010710,6,7,7,サンズオブタイム,牡6,58.0,荻野極,2:01.6,2.1/2,2-2,36.9,6.5,4.0,494.0,-2.0,[東]和田勇介,ゴドルフィン,0.0,2018100681,1160,1165,3060
202404010710,7,7,8,マイネルシーマー,牡5,58.0,杉原誠人,2:02.1,3,2-4,37.3,9.7,5.0,488.0,-4.0,[東]青木孝文,サラブレッドクラブ・ラフィアン,0.0,2019100774,1135,1156,546800
202404010710,8,2,2,マルクパージュ,牝4,56.0,北村友一,2:02.6,3,2-2,38.1,12.8,7.0,418.0,2.0,[西]斉藤崇史,シルクレーシング,0.0,2020103495,1102,1151,506800
202404010710,9,1,1,ノーブルラン,牡4,58.0,小林美駒,2:03.2,3.1/2,9-9,36.2,46.5,9.0,470.0,-2.0,[東]尾形和幸,岡村善行,0.0,2020100741,1206,1141,535006
202404010710,10,8,9,シュハリ,牡4,58.0,菊沢一樹,2:03.2,アタマ,10-10,36.2,202.4,10.0,448.0,4.0,[東]粕谷昌央,岡田牧雄,0.0,2020105031,1161,1096,851009
202404010711,1,4,8,サトノグレイト,セ4,58.0,北村友一,1:09.7,,2-2,35.6,7.7,4.0,492.0,-6.0,[西]中竹和也,里見治,1587.8,2020102971,1102,1039,790031
202404010711,2,6,11,クインズプリーズ,牝5,56.0,中井裕二,1:09.9,1.1/4,3-3,35.6,59.2,16.0,448.0,-4.0,[西]藤野健太,亀田和弘,630.8,2019100578,1141,1200,390803
202404010711,3,6,12,ディオアステリア,牝5,56.0,小林勝太,1:10.0,クビ,7-7,35.2,14.3,6.0,472.0,-12.0,[東]小野次郎,ＹＧＧホースクラブ,395.4,2019104356,1205,1125,188800
202404010711,4,3,6,トーセンサンダー,牡5,58.0,佐藤翔馬,1:10.1,1/2,10-10,35.1,15.8,8.0,488.0,8.0,[東]杉浦宏昭,島川隆哉,230.0,2019104386,1207,1008,270006
202404010711,5,1,1,ステイトダイアデム,牝5,56.0,杉原誠人,1:10.1,クビ,1-1,36.2,8.2,5.0,478.0,-2.0,[東]和田正一,シルクレーシング,155.0,2019105175,1135,1114,506800
202404010711,6,8,15,イグニション,牡4,58.0,亀田温心,1:10.2,クビ,5-5,35.7,32.9,12.0,470.0,10.0,[西]畑端省吾,ノルマンディーサラブレッドレーシング,0.0,2020103898,1176,1188,854800
202404010711,7,7,13,ガリレイ,セ7,58.0,角田大河,1:10.3,3/4,7-7,35.6,5.7,2.0,516.0,2.0,[西]高橋亮,カナヤマホールディングス,0.0,2017102809,1199,1136,45803
202404010711,8,3,5,テンジュイン,牝7,56.0,菊沢一樹,1:10.3,クビ,10-12,35.3,33.8,13.0,462.0,-6.0,[西]千田輝彦,ドリーム＆Ｄｒｅａｍ,0.0,2017101991,1161,1120,135803
202404010711,9,7,14,イズンシーラブリー,牝6,56.0,丸山元気,1:10.3,ハナ,15-13,34.8,15.0,7.0,430.0,0.0,[東]加藤征弘,諸江幸祐,0.0,2018104765,1127,1059,63803
202404010711,10,2,4,カイカノキセキ,牝5,56.0,小沢大仁,1:10.3,ハナ,5-5,35.8,19.4,9.0,504.0,-4.0,[西]高橋一哉,キャロットファーム,0.0,2019104536,1185,1206,486800
202404010711,11,1,2,コスモアディラート,牡6,58.0,丹内祐次,1:10.4,アタマ,3-3,36.1,4.5,1.0,510.0,2.0,[東]和田正一,ビッグレッドファーム,0.0,2018110149,1091,1114,716800
202404010711,12,5,9,ハピネスアゲン,牝5,56.0,石橋脩,1:10.4,クビ,15-16,34.9,6.6,3.0,454.0,-2.0,[東]萱野浩二,浅川皓司,0.0,2019103897,1077,1024,350004
202404010711,13,8,16,シャウビンダー,牝5,56.0,佐々木大,1:10.5,クビ,10-10,35.5,24.6,11.0,420.0,-2.0,[西]須貝尚介,金子真人ホールディングス,0.0,2019102068,1197,1105,708800
202404010711,14,5,10,ジョリダム,牝4,56.0,富田暁,1:10.6,1/2,14-13,35.2,44.9,15.0,446.0,4.0,[西]武英智,桑田牧場,0.0,2020100686,1168,1161,791800
202404010711,15,2,3,ツインクルトーズ,牝4,56.0,永島まな,1:11.6,6,13-13,36.5,42.8,14.0,500.0,-4.0,[東]牧光二,岡田牧雄,0.0,2020103915,1187,1106,851009
202404010711,16,4,7,ヨール,牝5,56.0,荻野極,1:12.1,3.1/2,7-7,37.4,24.5,10.0,448.0,-2.0,[東]手塚貴久,藤田在子,0.0,2019101270,1160,1038,491030
202404010712,1,2,2,グッドウッドガイ,牡5,58.0,中井裕二,1:11.2,,8-7,36.7,2.0,1.0,518.0,-8.0,[西]村山明,栗原正章,800.0,2019105709,1141,1107,379031
202404010712,2,4,7,スターザサンライズ,牝5,54.0,西塚洸二,1:11.4,3/4,14-13,35.8,51.8,10.0,452.0,4.0,[西]小椋研介,ライフハウス,320.0,2019101624,1200,1197,399803
202404010712,3,4,6,ハッピーパンニャ,牡4,54.0,小林美駒,1:11.5,3/4,11-9,36.5,11.9,4.0,500.0,4.0,[東]鈴木伸尋,足立範子,200.0,2020104340,1206,1026,16033
202404010712,4,7,12,コスモジョセフ,牡4,58.0,丹内祐次,1:11.7,1.1/4,1-1,38.2,20.1,7.0,488.0,-2.0,[東]伊藤大士,ビッグレッドファーム,120.0,2020105277,1091,1109,716800
202404010712,5,5,8,グレアミラージュ,牡7,58.0,小牧太,1:11.8,1/2,12-12,36.5,21.7,8.0,462.0,-2.0,[西]笹田和秀,ヒダカ・ブリーダーズ・ユニオン,80.0,2017100426,894,1104,547800
202404010712,6,7,13,ティーラミレス,牝4,52.0,河原田菜,1:12.1,1.3/4,2-2,38.4,122.3,15.0,442.0,-4.0,[東]辻哲英,天白裕之,0.0,2020106788,1204,1182,578031
202404010712,7,5,9,ファイアネイド,牝4,56.0,北村友一,1:12.1,クビ,9-9,37.4,19.5,6.0,456.0,-8.0,[西]安田翔伍,ゴドルフィン,0.0,2020101823,1102,1164,3060
202404010712,8,6,10,シエラメンテ,牝5,56.0,黛弘人,1:12.2,クビ,9-9,37.4,36.7,9.0,492.0,8.0,[東]堀内岳志,木部厳生,0.0,2019101462,1109,1189,815033
202404010712,9,8,15,サラマックイーン,牝4,56.0,菊沢一樹,1:12.3,3/4,5-6,38.1,8.1,3.0,466.0,2.0,[東]菊沢隆徳,宮崎俊也,0.0,2020106719,1161,1115,123031
202404010712,10,8,14,グリモワール,牝5,54.0,藤田菜七,1:12.3,アタマ,7-7,38.0,106.4,14.0,482.0,-6.0,[東]奥平雅士,ローレルレーシング,0.0,2019102371,1164,1074,32800
202404010712,11,3,4,ハルクバローズ,牡4,58.0,富田暁,1:12.3,ハナ,3-3,38.5,4.2,2.0,520.0,4.0,[西]石坂公一,猪熊広次,0.0,2020104663,1168,1166,859007
202404010712,12,1,1,グレイスカリヨン,牝4,53.0,小林勝太,1:12.4,1/2,5-4,38.2,13.1,5.0,450.0,-4.0,[東]堀内岳志,田畑利彦,0.0,2020100558,1205,1189,464030
202404010712,13,2,3,ルージュブラゾン,牝5,55.0,横山琉人,1:12.6,3/4,12-13,37.2,92.8,13.0,482.0,-14.0,[東]小島茂之,東京ホースレーシング,0.0,2019104685,1192,1068,180800
202404010712,14,3,5,トリオーレ,牡4,56.0,永島まな,1:12.9,1.3/4,14-13,37.3,73.4,12.0,472.0,-2.0,[東]嘉藤貴行,ノルマンディーサラブレッドレーシング,0.0,2020103893,1187,1195,854800
202404010712,15,6,11,ブリラーノ,牝5,56.0,佐々木大,1:13.5,3.1/2,4-4,39.5,57.3,11.0,488.0,10.0,[東]土田稔,前田清二,0.0,2019102783,1197,417,125031
202404010801,1,2,3,ドナレア,牝3,55.0,荻野極,1:12.7,,1-1,38.2,53.4,11.0,436.0,6.0,[東]高木登,山田貢一,550.0,2021101864,1160,1088,440006
202404010801,2,4,6,サンマルブーケ,牝3,53.0,藤田菜七,1:12.9,1.1/4,2-2,38.2,16.3,7.0,478.0,-4.0,[東]中川公成,相馬勇,220.0,2021101120,1164,1081,580007
202404010801,3,3,4,ペイシャスウィフト,牝3,51.0,小林美駒,1:12.9,アタマ,2-4,38.1,5.0,3.0,484.0,-2.0,[東]本間忍,北所直人,140.0,2021102639,1206,1056,163002
202404010801,4,7,12,ナックアテナ,牝3,52.0,佐藤翔馬,1:13.0,3/4,2-2,38.3,3.5,1.0,468.0,0.0,[東]杉浦宏昭,小松欣也,83.0,2021105148,1207,1008,931033
202404010801,5,5,9,ハッピーダンス,牝3,55.0,佐々木大,1:13.0,クビ,7-7,38.0,7.6,4.0,454.0,-6.0,[西]茶木太樹,馬場幸夫,55.0,2021105916,1197,1181,431002
202404010801,6,5,8,バルサミコ,牝3,55.0,菊沢一樹,1:13.1,クビ,5-4,38.2,264.5,14.0,422.0,1.0,[東]小手川準,村島昭男,0.0,2021103798,1161,1171,15006
202404010801,7,2,2,バエル,牝3,54.0,秋山稔樹,1:13.1,ハナ,7-7,38.0,14.2,6.0,450.0,2.0,[東]伊坂重信,藤本栄史,0.0,2021102126,1181,1177,34031
202404010801,8,8,15,アプラド,牝3,54.0,角田大河,1:13.3,1.1/2,12-12,37.7,16.4,8.0,460.0,14.0,[西]新谷功一,ノースヒルズ,0.0,2021100295,1199,1172,788800
202404010801,9,3,5,ファインスカート,牝3,54.0,小沢大仁,1:13.4,1/2,9-9,38.2,23.7,9.0,442.0,-2.0,[西]高橋義忠,李柱坤,0.0,2021101217,1185,1129,8060
202404010801,10,6,11,デビルシズカチャン,牝3,53.0,永島まな,1:13.5,1,9-9,38.2,11.2,5.0,462.0,2.0,[西]武幸四郎,カカムーチョレーシング,0.0,2021105553,1187,1160,680031
202404010801,11,7,13,バロックパール,牝3,55.0,石橋脩,1:13.8,1.3/4,5-6,38.9,3.9,2.0,474.0,0.0,[東]牧光二,矢野まり子,0.0,2021106036,1077,1106,251033
202404010801,12,4,7,ハクサンソヌス,牝3,55.0,藤懸貴志,1:13.9,1/2,13-12,38.2,144.8,12.0,434.0,-16.0,[東]加藤士津,河崎五市,0.0,2021100780,1138,1169,841030
202404010801,13,1,1,サンスイレン,牝3,52.0,小林勝太,1:13.9,クビ,11-11,38.5,53.0,10.0,438.0,4.0,[東]深山雅史,加藤ステーブル,0.0,2021101297,1205,1174,59803
202404010801,14,6,10,ラブアンドラッキー,牝3,54.0,泉谷楓真,1:14.1,1.1/4,15-15,38.2,182.0,13.0,452.0,10.0,[西]本田優,三石川上牧場,0.0,2021100450,1182,1099,691800
202404010801,15,8,14,シールビーライト,牝3,55.0,江田照男,1:15.0,5,13-14,39.3,309.7,15.0,468.0,-2.0,[東]深山雅史,マツシタレーシング,0.0,2021106517,689,1174,308700
202404010802,1,7,13,フィオライア,牝3,55.0,丸山元気,1:10.7,,2-2,35.8,5.8,4.0,460.0,8.0,[西]西園正都,友駿ホースクラブ,550.0,2021101924,1127,1028,321800
202404010802,2,7,14,ドレッド,牡3,57.0,丹内祐次,1:10.9,1.1/4,3-4,35.7,3.7,1.0,468.0,4.0,[東]栗田徹,前原敏行,220.0,2021101769,1091,1127,427030
202404010802,3,5,10,モズマサニャン,牡3,57.0,佐々木大,1:11.0,1/2,7-6,35.6,4.5,2.0,450.0,2.0,[東]加藤征弘,キャピタル・システム,140.0,2021104627,1197,1059,5803
202404010802,4,8,15,アオイメルスイ,牝3,55.0,杉原誠人,1:11.0,クビ,9-11,35.3,101.8,11.0,426.0,2.0,[東]伊藤大士,鈴木照雄,83.0,2021100574,1135,1109,137030
202404010802,5,4,7,エコロアモーレ,牝3,55.0,菊沢一樹,1:11.1,クビ,9-9,35.4,6.2,5.0,458.0,2.0,[西]牧浦充徳,原村正紀,55.0,2021101026,1161,1113,783033
202404010802,6,6,12,ジーティースピカ,牝3,54.0,角田大河,1:11.1,クビ,7-8,35.7,4.6,3.0,468.0,-2.0,[西]上村洋行,田畑利彦,0.0,2021104589,1199,1168,464030
202404010802,7,2,4,イッツマイトリート,牝3,54.0,小沢大仁,1:11.5,2,12-12,35.7,9.4,6.0,456.0,2.0,[西]野中賢二,子安裕樹ＲＣ,0.0,2021102358,1185,1098,385803
202404010802,8,8,16,ミルタンドレス,牝3,55.0,原田和真,1:11.5,アタマ,13-12,35.6,146.8,13.0,436.0,-18.0,[東]本間忍,檜森高史,0.0,2021100438,1143,1056,704031
202404010802,9,5,9,チャーモニウム,牝3,51.0,小林美駒,1:11.6,1,3-3,36.5,67.2,8.0,366.0,2.0,[東]上原博之,サンデーレーシング,0.0,2021105648,1206,423,226800
202404010802,10,1,1,メイショウテンヨウ,牝3,55.0,鮫島良太,1:11.7,クビ,9-9,36.1,109.1,12.0,448.0,6.0,[西]牧浦充徳,松本好雄,0.0,2021103352,1099,1113,523005
202404010802,11,3,6,ユヌブリーズ,牝3,52.0,小林勝太,1:11.7,ハナ,3-4,36.6,69.2,9.0,394.0,0.0,[東]清水英克,ビッグレッドファーム,0.0,2021101142,1205,1080,716800
202404010802,12,4,8,ココモローズ,牝3,53.0,永島まな,1:11.7,クビ,14-14,35.4,37.4,7.0,420.0,0.0,[東]高木登,平川浩之,0.0,2021103544,1187,1088,136007
202404010802,13,1,2,メイブルーム,牝3,54.0,横山琉人,1:12.3,3.1/2,14-14,36.0,146.9,14.0,496.0,0.0,[東]斎藤誠,千明牧場,0.0,2021109098,1192,1086,75800
202404010802,14,6,11,メイショウバンリ,牝3,52.0,川端海翼,1:12.7,2.1/2,1-1,38.1,218.6,15.0,448.0,-10.0,[西]本田優,松本好雄,0.0,2021102833,1195,1099,523005
202404010802,15,2,3,チャコールアニー,牝3,53.0,藤田菜七,1:13.0,1.3/4,14-14,36.8,241.3,16.0,434.0,-6.0,[東]高橋文雅,日東牧場,0.0,2021103126,1164,1134,115800
202404010802,16,3,5,レアリザシオン,セ3,57.0,亀田温心,1:15.2,大,3-6,40.1,81.0,10.0,512.0,2.0,[西]小林真也,シルクレーシング,0.0,2021105522,1176,1185,506800
202404010803,1,2,2,テーオーマーシャル,牡3,57.0,亀田温心,1:53.2,,3-3-4-3,36.2,11.8,5.0,488.0,8.0,[西]高柳大輔,小笹公也,550.0,2021103245,1176,1159,304008
202404010803,2,6,11,プルメリアクヒオ,牡3,55.0,藤田菜七,1:54.3,7,1-1-1-2,37.7,6.4,4.0,446.0,-2.0,[東]深山雅史,武田浩典,220.0,2021103208,1164,1174,607031
202404010803,3,5,9,アレスエルピーダ,牡3,57.0,菊沢一樹,1:54.7,2,7-5-7-5,37.3,177.8,12.0,470.0,8.0,[東]和田雄二,ノルマンディーサラブレッドレーシング,140.0,2021104541,1161,1143,854800
202404010803,4,1,1,コスモフレディ,牡3,57.0,丹内祐次,1:54.7,アタマ,13-13-10-9,36.9,49.2,9.0,452.0,-6.0,[東]水野貴広,ビッグレッドファーム,83.0,2021100730,1091,1094,716800
202404010803,5,4,7,ラキアレクサンダー,牡3,55.0,永島まな,1:54.9,1.1/2,6-5-5-5,37.7,2.2,1.0,514.0,0.0,[東]竹内正洋,フィールドレーシング,55.0,2021106128,1187,1152,463031
202404010803,6,7,13,ミグラテール,牡3,57.0,佐々木大,1:55.0,クビ,10-9-7-8,37.6,20.5,6.0,502.0,-2.0,[西]小栗実,ノースヒルズ,0.0,2021106758,1197,1194,788800
202404010803,7,8,15,チョウガンバレ,牡3,57.0,藤懸貴志,1:55.3,1.3/4,2-2-2-1,38.7,5.9,3.0,470.0,-4.0,[西]羽月友彦,丸山隆雄,0.0,2021106453,1138,1091,34005
202404010803,8,7,12,ジョリーロジャー,牡3,57.0,丸山元気,1:55.6,1.3/4,3-3-3-4,38.8,4.1,2.0,558.0,-4.0,[東]和田正一,シルクレーシング,0.0,2021105506,1127,1114,506800
202404010803,9,3,5,ゼンノジーニー,牡3,56.0,角田大河,1:55.6,クビ,5-5-5-5,38.5,46.1,7.0,480.0,8.0,[西]飯田祐史,大迫基弘,0.0,2021106975,1199,1139,461030
202404010803,10,2,3,ダンシングボビー,牡3,53.0,小林美駒,1:55.7,1/2,10-10-14-13,37.1,47.8,8.0,498.0,16.0,[東]尾形和幸,伊東純一,0.0,2021102229,1206,1141,934006
202404010803,11,4,6,ララクリストフル,牡3,56.0,小沢大仁,1:56.6,5,12-11-9-10,39.1,243.3,13.0,522.0,0.0,[西]坂口智康,フジイ興産,0.0,2021106470,1185,1170,851800
202404010803,12,6,10,グリマルディ,セ3,57.0,杉原誠人,1:57.5,5,8-8-12-12,39.3,285.2,14.0,510.0,-22.0,[東]大和田成,村野康司,0.0,2021101421,1135,1124,338007
202404010803,13,8,14,ソーラーシステム,牡3,57.0,城戸義政,1:57.6,1/2,15-14-10-11,39.8,298.4,15.0,494.0,0.0,[西]鈴木孝志,ローレルレーシング,0.0,2021106258,1147,1111,32800
202404010803,14,3,4,エンバーク,セ3,57.0,石橋脩,1:59.7,大,13-14-13-14,41.4,93.2,11.0,486.0,2.0,[東]中舘英二,吉田照哉,0.0,2021105235,1077,1153,758005
202404010803,-1,5,8,オセアハートマン,牡3,54.0,小林勝太,,,,,,,,,[東]辻哲英,ＸＩＡＯジャパン,0.0,2021101569,1205,1182,266031
202404010805,1,8,16,オリエンタルナイト,牡3,57.0,小崎綾也,2:16.8,,9-8-7-5,36.8,5.4,2.0,518.0,-4.0,[西]寺島良,Ｇ１レーシング,550.0,2021104751,1152,1158,808800
202404010805,2,4,8,パンジャ,牡3,54.0,小林勝太,2:16.8,アタマ,5-6-5-5,36.9,7.1,5.0,474.0,-4.0,[東]金成貴史,ＤｅｅｐＣｒｅｅｋ,220.0,2021105155,1205,1132,374803
202404010805,3,3,5,ズイウンゴサイ,牡3,53.0,大江原比,2:17.0,1,15-15-13-10,36.4,66.6,12.0,458.0,4.0,[東]武市康男,植村仁,140.0,2021100597,1210,1089,751033
202404010805,4,7,13,ウインドラート,牡3,57.0,佐々木大,2:17.7,4,8-8-9-7,37.5,26.0,9.0,452.0,4.0,[東]蛯名正義,ウイン,83.0,2021106199,1197,1191,494800
202404010805,5,5,10,サンライズガッツ,牡3,57.0,丹内祐次,2:17.8,1/2,3-2-2-2,38.1,6.4,3.0,482.0,8.0,[西]茶木太樹,ライフハウス,55.0,2021105982,1091,1181,399803
202404010805,6,1,1,アークドール,牡3,56.0,角田大和,2:17.8,クビ,13-14-15-13,37.0,56.3,11.0,436.0,-6.0,[西]松永幹夫,インゼルレーシング,0.0,2021110012,1186,1092,356803
202404010805,7,6,11,メテオクイン,牝3,51.0,小林美駒,2:17.8,クビ,3-2-2-2,38.0,19.4,8.0,404.0,2.0,[東]鈴木慎太,永山勝敏,0.0,2021103690,1206,1179,695033
202404010805,8,6,12,ベルノレイズ,牡3,57.0,亀田温心,2:17.9,クビ,5-6-5-7,38.0,3.8,1.0,496.0,-2.0,[西]小林真也,スズノレーシングクラブ,0.0,2021104194,1176,1185,330700
202404010805,9,3,6,アスタラビスタ,牡3,57.0,丸山元気,2:18.0,1/2,9-8-11-13,37.5,27.7,10.0,448.0,-4.0,[西]新谷功一,前田幸治,0.0,2021106678,1127,1172,948006
202404010805,10,7,14,ゴールドブラッサム,牡3,57.0,菊沢一樹,2:18.0,クビ,11-11-9-10,37.8,186.3,14.0,456.0,4.0,[東]大竹正博,西野晴夫,0.0,2021104567,1161,1102,833030
202404010805,11,2,3,ピエスダルジャン,牡3,56.0,角田大河,2:18.7,4,11-11-11-10,38.3,6.6,4.0,444.0,4.0,[西]茶木太樹,シルクレーシング,0.0,2021104827,1199,1181,506800
202404010805,12,5,9,アルレジャン,牡3,56.0,小沢大仁,2:18.8,1/2,2-2-2-2,39.1,13.3,7.0,508.0,0.0,[西]藤原英昭,シルクレーシング,0.0,2021105383,1185,1055,506800
202404010805,13,4,7,カラーオブジアース,牡3,55.0,永島まな,2:19.5,4,1-1-1-1,39.9,9.2,6.0,476.0,2.0,[東]上原佑紀,ＫＲジャパン,0.0,2021100360,1187,1192,300803
202404010805,14,2,4,ショウナンアムロ,牡3,57.0,石橋脩,2:19.9,2,14-13-7-7,39.8,91.9,13.0,472.0,8.0,[東]尾関知人,国本哲秀,0.0,2021105184,1077,1103,331002
202404010805,15,1,2,アエロプラニーノ,牡3,56.0,松本大輝,2:21.4,9,5-2-13-15,40.8,298.8,16.0,428.0,2.0,[東]小手川準,鈴木剛史,0.0,2021106379,1191,1171,955033
202404010805,16,8,15,アヴィエーター,牡3,57.0,荻野極,2:24.3,大,16-16-16-16,40.4,234.6,15.0,420.0,-2.0,[東]和田勇介,小山大介,0.0,2021105067,1160,1165,340031
202404010806,1,3,5,ケイツールピア,牝3,51.0,小林美駒,1:49.9,,11-9,34.5,3.1,1.0,412.0,-4.0,[東]鈴木慎太,楠本勝美,550.0,2021101801,1206,1179,103006
202404010806,2,8,16,タガノディオーサ,牝3,54.0,角田大和,1:50.1,1.1/4,1-1,35.4,10.7,4.0,458.0,8.0,[西]長谷川浩,八木良司,220.0,2021106537,1186,1173,859002
202404010806,3,1,2,タガノエイリアス,牡3,56.0,泉谷楓真,1:50.8,4,2-2,35.8,18.0,6.0,472.0,-10.0,[西]本田優,八木良司,140.0,2021106553,1182,1099,859002
202404010806,4,7,14,クスクス,牝3,54.0,松本大輝,1:51.0,1,4-4,35.8,3.6,2.0,482.0,4.0,[西]松下武士,山口敦広,83.0,2021103665,1191,1149,895030
202404010806,5,1,1,カジカライズ,牡3,56.0,角田大河,1:51.0,アタマ,4-4,35.8,11.1,5.0,426.0,-4.0,[東]久保田貴,越村哲男,55.0,2021106519,1199,1067,302031
202404010806,6,3,6,レギウス,牡3,57.0,小林凌大,1:51.2,1.1/2,11-11,35.5,32.9,9.0,456.0,-6.0,[東]森一誠,石井輝昭,0.0,2021103048,1177,1201,553031
202404010806,7,8,15,ルヴニール,牝3,52.0,小林勝太,1:51.3,クビ,7-7,35.9,29.5,8.0,434.0,-4.0,[東]奥村武,ローレルレーシング,0.0,2021107042,1205,1145,32800
202404010806,8,2,4,ウインリベラーレ,牡3,57.0,佐々木大,1:51.3,アタマ,4-4,36.1,3.7,3.0,450.0,8.0,[西]宮徹,ウイン,0.0,2021106207,1197,1018,494800
202404010806,9,4,8,スズノレイライン,牡3,57.0,亀田温心,1:51.5,1.1/4,13-11,35.9,102.2,12.0,494.0,-6.0,[西]平田修,小紫嘉之,0.0,2021102781,1176,1082,835030
202404010806,10,6,11,ワープエンジン,牝3,51.0,河原田菜,1:51.5,ハナ,14-14,35.6,361.5,16.0,464.0,0.0,[東]青木孝文,樋口雅彦,0.0,2021102579,1204,1156,722033
202404010806,11,6,12,マグナレガリア,牡3,54.0,水沼元輝,1:51.6,3/4,2-2,36.6,25.3,7.0,472.0,-4.0,[東]相沢郁,ヒダカ・ブリーダーズ・ユニオン,0.0,2021106574,1201,1020,547800
202404010806,12,2,3,エスカラーチェ,牝3,52.0,川端海翼,1:51.7,クビ,9-9,36.2,258.8,13.0,468.0,-4.0,[東]鈴木伸尋,石川眞実,0.0,2021105215,1195,1026,433002
202404010806,13,5,9,ウォーブルースター,牝3,52.0,石神深道,1:51.7,アタマ,15-14,35.9,99.3,11.0,398.0,0.0,[東]矢嶋大樹,ブルースターズファーム,0.0,2021106836,1209,1202,27803
202404010806,14,7,13,ヴェラベレッツァ,牝3,54.0,横山琉人,1:52.0,1.1/2,7-7,36.7,39.7,10.0,460.0,-8.0,[東]小島茂之,キャロットファーム,0.0,2021105518,1192,1068,486800
202404010806,15,5,10,アキノヨナガニ,牝3,54.0,秋山稔樹,1:52.0,アタマ,16-16,35.9,319.0,15.0,406.0,-28.0,[東]蛯名利弘,浅沼廣幸,0.0,2021101993,1181,1131,274002
202404010806,16,4,7,サツキバラード,牝3,52.0,石田拓郎,1:52.5,3,9-11,36.8,284.5,14.0,384.0,4.0,[東]蛯名利弘,小野博郷,0.0,2021101179,1203,1131,212008
202404010807,1,5,8,トーセンニック,牡6,58.0,江田照男,1:11.2,,4-4,36.2,20.8,9.0,466.0,-6.0,[東]田村康仁,島川隆哉,800.0,2018105647,689,1027,270006
202404010807,2,3,5,モネ,牝5,56.0,石橋脩,1:11.2,クビ,2-2,36.6,17.3,8.0,476.0,2.0,[東]牧光二,ニッシンホールディングス,320.0,2019101749,1077,1106,318803
202404010807,3,3,4,オリビアジュテーム,牝4,56.0,菊沢一樹,1:11.6,2.1/2,1-1,37.0,12.6,7.0,460.0,6.0,[東]西田雄一,高昭牧場,200.0,2020100714,1161,1187,117800
202404010807,4,7,12,クイーンアポーン,牝5,56.0,丸山元気,1:11.9,2,7-5,36.6,6.1,3.0,458.0,4.0,[東]土田稔,ジェイアール,120.0,2019104128,1127,417,948800
202404010807,5,2,3,フクノルッカ,牝6,56.0,小林凌大,1:12.0,クビ,5-5,36.8,105.6,14.0,462.0,10.0,[東]堀内岳志,福島祐子,80.0,2018100299,1177,1189,159033
202404010807,6,6,11,イロハニオエ,牝5,53.0,小林勝太,1:12.3,1.3/4,5-5,37.1,39.9,12.0,514.0,2.0,[東]小野次郎,松本俊廣,0.0,2019100354,1205,1125,853002
202404010807,7,6,10,ルワンジュ,牡5,57.0,角田大河,1:12.4,1/2,8-8,36.8,4.1,1.0,500.0,-2.0,[西]千田輝彦,ノルマンディーサラブレッドレーシング,0.0,2019105798,1199,1120,854800
202404010807,8,4,7,リリージェーン,牝4,52.0,小林美駒,1:12.5,クビ,15-15,35.4,4.7,2.0,420.0,-6.0,[東]小手川準,馬目時宗,0.0,2020106353,1206,1171,460031
202404010807,9,4,6,メージャーテソーロ,牡4,58.0,丹内祐次,1:12.9,2.1/2,3-3,38.0,8.9,5.0,440.0,-4.0,[東]畠山吉宏,了徳寺健二ホールディングス,0.0,2020100342,1091,1048,89803
202404010807,10,2,2,カネトシディーバ,牝6,54.0,永島まな,1:13.2,2,12-12,37.0,89.8,13.0,474.0,-4.0,[西]高橋康之,兼松昌男,0.0,2018103117,1187,1135,939006
202404010807,11,1,1,スーパーリベロ,セ4,55.0,水沼元輝,1:13.4,1,10-9,37.5,22.9,10.0,452.0,-10.0,[東]伊藤圭三,星野隆男,0.0,2020104132,1201,1023,530033
202404010807,12,7,13,エンギダルマ,牡5,58.0,嶋田純次,1:13.7,2,10-11,37.8,11.5,6.0,516.0,-2.0,[東]手塚貴久,星野壽市,0.0,2019101605,1134,1038,265006
202404010807,13,8,14,ルミナスフラックス,セ5,58.0,佐々木大,1:14.1,2.1/2,13-13,37.6,24.3,11.0,484.0,6.0,[東]堀内岳志,ライオンレースホース,0.0,2019105142,1197,1189,542800
202404010807,14,8,15,モルフェブーケ,牝4,56.0,原田和真,1:14.7,3.1/2,8-9,39.1,335.8,15.0,436.0,-6.0,[東]本間忍,並河賢一郎,0.0,2020100351,1143,1056,404002
202404010807,15,5,9,ルクルス,牡4,57.0,角田大和,1:14.8,1/2,13-13,38.3,8.5,4.0,522.0,18.0,[西]松永幹夫,インゼルレーシング,0.0,2020101635,1186,1092,356803
202404010808,1,1,1,サトノヴィレ,セ4,58.0,荻野極,1:23.3,,5-5,35.4,7.3,3.0,496.0,0.0,[東]鹿戸雄一,里見治,800.0,2020104753,1160,1097,790031
202404010808,2,4,7,フェゲフォイア,牡4,54.0,河原田菜,1:23.5,1,10-9,35.3,85.7,14.0,448.0,-13.0,[西]岡田稲男,一村哲也,320.0,2020106355,1204,1066,798008
202404010808,3,8,16,キトゥンズマーチ,牝6,55.0,角田大和,1:23.5,ハナ,1-1,36.2,17.8,7.0,468.0,-2.0,[東]上原博之,ノルマンディーサラブレッドレーシング,200.0,2018100096,1186,423,854800
202404010808,4,7,13,サンライズフォルス,牡4,58.0,藤懸貴志,1:23.5,アタマ,14-14,34.9,5.6,2.0,498.0,-4.0,[西]羽月友彦,ライフハウス,120.0,2020101535,1138,1091,399803
202404010808,5,5,10,アンタノバラード,牝4,56.0,杉原誠人,1:23.6,クビ,4-3,35.9,8.1,4.0,434.0,8.0,[東]伊藤大士,ミルファーム,80.0,2020106963,1135,1109,629800
202404010808,6,2,3,ソレントフレイバー,牡5,57.0,角田大河,1:23.6,クビ,5-5,35.7,20.4,8.0,478.0,-10.0,[東]久保田貴,尾田信夫,0.0,2019106503,1199,1067,236033
202404010808,7,2,4,アパショナード,牡5,58.0,丹内祐次,1:23.8,1,8-7,35.8,22.1,9.0,422.0,2.0,[西]千田輝彦,大塚亮一,0.0,2019103876,1091,1120,858800
202404010808,8,6,12,テンプーシャオン,牡4,57.0,横山琉人,1:24.0,1.1/4,10-9,35.8,13.8,6.0,442.0,8.0,[東]和田勇介,村田能光,0.0,2020102767,1192,1165,634033
202404010808,9,6,11,ビッグパレード,牝5,56.0,小崎綾也,1:24.1,1/2,12-12,35.8,182.7,16.0,508.0,6.0,[東]伊藤大士,ニッシンホールディングス,0.0,2019101765,1152,1109,318803
202404010808,10,3,5,ラフシー,牡5,55.0,小林勝太,1:24.1,クビ,16-15,35.2,29.0,11.0,538.0,-4.0,[東]大竹正博,ゴドルフィン,0.0,2019101896,1205,1102,3060
202404010808,11,8,15,マイレーヌ,牝4,52.0,小林美駒,1:24.1,クビ,5-7,36.2,10.2,5.0,500.0,4.0,[東]斎藤誠,小関昭次,0.0,2020104676,1206,1086,564033
202404010808,12,5,9,デイトナモード,牡4,58.0,菊沢一樹,1:24.3,3/4,3-3,36.7,24.3,10.0,534.0,12.0,[西]千田輝彦,前原敏行,0.0,2020101872,1161,1120,427030
202404010808,13,1,2,シルヴァーデューク,牡4,58.0,佐々木大,1:24.4,1/2,8-9,36.3,2.9,1.0,454.0,-8.0,[西]西村真幸,田畑利彦,0.0,2020100052,1197,1148,464030
202404010808,14,3,6,ルージュイストリア,牝4,54.0,永島まな,1:24.7,1.3/4,14-15,36.0,38.6,13.0,458.0,4.0,[東]大竹正博,東京ホースレーシング,0.0,2020103701,1187,1102,180800
202404010808,15,4,8,ショウナンハクウン,牡4,58.0,石橋脩,1:24.9,1.1/4,2-2,37.4,29.2,12.0,506.0,-2.0,[東]大竹正博,国本哲秀,0.0,2020103670,1077,1102,331002
202404010808,16,7,14,メリオルヴィータ,牝4,55.0,松本大輝,1:25.0,1/2,12-12,36.7,166.4,15.0,498.0,10.0,[西]小椋研介,Ｇ１レーシング,0.0,2020102591,1191,1197,808800
202404010809,1,5,7,タケトンボ,牝5,56.0,秋山稔樹,1:48.1,,2-2,35.2,17.3,8.0,446.0,8.0,[西]宮徹,イクタ,1142.9,2019101007,1181,1018,459800
202404010809,2,2,2,ブラックヴァール,牝4,56.0,小沢大仁,1:48.2,1/2,1-1,35.5,12.3,7.0,454.0,-12.0,[東]菊川正達,石井輝昭,449.4,2020100742,1185,1052,553031
202404010809,3,8,14,ヨウシタンレイ,牝4,56.0,丹内祐次,1:48.3,1,4-4,34.5,4.1,2.0,462.0,-4.0,[西]藤野健太,中内田克二,284.7,2020103969,1091,1200,545008
202404010809,4,5,8,ユキノエリザベス,牝5,56.0,小林勝太,1:48.5,1,12-11,34.0,139.0,14.0,468.0,-2.0,[東]小野次郎,井上基之,170.0,2019106510,1205,1125,623005
202404010809,5,3,3,メイショウノブカ,牝4,56.0,丸山元気,1:48.7,1.1/4,10-9,34.5,3.8,1.0,504.0,-4.0,[西]本田優,松本好雄,111.0,2020106925,1127,1099,523005
202404010809,6,8,13,メランポジューム,牝4,56.0,松本大輝,1:48.9,1.1/4,10-11,34.5,11.9,6.0,454.0,2.0,[西]高野友和,ノースヒルズ,0.0,2020105648,1191,1117,788800
202404010809,7,6,9,ウィズダムハート,牝4,56.0,石橋脩,1:49.0,1/2,8-6,35.0,20.6,9.0,428.0,-4.0,[東]上原佑紀,フィールドレーシング,0.0,2020103365,1077,1192,463031
202404010809,8,4,5,ガールズレジェンド,牝4,56.0,永島まな,1:49.0,クビ,13-13,34.3,8.8,4.0,468.0,-2.0,[東]金成貴史,レッドマジック,0.0,2020103653,1187,1132,86803
202404010809,9,3,4,トンジンチ,牝4,56.0,佐々木大,1:49.1,クビ,4-4,35.4,5.2,3.0,464.0,-4.0,[西]福永祐一,幅田昌伸,0.0,2020104776,1197,1203,331007
202404010809,10,7,12,ナンヨーアゼリア,牝5,56.0,嶋田純次,1:49.2,3/4,9-9,34.9,11.2,5.0,436.0,-4.0,[東]手塚貴久,中村徳也,0.0,2019105643,1134,1038,512031
202404010809,11,1,1,スノーディザイア,牝5,56.0,藤懸貴志,1:49.3,1/2,14-14,34.4,54.2,12.0,468.0,-2.0,[東]畠山吉宏,ノルマンディーサラブレッドレーシング,0.0,2019105764,1138,1048,854800
202404010809,12,6,10,オウケンムーンアイ,牝5,56.0,藤田菜七,1:49.5,1,6-6,35.4,107.1,13.0,430.0,14.0,[東]松永康利,福井明,0.0,2019105466,1164,1093,731006
202404010809,13,7,11,ノーブルマルシェ,牝4,56.0,角田大河,1:49.8,1.3/4,3-3,36.1,53.6,11.0,460.0,4.0,[東]久保田貴,吉木伸彦,0.0,2020104636,1199,1067,755030
202404010809,14,4,6,インペリアルコート,牝4,56.0,荻野極,1:50.7,5,6-8,36.5,27.8,10.0,450.0,-2.0,[東]鹿戸雄一,吉田晴哉,0.0,2020102561,1160,1097,231033
202404010810,1,5,8,シラキヌ,牝5,56.0,秋山稔樹,1:11.1,,2-2,37.3,2.1,1.0,506.0,6.0,[西]小林真也,ゴドルフィン,1583.6,2019110013,1181,1185,3060
202404010810,2,4,7,ベルウッドウズメ,セ5,58.0,荻野極,1:11.4,1.3/4,14-14,35.8,39.5,13.0,482.0,0.0,[東]本間忍,鈴木照雄,629.6,2019109138,1160,1056,137030
202404010810,3,6,10,ペイシャカレン,牝5,56.0,江田照男,1:11.6,1,1-1,38.0,24.3,8.0,456.0,0.0,[東]粕谷昌央,北所直人,394.8,2019100132,689,1096,163002
202404010810,4,5,9,シュバルツガイスト,牡4,58.0,丹内祐次,1:11.7,3/4,6-6,37.1,13.0,5.0,494.0,-6.0,[東]国枝栄,インゼルレーシング,230.0,2020103575,1091,399,356803
202404010810,5,3,4,トモジャミ,牝4,56.0,石橋脩,1:11.7,ハナ,9-7,36.9,31.2,11.0,512.0,6.0,[東]鈴木伸尋,吉冨学,155.0,2020105246,1077,1026,905033
202404010810,6,8,14,ヒルノピレネー,牡4,58.0,小林勝太,1:11.7,ハナ,9-7,36.9,5.4,2.0,446.0,-2.0,[西]北出成人,ヒルノ,0.0,2020100673,1205,1078,823800
202404010810,7,3,5,エランティス,牝4,56.0,泉谷楓真,1:11.7,クビ,3-3,37.6,11.9,4.0,482.0,0.0,[西]杉山晴紀,ヒダカ・ブリーダーズ・ユニオン,0.0,2020104429,1182,1157,547800
202404010810,8,6,11,ロイヤルソウル,牝5,56.0,菊沢一樹,1:11.7,クビ,11-11,36.6,17.3,7.0,474.0,2.0,[東]竹内正洋,フィールドレーシング,0.0,2019101680,1161,1152,463031
202404010810,9,2,2,イルデレーヴ,牡6,58.0,角田大河,1:11.7,ハナ,13-11,36.5,39.1,12.0,494.0,12.0,[西]小林真也,シルクレーシング,0.0,2018105151,1199,1185,506800
202404010810,10,7,12,プリティインピンク,牝6,56.0,永島まな,1:12.3,3.1/2,8-7,37.6,28.2,10.0,448.0,2.0,[東]小手川準,新木鈴子,0.0,2018104208,1187,1171,21006
202404010810,11,8,15,シックザイン,牡5,58.0,柴田善臣,1:12.5,1.1/4,11-11,37.4,96.1,14.0,472.0,2.0,[東]水野貴広,ディアレストクラブ,0.0,2019103887,641,1094,13803
202404010810,12,4,6,クロンヌドラレーヌ,牝5,56.0,小林凌大,1:12.7,1,15-15,36.5,191.1,15.0,458.0,4.0,[東]奥平雅士,ライオンレースホース,0.0,2019104720,1177,1074,542800
202404010810,13,1,1,パスカリ,牝4,56.0,小沢大仁,1:12.7,クビ,4-4,38.4,11.2,3.0,472.0,2.0,[西]杉山晴紀,Ｇ１レーシング,0.0,2020102544,1185,1157,808800
202404010810,14,7,13,タッカーシルバー,牝5,56.0,小林美駒,1:13.5,5,6-7,38.9,13.0,6.0,460.0,-2.0,[東]鈴木伸尋,小松崎孝,0.0,2019100898,1206,1026,248033
202404010810,15,2,3,マジックタッチ,牡4,58.0,佐々木大,1:13.7,3/4,4-4,39.4,28.2,9.0,542.0,4.0,[東]加藤士津,藤本栄史,0.0,2020106946,1197,1169,34031
202404010811,1,7,13,チェイスザドリーム,牝5,55.0,丸山元気,0:55.0,,2,32.9,4.2,1.0,470.0,4.0,[西]矢作芳人,ヒダカ・ブリーダーズ・ユニオン,2334.3,2019105968,1127,1075,547800
202404010811,2,3,5,マウンテンムスメ,牝6,52.0,藤田菜七,0:55.1,3/4,1,33.1,62.8,14.0,480.0,10.0,[東]天間昭一,西村新一郎,929.8,2018104041,1164,1090,772002
202404010811,3,8,16,ファイアダンサー,牝6,54.0,丹内祐次,0:55.1,アタマ,8,32.4,4.5,2.0,468.0,0.0,[東]鈴木慎太,ゴドルフィン,584.9,2018100652,1091,1179,3060
202404010811,4,6,11,メディーヴァル,牡6,54.0,小崎綾也,0:55.2,1/2,4,32.8,34.4,12.0,472.0,-4.0,[西]寺島良,ターフ・スポート,350.0,2018102360,1152,1158,102800
202404010811,5,5,10,ディヴィナシオン,牡7,56.0,松本大輝,0:55.3,3/4,11,32.2,25.3,10.0,476.0,-4.0,[西]森秀行,一村哲也,230.0,2017100583,1191,427,798008
202404010811,6,5,9,マイヨアポア,牝6,53.0,横山琉人,0:55.4,1/2,4,33.0,16.1,8.0,494.0,12.0,[東]和田正一,スピードファーム,0.0,2018101728,1192,1114,911800
202404010811,7,6,12,ロードベイリーフ,牡7,56.0,佐々木大,0:55.6,1,8,32.9,6.4,3.0,498.0,-4.0,[西]森田直行,ロードホースクラブ,0.0,2017103005,1197,1142,170800
202404010811,8,1,2,ブーケファロス,牡4,56.0,杉原誠人,0:55.7,1/2,11,32.6,7.4,4.0,448.0,2.0,[東]清水英克,矢野まり子,0.0,2020101419,1135,1080,251033
202404010811,9,2,4,サトノファビュラス,牝7,54.0,菊沢一樹,0:55.7,クビ,11,32.6,26.0,11.0,434.0,-6.0,[東]宗像義忠,里見治,0.0,2017100367,1161,420,790031
202404010811,10,4,8,スリーパーダ,牝5,53.0,角田大河,0:55.9,1,10,33.0,15.2,7.0,430.0,-8.0,[西]斉藤崇史,キャロットファーム,0.0,2019105237,1199,1151,486800
202404010811,11,3,6,リバーラ,牝4,53.0,小林勝太,0:55.9,クビ,3,33.7,54.6,13.0,436.0,4.0,[東]高柳瑞樹,荒井泰樹,0.0,2020101678,1205,1118,249031
202404010811,12,8,15,アイアムハヤスギル,牡8,53.0,江田照男,0:56.0,クビ,14,32.8,66.0,15.0,478.0,4.0,[東]奥平雅士,ワイズマン,0.0,2016102142,689,1074,139803
202404010811,13,4,7,アビッグチア,牝6,54.0,柴田善臣,0:56.1,3/4,7,33.5,12.7,5.0,510.0,-2.0,[東]水野貴広,藤田在子,0.0,2018100040,641,1094,491030
202404010811,14,2,3,ショウナンハクラク,牡5,56.0,角田大和,0:56.2,1/2,15,32.8,18.2,9.0,474.0,-2.0,[西]松下武士,国本哲秀,0.0,2019110001,1186,1149,331002
202404010811,15,1,1,カイザーメランジェ,牡9,57.0,荻野極,0:56.3,3/4,4,33.9,89.5,16.0,490.0,2.0,[東]矢嶋大樹,ライフエンタープライズ,0.0,2015105850,1160,1202,312803
202404010811,16,7,14,ジャスパージャック,牡8,57.0,永島まな,0:57.2,5,16,33.5,13.0,6.0,530.0,-8.0,[西]森秀行,加藤和夫,0.0,2016110119,1187,427,672033
202404010812,1,5,8,フェザーモチーフ,セ4,58.0,丹内祐次,1:53.6,,2-2-3-3,37.5,3.3,2.0,452.0,2.0,[東]武井亮,シルクレーシング,800.0,2020103293,1091,1147,506800
202404010812,2,6,11,インオービット,牡4,57.0,秋山稔樹,1:54.2,3.1/2,4-4-3-3,38.1,32.7,10.0,464.0,2.0,[東]蛯名利弘,ノルマンディーサラブレッドレーシング,320.0,2020105510,1181,1131,854800
202404010812,3,1,1,ファルコンミノル,牡4,58.0,石橋脩,1:54.3,1/2,9-9-9-10,37.6,6.6,3.0,446.0,0.0,[東]中舘英二,吉岡輝美,200.0,2020104748,1077,1153,337031
202404010812,4,7,12,モズミツボシ,牡5,57.0,角田大和,1:54.3,1/2,5-5-5-5,38.1,12.5,4.0,526.0,-8.0,[西]飯田祐史,キャピタル・システム,120.0,2019103718,1186,1139,5803
202404010812,5,3,5,マウンテンエース,牡4,58.0,佐々木大,1:54.5,1,14-12-9-8,37.8,2.8,1.0,498.0,0.0,[東]和田雄二,西村新一郎,80.0,2020104452,1197,1143,772002
202404010812,6,7,13,チェリーロシアン,牡4,58.0,小林凌大,1:54.6,クビ,7-7-6-6,38.1,61.4,11.0,524.0,2.0,[東]小西一男,櫻井悦朗,0.0,2020100859,1177,405,527030
202404010812,7,4,7,メイショウマジック,牡4,58.0,丸山元気,1:54.7,3/4,2-2-2-2,38.7,23.1,8.0,506.0,12.0,[西]四位洋文,松本好雄,0.0,2020106995,1127,1184,523005
202404010812,8,8,15,ナムラテディー,牡4,54.0,大江原比,1:55.1,2.1/2,7-7-6-6,38.6,65.6,12.0,486.0,6.0,[東]武市康男,奈村睦弘,0.0,2020101950,1210,1089,972002
202404010812,9,3,4,フクノエヴリー,牡5,55.0,小林勝太,1:55.2,3/4,15-15-15-14,37.7,28.4,9.0,534.0,4.0,[東]堀内岳志,福島祐子,0.0,2019101533,1205,1189,159033
202404010812,10,6,10,ルフレーヴ,牡4,58.0,荻野極,1:55.3,3/4,12-12-13-12,38.2,139.1,14.0,478.0,-4.0,[東]上原佑紀,長谷川祐司,0.0,2020104490,1160,1192,196031
202404010812,11,4,6,フロスティクォーツ,牡6,56.0,藤田菜七,1:55.3,ハナ,12-12-12-12,38.3,12.7,5.0,478.0,8.0,[東]加藤和宏,ライオンレースホース,0.0,2018103120,1164,1077,542800
202404010812,12,2,2,ワンダフルヘヴン,牝5,55.0,角田大河,1:56.5,7,5-5-6-8,39.9,96.3,13.0,484.0,-8.0,[東]久保田貴,レッドマジック,0.0,2019110076,1199,1067,86803
202404010812,13,8,14,マルターズデイ,牡5,58.0,柴田善臣,1:58.0,9,9-9-9-11,41.3,165.7,15.0,502.0,6.0,[東]水野貴広,藤田在子,0.0,2019101275,641,1094,491030
202404010812,14,5,9,オーディブルコール,牝4,54.0,永島まな,2:01.0,大,9-9-14-15,43.8,14.0,6.0,506.0,2.0,[西]池江泰寿,サンデーレーシング,0.0,2020110013,1187,1071,226800
202404010812,-1,2,3,ヴィクトリオン,セ6,55.0,川端海翼,,,,,,,,,[西]羽月友彦,中内田克二,0.0,2018100923,1195,1091,545008
202405020501,1,6,11,ランタナヒルズ,牝3,55.0,丸田恭介,1:25.3,,8-7,36.8,3.0,2.0,454.0,-4.0,[東]石毛善彦,木村牧場,550.0,2021101241,1117,428,935800
202405020501,2,8,16,ロンドンライフ,牝3,52.0,長浜鴻緒,1:25.4,1/2,5-5,37.1,5.3,3.0,460.0,0.0,[東]菊沢隆徳,窪田芳郎,220.0,2021101481,1214,1115,208008
202405020501,3,4,7,サンキャメロン,牝3,55.0,横山武史,1:25.6,1.1/2,9-9,36.9,2.9,1.0,448.0,2.0,[東]上原博之,加藤ステーブル,140.0,2021107262,1170,423,59803
202405020501,4,7,13,ミスヨシゼン,牝3,55.0,北村宏司,1:25.7,クビ,10-9,36.9,34.5,8.0,470.0,0.0,[東]古賀慎明,橋本忠雄,83.0,2021104663,1043,1079,434006
202405020501,5,6,12,ペイシャアゲイン,牝3,55.0,江田照男,1:26.1,2.1/2,1-1,38.3,16.1,5.0,478.0,6.0,[東]伊藤伸一,北所直人,55.0,2021104216,689,1031,163002
202405020501,6,3,6,レモンシフォン,牝3,55.0,吉田豊,1:26.1,アタマ,3-3,38.0,103.4,10.0,498.0,6.0,[東]尾関知人,広尾レース,0.0,2021103685,733,1103,553800
202405020501,7,2,3,キリシマジョイナー,牝3,55.0,岩部純二,1:26.5,2.1/2,11-11,37.3,587.6,15.0,470.0,2.0,[東]石毛善彦,土屋君春,0.0,2021109137,726,428,628009
202405020501,8,5,10,ライーナシェリー,牝3,55.0,荻野極,1:26.6,1/2,5-5,38.3,20.5,7.0,462.0,0.0,[東]伊坂重信,ウエスト．フォレスト．ステイブル,0.0,2021100033,1160,1177,368803
202405020501,9,3,5,ミシェット,牝3,55.0,木幡巧也,1:26.8,1.1/4,7-7,38.3,16.9,6.0,460.0,6.0,[東]田島俊明,ノルマンディーサラブレッドレーシング,0.0,2021107021,1162,1112,854800
202405020501,10,2,4,スペシャライト,牝3,55.0,内田博幸,1:27.1,1.3/4,13-12,37.2,281.2,14.0,460.0,-8.0,[東]高橋文雅,藤原牧場,0.0,2021104436,422,1134,380800
202405020501,11,8,15,ペレストリーナ,牝3,54.0,原優介,1:27.5,2.1/2,3-3,39.4,39.9,9.0,488.0,-8.0,[東]新開幸一,ロードホースクラブ,0.0,2021100129,1184,1116,170800
202405020501,12,4,8,グランジュール,牝3,55.0,石川裕紀,1:27.7,1,14-14,37.2,7.0,4.0,466.0,2.0,[東]相沢郁,田中慎之輔,0.0,2021102105,1150,1020,734031
202405020501,13,5,9,アイアンロマン,牝3,55.0,柴田大知,1:27.8,1/2,12-12,37.8,634.5,16.0,478.0,8.0,[東]南田美知,池上一馬,0.0,2021100107,1009,437,780006
202405020501,14,7,14,サンライズテラス,牝3,55.0,津村明秀,1:28.0,1.1/2,2-2,40.0,168.5,12.0,422.0,6.0,[東]和田正一,スピードファーム,0.0,2021106323,1092,1114,911800
202405020501,15,1,1,ベアエンジェル,牝3,55.0,松岡正海,1:28.5,3,15-15,37.6,231.1,13.0,464.0,-2.0,[東]杉浦宏昭,熊木浩,0.0,2021100213,1085,1008,372033
202405020501,16,1,2,レッツダンス,牝3,55.0,菅原明良,1:31.3,大,16-16,39.9,106.4,11.0,434.0,0.0,[東]田島俊明,田島榮二郎,0.0,2021101315,1179,1112,713005
202405020502,1,5,6,レヴォントゥレット,牡3,57.0,北村友一,2:12.1,,2-2-2-2,37.5,5.0,3.0,480.0,-4.0,[西]矢作芳人,前田晋二,550.0,2021103717,1102,1075,41002
202405020502,2,7,10,レッドスフェーン,セ3,57.0,津村明秀,2:13.0,5,5-5-5-3,38.2,5.0,2.0,432.0,6.0,[東]林徹,東京ホースレーシング,220.0,2021105308,1092,1163,180800
202405020502,3,6,7,ヴァズレーヌ,牝3,54.0,永野猛蔵,2:13.2,1,7-6-6-6,38.1,19.1,7.0,452.0,0.0,[東]嘉藤貴行,ノルマンディーサラブレッドレーシング,140.0,2021106707,1188,1195,854800
202405020502,4,1,1,トクシージェネラル,牡3,57.0,内田博幸,2:13.3,1/2,1-1-1-1,38.9,2.2,1.0,510.0,-12.0,[東]辻哲英,ＡＩレーシング,83.0,2021107279,422,1182,250033
202405020502,5,8,11,ウェックスフォード,牡3,57.0,菅原明良,2:14.0,4,10-10-9-8,38.8,12.6,6.0,480.0,-8.0,[東]高木登,社台レースホース,55.0,2021105268,1179,1088,415800
202405020502,6,5,5,インゼエボニータ,牡3,57.0,丸田恭介,2:14.0,ハナ,11-10-9-8,38.7,11.5,5.0,484.0,2.0,[東]鈴木慎太,高橋敏英,0.0,2021102634,1117,1179,910031
202405020502,7,4,4,サンマルミッション,牡3,57.0,岩部純二,2:14.0,クビ,12-12-11-11,38.6,8.6,4.0,442.0,-2.0,[東]和田勇介,相馬勇,0.0,2021107331,726,1165,580007
202405020502,8,6,8,コヴィーニャ,牡3,54.0,長浜鴻緒,2:14.5,3,9-9-11-12,38.6,146.9,10.0,470.0,-4.0,[東]池上昌和,吉田照哉,0.0,2021107172,1214,1150,758005
202405020502,9,2,2,ソウテンノヒカリ,牡3,56.0,原優介,2:14.6,1/2,6-6-6-8,39.3,40.1,9.0,474.0,-10.0,[東]小笠倫弘,サンデーヒルズ,0.0,2021106365,1184,1076,335700
202405020502,10,7,9,ミヤビモルタル,牡3,57.0,大野拓弥,2:16.5,大,3-3-3-3,41.7,27.8,8.0,516.0,-2.0,[東]中舘英二,村上義勝,0.0,2021104017,1096,1153,127002
202405020502,11,8,12,マーシャリアーナ,牝3,55.0,石川裕紀,2:16.9,2.1/2,7-8-8-6,41.9,159.0,11.0,388.0,0.0,[東]黒岩陽一,吉田照哉,0.0,2021104975,1150,1133,758005
202405020502,12,3,3,ローグテソーロ,牝3,55.0,木幡巧也,2:20.1,大,4-3-3-5,45.2,207.3,12.0,430.0,-2.0,[東]牧光二,了徳寺健二ホールディングス,0.0,2021102274,1162,1106,89803
202405020503,1,2,3,サンリコリス,牝3,55.0,岩部純二,1:18.3,,5-2,36.3,63.4,10.0,438.0,2.0,[東]萱野浩二,加藤ステーブル,550.0,2021101299,726,1024,59803
202405020503,2,2,4,レッドレナート,牡3,57.0,モレイラ,1:18.5,1.1/4,1-1,36.7,1.7,1.0,484.0,2.0,[東]手塚貴久,東京ホースレーシング,220.0,2021103145,5509,1038,180800
202405020503,3,6,12,アイランドピーク,牡3,56.0,原優介,1:19.5,6,6-6,37.0,46.1,9.0,470.0,2.0,[東]加藤和宏,小島將之,140.0,2021101363,1184,1077,89002
202405020503,4,4,8,デビルシズカチャン,牝3,55.0,戸崎圭太,1:19.5,ハナ,2-2,37.6,21.8,7.0,460.0,-2.0,[西]武幸四郎,カカムーチョレーシング,83.0,2021105553,5386,1160,680031
202405020503,5,5,10,フェレザ,牝3,55.0,北村宏司,1:19.5,ハナ,8-7,36.7,8.0,3.0,430.0,0.0,[東]伊藤大士,ザ・チャンピオンズ,55.0,2021101744,1043,1109,21700
202405020503,6,1,1,ナムラバンチー,牡3,57.0,丸田恭介,1:20.0,3,15-15,36.0,25.7,8.0,502.0,-4.0,[東]武市康男,奈村睦弘,0.0,2021101826,1117,1089,972002
202405020503,7,8,15,スリーボビー,牡3,57.0,横山武史,1:20.2,1,12-12,36.8,5.3,2.0,484.0,2.0,[東]伊藤圭三,永井商事,0.0,2021103742,1170,1023,61800
202405020503,8,4,7,スグラフィート,牡3,57.0,津村明秀,1:20.2,クビ,11-10,37.1,201.9,13.0,498.0,2.0,[東]牧光二,水上行雄,0.0,2021104127,1092,1106,482002
202405020503,9,8,16,スラーヴァ,牡3,57.0,石川裕紀,1:20.2,アタマ,14-14,36.6,15.8,6.0,468.0,0.0,[東]村田一誠,鈴木康弘,0.0,2021103916,1150,1190,624007
202405020503,10,6,11,メイザーキック,牝3,55.0,菅原明良,1:20.4,1.1/2,3-2,38.4,15.0,5.0,420.0,-2.0,[東]竹内正洋,ＫＩＣレーシング,0.0,2021105060,1179,1152,566031
202405020503,11,3,5,ノリサムソン,牡3,57.0,西村太一,1:20.5,クビ,8-7,37.8,389.2,14.0,482.0,-6.0,[東]堀内岳志,小濱正智,0.0,2021106291,1131,1189,527031
202405020503,12,1,2,ビアメントブラスト,牝3,55.0,柴田善臣,1:20.7,1.1/4,8-10,37.6,623.5,15.0,418.0,-8.0,[東]本間忍,岡田壮史,0.0,2021100608,641,1056,684030
202405020503,13,7,14,オメガレジェンド,牡3,54.0,長浜鴻緒,1:20.8,1/2,3-5,38.7,74.0,11.0,490.0,2.0,[東]大和田成,原禮子,0.0,2021103530,1214,1124,8803
202405020503,14,3,6,レンジャーズハウス,牡3,57.0,三浦皇成,1:21.1,2,6-7,38.4,194.0,12.0,474.0,0.0,[東]尾関知人,飯田正剛,0.0,2021104102,1122,1103,994002
202405020503,15,5,9,ムーラングリース,牝3,55.0,野中悠太,1:23.5,大,12-12,40.2,672.9,16.0,432.0,6.0,[東]千葉直人,村上卓史,0.0,2021107222,1158,1199,563030
202405020503,-1,7,13,ロケットホームラン,牡3,57.0,吉田豊,,,,,,,,,[東]小西一男,明栄商事,0.0,2021102264,733,405,40803
202405020504,1,4,7,ニシノインヴィクタ,牡3,56.0,永野猛蔵,1:33.7,,2-2,34.2,7.4,3.0,486.0,-6.0,[東]本間忍,西山茂行,550.0,2021100190,1188,1056,897009
202405020504,2,3,5,ドリームクルーズ,牝3,55.0,横山武史,1:33.9,1,1-1,34.5,3.1,2.0,496.0,0.0,[東]戸田博文,ＤＭＭドリームクラブ,220.0,2021104899,1170,1054,26803
202405020504,3,6,12,リヤンドゥミラクル,牝3,55.0,田辺裕信,1:33.9,クビ,7-8,33.7,8.9,4.0,430.0,-4.0,[東]和田勇介,吉本雄二,140.0,2021105125,1075,1165,262031
202405020504,4,7,13,ケイアイプロキオン,牡3,57.0,野中悠太,1:34.0,1/2,5-5,34.0,223.3,12.0,468.0,-6.0,[東]和田正一,ケイアイスタリオン,83.0,2021103836,1158,1114,331803
202405020504,5,1,2,バンビーノデオーロ,牡3,57.0,三浦皇成,1:34.1,3/4,3-3,34.3,11.2,5.0,518.0,6.0,[東]鹿戸雄一,サンデーレーシング,55.0,2021105684,1122,1097,226800
202405020504,6,2,3,ロジカルワーズ,牡3,57.0,大野拓弥,1:34.2,1/2,9-9,33.8,49.6,8.0,506.0,0.0,[東]大竹正博,Ｈ．Ｈ．シェイク・ハムダン,0.0,2021110020,1096,1102,4060
202405020504,7,1,1,ペクトラル,牡3,57.0,荻野極,1:34.2,クビ,7-6,34.1,48.8,7.0,510.0,-2.0,[東]中舘英二,シルクレーシング,0.0,2021107183,1160,1153,506800
202405020504,8,8,17,ロンフォン,牝3,55.0,吉田豊,1:34.4,1,12-12,33.8,15.3,6.0,428.0,2.0,[東]久保田貴,窪田芳郎,0.0,2021105830,733,1067,208008
202405020504,9,4,8,ライトスタッフ,牝3,54.0,原優介,1:34.6,1.1/4,11-11,34.1,80.6,9.0,424.0,10.0,[東]和田勇介,中村伊三美,0.0,2021100149,1184,1165,36034
202405020504,10,5,9,アイフィロス,牝3,52.0,長浜鴻緒,1:34.7,1,12-14,33.8,81.5,10.0,404.0,6.0,[東]中舘英二,中村祐子,0.0,2021100153,1214,1153,373008
202405020504,11,8,16,インクルージョン,牡3,57.0,モレイラ,1:34.8,クビ,12-13,34.1,2.2,1.0,496.0,0.0,[東]堀宣行,キャロットファーム,0.0,2021105403,5509,1070,486800
202405020504,12,5,10,ピークカラー,牝3,55.0,木幡巧也,1:34.8,クビ,9-9,34.5,421.5,16.0,410.0,-6.0,[東]黒岩陽一,山口功一郎,0.0,2021102989,1162,1133,849030
202405020504,13,3,6,ウィナールーツ,牡3,57.0,柴田善臣,1:35.1,1.3/4,3-3,35.3,293.5,14.0,430.0,0.0,[東]堀内岳志,和泉憲一,0.0,2021104482,641,1189,685030
202405020504,14,2,4,エリカビーナス,牝3,55.0,オシェア,1:35.2,1/2,5-6,35.1,119.3,11.0,412.0,-2.0,[東]萩原清,唐澤絵里加,0.0,2021103736,5663,1017,613031
202405020504,15,7,15,エイシンボンバー,牡3,57.0,木幡育也,1:35.4,1.1/4,17-15,34.4,411.5,15.0,500.0,0.0,[東]勢司和浩,栄進堂,0.0,2021103632,1167,1047,785800
202405020504,16,8,18,ヴォーグアルタイル,牡3,57.0,柴田大知,1:35.9,3,15-15,34.9,258.0,13.0,442.0,2.0,[東]田中剛,志村幸彦,0.0,2021104483,1009,1119,893030
202405020504,17,7,14,ムージャン,牝3,55.0,石川裕紀,1:36.0,3/4,18-18,34.5,673.0,18.0,432.0,-8.0,[東]小手川準,北山敏隆,0.0,2021100927,1150,1171,789002
202405020504,18,6,11,メイフーミン,牝3,55.0,丸田恭介,1:36.4,2,16-17,35.2,648.0,17.0,412.0,-18.0,[東]水野貴広,千明牧場,0.0,2021109099,1117,1094,75800
202405020505,1,1,1,ダンツティアラ,牡3,57.0,モレイラ,1:36.9,,3-3,36.5,1.8,1.0,484.0,-4.0,[東]蛯名正義,山元哲二,550.0,2021104314,5509,1191,248005
202405020505,2,6,8,ホウオウフェイント,牡3,57.0,菅原明良,1:37.2,2,1-1,37.2,9.5,3.0,490.0,2.0,[東]高木登,小笹芳央,220.0,2021103481,1179,1088,906033
202405020505,3,8,12,ミダース,牡3,56.0,原優介,1:37.9,4,4-4,37.2,9.7,4.0,504.0,-12.0,[東]栗田徹,キャロットファーム,140.0,2021105951,1184,1127,486800
202405020505,4,7,9,レオスパーク,牡3,57.0,津村明秀,1:38.2,1.3/4,2-2,38.0,36.7,6.0,510.0,2.0,[東]牧光二,レオ,83.0,2021102658,1092,1106,209800
202405020505,5,5,6,ラファールドール,セ3,57.0,内田博幸,1:38.6,2,8-10,37.4,26.7,5.0,502.0,-6.0,[東]田島俊明,社台レースホース,55.0,2021104889,422,1112,415800
202405020505,6,7,10,ドリーミンマン,牡3,57.0,オシェア,1:38.6,クビ,5-6,37.7,48.1,7.0,554.0,0.0,[東]小笠倫弘,吉田和美,0.0,2021105353,5663,1076,138007
202405020505,7,4,4,リュクスレオン,牡3,57.0,横山武史,1:39.0,2.1/2,5-5,38.2,2.7,2.0,468.0,-4.0,[東]高柳瑞樹,田畑憲士,0.0,2021103285,1170,1118,215008
202405020505,8,8,11,チュウワダイオウ,セ3,57.0,伊藤工真,1:39.1,3/4,8-10,37.8,223.8,12.0,434.0,-8.0,[東]林徹,中西忍,0.0,2021102294,1119,1163,628007
202405020505,9,3,3,メンドロントット,牡3,57.0,木幡巧也,1:39.9,5,8-8,38.8,60.3,9.0,548.0,4.0,[東]杉浦宏昭,小林善一,0.0,2021105023,1162,1008,880033
202405020505,10,5,5,マジックモーメント,牡3,57.0,柴田善臣,1:40.0,1/2,5-6,39.1,131.6,10.0,476.0,-4.0,[東]金成貴史,小原準一郎,0.0,2021100998,641,1132,853030
202405020505,11,6,7,ヘルス,牡3,57.0,荻野極,1:41.3,8,12-12,39.5,54.6,8.0,488.0,0.0,[東]手塚貴久,馬場幸夫,0.0,2021105798,1160,1038,431002
202405020505,12,2,2,ゴールドミラクル,牡3,56.0,永野猛蔵,1:41.6,2,11-8,40.5,159.3,11.0,456.0,4.0,[東]中川公成,居城寿与,0.0,2021106877,1188,1081,712033
202405020506,1,1,1,ニコラウス,牡3,57.0,横山武史,1:20.8,,3-3,33.4,3.0,2.0,440.0,2.0,[東]上原佑紀,中辻明,780.0,2021104908,1170,1192,646030
202405020506,2,5,5,アンドアイラヴハー,牝3,55.0,戸崎圭太,1:20.9,1/2,2-2,33.7,2.0,1.0,480.0,6.0,[東]田村康仁,キャロットファーム,310.0,2021110003,5386,1027,486800
202405020506,3,4,4,モリノレッドスター,牝3,55.0,津村明秀,1:21.2,1.3/4,1-1,34.3,6.1,3.0,472.0,8.0,[東]鈴木伸尋,森和久,200.0,2021106298,1092,1026,698033
202405020506,4,8,11,カイトグート,牝3,55.0,菅原明良,1:21.4,1.1/2,8-6,33.3,10.0,4.0,464.0,4.0,[東]和田雄二,本田恒雄,120.0,2021106308,1179,1143,816008
202405020506,5,7,8,レグザゴン,牝3,55.0,オシェア,1:21.4,ハナ,5-5,33.6,37.0,8.0,460.0,2.0,[東]斎藤誠,諸江幸祐,78.0,2021103513,5663,1086,63803
202405020506,6,8,10,ベネメレンティ,牝3,55.0,三浦皇成,1:21.8,2.1/2,7-8,33.4,35.2,7.0,434.0,-4.0,[西]河内洋,前田幸治,0.0,2021106648,1122,1072,948006
202405020506,7,6,6,ジークルーネ,牝3,55.0,石川裕紀,1:22.0,1.1/4,3-3,34.6,14.1,5.0,466.0,12.0,[東]栗田徹,キャロットファーム,0.0,2021105901,1150,1127,486800
202405020506,8,6,7,アフィリオン,牡3,57.0,北村宏司,1:22.3,2,10-9,33.7,22.1,6.0,476.0,-4.0,[東]古賀慎明,シルクレーシング,0.0,2021105397,1043,1079,506800
202405020506,9,7,9,レオエンプレス,牝3,55.0,荻野極,1:22.3,ハナ,5-6,34.3,446.5,10.0,478.0,-6.0,[東]奥平雅士,レオ,0.0,2021100060,1160,1074,209800
202405020506,10,2,2,シソチョウ,牝3,55.0,菅原隆一,1:24.3,大,9-9,35.6,439.4,9.0,446.0,-10.0,[東]佐藤吉勝,江川伸夫,0.0,2021102521,1129,1035,338006
202405020506,-2,3,3,クィーンズハット,牝3,55.0,丸田恭介,,,,,,,,,[東]石毛善彦,木村牧場,0.0,2021101223,1117,428,935800
202405020507,1,3,3,ケンキョ,牡4,58.0,丸田恭介,1:17.5,,13-13,34.6,4.0,2.0,472.0,-6.0,[東]高橋文雅,佐久間拓士,800.0,2020105949,1117,1134,986033
202405020507,2,2,2,ショウナンアビアス,牡4,58.0,オシェア,1:17.9,2.1/2,4-4,36.5,4.0,3.0,508.0,-2.0,[東]加藤士津,国本哲秀,320.0,2020104597,5663,1169,331002
202405020507,3,7,11,トルーマンテソーロ,牡5,58.0,柴田大知,1:18.1,1,1-1,37.1,78.6,13.0,532.0,4.0,[東]小手川準,了徳寺健二ホールディングス,200.0,2019102082,1009,1171,89803
202405020507,4,6,9,ビップソリオ,牡5,58.0,田辺裕信,1:18.3,1.1/4,13-11,35.7,42.0,10.0,538.0,-4.0,[東]田島俊明,鈴木邦英,120.0,2019105655,1075,1112,524030
202405020507,5,6,10,ムコウジマランプ,牡4,58.0,松岡正海,1:18.5,1.1/4,12-11,35.8,17.7,6.0,500.0,-4.0,[東]森一誠,芳賀克也,80.0,2020104623,1085,1201,247030
202405020507,6,8,14,マーゴットレーヴ,牝4,56.0,津村明秀,1:18.6,3/4,10-8,36.3,36.9,9.0,466.0,2.0,[東]伊坂重信,前田良平,0.0,2020105813,1092,1177,900031
202405020507,7,3,4,トーセンニック,牡6,58.0,江田照男,1:18.7,1/2,7-6,37.0,31.4,7.0,472.0,-6.0,[東]田村康仁,島川隆哉,0.0,2018105647,689,1027,270006
202405020507,8,4,6,バンブトンプロ,牡4,57.0,原優介,1:18.8,3/4,3-2,37.6,154.0,14.0,480.0,-8.0,[東]粕谷昌央,樋口正蔵,0.0,2020106562,1184,1096,80005
202405020507,9,4,5,セイゲン,牡5,58.0,三浦皇成,1:19.6,5,10-8,37.3,56.4,12.0,480.0,-4.0,[東]中川公成,伊藤誠吉,0.0,2019100234,1122,1081,438002
202405020507,10,7,12,スーパーリベロ,セ4,57.0,永野猛蔵,1:19.9,1.3/4,2-2,38.8,35.2,8.0,462.0,4.0,[東]伊藤圭三,星野隆男,0.0,2020104132,1188,1023,530033
202405020507,11,1,1,ダノンゴーイチ,牡4,58.0,戸崎圭太,1:20.0,クビ,4-4,38.6,4.8,4.0,510.0,4.0,[東]菊沢隆徳,ダノックス,0.0,2020103121,5386,1115,619800
202405020507,12,5,8,キングダラス,牡4,58.0,内田博幸,1:20.1,1,8-8,37.8,15.8,5.0,484.0,0.0,[東]田村康仁,ＨｉｍＲｏｃｋＲａｃｉｎｇホールディングス,0.0,2020101387,422,1027,87803
202405020507,13,8,13,スノーホルンロード,セ5,58.0,横山武史,1:20.4,1.3/4,6-6,38.7,3.7,1.0,518.0,6.0,[東]清水英克,嶋田賢,0.0,2019106520,1170,1080,399009
202405020507,14,5,7,インザストーン,牡4,58.0,菅原明良,1:21.3,5,8-14,38.3,53.4,11.0,466.0,-2.0,[東]小笠倫弘,グリーンスウォード,0.0,2020105489,1179,1076,55700
202405020508,1,3,3,ユハンヌス,牡4,58.0,モレイラ,1:20.7,,5-5,33.1,2.3,1.0,470.0,-2.0,[西]大久保龍,ゴドルフィン,1140.0,2020110039,5509,1058,3060
202405020508,2,7,8,ルルローズ,牝6,56.0,木幡巧也,1:21.0,2,1-1,34.0,27.0,7.0,474.0,2.0,[東]伊藤大士,的場徹,460.0,2018105874,1162,1109,766007
202405020508,3,5,5,メイケイバートン,牡5,58.0,田辺裕信,1:21.0,クビ,3-3,33.6,8.2,4.0,468.0,0.0,[西]中竹和也,名古屋競馬,290.0,2019104818,1075,1039,4800
202405020508,4,8,10,コンクイスタ,牡4,58.0,菅原明良,1:21.1,クビ,2-2,33.8,2.9,2.0,492.0,8.0,[西]吉岡辰弥,ターフ・スポート,170.0,2020106557,1179,1176,102800
202405020508,5,2,2,ワーフデール,牝5,56.0,北村友一,1:21.2,1/2,7-7,33.3,19.5,6.0,472.0,10.0,[西]西園翔太,Ｇ１レーシング,114.0,2019105445,1102,1196,808800
202405020508,6,8,9,フリートオブフット,牝5,56.0,荻野極,1:21.3,3/4,4-3,33.8,13.3,5.0,448.0,8.0,[東]奥村武,シルクレーシング,0.0,2019105238,1160,1145,506800
202405020508,7,4,4,アップストローク,セ5,58.0,池添謙一,1:21.3,アタマ,6-5,33.6,5.9,3.0,460.0,0.0,[東]杉浦宏昭,吉田照哉,0.0,2019104675,1032,1008,758005
202405020508,8,6,6,ジャガード,牡6,58.0,吉田豊,1:21.6,2,9-9,33.2,82.8,9.0,418.0,-2.0,[東]和田雄二,栗坂崇,0.0,2018103485,733,1143,290006
202405020508,9,1,1,バラードインミラノ,牡6,58.0,松岡正海,1:21.9,1.3/4,8-8,33.8,57.1,8.0,434.0,2.0,[東]小野次郎,稲場澄,0.0,2018110112,1085,1125,628031
202405020508,10,7,7,バーンパッション,牡7,58.0,津村明秀,1:22.1,3/4,10-10,33.3,137.2,10.0,482.0,6.0,[東]天間昭一,岡田牧雄,0.0,2017104128,1092,1090,851009
202405020509,1,7,7,ソニックスター,牡3,57.0,モレイラ,1:36.2,,3-3,37.4,2.3,1.0,550.0,-6.0,[東]木村哲也,保坂和孝,1820.3,2021110060,5509,1126,398030
202405020509,2,2,2,ソレルビュレット,牡3,57.0,横山武史,1:36.2,クビ,7-7,36.9,6.1,4.0,526.0,4.0,[東]宮田敬介,シルクレーシング,725.8,2021110061,1170,1175,506800
202405020509,3,1,1,ラタフォレスト,牡3,57.0,オシェア,1:36.4,1.1/4,6-5,37.4,4.3,3.0,506.0,8.0,[東]加藤征弘,林正道,452.9,2021102009,5663,1059,675030
202405020509,4,8,8,ブシン,牡3,57.0,戸崎圭太,1:37.5,7,1-2,38.9,4.1,2.0,472.0,4.0,[西]森秀行,藤田晋,270.0,2021110055,5386,427,232031
202405020509,5,3,3,セントラルヴァレー,牡3,57.0,大野拓弥,1:37.6,1/2,8-8,38.0,23.6,6.0,476.0,-2.0,[東]栗田徹,山口功一郎,180.0,2021110161,1096,1127,849030
202405020509,6,4,4,ルディック,牡3,57.0,北村友一,1:37.8,1,2-1,39.3,8.5,5.0,516.0,0.0,[西]高野友和,キャロットファーム,0.0,2021110008,1102,1117,486800
202405020509,7,5,5,チュウワキャリア,牝3,55.0,田辺裕信,1:38.1,2,5-5,39.1,53.4,7.0,504.0,4.0,[東]栗田徹,中西忍,0.0,2021102295,1075,1127,628007
202405020509,8,6,6,ピコアーガイル,牡3,55.0,北村宏司,1:39.8,10,3-3,41.0,63.4,8.0,482.0,0.0,[東]伊藤大士,石部高史,0.0,2021110165,1043,1109,852031
202405020510,1,6,6,バトルボーン,牡5,57.0,モレイラ,2:23.4,,1-1-1-1,34.1,1.6,1.0,492.0,-2.0,[東]林徹,サンデーレーシング,2818.9,2019105193,5509,1163,226800
202405020510,2,2,2,レッドラディエンス,牡5,57.0,戸崎圭太,2:23.7,2,3-3-3-3,34.0,4.2,2.0,496.0,-2.0,[西]友道康夫,東京ホースレーシング,1105.4,2019104984,5386,1061,180800
202405020510,3,7,7,シュヴァリエローズ,牡6,57.0,北村友一,2:24.0,1.1/2,5-4-4-4,34.1,21.0,5.0,466.0,2.0,[西]清水久詞,キャロットファーム,702.7,2018104942,1102,1110,486800
202405020510,4,3,3,ショウナンバシット,牡4,57.0,横山武史,2:24.0,クビ,2-2-2-2,34.4,9.2,4.0,494.0,-4.0,[西]須貝尚介,国本哲秀,420.0,2020103333,1170,1105,331002
202405020510,5,1,1,ディナースタ,牡5,57.0,三浦皇成,2:24.2,1.1/4,4-4-4-4,34.3,28.9,7.0,472.0,-6.0,[西]辻野泰之,ノルマンディーサラブレッドレーシング,280.0,2019101507,1122,1183,854800
202405020510,6,5,5,ニシノレヴナント,セ4,57.0,大野拓弥,2:24.3,クビ,7-6-6-6,34.1,5.3,3.0,490.0,-4.0,[東]上原博之,西山茂行,0.0,2020100254,1096,423,897009
202405020510,7,8,8,メロディーレーン,牝8,55.0,菅原明良,2:25.6,8,6-6-6-7,35.3,24.3,6.0,356.0,-2.0,[西]森田直行,岡田牧雄,0.0,2016105526,1179,1142,851009
202405020510,8,4,4,グレンガリー,セ9,57.0,石川裕紀,2:26.1,3,7-8-8-8,35.4,154.3,8.0,444.0,0.0,[東]萩原清,吉田勝己,0.0,2015104707,1150,1017,790005
202405020511,1,8,13,ダノンエアズロック,牡3,57.0,モレイラ,1:59.6,,4-4-5,33.4,2.3,1.0,492.0,-12.0,[東]堀宣行,ダノックス,2028.7,2021105817,5509,1070,619800
202405020511,2,5,6,メリオーレム,牡3,57.0,戸崎圭太,1:59.8,1.1/4,4-6-5,33.6,6.2,4.0,484.0,-8.0,[西]友道康夫,Ｇ１レーシング,808.2,2021104791,5386,1061,808800
202405020511,3,4,5,アスクカムオンモア,牡3,57.0,北村友一,1:59.8,クビ,2-4-3,33.8,20.5,7.0,490.0,-2.0,[西]藤原英昭,廣崎利洋ＨＤ,504.1,2021105236,1102,1055,37803
202405020511,4,7,10,ヴィレム,牡3,57.0,北村宏司,1:59.9,アタマ,11-10-11,33.1,41.2,9.0,512.0,-4.0,[西]藤原英昭,フクキタル,300.0,2021106738,1043,1055,46803
202405020511,5,7,11,ファビュラススター,牡3,57.0,横山武史,2:00.0,3/4,12-2-3,34.0,5.8,3.0,502.0,0.0,[東]萩原清,前田幸貴,200.0,2021103478,1170,1017,117031
202405020511,6,6,9,ミカエルパシャ,牡3,57.0,池添謙一,2:00.0,クビ,1-1-1,34.6,12.6,5.0,474.0,-6.0,[西]橋口慎介,迫田三果子,0.0,2021101751,1032,1154,855031
202405020511,7,6,8,グラヴィス,牡3,57.0,三浦皇成,2:00.1,クビ,9-7-8,33.6,53.3,11.0,508.0,4.0,[西]矢作芳人,三木正浩,0.0,2021105831,1122,1075,195031
202405020511,8,8,12,エレクトリックブギ,牡3,57.0,荻野極,2:00.1,クビ,2-2-2,34.4,90.5,12.0,430.0,0.0,[東]鹿戸雄一,社台レースホース,0.0,2021104995,1160,1097,415800
202405020511,9,4,4,ポッドテオ,牡3,57.0,木幡巧也,2:00.2,1/2,7-9-8,33.8,19.0,6.0,470.0,6.0,[東]畠山吉宏,小川眞査雄,0.0,2021106069,1162,1048,42033
202405020511,10,5,7,ディマイザキッド,牡3,57.0,田辺裕信,2:00.2,クビ,13-13-13,33.2,5.0,2.0,452.0,2.0,[東]清水英克,嶋田賢,0.0,2021104324,1075,1080,399009
202405020511,11,2,2,ドバイブルース,牡3,57.0,大野拓弥,2:00.5,1.1/2,4-7-5,34.2,254.0,13.0,494.0,-6.0,[東]加藤征弘,加藤正二郎,0.0,2021105182,1096,1059,32030
202405020511,12,3,3,キャントウェイト,牡3,57.0,石川裕紀,2:00.5,ハナ,7-10-10,33.9,42.0,10.0,456.0,-2.0,[東]萱野浩二,ビッグレッドファーム,0.0,2021102800,1150,1024,716800
202405020511,13,1,1,シャンパンマーク,牡3,57.0,菅原明良,2:00.6,1/2,9-10-11,33.9,36.4,8.0,486.0,-4.0,[東]蛯名正義,青山洋一,0.0,2021105252,1179,1191,15008
202405020512,1,8,13,ラップスター,牡4,58.0,戸崎圭太,1:37.2,,2-2,36.4,4.5,2.0,516.0,-4.0,[西]森秀行,藤田晋,1140.0,2020110104,5386,427,232031
202405020512,2,6,9,コブラ,牡5,58.0,三浦皇成,1:37.3,1,4-4,36.1,4.5,3.0,484.0,-10.0,[東]菊沢隆徳,高瀬正志,460.0,2019102654,1122,1115,392803
202405020512,3,8,12,ロードジャスティス,牡5,57.0,原優介,1:37.4,1/2,1-1,36.9,69.8,9.0,472.0,2.0,[西]小椋研介,ロードホースクラブ,290.0,2019103027,1184,1197,170800
202405020512,4,7,10,グラシアス,牡4,58.0,大野拓弥,1:37.7,1.3/4,3-3,36.7,111.5,12.0,458.0,6.0,[東]中舘英二,瀬谷隆雄,170.0,2020101873,1096,1153,775006
202405020512,5,5,7,クリノアルバトロス,牡4,58.0,松岡正海,1:37.8,クビ,7-7,36.3,9.1,4.0,504.0,-2.0,[東]伊藤伸一,栗本博晴,114.0,2020101983,1085,1031,970006
202405020512,6,6,8,オーラビルス,牡4,58.0,柴田善臣,1:37.9,1/2,7-4,36.6,14.1,5.0,518.0,2.0,[東]小島茂之,高橋徳昭,0.0,2020104318,641,1068,616031
202405020512,7,4,4,パンデアスカル,牡4,58.0,北村友一,1:37.9,クビ,4-4,36.6,87.4,10.0,504.0,-10.0,[西]高野友和,キャロットファーム,0.0,2020103369,1102,1117,486800
202405020512,8,1,1,バルミュゼット,牡5,58.0,池添謙一,1:38.1,3/4,10-7,36.6,63.4,8.0,524.0,8.0,[西]藤野健太,ノルマンディーサラブレッドレーシング,0.0,2019106701,1032,1200,854800
202405020512,9,7,11,フィフティシェビー,牡5,58.0,石川裕紀,1:38.3,1.1/4,13-12,36.4,88.9,11.0,512.0,-2.0,[東]黒岩陽一,長谷川祐司,0.0,2019110074,1150,1133,196031
202405020512,10,2,2,バックスクリーン,セ5,58.0,菅原明良,1:38.5,1.1/2,10-12,36.7,61.8,7.0,508.0,2.0,[西]緒方努,ＤＭＭドリームクラブ,0.0,2019104922,1179,1193,26803
202405020512,11,3,3,フルングニル,牡4,58.0,モレイラ,1:38.7,1,10-7,37.1,2.0,1.0,578.0,-2.0,[西]杉山晴紀,社台レースホース,0.0,2020102929,5509,1157,415800
202405020512,12,4,5,レディアス,牝4,56.0,津村明秀,1:38.8,クビ,7-7,37.3,19.4,6.0,446.0,8.0,[東]鈴木慎太,中山栄一,0.0,2020102562,1092,1179,763033
202405020512,13,5,6,クリノナイスガイ,セ7,57.0,永野猛蔵,1:42.5,大,4-11,40.8,352.4,13.0,478.0,10.0,[東]石毛善彦,栗本博晴,0.0,2017106689,1188,428,970006
202405020601,1,7,10,ゲンパチエトワール,牝3,55.0,戸崎圭太,1:38.8,,3-2,38.0,4.6,3.0,460.0,-4.0,[東]西田雄一,平野武志,550.0,2021100412,5386,1187,689002
202405020601,2,7,11,メイショウコオロギ,牝3,55.0,武豊,1:39.1,2,4-4,38.2,3.4,2.0,432.0,4.0,[東]和田勇介,松本好雄,220.0,2021102867,666,1165,523005
202405020601,3,6,9,ミスサラワク,牝3,52.0,長浜鴻緒,1:39.2,1/2,4-7,38.0,23.4,6.0,496.0,-4.0,[東]本間忍,乙訓史樹,140.0,2021105923,1214,1056,482031
202405020601,4,4,5,アルプスオジョー,牝3,55.0,田辺裕信,1:39.4,1,2-2,38.7,2.2,1.0,504.0,0.0,[東]小西一男,ターフ・スポート,83.0,2021100540,1075,405,102800
202405020601,5,4,4,キガタレイ,牝3,55.0,横山和生,1:39.7,2,1-1,39.0,8.9,4.0,472.0,4.0,[東]竹内正洋,由井健太郎,55.0,2021104386,1140,1152,44803
202405020601,6,2,2,ビアンヴェニュー,牝3,54.0,永野猛蔵,1:39.8,1/2,4-4,38.8,24.2,7.0,482.0,10.0,[東]稲垣幸雄,フジワラ・ファーム,0.0,2021104423,1188,1167,616800
202405020601,7,8,13,メイシャローナ,牝3,54.0,原優介,1:39.8,クビ,8-8,38.3,15.3,5.0,468.0,2.0,[東]大竹正博,千明牧場,0.0,2021109095,1184,1102,75800
202405020601,8,5,6,ピークブルーム,牝3,55.0,吉田豊,1:39.9,1/2,8-8,38.4,39.3,8.0,452.0,8.0,[東]蛯名正義,広尾レース,0.0,2021103311,733,1191,553800
202405020601,9,3,3,プリンセスアメリカ,牝3,55.0,原田和真,1:41.0,7,4-4,40.0,413.6,13.0,466.0,6.0,[東]蛯名利弘,内藤好江,0.0,2021101816,1143,1131,663007
202405020601,10,1,1,ファインデイ,牝3,55.0,内田博幸,1:41.1,1/2,13-10,39.4,247.3,11.0,446.0,0.0,[東]上原博之,石田勇,0.0,2021101392,422,423,724031
202405020601,11,6,8,メルメルメー,牝3,55.0,江田照男,1:41.5,2.1/2,12-11,39.6,272.4,12.0,460.0,2.0,[東]伊藤伸一,高山直樹,0.0,2021104218,689,1031,637030
202405020601,12,5,7,キャラメルミルク,牝3,55.0,菅原隆一,1:43.2,10,10-11,41.2,198.5,10.0,398.0,4.0,[東]佐藤吉勝,田頭勇貴,0.0,2021101288,1129,1035,855030
202405020601,13,8,12,ヤサカサラ,牝3,55.0,柴田大知,1:44.1,5,10-13,41.9,170.9,9.0,428.0,-16.0,[東]蛯名利弘,志邑宣彦,0.0,2021106182,1009,1131,220030
202405020602,1,8,15,ダノンマカルー,牡3,57.0,川田将雅,1:26.3,,3-3,37.8,2.4,2.0,534.0,-6.0,[東]田中博康,ダノックス,550.0,2021105965,1088,1162,619800
202405020602,2,3,6,バスターウルフ,牡3,57.0,三浦皇成,1:26.5,1.1/4,1-1,38.1,2.3,1.0,492.0,0.0,[東]田村康仁,松谷翔太,220.0,2021103038,1122,1027,849033
202405020602,3,6,12,ノアスペシャル,牝3,55.0,内田博幸,1:26.7,1.1/4,6-6,37.8,20.3,5.0,432.0,-4.0,[東]鈴木慎太,佐山公男,140.0,2021102784,422,1179,861002
202405020602,4,7,13,オーネットレオ,牡3,57.0,戸崎圭太,1:27.3,3.1/2,3-4,38.7,5.5,3.0,486.0,6.0,[東]中川公成,醍醐智仁,83.0,2021100551,5386,1081,766031
202405020602,5,3,5,リキサンワールド,牡3,57.0,岩部純二,1:27.5,3/4,13-13,37.9,369.8,15.0,460.0,-6.0,[東]奥平雅士,高橋眞紀子,55.0,2021100408,726,1074,804033
202405020602,6,4,7,ニシノヤングマン,牡3,57.0,横山和生,1:27.5,クビ,6-8,38.4,14.2,4.0,458.0,0.0,[東]村田一誠,西山茂行,0.0,2021101052,1140,1190,897009
202405020602,7,6,11,キタノアマポーラ,牝3,55.0,北村宏司,1:27.7,1.1/4,12-11,38.3,66.0,9.0,410.0,-10.0,[東]伊藤伸一,北所直人,0.0,2021100974,1043,1031,163002
202405020602,8,5,9,イェルマーク,牡3,55.0,オシェア,1:27.9,1.1/4,3-4,39.2,27.7,6.0,488.0,10.0,[東]尾関知人,吉田和美,0.0,2021110117,5663,1103,138007
202405020602,9,4,8,ミューシグ,牝3,54.0,永野猛蔵,1:28.1,1.1/4,15-15,38.2,65.6,8.0,464.0,-2.0,[東]南田美知,ミルファーム,0.0,2021103326,1188,437,629800
202405020602,10,1,1,ヴィル,牡3,57.0,木幡巧也,1:28.2,3/4,9-8,39.1,239.2,14.0,476.0,6.0,[東]菊川正達,ＩＨＲ,0.0,2021104129,1162,1052,40700
202405020602,11,5,10,ロゴサウンド,牡3,56.0,原優介,1:28.4,1,9-8,39.3,79.3,10.0,496.0,0.0,[東]西田雄一,ノルマンディーサラブレッドレーシング,0.0,2021103774,1184,1187,854800
202405020602,12,2,3,グエムル,セ3,57.0,鮫島克駿,1:28.4,ハナ,6-6,39.5,118.5,11.0,466.0,-3.0,[東]高柳瑞樹,荒井泰樹,0.0,2021105966,1157,1118,249031
202405020602,13,8,16,ベアデザイア,牡3,54.0,佐藤翔馬,1:28.6,1,14-14,38.8,500.4,16.0,494.0,-4.0,[東]杉浦宏昭,熊木浩,0.0,2021104271,1207,1008,372033
202405020602,14,1,2,ノーブルニードル,牡3,57.0,柴田大知,1:28.9,2,11-11,39.5,183.4,13.0,528.0,0.0,[東]粕谷昌央,吉木伸彦,0.0,2021104382,1009,1096,755030
202405020602,15,2,4,プエルトガレラ,牡3,54.0,長浜鴻緒,1:29.1,3/4,16-16,37.6,124.3,12.0,442.0,0.0,[東]小笠倫弘,丸山担,0.0,2021100955,1214,1076,922030
202405020602,16,7,14,ナンヨーシュート,牡3,57.0,岩田康誠,1:30.5,9,2-2,42.1,56.0,7.0,444.0,0.0,[東]宗像義忠,中村徳也,0.0,2021103693,5203,420,512031
202405020603,1,7,11,モルトマエストーソ,牡3,57.0,オシェア,2:22.3,,6-7-5-6,33.9,3.6,2.0,530.0,-2.0,[東]国枝栄,シルクレーシング,550.0,2021105838,5663,399,506800
202405020603,2,7,12,ルーベンス,牡3,57.0,田辺裕信,2:22.3,クビ,2-2-2-2,34.3,3.0,1.0,506.0,-8.0,[東]萩原清,池谷誠一,220.0,2021105978,1075,1017,172002
202405020603,3,4,6,ボクラヲツナグモノ,牡3,56.0,永野猛蔵,2:22.8,3,8-9-9-9,33.8,19.0,6.0,444.0,-2.0,[東]清水英克,石川秀守,140.0,2021100441,1188,1080,18033
202405020603,4,4,5,スターチョウサン,牝3,55.0,菅原明良,2:22.8,クビ,1-1-1-1,35.0,3.8,3.0,486.0,6.0,[東]小島茂之,チョウサン,83.0,2021102412,1179,1068,892800
202405020603,5,6,9,シュヴァルエレ,牡3,57.0,吉田豊,2:22.8,クビ,6-5-5-5,34.5,32.8,8.0,524.0,14.0,[東]的場均,田頭勇貴,55.0,2021106405,733,1063,855030
202405020603,6,8,14,レッドアウェイク,牡3,57.0,モレイラ,2:22.9,1/2,4-3-3-3,34.7,6.5,4.0,472.0,4.0,[西]福永祐一,東京ホースレーシング,0.0,2021102785,5509,1203,180800
202405020603,7,5,8,アンリトゥンルール,牡3,57.0,戸崎圭太,2:23.7,5,10-11-11-11,34.5,31.4,7.0,498.0,0.0,[東]栗田徹,ゴドルフィン,0.0,2021101668,5386,1127,3060
202405020603,8,6,10,プルーヴンウィナー,牝3,55.0,北村友一,2:24.0,1.1/2,4-6-7-7,35.2,40.0,9.0,494.0,-12.0,[西]矢作芳人,Ｇ１レーシング,0.0,2021104780,1102,1075,808800
202405020603,9,3,4,ユイノチョウシンキ,牡3,57.0,江田照男,2:24.1,1,12-12-12-11,34.8,14.0,5.0,480.0,4.0,[東]深山雅史,由井健太郎,0.0,2021104385,689,1174,44803
202405020603,10,2,2,イチリュウオー,牡3,56.0,原優介,2:24.1,ハナ,3-3-3-3,35.9,175.4,10.0,450.0,0.0,[東]小西一男,しょうじ,0.0,2021100123,1184,405,355803
202405020603,11,3,3,トキメキタロー,牡3,57.0,鮫島克駿,2:24.6,3,12-12-13-13,35.1,282.8,12.0,432.0,8.0,[東]佐藤吉勝,片岡正雄,0.0,2021100282,1157,1035,268006
202405020603,12,1,1,センドネージュ,牝3,52.0,長浜鴻緒,2:25.0,2.1/2,8-7-7-7,36.1,413.9,14.0,460.0,0.0,[東]武井亮,Ｇ１レーシング,0.0,2021104760,1214,1147,808800
202405020603,13,8,13,トゥラムプラッツ,牡3,57.0,内田博幸,2:25.0,クビ,14-14-14-14,35.1,205.8,11.0,468.0,-2.0,[東]千葉直人,ディアレストクラブ,0.0,2021101927,422,1199,13803
202405020603,14,5,7,マイバンドーム,牡3,57.0,木幡巧也,2:25.3,1.1/2,10-9-9-9,36.2,329.2,13.0,468.0,0.0,[東]天間昭一,宮内牧場,0.0,2021103304,1162,1090,916800
202405020604,1,2,3,サトノラクローヌ,牡3,57.0,モレイラ,1:47.5,,6-8-8,34.3,2.4,1.0,480.0,4.0,[東]堀宣行,里見治,550.0,2021104670,5509,1070,790031
202405020604,2,3,5,シンバーシア,牝3,55.0,ルメール,1:47.8,1.1/2,2-2-2,35.2,4.8,2.0,456.0,-2.0,[東]国枝栄,サンデーレーシング,220.0,2021105599,5339,399,226800
202405020604,3,2,4,パーセルペーパー,牡3,57.0,柴田大知,1:48.1,1.3/4,2-5-5,35.2,12.7,5.0,434.0,0.0,[東]和田雄二,ブルースターズファーム,140.0,2021106840,1009,1143,27803
202405020604,4,8,16,ドウアドバンテージ,牡3,57.0,武豊,1:48.2,1/2,4-3-2,35.6,16.1,6.0,480.0,18.0,[西]四位洋文,キーファーズ,83.0,2021105050,666,1184,2803
202405020604,5,4,7,アオイラン,牝3,55.0,三浦皇成,1:48.3,1/2,6-6-5,35.4,7.3,4.0,466.0,-8.0,[東]古賀慎明,新谷幸義,55.0,2021104115,1122,1079,443033
202405020604,6,8,18,キトゥンヒール,牝3,55.0,オシェア,1:48.3,クビ,8-6-7,35.2,16.9,7.0,462.0,0.0,[東]村田一誠,吉田和美,0.0,2021105607,5663,1190,138007
202405020604,7,6,11,セブンオーシャン,牡3,57.0,北村宏司,1:48.3,クビ,8-9-9,35.0,307.8,12.0,462.0,0.0,[東]伊藤大士,グリーンファーム,0.0,2021102431,1043,1109,148800
202405020604,8,7,14,ルージュアベリア,牝3,55.0,北村友一,1:48.3,ハナ,12-11-11,34.8,23.8,9.0,488.0,-4.0,[東]田中博康,東京ホースレーシング,0.0,2021105058,1102,1162,180800
202405020604,9,4,8,ダイユウファリーナ,牡3,57.0,菅原明良,1:48.3,ハナ,16-15-14,34.4,17.9,8.0,484.0,6.0,[東]松永康利,大友靖岐,0.0,2021101896,1179,1093,448033
202405020604,10,8,17,ナムラドーギー,牡3,56.0,原優介,1:48.6,1.3/4,17-17-16,34.3,162.9,11.0,438.0,-2.0,[東]石栗龍彦,奈村睦弘,0.0,2021104267,1184,1043,972002
202405020604,11,5,10,ビーンスターク,牡3,57.0,横山和生,1:48.6,アタマ,1-1-1,36.0,24.6,10.0,468.0,-4.0,[東]栗田徹,岡田牧雄,0.0,2021103578,1140,1127,851009
202405020604,12,6,12,ラブビーチ,牝3,54.0,永野猛蔵,1:48.6,ハナ,8-9-9,35.3,506.4,15.0,436.0,4.0,[東]蛯名利弘,増田陽一,0.0,2021104232,1188,1131,291002
202405020604,13,7,15,ベニカケソラ,牡3,54.0,佐藤翔馬,1:49.2,3.1/2,14-15-16,35.0,999.9,18.0,444.0,-6.0,[東]杉浦宏昭,山岸桂市,0.0,2021106144,1207,1008,510008
202405020604,14,3,6,グランドフォレスト,牡3,57.0,鮫島克駿,1:49.5,1.1/2,4-3-2,36.8,395.8,13.0,466.0,-4.0,[東]岩戸孝樹,田畑利彦,0.0,2021103651,1157,1051,464030
202405020604,15,5,9,ダノンタイムリー,牡3,57.0,川田将雅,1:49.6,1/2,14-11-11,36.0,7.0,3.0,452.0,-8.0,[東]尾関知人,ダノックス,0.0,2021105151,1088,1103,619800
202405020604,16,1,2,ザッフェラーノ,牡3,57.0,森裕太朗,1:49.6,ハナ,11-11-11,36.0,464.1,14.0,470.0,-6.0,[東]高橋文雅,諸岡慶,0.0,2021101207,1165,1134,951033
202405020604,17,7,13,ショウキンカセギ,牡3,54.0,長浜鴻緒,1:49.6,クビ,12-14-15,35.5,578.5,16.0,482.0,-5.0,[東]根本康広,福田光博,0.0,2021101968,1214,1029,615030
202405020604,18,1,1,ナンヨーレギュラー,牡3,57.0,柴田善臣,1:50.4,5,17-17-18,36.0,613.5,17.0,412.0,0.0,[東]金成貴史,中村徳也,0.0,2021105185,641,1132,512031
202405020605,1,6,11,サンライズソレイユ,牡3,57.0,川田将雅,2:11.1,,6-6-5-4,37.1,2.4,1.0,502.0,-4.0,[西]矢作芳人,ライフハウス,780.0,2021105104,1088,1075,399803
202405020605,2,4,8,アムールドパリ,牝3,55.0,横山武史,2:11.2,1/2,2-2-2-2,37.3,4.8,2.0,446.0,2.0,[東]稲垣幸雄,吉田千津,310.0,2021105264,1170,1167,310007
202405020605,3,6,12,ロードブレイズ,牡3,57.0,横山和生,2:12.2,6,8-8-6-7,37.9,12.6,6.0,488.0,0.0,[東]稲垣幸雄,ロードホースクラブ,200.0,2021100162,1140,1167,170800
202405020605,4,1,1,オウケンシルヴァー,牡3,57.0,原田和真,2:13.3,7,6-6-6-5,39.2,255.5,14.0,486.0,-4.0,[東]松永康利,福井明,120.0,2021103017,1143,1093,731006
202405020605,5,3,6,ワンパット,牡3,57.0,鮫島克駿,2:13.4,クビ,4-5-6-9,39.0,43.9,9.0,472.0,0.0,[西]高橋亮,寺田寿男,78.0,2021102903,1157,1136,866006
202405020605,6,5,9,タイセイミッション,牡3,57.0,戸崎圭太,2:13.5,1/2,3-3-4-5,39.4,16.4,8.0,520.0,2.0,[東]伊藤圭三,田中成奉,0.0,2021101045,5386,1023,224007
202405020605,7,8,15,アルデドゥオーモ,牡3,54.0,長浜鴻緒,2:13.5,クビ,15-14-14-15,38.1,504.3,16.0,478.0,2.0,[東]矢野英一,秋元竜弥,0.0,2021100361,1214,1108,799031
202405020605,8,4,7,サトノレイズ,牡3,57.0,武豊,2:13.7,1.1/4,13-13-12-10,39.2,8.1,3.0,458.0,2.0,[東]田中博康,里見治,0.0,2021104961,666,1162,790031
202405020605,9,7,14,ネオシルバー,牡3,57.0,田辺裕信,2:13.9,1,10-10-10-10,39.4,15.1,7.0,502.0,6.0,[東]小西一男,西田俊二,0.0,2021106063,1075,405,502033
202405020605,10,3,5,アルシミスト,牡3,57.0,モレイラ,2:13.9,ハナ,4-4-2-2,40.0,8.7,4.0,504.0,4.0,[東]木村哲也,キャロットファーム,0.0,2021105805,5509,1126,486800
202405020605,11,7,13,レグロスヴァーグ,牡3,57.0,菅原明良,2:14.5,3.1/2,9-8-6-7,40.2,190.8,13.0,510.0,-4.0,[西]鈴木孝志,前田晋二,0.0,2021106628,1179,1111,41002
202405020605,12,1,2,サンライズウェーヴ,牡3,57.0,菱田裕二,2:14.9,2.1/2,10-12-10-10,40.4,107.5,12.0,482.0,-2.0,[西]石坂公一,ライフハウス,0.0,2021102221,1144,1166,399803
202405020605,13,8,16,カーマンライン,牡3,56.0,原優介,2:15.5,3.1/2,12-10-12-13,40.4,72.4,10.0,490.0,-4.0,[東]小島茂之,ノルマンディーサラブレッドレーシング,0.0,2021105329,1184,1068,854800
202405020605,14,2,3,アスクナサニエル,牡3,57.0,松山弘平,2:15.6,1/2,1-1-1-1,41.8,94.4,11.0,512.0,4.0,[西]藤原英昭,廣崎利洋ＨＤ,0.0,2021110006,1126,1055,37803
202405020605,15,5,10,ジーティーアグリム,牝3,55.0,北村友一,2:16.3,4,14-14-14-13,41.2,303.1,15.0,524.0,-8.0,[東]奥平雅士,田畑利彦,0.0,2021104574,1102,1074,464030
202405020605,16,2,4,モスクロッサー,牡3,57.0,オシェア,2:23.8,大,16-16-16-16,45.1,8.9,5.0,510.0,2.0,[東]国枝栄,サンデーレーシング,0.0,2021105501,5663,399,226800
202405020606,1,7,11,ゲットアップ,セ6,58.0,石橋脩,1:37.2,,6-3,37.6,4.1,3.0,484.0,10.0,[東]牧光二,ニッシンホールディングス,800.0,2018100720,1077,1106,318803
202405020606,2,8,12,フクノブルジュ,牡4,58.0,横山和生,1:37.5,1.3/4,9-9,37.2,38.1,7.0,448.0,4.0,[東]竹内正洋,福島祐子,320.0,2020101465,1140,1152,159033
202405020606,3,6,8,イッツオンリーユー,牝4,56.0,モレイラ,1:38.1,3.1/2,2-2,38.6,5.1,4.0,484.0,16.0,[東]矢嶋大樹,Ｇ１レーシング,200.0,2020102542,5509,1202,808800
202405020606,4,3,3,ポリクシニーズ,牡5,57.0,永野猛蔵,1:38.4,2,8-6,38.4,67.2,9.0,506.0,4.0,[東]黒岩陽一,今村明浩,120.0,2019100913,1188,1133,466033
202405020606,5,4,4,ホワイトターフ,牝5,56.0,オシェア,1:38.5,クビ,3-5,38.7,82.7,11.0,460.0,-2.0,[東]清水英克,ノルマンディーサラブレッドレーシング,80.0,2019105794,5663,1080,854800
202405020606,6,5,6,ブッシュテソーロ,牡4,58.0,木幡巧也,1:38.5,クビ,5-6,38.5,44.7,8.0,504.0,-2.0,[東]千葉直人,了徳寺健二ホールディングス,0.0,2020102380,1162,1199,89803
202405020606,7,7,10,マイショウチャン,牡4,58.0,戸崎圭太,1:38.7,1,3-3,39.1,3.5,2.0,444.0,-14.0,[東]相沢郁,星野壽市,0.0,2020102207,5386,1020,265006
202405020606,8,2,2,トロピカルタウン,牡4,55.0,長浜鴻緒,1:38.8,3/4,10-10,37.9,20.9,5.0,472.0,4.0,[東]伊坂重信,グリーンスウォード,0.0,2020105456,1214,1177,55700
202405020606,9,4,5,ネイチャーセラピー,セ5,58.0,内田博幸,1:39.0,1.1/4,12-12,37.8,111.2,12.0,540.0,14.0,[東]田村康仁,吉田和美,0.0,2019105436,422,1027,138007
202405020606,10,1,1,アイソウザスター,牝6,56.0,吉田豊,1:39.2,1.1/4,10-10,38.3,79.5,10.0,492.0,0.0,[東]小笠倫弘,吉岡泰治,0.0,2018103319,733,1076,265005
202405020606,11,6,9,サハラ,牡5,58.0,柴田大知,1:39.7,3,12-12,38.5,135.1,13.0,492.0,-4.0,[東]粕谷昌央,庄司紫紀,0.0,2019101646,1009,1096,738033
202405020606,12,5,7,タイキバルドル,牡4,57.0,原優介,1:39.9,1.1/4,6-6,39.8,28.6,6.0,478.0,0.0,[東]勢司和浩,大樹ファーム,0.0,2020106817,1184,1047,536800
202405020606,13,8,13,アオイコウキ,牡4,58.0,武豊,1:41.6,10,1-1,42.4,2.9,1.0,512.0,-2.0,[東]古賀慎明,新谷幸義,0.0,2020101866,666,1079,443033
202405020607,1,8,15,レッドシュヴェルト,牡4,58.0,モレイラ,1:20.5,,11-12,33.0,2.0,1.0,474.0,4.0,[東]尾関知人,東京ホースレーシング,800.0,2020103517,5509,1103,180800
202405020607,2,2,3,ニシノピウモッソ,牡4,57.0,永野猛蔵,1:20.6,クビ,5-5,33.9,8.8,4.0,456.0,0.0,[東]西田雄一,西山茂行,320.0,2020105492,1188,1187,897009
202405020607,3,7,13,トモジャシーマ,牡4,58.0,横山武史,1:20.6,アタマ,9-9,33.2,4.1,2.0,502.0,-8.0,[東]鈴木伸尋,吉冨朝美,200.0,2020106771,1170,1026,238033
202405020607,4,7,12,テンプーシャオン,牡4,58.0,西村淳也,1:20.8,1.1/2,3-3,34.3,106.7,11.0,434.0,-16.0,[東]和田勇介,村田能光,120.0,2020102767,1171,1165,634033
202405020607,5,3,5,ディバイングレース,牝4,56.0,戸崎圭太,1:20.9,クビ,6-5,34.2,20.5,6.0,434.0,10.0,[東]蛯名正義,キャロットファーム,80.0,2020103410,5386,1191,486800
202405020607,6,6,10,シャイニースイフト,牡4,58.0,吉田豊,1:20.9,ハナ,2-2,34.6,71.8,9.0,440.0,6.0,[東]菊川正達,小林昌志,0.0,2020101184,733,1052,531006
202405020607,7,3,4,フォーカルフラワー,牝4,56.0,鮫島克駿,1:21.5,3.1/2,11-12,34.0,14.4,5.0,452.0,8.0,[東]国枝栄,社台レースホース,0.0,2020102926,1157,399,415800
202405020607,8,6,11,ヴィヴィッシモ,牡4,58.0,武豊,1:21.6,3/4,15-15,33.7,4.9,3.0,458.0,-2.0,[西]松永幹夫,キャロットファーム,0.0,2020102637,666,1092,486800
202405020607,9,1,1,クラックオブドーン,セ4,58.0,北村友一,1:21.8,1.1/4,3-3,35.3,86.9,10.0,472.0,8.0,[西]藤野健太,Ｇ１レーシング,0.0,2020102646,1102,1200,808800
202405020607,10,8,14,アクアマリンブルー,セ6,58.0,菅原明良,1:22.0,1.1/2,6-8,34.8,379.6,13.0,434.0,2.0,[東]戸田博文,青芝商事,0.0,2018104872,1179,1054,831800
202405020607,11,4,7,ロッククリーク,セ4,58.0,三浦皇成,1:22.1,1/2,14-14,34.4,66.5,8.0,490.0,-4.0,[東]栗田徹,サンデーレーシング,0.0,2020103578,1122,1127,226800
202405020607,12,4,6,ストームサージ,セ5,58.0,宮崎北斗,1:22.1,ハナ,11-9,34.8,467.2,14.0,502.0,8.0,[東]松永康利,湯澤久徳,0.0,2019101865,1118,1093,705033
202405020607,13,5,8,トレブランシュ,牝4,56.0,石川裕紀,1:22.2,3/4,1-1,36.5,36.9,7.0,426.0,2.0,[東]稲垣幸雄,ＹＧＧホースクラブ,0.0,2020102298,1150,1167,188800
202405020607,14,2,2,テンカノギジン,牡4,58.0,岩田望来,1:22.8,3.1/2,6-7,35.9,205.6,12.0,470.0,-16.0,[東]手塚貴久,星野壽市,0.0,2020103651,1174,1038,265006
202405020607,15,5,9,プリティーメモリー,牝5,53.0,長浜鴻緒,1:23.4,3.1/2,9-9,36.0,619.6,15.0,410.0,8.0,[東]粕谷昌央,海谷幸司,0.0,2019106290,1214,1096,457002
202405020608,1,1,1,ハギノアルデバラン,牡4,58.0,川田将雅,2:00.0,,8-8-9,33.7,2.2,1.0,508.0,-10.0,[西]鮫島一歩,安岡美津子,1140.0,2020100976,1088,1046,631006
202405020608,2,3,3,リミットバスター,牡4,58.0,オシェア,2:00.0,クビ,6-5-4,34.0,7.8,4.0,508.0,2.0,[西]杉山晴紀,草間庸文,460.0,2020101537,5663,1157,909006
202405020608,3,6,6,グランドカリナン,牡4,58.0,鮫島克駿,2:00.4,2.1/2,2-1-1,34.9,29.8,7.0,456.0,4.0,[東]田島俊明,田畑利彦,290.0,2020106234,1157,1112,464030
202405020608,4,4,4,ピンキープロミス,牡4,58.0,木幡巧也,2:00.6,1.1/4,4-5-6,34.4,90.3,9.0,488.0,26.0,[東]畠山吉宏,ビッグレッドファーム,170.0,2020106475,1162,1048,716800
202405020608,5,8,10,ロードプレイヤー,牡4,58.0,田辺裕信,2:00.7,1/2,10-10-6,34.5,7.3,3.0,452.0,0.0,[東]尾形和幸,ロードホースクラブ,114.0,2020101199,1075,1141,170800
202405020608,6,2,2,レディベル,牝5,56.0,内田博幸,2:00.7,クビ,9-9-10,34.1,151.6,10.0,528.0,-4.0,[東]辻哲英,ヒダカ・ブリーダーズ・ユニオン,0.0,2019106527,422,1182,547800
202405020608,7,8,9,ルクスビッグスター,牡4,58.0,岩田望来,2:00.8,1/2,2-2-2,35.1,12.3,6.0,480.0,6.0,[西]清水久詞,ルクス,0.0,2020104297,1174,1110,397803
202405020608,8,5,5,リリーブライト,牡6,55.0,長浜鴻緒,2:01.0,1.1/2,1-3-4,35.0,90.0,8.0,478.0,2.0,[東]西田雄一,グリーンファーム,0.0,2018104841,1214,1187,148800
202405020608,9,7,7,ソワドリヨン,牝4,56.0,ルメール,2:01.1,3/4,6-5-6,35.0,9.9,5.0,472.0,0.0,[東]古賀慎明,シルクレーシング,0.0,2020102725,5339,1079,506800
202405020608,10,7,8,アヴニールドブリエ,牡4,58.0,戸崎圭太,2:01.3,1.1/4,4-3-3,35.4,3.4,2.0,506.0,-8.0,[東]宮田敬介,シルクレーシング,0.0,2020103803,5386,1175,506800
202405020609,1,6,7,ラケマーダ,牡4,58.0,岩田望来,1:32.5,,4-6,34.0,14.7,6.0,490.0,0.0,[西]千田輝彦,ゴドルフィン,1865.2,2020101784,1174,1120,3060
202405020609,2,2,2,カナテープ,牝5,56.0,モレイラ,1:32.6,1/2,4-3,34.3,2.1,1.0,476.0,10.0,[東]堀宣行,Ｃ．フィプケ,747.2,2019105293,5509,1070,32060
202405020609,3,6,8,ニシノライコウ,牡4,58.0,内田博幸,1:32.8,1.1/2,6-6,34.2,7.0,4.0,492.0,-14.0,[東]古賀慎明,西山茂行,463.6,2020105494,422,1079,897009
202405020609,4,7,9,ココクレーター,牝4,56.0,戸崎圭太,1:32.9,3/4,7-8,34.2,5.7,3.0,432.0,2.0,[東]木村哲也,キャロットファーム,280.0,2020103590,5386,1126,486800
202405020609,5,4,4,ビヨンドザヴァレー,牝4,56.0,松山弘平,1:32.9,クビ,3-3,34.6,5.5,2.0,458.0,-12.0,[西]橋口慎介,社台レースホース,184.0,2020103099,1126,1154,415800
202405020609,6,5,6,ブリュットミレジメ,牡5,58.0,菅原明良,1:33.0,クビ,11-11,34.0,10.6,5.0,508.0,0.0,[西]荒川義之,加藤徹,0.0,2019102106,1179,1095,36006
202405020609,7,8,11,ディープリッチ,牡6,58.0,オシェア,1:33.0,クビ,9-9,34.2,54.1,10.0,536.0,-6.0,[東]小島茂之,宇田豊,0.0,2018105157,5663,1068,39030
202405020609,8,7,10,レッドロワ,セ6,58.0,北村宏司,1:33.1,1/2,11-11,34.1,16.7,7.0,488.0,0.0,[東]木村哲也,東京ホースレーシング,0.0,2018105711,1043,1126,180800
202405020609,9,3,3,スプレモフレイバー,牡4,58.0,田辺裕信,1:33.7,3.1/2,10-9,34.9,47.1,8.0,482.0,2.0,[東]久保田貴,尾田信夫,0.0,2020103328,1075,1067,236033
202405020609,10,5,5,ブラックシールド,牡5,58.0,鮫島克駿,1:33.8,1/2,7-3,35.5,193.8,12.0,454.0,6.0,[西]武幸四郎,吉田勝己,0.0,2019105197,1157,1160,790005
202405020609,11,8,12,シェルビーズアイ,牡5,58.0,西村淳也,1:35.0,7,2-1,37.0,171.6,11.0,478.0,-6.0,[西]武英智,桑田牧場,0.0,2019102531,1171,1161,791800
202405020609,12,1,1,ヴェールランス,牡5,58.0,Ｍ．デム,1:35.1,3/4,1-2,36.9,53.6,9.0,436.0,-10.0,[西]藤岡健一,社台レースホース,0.0,2019104767,5212,1062,415800
202405020610,1,5,9,タマモロック,牡4,55.0,永野猛蔵,1:35.3,,10-9,36.3,10.7,4.0,500.0,0.0,[東]伊藤圭三,タマモ,1873.6,2020104861,1188,1023,515800
202405020610,2,3,6,ドゥラレジリエント,牡4,56.0,鮫島克駿,1:35.3,クビ,12-11,36.0,4.4,2.0,514.0,2.0,[西]牧田和弥,鈴木昭和,749.6,2020102845,1157,1123,305030
202405020610,3,8,15,サルヴァトーレ,牡4,56.0,菅原明良,1:36.0,4,8-9,37.0,3.4,1.0,482.0,0.0,[東]和田正一,ノースヒルズ,464.8,2020100301,1179,1114,788800
202405020610,4,3,5,ジョディーズマロン,牡6,56.0,戸崎圭太,1:36.0,ハナ,12-13,36.6,21.7,8.0,466.0,-8.0,[西]北出成人,ローレルレーシング,280.0,2018101989,5386,1078,32800
202405020610,5,6,11,オメガタキシード,セ4,55.0,横山和生,1:36.4,2.1/2,16-16,36.4,38.5,11.0,448.0,6.0,[西]松永幹夫,原禮子,184.0,2020102988,1140,1092,8803
202405020610,6,4,7,イグザルト,牡5,57.0,柴田善臣,1:36.5,3/4,14-13,37.0,5.2,3.0,502.0,0.0,[東]田中剛,青山洋一,0.0,2019101741,641,1119,15008
202405020610,7,2,4,ゼウスバイオ,牡5,56.0,岩田望来,1:36.8,1.1/2,11-11,37.6,153.4,16.0,526.0,10.0,[西]畑端省吾,バイオ,0.0,2019101964,1174,1188,930800
202405020610,8,7,14,サトノフウジン,セ7,55.0,モレイラ,1:36.8,クビ,5-2,38.5,19.5,7.0,456.0,-4.0,[東]堀宣行,里見治,0.0,2017104743,5509,1070,790031
202405020610,9,1,2,モナルヒ,牡5,55.0,松山弘平,1:37.4,3.1/2,8-8,38.5,71.2,12.0,476.0,14.0,[西]小崎憲,ノースヒルズ,0.0,2019100723,1126,1085,788800
202405020610,10,4,8,カシノブレンド,セ8,54.0,原優介,1:37.5,クビ,15-15,37.8,110.8,14.0,466.0,0.0,[東]蛯名利弘,柏木務,0.0,2016100297,1184,1131,514009
202405020610,11,7,13,イチネンエーグミ,牡5,55.0,オシェア,1:37.6,3/4,3-4,39.1,21.9,9.0,552.0,0.0,[西]茶木太樹,藤本彰,0.0,2019106684,5663,1181,253033
202405020610,12,1,1,スマートアンバー,牝4,55.0,横山武史,1:37.6,ハナ,7-6,38.9,14.0,5.0,476.0,6.0,[西]西園翔太,大川徹,0.0,2020106396,1170,1196,7803
202405020610,13,5,10,ウラカワノキセキ,牝5,55.0,菱田裕二,1:37.9,1.1/2,1-1,39.7,148.6,15.0,458.0,-8.0,[東]田島俊明,ライオンレースホース,0.0,2019103428,1144,1112,542800
202405020610,14,8,16,ラズルダズル,牡7,55.0,北村友一,1:37.9,クビ,2-2,39.6,78.8,13.0,472.0,-6.0,[西]茶木太樹,サンデーレーシング,0.0,2017105602,1102,1181,226800
202405020610,15,6,12,タイセイエピソード,牡5,55.0,西村淳也,1:38.4,3,3-4,39.9,18.4,6.0,480.0,-14.0,[西]杉山晴紀,田中成奉,0.0,2019106390,1171,1157,224007
202405020610,16,2,3,カズプレスト,牡5,57.0,北村宏司,1:38.5,1/2,5-6,39.8,24.5,10.0,532.0,-2.0,[西]高柳大輔,吉田和美,0.0,2019102869,1043,1159,138007
202405020611,1,8,16,ジャンタルマンタル,牡3,57.0,川田将雅,1:32.4,,3-3,33.9,2.9,2.0,492.0,2.0,[西]高野友和,社台レースホース,13386.4,2021107171,1088,1117,415800
202405020611,2,7,14,アスコリピチェーノ,牝3,55.0,ルメール,1:32.8,2.1/2,5-3,34.2,2.9,1.0,480.0,2.0,[東]黒岩陽一,サンデーレーシング,5310.4,2021105354,5339,1133,226800
202405020611,3,3,6,ロジリオン,牡3,57.0,戸崎圭太,1:32.9,クビ,8-6,34.0,28.5,10.0,482.0,-6.0,[東]古賀慎明,久米田正明,3355.2,2021102424,5386,1079,399030
202405020611,4,6,12,ゴンバデカーブース,牡3,57.0,モレイラ,1:32.9,クビ,9-9,33.9,9.7,4.0,466.0,6.0,[東]堀宣行,Ｇ１レーシング,2000.0,2021104825,5509,1070,808800
202405020611,5,2,4,イフェイオン,牝3,55.0,西村淳也,1:33.2,1.3/4,6-6,34.4,148.0,13.0,480.0,8.0,[西]杉山佳明,社台レースホース,1300.0,2021104955,1171,1178,415800
202405020611,6,4,7,チャンネルトンネル,牡3,57.0,岩田望来,1:33.3,クビ,11-10,34.2,84.8,12.0,470.0,-6.0,[西]福永祐一,窪田芳郎,0.0,2021106369,1174,1203,208008
202405020611,7,2,3,ディスペランツァ,牡3,57.0,鮫島克駿,1:33.3,ハナ,12-10,34.1,15.2,6.0,518.0,4.0,[西]吉岡辰弥,ターフ・スポート,0.0,2021102920,1157,1176,102800
202405020611,8,5,10,ウォーターリヒト,牡3,57.0,菅原明良,1:33.4,1/2,12-10,34.2,203.3,14.0,458.0,-4.0,[西]河内洋,山岡正人,0.0,2021100953,1179,1072,312006
202405020611,9,8,18,アルセナール,牝3,55.0,横山武史,1:33.4,ハナ,17-17,33.8,15.0,5.0,454.0,2.0,[東]木村哲也,キャロットファーム,0.0,2021105548,1170,1126,486800
202405020611,10,4,8,エンヤラヴフェイス,牡3,57.0,菱田裕二,1:33.4,クビ,6-6,34.6,498.9,18.0,490.0,2.0,[西]森田直行,ＳＴレーシング,0.0,2021101737,1144,1142,874033
202405020611,11,8,17,ユキノロイヤル,牡3,57.0,石橋脩,1:33.5,クビ,15-14,34.1,258.4,17.0,446.0,2.0,[東]小野次郎,井上基之,0.0,2021104326,1077,1125,623005
202405020611,12,1,2,ノーブルロジャー,牡3,57.0,松山弘平,1:33.5,クビ,9-10,34.3,15.8,7.0,482.0,4.0,[西]吉岡辰弥,ノルマンディーサラブレッドレーシング,0.0,2021110148,1126,1176,854800
202405020611,13,1,1,ダノンマッキンリー,牡3,57.0,北村友一,1:33.6,クビ,12-14,34.2,24.2,8.0,474.0,6.0,[西]藤原英昭,ダノックス,0.0,2021105774,1102,1055,619800
202405020611,14,6,11,アレンジャー,牡3,57.0,横山和生,1:33.6,クビ,15-14,34.2,226.0,15.0,460.0,0.0,[西]昆貢,安原浩司,0.0,2021100350,1140,1044,271008
202405020611,15,7,15,マスクオールウィン,牝3,55.0,岩田康誠,1:34.0,2.1/2,2-2,35.7,256.7,16.0,494.0,4.0,[東]牧光二,宮レーシング,0.0,2021105122,5203,1106,768031
202405020611,16,7,13,シュトラウス,牡3,57.0,北村宏司,1:34.0,ハナ,18-18,34.1,27.2,9.0,518.0,-2.0,[東]武井亮,キャロットファーム,0.0,2021105744,1043,1147,486800
202405020611,17,3,5,ボンドガール,牝3,55.0,武豊,1:34.9,5,3-3,36.4,9.2,3.0,452.0,2.0,[東]手塚貴久,藤田晋,0.0,2021107179,666,1038,232031
202405020611,18,5,9,キャプテンシー,牡3,57.0,Ｍ．デム,1:35.7,5,1-1,37.4,54.3,11.0,466.0,-2.0,[西]松永幹夫,サンデーレーシング,0.0,2021105370,5212,1092,226800
202405020612,1,1,1,グランフォーブル,牡4,58.0,吉田豊,1:17.6,,1-1,36.0,8.2,5.0,472.0,4.0,[東]土田稔,飯田訓大,1585.7,2020101303,733,417,661030
202405020612,2,2,4,エコロアレス,牡4,58.0,武豊,1:17.7,3/4,2-2,35.9,5.1,2.0,478.0,8.0,[西]森秀行,原村正紀,630.2,2020110136,666,427,783033
202405020612,3,2,3,サウスジェラート,牝6,56.0,田辺裕信,1:18.0,1.3/4,3-3,36.0,166.6,15.0,480.0,2.0,[東]伊坂重信,谷岡牧場,395.1,2018104022,1075,1177,992800
202405020612,4,3,5,リラックス,牡4,58.0,菅原明良,1:18.0,クビ,7-7,35.4,16.6,8.0,512.0,0.0,[東]久保田貴,中西純穂,230.0,2020103044,1179,1067,1031
202405020612,5,6,11,ミルトハンター,牡4,58.0,岩田康誠,1:18.1,クビ,5-5,35.8,13.2,6.0,478.0,-12.0,[西]中竹和也,永山勝敏,155.0,2020105157,5203,1039,695033
202405020612,6,7,14,アンスリウム,牝4,56.0,横山武史,1:18.4,1.3/4,13-13,35.3,3.1,1.0,484.0,-4.0,[東]加藤征弘,キャロットファーム,0.0,2020102636,1170,1059,486800
202405020612,7,8,15,カンパニョーラ,牝5,56.0,鮫島克駿,1:18.5,クビ,16-16,35.1,7.2,4.0,450.0,4.0,[東]伊坂重信,辻高史,0.0,2019104385,1157,1177,191033
202405020612,8,3,6,ロードオルデン,牡5,58.0,松山弘平,1:18.6,3/4,7-7,36.0,50.9,10.0,480.0,2.0,[西]辻野泰之,ロードホースクラブ,0.0,2019102656,1126,1183,170800
202405020612,9,4,7,ターニングアップ,牡6,58.0,永野猛蔵,1:18.6,クビ,3-3,36.6,70.5,12.0,478.0,2.0,[東]石毛善彦,ミルファーム,0.0,2018101894,1188,428,629800
202405020612,10,5,9,サザンステート,牡5,58.0,石橋脩,1:18.7,クビ,6-5,36.4,18.5,9.0,494.0,-2.0,[東]上原佑紀,窪田芳郎,0.0,2019101185,1077,1192,208008
202405020612,11,7,13,リッキーヤスオカ,牡5,58.0,北村友一,1:18.8,1,10-10,35.9,55.8,11.0,506.0,-4.0,[西]高橋一哉,スリーエイチレーシング,0.0,2019101673,1102,1206,72803
202405020612,12,4,8,マイアミュレット,セ5,58.0,内田博幸,1:19.1,2,10-10,36.2,76.3,13.0,480.0,-2.0,[東]天間昭一,マークス,0.0,2019106730,422,1090,344803
202405020612,13,8,16,カイタロー,牡5,58.0,土田真翔,1:19.3,1.1/4,15-13,36.1,142.6,14.0,474.0,2.0,[東]和田雄二,本田恒雄,0.0,2019103063,1198,1143,816008
202405020612,14,6,12,ヤングワールド,牡4,58.0,三浦皇成,1:19.5,1.1/4,7-7,36.9,15.0,7.0,566.0,0.0,[東]手塚貴久,藤田在子,0.0,2020101230,1122,1038,491030
202405020612,15,5,10,エメラルドビーチ,牡4,58.0,岩田望来,1:20.0,3,10-12,37.0,6.9,3.0,532.0,0.0,[西]大久保龍,ゴドルフィン,0.0,2020110055,1174,1058,3060
202405020612,16,1,2,スズノヤマト,セ7,58.0,原優介,1:20.8,5,13-13,37.6,241.7,16.0,454.0,0.0,[東]尾関知人,小紫嘉之,0.0,2017104234,1184,1103,835030
202405020701,1,8,16,エーリアル,牝3,55.0,戸崎圭太,1:38.5,,4-4,36.3,1.7,1.0,498.0,6.0,[東]西田雄一,シルクレーシング,550.0,2021104856,5386,1187,506800
202405020701,2,7,13,ルルフィーユ,牝3,55.0,北村宏司,1:39.0,3,2-3,37.0,10.3,6.0,452.0,-4.0,[東]伊藤大士,的場徹,220.0,2021102894,1043,1109,766007
202405020701,3,7,14,マフィン,牝3,54.0,永野猛蔵,1:39.2,3/4,13-13,36.1,6.7,2.0,406.0,-8.0,[東]大和田成,木部厳生,140.0,2021101219,1188,1124,815033
202405020701,4,1,2,カレンタクト,牝3,55.0,三浦皇成,1:39.3,1/2,8-7,36.7,36.6,7.0,496.0,0.0,[東]田村康仁,湊義明,83.0,2021104128,1122,1027,793030
202405020701,5,4,7,セージグリーン,牝3,55.0,内田博幸,1:39.3,アタマ,10-10,36.4,9.3,4.0,474.0,-2.0,[東]菊川正達,吉田千津,55.0,2021104850,422,1052,310007
202405020701,6,2,4,ヘルミーネ,牝3,55.0,松山弘平,1:39.3,アタマ,4-4,37.0,10.3,5.0,488.0,0.0,[東]和田正一,サンデーレーシング,0.0,2021105437,1126,1114,226800
202405020701,7,3,5,ケープアグラス,牝3,55.0,オシェア,1:39.4,クビ,1-1,37.5,59.8,9.0,472.0,10.0,[東]金成貴史,友駿ホースクラブ,0.0,2021100382,5663,1132,321800
202405020701,8,8,15,キョウエイフロイデ,牝3,55.0,大野拓弥,1:39.4,アタマ,13-13,36.3,230.5,12.0,474.0,-4.0,[東]中川公成,田中晴夫,0.0,2021101053,1096,1081,619002
202405020701,9,5,9,グランソシエ,牝3,55.0,吉田豊,1:39.6,1,7-7,37.1,7.5,3.0,444.0,0.0,[東]田中剛,中島真美,0.0,2021105034,733,1119,306030
202405020701,10,6,12,メタシアター,牝3,55.0,野中悠太,1:40.2,4,2-2,38.3,326.8,13.0,488.0,4.0,[東]斎藤誠,小田吉男,0.0,2021101063,1158,1086,268008
202405020701,11,4,8,ファインデイ,牝3,55.0,木幡巧也,1:40.2,ハナ,8-7,37.6,662.3,16.0,448.0,2.0,[東]上原博之,石田勇,0.0,2021101392,1162,423,724031
202405020701,12,6,11,ステラカフェ,牝3,55.0,横山和生,1:40.3,1/2,10-10,37.4,55.0,8.0,502.0,0.0,[東]嘉藤貴行,西川光一,0.0,2021102839,1140,1195,629007
202405020701,13,1,1,ヴァリアービレ,牝3,55.0,鮫島克駿,1:40.5,1,12-12,37.5,148.5,10.0,488.0,0.0,[東]池上昌和,Ｇ１レーシング,0.0,2021104877,1157,1150,808800
202405020701,14,5,10,アルスカー,牝3,55.0,江田照男,1:40.7,1.1/2,6-6,38.3,661.1,15.0,514.0,2.0,[東]中川公成,ミルファーム,0.0,2021103334,689,1081,629800
202405020701,15,2,3,ラフォンテーヌ,牝3,52.0,長浜鴻緒,1:40.9,1.1/4,16-16,35.8,149.6,11.0,474.0,0.0,[西]奥村豊,ターフ・スポート,0.0,2021102880,1214,1146,102800
202405020701,16,3,6,ノーブルレイン,牝3,55.0,柴田大知,1:43.1,大,13-15,39.7,629.9,14.0,452.0,4.0,[東]粕谷昌央,吉木伸彦,0.0,2021109077,1009,1096,755030
202405020702,1,6,11,ニューバラード,牡3,57.0,オシェア,2:15.0,,6-6-5-5,38.2,1.7,1.0,506.0,-8.0,[東]尾関知人,シルクレーシング,550.0,2021105692,5663,1103,506800
202405020702,2,6,10,サノノゴールド,牡3,57.0,田辺裕信,2:15.2,3/4,11-8-9-9,38.0,7.5,3.0,500.0,-6.0,[東]栗田徹,佐野信幸,220.0,2021102067,1075,1127,735033
202405020702,3,5,9,ツインクルステージ,牝3,55.0,菅原明良,2:15.4,1.1/4,2-2-2-2,38.9,15.0,6.0,500.0,-4.0,[東]高木登,山田弘,140.0,2021103512,1179,1088,518002
202405020702,4,2,3,イデアイゴッソウ,牡3,57.0,原田和真,2:15.5,3/4,9-8-9-13,37.8,52.0,10.0,464.0,0.0,[東]松永康利,益田修一,83.0,2021103096,1143,1093,949030
202405020702,5,8,14,キッドストン,牡3,57.0,鮫島克駿,2:15.6,1,3-3-2-3,39.0,17.6,7.0,516.0,-4.0,[東]小笠倫弘,社台レースホース,55.0,2021105146,1157,1076,415800
202405020702,6,5,8,シグムンド,牡3,57.0,柴田大知,2:15.7,アタマ,8-8-7-7,38.8,9.5,4.0,492.0,0.0,[東]岩戸孝樹,田頭勇貴,0.0,2021106353,1009,1051,855030
202405020702,7,2,2,プラチナバンド,牡3,57.0,大野拓弥,2:15.7,クビ,6-4-5-5,38.9,9.5,5.0,508.0,0.0,[東]新開幸一,明栄商事,0.0,2021100045,1096,1116,40803
202405020702,8,3,5,ユアグローリー,牡3,57.0,北村宏司,2:15.9,1.1/4,4-4-4-3,39.2,50.0,9.0,504.0,2.0,[東]中舘英二,Ｇ１レーシング,0.0,2021104794,1043,1153,808800
202405020702,9,4,6,サトノギフテッド,牡3,57.0,モレイラ,2:16.2,2,5-6-7-7,39.2,7.4,2.0,528.0,-4.0,[西]池江泰寿,里見治,0.0,2021105408,5509,1071,790031
202405020702,10,3,4,アクセルホーリー,牡3,57.0,木幡巧也,2:16.3,アタマ,1-1-1-1,39.8,170.6,11.0,478.0,-4.0,[東]松山将樹,吉岡泰治,0.0,2021103705,1162,1100,265005
202405020702,11,8,15,アラブル,牡3,57.0,津村明秀,2:16.7,2.1/2,9-11-11-10,39.2,41.9,8.0,494.0,-4.0,[東]武市康男,本田恒雄,0.0,2021100950,1092,1089,816008
202405020702,12,4,7,ユキノロンシャン,セ3,57.0,柴田善臣,2:16.8,1/2,11-11-12-13,39.1,462.6,15.0,456.0,-2.0,[東]石毛善彦,井上基之,0.0,2021104528,641,428,623005
202405020702,13,7,13,クラート,牡3,57.0,江田照男,2:17.0,3/4,15-15-14-11,39.4,230.3,13.0,434.0,6.0,[東]村田一誠,ミルファーム,0.0,2021107156,689,1190,629800
202405020702,14,7,12,ワカミヤノミコト,牡3,57.0,野中悠太,2:17.6,3.1/2,13-13-12-11,40.0,186.9,12.0,472.0,0.0,[東]稲垣幸雄,芳川貴行,0.0,2021101030,1158,1167,253030
202405020702,15,1,1,フォーゲルヴァイデ,牡3,57.0,内田博幸,2:20.5,大,14-14-14-15,42.3,255.3,14.0,486.0,4.0,[東]深山雅史,ミルファーム,0.0,2021104488,422,1174,629800
202405020703,1,1,2,シベリアンポラリス,牡3,57.0,松岡正海,1:25.8,,4-3,38.1,42.4,10.0,546.0,6.0,[東]蛯名正義,藤田在子,550.0,2021101056,1085,1191,491030
202405020703,2,8,15,ユイノコミチ,牡3,57.0,横山和生,1:25.8,アタマ,6-6,37.7,1.6,1.0,488.0,-2.0,[東]竹内正洋,由井健太郎,220.0,2021101459,1140,1152,44803
202405020703,3,6,12,シーニックビュー,牡3,57.0,横山武史,1:26.4,3.1/2,4-6,38.4,14.9,5.0,512.0,6.0,[東]加藤征弘,社台レースホース,140.0,2021105229,1170,1059,415800
202405020703,4,2,3,ラッキーヤース,牡3,57.0,津村明秀,1:26.6,1,6-6,38.5,62.5,12.0,476.0,2.0,[東]鈴木伸尋,山崎泰博,83.0,2021101081,1092,1026,303030
202405020703,5,3,5,トモジャシャトー,牡3,54.0,長浜鴻緒,1:26.7,3/4,10-10,38.1,16.1,7.0,478.0,0.0,[東]小笠倫弘,吉冨学,55.0,2021101041,1214,1076,905033
202405020703,6,3,6,クーリッジテソーロ,牡3,57.0,戸崎圭太,1:26.8,1/2,1-1,39.5,11.2,3.0,460.0,0.0,[東]栗田徹,了徳寺健二ホールディングス,0.0,2021101617,5386,1127,89803
202405020703,7,1,1,エイブラムス,牡3,57.0,三浦皇成,1:26.8,クビ,6-4,38.9,6.5,2.0,462.0,2.0,[東]鈴木慎太,ノルマンディーサラブレッドレーシング,0.0,2021100260,1122,1179,854800
202405020703,8,7,14,カリブフレイバー,牡3,57.0,田辺裕信,1:26.9,クビ,9-9,38.6,39.3,9.0,516.0,-2.0,[東]久保田貴,尾田信夫,0.0,2021100586,1075,1067,236033
202405020703,9,5,9,キングプロフィット,牡3,57.0,吉田豊,1:26.9,クビ,15-14,37.4,91.8,13.0,468.0,6.0,[東]新開幸一,飯島利彦,0.0,2021107012,733,1116,945031
202405020703,10,5,10,イロンデル,牡3,57.0,鮫島克駿,1:27.0,アタマ,11-10,38.4,111.4,14.0,478.0,0.0,[東]小手川準,中辻明,0.0,2021101956,1157,1171,646030
202405020703,11,7,13,ダンガリー,牡3,57.0,北村宏司,1:27.1,1/2,13-13,37.9,406.3,15.0,460.0,2.0,[東]和田雄二,栗坂崇,0.0,2021103489,1043,1143,290006
202405020703,12,8,16,キョウエイブラーボ,牡3,57.0,伊藤工真,1:27.4,2,11-12,38.6,43.2,11.0,468.0,8.0,[東]伊坂重信,田中晴夫,0.0,2021103362,1119,1177,619002
202405020703,13,6,11,ブラボーキングダム,牡3,57.0,江田照男,1:27.4,クビ,2-2,40.0,12.2,4.0,480.0,-2.0,[東]村田一誠,エースレーシング,0.0,2021101403,689,1190,965031
202405020703,14,4,7,ヘヴィリピーテッド,牡3,57.0,菅原明良,1:27.6,3/4,3-4,39.8,15.9,6.0,490.0,6.0,[東]小島茂之,丸山担,0.0,2021104990,1179,1068,922030
202405020703,15,2,4,モナコブル,牡3,57.0,オシェア,1:28.7,7,15-16,38.7,31.6,8.0,456.0,4.0,[東]岩戸孝樹,千明牧場,0.0,2021109096,5663,1051,75800
202405020703,16,4,8,サンマルファンキー,牡3,57.0,大野拓弥,1:28.7,クビ,13-15,38.9,761.0,16.0,450.0,6.0,[東]佐藤吉勝,相馬勇,0.0,2021102695,1096,1035,580007
202405020704,1,8,15,トライデントスピア,牡3,57.0,ルメール,2:01.5,,11-7-4,33.9,4.3,3.0,520.0,10.0,[東]田中博康,キャロットファーム,550.0,2021105389,5339,1162,486800
202405020704,2,8,16,ワーキングアセット,牡3,57.0,川田将雅,2:01.8,1.3/4,7-2-2,34.4,2.7,1.0,472.0,-10.0,[西]吉村圭司,サンデーレーシング,220.0,2021104936,1088,1130,226800
202405020704,3,6,12,イージーブリージー,牝3,55.0,戸崎圭太,2:01.8,クビ,3-4-4,34.2,4.4,4.0,432.0,2.0,[東]伊坂重信,吉田千津,140.0,2021105035,5386,1177,310007
202405020704,4,4,7,レッドライトニング,牡3,57.0,モレイラ,2:02.2,2.1/2,5-6-7,34.4,4.1,2.0,466.0,0.0,[東]鹿戸雄一,東京ホースレーシング,83.0,2021102200,5509,1097,180800
202405020704,5,8,17,キャルベイクルーズ,牡3,57.0,柴田善臣,2:02.2,アタマ,13-10-7,34.4,128.0,10.0,410.0,-8.0,[東]鹿戸雄一,里見治紀,55.0,2021104154,641,1097,658033
202405020704,6,5,9,ユウキヒャクバイ,牡3,57.0,大野拓弥,2:02.2,アタマ,1-1-1,35.1,266.0,14.0,498.0,2.0,[東]加藤和宏,新熊一生,0.0,2021101644,1096,1077,363803
202405020704,7,3,6,ワイドマルガリータ,牝3,55.0,田辺裕信,2:02.5,1.1/2,11-12-13,34.2,35.3,7.0,464.0,2.0,[西]西園正都,幅田昌伸,0.0,2021104926,1075,1028,331007
202405020704,8,1,1,エウロス,牡3,57.0,江田照男,2:02.5,クビ,6-7-9,34.6,199.5,13.0,434.0,-2.0,[東]奥平雅士,ミルファーム,0.0,2021100825,689,1074,629800
202405020704,9,7,13,クリノモルガナイト,牡3,57.0,菅原明良,2:02.6,クビ,2-2-2,35.3,33.4,6.0,466.0,-2.0,[東]本間忍,栗本博晴,0.0,2021106436,1179,1056,970006
202405020704,10,1,2,ロジミザイ,牝3,55.0,北村宏司,2:02.6,クビ,4-4-4,35.0,103.1,9.0,440.0,4.0,[東]宮田敬介,久米田正明,0.0,2021101756,1043,1175,399030
202405020704,11,4,8,ヤルダバオト,牡3,57.0,三浦皇成,2:02.7,クビ,13-15-14,34.3,83.9,8.0,422.0,4.0,[東]蛯名利弘,ビッグレッドファーム,0.0,2021106802,1122,1131,716800
202405020704,12,7,14,ファーストメイト,牡3,57.0,石川裕紀,2:02.7,クビ,7-9-10,34.6,287.8,15.0,472.0,-4.0,[東]金成貴史,ビッグレッドファーム,0.0,2021106798,1150,1132,716800
202405020704,13,2,4,ポーラーシュテルン,牝3,55.0,オシェア,2:02.8,クビ,7-10-10,34.7,148.9,12.0,484.0,8.0,[東]青木孝文,サラブレッドクラブ・ラフィアン,0.0,2021106822,5663,1156,546800
202405020704,14,2,3,スターシャワー,牝3,55.0,内田博幸,2:02.8,クビ,13-15-16,34.3,14.4,5.0,482.0,6.0,[東]古賀慎明,堂守貴志,0.0,2021102890,422,1079,425030
202405020704,15,6,11,レッドフェルマータ,セ3,57.0,野中悠太,2:03.7,5,16-12-10,35.6,130.2,11.0,464.0,0.0,[東]宮田敬介,東京ホースレーシング,0.0,2021102414,1158,1175,180800
202405020704,16,5,10,コスモバタール,牝3,52.0,長浜鴻緒,2:04.0,1.3/4,10-12-14,35.6,341.8,16.0,456.0,-4.0,[東]奥村武,ビッグレッドファーム,0.0,2021106803,1214,1145,716800
202405020704,17,3,5,マイバンドーム,牡3,56.0,永野猛蔵,2:04.1,1/2,17-17-17,35.3,708.1,17.0,468.0,0.0,[東]天間昭一,宮内牧場,0.0,2021103304,1188,1090,916800
202405020705,1,2,4,ミッドナイトラスタ,牝3,55.0,横山武史,1:21.1,,3-4,34.0,5.2,3.0,482.0,-6.0,[東]加藤征弘,ゴドルフィン,550.0,2021110041,1170,1059,3060
202405020705,2,7,14,ソルレース,牝3,55.0,津村明秀,1:21.1,1/2,1-1,34.4,2.7,1.0,462.0,0.0,[東]田中博康,ゴドルフィン,220.0,2021101677,1092,1162,3060
202405020705,3,2,3,ハニーコム,牝3,55.0,石川裕紀,1:21.6,3,6-7,34.3,3.3,2.0,430.0,4.0,[東]蛯名正義,ビッグレッドファーム,140.0,2021100789,1150,1191,716800
202405020705,4,7,15,ジャンバラヤ,牡3,57.0,田辺裕信,1:22.0,2.1/2,7-7,34.7,10.7,5.0,424.0,2.0,[東]中舘英二,畑佐博,83.0,2021100559,1075,1153,78006
202405020705,5,7,13,タイプフェイス,牝3,55.0,大野拓弥,1:22.0,クビ,11-11,34.4,244.1,15.0,432.0,-10.0,[東]小手川準,社台レースホース,55.0,2021105091,1096,1171,415800
202405020705,6,5,10,エオナス,牝3,55.0,横山和生,1:22.2,1.1/4,16-17,33.7,227.6,14.0,400.0,-6.0,[東]嘉藤貴行,吉田千津,0.0,2021105200,1140,1195,310007
202405020705,7,4,8,ムチャスグラシアス,牝3,55.0,戸崎圭太,1:22.4,1.1/4,4-5,35.2,12.5,6.0,436.0,2.0,[東]菊川正達,ウエスト．フォレスト．ステイブル,0.0,2021104217,5386,1052,368803
202405020705,8,3,5,ベルウッドボヌール,牡3,57.0,木幡巧也,1:22.4,クビ,10-9,34.9,9.5,4.0,464.0,-2.0,[東]本間忍,鈴木照雄,0.0,2021106921,1162,1056,137030
202405020705,9,6,12,ユーライナー,牝3,55.0,吉田豊,1:22.5,アタマ,15-14,34.3,163.2,12.0,424.0,-2.0,[東]高橋文雅,北浦博樹,0.0,2021107000,733,1134,707033
202405020705,10,8,17,ティファニジェンヌ,牝3,55.0,鮫島克駿,1:22.5,クビ,2-2,35.7,104.9,11.0,454.0,4.0,[東]和田勇介,吉田智,0.0,2021103261,1157,1165,805033
202405020705,11,1,2,ニシノリピート,牝3,55.0,柴田善臣,1:22.6,アタマ,12-12,34.9,97.9,10.0,454.0,4.0,[東]小島茂之,西山茂行,0.0,2021100402,641,1068,897009
202405020705,12,4,7,ディーファンクス,牡3,57.0,江田照男,1:22.7,3/4,7-9,35.2,181.7,13.0,480.0,6.0,[東]佐藤吉勝,松谷翔太,0.0,2021100501,689,1035,849033
202405020705,13,5,9,シアワセレシピ,牝3,54.0,永野猛蔵,1:22.7,クビ,18-18,33.8,463.6,18.0,398.0,10.0,[東]粕谷昌央,池田草龍,0.0,2021106140,1188,1096,204033
202405020705,14,3,6,ネオバラード,牝3,55.0,菅原明良,1:22.8,1/2,13-14,34.6,36.9,7.0,460.0,0.0,[東]中川公成,多田賢司,0.0,2021101865,1179,1081,281033
202405020705,15,1,1,デフィニトリー,牝3,55.0,北村友一,1:22.8,クビ,16-14,34.6,60.0,9.0,454.0,12.0,[東]堀内岳志,ライオンレースホース,0.0,2021106360,1102,1189,542800
202405020705,16,8,18,アストロラヴ,牝3,55.0,三浦皇成,1:23.1,1.3/4,7-2,36.2,37.6,8.0,442.0,-4.0,[東]村田一誠,佐上峻作,0.0,2021104293,1122,1190,720031
202405020705,17,8,16,アストリット,牝3,55.0,野中悠太,1:23.2,1/2,13-13,35.4,379.7,16.0,448.0,-8.0,[東]蛯名利弘,上田忠男,0.0,2021100353,1158,1131,775002
202405020705,18,6,11,アーコレード,牝3,52.0,長浜鴻緒,1:23.4,1.1/2,4-5,36.2,445.1,17.0,446.0,2.0,[東]田村康仁,飯田正剛,0.0,2021104091,1214,1027,994002
202405020706,1,5,10,スタンリーテソーロ,牡3,57.0,菅原明良,1:36.3,,2-2,36.4,107.1,10.0,424.0,4.0,[東]稲垣幸雄,了徳寺健二ホールディングス,780.0,2021102275,1179,1167,89803
202405020706,2,3,5,アデランテ,牡3,57.0,内田博幸,1:36.5,1.1/4,1-1,36.9,10.0,4.0,498.0,0.0,[東]菊川正達,岡田牧雄,310.0,2021103525,422,1052,851009
202405020706,3,6,12,コーカサスゴールド,牡3,57.0,吉田豊,1:36.7,1.1/4,15-14,35.2,8.5,3.0,564.0,4.0,[東]加藤和宏,ゴールドレーシング,200.0,2021102676,733,1077,385800
202405020706,4,5,9,スプレーフォール,牡3,57.0,石川裕紀,1:37.1,2.1/2,11-10,36.1,19.5,5.0,450.0,4.0,[東]相沢郁,畑佐博,120.0,2021107266,1150,1020,78006
202405020706,5,4,7,キャピタルサックス,牡3,57.0,モレイラ,1:37.1,ハナ,4-3,36.9,4.3,2.0,498.0,-2.0,[西]杉山晴紀,草間庸文,78.0,2021106706,5509,1157,909006
202405020706,6,8,16,クラウンシエンタ,牡3,57.0,オシェア,1:37.1,アタマ,6-3,36.8,22.3,6.0,488.0,6.0,[東]水野貴広,矢野恭裕,0.0,2021101253,5663,1094,43033
202405020706,7,1,2,アンクエンチャブル,牡3,57.0,ルメール,1:37.5,2.1/2,10-9,36.7,1.6,1.0,516.0,-4.0,[東]高柳瑞樹,ゴドルフィン,0.0,2021101660,5339,1118,3060
202405020706,8,3,6,マコタイガ,牡3,57.0,津村明秀,1:37.5,ハナ,8-7,36.9,193.1,13.0,506.0,4.0,[東]小野次郎,矢野琢也,0.0,2021101356,1092,1125,903031
202405020706,9,4,8,オープンワンセルフ,牡3,57.0,鮫島克駿,1:37.6,クビ,8-7,37.0,47.7,8.0,490.0,-2.0,[西]小栗実,岩崎伸道,0.0,2021105967,1157,1194,482007
202405020706,10,1,1,テンクウジョー,牡3,57.0,横山和生,1:37.6,ハナ,16-16,35.8,75.8,9.0,472.0,4.0,[東]小西一男,河内孝夫,0.0,2021104464,1140,405,321004
202405020706,11,2,3,ニシノアウェイク,牡3,56.0,永野猛蔵,1:37.7,1,13-12,36.6,283.4,15.0,466.0,0.0,[東]伊藤圭三,西山茂行,0.0,2021107089,1188,1023,897009
202405020706,12,7,13,ローズパンラズナ,牝3,55.0,三浦皇成,1:38.1,2.1/2,13-13,36.9,39.0,7.0,432.0,-2.0,[東]鹿戸雄一,佐上峻作,0.0,2021101407,1122,1097,720031
202405020706,13,8,15,キタノライジン,牡3,57.0,田辺裕信,1:38.3,1.1/4,2-3,38.1,150.6,11.0,488.0,0.0,[東]尾関知人,北所直人,0.0,2021104561,1075,1103,163002
202405020706,14,6,11,エフエイト,牡3,57.0,松山弘平,1:38.4,3/4,11-14,37.0,171.4,12.0,430.0,-2.0,[西]北出成人,野村一雄,0.0,2021109016,1126,1078,659031
202405020706,15,2,4,フィリップ,牡3,57.0,柴田大知,1:38.5,クビ,4-3,38.3,229.1,14.0,484.0,-2.0,[東]岩戸孝樹,ビッグレッドファーム,0.0,2021102797,1009,1051,716800
202405020706,16,7,14,カミノカガヤキ,牝3,52.0,長浜鴻緒,1:41.8,大,7-10,40.8,544.6,16.0,458.0,-2.0,[東]南田美知,村上正喜,0.0,2021109068,1214,437,913008
202405020707,1,6,8,ナックダンス,牝4,56.0,松山弘平,1:37.3,,1-1,37.5,6.5,3.0,502.0,6.0,[東]杉浦宏昭,小松欣也,800.0,2020106024,1126,1008,931033
202405020707,2,1,1,アルヴィエンヌ,牝4,56.0,ルメール,1:38.0,4,5-4,37.7,4.4,2.0,472.0,-2.0,[東]林徹,橋口,320.0,2020103225,5339,1163,33803
202405020707,3,3,3,シルヴァティカ,牝4,56.0,北村宏司,1:38.2,1,11-11,37.0,10.8,6.0,458.0,0.0,[東]古賀慎明,グリーンファーム,200.0,2020103046,1043,1079,148800
202405020707,4,5,6,フォンメイリー,牝5,55.0,永野猛蔵,1:38.2,ハナ,5-4,37.9,127.3,11.0,482.0,8.0,[東]粕谷昌央,ノルマンディーサラブレッドレーシング,120.0,2019105287,1188,1096,854800
202405020707,5,4,4,トゥピ,牝4,56.0,大野拓弥,1:38.2,ハナ,11-11,37.0,63.4,8.0,466.0,-4.0,[東]田村康仁,ディアレストクラブ,40.0,2020106776,1096,1027,13803
202405020707,5,5,5,マーゴットミニモ,牝4,56.0,横山和生,1:38.2,同着,2-2,38.2,10.4,5.0,490.0,6.0,[東]伊坂重信,前田良平,40.0,2020100655,1140,1177,900031
202405020707,7,7,10,カリカ,牝5,56.0,吉田豊,1:38.2,ハナ,10-10,37.2,7.4,4.0,492.0,4.0,[東]小西一男,平岡茂樹,0.0,2019105580,733,405,149007
202405020707,8,8,12,マンマリアーレ,牝4,56.0,三浦皇成,1:38.4,1.1/4,9-9,37.7,2.1,1.0,468.0,0.0,[東]高木登,ディアレストクラブ,0.0,2020100761,1122,1088,13803
202405020707,9,7,9,シウン,牝5,53.0,長浜鴻緒,1:38.6,1.1/4,8-8,38.0,107.6,10.0,474.0,-10.0,[東]矢野英一,Ｇリビエール・レーシング,0.0,2019105420,1214,1108,98803
202405020707,10,6,7,ラズライト,牝5,56.0,木幡巧也,1:39.2,3.1/2,2-2,39.1,74.2,9.0,440.0,-2.0,[東]松山将樹,スリースターズレーシング,0.0,2019103122,1162,1100,22700
202405020707,11,8,11,キタノチェロキー,牝4,56.0,江田照男,1:39.2,クビ,7-6,38.7,23.8,7.0,472.0,14.0,[東]粕谷昌央,北所直人,0.0,2020105498,689,1096,163002
202405020707,12,2,2,クインズミント,牝6,56.0,野中悠太,1:45.1,大,4-6,44.7,368.0,12.0,466.0,0.0,[東]佐藤吉勝,山邉浩,0.0,2018101982,1158,1035,522030
202405020708,1,3,3,ベルウッドグラス,牡4,58.0,木幡巧也,2:12.9,,2-3-2-2,38.8,7.1,4.0,488.0,6.0,[東]牧光二,鈴木照雄,800.0,2020104945,1162,1106,137030
202405020708,2,4,4,クロックフォード,セ4,58.0,菅原明良,2:13.0,1/2,8-8-9-9,36.8,13.6,5.0,496.0,0.0,[東]田島俊明,社台レースホース,320.0,2020102805,1179,1112,415800
202405020708,3,7,8,サトノバトラー,セ6,58.0,モレイラ,2:13.1,3/4,4-4-5-5,37.6,2.6,2.0,500.0,-6.0,[東]堀宣行,里見治,200.0,2018105256,5509,1070,790031
202405020708,4,5,5,イデアユウシン,牡4,58.0,横山武史,2:13.4,1.3/4,1-1-1-1,39.4,2.6,1.0,548.0,2.0,[東]松永康利,益田修一,120.0,2020106549,1170,1093,949030
202405020708,5,7,9,エミサソウツバサ,牡5,58.0,川又賢治,2:14.0,3.1/2,2-2-3-3,39.0,30.9,6.0,508.0,-8.0,[西]杉山佳明,亀岡和彦,80.0,2019104882,1166,1178,192031
202405020708,6,2,2,ウインクリエ,牡4,58.0,松山弘平,2:14.3,2,5-4-5-6,38.6,158.8,10.0,470.0,-4.0,[東]小手川準,ウイン,0.0,2020100178,1126,1171,494800
202405020708,7,8,10,サーティファイド,牡5,58.0,川田将雅,2:14.7,2.1/2,5-6-7-7,38.8,5.0,3.0,478.0,-2.0,[西]鮫島一歩,安原浩司,0.0,2019105857,1088,1046,271008
202405020708,8,6,7,リネンマンボ,牡4,58.0,柴田大知,2:14.7,ハナ,7-6-7-7,38.8,195.4,11.0,464.0,-6.0,[東]粕谷昌央,戸山光男,0.0,2020101457,1009,1096,851005
202405020708,9,6,6,タマモエイトビート,牡5,58.0,江田照男,2:15.3,3.1/2,10-8-4-4,40.2,41.5,7.0,518.0,10.0,[東]村田一誠,タマモ,0.0,2019106954,689,1190,515800
202405020708,10,8,11,キングレガリア,セ5,55.0,長浜鴻緒,2:15.3,クビ,8-8-11-11,38.6,157.8,9.0,514.0,-8.0,[西]藤野健太,ノルマンディーサラブレッドレーシング,0.0,2019104822,1214,1200,854800
202405020708,11,1,1,サロンドブラック,牡4,58.0,三浦皇成,2:15.9,3.1/2,11-11-9-9,39.6,47.0,8.0,498.0,-12.0,[東]竹内正洋,辻子依旦,0.0,2020102333,1122,1152,484031
202405020709,1,6,8,ウインエーデル,牝4,56.0,モレイラ,1:46.0,,6-5-5,33.7,5.3,3.0,450.0,6.0,[西]吉田直弘,ウイン,1575.9,2020107030,5509,1101,494800
202405020709,2,2,2,ロジシルバー,牝4,56.0,北村宏司,1:46.1,3/4,3-3-3,34.0,13.9,4.0,492.0,0.0,[東]宮田敬介,久米田正明,627.4,2020109027,1043,1175,399030
202405020709,3,7,9,ビターグラッセ,牝4,56.0,横山武史,1:46.1,ハナ,6-10-9,33.4,42.7,11.0,506.0,4.0,[東]栗田徹,山口功一郎,393.7,2020103228,1170,1127,849030
202405020709,4,5,6,ハイエスティーム,牝5,56.0,田辺裕信,1:46.2,1/2,1-1-1,34.3,24.2,8.0,450.0,2.0,[東]金成貴史,社台レースホース,230.0,2019104750,1075,1132,415800
202405020709,5,6,7,ソバナ,牝5,56.0,横山和生,1:46.3,クビ,2-2-2,34.3,17.3,5.0,468.0,0.0,[東]斎藤誠,原禮子,77.5,2019104687,1140,1086,8803
202405020709,5,8,12,イトカワサクラ,牝4,56.0,鮫島克駿,1:46.3,同着,9-11-11,33.4,20.1,6.0,448.0,-2.0,[西]牧田和弥,二口雅一,77.5,2020100446,1157,1123,952033
202405020709,7,7,10,アンリーロード,牝4,56.0,戸崎圭太,1:46.3,アタマ,5-7-6,33.9,2.7,1.0,476.0,4.0,[西]茶木太樹,三木正浩,0.0,2020103304,5386,1181,195031
202405020709,8,8,11,ニシノコウフク,牝4,56.0,永野猛蔵,1:46.4,1/2,10-11-11,33.5,36.5,10.0,470.0,6.0,[東]伊藤大士,西山茂行,0.0,2020105496,1188,1109,897009
202405020709,9,3,3,ルージュカルミア,牝5,56.0,ルメール,1:46.6,1.1/2,12-8-8,34.1,2.8,2.0,410.0,-4.0,[東]木村哲也,東京ホースレーシング,0.0,2019105305,5339,1126,180800
202405020709,10,4,4,コスモシャングリラ,牝4,56.0,オシェア,1:46.7,1/2,10-8-9,34.0,33.8,9.0,440.0,-4.0,[東]水野貴広,ビッグレッドファーム,0.0,2020103562,5663,1094,716800
202405020709,11,5,5,ウィズグレイス,牝5,56.0,松山弘平,1:46.9,1.1/4,4-3-3,34.8,23.6,7.0,470.0,4.0,[東]国枝栄,社台レースホース,0.0,2019104705,1126,399,415800
202405020709,12,1,1,オメガオリーブ,牝5,56.0,菅原明良,1:46.9,クビ,6-5-6,34.5,180.2,12.0,406.0,2.0,[東]大和田成,原禮子,0.0,2019105795,1179,1124,8803
202405020710,1,8,9,マキシ,牡4,58.0,川田将雅,2:25.9,,4-4-3-3,33.3,4.6,3.0,500.0,-12.0,[西]辻野泰之,大島昌也,1863.1,2020103666,1088,1183,465030
202405020710,2,1,1,ワイドエンペラー,牡6,58.0,ルメール,2:25.9,クビ,3-3-3-3,33.4,5.9,4.0,504.0,0.0,[西]藤岡健一,幅田昌伸,746.6,2018101660,5339,1062,331007
202405020710,3,2,2,コスモフリーゲン,牡4,58.0,横山武史,2:26.1,1.1/4,1-1-1-1,33.9,4.2,2.0,496.0,-2.0,[東]畠山吉宏,ビッグレッドファーム,463.3,2020105773,1170,1048,716800
202405020710,4,8,10,ハーツコンチェルト,牡4,58.0,モレイラ,2:26.2,3/4,7-7-7-7,33.2,2.0,1.0,502.0,0.0,[東]武井亮,グリーンファーム,280.0,2020105681,5509,1147,148800
202405020710,5,4,4,ビューティーウェイ,牝6,56.0,北村友一,2:26.3,クビ,7-7-7-8,33.1,100.1,10.0,442.0,0.0,[西]西園翔太,大塚亮一,184.0,2018105115,1102,1196,858800
202405020710,6,3,3,ヤマニンエンディマ,牡4,58.0,大野拓弥,2:26.4,1/2,2-2-2-2,34.1,44.5,7.0,500.0,0.0,[東]辻哲英,土井肇,0.0,2020105603,1096,1182,329004
202405020710,7,7,7,ナイトインロンドン,牡4,58.0,田辺裕信,2:26.4,ハナ,10-10-9-9,33.0,21.2,5.0,478.0,6.0,[東]大竹正博,窪田芳郎,0.0,2020101152,1075,1102,208008
202405020710,8,5,5,ダノングロワール,牡7,58.0,オシェア,2:26.4,クビ,5-5-5-5,33.6,59.8,8.0,496.0,-4.0,[東]国枝栄,ダノックス,0.0,2017105408,5663,399,619800
202405020710,9,6,6,メインクーン,牝4,56.0,津村明秀,2:26.5,クビ,5-5-5-5,33.7,72.3,9.0,434.0,0.0,[東]林徹,Ｇ１レーシング,0.0,2020102762,1092,1163,808800
202405020710,10,7,8,メイテソーロ,牡4,58.0,菅原明良,2:26.9,2.1/2,9-9-9-9,33.5,41.7,6.0,498.0,6.0,[東]武市康男,了徳寺健二ホールディングス,0.0,2020101198,1179,1089,89803
202405020711,1,8,15,ウインマーベル,牡5,58.0,松山弘平,1:19.7,,4-4,33.2,3.7,1.0,480.0,-2.0,[東]深山雅史,ウイン,6006.4,2019100213,1126,1174,494800
202405020711,2,3,4,レッドモンレーヴ,牡5,58.0,横山和生,1:19.7,ハナ,15-15,32.2,4.1,2.0,512.0,0.0,[東]蛯名正義,東京ホースレーシング,2430.4,2019105496,1140,1191,180800
202405020711,3,6,11,スズハローム,牡4,57.0,鮫島克駿,1:20.1,2,7-7,33.3,26.9,8.0,452.0,2.0,[西]牧田和弥,森達郎,1515.2,2020105018,1157,1123,591033
202405020711,4,5,9,ダノンスコーピオン,牡5,58.0,戸崎圭太,1:20.2,3/4,9-9,33.1,18.6,6.0,464.0,2.0,[西]福永祐一,ダノックス,890.0,2019103034,5386,1203,619800
202405020711,5,2,2,リュミエールノワル,牡5,57.0,川田将雅,1:20.2,クビ,2-2,33.9,6.4,4.0,476.0,0.0,[東]上原佑紀,Ｇ１レーシング,590.0,2019104586,1088,1192,808800
202405020711,6,1,1,トウシンマカオ,牡5,57.0,菅原明良,1:20.2,ハナ,5-5,33.6,4.2,3.0,480.0,2.0,[東]高柳瑞樹,サトー,0.0,2019106526,1179,1118,786800
202405020711,7,2,3,ソーヴァリアント,牡6,57.0,モレイラ,1:20.3,クビ,5-5,33.7,8.5,5.0,508.0,4.0,[東]大竹正博,社台レースホース,0.0,2018104662,5509,1102,415800
202405020711,8,7,12,メイショウチタン,牡7,57.0,柴田善臣,1:20.3,ハナ,1-1,34.5,47.6,9.0,468.0,-10.0,[西]本田優,松本好雄,0.0,2017104172,641,1099,523005
202405020711,9,4,7,グランデマーレ,牡7,57.0,津村明秀,1:20.4,1,9-9,33.4,51.1,11.0,502.0,0.0,[西]藤岡健一,キャロットファーム,0.0,2017105097,1092,1062,486800
202405020711,10,7,13,ダディーズビビッド,牡6,57.0,浜中俊,1:20.5,クビ,9-9,33.5,20.0,7.0,500.0,0.0,[西]千田輝彦,田島大史,0.0,2018105610,1115,1120,754030
202405020711,11,8,14,バルサムノート,牡4,57.0,北村友一,1:20.7,1.1/2,12-12,33.4,48.4,10.0,492.0,-2.0,[西]高野友和,吉田勝己,0.0,2020103276,1102,1117,790005
202405020711,12,6,10,ロードマックス,牡6,57.0,吉田豊,1:21.0,1.1/2,12-12,33.7,342.0,15.0,444.0,-6.0,[西]中村直也,ロードホースクラブ,0.0,2018102595,733,1186,170800
202405020711,13,4,6,プルパレイ,セ5,57.0,オシェア,1:21.1,3/4,12-12,33.8,69.3,12.0,490.0,-2.0,[西]須貝尚介,Ｇリビエール・レーシング,0.0,2019104911,5663,1105,98803
202405020711,14,5,8,アネゴハダ,牝5,55.0,三浦皇成,1:21.1,クビ,7-8,34.2,74.5,13.0,452.0,-8.0,[西]佐々木晶,岡浩二,0.0,2019106102,1122,429,370008
202405020711,15,3,5,クリノガウディー,牡8,57.0,松岡正海,1:23.2,大,2-2,36.9,275.9,14.0,506.0,-4.0,[西]藤沢則雄,栗本博晴,0.0,2016103690,1085,1041,970006
202405020712,1,7,10,ユキマル,牡4,58.0,戸崎圭太,1:24.1,,2-2,36.4,2.7,1.0,496.0,6.0,[東]尾形和幸,高橋文男,1140.0,2020101174,5386,1141,371009
202405020712,2,8,12,ウィンダミア,牡5,58.0,吉田豊,1:24.2,3/4,2-2,36.5,11.5,4.0,456.0,-6.0,[東]林徹,広尾レース,460.0,2019106808,733,1163,553800
202405020712,3,1,1,フライヤートゥルー,牡4,58.0,三浦皇成,1:24.4,1.1/4,6-6,36.1,7.8,3.0,480.0,-8.0,[西]橋口慎介,中村忠彦,290.0,2020100297,1122,1154,723033
202405020712,4,3,3,ローズバルサム,牝4,56.0,横山武史,1:24.5,1/2,4-4,36.5,3.4,2.0,434.0,-4.0,[西]吉村圭司,ノースヒルズ,170.0,2020105625,1170,1130,788800
202405020712,5,4,4,ビーアイオラクル,牡5,58.0,鮫島克駿,1:24.6,クビ,8-9,36.1,11.8,6.0,484.0,4.0,[西]牧田和弥,礒川正明,114.0,2019106691,1157,1123,684002
202405020712,6,2,2,マホロバ,牡4,58.0,オシェア,1:24.8,1.1/4,1-1,37.3,14.5,8.0,516.0,-2.0,[東]和田正一,ノースヒルズ,0.0,2020105732,5663,1114,788800
202405020712,7,5,6,エヴィダンシア,牡5,58.0,横山和生,1:24.8,ハナ,11-10,36.2,60.5,10.0,490.0,0.0,[西]緒方努,吉田勝己,0.0,2019106932,1140,1193,790005
202405020712,8,6,7,ジャスリー,牡4,58.0,菅原明良,1:25.0,1.1/2,12-12,35.0,11.7,5.0,526.0,-2.0,[東]田島俊明,越村洋子,0.0,2020102814,1179,1112,938031
202405020712,9,6,8,ドライブアローカス,牡4,58.0,松山弘平,1:25.1,クビ,8-6,36.8,13.7,7.0,444.0,-6.0,[東]小笠倫弘,吉田照哉,0.0,2020103034,1126,1076,758005
202405020712,10,8,11,アラカザーム,牝6,56.0,北村宏司,1:25.2,1/2,6-6,36.9,153.7,12.0,450.0,2.0,[東]松永康利,小林竜太郎,0.0,2018102338,1043,1093,336030
202405020712,11,5,5,アンビバレント,牡4,55.0,長浜鴻緒,1:27.8,大,8-11,38.3,83.6,11.0,472.0,-4.0,[西]藤野健太,ノルマンディーサラブレッドレーシング,0.0,2020102140,1214,1200,854800
202405020712,12,7,9,コーパスクリスティ,牡4,58.0,モレイラ,1:28.4,3.1/2,4-4,40.5,24.0,9.0,460.0,6.0,[西]中内田充,吉田勝己,0.0,2020103703,5509,1137,790005
202405020801,1,5,9,モスオーキッド,牝3,55.0,松岡正海,1:26.4,,5-5,38.0,9.0,6.0,416.0,-2.0,[東]堀内岳志,吉田千津,550.0,2021105250,1085,1189,310007
202405020801,2,3,5,ハクサンマロン,牝3,55.0,菅原明良,1:26.5,1/2,9-10,37.3,5.4,3.0,488.0,-2.0,[東]新開幸一,河崎五市,220.0,2021100256,1179,1116,841030
202405020801,3,2,4,ハナチルサト,牝3,52.0,長浜鴻緒,1:26.6,1/2,3-4,38.4,12.2,8.0,420.0,2.0,[東]松永康利,内田玄祥,140.0,2021106474,1214,1093,149033
202405020801,4,6,11,ネムレスクイーン,牝3,55.0,横山和生,1:26.8,1,6-6,38.2,7.6,5.0,432.0,8.0,[東]上原佑紀,フィールドレーシング,83.0,2021107169,1140,1192,463031
202405020801,5,4,7,ミスファントム,牝3,55.0,松山弘平,1:27.2,2.1/2,3-3,39.1,4.7,1.0,448.0,2.0,[東]矢野英一,村田哲朗,55.0,2021100053,1126,1108,493006
202405020801,6,3,6,サンダーアリュール,牝3,55.0,内田博幸,1:28.0,5,2-2,40.0,5.0,2.0,454.0,0.0,[東]菊川正達,石井輝昭,0.0,2021109069,422,1052,553031
202405020801,7,8,15,バルミーパール,牝3,55.0,木幡育也,1:28.1,1/2,8-8,39.2,9.7,7.0,466.0,-2.0,[東]蛯名正義,櫻井盛夫,0.0,2021103428,1167,1191,261007
202405020801,8,1,1,ミスサン,牝3,55.0,丸田恭介,1:28.1,アタマ,1-1,40.2,31.5,9.0,430.0,-2.0,[東]伊藤伸一,グリーンスウォード,0.0,2021107068,1117,1031,55700
202405020801,9,8,16,コスモビオラ,牝3,55.0,木幡巧也,1:28.1,アタマ,11-12,38.4,209.3,13.0,420.0,0.0,[東]天間昭一,ビッグレッドファーム,0.0,2021101050,1162,1090,716800
202405020801,10,6,12,ネクタール,牝3,55.0,柴田大知,1:28.3,3/4,13-14,38.2,175.9,12.0,406.0,0.0,[東]青木孝文,新井利宜,0.0,2021106961,1009,1156,822031
202405020801,11,4,8,ラヴィデクラ,牝3,55.0,吉田豊,1:29.1,5,11-11,39.7,322.1,15.0,422.0,6.0,[東]粕谷昌央,土井久美子,0.0,2021106588,733,1096,643031
202405020801,12,7,14,イズモ,牝3,54.0,永野猛蔵,1:29.8,4,16-16,38.8,78.3,10.0,454.0,0.0,[東]水野貴広,パニオロ,0.0,2021102086,1188,1094,22803
202405020801,13,5,10,ドリーミーガール,牝3,55.0,杉原誠人,1:29.9,1,13-13,40.1,470.4,16.0,416.0,0.0,[東]石栗龍彦,田畑利彦,0.0,2021103359,1135,1043,464030
202405020801,14,2,3,ラブヒューズ,牝3,55.0,原田和真,1:30.7,5,15-15,40.1,148.6,11.0,484.0,0.0,[東]蛯名利弘,増田陽一,0.0,2021106887,1143,1131,291002
202405020801,15,7,13,ニシノプレゼント,牝3,55.0,田辺裕信,1:30.8,1,6-6,42.2,6.3,4.0,442.0,6.0,[東]村田一誠,西山茂行,0.0,2021100194,1075,1190,897009
202405020801,16,1,2,フォーメリトゥム,牝3,55.0,森裕太朗,1:31.1,1.3/4,9-8,42.2,256.9,14.0,406.0,0.0,[東]武市康男,和田志保,0.0,2021107163,1165,1089,817033
202405020802,1,8,16,ウェットシーズン,牡3,57.0,武豊,1:37.8,,2-2,36.6,4.8,3.0,538.0,-4.0,[東]田中博康,ゴドルフィン,550.0,2021110112,666,1162,3060
202405020802,2,2,4,タンゴバイラリン,牡3,57.0,田辺裕信,1:37.9,アタマ,4-3,36.5,2.2,1.0,514.0,6.0,[東]栗田徹,山田弘,220.0,2021105272,1075,1127,518002
202405020802,3,7,14,アメリカンランナー,牡3,57.0,西村淳也,1:38.6,4,1-1,37.5,4.9,4.0,486.0,-2.0,[東]戸田博文,吉澤ホールディングス,140.0,2021110121,1171,1054,346803
202405020802,4,3,5,オモカゲジョー,牡3,57.0,菅原明良,1:38.7,3/4,7-7,37.0,14.4,5.0,482.0,10.0,[東]奥平雅士,那須野牧場,83.0,2021109094,1179,1074,51800
202405020802,5,4,7,ロードインフェルノ,牡3,57.0,戸崎圭太,1:38.7,クビ,7-7,37.0,3.9,2.0,470.0,4.0,[東]尾形和幸,ロードホースクラブ,55.0,2021101201,5386,1141,170800
202405020802,6,6,12,ビップチェイス,牡3,57.0,江田照男,1:39.7,6,11-9,37.6,167.6,9.0,474.0,-4.0,[東]田島俊明,鈴木邦英,0.0,2021105763,689,1112,524030
202405020802,7,8,15,イグニス,牡3,57.0,吉田豊,1:39.8,1/2,4-3,38.4,43.1,6.0,458.0,6.0,[東]久保田貴,寺田寿男,0.0,2021106592,733,1067,866006
202405020802,8,5,10,アカキチノイレブン,牡3,56.0,永野猛蔵,1:40.0,1.1/2,10-12,37.6,234.1,10.0,490.0,2.0,[東]伊藤圭三,星野隆男,0.0,2021104644,1188,1023,530033
202405020802,9,7,13,リターンエース,牡3,57.0,大野拓弥,1:40.1,クビ,3-3,38.8,457.5,13.0,468.0,-4.0,[東]松山将樹,井上久光,0.0,2021101348,1096,1100,959030
202405020802,10,3,6,ジョードプル,牡3,57.0,石川裕紀,1:40.8,4,4-6,39.3,95.2,8.0,444.0,6.0,[東]相沢郁,石瀬浩三,0.0,2021100065,1150,1020,812008
202405020802,11,1,2,ニシノオーシャン,牡3,57.0,野中悠太,1:41.0,3/4,13-13,38.5,241.1,11.0,524.0,12.0,[東]千葉直人,西山茂行,0.0,2021104048,1158,1199,897009
202405020802,12,2,3,アンヴァルガー,牝3,54.0,横山琉人,1:41.0,ハナ,11-9,38.9,486.9,14.0,414.0,-4.0,[東]上原博之,芳賀滿男,0.0,2021100869,1192,423,101031
202405020802,13,4,8,サットサンガ,牡3,54.0,長浜鴻緒,1:41.1,1/2,13-15,38.0,503.9,15.0,450.0,0.0,[東]水野貴広,志邑宣彦,0.0,2021105071,1214,1094,220030
202405020802,14,1,1,スカイレディ,牝3,55.0,内田博幸,1:41.5,2.1/2,15-13,38.9,73.0,7.0,486.0,8.0,[東]宮田敬介,Ｈ．Ｈ．シェイク・ハムダン,0.0,2021110024,422,1175,4060
202405020802,15,5,9,タイキオナード,牡3,57.0,杉原誠人,1:41.6,クビ,7-11,39.4,276.6,12.0,490.0,2.0,[東]高木登,大樹ファーム,0.0,2021103169,1135,1088,536800
202405020802,16,6,11,オリフラム,牡3,57.0,長岡禎仁,1:42.3,4,16-16,38.4,506.2,16.0,436.0,-4.0,[東]池上昌和,ノルマンディーサラブレッドレーシング,0.0,2021100952,1142,1150,854800
202405020803,1,3,6,ニシノジーク,牡3,56.0,永野猛蔵,1:18.1,,2-2,35.7,6.0,3.0,506.0,-10.0,[東]奥平雅士,西山茂行,550.0,2021107062,1188,1074,897009
202405020803,2,1,2,フクチャントウメイ,牡3,57.0,川田将雅,1:18.1,クビ,4-4,35.4,3.3,2.0,520.0,2.0,[東]加藤征弘,福田義明,220.0,2021105086,1088,1059,420031
202405020803,3,2,3,モリノセピア,牡3,57.0,津村明秀,1:18.5,2.1/2,1-1,36.2,2.1,1.0,480.0,6.0,[東]鈴木伸尋,森和久,140.0,2021106307,1092,1026,698033
202405020803,4,5,9,パールホワイトイブ,牡3,57.0,岩田望来,1:19.1,3.1/2,3-3,36.5,43.1,7.0,450.0,-4.0,[東]中川公成,堀口晴男,83.0,2021101869,1174,1081,407033
202405020803,5,8,16,マオノボルケーノ,牝3,55.0,松山弘平,1:19.8,4,4-4,37.0,14.1,5.0,442.0,-6.0,[東]辻哲英,湯浅健司,55.0,2021100851,1126,1182,793033
202405020803,6,8,15,スクラマサクス,牡3,57.0,菅原明良,1:20.4,3.1/2,4-6,37.4,35.2,6.0,458.0,0.0,[東]鈴木慎太,井手慶祐,0.0,2021101561,1179,1179,153033
202405020803,7,1,1,テイエムエール,牡3,57.0,大野拓弥,1:20.5,アタマ,8-10,37.0,119.1,10.0,480.0,6.0,[東]石栗龍彦,竹園正繼,0.0,2021103395,1096,1043,356002
202405020803,8,5,10,トクシーオーディン,牡3,57.0,松岡正海,1:20.7,1.1/2,12-10,37.2,194.4,12.0,522.0,0.0,[東]西田雄一,ＡＩレーシング,0.0,2021104119,1085,1187,250033
202405020803,9,3,5,ユイノコドウ,牡3,57.0,横山和生,1:20.8,3/4,15-15,36.5,7.2,4.0,458.0,0.0,[東]竹内正洋,由井健太郎,0.0,2021106569,1140,1152,44803
202405020803,10,4,7,ワンノブアス,牡3,57.0,嶋田純次,1:20.9,クビ,12-13,37.1,292.1,14.0,434.0,8.0,[東]和田正一,和田牧場,0.0,2021105097,1134,1114,251800
202405020803,11,7,14,エンランブ,牝3,55.0,杉原誠人,1:21.3,2.1/2,8-7,38.1,223.9,13.0,414.0,-2.0,[東]大和田成,増山武志,0.0,2021107314,1135,1124,786006
202405020803,12,2,4,ミュークインディ,牡3,56.0,横山琉人,1:21.4,3/4,16-16,36.8,75.3,9.0,580.0,0.0,[東]鈴木慎太,庄司修二,0.0,2021102922,1192,1179,597033
202405020803,13,6,12,エクセプション,牡3,57.0,木幡巧也,1:21.7,2,14-14,37.7,134.9,11.0,424.0,-4.0,[東]佐藤吉勝,鳴田啓志,0.0,2021107289,1162,1035,382008
202405020803,14,4,8,ラグランデテソーロ,牝3,55.0,鮫島克駿,1:22.7,6,8-7,39.5,72.9,8.0,480.0,-18.0,[東]畠山吉宏,了徳寺健二ホールディングス,0.0,2021102473,1157,1048,89803
202405020803,15,6,11,カリジェン,セ3,57.0,原田和真,1:23.0,1.1/2,8-12,39.4,729.5,16.0,418.0,0.0,[東]小野次郎,西森鶴,0.0,2021102001,1143,1125,677009
202405020803,16,7,13,テアトロ,牡3,57.0,柴田大知,1:23.1,3/4,7-7,39.9,447.6,15.0,460.0,-2.0,[東]田中剛,島井新一郎,0.0,2021106257,1009,1119,941030
202405020804,1,6,11,シアブリス,牝3,55.0,ルメール,1:46.8,,6-8-8,33.9,2.8,2.0,426.0,-10.0,[東]黒岩陽一,シルクレーシング,550.0,2021105742,5339,1133,506800
202405020804,2,1,1,ドーンコーラス,牝3,55.0,モレイラ,1:47.0,1.1/4,8-9-8,34.0,1.6,1.0,446.0,2.0,[東]萩原清,ＮＩＣＫＳ,220.0,2021105415,5509,1017,887800
202405020804,3,2,3,ラインポーチュラカ,牝3,55.0,松岡正海,1:47.4,2.1/2,14-2-2,35.1,98.0,10.0,500.0,4.0,[東]蛯名正義,大澤繁昌,140.0,2021101308,1085,1191,796002
202405020804,4,6,12,アイソーザライト,牝3,55.0,丸田恭介,1:47.6,1,10-12-11,34.4,49.5,7.0,424.0,0.0,[東]大竹正博,タイヘイ牧場,83.0,2021103967,1117,1102,154800
202405020804,5,7,14,アンナネーヴェ,牝3,55.0,Ｍ．デム,1:47.8,1.1/4,15-14-11,34.6,33.6,6.0,432.0,4.0,[東]金成貴史,寺田英司,55.0,2021106680,5212,1132,675031
202405020804,6,3,5,キョウエイスピール,牝3,52.0,長浜鴻緒,1:47.9,3/4,11-12-14,34.5,69.3,8.0,438.0,-2.0,[東]伊藤伸一,田中晴夫,0.0,2021104372,1214,1031,619002
202405020804,7,2,4,パロサント,牝3,55.0,北村宏司,1:48.1,1.1/4,6-5-5,35.3,14.6,3.0,430.0,0.0,[東]国枝栄,Ｇ１レーシング,0.0,2021104901,1043,399,808800
202405020804,8,3,6,チャルドーニ,牝3,55.0,津村明秀,1:48.1,ハナ,3-4-3,35.6,18.0,4.0,462.0,4.0,[東]林徹,ジャコモ,0.0,2021104946,1092,1163,29803
202405020804,9,8,15,ルージュカエラ,牝3,55.0,岩田望来,1:48.1,アタマ,12-15-16,34.4,77.8,9.0,446.0,0.0,[東]加藤征弘,東京ホースレーシング,0.0,2021104931,1174,1059,180800
202405020804,10,1,2,ベルベットハンマー,牝3,55.0,杉原誠人,1:48.4,1.1/2,12-11-11,35.1,522.4,16.0,442.0,2.0,[東]天間昭一,ビッグレッドファーム,0.0,2021101473,1135,1090,716800
202405020804,11,8,16,ウインカルディア,牝3,54.0,永野猛蔵,1:48.6,1.1/2,16-15-14,35.2,260.7,13.0,400.0,0.0,[東]鹿戸雄一,ウイン,0.0,2021106197,1188,1097,494800
202405020804,12,7,13,フェスティヴカレン,牝3,55.0,江田照男,1:48.6,クビ,1-1-1,36.4,22.2,5.0,448.0,-2.0,[東]天間昭一,臼井義太郎,0.0,2021103193,689,1090,70803
202405020804,13,4,8,グレナマディー,牝3,55.0,鮫島克駿,1:48.7,クビ,4-5-5,36.0,306.1,14.0,414.0,-2.0,[東]田島俊明,ライオンレースホース,0.0,2021105957,1157,1112,542800
202405020804,14,8,17,ジューンブライダー,牝3,55.0,野中悠太,1:49.1,2.1/2,4-5-5,36.4,390.1,15.0,436.0,6.0,[東]小手川準,馬目時宗,0.0,2021104247,1158,1171,460031
202405020804,15,5,9,ジャンル,牝3,55.0,西村淳也,1:49.2,1/2,2-2-3,36.7,207.2,11.0,472.0,4.0,[東]岩戸孝樹,中村伊三美,0.0,2021101205,1171,1051,36034
202405020804,16,4,7,アオイフォール,牝3,55.0,木幡巧也,1:49.3,1/2,8-10-10,36.2,248.3,12.0,462.0,-8.0,[東]牧光二,鈴木照雄,0.0,2021107002,1162,1106,137030
202405020804,-3,5,10,ユッカラン,牝3,55.0,大野拓弥,,,,,,,,,[東]松山将樹,大野裕,0.0,2021102339,1096,1100,607033
202405020805,1,1,1,サルヴェージワーク,牡3,57.0,大野拓弥,2:26.7,,1-2-1-1,34.4,7.9,3.0,514.0,0.0,[東]田村康仁,社台レースホース,550.0,2021110090,1096,1027,415800
202405020805,2,8,10,トラストボス,牡3,57.0,モレイラ,2:26.9,3/4,5-5-6-5,34.2,1.3,1.0,424.0,-4.0,[東]高橋文雅,菅波立知子,220.0,2021106972,5509,1134,767008
202405020805,3,6,7,ジュンプラチナ,牡3,57.0,松山弘平,2:27.6,4,2-1-2-2,35.2,4.8,2.0,476.0,6.0,[東]中舘英二,河合純二,140.0,2021105590,1126,1153,165033
202405020805,4,6,6,ゴールドモーション,牡3,57.0,横山和生,2:27.8,1.1/2,9-9-9-10,34.7,37.6,6.0,470.0,0.0,[東]村田一誠,居城寿与,83.0,2021106881,1140,1190,712033
202405020805,5,7,9,ヒットアンドロール,牡3,57.0,丸田恭介,2:28.0,1.1/4,8-7-8-8,35.1,44.8,7.0,440.0,4.0,[東]宗像義忠,薗部博之,55.0,2021104974,1117,420,960006
202405020805,6,7,8,リアルカイザー,牡3,57.0,北村宏司,2:28.2,1.1/4,10-10-9-8,35.2,129.4,9.0,484.0,-2.0,[東]松永康利,ＣＬＵＢＲＵＮＦＯＲＴＨＥＲＯＳＥＳ,0.0,2021100461,1043,1093,300700
202405020805,7,5,5,マジェンカ,牝3,55.0,柴田善臣,2:28.6,2.1/2,5-5-6-7,35.8,138.0,10.0,418.0,-8.0,[東]大和田成,門野重雄,0.0,2021107241,641,1124,490006
202405020805,8,4,4,ロールオブアームズ,牝3,55.0,杉原誠人,2:28.6,アタマ,2-3-3-5,36.0,25.9,4.0,478.0,-2.0,[東]田村康仁,サンデーレーシング,0.0,2021105813,1135,1027,226800
202405020805,9,3,3,ゴールデンルーキー,牡3,57.0,木幡巧也,2:29.5,5,4-3-3-3,37.0,32.3,5.0,472.0,2.0,[東]牧光二,岡田牧雄,0.0,2021110146,1162,1106,851009
202405020805,10,8,11,アモールエテルノ,牝3,55.0,岩田望来,2:30.0,3,5-7-5-3,37.5,66.9,8.0,408.0,-2.0,[東]奥村武,金子真人ホールディングス,0.0,2021102403,1174,1145,708800
202405020805,11,2,2,アグリアス,牝3,55.0,石川裕紀,2:34.8,大,11-11-11-11,39.8,262.7,11.0,452.0,-12.0,[東]矢嶋大樹,レッドマジック,0.0,2021105672,1150,1202,86803
202405020806,1,7,9,ショーマンフリート,牡3,57.0,川田将雅,1:45.5,,3-3-3,33.9,4.0,2.0,492.0,4.0,[東]手塚貴久,星野壽市,780.0,2021105601,1088,1038,265006
202405020806,2,6,6,ラスカンブレス,牡3,57.0,津村明秀,1:45.6,1/2,10-10-10,33.2,11.8,6.0,482.0,2.0,[東]林徹,吉田勝己,310.0,2021105391,1092,1163,790005
202405020806,3,3,3,エルサビオ,牡3,57.0,西村淳也,1:45.9,2,11-11-10,33.4,26.3,9.0,484.0,2.0,[西]中内田充,キャロットファーム,200.0,2021105493,1171,1137,486800
202405020806,4,8,11,コルレオニス,牡3,57.0,岩田望来,1:46.1,1,2-1-1,35.2,7.2,4.0,446.0,0.0,[西]友道康夫,キャロットファーム,120.0,2021105704,1174,1061,486800
202405020806,5,7,8,タッチアンドムーブ,牡3,57.0,戸崎圭太,1:46.2,3/4,8-8-8,34.0,16.3,8.0,442.0,0.0,[東]栗田徹,社台レースホース,78.0,2021105106,5386,1127,415800
202405020806,6,5,5,サトノオラシオン,牡3,57.0,モレイラ,1:46.2,ハナ,4-4-4,34.4,3.8,1.0,496.0,-2.0,[東]堀宣行,里見治,0.0,2021101453,5509,1070,790031
202405020806,7,4,4,エラン,牡3,57.0,ルメール,1:46.4,1,6-6-6,34.4,5.0,3.0,462.0,4.0,[東]蛯名正義,金子真人ホールディングス,0.0,2021105453,5339,1191,708800
202405020806,8,1,1,バードウォッチャー,牡3,57.0,オシェア,1:46.4,ハナ,9-8-8,34.1,13.3,7.0,478.0,-2.0,[東]国枝栄,金子真人ホールディングス,0.0,2021105375,5663,399,708800
202405020806,9,8,10,ラムゼイテソーロ,牡3,57.0,菅原明良,1:46.5,1,5-4-4,34.8,55.9,10.0,526.0,2.0,[東]西田雄一,了徳寺健二ホールディングス,0.0,2021100579,1179,1187,89803
202405020806,10,2,2,グランカンタンテ,牝3,55.0,武豊,1:46.9,2.1/2,6-6-6,34.9,8.2,5.0,420.0,2.0,[東]鹿戸雄一,インゼルレーシング,0.0,2021105600,666,1097,356803
202405020806,11,6,7,デアパーディタ,牝3,52.0,長浜鴻緒,1:47.2,1.1/2,1-2-2,36.2,131.5,11.0,426.0,-4.0,[東]武井亮,フィールドレーシング,0.0,2021100236,1214,1147,463031
202405020807,1,2,4,ベルウェザー,牡3,57.0,モレイラ,1:24.0,,5-5,35.7,5.2,2.0,480.0,-4.0,[西]茶木太樹,ＤＭＭドリームクラブ,780.0,2021105425,5509,1181,26803
202405020807,2,1,2,カピリナ,牝3,55.0,戸崎圭太,1:24.1,3/4,1-1,36.4,2.5,1.0,472.0,0.0,[東]田島俊明,ヒダカ・ブリーダーズ・ユニオン,310.0,2021104073,5386,1112,547800
202405020807,3,6,12,イサチルカゼニタツ,牡3,57.0,内田博幸,1:24.5,2.1/2,2-2,36.7,12.0,5.0,482.0,-6.0,[東]辻哲英,小坂功,200.0,2021101322,422,1182,162033
202405020807,4,4,8,サトノアインス,牡3,57.0,オシェア,1:24.8,1.3/4,10-9,36.1,37.0,11.0,428.0,-2.0,[東]萩原清,里見治,120.0,2021105582,5663,1017,790031
202405020807,5,1,1,プチブール,牝3,52.0,長浜鴻緒,1:24.9,3/4,10-12,35.7,89.7,14.0,446.0,6.0,[東]小西一男,ウエスト．フォレスト．ステイブル,78.0,2021104205,1214,405,368803
202405020807,6,5,9,ノーブルゲイル,牡3,57.0,横山武史,1:24.9,ハナ,5-5,36.7,16.2,8.0,472.0,2.0,[東]中川公成,吉木伸彦,0.0,2021104283,1170,1081,755030
202405020807,7,8,15,キタノソワレ,牝3,54.0,永野猛蔵,1:25.0,1,14-13,35.6,13.6,7.0,462.0,2.0,[東]本間忍,北所直人,0.0,2021106421,1188,1056,163002
202405020807,8,7,13,アガシ,牡3,57.0,鮫島克駿,1:25.2,1.1/2,12-11,36.2,78.7,13.0,486.0,-6.0,[西]庄野靖志,ケイズジャパン,0.0,2021100653,1157,1087,389803
202405020807,9,5,10,セブンマイスター,牡3,57.0,北村宏司,1:25.3,1/2,15-13,35.9,13.3,6.0,540.0,-4.0,[東]木村哲也,前迫義幸,0.0,2021105688,1043,1126,138803
202405020807,10,8,16,ポンピエ,牡3,57.0,田辺裕信,1:25.7,2,8-8,37.2,66.7,12.0,450.0,2.0,[西]西園正都,社台レースホース,0.0,2021104945,1075,1028,415800
202405020807,11,3,6,サミアド,牡3,57.0,菅原明良,1:25.9,1.1/2,2-2,38.1,34.6,10.0,496.0,-4.0,[東]竹内正洋,グリーンファーム,0.0,2021109086,1179,1152,148800
202405020807,12,3,5,ローリーグローリー,牝3,55.0,武豊,1:26.0,1/2,5-5,37.8,7.6,3.0,456.0,-4.0,[東]蛯名正義,インゼルレーシング,0.0,2021110005,666,1191,356803
202405020807,13,6,11,ハクサンツキミテイ,牡3,57.0,西村淳也,1:26.0,ハナ,8-9,37.2,310.4,15.0,450.0,4.0,[西]小崎憲,河崎五市,0.0,2021104564,1171,1085,841030
202405020807,14,2,3,ヴォルスター,牡3,57.0,岩田望来,1:26.2,1.1/4,4-4,38.2,23.7,9.0,430.0,0.0,[西]清水久詞,モンレーヴ,0.0,2021100677,1174,1110,133803
202405020807,15,7,14,アンジュグルーヴ,牝3,55.0,横山和生,1:26.5,1.3/4,15-16,36.8,9.6,4.0,476.0,-4.0,[西]安田翔伍,竹下浩一,0.0,2021105613,1140,1164,405031
202405020807,16,4,7,オーケーソニック,牝3,54.0,横山琉人,1:27.2,4,12-13,37.8,350.8,16.0,404.0,-8.0,[東]相沢郁,小野建,0.0,2021103823,1192,1020,612030
202405020808,1,8,8,イルチルコ,牝5,56.0,ルメール,1:46.2,,1-1-1,35.4,2.6,2.0,492.0,2.0,[東]田村康仁,シルクレーシング,800.0,2019104613,5339,1027,506800
202405020808,2,8,9,マイネルフォルツァ,牡4,58.0,Ｍ．デム,1:46.3,3/4,5-6-6,34.2,22.4,6.0,516.0,4.0,[東]金成貴史,サラブレッドクラブ・ラフィアン,320.0,2020105809,5212,1132,546800
202405020808,3,6,6,メイショウサンガ,牡7,58.0,松山弘平,1:46.5,1,6-5-5,34.7,8.8,4.0,522.0,8.0,[西]千田輝彦,松本好雄,200.0,2017106366,1126,1120,523005
202405020808,4,4,4,ラパンラピッド,セ4,58.0,モレイラ,1:46.7,1.1/2,2-3-3,35.4,2.1,1.0,486.0,-2.0,[東]武井亮,シルクレーシング,120.0,2020102648,5509,1147,506800
202405020808,5,7,7,ヴィスパメンテ,牝5,56.0,岩田望来,1:46.9,1,2-2-2,35.8,5.4,3.0,480.0,8.0,[東]嘉藤貴行,社台レースホース,80.0,2019104528,1174,1195,415800
202405020808,6,3,3,トーセンウォルト,牡4,58.0,大野拓弥,1:47.6,4,8-8-7,35.2,238.3,9.0,476.0,-4.0,[東]杉浦宏昭,島川隆哉,0.0,2020102526,1096,1008,270006
202405020808,7,1,1,サーストンシカゴ,セ7,58.0,的場勇人,1:47.6,クビ,2-3-4,36.1,18.8,5.0,508.0,-4.0,[東]的場均,齊藤宣彰,0.0,2017103353,1108,1063,920031
202405020808,8,5,5,スピニングマーリン,牝4,56.0,森裕太朗,1:48.1,3,8-7-8,35.6,186.5,7.0,492.0,14.0,[東]西田雄一,コージーレーシング,0.0,2020104415,1165,1187,182031
202405020808,9,2,2,パープルアドミラル,牡4,55.0,長浜鴻緒,1:50.3,大,7-9-9,36.1,208.4,8.0,438.0,6.0,[東]堀内岳志,岡田牧雄,0.0,2020104328,1214,1189,851009
202405020809,1,1,1,ゴートゥファースト,牡4,58.0,川田将雅,1:32.8,,3-3,33.5,1.7,1.0,474.0,0.0,[西]新谷功一,後藤和成,1568.9,2020103464,1088,1172,106803
202405020809,2,5,5,バトルハーデン,牡4,58.0,モレイラ,1:33.0,1.1/2,4-4,33.5,5.1,3.0,526.0,4.0,[西]矢作芳人,サンデーレーシング,625.4,2020103664,5509,1075,226800
202405020809,3,8,8,ジッピーレーサー,セ7,58.0,大野拓弥,1:33.5,3,2-2,34.5,25.8,6.0,478.0,2.0,[東]高木登,岡田牧雄,392.7,2017110086,1096,1088,851009
202405020809,4,7,7,タミオスター,牡5,58.0,横山武史,1:33.6,1/2,1-1,34.7,8.3,4.0,500.0,0.0,[東]斎藤誠,ＣＨＥＶＡＬＡＴＴＡＣＨＥ,230.0,2019103548,1170,1086,888800
202405020809,5,4,4,バーンパッション,牡7,58.0,木幡巧也,1:33.8,1.1/2,6-4,34.3,163.5,8.0,476.0,-6.0,[東]天間昭一,岡田牧雄,155.0,2017104128,1162,1090,851009
202405020809,6,6,6,キタノブライド,牝4,56.0,菅原明良,1:33.8,アタマ,4-4,34.4,11.1,5.0,418.0,-6.0,[西]坂口智康,北所直人,0.0,2020106174,1179,1170,163002
202405020809,7,2,2,ヴルカーノ,牡6,58.0,武豊,1:34.0,1,7-7,34.1,4.7,2.0,484.0,-4.0,[東]稲垣幸雄,宮田守,0.0,2018109026,666,1167,526030
202405020809,8,3,3,スズノテレサ,牝5,56.0,内田博幸,1:34.5,3,7-7,34.6,142.1,7.0,446.0,12.0,[東]深山雅史,小紫嘉之,0.0,2019104861,422,1174,835030
202405020810,1,5,5,アイファーエポック,牡5,55.0,野中悠太,1:37.1,,10-8,36.5,12.8,8.0,482.0,-2.0,[東]根本康広,中島稔,1581.5,2019101325,1158,1029,119007
202405020810,2,8,11,ファイヴレター,牡7,54.0,大野拓弥,1:37.2,1/2,11-11,36.4,33.8,10.0,482.0,0.0,[東]佐藤吉勝,熊坂俊一,629.0,2017102043,1096,1035,389008
202405020810,3,7,10,ロミオボス,牡4,56.0,西村淳也,1:37.4,1.1/4,6-6,37.1,5.7,2.0,488.0,4.0,[東]加藤征弘,加藤正二郎,394.5,2020102896,1171,1059,32030
202405020810,4,7,9,ララエフォール,牡5,55.0,菅原明良,1:37.4,クビ,12-12,36.0,7.8,4.0,498.0,8.0,[東]和田雄二,フジイ興産,230.0,2019101121,1179,1143,851800
202405020810,5,8,12,ロイヤルダンス,牡6,54.0,オシェア,1:37.6,1,2-2,38.1,33.2,9.0,510.0,4.0,[東]清水英克,大脇佑樹,155.0,2018102394,5663,1080,719031
202405020810,6,4,4,メイトースイ,牡4,55.0,岩田望来,1:37.6,ハナ,6-8,37.0,8.2,5.0,424.0,-4.0,[西]羽月友彦,康本利幸,0.0,2020100931,1174,1091,549031
202405020810,7,6,7,モズタンジロウ,牡5,55.0,鮫島克駿,1:37.7,1,6-7,37.3,9.2,6.0,490.0,2.0,[西]牧田和弥,キャピタル・システム,0.0,2019103776,1157,1123,5803
202405020810,8,6,8,ユイノイチゲキ,牡4,55.0,田辺裕信,1:38.0,2,1-1,38.5,11.3,7.0,506.0,6.0,[東]深山雅史,由井健太郎,0.0,2020101943,1075,1174,44803
202405020810,9,5,6,メイショウラナキラ,牡5,56.0,池添謙一,1:38.1,クビ,3-3,38.2,6.2,3.0,458.0,-6.0,[西]高橋亮,松本好雄,0.0,2019102820,1032,1136,523005
202405020810,10,2,2,ピックアップライン,牡4,56.0,松岡正海,1:38.1,ハナ,4-4,37.9,3.9,1.0,522.0,2.0,[東]田中剛,社台レースホース,0.0,2020103088,1085,1119,415800
202405020810,11,1,1,ヒヤ,牡6,53.0,永野猛蔵,1:38.6,3,9-8,38.0,191.7,12.0,476.0,12.0,[西]鮫島一歩,山口正行,0.0,2018101232,1188,1046,178033
202405020810,12,3,3,マイネルシトラス,牡5,55.0,石川裕紀,1:38.7,クビ,4-4,38.6,105.2,11.0,528.0,2.0,[東]武市康男,サラブレッドクラブ・ラフィアン,0.0,2019103542,1150,1089,546800
202405020811,1,5,9,テンハッピーローズ,牝6,56.0,津村明秀,1:31.8,,10-8,33.9,208.6,14.0,458.0,-4.0,[西]高柳大輔,天白泰司,13315.0,2018104750,1092,1159,75006
202405020811,2,2,2,フィアスプライド,牝6,56.0,ルメール,1:32.0,1.1/4,3-3,34.9,12.5,4.0,470.0,-8.0,[東]国枝栄,ゴドルフィン,5290.0,2018100671,5339,399,3060
202405020811,3,4,6,マスクトディーヴァ,牝4,56.0,モレイラ,1:32.0,クビ,7-8,34.1,2.3,1.0,454.0,-2.0,[西]辻野泰之,社台レースホース,3345.0,2020103054,5509,1183,415800
202405020811,4,8,15,ドゥアイズ,牝4,56.0,鮫島克駿,1:32.1,クビ,7-6,34.4,65.8,11.0,472.0,4.0,[西]庄野靖志,Ｇ１レーシング,2000.0,2020103732,1157,1087,808800
202405020811,5,6,11,ルージュリナージュ,牝5,56.0,横山和生,1:32.2,1/2,15-15,33.6,112.1,13.0,448.0,2.0,[東]宗像義忠,東京ホースレーシング,1300.0,2019103973,1140,420,180800
202405020811,6,3,5,ウンブライル,牝4,56.0,川田将雅,1:32.2,アタマ,5-6,34.6,9.4,3.0,474.0,-2.0,[東]木村哲也,サンデーレーシング,0.0,2020103674,1088,1126,226800
202405020811,7,7,13,モリアーナ,牝4,56.0,横山典弘,1:32.3,1/2,13-13,33.9,19.3,6.0,488.0,6.0,[東]武藤善則,高橋文男,0.0,2020103322,660,1064,371009
202405020811,8,6,10,ナミュール,牝5,56.0,武豊,1:32.3,クビ,13-13,33.8,2.5,2.0,452.0,0.0,[西]高野友和,キャロットファーム,0.0,2019105213,666,1117,486800
202405020811,9,2,3,スタニングローズ,牝5,56.0,西村淳也,1:32.6,1.1/2,3-3,35.5,17.8,5.0,490.0,0.0,[西]高野友和,サンデーレーシング,0.0,2019105565,1171,1117,226800
202405020811,10,5,8,サウンドビバーチェ,牝5,56.0,松山弘平,1:32.7,3/4,5-5,35.2,82.7,12.0,506.0,0.0,[西]高柳大輔,増田雄一,0.0,2019104057,1126,1159,168006
202405020811,11,7,12,キタウイング,牝4,56.0,杉原誠人,1:32.9,1.1/4,12-11,34.7,337.9,15.0,444.0,6.0,[東]小島茂之,ミルファーム,0.0,2020106967,1135,1068,629800
202405020811,12,8,14,フィールシンパシー,牝5,56.0,横山琉人,1:33.0,1/2,2-2,36.1,56.9,10.0,456.0,2.0,[東]小島茂之,岡田牧雄,0.0,2019105768,1192,1068,851009
202405020811,13,3,4,コンクシェル,牝4,56.0,岩田望来,1:33.5,3,1-1,36.7,29.8,7.0,476.0,2.0,[西]清水久詞,前田晋二,0.0,2020105626,1174,1110,41002
202405020811,14,1,1,ライラック,牝5,56.0,戸崎圭太,1:33.7,1.1/2,9-8,35.8,56.7,9.0,440.0,8.0,[東]相沢郁,芹澤精一,0.0,2019103588,5386,1020,683002
202405020811,15,4,7,ハーパー,牝4,56.0,池添謙一,1:33.9,1.1/2,10-11,35.7,36.2,8.0,468.0,-2.0,[西]友道康夫,エムズレーシング,0.0,2020103458,1032,1061,199031
202405020812,1,2,4,サトノルフィアン,牡5,58.0,戸崎圭太,1:23.1,,2-2,35.7,9.5,5.0,520.0,6.0,[西]高橋康之,里見治,1876.4,2019106575,5386,1135,790031
202405020812,2,3,6,ハードワイヤード,牡4,58.0,川田将雅,1:23.8,4,3-3,36.3,5.9,3.0,514.0,2.0,[東]加藤征弘,ゴドルフィン,750.4,2020110034,1088,1059,3060
202405020812,3,5,9,バグラダス,牡4,58.0,ルメール,1:24.0,1.1/4,9-7,36.2,6.0,4.0,480.0,-4.0,[東]嘉藤貴行,村田牧場,465.2,2020106015,5339,1195,77800
202405020812,4,2,3,ラックスアットゼア,牝4,56.0,横山武史,1:24.0,クビ,3-4,36.4,14.0,8.0,462.0,4.0,[東]斎藤誠,田記正規,280.0,2020110083,1170,1086,732033
202405020812,5,6,11,タマモダイジョッキ,牡6,58.0,武豊,1:24.1,クビ,15-12,36.1,13.1,7.0,482.0,-4.0,[西]緒方努,タマモ,184.0,2018104332,666,1193,515800
202405020812,6,5,10,ロードフォンス,牡4,58.0,菅原明良,1:24.2,1/2,12-12,36.1,4.1,1.0,482.0,-2.0,[西]安田翔伍,ロードホースクラブ,0.0,2020100145,1179,1164,170800
202405020812,7,3,5,パルデンス,牡6,58.0,鮫島克駿,1:24.2,ハナ,12-12,36.2,37.7,11.0,500.0,6.0,[東]森一誠,山本三津子,0.0,2018104775,1157,1201,953030
202405020812,8,7,13,ペプチドタイガー,牡4,58.0,モレイラ,1:24.5,1.3/4,12-12,36.4,5.8,2.0,460.0,-2.0,[西]吉村圭司,沼川一彦,0.0,2020106408,5509,1130,500007
202405020812,9,8,15,エコロアイ,牝4,56.0,西村淳也,1:24.5,クビ,1-1,37.3,91.0,14.0,512.0,10.0,[西]森秀行,原村正紀,0.0,2020110137,1171,427,783033
202405020812,10,4,8,エミサキホコル,牡4,58.0,長岡禎仁,1:24.7,3/4,9-11,36.8,27.1,10.0,488.0,-6.0,[西]杉山佳明,亀岡和彦,0.0,2020102751,1142,1178,192031
202405020812,11,7,14,レーヴリアン,牝6,56.0,永野猛蔵,1:24.9,1,5-7,37.2,89.0,13.0,500.0,-4.0,[西]緒方努,矢野崇志,0.0,2018102666,1188,1193,621033
202405020812,12,6,12,エイシンレジューム,牡4,58.0,横山和生,1:25.3,2.1/2,5-4,37.7,11.2,6.0,510.0,0.0,[西]中尾秀正,栄進堂,0.0,2020106518,1140,1069,785800
202405020812,13,4,7,キャンディドライヴ,牡5,58.0,北村宏司,1:25.3,クビ,5-7,37.6,22.3,9.0,492.0,0.0,[東]黒岩陽一,長谷川祐司,0.0,2019110112,1043,1133,196031
202405020812,14,1,1,サトノアポロン,セ6,58.0,横山典弘,1:25.5,1,16-16,36.7,94.2,15.0,506.0,12.0,[西]福永祐一,里見治,0.0,2018105214,660,1203,790031
202405020812,15,1,2,コスモノアゼット,牡6,58.0,木幡巧也,1:26.6,7,9-7,38.9,164.4,16.0,504.0,-6.0,[東]伊藤大士,ビッグレッドファーム,0.0,2018102181,1162,1109,716800
202405020812,16,8,16,ヴェールアンレーヴ,牝5,56.0,オシェア,1:27.1,3,8-4,39.5,63.0,12.0,444.0,-8.0,[東]宮田敬介,ＤＭＭドリームクラブ,0.0,2019105555,5663,1175,26803
202405020901,1,4,8,サンロレンツォ,牝3,55.0,三浦皇成,1:39.1,,7-7,36.9,5.7,3.0,488.0,0.0,[東]武藤善則,ノースヒルズ,550.0,2021106759,1122,1064,788800
202405020901,2,7,14,サラフォーコン,牝3,55.0,大野拓弥,1:39.2,1/2,2-2,37.5,68.2,14.0,428.0,0.0,[東]大和田成,Ｈ．ＦＡｓｓｏｃｉａｔｉｏｎ,220.0,2021100397,1096,1124,70700
202405020901,3,3,5,ケープウィッカム,牝3,55.0,石川裕紀,1:39.5,1.1/2,9-9,37.1,3.6,1.0,442.0,6.0,[東]中舘英二,吉田勝己,140.0,2021105896,1150,1153,790005
202405020901,4,5,10,ミスサラワク,牝3,55.0,木幡巧也,1:39.6,1,6-4,37.6,4.7,2.0,498.0,2.0,[東]本間忍,乙訓史樹,83.0,2021105923,1162,1056,482031
202405020901,5,3,6,ネムレスクイーン,牝3,55.0,横山和生,1:39.8,3/4,3-4,37.9,11.6,6.0,428.0,-4.0,[東]上原佑紀,フィールドレーシング,55.0,2021107169,1140,1192,463031
202405020901,6,5,9,タマモポロネーズ,牝3,54.0,永野猛蔵,1:39.9,3/4,13-15,36.8,22.5,9.0,446.0,6.0,[東]伊藤圭三,タマモ,0.0,2021104523,1188,1023,515800
202405020901,7,7,13,オウケンヴィーナス,牝3,54.0,原優介,1:40.2,2,11-11,37.6,11.2,5.0,406.0,8.0,[東]宮田敬介,福井明,0.0,2021105451,1184,1175,731006
202405020901,8,4,7,ディアマンドロップ,牝3,55.0,吉田豊,1:40.4,1.1/4,13-12,37.6,50.9,12.0,468.0,-2.0,[東]小手川準,ノルマンディーサラブレッドレーシング,0.0,2021103545,733,1171,854800
202405020901,9,6,11,ガーデンプランナー,牝3,55.0,松岡正海,1:40.4,アタマ,3-3,38.6,14.2,7.0,446.0,4.0,[東]堀内岳志,下河辺隆行,0.0,2021101427,1085,1189,272008
202405020901,10,1,2,リアルアメリカン,牝3,55.0,横山武史,1:40.6,1.1/4,9-9,38.2,7.4,4.0,466.0,-18.0,[東]辻哲英,シルクレーシング,0.0,2021105372,1170,1182,506800
202405020901,11,1,1,ブルースター,牝3,55.0,宮崎北斗,1:41.0,2.1/2,16-15,37.8,65.5,13.0,454.0,6.0,[東]中川公成,ウエスト．フォレスト．ステイブル,0.0,2021102528,1118,1081,368803
202405020901,12,8,16,ラントゥリーダンス,牝3,55.0,長岡禎仁,1:41.2,1,3-4,39.3,130.5,15.0,454.0,0.0,[東]石栗龍彦,田畑利彦,0.0,2021102598,1142,1043,464030
202405020901,13,6,12,メルメルメー,牝3,55.0,江田照男,1:41.6,2.1/2,11-12,38.9,233.2,16.0,460.0,0.0,[東]伊藤伸一,高山直樹,0.0,2021104218,689,1031,637030
202405020901,14,2,4,プラビータ,牝3,55.0,菅原明良,1:41.7,3/4,1-1,40.1,40.7,11.0,486.0,6.0,[東]矢野英一,高岡浩行,0.0,2021106008,1179,1108,330031
202405020901,15,8,15,ファインノーブル,牝3,55.0,津村明秀,1:41.9,3/4,7-7,39.7,20.1,8.0,466.0,-4.0,[東]尾関知人,ターフ・スポート,0.0,2021102887,1092,1103,102800
202405020901,16,2,3,アンドローゼス,牝3,55.0,オシェア,1:42.1,1.1/4,13-14,39.2,32.1,10.0,444.0,0.0,[東]加藤士津,シルクレーシング,0.0,2021105911,5663,1169,506800
202405020902,1,2,4,アルニラム,牡3,57.0,北村宏司,1:25.9,,5-3,36.1,7.8,3.0,484.0,0.0,[東]伊藤大士,ＳＴレーシング,550.0,2021109088,1043,1109,874033
202405020902,2,1,2,メイザーキック,牝3,55.0,津村明秀,1:26.0,3/4,1-1,36.5,46.0,8.0,422.0,2.0,[東]竹内正洋,ＫＩＣレーシング,220.0,2021105060,1092,1152,566031
202405020902,3,3,5,メイショウソムリエ,牡3,57.0,横山武史,1:26.3,1.1/2,13-9,35.8,1.9,1.0,508.0,6.0,[東]蛯名正義,松本好雄,140.0,2021102980,1170,1191,523005
202405020902,4,5,10,ニースライト,牝3,55.0,木幡巧也,1:26.9,4,9-8,36.7,201.7,12.0,472.0,-2.0,[東]粕谷昌央,樋口正蔵,83.0,2021102898,1162,1096,80005
202405020902,5,5,9,マンマミーア,牡3,57.0,柴田大知,1:27.2,1.1/2,2-2,37.6,76.5,10.0,452.0,-6.0,[東]深山雅史,武田茂男,55.0,2021103317,1009,1174,473008
202405020902,6,1,1,ミラクルジニア,牡3,57.0,宮崎北斗,1:27.3,1/2,3-3,37.5,27.9,7.0,464.0,0.0,[東]嘉藤貴行,ヒダカ・ブリーダーズ・ユニオン,0.0,2021103301,1118,1195,547800
202405020902,7,4,8,アイスブレイカー,牡3,57.0,丸田恭介,1:27.5,1,13-13,36.5,11.7,5.0,480.0,-4.0,[東]伊坂重信,ミルファーム,0.0,2021103332,1117,1177,629800
202405020902,8,8,15,アニマルボス,牡3,57.0,菅原明良,1:27.6,1/2,7-6,37.7,11.4,4.0,478.0,-6.0,[東]矢野英一,酒井喜生,0.0,2021103439,1179,1108,601033
202405020902,9,3,6,シュウズダイヤ,牡3,57.0,吉田豊,1:27.8,1.1/2,13-15,36.5,99.1,11.0,480.0,2.0,[東]戸田博文,青芝商事,0.0,2021104934,733,1054,831800
202405020902,10,6,12,ビッグポケット,牡3,54.0,長浜鴻緒,1:27.8,ハナ,10-12,37.1,51.4,9.0,496.0,6.0,[東]小西一男,明栄商事,0.0,2021103914,1214,405,40803
202405020902,11,7,13,テイエムビッグサー,牡3,57.0,戸崎圭太,1:27.9,1/2,5-6,38.0,15.4,6.0,500.0,-6.0,[東]石栗龍彦,竹園正繼,0.0,2021103466,5386,1043,356002
202405020902,12,7,14,ロゴサウンド,牡3,57.0,横山和生,1:28.0,1/2,10-13,37.1,282.1,13.0,496.0,0.0,[東]西田雄一,ノルマンディーサラブレッドレーシング,0.0,2021103774,1140,1187,854800
202405020902,13,2,3,アミマネラ,牡3,57.0,大塚海渡,1:28.2,3/4,10-9,37.7,517.4,15.0,452.0,-4.0,[東]勢司和浩,細川勝也,0.0,2021106712,1175,1047,699033
202405020902,14,4,7,エラトステネス,牡3,56.0,永野猛蔵,1:28.7,3,13-15,37.4,590.9,16.0,482.0,2.0,[東]田村康仁,ディアレスト,0.0,2021103547,1188,1027,13700
202405020902,15,6,11,ケイツートラール,牝3,55.0,野中悠太,1:31.1,大,7-9,40.6,355.1,14.0,460.0,-6.0,[東]清水英克,楠本勝美,0.0,2021106350,1158,1080,103006
202405020902,16,8,16,ソプラニスタ,牡3,56.0,原優介,1:31.2,1/2,3-3,41.5,4.0,2.0,544.0,-2.0,[東]田中博康,Ｇ１レーシング,0.0,2021105627,1184,1162,808800
202405020903,1,7,11,リアルビギニング,牡3,57.0,木幡巧也,2:13.1,,3-3-3-2,36.9,2.9,1.0,466.0,0.0,[東]牧光二,社台レースホース,550.0,2021105038,1162,1106,415800
202405020903,2,4,5,レッドスフェーン,セ3,57.0,津村明秀,2:13.1,クビ,8-7-4-3,36.6,3.2,2.0,430.0,-2.0,[東]林徹,東京ホースレーシング,220.0,2021105308,1092,1163,180800
202405020903,3,1,1,ベレッタ,牡3,57.0,横山和生,2:14.1,6,4-4-4-3,37.6,21.0,6.0,442.0,-4.0,[東]萩原清,寺田寿男,140.0,2021105005,1140,1017,866006
202405020903,4,8,13,クラリファイ,牡3,57.0,戸崎圭太,2:14.5,2.1/2,2-2-1-1,38.4,3.7,3.0,510.0,0.0,[東]萩原清,サンデーレーシング,83.0,2021110010,5386,1017,226800
202405020903,5,7,12,アルファウィンザー,牡3,57.0,北村宏司,2:14.5,クビ,13-11-10-7,37.8,58.8,9.0,442.0,-8.0,[東]田村康仁,貴悦,55.0,2021100432,1043,1027,472800
202405020903,6,5,8,ウェックスフォード,牡3,57.0,菅原明良,2:14.9,2,12-13-13-13,37.6,25.8,7.0,478.0,-2.0,[東]高木登,社台レースホース,0.0,2021105268,1179,1088,415800
202405020903,7,3,4,メインストリーム,牡3,57.0,三浦皇成,2:15.3,2.1/2,9-8-7-7,38.6,13.0,5.0,486.0,-2.0,[東]尾関知人,ノースヒルズ,0.0,2021106609,1122,1103,788800
202405020903,8,8,14,ブルズアイ,牡3,56.0,永野猛蔵,2:15.5,1.1/4,7-8-11-11,38.4,39.2,8.0,558.0,0.0,[東]松山将樹,プレミアムレースホース,0.0,2021100466,1188,1100,81700
202405020903,9,5,7,アイヲコメテ,牝3,55.0,丸田恭介,2:15.7,1,10-8-7-7,39.0,139.7,13.0,478.0,-8.0,[東]奥村武,高橋美雄,0.0,2021102780,1117,1145,72031
202405020903,10,6,10,タガノラデツキー,牝3,55.0,城戸義政,2:15.9,1.1/2,10-11-11-11,38.9,121.2,10.0,470.0,-6.0,[西]高橋一哉,八木良司,0.0,2021106556,1147,1206,859002
202405020903,11,3,3,サンブノワ,牡3,57.0,オシェア,2:16.0,1/2,4-4-4-3,39.6,10.0,4.0,508.0,-4.0,[西]斉藤崇史,吉田勝己,0.0,2021105546,5663,1151,790005
202405020903,12,6,9,エクササイズ,牡3,56.0,角田大和,2:16.6,3.1/2,1-1-2-3,40.1,140.3,14.0,460.0,-4.0,[西]角田晃一,畑佐博,0.0,2021103099,1186,1121,78006
202405020903,13,4,6,バウンドトゥウィン,牝3,52.0,長浜鴻緒,2:16.9,2,4-4-7-10,40.0,128.0,11.0,414.0,3.0,[東]小手川準,保坂和孝,0.0,2021104628,1214,1171,398030
202405020903,14,2,2,ビストワル,牡3,56.0,原優介,2:19.6,大,13-13-13-14,41.3,136.0,12.0,450.0,-2.0,[東]中舘英二,水上行雄,0.0,2021100640,1184,1153,482002
202405020904,1,2,4,ロジプラヤ,牡3,57.0,三浦皇成,1:34.0,,1-1,34.2,3.0,2.0,466.0,-12.0,[東]新開幸一,久米田正明,550.0,2021106104,1122,1116,399030
202405020904,2,5,9,レッドアトレーヴ,牡3,57.0,横山和生,1:34.4,2,14-14,33.0,2.4,1.0,480.0,4.0,[東]手塚貴久,東京ホースレーシング,220.0,2021105837,1140,1038,180800
202405020904,3,2,3,ロンフォン,牝3,55.0,横山武史,1:34.4,クビ,5-6,34.1,8.8,4.0,432.0,4.0,[東]久保田貴,窪田芳郎,140.0,2021105830,1170,1067,208008
202405020904,4,8,18,グローリアミノル,牡3,57.0,ルメール,1:34.5,1/2,12-12,33.4,3.9,3.0,460.0,0.0,[東]中舘英二,吉岡輝美,83.0,2021104432,5339,1153,337031
202405020904,5,4,7,サダージ,牝3,55.0,野中悠太,1:34.7,1.1/4,2-2,34.8,479.3,17.0,432.0,-6.0,[東]池上昌和,石井義人,55.0,2021100011,1158,1150,873033
202405020904,6,6,11,ヴァラムノス,牝3,55.0,大野拓弥,1:34.7,クビ,8-8,34.2,51.3,7.0,418.0,6.0,[東]田村康仁,野嶋祥二,0.0,2021102736,1096,1027,258033
202405020904,7,3,6,テンライ,牡3,56.0,永野猛蔵,1:34.7,ハナ,2-3,34.7,108.5,9.0,410.0,-4.0,[東]伊藤圭三,三度屋,0.0,2021102996,1188,1023,20803
202405020904,8,4,8,バビロン,牡3,57.0,北村宏司,1:35.1,2,9-8,34.5,176.1,11.0,422.0,-2.0,[東]栗田徹,村野康司,0.0,2021105114,1043,1127,338007
202405020904,9,8,17,ライトニングゼウス,牡3,57.0,木幡巧也,1:35.2,1/2,11-10,34.4,47.0,6.0,504.0,-2.0,[東]勢司和浩,谷岡毅,0.0,2021104058,1162,1047,967033
202405020904,10,7,15,プラクティコ,牡3,56.0,原優介,1:35.4,1.1/2,18-17,33.5,107.7,8.0,482.0,-4.0,[東]大竹正博,村野康司,0.0,2021101423,1184,1102,338007
202405020904,11,3,5,スカイライト,牡3,57.0,オシェア,1:35.5,クビ,5-5,35.3,19.4,5.0,464.0,4.0,[東]清水英克,天堀忠博,0.0,2021102002,5663,1080,510033
202405020904,12,5,10,アストロラヴ,牝3,55.0,吉田豊,1:35.5,クビ,5-6,35.2,337.2,15.0,440.0,-2.0,[東]村田一誠,佐上峻作,0.0,2021104293,733,1190,720031
202405020904,13,8,16,ヒナノマーチス,牡3,57.0,長岡禎仁,1:35.5,ハナ,16-15,33.7,549.8,18.0,430.0,-14.0,[東]本間忍,日向英二,0.0,2021102611,1142,1056,31031
202405020904,14,1,1,ショコラエクレール,牝3,55.0,菅原隆一,1:35.5,アタマ,16-17,33.5,315.8,14.0,438.0,4.0,[東]蛯名利弘,田頭勇貴,0.0,2021106010,1129,1131,855030
202405020904,15,6,12,ティキー,牝3,55.0,江田照男,1:35.6,クビ,9-10,34.9,253.9,13.0,424.0,2.0,[東]奥平雅士,ミルファーム,0.0,2021107373,689,1074,629800
202405020904,16,1,2,ニシノプリモ,牝3,55.0,武藤雅,1:35.6,クビ,12-12,34.6,476.6,16.0,394.0,6.0,[東]加藤和宏,西山茂行,0.0,2021107079,1169,1077,897009
202405020904,17,7,14,リンクアームズ,牝3,52.0,長浜鴻緒,1:35.9,2,14-15,34.2,222.3,12.0,386.0,-2.0,[東]和田勇介,ロードホースクラブ,0.0,2021100128,1214,1165,170800
202405020904,18,7,13,スラーヴァ,牡3,57.0,石川裕紀,1:36.0,クビ,4-3,35.9,160.8,10.0,464.0,-4.0,[東]村田一誠,鈴木康弘,0.0,2021103916,1150,1190,624007
202405020905,1,3,5,ダノンホイットニー,牝3,55.0,ルメール,1:59.2,,5-5-6,34.6,1.7,1.0,430.0,6.0,[東]大竹正博,ダノックス,550.0,2021105639,5339,1102,619800
202405020905,2,6,12,フォティーゾ,牡3,57.0,横山武史,1:59.2,クビ,4-4-4,34.8,5.2,2.0,488.0,-6.0,[東]宮田敬介,社台レースホース,220.0,2021105083,1170,1175,415800
202405020905,3,1,1,リュラグリーン,牝3,52.0,長浜鴻緒,1:59.6,2,2-3-3,35.4,30.3,8.0,466.0,18.0,[東]相沢郁,斎藤光政,140.0,2021102088,1214,1020,295007
202405020905,4,1,2,シュヴァルエレ,牡3,57.0,吉田豊,1:59.8,1.1/4,1-1-1,36.0,5.6,3.0,512.0,-12.0,[東]的場均,田頭勇貴,83.0,2021106405,733,1063,855030
202405020905,5,5,10,シドニーライト,牡3,57.0,江田照男,1:59.8,クビ,9-9-8,35.0,29.4,7.0,464.0,-4.0,[東]中舘英二,高橋文男,55.0,2021100649,689,1153,371009
202405020905,6,4,7,ベッティーナ,牝3,55.0,北村宏司,2:00.0,1.1/2,12-11-11,34.7,97.5,11.0,426.0,-6.0,[東]池上昌和,市瀬章,0.0,2021104766,1043,1150,748030
202405020905,7,8,18,テイキットイージー,牡3,57.0,津村明秀,2:00.1,1/2,12-13-13,34.6,61.2,9.0,428.0,4.0,[東]萱野浩二,ビッグレッドファーム,0.0,2021101088,1092,1024,716800
202405020905,8,7,15,コスモアミマネラ,牡3,57.0,武藤雅,2:00.2,クビ,2-2-2,36.2,175.0,14.0,468.0,-6.0,[東]宗像義忠,ビッグレッドファーム,0.0,2021106768,1169,420,716800
202405020905,9,2,3,メイショウウミカゼ,牡3,57.0,大野拓弥,2:00.4,1.1/2,12-13-13,34.8,128.6,12.0,442.0,-4.0,[東]和田勇介,松本好雄,0.0,2021103269,1096,1165,523005
202405020905,10,6,11,ウインベルレーヌ,牝3,55.0,松岡正海,2:01.0,3.1/2,7-5-4,36.5,67.0,10.0,440.0,-8.0,[東]宗像義忠,ウイン,0.0,2021106198,1085,420,494800
202405020905,11,3,6,アイムフィアレス,牝3,55.0,木幡巧也,2:01.0,アタマ,15-15-15,35.3,213.5,15.0,416.0,-2.0,[東]奥平雅士,サラブレッドクラブ・ラフィアン,0.0,2021106771,1162,1074,546800
202405020905,12,8,16,トキメキタロー,牡3,57.0,丸田恭介,2:01.3,2,17-17-17,35.3,315.4,18.0,424.0,-8.0,[東]佐藤吉勝,片岡正雄,0.0,2021100282,1117,1035,268006
202405020905,13,5,9,アドマイヤポーシュ,牡3,56.0,永野猛蔵,2:01.5,1,10-10-10,36.4,21.5,5.0,462.0,0.0,[東]宮田敬介,近藤旬子,0.0,2021105366,1188,1175,535031
202405020905,14,8,17,コスモロイロ,牡3,56.0,原優介,2:02.1,4,15-15-15,36.4,257.7,17.0,466.0,0.0,[東]栗田徹,ビッグレッドファーム,0.0,2021106796,1184,1127,716800
202405020905,15,7,13,クイーンズクラウン,牝3,55.0,野中悠太,2:02.2,1/2,7-8-8,37.3,26.1,6.0,494.0,-10.0,[東]宮田敬介,シルクレーシング,0.0,2021105737,1158,1175,506800
202405020905,16,4,8,サトノリアン,牡3,57.0,オシェア,2:02.7,3,17-18-18,36.2,14.2,4.0,484.0,0.0,[東]国枝栄,里見治,0.0,2021104155,5663,399,790031
202405020905,17,2,4,カミノケンシン,牡3,56.0,松本大輝,2:02.9,1,10-11-11,37.6,254.5,16.0,478.0,12.0,[東]奥平雅士,村上正喜,0.0,2021109071,1191,1074,913008
202405020905,18,7,14,ビクトリーフォース,牡3,57.0,石川裕紀,2:04.1,7,5-5-6,39.4,155.5,13.0,476.0,-6.0,[東]林徹,グリーンファーム,0.0,2021105043,1150,1163,148800
202405020906,1,6,6,アッシュルバニパル,牡3,57.0,ルメール,1:36.2,,4-2,35.5,1.1,1.0,510.0,-4.0,[東]田中博康,吉田和美,780.0,2021110128,5339,1162,138007
202405020906,2,8,9,アスクデビューモア,牡3,54.0,長浜鴻緒,1:37.4,7,10-10,35.7,15.6,3.0,464.0,0.0,[西]福永祐一,廣崎利洋ＨＤ,310.0,2021104824,1214,1203,37803
202405020906,3,1,1,ピコニ,牡3,57.0,木幡巧也,1:37.5,1/2,7-5,36.6,64.7,6.0,496.0,2.0,[東]牧光二,石部高史,200.0,2021101727,1162,1106,852031
202405020906,4,7,7,フイノマジワリ,牝3,55.0,田辺裕信,1:37.8,1.3/4,4-5,36.9,30.1,5.0,436.0,-2.0,[東]竹内正洋,由井健太郎,120.0,2021101415,1075,1152,44803
202405020906,5,7,8,メイショウカシワデ,牡3,56.0,角田大和,1:38.0,1.1/2,3-2,37.3,11.7,2.0,456.0,4.0,[西]角田晃一,松本好雄,78.0,2021103154,1186,1121,523005
202405020906,6,3,3,フェンダー,牡3,57.0,オシェア,1:38.1,1/2,9-9,36.7,17.2,4.0,512.0,-4.0,[西]斉藤崇史,シルクレーシング,0.0,2021105753,5663,1151,506800
202405020906,7,4,4,タンゴノアール,牡3,56.0,永野猛蔵,1:39.1,6,6-8,37.9,67.4,7.0,484.0,0.0,[東]伊藤圭三,千葉正人,0.0,2021104256,1188,1023,432030
202405020906,8,5,5,ミルトパワー,牡3,56.0,原優介,1:39.2,1/2,7-5,38.2,93.0,9.0,500.0,0.0,[東]武市康男,永山勝敏,0.0,2021103691,1184,1089,695033
202405020906,9,2,2,エンブレムボム,牡3,57.0,戸崎圭太,1:40.5,8,2-2,39.8,77.9,8.0,498.0,-4.0,[西]森秀行,サヴァイブホースレーシング,0.0,2021110134,5386,427,387803
202405020906,10,8,10,ドルチアーリア,牝3,54.0,松本大輝,1:41.0,3,1-1,40.4,224.6,10.0,478.0,4.0,[西]新谷功一,社台レースホース,0.0,2021105251,1191,1172,415800
202405020907,1,7,14,ダッチアイリス,牝4,56.0,吉田豊,1:33.3,,7-7,33.9,6.4,4.0,438.0,4.0,[東]相沢郁,杵臼牧場,800.0,2020106392,733,1020,361800
202405020907,2,3,6,ヴァンガーズハート,セ5,58.0,石川裕紀,1:33.3,アタマ,13-13,33.3,7.9,5.0,520.0,0.0,[東]鹿戸雄一,キャロットファーム,320.0,2019105187,1150,1097,486800
202405020907,3,3,5,テンペスト,牝4,56.0,ルメール,1:33.4,クビ,5-4,34.2,3.0,2.0,450.0,12.0,[東]国枝栄,キャロットファーム,200.0,2020103416,5339,399,486800
202405020907,4,5,9,アサクサヴィーナス,牝4,56.0,戸崎圭太,1:33.4,クビ,2-2,34.6,2.6,1.0,458.0,0.0,[東]高柳瑞樹,田原慶子,120.0,2020102741,5386,1118,537009
202405020907,5,2,3,ハーエクセレンシー,牝4,56.0,津村明秀,1:33.8,2,7-7,34.4,6.3,3.0,428.0,4.0,[東]大和田成,社台レースホース,80.0,2020102982,1092,1124,415800
202405020907,6,8,15,オルノア,牝4,56.0,三浦皇成,1:34.0,1.1/4,3-3,35.0,54.3,7.0,484.0,-3.0,[西]新谷功一,ノルマンディーサラブレッドレーシング,0.0,2020103929,1122,1172,854800
202405020907,7,5,10,サクラオーラ,牝5,56.0,武藤雅,1:34.1,3/4,12-13,34.1,54.4,8.0,424.0,-4.0,[東]田中博康,さくらコマース,0.0,2019106280,1169,1162,19800
202405020907,8,6,12,コスモメイゲツ,牡4,58.0,オシェア,1:34.1,クビ,9-9,34.5,354.7,15.0,478.0,-4.0,[東]矢嶋大樹,ビッグレッドファーム,0.0,2020105770,5663,1202,716800
202405020907,9,6,11,サルトルーヴィル,牡4,58.0,木幡巧也,1:34.2,クビ,5-4,35.1,236.7,12.0,498.0,-8.0,[東]牧光二,ニッシンホールディングス,0.0,2020101896,1162,1106,318803
202405020907,10,2,4,タフトテソーロ,牡5,57.0,永野猛蔵,1:34.2,クビ,15-15,33.9,187.9,11.0,454.0,-2.0,[東]千葉直人,了徳寺健二ホールディングス,0.0,2019103663,1188,1199,89803
202405020907,11,4,8,スイーツバイキング,牝4,55.0,原優介,1:34.3,クビ,1-1,36.0,40.7,6.0,454.0,-2.0,[東]大竹正博,ＹＴレーシング,0.0,2020104477,1184,1102,422030
202405020907,12,1,2,マイショウチャン,牡4,55.0,長浜鴻緒,1:35.1,5,10-10,35.3,58.8,9.0,446.0,2.0,[東]相沢郁,星野壽市,0.0,2020102207,1214,1020,265006
202405020907,13,8,16,ニシノベストワン,牡4,57.0,松本大輝,1:35.2,1/2,13-10,35.4,130.6,10.0,456.0,0.0,[西]新谷功一,西山茂行,0.0,2020106561,1191,1172,897009
202405020907,14,7,13,レッドカメリア,牝4,56.0,長岡禎仁,1:35.4,1,15-15,35.1,397.3,16.0,432.0,0.0,[東]佐藤吉勝,清水敏,0.0,2020100084,1142,1035,411033
202405020907,15,1,1,ウワサノアノコ,牝4,56.0,丸田恭介,1:36.4,6,10-10,36.6,288.3,13.0,408.0,-2.0,[東]石栗龍彦,栗山道郎,0.0,2020100624,1117,1043,781002
202405020907,16,4,7,ラインアンジェラ,牝4,56.0,柴田善臣,1:37.1,4,3-4,37.9,314.7,14.0,468.0,10.0,[東]水野貴広,大澤繁昌,0.0,2020103999,641,1094,796002
202405020908,1,7,14,ショウナンアビアス,牡4,58.0,オシェア,1:24.7,,4-4,35.7,4.8,3.0,504.0,-4.0,[東]加藤士津,国本哲秀,800.0,2020104597,5663,1169,331002
202405020908,2,4,7,トーセンサウダージ,牡4,58.0,大野拓弥,1:24.8,クビ,8-8,35.3,14.4,6.0,518.0,8.0,[東]杉浦宏昭,島川隆哉,320.0,2020102468,1096,1008,270006
202405020908,3,8,16,トルーマンテソーロ,牡5,58.0,柴田大知,1:24.8,アタマ,1-1,36.3,15.4,7.0,532.0,0.0,[東]小手川準,了徳寺健二ホールディングス,200.0,2019102082,1009,1171,89803
202405020908,4,3,5,シャーンゴッセ,セ4,58.0,ルメール,1:25.0,1.1/2,4-4,36.0,4.3,2.0,492.0,0.0,[東]蛯名正義,インゼルレーシング,120.0,2020106930,5339,1191,356803
202405020908,5,7,13,リプレゼント,牡4,58.0,北村宏司,1:25.2,1.1/4,2-2,36.3,3.6,1.0,502.0,2.0,[東]高柳瑞樹,藤田晋,80.0,2020103559,1043,1118,232031
202405020908,6,6,11,セキテイオー,牡5,58.0,松岡正海,1:25.3,3/4,6-6,36.0,14.0,5.0,474.0,2.0,[東]田中剛,杉山元洋,0.0,2019101351,1085,1119,564031
202405020908,7,2,3,オブシディアン,牡4,58.0,武藤雅,1:25.4,クビ,9-8,35.8,76.7,15.0,522.0,-2.0,[東]武藤善則,田頭勇貴,0.0,2020100307,1169,1064,855030
202405020908,8,4,8,ダノンアーリー,牡5,58.0,戸崎圭太,1:25.5,1/2,10-10,35.8,9.9,4.0,476.0,0.0,[東]森一誠,ダノックス,0.0,2019105376,5386,1201,619800
202405020908,9,5,9,トルズイーガー,牡4,57.0,永野猛蔵,1:25.6,クビ,10-10,35.8,28.7,10.0,510.0,-12.0,[東]伊藤圭三,モンレーヴ,0.0,2020104135,1188,1023,133803
202405020908,10,5,10,カサブランカキッド,牡4,55.0,長浜鴻緒,1:25.6,ハナ,12-12,35.4,72.2,14.0,520.0,12.0,[東]和田勇介,山本雅道,0.0,2020104936,1214,1165,104031
202405020908,11,2,4,パイリヴレ,牝4,56.0,横山武史,1:25.7,3/4,2-2,36.9,23.7,9.0,482.0,2.0,[東]鈴木伸尋,ウエスト．フォレスト．ステイブル,0.0,2020105326,1170,1026,368803
202405020908,12,3,6,レッツリブオン,セ5,58.0,丸田恭介,1:26.0,1.3/4,13-12,35.8,29.1,11.0,468.0,2.0,[東]伊藤大士,ミルファーム,0.0,2019104135,1117,1109,629800
202405020908,13,1,1,プチボヌール,牝4,55.0,原優介,1:26.3,1.3/4,6-6,37.0,71.9,13.0,440.0,4.0,[東]畠山吉宏,村野康司,0.0,2020102962,1184,1048,338007
202405020908,14,8,15,ピエフォール,牡4,58.0,江田照男,1:26.3,クビ,15-15,35.7,41.8,12.0,574.0,2.0,[東]蛯名正義,グリーンファーム,0.0,2020103253,689,1191,148800
202405020908,15,1,2,ニシノシークレット,牡4,58.0,田辺裕信,1:26.7,2.1/2,13-12,36.5,18.9,8.0,492.0,8.0,[東]村田一誠,西山茂行,0.0,2020100383,1075,1190,897009
202405020908,16,6,12,イルディヴィーノ,セ4,58.0,津村明秀,1:27.5,5,15-15,36.9,95.7,16.0,480.0,2.0,[東]稲垣幸雄,キャロットファーム,0.0,2020103349,1092,1167,486800
202405020909,1,5,5,カンティアーモ,牝3,55.0,ルメール,1:46.8,,4-4-5,33.9,1.6,1.0,504.0,8.0,[東]木村哲也,シルクレーシング,1095.9,2021105860,5339,1126,506800
202405020909,2,6,7,ニューステソーロ,牝3,55.0,菅原明良,1:46.8,アタマ,2-1-1,34.5,8.9,4.0,480.0,-6.0,[東]高木登,了徳寺健二ホールディングス,437.4,2021100206,1179,1088,89803
202405020909,3,2,2,メルトユアハート,牝3,55.0,横山和生,1:47.1,1.1/2,1-3-3,34.5,8.1,3.0,498.0,10.0,[西]長谷川浩,ロードホースクラブ,273.7,2021100143,1140,1173,170800
202405020909,4,4,4,レッセパッセ,牝3,55.0,津村明秀,1:47.4,1.3/4,4-7-7,34.3,113.5,11.0,368.0,0.0,[西]西園翔太,ビッグレッドファーム,160.0,2021106826,1092,1196,716800
202405020909,5,8,10,トレミニョン,牝3,55.0,横山武史,1:47.4,ハナ,4-4-5,34.6,18.7,6.0,460.0,4.0,[東]和田勇介,社台レースホース,107.0,2021105144,1170,1165,415800
202405020909,6,6,6,ミスティア,牝3,55.0,松岡正海,1:47.6,1,3-2-2,35.2,8.9,5.0,466.0,-2.0,[東]戸田博文,小濱忠一,0.0,2021105802,1085,1054,166033
202405020909,7,1,1,ミエノブラボー,牝3,55.0,三浦皇成,1:47.6,クビ,4-4-3,35.1,23.1,7.0,464.0,-4.0,[東]宗像義忠,里見美惠子,0.0,2021104137,1122,420,414030
202405020909,8,3,3,スノーディーヴァ,牝3,55.0,内田博幸,1:47.6,クビ,8-9-7,34.5,84.7,10.0,450.0,6.0,[東]深山雅史,ノルマンディーサラブレッドレーシング,0.0,2021103504,422,1174,854800
202405020909,9,7,8,ニシノコイゴコロ,牝3,55.0,野中悠太,1:47.9,1.1/2,11-9-9,34.6,48.6,8.0,430.0,0.0,[東]根本康広,西山茂行,0.0,2021100189,1158,1029,897009
202405020909,10,8,11,アトロルーベンス,牝3,55.0,戸崎圭太,1:48.6,4,8-8-9,35.3,7.1,2.0,472.0,8.0,[西]高野友和,吉田勝己,0.0,2021105488,5386,1117,790005
202405020909,11,7,9,チカミリオン,牝3,55.0,オシェア,1:49.3,4,10-11-11,35.6,56.3,9.0,480.0,-4.0,[西]大久保龍,松島千佳,0.0,2021103225,5663,1058,384031
202405020910,1,5,6,タガノシャーンス,牝4,56.0,津村明秀,1:21.2,,2-2,33.8,4.7,2.0,452.0,-4.0,[西]中尾秀正,八木良司,1576.6,2020105539,1092,1069,859002
202405020910,2,6,7,エリーズダイヤ,牝4,56.0,戸崎圭太,1:21.2,ハナ,3-3,33.6,2.1,1.0,474.0,-6.0,[東]戸田博文,青芝商事,627.6,2020102734,5386,1054,831800
202405020910,3,5,5,ロードカテドラル,牡5,58.0,菅原明良,1:21.4,1.1/4,7-6,33.2,7.7,3.0,508.0,-6.0,[東]斎藤誠,ロードホースクラブ,393.8,2019103014,1179,1086,170800
202405020910,4,1,1,プレジャークルーズ,牝4,56.0,オシェア,1:21.5,クビ,1-1,34.5,7.9,4.0,504.0,4.0,[東]大竹正博,吉田照哉,230.0,2020103093,5663,1102,758005
202405020910,5,6,8,サイヤダンサー,牡7,58.0,柴田善臣,1:21.5,クビ,4-4,33.6,116.6,11.0,466.0,4.0,[東]深山雅史,ウエスト．フォレスト．ステイブル,155.0,2017101571,641,1174,368803
202405020910,6,3,3,デルマカンノン,牝6,56.0,長岡禎仁,1:21.5,アタマ,5-6,33.3,17.5,7.0,454.0,-4.0,[西]緒方努,浅沼廣幸,0.0,2018103611,1142,1193,274002
202405020910,7,8,12,ダンディジャック,牡5,58.0,田辺裕信,1:21.7,1.1/4,9-9,32.9,43.7,9.0,506.0,-10.0,[東]佐藤吉勝,サンコウ牧場,0.0,2019106097,1075,1035,738800
202405020910,8,7,9,アスクエピソード,牡4,58.0,三浦皇成,1:21.8,クビ,8-8,33.2,8.9,5.0,458.0,-4.0,[西]藤原英昭,廣崎利洋ＨＤ,0.0,2020101031,1122,1055,37803
202405020910,9,7,10,セイウンダマシイ,牡4,58.0,大野拓弥,1:21.9,3/4,5-4,33.9,190.8,12.0,468.0,-2.0,[東]武市康男,西山茂行,0.0,2020100258,1096,1089,897009
202405020910,10,4,4,ゴッドファーザー,牡4,58.0,横山和生,1:22.2,2,10-10,33.2,14.1,6.0,504.0,2.0,[東]萩原清,ＮＩＣＫＳ,0.0,2020101721,1140,1017,887800
202405020910,11,8,11,フラッシュアーク,牝5,56.0,永野猛蔵,1:22.3,3/4,12-12,32.9,81.8,10.0,476.0,0.0,[東]青木孝文,小林薫,0.0,2019100593,1188,1156,892002
202405020910,12,2,2,マルプリ,牝4,56.0,原優介,1:22.4,1/2,10-10,33.3,26.3,8.0,464.0,12.0,[東]青木孝文,中丸裕嗣,0.0,2020104983,1184,1156,23803
202405020911,1,8,16,プレサージュリフト,牝5,55.5,ルメール,1:45.1,,3-4-3,33.8,2.9,1.0,486.0,0.0,[東]木村哲也,サンデーレーシング,2433.6,2019105226,5339,1126,226800
202405020911,2,6,11,オニャンコポン,牡5,57.0,菅原明良,1:45.1,アタマ,2-2-2,34.0,10.5,5.0,482.0,8.0,[東]小島茂之,田原邦男,969.6,2019104756,1179,1068,16008
202405020911,3,5,9,シルトホルン,牡4,57.0,大野拓弥,1:45.2,クビ,1-1-1,34.3,7.6,4.0,476.0,6.0,[東]新開幸一,ディアレストクラブ,604.8,2020105424,1096,1116,13803
202405020911,4,7,13,クルゼイロドスル,牡4,56.0,津村明秀,1:45.4,1.1/4,6-3-3,34.2,5.3,3.0,490.0,2.0,[西]高橋義忠,ゴドルフィン,360.0,2020101813,1092,1129,3060
202405020911,5,4,8,カレンシュトラウス,牡7,55.0,石川裕紀,1:45.5,1/2,6-7-6,33.7,56.5,11.0,518.0,-8.0,[西]平田修,鈴木隆司,240.0,2017102897,1150,1082,869006
202405020911,6,1,1,ヒップホップソウル,牝4,55.0,戸崎圭太,1:45.6,1/2,4-4-3,34.3,11.5,6.0,496.0,0.0,[東]木村哲也,社台レースホース,0.0,2020102942,5386,1126,415800
202405020911,7,5,10,グリューネグリーン,牡4,56.0,田辺裕信,1:45.6,クビ,8-8-8,33.6,23.7,8.0,500.0,2.0,[東]相沢郁,斎藤光政,0.0,2020102194,1075,1020,295007
202405020911,8,8,15,ジューンオレンジ,牝4,54.0,横山和生,1:46.0,2.1/2,12-12-12,33.5,20.3,7.0,454.0,-8.0,[西]長谷川浩,吉川潤,0.0,2020100909,1140,1173,17803
202405020911,9,1,2,プラチナトレジャー,牡6,55.0,横山武史,1:46.1,1/2,8-8-8,34.1,5.2,2.0,486.0,2.0,[東]国枝栄,嶋田賢,0.0,2018104261,1170,399,399009
202405020911,10,3,5,レインフロムヘヴン,セ6,55.0,三浦皇成,1:46.1,クビ,10-10-10,33.8,25.4,9.0,448.0,-6.0,[東]堀宣行,社台レースホース,0.0,2018105573,1122,1070,415800
202405020911,11,7,14,シーズンリッチ,牡4,57.0,北村宏司,1:46.3,1.1/4,14-12-12,33.8,93.1,13.0,508.0,-6.0,[東]久保田貴,宇田豊,0.0,2020103275,1043,1067,39030
202405020911,12,3,6,コスモカレンドゥラ,牡8,54.0,柴田大知,1:46.5,3/4,10-10-10,34.2,224.9,16.0,472.0,2.0,[東]粕谷昌央,ビッグレッドファーム,0.0,2016100763,1009,1096,716800
202405020911,13,2,3,バラジ,セ5,56.0,永野猛蔵,1:46.5,ハナ,13-14-14,33.7,26.5,10.0,500.0,-8.0,[東]鹿戸雄一,岡田牧雄,0.0,2019106698,1188,1097,851009
202405020911,14,6,12,エンペザー,牡5,55.0,吉田豊,1:46.8,2,4-6-6,35.1,80.7,12.0,494.0,4.0,[西]田中克典,リーヴァ,0.0,2019102888,733,1180,781800
202405020911,15,2,4,カルリーノ,牡8,53.0,原優介,1:46.9,1/2,15-14-14,34.2,170.5,15.0,522.0,-4.0,[東]矢嶋大樹,Ｇリビエール・レーシング,0.0,2016101865,1184,1202,98803
202405020911,16,4,7,アサマノイタズラ,牡6,55.0,オシェア,1:47.1,1.1/4,16-16-16,33.9,118.3,14.0,506.0,-2.0,[東]手塚貴久,星野壽市,0.0,2018101071,5663,1038,265006
202405020912,1,7,13,マテンロウガイ,牡4,57.0,角田大和,2:10.7,,6-6-6-6,38.7,9.1,5.0,500.0,-14.0,[西]角田晃一,寺田千代乃,1140.0,2020101036,1186,1121,534006
202405020912,2,2,4,トクシースタローン,牡5,58.0,内田博幸,2:10.7,クビ,11-11-10-9,37.8,7.9,3.0,498.0,-6.0,[東]辻哲英,ＡＩレーシング,460.0,2019103728,422,1182,250033
202405020912,3,1,1,トーセンクライスト,牡5,58.0,丸田恭介,2:10.9,1,13-13-13-10,37.7,13.1,7.0,520.0,0.0,[東]宗像義忠,島川隆哉,290.0,2019104467,1117,420,270006
202405020912,4,5,9,ウィンターダフネ,牝4,56.0,オシェア,2:11.0,1/2,2-2-2-2,40.0,105.1,13.0,480.0,0.0,[東]国枝栄,金子真人ホールディングス,170.0,2020103246,5663,399,708800
202405020912,5,6,12,フミヤングフェイス,牡4,57.0,松本大輝,2:11.0,クビ,13-13-13-14,37.5,8.1,4.0,516.0,14.0,[西]新谷功一,ＳＴレーシング,114.0,2020101960,1191,1172,874033
202405020912,6,1,2,アトラクティーボ,牡5,58.0,三浦皇成,2:11.3,1.1/2,8-8-7-7,38.8,10.1,6.0,534.0,0.0,[東]武藤善則,ノースヒルズ,0.0,2019100641,1122,1064,788800
202405020912,7,8,15,シュプリンガー,セ5,58.0,長岡禎仁,2:11.4,1/2,5-5-5-5,39.8,18.0,10.0,494.0,-8.0,[西]小栗実,ライオンレースホース,0.0,2019104636,1142,1194,542800
202405020912,8,6,11,サハラヴァンクール,牡6,58.0,田辺裕信,2:11.6,1.1/4,15-15-15-15,37.8,216.3,16.0,484.0,-6.0,[東]和田勇介,首藤徳,0.0,2018101704,1075,1165,161006
202405020912,9,5,10,トーアシオン,セ8,58.0,大野拓弥,2:11.8,1.1/2,11-11-10-10,38.6,40.8,11.0,484.0,4.0,[東]辻哲英,高山ランド,0.0,2016104152,1096,1182,784800
202405020912,10,4,8,ガンウルフ,牡4,55.0,長浜鴻緒,2:12.3,3,1-1-1-1,41.4,5.6,2.0,484.0,0.0,[西]藤岡健一,前原敏行,0.0,2020110120,1214,1062,427030
202405020912,11,3,6,トーホウボルツ,牡6,58.0,横山和生,2:13.3,6,3-3-3-3,41.9,16.7,9.0,486.0,12.0,[東]嘉藤貴行,東豊物産,0.0,2018103018,1140,1195,965800
202405020912,12,7,14,ソリダリティ,牡5,57.0,原優介,2:13.8,3,3-3-3-3,42.4,16.2,8.0,506.0,-4.0,[西]西園翔太,シルクレーシング,0.0,2019105462,1184,1196,506800
202405020912,13,4,7,アコークロー,牝5,56.0,戸崎圭太,2:13.8,クビ,16-16-16-16,39.6,3.3,1.0,492.0,0.0,[東]大竹正博,Ｇ１レーシング,0.0,2019104478,5386,1102,808800
202405020912,14,8,16,マコトヴィクラント,牡4,58.0,北村宏司,2:14.7,5,6-6-7-10,41.4,167.6,15.0,466.0,-14.0,[西]鮫島一歩,ディアマント,0.0,2020104940,1043,1046,864800
202405020912,15,3,5,コウユーパパニニテ,牡5,58.0,吉田豊,2:15.0,1.3/4,9-9-10-13,41.6,63.3,12.0,524.0,2.0,[東]辻哲英,加治屋貞光,0.0,2019100119,733,1182,116033
202405020912,16,2,3,ワカミヤプレスト,牡5,58.0,松岡正海,2:15.0,クビ,9-9-7-8,42.2,158.3,14.0,508.0,-10.0,[東]稲垣幸雄,芳川貴行,0.0,2019104546,1085,1167,253030
202405021001,1,4,7,エイシンホイップ,牝3,55.0,吉田豊,1:25.6,,8-5,36.4,10.8,4.0,462.0,0.0,[東]田中剛,栄進堂,550.0,2021100088,733,1119,785800
202405021001,2,7,14,エクサビット,牝3,55.0,オシェア,1:25.7,1/2,5-5,36.5,1.7,1.0,454.0,0.0,[東]萩原清,キャロットファーム,220.0,2021105710,5663,1017,486800
202405021001,3,8,15,エリカポラリス,牝3,54.0,永野猛蔵,1:26.2,3,2-2,37.2,17.0,5.0,440.0,12.0,[東]伊藤圭三,唐澤絵里加,140.0,2021103739,1188,1023,613031
202405021001,4,4,8,ベルブリエ,牝3,55.0,横山武史,1:26.2,クビ,15-12,36.1,22.9,6.0,448.0,4.0,[東]尾関知人,ノースヒルズ,83.0,2021106639,1170,1103,788800
202405021001,5,6,12,ハドソンテソーロ,牝3,55.0,菅原明良,1:26.3,クビ,1-1,37.5,49.5,8.0,456.0,-8.0,[東]嘉藤貴行,了徳寺健二ホールディングス,55.0,2021103387,1179,1195,89803
202405021001,6,1,1,ルーフオブヘヴン,牝3,55.0,武藤雅,1:26.6,1.3/4,16-12,36.5,26.4,7.0,460.0,6.0,[東]武藤善則,吉田晴哉,0.0,2021104874,1169,1064,231033
202405021001,7,5,9,フォクシー,牝3,55.0,松岡正海,1:26.9,2,10-10,37.2,52.4,10.0,416.0,4.0,[東]畠山吉宏,竹内敬輔,0.0,2021102774,1085,1048,682031
202405021001,8,1,2,ノーブルシャン,牝3,55.0,ルメール,1:27.1,1.1/4,4-4,38.0,3.8,2.0,462.0,6.0,[東]加藤征弘,ＮＩＣＫＳ,0.0,2021101568,5339,1059,887800
202405021001,9,8,16,ニシノサイエン,牝3,55.0,野中悠太,1:27.5,2.1/2,8-7,38.0,119.8,12.0,466.0,-2.0,[東]小手川準,西山茂行,0.0,2021107003,1158,1171,897009
202405021001,10,2,3,ゴーゴーケイコ,牝3,55.0,松山弘平,1:27.8,1.1/2,2-2,38.9,10.7,3.0,460.0,2.0,[東]中舘英二,中村規,0.0,2021106562,1126,1153,91034
202405021001,11,3,5,ロジスクリーン,牝3,55.0,大野拓弥,1:28.3,3,12-10,38.5,191.0,14.0,410.0,8.0,[東]新開幸一,久米田正明,0.0,2021101373,1096,1116,399030
202405021001,12,5,10,ピュアバブル,牝3,54.0,原優介,1:28.3,ハナ,5-9,38.7,52.1,9.0,438.0,-4.0,[東]奥村武,ディアレストクラブ,0.0,2021103829,1184,1145,13803
202405021001,13,6,11,コムダビチュード,牝3,55.0,黛弘人,1:28.3,1/2,12-16,38.1,309.3,15.0,452.0,2.0,[東]南田美知,ミルファーム,0.0,2021101197,1109,437,629800
202405021001,14,2,4,ヒカルエリザベス,牝3,55.0,的場勇人,1:28.4,1/2,7-7,39.0,173.0,13.0,466.0,-4.0,[東]的場均,安蒜一修,0.0,2021104487,1108,1063,482033
202405021001,15,3,6,ハーデンベルギア,牝3,55.0,内田博幸,1:28.6,1.1/4,12-12,38.6,363.1,16.0,440.0,6.0,[東]南田美知,ミルファーム,0.0,2021103330,422,437,629800
202405021001,16,7,13,プリティドヌーヴ,牝3,55.0,岩田望来,1:31.3,大,10-12,41.3,100.1,11.0,412.0,4.0,[東]矢野英一,井山登,0.0,2021106067,1174,1108,149002
202405021002,1,8,16,レオスパーク,牡3,57.0,津村明秀,1:37.4,,1-1,38.1,5.5,3.0,508.0,-2.0,[東]牧光二,レオ,550.0,2021102658,1092,1106,209800
202405021002,2,6,11,アルマジャック,セ3,57.0,内田博幸,1:38.9,9,16-14,37.4,109.7,10.0,458.0,-4.0,[東]中舘英二,コウトミックレーシング,220.0,2021100518,422,1153,95700
202405021002,3,2,3,アショカ,牡3,57.0,オシェア,1:38.9,ハナ,7-5,38.8,7.9,5.0,476.0,-6.0,[東]久保田貴,草間庸文,140.0,2021103295,5663,1067,909006
202405021002,4,2,4,プラムダンディ,牡3,57.0,石川裕紀,1:38.9,クビ,4-4,39.1,3.1,1.0,440.0,4.0,[東]尾形和幸,佐藤壽男,83.0,2021100389,1150,1141,274008
202405021002,5,8,15,プエルトガレラ,牡3,57.0,木幡巧也,1:38.9,クビ,2-2,39.4,190.2,14.0,438.0,-4.0,[東]小笠倫弘,丸山担,55.0,2021100955,1162,1076,922030
202405021002,6,1,1,グラスフェロー,セ3,57.0,大野拓弥,1:38.9,ハナ,10-9,38.2,148.8,12.0,464.0,-2.0,[東]佐藤吉勝,半沢,0.0,2021103906,1096,1035,541800
202405021002,7,6,12,フリーマントル,牡3,57.0,岩田望来,1:39.0,1/2,6-5,38.8,4.4,2.0,502.0,0.0,[東]斎藤誠,小村アセットＭ,0.0,2021104868,1174,1086,783800
202405021002,8,7,13,アーススピリット,牡3,57.0,柴田大知,1:39.6,3.1/2,13-11,38.4,196.4,15.0,504.0,-4.0,[東]粕谷昌央,松山増男,0.0,2021105339,1009,1096,339008
202405021002,9,5,9,ツマヤ,牡3,54.0,長浜鴻緒,1:39.6,アタマ,12-14,38.2,17.4,7.0,534.0,2.0,[東]相沢郁,林秀宣,0.0,2021102707,1214,1020,688031
202405021002,10,7,14,アルヴィア,牡3,57.0,田辺裕信,1:39.8,1.1/4,7-9,39.1,9.7,6.0,478.0,2.0,[東]小西一男,小泉修,0.0,2021106965,1075,405,842033
202405021002,11,4,8,レッドラウル,牡3,57.0,横山和生,1:40.2,2.1/2,7-7,39.7,6.0,4.0,542.0,6.0,[東]国枝栄,東京ホースレーシング,0.0,2021103233,1140,399,180800
202405021002,12,5,10,コヴィーニャ,牡3,57.0,坂井瑠星,1:40.3,クビ,14-11,39.1,50.2,8.0,466.0,-4.0,[東]池上昌和,吉田照哉,0.0,2021107172,1163,1150,758005
202405021002,13,3,6,エイシンボンバー,牡3,57.0,木幡育也,1:40.8,3.1/2,10-11,39.6,150.3,13.0,500.0,0.0,[東]勢司和浩,栄進堂,0.0,2021103632,1167,1047,785800
202405021002,14,4,7,マンダレー,牡3,56.0,永野猛蔵,1:41.1,1.1/2,4-7,40.6,125.1,11.0,496.0,0.0,[東]田島俊明,村野康司,0.0,2021101071,1188,1112,338007
202405021002,15,3,5,ヴォーグアルタイル,牡3,57.0,松岡正海,1:41.6,3,2-2,42.0,91.0,9.0,442.0,0.0,[東]田中剛,志村幸彦,0.0,2021104483,1085,1119,893030
202405021002,16,1,2,エクラメテオール,牡3,57.0,丸田恭介,1:41.7,3/4,15-14,40.2,203.7,16.0,486.0,-6.0,[東]堀内岳志,ノルマンディーサラブレッドレーシング,0.0,2021103492,1117,1189,854800
202405021003,1,8,16,グランプリショット,牡3,57.0,横山武史,1:18.9,,1-1,36.1,1.9,1.0,492.0,4.0,[東]加藤征弘,イージス,550.0,2021104631,1170,1059,818800
202405021003,2,7,13,ニシノヴィヴィ,牝3,55.0,岩田望来,1:19.4,3,2-2,36.5,22.1,7.0,440.0,6.0,[東]矢野英一,西山茂行,220.0,2021100948,1174,1108,897009
202405021003,3,1,2,アイランドピーク,牡3,56.0,原優介,1:19.8,2,7-5,36.6,4.7,3.0,474.0,4.0,[東]加藤和宏,小島將之,140.0,2021101363,1184,1077,89002
202405021003,4,2,3,イングリッドローズ,牝3,55.0,松山弘平,1:19.9,1,5-5,36.7,17.9,5.0,406.0,2.0,[東]加藤士津,日下幸徳,83.0,2021104746,1126,1169,845033
202405021003,5,5,9,アマモト,牡3,56.0,永野猛蔵,1:20.1,1,11-10,36.3,18.4,6.0,468.0,4.0,[東]田村康仁,山藤賢,55.0,2021103042,1188,1027,347803
202405021003,6,1,1,エムティリラ,牝3,55.0,武藤雅,1:20.4,2,9-8,36.8,368.9,15.0,420.0,8.0,[東]小野次郎,門別牧場,0.0,2021102187,1169,1125,14803
202405021003,7,6,11,タマエスポワール,牡3,57.0,石川裕紀,1:20.6,1.1/4,13-13,36.5,4.7,2.0,514.0,6.0,[東]相沢郁,玉井鶴枝,0.0,2021102087,1150,1020,898004
202405021003,8,4,7,ミッキーイーグル,牡3,57.0,田辺裕信,1:21.0,2.1/2,9-8,37.4,47.6,8.0,456.0,-2.0,[東]久保田貴,野田みづき,0.0,2021101491,1075,1067,441007
202405021003,9,4,8,ブラックパーシモン,牡3,57.0,内田博幸,1:21.2,1.1/2,14-15,36.8,53.2,9.0,480.0,-16.0,[東]武藤善則,落合幸弘,0.0,2021101375,422,1064,252030
202405021003,10,3,5,ハッピーデービー,牝3,55.0,津村明秀,1:21.5,1.3/4,2-4,38.5,12.6,4.0,444.0,8.0,[東]鈴木伸尋,足立範子,0.0,2021103971,1092,1026,16033
202405021003,11,2,4,キタノスティール,牡3,57.0,柴田大知,1:21.6,1/2,6-7,38.3,208.8,12.0,462.0,-10.0,[東]粕谷昌央,北所直人,0.0,2021101794,1009,1096,163002
202405021003,12,8,15,アルディオール,牡3,57.0,吉田豊,1:21.7,1/2,11-11,37.8,156.4,11.0,454.0,-14.0,[東]田中剛,秋元竜弥,0.0,2021101721,733,1119,799031
202405021003,13,5,10,グランドシュギョク,牡3,57.0,岩部純二,1:21.8,1/2,2-2,38.9,142.7,10.0,476.0,0.0,[東]石毛善彦,田畑利彦,0.0,2021100560,726,428,464030
202405021003,14,6,12,ティアラハオルチア,牝3,55.0,宮崎北斗,1:22.0,3/4,14-14,37.7,445.9,16.0,442.0,-2.0,[東]清水英克,ウエスト．フォレスト．ステイブル,0.0,2021102515,1118,1080,368803
202405021003,15,3,6,リヴァーダンス,牝3,52.0,長浜鴻緒,1:23.3,8,7-11,39.4,320.5,14.0,448.0,-4.0,[東]竹内正洋,下河邉博,0.0,2021106338,1214,1152,292030
202405021003,16,7,14,ケイツーセディ,牝3,55.0,野中悠太,1:27.7,大,16-16,42.5,308.7,13.0,370.0,0.0,[東]蛯名利弘,楠本勝美,0.0,2021107216,1158,1131,103006
202405021004,1,4,6,ヴァイザーブリック,牡3,57.0,戸崎圭太,1:47.2,,3-5-4,34.2,1.7,1.0,458.0,-2.0,[東]池上昌和,シルクレーシング,550.0,2021105417,5386,1150,506800
202405021004,2,6,9,アウセンザイター,牡3,57.0,坂井瑠星,1:47.2,クビ,1-1-1,34.6,3.6,2.0,460.0,2.0,[西]矢作芳人,平田修,220.0,2021110092,1163,1075,11008
202405021004,3,2,2,マイファミリー,牡3,57.0,菅原明良,1:47.7,3,3-3-4,34.8,8.9,4.0,440.0,6.0,[東]深山雅史,ミルファーム,140.0,2021103345,1179,1174,629800
202405021004,4,3,3,フォルガイル,牡3,57.0,丸田恭介,1:48.3,3.1/2,10-10-10,34.6,87.7,8.0,438.0,8.0,[東]加藤和宏,ライオンレースホース,83.0,2021101164,1117,1077,542800
202405021004,5,7,11,フォーゲルヴァイデ,牡3,57.0,黛弘人,1:48.4,3/4,5-3-2,35.6,401.4,14.0,478.0,-8.0,[東]深山雅史,ミルファーム,55.0,2021104488,1109,1174,629800
202405021004,6,3,4,テイラーテソーロ,牡3,57.0,木幡巧也,1:48.5,1/2,9-9-9,35.0,32.6,5.0,488.0,-12.0,[東]畠山吉宏,了徳寺健二ホールディングス,0.0,2021102273,1162,1048,89803
202405021004,7,8,14,グレースアイリス,牝3,55.0,津村明秀,1:48.6,1/2,2-2-2,35.9,65.0,6.0,412.0,2.0,[東]相沢郁,杵臼牧場,0.0,2021102704,1092,1020,361800
202405021004,8,6,10,セイウンチドリ,牝3,55.0,武豊,1:48.6,アタマ,13-12-12,34.7,5.0,3.0,438.0,-10.0,[東]村田一誠,西山茂行,0.0,2021102685,666,1190,897009
202405021004,9,5,7,ベアウェイトゥゴー,牝3,55.0,大野拓弥,1:48.7,クビ,7-7-6,35.4,95.7,9.0,486.0,-6.0,[東]杉浦宏昭,熊木浩,0.0,2021107184,1096,1008,372033
202405021004,10,4,5,ベニカケソラ,牡3,57.0,木幡育也,1:48.8,3/4,10-10-10,35.1,144.5,10.0,446.0,2.0,[東]杉浦宏昭,山岸桂市,0.0,2021106144,1167,1008,510008
202405021004,11,8,13,アオイシン,牡3,57.0,北村宏司,1:49.1,1.1/2,14-14-13,34.9,318.8,13.0,466.0,4.0,[東]古賀慎明,新谷幸義,0.0,2021104181,1043,1079,443033
202405021004,12,7,12,ミシェット,牝3,54.0,永野猛蔵,1:49.6,3,12-13-14,35.2,81.7,7.0,458.0,-2.0,[東]田島俊明,ノルマンディーサラブレッドレーシング,0.0,2021107021,1188,1112,854800
202405021004,13,5,8,マイネルブラボー,牡3,57.0,オシェア,1:49.6,ハナ,5-6-6,36.3,169.8,11.0,422.0,-2.0,[東]小笠倫弘,サラブレッドクラブ・ラフィアン,0.0,2021106813,5663,1076,546800
202405021004,14,1,1,ケヤキザカ,牝3,55.0,吉田豊,1:49.8,1.1/4,7-7-6,36.5,275.1,12.0,430.0,12.0,[東]的場均,吉野智博,0.0,2021102831,733,1063,854030
202405021005,1,5,5,レガーロデルシエロ,牡3,57.0,ルメール,1:34.4,,1-1,33.8,1.9,1.0,510.0,-8.0,[東]栗田徹,サンデーレーシング,780.0,2021105661,5339,1127,226800
202405021005,2,1,1,グラヴィス,牡3,57.0,坂井瑠星,1:34.6,1,4-4,33.6,10.4,6.0,502.0,-6.0,[西]矢作芳人,三木正浩,310.0,2021105831,1163,1075,195031
202405021005,3,8,11,ジュントネフ,牡3,57.0,岩田望来,1:34.7,1.1/4,2-2,33.9,41.3,9.0,506.0,-2.0,[西]清水久詞,河合純二,200.0,2021105773,1174,1110,165033
202405021005,4,2,2,パシフィックハイ,牝3,55.0,川田将雅,1:34.8,1/2,2-2,34.1,9.3,5.0,448.0,-6.0,[西]杉山佳明,谷掛龍夫,120.0,2021105141,1088,1178,727008
202405021005,5,4,4,ドリーミングアップ,牡3,57.0,吉田豊,1:34.9,クビ,10-8,33.4,6.1,2.0,460.0,0.0,[東]高橋文雅,古賀和夫,78.0,2021103303,733,1134,768005
202405021005,6,6,6,ジャグアール,牡3,57.0,戸崎圭太,1:34.9,クビ,4-4,33.9,6.8,3.0,452.0,10.0,[東]矢野英一,落合幸弘,0.0,2021102717,5386,1108,252030
202405021005,7,3,3,リメリック,牡3,57.0,オシェア,1:35.0,1/2,6-6,33.8,28.0,7.0,452.0,-2.0,[東]宗像義忠,ビッグレッドファーム,0.0,2021104554,5663,420,716800
202405021005,8,7,8,ワイノナオミ,牝3,55.0,川又賢治,1:35.2,1,6-6,34.0,196.1,11.0,440.0,0.0,[西]畑端省吾,塩澤正樹,0.0,2021105973,1166,1188,915008
202405021005,9,8,10,トラジェクトワール,牡3,57.0,松山弘平,1:35.4,1.1/4,10-10,33.8,9.1,4.0,474.0,4.0,[東]尾関知人,キャロットファーム,0.0,2021105555,1126,1103,486800
202405021005,10,7,9,レッドセニョール,牡3,57.0,横山和生,1:35.5,1/2,8-8,34.1,41.1,8.0,474.0,-4.0,[東]矢嶋大樹,東京ホースレーシング,0.0,2021105779,1140,1202,180800
202405021005,11,6,7,スーパーバイザー,牡3,54.0,長浜鴻緒,1:35.5,ハナ,8-10,33.9,51.1,10.0,460.0,2.0,[東]菊沢隆徳,高嶋航,0.0,2021101015,1214,1115,440030
202405021006,1,7,13,ベネロングポイント,牡5,57.0,原優介,1:37.7,,2-2,37.1,5.8,2.0,496.0,-2.0,[東]和田正一,社台レースホース,800.0,2019104606,1184,1114,415800
202405021006,2,1,2,トレチーメ,牡4,58.0,菅原明良,1:37.7,ハナ,3-3,37.0,1.5,1.0,514.0,-2.0,[西]中内田充,金子真人ホールディングス,320.0,2020101147,1179,1137,708800
202405021006,3,3,6,イエヴァンポルッカ,牡5,58.0,戸崎圭太,1:37.7,クビ,13-13,35.9,16.9,6.0,508.0,0.0,[東]伊藤圭三,ライオンレースホース,200.0,2019103427,5386,1023,542800
202405021006,4,2,3,フクノブルジュ,牡4,58.0,横山和生,1:37.9,1,14-14,36.0,21.3,7.0,450.0,2.0,[東]竹内正洋,福島祐子,120.0,2020101465,1140,1152,159033
202405021006,5,5,9,ムーランブルー,牝4,56.0,田辺裕信,1:37.9,クビ,10-11,36.4,28.6,9.0,504.0,6.0,[東]久保田貴,村上卓史,80.0,2020101341,1075,1067,563030
202405021006,6,6,11,カムランベイ,牡4,58.0,津村明秀,1:37.9,アタマ,5-5,37.0,13.7,4.0,504.0,2.0,[東]岩戸孝樹,ゴドルフィン,0.0,2020101803,1092,1051,3060
202405021006,7,4,7,ホワイトクロウ,セ6,58.0,岩田望来,1:38.0,クビ,10-9,36.7,11.6,3.0,476.0,-2.0,[東]矢野英一,キャロットファーム,0.0,2018105544,1174,1108,486800
202405021006,8,2,4,メレカリキマカ,牡6,58.0,Ｍ．デム,1:38.3,1.3/4,5-5,37.3,88.4,10.0,498.0,2.0,[東]小島茂之,丸山担,0.0,2018104598,5212,1068,922030
202405021006,9,1,1,マンダリンボレロ,牡4,58.0,松岡正海,1:38.4,1/2,7-7,37.3,92.2,11.0,500.0,2.0,[東]伊藤伸一,田頭勇貴,0.0,2020101655,1085,1031,855030
202405021006,10,5,10,オーサムデアラー,牡4,58.0,横山武史,1:38.5,1,8-7,37.3,24.8,8.0,498.0,-2.0,[東]上原博之,吉田照哉,0.0,2020102952,1170,423,758005
202405021006,11,3,5,イモータルソウル,牡6,58.0,丸田恭介,1:38.9,2.1/2,15-15,36.7,177.1,12.0,470.0,-3.0,[東]千葉直人,ライオンレースホース,0.0,2018103802,1117,1199,542800
202405021006,12,8,15,インザストーン,牡4,58.0,武藤雅,1:39.2,1.3/4,8-9,37.9,286.1,15.0,464.0,-2.0,[東]小笠倫弘,グリーンスウォード,0.0,2020105489,1169,1076,55700
202405021006,13,6,12,ベアエクセレント,牝4,56.0,大野拓弥,1:39.3,3/4,1-1,38.8,274.2,14.0,494.0,4.0,[東]杉浦宏昭,熊木浩,0.0,2020105245,1096,1008,372033
202405021006,14,4,8,レッドアウレア,セ6,58.0,オシェア,1:39.5,1.1/4,10-11,38.1,183.4,13.0,498.0,-4.0,[東]尾関知人,東京ホースレーシング,0.0,2018104857,5663,1103,180800
202405021006,15,7,14,ヤングローゼス,セ4,58.0,石川裕紀,1:40.6,7,3-3,39.9,15.8,5.0,502.0,2.0,[東]手塚貴久,藤田晋,0.0,2020103728,1150,1038,232031
202405021006,16,8,16,マーベラスアゲン,牡8,55.0,長浜鴻緒,1:45.0,大,15-15,42.7,465.4,16.0,482.0,-6.0,[東]加藤和宏,浅川皓司,0.0,2016102333,1214,1077,350004
202405021007,1,1,1,ジュンツバメガエシ,牡4,58.0,川田将雅,2:25.8,,5-4-5-3,34.4,1.9,1.0,502.0,-2.0,[西]友道康夫,河合純二,800.0,2020103208,1088,1061,165033
202405021007,2,8,8,グルーヴビート,牡6,58.0,松山弘平,2:25.9,1/2,9-9-9-9,34.1,33.2,6.0,478.0,-10.0,[西]中村直也,サンデーレーシング,320.0,2018105021,1126,1186,226800
202405021007,3,8,9,ティムール,牡4,58.0,三浦皇成,2:26.0,3/4,7-7-6-3,34.6,3.4,2.0,466.0,2.0,[西]中竹和也,前田幸治,200.0,2020103048,1122,1039,948006
202405021007,4,7,7,マイネルジャッカル,牡6,58.0,横山武史,2:26.1,クビ,6-4-2-2,35.0,15.8,5.0,478.0,2.0,[東]西田雄一,サラブレッドクラブ・ラフィアン,120.0,2018106739,1170,1187,546800
202405021007,5,6,6,マグマオーシャン,牡5,58.0,岩田康誠,2:26.6,3,2-2-4-3,35.3,10.8,4.0,502.0,0.0,[東]武藤善則,シルクレーシング,80.0,2019104558,5203,1064,506800
202405021007,6,5,5,フォーグッド,セ5,58.0,ルメール,2:27.5,5,7-7-8-7,35.9,5.0,3.0,514.0,2.0,[東]国枝栄,江馬由将,0.0,2019105076,5339,399,879033
202405021007,7,2,2,ブロンディール,牝4,56.0,内田博幸,2:28.2,4,3-4-6-7,36.6,51.1,8.0,468.0,0.0,[東]深山雅史,佐々木雄二,0.0,2020104670,422,1174,852030
202405021007,8,3,3,ダンスフェイマス,牡4,58.0,石川裕紀,2:28.4,1.1/4,4-2-1-1,37.5,76.5,9.0,488.0,0.0,[西]吉田直弘,ＧｒａｎｄｅＲａｃｉｎｇ,0.0,2020101242,1150,1101,910800
202405021007,9,4,4,エコロマーベリック,牡4,58.0,岩田望来,2:30.1,10,1-1-3-3,38.8,49.8,7.0,504.0,14.0,[東]加藤征弘,原村正紀,0.0,2020102902,1174,1059,783033
202405021008,1,7,8,プッシュオン,牡4,58.0,坂井瑠星,1:46.9,,7-9-8,33.2,2.2,1.0,452.0,-2.0,[西]西村真幸,ライオンレースホース,1574.5,2020104013,1163,1148,542800
202405021008,2,8,10,ウインオーディン,牡4,58.0,三浦皇成,1:46.9,1/2,7-6-6,33.4,3.8,3.0,488.0,6.0,[東]鹿戸雄一,ウイン,627.0,2020105217,1122,1097,494800
202405021008,3,1,1,ヤマニンガラッシア,牡7,58.0,大野拓弥,1:47.1,1,2-2-3,33.9,105.9,9.0,456.0,-4.0,[東]辻哲英,土井肇,393.5,2017101772,1096,1182,329004
202405021008,4,4,4,ラファドゥラ,牝4,56.0,菅原明良,1:47.2,1/2,5-6-6,33.8,3.3,2.0,490.0,6.0,[東]小島茂之,丸山担,230.0,2020103672,1179,1068,922030
202405021008,5,3,3,モンタナアゲート,牡5,58.0,岩田康誠,1:47.5,1.3/4,2-2-2,34.4,21.5,6.0,536.0,0.0,[東]和田正一,吉田勝己,155.0,2019105136,5203,1114,790005
202405021008,6,8,9,ソワドリヨン,牝4,56.0,北村宏司,1:47.8,1.3/4,5-4-3,34.6,50.5,8.0,474.0,2.0,[東]古賀慎明,シルクレーシング,0.0,2020102725,1043,1079,506800
202405021008,7,2,2,アヴニールドブリエ,牡4,58.0,横山和生,1:47.8,アタマ,10-10-10,33.8,13.8,4.0,506.0,0.0,[東]宮田敬介,シルクレーシング,0.0,2020103803,1140,1175,506800
202405021008,8,5,5,ロゼル,牡4,58.0,岩田望来,1:47.9,1,4-4-5,34.6,17.4,5.0,482.0,-6.0,[東]大和田成,田中純一,0.0,2020106415,1174,1124,987033
202405021008,9,7,7,メタルスパーク,セ7,58.0,野中悠太,1:48.0,クビ,1-1-1,35.1,33.8,7.0,498.0,12.0,[東]菊川正達,ディアレストクラブ,0.0,2017103299,1158,1052,13803
202405021008,10,6,6,シュブリーム,牡8,58.0,永野猛蔵,1:48.0,ハナ,9-8-8,34.3,130.7,10.0,488.0,0.0,[東]大和田成,栗坂崇,0.0,2016102550,1188,1124,290006
202405021009,1,8,12,シャドウフューリー,牡4,58.0,ルメール,1:20.5,,5-5,33.3,1.7,1.0,484.0,4.0,[西]杉山晴紀,飯塚知一,1870.1,2020102853,5339,1157,308002
202405021009,2,6,9,ティニア,牡4,58.0,戸崎圭太,1:20.7,1.1/4,6-6,33.2,9.8,3.0,504.0,6.0,[西]池江泰寿,前田幸治,748.6,2020110090,5386,1071,948006
202405021009,3,5,7,レガトゥス,セ6,58.0,北村宏司,1:20.8,1/2,3-3,34.1,24.0,9.0,544.0,0.0,[東]木村哲也,サンデーレーシング,464.3,2018104896,1043,1126,226800
202405021009,4,6,8,フロムダスク,牡4,58.0,武豊,1:21.2,2.1/2,9-9,33.3,15.6,4.0,504.0,-6.0,[西]森秀行,藤田晋,280.0,2020110133,666,427,232031
202405021009,5,7,10,ウインモナーク,牡5,58.0,松岡正海,1:21.3,クビ,7-7,33.6,16.9,5.0,492.0,6.0,[東]奥平雅士,ウイン,184.0,2019100214,1085,1074,494800
202405021009,6,8,13,ベガリス,牝4,56.0,坂井瑠星,1:21.4,1/2,2-2,35.1,4.8,2.0,434.0,0.0,[西]高橋義忠,杉山忠国,0.0,2020100497,1163,1129,53803
202405021009,7,2,2,タイセイキューティ,牝4,56.0,原優介,1:21.4,1/2,11-11,33.2,18.1,6.0,452.0,-2.0,[東]奥村武,田中成奉,0.0,2020106954,1184,1145,224007
202405021009,8,7,11,コスモエスパーダ,牡8,58.0,野中悠太,1:21.7,1.3/4,4-4,34.7,258.7,13.0,506.0,-2.0,[東]天間昭一,ビッグレッドファーム,0.0,2016105797,1158,1090,716800
202405021009,9,5,6,トラベログ,牝4,56.0,横山和生,1:21.8,クビ,1-1,35.5,23.2,8.0,464.0,6.0,[東]岩戸孝樹,下河辺牧場,0.0,2020101590,1140,1051,362800
202405021009,10,4,4,サンカルパ,牝5,56.0,津村明秀,1:21.8,ハナ,7-7,34.1,18.5,7.0,494.0,-2.0,[東]田中博康,シルクレーシング,0.0,2019105329,1092,1162,506800
202405021009,11,4,5,ワンスカイ,牡7,58.0,吉田豊,1:21.8,アタマ,12-11,33.5,121.4,11.0,514.0,-4.0,[東]斎藤誠,平井裕,0.0,2017100461,733,1086,686006
202405021009,12,1,1,ウナギノボリ,牡5,58.0,Ｍ．デム,1:21.9,3/4,13-13,33.4,49.5,10.0,476.0,6.0,[西]音無秀孝,小田切有一,0.0,2019107016,5212,1002,334009
202405021009,13,3,3,クムシラコ,牡6,58.0,黛弘人,1:22.2,1.1/2,9-9,34.2,230.7,12.0,468.0,-8.0,[東]石毛善彦,ミルファーム,0.0,2018103205,1109,428,629800
202405021010,1,3,6,ルクスフロンティア,牡4,58.0,武豊,2:10.5,,3-3-3-3,36.5,3.6,2.0,494.0,8.0,[西]松永幹夫,ルクス,1875.7,2020104474,666,1092,397803
202405021010,2,3,5,ホウオウバリスタ,牡5,58.0,ルメール,2:10.7,1.1/4,6-5-5-5,36.4,2.4,1.0,526.0,2.0,[東]稲垣幸雄,小笹芳央,750.2,2019106030,5339,1167,906033
202405021010,3,1,2,ネッケツシャチョウ,牡4,56.0,戸崎圭太,2:11.1,2,4-3-3-3,37.0,6.5,3.0,534.0,-4.0,[西]藤沢則雄,ミキハウスＨＫサービス,465.1,2020105954,5386,1041,756800
202405021010,4,5,10,クインズミモザ,牝6,53.0,野中悠太,2:11.1,クビ,13-14-13-11,36.3,21.1,7.0,518.0,8.0,[東]池上昌和,ケイアイスタリオン,280.0,2018101742,1158,1150,331803
202405021010,5,8,16,プメハナ,牝4,53.0,木幡巧也,2:11.1,ハナ,11-11-11-11,36.3,59.3,11.0,462.0,0.0,[西]鮫島一歩,ノースヒルズ,184.0,2020105643,1162,1046,788800
202405021010,6,2,3,ダノンブレット,牡6,57.0,岩田望来,2:11.3,1.1/4,8-7-7-7,36.9,12.0,4.0,522.0,6.0,[東]菊沢隆徳,ダノックス,0.0,2018104665,1174,1115,619800
202405021010,7,2,4,ヴァンドゥラン,牡4,56.0,坂井瑠星,2:11.4,クビ,8-7-8-10,36.8,18.3,5.0,490.0,4.0,[西]高柳大輔,ノルマンディーサラブレッドレーシング,0.0,2020105991,1163,1159,854800
202405021010,8,4,7,ジューンアマデウス,牡5,55.0,オシェア,2:11.4,ハナ,8-10-8-7,36.9,179.8,14.0,500.0,12.0,[西]今野貞一,吉川潤,0.0,2019102758,5663,1128,17803
202405021010,9,7,14,ダスク,牡4,55.0,松岡正海,2:11.5,1/2,1-2-2-2,37.8,18.5,6.0,466.0,0.0,[東]戸田博文,吉澤ホールディングス,0.0,2020106953,1085,1054,346803
202405021010,10,6,12,セブンスレター,セ5,53.0,黛弘人,2:11.5,ハナ,4-5-5-5,37.2,56.6,10.0,488.0,0.0,[東]武井亮,熊坂俊一,0.0,2019100876,1109,1147,389008
202405021010,11,6,11,ローズボウル,牡6,56.0,武藤雅,2:11.6,3/4,16-16-16-15,36.5,72.7,12.0,510.0,-6.0,[東]林徹,グリーンファーム,0.0,2018104574,1169,1163,148800
202405021010,12,5,9,ビシャモンテン,牡6,54.0,原優介,2:11.8,3/4,13-14-13-14,36.8,183.3,15.0,510.0,-2.0,[東]矢嶋大樹,大田恭充,0.0,2018101370,1184,1202,333031
202405021010,13,4,8,ヴェノム,牡6,50.0,長浜鴻緒,2:12.6,5,11-11-13-16,37.2,236.3,16.0,544.0,6.0,[東]天間昭一,栗嶋豊明,0.0,2018104346,1214,1090,739009
202405021010,14,8,15,ホウオウエクレール,牡7,57.0,松山弘平,2:12.7,1/2,6-7-8-7,38.2,73.7,13.0,506.0,-2.0,[西]宮徹,小笹芳央,0.0,2017103293,1126,1018,906033
202405021010,15,1,1,グランサバナ,牡4,55.0,岩田康誠,2:12.9,3/4,2-1-1-1,39.3,53.9,9.0,502.0,-2.0,[東]田村康仁,キャロットファーム,0.0,2020103289,5203,1027,486800
202405021010,16,7,13,カレンアルカンタラ,牡4,55.0,石川裕紀,2:13.4,3.1/2,13-11-11-11,38.6,53.3,8.0,498.0,-6.0,[西]新谷功一,鈴木隆司,0.0,2020103086,1150,1172,869006
202405021011,1,6,12,チェルヴィニア,牝3,55.0,ルメール,2:24.0,,12-9-9-10,34.0,4.6,2.0,482.0,-6.0,[東]木村哲也,サンデーレーシング,17743.3,2021105643,5339,1126,226800
202405021011,2,4,7,ステレンボッシュ,牝3,55.0,戸崎圭太,2:24.1,1/2,9-9-9-12,34.0,2.3,1.0,458.0,-4.0,[東]国枝栄,吉田勝己,6783.8,2021105743,5386,399,790005
202405021011,3,7,14,ライトバック,牝3,55.0,坂井瑠星,2:24.4,1.3/4,15-14-13-15,34.1,7.9,3.0,476.0,6.0,[西]茶木太樹,増田和啓,4191.9,2021105953,1163,1181,345033
202405021011,4,1,2,クイーンズウォーク,牝3,55.0,川田将雅,2:24.4,クビ,5-5-5-4,34.7,11.5,5.0,522.0,8.0,[西]中内田充,サンデーレーシング,2300.0,2021105414,1088,1137,226800
202405021011,5,8,18,ランスオブクイーン,牝3,55.0,横山和生,2:24.4,ハナ,3-3-3-2,34.9,107.9,14.0,436.0,-4.0,[西]奥村豊,五影慶則,1500.0,2021104427,1140,1146,477006
202405021011,6,7,13,スウィープフィート,牝3,55.0,武豊,2:24.6,1.1/2,18-18-16-12,34.5,10.3,4.0,466.0,2.0,[西]庄野靖志,ＹＧＧホースクラブ,0.0,2021103959,666,1087,188800
202405021011,7,3,6,サンセットビュー,牝3,55.0,三浦皇成,2:24.8,3/4,16-16-16-16,34.4,157.2,15.0,450.0,0.0,[西]新谷功一,飯田貴大,0.0,2021104103,1122,1172,271031
202405021011,8,2,3,エセルフリーダ,牝3,55.0,武藤雅,2:24.9,1.1/4,13-14-16-16,34.5,78.0,11.0,468.0,4.0,[東]武藤善則,高橋文男,0.0,2021105138,1169,1064,371009
202405021011,9,5,10,アドマイヤベル,牝3,55.0,横山武史,2:25.0,クビ,7-7-6-6,35.1,21.1,8.0,484.0,0.0,[東]加藤征弘,近藤旬子,0.0,2021105764,1170,1059,535031
202405021011,10,4,8,ホーエリート,牝3,55.0,原優介,2:25.0,クビ,17-16-12-6,35.2,100.4,13.0,460.0,0.0,[東]田島俊明,吉田晴哉,0.0,2021104855,1184,1112,231033
202405021011,11,5,9,ラヴァンダ,牝3,55.0,岩田望来,2:25.1,クビ,6-6-6-6,35.2,86.2,12.0,466.0,0.0,[西]中村直也,森永聡,0.0,2021107098,1174,1186,219031
202405021011,12,3,5,コガネノソラ,牝3,55.0,石川裕紀,2:25.2,3/4,13-13-13-12,35.0,19.0,7.0,448.0,0.0,[東]菊沢隆徳,ビッグレッドファーム,0.0,2021106823,1150,1115,716800
202405021011,13,7,15,サフィラ,牝3,55.0,松山弘平,2:25.3,3/4,9-9-6-6,35.5,56.6,10.0,448.0,16.0,[西]池添学,シルクレーシング,0.0,2021105541,1126,1144,506800
202405021011,14,1,1,ミアネーロ,牝3,55.0,津村明秀,2:25.3,ハナ,7-7-9-10,35.3,25.2,9.0,476.0,4.0,[東]林徹,シルクレーシング,0.0,2021105801,1092,1163,506800
202405021011,15,2,4,パレハ,牝3,55.0,田辺裕信,2:25.3,アタマ,9-12-13-16,34.9,215.8,17.0,422.0,0.0,[西]新谷功一,中村忠彦,0.0,2021106752,1075,1172,723033
202405021011,16,8,17,タガノエルピーダ,牝3,55.0,Ｍ．デム,2:25.8,3,3-3-4-4,36.1,12.9,6.0,440.0,4.0,[西]斉藤崇史,八木良司,0.0,2021106550,5212,1151,859002
202405021011,17,8,16,ショウナンマヌエラ,牝3,55.0,岩田康誠,2:30.7,大,1-2-2-2,41.3,216.3,18.0,466.0,-4.0,[西]高野友和,国本哲秀,0.0,2021103910,5203,1117,331002
202405021011,18,6,11,ヴィントシュティレ,牝3,55.0,北村宏司,2:33.8,大,2-1-1-1,44.9,185.9,16.0,466.0,4.0,[東]古賀慎明,キャロットファーム,0.0,2021105713,1043,1079,486800
202405021012,1,7,13,マウントベル,牝5,56.0,オシェア,1:37.2,,5-4,35.5,3.6,1.0,506.0,4.0,[東]加藤征弘,長谷川祐司,1583.6,2019106895,5663,1059,196031
202405021012,2,7,12,メイショウホオズキ,牝6,56.0,松山弘平,1:37.3,クビ,2-2,35.8,65.4,13.0,476.0,-4.0,[東]高柳瑞樹,松本好雄,629.6,2018100595,1126,1118,523005
202405021012,3,6,11,カプラローラ,牝5,56.0,岩田望来,1:37.7,2.1/2,11-10,35.4,5.7,3.0,474.0,-6.0,[東]菊沢隆徳,村野康司,394.8,2019104592,1174,1115,338007
202405021012,4,3,4,ファミリークレスト,牝5,56.0,横山和生,1:37.8,クビ,8-9,35.7,4.7,2.0,434.0,-6.0,[東]和田勇介,吉田和美,230.0,2019105064,1140,1165,138007
202405021012,5,5,9,グレノークス,牝4,56.0,三浦皇成,1:37.8,クビ,6-6,36.0,18.2,9.0,482.0,-4.0,[東]宮田敬介,吉田照哉,155.0,2020103033,1122,1175,758005
202405021012,6,4,6,ラブベティー,牝5,56.0,松岡正海,1:37.9,クビ,6-7,35.9,66.2,14.0,472.0,0.0,[東]尾形和幸,増田陽一,0.0,2019106491,1085,1141,291002
202405021012,7,2,3,オールマキシマム,牝4,56.0,永野猛蔵,1:38.1,1.1/2,14-13,35.5,16.5,7.0,448.0,-2.0,[東]奥平雅士,保谷フミ子,0.0,2020100387,1188,1074,214002
202405021012,8,6,10,リンクスルーファス,牝5,56.0,津村明秀,1:38.2,1/2,11-10,35.8,49.0,11.0,510.0,0.0,[東]手塚貴久,シルクレーシング,0.0,2019105510,1092,1038,506800
202405021012,9,4,7,メロウヴォイス,牝5,56.0,吉田豊,1:38.3,クビ,13-13,35.7,26.0,10.0,464.0,16.0,[東]上原博之,水上ふじ子,0.0,2019102493,733,423,281008
202405021012,10,8,14,ライジングラパス,牝4,56.0,菅原明良,1:38.5,1.1/4,3-3,36.9,13.4,5.0,430.0,-6.0,[西]宮本博,那須野牧場,0.0,2020109096,1179,1073,51800
202405021012,11,8,15,ジューンポンポン,牝5,56.0,原優介,1:38.7,1.1/2,8-7,36.8,15.4,6.0,488.0,2.0,[東]和田勇介,吉川潤,0.0,2019102552,1184,1165,17803
202405021012,12,1,1,アーレンダール,牝5,56.0,石川裕紀,1:38.8,クビ,10-10,36.5,52.9,12.0,500.0,0.0,[東]宮田敬介,サンデーレーシング,0.0,2019105063,1150,1175,226800
202405021012,13,2,2,レディアス,牝4,56.0,内田博幸,1:39.0,1.1/4,3-4,37.3,79.8,15.0,450.0,4.0,[東]鈴木慎太,中山栄一,0.0,2020102562,422,1179,763033
202405021012,14,5,8,マヴォロンテ,牝4,56.0,坂井瑠星,1:39.6,3.1/2,1-1,38.3,17.0,8.0,466.0,0.0,[西]松永幹夫,桑田牧場,0.0,2020103435,1163,1092,791800
202405021012,-1,3,5,ギョウネン,牝4,56.0,田辺裕信,,,,,,,,,[東]竹内正洋,由井健太郎,0.0,2020101574,1075,1152,44803
202405021101,1,6,11,オルゴーリオ,牡3,57.0,菊沢一樹,1:24.8,,2-2,36.6,49.0,8.0,504.0,0.0,[東]菊沢隆徳,ノルマンディーサラブレッドレーシング,550.0,2021110147,1161,1115,854800
202405021101,2,5,9,アメリカンランナー,牡3,57.0,ルメール,1:25.5,4,6-5,37.0,1.6,1.0,478.0,-8.0,[東]戸田博文,吉澤ホールディングス,220.0,2021110121,5339,1054,346803
202405021101,3,4,7,エッカート,牡3,57.0,佐々木大,1:26.0,3,15-15,36.3,10.4,3.0,468.0,-4.0,[東]和田正一,ノースヒルズ,140.0,2021106756,1197,1114,788800
202405021101,4,8,16,サウンドロックス,牡3,57.0,野中悠太,1:26.1,1/2,13-10,37.0,3.3,2.0,444.0,-8.0,[東]根本康広,サザンホールディング,83.0,2021110155,1158,1029,369803
202405021101,5,5,10,サンディビーチ,牡3,57.0,北村宏司,1:26.6,2.1/2,4-3,38.3,32.7,7.0,464.0,4.0,[東]伊藤大士,ニッシンホールディングス,55.0,2021106443,1043,1109,318803
202405021101,6,6,12,ロケットホームラン,牡3,57.0,小林凌大,1:26.7,1,4-5,38.2,15.4,4.0,496.0,-2.0,[東]小西一男,明栄商事,0.0,2021102264,1177,405,40803
202405021101,7,7,14,モノノフノミチ,牡3,57.0,杉原誠人,1:27.2,3,11-14,37.9,172.0,11.0,456.0,-2.0,[東]蛯名利弘,ミルファーム,0.0,2021101867,1135,1131,629800
202405021101,8,1,1,オレンジブルボン,牡3,57.0,石川裕紀,1:27.3,1/2,6-5,38.8,75.5,9.0,472.0,-8.0,[東]武市康男,ビッグレッドファーム,0.0,2021102655,1150,1089,716800
202405021101,9,2,4,ミューシグ,牝3,55.0,黛弘人,1:27.4,1/2,13-10,38.3,232.1,13.0,468.0,4.0,[東]南田美知,ミルファーム,0.0,2021103326,1109,437,629800
202405021101,10,8,15,クリノジーニアス,牡3,53.0,小林美駒,1:27.5,1/2,16-16,37.3,330.7,14.0,434.0,0.0,[東]伊藤伸一,栗本博晴,0.0,2021101855,1206,1031,970006
202405021101,11,1,2,ゴールウェイガール,牝3,55.0,丹内祐次,1:28.1,3.1/2,9-8,39.4,190.3,12.0,404.0,2.0,[東]伊藤大士,サラブレッドクラブ・ラフィアン,0.0,2021104552,1091,1109,546800
202405021101,12,2,3,ニシノヤングマン,牡3,57.0,横山武史,1:28.7,4,9-10,39.7,27.5,6.0,450.0,-8.0,[東]村田一誠,西山茂行,0.0,2021101052,1170,1190,897009
202405021101,13,7,13,ベアナオセン,牝3,52.0,佐藤翔馬,1:28.8,1/2,11-10,39.8,422.2,16.0,478.0,-1.0,[東]杉浦宏昭,熊木浩,0.0,2021100549,1207,1008,372033
202405021101,14,3,6,ゲンブ,牡3,57.0,菅原明良,1:29.1,1.1/2,6-9,40.2,25.5,5.0,486.0,-2.0,[東]高木登,ノルマンディーサラブレッドレーシング,0.0,2021106890,1179,1088,854800
202405021101,15,3,5,ハニーディライト,牝3,54.0,原優介,1:31.0,大,2-1,42.8,160.0,10.0,424.0,-8.0,[東]田中剛,池田草龍,0.0,2021106141,1184,1119,204033
202405021101,16,4,8,アオイアツヒメ,牝3,55.0,木幡巧也,1:32.4,8,1-3,44.0,334.5,15.0,466.0,-2.0,[東]牧光二,鈴木照雄,0.0,2021102804,1162,1106,137030
202405021102,1,8,8,ルーベンス,牡3,57.0,ルメール,2:28.0,,4-4-3-2,34.1,1.2,1.0,510.0,4.0,[東]萩原清,池谷誠一,550.0,2021105978,5339,1017,172002
202405021102,2,1,1,ボクラヲツナグモノ,牡3,56.0,永野猛蔵,2:28.6,3.1/2,9-9-9-9,33.5,4.7,2.0,436.0,-8.0,[東]清水英克,石川秀守,220.0,2021100441,1188,1080,18033
202405021102,3,7,7,ゴールドモーション,牡3,57.0,横山武史,2:28.9,1.3/4,1-1-1-1,35.3,13.4,3.0,460.0,-10.0,[東]村田一誠,居城寿与,140.0,2021106881,1170,1190,712033
202405021102,4,3,3,ゴールデンステップ,牝3,55.0,菅原明良,2:29.0,3/4,2-3-3-4,34.9,53.8,5.0,478.0,-6.0,[東]和田勇介,岡田牧雄,83.0,2021103555,1179,1165,851009
202405021102,5,8,9,アンリトゥンルール,牡3,57.0,戸崎圭太,2:29.0,クビ,5-5-5-4,34.8,13.6,4.0,484.0,-14.0,[東]栗田徹,ゴドルフィン,55.0,2021101668,5386,1127,3060
202405021102,6,4,4,ポーラーシュテルン,牝3,54.0,原優介,2:29.3,1.3/4,7-7-7-7,34.4,99.8,7.0,478.0,-6.0,[東]青木孝文,サラブレッドクラブ・ラフィアン,0.0,2021106822,1184,1156,546800
202405021102,7,2,2,アーベントイアー,牡3,57.0,武藤雅,2:29.4,アタマ,5-5-5-6,34.9,57.8,6.0,494.0,10.0,[東]水野貴広,ディアレストクラブ,0.0,2021103057,1169,1094,13803
202405021102,8,6,6,バノフィー,牝3,52.0,小林勝太,2:30.1,4,2-2-2-2,36.3,160.6,9.0,406.0,-6.0,[東]田島俊明,藤沼利夫,0.0,2021106675,1205,1112,326030
202405021102,9,5,5,ノリサンブラック,牡3,57.0,丹内祐次,2:30.4,1.3/4,7-7-7-7,35.6,106.4,8.0,434.0,-4.0,[東]尾形和幸,中谷典生,0.0,2021101734,1091,1141,891031
202405021103,1,8,18,ララマセラシオン,牡3,57.0,菅原明良,1:22.6,,17-13,33.1,36.0,8.0,516.0,6.0,[東]大竹正博,フジイ興産,550.0,2021100935,1179,1102,851800
202405021103,2,7,15,ソルレース,牝3,55.0,津村明秀,1:22.7,1,2-2,34.0,2.2,1.0,462.0,0.0,[東]田中博康,ゴドルフィン,220.0,2021101677,1092,1162,3060
202405021103,3,4,7,ルージュラフェリア,牝3,55.0,戸崎圭太,1:23.1,2,7-7,34.0,11.5,4.0,412.0,-4.0,[東]尾関知人,東京ホースレーシング,140.0,2021100017,5386,1103,180800
202405021103,4,5,9,アムンラー,牡3,57.0,柴田大知,1:23.1,ハナ,4-4,34.2,14.4,5.0,444.0,-10.0,[東]田中剛,ターフ・スポート,83.0,2021103089,1009,1119,102800
202405021103,5,4,8,キルケロッソ,牝3,51.0,小林美駒,1:23.2,1/2,1-1,34.5,270.0,13.0,442.0,-2.0,[西]村山明,犬飼優,55.0,2021106019,1206,1107,50034
202405021103,6,8,16,スマイルコレクター,牝3,55.0,横山武史,1:23.2,クビ,10-10,34.0,6.7,3.0,446.0,-8.0,[東]斎藤誠,ＤＭＭドリームクラブ,0.0,2021105031,1170,1086,26803
202405021103,7,3,5,ヴィヴァクラウン,牡3,57.0,大野拓弥,1:23.4,1.1/4,7-7,34.3,3.4,2.0,462.0,-6.0,[東]杉浦宏昭,西村有人,0.0,2021101595,1096,1008,339034
202405021103,8,6,12,スプリングデイ,牝3,55.0,北村宏司,1:23.5,1/2,10-10,34.3,16.4,6.0,426.0,4.0,[東]伊藤大士,ミルファーム,0.0,2021103322,1043,1109,629800
202405021103,9,7,14,タイキレヴィン,牡3,56.0,原優介,1:23.5,クビ,6-6,34.5,72.8,11.0,476.0,-2.0,[東]伊藤大士,大樹ファーム,0.0,2021103179,1184,1109,536800
202405021103,10,8,17,オーヴァーザトップ,牡3,57.0,松岡正海,1:23.7,1.1/2,14-13,34.2,46.3,9.0,474.0,-2.0,[東]伊藤伸一,西田順彦,0.0,2021107133,1085,1031,884033
202405021103,11,7,13,ピーエムドレミ,牝3,55.0,佐々木大,1:23.8,1/2,3-3,35.0,20.5,7.0,398.0,4.0,[東]和田正一,松山毅,0.0,2021105776,1197,1114,972030
202405021103,12,1,2,イサチルイトムスビ,牝3,55.0,丹内祐次,1:23.9,1/2,4-4,35.0,310.4,15.0,456.0,-16.0,[東]竹内正洋,小坂功,0.0,2021107312,1091,1152,162033
202405021103,13,5,10,ガンバリキ,牝3,55.0,木幡巧也,1:24.0,1/2,10-12,34.7,422.9,17.0,444.0,-2.0,[東]的場均,吉野智博,0.0,2021106053,1162,1063,854030
202405021103,14,3,6,クレミーノ,牝3,52.0,石神深道,1:24.0,ハナ,15-16,34.4,292.3,14.0,446.0,-6.0,[東]和田雄二,ヒダカ・ブリーダーズ・ユニオン,0.0,2021103087,1209,1143,547800
202405021103,15,2,4,キャラメルコード,牝3,54.0,永野猛蔵,1:24.0,ハナ,15-16,34.3,476.5,18.0,380.0,-4.0,[東]千葉直人,谷口悦一,0.0,2021103100,1188,1199,514033
202405021103,16,1,1,アステルスフィーダ,牡3,54.0,石田拓郎,1:24.1,アタマ,10-13,34.7,267.6,12.0,462.0,-8.0,[東]新開幸一,小島正宏,0.0,2021105088,1203,1116,216031
202405021103,17,6,11,クィーンミツコ,牝3,55.0,木幡育也,1:24.7,3.1/2,7-7,35.6,398.9,16.0,480.0,0.0,[東]勢司和浩,柳内光子,0.0,2021101067,1167,1047,38033
202405021103,18,2,3,ハッピージャズ,牡3,57.0,丸山元気,1:24.7,ハナ,18-18,34.8,60.8,10.0,412.0,0.0,[東]高橋文雅,吉田和美,0.0,2021105809,1127,1134,138007
202405021105,1,7,8,パーセルペーパー,牡3,57.0,柴田大知,2:02.1,,6-6-5,34.4,8.6,3.0,432.0,-2.0,[東]和田雄二,ブルースターズファーム,550.0,2021106840,1009,1143,27803
202405021105,2,3,3,ダイスアローリング,牡3,57.0,北村宏司,2:02.2,1/2,3-4-3,34.6,3.2,2.0,510.0,0.0,[東]古賀慎明,Ｇ１レーシング,180.0,2021104861,1043,1079,808800
202405021105,2,7,9,コンテネレッツア,牝3,55.0,モレイラ,2:02.2,同着,9-9-7,34.3,1.5,1.0,462.0,-8.0,[東]宮田敬介,サンデーレーシング,180.0,2021105367,5509,1175,226800
202405021105,4,5,5,ビーンスターク,牡3,54.0,小林勝太,2:02.3,クビ,1-1-1,35.1,19.3,5.0,466.0,-2.0,[東]栗田徹,岡田牧雄,83.0,2021103578,1205,1127,851009
202405021105,5,2,2,ラブビーチ,牝3,53.0,藤田菜七,2:02.6,1.3/4,9-10-10,34.3,121.1,9.0,426.0,-10.0,[東]蛯名利弘,増田陽一,55.0,2021104232,1164,1131,291002
202405021105,6,4,4,チュウワダイオウ,セ3,57.0,津村明秀,2:02.6,クビ,7-7-7,34.7,50.4,6.0,430.0,-4.0,[東]林徹,中西忍,0.0,2021102294,1092,1163,628007
202405021105,7,6,6,ニシノココ,牝3,55.0,野中悠太,2:02.9,1.3/4,2-2-2,35.6,172.7,10.0,456.0,2.0,[東]松山将樹,西山茂行,0.0,2021107071,1158,1100,897009
202405021105,8,8,10,ディーファンクス,牡3,57.0,佐々木大,2:03.0,1/2,11-10-10,34.8,204.6,11.0,470.0,-10.0,[東]佐藤吉勝,松谷翔太,0.0,2021100501,1197,1035,849033
202405021105,9,6,7,コスモブリランテ,牝3,55.0,丹内祐次,2:03.0,1/2,7-7-7,35.0,66.1,7.0,402.0,0.0,[東]西田雄一,ビッグレッドファーム,0.0,2021106791,1091,1187,716800
202405021105,10,1,1,ゴールデンルーキー,牡3,57.0,木幡巧也,2:03.6,3.1/2,5-4-5,35.9,73.2,8.0,468.0,-4.0,[東]牧光二,岡田牧雄,0.0,2021110146,1162,1106,851009
202405021105,11,8,11,チャージドアップ,牝3,55.0,原田和真,2:03.7,1/2,3-3-3,36.2,13.7,4.0,464.0,-6.0,[東]栗田徹,ゴドルフィン,0.0,2021101702,1143,1127,3060
202405021106,1,8,12,トウカイポワール,牝3,55.0,ルメール,1:36.6,,9-9,36.0,4.0,3.0,446.0,0.0,[西]北出成人,内村正則,780.0,2021102389,5339,1078,695004
202405021106,2,6,9,ゴールドアローン,牝3,54.0,原優介,1:36.7,3/4,8-7,36.2,8.0,4.0,448.0,0.0,[東]青木孝文,居城寿与,310.0,2021106874,1184,1156,712033
202405021106,3,2,2,レオテミス,牝3,55.0,佐々木大,1:37.0,1.1/2,1-1,37.2,22.8,7.0,486.0,-4.0,[西]高柳大輔,レオ,200.0,2021101576,1197,1159,209800
202405021106,4,4,4,ゲンパチエトワール,牝3,55.0,戸崎圭太,1:37.7,4,6-6,37.4,16.5,5.0,456.0,-4.0,[東]西田雄一,平野武志,120.0,2021100412,5386,1187,689002
202405021106,5,1,1,メイショウリリー,牝3,55.0,モレイラ,1:37.8,1/2,4-4,37.7,3.3,2.0,430.0,-2.0,[西]高橋義忠,松本好雄,78.0,2021103209,5509,1129,523005
202405021106,6,7,11,ベルフィーヌ,牝3,55.0,松岡正海,1:37.8,1/2,12-11,37.0,27.6,8.0,518.0,2.0,[東]堀内岳志,中山栄一,0.0,2021104754,1085,1189,763033
202405021106,7,3,3,イリディセント,牝3,55.0,オシェア,1:37.9,クビ,11-11,37.1,19.0,6.0,452.0,-2.0,[東]田中剛,キャロットファーム,0.0,2021105614,5663,1119,486800
202405021106,8,6,8,オーケーバーディー,牝3,54.0,横山琉人,1:37.9,クビ,4-4,37.7,3.3,1.0,434.0,6.0,[東]相沢郁,小野建,0.0,2021100980,1192,1020,612030
202405021106,9,8,13,ドレシャス,牝3,55.0,石橋脩,1:38.7,5,2-2,38.7,29.2,9.0,472.0,-6.0,[西]西園正都,杉山忠国,0.0,2021100490,1077,1028,53803
202405021106,10,7,10,ステラヴェルデ,牝3,55.0,武藤雅,1:38.9,1.1/4,9-9,38.3,257.0,12.0,456.0,-4.0,[東]武藤善則,グリーンファーム,0.0,2021109085,1169,1064,148800
202405021106,11,5,6,ラジエーション,牝3,54.0,松本大輝,1:39.0,1/2,2-2,39.0,65.8,11.0,468.0,-9.0,[西]新谷功一,ターフ・スポート,0.0,2021102910,1191,1172,102800
202405021106,12,5,7,コムルヴァン,牝3,52.0,高杉吏麒,1:39.1,1/2,12-13,37.7,32.1,10.0,458.0,0.0,[西]藤岡健一,街風隆雄,0.0,2021107168,1213,1062,383033
202405021106,13,4,5,レオエンプレス,牝3,55.0,菊沢一樹,1:39.5,2.1/2,6-7,39.0,352.0,13.0,476.0,-2.0,[東]奥平雅士,レオ,0.0,2021100060,1161,1074,209800
202405021107,1,6,10,スティールブルー,牝3,55.0,ルメール,1:21.0,,2-2,33.4,1.7,1.0,436.0,6.0,[東]宗像義忠,シルクレーシング,780.0,2021105888,5339,420,506800
202405021107,2,4,6,カイトグート,牝3,55.0,丸山元気,1:21.4,2.1/2,3-4,33.6,8.3,3.0,460.0,-4.0,[東]和田雄二,本田恒雄,310.0,2021106308,1127,1143,816008
202405021107,3,7,12,モリノレッドスター,牝3,55.0,津村明秀,1:21.7,1.3/4,3-3,34.0,10.3,4.0,460.0,-12.0,[東]鈴木伸尋,森和久,200.0,2021106298,1092,1026,698033
202405021107,4,2,2,ゴーインマイウェイ,牡3,57.0,モレイラ,1:21.7,1/2,5-7,33.7,12.0,5.0,468.0,-2.0,[東]矢野英一,山藤賢,120.0,2021103039,5509,1108,347803
202405021107,5,4,7,オンザヴィーナス,牝3,55.0,杉原誠人,1:21.9,3/4,1-1,34.4,135.8,11.0,424.0,4.0,[東]大和田成,久保田定,78.0,2021105057,1135,1124,308033
202405021107,6,7,13,タイガードラゴン,牡3,53.0,大江原比,1:21.9,アタマ,13-13,33.4,251.7,12.0,438.0,-10.0,[東]黒岩陽一,ＯＲＴＥＧＡ,0.0,2021100247,1210,1133,351803
202405021107,7,6,11,ベストオブユー,牡3,57.0,横山武史,1:21.9,アタマ,5-6,34.0,90.4,10.0,418.0,-4.0,[東]久保田貴,中村祐子,0.0,2021100152,1170,1067,373008
202405021107,8,2,3,アイファーバトル,牡3,55.0,藤田菜七,1:21.9,ハナ,14-14,33.2,52.8,9.0,436.0,-8.0,[東]根本康広,中島稔,0.0,2021101023,1164,1029,119007
202405021107,9,3,4,ナファロア,牡3,57.0,戸崎圭太,1:22.2,1.3/4,10-10,34.0,4.3,2.0,456.0,-6.0,[東]菊沢隆徳,村野康司,0.0,2021105150,5386,1115,338007
202405021107,10,5,9,カルツァクライン,牡3,57.0,丹内祐次,1:22.4,1.1/2,15-15,33.5,47.4,7.0,442.0,0.0,[東]林徹,ライオンレースホース,0.0,2021102933,1091,1163,542800
202405021107,11,3,5,ハクサンイーグル,牡3,57.0,オシェア,1:22.4,アタマ,10-10,34.2,20.0,6.0,466.0,-4.0,[東]土田稔,河崎五市,0.0,2021100879,5663,417,841030
202405021107,12,5,8,ポゴシプタ,牝3,52.0,石田拓郎,1:22.5,クビ,10-12,34.2,605.6,15.0,376.0,4.0,[東]清水英克,ミルファーム,0.0,2021103347,1203,1080,629800
202405021107,13,8,14,シャインズオンユー,牡3,56.0,原優介,1:22.8,2,5-4,35.0,52.7,8.0,440.0,-6.0,[東]青木孝文,ノルマンディーサラブレッドレーシング,0.0,2021103535,1184,1156,854800
202405021107,14,8,15,アナベルエクラ,牝3,51.0,小林美駒,1:22.9,1/2,5-7,34.9,302.1,14.0,450.0,4.0,[西]清水久詞,ＹＭホース,0.0,2021105435,1206,1110,626031
202405021107,15,1,1,ニシノオウジョ,牝3,55.0,石川裕紀,1:24.3,9,5-7,36.3,293.1,13.0,446.0,-2.0,[東]尾形和幸,西山茂行,0.0,2021104050,1150,1141,897009
202405021108,1,5,9,コースタルテラス,セ5,57.0,原優介,1:37.4,,7-9,36.5,7.3,4.0,492.0,-12.0,[東]矢嶋大樹,吉田勝己,800.0,2019105344,1184,1202,790005
202405021108,2,3,4,ホワイトクロウ,セ6,58.0,石橋脩,1:37.7,2,12-13,36.4,4.6,3.0,466.0,-10.0,[東]矢野英一,キャロットファーム,320.0,2018105544,1077,1108,486800
202405021108,3,8,15,ブッシュテソーロ,牡4,58.0,木幡巧也,1:37.7,クビ,4-4,37.4,12.5,7.0,498.0,-6.0,[東]千葉直人,了徳寺健二ホールディングス,200.0,2020102380,1162,1199,89803
202405021108,4,6,11,スーパーマン,牡4,58.0,佐々木大,1:37.7,アタマ,6-4,37.3,4.5,2.0,488.0,-6.0,[東]岩戸孝樹,小菅誠,120.0,2020100956,1197,1051,24031
202405021108,5,7,13,ブルーゴールド,牡4,55.0,長浜鴻緒,1:38.1,2,7-7,37.3,23.6,9.0,496.0,7.0,[東]根本康広,青山郁代,80.0,2020104951,1214,1029,585031
202405021108,6,8,14,ルージュアズライト,牝4,56.0,丸山元気,1:38.3,1.1/2,2-2,38.3,4.0,1.0,438.0,-9.0,[東]森一誠,東京ホースレーシング,0.0,2020101610,1127,1201,180800
202405021108,7,4,6,アッティラ,牡4,58.0,オシェア,1:38.4,クビ,10-10,37.4,10.0,5.0,438.0,-12.0,[東]相沢郁,高瀬真尚,0.0,2020102185,5663,1020,227007
202405021108,8,2,3,タイキバルドル,牡4,58.0,菊沢一樹,1:38.7,2,10-11,37.6,173.7,14.0,466.0,-12.0,[東]勢司和浩,大樹ファーム,0.0,2020106817,1161,1047,536800
202405021108,9,6,10,メダルラッシュ,牝4,56.0,松岡正海,1:38.7,アタマ,4-2,38.6,21.4,8.0,482.0,-20.0,[東]村田一誠,青山洋一,0.0,2020102668,1085,1190,15008
202405021108,10,3,5,キタノチェロキー,牝4,56.0,江田照男,1:38.8,クビ,7-7,38.0,40.8,10.0,458.0,-14.0,[東]粕谷昌央,北所直人,0.0,2020105498,689,1096,163002
202405021108,11,5,8,オブリクア,牝4,56.0,石川裕紀,1:39.3,3,12-13,38.0,58.3,11.0,456.0,-4.0,[東]萩原清,ノースヒルズ,0.0,2020105618,1150,1017,788800
202405021108,12,2,2,ボルネオ,セ4,58.0,水口優也,1:39.3,ハナ,12-11,38.1,79.3,13.0,470.0,2.0,[西]藤沢則雄,高橋ファーム,0.0,2020104375,1133,1041,884800
202405021108,13,7,12,ナンヨーノサラ,牝4,53.0,佐藤翔馬,1:39.5,1.1/4,1-1,40.1,74.8,12.0,454.0,-14.0,[東]杉浦宏昭,中村徳也,0.0,2020103050,1207,1008,512031
202405021108,-1,1,1,ロギッシュ,牝4,56.0,丹内祐次,,,,,,,,,[東]西田雄一,大塚亮一,0.0,2020106695,1091,1187,858800
202405021108,-1,4,7,ミツカネヴィーナス,牝5,52.0,小林美駒,,,,,,,,,[東]鈴木伸尋,小山田満,0.0,2019100844,1206,1026,6803
202405021109,1,6,12,コンクイスタ,牡4,58.0,石川裕紀,1:23.9,,2-2,35.4,6.5,3.0,496.0,4.0,[西]吉岡辰弥,ターフ・スポート,1593.4,2020106557,1150,1176,102800
202405021109,2,8,15,リンドラゴ,牡5,58.0,戸崎圭太,1:24.1,1,3-3,35.4,10.1,6.0,472.0,-10.0,[西]杉山佳明,シルクレーシング,632.4,2019101200,5386,1178,506800
202405021109,3,2,4,ニットウバジル,牡4,58.0,柴田善臣,1:24.3,1.1/2,3-3,35.6,3.1,1.0,498.0,-4.0,[東]高橋文雅,日東牧場,396.2,2020106782,641,1134,115800
202405021109,4,1,2,リラックス,牡4,58.0,菅原明良,1:24.4,クビ,6-5,35.5,11.0,7.0,506.0,-6.0,[東]久保田貴,中西純穂,230.0,2020103044,1179,1067,1031
202405021109,5,8,16,グラスシフォン,牝4,56.0,大野拓弥,1:24.6,1.1/2,12-12,34.9,4.4,2.0,426.0,4.0,[東]松山将樹,半沢,155.0,2020103985,1096,1100,541800
202405021109,6,7,14,ウィンダミア,牡5,58.0,吉田豊,1:24.7,1/2,1-1,36.3,9.7,5.0,446.0,-10.0,[東]林徹,広尾レース,0.0,2019106808,733,1163,553800
202405021109,7,5,10,ニフェーデービル,牡4,58.0,横山武史,1:25.0,2,5-5,36.1,25.0,8.0,486.0,-6.0,[東]中舘英二,瀬谷隆雄,0.0,2020101134,1170,1153,775006
202405021109,8,4,8,クリノアルバトロス,牡4,58.0,松岡正海,1:25.1,3/4,10-10,35.7,8.6,4.0,502.0,-2.0,[東]伊藤伸一,栗本博晴,0.0,2020101983,1085,1031,970006
202405021109,9,3,6,ロードオルデン,牡5,58.0,長岡禎仁,1:25.3,3/4,12-12,35.6,42.9,9.0,476.0,-4.0,[西]辻野泰之,ロードホースクラブ,0.0,2019102656,1142,1183,170800
202405021109,10,5,9,アポロプラネット,牡5,58.0,永野猛蔵,1:25.6,2,10-10,36.2,74.4,12.0,496.0,2.0,[東]伊藤圭三,星野隆男,0.0,2019101264,1188,1023,530033
202405021109,11,7,13,ダークンストーミー,牡4,58.0,三浦皇成,1:25.9,2,16-14,36.1,123.8,15.0,452.0,-2.0,[東]小笠倫弘,荒井眞澄,0.0,2020100656,1122,1076,790033
202405021109,12,3,5,スマイルアップ,牝5,56.0,藤田菜七,1:26.1,3/4,14-15,36.2,61.4,11.0,450.0,-10.0,[東]萱野浩二,馬目卓,0.0,2019103815,1164,1024,979007
202405021109,13,4,7,バンドールロゼ,牡5,58.0,原優介,1:26.1,アタマ,7-7,36.9,100.7,14.0,468.0,-6.0,[東]清水英克,ノルマンディーサラブレッドレーシング,0.0,2019105819,1184,1080,854800
202405021109,14,2,3,フィールザワールド,牡6,58.0,オシェア,1:26.2,1,14-15,36.2,43.2,10.0,484.0,2.0,[東]岩戸孝樹,櫻井正,0.0,2018105762,5663,1051,864009
202405021109,15,1,1,シャインフォール,牡5,58.0,小林勝太,1:26.3,1/2,9-7,37.1,292.7,16.0,476.0,-12.0,[東]小野次郎,皆川博文,0.0,2019101359,1205,1125,369008
202405021109,16,6,11,サニーサフラン,牡4,58.0,佐々木大,1:27.3,6,7-7,38.0,76.1,13.0,496.0,-10.0,[東]菊川正達,海原聖一,0.0,2020100892,1197,1052,471002
202405021110,1,6,10,バトルハーデン,牡4,58.0,ルメール,1:32.4,,11-8,34.0,2.9,2.0,514.0,-12.0,[西]矢作芳人,サンデーレーシング,1582.2,2020103664,5339,1075,226800
202405021110,2,4,5,バニシングポイント,セ6,58.0,北村宏司,1:32.7,1.1/2,13-11,34.0,36.0,7.0,490.0,-8.0,[東]古賀慎明,長谷川祐司,629.2,2018110086,1043,1079,196031
202405021110,3,4,6,ダイシンヤマト,牡4,58.0,吉田豊,1:32.7,ハナ,10-11,34.0,2.9,1.0,504.0,-6.0,[東]戸田博文,大八木信行,394.6,2020101967,733,1054,929002
202405021110,4,5,7,ウインアイオライト,牝4,56.0,丹内祐次,1:32.7,クビ,4-3,34.7,25.0,6.0,458.0,-2.0,[東]矢嶋大樹,ウイン,230.0,2020105203,1091,1202,494800
202405021110,5,8,13,スクルトゥーラ,牝5,56.0,戸崎圭太,1:32.8,クビ,8-8,34.4,58.5,9.0,448.0,4.0,[東]鹿戸雄一,サンデーレーシング,155.0,2019105144,5386,1097,226800
202405021110,6,5,8,サトノスカイターフ,牡6,58.0,モレイラ,1:32.9,1,11-11,34.2,3.6,3.0,502.0,-4.0,[西]池江泰寿,里見治,0.0,2018105073,5509,1071,790031
202405021110,7,3,3,グラニット,牡4,58.0,佐々木大,1:32.9,ハナ,3-3,34.9,20.0,5.0,456.0,-8.0,[東]大和田成,ミルファーム,0.0,2020100810,1197,1124,629800
202405021110,8,7,12,ワザモノ,牡6,58.0,黛弘人,1:33.0,クビ,8-5,34.9,214.8,13.0,496.0,4.0,[東]尾関知人,ノルマンディーサラブレッドレーシング,0.0,2018103560,1109,1103,854800
202405021110,9,3,4,タミオスター,牡5,58.0,横山武史,1:33.2,1.1/2,7-8,34.7,43.1,8.0,486.0,-14.0,[東]斎藤誠,ＣＨＥＶＡＬＡＴＴＡＣＨＥ,0.0,2019103548,1170,1086,888800
202405021110,10,6,9,ジッピーレーサー,セ7,58.0,大野拓弥,1:33.3,クビ,6-6,35.0,91.6,11.0,470.0,-8.0,[東]高木登,岡田牧雄,0.0,2017110086,1096,1088,851009
202405021110,11,7,11,ノーダブルディップ,牡6,58.0,三浦皇成,1:33.3,ハナ,1-1,36.4,96.4,12.0,538.0,-14.0,[東]古賀慎明,丸山担,0.0,2018104837,1122,1079,922030
202405021110,12,8,14,コスモスプモーニ,牡4,58.0,オシェア,1:33.4,1,2-2,36.2,77.8,10.0,484.0,10.0,[東]松山将樹,ビッグレッドファーム,0.0,2020101261,5663,1100,716800
202405021110,13,1,1,ショーヒデキラ,牡8,58.0,小林美駒,1:33.9,3,14-14,34.3,305.4,14.0,490.0,-10.0,[東]鈴木伸尋,吉冨学,0.0,2016102080,1206,1026,905033
202405021110,-1,2,2,ハワイアンタイム,セ4,58.0,横山典弘,,,,,,,,,[西]昆貢,吉田勝利,0.0,2020101808,660,1044,554008
202405021111,1,4,7,コスタノヴァ,牡4,57.0,ルメール,1:21.9,,5-4,34.8,3.5,2.0,484.0,-10.0,[東]木村哲也,吉田勝己,2235.7,2020103307,5339,1126,790005
202405021111,2,4,8,エンペラーワケア,牡4,59.0,川田将雅,1:22.1,1.1/4,4-4,35.0,1.7,1.0,534.0,0.0,[西]杉山晴紀,草間庸文,890.2,2020101547,1088,1157,909006
202405021111,3,5,9,ベジャール,牡5,57.0,オシェア,1:23.0,5,6-6,35.7,103.3,11.0,564.0,-10.0,[東]田中博康,シンシアリー,555.1,2019103826,5663,1162,340803
202405021111,4,6,12,ハチメンロッピ,牡4,57.0,原優介,1:23.0,ハナ,13-12,34.9,22.5,6.0,508.0,-4.0,[東]矢野英一,ターフ・スポート,330.0,2020106756,1184,1108,102800
202405021111,5,3,5,コパノニコルソン,牡5,57.0,松岡正海,1:23.1,クビ,9-8,35.5,119.2,12.0,530.0,-2.0,[西]宮徹,小林祥晃,220.0,2019104116,1085,1018,966007
202405021111,6,1,2,クインズメリッサ,牝6,55.0,藤懸貴志,1:23.1,クビ,11-10,35.2,98.0,10.0,482.0,4.0,[西]宮本博,ケイアイスタリオン,0.0,2018101984,1138,1073,331803
202405021111,7,5,10,シアージスト,牡5,58.0,モレイラ,1:23.2,3/4,2-3,36.3,12.6,4.0,564.0,-8.0,[東]堀宣行,ゴドルフィン,0.0,2019110009,5509,1070,3060
202405021111,8,8,15,レッドヴェイロン,牡9,58.0,吉田豊,1:23.3,クビ,14-14,35.0,34.0,7.0,516.0,-6.0,[東]鹿戸雄一,東京ホースレーシング,0.0,2015104714,733,1097,180800
202405021111,9,7,13,フルム,牡5,58.0,水口優也,1:23.5,1.1/2,9-10,35.7,14.1,5.0,496.0,0.0,[西]浜田多実,京都ホースレーシング,0.0,2019106214,1133,1138,65803
202405021111,10,6,11,ロードラディウス,牡4,57.0,佐々木大,1:23.7,3/4,6-8,36.2,55.3,8.0,480.0,-4.0,[西]森田直行,ロードホースクラブ,0.0,2020100168,1197,1142,170800
202405021111,11,2,4,ヘラルドバローズ,牡5,57.0,津村明秀,1:23.7,クビ,8-6,36.4,134.5,13.0,508.0,2.0,[西]寺島良,猪熊広次,0.0,2019106521,1092,1158,859007
202405021111,12,8,16,レディフォース,牝4,55.0,長岡禎仁,1:24.0,1.3/4,2-2,37.2,65.8,9.0,520.0,-4.0,[西]杉山佳明,藤田好紀,0.0,2020103790,1142,1178,41033
202405021111,13,2,3,アドマイヤルプス,セ7,58.0,丹内祐次,1:24.7,4,11-12,36.6,329.2,16.0,540.0,0.0,[東]加藤征弘,近藤旬子,0.0,2017105279,1091,1059,535031
202405021111,14,3,6,サンライズジーク,牡4,57.0,三浦皇成,1:24.7,ハナ,1-1,37.9,239.0,15.0,508.0,-6.0,[西]矢作芳人,ライフハウス,0.0,2020103039,1122,1075,399803
202405021111,15,7,14,カセノダンサー,牝5,55.0,石川裕紀,1:24.9,1.1/4,14-14,36.6,165.6,14.0,474.0,-6.0,[西]中尾秀正,平川進,0.0,2019100297,1150,1069,759033
202405021111,16,1,1,バトルクライ,牡5,59.0,戸崎圭太,1:25.3,2.1/2,14-14,37.0,12.4,3.0,502.0,4.0,[東]高木登,Ｇリビエール・レーシング,0.0,2019103879,5386,1088,98803
202405021112,1,3,6,プラーヴィ,牡4,58.0,川田将雅,1:36.1,,7-7,35.9,4.7,3.0,478.0,4.0,[西]杉山晴紀,長谷川祐司,1140.0,2020101905,1088,1157,196031
202405021112,2,4,8,ボールドゾーン,牡4,58.0,ルメール,1:36.3,1.1/2,2-2,36.7,2.9,1.0,508.0,8.0,[東]木村哲也,シルクレーシング,460.0,2020110130,5339,1126,506800
202405021112,3,8,16,ネイビースター,牡4,58.0,戸崎圭太,1:36.5,1.1/4,9-9,36.1,3.3,2.0,532.0,-14.0,[東]林徹,保坂和孝,290.0,2020103795,5386,1163,398030
202405021112,4,1,1,ジャスパーバローズ,牡4,58.0,モレイラ,1:36.5,クビ,7-7,36.4,11.8,4.0,508.0,-8.0,[西]清水久詞,猪熊広次,170.0,2020100665,5509,1110,859007
202405021112,5,1,2,ルーパステソーロ,牡6,57.0,永野猛蔵,1:37.0,3,15-15,35.9,227.9,14.0,538.0,-8.0,[東]千葉直人,了徳寺健二ホールディングス,114.0,2018100995,1188,1199,89803
202405021112,6,2,3,レイズカイザー,牡4,58.0,菅原明良,1:37.0,ハナ,1-1,37.4,18.0,8.0,522.0,2.0,[東]田村康仁,吉井盛治,0.0,2020100583,1179,1027,652031
202405021112,7,7,14,タイセイウォリアー,牡4,58.0,北村宏司,1:37.1,クビ,3-3,37.4,16.2,6.0,490.0,-4.0,[西]大橋勇樹,田中成奉,0.0,2020104148,1043,1065,224007
202405021112,8,3,5,ロミオボス,牡4,58.0,横山武史,1:37.1,アタマ,10-9,36.7,17.7,7.0,476.0,-12.0,[東]加藤征弘,加藤正二郎,0.0,2020102896,1170,1059,32030
202405021112,9,5,10,メラーキ,牡7,58.0,松岡正海,1:37.3,1.1/4,13-14,36.3,468.8,16.0,480.0,0.0,[東]稲垣幸雄,大塚亮一,0.0,2017105634,1085,1167,858800
202405021112,10,8,15,フミバレンタイン,牝5,56.0,柴田善臣,1:37.3,ハナ,5-4,37.3,175.6,13.0,472.0,-4.0,[東]鹿戸雄一,林文彦,0.0,2019105112,641,1097,131803
202405021112,11,6,11,ララエフォール,牡5,54.0,小林美駒,1:37.7,2.1/2,16-16,35.8,14.0,5.0,488.0,-10.0,[東]和田雄二,フジイ興産,0.0,2019101121,1206,1143,851800
202405021112,12,5,9,ラフエイジアン,セ4,58.0,佐々木大,1:37.7,クビ,13-12,37.1,46.6,9.0,464.0,-12.0,[東]中舘英二,尾崎恒男,0.0,2020104738,1197,1153,786033
202405021112,13,7,13,テイエムファルコン,牡7,58.0,オシェア,1:38.0,1.3/4,10-12,37.3,152.2,12.0,502.0,-6.0,[西]高橋一哉,竹園正繼,0.0,2017102599,5663,1206,356002
202405021112,14,6,12,ロードジャスティス,牡5,57.0,原優介,1:38.1,クビ,5-4,38.1,50.8,10.0,474.0,2.0,[西]小椋研介,ロードホースクラブ,0.0,2019103027,1184,1197,170800
202405021112,15,4,7,ティートラップ,牡7,55.0,小林勝太,1:38.5,2,10-9,38.1,323.5,15.0,466.0,-8.0,[東]伊藤伸一,深見富朗,0.0,2017103381,1205,1031,966002
202405021112,16,2,4,グラシアス,牡4,58.0,大野拓弥,1:39.4,5,4-4,39.5,113.6,11.0,450.0,-8.0,[東]中舘英二,瀬谷隆雄,0.0,2020101873,1096,1153,775006
202405021201,1,5,10,エリカサファイア,牝3,55.0,モレイラ,1:36.7,,2-2,36.2,1.5,1.0,496.0,16.0,[東]堀宣行,唐澤絵里加,550.0,2021103732,5509,1070,613031
202405021201,2,2,4,セイウンマカロン,牝3,55.0,大野拓弥,1:37.6,5,5-4,36.7,7.8,3.0,440.0,4.0,[東]千葉直人,西山茂行,220.0,2021107080,1096,1199,897009
202405021201,3,8,15,ピースヒロフェイス,牝3,55.0,石橋脩,1:38.0,2.1/2,5-4,37.0,15.3,4.0,462.0,4.0,[東]牧光二,中平和宏,140.0,2021105769,1077,1106,471031
202405021201,4,4,7,チャルドーニ,牝3,55.0,津村明秀,1:38.3,1.3/4,3-3,37.6,28.7,7.0,458.0,-4.0,[東]林徹,ジャコモ,83.0,2021104946,1092,1163,29803
202405021201,5,1,2,レイヌドサーブル,牝3,55.0,菅原明良,1:38.9,3.1/2,8-8,37.1,40.1,8.0,466.0,8.0,[東]萩原清,Ｇ１レーシング,55.0,2021104801,1179,1017,808800
202405021201,6,5,9,キガタレイ,牝3,55.0,横山和生,1:38.9,クビ,7-7,37.5,18.1,6.0,474.0,2.0,[東]竹内正洋,由井健太郎,0.0,2021104386,1140,1152,44803
202405021201,7,3,6,スズノアムール,牝3,55.0,内田博幸,1:39.1,1,1-1,38.7,5.0,2.0,450.0,4.0,[東]深山雅史,小紫嘉之,0.0,2021104499,422,1174,835030
202405021201,8,6,11,カンタベリーローズ,牝3,51.0,小林美駒,1:39.7,3.1/2,14-15,36.6,56.1,9.0,456.0,-6.0,[東]的場均,峰哲馬,0.0,2021105949,1206,1063,684006
202405021201,9,8,16,ミドリタツ,牝3,55.0,Ｍ．デム,1:39.9,1.1/2,11-10,37.5,85.0,10.0,480.0,6.0,[東]田島俊明,林弘之,0.0,2021105258,5212,1112,430033
202405021201,10,7,14,コムダビチュード,牝3,55.0,黛弘人,1:40.2,1.3/4,13-12,37.5,463.5,16.0,454.0,2.0,[東]南田美知,ミルファーム,0.0,2021101197,1109,437,629800
202405021201,11,7,13,シンデレラタイム,牝3,55.0,横山武史,1:40.4,1,4-6,39.3,17.7,5.0,456.0,2.0,[東]大竹正博,ノースヒルズ,0.0,2021106638,1170,1102,788800
202405021201,12,4,8,コスモバタール,牝3,55.0,丹内祐次,1:40.4,クビ,8-9,38.3,283.2,13.0,456.0,0.0,[東]奥村武,ビッグレッドファーム,0.0,2021106803,1091,1145,716800
202405021201,13,6,12,ペイシャバロ,牝3,55.0,小林凌大,1:41.1,4,14-14,38.2,336.5,14.0,462.0,6.0,[東]小西一男,北所直人,0.0,2021102035,1177,405,163002
202405021201,14,2,3,シャトーブレール,牝3,55.0,柴田大知,1:42.5,9,16-16,39.2,453.3,15.0,438.0,10.0,[東]伊藤大士,Ｇ１レーシング,0.0,2021104859,1009,1109,808800
202405021201,15,1,1,ウルトラハニー,牝3,55.0,西村淳也,1:43.5,6,8-10,41.0,268.3,12.0,414.0,4.0,[東]斎藤誠,スリーエイチレーシング,0.0,2021104177,1171,1086,72803
202405021201,16,3,5,ミルクギモーヴ,牝3,53.0,藤田菜七,1:44.3,5,11-12,41.6,232.4,11.0,460.0,12.0,[東]深山雅史,田頭勇貴,0.0,2021107260,1164,1174,855030
202405021202,1,8,16,ゴンザーゴ,牡3,57.0,西村淳也,1:25.5,,9-5,37.4,6.7,4.0,458.0,4.0,[東]黒岩陽一,吉田和美,550.0,2021105388,1171,1133,138007
202405021202,2,4,7,トモジャシャトー,牡3,54.0,長浜鴻緒,1:25.5,アタマ,6-5,37.4,21.4,7.0,476.0,-2.0,[東]小笠倫弘,吉冨学,220.0,2021101041,1214,1076,905033
202405021202,3,5,9,ジェイエルジェティ,牝3,55.0,田辺裕信,1:25.7,1.1/4,2-2,38.0,3.0,1.0,516.0,6.0,[東]小西一男,橋元幸人,140.0,2021101833,1075,405,173033
202405021202,4,7,13,オーネットレオ,牡3,57.0,戸崎圭太,1:25.8,1/2,10-10,37.2,17.7,6.0,488.0,2.0,[東]中川公成,醍醐智仁,83.0,2021100551,5386,1081,766031
202405021202,5,1,2,マクミランテソーロ,牡3,57.0,柴田大知,1:26.1,1.3/4,7-7,37.8,66.6,9.0,490.0,0.0,[東]田中剛,了徳寺健二ホールディングス,55.0,2021102276,1009,1119,89803
202405021202,6,7,14,ポッドグラス,牡3,57.0,北村宏司,1:26.3,1.1/4,4-4,38.4,8.0,5.0,488.0,4.0,[東]畠山吉宏,小川眞査雄,0.0,2021103712,1043,1048,42033
202405021202,7,3,6,ダイゴリュウジン,牡3,57.0,丹内祐次,1:26.4,1/2,2-2,38.8,4.5,3.0,464.0,-2.0,[東]清水英克,長谷川光司,0.0,2021106959,1091,1080,895002
202405021202,8,2,4,サベージラヴ,牝3,52.0,小林勝太,1:26.5,3/4,1-1,38.9,309.5,15.0,450.0,6.0,[東]伊藤圭三,ＯＵＭＡ,0.0,2021103748,1205,1023,379803
202405021202,9,5,10,ファイアーサイン,牡3,57.0,松岡正海,1:26.5,クビ,13-13,37.3,98.9,11.0,460.0,8.0,[東]石栗龍彦,松谷翔太,0.0,2021100880,1085,1043,849033
202405021202,10,4,8,リキサンワールド,牡3,54.0,佐藤翔馬,1:26.8,1.1/2,11-11,37.8,120.5,12.0,462.0,2.0,[東]奥平雅士,高橋眞紀子,0.0,2021100408,1207,1074,804033
202405021202,11,1,1,クインタレッリ,牡3,56.0,永野猛蔵,1:27.2,2.1/2,11-11,38.2,258.8,14.0,502.0,0.0,[東]尾形和幸,平瀬智樹,0.0,2021102792,1188,1141,948031
202405021202,12,3,5,ドンクロノス,牡3,57.0,菅原明良,1:27.2,ハナ,15-15,36.9,73.3,10.0,446.0,0.0,[東]本間忍,山田貢一,0.0,2021101863,1179,1056,440006
202405021202,13,6,12,アオイラリュヌ,牝3,52.0,石神深道,1:27.4,1,4-7,39.1,362.1,16.0,424.0,0.0,[東]和田雄二,鈴木正一,0.0,2021106914,1209,1143,222031
202405021202,14,8,15,シーニックビュー,牡3,57.0,横山武史,1:27.4,クビ,7-7,39.1,4.1,2.0,506.0,-6.0,[東]加藤征弘,社台レースホース,0.0,2021105229,1170,1059,415800
202405021202,15,6,11,ファロウ,牡3,57.0,岩田望来,1:27.6,3/4,14-14,37.8,38.8,8.0,532.0,0.0,[東]斎藤誠,林正道,0.0,2021105754,1174,1086,675030
202405021202,16,2,3,ディスクリーキング,牡3,57.0,木幡巧也,1:30.4,大,16-16,39.5,167.7,13.0,436.0,0.0,[東]松山将樹,山本精一,0.0,2021106416,1162,1100,383002
202405021203,1,4,8,タンゴバイラリン,牡3,57.0,田辺裕信,1:36.9,,7-6,36.9,1.6,1.0,514.0,0.0,[東]栗田徹,山田弘,550.0,2021105272,1075,1127,518002
202405021203,2,7,13,ホウオウフェイント,牡3,57.0,菅原明良,1:37.0,1/2,3-3,37.5,3.6,2.0,488.0,-2.0,[東]高木登,小笹芳央,220.0,2021103481,1179,1088,906033
202405021203,3,4,7,パリプラージュ,牝3,55.0,野中悠太,1:37.1,1/2,2-2,37.8,20.6,5.0,494.0,10.0,[東]宮田敬介,サンデーレーシング,140.0,2021110009,1158,1175,226800
202405021203,4,6,11,ベストディシジョン,牡3,57.0,丹内祐次,1:38.4,8,8-6,38.3,10.6,3.0,490.0,-4.0,[東]武井亮,サンデーレーシング,83.0,2021105718,1091,1147,226800
202405021203,5,5,9,ジーティーセイント,牡3,54.0,佐藤翔馬,1:39.1,4,16-15,37.5,405.3,15.0,456.0,4.0,[東]鈴木慎太,田畑利彦,55.0,2021102950,1207,1179,464030
202405021203,6,5,10,メンドロントット,牡3,54.0,小林勝太,1:39.3,1.1/4,4-4,39.5,254.8,12.0,544.0,-4.0,[東]杉浦宏昭,小林善一,0.0,2021105023,1205,1008,880033
202405021203,7,8,15,ザソード,牡3,57.0,岩田望来,1:39.4,1,4-4,39.6,11.5,4.0,498.0,-12.0,[東]相沢郁,石瀬浩三,0.0,2021107261,1174,1020,812008
202405021203,8,7,14,ビップチェイス,牡3,57.0,江田照男,1:39.6,1,8-11,38.9,122.1,10.0,470.0,-4.0,[東]田島俊明,鈴木邦英,0.0,2021105763,689,1112,524030
202405021203,9,1,2,シャドウルパン,牡3,57.0,オシェア,1:40.1,3,12-11,39.3,41.5,8.0,496.0,4.0,[東]斎藤誠,飯塚知一,0.0,2021104797,5663,1086,308002
202405021203,10,2,4,ルミナスアイ,セ3,54.0,石田拓郎,1:40.4,1.3/4,13-11,39.6,307.2,13.0,448.0,0.0,[東]大和田成,鈴木正浩,0.0,2021109176,1203,1124,317033
202405021203,11,3,6,セイウンウィズミー,牝3,54.0,原優介,1:41.7,8,4-8,41.5,38.4,7.0,478.0,6.0,[東]堀内岳志,西山茂行,0.0,2021102941,1184,1189,897009
202405021203,12,8,16,イルプリンチペ,牡3,57.0,丸山元気,1:41.9,1.1/2,13-14,41.0,95.2,9.0,494.0,0.0,[東]和田雄二,吉田勝己,0.0,2021105914,1127,1143,790005
202405021203,13,3,5,ブートストラップ,セ3,56.0,永野猛蔵,1:41.9,アタマ,8-9,41.5,131.3,11.0,492.0,0.0,[東]本間忍,梶原大輔,0.0,2021103998,1188,1056,800033
202405021203,14,6,12,ニシノオーシャン,牡3,57.0,黛弘人,1:42.2,1.3/4,15-16,40.4,322.0,14.0,516.0,-8.0,[東]千葉直人,西山茂行,0.0,2021104048,1109,1199,897009
202405021203,15,2,3,ウィウィルウィン,牡3,57.0,西村淳也,1:42.3,1/2,1-1,43.0,23.5,6.0,520.0,8.0,[東]中川公成,星加浩一,0.0,2021102347,1171,1081,385031
202405021203,16,1,1,アプローチ,セ3,54.0,水沼元輝,1:43.1,5,8-9,42.6,522.9,16.0,510.0,0.0,[東]加藤和宏,近藤英二,0.0,2021100507,1201,1077,562031
202405021204,1,6,12,アンパドゥ,牡3,57.0,ルメール,1:33.6,,10-11,33.6,2.8,1.0,480.0,0.0,[東]木村哲也,ゴドルフィン,550.0,2021110030,5339,1126,3060
202405021204,2,2,3,ロジカルワーズ,牡3,57.0,大野拓弥,1:34.0,2.1/2,1-1,35.1,4.9,2.0,506.0,0.0,[東]大竹正博,Ｈ．Ｈ．シェイク・ハムダン,220.0,2021110020,1096,1102,4060
202405021204,3,7,13,ホウオウシンデレラ,牝3,55.0,丸田恭介,1:34.1,1/2,2-2,35.0,23.9,9.0,460.0,-6.0,[東]奥村武,小笹芳央,140.0,2021103533,1117,1145,906033
202405021204,4,4,8,デファイ,牝3,55.0,横山武史,1:34.2,1,7-6,34.5,6.7,3.0,452.0,12.0,[東]斎藤誠,市川義美ホールディングス,83.0,2021104421,1170,1086,10803
202405021204,5,6,11,マーゴットメネス,牡3,57.0,西村淳也,1:34.2,アタマ,4-6,34.6,369.7,15.0,470.0,0.0,[東]伊坂重信,前田良平,55.0,2021104180,1171,1177,900031
202405021204,6,1,2,ペプチドセーヌ,牝3,55.0,藤岡佑介,1:34.5,1.1/2,4-4,35.1,21.8,8.0,442.0,0.0,[西]武英智,沼川一彦,0.0,2021104761,1093,1161,500007
202405021204,7,2,4,アンナネーヴェ,牝3,55.0,Ｍ．デム,1:34.6,3/4,15-10,34.7,40.6,10.0,428.0,-4.0,[東]金成貴史,寺田英司,0.0,2021106680,5212,1132,675031
202405021204,8,4,7,モンタンヴェール,牝3,55.0,モレイラ,1:34.6,クビ,13-14,34.4,6.7,4.0,414.0,0.0,[東]堀宣行,キャロットファーム,0.0,2021105196,5509,1070,486800
202405021204,9,7,14,ヴェヌーセ,牝3,54.0,秋山稔樹,1:34.7,1/2,15-14,34.5,233.7,12.0,498.0,0.0,[東]蛯名利弘,ノルマンディーサラブレッドレーシング,0.0,2021103477,1181,1131,854800
202405021204,10,3,6,ペクトラル,牡3,57.0,松山弘平,1:34.8,3/4,7-6,35.1,12.5,7.0,504.0,-6.0,[東]中舘英二,シルクレーシング,0.0,2021107183,1126,1153,506800
202405021204,11,5,9,ドナウワルツ,牝3,55.0,戸崎圭太,1:35.5,4,10-11,35.5,8.9,5.0,472.0,8.0,[東]手塚貴久,サンデーレーシング,0.0,2021105679,5386,1038,226800
202405021204,12,7,15,トトリムク,牝3,55.0,黛弘人,1:35.6,1/2,2-3,36.4,527.4,17.0,424.0,2.0,[東]石毛善彦,ミルファーム,0.0,2021107165,1109,428,629800
202405021204,13,8,17,コードナイン,牡3,57.0,菊沢一樹,1:35.7,1/2,7-9,35.9,329.1,14.0,446.0,-4.0,[東]菊沢隆徳,木部厳生,0.0,2021101222,1161,1115,815033
202405021204,14,3,5,アドマーニ,セ3,57.0,北村宏司,1:35.9,1,17-14,35.6,230.3,11.0,444.0,-6.0,[東]古賀慎明,京都ホースレーシング,0.0,2021107010,1043,1079,65803
202405021204,15,1,1,カウイラ,牝3,55.0,丹内祐次,1:36.1,1,10-11,36.1,288.4,13.0,456.0,4.0,[東]武藤善則,ビッグレッドファーム,0.0,2021100762,1091,1064,716800
202405021204,16,8,16,フッカツノコロアイ,牝3,55.0,小林凌大,1:36.3,1.1/4,13-14,36.0,451.3,16.0,430.0,2.0,[東]小西一男,福田光博,0.0,2021103517,1177,405,615030
202405021204,17,8,18,ラヴィデクラ,牝3,52.0,小林勝太,1:36.5,1.1/4,18-18,35.7,551.3,18.0,418.0,-4.0,[東]粕谷昌央,土井久美子,0.0,2021106588,1205,1096,643031
202405021204,18,5,10,ケイアイプロキオン,牡3,57.0,野中悠太,1:38.7,大,4-5,39.2,12.5,6.0,472.0,4.0,[東]和田正一,ケイアイスタリオン,0.0,2021103836,1158,1114,331803
202405021205,1,3,5,クインズデネブ,牝3,55.0,菅原明良,1:24.7,,9-10,35.5,7.0,4.0,414.0,6.0,[東]小島茂之,亀田和弘,780.0,2021106328,1179,1068,390803
202405021205,2,6,11,タイセイレスポンス,牡3,57.0,横山典弘,1:24.8,クビ,16-16,34.8,17.0,7.0,494.0,2.0,[西]安田翔伍,田中成奉,310.0,2021105646,660,1164,224007
202405021205,3,8,16,サンリコリス,牝3,55.0,岩部純二,1:24.8,クビ,14-14,35.4,58.1,14.0,442.0,4.0,[東]萱野浩二,加藤ステーブル,200.0,2021101299,726,1024,59803
202405021205,4,1,2,アルジェンタージョ,牝3,54.0,永野猛蔵,1:24.8,アタマ,9-8,35.9,5.2,2.0,458.0,10.0,[東]伊藤圭三,ＯＵＭＡ,120.0,2021103706,1188,1023,379803
202405021205,5,7,13,バロン,牝3,55.0,ルメール,1:24.8,クビ,7-8,35.9,3.5,1.0,474.0,0.0,[東]手塚貴久,藤田晋,78.0,2021105974,5339,1038,232031
202405021205,6,8,15,ジェネラーレ,牡3,57.0,岩田望来,1:25.2,2,4-5,36.5,36.4,10.0,472.0,-14.0,[西]野中賢二,カナヤマホールディングス,0.0,2021110153,1174,1098,45803
202405021205,7,2,3,オセアエクスプレス,牡3,57.0,内田博幸,1:25.3,3/4,7-7,36.5,59.1,15.0,472.0,8.0,[東]菊川正達,ＸＩＡＯジャパン,0.0,2021104145,422,1052,266031
202405021205,8,4,7,サミアド,牡3,57.0,松山弘平,1:25.5,1.1/4,2-2,37.1,42.1,11.0,502.0,6.0,[東]竹内正洋,グリーンファーム,0.0,2021109086,1126,1152,148800
202405021205,9,5,9,スート,牡3,57.0,津村明秀,1:25.8,1.3/4,11-10,36.6,24.9,8.0,464.0,4.0,[東]林徹,ゴドルフィン,0.0,2021101652,1092,1163,3060
202405021205,10,6,12,クインズポラリス,牝3,55.0,大野拓弥,1:25.8,アタマ,15-14,36.4,10.1,6.0,484.0,2.0,[東]上原博之,ケイアイスタリオン,0.0,2021102371,1096,423,331803
202405021205,11,7,14,アシャカデュメ,牡3,53.0,小林美駒,1:26.0,1.1/4,2-3,37.5,97.9,16.0,476.0,-10.0,[東]小笠倫弘,吉冨学,0.0,2021102066,1206,1076,905033
202405021205,12,5,10,マイフォーエバー,牡3,57.0,丹内祐次,1:26.0,ハナ,11-10,36.9,51.0,13.0,486.0,2.0,[東]矢野英一,青山洋一,0.0,2021105193,1091,1108,15008
202405021205,13,1,1,ダノンマカルー,牡3,57.0,川田将雅,1:26.2,1.1/4,4-3,37.7,7.9,5.0,532.0,-2.0,[東]田中博康,ダノックス,0.0,2021105965,1088,1162,619800
202405021205,14,2,4,ウエスタンシーズン,牡3,57.0,石橋脩,1:26.2,ハナ,1-1,38.0,25.9,9.0,548.0,2.0,[西]西園正都,西川賢,0.0,2021103444,1077,1028,929006
202405021205,15,4,8,ミッキードラマー,牡3,57.0,菊沢一樹,1:26.8,3.1/2,13-10,37.7,50.5,12.0,526.0,4.0,[東]菊沢隆徳,野田みづき,0.0,2021104782,1161,1115,441007
202405021205,16,3,6,アメリカンチケット,牡3,57.0,戸崎圭太,1:27.2,2,4-5,38.5,6.9,3.0,496.0,0.0,[西]藤原英昭,吉澤ホールディングス,0.0,2021110122,5386,1055,346803
202405021206,1,4,4,トラマンダーレ,牡4,58.0,松山弘平,1:47.5,,5-5-5,33.1,2.9,2.0,510.0,8.0,[東]鹿戸雄一,シルクレーシング,800.0,2020103486,1126,1097,506800
202405021206,2,6,6,クラウドセイル,牡4,58.0,北村宏司,1:47.8,1.3/4,1-1-1,34.1,45.4,6.0,484.0,-8.0,[東]堀内岳志,Ｇ１レーシング,320.0,2020102552,1043,1189,808800
202405021206,3,5,5,レシプロシティ,牝4,56.0,丹内祐次,1:48.0,1.1/2,3-3-3,33.9,6.4,4.0,454.0,2.0,[東]田村康仁,社台レースホース,200.0,2020102862,1091,1027,415800
202405021206,4,8,8,エピメテウス,牡4,58.0,モレイラ,1:48.1,クビ,2-2-2,34.2,2.4,1.0,530.0,-4.0,[東]堀宣行,吉田勝己,120.0,2020103689,5509,1070,790005
202405021206,5,7,7,デオヴォレンティ,牝4,55.0,秋山稔樹,1:48.3,1.1/2,6-6-6,33.6,33.4,5.0,456.0,8.0,[東]蛯名利弘,岡田牧雄,80.0,2020103917,1181,1131,851009
202405021206,6,1,1,マイネルフォルツァ,牡4,58.0,Ｍ．デム,1:48.6,2,8-8-7,33.8,3.7,3.0,512.0,-4.0,[東]金成貴史,サラブレッドクラブ・ラフィアン,0.0,2020105809,5212,1132,546800
202405021206,7,8,9,オルソビアンコ,牝4,56.0,田辺裕信,1:48.8,1.1/4,9-9-9,33.8,69.9,7.0,394.0,8.0,[東]田村康仁,子安裕樹ＲＣ,0.0,2020102918,1075,1027,385803
202405021206,8,3,3,パララヴィクトリア,牝4,56.0,柴田大知,1:49.0,1.1/4,3-3-3,35.0,212.4,9.0,450.0,6.0,[東]粕谷昌央,ヒダカ・ブリーダーズ・ユニオン,0.0,2020105664,1009,1096,547800
202405021206,9,2,2,カオリナイト,牝6,56.0,的場勇人,1:52.3,大,6-7-7,37.4,172.4,8.0,520.0,5.0,[東]的場均,谷口祐人,0.0,2018102262,1108,1063,74031
202405021207,1,1,1,ニシノスピカ,牝5,56.0,津村明秀,1:24.2,,4-3,37.2,3.9,2.0,482.0,-4.0,[東]鈴木伸尋,西山茂行,800.0,2019103570,1092,1026,897009
202405021207,2,5,10,ノットファウンド,牝4,56.0,西村淳也,1:24.2,クビ,3-3,37.3,2.7,1.0,498.0,0.0,[東]国枝栄,江馬由将,320.0,2020103462,1171,399,879033
202405021207,3,8,16,ランプロファイア,牝5,56.0,北村宏司,1:24.9,4,8-8,36.8,11.0,5.0,480.0,-2.0,[東]古賀慎明,吉田勝己,200.0,2019105409,1043,1079,790005
202405021207,4,5,9,ホワイトターフ,牝5,56.0,オシェア,1:25.0,クビ,5-3,38.0,22.7,9.0,456.0,-4.0,[東]清水英克,ノルマンディーサラブレッドレーシング,120.0,2019105794,5663,1080,854800
202405021207,5,7,13,ビップソリオ,牡5,58.0,松岡正海,1:25.3,2,13-13,36.1,16.6,7.0,536.0,-2.0,[東]田島俊明,鈴木邦英,80.0,2019105655,1085,1112,524030
202405021207,6,4,8,ローズブルーム,牝5,56.0,黛弘人,1:25.5,3/4,6-6,38.2,79.5,12.0,456.0,8.0,[東]伊藤大士,ミルファーム,0.0,2019101428,1109,1109,629800
202405021207,6,7,14,スナイチゴールド,牡4,58.0,吉田豊,1:25.5,同着,10-9,37.0,10.2,4.0,534.0,0.0,[東]加藤和宏,ゴールドレーシング,0.0,2020106457,733,1077,385800
202405021207,8,3,5,ヨロ,牡4,58.0,杉原誠人,1:25.5,クビ,7-7,37.5,35.6,10.0,520.0,-6.0,[東]大和田成,ミルファーム,0.0,2020106982,1135,1124,629800
202405021207,9,4,7,チェイスザウェイ,牝4,55.0,永野猛蔵,1:25.7,1,2-2,39.4,12.5,6.0,466.0,6.0,[東]伊藤圭三,ヒダカ・ブリーダーズ・ユニオン,0.0,2020104111,1188,1023,547800
202405021207,10,2,3,イルザ,牝5,56.0,岩田望来,1:25.9,1,11-11,37.1,20.7,8.0,472.0,12.0,[東]小手川準,中辻明,0.0,2019102736,1174,1171,646030
202405021207,11,3,6,インセプション,牡4,55.0,土田真翔,1:26.8,5,12-12,37.8,266.1,13.0,470.0,12.0,[東]和田雄二,三度屋,0.0,2020106664,1198,1143,20803
202405021207,12,6,12,グランヒマラヤ,牡4,58.0,大野拓弥,1:26.8,アタマ,1-1,40.6,6.8,3.0,506.0,-2.0,[東]松山将樹,飯田訓大,0.0,2020100847,1096,1100,661030
202405021207,13,8,15,クールトラッカー,牡4,58.0,内田博幸,1:28.0,7,9-9,39.5,68.5,11.0,500.0,-3.0,[東]萩原清,寺田寿男,0.0,2020103633,422,1017,866006
202405021207,14,2,4,アポロハクジャ,牝6,56.0,的場勇人,1:28.5,3.1/2,15-15,38.2,382.6,15.0,408.0,8.0,[東]的場均,中島俊房,0.0,2018100170,1108,1063,831033
202405021207,15,1,2,サンマルヴァレー,牝5,56.0,宮崎北斗,1:30.0,9,13-14,40.4,297.6,14.0,450.0,-14.0,[東]佐藤吉勝,相馬勇,0.0,2019106409,1118,1035,580007
202405021207,-2,6,11,ボールドトップ,牡4,57.0,原優介,,,,,,,,,[東]鈴木慎太,増田陽一,0.0,2020106472,1184,1179,291002
202405021208,1,8,11,アームブランシュ,牡4,58.0,吉田豊,2:26.3,,8-6-2-2,34.2,10.3,4.0,468.0,6.0,[東]竹内正洋,古川一弘,1574.5,2020102925,733,1152,680033
202405021208,2,5,5,ダノンターキッシュ,牡6,58.0,モレイラ,2:26.6,2,8-10-10-7,33.8,4.2,2.0,458.0,2.0,[西]寺島良,ダノックス,627.0,2018100410,5509,1158,619800
202405021208,3,4,4,コスタレイ,牝4,56.0,ルメール,2:26.6,クビ,8-6-1-1,34.6,2.2,1.0,480.0,8.0,[東]池上昌和,シルクレーシング,393.5,2020103372,5339,1150,506800
202405021208,4,6,6,オウケンボルト,牡5,58.0,横山和生,2:26.7,1/2,1-1-5-5,34.2,14.1,6.0,444.0,-6.0,[東]土田稔,福井明,230.0,2019103827,1140,417,731006
202405021208,5,7,8,ホウオウプレミア,牡5,58.0,岩田康誠,2:27.0,1.3/4,2-2-3-3,34.7,16.4,7.0,484.0,-6.0,[東]奥村武,小笹芳央,155.0,2019105041,5203,1145,906033
202405021208,6,8,10,ファベル,牡5,58.0,横山武史,2:27.2,1.1/2,3-3-6-5,34.7,7.4,3.0,440.0,2.0,[西]友道康夫,フクキタル,0.0,2019106821,1170,1061,46803
202405021208,7,2,2,ダンツエスプリ,牡5,58.0,藤懸貴志,2:27.3,クビ,6-8-7-7,34.5,158.8,11.0,492.0,0.0,[西]本田優,山元哲二,0.0,2019106399,1138,1099,248005
202405021208,8,6,7,ロードプレイヤー,牡4,58.0,丹内祐次,2:27.3,ハナ,3-3-7-7,34.6,53.4,10.0,452.0,0.0,[東]尾形和幸,ロードホースクラブ,0.0,2020101199,1091,1141,170800
202405021208,9,7,9,キャリーハピネス,牡4,58.0,鮫島克駿,2:27.4,クビ,3-3-3-3,35.1,11.9,5.0,490.0,-2.0,[西]河嶋宏樹,槙和美,0.0,2020105733,1157,1198,754033
202405021208,10,3,3,レヴォルタード,牡4,58.0,岩田望来,2:27.7,2,6-8-10-11,34.7,18.4,8.0,516.0,4.0,[東]手塚貴久,キャロットファーム,0.0,2020103524,1174,1038,486800
202405021208,11,1,1,レッドミラージュ,牝5,56.0,戸崎圭太,2:27.8,3/4,11-10-9-10,34.9,23.7,9.0,438.0,-2.0,[東]栗田徹,大島昌也,0.0,2019105492,5386,1127,465030
202405021209,1,8,10,ジェイパームス,牡4,56.0,モレイラ,1:44.8,,7-8-6,33.9,2.0,1.0,512.0,-2.0,[東]堀宣行,エムズレーシング,1863.8,2020103331,5509,1070,199031
202405021209,2,1,1,ドクタードリトル,牡4,57.0,川田将雅,1:44.9,3/4,5-3-3,34.4,3.0,2.0,466.0,-2.0,[西]今野貞一,谷掛龍夫,746.8,2020103025,1088,1128,727008
202405021209,3,5,5,ビジュノワール,牝5,53.0,津村明秀,1:45.1,1.1/4,1-1-1,35.3,20.5,5.0,464.0,2.0,[東]中舘英二,吉田勝己,463.4,2019105177,1092,1153,790005
202405021209,4,4,4,シホノスペランツァ,牡5,55.0,松山弘平,1:45.1,アタマ,9-6-6,34.3,55.1,8.0,480.0,-10.0,[西]寺島良,村瀬寛紀,280.0,2019105654,1126,1158,262033
202405021209,5,6,6,ニシノライコウ,牡4,57.0,内田博幸,1:45.5,2,3-3-3,35.1,8.6,4.0,488.0,-4.0,[東]古賀慎明,西山茂行,184.0,2020105494,422,1079,897009
202405021209,6,8,9,ロジレット,牝5,52.0,永野猛蔵,1:45.6,3/4,2-2-2,35.3,69.0,9.0,464.0,-4.0,[東]稲垣幸雄,久米田正明,0.0,2019105558,1188,1167,399030
202405021209,7,7,8,マルディランダ,牡4,56.0,横山武史,1:45.6,クビ,7-9-9,34.6,5.5,3.0,484.0,2.0,[東]金成貴史,社台レースホース,0.0,2020103063,1170,1132,415800
202405021209,8,7,7,ゲンパチムサシ,牡6,55.0,西村淳也,1:45.7,1/2,10-9-9,34.7,40.9,7.0,502.0,-4.0,[西]佐々木晶,平野武志,0.0,2018102832,1171,429,689002
202405021209,9,3,3,ロジマンボ,牡5,55.0,北村宏司,1:45.9,1.1/4,5-6-6,35.1,25.0,6.0,490.0,-2.0,[東]古賀慎明,久米田正明,0.0,2019105559,1043,1079,399030
202405021209,10,2,2,メイショウボサツ,牡7,54.0,加藤祥太,1:46.1,1.1/4,3-5-5,35.4,215.3,10.0,468.0,-14.0,[西]梅田智之,松本好雄,0.0,2017106125,1156,1084,523005
202405021210,1,7,14,ドゥラレジリエント,牡4,58.0,鮫島克駿,1:35.6,,8-8,34.8,1.9,1.0,512.0,-2.0,[西]牧田和弥,鈴木昭和,1876.4,2020102845,1157,1123,305030
202405021210,2,5,10,サルヴァトーレ,牡4,58.0,菅原明良,1:35.8,1.1/2,6-5,35.2,4.6,2.0,482.0,0.0,[東]和田正一,ノースヒルズ,750.4,2020100301,1179,1114,788800
202405021210,3,6,12,ナイトアクアリウム,牡4,58.0,長岡禎仁,1:36.0,1.1/4,10-8,35.1,72.0,11.0,496.0,10.0,[西]杉山佳明,グリーンファーム,465.2,2020103005,1142,1178,148800
202405021210,4,3,5,マイネルカーライル,牡4,58.0,丹内祐次,1:36.1,1.1/4,3-3,35.7,19.6,5.0,518.0,0.0,[西]西園正都,サラブレッドクラブ・ラフィアン,280.0,2020105761,1091,1028,546800
202405021210,5,4,7,カズプレスト,牡5,58.0,津村明秀,1:36.4,1.3/4,2-2,36.2,40.1,7.0,524.0,-8.0,[西]高柳大輔,吉田和美,184.0,2019102869,1092,1159,138007
202405021210,6,8,15,ビオグラフィア,牡6,58.0,西村淳也,1:36.4,クビ,10-11,35.3,66.3,10.0,500.0,-2.0,[西]松下武士,キャロットファーム,0.0,2018105471,1171,1149,486800
202405021210,7,1,2,ラップスター,牡4,58.0,武豊,1:36.5,クビ,1-1,36.3,7.2,3.0,514.0,-2.0,[西]森秀行,藤田晋,0.0,2020110104,666,427,232031
202405021210,8,3,6,リバートゥルー,牝4,56.0,吉田豊,1:36.8,1.1/2,15-15,35.2,9.4,4.0,460.0,4.0,[東]久保田貴,佐々木幸弘,0.0,2020102703,733,1067,746033
202405021210,9,2,4,ショウナンライシン,牡4,58.0,池添謙一,1:36.9,3/4,13-12,35.6,180.8,14.0,488.0,2.0,[東]大竹正博,国本哲秀,0.0,2020103148,1032,1102,331002
202405021210,10,8,16,ロードバルドル,牡5,58.0,田辺裕信,1:37.1,1.1/4,3-3,36.8,118.5,13.0,474.0,-10.0,[東]稲垣幸雄,ロードホースクラブ,0.0,2019100410,1075,1167,170800
202405021210,11,1,1,ラニカイ,牝5,56.0,石橋脩,1:37.1,クビ,5-5,36.5,283.5,15.0,506.0,-2.0,[西]松永幹夫,ノースヒルズ,0.0,2019100635,1077,1092,788800
202405021210,12,7,13,ハッスルダンク,牡4,58.0,杉原誠人,1:37.2,1/2,16-15,35.6,87.6,12.0,444.0,4.0,[東]中川公成,高篠憲一,0.0,2020104632,1135,1081,501031
202405021210,13,5,9,フタイテンロック,牡5,58.0,大野拓弥,1:37.3,クビ,6-5,36.6,339.3,16.0,484.0,2.0,[東]佐藤吉勝,松谷翔太,0.0,2019102665,1096,1035,849033
202405021210,14,4,8,ブランデーロック,牡5,58.0,原優介,1:37.4,1/2,13-12,36.0,41.5,8.0,474.0,-8.0,[東]青木孝文,新井利宜,0.0,2019107075,1184,1156,822031
202405021210,15,6,11,ヴィアルークス,牡6,58.0,オシェア,1:37.9,3,12-12,36.6,35.8,6.0,502.0,-2.0,[西]藤原英昭,フクキタル,0.0,2018106815,5663,1055,46803
202405021210,16,2,3,スノーグレース,牝5,56.0,武藤雅,1:38.7,5,8-8,37.8,49.0,9.0,492.0,10.0,[東]中舘英二,シルクレーシング,0.0,2019105185,1169,1153,506800
202405021211,1,3,5,ダノンデサイル,牡3,57.0,横山典弘,2:24.3,,4-3-6-4,33.5,46.6,9.0,504.0,-2.0,[西]安田翔伍,ダノックス,32886.8,2021105143,660,1164,619800
202405021211,2,7,15,ジャスティンミラノ,牡3,57.0,戸崎圭太,2:24.7,2,2-3-2-4,33.9,2.2,1.0,512.0,0.0,[西]友道康夫,三木正浩,12824.8,2021105795,5386,1061,195031
202405021211,3,7,13,シンエンペラー,牡3,57.0,坂井瑠星,2:24.9,1.1/4,8-7-9-9,33.4,17.8,7.0,486.0,4.0,[西]矢作芳人,藤田晋,7912.4,2021110048,1163,1075,232031
202405021211,4,1,1,サンライズアース,牡3,57.0,池添謙一,2:25.0,1.1/4,17-17-2-2,34.4,125.9,15.0,524.0,-8.0,[西]石坂公一,ライフハウス,4500.0,2021105560,1032,1166,399803
202405021211,5,1,2,レガレイラ,牝3,55.0,ルメール,2:25.0,ハナ,10-11-14-13,33.2,4.5,2.0,458.0,2.0,[東]木村哲也,サンデーレーシング,3000.0,2021105898,5339,1126,226800
202405021211,6,3,6,コスモキュランダ,牡3,57.0,Ｍ．デム,2:25.1,クビ,16-13-5-4,34.3,14.3,6.0,502.0,2.0,[東]加藤士津,ビッグレッドファーム,0.0,2021106787,5212,1169,716800
202405021211,7,6,11,シュガークン,牡3,57.0,武豊,2:25.2,3/4,2-2-2-1,34.7,22.0,8.0,504.0,2.0,[西]清水久詞,辻子依旦,0.0,2021102224,666,1110,484031
202405021211,8,8,18,エコロヴァルツ,牡3,57.0,岩田康誠,2:25.2,クビ,1-1-1-2,34.7,160.0,17.0,486.0,0.0,[西]牧浦充徳,原村正紀,0.0,2021101436,5203,1113,783033
202405021211,9,6,12,シックスペンス,牡3,57.0,川田将雅,2:25.3,クビ,4-5-6-7,34.0,8.3,3.0,488.0,-4.0,[東]国枝栄,キャロットファーム,0.0,2021105724,1088,399,486800
202405021211,10,2,3,ジューンテイク,牡3,57.0,岩田望来,2:25.3,クビ,6-7-9-7,34.1,109.4,14.0,484.0,-2.0,[西]武英智,吉川潤,0.0,2021100913,1174,1161,17803
202405021211,11,4,8,アーバンシック,牡3,57.0,横山武史,2:25.4,1/2,14-13-14-15,33.5,8.3,4.0,512.0,2.0,[東]武井亮,シルクレーシング,0.0,2021105436,1170,1147,506800
202405021211,12,5,10,サンライズジパング,牡3,57.0,菅原明良,2:25.4,クビ,10-10-12-13,33.6,128.5,16.0,506.0,-4.0,[西]音無秀孝,ライフハウス,0.0,2021104756,1179,1002,399803
202405021211,13,7,14,ゴンバデカーブース,牡3,57.0,松山弘平,2:25.5,1/2,6-6-8-9,34.1,67.9,11.0,462.0,-4.0,[東]堀宣行,Ｇ１レーシング,0.0,2021104825,1126,1070,808800
202405021211,14,5,9,ダノンエアズロック,牡3,57.0,モレイラ,2:25.6,クビ,8-9-12-9,34.1,12.7,5.0,492.0,0.0,[東]堀宣行,ダノックス,0.0,2021105817,5509,1070,619800
202405021211,15,8,17,ショウナンラプンタ,牡3,57.0,鮫島克駿,2:25.6,アタマ,12-11-9-12,34.0,81.2,12.0,536.0,8.0,[西]高野友和,国本哲秀,0.0,2021105195,1157,1117,331002
202405021211,16,4,7,ミスタージーティー,牡3,57.0,藤岡佑介,2:25.6,アタマ,14-16-16-16,33.4,94.6,13.0,460.0,-8.0,[西]矢作芳人,田畑利彦,0.0,2021105856,1093,1075,464030
202405021211,17,2,4,ビザンチンドリーム,牡3,57.0,西村淳也,2:25.8,1.1/2,12-13-16-16,33.7,61.2,10.0,458.0,2.0,[西]坂口智康,吉田和美,0.0,2021105587,1171,1170,138007
202405021211,-2,8,16,メイショウタバル,牡3,57.0,浜中俊,,,,,,,,,[西]石橋守,松本好雄,0.0,2021103272,1115,1140,523005
202405021212,1,6,9,シュトルーヴェ,セ5,58.5,モレイラ,2:32.3,,11-10-11-10,32.9,3.5,1.0,478.0,-2.0,[東]堀宣行,村木克子,5792.4,2019104447,5509,1070,941033
202405021212,2,5,6,シュヴァリエローズ,牡6,56.0,西村淳也,2:32.3,クビ,3-3-2-3,33.6,33.0,10.0,458.0,-8.0,[西]清水久詞,キャロットファーム,2326.4,2018104942,1171,1110,486800
202405021212,3,4,4,クロミナンス,牡7,57.5,ルメール,2:32.3,アタマ,4-4-5-4,33.4,3.8,2.0,484.0,-8.0,[東]尾関知人,サンデーレーシング,1413.2,2017105074,5339,1103,226800
202405021212,4,2,2,サトノグランツ,牡4,58.5,川田将雅,2:32.5,3/4,4-4-4-4,33.7,5.3,3.0,498.0,0.0,[西]友道康夫,里見治,860.0,2020103473,1088,1061,790031
202405021212,5,6,8,マイネルウィルトス,牡8,57.5,横山武史,2:32.6,1/2,9-9-8-7,33.5,8.9,4.0,478.0,-6.0,[西]宮徹,サラブレッドクラブ・ラフィアン,570.0,2016100752,1170,1018,546800
202405021212,6,7,11,ダンディズム,セ8,57.0,岩田望来,2:32.6,ハナ,8-10-10-10,33.3,137.6,12.0,468.0,-6.0,[西]野中賢二,カナヤマホールディングス,0.0,2016102175,1174,1098,45803
202405021212,7,4,5,ヒートオンビート,牡7,59.0,坂井瑠星,2:32.6,クビ,6-6-8-7,33.4,9.9,6.0,472.0,-2.0,[西]友道康夫,社台レースホース,0.0,2017104936,1163,1061,415800
202405021212,8,8,13,バラジ,セ5,56.0,丹内祐次,2:32.7,1/2,2-2-2-2,34.1,115.0,11.0,492.0,-8.0,[東]鹿戸雄一,岡田牧雄,0.0,2019106698,1091,1097,851009
202405021212,9,8,12,ケイアイサンデラ,牡4,54.0,藤懸貴志,2:32.8,1/2,1-1-1-1,34.3,15.9,7.0,434.0,-6.0,[西]小林真也,ケイアイスタリオン,0.0,2020104881,1138,1185,331803
202405021212,10,3,3,メイショウブレゲ,牡5,56.0,酒井学,2:32.8,クビ,9-12-11-13,33.2,22.9,9.0,468.0,0.0,[西]本田優,松本好雄,0.0,2019104091,1034,1099,523005
202405021212,11,7,10,ナイトインロンドン,牡4,52.0,鮫島克駿,2:32.9,1/2,11-6-5-4,34.0,21.7,8.0,480.0,2.0,[東]大竹正博,窪田芳郎,0.0,2020101152,1157,1102,208008
202405021212,12,1,1,ジューンアヲニヨシ,牡4,55.0,池添謙一,2:32.9,クビ,6-6-7-7,33.8,9.6,5.0,482.0,-2.0,[西]松下武士,吉川潤,0.0,2020100912,1032,1149,17803
202405021212,13,5,7,シークレットラン,牡8,52.0,内田博幸,2:33.9,6,13-13-11-10,34.5,231.6,13.0,502.0,10.0,[西]村山明,亀井哲也,0.0,2016104451,422,1107,164008
202408030501,1,1,2,トウカイポワール,牝3,55.0,松山弘平,1:26.3,,9-8,37.7,5.8,3.0,446.0,2.0,[西]北出成人,内村正則,550.0,2021102389,1126,1078,695004
202408030501,2,8,16,ランスオブセヘル,牝3,55.0,藤岡佑介,1:26.6,2,1-1,38.8,3.3,1.0,484.0,8.0,[西]奥村豊,五影慶則,220.0,2021102754,1093,1146,477006
202408030501,3,6,12,ベレニーチェ,牝3,55.0,岩田望来,1:26.7,1/2,2-2,38.7,7.7,5.0,444.0,2.0,[西]武英智,河野孝明,140.0,2021100680,1174,1161,224031
202408030501,4,8,15,エピファドール,牝3,55.0,武豊,1:27.0,1.3/4,7-5,38.5,5.7,2.0,470.0,0.0,[西]石橋守,インゼルレーシング,83.0,2021102710,666,1140,356803
202408030501,5,7,13,チュウワスペル,牝3,55.0,荻野琢真,1:27.6,3.1/2,4-3,39.3,20.0,8.0,496.0,0.0,[西]大久保龍,中西忍,55.0,2021107181,1112,1058,628007
202408030501,6,3,5,アンリーベイビー,牝3,55.0,団野大成,1:27.7,クビ,10-8,38.9,9.4,6.0,432.0,0.0,[西]茶木太樹,三木正浩,0.0,2021103723,1180,1181,195031
202408030501,7,5,9,クインズアトリア,牝3,55.0,Ｍ．デム,1:27.7,ハナ,5-5,39.4,6.0,4.0,444.0,-16.0,[西]吉岡辰弥,ケイアイスタリオン,0.0,2021104549,5212,1176,331803
202408030501,8,1,1,ドナミント,牝3,55.0,和田竜二,1:28.0,2,5-5,39.7,103.9,10.0,448.0,-6.0,[西]小栗実,小川眞査雄,0.0,2021105249,1018,1194,42033
202408030501,9,4,8,サンピアノソナタ,牝3,55.0,西村淳也,1:28.0,アタマ,2-3,39.9,32.4,9.0,450.0,4.0,[西]佐々木晶,加藤ステーブル,0.0,2021100074,1171,429,59803
202408030501,10,2,3,レイム,牝3,55.0,酒井学,1:28.1,クビ,10-11,39.3,12.2,7.0,430.0,4.0,[西]高橋康之,ローレルレーシング,0.0,2021106942,1034,1135,32800
202408030501,11,2,4,トゥームレイダー,牝3,55.0,川又賢治,1:28.1,アタマ,13-13,39.0,253.4,15.0,440.0,0.0,[西]吉村圭司,ＣＨＥＶＡＬＡＴＴＡＣＨＥ,0.0,2021106677,1166,1130,888800
202408030501,12,5,10,エデュース,牝3,51.0,古川奈穂,1:28.2,1/2,14-13,38.9,180.1,14.0,458.0,22.0,[西]牧浦充徳,水上行雄,0.0,2021100654,1190,1113,482002
202408030501,13,6,11,ウキヨノユメ,牝3,55.0,古川吉洋,1:28.3,クビ,7-10,39.7,177.7,13.0,450.0,-2.0,[西]千田輝彦,國分純,0.0,2021101354,1015,1120,243008
202408030501,14,3,6,イナズマホリデー,牝3,55.0,小崎綾也,1:28.3,アタマ,10-11,39.5,651.4,16.0,468.0,6.0,[西]川村禎彦,小泉賢悟,0.0,2021106173,1152,1003,658002
202408030501,15,4,7,カンカール,牝3,54.0,田口貫太,1:29.0,4,14-13,39.7,123.9,11.0,446.0,10.0,[西]池添学,フォレストレーシング,0.0,2021102303,1208,1144,350031
202408030501,16,7,14,ミヤジテン,牝3,55.0,丸山元気,1:29.5,3,16-16,39.6,127.3,12.0,480.0,12.0,[西]川村禎彦,曽我司,0.0,2021102531,1127,1003,911009
202408030502,1,8,10,シェアホルダーズ,牡3,57.0,川田将雅,2:01.7,,3-3-2-1,38.6,3.5,2.0,476.0,-2.0,[西]松永幹夫,望月雅博,550.0,2021101250,1088,1092,243033
202408030502,2,1,1,ジュンラトゥール,牡3,57.0,和田竜二,2:01.9,1.1/2,3-3-3-3,38.5,5.3,3.0,454.0,-2.0,[西]浜田多実,河合純二,220.0,2021104039,1018,1138,165033
202408030502,3,6,6,アミュニション,牡3,57.0,長岡禎仁,2:02.2,1.3/4,5-5-6-4,38.5,74.5,8.0,500.0,0.0,[西]杉山佳明,琴浦諒,140.0,2021104465,1142,1178,198031
202408030502,4,7,7,アウローラルミエル,牡3,56.0,田口貫太,2:03.5,8,2-2-1-2,40.5,35.3,7.0,508.0,-4.0,[西]田中克典,高橋正雄,83.0,2021105183,1208,1180,665033
202408030502,5,5,5,ミグラテール,牡3,57.0,岩田望来,2:03.5,アタマ,6-5-6-7,39.5,7.0,4.0,504.0,6.0,[西]小栗実,ノースヒルズ,55.0,2021106758,1174,1194,788800
202408030502,6,3,3,メイショウアンゾフ,牡3,57.0,藤岡佑介,2:04.1,3.1/2,10-10-5-6,40.3,14.5,5.0,442.0,-6.0,[西]四位洋文,松本好雄,0.0,2021103159,1093,1184,523005
202408030502,7,4,4,ナムラミック,牡3,54.0,柴田裕一,2:04.3,3/4,1-1-3-4,41.0,270.8,10.0,482.0,-6.0,[西]村山明,奈村睦弘,0.0,2021102630,1212,1107,972002
202408030502,8,2,2,アーマルコライト,牡3,57.0,武豊,2:04.5,1.1/2,7-5-8-9,40.3,2.0,1.0,510.0,0.0,[西]寺島良,キャロットファーム,0.0,2021105811,666,1158,486800
202408030502,9,8,9,アスターエルビウム,セ3,57.0,古川吉洋,2:04.8,2,9-9-9-8,40.5,134.2,9.0,474.0,-4.0,[西]木原一良,加藤久枝,0.0,2021103590,1015,1033,935003
202408030502,10,7,8,ドラゴンキッド,牡3,57.0,荻野琢真,2:05.7,5,7-8-9-10,41.2,34.2,6.0,486.0,-4.0,[西]大久保龍,新谷正子,0.0,2021101713,1112,1058,974033
202408030503,1,7,13,ゴールデンチップス,牝3,54.0,田口貫太,1:12.9,,3-3,37.3,7.0,4.0,494.0,-6.0,[西]須貝尚介,吉田照哉,550.0,2021107351,1208,1105,758005
202408030503,2,1,2,タイセイアレス,牡3,57.0,岩田望来,1:13.1,3/4,1-1,37.7,4.1,2.0,472.0,2.0,[西]西村真幸,田中成奉,220.0,2021105333,1174,1148,224007
202408030503,3,2,3,デュアル,牡3,57.0,藤岡佑介,1:13.3,1.1/4,3-3,37.7,6.8,3.0,488.0,-6.0,[西]野中賢二,カナヤマホールディングス,140.0,2021104063,1093,1098,45803
202408030503,4,7,14,オースサイン,牡3,57.0,団野大成,1:13.3,クビ,6-5,37.4,24.0,8.0,464.0,-2.0,[西]荒川義之,小林竜太郎,83.0,2021106295,1180,1095,336030
202408030503,5,5,10,ビーコング,牡3,57.0,西村淳也,1:13.3,ハナ,9-9,37.0,2.4,1.0,488.0,0.0,[西]新谷功一,馬場祥晃,55.0,2021103595,1171,1172,446007
202408030503,6,6,12,アーニャワクワク,牝3,51.0,古川奈穂,1:14.2,5,9-9,38.0,157.0,10.0,428.0,-2.0,[西]藤沢則雄,ＩＲレーシング,0.0,2021101048,1190,1041,4031
202408030503,7,3,5,フォージドブリック,牡3,57.0,川須栄彦,1:14.3,3/4,13-13,37.4,380.4,14.0,540.0,4.0,[西]森田直行,吉田晴哉,0.0,2021104800,1128,1142,231033
202408030503,8,1,1,エブリモーメント,牡3,57.0,松若風馬,1:14.5,3/4,9-11,38.2,11.7,6.0,478.0,0.0,[西]牧田和弥,深見富朗,0.0,2021104649,1154,1123,966002
202408030503,9,8,15,ソニック,牡3,57.0,鮫島克駿,1:14.6,1/2,7-7,38.5,10.8,5.0,474.0,-6.0,[西]浜田多実,槙和美,0.0,2021106754,1157,1138,754033
202408030503,10,2,4,ダイシンバースディ,牡3,57.0,和田竜二,1:14.6,ハナ,12-11,38.2,14.8,7.0,486.0,-2.0,[西]庄野靖志,大八木信行,0.0,2021100104,1018,1087,929002
202408030503,11,4,8,ヒロブライト,牡3,57.0,中井裕二,1:14.6,ハナ,7-7,38.6,232.5,12.0,514.0,4.0,[西]川村禎彦,石川博,0.0,2021103983,1141,1003,752006
202408030503,12,8,16,ニホンピロドーバー,牡3,57.0,国分優作,1:15.2,3.1/2,3-5,39.4,269.2,13.0,518.0,0.0,[西]大橋勇樹,小林英一,0.0,2021103843,1125,1065,587031
202408030503,13,4,7,ウォーターストンプ,牝3,55.0,酒井学,1:15.3,3/4,2-2,39.8,149.1,9.0,476.0,4.0,[西]石橋守,山岡正人,0.0,2021100969,1034,1140,312006
202408030503,14,5,9,スリーウエーブ,牝3,55.0,高倉稜,1:15.4,クビ,13-13,38.5,685.5,16.0,440.0,-4.0,[西]木原一良,永井商事,0.0,2021102990,1130,1033,61800
202408030503,15,3,6,ダンツアバロン,牡3,57.0,和田翼,1:19.3,大,16-16,39.1,471.4,15.0,528.0,0.0,[西]谷潔,山元哲二,0.0,2021104087,1146,431,248005
202408030503,16,6,11,ルペルクス,牡3,57.0,水口優也,1:20.8,9,15-15,41.2,195.4,11.0,514.0,0.0,[西]安達昭夫,京都ホースレーシング,0.0,2021103996,1133,1042,65803
202408030504,1,6,7,ウインラウダ,牡3,57.0,Ｍ．デム,1:53.8,,12-11-3-1,38.6,12.7,4.0,490.0,6.0,[西]梅田智之,ウイン,550.0,2021106206,5212,1084,494800
202408030504,2,8,11,モズユイユイ,牡3,54.0,吉村誠之,1:53.8,アタマ,9-6-5-3,38.2,10.1,3.0,480.0,-2.0,[西]清水久詞,キャピタル・システム,220.0,2021106702,1216,1110,5803
202408030504,3,7,9,アンドゥーラ,牡3,57.0,川田将雅,1:54.2,2,6-4-3-2,39.0,1.2,1.0,460.0,0.0,[西]須貝尚介,杉山忠国,140.0,2021100480,1088,1105,53803
202408030504,4,5,5,ストレンジャー,牡3,57.0,横山典弘,1:56.1,大,4-4-6-6,40.2,16.8,5.0,436.0,-2.0,[西]角田晃一,安原浩司,83.0,2021107258,660,1121,271008
202408030504,5,7,10,アムールベル,牝3,55.0,城戸義政,1:57.7,10,10-10-11-11,40.5,442.0,12.0,448.0,18.0,[西]荒川義之,ＧＥＴＮＥＸＴ,55.0,2021106311,1147,1095,353803
202408030504,6,4,4,ウォーターアレ,牡3,57.0,加藤祥太,1:57.8,クビ,6-6-9-8,41.4,372.6,11.0,460.0,0.0,[西]庄野靖志,山岡正人,0.0,2021100600,1156,1087,312006
202408030504,7,5,6,タガノアウル,牡3,56.0,田口貫太,1:58.3,3,3-3-11-12,41.1,96.5,9.0,514.0,1.0,[西]川村禎彦,八木良司,0.0,2021106011,1208,1003,859002
202408030504,8,2,2,タプファーアイ,牡3,57.0,古川吉洋,1:58.3,クビ,2-2-2-5,43.1,51.6,8.0,470.0,12.0,[西]四位洋文,井上隆次,0.0,2021100717,1015,1184,236031
202408030504,9,3,3,カラヲヤブレ,牡3,57.0,長岡禎仁,1:58.4,クビ,6-6-7-6,42.2,9.8,2.0,440.0,-4.0,[西]吉村圭司,ＫＲジャパン,0.0,2021104500,1142,1130,300803
202408030504,10,1,1,ミヤノキングリー,牡3,56.0,角田大河,1:58.9,3,5-6-7-10,42.4,97.7,10.0,520.0,4.0,[西]石橋守,宮副敏明,0.0,2021102513,1199,1140,639031
202408030504,11,8,12,スマートレガリア,牡3,57.0,小崎綾也,1:59.0,1,11-12-9-9,42.3,23.1,6.0,514.0,0.0,[西]寺島良,大川徹,0.0,2021103921,1152,1158,7803
202408030504,12,6,8,メネラオス,牡3,57.0,藤岡佑介,2:02.7,大,1-1-1-4,48.1,24.8,7.0,558.0,0.0,[西]奥村豊,永山芳大,0.0,2021105840,1093,1146,545031
202408030505,1,2,3,バッデレイト,牡3,57.0,岩田望来,2:13.0,,3-3-4-3,34.1,10.9,5.0,464.0,0.0,[西]上村洋行,杉山忠国,550.0,2021102728,1174,1168,53803
202408030505,2,1,1,クルミナーレ,牡3,57.0,岩田康誠,2:13.2,1.1/4,3-3-4-3,34.2,2.4,1.0,506.0,-2.0,[西]池江泰寿,金子真人ホールディングス,220.0,2021105503,5203,1071,708800
202408030505,3,6,11,ファミリータイム,牡3,57.0,和田竜二,2:13.3,クビ,3-3-2-2,34.5,76.5,10.0,482.0,-10.0,[西]石坂公一,東豊物産,140.0,2021100651,1018,1166,965800
202408030505,4,4,7,ショウナンダダン,牡3,54.0,吉村誠之,2:13.6,2,1-1-1-1,34.9,19.1,6.0,490.0,-6.0,[西]清水久詞,国本哲秀,83.0,2021104241,1216,1110,331002
202408030505,5,2,4,シャハザマーン,牡3,57.0,松山弘平,2:14.0,2.1/2,11-12-12-9,34.7,3.7,2.0,480.0,0.0,[西]藤原英昭,サンデーレーシング,55.0,2021105680,1126,1055,226800
202408030505,6,6,12,アールアンドビー,牡3,57.0,武豊,2:14.1,1/2,6-6-6-5,35.0,5.4,3.0,474.0,-4.0,[西]矢作芳人,サンデーレーシング,0.0,2021104862,666,1075,226800
202408030505,7,4,8,ナリタセレーノ,牝3,54.0,田口貫太,2:14.4,1.3/4,13-13-12-12,34.9,85.3,11.0,382.0,2.0,[西]宮本博,オースミ,0.0,2021101480,1208,1073,712800
202408030505,8,3,5,ルージュクライト,牝3,55.0,小崎綾也,2:14.5,クビ,9-9-11-12,35.1,151.4,12.0,434.0,0.0,[西]寺島良,東京ホースレーシング,0.0,2021103078,1152,1158,180800
202408030505,9,5,10,フォートポータル,セ3,57.0,国分優作,2:14.6,1.1/4,6-6-6-7,35.5,50.5,8.0,454.0,-14.0,[西]吉岡辰弥,ヒダカ・ブリーダーズ・ユニオン,0.0,2021103251,1125,1176,547800
202408030505,10,7,13,ガルバナム,牡3,57.0,鮫島克駿,2:14.7,クビ,11-11-9-7,35.6,6.9,4.0,472.0,-2.0,[西]渡辺薫彦,キャロットファーム,0.0,2021105385,1157,1155,486800
202408030505,11,3,6,スマートマナリス,牡3,54.0,高杉吏麒,2:14.7,クビ,13-14-15-15,35.0,733.2,16.0,468.0,-8.0,[西]石橋守,大川徹,0.0,2021102059,1213,1140,7803
202408030505,12,1,2,テーオーカルドア,牡3,57.0,幸英明,2:15.2,3,6-6-6-9,36.0,71.3,9.0,484.0,10.0,[西]岡田稲男,小笹公也,0.0,2021106761,732,1066,304008
202408030505,13,5,9,ブレードバローズ,牡3,57.0,西村淳也,2:15.3,クビ,9-9-9-9,36.0,41.1,7.0,442.0,0.0,[西]中内田充,猪熊広次,0.0,2021101405,1171,1137,859007
202408030505,14,8,15,ソルトロング,牡3,57.0,酒井学,2:16.7,8,15-15-12-12,37.3,308.6,15.0,460.0,-14.0,[西]木原一良,杉浦敏夫,0.0,2021102960,1034,1033,781033
202408030505,15,7,14,サイモンクレスト,牡3,57.0,川須栄彦,2:16.9,1.1/4,16-16-16-16,36.7,194.4,13.0,456.0,-6.0,[西]梅田智之,澤田昭紀,0.0,2021104123,1128,1084,132030
202408030505,16,8,16,スキルハンター,牡3,57.0,和田翼,2:17.8,5,2-2-2-5,39.0,237.1,14.0,470.0,0.0,[西]小椋研介,佐々木將吉,0.0,2021104146,1146,1197,244031
202408030506,1,8,13,プロミシングスター,牡3,57.0,川田将雅,1:12.7,,8-7,37.0,1.8,1.0,438.0,-6.0,[西]高橋義忠,宮川純造,780.0,2021103073,1088,1129,350002
202408030506,2,7,11,サムデイ,牝3,55.0,Ｍ．デム,1:12.7,ハナ,10-9,36.7,19.0,7.0,420.0,0.0,[西]新谷功一,芳川貴行,310.0,2021101033,5212,1172,253030
202408030506,3,5,8,ハリウッドブルース,牡3,57.0,水口優也,1:12.7,クビ,11-11,36.4,22.7,8.0,458.0,0.0,[西]浜田多実,京都ホースレーシング,200.0,2021104514,1133,1138,65803
202408030506,4,1,1,メイショウヤーキス,牡3,57.0,幸英明,1:12.9,1,8-7,37.2,9.3,3.0,440.0,-2.0,[西]飯田祐史,松本好雄,120.0,2021102573,732,1139,523005
202408030506,5,8,14,ディスタントスカイ,牡3,57.0,武豊,1:13.1,1.1/2,4-4,37.7,4.1,2.0,498.0,-6.0,[西]角田晃一,前田幸治,78.0,2021110067,666,1121,948006
202408030506,6,4,5,タイセイミニスター,牡3,56.0,田口貫太,1:13.3,1.1/4,14-14,36.5,151.2,12.0,476.0,0.0,[西]大橋勇樹,田中成奉,0.0,2021104197,1208,1065,224007
202408030506,7,7,12,クリノイザナミ,牝3,55.0,国分優作,1:13.4,1/2,5-5,37.9,327.7,14.0,472.0,-2.0,[西]大根田裕,栗本博晴,0.0,2021102118,1125,1032,970006
202408030506,8,6,10,ムーム,牝3,55.0,川又賢治,1:13.7,1.3/4,3-3,38.6,23.2,9.0,452.0,4.0,[西]杉山佳明,永山勝敏,0.0,2021103061,1166,1178,695033
202408030506,9,5,7,イスラアズール,牡3,54.0,高杉吏麒,1:13.8,1/2,11-11,37.6,174.9,13.0,464.0,-2.0,[東]武井亮,岡田牧雄,0.0,2021103552,1213,1147,851009
202408030506,10,2,2,ワークソング,牡3,53.0,古川奈穂,1:13.9,1/2,5-5,38.5,45.7,10.0,484.0,6.0,[西]牧浦充徳,馬場幸夫,0.0,2021102462,1190,1113,431002
202408030506,11,3,4,モンシェリ,牝3,55.0,西村淳也,1:13.9,アタマ,5-9,38.3,18.0,5.0,450.0,2.0,[西]牧田和弥,安原浩司,0.0,2021102399,1171,1123,271008
202408030506,12,4,6,アスタールテニウム,牡3,54.0,柴田裕一,1:14.0,1/2,11-13,37.7,14.3,4.0,492.0,2.0,[西]中竹和也,加藤久枝,0.0,2021101548,1212,1039,935003
202408030506,13,6,9,ランウインディ,牝3,55.0,川須栄彦,1:14.8,5,2-2,39.8,77.7,11.0,458.0,-6.0,[西]中尾秀正,ＧＥＴＮＥＸＴ,0.0,2021106305,1128,1069,353803
202408030506,14,3,3,シリウス,牡3,57.0,松若風馬,1:15.9,7,1-1,41.1,18.1,6.0,448.0,-2.0,[西]石坂公一,石川達絵,0.0,2021100086,1154,1166,248030
202408030507,1,6,6,ワールズエンド,牡3,57.0,川田将雅,1:32.3,,3-3,34.1,1.4,1.0,458.0,-4.0,[西]池添学,キャロットファーム,780.0,2021105864,1088,1144,486800
202408030507,2,4,4,アルトゥーム,牡3,57.0,藤岡佑介,1:32.4,クビ,2-2,34.4,5.1,2.0,424.0,0.0,[西]藤岡健一,サンデーレーシング,310.0,2021105746,1093,1062,226800
202408030507,3,3,3,エコロマーズ,牡3,57.0,岩田康誠,1:32.7,1.3/4,1-1,34.8,7.3,4.0,490.0,-2.0,[西]牧浦充徳,原村正紀,200.0,2021102016,5203,1113,783033
202408030507,4,1,1,パシフィックハイ,牝3,55.0,鮫島克駿,1:33.0,2,5-3,34.6,7.2,3.0,454.0,6.0,[西]杉山佳明,谷掛龍夫,120.0,2021105141,1157,1178,727008
202408030507,5,7,7,ヤマニンアラクリア,牡3,57.0,田中健,1:33.7,4,8-8,34.7,194.1,6.0,476.0,0.0,[西]中村直也,土井薫,78.0,2021100284,1114,1186,108002
202408030507,6,2,2,ブラッドショー,牡3,57.0,小崎綾也,1:34.4,4,6-6,35.6,243.6,8.0,450.0,0.0,[西]小崎憲,キヨタケ牧場,0.0,2021103696,1152,1085,490800
202408030507,7,5,5,クリノスピネル,牝3,54.0,田口貫太,1:34.5,1.1/4,6-6,35.7,195.5,7.0,450.0,4.0,[西]川村禎彦,栗本博晴,0.0,2021105176,1208,1003,970006
202408030507,8,8,8,ブラックサンライズ,牝3,55.0,松若風馬,1:35.4,5,3-3,37.3,14.0,5.0,464.0,-6.0,[西]音無秀孝,ライフハウス,0.0,2021102235,1154,1002,399803
202408030508,1,3,3,アドマイヤソラ,牡4,58.0,川田将雅,1:53.8,,5-4-5-5,37.4,2.8,2.0,520.0,-4.0,[西]友道康夫,近藤旬子,800.0,2020103212,1088,1061,535031
202408030508,2,7,8,テイエムシップ,牡5,58.0,鮫島良太,1:53.9,クビ,2-2-2-2,37.8,47.4,8.0,522.0,2.0,[西]河嶋宏樹,竹園正繼,320.0,2019107031,1099,1198,356002
202408030508,3,7,7,レジェンドシップ,牡4,58.0,Ｍ．デム,1:54.2,1.1/2,10-10-6-5,37.6,9.2,4.0,446.0,0.0,[西]奥村豊,ＤＭＭドリームクラブ,200.0,2020103910,5212,1146,26803
202408030508,4,6,6,ダイヤグラフ,牡4,58.0,武豊,1:54.3,1.1/4,6-4-3-3,38.0,2.5,1.0,486.0,-8.0,[西]角田晃一,市川義美ホールディングス,120.0,2020103550,666,1121,10803
202408030508,5,8,10,ガウロン,牡4,58.0,幸英明,1:54.5,3/4,3-3-3-3,38.3,3.9,3.0,524.0,4.0,[西]大根田裕,村田博司,80.0,2020105873,732,1032,497031
202408030508,6,5,5,ゼットスティール,牡4,58.0,団野大成,1:54.5,ハナ,7-7-6-5,38.0,19.3,5.0,534.0,-8.0,[西]川村禎彦,フォーレスト,0.0,2020100202,1180,1003,730800
202408030508,7,8,9,ソウルユニバンス,セ7,58.0,国分優作,1:55.2,4,9-9-9-9,38.3,28.9,6.0,498.0,-2.0,[西]平田修,亀井哲也,0.0,2017105358,1125,1082,164008
202408030508,8,1,1,シンゼンハット,牡5,55.0,高杉吏麒,1:55.3,クビ,4-4-6-8,38.8,257.4,10.0,466.0,8.0,[西]飯田祐史,原司郎,0.0,2019103912,1213,1139,43030
202408030508,9,2,2,アズマサクラエモン,牡4,58.0,酒井学,1:55.8,3,7-7-9-9,38.9,211.2,9.0,514.0,2.0,[西]藤野健太,川端美穂,0.0,2020101396,1034,1200,826031
202408030508,10,4,4,バッジオレディネロ,牡4,57.0,田口貫太,1:56.2,2,1-1-1-1,40.2,29.9,7.0,536.0,6.0,[西]池添学,サンデーレーシング,0.0,2020103404,1208,1144,226800
202408030509,1,1,1,メイショウウネビ,牡5,58.0,武豊,1:57.7,,3-2-2-2,34.4,5.6,3.0,486.0,2.0,[西]本田優,松本好雄,1568.9,2019104112,666,1099,523005
202408030509,2,6,6,ダノンフロイデ,牡5,58.0,松山弘平,1:57.7,ハナ,2-2-2-2,34.4,2.0,1.0,482.0,-8.0,[西]藤原英昭,ダノックス,625.4,2019104080,1126,1055,619800
202408030509,3,4,4,トーアライデン,牡4,58.0,鮫島克駿,1:58.1,2.1/2,1-1-1-1,35.0,13.5,4.0,500.0,10.0,[西]河嶋宏樹,高山ランド,392.7,2020103168,1157,1198,784800
202408030509,4,7,7,ブリタニア,牡4,58.0,岩田望来,1:58.1,アタマ,5-6-4-4,34.6,2.8,2.0,494.0,4.0,[西]杉山佳明,谷掛龍夫,230.0,2020103027,1174,1178,727008
202408030509,5,5,5,スカーズ,牡4,58.0,浜中俊,1:58.2,3/4,3-4-5-4,34.6,17.7,5.0,492.0,10.0,[西]武幸四郎,藤田晋,155.0,2020103642,1115,1160,232031
202408030509,6,8,8,シャドウソニック,牡4,58.0,幸英明,1:58.2,ハナ,5-5-5-6,34.6,18.3,6.0,506.0,6.0,[西]辻野泰之,飯塚知一,0.0,2020102874,732,1183,308002
202408030509,7,2,2,エンタングルメント,牝5,56.0,横山典弘,1:59.2,6,7-7-7-7,35.4,24.1,7.0,514.0,8.0,[西]昆貢,ゴドルフィン,0.0,2019110045,660,1044,3060
202408030509,-3,3,3,ショーモン,セ4,58.0,Ｍ．デム,,,,,,,,,[西]橋口慎介,林瑛子,0.0,2020103279,5212,1154,549033
202408030510,1,4,8,ロコポルティ,牡6,57.0,丸山元気,1:50.8,,8-9-8-7,37.0,22.2,8.0,520.0,0.0,[西]西園正都,シルクレーシング,2234.3,2018105503,1127,1028,506800
202408030510,2,1,2,キングストンボーイ,セ6,57.0,岩田康誠,1:51.4,3.1/2,7-7-5-6,37.9,13.9,7.0,496.0,-8.0,[東]鹿戸雄一,吉田和美,889.8,2018102657,5203,1097,138007
202408030510,3,2,4,アルーブルト,牡6,57.0,幸英明,1:51.7,2,11-11-9-9,37.7,56.9,13.0,484.0,-14.0,[西]畑端省吾,ディアレストクラブ,554.9,2018100763,732,1188,13803
202408030510,4,2,3,アウトレンジ,牡4,57.0,鮫島克駿,1:51.7,クビ,8-7-5-2,38.2,3.8,1.0,488.0,-6.0,[西]大久保龍,寺田寿男,330.0,2020105621,1157,1058,866006
202408030510,5,6,11,マリオロード,牡5,57.0,田口貫太,1:51.7,ハナ,10-9-9-9,37.6,44.9,12.0,506.0,0.0,[西]安達昭夫,サン,220.0,2019101198,1208,1042,66700
202408030510,6,8,15,ゼットリアン,牡4,57.0,松山弘平,1:51.8,クビ,11-12-11-11,37.5,5.2,3.0,444.0,6.0,[西]吉田直弘,フォーレスト,0.0,2020104760,1126,1101,730800
202408030510,7,3,5,インプレス,牡5,57.0,団野大成,1:51.9,1/2,16-16-15-13,37.3,39.1,10.0,538.0,0.0,[西]佐々木晶,前田幸治,0.0,2019104899,1180,429,948006
202408030510,8,3,6,カフジオクタゴン,牡5,58.0,藤岡佑介,1:52.1,1.1/2,15-14-12-13,37.6,25.8,9.0,566.0,22.0,[西]矢作芳人,加藤守,0.0,2019105656,1093,1075,19004
202408030510,9,8,16,ドライゼ,牝5,55.0,横山典弘,1:52.2,クビ,14-14-12-11,37.9,67.0,14.0,494.0,-2.0,[西]須貝尚介,社台レースホース,0.0,2019104768,660,1105,415800
202408030510,10,6,12,ロードヴァレンチ,セ5,57.0,武豊,1:52.2,クビ,1-1-1-1,39.2,13.6,6.0,498.0,-2.0,[東]中舘英二,ロードホースクラブ,0.0,2019103507,666,1153,170800
202408030510,11,1,1,デリカダ,牝5,55.0,和田竜二,1:52.3,3/4,3-3-3-2,39.0,10.5,5.0,492.0,2.0,[西]吉田直弘,吉田照哉,0.0,2019106929,1018,1101,758005
202408030510,12,7,13,オディロン,牡5,57.0,古川吉洋,1:52.4,クビ,6-6-3-2,39.0,113.2,15.0,504.0,16.0,[西]浜田多実,橋元勇氣,0.0,2019102490,1015,1138,943030
202408030510,13,4,7,テーオーリカード,牡4,57.0,岩田望来,1:52.8,2.1/2,2-2-2-2,39.6,4.2,2.0,494.0,4.0,[西]高柳大輔,小笹公也,0.0,2020106884,1174,1159,304008
202408030510,14,5,9,サンデーファンデー,牡4,57.0,松若風馬,1:52.8,クビ,4-4-7-8,39.1,7.6,4.0,522.0,4.0,[西]音無秀孝,吉澤ホールディングス,0.0,2020104136,1154,1002,346803
202408030510,15,5,10,ワールドリバイバル,牡6,57.0,西村淳也,1:54.4,10,5-5-12-15,40.1,43.4,11.0,516.0,-8.0,[西]牧田和弥,鈴木昭和,0.0,2018100026,1171,1123,305030
202408030510,16,7,14,マサハヤニース,牡9,57.0,荻野琢真,1:54.6,1.1/4,13-13-15-15,40.0,263.4,16.0,490.0,2.0,[西]今野貞一,ドリーム＆Ｄｒｅａｍ,0.0,2015104589,1112,1128,135803
202408030511,1,1,1,ジューンテイク,牡3,57.0,藤岡佑介,2:11.2,,3-4-4-5,33.6,17.7,8.0,486.0,0.0,[西]武英智,吉川潤,5507.8,2021100913,1093,1161,17803
202408030511,2,3,5,ウエストナウ,牡3,57.0,横山典弘,2:11.4,1,1-1-1-2,34.0,9.6,5.0,474.0,0.0,[西]佐々木晶,寺田寿男,2230.8,2021106645,660,429,866006
202408030511,3,4,7,ヴェローチェエラ,牡3,57.0,川田将雅,2:11.5,1/2,10-10-11-8,33.7,4.4,2.0,492.0,-6.0,[西]須貝尚介,大野照旺,1415.4,2021105399,1088,1105,550033
202408030511,4,8,14,アドマイヤテラ,牡3,57.0,Ｍ．デム,2:11.7,1.1/2,10-11-8-2,34.3,11.6,6.0,490.0,-2.0,[西]友道康夫,近藤旬子,810.0,2021105369,5212,1061,535031
202408030511,5,8,15,キープカルム,牡3,57.0,武豊,2:11.7,クビ,12-13-11-8,33.9,8.6,4.0,484.0,6.0,[西]中竹和也,前田晋二,540.0,2021105119,666,1039,41002
202408030511,6,7,12,インザモーメント,牡3,57.0,鮫島克駿,2:11.8,1/2,7-7-4-4,34.2,4.1,1.0,476.0,-2.0,[西]田中克典,前田幸大,0.0,2021106635,1157,1180,242031
202408030511,7,7,13,タガノデュード,牡3,57.0,古川吉洋,2:12.1,1.1/2,15-15-15-12,34.0,178.0,14.0,480.0,-2.0,[西]宮徹,八木良司,0.0,2021106548,1015,1018,859002
202408030511,8,3,4,ギャンブルルーム,牡3,57.0,浜中俊,2:12.3,1.1/4,7-7-8-8,34.4,19.0,9.0,486.0,-4.0,[西]大久保龍,サンデーレーシング,0.0,2021105559,1115,1058,226800
202408030511,9,6,11,ライフセービング,牡3,57.0,田口貫太,2:12.3,クビ,12-13-13-14,34.1,235.6,15.0,454.0,-6.0,[西]宮徹,吉田照哉,0.0,2021105285,1208,1018,758005
202408030511,10,4,6,ファーヴェント,牡3,57.0,松山弘平,2:12.6,1.3/4,3-5-4-5,35.0,13.6,7.0,500.0,-2.0,[西]藤原英昭,キャロットファーム,0.0,2021104893,1126,1055,486800
202408030511,11,6,10,ハヤテノフクノスケ,牡3,57.0,和田竜二,2:12.7,クビ,3-3-2-1,35.3,25.0,11.0,512.0,-4.0,[西]中村直也,佐藤範夫,0.0,2021109070,1018,1186,451033
202408030511,12,2,2,スカイサーベイ,牡3,57.0,西村淳也,2:13.0,2,7-7-8-12,35.0,64.8,13.0,480.0,0.0,[西]池添学,Ｇ１レーシング,0.0,2021105427,1171,1144,808800
202408030511,13,2,3,オールセインツ,牡3,57.0,岩田康誠,2:13.5,3,12-11-13-15,35.2,41.3,12.0,500.0,0.0,[西]友道康夫,平田修,0.0,2021104971,5203,1061,11008
202408030511,14,5,8,ベラジオボンド,牡3,57.0,岩田望来,2:13.9,2.1/2,3-5-4-8,36.2,6.3,3.0,474.0,-4.0,[西]上村洋行,林田祥来,0.0,2021105117,1174,1168,121031
202408030511,15,5,9,プレリュードシチー,牡3,57.0,幸英明,2:15.7,大,2-2-2-5,38.3,20.1,10.0,468.0,4.0,[西]高橋義忠,友駿ホースクラブ,0.0,2021103659,732,1129,321800
202408030512,1,5,5,アイルシャイン,牡4,58.0,横山典弘,1:32.7,,7-7,34.3,5.3,4.0,470.0,-16.0,[西]新谷功一,勝本竜二,1140.0,2020104520,660,1172,268031
202408030512,2,8,9,スイープアワーズ,牡4,58.0,武豊,1:33.1,2.1/2,10-10,34.3,3.6,2.0,436.0,0.0,[西]友道康夫,大塚亮一,460.0,2020103428,666,1061,858800
202408030512,3,3,3,セブンサミット,牡6,58.0,Ｍ．デム,1:33.4,2,2-2,35.4,3.4,1.0,516.0,-4.0,[西]西村真幸,キャロットファーム,290.0,2018105071,5212,1148,486800
202408030512,4,6,6,フルメタルボディー,セ4,55.0,吉村誠之,1:33.5,1/2,4-6,35.2,6.7,5.0,490.0,-4.0,[西]清水久詞,社台レースホース,170.0,2020102867,1216,1110,415800
202408030512,5,8,10,ルヴァンノワール,牝6,55.0,田口貫太,1:33.5,クビ,9-7,35.0,41.1,8.0,460.0,-2.0,[西]庄野靖志,ＶｉｒｉｄｉａｎＫｅｉｂａＣｌｕｂ,114.0,2018106701,1208,1087,92700
202408030512,6,1,1,ナバロン,牡5,55.0,高杉吏麒,1:33.6,クビ,1-1,36.0,47.1,9.0,500.0,-2.0,[西]杉山佳明,大島牧場,0.0,2019102456,1213,1178,487800
202408030512,7,7,8,レゾンドゥスリール,セ6,58.0,松若風馬,1:33.9,1.3/4,7-9,35.3,29.2,7.0,452.0,-8.0,[西]辻野泰之,シルクレーシング,0.0,2018105392,1154,1183,506800
202408030512,8,2,2,ワンダーキサラ,牝5,55.0,角田大河,1:33.9,ハナ,4-3,35.7,23.3,6.0,464.0,10.0,[西]石橋守,山本能成,0.0,2019102458,1199,1140,184033
202408030512,9,7,7,タガノシャーンス,牝4,56.0,川須栄彦,1:34.9,6,4-3,36.8,4.7,3.0,456.0,4.0,[西]中尾秀正,八木良司,0.0,2020105539,1128,1069,859002
202408030512,10,4,4,ルカン,牝4,56.0,幸英明,1:34.9,ハナ,2-3,36.9,64.6,10.0,422.0,0.0,[西]藤野健太,フォレストレーシング,0.0,2020102563,732,1200,350031
202408030601,1,6,6,ゴーダンシング,牝3,54.0,田口貫太,1:54.7,,2-2-2-2,38.5,73.3,8.0,458.0,4.0,[西]武英智,前田剛,550.0,2021102340,1208,1161,182033
202408030601,2,1,1,プレゼンティーア,牝3,55.0,藤岡佑介,1:54.8,1/2,1-1-1-1,38.7,6.4,3.0,480.0,0.0,[西]田中克典,ライオンレースホース,220.0,2021102153,1093,1180,542800
202408030601,3,8,9,ゼットレジーナ,牝3,55.0,浜中俊,1:54.9,1/2,5-5-4-4,38.1,2.3,2.0,434.0,0.0,[西]吉田直弘,フォーレスト,140.0,2021105919,1115,1101,730800
202408030601,4,2,2,ブギーナイツ,牝3,55.0,松若風馬,1:55.2,2,9-9-7-4,38.1,19.2,5.0,456.0,-8.0,[西]鮫島一歩,安原浩司,83.0,2021103240,1154,1046,271008
202408030601,5,7,7,ファセット,牝3,55.0,団野大成,1:55.7,2.1/2,3-3-3-2,39.3,2.1,1.0,486.0,-10.0,[西]斉藤崇史,シンザンクラブ,55.0,2021102913,1180,1151,351800
202408030601,6,5,5,アップルハウス,牝3,55.0,川又賢治,1:56.5,5,10-10-9-8,38.7,141.5,9.0,444.0,2.0,[西]牧田和弥,薪浦亨,0.0,2021106911,1166,1123,768006
202408030601,7,8,10,ヴァーニャ,牝3,55.0,幸英明,1:57.2,4,7-7-5-6,40.2,14.8,4.0,480.0,-6.0,[西]杉山佳明,中辻明,0.0,2021103070,732,1178,646030
202408030601,8,3,3,ヤマニンファリダ,牝3,52.0,柴田裕一,1:58.4,7,5-5-5-6,41.4,65.1,7.0,440.0,2.0,[西]田中克典,土井肇,0.0,2021106599,1212,1180,329004
202408030601,9,7,8,テイエムリベスト,牝3,55.0,田中健,1:58.8,2.1/2,7-7-9-9,40.9,272.0,10.0,436.0,4.0,[西]浜田多実,竹園正繼,0.0,2021101944,1114,1138,356002
202408030601,10,4,4,ナデナデ,牝3,55.0,酒井学,1:58.9,1/2,3-3-8-10,40.9,31.0,6.0,448.0,4.0,[西]石坂公一,犬塚悠治郎,0.0,2021107263,1034,1166,689033
202408030602,1,1,2,ズバットマサムネ,牡3,57.0,浜中俊,1:25.1,,1-1,38.7,5.1,4.0,490.0,-2.0,[西]杉山佳明,塩澤正樹,550.0,2021105711,1115,1178,915008
202408030602,2,8,16,サンダーバース,牡3,54.0,高杉吏麒,1:25.3,3/4,2-2,38.7,20.6,7.0,472.0,-10.0,[西]高柳大輔,岡田隆寛,220.0,2021103582,1213,1159,55030
202408030602,3,3,5,ガーデンカメリア,牝3,55.0,長岡禎仁,1:25.4,3/4,7-7,37.5,4.7,3.0,448.0,0.0,[西]杉山晴紀,ＫＲジャパン,140.0,2021110139,1142,1157,300803
202408030602,4,6,11,カフジニホニウム,牡3,53.0,古川奈穂,1:25.7,2,4-3,38.6,21.2,8.0,480.0,0.0,[西]矢作芳人,加藤守,83.0,2021110098,1190,1075,19004
202408030602,5,6,12,ポンヌフ,牝3,55.0,和田竜二,1:26.2,3,7-8,38.1,17.7,5.0,458.0,0.0,[西]吉村圭司,橋元勇氣,55.0,2021110141,1018,1130,943030
202408030602,6,4,7,ウインアルドーレ,牡3,57.0,藤岡佑介,1:26.2,ハナ,3-4,39.1,3.3,1.0,464.0,-2.0,[西]西園翔太,ウイン,0.0,2021106192,1093,1196,494800
202408030602,7,5,9,ノイヤーヘルト,牡3,54.0,柴田裕一,1:26.2,ハナ,12-13,37.6,4.0,2.0,526.0,8.0,[西]中竹和也,社台レースホース,0.0,2021105055,1212,1039,415800
202408030602,8,2,4,パワーマックィーン,牡3,57.0,酒井学,1:26.5,1.1/2,16-15,37.5,110.0,11.0,458.0,6.0,[西]大橋勇樹,まの,0.0,2021101585,1034,1065,587800
202408030602,9,7,13,メイショウコナン,牡3,56.0,角田大河,1:26.9,2.1/2,14-13,38.1,96.5,10.0,510.0,-2.0,[西]荒川義之,松本好隆,0.0,2021103064,1199,1095,911008
202408030602,10,1,1,ヤマニントゥルシー,牡3,57.0,古川吉洋,1:26.9,ハナ,12-9,38.5,156.8,13.0,480.0,8.0,[西]木原一良,土井肇,0.0,2021106602,1015,1033,329004
202408030602,11,3,6,ジーティーウィンズ,牡3,55.0,西塚洸二,1:27.0,1/2,15-15,38.2,311.0,16.0,460.0,-4.0,[西]中村直也,田畑利彦,0.0,2021104582,1200,1186,464030
202408030602,12,8,15,ゴーディアンノット,セ3,54.0,吉村誠之,1:27.0,ハナ,9-10,38.7,129.4,12.0,438.0,-10.0,[西]斉藤崇史,キャロットファーム,0.0,2021104826,1216,1151,486800
202408030602,13,5,10,エマニエル,牡3,57.0,荻野琢真,1:27.4,2,9-10,39.1,191.6,15.0,458.0,-8.0,[西]大久保龍,中辻明,0.0,2021100908,1112,1058,646030
202408030602,14,4,8,エスタボニート,牡3,57.0,藤懸貴志,1:29.1,10,4-6,41.8,21.5,9.0,500.0,-2.0,[西]田中克典,ラ・メール,0.0,2021106918,1138,1180,877800
202408030602,15,2,3,ガーデンオブエデン,牝3,54.0,田口貫太,1:29.4,1.1/2,11-12,41.1,169.8,14.0,464.0,6.0,[西]緒方努,岡田牧雄,0.0,2021103524,1208,1193,851009
202408030602,16,7,14,キャンドルマス,牡3,57.0,団野大成,1:29.4,クビ,6-5,42.1,18.1,6.0,486.0,0.0,[西]小崎憲,ゴドルフィン,0.0,2021101624,1180,1085,3060
202408030603,1,7,10,ツリーフロッグ,牡3,57.0,高田潤,1:54.8,,3-4-5-4,38.1,5.8,3.0,496.0,-6.0,[西]辻野泰之,寺田寿男,550.0,2021104179,1046,1183,866006
202408030603,2,3,3,メイショウヘール,牡3,56.0,田口貫太,1:54.9,3/4,1-1-1-1,38.6,1.6,1.0,482.0,-2.0,[西]大橋勇樹,松本好雄,220.0,2021104622,1208,1065,523005
202408030603,3,1,1,アルミウス,牡3,57.0,幸英明,1:55.0,1/2,3-4-3-4,38.4,10.6,4.0,490.0,-4.0,[西]大根田裕,奥裕嗣,140.0,2021102805,732,1032,548033
202408030603,4,2,2,テトラード,牡3,57.0,団野大成,1:55.1,1/2,5-6-5-4,38.3,12.1,5.0,456.0,4.0,[西]坂口智康,Ｇ１レーシング,83.0,2021104999,1180,1170,808800
202408030603,5,5,5,ボックスオフィス,牡3,57.0,川又賢治,1:56.1,6,12-12-12-12,38.4,210.2,11.0,512.0,0.0,[西]吉村圭司,ゴドルフィン,55.0,2021101691,1166,1130,3060
202408030603,6,5,6,キタサンシデン,牡3,57.0,藤岡佑介,1:56.2,クビ,10-10-8-8,39.1,16.9,6.0,502.0,2.0,[西]本田優,大野商事,0.0,2021107047,1093,1099,373800
202408030603,7,4,4,リリーピンシャー,牡3,57.0,藤懸貴志,1:56.7,3,11-11-11-11,39.3,124.6,8.0,500.0,-8.0,[西]平田修,土井孝夫,0.0,2021102705,1138,1082,862006
202408030603,8,8,11,ユウトザキンパツ,牡3,57.0,松若風馬,1:56.8,3/4,5-3-3-2,40.3,43.6,7.0,482.0,-2.0,[西]小崎憲,中川雄斗,0.0,2021104597,1154,1085,686031
202408030603,9,6,8,エクササイズ,牡3,54.0,柴田裕一,1:56.9,3/4,5-7-8-9,39.8,178.3,9.0,464.0,-2.0,[西]角田晃一,畑佐博,0.0,2021103099,1212,1121,78006
202408030603,10,8,12,タイセイフォルテ,牡3,57.0,和田竜二,1:57.0,1/2,2-2-2-2,40.6,5.2,2.0,496.0,14.0,[西]西村真幸,田中成奉,0.0,2021105345,1018,1148,224007
202408030603,11,7,9,ブリザードベアー,牡3,57.0,野中悠太,1:58.1,7,8-7-5-7,41.3,209.1,10.0,476.0,-12.0,[西]川村禎彦,古賀慎一,0.0,2021100406,1158,1003,535033
202408030603,12,6,7,シンゼンワカミヤ,牡3,57.0,田中健,1:58.4,2,9-9-8-9,41.3,490.8,12.0,468.0,-4.0,[西]荒川義之,原司郎,0.0,2021101167,1114,1095,43030
202408030604,1,4,7,ジャズ,牡3,57.0,浜中俊,1:32.6,,6-5,35.1,3.0,1.0,476.0,2.0,[西]辻野泰之,石川達絵,550.0,2021103227,1115,1183,248030
202408030604,2,6,11,エリカマルゲリータ,牝3,54.0,田口貫太,1:33.1,3,2-2,35.9,10.2,6.0,462.0,-8.0,[西]安田翔伍,唐澤絵里加,220.0,2021110059,1208,1164,613031
202408030604,3,7,12,ヴィーケン,牡3,57.0,藤懸貴志,1:33.3,1,1-1,36.4,41.5,8.0,482.0,-2.0,[西]高橋康之,中西宏彰,140.0,2021100698,1138,1135,912002
202408030604,4,3,4,モリエヌス,牝3,52.0,高杉吏麒,1:33.3,ハナ,10-9,35.2,468.6,13.0,388.0,-2.0,[西]荒川義之,加藤徹,83.0,2021103218,1213,1095,36006
202408030604,5,6,10,アクシノス,牡3,57.0,川須栄彦,1:33.3,アタマ,10-11,35.0,76.4,10.0,470.0,-6.0,[西]佐々木晶,京都ホースレーシング,55.0,2021100452,1128,429,65803
202408030604,6,8,15,ボイラーメーカー,牡3,57.0,幸英明,1:33.4,クビ,4-2,36.1,7.9,4.0,500.0,4.0,[西]新谷功一,須藤英之,0.0,2021100335,732,1172,560031
202408030604,7,5,9,サリータ,牡3,57.0,団野大成,1:33.5,1,12-11,35.1,24.6,7.0,488.0,0.0,[西]清水久詞,白日光,0.0,2021102739,1180,1110,115031
202408030604,8,1,1,ウィッシングスター,牝3,55.0,池添謙一,1:33.6,1/2,6-5,36.2,3.1,2.0,492.0,0.0,[西]松下武士,社台レースホース,0.0,2021105025,1032,1149,415800
202408030604,9,8,14,フリーダムレイン,牡3,57.0,和田竜二,1:33.7,クビ,4-5,36.3,9.5,5.0,478.0,2.0,[西]友道康夫,吉田勝己,0.0,2021105792,1018,1061,790005
202408030604,10,4,6,テザリング,牡3,57.0,酒井学,1:33.8,1,9-10,35.7,43.2,9.0,494.0,0.0,[西]西園正都,サンライズ,0.0,2021103973,1034,1028,866800
202408030604,11,7,13,ミスズサンダスノー,牝3,55.0,藤岡佑介,1:34.0,1.1/4,2-2,36.8,6.4,3.0,418.0,-4.0,[西]長谷川浩,永井啓弍,0.0,2021102987,1093,1173,382004
202408030604,12,3,5,カームゲイズ,牝3,53.0,西塚洸二,1:34.1,クビ,8-8,36.4,511.1,14.0,410.0,-2.0,[西]安達昭夫,水上行雄,0.0,2021101871,1200,1042,482002
202408030604,13,5,8,メイショウナニクソ,牡3,57.0,長岡禎仁,1:35.3,7,13-13,35.3,172.8,11.0,466.0,-3.0,[西]高橋亮,松本好雄,0.0,2021103264,1142,1136,523005
202408030604,14,2,3,コイララ,牡3,54.0,吉村誠之,1:35.6,1.3/4,15-13,35.2,748.4,15.0,408.0,-6.0,[西]庄野靖志,ＶｉｒｉｄｉａｎＫｅｉｂａＣｌｕｂ,0.0,2021102537,1216,1087,92700
202408030604,15,2,2,ブラッドサーガ,牡3,57.0,松若風馬,2:30.1,大,13-15,89.7,335.3,12.0,490.0,14.0,[西]森田直行,吉田照哉,0.0,2021104912,1154,1142,758005
202408030605,1,3,5,ミナデオロ,牡3,55.0,西塚洸二,1:46.2,,3-3,35.6,3.6,2.0,490.0,-6.0,[西]藤原英昭,サンデーレーシング,550.0,2021104854,1200,1055,226800
202408030605,2,5,10,パフュームセント,牝3,55.0,団野大成,1:46.4,1.1/2,7-6,35.6,2.6,1.0,438.0,2.0,[西]斉藤崇史,名古屋友豊,220.0,2021106100,1180,1151,463800
202408030605,3,3,6,モンサンケコア,牡3,54.0,柴田裕一,1:46.5,クビ,2-2,36.1,9.2,5.0,494.0,-12.0,[西]中竹和也,山下新一,140.0,2021106152,1212,1039,919002
202408030605,4,5,9,キョウワレイホープ,牝3,55.0,酒井学,1:46.5,ハナ,7-6,35.6,230.4,13.0,452.0,-2.0,[西]佐々木晶,浅川昌彦,83.0,2021106160,1034,429,905007
202408030605,5,1,1,カルデア,牡3,57.0,池添謙一,1:46.6,1/2,10-9,35.6,12.8,6.0,452.0,-6.0,[西]友道康夫,インゼルレーシング,55.0,2021105049,1032,1061,356803
202408030605,6,6,11,サイコウダネ,牡3,54.0,吉村誠之,1:46.7,1,1-1,36.3,76.8,9.0,450.0,-4.0,[西]清水久詞,マークス,0.0,2021102701,1216,1110,344803
202408030605,7,2,3,アルゴナヴィス,牡3,57.0,和田竜二,1:46.8,1/2,4-3,36.2,6.0,3.0,474.0,8.0,[西]池江泰寿,シルクレーシング,0.0,2021105750,1018,1071,506800
202408030605,8,4,7,ブリージョドラード,牡3,57.0,幸英明,1:47.2,2.1/2,12-11,35.8,6.8,4.0,446.0,10.0,[西]中内田充,Ｇ１レーシング,0.0,2021104935,732,1137,808800
202408030605,9,7,13,ハギノインスパイア,牝3,55.0,藤懸貴志,1:47.4,1,13-13,35.9,29.0,7.0,432.0,0.0,[西]寺島良,日隈良江,0.0,2021106641,1138,1158,950006
202408030605,10,8,15,エスカルチャ,牡3,57.0,浜中俊,1:47.4,アタマ,14-14,35.8,57.5,8.0,520.0,4.0,[西]岡田稲男,ゴドルフィン,0.0,2021101673,1115,1066,3060
202408030605,11,2,4,ミヤビネルソン,牡3,56.0,角田大河,1:48.5,7,7-6,37.8,176.3,12.0,476.0,-4.0,[西]笹田和秀,村上義勝,0.0,2021106093,1199,1104,127002
202408030605,12,4,8,ジオパークピリカ,牝3,54.0,田口貫太,1:48.5,ハナ,10-11,37.3,107.5,11.0,396.0,-6.0,[西]長谷川浩,小関勝紀,0.0,2021102500,1208,1173,513033
202408030605,13,8,16,クリノオリオン,牝3,55.0,松若風馬,1:48.9,2,4-3,38.4,350.8,14.0,528.0,-14.0,[西]高橋康之,栗本博晴,0.0,2021101243,1154,1135,970006
202408030605,14,6,12,シェイクヒップ,牝3,52.0,高杉吏麒,1:52.7,大,4-9,42.1,578.0,15.0,456.0,4.0,[西]奥村豊,スリーエイチレーシング,0.0,2021101934,1213,1146,72803
202408030605,15,7,14,ジーティーエイト,牡3,57.0,野中悠太,1:56.9,大,15-15,43.3,78.1,10.0,498.0,-4.0,[西]畑端省吾,田畑利彦,0.0,2021102715,1158,1188,464030
202408030605,-3,1,2,スピードリッチ,牡3,57.0,藤岡佑介,,,,,,,,,[西]藤岡健一,宇田豊,0.0,2021105438,1093,1062,39030
202408030606,1,2,3,アンデスビエント,牝3,54.0,田口貫太,1:52.9,,1-1-1-1,37.4,2.5,1.0,466.0,-2.0,[西]西園正都,グリーンファーム,780.0,2021105387,1208,1028,148800
202408030606,2,4,7,バスタードサフラン,牝3,55.0,酒井学,1:53.5,3.1/2,2-2-2-2,37.9,19.4,8.0,464.0,8.0,[西]渡辺薫彦,ノースヒルズ,310.0,2021106610,1034,1155,788800
202408030606,3,3,6,メイショウリリー,牝3,55.0,藤懸貴志,1:53.6,1/2,14-14-14-14,36.7,41.1,10.0,432.0,0.0,[西]高橋義忠,松本好雄,200.0,2021103209,1138,1129,523005
202408030606,4,8,16,サトノアイオライト,牝3,54.0,角田大河,1:53.7,1/2,3-3-3-2,38.0,7.5,4.0,460.0,-4.0,[西]吉村圭司,里見治,120.0,2021105569,1199,1130,790031
202408030606,5,1,2,ハリウッドパーク,牝3,55.0,松若風馬,1:53.8,1/2,4-4-4-4,38.0,16.9,6.0,486.0,-8.0,[西]長谷川浩,米田稔,78.0,2021104581,1154,1173,102031
202408030606,6,6,11,オーケーカルメン,牝3,55.0,藤岡佑介,1:54.0,1.1/4,15-16-15-14,36.8,5.2,2.0,422.0,6.0,[西]奥村豊,小野建,0.0,2021102380,1093,1146,612030
202408030606,7,1,1,ゴールドアローン,牝3,55.0,野中悠太,1:54.1,1/2,10-10-11-9,37.7,12.5,5.0,448.0,-8.0,[東]青木孝文,居城寿与,0.0,2021106874,1158,1156,712033
202408030606,8,6,12,ベルメサイア,牝3,55.0,幸英明,1:54.2,3/4,8-7-4-4,38.2,46.1,11.0,482.0,-4.0,[西]西村真幸,宮崎俊也,0.0,2021103776,732,1148,123031
202408030606,9,7,14,ラッキーマリリン,牝3,55.0,和田竜二,1:54.3,1/2,11-10-8-9,38.1,37.5,9.0,478.0,4.0,[西]鈴木孝志,宮内牧場,0.0,2021103318,1018,1111,916800
202408030606,10,3,5,リーチユアドリーム,牝3,55.0,団野大成,1:54.8,3,11-12-8-7,38.7,51.0,12.0,422.0,-16.0,[東]黒岩陽一,社台レースホース,0.0,2021105149,1180,1133,415800
202408030606,11,5,9,リアンクトワ,牝3,53.0,西塚洸二,1:55.2,2.1/2,15-14-11-12,38.7,6.2,3.0,442.0,-10.0,[西]辻野泰之,ヒダカ・ブリーダーズ・ユニオン,0.0,2021103293,1200,1183,547800
202408030606,12,8,15,ペイシャコパ,牝3,52.0,高杉吏麒,1:55.2,クビ,7-7-8-9,39.1,144.2,14.0,456.0,-2.0,[西]坂口智康,北所直人,0.0,2021101090,1213,1170,163002
202408030606,13,5,10,ドルチアーリア,牝3,55.0,池添謙一,1:55.9,4,9-7-4-4,40.0,310.5,15.0,474.0,-8.0,[西]新谷功一,社台レースホース,0.0,2021105251,1032,1172,415800
202408030606,14,7,13,ウフフトルンナ,牝3,55.0,古川吉洋,1:56.3,2.1/2,13-13-13-13,39.6,490.7,16.0,512.0,0.0,[西]大根田裕,小坂功,0.0,2021101193,1015,1032,162033
202408030606,15,4,8,レシェルドランジュ,牝3,55.0,川須栄彦,1:56.6,1.1/2,6-5-4-7,40.7,54.0,13.0,454.0,2.0,[東]伊藤大士,キャロットファーム,0.0,2021105386,1128,1109,486800
202408030606,-1,2,4,コンバットペスカ,牝3,55.0,浜中俊,,,,,,,,,[西]角田晃一,ユーモード,0.0,2021103236,1115,1121,32700
202408030607,1,6,6,モズアンタレス,牝4,56.0,和田竜二,1:34.0,,6-5,34.2,5.8,3.0,496.0,6.0,[西]飯田祐史,キャピタル・システム,800.0,2020106519,1018,1139,5803
202408030607,2,4,4,サクセスアイ,牝4,56.0,池添謙一,1:34.0,ハナ,4-3,34.5,2.6,2.0,440.0,10.0,[西]北出成人,タカシマ,320.0,2020105354,1032,1078,395803
202408030607,3,7,7,ダミエ,牡4,58.0,団野大成,1:34.2,1.1/2,8-5,34.3,2.6,1.0,464.0,0.0,[西]武幸四郎,キーファーズ,200.0,2020103270,1180,1160,2803
202408030607,4,5,5,ニホンピロマリブ,牡6,56.0,西塚洸二,1:34.2,アタマ,8-9,34.2,41.2,7.0,460.0,2.0,[西]安達昭夫,小林英一,120.0,2018104162,1200,1042,587031
202408030607,5,8,8,マカンマカン,牡5,58.0,松若風馬,1:34.6,2,6-5,34.9,41.5,8.0,458.0,-2.0,[西]音無秀孝,金子真人ホールディングス,80.0,2019105088,1154,1002,708800
202408030607,6,2,2,プリンスノット,牡4,58.0,藤岡佑介,1:34.9,1.3/4,3-3,35.4,8.2,4.0,472.0,6.0,[西]小椋研介,ノルマンディーサラブレッドレーシング,0.0,2020102881,1093,1197,854800
202408030607,7,3,3,ジークシュベルト,牡4,55.0,吉村誠之,1:35.2,1.3/4,4-5,35.5,215.9,9.0,468.0,-2.0,[西]高橋一哉,ライオンレースホース,0.0,2020106593,1216,1206,542800
202408030607,8,1,1,モンサンメリッサ,牝4,53.0,柴田裕一,1:35.7,3,2-2,36.7,18.2,6.0,516.0,-2.0,[西]杉山佳明,山下新一,0.0,2020105150,1212,1178,919002
202408030607,9,8,9,ラリベラ,牝5,56.0,幸英明,1:35.9,1.1/4,1-1,37.8,10.9,5.0,472.0,2.0,[西]藤野健太,フォレストレーシング,0.0,2019105533,732,1200,350031
202408030608,1,6,10,ペイシャモノノフ,牡4,58.0,酒井学,1:59.8,,2-2-1-1,37.4,82.8,11.0,478.0,4.0,[西]畑端省吾,北所直人,1140.0,2020101020,1034,1188,163002
202408030608,2,1,1,レッドベルアーム,牡5,58.0,幸英明,2:00.1,2,4-4-5-3,37.4,13.1,6.0,522.0,6.0,[西]藤原英昭,東京ホースレーシング,460.0,2019105544,732,1055,180800
202408030608,3,5,8,シャンバラ,牡5,58.0,松若風馬,2:00.4,1.1/2,9-9-12-10,36.6,9.4,4.0,526.0,6.0,[西]橋口慎介,ノースヒルズ,290.0,2019100615,1154,1154,788800
202408030608,4,2,3,ダイメイセブン,牡4,57.0,角田大河,2:00.4,クビ,3-3-2-2,37.9,27.9,9.0,510.0,2.0,[西]本田優,宮本昇,170.0,2020101919,1199,1099,177033
202408030608,5,4,7,ディープリボーン,牡4,58.0,古川吉洋,2:00.7,2,5-5-2-3,38.2,2.2,1.0,464.0,6.0,[西]四位洋文,深見敏男,114.0,2020100806,1015,1184,128008
202408030608,6,4,6,ジョウショーパワー,牡4,58.0,藤懸貴志,2:00.8,1/2,6-6-7-7,37.6,9.4,3.0,470.0,2.0,[西]中尾秀正,熊田義孝,0.0,2020105228,1138,1069,380008
202408030608,7,3,4,クールブロン,牡4,58.0,団野大成,2:00.9,1/2,8-8-5-5,38.1,18.0,7.0,532.0,6.0,[西]武幸四郎,キャロットファーム,0.0,2020102724,1180,1160,486800
202408030608,8,6,11,シンヨモギネス,牡6,58.0,浜中俊,2:01.0,1/2,13-13-2-5,38.4,4.0,2.0,488.0,2.0,[東]伊藤圭三,モンレーヴ,0.0,2018103711,1115,1023,133803
202408030608,9,2,2,ノッテルーナ,牝4,56.0,藤岡佑介,2:01.2,1.1/4,11-11-12-13,37.4,12.3,5.0,462.0,-4.0,[西]宮本博,岡浩二,0.0,2020104240,1093,1073,370008
202408030608,10,7,12,ニャンチンノン,牡5,55.0,柴田裕一,2:01.3,1/2,6-6-9-8,37.9,512.5,14.0,480.0,2.0,[西]河嶋宏樹,加藤誠,0.0,2019102799,1212,1198,944030
202408030608,11,8,15,カズロレアート,牡6,56.0,西塚洸二,2:01.5,1.1/4,10-10-9-8,38.0,70.6,10.0,494.0,-4.0,[西]藤野健太,吉田和美,0.0,2018105117,1200,1200,138007
202408030608,12,5,9,ダッシュダクラウン,セ6,55.0,高杉吏麒,2:01.5,ハナ,14-14-14-14,37.3,18.3,8.0,462.0,0.0,[西]武英智,星加浩一,0.0,2018104156,1213,1161,385031
202408030608,13,8,14,ピエナパイロ,牝4,52.0,古川奈穂,2:02.5,6,1-1-7-10,39.3,97.8,12.0,482.0,-8.0,[西]渡辺薫彦,本谷兼三,0.0,2020101335,1190,1155,23007
202408030608,14,7,13,イルミネーター,牡7,58.0,水口優也,2:02.5,クビ,11-11-9-10,39.0,115.7,13.0,468.0,-10.0,[西]羽月友彦,グリーンスウォード,0.0,2017105895,1133,1091,55700
202408030608,-3,3,5,ウイニンググレイス,牡4,57.0,田口貫太,,,,,,,,,[西]河嶋宏樹,杉元四男,0.0,2020107143,1208,1198,848009
202408030609,1,2,2,ジューンアヲニヨシ,牡4,56.0,池添謙一,2:22.6,,4-4-5-5,34.3,4.2,3.0,484.0,2.0,[西]松下武士,吉川潤,1863.1,2020100912,1032,1149,17803
202408030609,2,1,1,マコトヴェリーキー,牡4,56.0,幸英明,2:22.7,3/4,5-5-4-3,34.5,4.0,1.0,480.0,4.0,[西]上村洋行,ディアマント,746.6,2020106678,732,1168,864800
202408030609,3,8,10,ケイアイサンデラ,牡4,57.0,藤懸貴志,2:22.9,1.1/2,1-1-1-1,34.9,4.1,2.0,440.0,2.0,[西]小林真也,ケイアイスタリオン,463.3,2020104881,1138,1185,331803
202408030609,4,4,4,フルール,牝4,53.0,団野大成,2:23.0,クビ,8-8-8-7,34.6,5.6,4.0,480.0,-12.0,[東]上原佑紀,ノースヒルズ,280.0,2020105656,1180,1192,788800
202408030609,5,7,8,ロードプレジール,牡6,56.0,角田大河,2:23.1,3/4,7-7-6-9,34.6,15.3,6.0,494.0,-2.0,[西]中内田充,ロードホースクラブ,184.0,2018102576,1199,1137,170800
202408030609,6,8,11,エメヴィベール,牡5,54.0,田口貫太,2:23.5,2,2-2-2-2,35.4,28.2,9.0,576.0,0.0,[西]吉岡辰弥,ライオンレースホース,0.0,2019104907,1208,1176,542800
202408030609,7,6,6,サンセットクラウド,牡5,56.0,藤岡佑介,2:23.7,1.1/2,9-9-8-5,35.3,21.6,8.0,466.0,0.0,[西]矢作芳人,前田晋二,0.0,2019100668,1093,1075,41002
202408030609,8,5,5,シホノスペランツァ,牡5,56.0,浜中俊,2:23.8,クビ,11-11-10-9,35.1,8.3,5.0,490.0,-2.0,[西]寺島良,村瀬寛紀,0.0,2019105654,1115,1158,262033
202408030609,9,6,7,ウインエアフォルク,牡7,55.0,野中悠太,2:23.9,3/4,10-10-10-11,35.0,16.9,7.0,478.0,-6.0,[東]根本康広,成富直行,0.0,2017101436,1158,1029,863033
202408030609,10,3,3,シルキーヴォイス,牡6,52.0,酒井学,2:24.0,1/2,6-5-6-7,35.6,80.8,10.0,494.0,8.0,[西]池江泰寿,金子真人ホールディングス,0.0,2018100537,1034,1071,708800
202408030609,11,7,9,タイセイシリウス,セ7,52.0,松若風馬,2:24.8,5,3-2-2-3,36.7,108.0,11.0,486.0,2.0,[西]小栗実,田中成奉,0.0,2017106032,1154,1194,224007
202408030610,1,7,9,ガロンヌ,牡3,57.0,池添謙一,1:20.3,,6-6,33.4,8.6,3.0,468.0,-4.0,[西]上村洋行,杉山忠国,2025.9,2021100494,1032,1168,53803
202408030610,2,6,6,ペアポルックス,牡3,57.0,松若風馬,1:20.5,1.1/4,2-2,34.1,2.9,2.0,476.0,2.0,[西]梅田智之,廣崎双葉,807.4,2021102320,1154,1084,315031
202408030610,3,3,3,リジル,牝3,55.0,藤岡佑介,1:20.7,1.1/4,3-4,34.0,10.9,4.0,478.0,0.0,[西]奥村豊,下河辺隆行,503.7,2021101457,1093,1146,272008
202408030610,4,5,5,アスクワンタイム,牡3,58.0,浜中俊,1:20.9,1.1/4,10-10,33.2,23.4,8.0,452.0,-2.0,[西]梅田智之,廣崎利洋,300.0,2021102315,1115,1084,539002
202408030610,5,7,8,ジョーローリット,牝3,55.0,柴田裕一,1:21.0,1/2,1-1,34.9,41.0,9.0,478.0,0.0,[西]中竹和也,上田江吏子,200.0,2021100768,1212,1039,32031
202408030610,6,2,2,コーティアスマナー,牝3,55.0,幸英明,1:21.0,アタマ,6-6,34.1,14.8,6.0,438.0,-2.0,[西]高橋義忠,ゴドルフィン,0.0,2021110039,732,1129,3060
202408030610,7,4,4,オメガウインク,牝3,55.0,団野大成,1:21.0,ハナ,3-3,34.4,2.4,1.0,466.0,0.0,[東]大和田成,原禮子,0.0,2021103559,1180,1124,8803
202408030610,8,1,1,デビッドテソーロ,牡3,57.0,角田大河,1:21.3,1.1/2,8-9,34.2,59.3,10.0,464.0,-2.0,[東]小手川準,了徳寺健二ホールディングス,0.0,2021102280,1199,1171,89803
202408030610,9,8,11,スパークリシャール,牡3,57.0,長岡禎仁,1:21.5,1.1/4,8-6,34.5,15.5,7.0,472.0,-4.0,[東]小島茂之,西見徹也,0.0,2021105609,1142,1068,266008
202408030610,10,8,10,オーサムストローク,牡3,57.0,野中悠太,1:21.6,3/4,5-4,34.9,12.0,5.0,436.0,-6.0,[東]伊藤圭三,ライオンレースホース,0.0,2021100557,1158,1023,542800
202408030610,-2,6,7,ストレイトアスク,牝3,55.0,西塚洸二,,,,,,,,,[西]藤原英昭,廣崎利洋ＨＤ,0.0,2021102312,1200,1055,37803
202408030611,1,8,13,ジャスティンスカイ,牡5,58.0,池添謙一,1:06.9,,4-4,32.9,7.4,4.0,536.0,-4.0,[西]友道康夫,三木正浩,2328.0,2019105512,1032,1061,195031
202408030611,2,5,6,プルパレイ,セ5,58.0,浜中俊,1:07.0,1/2,7-7,32.7,29.3,10.0,492.0,2.0,[西]須貝尚介,Ｇリビエール・レーシング,928.0,2019104911,1115,1105,98803
202408030611,3,4,5,カリボール,牡8,57.0,川須栄彦,1:07.1,1/2,7-7,32.9,121.4,13.0,494.0,-2.0,[西]西村真幸,大和屋暁,584.0,2016104668,1128,1148,324030
202408030611,4,8,12,スマートクラージュ,牡7,58.0,団野大成,1:07.4,1.1/2,2-2,33.6,3.2,1.0,484.0,-8.0,[西]池江泰寿,大川徹,350.0,2017100091,1180,1071,7803
202408030611,5,2,2,ヤクシマ,牡4,57.0,藤岡佑介,1:07.4,クビ,11-9,32.7,14.4,7.0,524.0,4.0,[西]寺島良,ゴドルフィン,230.0,2020110040,1093,1158,3060
202408030611,6,6,9,サンライズオネスト,牡7,58.0,西塚洸二,1:07.6,1,10-9,32.9,10.9,6.0,480.0,4.0,[西]河内洋,松岡隆雄,0.0,2017106720,1200,1072,306008
202408030611,7,7,10,レイベリング,牡4,57.0,和田竜二,1:07.7,1,4-4,33.7,5.0,2.0,478.0,0.0,[東]鹿戸雄一,ビッグレッドファーム,0.0,2020110155,1018,1097,716800
202408030611,8,1,1,ディヴィナシオン,牡7,58.0,古川吉洋,1:07.7,アタマ,13-12,32.7,20.9,8.0,480.0,-4.0,[西]森秀行,一村哲也,0.0,2017100583,1015,427,798008
202408030611,9,3,3,マイネルジェロディ,牡6,57.0,角田大河,1:07.9,1,4-4,33.9,8.0,5.0,476.0,-2.0,[西]西園正都,サラブレッドクラブ・ラフィアン,0.0,2018102155,1199,1028,546800
202408030611,10,5,7,ジャスパージャック,牡8,58.0,田口貫太,1:07.9,アタマ,1-1,34.2,22.0,9.0,538.0,0.0,[西]森秀行,加藤和夫,0.0,2016110119,1208,427,672033
202408030611,11,4,4,アスコルターレ,牡6,57.0,幸英明,1:07.9,ハナ,12-12,33.0,114.7,12.0,454.0,-4.0,[西]西村真幸,サンデーレーシング,0.0,2018104885,732,1148,226800
202408030611,12,6,8,カルロヴェローチェ,牡4,57.0,酒井学,1:08.3,2,2-2,34.6,6.4,3.0,504.0,-2.0,[西]須貝尚介,大野照旺,0.0,2020103434,1034,1105,550033
202408030611,13,7,11,オールパルフェ,牡4,57.0,松若風馬,1:08.5,1.1/2,7-9,34.0,40.7,11.0,494.0,-4.0,[東]和田雄二,遠藤良一,0.0,2020104056,1154,1143,525033
202408030612,1,8,15,バイファーザベスト,牡5,55.0,吉村誠之,1:25.8,,2-1,37.5,20.5,9.0,524.0,2.0,[西]清水久詞,白日光,800.0,2019109106,1216,1110,115031
202408030612,2,3,6,レッドダンルース,牡4,58.0,和田竜二,1:26.0,1.1/4,6-5,37.0,7.0,5.0,474.0,6.0,[西]福永祐一,東京ホースレーシング,320.0,2020103189,1018,1203,180800
202408030612,3,5,10,レゾルシオン,牡4,58.0,川又賢治,1:26.2,1,3-2,37.7,55.6,11.0,476.0,2.0,[西]鈴木孝志,前田幸貴,200.0,2020100747,1166,1111,117031
202408030612,4,4,8,ウインドワンピース,牡4,58.0,荻野琢真,1:26.2,ハナ,13-11,36.5,125.0,14.0,504.0,-4.0,[西]藤沢則雄,福原正博,120.0,2020103901,1112,1041,562002
202408030612,5,2,4,カズペトシーン,牡4,58.0,酒井学,1:26.3,1/2,15-15,36.2,16.2,8.0,490.0,2.0,[西]池添学,吉田和美,80.0,2020105585,1034,1144,138007
202408030612,6,6,12,フリークボンバー,牡7,55.0,柴田裕一,1:26.3,クビ,11-11,36.9,255.8,16.0,508.0,-4.0,[西]岡田稲男,吉永清美,0.0,2017103822,1212,1066,318007
202408030612,7,4,7,メイショウタイゲイ,牡5,58.0,団野大成,1:26.3,ハナ,9-7,37.2,11.8,7.0,458.0,-4.0,[西]荒川義之,松本好雄,0.0,2019104169,1180,1095,523005
202408030612,8,7,14,クリノミニスター,牡5,55.0,高杉吏麒,1:26.5,1,9-7,37.3,75.6,13.0,454.0,-2.0,[西]荒川義之,栗本守,0.0,2019103285,1213,1095,488007
202408030612,9,7,13,ナッカーフェイス,牡5,57.0,角田大河,1:26.6,クビ,15-14,36.6,42.1,10.0,450.0,2.0,[西]北出成人,ＳＴレーシング,0.0,2019100110,1199,1078,874033
202408030612,10,2,3,フォティック,牡4,58.0,池添謙一,1:26.8,1.1/2,6-4,37.9,65.3,12.0,462.0,0.0,[西]飯田祐史,今村明浩,0.0,2020100271,1032,1139,466033
202408030612,11,5,9,モズアカボス,牡4,57.0,田口貫太,1:26.9,1/2,8-10,37.7,8.1,6.0,500.0,-2.0,[西]矢作芳人,キャピタル・システム,0.0,2020110069,1208,1075,5803
202408030612,12,8,16,ドライグ,牡4,58.0,古川吉洋,1:27.2,1.3/4,4-5,38.4,4.9,1.0,466.0,0.0,[西]大根田裕,奥裕嗣,0.0,2020101652,1015,1032,548033
202408030612,13,6,11,ブルーペクトライト,牝4,56.0,藤岡佑介,1:27.2,ハナ,14-15,37.2,5.9,3.0,470.0,0.0,[西]池添学,キャロットファーム,0.0,2020103556,1093,1144,486800
202408030612,14,3,5,ヴォランテ,牡4,58.0,長岡禎仁,1:27.4,1.1/4,11-11,38.0,186.9,15.0,456.0,-2.0,[西]羽月友彦,永田和彦,0.0,2020100593,1142,1091,875006
202408030612,15,1,1,メリタテス,牝4,52.0,古川奈穂,1:28.4,6,1-2,40.2,5.9,2.0,436.0,2.0,[西]矢作芳人,広尾レース,0.0,2020110076,1190,1075,553800
202408030612,16,1,2,ルージュシェノン,牝5,56.0,幸英明,1:29.4,6,4-7,40.7,6.1,4.0,448.0,-6.0,[西]石坂公一,東京ホースレーシング,0.0,2019105541,732,1166,180800
202408030701,1,8,13,ルージュシュエット,牝3,55.0,坂井瑠星,1:54.6,,1-1-1-1,39.7,3.2,1.0,446.0,2.0,[西]矢作芳人,東京ホースレーシング,550.0,2021105640,1163,1075,180800
202408030701,2,4,5,タマモナポリ,牝3,52.0,高杉吏麒,1:55.5,5,2-2-2-2,40.3,163.9,11.0,446.0,-10.0,[西]河嶋宏樹,タマモ,220.0,2021106177,1213,1198,515800
202408030701,3,7,11,マックスセレナーデ,牝3,55.0,武豊,1:55.6,クビ,4-4-3-2,40.3,4.1,3.0,498.0,-10.0,[西]橋口慎介,フィールドレーシング,140.0,2021101400,666,1154,463031
202408030701,4,4,4,ローマンレイク,牝3,52.0,吉村誠之,1:55.9,1.3/4,4-5-5-6,40.4,10.5,6.0,414.0,0.0,[西]松永幹夫,シルクレーシング,83.0,2021105976,1216,1092,506800
202408030701,5,7,10,フェイマスグラース,牝3,55.0,幸英明,1:56.1,1.1/4,12-12-12-12,39.2,103.3,10.0,470.0,4.0,[西]谷潔,堀江貞幸,55.0,2021104688,732,431,333008
202408030701,6,6,8,メタルハート,牝3,55.0,松若風馬,1:56.3,1.1/4,9-9-8-7,40.4,8.6,5.0,444.0,2.0,[西]音無秀孝,田畑勝彦,0.0,2021100565,1154,1002,365030
202408030701,7,2,2,タガノエクレール,牝3,54.0,田口貫太,1:56.5,3/4,2-2-3-4,41.2,3.9,2.0,462.0,-2.0,[西]西園正都,八木良司,0.0,2021106540,1208,1028,859002
202408030701,8,8,12,ゼットメルベーユ,牝3,55.0,西村淳也,1:56.6,1/2,6-5-5-5,41.1,7.1,4.0,462.0,2.0,[西]吉田直弘,フォーレスト,0.0,2021100197,1171,1101,730800
202408030701,9,1,1,ジューンナデシコ,牝3,55.0,長岡禎仁,1:56.9,2,6-5-7-8,41.3,22.4,7.0,470.0,-2.0,[西]杉山佳明,吉川潤,0.0,2021100922,1142,1178,17803
202408030701,10,5,6,イエローサファイア,牝3,55.0,中井裕二,1:58.8,大,8-8-9-9,42.7,93.4,9.0,510.0,-8.0,[西]高橋亮,飯田良枝,0.0,2021104116,1141,1136,669007
202408030701,11,6,9,チリエージョドラマ,牝3,51.0,古川奈穂,1:58.9,3/4,11-11-11-10,42.5,313.8,13.0,442.0,0.0,[西]安達昭夫,吉田修,0.0,2021106342,1190,1042,988005
202408030701,12,5,7,リエラ,牝3,55.0,藤懸貴志,2:00.0,7,13-13-13-13,41.9,238.0,12.0,396.0,-7.0,[西]高橋康之,ローレルレーシング,0.0,2021106943,1138,1135,32800
202408030701,13,3,3,ニホンピロデルマー,牝3,55.0,太宰啓介,2:02.4,大,9-9-9-11,46.3,59.4,8.0,436.0,4.0,[西]大橋勇樹,小林英一,0.0,2021104209,1037,1065,587031
202408030702,1,2,4,ダディーズアイル,牡3,57.0,岩田望来,1:26.3,,2-1,38.7,2.7,1.0,466.0,-2.0,[西]千田輝彦,田島大史,550.0,2021104673,1174,1120,754030
202408030702,2,7,13,タミゼ,牝3,55.0,Ｍ．デム,1:26.4,1/2,4-4,38.4,5.0,3.0,474.0,-4.0,[西]平田修,水上行雄,220.0,2021100650,5212,1082,482002
202408030702,3,7,14,ラントリサント,牝3,55.0,藤岡佑介,1:26.5,1/2,5-4,38.4,4.3,2.0,414.0,2.0,[西]吉岡辰弥,キャロットファーム,140.0,2021105912,1093,1176,486800
202408030702,4,5,10,シャッフルガール,牝3,55.0,川須栄彦,1:26.8,1.1/2,2-2,39.1,66.7,11.0,456.0,6.0,[西]河嶋宏樹,近藤克麿,83.0,2021103202,1128,1198,110030
202408030702,5,4,7,フェールブリエ,牡3,57.0,幸英明,1:27.0,1.1/4,7-7,38.8,9.8,5.0,418.0,0.0,[西]鮫島一歩,佐々木基,55.0,2021101128,732,1046,280033
202408030702,6,2,3,テイエムデンセツ,牡3,57.0,和田竜二,1:27.5,3,5-6,39.5,24.3,7.0,490.0,8.0,[西]鈴木孝志,竹園正繼,0.0,2021102160,1018,1111,356002
202408030702,7,5,9,ベストリターナー,セ3,57.0,城戸義政,1:27.5,アタマ,7-8,39.2,441.1,15.0,520.0,-10.0,[西]羽月友彦,岡田牧雄,0.0,2021106094,1147,1091,851009
202408030702,8,4,8,メイショウマタベエ,牡3,57.0,菱田裕二,1:27.6,1/2,9-8,39.1,224.9,13.0,424.0,0.0,[西]河内洋,松本好雄,0.0,2021100986,1144,1072,523005
202408030702,9,6,12,リアルモハメド,牡3,56.0,田口貫太,1:27.9,2,12-12,39.1,36.9,8.0,498.0,4.0,[西]清水久詞,杉山忠国,0.0,2021100486,1208,1110,53803
202408030702,10,8,15,サンノーブル,セ3,57.0,和田翼,1:29.2,8,9-10,40.6,48.0,10.0,462.0,0.0,[西]谷潔,加藤信之,0.0,2021100831,1146,431,453006
202408030702,11,6,11,スマイルアクセス,牝3,55.0,西村淳也,1:29.3,1/2,9-10,40.7,6.9,4.0,452.0,-2.0,[西]杉山佳明,馬目卓,0.0,2021102589,1171,1178,979007
202408030702,12,3,6,スラストアウェイ,牡3,57.0,酒井学,1:29.3,クビ,13-13,38.5,141.0,12.0,510.0,0.0,[西]牧田和弥,ＣＨＥＶＡＬＡＴＴＡＣＨＥ,0.0,2021109084,1034,1123,888800
202408030702,13,1,2,テンマ,牡3,57.0,長岡禎仁,1:29.7,2,14-14,38.5,270.1,14.0,508.0,-14.0,[西]高橋亮,増田江利子,0.0,2021102109,1142,1136,635031
202408030702,14,8,16,プライムブルー,牡3,57.0,荻野琢真,1:32.0,大,15-15,38.7,498.4,16.0,518.0,0.0,[西]小林真也,平川浩之,0.0,2021103558,1112,1185,136007
202408030702,15,1,1,ニホンピロトッティ,牝3,55.0,国分優作,1:32.6,3.1/2,1-3,45.1,41.4,9.0,390.0,-8.0,[西]緒方努,小林英一,0.0,2021104210,1125,1193,587031
202408030702,16,3,5,ブラストバローズ,牡3,57.0,古川吉洋,1:44.7,大,16-16,45.4,16.9,6.0,470.0,0.0,[西]上村洋行,猪熊広次,0.0,2021101393,1015,1168,859007
202408030703,1,6,8,ニホンピロゴルディ,牡3,57.0,幸英明,2:02.2,,11-11-9-5,39.2,11.6,5.0,460.0,4.0,[西]安達昭夫,小林英一,550.0,2021103845,732,1042,587031
202408030703,2,4,5,ソルトロング,牡3,57.0,田中健,2:02.5,1.1/2,3-4-3-3,40.3,308.4,12.0,462.0,2.0,[西]木原一良,杉浦敏夫,220.0,2021102960,1114,1033,781033
202408030703,3,8,12,オーヴァーマスター,牡3,57.0,西村淳也,2:02.8,1.3/4,5-5-5-5,40.3,5.4,3.0,446.0,2.0,[西]石坂公一,下河辺隆行,140.0,2021101433,1171,1166,272008
202408030703,4,5,6,メイショウヨスガラ,セ3,57.0,高倉稜,2:02.8,ハナ,3-2-3-2,40.5,5.7,4.0,468.0,2.0,[西]渡辺薫彦,松本好雄,83.0,2021102569,1130,1155,523005
202408030703,5,3,3,ジーティースピード,牝3,55.0,坂井瑠星,2:03.1,2,1-1-1-1,41.1,3.5,2.0,522.0,8.0,[西]矢作芳人,田畑利彦,55.0,2021110102,1163,1075,464030
202408030703,6,6,9,ディアモミノル,牡3,56.0,泉谷楓真,2:03.1,アタマ,13-13-12-10,39.6,287.4,11.0,504.0,-4.0,[西]本田優,吉岡輝美,0.0,2021104431,1182,1099,337031
202408030703,7,7,10,ヤマニンラベーラ,牝3,55.0,藤懸貴志,2:03.1,ハナ,9-10-9-10,40.1,21.1,6.0,504.0,-8.0,[西]長谷川浩,土井肇,0.0,2021106607,1138,1173,329004
202408030703,8,8,13,シングンアーメット,牡3,57.0,和田竜二,2:04.2,7,6-7-7-8,41.4,40.9,8.0,454.0,-6.0,[東]伊坂重信,伊坂重憲,0.0,2021106747,1018,1177,771009
202408030703,9,7,11,クリティカルヒット,牡3,57.0,松若風馬,2:04.2,クビ,7-5-5-8,41.6,2.5,1.0,586.0,-4.0,[西]宮本博,下河辺俊行,0.0,2021110096,1154,1073,185031
202408030703,10,2,2,トントンプー,牡3,57.0,川須栄彦,2:04.5,1.3/4,9-8-7-7,41.9,92.9,10.0,458.0,-6.0,[東]矢嶋大樹,友水達也,0.0,2021109052,1128,1202,313008
202408030703,11,4,4,ジュウオウ,牡3,55.0,酒井学,2:05.0,3,2-2-2-3,42.8,38.2,7.0,528.0,-2.0,[西]長谷川浩,天野克彦,0.0,2021110162,1034,1173,28031
202408030703,12,5,7,シングマイブルース,セ3,56.0,田口貫太,2:06.8,大,7-8-13-13,42.6,64.5,9.0,480.0,-8.0,[西]中竹和也,前田幸治,0.0,2021110068,1208,1039,948006
202408030703,13,1,1,シンゼンワカミヤ,牡3,57.0,城戸義政,2:07.1,1.1/2,12-11-11-12,43.7,507.5,13.0,460.0,-8.0,[西]荒川義之,原司郎,0.0,2021101167,1147,1095,43030
202408030704,1,8,17,コト,牝3,55.0,岩田望来,1:33.9,,8-8,34.1,7.3,3.0,460.0,2.0,[西]野中賢二,寺田寿男,550.0,2021101019,1174,1098,866006
202408030704,2,3,5,シャリティ,牝3,55.0,藤岡佑介,1:34.0,1/2,1-1,34.9,31.9,9.0,466.0,4.0,[西]四位洋文,井上隆次,220.0,2021104319,1093,1184,236031
202408030704,3,5,9,オタルグリーン,牝3,55.0,池添謙一,1:34.1,クビ,10-10,34.1,13.5,5.0,434.0,6.0,[西]中竹和也,住谷幾久子,140.0,2021105289,1032,1039,311031
202408030704,4,7,13,ベルファスト,牝3,55.0,西村淳也,1:34.1,クビ,2-2,34.9,2.5,1.0,486.0,6.0,[西]今野貞一,ＤＭＭドリームクラブ,83.0,2021101414,1171,1128,26803
202408030704,5,6,12,テイケイモハラ,牝3,54.0,田口貫太,1:34.2,クビ,8-8,34.5,12.6,4.0,434.0,4.0,[西]大橋勇樹,兼松忠男,55.0,2021101584,1208,1065,840008
202408030704,6,7,14,ブリックワーク,牝3,55.0,坂井瑠星,1:34.4,1.1/2,4-5,34.9,2.8,2.0,438.0,0.0,[西]辻野泰之,下河辺隆行,0.0,2021101382,1163,1183,272008
202408030704,7,1,1,ソルセルリ,牝3,55.0,菱田裕二,1:34.4,アタマ,4-4,35.0,100.4,11.0,410.0,-2.0,[西]小椋研介,社台レースホース,0.0,2021105231,1144,1197,415800
202408030704,8,4,8,ウエストチェリー,牝3,55.0,団野大成,1:34.5,クビ,18-16,33.9,68.5,10.0,454.0,2.0,[西]小椋研介,岡田牧雄,0.0,2021103505,1180,1197,851009
202408030704,9,4,7,ダークファンタジー,牝3,55.0,武豊,1:34.6,1,7-6,35.0,18.2,6.0,410.0,0.0,[西]須貝尚介,ＮＩＣＫＳ,0.0,2021105171,666,1105,887800
202408030704,10,7,15,ニホンピロマリンバ,牝3,55.0,松若風馬,1:34.8,1,2-2,35.5,164.9,14.0,498.0,6.0,[西]安達昭夫,小林英一,0.0,2021103841,1154,1042,587031
202408030704,11,3,6,インティメート,牝3,55.0,幸英明,1:34.8,クビ,10-10,34.9,24.2,8.0,438.0,2.0,[西]西村真幸,辻牧場,0.0,2021102586,732,1148,302800
202408030704,12,2,3,プリメイラ,牝3,55.0,横山典弘,1:34.9,1/2,16-16,34.4,23.3,7.0,428.0,0.0,[西]上村洋行,近藤英子,0.0,2021102400,660,1168,372006
202408030704,13,2,4,メイショウメイボク,牝3,54.0,泉谷楓真,1:34.9,アタマ,12-10,34.9,150.7,13.0,466.0,8.0,[西]本田優,松本好雄,0.0,2021103076,1182,1099,523005
202408030704,14,1,2,メイショウハコブネ,牝3,52.0,高杉吏麒,1:35.0,アタマ,13-13,34.9,329.7,17.0,434.0,0.0,[西]千田輝彦,松本好雄,0.0,2021102564,1213,1120,523005
202408030704,15,8,18,モズセブンキー,牝3,51.0,古川奈穂,1:35.5,3.1/2,13-13,35.2,326.1,16.0,470.0,-4.0,[西]矢作芳人,キャピタル・システム,0.0,2021100022,1190,1075,5803
202408030704,16,6,11,セブンスリーローズ,牝3,55.0,酒井学,1:35.6,クビ,15-13,35.3,374.5,18.0,428.0,10.0,[西]飯田祐史,猪又晶介,0.0,2021102386,1034,1139,651031
202408030704,17,5,10,ハルメネス,牝3,55.0,和田竜二,1:36.6,6,16-16,36.2,149.0,12.0,472.0,0.0,[西]小崎憲,大塚亮一,0.0,2021103059,1018,1085,858800
202408030704,18,8,16,ドルフィンスクエア,牝3,52.0,吉村誠之,1:36.7,1/2,6-6,37.2,252.2,15.0,442.0,-8.0,[西]清水久詞,吉田和美,0.0,2021107265,1216,1110,138007
202408030705,1,1,1,ダイヤモンドレイン,牝3,55.0,池添謙一,2:00.6,,1-1-1-1,34.2,4.9,5.0,494.0,8.0,[西]池添学,サンデーレーシング,550.0,2021105577,1032,1144,226800
202408030705,2,7,8,イルデポート,牡3,57.0,団野大成,2:00.8,1.1/4,9-9-7-5,33.9,4.8,4.0,460.0,2.0,[西]杉山佳明,谷掛龍夫,220.0,2021105290,1180,1178,727008
202408030705,3,3,3,ヘザルフェン,牡3,57.0,横山典弘,2:01.0,1.1/4,3-2-4-5,34.3,4.4,2.0,492.0,-4.0,[西]昆貢,Ｈ．Ｈ．シェイク・ハムダン,140.0,2021110022,660,1044,4060
202408030705,4,5,5,ロードクロンヌ,牡3,57.0,岩田望来,2:01.0,アタマ,6-7-4-3,34.3,4.1,1.0,472.0,8.0,[西]四位洋文,ロードホースクラブ,83.0,2021100169,1174,1184,170800
202408030705,5,8,9,シークレットレーン,牝3,55.0,坂井瑠星,2:01.0,クビ,4-4-2-2,34.5,4.7,3.0,510.0,0.0,[西]矢作芳人,社台レースホース,55.0,2021104996,1163,1075,415800
202408030705,6,6,6,コーンウォリス,牡3,57.0,和田竜二,2:01.1,3/4,6-5-7-7,34.2,45.4,7.0,474.0,-4.0,[西]平田修,社台レースホース,0.0,2021107177,1018,1082,415800
202408030705,7,4,4,エニーアース,牝3,51.0,古川奈穂,2:02.0,5,10-10-10-10,34.8,281.0,10.0,436.0,-6.0,[西]小崎憲,フィールドレーシング,0.0,2021102511,1190,1085,463031
202408030705,8,2,2,ウロボロス,牡3,57.0,加藤祥太,2:02.0,クビ,4-5-7-7,35.1,8.0,6.0,468.0,6.0,[西]杉山晴紀,薪浦亨,0.0,2021100628,1156,1157,768006
202408030705,9,7,7,フェルテラーゾ,牝3,52.0,高杉吏麒,2:02.0,クビ,2-2-6-7,35.2,141.1,8.0,416.0,-10.0,[西]奥村豊,ノルマンディーサラブレッドレーシング,0.0,2021106932,1213,1146,854800
202408030705,10,8,10,ボンウィークエンド,牡3,54.0,田口貫太,2:02.1,3/4,6-7-3-3,35.4,157.9,9.0,428.0,-6.0,[西]渡辺薫彦,吉田和美,0.0,2021110118,1208,1155,138007
202408030706,1,4,6,サンライズパスカル,牡4,58.0,菱田裕二,1:54.0,,1-1-1-1,37.6,3.6,2.0,544.0,6.0,[西]石坂公一,ライフハウス,800.0,2020102343,1144,1166,399803
202408030706,2,5,8,ターゲサンブルック,牡5,58.0,幸英明,1:54.0,ハナ,2-2-2-2,37.4,12.1,5.0,486.0,-2.0,[西]奥村豊,幅田京子,320.0,2019105649,732,1146,320030
202408030706,3,5,9,シュピカ,牝6,53.0,高杉吏麒,1:54.7,4,11-11-11-7,37.0,137.0,11.0,496.0,6.0,[西]千田輝彦,平山靖,200.0,2018101572,1213,1120,55803
202408030706,4,2,2,モズアカボス,牡4,58.0,坂井瑠星,1:55.0,1.3/4,5-6-7-6,37.9,17.1,6.0,502.0,2.0,[西]矢作芳人,キャピタル・システム,120.0,2020110069,1163,1075,5803
202408030706,5,3,5,メイショウクモイ,牡4,58.0,武豊,1:55.3,2,10-9-3-3,38.5,2.0,1.0,478.0,-10.0,[西]飯田祐史,松本好雄,80.0,2020106922,666,1139,523005
202408030706,6,3,4,ナンヨークリスタル,セ4,58.0,藤岡佑介,1:55.6,1.3/4,7-7-6-4,38.6,11.8,4.0,488.0,16.0,[西]松永幹夫,中村徳也,0.0,2020103513,1093,1092,512031
202408030706,7,7,12,ヘヴンズタイム,セ4,58.0,古川吉洋,1:56.0,2.1/2,13-13-13-10,38.0,56.3,8.0,468.0,2.0,[西]北出成人,ノースヒルズ,0.0,2020105624,1015,1078,788800
202408030706,8,2,3,シンゼンハット,牡5,55.0,吉村誠之,1:56.4,2.1/2,8-7-10-12,38.6,188.6,12.0,460.0,-6.0,[西]飯田祐史,原司郎,0.0,2019103912,1216,1139,43030
202408030706,9,6,10,クールシェルタ,牡5,58.0,和田竜二,1:56.4,クビ,8-9-8-7,38.9,355.4,13.0,492.0,0.0,[東]高橋文雅,ディアレストクラブ,0.0,2019103204,1018,1134,13803
202408030706,10,8,14,ボルネオ,セ4,58.0,水口優也,1:56.9,3,12-12-11-10,39.2,100.4,10.0,468.0,-24.0,[西]藤沢則雄,高橋ファーム,0.0,2020104375,1133,1041,884800
202408030706,11,8,15,ソルトゴールド,牡5,58.0,高倉稜,1:57.4,3,4-4-4-5,40.4,615.2,14.0,506.0,-10.0,[西]木原一良,杉浦敏夫,0.0,2019102661,1130,1033,781033
202408030706,12,7,13,エイムインライフ,牝4,56.0,酒井学,1:57.8,2.1/2,2-2-4-7,40.9,33.7,7.0,466.0,-4.0,[西]角田晃一,前田葉子,0.0,2020110068,1034,1121,245030
202408030706,13,1,1,インザビギニング,牡4,58.0,松若風馬,2:32.0,大,5-4-8-13,74.4,6.0,3.0,504.0,2.0,[西]小崎憲,ノースヒルズ,0.0,2020105638,1154,1085,788800
202408030706,-1,6,11,メイショウオグマ,牡5,57.0,田口貫太,,,,,,,,,[西]安達昭夫,松本好雄,0.0,2019104261,1208,1042,523005
202408030706,-3,4,7,ジャスパーワールド,牡4,58.0,岩田望来,,,,,,,,,[西]森秀行,加藤和夫,0.0,2020110107,1174,427,672033
202408030707,1,3,3,キタノエクスプレス,牡6,58.0,国分優作,1:07.7,,8-6,33.3,2.0,1.0,522.0,10.0,[西]坂口智康,北所直人,1140.0,2018102281,1125,1170,163002
202408030707,2,4,6,オックスリップ,牝4,56.0,西村淳也,1:07.9,1.1/4,7-6,33.6,8.4,4.0,454.0,6.0,[西]杉山晴紀,ライオンレースホース,460.0,2020103238,1171,1157,542800
202408030707,3,7,11,ロゼクラン,牝6,56.0,荻野琢真,1:08.2,1.3/4,12-12,33.1,189.3,14.0,448.0,0.0,[西]藤沢則雄,水谷昌晃,290.0,2018103620,1112,1041,616030
202408030707,4,5,7,テンジュイン,牝7,56.0,岩田望来,1:08.3,クビ,11-8,33.6,63.1,8.0,468.0,10.0,[西]千田輝彦,ドリーム＆Ｄｒｅａｍ,170.0,2017101991,1174,1120,135803
202408030707,5,1,1,グランツベリー,牝4,53.0,高杉吏麒,1:08.3,クビ,1-1,34.4,10.2,5.0,450.0,6.0,[西]田中克典,広尾レース,114.0,2020104087,1213,1180,553800
202408030707,6,8,13,メイショウハボタン,牝6,56.0,藤岡佑介,1:08.4,3/4,9-10,33.7,24.8,7.0,486.0,8.0,[西]本田優,松本好雄,0.0,2018106455,1093,1099,523005
202408030707,7,2,2,トリップトゥムーン,牡5,58.0,菱田裕二,1:08.4,ハナ,13-12,33.2,82.4,11.0,452.0,2.0,[西]新谷功一,岡田牧雄,0.0,2019103193,1144,1172,851009
202408030707,8,3,4,ミズノコキュウ,牝5,56.0,幸英明,1:08.6,1.1/4,5-4,34.4,17.7,6.0,422.0,0.0,[東]水野貴広,サラブレッドクラブ・ラフィアン,0.0,2019102436,732,1094,546800
202408030707,9,6,9,ハクサンパイオニア,牡4,55.0,吉村誠之,1:08.8,1.1/4,2-2,34.7,7.3,3.0,504.0,4.0,[西]清水久詞,河崎五市,0.0,2020105568,1216,1110,841030
202408030707,10,8,14,プレジールミノル,牡6,58.0,和田竜二,1:09.0,3/4,5-8,34.8,79.5,10.0,502.0,2.0,[西]北出成人,吉岡輝美,0.0,2018104322,1018,1078,337031
202408030707,11,6,10,ラブリアージェ,牝5,56.0,古川吉洋,1:09.0,クビ,13-14,33.6,64.0,9.0,482.0,10.0,[西]昆貢,ノルマンディーサラブレッドレーシング,0.0,2019106099,1015,1044,854800
202408030707,12,4,5,クラリティスケール,牝5,56.0,池添謙一,1:09.0,ハナ,9-11,34.2,82.6,12.0,462.0,0.0,[西]藤野健太,ノルマンディーサラブレッドレーシング,0.0,2019103442,1032,1200,854800
202408030707,13,7,12,スカプラリオ,牝4,52.0,古川奈穂,1:09.1,1/2,2-4,35.0,91.5,13.0,460.0,-8.0,[西]佐々木晶,小林竜太郎,0.0,2020104825,1190,429,336030
202408030707,14,5,8,レッドヒルシューズ,牝4,56.0,坂井瑠星,1:09.7,3.1/2,2-2,35.6,4.2,2.0,452.0,-2.0,[西]武英智,呉本昌時,0.0,2020101897,1163,1161,163031
202408030709,1,5,5,サブマリーナ,牡3,57.0,武豊,1:58.0,,8-7-6-6,33.0,1.9,1.0,468.0,8.0,[西]庄野靖志,ＮＩＣＫＳ,1095.2,2021106449,666,1087,887800
202408030709,2,8,11,インファイター,牡3,57.0,西村淳也,1:58.1,1/2,4-4-4-4,33.4,5.2,2.0,486.0,0.0,[西]高野友和,シルクレーシング,437.2,2021105405,1171,1117,506800
202408030709,3,2,2,ジェロニモス,牡3,57.0,坂井瑠星,1:58.9,5,1-1-1-1,34.6,24.8,8.0,476.0,-2.0,[西]中村直也,ノルマンディーサラブレッドレーシング,273.6,2021101280,1163,1186,854800
202408030709,4,3,3,タマモランプ,牡3,57.0,池添謙一,1:58.9,ハナ,4-4-4-4,34.2,5.4,3.0,452.0,-2.0,[西]池添学,タマモ,160.0,2021101557,1032,1144,515800
202408030709,5,8,10,ナムラブーニン,牡3,57.0,泉谷楓真,1:59.0,1/2,9-9-9-8,33.8,20.6,7.0,452.0,-4.0,[西]高橋一哉,奈村睦弘,107.0,2021102420,1182,1206,972002
202408030709,6,7,8,ゴールドブレス,牡3,57.0,団野大成,1:59.1,クビ,7-7-6-6,34.2,58.2,9.0,430.0,-10.0,[西]西園翔太,ＹＧＧホースクラブ,0.0,2021100081,1180,1196,188800
202408030709,7,6,6,ペンナヴェローチェ,牡3,57.0,岩田望来,1:59.4,2,3-2-2-2,35.0,9.1,4.0,482.0,0.0,[西]須貝尚介,大野照旺,0.0,2021104092,1174,1105,550033
202408030709,8,4,4,テーオーダグラス,牡3,57.0,酒井学,2:00.0,3.1/2,2-2-2-2,35.6,12.5,5.0,482.0,-2.0,[西]須貝尚介,小笹公也,0.0,2021102246,1034,1105,304008
202408030709,9,6,7,サイレントグルーヴ,牝3,55.0,菱田裕二,2:00.3,1.3/4,4-4-8-9,35.1,106.5,10.0,484.0,4.0,[西]角田晃一,社台レースホース,0.0,2021105274,1144,1121,415800
202408030709,10,7,9,ウールデュボヌール,牡3,57.0,Ｍ．デム,2:00.3,クビ,10-10-10-11,34.8,15.3,6.0,486.0,-6.0,[西]須貝尚介,Ｇ１レーシング,0.0,2021104860,5212,1105,808800
202408030709,11,1,1,フユソウビ,牡3,57.0,和田竜二,2:00.9,3.1/2,11-10-10-9,35.7,204.4,11.0,460.0,10.0,[東]青木孝文,ビッグレッドファーム,0.0,2021104496,1018,1156,716800
202408030710,1,3,5,レガーメペスカ,牡7,58.0,田口貫太,1:51.6,,2-1-1-1,37.8,146.2,14.0,504.0,14.0,[西]藤野健太,山田信太郎,1874.3,2017104106,1208,1200,417030
202408030710,2,7,14,ストライク,牡4,58.0,Ｍ．デム,1:52.3,4,8-8-6-5,37.9,5.5,3.0,504.0,6.0,[東]加藤士津,高瀬正志,749.8,2020105869,5212,1169,392803
202408030710,3,1,1,マリアナトレンチ,牡4,58.0,松若風馬,1:52.3,クビ,5-5-4-2,38.1,34.0,9.0,476.0,8.0,[西]音無秀孝,谷掛龍夫,464.9,2020102737,1154,1002,727008
202408030710,4,4,8,アイファーテイオー,牡4,58.0,藤懸貴志,1:52.4,クビ,14-14-14-14,37.3,18.5,7.0,460.0,-4.0,[西]鮫島一歩,中島稔,280.0,2020101275,1138,1046,119007
202408030710,5,2,4,サイモンザナドゥ,牡4,58.0,武豊,1:52.8,2.1/2,12-12-12-12,37.8,5.4,2.0,476.0,-2.0,[西]小林真也,澤田昭紀,184.0,2020104497,666,1185,132030
202408030710,6,1,2,アオイイーグル,牡4,58.0,西村淳也,1:52.8,クビ,8-8-8-6,38.4,10.1,6.0,488.0,0.0,[西]大久保龍,新谷正子,0.0,2020101861,1171,1058,974033
202408030710,7,4,7,メイショウコガシラ,牡4,58.0,藤岡佑介,1:53.0,1,16-16-16-15,37.0,6.5,5.0,490.0,-6.0,[西]本田優,松本好雄,0.0,2020100979,1093,1099,523005
202408030710,8,6,11,ヴアーサ,牡6,58.0,菱田裕二,1:53.0,クビ,10-10-10-10,38.2,61.6,12.0,462.0,0.0,[西]鮫島一歩,本間茂,0.0,2018104481,1144,1046,694008
202408030710,9,5,10,ダンテバローズ,牡4,58.0,岩田望来,1:53.1,クビ,3-3-6-8,38.6,3.8,1.0,514.0,-6.0,[西]上村洋行,猪熊広次,0.0,2020104661,1174,1168,859007
202408030710,10,3,6,ロッキーサンダー,牡7,58.0,和田竜二,1:53.2,3/4,12-12-10-12,38.4,59.6,11.0,494.0,6.0,[西]石橋守,原田豊,0.0,2017105982,1018,1140,945006
202408030710,11,5,9,ジャスパーグレイト,牡5,58.0,団野大成,1:53.4,1.1/4,10-11-12-9,38.6,23.6,8.0,486.0,0.0,[西]森秀行,加藤和夫,0.0,2019110088,1180,427,672033
202408030710,12,7,13,グーデンドラーク,牡5,58.0,池添謙一,1:53.5,3/4,5-5-4-2,39.3,6.0,4.0,526.0,4.0,[西]池添学,サンデーレーシング,0.0,2019105416,1032,1144,226800
202408030710,13,6,12,ラフストリーム,牡6,58.0,酒井学,1:54.7,7,15-15-15-15,39.0,156.8,15.0,554.0,18.0,[東]武井亮,牧埜幸一,0.0,2018104959,1034,1147,160031
202408030710,14,8,15,レッドエランドール,セ7,58.0,川須栄彦,1:55.6,5,3-3-3-6,41.4,204.4,16.0,490.0,-2.0,[西]田中克典,東京ホースレーシング,0.0,2017104972,1128,1180,180800
202408030710,15,8,16,グランスピード,セ7,58.0,幸英明,1:56.4,5,1-2-2-2,42.4,47.3,10.0,508.0,-16.0,[西]西村真幸,ライオンレースホース,0.0,2017105403,732,1148,542800
202408030710,16,2,3,フームスムート,牡7,58.0,坂井瑠星,1:57.2,5,7-7-8-10,42.7,98.9,13.0,530.0,2.0,[東]水野貴広,ディアレストクラブ,0.0,2017104238,1163,1094,13803
202408030711,1,6,6,セオ,牡4,57.0,岩田望来,1:44.8,,2-2,33.5,6.8,4.0,484.0,-4.0,[西]上村洋行,吉田千津,2823.8,2020103102,1174,1168,310007
202408030711,2,4,4,アルナシーム,牡5,58.0,横山典弘,1:45.0,1.1/4,7-7,33.2,3.8,3.0,446.0,2.0,[西]橋口慎介,ライオンレースホース,1106.8,2019105252,660,1154,542800
202408030711,3,7,9,セントカメリア,牝5,55.0,西村淳也,1:45.3,2,11-11,33.1,16.1,6.0,458.0,4.0,[西]高野友和,シルクレーシング,703.4,2019105040,1171,1117,506800
202408030711,4,1,1,ピンハイ,牝5,55.0,武豊,1:45.4,1/2,9-8,33.6,3.7,2.0,412.0,4.0,[西]田中克典,北畑忍,420.0,2019102772,666,1180,599030
202408030711,5,8,10,フォワードアゲン,セ7,57.0,和田竜二,1:45.6,1,9-10,33.6,114.8,10.0,436.0,2.0,[東]加藤和宏,浅川皓司,280.0,2017102537,1018,1077,350004
202408030711,6,7,8,ショウナンマグマ,牡5,58.0,池添謙一,1:45.6,アタマ,5-5,33.9,9.1,5.0,512.0,-4.0,[東]尾関知人,国本哲秀,0.0,2019104998,1032,1103,331002
202408030711,7,5,5,ワールドウインズ,セ7,57.0,団野大成,1:45.9,1.1/2,5-5,34.2,23.0,8.0,456.0,-2.0,[西]笹田和秀,川勝裕之,0.0,2017104093,1180,1104,202033
202408030711,8,3,3,アウスヴァール,セ6,57.0,古川吉洋,1:46.1,1.1/4,1-1,34.9,20.2,7.0,482.0,-14.0,[西]昆貢,ノルマンディーサラブレッドレーシング,0.0,2018101010,1015,1044,854800
202408030711,9,8,11,プライドランド,牡8,57.0,酒井学,1:46.3,1.1/4,7-8,34.5,173.0,11.0,482.0,0.0,[西]高野友和,サンデーレーシング,0.0,2016104762,1034,1117,226800
202408030711,10,6,7,リューベック,牡5,57.0,田口貫太,1:46.5,1.1/2,3-3,35.0,26.2,9.0,504.0,-6.0,[西]須貝尚介,金子真人ホールディングス,0.0,2019105483,1208,1105,708800
202408030711,-1,2,2,ダノンティンパニー,牡6,57.0,藤岡佑介,,,,,,,,,[西]中内田充,ダノックス,0.0,2018106559,1093,1137,619800
202408030712,1,6,8,ナスノカンゲツ,牡4,58.0,坂井瑠星,1:12.2,,4-4,35.8,4.9,2.0,520.0,-2.0,[東]武井亮,那須野牧場,1140.0,2020109094,1163,1147,51800
202408030712,2,8,13,ツークフォーゲル,牡4,58.0,団野大成,1:12.3,3/4,8-8,35.6,8.7,5.0,552.0,-4.0,[西]荒川義之,ノースヒルズ,460.0,2020105635,1180,1095,788800
202408030712,3,2,2,ジョヴィアン,牡4,58.0,Ｍ．デム,1:12.5,1.1/4,1-1,36.7,6.0,4.0,508.0,10.0,[西]奥村豊,吉田和美,290.0,2020110127,5212,1146,138007
202408030712,4,1,1,ワーズワース,牡6,55.0,吉村誠之,1:12.8,1.1/2,12-12,35.8,61.5,11.0,508.0,2.0,[西]清水久詞,カナヤマホールディングス,170.0,2018104030,1216,1110,45803
202408030712,5,8,12,ディアサクセサー,牡4,58.0,武豊,1:12.8,クビ,5-6,36.2,3.2,1.0,518.0,6.0,[西]松永幹夫,ライオンレースホース,114.0,2020103074,666,1092,542800
202408030712,6,5,7,マイアミュレット,セ5,58.0,酒井学,1:12.8,アタマ,12-12,35.7,181.8,13.0,478.0,-2.0,[東]天間昭一,マークス,0.0,2019106730,1034,1090,344803
202408030712,7,7,11,ゼットカレン,牝4,53.0,高杉吏麒,1:12.9,3/4,5-5,36.5,49.6,10.0,476.0,8.0,[西]宮徹,フォーレスト,0.0,2020104751,1213,1018,730800
202408030712,8,3,3,ダブルジョーク,牡4,58.0,横山典弘,1:13.0,1/2,9-10,36.3,11.1,6.0,572.0,2.0,[西]昆貢,ゴドルフィン,0.0,2020110026,660,1044,3060
202408030712,9,6,9,ベンダバリラビア,牡4,58.0,岩田望来,1:13.1,1/2,11-8,36.3,5.1,3.0,530.0,-4.0,[西]寺島良,幅田昌伸,0.0,2020101968,1174,1158,331007
202408030712,10,4,5,マリブパイン,牝5,56.0,国分優作,1:13.2,クビ,2-2,37.3,92.9,12.0,496.0,0.0,[西]大根田裕,ロイヤルパーク,0.0,2019106239,1125,1032,18700
202408030712,11,7,10,ミキノプリンス,牡5,58.0,幸英明,1:13.8,4,9-11,37.0,48.0,9.0,500.0,2.0,[西]大橋勇樹,谷口久和,0.0,2019103418,732,1065,918002
202408030712,12,5,6,サイモンギフト,牡4,58.0,和田竜二,1:14.2,2.1/2,3-3,38.1,11.8,7.0,498.0,10.0,[東]勢司和浩,澤田昭紀,0.0,2020100639,1018,1047,132030
202408030712,13,4,4,シャドウレディー,牝4,55.0,田口貫太,1:14.4,3/4,5-6,38.0,46.8,8.0,438.0,6.0,[西]吉岡辰弥,飯塚知一,0.0,2020102990,1208,1176,308002
202408030801,1,6,12,ノビル,牝3,55.0,和田竜二,1:13.2,,2-2,37.1,4.8,2.0,432.0,0.0,[西]鈴木孝志,ケーエスＨＤ,550.0,2021102091,1018,1111,334803
202408030801,2,1,2,ペプチドアーニャ,牝3,55.0,酒井学,1:13.7,3.1/2,3-3,37.4,14.2,7.0,414.0,4.0,[西]畑端省吾,沼川一彦,220.0,2021102732,1034,1188,500007
202408030801,3,5,10,ペレグリン,牝3,55.0,幸英明,1:13.8,クビ,1-1,37.8,3.2,1.0,426.0,0.0,[西]河嶋宏樹,中辻明,140.0,2021100906,732,1198,646030
202408030801,4,4,7,ラムテリオス,牝3,54.0,田口貫太,1:14.0,1.1/2,11-8,36.9,5.3,3.0,436.0,0.0,[西]吉村圭司,カツレーシング,83.0,2021105178,1208,1130,697031
202408030801,5,8,16,アクロスザシーズ,牝3,51.0,古川奈穂,1:14.1,1/2,9-11,37.1,7.8,5.0,430.0,2.0,[西]牧浦充徳,吉田晴哉,55.0,2021104847,1190,1113,231033
202408030801,6,8,15,ファストフライト,牝3,55.0,川須栄彦,1:14.2,1/2,3-3,37.9,17.3,8.0,476.0,6.0,[西]宮本博,那須野牧場,0.0,2021109089,1128,1073,51800
202408030801,7,2,4,エイルドゥノン,牝3,55.0,小崎綾也,1:14.5,2,6-6,37.9,80.8,10.0,420.0,2.0,[西]飯田祐史,永田博之,0.0,2021102810,1152,1139,306031
202408030801,8,4,8,マリーナサンライズ,牝3,52.0,柴田裕一,1:14.5,ハナ,14-14,36.7,245.6,13.0,412.0,-2.0,[西]浜田多実,松岡隆雄,0.0,2021103142,1212,1138,306008
202408030801,9,3,5,リオサラ,牝3,55.0,浜中俊,1:14.5,ハナ,6-7,37.9,13.8,6.0,484.0,4.0,[西]牧浦充徳,岡浩二,0.0,2021103454,1115,1113,370008
202408030801,10,1,1,キープライジング,牝3,55.0,菱田裕二,1:14.8,1.3/4,12-10,37.7,6.1,4.0,460.0,2.0,[西]緒方努,岡田牧雄,0.0,2021103550,1144,1193,851009
202408030801,11,5,9,ワンダーセイレーン,牝3,55.0,松若風馬,1:15.4,3.1/2,3-3,39.1,51.4,9.0,470.0,12.0,[西]今野貞一,山本能成,0.0,2021100223,1154,1128,184033
202408030801,12,7,14,テーオーダイヤ,牝3,52.0,吉村誠之,1:15.5,1/2,6-11,38.7,208.5,12.0,428.0,0.0,[西]梅田智之,小笹公也,0.0,2021102563,1216,1084,304008
202408030801,13,3,6,ムーンボウ,牝3,55.0,斎藤新,1:16.7,7,9-9,39.9,295.1,15.0,448.0,6.0,[西]高野友和,名古屋友豊,0.0,2021102921,1178,1117,463800
202408030801,14,2,3,サンエルガー,牝3,55.0,国分優作,1:19.1,大,12-11,42.0,256.2,14.0,492.0,6.0,[西]安達昭夫,サン,0.0,2021104298,1125,1042,66700
202408030801,15,7,13,ドスコ,牝3,54.0,小沢大仁,1:20.6,9,15-15,41.2,136.1,11.0,486.0,0.0,[西]藤野健太,大田恭充,0.0,2021109036,1185,1200,333031
202408030801,-2,6,11,ピコリーナ,牝3,55.0,団野大成,,,,,,,,,[西]杉山佳明,中辻明,0.0,2021103521,1180,1178,646030
202408030802,1,6,10,エスオーライジング,牡3,56.0,小沢大仁,1:54.7,,5-5-5-4,39.0,11.6,7.0,466.0,2.0,[西]木原一良,岡本昌市,550.0,2021102631,1185,1033,150031
202408030802,2,2,2,ブレイブハートマン,牡3,57.0,坂井瑠星,1:55.0,2,2-2-2-2,40.3,6.3,3.0,520.0,-2.0,[西]西村真幸,宮崎俊也,220.0,2021102995,1163,1148,123031
202408030802,3,8,14,メイショウアラジン,牡3,54.0,高杉吏麒,1:55.3,1.3/4,1-1-1-1,40.6,13.6,8.0,518.0,2.0,[西]石橋守,松本好隆,140.0,2021102570,1213,1140,911008
202408030802,4,6,11,カレンワッツアップ,牡3,57.0,古川吉洋,1:55.5,1,9-9-10-6,39.2,10.3,6.0,470.0,-2.0,[西]小林真也,鈴木隆司,83.0,2021104321,1015,1185,869006
202408030802,5,5,9,フローラルセント,牝3,55.0,藤岡佑介,1:55.8,2,4-4-4-3,40.3,4.7,1.0,458.0,4.0,[西]松下武士,吉田晴哉,55.0,2021104857,1093,1149,231033
202408030802,6,4,6,メイショウアラセツ,牡3,57.0,北村友一,1:56.0,3/4,7-8-5-4,40.2,6.7,4.0,520.0,-10.0,[西]飯田祐史,松本好雄,0.0,2021102836,1102,1139,523005
202408030802,7,3,4,ココケイ,牝3,55.0,国分優作,1:56.5,3,15-15-15-13,39.6,162.2,13.0,440.0,0.0,[東]矢嶋大樹,芳賀克也,0.0,2021104263,1125,1202,247030
202408030802,8,5,8,タガノフルチャンス,牡3,57.0,藤懸貴志,1:56.6,3/4,12-12-7-6,40.4,6.7,5.0,496.0,-6.0,[西]平田修,八木良司,0.0,2021107108,1138,1082,859002
202408030802,9,3,5,グランスカーレット,牡3,56.0,田口貫太,1:56.6,アタマ,7-7-7-8,40.6,5.5,2.0,516.0,6.0,[西]大久保龍,社台レースホース,0.0,2021105109,1208,1058,415800
202408030802,10,4,7,アキノサザン,牡3,57.0,岡田祥嗣,1:56.7,クビ,14-14-12-10,40.1,211.6,14.0,486.0,-6.0,[西]河嶋宏樹,徳山彰俊,0.0,2021102517,5429,1198,883033
202408030802,11,2,3,メイショウトレック,牡3,57.0,荻野琢真,1:56.7,アタマ,12-12-13-10,39.9,340.6,15.0,430.0,-6.0,[西]藤沢則雄,松本好雄,0.0,2021103355,1112,1041,523005
202408030802,12,1,1,シーグリント,牝3,51.0,古川奈穂,1:57.7,6,9-10-11-13,41.3,36.8,12.0,400.0,10.0,[西]牧浦充徳,シルクレーシング,0.0,2021105511,1190,1113,506800
202408030802,13,7,13,ブリッジワン,牝3,52.0,吉村誠之,1:57.9,1.1/4,5-5-7-9,41.9,34.8,11.0,450.0,4.0,[西]武英智,コスモ・コスモ,0.0,2021105870,1216,1161,360803
202408030802,14,8,15,キコ,牡3,57.0,和田竜二,1:58.0,クビ,9-10-13-15,41.2,29.4,10.0,520.0,0.0,[西]新谷功一,Ｇリビエール・レーシング,0.0,2021103579,1018,1172,98803
202408030802,15,7,12,ペシュブロンシュ,牡3,57.0,水口優也,2:03.7,大,2-3-3-10,48.2,21.9,9.0,502.0,0.0,[西]吉田直弘,ウエスト．フォレスト．ステイブル,0.0,2021102052,1133,1101,368803
202408030803,1,5,9,リチャードバローズ,牡3,57.0,団野大成,1:08.2,,7-5,33.9,1.6,1.0,502.0,-2.0,[西]上村洋行,猪熊広次,550.0,2021103977,1180,1168,859007
202408030803,2,6,11,ミッキージャスミン,牝3,55.0,菱田裕二,1:08.5,2,1-1,34.9,40.2,9.0,444.0,2.0,[西]音無秀孝,野田みづき,220.0,2021104096,1144,1002,441007
202408030803,3,7,13,エガオニナッテ,牝3,55.0,幸英明,1:08.8,1.1/2,11-9,34.2,5.8,2.0,434.0,-2.0,[西]高橋康之,東豊物産,140.0,2021101601,732,1135,965800
202408030803,4,8,17,シャドフ,牝3,55.0,藤岡佑介,1:08.9,1/2,15-15,33.8,24.6,7.0,450.0,2.0,[西]庄野靖志,ケイズジャパン,83.0,2021105563,1093,1087,389803
202408030803,5,5,10,プルミエプランタン,牡3,57.0,松若風馬,1:08.9,クビ,17-17,33.7,19.0,6.0,492.0,0.0,[西]音無秀孝,グリーンファーム,55.0,2021105217,1154,1002,148800
202408030803,6,4,8,カネトシショウカ,牡3,57.0,川又賢治,1:08.9,クビ,7-9,34.6,181.5,16.0,458.0,2.0,[西]寺島良,兼松昌男,0.0,2021100710,1166,1158,939006
202408030803,7,2,4,シンパティカ,牝3,55.0,古川吉洋,1:08.9,ハナ,15-15,33.9,253.2,17.0,412.0,-4.0,[西]昆貢,エラドゥーラ,0.0,2021102331,1015,1044,381803
202408030803,8,8,16,ジェリーコアコアラ,牝3,55.0,坂井瑠星,1:09.0,クビ,13-13,34.2,70.0,12.0,446.0,2.0,[西]千田輝彦,ゴドルフィン,0.0,2021101684,1163,1120,3060
202408030803,9,7,15,マクッテソフィア,牝3,55.0,小崎綾也,1:09.0,ハナ,6-3,34.9,46.9,10.0,412.0,4.0,[西]川村禎彦,東豊物産,0.0,2021101604,1152,1003,965800
202408030803,10,4,7,テキーラワルツ,牝3,54.0,小沢大仁,1:09.0,クビ,4-7,34.8,75.1,13.0,424.0,-2.0,[西]大根田裕,成田才仁,0.0,2021100718,1185,1032,211031
202408030803,11,7,14,テーオーサファイア,牝3,52.0,吉村誠之,1:09.0,ハナ,2-2,35.2,58.0,11.0,444.0,6.0,[西]宮徹,小笹公也,0.0,2021100233,1216,1018,304008
202408030803,12,3,6,メイショウロージー,牝3,52.0,柴田裕一,1:09.1,1/2,4-3,35.1,16.1,5.0,448.0,4.0,[西]石橋守,松本好雄,0.0,2021103211,1212,1140,523005
202408030803,13,1,2,プエルタセクレタ,牝3,55.0,北村友一,1:09.3,3/4,13-13,34.5,12.4,3.0,418.0,8.0,[西]野中賢二,サンデーレーシング,0.0,2021105500,1102,1098,226800
202408030803,14,6,12,ロカブルン,牝3,55.0,斎藤新,1:09.3,クビ,2-5,35.3,29.0,8.0,454.0,-6.0,[西]吉田直弘,金子真人ホールディングス,0.0,2021105810,1178,1101,708800
202408030803,15,3,5,スリータイガー,牝3,51.0,古川奈穂,1:09.3,ハナ,7-7,35.1,12.9,4.0,428.0,-4.0,[西]高橋義忠,永井商事,0.0,2021110074,1190,1129,61800
202408030803,16,2,3,セブンセコンズ,牝3,55.0,川須栄彦,1:09.3,ハナ,11-12,34.7,107.4,15.0,418.0,16.0,[西]森田直行,中村祐子,0.0,2021100135,1128,1142,373008
202408030803,17,1,1,バニッツア,牝3,54.0,田口貫太,1:09.3,ハナ,10-9,34.8,100.3,14.0,380.0,6.0,[西]牧田和弥,永田和彦,0.0,2021102165,1208,1123,875006
202408030803,18,8,18,ダイメイコスズ,牡3,57.0,藤懸貴志,1:09.5,1.1/4,18-18,33.7,345.2,18.0,466.0,-2.0,[西]森田直行,宮本孝一,0.0,2021106718,1138,1142,688006
202408030804,1,7,11,タガノヘラクレス,牡3,54.0,高杉吏麒,1:46.8,,10-10,34.2,11.5,3.0,500.0,0.0,[西]千田輝彦,八木良司,550.0,2021106544,1213,1120,859002
202408030804,2,2,2,ジーティームソウ,牡3,57.0,坂井瑠星,1:47.2,2.1/2,7-7,34.8,2.3,1.0,496.0,0.0,[西]西村真幸,田畑利彦,220.0,2021105883,1163,1148,464030
202408030804,3,6,9,ヒルノセビリア,牝3,55.0,古川吉洋,1:47.3,1/2,10-10,34.7,29.4,9.0,440.0,8.0,[西]昆貢,ヒルノ,140.0,2021103006,1015,1044,823800
202408030804,4,3,3,アイビーブリッツ,牡3,56.0,田口貫太,1:47.3,ハナ,8-9,34.8,17.7,7.0,454.0,-4.0,[西]吉村圭司,石坂茂ラボ,83.0,2021106946,1208,1130,101803
202408030804,5,4,6,エルミラージュ,セ3,57.0,団野大成,1:47.4,1/2,5-4,35.3,23.9,8.0,478.0,-2.0,[西]池江泰寿,サンデーレーシング,55.0,2021105443,1180,1071,226800
202408030804,6,1,1,ペプチドセーヌ,牝3,55.0,藤岡佑介,1:47.5,1/2,13-13,34.4,13.5,4.0,442.0,0.0,[西]武英智,沼川一彦,0.0,2021104761,1093,1161,500007
202408030804,7,3,4,エヴァンスウィート,牝3,55.0,和田竜二,1:47.6,1/2,4-4,35.5,2.6,2.0,422.0,-2.0,[西]友道康夫,佐々木主浩,0.0,2021105689,1018,1061,6030
202408030804,8,5,7,クロノネクサス,牝3,55.0,北村友一,1:47.6,ハナ,14-13,34.4,16.4,5.0,414.0,2.0,[西]斉藤崇史,サンデーレーシング,0.0,2021105505,1102,1151,226800
202408030804,9,8,14,ランブルフィッシュ,牡3,54.0,柴田裕一,1:48.3,4,2-3,36.4,164.4,12.0,448.0,6.0,[西]中竹和也,岡展宏,0.0,2021100804,1212,1039,982031
202408030804,10,8,13,バトゥーラ,牝3,55.0,国分優作,1:48.3,ハナ,8-7,35.9,63.8,11.0,420.0,0.0,[西]坂口智康,カナヤマホールディングス,0.0,2021106686,1125,1170,45803
202408030804,11,7,12,オールラウンダー,牡3,57.0,松若風馬,1:48.4,1/2,2-2,36.5,17.5,6.0,470.0,18.0,[西]宮本博,吉澤ホールディングス,0.0,2021102442,1154,1073,346803
202408030804,12,4,5,ブリックバーン,セ3,54.0,吉村誠之,1:48.6,1.1/2,5-4,36.4,53.0,10.0,472.0,8.0,[西]清水久詞,林正道,0.0,2021105495,1216,1110,675030
202408030804,13,6,10,ヤシマ,牡3,57.0,菱田裕二,1:49.0,2.1/2,12-10,36.4,193.3,13.0,504.0,-2.0,[西]藤野健太,平口信行,0.0,2021100983,1144,1200,411030
202408030804,14,5,8,ペイシャラブリー,牝3,54.0,小沢大仁,1:49.0,クビ,1-1,37.1,212.0,14.0,432.0,-2.0,[西]高橋康之,北所直人,0.0,2021104215,1185,1135,163002
202408030805,1,5,9,クーアフュルスト,牡3,54.0,吉村誠之,1:52.3,,2-2-2-1,36.9,6.5,3.0,462.0,-6.0,[東]大和田成,ケンレーシング組合,780.0,2021104949,1216,1124,26700
202408030805,2,7,13,ポッドロゴ,牡3,57.0,幸英明,1:53.2,5,11-11-3-2,37.6,3.9,2.0,466.0,-8.0,[西]西園正都,小川眞査雄,310.0,2021104873,732,1028,42033
202408030805,3,7,14,ナムラエイハブ,牡3,57.0,和田竜二,1:53.5,2,9-8-8-4,37.6,3.3,1.0,502.0,-2.0,[西]長谷川浩,奈村睦弘,200.0,2021102895,1018,1173,972002
202408030805,4,1,2,カツラノキサノキ,牡3,56.0,小沢大仁,1:54.1,3.1/2,9-8-13-9,37.8,88.5,15.0,482.0,0.0,[西]庄野靖志,桂土地,120.0,2021101461,1185,1087,311800
202408030805,5,6,11,パフ,牡3,57.0,団野大成,1:54.2,3/4,14-14-13-12,37.8,14.4,5.0,464.0,-4.0,[西]橋口慎介,ノースヒルズ,78.0,2021100292,1180,1154,788800
202408030805,6,6,12,アセレラシオン,牡3,57.0,松若風馬,1:54.2,アタマ,3-3-3-4,38.6,21.9,9.0,526.0,-6.0,[西]浜田多実,サンデーレーシング,0.0,2021106689,1154,1138,226800
202408030805,7,3,5,グランドセントラル,牡3,57.0,酒井学,1:54.3,クビ,1-1-1-2,39.1,27.0,11.0,464.0,2.0,[西]北出成人,フジワラ・ファーム,0.0,2021104422,1034,1078,616800
202408030805,8,1,1,フラッシング,牡3,56.0,田口貫太,1:54.4,3/4,4-4-9-9,38.4,19.3,7.0,476.0,0.0,[西]牧浦充徳,マークス,0.0,2021105971,1208,1113,344803
202408030805,9,2,4,エンセリオ,牝3,55.0,北村友一,1:54.6,1.1/4,14-15-16-14,37.8,93.0,16.0,434.0,0.0,[東]小笠倫弘,ノースヒルズ,0.0,2021100300,1102,1076,788800
202408030805,10,5,10,シーリュウシー,牡3,57.0,菱田裕二,1:54.6,クビ,13-13-9-11,38.3,22.0,10.0,490.0,8.0,[西]岡田稲男,一村哲也,0.0,2021106180,1144,1066,798008
202408030805,11,8,15,グランアルティスタ,牡3,54.0,高杉吏麒,1:54.7,1/2,5-4-3-4,39.1,15.3,6.0,510.0,8.0,[西]寺島良,ノルマンディーサラブレッドレーシング,0.0,2021103557,1213,1158,854800
202408030805,12,2,3,タケノシンセイ,牡3,54.0,柴田裕一,1:55.1,2,16-16-15-16,38.4,56.9,13.0,448.0,-2.0,[西]村山明,竹原孝昭,0.0,2021100376,1212,1107,680030
202408030805,13,3,6,アスクヒロイズガイ,牡3,57.0,浜中俊,1:55.1,ハナ,5-7-7-4,39.5,58.2,14.0,494.0,0.0,[西]野中賢二,廣崎利洋ＨＤ,0.0,2021104952,1115,1098,37803
202408030805,14,8,16,メイショウモモタ,牡3,57.0,藤岡佑介,1:55.3,1.1/2,8-8-3-8,39.6,51.2,12.0,470.0,-4.0,[西]高橋義忠,松本好隆,0.0,2021102568,1093,1129,911008
202408030805,15,4,7,キングオブフジ,牡3,57.0,斎藤新,1:55.5,1.1/2,12-11-12-14,39.1,21.5,8.0,486.0,0.0,[西]角田晃一,浅川慶太,0.0,2021106164,1178,1121,705031
202408030805,16,4,8,ガウラスパーク,牡3,57.0,坂井瑠星,1:55.8,1.1/2,5-4-9-13,39.6,8.6,4.0,518.0,-2.0,[西]高柳大輔,村上憲政,0.0,2021103586,1163,1159,894030
202408030806,1,7,7,ルソルティール,牝4,53.0,吉村誠之,2:02.2,,1-1-1-1,33.5,4.8,3.0,434.0,-4.0,[西]清水久詞,ノースヒルズ,800.0,2020105614,1216,1110,788800
202408030806,2,1,1,アウフヘーベン,牝4,56.0,菱田裕二,2:02.2,ハナ,4-3-4-4,32.8,1.9,1.0,458.0,6.0,[西]高橋亮,ＧＥＴＮＥＸＴ,320.0,2020105305,1144,1136,353803
202408030806,3,5,5,アスターブジエ,牡4,55.0,柴田裕一,2:02.4,1.1/4,6-5-4-4,33.0,6.9,4.0,460.0,8.0,[西]中竹和也,加藤久枝,200.0,2020103111,1212,1039,935003
202408030806,4,6,6,ムーンスカイ,牡4,57.0,田口貫太,2:02.5,3/4,2-2-2-2,33.4,34.2,6.0,446.0,6.0,[西]牧田和弥,永田和彦,120.0,2020102273,1208,1123,875006
202408030806,5,3,3,ファームツエンティ,牡4,58.0,酒井学,2:02.6,クビ,7-7-6-6,32.9,12.7,5.0,466.0,2.0,[西]北出成人,ウエストヒルズ,80.0,2020104491,1034,1078,83803
202408030806,6,4,4,オーパンバル,牝6,56.0,団野大成,2:02.8,1.1/4,3-3-3-2,33.6,3.8,2.0,458.0,4.0,[西]野中賢二,ニッシンホールディングス,0.0,2018100722,1180,1098,318803
202408030806,7,2,2,キャロルビアンカ,牝4,56.0,城戸義政,2:03.5,4,5-5-7-7,33.7,100.7,7.0,476.0,-4.0,[西]荒川義之,高昭牧場,0.0,2020100719,1147,1095,117800
202408030807,1,4,5,ディアドコス,牡4,58.0,和田竜二,1:07.4,,2-2,33.0,5.2,3.0,490.0,-8.0,[西]羽月友彦,岡田牧雄,800.0,2020105409,1018,1091,851009
202408030807,2,2,2,アエリーゾ,牝5,55.0,田口貫太,1:08.0,3.1/2,4-5,33.4,18.7,8.0,458.0,4.0,[西]庄野靖志,サンデーレーシング,320.0,2019105265,1208,1087,226800
202408030807,3,3,3,サトノプリエール,牝5,56.0,幸英明,1:08.0,クビ,7-7,33.2,3.7,2.0,474.0,4.0,[西]斉藤崇史,里見治,200.0,2019110127,732,1151,790031
202408030807,4,7,12,ソアラ,牝4,56.0,藤懸貴志,1:08.0,ハナ,1-1,33.8,117.3,13.0,492.0,10.0,[西]高橋康之,ローレルレーシング,120.0,2020105897,1138,1135,32800
202408030807,5,3,4,タガノミア,牝5,56.0,団野大成,1:08.1,1/2,12-12,32.6,3.4,1.0,460.0,-4.0,[西]河内洋,八木良司,80.0,2019100548,1180,1072,859002
202408030807,6,7,11,シグルドリーヴァ,牝5,52.0,古川奈穂,1:08.2,1/2,4-5,33.7,14.2,6.0,466.0,0.0,[西]佐々木晶,日進牧場,0.0,2019103953,1190,429,100800
202408030807,7,6,9,クラックオブドーン,セ4,58.0,北村友一,1:08.3,1,9-8,33.1,78.1,12.0,474.0,2.0,[西]藤野健太,Ｇ１レーシング,0.0,2020102646,1102,1200,808800
202408030807,8,4,6,ヴィエンヌ,牝4,53.0,高杉吏麒,1:08.4,クビ,4-3,33.9,7.2,4.0,476.0,4.0,[西]中尾秀正,杉山忠国,0.0,2020100500,1213,1069,53803
202408030807,9,1,1,ジャマン,牝5,55.0,小沢大仁,1:08.4,クビ,2-3,33.9,51.6,9.0,484.0,4.0,[西]高橋康之,奥田貴敏,0.0,2019106333,1185,1135,140031
202408030807,10,5,7,メイショウコギク,牝4,56.0,浜中俊,1:08.4,クビ,11-8,33.0,18.5,7.0,446.0,10.0,[西]石橋守,松本好雄,0.0,2020106737,1115,1140,523005
202408030807,11,6,10,ヴァルトラウテ,牝4,56.0,田中健,1:08.7,1.1/2,10-11,33.4,52.2,10.0,448.0,6.0,[西]中村直也,ノルマンディーサラブレッドレーシング,0.0,2020105892,1114,1186,854800
202408030807,12,8,14,クインズエルサ,牝4,56.0,菱田裕二,1:08.8,1/2,8-8,33.7,9.3,5.0,452.0,26.0,[西]西村真幸,ケイアイスタリオン,0.0,2020106722,1144,1148,331803
202408030807,13,5,8,ハルカナネガイ,牝5,53.0,柴田裕一,1:08.9,1/2,14-14,32.9,159.6,14.0,442.0,6.0,[西]藤沢則雄,上茶谷一,0.0,2019102062,1212,1041,218008
202408030807,14,8,13,エレアイム,牝5,53.0,吉村誠之,1:09.2,1.3/4,12-13,33.6,69.7,11.0,486.0,-4.0,[西]小椋研介,サンデーレーシング,0.0,2019105059,1216,1197,226800
202408030808,1,2,2,ノットファウンド,牝4,56.0,団野大成,1:12.4,,10-9,35.9,7.0,3.0,498.0,-2.0,[東]国枝栄,江馬由将,800.0,2020103462,1180,399,879033
202408030808,2,7,9,ヤマカツパトリシア,牝7,53.0,吉村誠之,1:12.5,1/2,8-8,36.4,13.4,6.0,476.0,24.0,[西]谷潔,山田和夫,320.0,2017104086,1216,431,169008
202408030808,3,4,4,ライズンシャイン,牝6,53.0,柴田裕一,1:12.8,2,10-11,36.1,19.8,11.0,496.0,0.0,[西]岡田稲男,下河辺牧場,200.0,2018100421,1212,1066,362800
202408030808,4,7,10,クリニエールグラス,牝5,53.0,高杉吏麒,1:13.0,3/4,2-2,37.8,15.6,9.0,454.0,10.0,[西]浜田多実,松岡隆雄,120.0,2019103978,1213,1138,306008
202408030808,5,5,6,イッツオンリーユー,牝4,56.0,幸英明,1:13.1,3/4,4-3,37.5,4.4,2.0,476.0,-8.0,[東]矢嶋大樹,Ｇ１レーシング,80.0,2020102542,732,1202,808800
202408030808,6,8,11,ルージュルミナス,牝5,55.0,田口貫太,1:13.1,ハナ,3-3,37.6,3.0,1.0,460.0,2.0,[西]平田修,東京ホースレーシング,0.0,2019105232,1208,1082,180800
202408030808,7,3,3,シゲルミライ,牝4,56.0,古川吉洋,1:13.1,ハナ,7-6,37.2,14.2,7.0,478.0,-2.0,[西]川村禎彦,關美和,0.0,2020101777,1015,1003,88034
202408030808,8,6,7,エントラップメント,牝4,55.0,小沢大仁,1:13.5,2.1/2,6-6,37.6,15.3,8.0,468.0,6.0,[西]西園翔太,ＯＵＭＡ,0.0,2020100688,1185,1196,379803
202408030808,9,6,8,ラートリー,牝5,56.0,水口優也,1:13.6,3/4,9-9,37.1,16.0,10.0,472.0,4.0,[西]小椋研介,京都ホースレーシング,0.0,2019106677,1133,1197,65803
202408030808,10,8,12,インクルードダイヤ,牝4,52.0,古川奈穂,1:13.7,1/2,1-1,38.5,12.2,4.0,458.0,0.0,[西]武英智,シルクレーシング,0.0,2020103418,1190,1161,506800
202408030808,11,1,1,ルールザウイングス,牝5,56.0,鮫島良太,1:13.8,クビ,12-11,37.0,186.7,12.0,470.0,2.0,[西]河嶋宏樹,橋本浩,0.0,2019104657,1099,1198,426031
202408030808,12,5,5,ランスオブサウンド,牝4,56.0,城戸義政,1:14.9,7,4-5,39.3,12.7,5.0,450.0,16.0,[西]奥村豊,五影慶則,0.0,2020104739,1147,1146,477006
202408030809,1,4,4,メイショウゲキリン,牡5,58.0,浜中俊,2:27.7,,2-2-2-1,33.5,1.6,1.0,520.0,0.0,[西]笹田和秀,松本好雄,1566.1,2019104092,1115,1104,523005
202408030809,2,6,6,フォーチュンコード,牝4,56.0,藤岡佑介,2:27.9,1,1-1-1-2,33.7,5.9,3.0,476.0,0.0,[西]小林真也,吉田千津,624.6,2020102883,1093,1185,310007
202408030809,3,2,2,マルカブリッツ,牡4,58.0,小沢大仁,2:28.0,3/4,3-3-3-3,33.4,3.7,2.0,474.0,0.0,[西]福永祐一,日下部猛,392.3,2020103123,1185,1203,927033
202408030809,4,5,5,タガノバルコス,牡5,58.0,斎藤新,2:28.1,1,6-6-6-5,33.1,9.0,4.0,492.0,8.0,[西]鮫島一歩,八木良司,230.0,2019100549,1178,1046,859002
202408030809,5,1,1,ダンツエスプリ,牡5,58.0,藤懸貴志,2:28.3,1,7-7-7-7,33.1,15.1,5.0,492.0,0.0,[西]本田優,山元哲二,155.0,2019106399,1138,1099,248005
202408030809,6,3,3,マケルナマサムネ,牡6,58.0,川又賢治,2:29.0,4,5-5-5-5,34.2,91.2,7.0,476.0,2.0,[西]畑端省吾,塩澤正樹,0.0,2018105814,1166,1188,915008
202408030809,7,7,7,ナムアミダブツ,牡7,58.0,菱田裕二,2:29.0,アタマ,3-3-3-3,34.5,34.3,6.0,466.0,-6.0,[西]石坂公一,仔馬カメラ,0.0,2017104681,1144,1166,32803
202408030810,1,4,6,ボーデン,セ6,55.0,団野大成,1:31.8,,13-11,33.3,54.9,12.0,490.0,-18.0,[東]上原佑紀,吉田勝己,1871.5,2018105264,1180,1192,790005
202408030810,2,6,9,リッケンバッカー,牡6,55.0,川須栄彦,1:31.8,クビ,5-5,34.1,10.7,5.0,486.0,2.0,[西]西村真幸,安原浩司,749.0,2018103590,1128,1148,271008
202408030810,3,8,13,コントラポスト,牡4,57.0,菱田裕二,1:31.8,ハナ,4-2,34.2,3.0,1.0,470.0,4.0,[東]菊沢隆徳,ライオンレースホース,464.5,2020102740,1144,1115,542800
202408030810,4,3,3,アイスグリーン,牡4,57.0,幸英明,1:32.0,1,9-7,34.0,3.3,2.0,482.0,4.0,[西]池添学,シルクレーシング,280.0,2020103354,732,1144,506800
202408030810,5,7,12,ピピオラ,牝4,52.0,田口貫太,1:32.0,ハナ,7-7,34.0,75.0,14.0,464.0,-6.0,[西]武幸四郎,ストレートレーシング,184.0,2020103450,1208,1160,204031
202408030810,6,5,8,カネフラ,牡4,55.0,小沢大仁,1:32.0,ハナ,9-9,33.9,59.6,13.0,448.0,4.0,[西]高橋康之,社台レースホース,0.0,2020103082,1185,1135,415800
202408030810,7,3,4,ソレイユヴィータ,牝4,53.0,北村友一,1:32.3,1.3/4,2-4,34.8,7.5,3.0,462.0,4.0,[西]杉山晴紀,杉山忠国,0.0,2020106338,1102,1157,53803
202408030810,8,4,5,エアミアーニ,セ6,55.0,小崎綾也,1:32.4,3/4,11-11,34.0,27.3,8.0,450.0,4.0,[西]笹田和秀,ラッキーフィールド,0.0,2018106663,1152,1104,84800
202408030810,9,2,2,モンテディオ,牡6,54.0,斎藤新,1:32.5,3/4,7-9,34.5,10.4,4.0,474.0,-2.0,[西]四位洋文,毛利元昭,0.0,2018104688,1178,1184,492031
202408030810,10,6,10,チュウワノキセキ,セ7,56.0,坂井瑠星,1:32.8,1.1/2,5-5,35.1,29.6,9.0,478.0,-2.0,[西]大久保龍,中西忍,0.0,2017105574,1163,1058,628007
202408030810,11,8,14,レッドラマンシュ,牡5,54.0,浜中俊,1:32.9,1/2,1-1,36.2,40.3,11.0,484.0,0.0,[西]庄野靖志,東京ホースレーシング,0.0,2019103920,1115,1087,180800
202408030810,12,7,11,ダノントルネード,牡4,55.0,藤岡佑介,1:33.1,1.1/2,2-2,35.7,20.2,7.0,504.0,-8.0,[西]中内田充,ダノックス,0.0,2020103413,1093,1137,619800
202408030810,-1,1,1,タイゲン,牡5,56.0,和田竜二,,,,,,,,,[西]平田修,丸山担,0.0,2019105413,1018,1082,922030
202408030810,-1,5,7,トオヤリトセイト,牡8,55.0,松若風馬,,,,,,,,,[西]松下武士,村田能光,0.0,2016105060,1154,1149,634033
202408030811,1,2,4,サンライズアムール,牡5,57.0,坂井瑠星,1:23.6,,1-1,36.1,8.2,4.0,518.0,2.0,[西]小林真也,ライフハウス,2433.6,2019101633,1163,1185,399803
202408030811,2,1,2,サンライズフレイム,牡4,58.5,藤岡佑介,1:23.7,1/2,13-12,34.7,2.4,1.0,506.0,-2.0,[西]石坂公一,ライフハウス,969.6,2020101599,1093,1166,399803
202408030811,3,8,16,アルファマム,牝5,56.0,北村友一,1:23.9,1.1/4,16-16,34.4,9.1,5.0,466.0,2.0,[西]佐々木晶,平井裕,604.8,2019103529,1102,429,686006
202408030811,4,5,10,メイショウテンスイ,牡7,56.0,古川吉洋,1:23.9,アタマ,2-2,36.3,175.5,13.0,530.0,-2.0,[西]河内洋,松本好雄,360.0,2017106084,1015,1072,523005
202408030811,5,8,15,サトノテンペスト,牡6,55.0,中井裕二,1:23.9,ハナ,13-12,35.0,34.0,9.0,494.0,0.0,[西]高橋亮,里見治,240.0,2018100388,1141,1136,790031
202408030811,6,4,7,ペースセッティング,牡4,56.0,団野大成,1:23.9,アタマ,5-5,35.9,4.3,2.0,492.0,-6.0,[西]安田翔伍,シルクレーシング,0.0,2020110007,1180,1164,506800
202408030811,7,4,8,アイオライト,牡7,59.0,菱田裕二,1:24.0,3/4,4-3,36.2,54.5,11.0,484.0,-8.0,[東]武藤善則,田頭勇貴,0.0,2017106279,1144,1064,855030
202408030811,8,6,11,ロードアウォード,セ4,56.0,幸英明,1:24.1,アタマ,3-3,36.3,5.6,3.0,458.0,-4.0,[西]吉岡辰弥,ロードホースクラブ,0.0,2020100162,732,1176,170800
202408030811,9,3,5,サヴァ,牡6,56.0,松若風馬,1:24.2,1.1/4,13-15,35.3,30.9,8.0,538.0,0.0,[西]上村洋行,藤田孟司,0.0,2018103223,1154,1168,260006
202408030811,10,6,12,エルバリオ,牡5,55.0,斎藤新,1:24.3,1/2,9-9,35.8,26.9,6.0,532.0,2.0,[西]高野友和,サンデーレーシング,0.0,2019105075,1178,1117,226800
202408030811,11,7,14,マルモリスペシャル,牡5,56.0,田口貫太,1:24.3,ハナ,5-6,36.1,36.0,10.0,548.0,6.0,[西]大橋勇樹,山下繁美,0.0,2019100252,1208,1065,970031
202408030811,12,1,1,タガノクリステル,牝5,54.0,和田竜二,1:24.4,クビ,9-9,36.0,29.4,7.0,488.0,-6.0,[西]長谷川浩,八木良司,0.0,2019100541,1018,1173,859002
202408030811,13,5,9,メイショウダジン,牡7,56.0,小沢大仁,1:24.4,ハナ,7-7,36.1,179.4,14.0,476.0,-6.0,[西]渡辺薫彦,松本好雄,0.0,2017105789,1185,1155,523005
202408030811,14,3,6,デンコウリジエール,牡7,57.0,浜中俊,1:24.7,2,11-11,36.1,224.1,15.0,478.0,0.0,[西]荒川義之,松本好雄,0.0,2017103165,1115,1095,523005
202408030811,15,2,3,ジャスパープリンス,牡9,56.0,川須栄彦,1:25.8,7,7-7,37.7,275.2,16.0,510.0,8.0,[西]森秀行,加藤和夫,0.0,2015110073,1128,427,672033
202408030811,16,7,13,サクセスローレル,牡5,55.0,酒井学,1:25.8,ハナ,11-12,37.0,86.3,12.0,524.0,0.0,[西]北出成人,タカシマ,0.0,2019102454,1034,1078,395803
202408030812,1,2,2,マーブルロック,牡4,55.0,吉村誠之,1:52.9,,1-1-1-1,37.5,12.3,7.0,506.0,4.0,[西]西園正都,下村直,1140.0,2020100960,1216,1028,90006
202408030812,2,8,13,クリノグローリー,牡4,57.0,田口貫太,1:53.3,2.1/2,5-4-5-5,37.2,4.7,1.0,472.0,-6.0,[西]谷潔,栗本博晴,460.0,2020102360,1208,431,970006
202408030812,3,5,8,ジャスパーバローズ,牡4,58.0,和田竜二,1:53.6,1.1/2,2-2-3-3,37.8,6.9,4.0,516.0,14.0,[西]清水久詞,猪熊広次,290.0,2020100665,1018,1110,859007
202408030812,4,8,14,ジルバーン,牡5,58.0,坂井瑠星,1:53.6,クビ,9-9-10-9,37.0,7.7,5.0,438.0,10.0,[西]緒方努,社台レースホース,170.0,2019104761,1163,1193,415800
202408030812,5,3,3,シンリミテス,牡5,58.0,古川吉洋,1:53.8,1,12-11-10-9,37.2,35.5,10.0,500.0,0.0,[西]大根田裕,奥裕嗣,114.0,2019106148,1015,1032,548033
202408030812,6,4,5,ウィズザドリーム,牡4,58.0,斎藤新,1:53.8,クビ,2-2-3-4,38.0,9.1,6.0,502.0,-6.0,[西]高野友和,Ｇ１レーシング,0.0,2020102575,1178,1117,808800
202408030812,7,3,4,アッチャゴーラ,牡4,58.0,小崎綾也,1:53.9,クビ,7-7-7-6,37.5,22.1,9.0,496.0,3.0,[西]村山明,吉田千津,0.0,2020102843,1152,1107,310007
202408030812,8,7,12,オラヴェリタス,牡5,54.0,古川奈穂,1:53.9,アタマ,7-7-8-6,37.4,42.2,11.0,522.0,2.0,[西]寺島良,杉山忠国,0.0,2019103584,1190,1158,53803
202408030812,9,6,10,ハイラブハンター,牡6,58.0,和田翼,1:54.2,1.3/4,14-14-14-13,37.0,247.9,14.0,498.0,2.0,[西]谷潔,服部新平,0.0,2018103195,1146,431,142006
202408030812,10,6,9,ワンダフルトゥデイ,牡5,58.0,水口優也,1:54.6,2.1/2,13-13-13-13,37.5,4.9,2.0,530.0,2.0,[西]中尾秀正,京都ホースレーシング,0.0,2019106671,1133,1069,65803
202408030812,11,5,7,サパテアール,セ5,58.0,幸英明,1:54.6,クビ,5-6-8-9,38.1,15.6,8.0,504.0,-6.0,[東]畠山吉宏,ビッグレッドファーム,0.0,2019102514,732,1048,716800
202408030812,12,4,6,レディーシス,牝5,56.0,松若風馬,1:54.9,2,10-9-2-2,39.3,90.4,12.0,428.0,4.0,[西]小崎憲,谷和光彦,0.0,2019106868,1154,1085,838008
202408030812,13,7,11,フロンタルクリス,牡6,58.0,酒井学,1:55.1,3/4,11-11-10-9,38.4,142.8,13.0,504.0,6.0,[東]伊坂重信,高橋正雄,0.0,2018104517,1034,1177,665033
202408030812,14,1,1,クリオミニーズ,牡5,58.0,北村友一,1:57.7,大,4-4-6-6,41.5,5.3,3.0,492.0,2.0,[西]西園翔太,サンデーレーシング,0.0,2019105171,1102,1196,226800
202408030901,1,2,3,コーラルハート,牝3,55.0,岩田望来,1:54.1,,2-2-2-2,38.5,3.1,2.0,500.0,14.0,[西]小林真也,下河辺牧場,550.0,2021101426,1174,1185,362800
202408030901,2,3,5,ラヴベイ,牝3,54.0,田口貫太,1:54.9,5,1-1-1-1,39.6,56.8,10.0,398.0,-4.0,[西]四位洋文,ローレルレーシング,220.0,2021106969,1208,1184,32800
202408030901,3,4,7,ダンツドール,牝3,55.0,藤岡佑介,1:55.0,1/2,9-9-10-10,38.7,14.2,6.0,454.0,-2.0,[西]四位洋文,山元哲二,140.0,2021100112,1093,1184,248005
202408030901,4,5,10,アルピニスト,牝3,55.0,団野大成,1:55.2,1.1/4,11-12-12-11,38.7,6.5,3.0,462.0,12.0,[西]杉山佳明,キーウエスト,83.0,2021106296,1180,1178,310803
202408030901,5,7,14,ラスク,牝3,55.0,鮫島克駿,1:55.4,1,7-7-8-7,39.1,33.8,8.0,462.0,8.0,[西]中村直也,土田重実,55.0,2021100280,1157,1186,331033
202408030901,6,2,4,ダイシンカーリー,牝3,55.0,和田竜二,1:55.5,3/4,3-3-3-3,39.8,100.9,12.0,432.0,1.0,[西]吉田直弘,大八木信行,0.0,2021101838,1018,1101,929002
202408030901,7,1,2,アップルハウス,牝3,55.0,川又賢治,1:55.8,1.1/2,6-5-5-5,39.8,104.8,13.0,440.0,-4.0,[西]牧田和弥,薪浦亨,0.0,2021106911,1166,1123,768006
202408030901,8,6,12,ベルダイナフェロー,牝3,55.0,池添謙一,1:56.2,2.1/2,3-3-3-3,40.5,7.5,4.0,492.0,0.0,[西]須貝尚介,宮崎俊也,0.0,2021102982,1032,1105,123031
202408030901,9,3,6,テーオーエメラルド,牝3,55.0,岩田康誠,1:56.5,1.3/4,16-16-16-14,39.0,36.4,9.0,482.0,0.0,[西]上村洋行,小笹公也,0.0,2021102234,5203,1168,304008
202408030901,10,6,11,フィールアライヴ,牝3,55.0,太宰啓介,1:56.8,1.3/4,9-9-8-7,40.4,370.0,15.0,422.0,4.0,[西]高橋亮,吉田晴哉,0.0,2021104775,1037,1136,231033
202408030901,11,8,15,シャローム,牝3,55.0,松山弘平,1:56.9,1/2,11-11-5-5,40.9,13.6,5.0,464.0,6.0,[西]茶木太樹,飯田正剛,0.0,2021104141,1126,1181,994002
202408030901,12,8,16,スナークサファイア,牝3,55.0,高倉稜,1:57.1,1.1/2,8-8-10-11,40.6,71.0,11.0,480.0,12.0,[西]川村禎彦,杉本豊,0.0,2021106176,1130,1003,478030
202408030901,13,5,9,アムールベル,牝3,52.0,吉村誠之,1:57.2,1/2,11-14-13-14,40.3,226.2,14.0,452.0,4.0,[西]荒川義之,ＧＥＴＮＥＸＴ,0.0,2021106311,1216,1095,353803
202408030901,14,4,8,サンダーストライク,牝3,55.0,荻野琢真,1:58.1,5,15-15-15-16,40.9,18.9,7.0,440.0,0.0,[西]大久保龍,大樹ファーム,0.0,2021103164,1112,1058,536800
202408030901,15,1,1,ペイシャグレイス,牝3,55.0,国分優作,1:58.5,2.1/2,11-12-13-13,41.7,439.4,16.0,432.0,-12.0,[西]坂口智康,北所直人,0.0,2021102308,1125,1170,163002
202408030901,16,7,13,エポペア,牝3,55.0,川田将雅,1:59.1,3.1/2,5-5-5-7,43.0,2.9,1.0,502.0,6.0,[西]中内田充,ゴドルフィン,0.0,2021101672,1088,1137,3060
202408030902,1,5,9,アメリカンマーチ,牡3,57.0,岩田望来,1:12.6,,1-1,36.9,6.1,3.0,480.0,2.0,[西]池江泰寿,吉澤ホールディングス,550.0,2021110136,1174,1071,346803
202408030902,2,1,1,カフジニホニウム,牡3,53.0,古川奈穂,1:13.3,4,4-4,37.3,10.1,5.0,478.0,-2.0,[西]矢作芳人,加藤守,220.0,2021110098,1190,1075,19004
202408030902,3,7,13,デュアル,牡3,57.0,藤岡佑介,1:13.6,1.3/4,3-2,37.6,6.1,4.0,488.0,0.0,[西]野中賢二,カナヤマホールディングス,140.0,2021104063,1093,1098,45803
202408030902,4,6,11,ウィップスティッチ,牝3,55.0,和田竜二,1:13.7,クビ,4-4,37.5,15.8,7.0,480.0,4.0,[西]庄野靖志,社台レースホース,83.0,2021105253,1018,1087,415800
202408030902,5,2,3,リュウノシンクウハ,牡3,57.0,松若風馬,1:14.1,2.1/2,8-7,37.6,24.2,8.0,490.0,0.0,[西]牧田和弥,二口雅一,55.0,2021102906,1154,1123,952033
202408030902,6,3,6,ミリオンタイムズ,牝3,55.0,川須栄彦,1:14.1,ハナ,2-2,38.3,13.7,6.0,448.0,2.0,[西]小椋研介,中村祐子,0.0,2021100142,1128,1197,373008
202408030902,7,4,8,サンネリネ,牝3,55.0,古川吉洋,1:14.9,5,12-9,38.0,392.9,14.0,452.0,4.0,[西]畑端省吾,加藤ステーブル,0.0,2021101298,1015,1188,59803
202408030902,8,3,5,ヤマニンブライトン,牡3,57.0,田中健,1:15.3,2.1/2,4-6,39.2,337.3,13.0,480.0,2.0,[西]中村直也,土井肇,0.0,2021106593,1114,1186,329004
202408030902,9,5,10,オーシンピーチ,牝3,55.0,幸英明,1:15.4,クビ,8-7,38.9,58.0,9.0,448.0,4.0,[西]宮徹,大田慎治,0.0,2021102545,732,1018,518031
202408030902,10,4,7,エクセレンアーサー,牡3,57.0,坂井瑠星,1:15.4,ハナ,14-12,38.4,4.3,2.0,476.0,-4.0,[西]武英智,中野秀樹,0.0,2021107236,1163,1161,747033
202408030902,11,8,16,ショウナンマンテン,牝3,55.0,団野大成,1:15.4,クビ,7-9,38.9,186.9,11.0,418.0,14.0,[西]茶木太樹,国本哲秀,0.0,2021104240,1180,1181,331002
202408030902,12,8,15,アリーエテルネ,牝3,55.0,高倉稜,1:15.5,クビ,16-16,37.6,238.1,12.0,426.0,2.0,[西]田中克典,広尾レース,0.0,2021103687,1130,1180,553800
202408030902,13,6,12,エコロネオ,牡3,57.0,川田将雅,1:15.5,アタマ,10-13,38.5,2.7,1.0,468.0,2.0,[西]森秀行,原村正紀,0.0,2021110131,1088,427,783033
202408030902,14,2,4,イモータルウインド,牡3,54.0,高杉吏麒,1:15.6,1/2,10-9,38.9,89.4,10.0,422.0,-18.0,[西]羽月友彦,ノルマンディーサラブレッドレーシング,0.0,2021103664,1213,1091,854800
202408030902,15,7,14,アルテミーナ,牝3,54.0,泉谷楓真,1:15.8,1.1/4,12-13,38.7,453.6,15.0,486.0,-6.0,[西]村山明,内田滋三,0.0,2021104475,1182,1107,216005
202408030902,16,1,2,ノボリサクラ,牝3,55.0,菱田裕二,1:15.8,クビ,15-15,38.2,535.6,16.0,408.0,-2.0,[西]河内洋,原田豊,0.0,2021103071,1144,1072,945006
202408030903,1,1,2,マテンロウブラボー,牡3,57.0,岩田望来,1:54.5,,1-1-1-1,38.1,13.7,6.0,504.0,10.0,[西]野中賢二,寺田千代乃,550.0,2021101422,1174,1098,534006
202408030903,2,4,8,ティンティンデオ,牡3,57.0,鮫島克駿,1:54.7,1,7-6-4-3,38.0,150.2,11.0,476.0,-10.0,[西]小崎憲,風早信昭,220.0,2021104302,1157,1085,784033
202408030903,3,6,12,オルドヴァイ,牡3,57.0,川田将雅,1:55.0,1.3/4,11-9-6-5,38.2,2.7,1.0,446.0,-8.0,[西]中内田充,社台レースホース,140.0,2021104968,1088,1137,415800
202408030903,4,3,6,モズユイユイ,牡3,54.0,吉村誠之,1:55.1,3/4,10-9-8-6,38.2,3.5,2.0,474.0,-6.0,[西]清水久詞,キャピタル・システム,83.0,2021106702,1216,1110,5803
202408030903,5,7,14,ヘニーズネフュー,牡3,57.0,西村淳也,1:55.2,1,13-13-10-9,38.1,5.2,3.0,468.0,2.0,[西]橋口慎介,大冨智弘,55.0,2021106566,1171,1154,73803
202408030903,6,1,1,テトラード,牡3,57.0,団野大成,1:55.4,1.1/4,7-9-12-12,38.0,9.7,5.0,458.0,2.0,[西]坂口智康,Ｇ１レーシング,0.0,2021104999,1180,1170,808800
202408030903,7,3,5,ウイントールキン,牡3,57.0,和田竜二,1:55.8,2.1/2,4-3-3-3,39.1,41.9,9.0,484.0,-2.0,[西]西園正都,ウイン,0.0,2021101525,1018,1028,494800
202408030903,8,4,7,ロイドバローズ,牡3,57.0,松若風馬,1:56.1,2,15-15-15-14,38.3,287.4,14.0,464.0,-8.0,[西]渡辺薫彦,猪熊広次,0.0,2021101479,1154,1155,859007
202408030903,9,5,9,ケイアイアンタレス,牡3,57.0,藤懸貴志,1:56.2,クビ,3-5-12-12,38.9,60.4,10.0,438.0,0.0,[西]平田修,ケイアイスタリオン,0.0,2021106565,1138,1082,331803
202408030903,10,5,10,ボックスオフィス,牡3,57.0,川又賢治,1:56.7,3.1/2,4-3-6-8,39.8,40.2,8.0,510.0,-2.0,[西]吉村圭司,ゴドルフィン,0.0,2021101691,1166,1130,3060
202408030903,11,8,16,ランドシュール,牡3,57.0,幸英明,1:57.5,5,14-14-8-6,40.4,293.0,15.0,472.0,-2.0,[西]安達昭夫,木村昌三,0.0,2021102660,732,1042,862009
202408030903,12,2,3,オメガサミット,牡3,57.0,坂井瑠星,1:57.9,2.1/2,11-12-10-9,40.8,27.3,7.0,466.0,-2.0,[西]今野貞一,原禮子,0.0,2021105218,1163,1128,8803
202408030903,13,6,11,サイモンクレスト,牡3,57.0,川須栄彦,1:57.9,アタマ,16-16-16-15,39.8,509.0,16.0,456.0,0.0,[西]梅田智之,澤田昭紀,0.0,2021104123,1128,1084,132030
202408030903,14,8,15,ハセノビーバー,牡3,57.0,斎藤新,1:58.2,2,2-2-2-2,41.7,242.7,13.0,474.0,10.0,[西]小栗実,三木正浩,0.0,2021101389,1178,1194,195031
202408030903,15,2,4,メードス,牡3,57.0,岩田康誠,1:59.8,10,6-7-14-15,42.0,8.5,4.0,496.0,0.0,[西]上村洋行,Ｇ１レーシング,0.0,2021104792,5203,1168,808800
202408030903,16,7,13,キセキヒカル,牡3,57.0,菱田裕二,2:00.2,2.1/2,7-7-4-9,43.3,212.2,12.0,488.0,-4.0,[西]河内洋,伊藤篤,0.0,2021105950,1144,1072,436031
202408030904,1,7,15,ビダーヤ,牡3,57.0,坂井瑠星,1:20.4,,2-2,34.6,6.0,3.0,492.0,-2.0,[西]矢作芳人,ＤＭＭドリームクラブ,550.0,2021105537,1163,1075,26803
202408030904,2,2,3,スウィートリワード,牝3,55.0,武豊,1:20.6,1,4-4,34.5,25.4,9.0,452.0,12.0,[西]宮本博,重野心平,220.0,2021100415,666,1073,973031
202408030904,3,3,5,レッドエヴァンス,牡3,57.0,川田将雅,1:20.6,アタマ,10-9,34.1,3.8,2.0,484.0,0.0,[西]音無秀孝,東京ホースレーシング,140.0,2021105880,1088,1002,180800
202408030904,4,5,9,ダノンアルム,牝3,55.0,松山弘平,1:20.6,クビ,10-9,34.0,2.5,1.0,454.0,4.0,[西]佐々木晶,ダノックス,83.0,2021105567,1126,429,619800
202408030904,5,7,13,トウカイエルデ,牡3,57.0,Ｍ．デム,1:20.7,クビ,7-6,34.3,9.8,4.0,452.0,2.0,[西]茶木太樹,内村正則,55.0,2021100365,5212,1181,695004
202408030904,6,1,1,ヴァシロペス,セ3,57.0,酒井学,1:21.1,2.1/2,7-6,34.8,29.0,10.0,458.0,4.0,[西]緒方努,ヒダカ・ブリーダーズ・ユニオン,0.0,2021103903,1034,1193,547800
202408030904,7,1,2,アリーバ,牝3,55.0,菱田裕二,1:21.1,ハナ,15-14,34.3,22.4,8.0,430.0,4.0,[西]田中克典,リーヴァ,0.0,2021105390,1144,1180,781800
202408030904,8,8,18,バラン,牝3,55.0,松若風馬,1:21.2,1/2,4-4,35.1,126.1,15.0,420.0,-4.0,[西]中竹和也,前田葉子,0.0,2021110089,1154,1039,245030
202408030904,9,8,17,ロビンバローズ,牝3,55.0,和田竜二,1:21.3,クビ,3-3,35.4,88.7,13.0,398.0,4.0,[西]渡辺薫彦,猪熊広次,0.0,2021103249,1018,1155,859007
202408030904,10,4,7,シュトローム,牡3,57.0,幸英明,1:21.4,3/4,15-14,34.6,22.1,7.0,448.0,2.0,[西]石橋守,カナヤマホールディングス,0.0,2021101284,732,1140,45803
202408030904,11,4,8,サウンドガネーシャ,牡3,56.0,田口貫太,1:21.5,1/2,17-16,34.3,102.5,14.0,498.0,0.0,[西]安達昭夫,増田雄一,0.0,2021110145,1208,1042,168006
202408030904,12,7,14,シュラハト,牡3,53.0,古川奈穂,1:21.5,クビ,12-9,34.9,277.8,16.0,496.0,-10.0,[西]石坂公一,東豊物産,0.0,2021102507,1190,1166,965800
202408030904,13,6,12,ルージュリリカル,牝3,55.0,西村淳也,1:21.6,クビ,7-9,35.1,19.2,5.0,414.0,0.0,[西]杉山晴紀,東京ホースレーシング,0.0,2021101455,1171,1157,180800
202408030904,14,6,11,カネトシテミス,牝3,55.0,古川吉洋,1:21.8,1.1/2,17-16,34.6,312.3,17.0,420.0,14.0,[西]大根田裕,兼松昌男,0.0,2021106333,1015,1032,939006
202408030904,15,8,16,クイーンカナロア,牝3,52.0,高杉吏麒,1:21.9,1/2,12-9,35.3,47.4,11.0,432.0,-4.0,[西]藤岡健一,張月勝,0.0,2021101528,1213,1062,15060
202408030904,16,2,4,レオナルドスター,牡3,57.0,藤岡佑介,1:22.0,クビ,1-1,36.2,21.1,6.0,458.0,-4.0,[西]長谷川浩,増田和啓,0.0,2021104806,1093,1173,345033
202408030904,17,3,6,オールドマイン,牡3,57.0,鮫島克駿,1:22.2,1.1/2,6-6,36.0,70.1,12.0,496.0,-4.0,[西]池江泰寿,吉田和美,0.0,2021110129,1157,1071,138007
202408030904,18,5,10,ゼットホウライ,牡3,54.0,吉村誠之,1:24.4,大,14-18,37.4,366.9,18.0,468.0,-14.0,[西]吉田直弘,フォーレスト,0.0,2021100201,1216,1101,730800
202408030905,1,5,8,スターリングアップ,牝3,55.0,池添謙一,2:00.4,,8-8-8-8,33.7,4.0,2.0,434.0,2.0,[西]松永幹夫,社台レースホース,550.0,2021105102,1032,1092,415800
202408030905,2,6,9,ファミリーツリー,牝3,55.0,鮫島克駿,2:00.5,1/2,4-5-5-4,34.1,135.9,12.0,442.0,-2.0,[西]河嶋宏樹,ノースヒルズ,220.0,2021106642,1157,1198,788800
202408030905,3,8,14,シルキーガール,牝3,55.0,岩田康誠,2:00.6,1/2,10-10-8-8,33.9,2.9,1.0,454.0,0.0,[西]上村洋行,辻子依旦,140.0,2021102231,5203,1168,484031
202408030905,4,1,1,スズカミエール,牝3,55.0,和田竜二,2:00.6,クビ,6-6-6-7,34.1,10.7,5.0,468.0,-2.0,[西]吉村圭司,永井啓弍,83.0,2021102988,1018,1130,382004
202408030905,5,4,5,ランスオブプライム,牝3,55.0,松山弘平,2:00.7,クビ,1-1-1-1,34.7,6.8,4.0,458.0,-2.0,[西]奥村豊,五影隆則,55.0,2021104426,1126,1146,968006
202408030905,6,6,10,エールデュヴァン,牝3,55.0,藤岡佑介,2:00.9,1.1/4,6-6-6-6,34.4,27.9,8.0,426.0,4.0,[西]橋口慎介,佐伯由加理,0.0,2021104750,1093,1154,934033
202408030905,7,5,7,エイユーキュート,牝3,55.0,幸英明,2:00.9,ハナ,2-2-2-2,34.8,12.7,6.0,446.0,6.0,[西]森田直行,笹部義則,0.0,2021105960,732,1142,529002
202408030905,8,7,12,エイカイゴールド,牝3,52.0,高杉吏麒,2:00.9,クビ,10-12-11-11,33.9,61.9,11.0,412.0,6.0,[西]梅田智之,二木英実,0.0,2021102354,1213,1084,352031
202408030905,9,4,6,ヴェストリア,牝3,55.0,岩田望来,2:01.3,2.1/2,14-14-14-13,33.9,5.9,3.0,416.0,0.0,[西]友道康夫,佐々木主浩,0.0,2021105426,1174,1061,6030
202408030905,10,8,13,パステルツェ,牝3,55.0,斎藤新,2:01.4,クビ,13-13-12-11,34.4,20.3,7.0,444.0,2.0,[西]清水久詞,キャロットファーム,0.0,2021105512,1178,1110,486800
202408030905,11,2,2,グディンナ,牝3,55.0,Ｍ．デム,2:01.4,クビ,4-3-3-4,35.1,34.0,10.0,408.0,2.0,[西]牧田和弥,永田和彦,0.0,2021102162,5212,1123,875006
202408030905,12,3,3,アリストロシュ,牝3,52.0,吉村誠之,2:01.4,クビ,8-8-8-10,34.7,158.3,13.0,434.0,-2.0,[西]佐々木晶,京都ホースレーシング,0.0,2021102341,1216,429,65803
202408030905,13,7,11,リノラナキラ,牝3,54.0,田口貫太,2:01.4,ハナ,2-3-3-3,35.1,30.0,9.0,464.0,-4.0,[西]谷潔,松岡雅昭,0.0,2021101025,1208,431,279009
202408030905,14,3,4,ソウルノット,牝3,51.0,古川奈穂,2:02.1,4,10-10-12-13,35.0,271.5,14.0,374.0,6.0,[西]辻野泰之,大樹ファーム,0.0,2021103167,1190,1183,536800
202408030906,1,2,2,アレ,牡3,57.0,川田将雅,1:24.4,,9-8,36.5,4.6,3.0,504.0,4.0,[西]中内田充,寺田秀樹,780.0,2021103287,1088,1137,753030
202408030906,2,8,14,カズゴルティス,牡3,57.0,和田竜二,1:24.4,クビ,2-2,37.3,5.7,4.0,502.0,4.0,[西]杉山晴紀,吉田和美,310.0,2021105608,1018,1157,138007
202408030906,3,2,3,メイショウミシガン,牡3,57.0,酒井学,1:24.7,2,4-4,37.5,9.6,5.0,460.0,-4.0,[西]鮫島一歩,松本好雄,200.0,2021105328,1034,1046,523005
202408030906,4,8,15,ヒルノドゴール,牡3,57.0,武豊,1:25.0,2,6-5,37.4,2.5,1.0,500.0,-2.0,[西]北出成人,ヒルノ,120.0,2021103786,666,1078,823800
202408030906,5,5,8,モズナイスバディー,牡3,57.0,Ｍ．デム,1:25.2,1,14-13,36.5,160.1,12.0,484.0,-2.0,[西]飯田祐史,キャピタル・システム,78.0,2021102845,5212,1139,5803
202408030906,6,4,6,チアフルヴォイス,牝3,55.0,藤岡佑介,1:25.4,1.1/4,6-6,37.9,145.7,11.0,450.0,0.0,[西]坂口智康,ゴドルフィン,0.0,2021101634,1093,1170,3060
202408030906,7,5,9,ポマール,牝3,55.0,西村淳也,1:25.6,1.1/4,11-11,37.5,139.2,10.0,436.0,-4.0,[西]小栗実,フォレストレーシング,0.0,2021105972,1171,1194,350031
202408030906,8,3,5,ストレングス,牡3,57.0,松山弘平,1:25.8,1.1/4,10-9,37.8,4.5,2.0,470.0,4.0,[西]寺島良,ノースヒルズ,0.0,2021106658,1126,1158,788800
202408030906,9,7,12,カネトシゴウト,牡3,57.0,菱田裕二,1:26.0,1.1/4,2-1,39.0,75.4,9.0,452.0,-10.0,[西]大橋勇樹,兼松昌男,0.0,2021100709,1144,1065,939006
202408030906,10,3,4,ブループリマドンナ,牝3,52.0,高杉吏麒,1:26.4,2,6-9,38.9,177.3,13.0,454.0,0.0,[西]小林真也,高昭牧場,0.0,2021100703,1213,1185,117800
202408030906,11,1,1,ベント,セ3,57.0,松若風馬,1:26.4,ハナ,15-15,37.1,377.1,14.0,426.0,2.0,[西]小崎憲,ケーエスＨＤ,0.0,2021104504,1154,1085,334803
202408030906,12,4,7,ゴールドサーベル,牡3,57.0,岩田望来,1:26.5,1/2,11-12,38.4,25.4,6.0,468.0,-2.0,[西]大久保龍,インゼルレーシング,0.0,2021105039,1174,1058,356803
202408030906,13,7,13,ハクサンツキミテイ,牡3,54.0,吉村誠之,1:26.5,ハナ,4-7,39.1,529.0,15.0,458.0,8.0,[西]小崎憲,河崎五市,0.0,2021104564,1216,1085,841030
202408030906,14,6,10,タイセイミニスター,牡3,56.0,田口貫太,1:26.8,2,13-14,38.1,43.4,8.0,472.0,-4.0,[西]大橋勇樹,田中成奉,0.0,2021104197,1208,1065,224007
202408030906,15,6,11,レアンダー,牡3,57.0,幸英明,1:27.4,3.1/2,1-2,40.5,29.3,7.0,460.0,-12.0,[西]大根田裕,奥裕嗣,0.0,2021100836,732,1032,548033
202408030907,1,3,3,リッチブラック,牡5,58.0,西村淳也,2:24.0,,2-2-2-2,35.4,9.0,6.0,470.0,0.0,[西]西村真幸,辻助,800.0,2019103816,1171,1148,601031
202408030907,2,1,1,ノートルプロメス,牡5,58.0,坂井瑠星,2:24.0,ハナ,11-12-9-8,34.7,5.9,3.0,500.0,-2.0,[西]四位洋文,西村有人,320.0,2019106866,1163,1184,339034
202408030907,3,7,10,ディアマイサン,牡4,58.0,和田竜二,2:24.3,1.1/2,6-6-4-5,35.3,42.3,11.0,526.0,-6.0,[西]松下武士,吉田晴哉,200.0,2020102570,1018,1149,231033
202408030907,4,5,5,ヴァンデスト,牝5,55.0,田口貫太,2:24.3,ハナ,8-8-10-10,34.8,11.3,7.0,418.0,0.0,[西]藤沢則雄,酒井孝敏,120.0,2019100740,1208,1041,714031
202408030907,5,7,9,ウインリュクス,牝4,53.0,吉村誠之,2:24.3,ハナ,11-11-10-10,34.8,86.4,12.0,424.0,0.0,[西]吉田直弘,ウイン,80.0,2020105189,1216,1101,494800
202408030907,6,6,8,セルケト,牝5,56.0,Ｍ．デム,2:24.3,クビ,4-4-4-3,35.3,15.1,8.0,498.0,6.0,[西]藤野健太,吉田勝己,0.0,2019105272,5212,1200,790005
202408030907,7,6,7,ペネトレイトゴー,セ4,58.0,岩田康誠,2:24.4,クビ,10-10-7-8,35.2,4.2,1.0,436.0,2.0,[西]森秀行,大八木信行,0.0,2020101916,5203,427,929002
202408030907,8,2,2,ダノンクロム,牡4,58.0,松若風馬,2:24.8,2.1/2,3-3-3-3,36.1,8.4,5.0,510.0,4.0,[西]音無秀孝,ダノックス,0.0,2020102675,1154,1002,619800
202408030907,9,5,6,カズキ,牡4,55.0,高杉吏麒,2:24.9,1/2,9-9-10-10,35.4,15.5,9.0,444.0,6.0,[西]梅田智之,大石秀夫,0.0,2020102340,1213,1084,374009
202408030907,10,8,11,プルサティーラ,牝5,56.0,団野大成,2:25.5,3.1/2,6-6-7-6,36.2,6.3,4.0,456.0,6.0,[西]斉藤崇史,サンデーレーシング,0.0,2019105128,1180,1151,226800
202408030907,11,8,12,ラバタンシン,牡4,58.0,岩田望来,2:25.8,1.3/4,1-1-1-1,37.2,5.7,2.0,494.0,-4.0,[西]寺島良,社台レースホース,0.0,2020102941,1174,1158,415800
202408030907,12,4,4,アットアブラスト,牡4,58.0,幸英明,2:26.0,1.1/2,5-4-4-6,37.1,33.4,10.0,460.0,0.0,[西]小椋研介,岡田牧雄,0.0,2020101323,732,1197,851009
202408030908,1,3,3,タッチャブル,牡4,58.0,団野大成,2:01.1,,7-6-7-7,37.2,2.1,1.0,512.0,-2.0,[西]中村直也,大塚亮一,800.0,2020105670,1180,1186,858800
202408030908,2,1,1,ハギノカノア,牡4,58.0,斎藤新,2:01.4,1.1/2,10-10-10-10,36.9,16.8,6.0,482.0,-10.0,[西]鮫島一歩,安岡美津子,320.0,2020100978,1178,1046,631006
202408030908,3,8,10,ヒルノデプラーツ,牡5,58.0,和田竜二,2:01.4,アタマ,4-3-3-3,37.8,9.8,5.0,488.0,0.0,[西]北出成人,ヒルノ,200.0,2019106573,1018,1078,823800
202408030908,4,8,9,マサハヤウォルズ,牡4,58.0,松若風馬,2:01.5,3/4,2-2-2-2,38.0,6.1,4.0,464.0,-6.0,[西]今野貞一,ドリーム＆Ｄｒｅａｍ,120.0,2020103045,1154,1128,135803
202408030908,5,6,6,イエスウィズキャン,牡4,57.0,田口貫太,2:01.6,1/2,7-6-6-5,37.7,33.6,7.0,536.0,0.0,[西]羽月友彦,吉岡泰治,80.0,2020100472,1208,1091,265005
202408030908,6,7,8,セレクティオ,牡4,58.0,酒井学,2:01.6,ハナ,5-6-8-8,37.5,35.8,8.0,480.0,-2.0,[西]橋口慎介,大冨智弘,0.0,2020100987,1034,1154,73803
202408030908,7,4,4,レジェンドシップ,牡4,58.0,Ｍ．デム,2:01.7,アタマ,1-1-1-1,38.3,5.2,3.0,444.0,-2.0,[西]奥村豊,ＤＭＭドリームクラブ,0.0,2020103910,5212,1146,26803
202408030908,8,7,7,コトブキヘスペラス,牡4,58.0,菱田裕二,2:01.8,3/4,9-9-8-8,37.7,83.5,10.0,454.0,-4.0,[東]金成貴史,尾上松壽,0.0,2020100209,1144,1132,566006
202408030908,9,2,2,モズバンディット,牡4,58.0,幸英明,2:02.4,3.1/2,5-4-4-4,38.7,5.1,2.0,456.0,0.0,[西]中尾秀正,キャピタル・システム,0.0,2020101268,732,1069,5803
202408030908,10,5,5,ルージュメアリー,牝4,56.0,国分優作,2:04.0,10,2-4-4-5,40.4,70.4,9.0,494.0,8.0,[西]緒方努,東京ホースレーシング,0.0,2020102985,1125,1193,180800
202408030909,1,5,7,スマートワイス,牡3,57.0,武豊,1:32.9,,3-2,33.6,2.9,2.0,478.0,2.0,[西]大久保龍,大川徹,1102.2,2021105618,666,1058,7803
202408030909,2,4,5,アルトゥーム,牡3,57.0,藤岡佑介,1:33.0,1/2,2-2,33.9,2.0,1.0,422.0,-2.0,[西]藤岡健一,サンデーレーシング,439.2,2021105746,1093,1062,226800
202408030909,3,4,6,ショウナンラウール,牝3,55.0,田口貫太,1:33.2,1.1/2,5-5,33.8,29.9,8.0,418.0,2.0,[西]高橋義忠,国本哲秀,274.6,2021104242,1208,1129,331002
202408030909,4,6,10,デルシエロ,牡3,57.0,岩田望来,1:33.3,クビ,8-7,33.6,31.8,9.0,408.0,0.0,[西]清水久詞,白石明日香,160.0,2021103520,1174,1110,277031
202408030909,5,3,4,リラボニート,牝3,55.0,浜中俊,1:33.3,クビ,3-4,34.0,16.2,5.0,458.0,-2.0,[西]須貝尚介,Ｇリビエール・レーシング,107.0,2021103519,1115,1105,98803
202408030909,6,8,13,ビーグラッド,牝3,55.0,西村淳也,1:33.5,1.1/4,1-1,34.7,12.0,3.0,436.0,-6.0,[西]岡田稲男,インゼルレーシング,0.0,2021100683,1171,1066,356803
202408030909,7,2,2,カエルム,牡3,57.0,斎藤新,1:33.5,ハナ,10-10,33.4,23.1,7.0,476.0,0.0,[西]安田翔伍,金子真人ホールディングス,0.0,2021105160,1178,1164,708800
202408030909,8,7,12,レディントン,牡3,57.0,松若風馬,1:33.5,ハナ,10-10,33.5,14.8,4.0,480.0,6.0,[西]杉山晴紀,長谷川祐司,0.0,2021105926,1154,1157,196031
202408030909,9,5,8,サトノエンパイア,牡3,57.0,坂井瑠星,1:34.1,3.1/2,6-5,34.6,40.3,10.0,412.0,-24.0,[西]藤原英昭,里見治,0.0,2021105528,1163,1055,790031
202408030909,10,6,9,ラウダブル,牡3,57.0,松山弘平,1:34.1,アタマ,8-9,34.4,49.7,11.0,510.0,0.0,[西]池江泰寿,Ｇ１レーシング,0.0,2021104752,1126,1071,808800
202408030909,11,3,3,オベイユアマスター,牡3,57.0,古川吉洋,1:34.1,ハナ,7-7,34.5,119.0,12.0,450.0,-2.0,[西]昆貢,赤阪治恒,0.0,2021102952,1015,1044,851031
202408030909,12,8,14,クリノスピネル,牝3,55.0,和田竜二,1:34.6,3,12-12,34.3,251.0,13.0,452.0,2.0,[西]川村禎彦,栗本博晴,0.0,2021105176,1018,1003,970006
202408030909,-1,1,1,メティエダール,牝3,55.0,鮫島克駿,,,,,,,,,[西]松永幹夫,ノースヒルズ,0.0,2021110072,1157,1092,788800
202408030909,-2,7,11,モアニ,牝3,55.0,団野大成,,,,,,,,,[西]高橋康之,佐藤理,0.0,2021103449,1180,1135,380033
202408030910,1,2,2,マイネルエニグマ,牡6,55.0,和田竜二,1:44.6,,4-4,33.7,14.0,7.0,462.0,0.0,[西]吉田直弘,サラブレッドクラブ・ラフィアン,1569.6,2018102178,1018,1101,546800
202408030910,2,6,6,ロードマンハイム,牡4,56.0,坂井瑠星,1:44.9,1.3/4,2-2,34.4,6.5,2.0,506.0,4.0,[西]友道康夫,ロードホースクラブ,625.6,2020100177,1163,1061,170800
202408030910,3,3,3,ドットクルー,牡4,57.0,岩田望来,1:45.0,1/2,6-6,33.8,8.3,4.0,462.0,0.0,[西]笹田和秀,幅田昌伸,392.8,2020101486,1174,1104,331007
202408030910,4,1,1,エゾダイモン,牡4,56.0,武豊,1:45.0,クビ,9-8,33.3,8.6,5.0,476.0,4.0,[西]武幸四郎,藤田晋,230.0,2020103794,666,1160,232031
202408030910,5,8,8,トーアライデン,牡4,55.0,鮫島克駿,1:45.2,1.1/4,2-2,34.7,8.1,3.0,500.0,0.0,[西]河嶋宏樹,高山ランド,155.0,2020103168,1157,1198,784800
202408030910,6,5,5,ポルカリズム,牝4,55.0,川田将雅,1:45.2,ハナ,4-5,34.3,1.8,1.0,480.0,-2.0,[西]中内田充,キャロットファーム,0.0,2020103577,1088,1137,486800
202408030910,7,8,9,サクセスドレーク,牡5,57.0,藤岡佑介,1:45.3,クビ,1-1,35.0,10.9,6.0,504.0,2.0,[西]野中賢二,タカシマ,0.0,2019101190,1093,1098,395803
202408030910,8,4,4,パンドレア,牝5,52.0,団野大成,1:45.4,1/2,7-6,34.2,23.0,8.0,460.0,10.0,[西]斉藤崇史,シルクレーシング,0.0,2019104557,1180,1151,506800
202408030910,9,7,7,ラーテル,セ4,51.0,古川奈穂,1:46.3,5,8-9,34.6,213.9,9.0,460.0,-2.0,[東]南田美知,Ｍｒ．ホース,0.0,2020104285,1190,437,528033
202408030911,1,1,2,ミトノオー,牡4,57.0,松山弘平,1:57.4,,1-1-1-1,37.0,8.8,5.0,518.0,-2.0,[東]牧光二,ロイヤルパーク,3856.0,2020100273,1126,1106,18700
202408030911,2,3,6,ハピ,牡5,57.0,菱田裕二,1:57.4,クビ,8-6-9-7,36.4,5.7,3.0,486.0,0.0,[西]大久保龍,寺田寿男,1516.0,2019100630,1144,1058,866006
202408030911,3,6,12,メイショウフンジン,牡6,57.0,酒井学,1:57.5,1/2,2-2-2-2,37.0,33.3,10.0,520.0,2.0,[西]西園正都,松本好雄,958.0,2018106571,1034,1028,523005
202408030911,4,5,9,カフジオクタゴン,牡5,57.0,藤岡佑介,1:57.6,クビ,6-6-5-5,36.9,112.9,16.0,558.0,-8.0,[西]矢作芳人,加藤守,570.0,2019105656,1093,1075,19004
202408030911,5,2,3,メイプルリッジ,牡5,57.0,西村淳也,1:57.7,3/4,10-10-7-6,36.8,16.1,7.0,486.0,-2.0,[東]堀宣行,吉田勝己,380.0,2019105523,1171,1070,790005
202408030911,6,4,7,ミッキーヌチバナ,牡6,57.0,太宰啓介,1:57.9,1.1/2,13-13-13-12,36.4,6.6,4.0,522.0,2.0,[西]高橋亮,野田みづき,0.0,2018105431,1037,1136,441007
202408030911,7,3,5,ハギノアレグリアス,牡7,57.0,岩田望来,1:58.0,クビ,10-10-10-10,36.8,5.1,2.0,494.0,0.0,[西]四位洋文,日隈良江,0.0,2017103290,1174,1184,950006
202408030911,8,5,10,グロリアムンディ,牡6,57.0,幸英明,1:58.0,クビ,5-5-3-3,37.3,18.1,9.0,510.0,3.0,[西]大久保龍,吉田和美,0.0,2018105251,732,1058,138007
202408030911,9,8,16,バハルダール,牡5,57.0,水口優也,1:58.2,1.1/2,12-12-10-10,37.0,35.3,11.0,510.0,-2.0,[西]池江泰寿,Ｇ１レーシング,0.0,2019110015,1133,1071,808800
202408030911,10,4,8,スレイマン,牡6,57.0,斎藤新,1:58.4,1,3-3-3-3,37.7,4.9,1.0,546.0,-4.0,[西]池添学,サンデーレーシング,0.0,2018105164,1178,1144,226800
202408030911,11,7,14,オーロイプラータ,牡4,57.0,鮫島克駿,1:58.6,1.1/4,16-16-16-15,36.8,9.0,6.0,542.0,-6.0,[西]宮本博,吉田勝己,0.0,2020103308,1157,1073,790005
202408030911,12,7,13,クリノドラゴン,牡6,57.0,武豊,1:58.6,クビ,15-14-14-15,37.0,84.9,14.0,494.0,0.0,[西]大橋勇樹,栗本博晴,0.0,2018101012,666,1065,970006
202408030911,13,1,1,テンカハル,牡6,57.0,坂井瑠星,1:58.9,1.1/2,14-14-14-13,37.5,63.5,13.0,514.0,4.0,[西]矢作芳人,ライオンレースホース,0.0,2018105088,1163,1075,542800
202408030911,14,6,11,ゼットリアン,牡4,57.0,和田竜二,1:58.9,クビ,6-6-10-13,37.6,46.1,12.0,448.0,4.0,[西]吉田直弘,フォーレスト,0.0,2020104760,1018,1101,730800
202408030911,15,8,15,ヴィクティファルス,セ6,57.0,池添謙一,2:00.3,8,8-9-7-7,39.3,16.4,8.0,492.0,2.0,[西]池添学,Ｇ１レーシング,0.0,2018104948,1032,1144,808800
202408030911,16,2,4,サンデーファンデー,牡4,57.0,松若風馬,2:00.3,ハナ,3-3-5-7,39.6,97.4,15.0,524.0,2.0,[西]音無秀孝,吉澤ホールディングス,0.0,2020104136,1154,1002,346803
202408030912,1,1,2,パーティーベル,牡5,58.0,坂井瑠星,1:24.4,,12-10,35.9,6.8,4.0,458.0,0.0,[西]松永幹夫,原禮子,1584.3,2019104853,1163,1092,8803
202408030912,2,8,15,カッティングジェム,牡4,58.0,菱田裕二,1:24.6,1.1/4,7-5,36.7,19.2,8.0,506.0,-4.0,[西]小崎憲,ヒダカ・ブリーダーズ・ユニオン,629.8,2020104091,1144,1085,547800
202408030912,3,1,1,シゲルソロソロ,牝4,56.0,鮫島克駿,1:24.6,ハナ,14-13,35.9,3.8,1.0,472.0,6.0,[西]谷潔,關美和,394.9,2020110100,1157,431,88034
202408030912,4,6,12,エムズマインド,牡4,58.0,団野大成,1:24.7,1/2,8-6,36.7,6.3,3.0,510.0,0.0,[西]荒川義之,本谷兼三,230.0,2020101641,1180,1095,23007
202408030912,5,4,8,サザーランド,牝4,56.0,藤懸貴志,1:24.9,1.1/2,1-1,37.8,40.4,11.0,452.0,6.0,[西]小林真也,下河辺牧場,155.0,2020101575,1138,1185,362800
202408030912,6,2,4,サヴァイヴ,牡7,58.0,田口貫太,1:25.1,1,10-9,36.9,100.8,15.0,492.0,0.0,[西]河嶋宏樹,中村忠彦,0.0,2017101804,1208,1198,723033
202408030912,7,7,13,スピリットワールド,牡5,58.0,幸英明,1:25.3,1.1/4,11-13,36.7,13.5,7.0,542.0,14.0,[西]石橋守,ゴドルフィン,0.0,2019101860,732,1140,3060
202408030912,8,3,6,エメラルドビーチ,牡4,58.0,松山弘平,1:25.3,アタマ,14-15,36.5,28.1,9.0,528.0,-4.0,[西]大久保龍,ゴドルフィン,0.0,2020110055,1126,1058,3060
202408030912,9,5,9,ギーロカスタル,牡4,58.0,和田竜二,1:25.5,1,6-6,37.7,71.9,14.0,458.0,0.0,[西]鈴木孝志,桑畑夏美,0.0,2020104845,1018,1111,702033
202408030912,10,5,10,トモジャケーヤ,牡4,58.0,国分優作,1:25.5,ハナ,3-3,38.0,10.9,5.0,518.0,-4.0,[西]大根田裕,吉冨朝美,0.0,2020104650,1125,1032,238033
202408030912,11,6,11,メイショウキッド,牡5,58.0,泉谷楓真,1:25.6,1/2,16-15,36.6,51.6,13.0,510.0,-8.0,[西]本田優,松本好雄,0.0,2019102824,1182,1099,523005
202408030912,12,7,14,ペプチドハドソン,牡4,58.0,西村淳也,1:25.7,1/2,2-2,38.4,4.7,2.0,478.0,-8.0,[西]小椋研介,沼川一彦,0.0,2020106409,1171,1197,500007
202408030912,13,4,7,マイネルサハラ,牡5,58.0,斎藤新,1:26.5,5,3-3,39.0,11.1,6.0,472.0,-6.0,[東]和田雄二,サラブレッドクラブ・ラフィアン,0.0,2019103543,1178,1143,546800
202408030912,14,2,3,ハクサンバード,牡4,58.0,鮫島良太,1:26.8,2,5-6,39.1,28.3,10.0,480.0,-6.0,[西]高橋一哉,河崎五市,0.0,2020100792,1099,1206,841030
202408030912,15,8,16,プリマヴィータ,牝5,56.0,荻野琢真,1:27.0,3/4,8-12,38.8,217.6,16.0,446.0,-2.0,[西]藤沢則雄,酒井孝敏,0.0,2019100831,1112,1041,714031
202408030912,16,3,5,アーバンデザイン,セ5,58.0,藤岡佑介,1:27.0,クビ,12-10,38.5,43.5,12.0,510.0,0.0,[東]和田雄二,社台レースホース,0.0,2019104646,1093,1143,415800
202408031001,1,3,3,サンダーバース,牡3,54.0,高杉吏麒,1:25.6,,1-1,37.8,4.0,2.0,470.0,-2.0,[西]高柳大輔,岡田隆寛,550.0,2021103582,1213,1159,55030
202408031001,2,6,10,モーニングコート,牡3,57.0,藤岡佑介,1:26.2,3.1/2,8-8,37.5,4.7,3.0,500.0,0.0,[西]中内田充,山紫水明,220.0,2021103224,1093,1137,91803
202408031001,3,4,6,カーロアヴァンティ,牡3,57.0,鮫島克駿,1:26.3,3/4,3-3,38.1,3.6,1.0,514.0,4.0,[西]中村直也,大塚亮一,140.0,2021103056,1157,1186,858800
202408031001,4,5,8,ペルセイズ,牡3,57.0,西村淳也,1:26.9,3.1/2,5-5,38.6,13.0,6.0,498.0,-4.0,[西]牧田和弥,ノルマンディーサラブレッドレーシング,83.0,2021103546,1171,1123,854800
202408031001,5,6,9,オーケーサンダー,牡3,57.0,団野大成,1:28.0,7,6-5,39.6,7.0,5.0,460.0,-6.0,[西]杉山佳明,小野建,55.0,2021100981,1180,1178,612030
202408031001,6,7,11,ウインオーブ,牡3,57.0,松若風馬,1:28.0,ハナ,9-9,39.2,80.2,10.0,452.0,12.0,[西]宮本博,ウイン,0.0,2021106200,1154,1073,494800
202408031001,7,1,1,ビップライアン,牡3,55.0,西塚洸二,1:28.3,1.3/4,6-7,39.9,38.1,8.0,498.0,4.0,[西]小椋研介,鈴木邦英,0.0,2021100938,1200,1197,524030
202408031001,8,8,13,グッドレイン,牝3,52.0,吉村誠之,1:28.4,クビ,11-13,39.4,414.3,14.0,444.0,0.0,[西]緒方努,伊藤良兵,0.0,2021107046,1216,1193,31
202408031001,9,7,12,ドントレットゴー,牝3,55.0,菱田裕二,1:28.4,アタマ,14-13,39.1,22.9,7.0,444.0,0.0,[西]上村洋行,今村明浩,0.0,2021103614,1144,1168,466033
202408031001,10,8,14,エナジーポケット,牡3,57.0,幸英明,1:28.4,アタマ,11-10,39.4,97.2,11.0,424.0,4.0,[西]森田直行,キャピタル・システム,0.0,2021103298,732,1142,5803
202408031001,11,2,2,メイショウカンムリ,牡3,57.0,富田暁,1:28.4,アタマ,3-3,40.3,78.6,9.0,460.0,2.0,[西]木原一良,松本好雄,0.0,2021103003,1168,1033,523005
202408031001,12,3,4,スターアドミラル,牡3,57.0,池添謙一,1:28.4,アタマ,2-2,40.4,5.6,4.0,494.0,2.0,[西]池添学,兼松康太,0.0,2021109019,1032,1144,846033
202408031001,13,5,7,ベラコルサ,牝3,55.0,川須栄彦,1:28.9,3,13-10,40.0,149.2,12.0,440.0,0.0,[西]長谷川浩,Ｇ１レーシング,0.0,2021104783,1128,1173,808800
202408031001,14,4,5,シンゼンハチマン,牡3,57.0,酒井学,1:28.9,アタマ,9-10,40.1,311.7,13.0,476.0,-8.0,[西]飯田祐史,原司郎,0.0,2021103613,1034,1139,43030
202408031002,1,8,14,アーマルコライト,牡3,55.0,西塚洸二,2:00.9,,2-2-2-1,38.9,5.4,3.0,506.0,-4.0,[西]寺島良,キャロットファーム,550.0,2021105811,1200,1158,486800
202408031002,2,3,4,メイショウヘール,牡3,56.0,田口貫太,2:01.0,クビ,4-4-4-3,38.8,2.2,1.0,480.0,-2.0,[西]大橋勇樹,松本好雄,220.0,2021104622,1208,1065,523005
202408031002,3,6,11,レイドデザート,牡3,57.0,幸英明,2:01.6,3.1/2,5-5-4-2,39.2,3.3,2.0,538.0,6.0,[西]大根田裕,奥裕嗣,140.0,2021103065,732,1032,548033
202408031002,4,8,15,ダブルジャッジ,牡3,57.0,池添謙一,2:02.0,2.1/2,2-3-3-3,39.8,7.7,4.0,506.0,-8.0,[西]笹田和秀,吉田照哉,83.0,2021105221,1032,1104,758005
202408031002,5,4,6,パワーマックィーン,牡3,57.0,酒井学,2:02.5,3,9-9-7-6,39.7,15.2,5.0,458.0,0.0,[西]大橋勇樹,まの,55.0,2021101585,1034,1065,587800
202408031002,6,4,7,メイショウコナン,牡3,57.0,団野大成,2:02.6,3/4,8-7-6-6,39.9,69.7,9.0,510.0,0.0,[西]荒川義之,松本好隆,0.0,2021103064,1180,1095,911008
202408031002,7,2,2,プレカーサー,牡3,57.0,国分優作,2:03.3,4,11-13-11-11,39.6,123.4,11.0,530.0,-1.0,[西]渡辺薫彦,ライオンレースホース,0.0,2021105164,1125,1155,542800
202408031002,8,1,1,タガノフルチャンス,牡3,57.0,松若風馬,2:03.4,1/2,9-9-8-8,40.4,78.4,10.0,496.0,0.0,[西]平田修,八木良司,0.0,2021107108,1154,1082,859002
202408031002,9,2,3,テイエムゴールドン,牡3,57.0,富田暁,2:04.0,3.1/2,11-11-9-8,40.9,60.4,8.0,470.0,0.0,[西]木原一良,竹園正繼,0.0,2021100707,1168,1033,356002
202408031002,10,6,10,テーオーロビンソン,牡3,57.0,菱田裕二,2:04.6,3.1/2,6-6-13-12,40.5,300.5,15.0,526.0,4.0,[西]岡田稲男,小笹公也,0.0,2021103248,1144,1066,304008
202408031002,11,5,9,ブリザードベアー,牡3,57.0,和田竜二,2:05.3,4,14-14-14-12,41.0,299.1,14.0,476.0,0.0,[西]川村禎彦,古賀慎一,0.0,2021100406,1018,1003,535033
202408031002,12,5,8,マンチェスター,牡3,57.0,鮫島克駿,2:05.8,3,14-14-10-10,42.3,33.5,7.0,446.0,-6.0,[西]高橋義忠,杉山忠国,0.0,2021100483,1157,1129,53803
202408031002,13,7,13,アウローラルミエル,牡3,57.0,西村淳也,2:06.3,3,1-1-1-3,44.4,33.3,6.0,512.0,4.0,[西]田中克典,高橋正雄,0.0,2021105183,1171,1180,665033
202408031002,14,7,12,タンドレス,牝3,52.0,吉村誠之,2:06.8,3,6-7-15-15,42.0,177.3,12.0,446.0,-2.0,[西]吉田直弘,ＧｒａｎｄｅＲａｃｉｎｇ,0.0,2021104593,1216,1101,910800
202408031002,15,3,5,クワッドルッツ,牡3,57.0,荻野琢真,2:08.8,大,11-11-11-12,44.8,250.2,13.0,476.0,2.0,[西]今野貞一,川勝裕之,0.0,2021105147,1112,1128,202033
202408031003,1,4,7,ルクスマーベリック,牡3,57.0,横山典弘,1:33.3,,8-5,35.0,8.7,4.0,448.0,0.0,[西]松永幹夫,ルクス,550.0,2021104105,660,1092,397803
202408031003,2,7,15,スカイハイ,牡3,56.0,田口貫太,1:33.5,1.1/2,12-8,34.6,7.5,3.0,530.0,4.0,[西]清水久詞,石川達絵,220.0,2021101412,1208,1110,248030
202408031003,3,6,11,アクシノス,牡3,57.0,川須栄彦,1:33.7,1.1/4,14-12,34.7,13.1,6.0,468.0,-2.0,[西]佐々木晶,京都ホースレーシング,140.0,2021100452,1128,429,65803
202408031003,4,3,5,サリュエ,牡3,57.0,団野大成,1:34.0,1.3/4,5-5,35.8,3.6,2.0,482.0,0.0,[西]野中賢二,ゴドルフィン,83.0,2021101650,1180,1098,3060
202408031003,5,8,16,ボナール,牡3,57.0,富田暁,1:34.1,クビ,1-1,36.4,177.9,12.0,446.0,4.0,[西]武英智,薪浦亨,55.0,2021106925,1168,1161,768006
202408031003,6,2,4,サマーアゲイン,牡3,57.0,和田竜二,1:34.1,クビ,3-2,36.1,2.9,1.0,484.0,-2.0,[西]渡辺薫彦,池袋レーシング,0.0,2021104669,1018,1155,63700
202408031003,7,7,13,カンティーク,牝3,55.0,鮫島克駿,1:34.2,1/2,14-12,35.2,20.2,8.0,420.0,4.0,[西]高橋亮,ノースヒルズ,0.0,2021106614,1157,1136,788800
202408031003,8,5,9,サリータ,牡3,57.0,北村友一,1:34.4,1.1/4,12-12,35.5,12.1,5.0,486.0,-2.0,[西]清水久詞,白日光,0.0,2021102739,1102,1110,115031
202408031003,9,1,2,エルプロフェッサー,牝3,55.0,斎藤新,1:34.8,2.1/2,3-2,36.8,16.4,7.0,414.0,6.0,[西]高橋康之,東豊物産,0.0,2021101605,1178,1135,965800
202408031003,10,8,17,メイユーヴ,牡3,54.0,吉村誠之,1:35.0,1,17-16,35.5,473.9,17.0,464.0,4.0,[西]千田輝彦,中村祐子,0.0,2021100132,1216,1120,373008
202408031003,11,1,1,ベニスズメ,牝3,55.0,幸英明,1:35.0,クビ,18-17,35.2,259.6,14.0,442.0,-2.0,[西]高橋康之,大森悌次,0.0,2021100777,732,1135,71803
202408031003,12,2,3,モリエヌス,牝3,52.0,高杉吏麒,1:35.0,アタマ,5-5,36.8,29.2,10.0,388.0,0.0,[西]荒川義之,加藤徹,0.0,2021103218,1213,1095,36006
202408031003,13,7,14,プリマディーバ,牝3,55.0,古川吉洋,1:35.8,5,10-12,37.1,377.2,16.0,420.0,2.0,[西]昆貢,ノルマンディーサラブレッドレーシング,0.0,2021103485,1015,1044,854800
202408031003,14,6,12,ダイメイオトヒメ,牝3,55.0,松若風馬,1:36.0,1,10-8,37.4,494.4,18.0,484.0,-4.0,[西]森田直行,宮本昇,0.0,2021102260,1154,1142,177033
202408031003,15,4,8,クインズアトリア,牝3,55.0,池添謙一,1:36.5,3,16-17,37.0,49.2,11.0,442.0,-2.0,[西]吉岡辰弥,ケイアイスタリオン,0.0,2021104549,1032,1176,331803
202408031003,16,5,10,ドナミント,牝3,55.0,酒井学,1:36.5,クビ,5-8,38.1,205.7,13.0,446.0,-2.0,[西]小栗実,小川眞査雄,0.0,2021105249,1034,1194,42033
202408031003,17,8,18,ロードスタウト,牡3,57.0,田中健,1:36.7,1.1/2,2-4,38.8,265.4,15.0,470.0,16.0,[西]中村直也,ロードホースクラブ,0.0,2021100159,1114,1186,170800
202408031003,18,3,6,シュンプウ,牡3,57.0,西村淳也,1:36.8,1/2,9-8,38.3,22.5,9.0,446.0,4.0,[西]吉田直弘,山本又一郎,0.0,2021102762,1171,1101,972033
202408031004,1,4,6,ジャスティンライズ,牡3,57.0,北村友一,2:27.9,,7-7-6-5,34.9,3.5,2.0,514.0,-4.0,[西]吉岡辰弥,三木正浩,550.0,2021103237,1102,1176,195031
202408031004,2,5,9,パフュームセント,牝3,55.0,団野大成,2:27.9,クビ,3-3-3-2,35.0,2.3,1.0,436.0,-2.0,[西]斉藤崇史,名古屋友豊,220.0,2021106100,1180,1151,463800
202408031004,3,7,12,セーラス,牝3,55.0,国分優作,2:28.0,1/2,6-6-4-4,34.9,88.5,10.0,444.0,6.0,[西]河嶋宏樹,ノースヒルズ,140.0,2021106657,1125,1198,788800
202408031004,4,6,11,ダノンウィルヘルム,牡3,57.0,西村淳也,2:28.1,1/2,2-2-2-2,35.3,5.6,3.0,486.0,4.0,[西]池江泰寿,ダノックス,83.0,2021105719,1171,1071,619800
202408031004,5,3,5,シングルハーテッド,牝3,55.0,幸英明,2:28.2,3/4,11-11-10-9,34.7,16.7,5.0,424.0,6.0,[西]吉岡辰弥,サンデーレーシング,55.0,2021105572,732,1176,226800
202408031004,6,7,13,ショウナンダダン,牡3,54.0,吉村誠之,2:28.2,ハナ,1-1-1-1,35.5,6.9,4.0,484.0,-6.0,[西]清水久詞,国本哲秀,0.0,2021104241,1216,1110,331002
202408031004,7,5,8,メイショウガイフウ,牡3,54.0,高杉吏麒,2:28.2,クビ,3-3-4-5,35.0,194.4,14.0,436.0,1.0,[西]角田晃一,松本好雄,0.0,2021106247,1213,1121,523005
202408031004,8,2,3,トレポンティ,牝3,55.0,松若風馬,2:28.2,ハナ,13-13-11-11,34.5,29.8,7.0,444.0,0.0,[西]石坂公一,ヒダカ・ブリーダーズ・ユニオン,0.0,2021101487,1154,1166,547800
202408031004,9,8,15,マイネルコモドーア,牡3,57.0,和田竜二,2:28.3,クビ,9-9-8-7,35.0,45.0,9.0,434.0,-8.0,[西]長谷川浩,サラブレッドクラブ・ラフィアン,0.0,2021106835,1018,1173,546800
202408031004,10,2,2,サウンドヴェール,牝3,54.0,田口貫太,2:28.7,2.1/2,9-9-11-11,34.8,27.4,6.0,476.0,4.0,[西]安達昭夫,増田雄一,0.0,2021101013,1208,1042,168006
202408031004,11,3,4,ヤルキゲンキフトシ,牡3,57.0,小牧太,2:28.9,1.1/4,5-5-6-7,35.5,117.8,11.0,492.0,-6.0,[西]笹田和秀,伊藤永二郎,0.0,2021103972,894,1104,914031
202408031004,12,4,7,テーオーカルドア,牡3,57.0,菱田裕二,2:29.8,5,15-15-15-13,35.7,167.3,13.0,486.0,2.0,[西]岡田稲男,小笹公也,0.0,2021106761,1144,1066,304008
202408031004,13,6,10,エイシンゾディアク,牡3,57.0,荻野琢真,2:29.9,3/4,13-13-13-14,35.8,42.3,8.0,430.0,4.0,[西]今野貞一,栄進堂,0.0,2021102602,1112,1128,785800
202408031004,14,1,1,ヴァーニャ,牝3,55.0,斎藤新,2:30.0,クビ,7-7-8-10,36.4,141.3,12.0,480.0,0.0,[西]杉山佳明,中辻明,0.0,2021103070,1178,1178,646030
202408031004,15,8,14,ボスコヴェローチェ,牡3,55.0,西塚洸二,2:30.4,2.1/2,11-11-14-15,36.1,319.5,15.0,532.0,-8.0,[西]武幸四郎,大野照旺,0.0,2021105847,1200,1160,550033
202408031005,1,8,17,フラッシュフリーズ,牝3,55.0,和田竜二,1:47.2,,2-2,35.3,28.2,10.0,390.0,-2.0,[西]吉村圭司,ゴドルフィン,550.0,2021101621,1018,1130,3060
202408031005,2,6,12,グランセイント,牡3,57.0,団野大成,1:47.6,2.1/2,10-6,35.0,3.5,1.0,516.0,14.0,[西]千田輝彦,グランホース,220.0,2021107040,1180,1120,331700
202408031005,3,5,9,サイコウダネ,牡3,53.0,古川奈穂,1:47.7,1/2,1-1,36.0,7.0,4.0,448.0,-2.0,[西]清水久詞,マークス,140.0,2021102701,1190,1110,344803
202408031005,4,7,15,アタラヨ,牝3,52.0,吉村誠之,1:48.2,3,12-11,35.2,5.5,2.0,444.0,-4.0,[西]松永幹夫,前田幸大,83.0,2021110070,1216,1092,242031
202408031005,5,4,7,ペプチドシュジャク,牡3,57.0,富田暁,1:48.3,クビ,13-14,35.0,7.5,5.0,424.0,-2.0,[西]武英智,沼川一彦,55.0,2021102733,1168,1161,500007
202408031005,6,6,11,ホルガーダンスク,牡3,57.0,川須栄彦,1:48.3,アタマ,13-14,35.2,14.9,7.0,416.0,2.0,[西]西村真幸,社台レースホース,0.0,2021105096,1128,1148,415800
202408031005,7,5,10,テザリング,牡3,57.0,酒井学,1:48.4,3/4,17-16,34.8,44.1,12.0,492.0,-2.0,[西]西園正都,サンライズ,0.0,2021103973,1034,1028,866800
202408031005,8,2,3,ミスガリレオアスク,牝3,55.0,鮫島克駿,1:48.5,1/2,8-8,35.8,17.1,8.0,436.0,0.0,[西]矢作芳人,廣崎利洋ＨＤ,0.0,2021110016,1157,1075,37803
202408031005,9,7,14,ローレルロイズ,牡3,57.0,幸英明,1:48.5,ハナ,16-16,35.1,148.8,15.0,432.0,-6.0,[西]北出成人,ローレルレーシング,0.0,2021106571,732,1078,32800
202408031005,10,1,2,ワイドエトワール,牝3,52.0,高杉吏麒,1:48.7,1.1/4,5-8,36.1,140.4,14.0,416.0,-6.0,[西]藤岡健一,幅田昌伸,0.0,2021110111,1213,1062,331007
202408031005,11,8,16,アオイフォール,牝3,55.0,菱田裕二,1:48.8,1/2,7-4,36.4,360.6,18.0,458.0,-4.0,[東]牧光二,鈴木照雄,0.0,2021107002,1144,1106,137030
202408031005,12,2,4,ジュエルドパリ,牡3,57.0,浜中俊,1:48.9,クビ,3-3,36.7,12.3,6.0,448.0,-4.0,[西]笹田和秀,太田珠々子,0.0,2021104438,1115,1104,444030
202408031005,13,1,1,バニッツア,牝3,53.0,西塚洸二,1:49.1,1.1/4,8-8,36.4,202.4,17.0,380.0,0.0,[西]牧田和弥,永田和彦,0.0,2021102165,1200,1123,875006
202408031005,13,7,13,ホットエンペラー,牡3,57.0,太宰啓介,1:49.1,同着,13-11,36.2,27.4,9.0,472.0,-6.0,[西]本田優,水谷昌晃,0.0,2021103581,1037,1099,616030
202408031005,15,3,5,アンティシパル,牡3,56.0,田口貫太,1:49.2,1/2,10-11,36.3,37.7,11.0,466.0,-16.0,[西]杉山晴紀,Ｇ１レーシング,0.0,2021104744,1208,1157,808800
202408031005,16,4,8,グレイストーム,牡3,57.0,松若風馬,1:49.6,2.1/2,18-18,35.9,134.6,13.0,472.0,0.0,[西]池添学,兼松康太,0.0,2021103074,1154,1144,846033
202408031005,17,8,18,ジーティーロッソ,牝3,55.0,西村淳也,1:51.4,大,3-4,39.2,199.2,16.0,460.0,6.0,[西]矢作芳人,田畑利彦,0.0,2021110100,1171,1075,464030
202408031005,18,3,6,リルト,牝3,55.0,斎藤新,1:51.7,2,5-6,39.3,6.3,3.0,494.0,10.0,[西]高橋一哉,キャロットファーム,0.0,2021105691,1178,1206,486800
202408031006,1,4,5,デトネイション,牡3,57.0,浜中俊,1:52.6,,12-12-10-7,36.6,12.6,6.0,516.0,6.0,[西]石橋守,ゴドルフィン,780.0,2021101661,1115,1140,3060
202408031006,2,3,4,オーケーカルメン,牝3,55.0,団野大成,1:53.0,2.1/2,8-8-7-8,37.4,12.9,7.0,418.0,-4.0,[西]奥村豊,小野建,310.0,2021102380,1180,1146,612030
202408031006,3,2,2,ギマール,牡3,57.0,菱田裕二,1:53.1,クビ,9-9-7-4,37.4,56.3,11.0,452.0,-6.0,[西]上村洋行,カナヤマホールディングス,200.0,2021105931,1144,1168,45803
202408031006,4,1,1,テンエースワン,牡3,56.0,田口貫太,1:53.1,アタマ,7-7-4-4,37.6,5.6,4.0,476.0,-6.0,[西]大久保龍,天白泰司,120.0,2021105637,1208,1058,75006
202408031006,5,3,3,パカーラン,牡3,57.0,西村淳也,1:53.2,1/2,2-2-2-1,38.2,7.8,5.0,474.0,-6.0,[西]藤原英昭,金子真人ホールディングス,78.0,2021105073,1171,1055,708800
202408031006,6,5,8,アンバードール,牡3,57.0,鮫島克駿,1:53.3,3/4,5-6-4-4,37.9,3.9,1.0,506.0,-6.0,[西]吉岡辰弥,吉澤ホールディングス,0.0,2021104448,1157,1176,346803
202408031006,7,5,7,ヒロノラメール,牡3,57.0,和田竜二,1:53.4,クビ,2-3-3-2,38.2,4.7,3.0,476.0,6.0,[西]川村禎彦,高原将浩,0.0,2021104131,1018,1003,936033
202408031006,8,6,9,シーリュウシー,牡3,57.0,国分優作,1:54.4,6,10-10-12-11,38.2,41.3,9.0,488.0,-2.0,[西]岡田稲男,一村哲也,0.0,2021106180,1125,1066,798008
202408031006,9,4,6,メイショウタムシバ,牝3,55.0,横山典弘,1:54.4,ハナ,11-10-10-10,38.6,4.5,2.0,412.0,0.0,[西]飯田祐史,松本好雄,0.0,2021103268,660,1139,523005
202408031006,10,8,13,メイショウキルギス,牡3,57.0,池添謙一,1:55.3,5,1-1-1-2,40.4,33.8,8.0,472.0,14.0,[西]高橋亮,松本好雄,0.0,2021103155,1032,1136,523005
202408031006,11,7,12,コスモジンバック,牡3,57.0,幸英明,1:55.6,1.1/2,5-5-7-11,39.8,43.0,10.0,472.0,-2.0,[東]相沢郁,ビッグレッドファーム,0.0,2021106797,732,1020,716800
202408031006,12,6,10,ゴーダンシング,牝3,55.0,富田暁,1:56.8,7,4-3-4-8,41.6,91.8,12.0,450.0,-8.0,[西]武英智,前田剛,0.0,2021102340,1168,1161,182033
202408031006,-2,8,14,ヘルモーズ,牡3,57.0,北村友一,,,,,,,,,[西]小林真也,吉田勝己,0.0,2021105431,1102,1185,790005
202408031006,-3,7,11,デルマアートマン,セ3,57.0,荻野琢真,,,,,,,,,[西]友道康夫,浅沼廣幸,0.0,2021104992,1112,1061,274002
202408031007,1,6,6,メイショウミリオレ,牝3,52.0,高杉吏麒,1:08.3,,9-8,33.8,3.5,2.0,482.0,-2.0,[西]藤岡健一,松本好雄,780.0,2021103278,1213,1062,523005
202408031007,2,1,1,ナムラエデン,牝3,52.0,吉村誠之,1:08.4,3/4,7-6,34.2,10.6,5.0,420.0,0.0,[西]小栗実,奈村睦弘,310.0,2021101102,1216,1194,972002
202408031007,3,7,9,キーウェーブ,牡3,57.0,和田竜二,1:08.6,1,11-11,33.8,53.2,10.0,426.0,10.0,[西]川村禎彦,北前孔一郎,200.0,2021102561,1018,1003,338008
202408031007,4,8,10,ドランクマン,牡3,57.0,菱田裕二,1:08.6,ハナ,9-10,34.1,48.1,9.0,450.0,-12.0,[西]新谷功一,須藤英之,120.0,2021102164,1144,1172,560031
202408031007,5,3,3,ロードトレゾール,牡3,57.0,幸英明,1:08.6,クビ,1-1,35.0,3.1,1.0,524.0,-4.0,[西]清水久詞,ロードホースクラブ,78.0,2021100144,732,1110,170800
202408031007,6,5,5,スカイキャンバス,牝3,55.0,富田暁,1:08.7,クビ,2-2,35.0,8.5,4.0,438.0,18.0,[東]武井亮,ＭＹレーシング,0.0,2021100359,1168,1147,367803
202408031007,7,7,8,ラブカムーン,牝3,55.0,団野大成,1:08.8,1/2,7-8,34.5,21.8,8.0,452.0,-6.0,[西]千田輝彦,増田陽一,0.0,2021106586,1180,1120,291002
202408031007,8,8,11,パッシングシャワー,牡3,57.0,西村淳也,1:08.8,アタマ,3-3,35.0,4.2,3.0,494.0,4.0,[西]安田翔伍,ゴドルフィン,0.0,2021110033,1171,1164,3060
202408031007,9,4,4,ミスキャサリン,牝3,54.0,田口貫太,1:09.5,4,3-4,35.6,99.1,11.0,424.0,6.0,[西]庄野靖志,吉田勝利,0.0,2021102155,1208,1087,554008
202408031007,10,2,2,グレースルージュ,牝3,55.0,鮫島克駿,1:10.0,3,3-4,36.1,17.5,6.0,430.0,0.0,[西]吉村圭司,山田有暉朗,0.0,2021104140,1157,1130,777031
202408031007,11,6,7,ギルティプレジャー,牝3,53.0,西塚洸二,1:10.2,1.1/4,3-6,36.2,18.9,7.0,426.0,-8.0,[西]寺島良,ゴドルフィン,0.0,2021101682,1200,1158,3060
202408031008,1,6,12,サクセスアイ,牝4,56.0,池添謙一,1:33.2,,5-5,34.7,3.4,2.0,438.0,-2.0,[西]北出成人,タカシマ,800.0,2020105354,1032,1078,395803
202408031008,2,1,2,エーデルサンライズ,牝4,56.0,幸英明,1:33.3,3/4,4-3,35.3,17.7,7.0,426.0,-2.0,[西]小林真也,松岡隆雄,320.0,2020102329,732,1185,306008
202408031008,3,7,14,リアライズ,牡4,58.0,太宰啓介,1:33.5,1.1/4,6-7,34.9,24.3,8.0,508.0,2.0,[西]石橋守,ＧＥＴＮＥＸＴ,200.0,2020105299,1037,1140,353803
202408031008,4,5,10,エイシンジェンマ,牝4,56.0,和田竜二,1:33.6,クビ,10-9,34.7,10.0,4.0,494.0,10.0,[西]中尾秀正,栄進堂,120.0,2020107017,1018,1069,785800
202408031008,5,6,11,プリンスノット,牡4,58.0,西村淳也,1:33.6,クビ,6-5,35.1,47.8,11.0,474.0,2.0,[西]小椋研介,ノルマンディーサラブレッドレーシング,80.0,2020102881,1171,1197,854800
202408031008,6,4,8,オーシャントライブ,牡4,58.0,鮫島克駿,1:33.8,1,17-17,34.0,3.0,1.0,456.0,4.0,[西]高柳大輔,サンデーレーシング,0.0,2020103538,1157,1159,226800
202408031008,7,2,4,バンベルク,牡6,58.0,北村友一,1:33.9,1,12-13,34.6,25.8,9.0,488.0,4.0,[西]小林真也,キャロットファーム,0.0,2018105258,1102,1185,486800
202408031008,8,8,15,ジオパーククラウン,牡4,58.0,酒井学,1:34.0,クビ,8-7,35.3,41.4,10.0,444.0,-2.0,[西]長谷川浩,小関勝紀,0.0,2020106131,1034,1173,513033
202408031008,9,3,6,コントディヴェール,牝5,53.0,吉村誠之,1:34.1,3/4,3-3,36.3,11.6,5.0,496.0,-6.0,[西]清水久詞,前田幸治,0.0,2019100618,1216,1110,948006
202408031008,10,2,3,ジークシュベルト,牡4,55.0,高杉吏麒,1:34.1,クビ,16-14,34.4,165.7,17.0,470.0,2.0,[西]高橋一哉,ライオンレースホース,0.0,2020106593,1213,1206,542800
202408031008,11,8,17,テイエムエメラルド,牝6,56.0,富田暁,1:34.1,アタマ,9-9,35.2,96.6,14.0,460.0,2.0,[西]小椋研介,竹園正繼,0.0,2018102822,1168,1197,356002
202408031008,12,8,16,クラシックステップ,牡5,58.0,斎藤新,1:34.2,クビ,14-14,34.7,16.8,6.0,486.0,4.0,[西]高橋一哉,シルクレーシング,0.0,2019105542,1178,1206,506800
202408031008,13,1,1,サトノマジェスタ,セ6,56.0,西塚洸二,1:34.2,ハナ,10-9,35.3,121.5,15.0,476.0,-4.0,[西]音無秀孝,里見治,0.0,2018104713,1200,1002,790031
202408031008,14,3,5,カフジキアッキエレ,牝4,56.0,菱田裕二,1:34.3,1,12-12,35.1,6.8,3.0,420.0,6.0,[西]森田直行,加藤守,0.0,2020103256,1144,1142,19004
202408031008,15,4,7,ラホーヤストーム,牝4,56.0,松若風馬,1:35.0,4,1-1,37.5,128.9,16.0,464.0,8.0,[西]藤野健太,ヒダカ・ブリーダーズ・ユニオン,0.0,2020104780,1154,1200,547800
202408031008,16,5,9,マカンマカン,牡5,58.0,藤岡佑介,1:35.7,4,14-14,36.2,71.9,13.0,462.0,4.0,[西]音無秀孝,金子真人ホールディングス,0.0,2019105088,1093,1002,708800
202408031008,17,7,13,ポルトドール,牡4,57.0,田口貫太,1:36.4,4,2-2,38.7,69.9,12.0,458.0,0.0,[西]小栗実,Ｇ１レーシング,0.0,2020102728,1208,1194,808800
202408031009,1,8,16,コンティノアール,牡4,58.0,藤岡佑介,1:52.5,,4-4-5-4,37.1,2.5,1.0,540.0,0.0,[西]矢作芳人,ライオンレースホース,1587.8,2020103785,1093,1075,542800
202408031009,2,7,13,ジーニアスバローズ,牡4,58.0,西村淳也,1:52.8,1.1/2,5-5-3-3,37.5,5.0,2.0,464.0,2.0,[西]辻野泰之,猪熊広次,630.8,2020100681,1171,1183,859007
202408031009,3,7,14,サンマルパトロール,牡4,58.0,田口貫太,1:53.0,1.1/4,7-7-7-9,37.3,7.0,3.0,482.0,2.0,[西]大橋勇樹,相馬勇,395.4,2020106370,1208,1065,580007
202408031009,4,1,1,パーサヴィアランス,牡5,58.0,和田竜二,1:53.1,3/4,12-12-10-6,37.3,20.4,7.0,448.0,-8.0,[西]西村真幸,馬場幸夫,230.0,2019105330,1018,1148,431002
202408031009,5,2,4,ティルドーン,牡4,58.0,団野大成,1:53.3,1.1/4,1-1-1-2,38.4,7.6,5.0,524.0,2.0,[西]森秀行,藤田晋,155.0,2020110132,1180,427,232031
202408031009,6,2,3,プレッジ,牝4,56.0,中井裕二,1:53.3,クビ,5-5-2-1,38.3,25.1,8.0,474.0,2.0,[西]中内田充,飯田正剛,0.0,2020104472,1141,1137,994002
202408031009,7,6,12,ヒロノオオゾラ,牡4,58.0,幸英明,1:53.4,クビ,9-9-12-9,37.4,14.8,6.0,480.0,-8.0,[西]宮本博,高原将浩,0.0,2020101200,732,1073,936033
202408031009,8,3,6,メジェド,牡4,58.0,鮫島克駿,1:54.0,3.1/2,14-12-7-6,38.3,7.4,4.0,534.0,-2.0,[西]佐々木晶,ノースヒルズ,0.0,2020105651,1157,429,788800
202408031009,9,1,2,カズロレアート,牡6,58.0,斎藤新,1:54.0,アタマ,9-10-12-9,38.2,248.5,15.0,496.0,2.0,[西]藤野健太,吉田和美,0.0,2018105117,1178,1200,138007
202408031009,10,4,7,サヨノフィールド,牡5,58.0,酒井学,1:54.6,3.1/2,3-3-5-6,39.1,34.3,9.0,488.0,-2.0,[東]小笠倫弘,吉岡泰治,0.0,2019104316,1034,1076,265005
202408031009,11,3,5,イルミネーター,牡7,58.0,水口優也,1:54.6,クビ,16-16-16-12,38.2,127.8,13.0,472.0,4.0,[西]羽月友彦,グリーンスウォード,0.0,2017105895,1133,1091,55700
202408031009,12,5,10,ピエナパイロ,牝4,56.0,太宰啓介,1:54.7,クビ,15-15-14-12,38.5,248.9,16.0,482.0,0.0,[西]渡辺薫彦,本谷兼三,0.0,2020101335,1037,1155,23007
202408031009,13,4,8,ラブスピール,牝7,56.0,菱田裕二,1:54.9,1.1/2,12-12-14-12,38.6,221.4,14.0,454.0,4.0,[西]森田直行,増田陽一,0.0,2017100415,1144,1142,291002
202408031009,14,8,15,シュガーコルト,セ5,58.0,西塚洸二,1:55.1,3/4,7-7-10-16,39.2,68.6,11.0,500.0,-2.0,[西]寺島良,飯田正剛,0.0,2019106364,1200,1158,994002
202408031009,15,5,9,カレンマックナイト,牡5,58.0,松若風馬,1:55.3,1.1/2,11-10-7-5,39.7,55.3,10.0,448.0,2.0,[西]平田修,鈴木隆司,0.0,2019105140,1154,1082,869006
202408031009,16,6,11,アイファーグローブ,牡5,58.0,川須栄彦,2:00.2,大,2-2-3-12,44.8,87.0,12.0,476.0,-10.0,[東]蛯名利弘,中島稔,0.0,2019101330,1128,1131,119007
202408031010,1,5,6,エンパイアウエスト,牝5,56.0,西村淳也,2:00.3,,2-2-2-2,34.5,5.1,2.0,508.0,0.0,[東]黒岩陽一,吉田勝己,1865.2,2019105571,1171,1133,790005
202408031010,2,2,2,ジュリアバローズ,牝6,56.0,横山典弘,2:00.3,クビ,8-8-8-5,33.9,5.5,3.0,444.0,0.0,[西]上村洋行,猪熊広次,747.2,2018105056,660,1168,859007
202408031010,3,3,3,インザオベーション,牝5,56.0,浜中俊,2:00.3,アタマ,6-6-6-5,34.0,8.2,6.0,478.0,6.0,[西]武幸四郎,フィールドレーシング,463.6,2019105628,1115,1160,463031
202408031010,4,8,11,アグラシアド,牝4,56.0,藤岡佑介,2:00.4,1/2,12-11-11-10,33.6,4.2,1.0,484.0,2.0,[西]中村直也,ライオンレースホース,280.0,2020104912,1093,1186,542800
202408031010,5,6,8,ヒヅルジョウ,牝5,56.0,菱田裕二,2:00.4,ハナ,11-11-12-10,33.5,17.5,8.0,492.0,0.0,[西]岡田稲男,河内孝夫,184.0,2019100464,1144,1066,321004
202408031010,6,4,4,シンティレーション,牝5,56.0,鮫島克駿,2:00.5,クビ,7-4-4-4,34.4,6.6,4.0,484.0,-2.0,[東]池上昌和,シルクレーシング,0.0,2019105377,1157,1150,506800
202408031010,7,5,5,モカフラワー,牝5,56.0,幸英明,2:00.7,1.1/4,3-3-3-3,34.7,59.9,12.0,464.0,6.0,[東]相沢郁,星野壽市,0.0,2019102220,732,1020,265006
202408031010,8,1,1,アレグロモデラート,牝5,56.0,富田暁,2:00.7,ハナ,4-6-6-5,34.4,11.7,7.0,484.0,-4.0,[東]武井亮,グリーンファーム,0.0,2019100693,1168,1147,148800
202408031010,9,7,10,ペイシャフラワー,牝4,56.0,団野大成,2:00.9,1.1/4,1-1-1-1,35.2,45.0,11.0,462.0,2.0,[西]高橋康之,北所直人,0.0,2020104572,1180,1135,163002
202408031010,10,6,7,ラスマドレス,牝5,56.0,北村友一,2:01.1,1.1/4,10-10-8-9,34.6,7.1,5.0,474.0,4.0,[西]安田翔伍,キャロットファーム,0.0,2019105048,1102,1164,486800
202408031010,11,8,12,ウインエクレール,牝5,56.0,田口貫太,2:01.3,1.1/2,8-9-10-10,34.5,40.8,10.0,488.0,10.0,[東]畠山吉宏,ウイン,0.0,2019100215,1208,1048,494800
202408031010,12,7,9,カーペンタリア,牝5,56.0,和田竜二,2:02.3,6,4-4-4-5,36.1,37.5,9.0,502.0,6.0,[東]木村哲也,シルクレーシング,0.0,2019105472,1018,1126,506800
202408031011,1,5,9,エルゲルージ,牡5,57.0,藤岡佑介,1:23.8,,10-10,36.3,4.0,2.0,516.0,0.0,[西]石坂公一,犬塚悠治郎,1875.0,2019102044,1093,1166,689033
202408031011,2,2,3,カセノミオ,牝4,54.0,田口貫太,1:23.8,クビ,3-5,36.8,5.5,3.0,514.0,-10.0,[西]中尾秀正,平川進,750.0,2020105306,1208,1069,759033
202408031011,3,2,4,イチネンエーグミ,牡5,55.0,松若風馬,1:23.8,アタマ,2-2,37.0,19.6,7.0,558.0,6.0,[西]茶木太樹,藤本彰,465.0,2019106684,1154,1181,253033
202408031011,4,8,15,ケイアイアニラ,牡4,57.0,鮫島克駿,1:24.2,2.1/2,3-3,37.2,3.9,1.0,524.0,-8.0,[西]吉岡辰弥,ケイアイスタリオン,280.0,2020104228,1157,1176,331803
202408031011,5,6,11,エピックジョイ,牝5,53.0,団野大成,1:24.3,3/4,10-8,36.8,12.0,6.0,496.0,-2.0,[西]武幸四郎,ノースヒルズ,184.0,2019103149,1180,1160,788800
202408031011,6,3,6,アウグスト,牡5,55.0,斎藤新,1:24.4,3/4,7-8,37.1,35.4,11.0,512.0,-6.0,[東]斎藤誠,ＧＥＴＮＥＸＴ,0.0,2019100284,1178,1086,353803
202408031011,7,3,5,フォーチュンテラー,牡5,56.0,西村淳也,1:24.8,2.1/2,13-12,37.0,9.1,5.0,488.0,-4.0,[西]浜田多実,ノースヒルズ,0.0,2019100631,1171,1138,788800
202408031011,8,6,12,フラップシグナス,牡5,55.0,富田暁,1:24.8,ハナ,16-14,36.5,67.1,13.0,494.0,10.0,[西]千田輝彦,吉田照哉,0.0,2019104660,1168,1120,758005
202408031011,9,8,16,インヒズアイズ,牝4,53.0,幸英明,1:24.9,クビ,3-3,37.9,31.9,9.0,480.0,14.0,[西]矢作芳人,江馬由将,0.0,2020110147,732,1075,879033
202408031011,10,1,2,スキピオ,牡6,55.0,池添謙一,1:24.9,クビ,1-1,38.3,25.1,8.0,496.0,4.0,[西]浜田多実,カナヤマホールディングス,0.0,2018101032,1032,1138,45803
202408031011,11,1,1,ブルースピリット,セ6,57.0,和田竜二,1:25.4,2.1/2,3-5,38.5,61.0,12.0,494.0,-4.0,[東]岩戸孝樹,ゴドルフィン,0.0,2018110037,1018,1051,3060
202408031011,12,7,14,フェルヴェンテ,牡4,56.0,浜中俊,1:25.4,クビ,7-7,38.1,6.9,4.0,470.0,-10.0,[西]宮徹,ロイヤルパーク,0.0,2020102045,1115,1018,18700
202408031011,13,4,7,ビアイ,牝7,53.0,川須栄彦,1:25.8,2,10-14,38.1,134.0,16.0,520.0,-2.0,[西]畑端省吾,副島義久,0.0,2017106264,1128,1188,297007
202408031011,14,5,10,タイキフォース,牡6,54.0,菱田裕二,1:25.8,ハナ,13-10,37.9,113.3,14.0,502.0,6.0,[西]牧浦充徳,大樹ファーム,0.0,2018106466,1144,1113,536800
202408031011,15,4,8,ヨドノビクトリー,牡10,53.0,北村友一,1:26.4,3.1/2,15-16,38.3,119.7,15.0,508.0,8.0,[東]矢嶋大樹,海原聖一,0.0,2014103963,1102,1202,471002
202408031011,16,7,13,スマートラプター,牡5,55.0,酒井学,1:26.7,2,7-12,39.4,33.5,10.0,526.0,2.0,[西]西園正都,大川徹,0.0,2019102521,1034,1028,7803
202408031012,1,5,9,スターペスカオリ,牝4,56.0,酒井学,1:12.6,,9-9,36.5,13.8,7.0,454.0,10.0,[西]石橋守,河野和香子,800.0,2020105929,1034,1140,710002
202408031012,2,1,2,メイショウタイゲイ,牡5,58.0,団野大成,1:12.7,1/2,1-1,37.2,12.5,6.0,454.0,-4.0,[西]荒川義之,松本好雄,320.0,2019104169,1180,1095,523005
202408031012,3,4,8,ザウリ,牡5,56.0,西塚洸二,1:12.7,ハナ,11-10,36.3,3.2,1.0,542.0,0.0,[西]森田直行,ターフ・スポート,200.0,2019101399,1200,1142,102800
202408031012,4,2,3,ヤマカツパトリシア,牝7,53.0,吉村誠之,1:12.7,クビ,5-5,36.8,4.9,3.0,476.0,0.0,[西]谷潔,山田和夫,120.0,2017104086,1216,431,169008
202408031012,5,7,14,ゴイゴイスー,牡6,58.0,川須栄彦,1:12.8,1/2,3-3,37.0,4.4,2.0,506.0,-2.0,[西]中尾秀正,山下良子,80.0,2018103388,1128,1069,158033
202408031012,6,4,7,スモーキンビリー,牡4,57.0,田口貫太,1:12.9,クビ,2-2,37.3,11.7,5.0,496.0,4.0,[西]音無秀孝,江馬由将,0.0,2020110145,1208,1002,879033
202408031012,7,7,13,テーオートルネード,牡5,58.0,菱田裕二,1:13.1,1.1/2,7-6,37.0,106.9,16.0,468.0,-10.0,[西]岡田稲男,小笹公也,0.0,2019104053,1144,1066,304008
202408031012,8,2,4,レヴィアタン,牡4,58.0,国分優作,1:13.1,アタマ,15-12,36.4,94.5,14.0,490.0,-6.0,[西]梅田智之,薪浦英稔,0.0,2020100619,1125,1084,40030
202408031012,9,5,10,クリノミニスター,牡5,55.0,高杉吏麒,1:13.3,3/4,14-12,36.7,37.9,9.0,450.0,-4.0,[西]荒川義之,栗本守,0.0,2019103285,1213,1095,488007
202408031012,10,3,5,パレフォーコン,牡5,58.0,鮫島克駿,1:13.4,3/4,11-10,37.0,65.4,11.0,442.0,-6.0,[西]鮫島一歩,Ｈ．ＦＡｓｓｏｃｉａｔｉｏｎ,0.0,2019100683,1157,1046,70700
202408031012,11,3,6,フェニックスループ,牡5,58.0,和田竜二,1:13.7,1.3/4,16-16,36.3,46.8,10.0,468.0,0.0,[西]平田修,社台レースホース,0.0,2019104918,1018,1082,415800
202408031012,12,6,12,オールスティール,牡4,58.0,松若風馬,1:13.9,1.1/4,7-6,37.8,8.1,4.0,470.0,0.0,[西]高橋康之,ＹＧＧホースクラブ,0.0,2020107142,1154,1135,188800
202408031012,13,8,15,ウィービースティ,牡4,58.0,古川吉洋,1:13.9,クビ,13-14,37.3,73.0,12.0,504.0,-4.0,[西]北出成人,フジワラ・ファーム,0.0,2020104768,1015,1078,616800
202408031012,14,6,11,ワンダーヘイルネス,セ8,58.0,富田暁,1:14.1,1,3-3,38.3,100.8,15.0,492.0,-8.0,[西]河内洋,山本能成,0.0,2016102446,1168,1072,184033
202408031012,15,1,1,ゴールドレコーダー,牝4,52.0,古川奈穂,1:14.6,3.1/2,5-6,38.7,91.3,13.0,422.0,-4.0,[東]南田美知,居城寿与,0.0,2020105836,1190,437,712033
202408031012,16,8,16,タイセイランナー,牡4,58.0,幸英明,1:16.2,10,10-15,39.7,24.5,8.0,502.0,-4.0,[西]牧浦充徳,田中成奉,0.0,2020101540,732,1113,224007
202408031101,1,1,1,メイショウハッブル,牡3,56.0,角田大河,1:13.6,,7-6,37.4,4.2,2.0,460.0,-10.0,[西]石橋守,松本好雄,550.0,2021102550,1199,1140,523005
202408031101,2,4,7,タイセイアレス,牡3,57.0,岩田望来,1:13.6,ハナ,1-1,38.2,1.9,1.0,470.0,-2.0,[西]西村真幸,田中成奉,220.0,2021105333,1174,1148,224007
202408031101,3,8,16,メイショウオオコ,牡3,57.0,団野大成,1:13.7,3/4,12-10,36.9,6.7,3.0,470.0,10.0,[西]荒川義之,松本好雄,140.0,2021102572,1180,1095,523005
202408031101,4,5,10,ハクサンクリスタル,牝3,55.0,小崎綾也,1:14.1,2.1/2,2-2,38.6,88.9,12.0,450.0,12.0,[西]高橋一哉,河崎五市,83.0,2021100883,1152,1206,841030
202408031101,5,7,13,カワキタボーダレス,牝3,54.0,角田大和,1:14.2,クビ,10-9,37.6,35.0,9.0,426.0,4.0,[西]角田晃一,川島和範,55.0,2021106147,1186,1121,469031
202408031101,6,3,5,タイヘイノヨ,セ3,57.0,斎藤新,1:14.3,1/2,3-3,38.5,53.0,10.0,514.0,8.0,[西]庄野靖志,サンデーヒルズ,0.0,2021103864,1178,1087,335700
202408031101,7,4,8,ミッキースバル,牡3,57.0,鮫島克駿,1:14.6,1.3/4,3-4,38.7,25.9,7.0,468.0,12.0,[西]茶木太樹,野田みづき,0.0,2021101490,1157,1181,441007
202408031101,8,3,6,シャッフルガール,牝3,55.0,川須栄彦,1:14.8,1.1/2,5-4,38.8,11.2,4.0,454.0,-2.0,[西]河嶋宏樹,近藤克麿,0.0,2021103202,1128,1198,110030
202408031101,9,6,12,ポッドフラッター,牡3,56.0,田口貫太,1:14.9,3/4,11-12,38.1,31.8,8.0,494.0,-6.0,[西]武幸四郎,小川眞査雄,0.0,2021104980,1208,1160,42033
202408031101,10,1,2,エイシンボーノ,牡3,57.0,和田竜二,1:15.1,1,7-10,38.9,111.0,13.0,508.0,30.0,[西]中尾秀正,栄進堂,0.0,2021100091,1018,1069,785800
202408031101,11,8,15,パルマノーヴァ,牝3,54.0,小沢大仁,1:15.2,1/2,5-6,39.1,397.0,16.0,448.0,-8.0,[西]牧田和弥,畑佐博,0.0,2021100859,1185,1123,78006
202408031101,12,2,4,リアルカラー,牡3,57.0,幸英明,1:15.4,1,12-12,38.6,78.0,11.0,472.0,10.0,[西]羽月友彦,青芝商事,0.0,2021105843,732,1091,831800
202408031101,13,5,9,アルシャリフ,牡3,55.0,永島まな,1:15.7,1.3/4,14-12,38.6,19.1,5.0,546.0,-8.0,[西]藤岡健一,前原敏行,0.0,2021100726,1187,1062,427030
202408031101,14,2,3,ナムラアニカ,牝3,55.0,菱田裕二,1:15.8,1/2,7-6,39.6,20.8,6.0,448.0,12.0,[西]鈴木孝志,奈村睦弘,0.0,2021101827,1144,1111,972002
202408031101,15,6,11,ミッドナッツソル,牝3,51.0,河原田菜,1:16.0,1.1/4,14-15,38.9,319.0,14.0,444.0,8.0,[西]中村直也,ヒダカ・ブリーダーズ・ユニオン,0.0,2021104322,1204,1186,547800
202408031101,16,7,14,プティサンティーユ,牝3,52.0,川端海翼,1:16.9,5,16-16,38.3,321.2,15.0,380.0,0.0,[西]本田優,榊原源一郎,0.0,2021106110,1195,1099,942006
202408031102,1,7,13,イザナギ,牡3,57.0,西村淳也,1:53.2,,9-8-7-6,37.7,10.4,5.0,524.0,0.0,[西]坂口智康,山紫水明,550.0,2021110076,1171,1170,91803
202408031102,2,5,9,メイショウソウタ,牡3,57.0,菱田裕二,1:54.0,5,6-6-3-2,38.6,4.2,2.0,528.0,4.0,[西]岡田稲男,松本好雄,220.0,2021103263,1144,1066,523005
202408031102,3,2,3,ドゥータップ,牡3,57.0,松山弘平,1:54.3,2,1-1-1-1,39.3,2.4,1.0,496.0,-2.0,[西]藤原英昭,グリーンフィールズ,140.0,2021110156,1126,1055,766800
202408031102,4,1,1,クラウンアラビアン,牡3,56.0,角田大和,1:54.8,3,4-4-3-4,39.6,25.3,7.0,478.0,2.0,[西]角田晃一,矢野まり子,83.0,2021101269,1186,1121,251033
202408031102,5,2,4,ジーティースピード,牝3,55.0,坂井瑠星,1:54.8,ハナ,2-2-2-2,39.7,7.3,4.0,520.0,-2.0,[西]矢作芳人,田畑利彦,55.0,2021110102,1163,1075,464030
202408031102,6,3,5,アルミウス,牡3,57.0,幸英明,1:55.0,1.1/2,4-4-3-4,39.7,6.6,3.0,490.0,0.0,[西]大根田裕,奥裕嗣,0.0,2021102805,732,1032,548033
202408031102,7,5,10,ホワイトリバー,牡3,56.0,田口貫太,1:56.2,7,15-15-14-12,39.2,44.9,8.0,448.0,6.0,[西]武英智,桑田牧場,0.0,2021100679,1208,1161,791800
202408031102,8,6,11,ホウショウディーバ,牝3,51.0,河原田菜,1:56.4,1.1/4,12-12-9-8,40.4,225.4,13.0,432.0,10.0,[西]河内洋,芳賀美知子,0.0,2021100268,1204,1072,277033
202408031102,9,8,16,ソルトロング,牡3,57.0,田中健,1:56.5,1/2,6-8-8-9,40.7,45.1,9.0,460.0,-2.0,[西]木原一良,杉浦敏夫,0.0,2021102960,1114,1033,781033
202408031102,10,8,15,リンドバーグ,セ3,57.0,Ｍ．デム,1:56.5,アタマ,16-16-11-9,40.0,46.0,10.0,460.0,2.0,[西]寺島良,近藤英子,0.0,2021105906,5212,1158,372006
202408031102,11,4,8,ジョーインテビット,牡3,54.0,柴田裕一,1:56.6,1/2,3-2-3-6,41.2,125.2,12.0,544.0,-6.0,[西]中竹和也,上田江吏子,0.0,2021100767,1212,1039,32031
202408031102,12,7,14,サヴィヤン,牡3,57.0,高倉稜,1:56.9,2,14-14-16-16,38.8,255.5,14.0,526.0,0.0,[西]田中克典,廣崎智子,0.0,2021102356,1130,1180,625008
202408031102,13,3,6,スズノアイスマン,牡3,57.0,岩田望来,1:57.0,クビ,8-6-10-11,40.5,12.2,6.0,520.0,0.0,[西]石坂公一,小紫嘉之,0.0,2021100611,1174,1166,835030
202408031102,14,4,7,ローズエクスプレス,牡3,56.0,角田大河,1:57.1,1/2,13-13-14-15,40.1,482.1,16.0,476.0,6.0,[西]吉村圭司,山田弘,0.0,2021103469,1199,1130,518002
202408031102,15,1,2,ピンクイーグル,牡3,54.0,吉村誠之,1:57.8,4,9-8-12-14,41.2,51.8,11.0,514.0,0.0,[西]森秀行,木村久子,0.0,2021110052,1216,427,695008
202408031102,16,6,12,マチウマフローラ,牡3,57.0,小崎綾也,1:58.2,2.1/2,11-11-12-12,41.4,422.6,15.0,456.0,0.0,[西]小崎憲,Ｍａｃｈｉｕｍａ・Ｇｏｄｄｅｓｓ・Ｒａｃｉｎｇ,0.0,2021101862,1152,1085,339700
202408031103,1,5,9,ベレニーチェ,牝3,53.0,永島まな,1:25.5,,1-1,38.3,6.0,4.0,444.0,0.0,[西]武英智,河野孝明,550.0,2021100680,1187,1161,224031
202408031103,2,8,16,ブーヤカ,セ3,56.0,田口貫太,1:25.6,3/4,4-4,37.7,4.3,2.0,448.0,-2.0,[西]藤岡健一,青山洋一,220.0,2021105211,1208,1062,15008
202408031103,3,8,15,エクステンシヴリー,牡3,57.0,西村淳也,1:26.1,3,2-2,38.4,16.0,8.0,520.0,-6.0,[西]小栗実,ライオンレースホース,140.0,2021100715,1171,1194,542800
202408031103,4,4,8,タガノハスビナー,牝3,55.0,城戸義政,1:26.3,1.1/2,11-11,37.8,30.6,9.0,432.0,8.0,[西]鈴木孝志,八木良司,83.0,2021106547,1147,1111,859002
202408031103,5,7,14,セキテイレア,牝3,55.0,武豊,1:26.5,3/4,7-6,38.4,13.2,7.0,428.0,2.0,[西]松永幹夫,杉山元洋,55.0,2021100226,666,1092,564031
202408031103,6,6,11,ポンヌフ,牝3,55.0,和田竜二,1:26.7,1.1/2,7-7,38.7,5.7,3.0,460.0,2.0,[西]吉村圭司,橋元勇氣,0.0,2021110141,1018,1130,943030
202408031103,7,4,7,クリノフロンティア,牡3,57.0,鮫島良太,1:26.8,クビ,11-10,38.3,291.6,15.0,424.0,10.0,[西]河嶋宏樹,栗本博晴,0.0,2021107297,1099,1198,970006
202408031103,8,3,6,ファセット,牝3,55.0,坂井瑠星,1:26.9,3/4,4-4,39.0,3.9,1.0,486.0,0.0,[西]斉藤崇史,シンザンクラブ,0.0,2021102913,1163,1151,351800
202408031103,9,6,12,ケイプグッドホープ,牡3,57.0,松山弘平,1:27.1,1,2-2,39.5,9.3,5.0,448.0,4.0,[西]今野貞一,谷掛龍夫,0.0,2021105281,1126,1128,727008
202408031103,10,7,13,デクランシェ,牡3,54.0,今村聖奈,1:27.3,1.1/2,13-13,38.2,173.7,13.0,458.0,-4.0,[西]寺島良,杉山忠国,0.0,2021102712,1193,1158,53803
202408031103,11,1,2,クリノオデッセイ,牡3,57.0,国分優作,1:27.7,2.1/2,7-9,39.6,34.2,10.0,464.0,6.0,[西]坂口智康,栗本博晴,0.0,2021101859,1125,1170,970006
202408031103,12,3,5,オースサイン,牡3,57.0,団野大成,1:27.8,クビ,7-7,39.7,12.2,6.0,468.0,4.0,[西]荒川義之,小林竜太郎,0.0,2021106295,1180,1095,336030
202408031103,13,2,3,サンマルウォーリア,牡3,57.0,酒井学,1:29.5,10,13-14,40.5,87.1,11.0,502.0,18.0,[西]大橋勇樹,相馬勇,0.0,2021102693,1034,1065,580007
202408031103,14,5,10,カノティエ,牝3,55.0,小崎綾也,1:30.2,4,16-16,40.1,97.2,12.0,424.0,0.0,[西]小崎憲,盛学志,0.0,2021104125,1152,1085,878031
202408031103,15,2,4,ワンダーガナンシア,牝3,52.0,柴田裕一,1:30.4,1.1/4,15-15,40.5,267.3,14.0,444.0,0.0,[西]羽月友彦,山本能行,0.0,2021107387,1212,1091,306033
202408031103,16,1,1,キクノジョワイユ,牝3,55.0,川又賢治,1:30.9,3,4-12,42.9,294.5,16.0,430.0,-4.0,[西]牧田和弥,菊池五郎,0.0,2021102850,1166,1123,372002
202408031104,1,2,2,ミッキーストライク,牡3,57.0,坂井瑠星,2:12.8,,8-7-6-4,34.4,3.2,1.0,524.0,18.0,[西]矢作芳人,野田みづき,550.0,2021105729,1163,1075,441007
202408031104,2,3,3,ヘザルフェン,牡3,57.0,横山和生,2:13.1,1.3/4,12-12-10-8,34.3,6.4,5.0,492.0,0.0,[西]昆貢,Ｈ．Ｈ．シェイク・ハムダン,220.0,2021110022,1140,1044,4060
202408031104,3,4,4,アラナコア,牡3,56.0,小沢大仁,2:13.3,1.1/2,2-4-4-4,35.0,45.1,8.0,504.0,2.0,[西]田中克典,ＣＨＥＶＡＬＡＴＴＡＣＨＥ,140.0,2021103002,1185,1180,888800
202408031104,4,6,7,ヤマニンステラータ,牡3,57.0,古川吉洋,2:13.5,3/4,10-10-10-10,34.5,17.0,7.0,470.0,10.0,[西]松永幹夫,土井肇,83.0,2021106603,1015,1092,329004
202408031104,5,7,9,トーマスフレア,牡3,57.0,浜中俊,2:13.5,クビ,4-5-3-2,35.4,47.4,9.0,508.0,8.0,[西]四位洋文,インゼルレーシング,55.0,2021110013,1115,1184,356803
202408031104,6,5,5,ファミリータイム,牡3,57.0,和田竜二,2:13.5,ハナ,2-2-2-2,35.5,4.8,3.0,476.0,-6.0,[西]石坂公一,東豊物産,0.0,2021100651,1018,1166,965800
202408031104,7,8,12,ナリタセレーノ,牝3,54.0,田口貫太,2:13.6,1/2,9-9-8-8,34.9,119.6,11.0,380.0,-2.0,[西]宮本博,オースミ,0.0,2021101480,1208,1073,712800
202408031104,8,6,8,ヤマトフェイス,牡3,57.0,西村淳也,2:13.9,2,1-1-1-1,35.9,16.1,6.0,486.0,-22.0,[西]新谷功一,ＳＴレーシング,0.0,2021105013,1171,1172,874033
202408031104,9,5,6,フォートポータル,セ3,57.0,国分優作,2:14.1,1.1/4,6-6-7-7,35.6,67.3,10.0,452.0,-2.0,[西]吉岡辰弥,ヒダカ・ブリーダーズ・ユニオン,0.0,2021103251,1125,1176,547800
202408031104,10,1,1,シャハザマーン,牡3,57.0,松山弘平,2:14.3,1,6-7-8-10,35.5,4.5,2.0,484.0,4.0,[西]藤原英昭,サンデーレーシング,0.0,2021105680,1126,1055,226800
202408031104,11,8,11,ショウナンガチ,牡3,57.0,池添謙一,2:14.8,3,4-3-4-4,36.5,5.7,4.0,508.0,2.0,[西]須貝尚介,国本哲秀,0.0,2021105434,1032,1105,331002
202408031104,12,7,10,マグノオンゾウシ,牡3,57.0,酒井学,2:16.6,大,10-11-12-12,37.0,359.9,12.0,450.0,-14.0,[西]笹田和秀,ＭＭＳホールディングス,0.0,2021100970,1034,1104,375803
202408031105,1,5,9,アンジョルラス,牡3,57.0,藤岡佑介,1:45.6,,1-1,35.3,7.4,4.0,496.0,0.0,[西]松下武士,ライオンレースホース,550.0,2021106682,1093,1149,542800
202408031105,2,7,14,セングンバンバ,セ3,56.0,角田大和,1:46.1,3,3-2,35.6,176.0,12.0,432.0,-2.0,[西]松永幹夫,キーファーズ,220.0,2021105444,1186,1092,2803
202408031105,3,5,10,ダノンアトラス,牡3,57.0,鮫島克駿,1:46.2,3/4,12-12,34.9,13.2,6.0,404.0,-2.0,[西]橋口慎介,ダノックス,140.0,2021105113,1157,1154,619800
202408031105,4,8,17,キョウワレイホープ,牝3,55.0,酒井学,1:46.4,3/4,15-12,35.0,13.1,5.0,454.0,2.0,[西]佐々木晶,浅川昌彦,83.0,2021106160,1034,429,905007
202408031105,5,4,7,ジーティームソウ,牡3,57.0,松山弘平,1:46.6,1.1/4,12-12,35.4,3.4,2.0,492.0,-4.0,[西]西村真幸,田畑利彦,55.0,2021105883,1126,1148,464030
202408031105,6,4,8,シークレットレーン,牝3,55.0,坂井瑠星,1:46.7,クビ,7-5,35.9,4.8,3.0,506.0,-4.0,[西]矢作芳人,社台レースホース,0.0,2021104996,1163,1075,415800
202408031105,7,6,12,プレットリンド,牝3,52.0,柴田裕一,1:47.2,3,14-15,35.8,360.0,15.0,426.0,14.0,[西]岡田稲男,日高大洋牧場,0.0,2021101914,1212,1066,93803
202408031105,8,1,1,ワイドモヒート,牡3,56.0,田口貫太,1:47.3,1/2,7-8,36.3,60.1,9.0,522.0,0.0,[西]藤岡健一,幅田昌伸,0.0,2021102919,1208,1062,331007
202408031105,9,7,13,ブリックバーン,セ3,54.0,吉村誠之,1:47.3,クビ,10-8,36.2,206.6,13.0,468.0,-4.0,[西]清水久詞,林正道,0.0,2021105495,1216,1110,675030
202408031105,10,6,11,サトノクロシェット,牝3,53.0,永島まな,1:47.3,クビ,16-16,35.4,21.2,7.0,458.0,0.0,[西]平田修,里見治,0.0,2021105531,1187,1082,790031
202408031105,11,8,16,ホウショウリナ,牝3,55.0,武豊,1:47.4,1/2,5-4,36.9,3.2,1.0,506.0,14.0,[西]河内洋,芳賀美知子,0.0,2021103069,666,1072,277033
202408031105,12,2,3,レッドゲート,牝3,54.0,小沢大仁,1:47.6,1.1/4,7-11,36.5,366.3,16.0,412.0,-2.0,[西]石坂公一,石瀬浩三,0.0,2021107264,1185,1166,812008
202408031105,13,8,15,ヒルノセビリア,牝3,55.0,古川吉洋,1:47.6,ハナ,10-8,36.6,22.0,8.0,444.0,4.0,[西]昆貢,ヒルノ,0.0,2021103006,1015,1044,823800
202408031105,14,3,6,メイショウイチリン,牝3,52.0,川端海翼,1:47.9,1.3/4,16-16,36.0,582.5,17.0,410.0,-8.0,[西]荒川義之,松本好雄,0.0,2021103354,1195,1095,523005
202408031105,15,2,4,オールラウンダー,牡3,57.0,松若風馬,1:48.4,3,5-5,37.6,101.2,11.0,466.0,-4.0,[西]宮本博,吉澤ホールディングス,0.0,2021102442,1154,1073,346803
202408031105,16,3,5,ショウナンマントル,セ3,56.0,角田大河,1:48.5,クビ,2-2,38.1,287.0,14.0,430.0,2.0,[西]新谷功一,国本哲秀,0.0,2021101042,1199,1172,331002
202408031105,17,1,2,センチュリクィーン,牝3,55.0,和田竜二,1:48.7,1,3-5,38.0,68.8,10.0,448.0,-6.0,[西]庄野靖志,中水英紀,0.0,2021101020,1018,1087,282031
202408031106,1,5,9,マイド,牡4,58.0,団野大成,1:25.0,,4-4,37.3,4.5,3.0,472.0,-19.0,[西]野中賢二,ニッシンホールディングス,800.0,2020101879,1180,1098,318803
202408031106,2,8,15,ウインバリオス,牡5,58.0,横山和生,1:25.1,1/2,10-7,36.9,26.0,8.0,476.0,0.0,[西]吉田直弘,ウイン,320.0,2019100195,1140,1101,494800
202408031106,3,3,5,ジャーヴィス,牡4,58.0,松山弘平,1:25.2,クビ,7-7,37.3,4.2,2.0,480.0,6.0,[西]千田輝彦,ノルマンディーサラブレッドレーシング,200.0,2020103902,1126,1120,854800
202408031106,4,6,12,ナチュラルリバー,牡4,58.0,富田暁,1:25.2,クビ,2-2,37.7,26.0,8.0,472.0,4.0,[西]武英智,吉田晴哉,120.0,2020102559,1168,1161,231033
202408031106,5,6,11,プロテア,セ4,58.0,西村淳也,1:25.4,3/4,2-2,37.9,8.7,4.0,450.0,-12.0,[西]宮本博,稲場澄,80.0,2020104206,1171,1073,628031
202408031106,6,2,3,グランファラオ,牡4,58.0,Ｍ．デム,1:25.5,1/2,11-11,37.3,14.2,6.0,502.0,-4.0,[西]高橋義忠,福盛訓之,0.0,2020110140,5212,1129,520031
202408031106,7,2,4,ライズンシャイン,牝6,53.0,柴田裕一,1:25.5,アタマ,11-13,37.2,88.9,14.0,496.0,0.0,[西]岡田稲男,下河辺牧場,0.0,2018100421,1212,1066,362800
202408031106,8,4,7,アイキャンドウイッ,牡5,58.0,坂井瑠星,1:25.6,1/2,4-4,38.0,30.2,10.0,466.0,8.0,[西]池江泰寿,吉澤ホールディングス,0.0,2019105793,1163,1071,346803
202408031106,9,7,14,シャウラ,牝4,55.0,田口貫太,1:25.7,1/2,6-4,37.9,92.1,15.0,466.0,0.0,[西]高橋義忠,ヒダカ・ブリーダーズ・ユニオン,0.0,2020105124,1208,1129,547800
202408031106,10,8,16,トーホウキザン,牡4,56.0,永島まな,1:25.9,1.1/4,15-15,37.3,11.1,5.0,490.0,8.0,[西]高橋康之,東豊物産,0.0,2020101764,1187,1135,965800
202408031106,11,3,6,レッドダンルース,牡4,58.0,和田竜二,1:25.9,クビ,11-11,37.7,3.6,1.0,466.0,-8.0,[西]福永祐一,東京ホースレーシング,0.0,2020103189,1018,1203,180800
202408031106,12,1,2,ウインドワンピース,牡4,58.0,菱田裕二,1:26.0,1/2,14-14,37.5,45.4,11.0,500.0,-4.0,[西]藤沢則雄,福原正博,0.0,2020103901,1144,1041,562002
202408031106,13,7,13,グラングスト,牝4,56.0,鮫島克駿,1:26.2,3/4,7-7,38.1,55.5,13.0,550.0,2.0,[西]西園翔太,サンデーレーシング,0.0,2020103525,1157,1196,226800
202408031106,14,1,1,ルールシェーバー,牡7,57.0,角田大河,1:26.2,クビ,15-15,37.6,463.2,16.0,484.0,14.0,[西]北出成人,儀賀好子,0.0,2017109029,1199,1078,721001
202408031106,15,4,8,デアデルマーレ,牝4,54.0,西塚洸二,1:26.2,ハナ,1-1,38.9,17.8,7.0,488.0,14.0,[西]坂口智康,ロードホースクラブ,0.0,2020100138,1200,1170,170800
202408031106,16,5,10,レゾルシオン,牡4,58.0,川又賢治,1:27.5,8,7-7,39.6,46.2,12.0,478.0,2.0,[西]鈴木孝志,前田幸貴,0.0,2020100747,1166,1111,117031
202408031107,1,8,11,シュピカ,牝6,53.0,吉村誠之,1:53.6,,8-8-11-11,37.4,18.6,6.0,498.0,2.0,[西]千田輝彦,平山靖,800.0,2018101572,1216,1120,55803
202408031107,2,8,10,ウォーターリーダー,牡4,58.0,中井裕二,1:53.6,クビ,5-6-4-3,38.2,39.2,11.0,448.0,-2.0,[西]藤野健太,山岡正人,320.0,2020100948,1141,1200,312006
202408031107,3,4,4,ダンツビガー,牡4,57.0,田口貫太,1:53.7,1/2,1-1-1-1,38.7,4.8,2.0,496.0,-12.0,[西]四位洋文,山元哲二,200.0,2020101712,1208,1184,248005
202408031107,4,1,1,セブンスストリート,牡4,56.0,永島まな,1:53.7,ハナ,11-11-9-10,37.6,10.3,5.0,446.0,8.0,[西]高橋康之,下河辺隆行,120.0,2020101594,1187,1135,272008
202408031107,5,6,7,ゼットスティール,牡4,58.0,団野大成,1:54.1,2.1/2,10-10-7-7,38.2,25.2,7.0,542.0,8.0,[西]川村禎彦,フォーレスト,80.0,2020100202,1180,1003,730800
202408031107,6,6,6,ハイランドリンクス,牝4,56.0,坂井瑠星,1:54.2,1/2,2-2-2-2,39.0,2.0,1.0,488.0,14.0,[西]奥村豊,吉田勝己,0.0,2020103595,1163,1146,790005
202408031107,7,5,5,ガウロン,牡4,58.0,幸英明,1:54.3,1/2,5-5-5-5,38.6,6.4,3.0,522.0,-2.0,[西]大根田裕,村田博司,0.0,2020105873,732,1032,497031
202408031107,8,7,9,ピエトラサンタ,牡6,58.0,岩田望来,1:54.4,1/2,7-6-7-5,38.7,29.1,8.0,516.0,8.0,[西]友道康夫,金子真人ホールディングス,0.0,2018105284,1174,1061,708800
202408031107,9,7,8,テイエムシップ,牡5,58.0,鮫島良太,1:54.5,クビ,3-3-3-4,39.0,10.0,4.0,526.0,4.0,[西]河嶋宏樹,竹園正繼,0.0,2019107031,1099,1198,356002
202408031107,10,2,2,ルージュシェノン,牝5,56.0,西村淳也,1:54.7,1.1/2,4-4-5-7,39.1,31.5,9.0,450.0,2.0,[西]石坂公一,東京ホースレーシング,0.0,2019105541,1171,1166,180800
202408031107,11,3,3,メイショウタクボク,牡4,54.0,河原田菜,1:55.0,2,8-8-9-7,39.1,35.6,10.0,460.0,-6.0,[西]高橋亮,松本好雄,0.0,2020104000,1204,1136,523005
202408031108,1,2,2,アリスヴェリテ,牝4,53.0,柴田裕一,1:57.8,,1-1-1-1,37.2,2.8,1.0,466.0,10.0,[西]中竹和也,加藤誠,1140.0,2020105655,1212,1039,944030
202408031108,2,4,4,カンティプール,牝5,56.0,斎藤新,1:57.8,クビ,3-4-4-4,34.0,7.5,5.0,488.0,10.0,[西]渡辺薫彦,社台レースホース,460.0,2019104703,1178,1155,415800
202408031108,3,7,8,タイセイフェリーク,牝4,56.0,松若風馬,1:58.4,3.1/2,5-5-5-5,34.4,6.1,4.0,422.0,0.0,[西]田中克典,田中成奉,290.0,2020103713,1154,1180,224007
202408031108,4,8,10,ジェモロジー,牝4,56.0,松山弘平,1:58.4,アタマ,3-2-2-2,35.5,4.9,3.0,492.0,0.0,[西]橋口慎介,サンデーレーシング,170.0,2020103560,1126,1154,226800
202408031108,5,8,9,ルソルティール,牝4,53.0,吉村誠之,1:59.1,4,2-2-2-2,36.2,22.8,7.0,438.0,4.0,[西]清水久詞,ノースヒルズ,114.0,2020105614,1216,1110,788800
202408031108,6,6,6,ミタマ,牝4,56.0,鮫島克駿,1:59.1,アタマ,7-7-7-7,34.9,4.8,2.0,480.0,-6.0,[西]上村洋行,ニッシンホールディングス,0.0,2020101892,1157,1168,318803
202408031108,7,1,1,アトミックフレア,牝6,55.0,泉谷楓真,1:59.1,ハナ,6-6-5-5,35.0,90.5,10.0,452.0,2.0,[西]渡辺薫彦,天堀忠博,0.0,2018100190,1182,1155,510033
202408031108,8,5,5,ヴィゴラスダンサー,牝5,56.0,岩田望来,1:59.3,3/4,7-8-8-9,35.0,27.7,8.0,454.0,8.0,[西]友道康夫,前迫義幸,0.0,2019105333,1174,1061,903007
202408031108,9,7,7,コイニョウボウ,牝4,56.0,幸英明,1:59.5,1.1/2,10-10-10-10,34.9,13.8,6.0,426.0,8.0,[西]中尾秀正,岡浩二,0.0,2020104245,732,1069,370008
202408031108,10,3,3,テリオスマナ,牝6,56.0,西村淳也,1:59.6,アタマ,9-9-8-7,35.4,31.4,9.0,472.0,8.0,[西]松下武士,鈴木美江子,0.0,2018103377,1171,1149,881033
202408031109,1,6,6,カシマエスパーダ,牡3,57.0,田辺裕信,1:51.1,,2-2-2-2,37.4,4.0,1.0,504.0,8.0,[東]鈴木慎太,松浦一久,1923.8,2021106014,1075,1179,813007
202408031109,2,4,4,ブルーサン,牡3,58.0,和田竜二,1:51.8,4,1-1-1-1,38.4,4.5,4.0,508.0,-1.0,[西]川村禎彦,石瀬浩三,766.8,2021106171,1018,1003,812008
202408031109,3,7,9,ミッキークレスト,牡3,57.0,坂井瑠星,1:52.4,3.1/2,8-8-3-3,38.3,4.4,3.0,512.0,-16.0,[西]大久保龍,野田みづき,483.4,2021105112,1163,1058,441007
202408031109,4,6,7,コトホドサヨウニ,牡3,57.0,城戸義政,1:52.8,2.1/2,3-3-3-4,38.8,4.3,2.0,502.0,0.0,[西]奥村豊,幅田京子,290.0,2021103306,1147,1146,320030
202408031109,5,1,1,デトネイション,牡3,57.0,角田大河,1:53.0,1.1/2,11-11-6-5,38.4,6.7,5.0,518.0,2.0,[西]石橋守,ゴドルフィン,190.0,2021101661,1199,1140,3060
202408031109,6,3,3,オウケンシルヴァー,牡3,57.0,Ｍ．デム,1:53.8,5,9-9-7-7,39.2,100.1,11.0,484.0,-2.0,[東]松永康利,福井明,0.0,2021103017,5212,1093,731006
202408031109,7,2,2,ノットイナフ,牡3,57.0,幸英明,1:54.3,2.1/2,10-10-9-8,39.1,20.6,7.0,468.0,-2.0,[西]浜田多実,ノースヒルズ,0.0,2021106625,732,1138,788800
202408031109,8,7,8,センチュリボンド,牡3,57.0,武豊,1:54.7,2.1/2,5-6-11-10,39.3,16.5,6.0,474.0,-6.0,[西]庄野靖志,中水英紀,0.0,2021104158,666,1087,282031
202408031109,9,8,11,モズミギカタアガリ,牝3,55.0,岩田康誠,1:55.2,3,3-4-5-5,41.0,44.4,9.0,462.0,2.0,[西]藤岡健一,キャピタル・システム,0.0,2021102868,5203,1062,5803
202408031109,10,5,5,シークレットキー,牡3,57.0,松山弘平,1:55.9,4,5-6-9-11,40.7,35.5,8.0,494.0,6.0,[西]杉山晴紀,シルクレーシング,0.0,2021105489,1126,1157,506800
202408031109,11,8,10,ピカレスクノベル,牡3,57.0,小沢大仁,1:56.6,4,5-5-7-8,41.8,87.6,10.0,508.0,8.0,[西]高橋義忠,加藤徹,0.0,2021106087,1185,1129,36006
202408031110,1,2,4,ミスティックロア,牡4,56.0,坂井瑠星,1:58.8,,11-11-11-5,37.0,2.1,1.0,530.0,8.0,[西]矢作芳人,ＤＭＭドリームクラブ,1876.4,2020110075,1163,1075,26803
202408031110,2,1,2,ゴールドバランサー,牡4,56.0,田辺裕信,1:58.9,クビ,4-4-3-3,37.6,15.4,8.0,456.0,-8.0,[東]鈴木慎太,居城寿与,750.4,2020105835,1075,1179,712033
202408031110,3,7,14,カネトシブルーム,牡5,55.0,岩田康誠,1:59.2,2,1-1-1-1,38.2,14.3,6.0,512.0,-8.0,[西]大橋勇樹,兼松昌男,465.2,2019106475,5203,1065,939006
202408031110,4,6,11,マオノアラシ,牡4,56.0,幸英明,1:59.4,1.1/2,7-6-7-5,37.9,61.5,13.0,498.0,4.0,[東]加藤士津,湯浅健司,280.0,2020100850,732,1169,793033
202408031110,5,4,7,ペイシャモノノフ,牡4,55.0,酒井学,1:59.7,1.1/2,2-2-2-2,38.5,15.1,7.0,480.0,2.0,[西]畑端省吾,北所直人,184.0,2020101020,1034,1188,163002
202408031110,6,1,1,タガノエスコート,牡5,57.0,武豊,1:59.7,クビ,15-15-12-10,37.7,7.7,2.0,504.0,0.0,[西]小林真也,八木良司,0.0,2019100539,666,1185,859002
202408031110,7,4,8,オシゲ,牝4,53.0,池添謙一,1:59.8,クビ,6-6-7-5,38.2,9.9,4.0,494.0,10.0,[西]須貝尚介,大和屋暁,0.0,2020106642,1032,1105,324030
202408031110,8,2,3,ビップスコーピオン,牡4,56.0,鮫島克駿,1:59.9,1/2,9-9-5-5,38.4,54.1,12.0,450.0,-6.0,[東]田島俊明,鈴木邦英,0.0,2020103199,1157,1112,524030
202408031110,9,6,12,クレメダンジュ,牝4,55.0,和田竜二,2:00.5,3.1/2,12-12-12-13,38.4,11.3,5.0,468.0,-4.0,[西]鈴木孝志,ノースヒルズ,0.0,2020105627,1018,1111,788800
202408031110,10,3,6,スマラグドス,牡4,55.0,田口貫太,2:00.5,アタマ,7-8-9-10,38.8,34.1,11.0,478.0,4.0,[西]西園正都,グリーンファーム,0.0,2020102798,1208,1028,148800
202408031110,11,3,5,ワセダハーツ,牡6,54.0,松若風馬,2:00.6,3/4,16-16-15-15,38.3,79.0,14.0,448.0,2.0,[西]橋口慎介,大冨智弘,0.0,2018104729,1154,1154,73803
202408031110,12,8,15,マイネルクロンヌ,牡7,56.0,Ｍ．デム,2:01.0,2,9-9-9-10,39.3,21.8,9.0,504.0,4.0,[東]青木孝文,サラブレッドクラブ・ラフィアン,0.0,2017102952,5212,1156,546800
202408031110,13,5,9,ハンディーズピーク,牡6,55.0,小崎綾也,2:01.0,アタマ,13-13-14-14,38.9,125.6,16.0,522.0,-6.0,[西]大久保龍,前田幸治,0.0,2018102060,1152,1058,948006
202408031110,14,8,16,フジマサインパクト,牡6,55.0,内田博幸,2:01.0,ハナ,14-14-15-16,38.7,122.7,15.0,424.0,-8.0,[東]菊川正達,藤原正一,0.0,2018104778,422,1052,507007
202408031110,15,7,13,ジュタロウ,牡5,56.0,岩田望来,2:01.4,2.1/2,4-4-5-5,39.9,9.6,3.0,486.0,2.0,[西]河内洋,芳賀美知子,0.0,2019110053,1174,1072,277033
202408031110,16,5,10,シダー,牝5,56.0,松山弘平,2:01.9,3,2-3-3-3,40.6,31.0,10.0,512.0,14.0,[西]本田優,ケーエスＨＤ,0.0,2019100177,1126,1099,334803
202408031111,1,8,17,ピューロマジック,牝3,55.0,横山和生,1:07.1,,1-1,33.9,24.1,8.0,446.0,-4.0,[西]安田翔伍,スリーエイチレーシング,4163.0,2021107058,1140,1164,72803
202408031111,2,7,13,ペアポルックス,牡3,57.0,松若風馬,1:07.3,1.1/4,2-2,33.9,16.6,7.0,474.0,-2.0,[西]梅田智之,廣崎双葉,1618.0,2021102320,1154,1084,315031
202408031111,3,7,14,ナナオ,牝3,55.0,和田竜二,1:07.3,ハナ,3-3,33.8,12.3,6.0,436.0,14.0,[西]小栗実,増田和啓,1009.0,2021102392,1018,1194,345033
202408031111,4,5,10,エトヴプレ,牝3,55.0,藤岡佑介,1:07.5,1,8-8,33.6,2.9,1.0,462.0,4.0,[西]藤岡健一,Ｈ．Ｈ．シェイク・ハムダン,620.0,2021110027,1093,1062,4060
202408031111,5,6,12,シカゴスティング,牝3,55.0,西村淳也,1:07.5,ハナ,8-8,33.6,36.5,12.0,428.0,-6.0,[西]庄野靖志,辻川弘,410.0,2021105242,1171,1087,314006
202408031111,6,1,1,ナムラアトム,牡3,57.0,浜中俊,1:07.5,クビ,13-11,33.4,7.6,3.0,488.0,4.0,[西]長谷川浩,奈村睦弘,0.0,2021102888,1115,1173,972002
202408031111,7,5,9,アウェイキング,牡3,57.0,菱田裕二,1:07.7,3/4,15-16,33.3,25.4,10.0,488.0,-4.0,[西]矢作芳人,藤田晋,0.0,2021110049,1144,1075,232031
202408031111,8,6,11,エポックヴィーナス,牝3,55.0,酒井学,1:07.7,クビ,11-14,33.6,58.9,16.0,436.0,-4.0,[西]新谷功一,山田有暉朗,0.0,2021104153,1034,1172,777031
202408031111,9,2,3,ガロンヌ,牡3,57.0,池添謙一,1:07.8,クビ,17-14,33.4,8.0,4.0,468.0,0.0,[西]上村洋行,杉山忠国,0.0,2021100494,1032,1168,53803
202408031111,10,3,6,オーキッドロマンス,牡3,57.0,内田博幸,1:07.9,3/4,4-4,34.3,6.6,2.0,484.0,2.0,[東]手塚貴久,ミルファーム,0.0,2021103323,422,1038,629800
202408031111,11,3,5,アスクワンタイム,牡3,57.0,岩田望来,1:07.9,ハナ,13-11,33.9,33.7,11.0,452.0,0.0,[西]梅田智之,廣崎利洋,0.0,2021102315,1174,1084,539002
202408031111,12,8,18,カルチャーデイ,牝3,55.0,武豊,1:07.9,アタマ,18-17,33.1,40.3,13.0,400.0,-10.0,[西]四位洋文,ＭＭＳホールディングス,0.0,2021104556,666,1184,375803
202408031111,13,8,16,エリカカリーナ,牝3,55.0,鮫島克駿,1:07.9,アタマ,10-10,33.9,12.1,5.0,432.0,8.0,[東]宮田敬介,三木正浩,0.0,2021105485,1157,1175,195031
202408031111,14,2,4,ニコラウス,牡3,57.0,荻野極,1:08.0,クビ,15-17,33.5,68.6,17.0,436.0,-4.0,[東]上原佑紀,中辻明,0.0,2021104908,1160,1192,646030
202408031111,15,1,2,モンシュマン,牡3,57.0,松山弘平,1:08.0,クビ,11-11,33.9,24.5,9.0,458.0,-10.0,[西]上村洋行,社台レースホース,0.0,2021105054,1126,1168,415800
202408031111,16,4,8,モズトキキ,牝3,55.0,亀田温心,1:08.1,3/4,6-6,34.3,46.5,14.0,548.0,10.0,[西]村山明,キャピタル・システム,0.0,2021102914,1176,1107,5803
202408031111,17,7,15,クリスアーサー,牡3,57.0,幸英明,1:08.4,1.1/2,4-4,34.8,54.2,15.0,514.0,10.0,[西]渡辺薫彦,大戸志浦,0.0,2021104006,732,1155,520030
202408031111,18,4,7,ジョーローリット,牝3,55.0,柴田裕一,1:08.6,1.1/2,6-6,34.8,150.0,18.0,478.0,0.0,[西]中竹和也,上田江吏子,0.0,2021100768,1212,1039,32031
202408031112,1,7,13,アスクビギンアゲン,牡5,58.0,岩田望来,1:19.9,,12-12,34.1,28.9,12.0,564.0,-2.0,[西]梅田智之,廣崎利洋,1140.0,2019101079,1174,1084,539002
202408031112,2,4,8,メイショウカイト,牝6,56.0,松山弘平,1:20.0,1/2,10-7,34.5,9.0,4.0,474.0,0.0,[西]荒川義之,松本好雄,460.0,2018103368,1126,1095,523005
202408031112,3,6,11,メイショウピース,牝4,56.0,鮫島克駿,1:20.1,3/4,4-5,34.9,15.2,5.0,468.0,-2.0,[西]高橋亮,松本好隆,290.0,2020106901,1157,1136,911008
202408031112,4,4,7,アクートゥス,牡4,56.0,西塚洸二,1:20.1,クビ,13-14,34.2,19.6,6.0,468.0,10.0,[西]藤原英昭,社台レースホース,170.0,2020102625,1200,1055,415800
202408031112,5,1,1,エマヌエーレ,牡4,58.0,和田竜二,1:20.2,クビ,4-3,35.2,7.6,3.0,496.0,-10.0,[西]平田修,丸山担,114.0,2020103280,1018,1082,922030
202408031112,6,7,14,スペクトログラム,牡5,58.0,横山和生,1:20.3,1/2,16-16,33.6,28.7,11.0,504.0,0.0,[西]池江泰寿,シルクレーシング,0.0,2019105186,1140,1071,506800
202408031112,7,6,12,ルヴァンノワール,牝6,56.0,荻野極,1:20.3,クビ,7-7,34.9,137.2,17.0,464.0,4.0,[西]庄野靖志,ＶｉｒｉｄｉａｎＫｅｉｂａＣｌｕｂ,0.0,2018106701,1160,1087,92700
202408031112,8,7,15,ワンダーカタリナ,牡7,57.0,角田大和,1:20.3,クビ,15-15,34.3,108.5,16.0,514.0,-4.0,[西]河内洋,山本能成,0.0,2017102940,1186,1072,184033
202408031112,9,2,4,マチカゼ,牡4,58.0,西村淳也,1:20.3,ハナ,6-5,35.1,2.3,1.0,490.0,0.0,[西]杉山晴紀,藤田晋,0.0,2020103668,1171,1157,232031
202408031112,10,8,16,ショウナンナダル,牝5,56.0,浜中俊,1:20.3,ハナ,13-9,34.6,34.3,13.0,456.0,4.0,[西]須貝尚介,国本哲秀,0.0,2019101253,1115,1105,331002
202408031112,11,8,18,ヤマニンアンフィル,牝5,56.0,団野大成,1:20.4,1/2,11-12,34.8,23.0,8.0,480.0,-2.0,[西]斉藤崇史,土井肇,0.0,2019100604,1180,1151,329004
202408031112,12,8,17,トーホウフランゴ,牝4,54.0,永島まな,1:20.7,1.1/2,8-9,35.2,28.4,10.0,444.0,4.0,[西]高橋康之,東豊物産,0.0,2020101763,1187,1135,965800
202408031112,13,3,6,メイケイバートン,牡5,55.0,柴田裕一,1:20.9,1.1/2,3-3,36.0,22.7,7.0,470.0,2.0,[西]中竹和也,名古屋競馬,0.0,2019104818,1212,1039,4800
202408031112,14,5,9,フルメタルボディー,セ4,55.0,吉村誠之,1:21.3,2.1/2,1-1,36.7,6.8,2.0,490.0,0.0,[西]清水久詞,社台レースホース,0.0,2020102867,1216,1110,415800
202408031112,15,2,3,ワーフデール,牝5,56.0,北村友一,1:21.6,1.1/2,8-9,36.1,51.6,15.0,466.0,-6.0,[西]西園翔太,Ｇ１レーシング,0.0,2019105445,1102,1196,808800
202408031112,16,3,5,ウルトラソニック,牡6,58.0,川須栄彦,1:21.7,3/4,2-2,36.9,37.0,14.0,476.0,-4.0,[西]中尾秀正,中野義一,0.0,2018102091,1128,1069,629002
202408031112,17,1,2,アルナージェイン,牝4,55.0,角田大河,1:26.1,大,17-17,37.7,25.0,9.0,504.0,2.0,[西]奥村豊,ＭＫレーシング,0.0,2020103692,1199,1146,731031
202408031112,-2,5,10,システムリブート,牡4,58.0,幸英明,,,,,,,,,[西]吉岡辰弥,山口裕介,0.0,2020106727,732,1176,798033
202408031201,1,2,4,タマモナポリ,牝3,52.0,高杉吏麒,1:54.8,,1-1-1-1,38.9,14.1,6.0,450.0,4.0,[西]河嶋宏樹,タマモ,550.0,2021106177,1213,1198,515800
202408031201,2,8,15,ハイウェイスター,牝3,55.0,北村友一,1:55.0,1.1/2,4-3-3-3,38.8,8.5,4.0,482.0,6.0,[西]宮本博,ノースヒルズ,220.0,2021106621,1102,1073,788800
202408031201,3,3,6,オテンバムスメ,牝3,53.0,永島まな,1:55.2,1,16-16-8-6,38.5,5.8,2.0,428.0,-4.0,[西]北出成人,岡浩二,140.0,2021103867,1187,1078,370008
202408031201,4,8,16,ナムラリーナ,牝3,55.0,和田竜二,1:55.5,2,2-2-2-2,39.4,13.7,5.0,488.0,2.0,[西]川村禎彦,奈村睦弘,83.0,2021104304,1018,1003,972002
202408031201,5,7,14,ゼットレジーナ,牝3,55.0,団野大成,1:55.9,2,10-11-7-6,39.4,2.0,1.0,432.0,-2.0,[西]吉田直弘,フォーレスト,55.0,2021105919,1180,1101,730800
202408031201,6,1,2,ココシャンパーニュ,牝3,52.0,吉村誠之,1:56.1,1.1/4,6-6-9-8,39.4,14.7,7.0,454.0,4.0,[西]音無秀孝,大塚亮一,0.0,2021105902,1216,1002,858800
202408031201,7,1,1,ルージュロンサール,牝3,54.0,小沢大仁,1:56.1,ハナ,7-6-5-4,39.8,244.3,14.0,440.0,-2.0,[西]高橋義忠,三田昌宏,0.0,2021105542,1185,1129,872800
202408031201,8,7,13,ヴィーナスウインズ,牝3,55.0,松若風馬,1:56.8,4,15-14-16-14,39.1,90.5,11.0,398.0,18.0,[西]鮫島一歩,ヒダカ・ブリーダーズ・ユニオン,0.0,2021102688,1154,1046,547800
202408031201,9,6,12,フレーズタルト,牝3,55.0,川須栄彦,1:57.0,1.1/4,7-8-9-10,40.1,186.4,12.0,464.0,-4.0,[西]長谷川浩,高昭牧場,0.0,2021100742,1128,1173,117800
202408031201,10,4,8,モニーレ,牝3,54.0,角田大河,1:57.0,クビ,12-11-14-15,39.2,308.3,16.0,452.0,0.0,[西]茶木太樹,社台レースホース,0.0,2021105299,1199,1181,415800
202408031201,11,2,3,メイショウベル,牝3,52.0,橋木太希,1:57.6,3.1/2,3-3-5-8,41.3,195.0,13.0,484.0,-1.0,[西]西園正都,松本好雄,0.0,2021103302,1215,1028,523005
202408031201,12,4,7,メイショウエレジー,牝3,54.0,角田大和,1:57.8,1.1/2,4-5-3-4,41.5,18.8,8.0,452.0,0.0,[西]角田晃一,松本好雄,0.0,2021103213,1186,1121,523005
202408031201,13,5,10,セウタ,牝3,55.0,三浦皇成,1:57.9,クビ,12-14-11-11,40.5,7.9,3.0,478.0,8.0,[西]辻野泰之,サンデーレーシング,0.0,2021105376,1122,1183,226800
202408031201,14,5,9,ワイドセレブ,牝3,55.0,富田暁,1:58.2,2,12-11-12-11,40.9,262.7,15.0,464.0,22.0,[西]笹田和秀,幅田京子,0.0,2021103447,1168,1104,320030
202408031201,15,3,5,アスセナ,牝3,54.0,田口貫太,1:58.3,1/2,9-8-12-11,40.9,28.4,9.0,476.0,-2.0,[西]牧田和弥,三宅勝俊,0.0,2021104645,1208,1123,372008
202408031201,16,6,11,フリーセント,牝3,51.0,古川奈穂,2:00.6,大,10-10-14-15,42.8,83.9,10.0,452.0,0.0,[西]羽月友彦,永田和彦,0.0,2021100599,1190,1091,875006
202408031202,1,7,13,ジュンラトゥール,牡3,57.0,和田竜二,2:00.6,,4-6-5-4,37.9,2.3,1.0,456.0,2.0,[西]浜田多実,河合純二,550.0,2021104039,1018,1138,165033
202408031202,2,3,5,アイファーキャップ,牡3,55.0,西塚洸二,2:01.0,2.1/2,4-3-4-4,38.6,6.2,3.0,456.0,4.0,[西]鮫島一歩,中島稔,220.0,2021107295,1200,1046,119007
202408031202,3,8,16,メイショウヨスガラ,セ3,57.0,高倉稜,2:01.0,ハナ,2-2-2-2,39.0,8.5,5.0,472.0,4.0,[西]渡辺薫彦,松本好雄,140.0,2021102569,1130,1155,523005
202408031202,4,2,4,カフジテルビウム,牡3,57.0,川又賢治,2:01.2,1.1/2,1-1-1-1,39.6,5.1,2.0,476.0,4.0,[西]杉山佳明,加藤守,83.0,2021102150,1166,1178,19004
202408031202,5,5,9,ブラックルチル,牡3,57.0,北村友一,2:01.8,3.1/2,3-3-3-3,39.6,6.6,4.0,482.0,2.0,[西]池江泰寿,キャロットファーム,55.0,2021105530,1102,1071,486800
202408031202,6,7,14,ディアモミノル,牡3,56.0,泉谷楓真,2:02.1,2,14-14-13-11,38.3,107.5,11.0,502.0,-2.0,[西]本田優,吉岡輝美,0.0,2021104431,1182,1099,337031
202408031202,7,2,3,テクノドラゴン,牡3,57.0,井上敏樹,2:02.4,1.1/2,7-7-11-9,39.0,33.2,7.0,442.0,4.0,[西]宮本博,梶山高志,0.0,2021105277,1151,1073,879004
202408031202,8,1,1,カチドキ,牡3,54.0,吉村誠之,2:02.4,クビ,10-10-6-6,39.6,77.0,10.0,506.0,-8.0,[西]橋口慎介,岡浩二,0.0,2021103980,1216,1154,370008
202408031202,9,1,2,ノーブルエンペラー,牡3,54.0,川端海翼,2:03.3,5,9-9-6-6,40.3,325.9,15.0,470.0,0.0,[西]宮本博,吉木伸彦,0.0,2021102851,1195,1073,755030
202408031202,10,4,8,シュガーフリー,牡3,57.0,佐々木大,2:03.3,クビ,7-7-8-8,40.2,57.1,8.0,442.0,0.0,[西]大久保龍,ゴドルフィン,0.0,2021101655,1197,1058,3060
202408031202,11,3,6,ベルベストランナー,牡3,57.0,小崎綾也,2:04.0,4,11-12-11-11,40.5,11.3,6.0,466.0,12.0,[西]西村真幸,宮崎俊也,0.0,2021103591,1152,1148,123031
202408031202,12,5,10,アイアンウォール,牡3,57.0,幸英明,2:04.4,2.1/2,11-10-8-9,41.1,58.7,9.0,500.0,-2.0,[西]大根田裕,宮川純造,0.0,2021102593,732,1032,350002
202408031202,13,8,15,クラウンファラデー,牡3,54.0,柴田裕一,2:04.4,クビ,14-16-16-16,39.1,590.2,16.0,422.0,0.0,[西]中竹和也,矢野悦三,0.0,2021101260,1212,1039,18034
202408031202,14,4,7,テンマ,牡3,57.0,太宰啓介,2:04.6,1.1/4,13-13-14-14,40.5,165.8,13.0,506.0,-2.0,[西]高橋亮,増田江利子,0.0,2021102109,1037,1136,635031
202408031202,15,6,12,カスクノワール,牡3,56.0,角田大和,2:05.9,8,4-3-10-13,42.5,267.4,14.0,514.0,2.0,[西]角田晃一,窪田芳郎,0.0,2021104097,1186,1121,208008
202408031202,16,6,11,シャウトアウト,牡3,56.0,小沢大仁,2:07.6,10,16-15-15-15,43.4,164.1,12.0,482.0,0.0,[西]今野貞一,吉田照哉,0.0,2021105140,1185,1128,758005
202408031203,1,2,3,ペルフェツィオーネ,牡3,57.0,斎藤新,1:33.7,,3-4,34.6,9.8,6.0,466.0,4.0,[西]杉山佳明,ローレルレーシング,550.0,2021106690,1178,1178,32800
202408031203,2,1,2,エリカマルゲリータ,牝3,54.0,田口貫太,1:33.7,アタマ,2-2,34.8,3.0,1.0,466.0,4.0,[西]安田翔伍,唐澤絵里加,220.0,2021110059,1208,1164,613031
202408031203,3,4,8,ギルトエッジ,牡3,57.0,北村友一,1:33.7,クビ,5-4,34.6,13.3,7.0,494.0,2.0,[西]森田直行,林正道,140.0,2021104537,1102,1142,675030
202408031203,4,7,14,マサノカナリア,牝3,55.0,幸英明,1:33.8,3/4,1-1,35.0,8.0,4.0,460.0,10.0,[西]藤野健太,猪野毛雅人,83.0,2021100019,732,1200,806002
202408031203,5,5,9,ラガークイン,牝3,54.0,角田大河,1:33.8,ハナ,7-7,34.5,8.3,5.0,404.0,0.0,[西]大久保龍,奥村訓彦,55.0,2021105416,1199,1058,248031
202408031203,6,8,17,ミッキースターダム,牡3,57.0,菱田裕二,1:33.8,ハナ,5-3,34.8,4.5,2.0,456.0,-4.0,[西]音無秀孝,野田みづき,0.0,2021105765,1144,1002,441007
202408031203,7,6,12,エイシンオニキス,牝3,55.0,団野大成,1:33.9,1/2,7-4,34.7,42.3,9.0,426.0,6.0,[西]渡辺薫彦,栄進堂,0.0,2021100443,1180,1155,785800
202408031203,8,5,10,ロードクロンヌ,牡3,57.0,佐々木大,1:34.2,1.1/2,9-7,34.7,6.0,3.0,470.0,-2.0,[西]四位洋文,ロードホースクラブ,0.0,2021100169,1197,1184,170800
202408031203,9,2,4,ラボニータ,牝3,52.0,高杉吏麒,1:34.2,ハナ,11-13,34.4,165.9,13.0,434.0,6.0,[西]浜田多実,吉田千津,0.0,2021105267,1213,1138,310007
202408031203,10,7,13,ワンモアビスケット,牝3,55.0,国分優作,1:34.3,3/4,14-14,34.4,425.0,17.0,458.0,2.0,[西]緒方努,ノルマンディーサラブレッドレーシング,0.0,2021103540,1125,1193,854800
202408031203,11,3,6,コワン,牝3,52.0,川端海翼,1:34.3,ハナ,11-11,34.6,364.6,14.0,412.0,8.0,[西]吉岡辰弥,牧埜幸一,0.0,2021103234,1195,1176,160031
202408031203,12,8,15,リーサムギニー,牡3,57.0,三浦皇成,1:34.4,3/4,9-7,34.9,74.9,11.0,498.0,0.0,[西]矢作芳人,平田修,0.0,2021110081,1122,1075,11008
202408031203,13,1,1,ビカムキング,牡3,55.0,西塚洸二,1:34.9,3,11-11,35.3,36.5,8.0,498.0,0.0,[西]藤原英昭,キーファーズ,0.0,2021110046,1200,1055,2803
202408031203,14,4,7,テイエムキャニー,牝3,55.0,太宰啓介,1:35.1,1,15-14,35.2,378.2,15.0,424.0,-6.0,[西]畑端省吾,竹園正繼,0.0,2021106720,1037,1188,356002
202408031203,15,3,5,オーサムユニバンス,牡3,55.0,永島まな,1:35.5,2.1/2,17-17,35.1,46.4,10.0,432.0,-4.0,[西]平田修,亀井哲也,0.0,2021105687,1187,1082,164008
202408031203,16,8,16,ダークケリー,牝3,52.0,吉村誠之,1:35.5,クビ,15-16,35.5,108.5,12.0,428.0,0.0,[西]高柳大輔,水谷美穂,0.0,2021106577,1216,1159,569031
202408031203,17,6,11,キュルビス,牝3,52.0,柴田裕一,1:37.1,10,3-7,38.0,411.5,16.0,450.0,10.0,[西]緒方努,谷崎森吾,0.0,2021100413,1212,1193,706031
202408031205,1,3,3,ディーガレジェンド,牡3,57.0,菱田裕二,2:00.8,,3-3-4-4,34.4,2.8,1.0,452.0,4.0,[西]藤原英昭,東豊物産,550.0,2021105072,1144,1055,965800
202408031205,2,6,9,モズマーヴェリック,牡3,55.0,西塚洸二,2:00.8,クビ,7-8-8-7,34.1,10.7,5.0,492.0,-4.0,[西]牧浦充徳,キャピタル・システム,220.0,2021100225,1200,1113,5803
202408031205,3,7,12,バーキン,牝3,54.0,田口貫太,2:00.9,1/2,3-3-3-2,34.6,6.7,4.0,462.0,0.0,[西]西園翔太,石川達絵,140.0,2021104457,1208,1196,248030
202408031205,4,5,8,カルデア,牡3,57.0,和田竜二,2:01.1,1.1/4,6-5-6-7,34.5,3.4,2.0,454.0,2.0,[西]友道康夫,インゼルレーシング,83.0,2021105049,1018,1061,356803
202408031205,5,8,13,トラウムビルト,牝3,55.0,団野大成,2:01.1,クビ,5-5-6-4,34.6,19.7,8.0,444.0,-6.0,[西]中尾秀正,Ｇ１レーシング,55.0,2021104774,1180,1069,808800
202408031205,6,4,5,サイコウダネ,牡3,53.0,古川奈穂,2:01.2,クビ,1-1-1-1,35.2,6.4,3.0,446.0,-2.0,[西]清水久詞,マークス,0.0,2021102701,1190,1110,344803
202408031205,7,4,6,ナムラスカー,牡3,57.0,小崎綾也,2:01.5,1.3/4,13-13-10-10,34.5,114.5,10.0,504.0,-6.0,[西]高橋一哉,奈村睦弘,0.0,2021106335,1152,1206,972002
202408031205,8,7,11,ヴァリエンテシチー,牡3,54.0,高杉吏麒,2:01.5,クビ,10-10-10-11,34.3,222.1,13.0,484.0,0.0,[西]牧田和弥,友駿ホースクラブ,0.0,2021100885,1213,1123,321800
202408031205,9,5,7,アキノサザン,牡3,57.0,岡田祥嗣,2:01.6,3/4,11-11-14-14,33.9,86.2,9.0,480.0,-6.0,[西]河嶋宏樹,徳山彰俊,0.0,2021102517,5429,1198,883033
202408031205,10,6,10,ブルーパール,牝3,55.0,富田暁,2:02.0,2,7-7-4-4,35.6,18.2,7.0,454.0,6.0,[西]武英智,谷掛龍夫,0.0,2021105173,1168,1161,727008
202408031205,11,2,2,ハギノアネラ,牝3,55.0,北村友一,2:02.3,2,9-8-9-9,35.4,14.9,6.0,474.0,0.0,[西]高野友和,安岡美津子,0.0,2021100990,1102,1117,631006
202408031205,12,8,14,シャガールブルー,牝3,52.0,柴田裕一,2:02.9,3.1/2,11-11-12-12,35.5,137.0,11.0,444.0,0.0,[西]辻野泰之,野田善己,0.0,2021100237,1212,1183,537033
202408031205,13,1,1,ペイシャラブリー,牝3,53.0,永島まな,2:03.2,1.3/4,2-2-2-2,37.0,139.7,12.0,436.0,4.0,[西]高橋康之,北所直人,0.0,2021104215,1187,1135,163002
202408031205,14,3,4,アマンディーヌ,牝3,55.0,三浦皇成,2:03.5,2,14-14-12-12,36.1,240.3,14.0,428.0,-6.0,[西]畑端省吾,ディアレストクラブ,0.0,2021101124,1122,1188,13803
202408031206,1,6,7,メイショウヨシノ,牝3,55.0,団野大成,1:25.1,,4-4,37.0,6.5,4.0,458.0,-4.0,[西]荒川義之,松本好雄,780.0,2021103207,1180,1095,523005
202408031206,2,7,9,ディスタントスカイ,牡3,57.0,斎藤新,1:25.1,ハナ,2-2,37.2,3.2,2.0,496.0,-2.0,[西]角田晃一,前田幸治,310.0,2021110067,1178,1121,948006
202408031206,3,7,10,ベント,セ3,57.0,小崎綾也,1:25.3,1.1/4,3-2,37.3,164.0,12.0,424.0,-2.0,[西]小崎憲,ケーエスＨＤ,200.0,2021104504,1152,1085,334803
202408031206,4,8,11,ポンピエ,牡3,57.0,幸英明,1:25.3,クビ,4-4,37.1,36.5,9.0,446.0,-4.0,[西]西園正都,社台レースホース,120.0,2021104945,732,1028,415800
202408031206,5,8,12,ヴォルスター,牡3,54.0,吉村誠之,1:25.5,1.1/2,1-1,37.7,4.3,3.0,428.0,-2.0,[西]清水久詞,モンレーヴ,78.0,2021100677,1216,1110,133803
202408031206,6,2,2,ノーブルゲイル,牡3,57.0,三浦皇成,1:25.9,2,9-8,37.3,3.1,1.0,474.0,2.0,[東]中川公成,吉木伸彦,0.0,2021104283,1122,1081,755030
202408031206,7,3,3,ラブディーヴァ,牝3,55.0,松若風馬,1:26.4,3,6-6,38.0,22.8,6.0,446.0,-8.0,[西]杉山晴紀,ヒダカ・ブリーダーズ・ユニオン,0.0,2021104074,1154,1157,547800
202408031206,8,1,1,アスクナサニエル,牡3,55.0,西塚洸二,1:26.4,アタマ,9-9,37.8,14.5,5.0,506.0,-6.0,[西]藤原英昭,廣崎利洋ＨＤ,0.0,2021110006,1200,1055,37803
202408031206,9,6,8,ディーノサンライズ,牝3,53.0,永島まな,1:26.6,1.1/4,11-9,37.7,86.2,10.0,444.0,4.0,[西]高橋康之,坂本守孝,0.0,2021101289,1187,1135,876033
202408031206,10,5,6,メイプルギャング,牡3,54.0,橋木太希,1:27.0,2,6-9,38.4,23.0,7.0,486.0,-4.0,[西]中竹和也,加藤誠,0.0,2021110063,1215,1039,944030
202408031206,11,4,4,アスタールテニウム,牡3,54.0,柴田裕一,1:27.1,3/4,12-12,37.9,25.4,8.0,494.0,2.0,[西]中竹和也,加藤久枝,0.0,2021101548,1212,1039,935003
202408031206,12,5,5,ニュージェネラル,牝3,55.0,富田暁,1:27.2,3/4,6-6,38.8,105.6,11.0,460.0,16.0,[西]武英智,グリーンファーム,0.0,2021109087,1168,1161,148800
202408031207,1,4,4,アウフヘーベン,牝4,56.0,菱田裕二,1:47.5,,2-2,33.5,2.9,2.0,462.0,4.0,[西]高橋亮,ＧＥＴＮＥＸＴ,800.0,2020105305,1144,1136,353803
202408031207,2,2,2,アレンテージョ,牡4,58.0,団野大成,1:47.5,クビ,3-3,33.4,2.5,1.0,480.0,8.0,[西]坂口智康,Ｇ１レーシング,320.0,2020102539,1180,1170,808800
202408031207,3,3,3,ダイヤモンドハンズ,牡4,58.0,北村友一,1:47.8,1.1/2,3-3,33.8,3.8,3.0,512.0,-10.0,[西]池江泰寿,サンデーレーシング,200.0,2020103647,1102,1071,226800
202408031207,4,6,6,メイショウサンガ,牡7,55.0,高杉吏麒,1:47.9,3/4,9-9,33.4,11.4,4.0,522.0,0.0,[西]千田輝彦,松本好雄,120.0,2017106366,1213,1120,523005
202408031207,5,7,7,コントリビューター,牡4,56.0,西塚洸二,1:48.0,クビ,5-6,33.8,31.0,7.0,480.0,6.0,[西]野中賢二,ゴドルフィン,80.0,2020101841,1200,1098,3060
202408031207,6,5,5,ニホンピロマリブ,牡6,58.0,国分優作,1:48.1,1/2,5-3,33.9,52.4,8.0,464.0,4.0,[西]安達昭夫,小林英一,0.0,2018104162,1125,1042,587031
202408031207,7,8,10,セルケト,牝5,55.0,角田大河,1:48.1,ハナ,5-6,33.8,24.8,6.0,496.0,-2.0,[西]藤野健太,吉田勝己,0.0,2019105272,1199,1200,790005
202408031207,8,7,8,エレアイム,牝5,53.0,吉村誠之,1:48.1,ハナ,1-1,34.2,226.2,10.0,492.0,6.0,[西]小椋研介,サンデーレーシング,0.0,2019105059,1216,1197,226800
202408031207,9,1,1,トラストエムシー,牡4,57.0,田口貫太,1:48.2,1/2,5-8,33.8,15.9,5.0,440.0,2.0,[西]北出成人,コスモ・コスモ,0.0,2020103502,1208,1078,360803
202408031207,10,8,9,カズキ,牡4,58.0,松若風馬,1:48.3,3/4,9-9,33.8,55.3,9.0,438.0,-6.0,[西]梅田智之,大石秀夫,0.0,2020102340,1154,1084,374009
202408031208,1,3,5,グッドウッドガイ,牡5,58.0,中井裕二,1:11.8,,8-8,35.4,14.3,6.0,512.0,-6.0,[西]村山明,栗原正章,1140.0,2019105709,1141,1107,379031
202408031208,2,7,13,ツークフォーゲル,牡4,58.0,団野大成,1:12.0,1,12-9,35.2,3.4,1.0,546.0,-6.0,[西]荒川義之,ノースヒルズ,460.0,2020105635,1180,1095,788800
202408031208,3,7,12,ジョヴィアン,牡4,58.0,和田竜二,1:12.1,1/2,1-1,36.5,3.9,2.0,506.0,-2.0,[西]奥村豊,吉田和美,290.0,2020110127,1018,1146,138007
202408031208,4,1,1,プレイテシア,牝5,55.0,角田大和,1:12.1,クビ,10-9,35.5,85.2,14.0,434.0,10.0,[西]羽月友彦,水上行雄,170.0,2019102491,1186,1091,482002
202408031208,5,2,3,ルクスメテオール,牡4,57.0,角田大河,1:12.2,クビ,4-5,36.2,5.3,3.0,484.0,0.0,[西]小林真也,ルクス,114.0,2020102186,1199,1185,397803
202408031208,6,6,11,ワーズワース,牡6,55.0,吉村誠之,1:12.3,1/2,13-13,35.4,34.1,9.0,508.0,0.0,[西]清水久詞,カナヤマホールディングス,0.0,2018104030,1216,1110,45803
202408031208,7,2,2,カゲマル,牡4,57.0,田口貫太,1:12.3,クビ,4-3,36.5,8.8,5.0,512.0,4.0,[西]西園正都,中辻明,0.0,2020106458,1208,1028,646030
202408031208,8,8,14,サンガネーブ,牡4,58.0,北村友一,1:12.4,クビ,6-6,36.2,6.6,4.0,496.0,-4.0,[西]田中克典,水上ふじ子,0.0,2020104287,1102,1180,281008
202408031208,9,4,7,サウンドサンビーム,牡7,58.0,菱田裕二,1:12.5,1,13-13,35.5,68.5,12.0,486.0,2.0,[西]安達昭夫,増田雄一,0.0,2017106394,1144,1042,168006
202408031208,10,4,6,トウカイファクター,セ5,58.0,佐々木大,1:12.9,2.1/2,2-2,37.4,33.6,8.0,464.0,0.0,[東]菊川正達,内村正則,0.0,2019103692,1197,1052,695004
202408031208,11,3,4,アーサーテソーロ,牡5,58.0,幸英明,1:12.9,クビ,6-6,36.8,79.7,13.0,522.0,-2.0,[東]栗田徹,了徳寺健二ホールディングス,0.0,2019106581,732,1127,89803
202408031208,12,5,8,フェリ,牝4,55.0,小沢大仁,1:13.2,1.3/4,10-12,36.5,24.7,7.0,468.0,4.0,[西]佐々木晶,ヒダカ・ブリーダーズ・ユニオン,0.0,2020105156,1185,429,547800
202408031208,13,6,10,タイキエクセロン,牡5,58.0,荻野極,1:13.3,クビ,8-9,36.8,39.6,10.0,502.0,0.0,[西]西園翔太,大樹ファーム,0.0,2019103996,1160,1196,536800
202408031208,14,8,15,フォルティーナ,牝4,53.0,川端海翼,1:13.3,ハナ,2-3,37.6,165.4,15.0,440.0,10.0,[西]石橋守,猪又晶介,0.0,2020100530,1195,1140,651031
202408031208,-1,5,9,カリュウ,牝5,54.0,永島まな,,,,,,,,,[東]田島俊明,林弘之,0.0,2019106714,1187,1112,430033
202408031209,1,1,1,ペプチドソレイユ,牡4,58.0,富田暁,1:59.6,,5-4-5-4,37.2,5.0,2.0,490.0,-2.0,[西]武英智,沼川一彦,1576.6,2020102095,1168,1161,500007
202408031209,2,2,2,ツウカイリアル,牡4,58.0,田口貫太,1:59.7,1/2,2-2-2-1,37.5,5.2,3.0,496.0,-6.0,[西]庄野靖志,木村直樹,627.6,2020104872,1208,1087,338030
202408031209,3,4,4,クールブロン,牡4,58.0,団野大成,2:00.0,1.3/4,6-6-7-6,37.3,10.1,6.0,522.0,-10.0,[西]武幸四郎,キャロットファーム,393.8,2020102724,1180,1160,486800
202408031209,4,6,7,メイショウシナノ,牡4,58.0,和田竜二,2:00.3,2,4-4-3-2,38.0,8.1,5.0,492.0,6.0,[西]大橋勇樹,松本好雄,230.0,2020106635,1018,1065,523005
202408031209,5,8,11,ウインメイフラワー,牝5,56.0,三浦皇成,2:00.5,1,1-1-1-2,38.4,73.3,11.0,490.0,4.0,[西]梅田智之,ウイン,155.0,2019101930,1122,1084,494800
202408031209,6,6,6,シャンバラ,牡5,58.0,松若風馬,2:00.5,アタマ,11-10-7-7,37.7,5.4,4.0,528.0,2.0,[西]橋口慎介,ノースヒルズ,0.0,2019100615,1154,1154,788800
202408031209,7,7,9,シュガーコルト,セ5,58.0,小崎綾也,2:00.6,クビ,8-8-10-10,37.5,72.3,10.0,500.0,0.0,[西]寺島良,飯田正剛,0.0,2019106364,1152,1158,994002
202408031209,8,3,3,ジョウショーパワー,牡4,58.0,菱田裕二,2:00.9,2,2-3-5-9,38.4,17.5,7.0,462.0,-8.0,[西]中尾秀正,熊田義孝,0.0,2020105228,1144,1069,380008
202408031209,9,7,8,インペリアルライン,セ5,58.0,佐々木大,2:01.6,4,9-9-11-11,38.3,34.0,8.0,474.0,0.0,[東]中舘英二,社台レースホース,0.0,2019104953,1197,1153,415800
202408031209,10,8,10,レッドベルアーム,牡5,58.0,幸英明,2:01.8,1.1/2,6-6-7-7,39.1,3.0,1.0,520.0,-2.0,[西]藤原英昭,東京ホースレーシング,0.0,2019105544,732,1055,180800
202408031209,11,5,5,タマモベローナ,牝5,56.0,太宰啓介,2:04.8,大,10-10-3-5,42.4,60.0,9.0,496.0,10.0,[西]高橋亮,タマモ,0.0,2019100182,1037,1136,515800
202408031210,1,8,17,エイシンスポッター,牡5,57.5,角田大河,1:21.0,,16-15,32.5,12.2,6.0,504.0,4.0,[西]吉村圭司,栄進堂,2738.5,2019102979,1199,1130,785800
202408031210,2,7,14,グレイイングリーン,牡6,56.0,団野大成,1:21.0,クビ,10-8,32.6,6.6,4.0,506.0,-4.0,[西]池江泰寿,青芝商事,1111.0,2018105454,1180,1071,831800
202408031210,3,8,18,シングザットソング,牝4,55.0,斎藤新,1:21.1,クビ,10-8,32.9,5.1,1.0,444.0,4.0,[西]高野友和,社台レースホース,685.5,2020102660,1178,1117,415800
202408031210,4,3,6,アナゴサン,牡6,56.0,松若風馬,1:21.1,アタマ,1-1,33.3,7.2,5.0,474.0,-4.0,[西]牧田和弥,内田玄祥,410.0,2018102227,1154,1123,149033
202408031210,5,8,16,アサヒ,牡5,55.0,永島まな,1:21.1,クビ,13-4,33.0,30.3,11.0,506.0,-8.0,[東]金成貴史,Ｇリビエール・レーシング,270.0,2019105482,1187,1132,98803
202408031210,6,1,1,ドロップオブライト,牝5,54.0,小沢大仁,1:21.2,クビ,3-4,33.2,5.6,2.0,428.0,2.0,[西]福永祐一,岡田牧雄,0.0,2019105806,1185,1203,851009
202408031210,7,2,3,ボルザコフスキー,牡5,57.0,吉村誠之,1:21.3,3/4,10-13,32.8,12.8,7.0,514.0,2.0,[西]清水久詞,犬塚悠治郎,0.0,2019100684,1216,1110,689033
202408031210,8,1,2,サブライムアンセム,牝5,54.0,西塚洸二,1:21.3,ハナ,4-7,33.2,24.2,9.0,498.0,6.0,[西]藤原英昭,サンデーレーシング,0.0,2019105345,1200,1055,226800
202408031210,9,7,13,ホウオウノーサイド,牡5,54.0,菱田裕二,1:21.3,ハナ,4-3,33.3,75.7,15.0,492.0,8.0,[東]斎藤誠,小笹芳央,0.0,2019105775,1144,1086,906033
202408031210,10,6,11,トーセンローリエ,牝4,53.0,荻野極,1:21.3,ハナ,2-2,33.4,28.6,10.0,446.0,10.0,[東]小笠倫弘,島川隆哉,0.0,2020102502,1160,1076,270006
202408031210,11,7,15,ロードマックス,牡6,56.0,佐々木大,1:21.3,ハナ,4-4,33.2,165.5,18.0,440.0,-4.0,[西]中村直也,ロードホースクラブ,0.0,2018102595,1197,1186,170800
202408031210,12,3,5,スコールユニバンス,牝5,52.0,田口貫太,1:21.5,1.1/4,7-8,33.1,86.1,16.0,468.0,10.0,[西]矢作芳人,亀井哲也,0.0,2019105139,1208,1075,164008
202408031210,13,5,9,エナジーグラン,牡5,55.0,亀田温心,1:21.5,ハナ,17-17,32.7,41.6,12.0,476.0,2.0,[西]高柳大輔,キャピタル・システム,0.0,2019104108,1176,1159,5803
202408031210,14,6,12,ゴールデンシロップ,牡6,54.0,富田暁,1:21.5,アタマ,13-15,33.0,56.2,13.0,538.0,-2.0,[東]鈴木慎太,ゴドルフィン,0.0,2018110043,1168,1179,3060
202408031210,15,5,10,サトノアイ,牝6,52.0,古川吉洋,1:21.6,クビ,7-8,33.3,128.3,17.0,444.0,-8.0,[東]森一誠,里見治,0.0,2018106504,1015,1201,790031
202408031210,16,4,8,ルプリュフォール,セ8,57.0,北村友一,1:21.6,クビ,17-17,32.7,56.9,14.0,500.0,4.0,[西]松永幹夫,名古屋友豊,0.0,2016105223,1102,1092,463800
202408031210,17,4,7,ビーアストニッシド,牡5,57.0,和田竜二,1:21.7,クビ,13-13,33.2,5.7,3.0,480.0,4.0,[西]小崎憲,村中徹,0.0,2019101348,1018,1085,666030
202408031210,18,2,4,ヤクシマ,牡4,55.0,幸英明,1:21.9,1.1/4,7-8,33.6,20.9,8.0,524.0,0.0,[西]寺島良,ゴドルフィン,0.0,2020110040,732,1158,3060
202408031211,1,8,8,ミナデオロ,牡3,57.0,西塚洸二,1:46.5,,1-1,33.7,7.3,4.0,486.0,-4.0,[西]藤原英昭,サンデーレーシング,2022.4,2021104854,1200,1055,226800
202408031211,2,2,2,オフトレイル,牡3,57.0,和田竜二,1:46.7,1.1/4,3-2,33.6,2.8,1.0,434.0,-2.0,[西]吉村圭司,ゴドルフィン,806.4,2021110031,1018,1130,3060
202408031211,3,3,3,ナムラフッカー,牡3,57.0,亀田温心,1:46.7,クビ,6-7,33.2,3.9,2.0,466.0,2.0,[西]村山明,奈村睦弘,503.2,2021102510,1176,1107,972002
202408031211,4,7,7,エコロレイズ,牡3,57.0,松若風馬,1:46.7,アタマ,9-9,33.0,6.1,3.0,500.0,4.0,[東]岩戸孝樹,原村正紀,300.0,2021103976,1154,1051,783033
202408031211,5,8,9,トゥルーサクセサー,牡3,57.0,三浦皇成,1:46.9,1,6-5,33.6,8.0,5.0,468.0,0.0,[東]高木登,岡田牧雄,200.0,2021103537,1122,1088,851009
202408031211,6,1,1,モモンウールー,牝3,55.0,斎藤新,1:47.2,2,3-4,34.1,8.9,6.0,450.0,2.0,[西]池添学,ＭＯＭＯレーシング,0.0,2021105984,1178,1144,962031
202408031211,7,6,6,ハイディージェン,牡3,57.0,菱田裕二,1:47.5,1.1/2,5-5,34.3,46.9,8.0,478.0,0.0,[西]森田直行,岡田牧雄,0.0,2021103821,1144,1142,851009
202408031211,8,5,5,タガノヘラクレス,牡3,57.0,高杉吏麒,1:47.7,1.1/2,2-2,34.7,11.1,7.0,496.0,-4.0,[西]千田輝彦,八木良司,0.0,2021106544,1213,1120,859002
202408031211,9,4,4,フユソウビ,牡3,57.0,佐々木大,1:51.7,大,6-7,38.3,157.4,9.0,460.0,0.0,[東]青木孝文,ビッグレッドファーム,0.0,2021104496,1197,1156,716800
202408031212,1,3,6,サトノペルセウス,セ6,58.0,菱田裕二,1:20.1,,6-5,33.9,13.3,8.0,476.0,-2.0,[西]藤原英昭,里見治,1873.6,2018104674,1144,1055,790031
202408031212,2,1,2,プリモカリーナ,牝5,56.0,斎藤新,1:20.2,1/2,6-7,33.9,7.4,4.0,444.0,-2.0,[西]福永祐一,ライオンレースホース,749.6,2019105412,1178,1203,542800
202408031212,3,5,10,シロン,牝5,56.0,佐々木大,1:20.3,3/4,3-3,34.3,6.9,3.0,522.0,4.0,[西]小栗実,山本律,464.8,2019102137,1197,1194,682033
202408031212,4,5,9,ジュノー,セ6,58.0,川須栄彦,1:20.3,ハナ,13-13,33.4,54.8,12.0,518.0,-16.0,[西]音無秀孝,金子真人ホールディングス,280.0,2018104757,1128,1002,708800
202408031212,5,1,1,テーオーダヴィンチ,牡6,58.0,幸英明,1:20.3,クビ,8-8,33.8,4.2,2.0,510.0,-2.0,[西]岡田稲男,小笹公也,184.0,2018104633,732,1066,304008
202408031212,6,4,7,タツダイヤモンド,牡4,58.0,和田竜二,1:20.4,クビ,8-8,34.0,9.8,5.0,490.0,4.0,[西]鮫島一歩,野田政義,0.0,2020104613,1018,1046,449030
202408031212,7,7,14,ブリュットミレジメ,牡5,58.0,団野大成,1:20.4,アタマ,15-15,33.3,4.1,1.0,504.0,-4.0,[西]荒川義之,加藤徹,0.0,2019102106,1180,1095,36006
202408031212,8,2,3,ショウナンアレス,牡6,58.0,松本大輝,1:20.4,アタマ,8-8,34.0,50.9,11.0,528.0,0.0,[西]新谷功一,国本哲秀,0.0,2018105011,1191,1172,331002
202408031212,9,4,8,アバンチュリエ,セ5,58.0,角田大河,1:20.5,クビ,11-11,33.8,46.7,10.0,470.0,0.0,[東]大竹正博,ＤＭＭドリームクラブ,0.0,2019105347,1199,1102,26803
202408031212,10,6,11,グランレイ,牡7,58.0,荻野極,1:20.5,ハナ,11-11,33.8,65.2,14.0,472.0,-6.0,[西]池添学,名古屋友豊,0.0,2017104138,1160,1144,463800
202408031212,11,8,15,サウンドブライアン,牡6,58.0,西塚洸二,1:20.8,1.3/4,1-1,35.1,44.5,9.0,486.0,-4.0,[西]村山明,増田雄一,0.0,2018103902,1200,1107,168006
202408031212,12,7,13,ミルトクレイモー,牡4,58.0,小沢大仁,1:20.9,1,3-3,34.9,10.3,6.0,516.0,-2.0,[西]中村直也,永山勝敏,0.0,2020100815,1185,1186,695033
202408031212,13,6,12,チュウワノキセキ,セ7,58.0,三浦皇成,1:21.1,1,13-13,34.2,60.2,13.0,478.0,0.0,[西]大久保龍,中西忍,0.0,2017105574,1122,1058,628007
202408031212,14,8,16,タイセイシェダル,牡6,58.0,田口貫太,1:21.1,クビ,2-2,35.2,89.0,15.0,468.0,-4.0,[西]高橋義忠,田中成奉,0.0,2018103021,1208,1129,224007
202408031212,15,3,5,ハギノメーテル,牝5,56.0,今村聖奈,1:21.3,3/4,16-16,33.9,182.9,16.0,490.0,4.0,[西]寺島良,日隈良江,0.0,2019100653,1193,1158,950006
202408031212,16,2,4,カフジテトラゴン,牝5,56.0,富田暁,1:21.3,ハナ,5-5,35.2,11.3,7.0,460.0,-2.0,[西]武英智,加藤守,0.0,2019106184,1168,1161,19004
